/**
 * generated by fontconvert.py
 * name: notobengali_20_regular
 * size: 20
 * mode: 2-bit  compressed: true
 * Command used: fontconvert.py notobengali_20_regular 20 ../builtinFonts/source/NotoSansBengali/NotoSansBengali-Regular.ttf --additional-intervals 0x0980,0x09FF --bangla --bangla-clusters-out ../../../lib/BanglaShaper/bangla_clusters.h --2bit --compress --darken-aa
 */
#pragma once
#include "EpdFontData.h"

static const uint8_t notobengali_20_regularBitmaps[86199] = {
    0xB5, 0x57, 0xBD, 0x8E, 0xDD, 0x44, 0x14, 0x1E, 0xDB, 0x62, 0x0D, 0x71, 0x61, 0x1A, 0x24, 0x94,
    0x2D, 0x9C, 0x82, 0x6A, 0x1B, 0x3F, 0x01, 0x19, 0x87, 0x17, 0xC8, 0x03, 0xA4, 0xA0, 0x8D, 0xD2,
    0xA4, 0xA1, 0xB7, 0xA5, 0xBC, 0x00, 0x05, 0x0F, 0x90, 0x82, 0x26, 0xFB, 0x08, 0x88, 0xDD, 0x99,
    0x88, 0x82, 0x12, 0x8B, 0x17, 0x88, 0x8B, 0x40, 0x43, 0x33, 0x52, 0x6E, 0xE1, 0x25, 0xF6, 0x0C,
    0xDF, 0x77, 0xC6, 0xBE, 0x7F, 0xDC, 0x28, 0x8B, 0xD0, 0xFA, 0xE7, 0xCC, 0xBD, 0x77, 0x66, 0xCE,
    0xEF, 0x77, 0xCE, 0x9C, 0xFB, 0xAC, 0x33, 0xD6, 0xD8, 0x76, 0xB9, 0x75, 0xB7, 0x77, 0x37, 0x72,
    0x2B, 0xDE, 0xB5, 0xDC, 0xF1, 0xD2, 0x8D, 0xB1, 0xA1, 0x0F, 0xBD, 0xB1, 0x98, 0xED, 0x83, 0xC5,
    0xDB, 0x69, 0xCB, 0xD7, 0x34, 0xF1, 0x6D, 0x55, 0x2D, 0x2F, 0xF6, 0x75, 0x5A, 0x55, 0xCB, 0x8B,
    0x9D, 0xAA, 0xB4, 0x32, 0x54, 0x1C, 0xB0, 0xA2, 0xC3, 0x70, 0xAD, 0xEA, 0x06, 0xC3, 0x95, 0xE2,
    0x0A, 0x35, 0xAD, 0x43, 0xAB, 0x54, 0x19, 0x78, 0xD9, 0xC3, 0x41, 0x65, 0x1B, 0xCC, 0x2A, 0x95,
    0xB9, 0x65, 0x48, 0x47, 0x0C, 0xF9, 0x90, 0x6E, 0x30, 0x14, 0x03, 0x7E, 0xC6, 0xC6, 0x9E, 0x83,
    0xE1, 0xFA, 0xF9, 0x68, 0x80, 0xCC, 0xA8, 0x43, 0xB3, 0xA8, 0xB2, 0x6A, 0xD4, 0xED, 0x6B, 0xA4,
    0xF7, 0x34, 0x7A, 0xAA, 0x2E, 0x38, 0x7C, 0x11, 0x8D, 0xCF, 0xC2, 0x40, 0x1E, 0xD0, 0x6D, 0xE2,
    0x7A, 0xA5, 0x5F, 0x7B, 0xA5, 0xBC, 0x12, 0x27, 0xA5, 0x53, 0xDC, 0x4B, 0xE1, 0xD7, 0x14, 0x34,
    0xC4, 0x91, 0xD6, 0x72, 0x24, 0x57, 0xCC, 0x77, 0x46, 0x44, 0xE9, 0x47, 0x93, 0x48, 0x6E, 0x33,
    0x6A, 0x5E, 0xFF, 0xE9, 0x0B, 0x57, 0x8F, 0xE4, 0x5B, 0xBE, 0x0E, 0x41, 0x25, 0xA1, 0xD7, 0x2F,
    0xE6, 0x56, 0xFC, 0x54, 0x38, 0x72, 0x52, 0x73, 0xD9, 0xE7, 0xE0, 0x9C, 0x8D, 0xA5, 0xA5, 0x84,
    0xDC, 0xC5, 0xB1, 0xEC, 0xE3, 0x58, 0xDB, 0x38, 0xD2, 0x24, 0x8E, 0x5E, 0xC9, 0x7A, 0x28, 0x95,
    0x73, 0x3F, 0xA4, 0x64, 0xE4, 0x47, 0x56, 0x21, 0x34, 0x62, 0x37, 0xE4, 0xE9, 0x1E, 0xB7, 0x8D,
    0x77, 0xCD, 0xBB, 0xAB, 0x70, 0xAB, 0xB3, 0x97, 0x5C, 0xA8, 0xAD, 0x6A, 0x1B, 0x15, 0x54, 0x3A,
    0xAB, 0x0C, 0x6C, 0x46, 0x55, 0x38, 0x55, 0x3A, 0xCE, 0xD4, 0x3D, 0x27, 0xF9, 0x74, 0x7C, 0xB0,
    0xEA, 0xDF, 0x4F, 0x9C, 0x8A, 0xCB, 0x6A, 0xAB, 0xAA, 0x9E, 0x1B, 0xB1, 0x3D, 0x87, 0x26, 0xA3,
    0x38, 0x0B, 0x7E, 0x83, 0x2F, 0xB0, 0x08, 0x1E, 0x2A, 0xDD, 0xB3, 0xF8, 0xB1, 0x5F, 0xD7, 0x4C,
    0x2A, 0x41, 0xBC, 0x82, 0x3C, 0x0B, 0xBB, 0x7D, 0x46, 0xC2, 0xEB, 0xF4, 0x33, 0xA8, 0x4A, 0x54,
    0xAC, 0x57, 0x15, 0x0D, 0xAD, 0x80, 0x38, 0x08, 0x05, 0xDB, 0x22, 0x9A, 0x60, 0x19, 0x3F, 0x38,
    0x9A, 0x61, 0x15, 0xE2, 0x0F, 0xC9, 0xCC, 0x68, 0xFD, 0x9C, 0x5C, 0x85, 0x9B, 0x2B, 0x33, 0x13,
    0x3D, 0x5E, 0x08, 0x20, 0x80, 0x38, 0xE6, 0x40, 0xA2, 0x2A, 0xDF, 0xC0, 0x99, 0xFA, 0x57, 0xC4,
    0xCF, 0xBC, 0x80, 0xB6, 0x01, 0xBC, 0x32, 0xAF, 0x42, 0x97, 0x08, 0x7C, 0xBF, 0x54, 0x5F, 0x49,
    0xA0, 0x6F, 0x43, 0x34, 0x59, 0xEF, 0xC8, 0x6D, 0xB7, 0xE5, 0x53, 0x3E, 0x15, 0x53, 0xB9, 0x29,
    0x11, 0xE1, 0x0A, 0xD1, 0x63, 0xBA, 0x86, 0xE0, 0xE2, 0x73, 0x5F, 0x21, 0x4F, 0xE5, 0x26, 0xF0,
    0xE0, 0x72, 0x45, 0xF8, 0x14, 0x84, 0xCC, 0x40, 0xD8, 0x10, 0x32, 0x8A, 0x0E, 0xA2, 0x87, 0x84,
    0xA5, 0x89, 0xA6, 0xD3, 0xED, 0x0C, 0x4F, 0x36, 0xED, 0xB6, 0x95, 0xCB, 0xB6, 0x6A, 0x7F, 0x5B,
    0x13, 0xB7, 0x85, 0x13, 0xDB, 0x36, 0x8B, 0xA4, 0x0F, 0x6C, 0x33, 0xAB, 0xCF, 0x8B, 0xD0, 0x31,
    0x53, 0x47, 0x78, 0x15, 0xAE, 0x2D, 0xE6, 0x24, 0x34, 0xD8, 0x03, 0x2C, 0xF6, 0xD8, 0xA3, 0x09,
    0x0B, 0x28, 0x57, 0x38, 0xC4, 0x3F, 0xDF, 0x18, 0xAA, 0x13, 0x28, 0xE0, 0xBF, 0x13, 0xD9, 0x2B,
    0x5C, 0x84, 0x9F, 0x70, 0x86, 0x52, 0xD5, 0x20, 0xD2, 0x72, 0xC8, 0xED, 0x52, 0x6A, 0x20, 0xBA,
    0x44, 0xAD, 0x12, 0xE8, 0xE3, 0x95, 0x46, 0x40, 0x7D, 0xEE, 0x7D, 0x3D, 0x7A, 0x3D, 0xF8, 0xBA,
    0xF1, 0x9F, 0xAA, 0x98, 0xF1, 0xFF, 0xE7, 0xE1, 0x75, 0x1E, 0x24, 0x13, 0x3D, 0xA0, 0x14, 0x42,
    0x57, 0x7B, 0x64, 0x3C, 0x51, 0xE9, 0xF2, 0xE8, 0x35, 0x55, 0x6C, 0x0E, 0x89, 0x14, 0xB6, 0x2D,
    0xD1, 0x3D, 0x11, 0x60, 0x17, 0x37, 0x66, 0xE4, 0x59, 0xB0, 0x9E, 0xD4, 0x9C, 0x34, 0x76, 0xC1,
    0x75, 0x8E, 0x90, 0xA8, 0x6A, 0xB3, 0xAE, 0x27, 0x70, 0x65, 0x69, 0xC9, 0x9A, 0xA9, 0xFF, 0xBE,
    0xBC, 0x7C, 0x45, 0xB8, 0xF9, 0x1D, 0x51, 0x15, 0xB4, 0x12, 0x47, 0xD4, 0xD4, 0x4A, 0xCF, 0xDF,
    0x84, 0x1E, 0xE5, 0xA0, 0x76, 0x9F, 0x61, 0x93, 0xA8, 0x21, 0xD5, 0x76, 0x4B, 0x44, 0x35, 0x51,
    0x68, 0x2B, 0xF8, 0x3C, 0x10, 0xCE, 0x23, 0xC9, 0x5B, 0x01, 0x36, 0x84, 0x9E, 0xD1, 0xD6, 0xA8,
    0x08, 0xD1, 0xC1, 0x82, 0x02, 0x42, 0x4D, 0x12, 0xBF, 0x7E, 0x95, 0x89, 0x7C, 0xFA, 0x0E, 0xEB,
    0xC6, 0xF6, 0xC7, 0xB3, 0xE0, 0x5A, 0x96, 0x7B, 0x4D, 0x5D, 0xA0, 0xD0, 0xF7, 0x74, 0xD9, 0xBD,
    0x97, 0x72, 0xFE, 0x38, 0x41, 0xBF, 0xD0, 0xE0, 0xA4, 0x26, 0x93, 0xE6, 0xEF, 0xC5, 0x39, 0x7F,
    0x89, 0x32, 0xBF, 0x91, 0xB6, 0x8F, 0x49, 0x3D, 0xD5, 0x4B, 0x27, 0xD2, 0x7C, 0x23, 0x78, 0x74,
    0x65, 0x2C, 0x97, 0x8E, 0x75, 0x85, 0x34, 0xD0, 0x04, 0x40, 0x17, 0x14, 0xC0, 0xDD, 0xD6, 0x91,
    0x9A, 0x20, 0x61, 0x72, 0x80, 0xCA, 0xF1, 0xE1, 0xF6, 0xE9, 0x6A, 0xF8, 0x47, 0x28, 0x74, 0x2E,
    0xE8, 0xCA, 0x72, 0x47, 0xE0, 0x77, 0x49, 0x8A, 0x85, 0x30, 0x32, 0x95, 0x10, 0xBB, 0x92, 0x5A,
    0x08, 0xD6, 0x92, 0x4C, 0x12, 0x0B, 0x55, 0xFC, 0xF0, 0x24, 0xD8, 0xD5, 0xF0, 0x4A, 0xC4, 0x9F,
    0x08, 0xC8, 0x51, 0x54, 0x2A, 0x07, 0x7F, 0x9A, 0xBE, 0xFD, 0xE3, 0x49, 0xE8, 0x5A, 0xBA, 0x12,
    0xFE, 0xDC, 0x20, 0x1C, 0x9E, 0x07, 0xDC, 0x7D, 0xD0, 0x94, 0x47, 0x6A, 0x45, 0x62, 0x6E, 0x92,
    0x2E, 0x11, 0x84, 0x4C, 0x87, 0x81, 0xA5, 0x6A, 0xDA, 0x6E, 0x89, 0x1C, 0x94, 0x8F, 0x10, 0x50,
    0xF3, 0x18, 0xFC, 0x0C, 0xB8, 0x5A, 0x9C, 0xAB, 0xED, 0x10, 0xE8, 0x33, 0xF0, 0xC9, 0x47, 0xA8,
    0xBD, 0xCB, 0xBA, 0x34, 0x12, 0xA4, 0x5E, 0x36, 0x69, 0x4E, 0x80, 0x4B, 0x36, 0xA2, 0x3E, 0x17,
    0x1B, 0xF1, 0x72, 0x86, 0xBD, 0x7D, 0x42, 0xBF, 0x40, 0xB7, 0x99, 0x85, 0x75, 0x50, 0x17, 0x97,
    0x0B, 0x32, 0x0F, 0x4A, 0x62, 0xCC, 0x9C, 0x74, 0xDA, 0x62, 0x65, 0x67, 0xE5, 0x70, 0xA0, 0xA2,
    0x69, 0x96, 0xB4, 0x10, 0x84, 0xC5, 0xB5, 0xE3, 0x41, 0xF6, 0xEC, 0x6C, 0x32, 0xDD, 0xB2, 0x36,
    0xD9, 0xAE, 0x3D, 0xB6, 0x7F, 0xCB, 0xFC, 0x82, 0x7C, 0xCF, 0x7E, 0x62, 0xD5, 0x8B, 0x05, 0x0B,
    0xB8, 0x41, 0xE1, 0xB0, 0x08, 0x86, 0xEE, 0x09, 0x96, 0x21, 0x16, 0xAC, 0x1D, 0x61, 0x81, 0x91,
    0x59, 0x59, 0x97, 0x85, 0x37, 0x3C, 0xCD, 0x62, 0x6E, 0xF4, 0x24, 0x92, 0x6B, 0x33, 0xCA, 0x5E,
    0x1E, 0x1A, 0x24, 0x90, 0x61, 0xC5, 0xAB, 0x1D, 0x74, 0x2A, 0x4E, 0xD6, 0x39, 0x18, 0x96, 0x8F,
    0xC2, 0xB9, 0xDE, 0xC0, 0x6B, 0x82, 0xA6, 0x34, 0x76, 0x35, 0x4C, 0x90, 0x73, 0x56, 0x2D, 0xC6,
    0x57, 0x6A, 0x69, 0x39, 0xA7, 0x60, 0x3A, 0xA0, 0x48, 0x90, 0xE9, 0x80, 0x00, 0x94, 0xCE, 0xD0,
    0xB0, 0xF0, 0xA1, 0x32, 0x0A, 0xF6, 0xC5, 0xC4, 0x16, 0x61, 0x82, 0xE2, 0x7A, 0xAA, 0x6E, 0xD2,
    0x30, 0x01, 0xBB, 0xEF, 0x26, 0x84, 0xE7, 0x97, 0x51, 0xD5, 0x3E, 0x22, 0xEC, 0xB0, 0x1A, 0x55,
    0x5B, 0x57, 0x0A, 0x76, 0x82, 0xFA, 0x44, 0xB5, 0x13, 0x21, 0xEF, 0x48, 0x60, 0x09, 0xAB, 0xC0,
    0x3D, 0x34, 0x8A, 0xED, 0x60, 0x5C, 0x3B, 0x48, 0x83, 0x75, 0xF2, 0xDA, 0x5F, 0x93, 0x8E, 0xB9,
    0x2F, 0x42, 0x11, 0x32, 0x2F, 0xDD, 0xDD, 0xC9, 0xEB, 0xD4, 0xD9, 0xC7, 0x2B, 0x21, 0x61, 0xAF,
    0x9A, 0x32, 0xAC, 0xB5, 0xE7, 0x07, 0x28, 0x5A, 0x05, 0xD6, 0xC4, 0xED, 0x07, 0x9E, 0x80, 0x8C,
    0xB8, 0x96, 0xE8, 0x4A, 0x07, 0x26, 0x35, 0x9F, 0xC1, 0xC1, 0x92, 0x9E, 0x1F, 0x67, 0x39, 0x9F,
    0xB8, 0xC0, 0x48, 0x7D, 0x0D, 0xDB, 0xA3, 0xF7, 0xEC, 0x04, 0x38, 0x4F, 0x5E, 0x47, 0xEB, 0x3E,
    0xE7, 0x6F, 0x5F, 0xAB, 0xB5, 0x1E, 0x6B, 0x4A, 0xC8, 0x83, 0x94, 0x72, 0x41, 0x69, 0x4C, 0x70,
    0xF1, 0x72, 0xE8, 0x76, 0x1F, 0x57, 0xE1, 0x66, 0x8E, 0xBA, 0x89, 0x96, 0xD4, 0x37, 0x8D, 0x58,
    0x6A, 0x16, 0x13, 0x1E, 0x92, 0xF3, 0x03, 0x11, 0xFC, 0xDC, 0x73, 0x0F, 0x94, 0xD7, 0x52, 0x40,
    0x6E, 0xBE, 0x05, 0x20, 0x96, 0x5E, 0x47, 0xD2, 0x43, 0xD2, 0xF8, 0x88, 0x98, 0xB5, 0x13, 0xCA,
    0xE6, 0xF5, 0x8C, 0x68, 0x69, 0x3D, 0x55, 0x89, 0x27, 0xCC, 0xB8, 0x2D, 0x5A, 0xF6, 0x80, 0x1C,
    0x87, 0xB2, 0x5B, 0xCB, 0xF4, 0x11, 0x29, 0x05, 0xF5, 0x76, 0x79, 0xD8, 0xAB, 0xDE, 0xF1, 0xB3,
    0xCA, 0x7A, 0xB5, 0x98, 0xD7, 0x2E, 0xB6, 0x12, 0xB0, 0x2C, 0xB2, 0x54, 0x88, 0x06, 0x15, 0x2E,
    0xB6, 0x39, 0x6C, 0x77, 0x98, 0xFF, 0x52, 0x65, 0xE6, 0xA5, 0xE4, 0xDC, 0xF1, 0x46, 0x64, 0x09,
    0x1E, 0x13, 0xBA, 0xB5, 0x63, 0xBE, 0xAB, 0xC7, 0x88, 0x20, 0x26, 0x65, 0xFC, 0x67, 0x13, 0xB1,
    0xAC, 0x04, 0x74, 0x89, 0xD0, 0xEC, 0x3D, 0x83, 0x9B, 0xBF, 0x93, 0x58, 0xFD, 0x2E, 0xA9, 0x60,
    0xE5, 0x5F, 0x4A, 0x73, 0x1D, 0xFF, 0xB3, 0x88, 0x71, 0xC8, 0x61, 0x74, 0xB8, 0x25, 0xEB, 0x38,
    0x4D, 0x81, 0x15, 0xB9, 0x74, 0xD4, 0xF8, 0x8A, 0xD3, 0x0B, 0x53, 0xB4, 0x77, 0x5E, 0x3A, 0x4A,
    0x49, 0xB2, 0x86, 0xE8, 0x77, 0x24, 0x1B, 0x21, 0xE2, 0x0A, 0x8A, 0xCC, 0xF0, 0x12, 0x68, 0xE5,
    0x5E, 0x57, 0xFA, 0xB1, 0x97, 0x15, 0x47, 0x73, 0x7B, 0x23, 0x09, 0xC4, 0x0C, 0xE6, 0x28, 0x67,
    0x17, 0xBD, 0x5C, 0xF5, 0xB7, 0xE3, 0x23, 0xF2, 0x5C, 0x04, 0x3A, 0xF5, 0x10, 0x17, 0xD4, 0xF6,
    0xA2, 0xBD, 0xD5, 0x45, 0x87, 0x48, 0x07, 0xC7, 0x06, 0x79, 0x8A, 0xDD, 0xAF, 0x18, 0x7B, 0x9B,
    0x37, 0x2C, 0x69, 0xA8, 0xDF, 0xF2, 0x5F, 0x2E, 0xDC, 0x19, 0x3A, 0x19, 0xF9, 0x9D, 0xBF, 0x87,
    0xDB, 0xF3, 0xA2, 0x5C, 0xCA, 0xA7, 0x1E, 0x41, 0xFE, 0x70, 0x2E, 0x17, 0x7B, 0xAE, 0x94, 0x3D,
    0xC4, 0x73, 0x29, 0x3D, 0x0F, 0x13, 0x13, 0xE6, 0x07, 0x4B, 0x27, 0xA6, 0xD4, 0x3F, 0x75, 0x8C,
    0xB1, 0x0D, 0xC3, 0x30, 0x0C, 0x04, 0x0F, 0x60, 0x9D, 0x68, 0x24, 0x6A, 0x03, 0x8F, 0x24, 0x6D,
    0x90, 0xD5, 0x34, 0x82, 0x46, 0x48, 0xE1, 0x42, 0x8D, 0xFD, 0xA1, 0xD4, 0xC4, 0x70, 0x90, 0x07,
    0xF1, 0x20, 0xF8, 0xC7, 0x97, 0xDE, 0x5A, 0xF3, 0x00, 0xCB, 0x9E, 0x49, 0xDD, 0x1B, 0xDE, 0xD3,
    0x8E, 0xAA, 0x1D, 0x76, 0x82, 0xB6, 0x01, 0xAE, 0x0E, 0x49, 0x35, 0x28, 0x31, 0xB7, 0x3C, 0x6F,
    0x2D, 0xD2, 0xD7, 0x8E, 0x9D, 0x76, 0x90, 0x06, 0xCA, 0xDE, 0xF1, 0xE6, 0x35, 0x5A, 0x9E, 0x41,
    0x06, 0xBD, 0x54, 0xA6, 0xCD, 0xDF, 0x8B, 0x15, 0xEE, 0x72, 0x85, 0xBE, 0xF6, 0x93, 0xFF, 0x69,
    0xF9, 0x00, 0xE5, 0x5C, 0xBF, 0xF3, 0xE5, 0xD6, 0x55, 0xBF, 0x7A, 0xB2, 0x57, 0x66, 0x35, 0x83,
    0x5C, 0x00, 0x33, 0x9E, 0x25, 0x51, 0x0A, 0xD3, 0xC0, 0x8C, 0x55, 0x33, 0x13, 0x2C, 0xC5, 0x2E,
    0x52, 0x26, 0x7D, 0x0A, 0x28, 0xA0, 0x01, 0x26, 0xDB, 0xD0, 0xD0, 0x20, 0x85, 0x26, 0x65, 0xF6,
    0x3F, 0xC0, 0x85, 0x0B, 0x86, 0x30, 0x93, 0x86, 0x92, 0xAC, 0x64, 0x5C, 0xA4, 0xA0, 0xB0, 0x26,
    0x29, 0x52, 0xA4, 0x88, 0x08, 0x1E, 0xC2, 0xE0, 0x62, 0x05, 0x7E, 0x93, 0x68, 0x6D, 0x49, 0x97,
    0xCF, 0xE7, 0x73, 0xAE, 0xF4, 0xF4, 0xBE, 0xFB, 0x5D, 0xDB, 0x21, 0x86, 0xD8, 0xE6, 0xCD, 0x7E,
    0x75, 0xAE, 0xF4, 0xF4, 0xEE, 0xBD, 0x3A, 0xF7, 0xFC, 0xF8, 0x9C, 0x73, 0x8F, 0xD6, 0xA5, 0xBE,
    0x71, 0xAE, 0xF5, 0x93, 0x8B, 0xBD, 0x5F, 0x5D, 0xB6, 0x46, 0xDE, 0x15, 0xA3, 0xAB, 0xAB, 0xB2,
    0x73, 0x65, 0xD3, 0x56, 0x38, 0x78, 0x87, 0xC3, 0x7A, 0x7D, 0x68, 0x79, 0x28, 0x87, 0x3B, 0x65,
    0x53, 0x78, 0x5F, 0x36, 0xA9, 0xF7, 0x75, 0xE3, 0xDA, 0x15, 0x07, 0x7E, 0xF1, 0x11, 0x0F, 0x1D,
    0x0E, 0x45, 0x8F, 0x43, 0x8E, 0x21, 0x5C, 0xCA, 0x43, 0xE4, 0xFF, 0x3E, 0x7B, 0xE3, 0xBC, 0xE4,
    0xDF, 0x9F, 0x1E, 0x66, 0x6F, 0x4E, 0xB5, 0x4B, 0xC6, 0xB2, 0x2F, 0xC6, 0xCC, 0xFB, 0x2E, 0xF1,
    0xBE, 0x72, 0xED, 0xE4, 0x4E, 0x98, 0x6F, 0xE6, 0xCF, 0xAE, 0xF4, 0xB3, 0xAB, 0xBF, 0xB1, 0xBA,
    0x87, 0xAE, 0x76, 0x8B, 0x2B, 0xF5, 0xC7, 0x36, 0xAF, 0xF1, 0x3B, 0xDE, 0xC3, 0x7B, 0xF9, 0xF9,
    0x5C, 0x18, 0xD2, 0x8F, 0x18, 0x70, 0x76, 0x2E, 0xE1, 0x50, 0x1E, 0xC3, 0x97, 0xB8, 0x90, 0xE1,
    0x42, 0xBC, 0xF2, 0x42, 0x65, 0x73, 0xCA, 0x07, 0x4C, 0xE6, 0x8C, 0x8B, 0xF8, 0x8B, 0x1A, 0xF4,
    0x81, 0xAE, 0xD0, 0x23, 0x3A, 0x46, 0xFF, 0x18, 0x06, 0xFF, 0xD0, 0xC0, 0x29, 0x2E, 0xE2, 0xAB,
    0x6D, 0x10, 0xF7, 0x51, 0xEE, 0x6C, 0x7D, 0xF8, 0xCC, 0xB7, 0xB4, 0x26, 0x74, 0x52, 0x0F, 0x36,
    0x30, 0xE6, 0x35, 0x6E, 0xAD, 0xD8, 0xF7, 0x6A, 0x55, 0x60, 0xD4, 0xCC, 0x56, 0x3A, 0xE0, 0x11,
    0xBD, 0x5A, 0xA3, 0x6B, 0x9B, 0xB6, 0x43, 0x0B, 0xFF, 0xBC, 0xCB, 0x7B, 0xB6, 0x66, 0xB4, 0xD2,
    0x11, 0xAD, 0x68, 0x71, 0xAD, 0x8B, 0xD9, 0xC2, 0x95, 0xDF, 0x0F, 0xAD, 0xBA, 0x62, 0xBF, 0x6C,
    0xF1, 0x61, 0xAD, 0xC5, 0xB1, 0x12, 0x7D, 0x9B, 0x60, 0x12, 0xD9, 0xC4, 0xD6, 0x09, 0x4C, 0x2A,
    0xBC, 0x66, 0xE0, 0xDF, 0x8E, 0xBC, 0x7F, 0x93, 0x2D, 0xAC, 0xB6, 0x2F, 0xDE, 0x65, 0x0B, 0xEB,
    0x31, 0x25, 0xEF, 0x6B, 0x7E, 0xF7, 0x7D, 0x13, 0xF9, 0xB3, 0x0B, 0x9F, 0x7A, 0x6F, 0x15, 0x7B,
    0x2B, 0xDB, 0x5B, 0xC9, 0xDE, 0xE2, 0xE5, 0xE6, 0x78, 0xD2, 0x5D, 0x9F, 0xEC, 0x6C, 0xF1, 0xDF,
    0xF2, 0xE3, 0xE5, 0xE4, 0xD1, 0xF1, 0xC4, 0x73, 0x45, 0x5D, 0x69, 0x3C, 0xF3, 0x14, 0x25, 0x72,
    0x84, 0x27, 0x65, 0x7F, 0xE0, 0x5C, 0x86, 0x93, 0x07, 0x1B, 0xF3, 0x70, 0x82, 0x7B, 0x02, 0xFF,
    0x70, 0x92, 0xEC, 0x2C, 0xC4, 0x49, 0x3C, 0x91, 0x8B, 0x83, 0x9D, 0x9C, 0x66, 0xB0, 0x4F, 0x8C,
    0x64, 0x07, 0x3B, 0x2F, 0x79, 0xE2, 0xDD, 0x8B, 0x97, 0x13, 0x8A, 0x96, 0xF8, 0xA8, 0x13, 0x32,
    0x75, 0xFB, 0x66, 0xE7, 0x2B, 0x4F, 0x92, 0x99, 0xC2, 0x16, 0x4E, 0x76, 0xEE, 0xF2, 0xC4, 0xB5,
    0x81, 0xC1, 0x3A, 0x21, 0x8F, 0xF3, 0x77, 0xC3, 0x09, 0xD9, 0x1C, 0xFB, 0x70, 0x02, 0x4E, 0x57,
    0x6E, 0x3F, 0x09, 0xCC, 0xBE, 0x9C, 0x14, 0xC7, 0x93, 0xEC, 0x78, 0x92, 0x1C, 0x4F, 0xC2, 0x2F,
    0x75, 0x6C, 0x0F, 0x47, 0xBB, 0x22, 0xD5, 0x74, 0xE5, 0xDB, 0xEA, 0x83, 0x26, 0x81, 0x86, 0x81,
    0xAC, 0xAD, 0x8D, 0xD9, 0x2E, 0x9D, 0x24, 0xEC, 0xB3, 0xEE, 0x9E, 0x6D, 0x99, 0xD6, 0xE3, 0xD1,
    0xE5, 0x26, 0xB5, 0xB3, 0x29, 0xC5, 0x63, 0x29, 0x38, 0xB5, 0x0D, 0x3D, 0x50, 0x12, 0x9B, 0x1C,
    0xDF, 0xAC, 0x2E, 0x5A, 0xC9, 0x53, 0x8E, 0x8D, 0x63, 0x59, 0xB9, 0xAF, 0xEA, 0xE8, 0xB6, 0xA3,
    0xCD, 0xC9, 0x6B, 0x44, 0xAC, 0xDB, 0xFA, 0x77, 0xF8, 0x2D, 0x67, 0xD2, 0xF1, 0xC8, 0x3E, 0xEF,
    0xF9, 0x41, 0x0F, 0xAD, 0x5B, 0x22, 0x3B, 0xC9, 0x17, 0x1B, 0x53, 0xA2, 0x54, 0x6A, 0x1A, 0xA9,
    0x2E, 0x39, 0x4D, 0xDA, 0x7D, 0x21, 0x1E, 0xED, 0xE9, 0x9F, 0xA0, 0x41, 0x2C, 0x6D, 0xD2, 0xEC,
    0xAF, 0xB2, 0x06, 0x9F, 0xA8, 0x09, 0x8B, 0x72, 0x56, 0xDF, 0xD0, 0xD8, 0xA0, 0xEF, 0x6B, 0x60,
    0x65, 0x1B, 0x68, 0xE9, 0x36, 0xA1, 0x1D, 0x6F, 0x52, 0x57, 0x07, 0xF6, 0x67, 0x61, 0xC0, 0x34,
    0x0C, 0x50, 0xD2, 0x4C, 0xD1, 0x34, 0xF9, 0x85, 0x76, 0x37, 0xF2, 0x10, 0x0C, 0x0C, 0x10, 0xCD,
    0xAE, 0xFC, 0xA6, 0xD1, 0xE2, 0x2D, 0x6A, 0x19, 0x0D, 0xDA, 0x3F, 0x8F, 0x14, 0xE3, 0xCC, 0x67,
    0x7A, 0xD6, 0x6C, 0xB6, 0x25, 0xCD, 0xC6, 0x5C, 0x8F, 0x5B, 0xF4, 0x46, 0xCB, 0x86, 0xF4, 0x25,
    0xCA, 0x31, 0x79, 0xFE, 0xEA, 0x2C, 0xCA, 0x71, 0x48, 0x53, 0x2C, 0x25, 0x35, 0x8D, 0x0F, 0xB8,
    0x89, 0x84, 0xF5, 0x67, 0xAA, 0x23, 0x69, 0xB9, 0xC1, 0x1C, 0x7E, 0x96, 0x40, 0xE7, 0x1B, 0xE7,
    0x37, 0x79, 0xB0, 0x3D, 0x27, 0xF9, 0xF5, 0xB6, 0x9E, 0x53, 0x32, 0x64, 0x9C, 0x09, 0x3C, 0xAD,
    0xBB, 0x6B, 0x8D, 0xBF, 0x28, 0xFB, 0x7C, 0x93, 0x1E, 0x7A, 0xBE, 0xA2, 0xB0, 0x80, 0x6D, 0x98,
    0x32, 0xE8, 0x57, 0xA5, 0xC4, 0x3C, 0x40, 0x7F, 0x6B, 0x5A, 0x74, 0xAC, 0x63, 0xED, 0x4A, 0xF1,
    0xAF, 0x76, 0x9C, 0x00, 0x9C, 0xC2, 0x97, 0x97, 0x96, 0xBF, 0x06, 0x27, 0x4A, 0x0A, 0x59, 0xE6,
    0x7B, 0x48, 0x5A, 0xD9, 0xC1, 0xF6, 0x83, 0x8A, 0x07, 0xA0, 0xE2, 0x01, 0xA8, 0x04, 0xA1, 0x26,
    0x9F, 0x82, 0x14, 0xB6, 0xBD, 0x5D, 0x2B, 0x16, 0x77, 0x7F, 0x0A, 0x0F, 0x36, 0x04, 0x09, 0xA9,
    0x6C, 0x45, 0xCF, 0x47, 0xC6, 0x5C, 0x58, 0x75, 0xBC, 0x76, 0x69, 0xF9, 0x8B, 0x26, 0xEE, 0x9A,
    0x59, 0x6E, 0xCC, 0x52, 0xEF, 0xD6, 0xBD, 0x58, 0x73, 0x31, 0x9F, 0x7B, 0xA7, 0xD1, 0x7C, 0x1C,
    0x68, 0x37, 0x89, 0xDD, 0x6D, 0xAD, 0xE3, 0xE2, 0x7E, 0x50, 0xEB, 0xCE, 0x90, 0x77, 0x68, 0x3D,
    0xCB, 0xF3, 0xA2, 0x33, 0xDE, 0xC6, 0xE7, 0xAC, 0x4F, 0xC7, 0x08, 0x4A, 0x10, 0xCF, 0xD9, 0x00,
    0x6B, 0x88, 0xEE, 0xA2, 0x25, 0x1D, 0x53, 0x78, 0x65, 0x4C, 0xD0, 0xC7, 0x63, 0x72, 0xAE, 0x29,
    0x99, 0xE5, 0xAB, 0x30, 0x54, 0x9E, 0xB2, 0x53, 0xBC, 0x31, 0x47, 0x7E, 0xA6, 0xF4, 0x64, 0xE3,
    0x0A, 0x8F, 0xC6, 0x56, 0x32, 0xD5, 0x41, 0xA2, 0x4E, 0x0B, 0x4D, 0x8C, 0x64, 0xCC, 0x7F, 0xA5,
    0x0F, 0x43, 0x97, 0x3F, 0x1D, 0x83, 0x1C, 0xA6, 0xEB, 0x12, 0x24, 0x04, 0x26, 0xB1, 0xBF, 0x63,
    0xBC, 0x2D, 0x76, 0xC6, 0x9C, 0x2E, 0xDC, 0xB8, 0xEB, 0xD7, 0x20, 0x50, 0x77, 0xDD, 0x9D, 0xC6,
    0xFC, 0x49, 0xDA, 0x99, 0x40, 0xA5, 0xC3, 0x5F, 0xBA, 0xD3, 0x08, 0x3A, 0x7A, 0xF0, 0x8C, 0x94,
    0xD8, 0xC6, 0x68, 0xE9, 0xBF, 0xC2, 0xEB, 0xAF, 0xF8, 0xFB, 0x6F, 0x81, 0xB6, 0x7E, 0xC9, 0x1E,
    0x81, 0x16, 0xFE, 0x8C, 0x47, 0x4B, 0xC7, 0xC4, 0x03, 0xCD, 0xF0, 0xD9, 0x39, 0xBE, 0x68, 0x61,
    0xF4, 0x84, 0x1B, 0x49, 0x73, 0xB8, 0xF9, 0x8E, 0x1C, 0x99, 0x38, 0x0E, 0xF8, 0x01, 0x3C, 0x02,
    0xBE, 0xD0, 0x1A, 0x64, 0x33, 0xBE, 0xA7, 0x7D, 0xF6, 0xA4, 0xBE, 0x92, 0xCA, 0xC2, 0x4E, 0x65,
    0x3F, 0x7E, 0x5F, 0xC8, 0x23, 0x7B, 0x93, 0x26, 0x34, 0xC6, 0xF8, 0x32, 0xA5, 0xED, 0x8F, 0xBB,
    0x7A, 0x94, 0x75, 0xEC, 0x8A, 0x51, 0xDE, 0xAA, 0x93, 0x79, 0x88, 0x7C, 0x77, 0xE7, 0x35, 0x2D,
    0x7D, 0x50, 0x90, 0x32, 0xD0, 0xBB, 0xBB, 0xBF, 0x8C, 0xFB, 0x8B, 0x31, 0xB1, 0x6F, 0xCD, 0x6A,
    0x9A, 0x0D, 0xAF, 0xAB, 0xC3, 0xF5, 0xC9, 0x2C, 0x79, 0xAF, 0x01, 0xC4, 0xB1, 0x5A, 0x48, 0xE3,
    0x24, 0xAB, 0x8E, 0xC1, 0x27, 0x93, 0x32, 0x89, 0x97, 0xC9, 0x4A, 0x3D, 0x9E, 0xB0, 0xB6, 0x30,
    0x2C, 0x30, 0x4A, 0xC9, 0x04, 0xA9, 0xAC, 0xE2, 0x49, 0x3E, 0x72, 0x16, 0xC4, 0x98, 0x5B, 0x98,
    0x8E, 0x18, 0x0B, 0x9A, 0xF5, 0xC9, 0xF9, 0x45, 0x70, 0x81, 0xF3, 0x28, 0x3B, 0x68, 0x48, 0xE4,
    0xBF, 0x86, 0x05, 0x4B, 0xA5, 0xB8, 0xA9, 0xFA, 0x8F, 0x65, 0x05, 0xF6, 0x4F, 0xB1, 0x9A, 0x5B,
    0x0E, 0x43, 0x1B, 0x1B, 0xCE, 0x74, 0x29, 0x30, 0x48, 0xD4, 0x2F, 0xFC, 0xD1, 0xB5, 0x00, 0x7F,
    0x91, 0x40, 0x22, 0x48, 0x60, 0xB8, 0x76, 0xF2, 0x9B, 0xAE, 0x20, 0x81, 0x95, 0xE3, 0x77, 0x54,
    0xE3, 0x8E, 0x04, 0x9E, 0x1E, 0x84, 0x6A, 0xCA, 0x33, 0x39, 0x28, 0x79, 0x32, 0x90, 0x4E, 0xA4,
    0x18, 0x44, 0xB2, 0x55, 0x84, 0x9E, 0xC4, 0xFF, 0x64, 0x76, 0xC1, 0xCA, 0xA4, 0x7E, 0x37, 0xEB,
    0xC5, 0x7C, 0x54, 0x34, 0x0E, 0xBB, 0x6B, 0xDA, 0x93, 0x8D, 0x8B, 0x3E, 0x6F, 0xB6, 0xCD, 0xD5,
    0xEF, 0x55, 0xBB, 0x05, 0xFC, 0x77, 0xEB, 0x6A, 0x57, 0xE5, 0x62, 0xF7, 0x1D, 0xCF, 0xB6, 0x9B,
    0xFE, 0x47, 0x7E, 0xC3, 0x3D, 0xB6, 0x5E, 0xE0, 0x90, 0xF4, 0x80, 0x3C, 0x52, 0x83, 0x5C, 0x52,
    0x83, 0x7C, 0x62, 0x43, 0x9C, 0xA2, 0xED, 0x16, 0xAF, 0xF8, 0x2B, 0x71, 0x8B, 0x33, 0x20, 0xBF,
    0xA4, 0x28, 0x64, 0x95, 0x16, 0x56, 0x8D, 0xCE, 0x19, 0xD7, 0x16, 0x79, 0x07, 0xE3, 0x69, 0xE0,
    0x1C, 0x1B, 0xE2, 0x9D, 0xB9, 0x2F, 0x6B, 0x54, 0xE1, 0xC9, 0x03, 0x07, 0xC3, 0xD4, 0xD8, 0x08,
    0x5C, 0xC4, 0x48, 0x6B, 0x68, 0x6C, 0x9C, 0x74, 0x6E, 0xB7, 0xD8, 0x07, 0x6E, 0xEE, 0xFC, 0x3C,
    0x98, 0xAE, 0x00, 0x1D, 0x5C, 0xBD, 0x06, 0x4B, 0xD7, 0x99, 0xE9, 0x93, 0xCA, 0x0D, 0xE9, 0xF4,
    0x02, 0xE1, 0x38, 0x45, 0x2D, 0xE3, 0x63, 0xB5, 0x86, 0xC4, 0xCA, 0xCA, 0x96, 0xBD, 0x03, 0x89,
    0xA7, 0xA2, 0x03, 0xC6, 0xC8, 0xC1, 0x16, 0x98, 0x7A, 0xB0, 0x69, 0x8C, 0x27, 0x3C, 0x0C, 0x40,
    0xCE, 0x3F, 0x64, 0x7E, 0xA4, 0x14, 0xA5, 0xEF, 0x4C, 0x84, 0x17, 0x91, 0xA0, 0xB0, 0x23, 0x0E,
    0xD6, 0x13, 0xC8, 0xC5, 0x92, 0x00, 0x51, 0x70, 0x1A, 0x31, 0x78, 0xC6, 0x69, 0x01, 0x4F, 0x10,
    0xB5, 0x16, 0x06, 0x74, 0x4E, 0xC1, 0xA2, 0xDF, 0x93, 0xE8, 0x7E, 0x7C, 0xAB, 0xFF, 0x7B, 0x3B,
    0x53, 0xA2, 0xDB, 0x56, 0xBF, 0x0F, 0x3C, 0x31, 0x2B, 0x08, 0xAE, 0x98, 0x4B, 0x02, 0x5F, 0xD2,
    0x8D, 0x33, 0xD9, 0xF0, 0x39, 0xE3, 0x4D, 0xD6, 0x07, 0xEE, 0x40, 0xEB, 0x8C, 0x3F, 0xBE, 0x12,
    0x87, 0xA0, 0xE1, 0x4E, 0x3C, 0x4A, 0x60, 0x86, 0xC0, 0xA5, 0x89, 0xC6, 0xC5, 0x91, 0x4F, 0x11,
    0x74, 0xD9, 0x19, 0xA7, 0x7A, 0xC1, 0xFC, 0xBF, 0xC8, 0x64, 0x8C, 0xC8, 0xAD, 0x1F, 0x51, 0xFF,
    0x02, 0xBF, 0xDC, 0xC6, 0x31, 0xB7, 0xF1, 0x0C, 0x42, 0x34, 0x86, 0x46, 0xE0, 0x9B, 0xDB, 0x39,
    0x07, 0x91, 0x79, 0x1C, 0x10, 0x7F, 0xE0, 0xDE, 0x85, 0x7F, 0x1B, 0x07, 0xDB, 0x9B, 0x81, 0xCE,
    0xA5, 0x71, 0x44, 0x1F, 0x7B, 0x90, 0x10, 0x1D, 0xD4, 0x65, 0xDD, 0x58, 0xA8, 0xAE, 0x6B, 0xFF,
    0x37, 0x03, 0x42, 0x40, 0x3E, 0x5C, 0x36, 0x24, 0xF4, 0x13, 0xB0, 0xB1, 0x03, 0x26, 0x1C, 0xE3,
    0x51, 0xD0, 0xA0, 0x28, 0xCB, 0x95, 0x97, 0x0D, 0x23, 0x3A, 0x34, 0x8A, 0xEE, 0x44, 0x7B, 0x3C,
    0xF0, 0x59, 0xBC, 0x6E, 0x6E, 0x1B, 0xFC, 0x7C, 0xC8, 0x86, 0xDA, 0x4B, 0x38, 0xD1, 0x58, 0xF4,
    0x3C, 0x68, 0x68, 0xD4, 0xFA, 0xAD, 0x30, 0x9F, 0x2C, 0xCC, 0x02, 0xDF, 0x6D, 0x33, 0xDC, 0x1B,
    0xF5, 0xD6, 0x28, 0xF6, 0xC9, 0x6F, 0x0D, 0x17, 0x9E, 0x62, 0x72, 0xCF, 0x3B, 0xFC, 0x63, 0x08,
    0xC1, 0xD8, 0x64, 0xF5, 0x64, 0x9E, 0x5F, 0x57, 0x06, 0xBB, 0x24, 0xA5, 0xC7, 0x77, 0x70, 0x42,
    0x65, 0x03, 0x88, 0xE2, 0xE7, 0xA2, 0x03, 0xD2, 0xF3, 0x23, 0x49, 0xE2, 0xAB, 0xA2, 0x99, 0xCD,
    0xA6, 0xCF, 0x06, 0x15, 0x66, 0x03, 0xB2, 0x20, 0xBF, 0x85, 0xC7, 0xA1, 0xC4, 0xC2, 0xEB, 0x90,
    0x4C, 0xE6, 0xFD, 0x05, 0x10, 0xD1, 0xA5, 0x2E, 0xDE, 0xC1, 0xD5, 0xD9, 0xA2, 0xEA, 0xD9, 0x44,
    0x4C, 0xBD, 0x14, 0xA3, 0x48, 0xB2, 0x98, 0x10, 0x06, 0x59, 0x2C, 0x8D, 0x64, 0x4F, 0x58, 0xBD,
    0xC3, 0x67, 0xBA, 0xC2, 0x33, 0x14, 0x01, 0xAC, 0x2B, 0xE2, 0x27, 0xAC, 0x4F, 0x05, 0x82, 0xD5,
    0x1C, 0xBC, 0x87, 0x1F, 0x2C, 0xE6, 0x95, 0x0F, 0x49, 0x0B, 0x44, 0x89, 0xA9, 0xF9, 0x90, 0x68,
    0xAE, 0x8C, 0x23, 0xBA, 0x74, 0xA5, 0xA9, 0x90, 0x9B, 0xFC, 0x2A, 0x56, 0x9A, 0x0B, 0x0B, 0xB0,
    0xB6, 0x1A, 0xF6, 0x5E, 0x0D, 0x82, 0xAC, 0x9A, 0x26, 0x09, 0xF5, 0x62, 0xE5, 0x23, 0x54, 0x6E,
    0xB5, 0xD9, 0x81, 0x24, 0x83, 0x48, 0x74, 0x81, 0x9D, 0xBF, 0x30, 0xD9, 0xA5, 0xF1, 0x9A, 0x48,
    0xE6, 0x17, 0xD3, 0xEC, 0xC5, 0x1E, 0x7F, 0x31, 0xB8, 0xB7, 0xD0, 0x6A, 0x3E, 0xC3, 0xEF, 0xFC,
    0x7F, 0xAC, 0x8A, 0x57, 0xF0, 0xD0, 0x8B, 0x64, 0x93, 0x67, 0x11, 0x58, 0xBF, 0xD8, 0x74, 0x17,
    0x8B, 0x35, 0x16, 0xCB, 0x2A, 0x04, 0x10, 0xC3, 0x33, 0x8B, 0x73, 0x80, 0x2F, 0x48, 0xEE, 0xDA,
    0xEF, 0xB0, 0x48, 0xBD, 0xAC, 0x47, 0x31, 0x89, 0xC4, 0xAB, 0xD9, 0x92, 0xDA, 0x88, 0xC5, 0x31,
    0x2E, 0x36, 0x42, 0x65, 0x7C, 0xCE, 0x92, 0x19, 0x0F, 0xD5, 0x0F, 0xEC, 0x4D, 0xCB, 0xF5, 0x2B,
    0x7B, 0xFF, 0x0A, 0xB5, 0xFA, 0xBD, 0x99, 0x7D, 0xC6, 0x36, 0x02, 0x84, 0x02, 0xCB, 0xF8, 0x12,
    0x67, 0xC8, 0x60, 0x36, 0xA1, 0x36, 0xD5, 0x2E, 0x7E, 0x7F, 0x95, 0xA9, 0x07, 0xBA, 0xAB, 0x80,
    0x79, 0x47, 0x59, 0x09, 0x10, 0xAA, 0x02, 0xC2, 0x55, 0xB8, 0x18, 0x98, 0x06, 0x44, 0xF6, 0xC9,
    0x19, 0xEA, 0xFB, 0x4F, 0x13, 0x0D, 0xA7, 0x3F, 0xCD, 0x18, 0xB9, 0x38, 0x47, 0x66, 0x44, 0xC1,
    0x15, 0xC5, 0xB6, 0x93, 0x84, 0x9E, 0x11, 0xE5, 0xAC, 0xD5, 0xA2, 0xF7, 0xA0, 0x15, 0x0B, 0x00,
    0x3F, 0x0F, 0x6A, 0xDD, 0x62, 0xBA, 0xED, 0x11, 0x88, 0x6E, 0x24, 0x20, 0x95, 0x0D, 0xD4, 0x94,
    0xA6, 0x38, 0x06, 0x53, 0x20, 0x30, 0x0F, 0x44, 0x5A, 0x69, 0x7E, 0x99, 0x49, 0xEF, 0x4B, 0xD8,
    0xCB, 0x51, 0xFE, 0x89, 0x69, 0x99, 0x52, 0x73, 0xB8, 0x85, 0xD8, 0x77, 0xA9, 0xDD, 0x49, 0x7D,
    0x14, 0xBC, 0x17, 0x81, 0xD2, 0xD3, 0x26, 0x48, 0xE5, 0x07, 0x79, 0xA4, 0xCC, 0x8C, 0x4C, 0x12,
    0x4C, 0x15, 0x35, 0xE8, 0x03, 0x82, 0xB7, 0xEA, 0x1A, 0xA9, 0x87, 0x55, 0x62, 0x40, 0x2B, 0x0B,
    0x57, 0x13, 0xB8, 0x93, 0xDE, 0x31, 0xB4, 0x0D, 0x14, 0xE6, 0xA5, 0x01, 0xE8, 0x33, 0xB1, 0xF9,
    0xAC, 0x9A, 0x25, 0x1C, 0xF7, 0x89, 0xB4, 0x2B, 0x26, 0x9E, 0x63, 0x89, 0x06, 0x52, 0x4C, 0xA6,
    0x4A, 0xCE, 0xA6, 0x57, 0x5B, 0x80, 0x18, 0x4C, 0x8C, 0x10, 0x59, 0xFC, 0xDE, 0xB7, 0xC5, 0x8F,
    0x38, 0x80, 0xDF, 0x78, 0xB3, 0xB0, 0x7F, 0x66, 0x49, 0x23, 0x8A, 0x93, 0xD9, 0xDE, 0xE0, 0xFE,
    0x9D, 0x05, 0x7A, 0x57, 0xD1, 0x56, 0x52, 0xDD, 0x50, 0x81, 0x8B, 0xF8, 0x1F, 0x5B, 0xEB, 0xB6,
    0x78, 0x61, 0xF8, 0xFB, 0x5B, 0x40, 0x77, 0xCE, 0x26, 0x0B, 0xBC, 0x20, 0x3E, 0x5C, 0x25, 0x42,
    0x5C, 0x1A, 0xA2, 0x99, 0xB2, 0x20, 0x01, 0x87, 0x86, 0x4F, 0x10, 0x96, 0x67, 0xE9, 0xDE, 0x20,
    0x3B, 0x33, 0x05, 0xC5, 0x53, 0xF8, 0x11, 0xD4, 0x4A, 0x42, 0x65, 0x2B, 0xF8, 0x05, 0xF3, 0x8B,
    0x7E, 0x9A, 0x0D, 0x5A, 0xA4, 0xBE, 0x99, 0xC5, 0x05, 0x3E, 0xF1, 0xC2, 0x16, 0x97, 0xD9, 0xE9,
    0x1A, 0x35, 0xE0, 0xA4, 0x96, 0xC3, 0x94, 0x12, 0x71, 0xCD, 0x95, 0x70, 0x39, 0xA3, 0x5A, 0x19,
    0x1D, 0xC3, 0x29, 0xA0, 0x59, 0x1F, 0xEC, 0x16, 0xBD, 0x4E, 0x74, 0x5B, 0xF0, 0xB5, 0xDB, 0x00,
    0xA8, 0xD1, 0xCD, 0xCF, 0x69, 0x83, 0xD6, 0xF1, 0x66, 0xC8, 0xA1, 0x1C, 0x62, 0xCA, 0x10, 0xFB,
    0xE9, 0xC9, 0x86, 0xD9, 0xFC, 0x10, 0x21, 0x6F, 0x0D, 0x38, 0x69, 0x6B, 0x14, 0xA1, 0x41, 0xE5,
    0x53, 0xA3, 0x84, 0xE7, 0x8A, 0x85, 0xFD, 0x27, 0xBB, 0xB9, 0xA0, 0x33, 0x8A, 0x19, 0x55, 0x9C,
    0xED, 0xE7, 0x89, 0x3C, 0x17, 0x1A, 0x34, 0x3B, 0x50, 0x46, 0x7E, 0x05, 0x0C, 0xBE, 0xF0, 0x66,
    0x26, 0x66, 0xFD, 0xAB, 0x23, 0x1F, 0xAD, 0xCF, 0xFC, 0x0F, 0xD8, 0x61, 0x3D, 0x65, 0xEF, 0xFC,
    0xDC, 0x86, 0xC8, 0x7E, 0x62, 0x89, 0x99, 0xF6, 0xAD, 0xC1, 0x1A, 0xF9, 0xA3, 0xA1, 0x1C, 0x83,
    0xE7, 0xCA, 0xB7, 0x89, 0x05, 0xB9, 0xAA, 0x87, 0xD3, 0x6B, 0x47, 0xBD, 0x3B, 0x78, 0xAE, 0x62,
    0xE3, 0x4F, 0x4C, 0x73, 0x2D, 0x01, 0xCB, 0xA5, 0x05, 0x01, 0x7C, 0xBE, 0x27, 0xE1, 0x23, 0xFA,
    0xF4, 0x4B, 0x12, 0xA0, 0xBA, 0x1F, 0xA2, 0x80, 0xD6, 0x7D, 0x13, 0x05, 0xC0, 0xBE, 0xEA, 0x11,
    0x0C, 0xB3, 0x33, 0x05, 0x68, 0x2D, 0x3F, 0x04, 0xE4, 0xEE, 0xFC, 0x68, 0x20, 0x74, 0x71, 0xDF,
    0x9E, 0x0C, 0x85, 0x7A, 0xAC, 0x97, 0xC1, 0x50, 0x7A, 0x30, 0xC3, 0xA1, 0x10, 0xDF, 0x00, 0xE4,
    0x39, 0x9A, 0x21, 0xD1, 0x15, 0xE2, 0x1E, 0xA0, 0x28, 0x66, 0x15, 0xB0, 0x28, 0x66, 0xBA, 0x83,
    0xD1, 0x03, 0x1A, 0xBD, 0xC0, 0xD1, 0x6B, 0x3C, 0x7A, 0x01, 0xA4, 0x87, 0x60, 0x5A, 0xBF, 0x2D,
    0x9A, 0x43, 0x02, 0xEC, 0x06, 0x29, 0x4C, 0x89, 0xB2, 0x69, 0x8F, 0xCE, 0xFB, 0x4B, 0x2E, 0xA8,
    0x30, 0xED, 0xBF, 0x04, 0xF5, 0x9B, 0x85, 0x7B, 0xAA, 0x05, 0xDC, 0xF3, 0x45, 0x1F, 0x40, 0xF4,
    0x50, 0xA5, 0x45, 0x6E, 0x24, 0xC1, 0xAE, 0x7D, 0xB8, 0x05, 0x0C, 0x16, 0x47, 0x41, 0x59, 0xA5,
    0x04, 0xFB, 0x6E, 0x01, 0x4F, 0xD7, 0x16, 0x70, 0xBC, 0x69, 0x01, 0xF7, 0xCF, 0x17, 0x8F, 0xCF,
    0x13, 0xFB, 0x23, 0xBB, 0x42, 0xD2, 0xE0, 0x9A, 0x84, 0x94, 0x51, 0x3C, 0x5D, 0x21, 0x64, 0x7F,
    0x08, 0x6C, 0xDA, 0xA3, 0x4D, 0xDD, 0x88, 0x62, 0x5E, 0x33, 0x5B, 0x26, 0xA7, 0xEF, 0x5B, 0x07,
    0x8F, 0x4D, 0x69, 0x67, 0xCB, 0xF9, 0x58, 0x08, 0x17, 0x59, 0xBE, 0xEB, 0x34, 0x6B, 0xC8, 0x58,
    0x39, 0x6A, 0x48, 0x9E, 0x86, 0x2C, 0x46, 0x05, 0x6A, 0x8A, 0x63, 0x60, 0x7D, 0xAA, 0x88, 0xD8,
    0x7E, 0x31, 0x88, 0xAF, 0x70, 0x27, 0x79, 0x2C, 0x79, 0xA5, 0x91, 0xC5, 0x0F, 0x4C, 0xC5, 0x04,
    0xDB, 0xA9, 0x28, 0xF5, 0x59, 0x0E, 0x2C, 0xB7, 0x65, 0x8C, 0x83, 0x4D, 0xBD, 0x6F, 0x1B, 0x23,
    0x9F, 0xA8, 0xBC, 0x94, 0xFB, 0x9F, 0xE6, 0xA5, 0x3E, 0x85, 0x72, 0x98, 0x07, 0x62, 0xBA, 0xA4,
    0x5C, 0x26, 0xC1, 0x73, 0x8F, 0xF5, 0x19, 0x72, 0xDA, 0x41, 0x3F, 0x83, 0x14, 0xE7, 0xC4, 0xFF,
    0x61, 0x47, 0x11, 0xAB, 0x1F, 0x09, 0x5A, 0xC0, 0x9E, 0x90, 0x3F, 0xB1, 0x11, 0xEE, 0xF2, 0x50,
    0x85, 0xB9, 0x9B, 0xD5, 0x4B, 0x8D, 0xF3, 0xB5, 0x62, 0x67, 0x09, 0x16, 0x19, 0x24, 0x0A, 0x69,
    0xD1, 0xDC, 0x08, 0x00, 0xBB, 0x25, 0x51, 0x3F, 0x5E, 0xE2, 0x3E, 0x50, 0x90, 0x9E, 0xF8, 0x30,
    0xC4, 0x81, 0x20, 0xA5, 0xE4, 0x88, 0x12, 0x4E, 0x58, 0x50, 0x48, 0x6E, 0x39, 0xC0, 0x9A, 0x82,
    0xC5, 0x10, 0x0D, 0x25, 0x49, 0xCA, 0x06, 0xF0, 0x8C, 0xA1, 0x6D, 0x23, 0x47, 0x2C, 0x73, 0x13,
    0xC4, 0xB0, 0x0E, 0x4A, 0x57, 0x86, 0x0D, 0xB6, 0x3A, 0xE4, 0x8A, 0x5A, 0xDB, 0xE0, 0xE1, 0xFD,
    0x04, 0xE2, 0x8A, 0xF2, 0xC0, 0x21, 0x69, 0x36, 0xBC, 0xEA, 0xFD, 0xF3, 0xC5, 0xB8, 0x31, 0x0C,
    0xF3, 0xC1, 0xDA, 0x85, 0x14, 0x4E, 0x62, 0x4F, 0x93, 0x0C, 0xBB, 0xCA, 0xB7, 0x2B, 0x63, 0x31,
    0x66, 0x7A, 0x40, 0x60, 0x06, 0xB1, 0x18, 0xE7, 0xB2, 0x4F, 0x67, 0x7C, 0x57, 0xA3, 0x77, 0x11,
    0xB7, 0x92, 0x60, 0x8E, 0x09, 0x41, 0xA7, 0xCE, 0xB2, 0x4A, 0xDF, 0x9D, 0x20, 0xB9, 0x32, 0x1C,
    0x58, 0x44, 0x90, 0xAF, 0xA1, 0x17, 0xC2, 0x49, 0x2F, 0x85, 0xE1, 0x33, 0xD3, 0x07, 0x6A, 0x83,
    0x26, 0x82, 0xAA, 0x24, 0xE6, 0xFF, 0xF4, 0x83, 0x76, 0x4A, 0x4C, 0x66, 0xCC, 0xEE, 0xB4, 0xDF,
    0x33, 0xAF, 0x2B, 0x87, 0x88, 0xAB, 0xC1, 0xE7, 0x05, 0x8F, 0x67, 0xA4, 0x18, 0xAF, 0xF2, 0xEF,
    0xDB, 0x8A, 0x4C, 0xD7, 0x64, 0xD3, 0xE6, 0x27, 0x08, 0x1F, 0xBA, 0xB5, 0xA5, 0x81, 0x42, 0xFB,
    0xC5, 0x34, 0x96, 0xB1, 0x57, 0xE4, 0xFF, 0x95, 0x17, 0xB3, 0x55, 0x0C, 0x29, 0xCF, 0xD4, 0xD4,
    0xD6, 0x32, 0x79, 0xAD, 0x45, 0xF3, 0xED, 0xD9, 0x48, 0x6F, 0x1B, 0x44, 0x96, 0x78, 0x7F, 0xCE,
    0x6D, 0xF9, 0xF7, 0xE0, 0x80, 0x03, 0xB9, 0x61, 0x50, 0xAF, 0xEC, 0xEA, 0x69, 0xDA, 0x65, 0x24,
    0x65, 0xD4, 0x58, 0xB9, 0xDA, 0x88, 0x17, 0x61, 0x08, 0x5F, 0x9B, 0x33, 0x6B, 0x65, 0x84, 0xB5,
    0xA5, 0xBA, 0x9E, 0x0C, 0x9B, 0x3E, 0x12, 0x01, 0x4A, 0x6B, 0x85, 0x47, 0x1A, 0xDE, 0xE9, 0x69,
    0x96, 0x70, 0xAD, 0x21, 0xA9, 0xA7, 0x5D, 0x70, 0x6A, 0x43, 0x03, 0xB5, 0x45, 0xC1, 0x35, 0xF1,
    0xE5, 0x2A, 0x75, 0x4A, 0x7D, 0x57, 0x1B, 0x53, 0x6B, 0x9B, 0x45, 0x6D, 0xAC, 0x0E, 0x79, 0x47,
    0x13, 0x98, 0x3C, 0xF8, 0x0B, 0x1F, 0x10, 0xE9, 0x95, 0x33, 0xF8, 0xD3, 0xA7, 0x71, 0xFE, 0xB2,
    0x0B, 0xF3, 0x54, 0x92, 0xF8, 0x46, 0xB6, 0xC5, 0xCB, 0xF8, 0xE3, 0x57, 0xAF, 0x12, 0x78, 0x7C,
    0xA9, 0xFD, 0x81, 0x36, 0x3D, 0xB3, 0x9F, 0x4B, 0x3D, 0x88, 0xA8, 0xF8, 0x75, 0xAB, 0x33, 0x22,
    0x10, 0x82, 0x48, 0xD8, 0x2B, 0xE5, 0xB0, 0xF9, 0xC5, 0x28, 0x52, 0xD8, 0xA6, 0x2A, 0x84, 0xFA,
    0xC3, 0x86, 0x3D, 0xEC, 0x0F, 0x25, 0x1B, 0x98, 0xEE, 0x0F, 0x5B, 0x25, 0xB5, 0xB4, 0x40, 0x60,
    0x4F, 0x69, 0x17, 0xA8, 0x35, 0xA9, 0x1F, 0xEE, 0xF8, 0x2F, 0x8F, 0xF2, 0x9E, 0xE5, 0x0F, 0x47,
    0x61, 0x87, 0xFC, 0xFD, 0x51, 0xC0, 0xAB, 0x86, 0x6C, 0x02, 0x23, 0x46, 0x34, 0x7D, 0x29, 0xEE,
    0x9E, 0x4B, 0xCA, 0xB8, 0x2F, 0x46, 0xD3, 0xD2, 0xBA, 0x33, 0x73, 0xEF, 0xAD, 0x7F, 0xF8, 0x0B,
    0x1B, 0x67, 0x0C, 0x69, 0xF3, 0x4E, 0x94, 0x1D, 0xEB, 0x7C, 0x0A, 0xF4, 0x0B, 0x97, 0xAD, 0x9B,
    0x5F, 0x96, 0x1E, 0xA3, 0x84, 0xEA, 0xB6, 0x56, 0xE4, 0x77, 0xC0, 0xEC, 0xA7, 0xCB, 0x4F, 0xC0,
    0xFD, 0x07, 0xB6, 0xE8, 0xC3, 0xC9, 0x36, 0xCE, 0x10, 0xE1, 0x9E, 0x42, 0xCA, 0x1E, 0xC1, 0xCF,
    0x6C, 0x20, 0x33, 0x27, 0xF4, 0xA7, 0xBD, 0x8F, 0xFC, 0x44, 0x94, 0x28, 0xEF, 0xDB, 0xA0, 0x25,
    0x3D, 0x99, 0x28, 0xC2, 0x29, 0x39, 0xD7, 0xC8, 0x77, 0x8F, 0x32, 0x56, 0x76, 0x8D, 0x29, 0x0F,
    0xB4, 0x08, 0x6B, 0x3D, 0x7F, 0x21, 0xB7, 0x74, 0x8F, 0xBD, 0x64, 0x61, 0x9F, 0x0E, 0xAD, 0xC5,
    0x84, 0xF2, 0xFB, 0x9B, 0x75, 0xCD, 0x7F, 0x36, 0xEF, 0x93, 0xDD, 0x2D, 0x6E, 0x7B, 0x0B, 0x22,
    0xCC, 0xF6, 0x56, 0x7C, 0xC3, 0x32, 0xDB, 0x93, 0x9F, 0xAF, 0xC9, 0x81, 0x63, 0x86, 0xB3, 0x03,
    0x8C, 0xA9, 0x45, 0xD2, 0x90, 0xDE, 0xF6, 0xDF, 0x1C, 0xE5, 0x85, 0x13, 0xCB, 0x89, 0x5C, 0x8C,
    0x5B, 0x58, 0x40, 0xA6, 0xAA, 0x12, 0x8B, 0x04, 0x12, 0x3D, 0x56, 0x95, 0xE8, 0x07, 0xA3, 0xD9,
    0xC6, 0x45, 0xE4, 0x44, 0x51, 0x62, 0xD7, 0x3F, 0x14, 0xC9, 0xDE, 0x0F, 0x00, 0xDF, 0x46, 0x0F,
    0xA4, 0x3C, 0xCE, 0x45, 0x18, 0x24, 0xC4, 0x74, 0x37, 0xA9, 0x7B, 0xCA, 0x07, 0x5E, 0x07, 0xA8,
    0x09, 0x32, 0x39, 0x02, 0x9D, 0x43, 0x60, 0x93, 0x33, 0x57, 0x07, 0xB0, 0x85, 0xAB, 0x04, 0x6B,
    0x76, 0x9A, 0x4F, 0x6B, 0xE2, 0x2D, 0xA6, 0xF3, 0x04, 0xEA, 0x1E, 0xCF, 0x3A, 0xC0, 0xF1, 0xD4,
    0x55, 0xBA, 0x12, 0x40, 0x5B, 0x4D, 0x07, 0xBC, 0x6C, 0x6F, 0x54, 0xF2, 0x5C, 0x36, 0xC6, 0x4E,
    0x58, 0xBE, 0xD3, 0x01, 0xB6, 0x68, 0xFF, 0x14, 0xF2, 0x50, 0x6C, 0x39, 0xE3, 0x31, 0xC0, 0x96,
    0xC6, 0xBC, 0xCE, 0xB4, 0x71, 0x7D, 0xB9, 0x26, 0xCC, 0xF1, 0x45, 0xB3, 0x54, 0x0E, 0xE4, 0xD4,
    0x5A, 0xDE, 0x46, 0x41, 0x04, 0x3B, 0x56, 0x1C, 0x82, 0x89, 0x88, 0xE4, 0x46, 0xB2, 0xDE, 0x6E,
    0x51, 0xB4, 0x92, 0xF9, 0x25, 0x52, 0xB6, 0xCC, 0xBF, 0x41, 0x4B, 0xD9, 0xD7, 0xFF, 0xC9, 0x4C,
    0x9A, 0x25, 0xC6, 0x16, 0x25, 0xC6, 0xE8, 0x17, 0x6B, 0xCB, 0x39, 0xE5, 0xFA, 0x4E, 0x89, 0x4F,
    0x44, 0xE4, 0x7C, 0x0C, 0x43, 0x6F, 0x14, 0x15, 0x92, 0x68, 0xB2, 0x61, 0x9F, 0xDF, 0x40, 0x6F,
    0x14, 0xB6, 0xC4, 0x37, 0x66, 0x6F, 0x44, 0x0A, 0x33, 0x9B, 0xB6, 0xCC, 0xB6, 0xDF, 0x62, 0x53,
    0x52, 0x5E, 0xAD, 0xB0, 0x94, 0x1D, 0xFA, 0xD7, 0xAC, 0x45, 0x22, 0xCB, 0xE3, 0xE5, 0x96, 0xD5,
    0x6B, 0x27, 0xFB, 0xB9, 0x7A, 0x11, 0xEB, 0x2C, 0x71, 0x6D, 0xD9, 0xC0, 0x9E, 0xE4, 0x9E, 0x0F,
    0x3F, 0xF7, 0x96, 0x37, 0x6C, 0x07, 0x4B, 0xB0, 0x4E, 0xB6, 0x13, 0xBF, 0xDA, 0x04, 0x6B, 0x23,
    0xF9, 0xCD, 0x8C, 0xDF, 0x27, 0x58, 0xC2, 0x99, 0x40, 0x1D, 0xB5, 0x08, 0xA1, 0x60, 0x27, 0xB7,
    0xB3, 0x74, 0xBC, 0x58, 0xE6, 0x2B, 0x9B, 0x75, 0x93, 0x5E, 0xC7, 0xFF, 0x07, 0x9A, 0x90, 0x9F,
    0xAB, 0xB6, 0xC7, 0xF3, 0xF3, 0xAA, 0x6D, 0x78, 0xA6, 0x9E, 0xE0, 0x54, 0xA4, 0x26, 0x58, 0x8F,
    0x72, 0xCA, 0x99, 0xD7, 0x60, 0x48, 0xBE, 0x86, 0x8A, 0x1B, 0x9D, 0x03, 0x10, 0xE8, 0xFB, 0x98,
    0xD4, 0x4A, 0x01, 0x56, 0x2B, 0x2A, 0x22, 0xA5, 0x2F, 0xDD, 0xC4, 0x87, 0xF4, 0x74, 0x0E, 0xE3,
    0x7E, 0xE1, 0xF6, 0x79, 0x7C, 0x10, 0xDD, 0xAA, 0x64, 0x0E, 0xDB, 0xE5, 0xF5, 0xE2, 0x8A, 0xC7,
    0x80, 0xE2, 0xB5, 0x7F, 0xC3, 0xFB, 0xB7, 0x10, 0x50, 0xFB, 0x9F, 0xDB, 0x86, 0x71, 0x4A, 0x34,
    0xD6, 0x5B, 0x42, 0x52, 0x28, 0xCE, 0x1B, 0xF0, 0x25, 0xEE, 0xCE, 0x03, 0xCD, 0xC2, 0x75, 0x2B,
    0x43, 0x19, 0x44, 0xF3, 0x77, 0x17, 0x95, 0xBF, 0xF8, 0xDE, 0x8F, 0xA2, 0x55, 0x39, 0x5A, 0x39,
    0x4C, 0x3A, 0xEE, 0x65, 0x02, 0xFF, 0xCB, 0xF4, 0x69, 0xC9, 0x59, 0xD5, 0x62, 0xAC, 0xA6, 0x39,
    0xAB, 0xE5, 0xA6, 0xC8, 0x51, 0x6F, 0x69, 0x63, 0x80, 0x0D, 0x45, 0xFF, 0xBE, 0xB7, 0xB3, 0x69,
    0x35, 0xE8, 0xCA, 0xB4, 0xB1, 0x6F, 0xDA, 0x55, 0x9A, 0xC3, 0x25, 0xA4, 0xF7, 0x0F, 0x2B, 0xB5,
    0x9A, 0xE6, 0xAC, 0xA6, 0x39, 0xAB, 0x69, 0x8E, 0xFD, 0xBC, 0xB2, 0xFC, 0xD7, 0xB8, 0x9A, 0x3B,
    0x58, 0x8F, 0x39, 0x35, 0xDB, 0xB0, 0x62, 0x67, 0x52, 0x0B, 0x23, 0x00, 0x5D, 0x4F, 0xCB, 0x1B,
    0x4A, 0x59, 0xE1, 0xD1, 0x18, 0x6B, 0x28, 0x33, 0x42, 0xA5, 0xB7, 0x1D, 0xBC, 0xCE, 0xE0, 0x5E,
    0xDE, 0xD7, 0x5F, 0x51, 0x1A, 0xF2, 0xBF, 0xFC, 0x23, 0x6D, 0xFA, 0xBD, 0x6B, 0xC1, 0x1B, 0xB4,
    0x4C, 0x14, 0x37, 0x5A, 0x9E, 0xC6, 0x37, 0x06, 0x0F, 0xBD, 0x7E, 0x47, 0x06, 0xB0, 0xDF, 0xD1,
    0x3C, 0x66, 0x7C, 0x4E, 0x84, 0x30, 0x4F, 0x4B, 0xAE, 0x6D, 0x10, 0xE7, 0x43, 0xFF, 0xA5, 0xED,
    0x86, 0x38, 0x6E, 0x95, 0x6C, 0x69, 0x9E, 0x8F, 0x40, 0x7F, 0x25, 0x25, 0x3D, 0xD3, 0xD3, 0x4A,
    0x7A, 0xD6, 0x0F, 0x29, 0xE9, 0xC9, 0xC0, 0xA2, 0x72, 0x2C, 0x55, 0x05, 0xD3, 0xFA, 0x10, 0xB4,
    0xEF, 0xC7, 0xBD, 0xA0, 0xA9, 0xD1, 0xBE, 0xDB, 0xF4, 0x7F, 0x59, 0x8C, 0xF4, 0x61, 0x33, 0x77,
    0x7F, 0x80, 0xE3, 0xCB, 0x16, 0xA6, 0x7D, 0x17, 0x88, 0xBC, 0x6D, 0x55, 0x20, 0xD8, 0x24, 0xBB,
    0x93, 0x0C, 0x71, 0xF8, 0xC7, 0xF9, 0x77, 0x15, 0xD2, 0x85, 0x50, 0x2F, 0x09, 0x91, 0x28, 0x66,
    0x7C, 0x8F, 0x4C, 0xAB, 0x2D, 0x68, 0x11, 0x42, 0xE3, 0xBE, 0x8D, 0x66, 0xED, 0x3B, 0x85, 0x8E,
    0x2E, 0x80, 0x54, 0x48, 0x5F, 0x10, 0x99, 0x6E, 0x37, 0xC1, 0xCB, 0xAE, 0xC5, 0xCD, 0x6D, 0x74,
    0x1F, 0xFF, 0xD3, 0x46, 0x7F, 0xD7, 0xED, 0x9B, 0xBA, 0xAF, 0xEF, 0x1B, 0x92, 0x43, 0xC8, 0xFC,
    0xC9, 0x38, 0xD4, 0x6F, 0x33, 0x61, 0xD4, 0x07, 0x19, 0xD9, 0x78, 0x27, 0xD8, 0xD0, 0x52, 0xB6,
    0x89, 0x7B, 0x4A, 0x65, 0x64, 0xDA, 0xCA, 0xD9, 0x2E, 0x81, 0xC9, 0x65, 0x3E, 0x84, 0xDC, 0x22,
    0x7C, 0xA0, 0x65, 0x0B, 0x10, 0xF2, 0x65, 0x97, 0x22, 0xAA, 0xE1, 0x29, 0x8D, 0x4B, 0xB9, 0xE4,
    0x67, 0xA3, 0xA1, 0xD2, 0x16, 0x8B, 0x76, 0x55, 0x24, 0xE4, 0xDF, 0x19, 0xB7, 0xD4, 0x50, 0x29,
    0xE1, 0xAC, 0x1B, 0x02, 0xA1, 0x87, 0x4A, 0x40, 0x3D, 0x74, 0xC5, 0x5B, 0x0B, 0x30, 0x67, 0xFB,
    0x0D, 0xDF, 0xB0, 0x90, 0xB3, 0x1C, 0x32, 0x16, 0x71, 0x74, 0xCC, 0x16, 0x9C, 0x42, 0xA7, 0x3C,
    0x68, 0xF3, 0xA4, 0x30, 0x63, 0x10, 0x71, 0x49, 0x84, 0x6F, 0x0B, 0x80, 0x57, 0xD6, 0xF6, 0xD4,
    0x7E, 0xAD, 0xA7, 0xC2, 0x4F, 0xC9, 0x9A, 0x18, 0xC4, 0x72, 0xEE, 0x37, 0xC2, 0x6C, 0xFE, 0x7C,
    0xD3, 0xD5, 0x56, 0x9B, 0x90, 0x16, 0x94, 0xD8, 0x2A, 0x63, 0x3A, 0x83, 0x6C, 0x48, 0x45, 0xAD,
    0x3F, 0x6F, 0x4A, 0xAF, 0x7C, 0x9C, 0x7B, 0xE9, 0x0A, 0x4D, 0x3F, 0xAD, 0x97, 0xDE, 0x02, 0x70,
    0x5E, 0x5B, 0x6D, 0xB3, 0x80, 0xA9, 0x64, 0x04, 0xD8, 0x2C, 0xBE, 0x06, 0x30, 0xFE, 0x6D, 0xED,
    0x19, 0xAA, 0x64, 0x4F, 0xD9, 0xCC, 0xCD, 0xA2, 0xA4, 0xDD, 0xC5, 0x4B, 0x1E, 0x0E, 0xA6, 0xAF,
    0x42, 0xD6, 0xAA, 0xCD, 0x14, 0x50, 0xB3, 0x9C, 0xEB, 0x66, 0xB5, 0x84, 0x4D, 0x2D, 0x41, 0x3E,
    0xED, 0x87, 0xF3, 0x7E, 0xD8, 0xAF, 0xE9, 0x96, 0x68, 0xDE, 0x8D, 0x5D, 0xAB, 0x3A, 0xED, 0xF3,
    0x5D, 0xDB, 0xA2, 0xD2, 0xC6, 0x00, 0xE4, 0xDC, 0x52, 0x01, 0x37, 0x0F, 0x92, 0x67, 0x95, 0xFC,
    0x6A, 0x6F, 0x2D, 0x66, 0x45, 0x23, 0x74, 0xE2, 0xD2, 0x8F, 0xF2, 0xEB, 0x79, 0x47, 0x9D, 0x39,
    0x1C, 0x70, 0x69, 0x0A, 0xA5, 0x4E, 0xF2, 0xCD, 0x02, 0xA4, 0xB2, 0x30, 0xD2, 0x0B, 0x3D, 0x47,
    0xBD, 0xDB, 0xE0, 0x75, 0x3F, 0x2C, 0xFB, 0xE1, 0x72, 0xAD, 0xBD, 0x4C, 0xA6, 0xDB, 0x36, 0xE7,
    0xB3, 0xE5, 0xD4, 0x84, 0x82, 0x23, 0x49, 0xD3, 0xBD, 0x3D, 0x70, 0x75, 0xC5, 0xA1, 0x2E, 0xA9,
    0xBA, 0x34, 0x9B, 0x8D, 0xAD, 0x2F, 0x17, 0x96, 0x2A, 0x65, 0x7F, 0x8F, 0x2E, 0x4D, 0x73, 0x1F,
    0xC3, 0x66, 0xDB, 0x43, 0x7E, 0x83, 0x0F, 0x90, 0x4E, 0x7B, 0xBE, 0x3B, 0xC4, 0x60, 0x7C, 0x86,
    0xB0, 0xD1, 0xC9, 0x66, 0xC8, 0x27, 0xB1, 0xE9, 0xF7, 0xA6, 0xC5, 0x2B, 0x2E, 0xEC, 0x8E, 0x08,
    0x9A, 0xA9, 0xC8, 0xE5, 0xD6, 0xE6, 0x79, 0xBF, 0x77, 0xB3, 0xBA, 0xDB, 0x0D, 0x4F, 0x34, 0xB7,
    0x5D, 0xFC, 0x6D, 0x88, 0x27, 0x06, 0xB6, 0x65, 0x09, 0x93, 0xE4, 0x22, 0x5B, 0x33, 0xB3, 0x4C,
    0x2C, 0x9B, 0xB6, 0xE0, 0xB6, 0x12, 0xF7, 0xD7, 0xC3, 0x46, 0xC8, 0x21, 0x64, 0x1C, 0x8F, 0xD1,
    0xE3, 0x6D, 0x57, 0x2F, 0xCD, 0x43, 0xF1, 0x77, 0xBC, 0xEE, 0x1C, 0x8F, 0x2E, 0xB5, 0x8E, 0xDA,
    0x51, 0x5D, 0xDC, 0x5E, 0x38, 0xE3, 0x0F, 0xD0, 0xFE, 0x6A, 0x85, 0xB6, 0x4F, 0xDE, 0xB9, 0xC3,
    0xB2, 0xDC, 0xDE, 0xDC, 0xF6, 0x52, 0x8B, 0xCB, 0x62, 0x15, 0x97, 0xC5, 0x2A, 0x3E, 0xFB, 0x8B,
    0xF5, 0xF9, 0x20, 0x93, 0xED, 0x68, 0x95, 0x05, 0xC2, 0xA5, 0xED, 0x60, 0xD1, 0x09, 0xA3, 0x69,
    0x31, 0xF7, 0xF3, 0x2E, 0xD4, 0xEC, 0x3C, 0x10, 0x30, 0x98, 0x6C, 0x05, 0x70, 0xD3, 0x63, 0x02,
    0x70, 0x04, 0x11, 0x0A, 0xF3, 0xD9, 0xA7, 0x57, 0xCF, 0xCB, 0xF3, 0xEC, 0x74, 0x79, 0xC8, 0x8D,
    0xD9, 0x55, 0x77, 0xAE, 0x2A, 0x4A, 0x68, 0xEF, 0x70, 0x31, 0x43, 0x31, 0x9B, 0x85, 0x72, 0xCB,
    0x56, 0x8B, 0xCF, 0x75, 0x5C, 0x2C, 0x45, 0xD8, 0xDB, 0xD6, 0x9E, 0x9D, 0x58, 0xB9, 0xE7, 0xF9,
    0x58, 0xC2, 0x7D, 0x58, 0x74, 0xEB, 0xCB, 0xBC, 0xE3, 0xDD, 0xEA, 0xF6, 0x6D, 0x8A, 0xAB, 0x9A,
    0x82, 0xF0, 0xE2, 0x01, 0x77, 0x87, 0xD7, 0xCA, 0xF6, 0x04, 0x07, 0xD9, 0xA2, 0x50, 0x3A, 0x9A,
    0xCC, 0x57, 0xDB, 0x54, 0x01, 0xD5, 0xFA, 0xF5, 0x09, 0x72, 0x2C, 0x7A, 0xF9, 0xE4, 0x91, 0xCF,
    0xCA, 0xE6, 0xD4, 0x07, 0x7C, 0x92, 0xE1, 0xBA, 0x36, 0x2C, 0x0F, 0x1A, 0x13, 0x36, 0x62, 0x8F,
    0x26, 0xC7, 0x7D, 0x6A, 0x37, 0x5B, 0x6F, 0x54, 0x22, 0x9C, 0xB7, 0x04, 0xFF, 0x21, 0x23, 0x19,
    0xCE, 0x8E, 0xC9, 0x8E, 0x4F, 0x70, 0x96, 0x09, 0x08, 0xAE, 0xB6, 0x14, 0x59, 0x6E, 0xC4, 0x5E,
    0x7D, 0xB1, 0x7A, 0xD1, 0xF1, 0xC6, 0xF3, 0xFE, 0x7F, 0x29, 0xDE, 0x6E, 0xFB, 0x10, 0x7A, 0x0D,
    0xE6, 0xF4, 0xB6, 0x42, 0xFF, 0x26, 0x64, 0x13, 0xAA, 0x90, 0xA0, 0x5E, 0x37, 0xA7, 0x78, 0xDE,
    0x6A, 0x45, 0x2B, 0x77, 0xC8, 0xBC, 0xB9, 0x10, 0x8B, 0xE3, 0x9B, 0xE1, 0x06, 0x27, 0x3F, 0x65,
    0x45, 0xE1, 0x26, 0xCC, 0x61, 0xC3, 0xA0, 0x5D, 0xAD, 0x8C, 0x09, 0xDF, 0xDE, 0x7D, 0x9D, 0x4F,
    0x58, 0xAF, 0x27, 0xC9, 0x1C, 0x85, 0x6C, 0xCA, 0x1A, 0x1D, 0xFF, 0x5A, 0x42, 0xAC, 0x5D, 0x4A,
    0x9B, 0xA7, 0x31, 0xEB, 0x4F, 0x36, 0xCD, 0x19, 0x6D, 0x8B, 0x2C, 0x62, 0x97, 0xB5, 0x72, 0x44,
    0xC3, 0x9D, 0xD7, 0x53, 0xCC, 0x35, 0x9A, 0x11, 0x82, 0x7E, 0x17, 0xA2, 0xB4, 0xFC, 0x63, 0xF6,
    0xC6, 0xEC, 0x8A, 0xEF, 0x4C, 0x8E, 0x65, 0x2D, 0xBC, 0xE7, 0x77, 0xAA, 0x5B, 0x4A, 0x1D, 0xB7,
    0x40, 0x76, 0x50, 0x9F, 0x85, 0x6D, 0x3B, 0x45, 0xED, 0x19, 0x3D, 0x9F, 0xFE, 0x36, 0x41, 0xE8,
    0xB1, 0xE2, 0x5A, 0xAB, 0x02, 0x90, 0xBE, 0xC4, 0x7C, 0xD7, 0x78, 0x28, 0x6B, 0x1F, 0x81, 0x30,
    0xD6, 0x9D, 0xB3, 0x1F, 0x2D, 0x18, 0x6B, 0x86, 0xD1, 0x9C, 0x30, 0x1C, 0xA1, 0x3E, 0x46, 0x7C,
    0xA1, 0xE2, 0xAC, 0x87, 0xCB, 0xC3, 0x6E, 0x43, 0xDF, 0x33, 0x6C, 0xBA, 0xC8, 0xDF, 0x56, 0xD9,
    0x62, 0x49, 0x9F, 0x7C, 0x84, 0xBF, 0x85, 0x84, 0x93, 0x4F, 0x9E, 0x56, 0x67, 0xDD, 0x0E, 0xF3,
    0xDE, 0x9A, 0x98, 0x5E, 0x3D, 0xC3, 0x49, 0x66, 0x23, 0x37, 0xB8, 0x07, 0x6E, 0xB5, 0x74, 0xA9,
    0x2A, 0xA1, 0xE4, 0xC0, 0xA9, 0xD4, 0xCF, 0x04, 0x74, 0x5B, 0x06, 0x44, 0xB3, 0x9B, 0xE6, 0xC6,
    0x6A, 0x80, 0x72, 0xBD, 0x0F, 0x59, 0x59, 0x71, 0x6B, 0xB9, 0x9F, 0xF4, 0xB6, 0x9B, 0x90, 0xAA,
    0xCE, 0x27, 0x81, 0x9F, 0x07, 0x98, 0x5E, 0x21, 0xF0, 0xAB, 0xBC, 0x3D, 0x38, 0xE4, 0x71, 0xBD,
    0x6D, 0x8A, 0x73, 0xA9, 0xED, 0x78, 0x5F, 0x31, 0x1F, 0xA7, 0xEC, 0x66, 0xE0, 0x5E, 0xB4, 0x5C,
    0x2A, 0x49, 0xB7, 0xBC, 0xD1, 0x03, 0x33, 0xFD, 0x16, 0x39, 0xAF, 0x26, 0xDC, 0xDA, 0x6A, 0x6E,
    0x0F, 0x6F, 0x96, 0x85, 0x9B, 0x0F, 0x47, 0x83, 0x49, 0x90, 0xA7, 0x97, 0xAB, 0xA8, 0xD5, 0xAB,
    0x8F, 0xDC, 0xB0, 0xDC, 0xE4, 0xA9, 0xBA, 0xA4, 0x5F, 0xEA, 0xAB, 0xD7, 0xBF, 0xA6, 0xC3, 0x26,
    0xA4, 0x5D, 0x32, 0x94, 0xFF, 0xAC, 0xDE, 0x32, 0xA9, 0x84, 0x0E, 0xB5, 0x9D, 0x86, 0x8E, 0xBE,
    0x1E, 0xF9, 0xD8, 0x23, 0x2C, 0x5C, 0xF8, 0x2E, 0xA0, 0xCA, 0xC5, 0x6B, 0x78, 0xBF, 0xBC, 0xE7,
    0xDB, 0xAF, 0xD9, 0x50, 0x76, 0xAF, 0xEB, 0x8D, 0x18, 0xBA, 0x4E, 0x66, 0x51, 0x93, 0xD1, 0x5E,
    0xEC, 0x4B, 0xED, 0xF5, 0x3E, 0xED, 0xBF, 0xA9, 0x90, 0x7A, 0x8C, 0xAC, 0xEC, 0x18, 0x93, 0xC2,
    0x7D, 0xC4, 0x4C, 0x1D, 0xF0, 0xD3, 0xC9, 0xC4, 0xDF, 0x12, 0x93, 0x96, 0xE7, 0x6A, 0xB4, 0x69,
    0x65, 0x8E, 0xB0, 0xD3, 0xC2, 0x8F, 0x84, 0x49, 0xF0, 0x15, 0x70, 0x21, 0x27, 0xED, 0xE9, 0xD3,
    0xFB, 0xDA, 0xB1, 0xE3, 0xB1, 0xD0, 0xEE, 0x03, 0x8C, 0x68, 0xC1, 0x57, 0x75, 0xFF, 0x8D, 0x7C,
    0xB3, 0x22, 0xC9, 0x5C, 0x20, 0x2A, 0xF4, 0x53, 0xC1, 0xB3, 0x40, 0x7B, 0x52, 0xD5, 0x6A, 0xC2,
    0x0D, 0x53, 0xE9, 0x5B, 0xAD, 0x7B, 0x2D, 0x33, 0x50, 0x73, 0x27, 0x9E, 0xB5, 0x02, 0xDA, 0x7E,
    0x01, 0xD6, 0xCA, 0xED, 0xE5, 0x87, 0xB3, 0x50, 0xB8, 0xB6, 0xD2, 0x1E, 0x1F, 0x5F, 0xD7, 0x08,
    0xEF, 0xB5, 0x3A, 0x93, 0x25, 0x0E, 0x59, 0x91, 0xA7, 0xAD, 0x76, 0xCD, 0x0A, 0xC1, 0x48, 0x96,
    0x72, 0xD1, 0x5A, 0x36, 0x09, 0xEB, 0xC1, 0xA8, 0xF6, 0x11, 0x94, 0xA2, 0x67, 0x7E, 0x14, 0x73,
    0x00, 0x14, 0x6B, 0x55, 0x83, 0xA8, 0x12, 0x05, 0xA6, 0xCA, 0x95, 0x6F, 0x8B, 0x95, 0xCB, 0xA5,
    0x56, 0x59, 0xDB, 0x6A, 0xF7, 0x6A, 0x2B, 0xC9, 0xE9, 0xB8, 0x99, 0xCD, 0x54, 0x26, 0xAD, 0x39,
    0x04, 0xAB, 0x3B, 0x99, 0x27, 0xAF, 0x15, 0x1B, 0xDC, 0x91, 0xBD, 0x32, 0x99, 0xB0, 0xCA, 0xA4,
    0x38, 0x24, 0xFA, 0x76, 0x98, 0x98, 0xDB, 0x2B, 0x6F, 0x55, 0xDE, 0xA5, 0x3D, 0x5F, 0x87, 0xCB,
    0xB0, 0x76, 0x08, 0x3C, 0xCF, 0x30, 0x4A, 0x5D, 0x39, 0x65, 0x43, 0xF6, 0x2F, 0x7E, 0xE6, 0xFB,
    0x4B, 0xF3, 0xAC, 0xD2, 0x57, 0xD6, 0x1C, 0xFA, 0x66, 0x09, 0xD5, 0xBF, 0xE6, 0xF4, 0x6A, 0xC1,
    0xC3, 0xB2, 0xB3, 0xD4, 0x3F, 0x2B, 0xDC, 0x60, 0xA1, 0x6B, 0xED, 0xD2, 0xEA, 0xC5, 0x61, 0x45,
    0x17, 0x77, 0x68, 0xC7, 0x68, 0x15, 0x21, 0xCE, 0x8B, 0xD6, 0x80, 0x70, 0xBA, 0x6D, 0x80, 0x4E,
    0x30, 0x20, 0x13, 0x3A, 0xE8, 0x00, 0x43, 0x36, 0xFB, 0xA1, 0xDA, 0x5B, 0x10, 0x8C, 0x2E, 0x9F,
    0x22, 0xD3, 0x57, 0x3D, 0x21, 0x98, 0xE5, 0xBF, 0xB5, 0xA5, 0x2E, 0x6E, 0x3F, 0xF4, 0x9B, 0x7D,
    0xCF, 0xFC, 0xFE, 0xF4, 0xED, 0x56, 0xA9, 0x36, 0x1E, 0x0B, 0x69, 0xE3, 0x2B, 0x88, 0xFB, 0x74,
    0x12, 0xF6, 0xAD, 0xFE, 0x0A, 0xA4, 0x7D, 0xFB, 0xC4, 0x7D, 0x5D, 0x85, 0x5D, 0x91, 0x01, 0x49,
    0xD8, 0xBB, 0x02, 0x52, 0x11, 0xD9, 0x06, 0x34, 0xAB, 0xAA, 0xA6, 0x2B, 0x32, 0xDF, 0xBC, 0xC8,
    0xF7, 0x14, 0xC7, 0xCB, 0x9B, 0x16, 0xFE, 0x4B, 0x52, 0xBC, 0xDA, 0x87, 0x6A, 0xC2, 0x60, 0x07,
    0x2E, 0x09, 0xFF, 0xFC, 0xE0, 0x94, 0xAE, 0xDE, 0x48, 0x6D, 0x2E, 0x49, 0xD3, 0x42, 0x76, 0x23,
    0xF5, 0x41, 0x00, 0xAD, 0x7A, 0xDA, 0x12, 0x22, 0xD6, 0x61, 0xA1, 0xDE, 0xE9, 0x78, 0xD1, 0x33,
    0xAC, 0x20, 0xDF, 0xFE, 0x1E, 0x31, 0x26, 0xF4, 0xD1, 0x37, 0xAC, 0xAC, 0xA5, 0x24, 0xF2, 0x58,
    0x74, 0x09, 0x0C, 0x2A, 0xE5, 0xE1, 0x45, 0x04, 0x91, 0x4C, 0x0F, 0xD4, 0x15, 0x26, 0x78, 0x5A,
    0x59, 0xB1, 0x90, 0x49, 0x37, 0x33, 0x0D, 0x93, 0x5E, 0xDE, 0x5A, 0xFA, 0xB8, 0xB6, 0xC5, 0x44,
    0x62, 0xFF, 0xC8, 0xDB, 0xB6, 0x58, 0xFB, 0xD3, 0x91, 0x79, 0xD5, 0xD4, 0x6B, 0x5B, 0x4C, 0xB5,
    0x2A, 0x9E, 0x9B, 0x2E, 0xDA, 0x16, 0xCB, 0x7E, 0xB9, 0x8D, 0xDF, 0x6C, 0xFC, 0x55, 0x6F, 0xE6,
    0xFD, 0xB1, 0xCD, 0xDA, 0x37, 0x9A, 0xB5, 0x9F, 0x34, 0xEB, 0xD6, 0xC7, 0xF6, 0x8E, 0x4F, 0xAF,
    0x81, 0xF2, 0x73, 0x69, 0x85, 0x7C, 0x36, 0x97, 0xD7, 0x60, 0x4C, 0x9F, 0xD9, 0xB7, 0x83, 0x0A,
    0xBD, 0x7F, 0xA2, 0x37, 0x55, 0x42, 0x89, 0xE5, 0x1E, 0x41, 0x0A, 0x75, 0x65, 0xF3, 0x2E, 0xFF,
    0x12, 0x0B, 0x15, 0x39, 0x4B, 0xE4, 0xC4, 0xBB, 0x64, 0xDE, 0x54, 0x20, 0x92, 0xAB, 0x1D, 0xEE,
    0xAD, 0x61, 0x31, 0xCD, 0x35, 0x98, 0xBB, 0x78, 0x31, 0xBF, 0xAE, 0xB5, 0xB9, 0xB5, 0xF0, 0x63,
    0x7A, 0x92, 0xC4, 0x16, 0x59, 0x5C, 0x93, 0x5B, 0xEF, 0x64, 0x99, 0xA2, 0x0A, 0xB8, 0xF5, 0x0E,
    0x37, 0xB7, 0xD1, 0xF9, 0x34, 0x2C, 0x52, 0x59, 0xEC, 0x96, 0x2B, 0x12, 0xCD, 0x7B, 0x75, 0xA2,
    0x36, 0xDE, 0x44, 0xF4, 0x72, 0xFB, 0x22, 0x9F, 0x16, 0xED, 0xD5, 0xD9, 0x16, 0x29, 0x6F, 0x29,
    0x94, 0x6A, 0x73, 0xBA, 0xA7, 0x65, 0x7B, 0x6C, 0xC5, 0x4B, 0x96, 0x08, 0x0C, 0xBB, 0x7D, 0xC6,
    0x2D, 0xA5, 0x23, 0xCB, 0x29, 0x64, 0x14, 0x59, 0x32, 0xA1, 0xF7, 0x82, 0x0A, 0xCB, 0xB3, 0x56,
    0x01, 0x5C, 0xFE, 0xFA, 0xAE, 0x9F, 0xCF, 0xB9, 0x63, 0xF9, 0x6B, 0x80, 0xB2, 0xB4, 0xC9, 0x03,
    0xBD, 0x0B, 0x5D, 0x0F, 0x84, 0x98, 0x58, 0x90, 0xF5, 0x48, 0x5D, 0x4D, 0xA3, 0x47, 0x05, 0x2B,
    0x19, 0x69, 0x66, 0xBD, 0xA2, 0xAF, 0xEC, 0x7B, 0x18, 0x18, 0x80, 0xF0, 0x51, 0xD0, 0xD5, 0xF1,
    0x52, 0x60, 0x1E, 0xFB, 0x63, 0x66, 0x60, 0x7B, 0xDB, 0xA1, 0x71, 0xB7, 0xA7, 0x98, 0xD2, 0xF1,
    0x96, 0x72, 0xA9, 0x90, 0x2A, 0xCF, 0xB7, 0xB4, 0x8D, 0xB2, 0x08, 0xFA, 0x0F, 0x29, 0xE8, 0x00,
    0x0A, 0xB9, 0x0D, 0xF0, 0x00, 0x5C, 0x40, 0x10, 0xDB, 0x64, 0xA3, 0xBC, 0x2A, 0xFC, 0x34, 0x8B,
    0x4E, 0x52, 0x3A, 0xED, 0xE7, 0x58, 0x75, 0x2D, 0x74, 0x47, 0xD7, 0xC5, 0xA2, 0x15, 0xA6, 0xE4,
    0xF5, 0x1A, 0x15, 0x66, 0xF9, 0x80, 0x29, 0x08, 0x96, 0xA1, 0xD8, 0xFE, 0x50, 0x3A, 0xEF, 0x2F,
    0x78, 0xB4, 0x8C, 0x34, 0xE4, 0x08, 0x56, 0x8B, 0xEF, 0xCE, 0x17, 0x54, 0xDF, 0x3E, 0xF5, 0xF3,
    0x8B, 0xD9, 0xEA, 0x53, 0x23, 0xC2, 0xF7, 0xC2, 0xE9, 0x5B, 0xED, 0x75, 0x70, 0x91, 0xC8, 0xFF,
    0x8C, 0x24, 0xF5, 0xAF, 0x90, 0x94, 0x2C, 0xCF, 0x00, 0xC6, 0xE5, 0xFB, 0x7C, 0x9C, 0x82, 0xC8,
    0x64, 0x44, 0xFF, 0x8D, 0x01, 0xDD, 0x2A, 0xC9, 0x17, 0xF7, 0x77, 0x7B, 0x6E, 0x27, 0x61, 0x05,
    0xB6, 0x37, 0x8F, 0x77, 0xDE, 0xDE, 0x7F, 0xAC, 0xEC, 0x12, 0xA3, 0xD8, 0xE2, 0x9C, 0xCE, 0x88,
    0x6D, 0x17, 0x16, 0xF6, 0x31, 0x35, 0xC0, 0x3F, 0xB6, 0x79, 0x8D, 0xDF, 0x65, 0xDA, 0xF8, 0x04,
    0x6B, 0xEE, 0x87, 0x77, 0x58, 0x1E, 0x5C, 0xD4, 0x21, 0x3D, 0x5F, 0x02, 0x14, 0xAE, 0xDF, 0x43,
    0xA0, 0x1D, 0x6E, 0xEF, 0x96, 0x9D, 0x07, 0xC8, 0xA8, 0x81, 0xBC, 0x7C, 0x45, 0xCC, 0xF2, 0x30,
    0x12, 0xFB, 0x63, 0xBD, 0x41, 0xC0, 0xFF, 0xC8, 0x60, 0x21, 0xEE, 0x8B, 0xAD, 0x34, 0xC4, 0x12,
    0x84, 0xA9, 0x9C, 0xC2, 0x1F, 0x99, 0x9E, 0xD2, 0x1A, 0x90, 0x97, 0xB4, 0x02, 0x6D, 0x65, 0x3E,
    0xA4, 0x0D, 0x1E, 0x25, 0x54, 0x7F, 0x6A, 0xD4, 0x34, 0xBC, 0x51, 0xA0, 0xFC, 0x44, 0xBB, 0xFD,
    0xFF, 0x1F, 0x93, 0xFD, 0xFF, 0x1F, 0x0A, 0x9D, 0xF9, 0xC8, 0x84, 0x35, 0xBF, 0x46, 0x8B, 0xE4,
    0xDC, 0xD7, 0xE3, 0x19, 0x90, 0x3E, 0x5E, 0x93, 0xB1, 0x8E, 0x67, 0x80, 0xEC, 0xE6, 0xB5, 0xAC,
    0x2F, 0x58, 0x6D, 0x9A, 0x41, 0x93, 0xAB, 0x44, 0x6B, 0xBF, 0x23, 0xED, 0x5B, 0x3F, 0x51, 0xBF,
    0x3D, 0xBD, 0x8A, 0xF1, 0x0C, 0x9B, 0xCA, 0xAF, 0xA5, 0xEB, 0xFE, 0xFE, 0x9F, 0xC4, 0x41, 0xCC,
    0xD9, 0x62, 0xBA, 0x76, 0x90, 0xE1, 0xCB, 0xB9, 0xB9, 0xD1, 0xB7, 0x4D, 0x89, 0x45, 0x40, 0x64,
    0xA5, 0x3F, 0xB6, 0x79, 0x8D, 0xDF, 0xC9, 0x38, 0xE2, 0x5E, 0x12, 0xFE, 0x11, 0x74, 0x33, 0xAA,
    0x2B, 0xDE, 0x19, 0x81, 0xDD, 0x26, 0xF7, 0x82, 0x22, 0xF5, 0xC9, 0xBD, 0xFC, 0x9D, 0x51, 0x3B,
    0x0E, 0x7A, 0x9D, 0x9A, 0x66, 0x41, 0x66, 0x91, 0x5B, 0x8F, 0xCF, 0xB8, 0xFF, 0x06, 0xBD, 0x50,
    0xBB, 0x11, 0xC2, 0x30, 0x0C, 0x7D, 0xB1, 0x0B, 0x73, 0x97, 0x42, 0x13, 0x70, 0xE9, 0x69, 0xB2,
    0x40, 0xEE, 0x94, 0x0D, 0x58, 0x83, 0x2D, 0xCC, 0x28, 0x4C, 0x82, 0x35, 0x42, 0x36, 0x20, 0x23,
    0xB8, 0x48, 0xE1, 0xC2, 0x41, 0x38, 0x09, 0xD0, 0x40, 0x41, 0x85, 0x4E, 0x7F, 0xBD, 0xF7, 0x0A,
    0x75, 0xDD, 0x6F, 0xB6, 0x83, 0x01, 0x83, 0xA4, 0x11, 0x3E, 0xBB, 0x38, 0xA3, 0xD2, 0x09, 0xF0,
    0x03, 0xC0, 0x02, 0x68, 0x84, 0xD5, 0x0C, 0xBA, 0x79, 0xF0, 0xB1, 0x91, 0x3D, 0xB9, 0x1E, 0x04,
    0xFC, 0x33, 0x54, 0xE3, 0xE6, 0x5E, 0x3F, 0xD2, 0x6A, 0xF9, 0x5B, 0x57, 0x65, 0x9B, 0xEC, 0x54,
    0x47, 0x8A, 0xCD, 0xC8, 0x03, 0x8B, 0x97, 0x20, 0x94, 0x29, 0x95, 0x39, 0xB6, 0x63, 0x2B, 0x2C,
    0xDC, 0x7B, 0x5C, 0x81, 0x5C, 0x25, 0x53, 0x90, 0x76, 0x72, 0x71, 0x41, 0xD3, 0xCA, 0x28, 0x88,
    0x85, 0xF5, 0xE4, 0x85, 0x17, 0x37, 0xD1, 0xB4, 0xDE, 0x37, 0x8D, 0x61, 0x55, 0x29, 0x5F, 0x5B,
    0x94, 0x3C, 0x42, 0x51, 0x9B, 0x71, 0x00, 0x4E, 0xA8, 0x2E, 0x41, 0x8C, 0xC2, 0x65, 0x15, 0xAB,
    0x7D, 0x7D, 0x7F, 0x97, 0xB2, 0xAC, 0x67, 0xEE, 0x0B, 0xCE, 0xA4, 0x07, 0xB3, 0xFF, 0xFF, 0xFF,
    0xFF, 0x0F, 0x7B, 0x38, 0xC1, 0xC0, 0xFE, 0x97, 0x01, 0x08, 0xFE, 0x83, 0x88, 0x7A, 0x07, 0x06,
    0x7B, 0x34, 0x59, 0x06, 0x7B, 0x07, 0xA0, 0xC4, 0x7E, 0x20, 0x66, 0x02, 0x2A, 0xD1, 0xDA, 0xFF,
    0x07, 0x28, 0xF2, 0xFF, 0x0B, 0x88, 0x68, 0x00, 0x12, 0x40, 0x06, 0x83, 0xFC, 0x07, 0x20, 0xC1,
    0x0D, 0x14, 0x67, 0x60, 0xFE, 0x07, 0x36, 0x09, 0xA4, 0xC1, 0xFE, 0x02, 0x4C, 0x86, 0xFD, 0x0F,
    0x54, 0x2F, 0x50, 0xA6, 0x01, 0x24, 0xF3, 0x80, 0x01, 0x0C, 0x00, 0xB3, 0xFF, 0x0F, 0x04, 0xF6,
    0x70, 0x02, 0x00, 0xED, 0x7D, 0xBD, 0xB3, 0x25, 0xC7, 0x75, 0xDF, 0x7C, 0x10, 0x3B, 0x34, 0xA6,
    0x5C, 0x83, 0x40, 0xF2, 0x87, 0xD6, 0xAA, 0x61, 0x68, 0xCB, 0x2E, 0x4D, 0x6A, 0x57, 0xC9, 0x9C,
    0x0B, 0x6E, 0xC9, 0x0C, 0x1C, 0x10, 0x81, 0x22, 0x29, 0x50, 0x6E, 0x05, 0x2F, 0x71, 0x28, 0x73,
    0x2E, 0x81, 0x80, 0x55, 0x56, 0xA0, 0xFD, 0x0F, 0xA8, 0x40, 0xAE, 0x52, 0x89, 0x01, 0x52, 0x07,
    0xF2, 0xCE, 0x00, 0x08, 0x14, 0x20, 0xC0, 0x95, 0x19, 0x28, 0x60, 0xC0, 0x11, 0xB8, 0x2A, 0x95,
    0xB5, 0x01, 0x86, 0xDC, 0x01, 0x31, 0x4B, 0xCC, 0x4C, 0xFB, 0x7C, 0x76, 0x9F, 0xBE, 0xEF, 0xBE,
    0x87, 0xB7, 0x0B, 0x90, 0x00, 0x6D, 0x6C, 0x81, 0xBC, 0xDD, 0xF7, 0xBD, 0x77, 0x3F, 0xCE, 0xE9,
    0x3E, 0xE7, 0x77, 0xBE, 0x7B, 0x27, 0xFF, 0xD6, 0xFE, 0xFA, 0x6A, 0x49, 0x92, 0xA4, 0x1B, 0x93,
    0x24, 0x9F, 0x61, 0x91, 0x54, 0x93, 0xAE, 0x72, 0x77, 0xA2, 0xD5, 0x21, 0xA9, 0xDD, 0x8A, 0xAB,
    0x72, 0x4C, 0x5A, 0xE7, 0x68, 0x35, 0x25, 0xFD, 0xB1, 0x1F, 0x60, 0x05, 0xFF, 0xB9, 0xA4, 0x3E,
    0xE1, 0x6A, 0x85, 0x55, 0x39, 0xC1, 0x2A, 0xDD, 0x92, 0x3E, 0xC9, 0x71, 0x05, 0xCF, 0xFC, 0x07,
    0x59, 0x75, 0x07, 0x7C, 0x5D, 0x5C, 0xB5, 0x83, 0xAE, 0xF0, 0xBD, 0x0A, 0xFA, 0x69, 0x01, 0x1F,
    0xA2, 0x5A, 0x70, 0x95, 0xB9, 0x24, 0x69, 0x1C, 0x7D, 0x02, 0xF7, 0x38, 0x75, 0xEE, 0x1D, 0x5C,
    0x35, 0xF0, 0x31, 0x9B, 0xA7, 0xB8, 0x2A, 0xE0, 0xF3, 0x16, 0x1F, 0xD3, 0xE7, 0xBB, 0x72, 0xC7,
    0xD4, 0xD1, 0x0A, 0xFF, 0x75, 0x7E, 0xD5, 0xE8, 0x2A, 0xFC, 0xB4, 0xD6, 0x55, 0xE6, 0xDC, 0x24,
    0xBF, 0xE5, 0xDE, 0x98, 0xF4, 0xB7, 0x72, 0x5E, 0xE5, 0xEE, 0x20, 0xAB, 0xCC, 0xAF, 0x12, 0xB7,
    0xE9, 0xEA, 0xCA, 0xBD, 0x23, 0xAB, 0xA4, 0xFF, 0x48, 0x57, 0x85, 0xBE, 0x1E, 0x3C, 0xE9, 0x57,
    0xB5, 0x5F, 0xDD, 0xFB, 0xB3, 0xC4, 0xD3, 0x19, 0xFE, 0x0D, 0x37, 0x6F, 0x02, 0x13, 0x80, 0x90,
    0x81, 0x0F, 0xC5, 0x64, 0x58, 0x51, 0x8D, 0x86, 0x1B, 0xF5, 0x60, 0x18, 0xD2, 0x0C, 0x86, 0x27,
    0xCD, 0xD1, 0xB0, 0xA5, 0x3D, 0x1A, 0xCE, 0xC0, 0xAF, 0x05, 0xE6, 0xC0, 0x26, 0xF0, 0x07, 0x5E,
    0x2D, 0xB0, 0xA8, 0x1A, 0x0C, 0x97, 0xAA, 0x93, 0x61, 0x14, 0x7E, 0x02, 0xCF, 0x2B, 0x78, 0xC7,
    0xC0, 0x2E, 0xDC, 0x78, 0x8E, 0xD1, 0xA7, 0x56, 0xA6, 0xD1, 0x46, 0xF9, 0x46, 0xBF, 0xA6, 0xAC,
    0xAB, 0x26, 0xC3, 0xBD, 0x7A, 0x34, 0x0C, 0xEC, 0x06, 0xDD, 0x54, 0x73, 0xE1, 0x8E, 0xBA, 0x29,
    0xE6, 0x76, 0x4F, 0xC2, 0xBF, 0x76, 0xB6, 0x9B, 0x43, 0x12, 0xFF, 0xEB, 0xFF, 0x3F, 0x39, 0xF4,
    0xFF, 0xC6, 0x1F, 0xFA, 0xF6, 0x48, 0x04, 0x53, 0x62, 0x14, 0x7E, 0x45, 0x47, 0x98, 0x7E, 0x4A,
    0x2B, 0xE4, 0x3C, 0xAF, 0xEA, 0x05, 0x5E, 0x91, 0x2E, 0x42, 0x89, 0x54, 0xA1, 0x63, 0x9D, 0x11,
    0x81, 0x26, 0xBE, 0x24, 0xFF, 0xE7, 0xE2, 0xB1, 0x2E, 0xFD, 0x2A, 0x0B, 0x07, 0xFC, 0x74, 0x7D,
    0x41, 0x9F, 0xD1, 0xF3, 0xE3, 0xA1, 0xDE, 0x3C, 0x77, 0xE0, 0xAB, 0xC3, 0x6C, 0xC0, 0x17, 0xE8,
    0x1D, 0x7D, 0x84, 0xB9, 0x4B, 0xF1, 0x26, 0xB8, 0x1D, 0xFE, 0xAA, 0x19, 0xE1, 0x37, 0x4E, 0xB0,
    0x80, 0x37, 0xCB, 0x77, 0x7C, 0x1D, 0xA0, 0x4F, 0xE6, 0x46, 0x5E, 0xF0, 0xEF, 0xE0, 0xE2, 0xBE,
    0xFB, 0x07, 0xB7, 0xF7, 0x7A, 0xE0, 0xE8, 0x3D, 0xE9, 0xBB, 0xE0, 0x7B, 0xF4, 0x5B, 0x57, 0xF2,
    0x2B, 0x1F, 0xBB, 0xA4, 0xC7, 0x53, 0xBD, 0xC0, 0x5F, 0xD5, 0xF0, 0x3B, 0x0D, 0xBE, 0x0E, 0x9E,
    0xE6, 0xCA, 0x1D, 0xE8, 0x2D, 0x60, 0x31, 0xB7, 0xFC, 0xC5, 0xAE, 0x5C, 0xC7, 0xA7, 0x11, 0x38,
    0x51, 0xD2, 0xCD, 0x84, 0xC3, 0x50, 0xF2, 0x29, 0xCC, 0x5D, 0xB1, 0x89, 0x60, 0x38, 0x3B, 0x6E,
    0x49, 0x7E, 0x8A, 0xB7, 0xFE, 0x3C, 0xC3, 0x61, 0x4A, 0x50, 0x9E, 0x08, 0x59, 0x7E, 0xBA, 0xC2,
    0x9D, 0xCA, 0xDD, 0x22, 0xDB, 0xA7, 0x6B, 0xD2, 0x4C, 0x66, 0x0B, 0x9F, 0x70, 0xCD, 0x99, 0x30,
    0xF0, 0x4E, 0xF9, 0x92, 0xB8, 0x95, 0x25, 0x50, 0x0A, 0x5F, 0x29, 0xDF, 0xCA, 0x75, 0xE7, 0x6D,
    0x0F, 0x14, 0x80, 0x0F, 0x38, 0xF5, 0xCC, 0x48, 0xF8, 0xD3, 0x11, 0x9E, 0x1B, 0x68, 0x0B, 0x2C,
    0xDC, 0xFB, 0x35, 0xA9, 0xB7, 0xE4, 0x11, 0x6E, 0x1B, 0x37, 0x6E, 0x05, 0x7D, 0x5E, 0x14, 0x66,
    0x19, 0xBC, 0x38, 0x1C, 0x56, 0xF8, 0x3A, 0x39, 0xBE, 0x32, 0x5E, 0xAF, 0x8D, 0x8E, 0x44, 0x83,
    0x82, 0x10, 0x49, 0xBD, 0xA1, 0x38, 0xF8, 0x03, 0x77, 0xA2, 0x5F, 0x9E, 0x69, 0x9B, 0xC3, 0xBB,
    0xE1, 0x4B, 0x01, 0x5D, 0x37, 0x38, 0xCC, 0x39, 0xBC, 0x19, 0x6E, 0xEF, 0xB9, 0x69, 0xAB, 0xDC,
    0x31, 0xC3, 0x5B, 0x43, 0x1F, 0x63, 0xDD, 0x6A, 0x47, 0xCC, 0xC9, 0xF9, 0x28, 0x6D, 0x70, 0xC2,
    0x80, 0x45, 0x23, 0x7F, 0xE6, 0x96, 0x69, 0xD7, 0xC9, 0x37, 0xAA, 0x36, 0x91, 0xA1, 0xBC, 0xCD,
    0x85, 0xB2, 0x3D, 0xCB, 0xD9, 0x54, 0xB6, 0xB5, 0x17, 0xB6, 0x22, 0xA5, 0xA3, 0x6D, 0x72, 0xB6,
    0x6D, 0xE3, 0x6D, 0x1D, 0x6F, 0xCB, 0x29, 0xB9, 0xE5, 0xDF, 0xD7, 0xE3, 0x6D, 0x7B, 0x6D, 0x2B,
    0x3C, 0x02, 0x56, 0x3E, 0x03, 0xA9, 0xA0, 0x02, 0x7C, 0x82, 0xF3, 0x76, 0x32, 0x5B, 0x38, 0x87,
    0x4B, 0xCB, 0xE7, 0x06, 0xBF, 0x82, 0x1B, 0x4B, 0x47, 0x77, 0x8F, 0x38, 0x88, 0x57, 0xBD, 0xE7,
    0xB3, 0x84, 0x1C, 0x2C, 0x56, 0xE4, 0xDD, 0x51, 0x39, 0x58, 0x39, 0x77, 0x24, 0x79, 0xC7, 0x1C,
    0xCC, 0xE1, 0xD5, 0x32, 0xDC, 0x0A, 0x07, 0x41, 0x82, 0x21, 0xE3, 0x94, 0x83, 0xBF, 0x06, 0x14,
    0x83, 0x57, 0x0E, 0x1C, 0xDC, 0x49, 0xDC, 0x2B, 0x07, 0x13, 0xFA, 0xA9, 0x72, 0x30, 0xC9, 0x56,
    0x12, 0x01, 0xC2, 0xC1, 0xA4, 0xE4, 0xAD, 0x70, 0x30, 0xE9, 0x26, 0x16, 0x10, 0xCC, 0x41, 0xBC,
    0x79, 0xB4, 0x65, 0x0E, 0xE6, 0x4E, 0xC4, 0x07, 0x73, 0x30, 0x5D, 0x74, 0xCB, 0x1C, 0x3C, 0xE8,
    0x56, 0x39, 0x28, 0xDB, 0x34, 0xDE, 0x06, 0x4A, 0x7E, 0x76, 0x5B, 0x2B, 0xE7, 0xE9, 0xDF, 0x6D,
    0x3B, 0xCF, 0x11, 0x79, 0x24, 0x86, 0xA4, 0xAB, 0xEE, 0x90, 0x1F, 0x99, 0xEE, 0x88, 0x1D, 0xB9,
    0xEC, 0x98, 0x1B, 0xD9, 0x96, 0x7C, 0x05, 0x77, 0xCC, 0x8C, 0xD4, 0xFD, 0xE3, 0x0E, 0x3B, 0xE5,
    0x45, 0x4F, 0x74, 0x55, 0x56, 0xC0, 0x11, 0x80, 0x47, 0xE5, 0x44, 0xDA, 0xCF, 0xF4, 0x9B, 0xCC,
    0x08, 0x14, 0x71, 0x9B, 0xE7, 0x43, 0xB9, 0xD1, 0x3B, 0x08, 0x1B, 0xF0, 0xF4, 0x6E, 0x9E, 0x0B,
    0xDD, 0xC0, 0x3B, 0x66, 0x42, 0xBB, 0xCB, 0xE7, 0x24, 0x1E, 0x34, 0xF4, 0x6A, 0xCA, 0x82, 0x97,
    0xE9, 0xFD, 0x3C, 0x07, 0xEE, 0xB9, 0xD3, 0x66, 0x18, 0xD0, 0x2C, 0x9B, 0xBD, 0x40, 0xBB, 0xDD,
    0x25, 0x5D, 0xB4, 0xAB, 0xA3, 0x5D, 0x1E, 0xED, 0x50, 0xC5, 0xE9, 0x05, 0x38, 0xC2, 0x8B, 0x86,
    0xFB, 0x50, 0x8E, 0x19, 0x0A, 0x5C, 0xDD, 0x56, 0x73, 0xC9, 0x88, 0x86, 0x3F, 0x70, 0xBE, 0x55,
    0x73, 0x73, 0x52, 0x7A, 0xC3, 0x37, 0x7F, 0x73, 0xA8, 0x4E, 0x4A, 0x70, 0xF8, 0x3A, 0xEE, 0x40,
    0x5B, 0x16, 0x61, 0x20, 0x87, 0x8F, 0xF8, 0xBD, 0x85, 0xE4, 0xF8, 0xC2, 0xE1, 0x02, 0x80, 0xEE,
    0xEC, 0xF0, 0x6F, 0x84, 0xE8, 0xDF, 0x85, 0x33, 0xDB, 0x23, 0x22, 0x61, 0xAA, 0x83, 0xD6, 0x84,
    0x3B, 0xFA, 0x7B, 0x4A, 0xF6, 0x77, 0xE0, 0x80, 0xA3, 0x82, 0x16, 0xBA, 0xBF, 0x8D, 0xDB, 0x6A,
    0xF7, 0x84, 0x87, 0xBB, 0x02, 0x6F, 0xED, 0x29, 0xEF, 0x92, 0xF6, 0x75, 0x87, 0xCA, 0x52, 0x48,
    0x7F, 0x68, 0xDC, 0xDA, 0x1C, 0x3D, 0xED, 0x87, 0x0A, 0xEE, 0xF5, 0xA0, 0xC4, 0xAF, 0x4F, 0x80,
    0x10, 0xF1, 0x86, 0x31, 0xF5, 0xAB, 0xA0, 0x54, 0xE9, 0xFB, 0xAE, 0x7A, 0x4E, 0x89, 0xFE, 0x19,
    0x7E, 0xC9, 0x2E, 0xA0, 0x13, 0xA0, 0x4C, 0x66, 0x94, 0x07, 0xBC, 0x60, 0xB3, 0x1A, 0x09, 0x05,
    0xDF, 0xD7, 0xC0, 0x9A, 0xD4, 0x29, 0x25, 0xF5, 0xC7, 0xCB, 0xD9, 0x89, 0x1F, 0x6E, 0xDB, 0x29,
    0x0B, 0x3C, 0x38, 0x22, 0x0E, 0xB4, 0x83, 0xBF, 0x3A, 0xF0, 0xD9, 0xDA, 0x51, 0x41, 0x32, 0xD2,
    0xBF, 0x5D, 0x14, 0x28, 0xA3, 0x06, 0x69, 0xDD, 0x43, 0x56, 0xD9, 0x24, 0x7E, 0xDA, 0xDE, 0x10,
    0xFF, 0xD8, 0x56, 0xA8, 0x6D, 0xF5, 0xC4, 0xB7, 0x69, 0xEF, 0x82, 0xF6, 0x00, 0x3E, 0x94, 0xB3,
    0x3F, 0xF1, 0x2D, 0xE9, 0x31, 0x25, 0xBC, 0xEC, 0xF4, 0xC4, 0xF3, 0x4E, 0xC8, 0xDE, 0x0A, 0x0E,
    0x13, 0xAA, 0xAB, 0xC0, 0x26, 0xA2, 0xC3, 0xAE, 0x1A, 0xFD, 0x89, 0x87, 0x6F, 0xC4, 0x5F, 0x23,
    0x97, 0x5D, 0x1F, 0x44, 0x4E, 0x7B, 0xCC, 0x0D, 0x81, 0x9B, 0xD1, 0xD2, 0xB7, 0xA2, 0x43, 0xE6,
    0x01, 0xA5, 0x60, 0x11, 0xA5, 0xC7, 0x7C, 0x4D, 0x9E, 0x4C, 0xB7, 0x6F, 0x95, 0xC0, 0x81, 0xBF,
    0x44, 0xE1, 0xEE, 0x94, 0x58, 0x12, 0xFB, 0x3B, 0xC6, 0x34, 0xEE, 0xE0, 0xFF, 0x1F, 0x07, 0x22,
    0x77, 0x2D, 0xCB, 0x26, 0xA1, 0x72, 0x77, 0x8F, 0x38, 0xA7, 0x64, 0x06, 0xFC, 0xE4, 0xEA, 0xA0,
    0xA6, 0x61, 0xDB, 0x17, 0x11, 0xA1, 0x77, 0xA0, 0x9F, 0xA7, 0xF4, 0x21, 0x5F, 0x33, 0x43, 0xEA,
    0xA1, 0x59, 0x0C, 0xAD, 0x1B, 0x14, 0x69, 0x81, 0xD8, 0x40, 0x8A, 0x43, 0x11, 0xA8, 0x9D, 0xC1,
    0x67, 0xAA, 0xAC, 0x9A, 0x66, 0x84, 0xEC, 0xD5, 0x34, 0x7C, 0x84, 0x40, 0xF0, 0xFC, 0xE7, 0xDF,
    0x77, 0x7B, 0xE2, 0x29, 0x9E, 0xC7, 0xA7, 0x36, 0x77, 0x31, 0x5D, 0xFF, 0x48, 0x90, 0x9E, 0x37,
    0x8B, 0x04, 0x1B, 0x7A, 0x14, 0xE9, 0xF6, 0x58, 0x4D, 0xC7, 0x3F, 0x36, 0xE6, 0x00, 0x7F, 0x90,
    0xC3, 0xAD, 0x2A, 0xE0, 0x9A, 0xDC, 0xBF, 0xF0, 0xC4, 0xAE, 0x8C, 0x4B, 0xBC, 0x3A, 0x56, 0xF1,
    0x04, 0xDF, 0xF3, 0xEA, 0x64, 0x98, 0x87, 0xC0, 0xA8, 0x5A, 0x02, 0xFB, 0xD0, 0x22, 0x00, 0x00,
    0xF4, 0xD0, 0x33, 0x10, 0xCE, 0x28, 0x62, 0x1E, 0xD0, 0xCD, 0xC2, 0xC2, 0x62, 0x66, 0x35, 0xB1,
    0x2B, 0x13, 0xDF, 0x58, 0x40, 0xCB, 0xBC, 0x04, 0x37, 0x44, 0xD9, 0xF8, 0xF6, 0x0A, 0x4F, 0x00,
    0x06, 0x75, 0x9E, 0x91, 0x5B, 0xE2, 0x32, 0x78, 0x85, 0xA0, 0x26, 0x1C, 0x7E, 0x2B, 0xFC, 0x35,
    0x65, 0x66, 0x77, 0x68, 0xDD, 0xB2, 0xA2, 0x82, 0xD2, 0xAB, 0x33, 0x00, 0x28, 0x5D, 0x2D, 0x43,
    0x47, 0x82, 0x78, 0x8B, 0x67, 0x69, 0x89, 0x3C, 0xE1, 0xDF, 0x60, 0xA6, 0x22, 0xEF, 0x32, 0x79,
    0x82, 0xD9, 0x0A, 0x9F, 0xA7, 0x58, 0xF8, 0x09, 0x96, 0xF6, 0xED, 0x33, 0xC0, 0x02, 0xFC, 0x04,
    0xAB, 0x8F, 0x0A, 0x51, 0x75, 0xB6, 0x58, 0x6E, 0xC1, 0x71, 0xCD, 0xCC, 0x9D, 0x02, 0x80, 0xF7,
    0x98, 0xF5, 0x68, 0xF4, 0x6F, 0x3B, 0x7F, 0x62, 0x3F, 0x7F, 0xE2, 0x51, 0x72, 0xFB, 0xBF, 0xEC,
    0x4C, 0xD9, 0x1B, 0x4C, 0xCD, 0xFB, 0x29, 0x62, 0xFD, 0x18, 0x60, 0xF4, 0x8D, 0x7B, 0xF3, 0xC1,
    0xAA, 0x31, 0x00, 0x6B, 0xBB, 0x17, 0xAE, 0xA7, 0x82, 0x5A, 0x45, 0x2F, 0x21, 0x6F, 0x0D, 0xB6,
    0x46, 0xD1, 0x31, 0x5A, 0x70, 0xDD, 0xBA, 0xEF, 0x8D, 0x06, 0x5D, 0xC3, 0x5B, 0xD1, 0xEB, 0x05,
    0x44, 0x70, 0xA0, 0xBD, 0xF0, 0xFB, 0x6D, 0x34, 0x7F, 0xC7, 0x00, 0xB0, 0xFF, 0x1A, 0x3E, 0x03,
    0xBF, 0x3F, 0x73, 0x1B, 0x94, 0x17, 0x5C, 0xC6, 0x00, 0xB1, 0x5F, 0x87, 0x8F, 0x50, 0x6D, 0x06,
    0x63, 0xC3, 0x67, 0xAC, 0xDC, 0x83, 0x00, 0xB2, 0xEF, 0xBB, 0x53, 0xE5, 0x7E, 0x60, 0xAE, 0x6F,
    0xB7, 0x54, 0x4F, 0x3E, 0x32, 0x30, 0x1B, 0xB4, 0xE7, 0xFB, 0xCE, 0xE2, 0xEC, 0xFE, 0xBD, 0xD1,
    0x59, 0xA0, 0x5D, 0x7F, 0x30, 0x46, 0xE0, 0x19, 0x30, 0x7E, 0x84, 0x9E, 0x81, 0x1E, 0x55, 0x04,
    0x9F, 0xBB, 0x11, 0xAC, 0x3F, 0x0B, 0xCD, 0xCE, 0xB8, 0x43, 0xC7, 0xB1, 0x0F, 0x82, 0x32, 0x63,
    0xC9, 0x6B, 0x9E, 0x69, 0x11, 0xCF, 0xCE, 0xE6, 0x19, 0x54, 0x77, 0xA5, 0x08, 0x83, 0x4D, 0x44,
    0xC1, 0xA1, 0x7F, 0x93, 0xA5, 0x89, 0xF0, 0xA9, 0x06, 0x35, 0xEF, 0x4E, 0x24, 0x12, 0x84, 0x53,
    0xA0, 0x08, 0x9A, 0x9D, 0x10, 0xAF, 0xF2, 0xAA, 0x3F, 0x20, 0x3E, 0x41, 0xD0, 0x2B, 0xDC, 0xC2,
    0xB3, 0xD7, 0x8C, 0xF4, 0x9B, 0xC2, 0x2F, 0x3C, 0xAF, 0xCD, 0x00, 0x7A, 0xDC, 0xDB, 0x43, 0xFC,
    0x0C, 0x40, 0x04, 0xE1, 0xD9, 0x5B, 0xAF, 0x65, 0xFC, 0x8C, 0xBF, 0xA5, 0xEF, 0x2C, 0x29, 0xBE,
    0xCE, 0xE9, 0xE5, 0xFE, 0x28, 0x7C, 0x03, 0xCC, 0xE1, 0xD0, 0x80, 0xC3, 0xF7, 0x12, 0xCE, 0xCD,
    0xA4, 0xD2, 0x17, 0xF4, 0xA2, 0x30, 0xEF, 0xC0, 0xBE, 0x06, 0x94, 0xD7, 0x6C, 0xE4, 0x57, 0x21,
    0xEE, 0xB1, 0xAF, 0xA1, 0xE1, 0x6F, 0x41, 0xFC, 0xE3, 0x0B, 0xD7, 0x7C, 0x40, 0x60, 0x87, 0x38,
    0xC8, 0x6E, 0xA0, 0xE6, 0x5D, 0xFE, 0x8A, 0xC8, 0xC3, 0x8C, 0x85, 0xD1, 0xD0, 0xCF, 0x9E, 0x8B,
    0x7C, 0x30, 0x87, 0x24, 0x48, 0x62, 0xD4, 0x25, 0x7B, 0x63, 0xE5, 0x65, 0x15, 0xA0, 0x40, 0x24,
    0x2F, 0x87, 0xF3, 0xCB, 0x76, 0xED, 0x99, 0x73, 0xB9, 0xEB, 0xDF, 0xAB, 0x92, 0xE7, 0xAF, 0x3D,
    0x8A, 0xDC, 0xD4, 0x73, 0x52, 0x6E, 0x41, 0x1F, 0xD0, 0x87, 0x57, 0x0B, 0xFD, 0xBE, 0xF3, 0x8E,
    0xB8, 0x42, 0x24, 0x8B, 0x17, 0x28, 0xAB, 0x9E, 0x87, 0xFD, 0xFC, 0xD1, 0xDC, 0xDD, 0x54, 0x64,
    0x76, 0xC7, 0xCF, 0x96, 0xFC, 0xBA, 0x29, 0xFE, 0xF2, 0x22, 0x77, 0x12, 0x45, 0xE9, 0x06, 0xBF,
    0xAF, 0x42, 0xB7, 0x45, 0x2E, 0x02, 0x8F, 0x5B, 0xE4, 0x38, 0x50, 0x17, 0x54, 0xB6, 0x73, 0xDF,
    0x9C, 0x1B, 0xC2, 0x80, 0x6E, 0x6C, 0x18, 0xF5, 0x0F, 0xE4, 0x49, 0xC1, 0xA3, 0xF6, 0x2F, 0xC4,
    0xCA, 0x47, 0x33, 0x90, 0xC4, 0xF0, 0x81, 0x3F, 0x24, 0x22, 0x3B, 0xFB, 0xE8, 0x58, 0x8C, 0x96,
    0xBB, 0x50, 0x76, 0x11, 0x27, 0xC7, 0xC8, 0x44, 0x7D, 0x76, 0xA3, 0x74, 0xFB, 0x9D, 0xD8, 0x8E,
    0x8D, 0x8D, 0xDC, 0x48, 0xDF, 0xAD, 0x37, 0xDB, 0xB0, 0xB7, 0xED, 0x8A, 0xD8, 0x70, 0x8E, 0x54,
    0xF0, 0x99, 0xB8, 0x8E, 0xBD, 0x19, 0xED, 0x70, 0xAE, 0x54, 0xA7, 0xDB, 0x76, 0x9E, 0x2F, 0xB9,
    0x1C, 0x21, 0xBE, 0xA9, 0x99, 0xB0, 0x98, 0x6F, 0x69, 0xFA, 0xF1, 0x92, 0x18, 0x69, 0xFA, 0x6C,
    0x0B, 0x00, 0x08, 0x78, 0xDE, 0x27, 0xC6, 0x4D, 0xB1, 0xB6, 0x01, 0xFE, 0xC0, 0x07, 0xAD, 0x02,
    0xCA, 0x04, 0x82, 0x97, 0xC6, 0x47, 0x91, 0x2F, 0x79, 0x40, 0x99, 0xA0, 0xED, 0x0C, 0xCA, 0x84,
    0x3B, 0x69, 0x54, 0x65, 0x0A, 0x1A, 0x6C, 0x55, 0xD9, 0x09, 0x7A, 0xF8, 0x40, 0x5F, 0x9F, 0x6F,
    0x1E, 0x1C, 0x12, 0x3E, 0x7B, 0x74, 0xEB, 0xE0, 0xC3, 0xF1, 0x0E, 0x6F, 0x5C, 0xF1, 0x4C, 0xEF,
    0x21, 0xDE, 0x36, 0xC4, 0x4A, 0x41, 0x31, 0xE6, 0x6B, 0x62, 0x1C, 0x98, 0x78, 0x3A, 0x8C, 0xF4,
    0xEC, 0x66, 0x7B, 0x9B, 0x6A, 0xB1, 0x3D, 0xFD, 0x65, 0xB0, 0x9C, 0xB8, 0xC2, 0x93, 0x1C, 0xC3,
    0x93, 0xF5, 0xF6, 0x6D, 0xB8, 0x06, 0x7D, 0x12, 0x01, 0x97, 0x3E, 0x89, 0x60, 0x4B, 0x9F, 0x44,
    0xA0, 0xA5, 0x37, 0xC0, 0x1E, 0x7D, 0x99, 0x49, 0xF2, 0x9A, 0x07, 0x2C, 0xB8, 0x2D, 0xA6, 0x00,
    0x57, 0xD0, 0x39, 0xB6, 0x7A, 0xBB, 0x0A, 0xEE, 0x4A, 0xD2, 0xAE, 0x4A, 0xF6, 0xB7, 0x70, 0x4B,
    0xD8, 0x86, 0xE9, 0x0E, 0x86, 0xD4, 0x37, 0xB7, 0xDE, 0x13, 0xBE, 0x07, 0x11, 0x34, 0xB7, 0x01,
    0xA4, 0x1C, 0x2A, 0x77, 0x0A, 0x76, 0x15, 0x20, 0xA7, 0x9D, 0xAC, 0x11, 0xD6, 0x5A, 0xA4, 0x22,
    0xC8, 0x38, 0x21, 0xA5, 0x45, 0xC7, 0xB7, 0xF5, 0x3A, 0x8B, 0x48, 0xDF, 0x79, 0x61, 0x97, 0x3A,
    0x3D, 0xA8, 0xAC, 0xB1, 0xFA, 0x93, 0x30, 0x47, 0x44, 0xD3, 0x96, 0x5C, 0x2D, 0xB1, 0x21, 0x65,
    0x15, 0xD2, 0x19, 0x24, 0x2D, 0x11, 0xAF, 0xBE, 0x80, 0x21, 0x15, 0xC1, 0xFC, 0x36, 0x42, 0xF9,
    0x6D, 0x04, 0xF2, 0xDB, 0x24, 0x32, 0xA4, 0xD4, 0xF7, 0xC9, 0x86, 0x14, 0x19, 0xA2, 0xDE, 0x90,
    0x02, 0x11, 0x6D, 0x0C, 0x29, 0xD8, 0x45, 0xF8, 0xBE, 0xFA, 0x4C, 0x0C, 0xA9, 0x22, 0x36, 0xA4,
    0x26, 0x6B, 0x48, 0xB1, 0x71, 0x7E, 0xD1, 0x90, 0xCA, 0x6E, 0x33, 0xA4, 0xA6, 0xDB, 0x0D, 0x29,
    0x2B, 0x6D, 0x22, 0x49, 0x94, 0xCE, 0x67, 0x92, 0x48, 0x01, 0x40, 0xE1, 0xC6, 0xD4, 0x6D, 0xBA,
    0x6B, 0xDD, 0x6E, 0x76, 0xF0, 0xBF, 0xB7, 0xDC, 0x96, 0xA8, 0x43, 0xE6, 0xD0, 0x7D, 0xB8, 0x7A,
    0xAF, 0x28, 0x1C, 0xD5, 0x7D, 0x55, 0x3E, 0x90, 0x77, 0x78, 0x55, 0x3E, 0xE0, 0xF7, 0x86, 0xB3,
    0x2B, 0x7C, 0xC0, 0x5D, 0xE5, 0x71, 0x3A, 0xD2, 0x8B, 0x1C, 0x04, 0x7C, 0xEA, 0x09, 0x1B, 0x7B,
    0xE5, 0xCF, 0x90, 0x56, 0xF9, 0xD0, 0x81, 0x0C, 0xF1, 0xAE, 0x84, 0xA1, 0x66, 0x01, 0x22, 0x7C,
    0x48, 0x79, 0xA7, 0x9E, 0xB4, 0x94, 0x65, 0xAB, 0xB8, 0x42, 0x45, 0xD2, 0x8A, 0x27, 0x54, 0xE5,
    0xAE, 0x5A, 0x58, 0xE9, 0x6A, 0x0D, 0xAC, 0x74, 0xB5, 0x4E, 0x17, 0xDE, 0xA5, 0xDB, 0x25, 0x79,
    0xFD, 0xD9, 0xEC, 0x22, 0x21, 0x7F, 0xC3, 0xF2, 0x5C, 0xFF, 0xFB, 0x60, 0x4C, 0x08, 0xA5, 0x21,
    0xA1, 0x57, 0x51, 0xF5, 0xDD, 0x92, 0x81, 0xBA, 0xA6, 0xD0, 0x94, 0x43, 0xFD, 0x0A, 0x17, 0xA1,
    0x9C, 0xF0, 0x96, 0xF6, 0x0B, 0x1A, 0xB1, 0x14, 0x01, 0x71, 0x03, 0xE2, 0xE0, 0x85, 0x43, 0x25,
    0x28, 0xC0, 0xD7, 0x9C, 0x1C, 0xA1, 0xF0, 0x6C, 0xBA, 0xC1, 0x81, 0xEB, 0x27, 0x3A, 0x9F, 0xB0,
    0xC8, 0x81, 0xDE, 0x68, 0x83, 0x76, 0x87, 0x7F, 0x92, 0xBB, 0x95, 0xB4, 0x0B, 0x48, 0xF6, 0xF4,
    0xEF, 0x1C, 0xB2, 0x85, 0xFC, 0xF8, 0x49, 0x9F, 0xCD, 0x0A, 0x38, 0xD8, 0xC9, 0xC1, 0x42, 0xE3,
    0x90, 0xA8, 0xC0, 0x10, 0x29, 0x08, 0xC2, 0x22, 0x95, 0x6F, 0xD3, 0xEC, 0x87, 0xDA, 0x9B, 0xB4,
    0x41, 0x18, 0xF7, 0xC1, 0x28, 0xBD, 0x77, 0x41, 0x6B, 0xFF, 0x71, 0xBC, 0xFD, 0xF6, 0x19, 0x52,
    0x32, 0xCE, 0x30, 0xB2, 0xF0, 0x0F, 0xBD, 0x57, 0x95, 0x9B, 0xD9, 0xFE, 0x14, 0xC5, 0x50, 0xC7,
    0x77, 0x65, 0x23, 0x5E, 0xF7, 0x43, 0xE7, 0x05, 0x0A, 0x1C, 0xCF, 0xFA, 0xD4, 0x79, 0x89, 0x02,
    0xDB, 0x6A, 0xEC, 0xBC, 0x48, 0x01, 0xA4, 0x54, 0x4D, 0x9D, 0x97, 0x29, 0xF0, 0x45, 0xF9, 0xA7,
    0x22, 0x54, 0x66, 0xFE, 0x5B, 0x95, 0x2A, 0x5F, 0x43, 0x93, 0x31, 0x31, 0x9A, 0x13, 0x03, 0x1D,
    0xFE, 0x3C, 0xBF, 0xD4, 0x6F, 0x09, 0xFD, 0xB2, 0x08, 0x16, 0xE0, 0x65, 0x97, 0x04, 0xC9, 0xB2,
    0xB3, 0xDC, 0x55, 0xBF, 0xC1, 0x26, 0x62, 0x98, 0xCF, 0x74, 0x4D, 0x41, 0x18, 0x7F, 0xA8, 0x53,
    0x7E, 0x29, 0x7F, 0xAA, 0x29, 0xD8, 0x62, 0x8E, 0x75, 0x37, 0x75, 0xD6, 0x99, 0x58, 0xAE, 0x5D,
    0x62, 0x0E, 0x76, 0xE6, 0xBA, 0x98, 0x90, 0xF1, 0x91, 0xAB, 0xE3, 0x6D, 0xE1, 0xCE, 0x20, 0x6B,
    0x72, 0x0B, 0x8A, 0xB9, 0xE6, 0x19, 0x58, 0x6E, 0xDB, 0xA9, 0x84, 0xEF, 0x23, 0x09, 0xDF, 0x47,
    0x12, 0xBE, 0x8F, 0x24, 0x3C, 0xEC, 0x8A, 0xD1, 0x4B, 0xF8, 0x1E, 0xCF, 0xB8, 0x67, 0x06, 0xA8,
    0x53, 0x67, 0x9C, 0xC3, 0x64, 0xE9, 0x28, 0x2B, 0xFA, 0xD4, 0xFD, 0x78, 0xF1, 0x9C, 0xE8, 0xAB,
    0xBD, 0x08, 0x71, 0x96, 0xBE, 0x9D, 0xCB, 0x10, 0x66, 0x81, 0x9B, 0x54, 0x85, 0x28, 0x4B, 0xBF,
    0xB3, 0xBE, 0x64, 0x2E, 0xF4, 0x1C, 0x8D, 0x15, 0x26, 0xC0, 0xF1, 0x66, 0xF0, 0xDD, 0x8A, 0x14,
    0xE7, 0x1D, 0xB1, 0xE0, 0xAB, 0x0A, 0xCC, 0xF3, 0xCD, 0x18, 0x66, 0x5E, 0xB2, 0x54, 0xE3, 0x9D,
    0x11, 0xE4, 0x2D, 0x78, 0x32, 0x5B, 0x2E, 0x53, 0x1E, 0x90, 0xC5, 0x50, 0xB8, 0x39, 0x48, 0x78,
    0xBB, 0xAB, 0x68, 0xA7, 0x94, 0xAF, 0x47, 0x79, 0x3F, 0xA2, 0x3C, 0x87, 0xB4, 0x95, 0xF2, 0x00,
    0xEF, 0xFA, 0x60, 0x8C, 0x57, 0x63, 0xE3, 0x82, 0x29, 0x5E, 0xEC, 0x24, 0x8A, 0x84, 0xF2, 0xF0,
    0xE4, 0x93, 0xC8, 0x0C, 0x2F, 0xAC, 0x11, 0x7E, 0x2C, 0x8C, 0x09, 0xBE, 0x24, 0x85, 0x31, 0xC0,
    0x8F, 0xF4, 0xEE, 0xC1, 0xFC, 0x2E, 0x22, 0xE3, 0xBB, 0x88, 0x4C, 0xEF, 0x22, 0x18, 0xDE, 0x57,
    0xAC, 0x63, 0xF4, 0xF4, 0xB3, 0x8E, 0x09, 0x46, 0x77, 0x11, 0x99, 0xDC, 0x7F, 0x1D, 0x19, 0xDC,
    0x51, 0x60, 0xAB, 0x70, 0xB1, 0xB1, 0x1D, 0x9B, 0xDA, 0xD1, 0xAE, 0x89, 0x76, 0xB1, 0x51, 0x6E,
    0x32, 0x0E, 0x86, 0xEB, 0x8B, 0x28, 0x50, 0xDE, 0x05, 0xC7, 0xEF, 0x51, 0xFD, 0x3A, 0x0B, 0xDF,
    0x41, 0x96, 0xFC, 0xA5, 0x5B, 0xDA, 0x57, 0xF1, 0x8F, 0x00, 0x30, 0xB7, 0x07, 0x30, 0x9F, 0x11,
    0x1D, 0xB7, 0x87, 0x72, 0xA2, 0x8B, 0xD7, 0x1E, 0x48, 0x82, 0xCF, 0xB8, 0x20, 0x50, 0x72, 0xE4,
    0xC5, 0x7D, 0x80, 0x7F, 0x07, 0xF2, 0x3C, 0xD5, 0x5B, 0xFB, 0x80, 0xBE, 0x47, 0xEA, 0xFA, 0x6F,
    0xCA, 0x9B, 0xBB, 0x6F, 0xEE, 0x6A, 0xD7, 0xD3, 0x7B, 0xEF, 0x19, 0x2F, 0x80, 0xAD, 0x3D, 0x1B,
    0x0D, 0x6E, 0xE3, 0x98, 0xF5, 0x76, 0xCF, 0x91, 0x18, 0xC7, 0x24, 0x06, 0x27, 0x0B, 0xFE, 0x2B,
    0xA0, 0x66, 0x2A, 0x1E, 0x81, 0xA3, 0x88, 0x7A, 0xF8, 0x5B, 0xFE, 0x5E, 0xF5, 0x6D, 0xFE, 0xA4,
    0x18, 0x86, 0x9C, 0xE1, 0x10, 0x0B, 0x44, 0x30, 0x26, 0x67, 0xB0, 0x07, 0xD8, 0x95, 0x8B, 0xD9,
    0x22, 0xB4, 0x4C, 0x3D, 0x16, 0x49, 0xDA, 0x25, 0xED, 0xFF, 0xC6, 0x83, 0x11, 0xF4, 0xEF, 0x57,
    0x1F, 0x06, 0x34, 0x02, 0x5F, 0x97, 0xC1, 0x09, 0x07, 0xF8, 0x96, 0x84, 0x32, 0x0B, 0x14, 0x87,
    0x03, 0xC1, 0xBB, 0xE0, 0x38, 0xCC, 0xF0, 0x75, 0xAB, 0x35, 0xF8, 0x7E, 0xDD, 0xBB, 0x28, 0xE6,
    0xBD, 0x0C, 0x6F, 0x7E, 0x84, 0x46, 0x8D, 0x37, 0x7F, 0xE0, 0xFA, 0x18, 0x50, 0x02, 0xDB, 0xC4,
    0xA0, 0x12, 0x38, 0xAC, 0x89, 0x85, 0x25, 0x60, 0x9D, 0x58, 0x5C, 0x02, 0x9F, 0xD2, 0x02, 0x93,
    0xAF, 0xC7, 0xC8, 0xE4, 0xAB, 0xE7, 0xD0, 0xE4, 0x0C, 0x9B, 0x9C, 0x81, 0x93, 0x73, 0x5C, 0xF1,
    0x19, 0x6E, 0x2F, 0x78, 0x77, 0x0F, 0x9F, 0xFC, 0x84, 0xB0, 0x26, 0x75, 0x47, 0x7B, 0xA5, 0x00,
    0x29, 0x5A, 0xD3, 0x8B, 0x45, 0x3A, 0x4A, 0x8C, 0x87, 0x46, 0xAA, 0x67, 0x0E, 0x63, 0x4E, 0x47,
    0x63, 0x9D, 0x36, 0x4B, 0xC6, 0xDE, 0x6D, 0x35, 0x50, 0xF3, 0x35, 0x5B, 0x1B, 0x03, 0xE0, 0x81,
    0xA6, 0xC0, 0x16, 0xD4, 0xDF, 0xC2, 0xA8, 0xD4, 0x2D, 0xF0, 0x04, 0x30, 0x4C, 0x59, 0x05, 0xC7,
    0x29, 0x43, 0x75, 0x1D, 0xE4, 0xFC, 0x82, 0x58, 0x33, 0x88, 0xFA, 0x77, 0xE0, 0x2F, 0x11, 0x7C,
    0x06, 0x99, 0xB3, 0x27, 0xFA, 0x1B, 0x2A, 0x76, 0xE8, 0x4F, 0xEA, 0x20, 0x79, 0x1C, 0xBE, 0x68,
    0xE5, 0x82, 0xD8, 0xBF, 0x8F, 0x6F, 0x5B, 0x39, 0x13, 0x99, 0x6D, 0x1C, 0x3C, 0xB1, 0x19, 0xF5,
    0x9B, 0xBA, 0xFF, 0xBD, 0x26, 0x89, 0x55, 0xC0, 0xF5, 0xCF, 0xCE, 0x08, 0x9E, 0xBB, 0x6B, 0x20,
    0xF1, 0xFC, 0x89, 0xE6, 0xFC, 0x89, 0xEA, 0xFC, 0x89, 0x7C, 0xBD, 0x78, 0x01, 0x95, 0x51, 0xC7,
    0xEB, 0x8B, 0x4F, 0xCC, 0x15, 0x99, 0x35, 0x57, 0x64, 0x97, 0x5C, 0x11, 0x8A, 0x8C, 0x53, 0x1E,
    0x48, 0x7B, 0x92, 0x5C, 0x91, 0x4A, 0x73, 0x45, 0x48, 0xB0, 0x53, 0xAE, 0xC8, 0x24, 0xBF, 0x83,
    0xA4, 0xC5, 0x5C, 0x11, 0xA6, 0x60, 0x83, 0x7E, 0xC6, 0x91, 0xCD, 0x44, 0xCE, 0xF1, 0xC0, 0x5C,
    0x91, 0xDD, 0xC2, 0x17, 0xCA, 0x15, 0x61, 0xBB, 0x47, 0x16, 0x94, 0x2B, 0xC2, 0x8B, 0xB9, 0x55,
    0xEB, 0xBD, 0xF3, 0x81, 0xBA, 0x73, 0xC8, 0x12, 0x9C, 0x38, 0xEE, 0xFA, 0x31, 0xDE, 0x6F, 0xDF,
    0x5E, 0xF7, 0x9F, 0xA7, 0x91, 0x81, 0xA5, 0x36, 0x7E, 0x12, 0xDB, 0xF8, 0x00, 0x39, 0xA6, 0x60,
    0xE3, 0x67, 0x5B, 0x52, 0x2D, 0x21, 0x28, 0x81, 0x47, 0x32, 0x58, 0x3B, 0x78, 0x42, 0xFB, 0x3D,
    0x04, 0x24, 0xB2, 0xBD, 0x70, 0x51, 0x38, 0xC2, 0xAD, 0xAD, 0x09, 0x46, 0x74, 0x6E, 0x6C, 0x8F,
    0x21, 0x14, 0x01, 0xA4, 0x6A, 0x8E, 0x21, 0x10, 0x21, 0x9E, 0x41, 0xC1, 0x87, 0x27, 0xD9, 0x8A,
    0x8D, 0xEF, 0x93, 0x8F, 0xDA, 0x10, 0x1D, 0x3D, 0xE8, 0x11, 0xCD, 0xBC, 0x51, 0x9F, 0xAB, 0x51,
    0xCF, 0x7E, 0x4E, 0x3E, 0x9E, 0x70, 0xCD, 0xCE, 0xA3, 0xA3, 0x53, 0x6C, 0xD4, 0x1F, 0x6F, 0x8C,
    0x8E, 0x5E, 0xCA, 0xFB, 0x5A, 0x43, 0x5E, 0x8D, 0x8A, 0x84, 0x45, 0xFD, 0x88, 0xB4, 0x42, 0xCF,
    0xE4, 0x09, 0x57, 0xEC, 0x4B, 0xCC, 0x95, 0x7E, 0x1C, 0x65, 0x7B, 0x86, 0xA4, 0x7B, 0xB0, 0x28,
    0xD5, 0xDE, 0x58, 0x82, 0x67, 0x58, 0x08, 0x8B, 0x2B, 0xBD, 0xD3, 0xDE, 0x38, 0x7F, 0xE0, 0x0D,
    0x73, 0x7A, 0x0F, 0xD0, 0x1D, 0xD5, 0x12, 0xA2, 0x32, 0x12, 0x8E, 0xD1, 0x4F, 0x80, 0x0E, 0xA2,
    0x99, 0x57, 0xC8, 0x48, 0x79, 0x6E, 0xBD, 0xE7, 0xDE, 0xE1, 0xD5, 0x9C, 0x34, 0x4F, 0x17, 0x01,
    0x60, 0x05, 0xCB, 0x33, 0xFC, 0x10, 0xCE, 0x7F, 0x23, 0x09, 0xE1, 0x76, 0x49, 0x22, 0x61, 0xAB,
    0x7F, 0x4A, 0xBE, 0xAB, 0xFE, 0xB2, 0x73, 0x23, 0x5A, 0x7B, 0x3C, 0x28, 0xF7, 0x97, 0x92, 0xC9,
    0x14, 0x94, 0x51, 0x74, 0x7E, 0x94, 0x6B, 0xC9, 0x98, 0x8C, 0x6F, 0x26, 0x5C, 0x3D, 0xF2, 0x0B,
    0x77, 0xEE, 0x7B, 0x23, 0x08, 0x36, 0x0C, 0x9B, 0x03, 0xAC, 0xAB, 0xC6, 0x82, 0x12, 0x50, 0xD0,
    0xFA, 0xA9, 0x30, 0xD4, 0x85, 0xF2, 0xD0, 0xA1, 0x49, 0x03, 0xEC, 0xA7, 0xF5, 0x81, 0xD6, 0xC7,
    0x9A, 0xE5, 0x24, 0xAC, 0x9B, 0xA1, 0x1A, 0xE8, 0xCC, 0xE1, 0xF3, 0x94, 0x24, 0xE0, 0xE8, 0x6F,
    0xFB, 0x23, 0x25, 0x1E, 0x82, 0xFA, 0x1C, 0x3B, 0xC7, 0x32, 0xB1, 0x59, 0x61, 0xBD, 0xF1, 0x3A,
    0x77, 0xB0, 0x56, 0xF0, 0xD8, 0xBD, 0x37, 0xFA, 0xCF, 0x5C, 0xF1, 0x15, 0x97, 0x1C, 0xCA, 0x31,
    0x80, 0x25, 0x5A, 0x4B, 0xC6, 0x21, 0xC1, 0x20, 0xF1, 0x74, 0x37, 0x92, 0x4D, 0xA0, 0x74, 0xB0,
    0xE9, 0x86, 0x36, 0xDB, 0xF0, 0x3C, 0xD9, 0xF0, 0xB9, 0xCD, 0xE8, 0xDD, 0x04, 0xD3, 0xC6, 0xEB,
    0x1E, 0x95, 0x76, 0x29, 0xBD, 0x59, 0x0A, 0x42, 0x5E, 0x8C, 0x6B, 0x4C, 0x4F, 0xE9, 0x88, 0x49,
    0x70, 0x77, 0xB3, 0x9D, 0xB4, 0xD5, 0x9F, 0xD1, 0xB9, 0x44, 0xE3, 0x3A, 0x5F, 0xC8, 0x97, 0x81,
    0x59, 0x5B, 0xF9, 0x0C, 0x4F, 0x61, 0x12, 0xEB, 0x8C, 0xF2, 0xCF, 0xAD, 0x70, 0xC9, 0xE8, 0x59,
    0x56, 0x54, 0xD5, 0x24, 0xBE, 0xA1, 0x15, 0xBF, 0x3B, 0x87, 0x0B, 0xC9, 0xB8, 0xCE, 0x36, 0x5E,
    0xE2, 0x87, 0x73, 0x0F, 0xEF, 0xB9, 0xF7, 0x57, 0x32, 0xAE, 0x11, 0x0E, 0xB2, 0x7B, 0x85, 0xE4,
    0x8C, 0xA8, 0x87, 0xD4, 0xED, 0xAF, 0x99, 0xAB, 0x69, 0x7C, 0xD4, 0x46, 0xF6, 0x67, 0xAB, 0xA5,
    0xCE, 0x72, 0x7D, 0x11, 0x99, 0x15, 0x1A, 0x2E, 0xC8, 0xD4, 0x28, 0xEF, 0xE4, 0x7E, 0xC3, 0xB5,
    0xFF, 0x98, 0x68, 0xD3, 0xBB, 0x37, 0x26, 0x7C, 0xD3, 0xD2, 0x3D, 0xCE, 0x27, 0x94, 0x13, 0x2D,
    0x65, 0x9A, 0x39, 0x0A, 0x3E, 0xC1, 0xA2, 0xC5, 0xBC, 0xCD, 0x03, 0x2F, 0x2A, 0xB7, 0xF0, 0x22,
    0xED, 0x31, 0x50, 0xE6, 0xE8, 0x33, 0xFF, 0x78, 0x62, 0x03, 0xB3, 0x06, 0xC3, 0x7C, 0xE5, 0xF7,
    0x9A, 0x30, 0x85, 0x04, 0x9D, 0x64, 0x62, 0x6D, 0x3C, 0x90, 0x60, 0x95, 0x7B, 0x8F, 0x16, 0xF9,
    0x56, 0x32, 0x5F, 0x90, 0xA8, 0x15, 0x2F, 0x12, 0x8E, 0xC4, 0x01, 0xE9, 0xFE, 0x17, 0xE7, 0xB9,
    0xED, 0xC9, 0x7F, 0xE3, 0x6F, 0xA1, 0x89, 0x70, 0xA8, 0x92, 0x78, 0x51, 0x0E, 0x26, 0x0D, 0xF0,
    0xFC, 0x5F, 0x15, 0x07, 0x38, 0xAB, 0xE1, 0x7C, 0xAB, 0x84, 0x02, 0x61, 0xF3, 0xAC, 0x32, 0x7E,
    0xF7, 0xB7, 0xE8, 0xE3, 0xF9, 0xED, 0x47, 0x4E, 0xBD, 0x9D, 0x1B, 0x2B, 0x47, 0x89, 0xA0, 0x93,
    0xD2, 0xC0, 0x84, 0x23, 0x67, 0x12, 0x6E, 0x60, 0xDB, 0x9A, 0x84, 0x1B, 0xC4, 0x2F, 0xA7, 0x80,
    0x76, 0x60, 0x8B, 0x17, 0x4F, 0xB1, 0x0E, 0xA2, 0xD9, 0x93, 0x47, 0x3A, 0xA8, 0x53, 0x8D, 0x3B,
    0xBE, 0x7E, 0xBA, 0xE1, 0x56, 0x65, 0xA0, 0x3B, 0x81, 0x49, 0x77, 0x52, 0xA5, 0xF1, 0x0E, 0x18,
    0x0D, 0x93, 0xDC, 0x61, 0x96, 0x86, 0x25, 0x6D, 0x15, 0x90, 0x6A, 0xBC, 0xC8, 0x3B, 0xCA, 0x78,
    0xEB, 0x3D, 0x65, 0xD6, 0xA0, 0x0D, 0xDB, 0x2A, 0xDE, 0xE6, 0xF1, 0x36, 0x8D, 0xB7, 0x81, 0x92,
    0x9F, 0xDD, 0x36, 0xBA, 0xED, 0x97, 0x56, 0xE8, 0x11, 0x94, 0x10, 0x3B, 0x48, 0x36, 0x0D, 0xB6,
    0x9F, 0xCC, 0x4A, 0x64, 0x7A, 0xB3, 0x1F, 0xFA, 0x1F, 0x2C, 0x62, 0xFC, 0xB4, 0x40, 0x7E, 0xCC,
    0x0E, 0x74, 0x6B, 0x45, 0x58, 0x27, 0xDF, 0x8A, 0x0D, 0x0E, 0x2E, 0x2B, 0x05, 0xB8, 0xBE, 0xCB,
    0x3F, 0x77, 0xC7, 0x1C, 0x11, 0x49, 0x8E, 0xD9, 0x48, 0xD9, 0x63, 0xB6, 0xBA, 0xE8, 0xB3, 0xB5,
    0xF8, 0x03, 0x0E, 0xB6, 0x2E, 0xB2, 0x02, 0x15, 0x02, 0x3A, 0x07, 0xFD, 0xBA, 0x70, 0x78, 0xFF,
    0xF7, 0x52, 0xA1, 0xD0, 0xA8, 0x9E, 0x5D, 0xFD, 0x0C, 0x56, 0x07, 0x0A, 0x74, 0xBB, 0x85, 0x74,
    0x03, 0xCA, 0xD6, 0x45, 0xAD, 0x48, 0x4D, 0xFD, 0xF1, 0x7A, 0x23, 0x32, 0xF2, 0xC3, 0x8A, 0x4C,
    0xFD, 0xFE, 0x3A, 0x72, 0x31, 0x2B, 0x8D, 0xF6, 0xAF, 0x1A, 0x1B, 0xE1, 0x15, 0xA6, 0x44, 0x24,
    0xAB, 0x98, 0x9A, 0x27, 0x5A, 0x75, 0x24, 0x05, 0x28, 0x9E, 0xFE, 0x6C, 0x2F, 0x76, 0x5C, 0x75,
    0xEE, 0xB8, 0x83, 0x41, 0x07, 0x86, 0x0E, 0xD0, 0x01, 0xF4, 0xFF, 0xB0, 0x92, 0xAE, 0xD8, 0xE1,
    0x3E, 0xB0, 0xF1, 0xC3, 0x2B, 0x0C, 0x2F, 0xED, 0x40, 0x8B, 0x95, 0x00, 0xDE, 0x0E, 0x47, 0x8A,
    0x5E, 0x65, 0x80, 0x15, 0xBD, 0x72, 0x3B, 0xED, 0x15, 0xBD, 0x32, 0xC8, 0x26, 0xFF, 0x59, 0x9C,
    0x5F, 0xB5, 0xF2, 0x6E, 0xF0, 0x6D, 0xF7, 0xCE, 0x9D, 0x70, 0xF5, 0x3F, 0x29, 0x8D, 0x65, 0x45,
    0x1B, 0x04, 0xA4, 0x5B, 0x46, 0x32, 0xCF, 0xBD, 0x8A, 0x30, 0x72, 0xE5, 0xC8, 0xAA, 0x00, 0xDD,
    0x0A, 0xB1, 0x68, 0xCE, 0xDF, 0xE3, 0x68, 0xED, 0xC6, 0xEB, 0x50, 0x2E, 0xDE, 0x78, 0x4F, 0xC7,
    0x6C, 0x30, 0x9D, 0x8A, 0x4B, 0x49, 0xAE, 0x7A, 0x16, 0x4C, 0x91, 0x9A, 0x34, 0xB2, 0x66, 0x09,
    0x11, 0x02, 0xD6, 0x44, 0xD0, 0x63, 0x1D, 0xAC, 0xC4, 0x3D, 0x49, 0x3D, 0x8E, 0x03, 0xE0, 0x86,
    0x79, 0xE8, 0x1E, 0xC5, 0x51, 0xB4, 0x93, 0x31, 0xDC, 0x6B, 0xA4, 0xB6, 0xD4, 0x3A, 0xA4, 0x4D,
    0xB8, 0x8A, 0xBD, 0xBD, 0x88, 0xCE, 0x5C, 0xC3, 0x32, 0x84, 0xC6, 0xF6, 0xBF, 0x64, 0x0C, 0x5E,
    0x6D, 0x1C, 0xD1, 0xF5, 0xD9, 0x40, 0x3E, 0xA2, 0x95, 0xB2, 0x15, 0x32, 0x46, 0x0E, 0xE3, 0x38,
    0x85, 0xC0, 0x82, 0xD6, 0xFD, 0xC6, 0xE8, 0x73, 0x94, 0xD9, 0x5F, 0x46, 0x40, 0x38, 0xF2, 0x33,
    0x7D, 0xED, 0xCB, 0xC0, 0xD9, 0xE7, 0x12, 0x38, 0x7B, 0xC1, 0x7F, 0x45, 0x9C, 0x21, 0x52, 0xC5,
    0xAF, 0x54, 0xC7, 0x2E, 0xC4, 0x2A, 0xDE, 0x96, 0x63, 0x72, 0xBB, 0x77, 0xF7, 0xCB, 0xF8, 0xDD,
    0x2F, 0x2E, 0x7E, 0x77, 0xD7, 0x7F, 0x59, 0xF4, 0x77, 0xE5, 0x7A, 0xB3, 0x8F, 0x20, 0xFE, 0x59,
    0x3E, 0xDF, 0xCE, 0xDB, 0xFD, 0xB6, 0x9D, 0x75, 0xF6, 0xAC, 0x91, 0xA7, 0x67, 0xB5, 0x6E, 0x9E,
    0x64, 0xB5, 0x3E, 0x9E, 0x64, 0xB5, 0x0E, 0x9E, 0x64, 0xB5, 0xDE, 0x9D, 0x64, 0xB5, 0xAE, 0x9D,
    0x64, 0xB5, 0x7E, 0x9D, 0x64, 0xB5, 0x4E, 0x9D, 0x64, 0xB5, 0x1E, 0x9D, 0x64, 0xB5, 0xEE, 0x9C,
    0x64, 0xB5, 0xBE, 0x9C, 0x24, 0xF8, 0xDE, 0x50, 0xC4, 0xAF, 0xC6, 0x8B, 0x73, 0x4A, 0x56, 0xE3,
    0xC2, 0x59, 0x13, 0xE3, 0x78, 0x03, 0x30, 0x6B, 0xFD, 0x6E, 0xFD, 0x68, 0xDD, 0x6E, 0xD5, 0x62,
    0x69, 0x98, 0xED, 0xAB, 0x75, 0xD4, 0x77, 0xAB, 0x25, 0x7C, 0x1D, 0xED, 0x8A, 0x68, 0x97, 0xAD,
    0x37, 0x38, 0xF8, 0xCD, 0xBF, 0x59, 0x65, 0xEF, 0x2B, 0x09, 0xFC, 0x87, 0xC1, 0x0E, 0xAC, 0x81,
    0xDA, 0x1D, 0xB2, 0xD1, 0xED, 0x7B, 0x42, 0x5E, 0xF1, 0x1D, 0xF3, 0xA9, 0x61, 0xFF, 0x0D, 0xD7,
    0x1E, 0x51, 0x5F, 0xAD, 0xA8, 0xB9, 0x1B, 0xCC, 0x9B, 0x46, 0x0A, 0x1E, 0x9A, 0x23, 0x7F, 0x4D,
    0xFE, 0x46, 0xAC, 0xA3, 0x41, 0xB4, 0xC3, 0xC3, 0x3F, 0x03, 0x12, 0x12, 0xE9, 0x8E, 0xF4, 0xC0,
    0x84, 0xC4, 0x23, 0x88, 0x59, 0x36, 0xFC, 0xE4, 0x3D, 0x06, 0x09, 0xF8, 0x46, 0x2B, 0x71, 0x78,
    0x60, 0x40, 0x31, 0xD1, 0x43, 0xB1, 0x09, 0xD0, 0xE0, 0x87, 0x76, 0xB5, 0x07, 0x8E, 0x29, 0x51,
    0x38, 0x39, 0x0C, 0xF4, 0xB6, 0x8E, 0x08, 0xD9, 0xD1, 0xBB, 0x27, 0xC2, 0x80, 0x9E, 0x1F, 0x5A,
    0x26, 0xF9, 0x7D, 0xC7, 0x2F, 0xDD, 0x6C, 0x72, 0xA4, 0x56, 0xEB, 0xF9, 0x12, 0x0A, 0xA6, 0x7F,
    0x11, 0x91, 0x47, 0xB5, 0x93, 0x10, 0x89, 0x34, 0x09, 0xD2, 0x89, 0xC2, 0xD7, 0x44, 0x2A, 0x5C,
    0x31, 0xB5, 0x78, 0x45, 0x04, 0x03, 0x5A, 0x08, 0xCD, 0x52, 0x4F, 0x36, 0x10, 0x05, 0x4A, 0xB9,
    0x49, 0x89, 0x27, 0xB9, 0xD0, 0xF0, 0xF1, 0x58, 0x16, 0xE2, 0xDF, 0x92, 0x1E, 0x20, 0x2A, 0xE2,
    0x4F, 0x99, 0x90, 0xEC, 0x55, 0x44, 0xB2, 0x51, 0x40, 0x83, 0xC8, 0x89, 0x9C, 0x65, 0x8A, 0x52,
    0x35, 0x1A, 0xFD, 0x94, 0x85, 0x0F, 0xD2, 0x35, 0xF3, 0xA4, 0xCD, 0x3C, 0x75, 0x53, 0x4F, 0xE0,
    0xD4, 0xD3, 0x38, 0xF3, 0x64, 0xCE, 0x3D, 0xA5, 0x25, 0x7F, 0xAB, 0x5A, 0xB5, 0xD6, 0xA6, 0x58,
    0x55, 0xCD, 0x7B, 0x67, 0xA4, 0xC5, 0xED, 0x17, 0xF0, 0x74, 0xF2, 0x1F, 0x43, 0x01, 0xCE, 0x57,
    0xF0, 0xBF, 0x96, 0xFC, 0x47, 0x1B, 0x7E, 0x4E, 0xC0, 0xBA, 0x8E, 0x1E, 0x8F, 0x00, 0xED, 0xE8,
    0x11, 0xD5, 0x22, 0xDA, 0x57, 0xFD, 0x7B, 0x63, 0x4B, 0x17, 0xBA, 0x9C, 0x30, 0x51, 0xDC, 0xAD,
    0xF4, 0x98, 0xBA, 0x53, 0x39, 0xB6, 0xF2, 0x46, 0xAD, 0x64, 0x33, 0xB5, 0x52, 0xD4, 0x89, 0x8F,
    0xF7, 0xFA, 0x8D, 0xA4, 0x79, 0x2B, 0x32, 0xBE, 0x15, 0xC9, 0xDF, 0xC8, 0x63, 0x25, 0xCF, 0xA7,
    0xFD, 0x9E, 0xC8, 0xDF, 0xE1, 0xDF, 0xFF, 0x3A, 0xA6, 0x01, 0xB7, 0x24, 0x60, 0x8B, 0x8D, 0x1F,
    0x13, 0xF4, 0xFD, 0xE1, 0x63, 0xE3, 0xF8, 0x11, 0x6B, 0xCD, 0xA8, 0xD0, 0x0F, 0xCB, 0xF9, 0xC0,
    0x5A, 0x7C, 0xEC, 0x24, 0xFB, 0xAE, 0xD3, 0xAA, 0x3A, 0x52, 0x21, 0x0F, 0xEF, 0x3B, 0xD5, 0x41,
    0x67, 0x71, 0x4B, 0x0E, 0xEE, 0x3E, 0xCE, 0x42, 0x66, 0x15, 0x7C, 0xBD, 0x6F, 0x84, 0x1D, 0xC8,
    0xBD, 0xF7, 0xFD, 0x2E, 0x77, 0xC7, 0x66, 0xF1, 0x25, 0x31, 0xE5, 0x2A, 0xFE, 0x46, 0x31, 0xED,
    0xB8, 0xC2, 0xAB, 0x20, 0xFB, 0x19, 0x90, 0x2B, 0x46, 0x6F, 0x24, 0x39, 0x0D, 0x3E, 0xD1, 0x00,
    0x3A, 0xA9, 0x66, 0x47, 0x79, 0x76, 0x6A, 0x4E, 0xF9, 0x04, 0x70, 0xB7, 0x7B, 0x9D, 0x1D, 0x24,
    0x63, 0x0A, 0x82, 0xED, 0xD4, 0x1E, 0x09, 0xA3, 0x56, 0x18, 0x35, 0x47, 0x2F, 0x0E, 0x7B, 0xED,
    0x28, 0xE4, 0x80, 0xEF, 0x27, 0xE2, 0x16, 0x99, 0x0A, 0xBB, 0x9D, 0x9D, 0x9E, 0x15, 0x97, 0x05,
    0xF5, 0x24, 0x50, 0x29, 0x87, 0x1B, 0x3D, 0x86, 0xCC, 0xF0, 0x9C, 0x5E, 0x05, 0x2D, 0xF6, 0x8C,
    0xE5, 0xDA, 0xB1, 0xFD, 0x4E, 0xF0, 0x33, 0xF7, 0x13, 0xEC, 0xE6, 0x20, 0x93, 0x60, 0x77, 0x0C,
    0x8A, 0x3A, 0x2A, 0xF9, 0x69, 0x23, 0x87, 0x5F, 0x15, 0xED, 0xF2, 0x68, 0x17, 0x39, 0xFF, 0x13,
    0x51, 0x8B, 0x37, 0x94, 0x11, 0x55, 0x87, 0x0B, 0x46, 0x79, 0x8A, 0xFF, 0x55, 0x84, 0xC0, 0x1F,
    0xE3, 0xA5, 0x42, 0x44, 0x46, 0xA0, 0xFC, 0x50, 0x61, 0x54, 0xB3, 0xA2, 0x82, 0x3B, 0xF4, 0x49,
    0xA5, 0x18, 0xC9, 0x1C, 0x89, 0x1F, 0x68, 0x5A, 0x4D, 0xD5, 0xC0, 0xEC, 0xA8, 0xE6, 0xE6, 0xE9,
    0x02, 0x1B, 0xE2, 0xC6, 0x77, 0x9D, 0x7B, 0x7B, 0x85, 0x0D, 0x31, 0x03, 0xB8, 0x98, 0xE1, 0x86,
    0x79, 0xD1, 0xCD, 0x19, 0xFE, 0x1A, 0xB3, 0x02, 0x95, 0x21, 0xF9, 0x01, 0x90, 0x13, 0xA8, 0xE9,
    0x79, 0xC3, 0xF6, 0xFB, 0x89, 0x36, 0x78, 0xC6, 0xD2, 0x2B, 0xF8, 0x18, 0x83, 0x7C, 0xCB, 0xCA,
    0x2D, 0x9C, 0x5C, 0xEA, 0x84, 0x26, 0xB8, 0xA1, 0xC3, 0x81, 0x01, 0x33, 0xDC, 0xD0, 0xDF, 0xE7,
    0xF2, 0x6B, 0x99, 0x26, 0x9E, 0x05, 0x7F, 0x43, 0xEA, 0x26, 0xE3, 0x7C, 0xA8, 0x57, 0xB3, 0xC9,
    0x9C, 0x75, 0x4B, 0x74, 0x3F, 0x1A, 0x2C, 0xF9, 0x07, 0x4B, 0x7D, 0x8B, 0xE0, 0xA3, 0x4D, 0x94,
    0x47, 0xDA, 0x0C, 0x17, 0x14, 0x4C, 0x73, 0xFE, 0x78, 0x64, 0x7C, 0xD5, 0x38, 0xCC, 0xD8, 0xC5,
    0xD2, 0x05, 0xCC, 0xAF, 0x75, 0x33, 0x3C, 0x82, 0x2D, 0x58, 0x63, 0x86, 0x2B, 0xA2, 0x47, 0xF7,
    0x26, 0x12, 0x14, 0x05, 0x05, 0xFF, 0x1A, 0xBA, 0xF2, 0xE1, 0xCC, 0x0F, 0x64, 0x4D, 0x1C, 0x00,
    0x17, 0x39, 0xA6, 0x24, 0x5B, 0x3C, 0xB5, 0xFA, 0x29, 0x07, 0x7A, 0x44, 0x65, 0x8F, 0x8F, 0xED,
    0x2A, 0xDE, 0xEB, 0x9F, 0xB8, 0x11, 0x1F, 0xCB, 0x3F, 0x94, 0x0C, 0x5A, 0xE0, 0xEE, 0x07, 0x03,
    0x27, 0x1B, 0xE1, 0xEB, 0x94, 0x0B, 0x97, 0x40, 0xA0, 0xA7, 0xD6, 0x0D, 0x7C, 0xB9, 0xE8, 0x75,
    0x41, 0x85, 0xF3, 0x97, 0xAA, 0x47, 0xC9, 0x8F, 0x95, 0xC7, 0x5A, 0x9E, 0x77, 0x03, 0x3D, 0xD6,
    0x8E, 0xDF, 0xBF, 0x5E, 0xF9, 0x51, 0x25, 0x61, 0xA6, 0x84, 0xD6, 0x9B, 0xBF, 0x9A, 0x7B, 0xBF,
    0x9A, 0x5B, 0xBF, 0xD2, 0x19, 0xC3, 0xBB, 0x88, 0xB1, 0x50, 0x3C, 0x62, 0x05, 0x57, 0x2E, 0xD3,
    0x09, 0xFB, 0x93, 0x49, 0x82, 0xA5, 0x70, 0xC0, 0x3E, 0xE0, 0x35, 0x9D, 0xAF, 0x8F, 0xE7, 0xE4,
    0x15, 0x4C, 0xB3, 0xC1, 0xE3, 0xF5, 0x91, 0xFB, 0x3E, 0x25, 0xDE, 0xE0, 0xE9, 0x7A, 0xDB, 0xB9,
    0x2D, 0x97, 0x5B, 0x8E, 0x8A, 0x91, 0xD6, 0xF8, 0x85, 0xEE, 0x39, 0xAC, 0x6D, 0xE6, 0xA3, 0x55,
    0x50, 0x8A, 0x0E, 0x9F, 0xAC, 0x86, 0x4A, 0x9F, 0xF9, 0x60, 0x01, 0x01, 0xA8, 0x9A, 0xF9, 0xC4,
    0x62, 0x8C, 0xAA, 0x98, 0xE9, 0xAB, 0x2E, 0x01, 0xCC, 0xF5, 0xFC, 0x3A, 0xF4, 0xEF, 0xDF, 0xCA,
    0xEB, 0x4B, 0xBD, 0xC0, 0x83, 0xA0, 0x32, 0xFB, 0x1F, 0x87, 0x75, 0xF5, 0xF1, 0x6C, 0xEE, 0xAF,
    0x01, 0x85, 0xDD, 0x7C, 0xD9, 0x6C, 0x28, 0x66, 0xBE, 0x9E, 0xF8, 0xE6, 0xE4, 0xC7, 0x43, 0x99,
    0xD6, 0xC0, 0x39, 0xD8, 0x88, 0x7D, 0xC0, 0xF8, 0x13, 0xD6, 0xE2, 0xB1, 0xAC, 0xAC, 0x66, 0xD0,
    0x1A, 0x07, 0x96, 0x94, 0xF9, 0x0E, 0xF6, 0xD6, 0x41, 0xE4, 0x24, 0x9E, 0xA0, 0x83, 0x48, 0xC9,
    0x76, 0x4F, 0x9D, 0xD0, 0x0D, 0x5E, 0x06, 0xCD, 0x35, 0xA4, 0x9B, 0x1B, 0x52, 0x36, 0x72, 0x81,
    0x6E, 0x70, 0x03, 0x76, 0x92, 0x2D, 0x15, 0x25, 0x5D, 0x80, 0x82, 0x7C, 0x8D, 0x65, 0xE3, 0x94,
    0x90, 0x73, 0x15, 0xE9, 0x56, 0xE2, 0xBA, 0x5D, 0x88, 0x6E, 0x39, 0xAA, 0x58, 0xCC, 0x12, 0xE7,
    0x74, 0xB3, 0xBD, 0x5C, 0x37, 0xA6, 0x1B, 0xD6, 0xD3, 0x4D, 0x8F, 0x84, 0x6E, 0x54, 0x50, 0x2A,
    0x5F, 0xF6, 0x50, 0x6A, 0x4A, 0x8D, 0xA4, 0xE2, 0x9A, 0x48, 0xBF, 0x18, 0xCD, 0xE8, 0x1F, 0x4E,
    0xB7, 0x10, 0x68, 0xF2, 0x78, 0x1A, 0xA8, 0xE6, 0x4B, 0xB6, 0x1B, 0x17, 0x72, 0x9A, 0x0A, 0xEB,
    0x86, 0x6E, 0xDC, 0x68, 0xCF, 0x5B, 0x62, 0xCE, 0x5B, 0x62, 0xCE, 0x9B, 0xD0, 0x4D, 0x13, 0x77,
    0xF0, 0x8D, 0x9C, 0x98, 0x48, 0x48, 0x37, 0x16, 0xB0, 0x4C, 0x37, 0x56, 0xF9, 0x2C, 0xCF, 0xD0,
    0x93, 0x95, 0x88, 0x38, 0xDB, 0xC5, 0x37, 0x80, 0xD2, 0x6C, 0x6D, 0xD9, 0xCA, 0xC0, 0x2F, 0xBF,
    0xDE, 0x63, 0xAB, 0x0C, 0xBF, 0x1F, 0xDE, 0xBF, 0x53, 0x00, 0xF0, 0xD5, 0x28, 0xE7, 0x4D, 0xD6,
    0x74, 0xDE, 0x64, 0x4D, 0x57, 0x66, 0xE5, 0xC7, 0x8C, 0xB3, 0xC5, 0x83, 0x40, 0x59, 0x8D, 0x5C,
    0xDF, 0x4C, 0x36, 0xD0, 0x26, 0x21, 0x25, 0xF6, 0x4A, 0x05, 0x3B, 0xA4, 0x3F, 0x86, 0xE2, 0xF6,
    0xD6, 0x44, 0x92, 0x6A, 0xB7, 0x19, 0xE9, 0x77, 0x8A, 0xEF, 0xA6, 0x1B, 0xAC, 0x52, 0x1E, 0xAC,
    0x4E, 0x1E, 0x88, 0x5C, 0xCA, 0x15, 0xA2, 0x97, 0x46, 0xED, 0x88, 0x60, 0xAA, 0xE3, 0x88, 0x62,
    0x7F, 0x87, 0x7F, 0xF1, 0x50, 0x48, 0xF6, 0xE1, 0xCA, 0xFE, 0x09, 0xA2, 0xD9, 0x4F, 0xD6, 0xFB,
    0xC2, 0x2B, 0x20, 0xDA, 0x5B, 0x88, 0xB5, 0x3A, 0x91, 0x16, 0x18, 0xED, 0x5F, 0xEB, 0x40, 0xB6,
    0x7C, 0x41, 0x9A, 0x10, 0xDD, 0xE0, 0x48, 0x4D, 0xA5, 0x12, 0xCE, 0xC1, 0x5D, 0xF0, 0x94, 0x83,
    0x0F, 0x78, 0xF4, 0xA4, 0x43, 0x61, 0x59, 0x2B, 0xED, 0x4A, 0x78, 0xFF, 0x76, 0xB8, 0x41, 0x63,
    0x86, 0xCC, 0xAB, 0xEA, 0x1F, 0xDF, 0x0C, 0x61, 0xF3, 0xCA, 0x1C, 0x29, 0xDC, 0x04, 0x4A, 0xA5,
    0x6F, 0x46, 0x7E, 0x83, 0xFB, 0x91, 0x45, 0x59, 0x46, 0x39, 0xCF, 0x8D, 0xFD, 0x51, 0x1A, 0x45,
    0x47, 0x7E, 0xF3, 0x5A, 0x55, 0x42, 0x80, 0x43, 0x91, 0x5C, 0x3C, 0x13, 0x8D, 0xE8, 0x46, 0x54,
    0x44, 0x24, 0xE5, 0x64, 0x0A, 0x89, 0xEA, 0x8D, 0x32, 0x4B, 0x14, 0x13, 0xF5, 0x27, 0x2A, 0x54,
    0x61, 0x31, 0x89, 0x00, 0xA5, 0xC2, 0xE3, 0x4A, 0x6C, 0x00, 0x0E, 0xE2, 0xDF, 0x00, 0xD2, 0xE2,
    0x4B, 0x4F, 0xE2, 0xAB, 0xD7, 0x7B, 0xFF, 0x1E, 0x26, 0xFA, 0xFC, 0xDA, 0x3D, 0x82, 0x2D, 0x40,
    0xCC, 0x72, 0x42, 0xEF, 0x8F, 0x47, 0x46, 0xF9, 0x9C, 0xAF, 0xA5, 0x9B, 0x54, 0x70, 0xE6, 0x6B,
    0x46, 0xF9, 0x4E, 0x13, 0x53, 0x32, 0xC5, 0x80, 0xEA, 0x8F, 0x27, 0x84, 0xE6, 0x2C, 0x3E, 0x01,
    0x6F, 0xE6, 0x53, 0x60, 0xCB, 0x91, 0xD4, 0xFE, 0x28, 0x8C, 0xC1, 0xDB, 0xC0, 0x3F, 0xF5, 0x02,
    0xAF, 0x0C, 0x5B, 0xB4, 0x3F, 0xEB, 0x31, 0xA4, 0x6D, 0x61, 0xCB, 0x88, 0x21, 0x6C, 0xB1, 0x02,
    0xE4, 0x10, 0xBC, 0x25, 0x25, 0xD2, 0xC9, 0x64, 0x75, 0x5D, 0x01, 0xD3, 0xE3, 0xB4, 0xAE, 0x73,
    0xEB, 0x3B, 0x4E, 0xEC, 0xBA, 0x9E, 0xD9, 0x65, 0xFF, 0xBD, 0x7C, 0x4B, 0x38, 0x43, 0xA0, 0x13,
    0xB3, 0xEF, 0x28, 0xD8, 0xE9, 0x1B, 0x61, 0xE7, 0x99, 0x77, 0x54, 0xF4, 0xC4, 0xC8, 0x4C, 0xE1,
    0x93, 0xDF, 0x05, 0x34, 0x7B, 0x54, 0x00, 0x45, 0x68, 0xF6, 0xE8, 0x11, 0x14, 0xE5, 0x30, 0x05,
    0x08, 0x05, 0x68, 0xF6, 0xE8, 0x31, 0x54, 0x85, 0x91, 0x6B, 0x0F, 0xA2, 0x10, 0xFD, 0x1F, 0x15,
    0x45, 0x31, 0x46, 0x55, 0x18, 0x55, 0x6F, 0xF2, 0x7E, 0x8C, 0x66, 0x31, 0x71, 0x78, 0x50, 0x20,
    0x85, 0xED, 0x1F, 0xDA, 0x59, 0x91, 0x14, 0x02, 0xA9, 0x76, 0xF3, 0x50, 0x0A, 0xA0, 0x58, 0xEB,
    0xBE, 0x35, 0x04, 0x27, 0x67, 0xFB, 0x66, 0x40, 0x49, 0xF5, 0xDA, 0xFE, 0x49, 0x00, 0x43, 0x99,
    0x6B, 0xDF, 0x30, 0xD0, 0xA8, 0x03, 0x21, 0x3A, 0x58, 0x34, 0x6B, 0x90, 0x52, 0x21, 0xE8, 0xC2,
    0xDF, 0xCD, 0x97, 0x0D, 0x75, 0xDD, 0x05, 0x34, 0x4B, 0x7A, 0x90, 0x33, 0x18, 0xD4, 0x8F, 0x25,
    0xA9, 0x55, 0x13, 0x49, 0xB1, 0x9E, 0xEF, 0x27, 0x28, 0x82, 0xB5, 0x41, 0x35, 0x2D, 0x14, 0x6F,
    0x36, 0x4C, 0xD9, 0xDD, 0x3C, 0xCD, 0x3B, 0x40, 0x4D, 0xEE, 0x55, 0xE7, 0xA9, 0xEE, 0x28, 0xB1,
    0xB1, 0x53, 0xBA, 0x63, 0x90, 0xB0, 0xA7, 0xEE, 0x19, 0x4C, 0x79, 0x3C, 0x2D, 0xA8, 0x42, 0x95,
    0xF6, 0x78, 0xB6, 0x7A, 0xF6, 0xD9, 0x12, 0x82, 0xE5, 0x3D, 0xC5, 0x16, 0x80, 0x74, 0x2F, 0x61,
    0xF6, 0x18, 0xEE, 0xD5, 0x9E, 0xC0, 0xAC, 0xD6, 0xA4, 0x3F, 0xFC, 0xD6, 0x2E, 0x16, 0xC5, 0x29,
    0xA7, 0x94, 0x41, 0x54, 0x7F, 0x35, 0xDB, 0x0E, 0xA8, 0xD0, 0xC8, 0x24, 0xC3, 0x4F, 0x0B, 0x34,
    0x07, 0x14, 0xD2, 0x53, 0xA5, 0x37, 0x75, 0xA6, 0x91, 0xB8, 0x16, 0x7C, 0x5E, 0xE2, 0x05, 0x5F,
    0x83, 0xDE, 0x67, 0x47, 0xB0, 0xA3, 0xAC, 0x6F, 0x54, 0xFC, 0x70, 0x58, 0xB5, 0xCF, 0x54, 0x86,
    0xE5, 0xDE, 0xFB, 0x1D, 0xBC, 0x9D, 0x6E, 0xE9, 0xAD, 0xBD, 0x11, 0xC7, 0x6F, 0xB3, 0x0B, 0xF1,
    0xDC, 0xF2, 0x6C, 0x9F, 0x9E, 0xC7, 0x7B, 0xFB, 0x8B, 0x15, 0x8F, 0xFB, 0x1D, 0xD6, 0xFD, 0x0D,
    0xF5, 0x75, 0x8D, 0xF1, 0xCA, 0x46, 0x49, 0x11, 0xBD, 0xB3, 0xE9, 0x3B, 0x51, 0x1A, 0xCE, 0x76,
    0xF6, 0x1E, 0x77, 0xD6, 0xFF, 0xAB, 0xD1, 0xFF, 0xAB, 0xD1, 0xFF, 0x6B, 0xD0, 0x66, 0xE3, 0x9A,
    0x04, 0xFD, 0xCF, 0x6B, 0x3E, 0x0F, 0xAB, 0x84, 0x95, 0x48, 0xFF, 0x4B, 0x22, 0x1F, 0xE9, 0xFF,
    0xA4, 0xB5, 0xFA, 0xBF, 0xFD, 0x14, 0xFA, 0xBF, 0xB6, 0xFA, 0x7F, 0x08, 0x5F, 0xB6, 0x3F, 0x5C,
    0xD4, 0xFF, 0xE5, 0x4D, 0xFA, 0x7F, 0xB8, 0x45, 0xFF, 0x5F, 0xFF, 0x37, 0x5D, 0xA6, 0xB2, 0xF5,
    0x72, 0xDA, 0xF2, 0x49, 0x6B, 0xF5, 0xDC, 0xB4, 0xAE, 0x87, 0xB3, 0xE2, 0xC9, 0x0B, 0x59, 0xB8,
    0x11, 0x47, 0xDD, 0x99, 0x8A, 0xB4, 0xD0, 0xC4, 0x22, 0x93, 0x41, 0xEE, 0x7A, 0xE5, 0x82, 0x5A,
    0xA4, 0xAC, 0x27, 0xB9, 0xE3, 0xC5, 0x07, 0xA3, 0xF7, 0x12, 0xE4, 0xFF, 0x30, 0x7B, 0x1F, 0x41,
    0xFE, 0x53, 0xC5, 0x24, 0x13, 0xE8, 0x23, 0x85, 0x24, 0x78, 0xA7, 0x5B, 0xE5, 0x23, 0xA8, 0x96,
    0x46, 0xF9, 0x08, 0x3F, 0xAC, 0x94, 0x8F, 0xA0, 0xC3, 0x3C, 0x1F, 0xE1, 0x3E, 0x7B, 0xC5, 0x57,
    0x38, 0x92, 0x00, 0x1C, 0x08, 0xDE, 0xE8, 0xAB, 0x65, 0x12, 0x52, 0x53, 0x25, 0x55, 0x31, 0x7E,
    0x66, 0x92, 0x3C, 0x0E, 0x09, 0xAE, 0x88, 0x5B, 0x94, 0x2C, 0x2C, 0x9D, 0x13, 0x9F, 0xD9, 0xA6,
    0xCC, 0x43, 0xF7, 0x8F, 0x0B, 0xB9, 0xE4, 0xE1, 0x2E, 0xD8, 0xBA, 0xFF, 0x94, 0x52, 0xC8, 0x2C,
    0xB4, 0x88, 0x1C, 0x2D, 0x91, 0x9F, 0x45, 0xDD, 0x2C, 0xEC, 0xFA, 0x12, 0xDA, 0xF1, 0x46, 0x88,
    0x27, 0xC5, 0x63, 0x0C, 0x27, 0xA4, 0x76, 0x8C, 0xC1, 0x04, 0x6C, 0xD2, 0x83, 0xDA, 0x0F, 0x98,
    0xBB, 0x37, 0x28, 0x90, 0xC0, 0x32, 0xC4, 0x49, 0x2C, 0x88, 0x09, 0x36, 0x5C, 0x0D, 0x8B, 0x84,
    0x4D, 0xB9, 0xF9, 0x0F, 0x41, 0x08, 0x40, 0xDE, 0x94, 0x9D, 0x57, 0xF3, 0x5B, 0x3A, 0x8A, 0x52,
    0x12, 0x15, 0xD1, 0xE2, 0x3D, 0x6C, 0xC2, 0x01, 0x87, 0x9E, 0x97, 0x4D, 0xEE, 0x03, 0xA9, 0x82,
    0xCD, 0x1E, 0xAE, 0xD5, 0xE4, 0x09, 0xFB, 0xE4, 0x4A, 0x74, 0x60, 0xFA, 0xA3, 0x84, 0x29, 0xB8,
    0x21, 0x8B, 0xB8, 0x9F, 0xD3, 0x7E, 0xB4, 0x72, 0xE6, 0x68, 0x2A, 0xD7, 0x36, 0x2B, 0x82, 0x4E,
    0x5F, 0x0A, 0x91, 0x17, 0x12, 0x22, 0x85, 0xB9, 0xE7, 0xC5, 0x29, 0xBE, 0xE7, 0xA4, 0xC4, 0x6B,
    0xEC, 0x02, 0x34, 0xB3, 0x02, 0xC7, 0xDE, 0x5F, 0x8E, 0xB2, 0xB7, 0x46, 0x0C, 0xBA, 0xC2, 0x9A,
    0xE8, 0x59, 0x6E, 0xA9, 0xFB, 0xDB, 0x49, 0xFC, 0x4C, 0x70, 0x7C, 0x3F, 0x9E, 0x98, 0x9E, 0x7F,
    0x7A, 0xA2, 0x24, 0x2B, 0x3E, 0x8E, 0x03, 0xB5, 0x47, 0x92, 0xD3, 0x48, 0xBD, 0x91, 0xF8, 0x30,
    0x8E, 0x72, 0xA9, 0xF0, 0x2C, 0xCE, 0x12, 0x3D, 0xA4, 0xB4, 0x0E, 0x81, 0x86, 0x58, 0x64, 0x23,
    0x59, 0xEE, 0x44, 0xCF, 0x8E, 0x2F, 0x2A, 0xD1, 0xB3, 0xE0, 0x35, 0x83, 0xB5, 0xAF, 0xD0, 0x5A,
    0xFD, 0x18, 0x7A, 0x99, 0xCF, 0x65, 0xD6, 0x2F, 0x73, 0xFD, 0xDC, 0x17, 0xDB, 0x18, 0x6B, 0x96,
    0x75, 0xFD, 0x51, 0x0A, 0xD6, 0xD5, 0x4E, 0x68, 0x90, 0x9F, 0x4A, 0xCA, 0x0E, 0x6F, 0x85, 0xD8,
    0x08, 0x80, 0xC5, 0xFA, 0x93, 0x5E, 0x6C, 0xBC, 0x8C, 0x93, 0xDA, 0x07, 0x70, 0x4E, 0x0A, 0xF1,
    0xA9, 0x14, 0x98, 0xC9, 0x80, 0x17, 0x8E, 0x6D, 0x83, 0x84, 0x3B, 0x0D, 0xD5, 0x2A, 0x4B, 0xD2,
    0xD5, 0xDB, 0x05, 0xE1, 0x68, 0xD2, 0xD9, 0xC3, 0x9F, 0x64, 0xEA, 0x08, 0xF0, 0xA1, 0x1A, 0x4C,
    0x5D, 0xF3, 0xD7, 0x17, 0x31, 0x4D, 0x31, 0x9B, 0xA4, 0xD3, 0xA0, 0x77, 0xC0, 0x34, 0xE8, 0x4F,
    0x97, 0x30, 0x03, 0xA1, 0x40, 0x7B, 0x97, 0x1F, 0xDE, 0x90, 0x26, 0x9F, 0x2E, 0x71, 0x6A, 0x36,
    0x9D, 0xCF, 0x86, 0xB2, 0xE3, 0xE9, 0x7C, 0x62, 0x6A, 0x34, 0xAE, 0xF1, 0x7C, 0x02, 0x10, 0x81,
    0x53, 0xB9, 0xB1, 0x23, 0x74, 0xCE, 0x1C, 0xFC, 0x3E, 0xD1, 0x15, 0xEE, 0x56, 0xF7, 0xEA, 0xCA,
    0x64, 0xFD, 0x1E, 0x00, 0xF8, 0xEF, 0xAC, 0x42, 0x55, 0x80, 0x75, 0x60, 0xDF, 0x32, 0x51, 0x27,
    0x7A, 0x9E, 0x68, 0xFA, 0xF4, 0x44, 0xBF, 0xCF, 0xF7, 0x1D, 0xA0, 0x65, 0xBA, 0x7A, 0x65, 0xB3,
    0xA5, 0x02, 0x1C, 0x31, 0xD6, 0x91, 0x0A, 0x3D, 0xE1, 0x8E, 0x60, 0x22, 0xBC, 0xD8, 0xBE, 0x4B,
    0xA0, 0x26, 0xE0, 0xC4, 0x54, 0x89, 0xC9, 0x15, 0x7C, 0x4C, 0xCB, 0x7B, 0xFC, 0xB7, 0x9A, 0x8B,
    0x17, 0xD6, 0xA9, 0x7B, 0x2B, 0x50, 0xA5, 0xF9, 0xC9, 0x6A, 0x72, 0x10, 0x56, 0x03, 0xEF, 0x0C,
    0xE5, 0x3A, 0xAB, 0xEF, 0xD7, 0xCB, 0xF1, 0xCD, 0xF3, 0x64, 0x68, 0xA4, 0x21, 0x9D, 0x41, 0xBA,
    0xE2, 0xBA, 0xC4, 0xFA, 0x33, 0x5E, 0x66, 0x48, 0xC0, 0x5D, 0xE5, 0x74, 0xBE, 0xED, 0x5E, 0x7E,
    0xB3, 0xE2, 0x02, 0xEA, 0xED, 0x14, 0xAF, 0xC8, 0xC8, 0x1A, 0xC2, 0x96, 0x05, 0x58, 0x21, 0x82,
    0x79, 0x6A, 0x60, 0x1B, 0x62, 0xFE, 0x76, 0xFA, 0xB8, 0x9E, 0x52, 0xF8, 0x1D, 0xFA, 0xA4, 0x60,
    0xDE, 0xED, 0xA9, 0xFB, 0x68, 0x91, 0x65, 0xC9, 0x35, 0x29, 0x78, 0x22, 0xDB, 0x85, 0xAF, 0x3E,
    0x9C, 0x54, 0xB1, 0x20, 0x7B, 0x04, 0xFF, 0x44, 0x30, 0xB4, 0x22, 0x1C, 0x67, 0x18, 0x61, 0xA2,
    0x06, 0x9C, 0x73, 0xB4, 0x77, 0xB0, 0xAE, 0xA3, 0x67, 0x97, 0x72, 0x7E, 0x24, 0x6B, 0xDD, 0x38,
    0x87, 0xED, 0xF2, 0x74, 0x09, 0xC9, 0x98, 0x18, 0xBE, 0xB1, 0x48, 0x4D, 0xD4, 0xD1, 0x98, 0x9E,
    0xE9, 0xE1, 0x2C, 0xDF, 0x63, 0x8D, 0x16, 0x42, 0xC3, 0x85, 0x52, 0xC4, 0x69, 0x81, 0x91, 0x5D,
    0xF6, 0x02, 0x1C, 0x1A, 0x4A, 0xF8, 0xA9, 0x16, 0xF1, 0x04, 0xA0, 0xD3, 0x83, 0x28, 0x87, 0xBF,
    0x4B, 0x59, 0x27, 0xE8, 0x23, 0xE6, 0x82, 0xFD, 0x43, 0x73, 0x12, 0xB9, 0x0E, 0x9F, 0x73, 0x57,
    0x9C, 0xB1, 0x63, 0x0C, 0x0F, 0xFD, 0xC4, 0x7B, 0x49, 0x49, 0x45, 0x54, 0xCA, 0x48, 0x99, 0x12,
    0xBC, 0x40, 0x89, 0xEB, 0x9E, 0x01, 0x38, 0x2F, 0x8F, 0x70, 0x01, 0xF8, 0xEF, 0x90, 0x29, 0xDC,
    0x0B, 0x67, 0xE6, 0xC4, 0x22, 0xE0, 0x10, 0x2F, 0xFA, 0x51, 0x16, 0xAD, 0x5F, 0xB8, 0xC3, 0x2E,
    0xF1, 0x4C, 0xF9, 0xE5, 0xE4, 0x6A, 0xE7, 0x3F, 0xA7, 0xCF, 0xCC, 0x66, 0x42, 0xBB, 0x8B, 0x17,
    0x10, 0x3E, 0xEA, 0xBF, 0x67, 0xA2, 0x5C, 0x6B, 0xA1, 0xA2, 0xF4, 0x59, 0xFD, 0x03, 0x53, 0x46,
    0xE8, 0x22, 0x54, 0x11, 0x9A, 0x08, 0x45, 0x84, 0x1E, 0x42, 0x0D, 0xA5, 0x85, 0x52, 0x42, 0xE8,
    0x40, 0x54, 0x60, 0x1A, 0x30, 0x05, 0x76, 0xFE, 0xFE, 0x3B, 0x9F, 0xC4, 0x1D, 0xBF, 0xBB, 0xB7,
    0x55, 0xCC, 0x43, 0xF7, 0x2C, 0xA1, 0xDC, 0x08, 0x37, 0xEC, 0x64, 0x9A, 0xE0, 0x41, 0xC6, 0x86,
    0x60, 0x9C, 0xE1, 0xDB, 0xF3, 0x9F, 0x23, 0x13, 0xE0, 0x3D, 0x8B, 0x9D, 0xBC, 0x19, 0xF4, 0xAD,
    0xFE, 0x8A, 0xFF, 0xFC, 0x2B, 0x17, 0xDA, 0xC4, 0xC4, 0x1A, 0x33, 0x52, 0x99, 0x41, 0x67, 0x26,
    0x1D, 0x7E, 0x15, 0x51, 0x9A, 0xD8, 0x9C, 0x45, 0xB5, 0x26, 0x7E, 0xCF, 0x55, 0xD5, 0x66, 0xE2,
    0xC6, 0x7B, 0xEE, 0x9B, 0xA2, 0x37, 0xA9, 0xAD, 0xDD, 0xDF, 0xAA, 0xE2, 0xC4, 0xCA, 0x9C, 0x8F,
    0x45, 0x73, 0xA2, 0xE0, 0xEF, 0xBC, 0xEA, 0xC4, 0xAA, 0x64, 0xF5, 0x09, 0x7D, 0x0C, 0xAF, 0xB5,
    0xB6, 0xA2, 0x3C, 0xDF, 0x72, 0xAE, 0x99, 0x54, 0xDE, 0x03, 0x9F, 0xBB, 0xA1, 0x9C, 0x14, 0x0B,
    0xB7, 0x2E, 0xE8, 0x4F, 0x8A, 0x93, 0xAA, 0x02, 0xC5, 0xAB, 0x1A, 0x34, 0xA8, 0x1B, 0x82, 0x0A,
    0xC5, 0xCF, 0x13, 0x74, 0xE8, 0x62, 0x15, 0xDB, 0xD7, 0xCE, 0xB4, 0xDC, 0x2F, 0x6B, 0x73, 0xEE,
    0x82, 0xDB, 0x22, 0x0F, 0xDC, 0x16, 0x39, 0xE0, 0x58, 0xF0, 0x17, 0xBB, 0x55, 0xA9, 0x95, 0x1B,
    0x8D, 0x4E, 0x7D, 0x1D, 0x5D, 0x51, 0xE8, 0x6D, 0x63, 0xB8, 0x57, 0x62, 0xC0, 0x66, 0xF7, 0xD6,
    0x46, 0x8F, 0x0A, 0xE4, 0xA4, 0xF6, 0x46, 0x35, 0x95, 0x53, 0xBF, 0xA8, 0xC5, 0xD1, 0xC1, 0x8E,
    0x92, 0x20, 0x90, 0x50, 0x05, 0xA8, 0x1A, 0xCA, 0xC3, 0x22, 0x4A, 0x03, 0xDF, 0x4B, 0x6A, 0x5E,
    0x88, 0xA4, 0xCE, 0xA8, 0xE0, 0x18, 0x81, 0x2F, 0x79, 0x0F, 0x76, 0x12, 0x34, 0xA0, 0x7F, 0xC8,
    0x87, 0xB3, 0x24, 0xF2, 0x33, 0xF6, 0xE1, 0xD0, 0x6F, 0xC2, 0xF9, 0xCE, 0x88, 0xF4, 0xF8, 0x2A,
    0xAD, 0xEA, 0xC7, 0x2B, 0x7C, 0x87, 0x90, 0xFC, 0x8D, 0x79, 0x5F, 0x21, 0x25, 0xAD, 0x70, 0xFF,
    0xD9, 0x92, 0xA8, 0xFB, 0xE1, 0x14, 0x45, 0x24, 0xA7, 0x88, 0x74, 0x11, 0x31, 0xFB, 0x68, 0xD7,
    0xDE, 0x52, 0xC6, 0xF7, 0xA9, 0xEF, 0x77, 0x47, 0xF7, 0xFB, 0xF8, 0xDC, 0xF7, 0x3B, 0xE5, 0x0B,
    0xDA, 0xEC, 0x2C, 0xDB, 0x76, 0x9F, 0xB6, 0xC9, 0x72, 0x8D, 0x84, 0xD2, 0xAE, 0x32, 0x4D, 0x24,
    0x9A, 0xC8, 0x33, 0x91, 0x66, 0x22, 0xCB, 0x82, 0x1F, 0x56, 0xB3, 0xE8, 0xCB, 0xFD, 0x5C, 0x86,
    0x99, 0x93, 0xB5, 0xD8, 0x83, 0xB5, 0xD8, 0x73, 0xB5, 0x7C, 0x32, 0x50, 0x4B, 0x8C, 0x05, 0x86,
    0x91, 0xB1, 0x41, 0x81, 0x1A, 0xA8, 0x2B, 0xF8, 0x84, 0x02, 0xD4, 0xF0, 0xCC, 0x28, 0xEA, 0x05,
    0xF6, 0x66, 0x6E, 0x51, 0xA0, 0x56, 0x2E, 0x54, 0x93, 0x27, 0x6E, 0x5C, 0x47, 0xA9, 0x1F, 0x0C,
    0xD4, 0xE0, 0xE2, 0x1F, 0x77, 0xEF, 0xC2, 0x85, 0x8F, 0xF1, 0xC8, 0x02, 0xB5, 0x5E, 0xB1, 0xC5,
    0x81, 0x37, 0x1E, 0xA8, 0x79, 0x19, 0x46, 0x5C, 0xDD, 0x0C, 0x26, 0x88, 0x8C, 0x2E, 0x9F, 0xE4,
    0x8F, 0x1E, 0xB6, 0x70, 0x38, 0x1A, 0xDB, 0x9D, 0x27, 0x77, 0xB6, 0xD2, 0xA7, 0xF1, 0x56, 0xEC,
    0x9F, 0x27, 0xD7, 0x14, 0xA3, 0xAC, 0x14, 0x5E, 0x4C, 0x1E, 0x5D, 0x4C, 0x1E, 0x5C, 0x4C, 0x82,
    0x2D, 0x80, 0x16, 0x08, 0x2D, 0x76, 0x5A, 0x09, 0xB2, 0xC0, 0x5B, 0xC4, 0xC0, 0x02, 0x6F, 0x09,
    0xE3, 0x8A, 0xD2, 0xC3, 0x0A, 0x58, 0x21, 0xAA, 0x48, 0x76, 0xA9, 0xB9, 0x98, 0xAF, 0xAF, 0x0A,
    0xBF, 0x0A, 0xBF, 0xD7, 0x9F, 0x64, 0x85, 0x78, 0x82, 0x57, 0x35, 0xA5, 0xF0, 0xD2, 0x73, 0xB3,
    0xAE, 0x72, 0xBA, 0xBE, 0x02, 0x0A, 0x2A, 0xB7, 0xC8, 0x0A, 0x3E, 0x85, 0xDC, 0xB5, 0x76, 0xE8,
    0xE5, 0x9E, 0xB5, 0x87, 0x52, 0x6E, 0x15, 0xA6, 0xB7, 0x4D, 0xEA, 0x1A, 0x13, 0xF2, 0xD5, 0xB3,
    0x96, 0xC7, 0x16, 0x93, 0xBF, 0x53, 0x0F, 0x3D, 0xDC, 0x58, 0xEE, 0x40, 0x35, 0x41, 0x14, 0x4C,
    0xB5, 0xD1, 0xDB, 0x0A, 0x88, 0x29, 0x28, 0x8B, 0x07, 0x8F, 0x75, 0xCA, 0xE9, 0x2E, 0x1D, 0xA5,
    0x67, 0x23, 0xD5, 0x6A, 0x2E, 0xD7, 0xE7, 0xBB, 0x86, 0x3D, 0x6A, 0x90, 0xD6, 0x3B, 0x21, 0x9E,
    0xD7, 0x2A, 0xA4, 0x0B, 0x97, 0xD5, 0x2C, 0xD7, 0xA9, 0xC6, 0x76, 0x02, 0xD5, 0xB4, 0xE0, 0x2A,
    0x9F, 0x38, 0x63, 0x7F, 0x97, 0xB8, 0x2B, 0x5E, 0x4C, 0x84, 0x45, 0xE8, 0x58, 0x62, 0xAB, 0x01,
    0xB3, 0x28, 0x79, 0x95, 0xD2, 0x49, 0x53, 0xF8, 0x6A, 0x57, 0x99, 0x5F, 0xE5, 0x7E, 0xA5, 0x9D,
    0x96, 0x76, 0x6F, 0x20, 0xEC, 0x3E, 0x21, 0x77, 0xBF, 0x63, 0xA6, 0x8E, 0x7A, 0xF8, 0xA3, 0xCE,
    0x4F, 0xCD, 0x7E, 0x40, 0xB1, 0x87, 0xA6, 0x40, 0xC5, 0x4A, 0x73, 0x27, 0x3C, 0xBF, 0x64, 0xEE,
    0x3D, 0xF4, 0x3B, 0x0F, 0xE4, 0x2B, 0x48, 0x1D, 0x27, 0x85, 0x00, 0x65, 0xC6, 0x8C, 0xF6, 0x18,
    0xC0, 0x39, 0x71, 0x62, 0x35, 0x9A, 0xEE, 0x2F, 0xA5, 0x4E, 0x73, 0xFE, 0x0F, 0xF1, 0x63, 0xAF,
    0xA5, 0x01, 0xF8, 0xD8, 0x82, 0xA8, 0xE3, 0x47, 0x7C, 0x2F, 0x7C, 0xEC, 0x06, 0x7E, 0xFC, 0xED,
    0x84, 0x1F, 0xF9, 0xA3, 0xB7, 0x12, 0xA2, 0xA5, 0xEC, 0x48, 0x74, 0xB4, 0x3C, 0x03, 0xB9, 0x44,
    0x56, 0x2E, 0xFC, 0xFB, 0x11, 0xBD, 0x3F, 0xC7, 0xB2, 0x6A, 0x94, 0x42, 0xF2, 0x55, 0x5B, 0x79,
    0x6C, 0x4E, 0x97, 0x49, 0xF0, 0x45, 0x41, 0x5B, 0x25, 0xDD, 0x21, 0xC0, 0x28, 0x3F, 0x76, 0x3B,
    0x3B, 0xAD, 0x81, 0xE7, 0x58, 0xC1, 0x47, 0x0C, 0x77, 0xAF, 0xD2, 0x09, 0xE8, 0x12, 0xC2, 0x56,
    0x5F, 0xC7, 0xDF, 0x74, 0x74, 0x68, 0x48, 0xE7, 0xE0, 0x9F, 0xCB, 0xD7, 0x8A, 0xB3, 0x60, 0xE2,
    0x06, 0xC8, 0xED, 0xF9, 0x26, 0xC3, 0x40, 0x13, 0xA8, 0xE9, 0xC7, 0x2D, 0x3B, 0x1A, 0x5F, 0x45,
    0x6F, 0x84, 0x6B, 0xD9, 0xD3, 0x08, 0x5F, 0xFB, 0x47, 0x14, 0xCB, 0x61, 0x69, 0x0D, 0x0C, 0xC7,
    0x20, 0x1F, 0x4B, 0x6B, 0xCC, 0x21, 0x70, 0x07, 0x91, 0xD6, 0x28, 0xBD, 0xB1, 0x48, 0x8D, 0x10,
    0x00, 0x92, 0xA0, 0x3B, 0x08, 0x00, 0xA0, 0x7A, 0x1E, 0xCD, 0x48, 0xCA, 0x9D, 0x56, 0x09, 0x82,
    0xFA, 0xA7, 0xE8, 0x8B, 0x3A, 0x7D, 0xBA, 0xF7, 0x66, 0xC9, 0x7C, 0x46, 0x31, 0xFF, 0xC0, 0x0D,
    0xED, 0xC1, 0x67, 0x23, 0xF1, 0x86, 0x54, 0x3F, 0x56, 0x93, 0x51, 0x72, 0xD6, 0x62, 0x6A, 0xB6,
    0x3C, 0x3B, 0x29, 0x93, 0xFA, 0x62, 0x35, 0xD7, 0xE7, 0xB2, 0x79, 0x9E, 0xF4, 0x8F, 0x82, 0x4B,
    0x06, 0x3D, 0xBC, 0xCA, 0x17, 0x05, 0x57, 0x22, 0x8C, 0x18, 0x5A, 0x61, 0x11, 0xA3, 0x00, 0xAB,
    0x0E, 0x4B, 0x4F, 0x04, 0x56, 0x95, 0x5C, 0x8C, 0xC8, 0xA0, 0x0A, 0xFB, 0x50, 0x28, 0xA4, 0xE2,
    0x38, 0x3D, 0x2A, 0xAF, 0x76, 0xCF, 0xD4, 0x05, 0x49, 0x35, 0xB4, 0x4B, 0xE2, 0xC1, 0x14, 0x95,
    0x93, 0x0A, 0x94, 0x22, 0xA1, 0x44, 0x40, 0xEA, 0x31, 0xAD, 0x19, 0x46, 0xB9, 0x83, 0xB7, 0xE1,
    0xAE, 0xDC, 0x14, 0xEC, 0xB9, 0x6E, 0x33, 0x05, 0x24, 0x52, 0xCA, 0xC8, 0x74, 0x78, 0xBA, 0x5C,
    0x8C, 0x12, 0xA7, 0x36, 0x62, 0xDC, 0x2D, 0x97, 0xD3, 0xC4, 0x51, 0xA4, 0x3D, 0x47, 0x68, 0xBE,
    0xDA, 0xD9, 0x43, 0xCA, 0x5E, 0x09, 0xF2, 0xEE, 0x1C, 0x99, 0x78, 0xFF, 0xDD, 0x71, 0xF2, 0x00,
    0x53, 0xAF, 0xE0, 0x7E, 0xD7, 0x4A, 0xBE, 0x57, 0xB7, 0xF6, 0xA8, 0xF4, 0xAB, 0xDF, 0x75, 0x84,
    0x38, 0x88, 0x80, 0xD5, 0x7B, 0x4E, 0x13, 0x41, 0xF0, 0xC3, 0xBF, 0xC3, 0x58, 0x9F, 0xCB, 0x22,
    0x29, 0x44, 0xC7, 0xE8, 0x3F, 0xA7, 0xBE, 0xDC, 0x82, 0xFE, 0x73, 0xEE, 0xBB, 0x4D, 0x3E, 0x65,
    0xE2, 0xD7, 0x91, 0xFF, 0xBE, 0x1E, 0x18, 0xC5, 0xB2, 0x3B, 0xFC, 0x54, 0x9F, 0x7C, 0x2E, 0x43,
    0x39, 0x77, 0x83, 0xDF, 0xE4, 0xCE, 0x99, 0x2C, 0x07, 0xB7, 0x99, 0x0D, 0x66, 0xEC, 0xC5, 0xB9,
    0x72, 0x2F, 0xB8, 0xF1, 0x14, 0x35, 0xA0, 0xCC, 0x40, 0x32, 0x01, 0x64, 0xD4, 0xE3, 0x96, 0x2F,
    0x78, 0x35, 0x79, 0x30, 0x56, 0xA2, 0x2D, 0xC6, 0x54, 0xEC, 0x9C, 0xD3, 0xF4, 0x06, 0xE7, 0x81,
    0xFD, 0xD3, 0x9D, 0x9B, 0x59, 0x00, 0xFD, 0xE0, 0x10, 0x14, 0x72, 0xFE, 0xA8, 0x0B, 0x90, 0x02,
    0x30, 0x9F, 0xCD, 0x8D, 0x2E, 0x80, 0x2D, 0x64, 0x22, 0x6C, 0xFE, 0x32, 0x67, 0xAB, 0xBF, 0xCA,
    0xF9, 0xEA, 0x2F, 0xB2, 0xB6, 0xC5, 0xA8, 0x7E, 0xFE, 0x7D, 0x15, 0xE7, 0x55, 0x88, 0xD5, 0xD9,
    0x00, 0xC0, 0x95, 0x09, 0x9F, 0x9A, 0xE2, 0x76, 0x33, 0x69, 0xC2, 0x9E, 0x38, 0x1B, 0xDE, 0x33,
    0x8E, 0xDC, 0x26, 0x44, 0xCD, 0x6D, 0x5F, 0xD2, 0xE3, 0x97, 0x71, 0x85, 0xCF, 0x22, 0xAE, 0xF0,
    0x7C, 0xFF, 0xEA, 0xE8, 0x08, 0xDB, 0xBF, 0xEF, 0xC6, 0x1B, 0x22, 0xA8, 0x94, 0x62, 0x78, 0xA3,
    0x08, 0xFE, 0x32, 0x98, 0xF1, 0xFC, 0x11, 0xD1, 0x9B, 0xFE, 0x95, 0xE6, 0xF7, 0x6D, 0xEB, 0x1A,
    0x6B, 0xFF, 0xDA, 0xE7, 0xAF, 0xC3, 0xCE, 0xC0, 0x17, 0x6B, 0x26, 0x5A, 0x2B, 0x71, 0xF1, 0xBE,
    0x87, 0x7C, 0x32, 0xAA, 0x71, 0x0A, 0x7E, 0x87, 0x7C, 0x0A, 0x5E, 0x87, 0x7C, 0x0A, 0x3E, 0x87,
    0x7C, 0x0A, 0x1E, 0x87, 0x7C, 0x0A, 0xFE, 0x86, 0x7C, 0x0A, 0xDE, 0x86, 0x7C, 0x0A, 0xBE, 0x86,
    0x7C, 0x0A, 0xAA, 0x31, 0x9F, 0x82, 0x6A, 0xCC, 0x27, 0xA3, 0x1A, 0x27, 0xA3, 0x1A, 0x27, 0xA3,
    0x1A, 0x27, 0xA3, 0x1A, 0x27, 0xA3, 0x1A, 0xC3, 0x3C, 0x15, 0x1D, 0x4B, 0x44, 0x04, 0xFA, 0x71,
    0x58, 0x97, 0x1F, 0x4F, 0xDE, 0xCB, 0x1A, 0x9A, 0x03, 0x01, 0x09, 0x3B, 0xB3, 0xAE, 0xCD, 0xBA,
    0x9C, 0xAE, 0x7B, 0x65, 0xA3, 0xD2, 0x9A, 0x35, 0x7E, 0x48, 0xB9, 0xFD, 0x1D, 0xC9, 0x53, 0xAE,
    0x0D, 0xE0, 0xDD, 0xBF, 0x43, 0x69, 0xE3, 0x9E, 0x38, 0x94, 0x40, 0xBD, 0xA3, 0x87, 0xD2, 0x61,
    0x2F, 0x09, 0x2C, 0x7E, 0xCC, 0x58, 0x70, 0xE0, 0x43, 0xC7, 0x8D, 0x33, 0x5B, 0xF7, 0x90, 0x9E,
    0x74, 0x3B, 0x3E, 0xBC, 0xEC, 0xB8, 0xDF, 0x48, 0xDA, 0xFF, 0xDC, 0x56, 0x61, 0xB0, 0xD0, 0xED,
    0xE7, 0x8A, 0xFB, 0x28, 0x3F, 0x58, 0xE9, 0x9E, 0xBC, 0xBF, 0x52, 0x8D, 0xD2, 0x4E, 0x87, 0x96,
    0x9C, 0xEC, 0x40, 0x72, 0x4A, 0xCE, 0x1D, 0xC9, 0xFA, 0xA9, 0xF8, 0xD3, 0xE5, 0x52, 0x87, 0x30,
    0x5F, 0x2F, 0x16, 0x8A, 0x1F, 0x64, 0xCE, 0x83, 0x0C, 0x78, 0x90, 0xC9, 0x0E, 0x32, 0xD2, 0x41,
    0x66, 0x39, 0xC8, 0x10, 0x87, 0x84, 0xA7, 0x37, 0x24, 0x3C, 0xB6, 0x21, 0xE1, 0x79, 0x0D, 0x89,
    0x0C, 0x6A, 0x90, 0x09, 0x0D, 0x32, 0x9A, 0x41, 0x66, 0x32, 0xC8, 0x30, 0x06, 0x99, 0xC2, 0xA0,
    0xE3, 0x17, 0x74, 0xEE, 0x82, 0x0C, 0x5C, 0xD0, 0x49, 0x0B, 0xD2, 0xFE, 0x5D, 0xEA, 0x1D, 0xB9,
    0x22, 0x32, 0x67, 0xC5, 0xD4, 0xD1, 0xC5, 0x82, 0x23, 0xB6, 0xB1, 0x9F, 0x64, 0x63, 0xD7, 0xCA,
    0xC6, 0xC2, 0x8A, 0x1B, 0xFA, 0x1E, 0xA4, 0xA6, 0x9B, 0x2B, 0x82, 0xE4, 0x35, 0xE5, 0x42, 0xD6,
    0xB6, 0xB9, 0x4B, 0x92, 0xFC, 0x45, 0x28, 0x9B, 0x9A, 0x2E, 0xAD, 0x74, 0xF4, 0x85, 0x53, 0xAA,
    0xA4, 0xAB, 0x27, 0xCC, 0xA2, 0xB4, 0xC1, 0x7A, 0x46, 0x26, 0x0F, 0xDA, 0xFC, 0x4C, 0xA1, 0x72,
    0x54, 0x22, 0x91, 0xFC, 0xA1, 0xEF, 0x8B, 0x27, 0x8C, 0x49, 0x55, 0x4E, 0x4A, 0x2D, 0xB4, 0x63,
    0x99, 0x60, 0x78, 0xA6, 0x99, 0x66, 0x34, 0x09, 0x69, 0x90, 0xF7, 0x10, 0xCA, 0xF1, 0x19, 0x99,
    0x65, 0xC5, 0xF4, 0xA3, 0x8F, 0x44, 0x24, 0x94, 0xDA, 0x93, 0x45, 0x3B, 0xB3, 0x22, 0x21, 0x45,
    0xAB, 0x60, 0x28, 0x72, 0xD1, 0xAF, 0x2E, 0xE7, 0x3D, 0xDF, 0xD4, 0x8E, 0x4D, 0xB7, 0x4F, 0xB6,
    0x63, 0xFB, 0x98, 0x2A, 0xFE, 0x91, 0x5E, 0x97, 0x72, 0x13, 0x46, 0x79, 0x3C, 0x9D, 0x3D, 0x4E,
    0xF2, 0xE8, 0xDE, 0xA4, 0x44, 0xBE, 0x1C, 0xDB, 0x1E, 0xD2, 0xD8, 0x2B, 0xF1, 0x57, 0x94, 0x8E,
    0xFD, 0xBF, 0x95, 0xF4, 0xA5, 0xE8, 0x26, 0x99, 0x91, 0x75, 0x60, 0x1F, 0xC7, 0x96, 0xC8, 0x5E,
    0xC7, 0x65, 0x89, 0xC7, 0xE3, 0x4D, 0xFA, 0xFB, 0xFC, 0x71, 0x72, 0x1F, 0xBD, 0x1D, 0x94, 0x73,
    0xF8, 0x43, 0x7E, 0xA4, 0x52, 0xC2, 0x99, 0xFD, 0x88, 0x84, 0x9F, 0x3B, 0x34, 0xB3, 0x0F, 0xCD,
    0x5E, 0x4F, 0x6C, 0xF5, 0x3D, 0x99, 0x24, 0x45, 0x89, 0x1A, 0x07, 0x3D, 0xF3, 0x92, 0xC1, 0x63,
    0xA1, 0xC9, 0x87, 0x5B, 0x7E, 0xB1, 0xB7, 0x7E, 0x64, 0x8E, 0x3A, 0x61, 0xE7, 0xFB, 0xC4, 0xAD,
    0x6E, 0x97, 0x58, 0xCD, 0x4A, 0xA7, 0xA2, 0xA5, 0xDF, 0x7C, 0xCB, 0x51, 0xAD, 0xD7, 0x47, 0x18,
    0xA6, 0xDA, 0x29, 0x0C, 0x89, 0x18, 0xE4, 0x4F, 0xE8, 0xA1, 0xCB, 0xA8, 0xDC, 0xA8, 0xE5, 0xBE,
    0xCA, 0xF4, 0x00, 0x0A, 0x89, 0x5E, 0x7A, 0xF2, 0xBE, 0x0F, 0x0A, 0xDB, 0xDC, 0xCA, 0xC9, 0x7A,
    0x02, 0x5E, 0xF6, 0x34, 0xE0, 0x08, 0xB3, 0xB9, 0xF1, 0x33, 0x3B, 0x0E, 0xDF, 0xAE, 0x2D, 0xA2,
    0x20, 0xA0, 0xD8, 0x7F, 0xA2, 0xB8, 0xF6, 0xB1, 0x1F, 0xC4, 0xBF, 0xC0, 0x79, 0x63, 0x22, 0x35,
    0xBB, 0xE4, 0x3E, 0xA5, 0x30, 0xBF, 0x92, 0x85, 0x11, 0x55, 0xF8, 0xFB, 0xA5, 0xFB, 0xF8, 0x43,
    0x87, 0x77, 0x62, 0x7F, 0x30, 0x95, 0x58, 0xD4, 0x86, 0xA5, 0x33, 0x34, 0xE7, 0x85, 0x9A, 0x50,
    0x64, 0xA4, 0x29, 0x3A, 0x19, 0x1A, 0x87, 0xED, 0x01, 0x41, 0x9A, 0x53, 0x32, 0x58, 0xF3, 0x74,
    0xEA, 0x38, 0x36, 0x34, 0x71, 0xC0, 0xB0, 0x9F, 0x18, 0x98, 0x34, 0xD3, 0xB5, 0x70, 0x58, 0x12,
    0x37, 0x31, 0xAB, 0x0F, 0x51, 0x82, 0x50, 0xAF, 0xCD, 0x92, 0x6A, 0x99, 0xB3, 0x35, 0x85, 0xF5,
    0x93, 0x85, 0xD7, 0xE4, 0xD9, 0x59, 0x35, 0xA1, 0x28, 0x5B, 0xC3, 0x3A, 0xDF, 0xE8, 0xF2, 0xC0,
    0xFA, 0x1E, 0x66, 0x13, 0xCC, 0xBC, 0x2E, 0xA7, 0x82, 0xC1, 0x71, 0x8D, 0x48, 0xB1, 0xF8, 0xC8,
    0xFD, 0x2E, 0xAF, 0x73, 0xEC, 0x9D, 0xD7, 0x0D, 0x2D, 0x4F, 0x0F, 0xCA, 0x67, 0x38, 0xDF, 0xFD,
    0x40, 0x83, 0x85, 0x72, 0x72, 0x74, 0x8C, 0xB8, 0x46, 0xA7, 0xC7, 0xBB, 0x4F, 0xDD, 0x84, 0xEB,
    0xF6, 0xD0, 0x3C, 0x2B, 0xDD, 0xD3, 0x19, 0xD7, 0x54, 0x49, 0x01, 0x86, 0x5E, 0x3D, 0xF0, 0x29,
    0xAC, 0x5C, 0x46, 0x6B, 0xBC, 0x05, 0xED, 0xC2, 0xEB, 0xD4, 0x9D, 0xEE, 0x81, 0x36, 0xA6, 0xDF,
    0xA7, 0x4E, 0x00, 0xF0, 0xF6, 0xB4, 0x2E, 0x29, 0xB2, 0x77, 0x62, 0x1C, 0xD3, 0xBB, 0xC3, 0xEF,
    0xCB, 0xB8, 0x15, 0xD1, 0x1D, 0x7E, 0xDD, 0x3D, 0x0E, 0xEB, 0xD6, 0x1D, 0xFD, 0xBA, 0x71, 0x4B,
    0x48, 0xA6, 0xBA, 0x72, 0xB5, 0xC9, 0xBF, 0xFC, 0x60, 0x30, 0x48, 0x73, 0xB8, 0x5C, 0xBD, 0x62,
    0xD7, 0x6D, 0x68, 0xC2, 0x71, 0xFE, 0x08, 0x26, 0x10, 0xA1, 0x6C, 0x8C, 0x55, 0x6C, 0x88, 0x7C,
    0x8B, 0xFD, 0x81, 0xE3, 0xF3, 0x05, 0x67, 0x71, 0xA4, 0x99, 0x10, 0x14, 0xEE, 0x70, 0x19, 0x0D,
    0x4C, 0xA0, 0xE6, 0xE3, 0x2D, 0xC9, 0xDE, 0xE6, 0x6D, 0xAE, 0xD0, 0xAB, 0xDE, 0xDB, 0x1D, 0xFA,
    0x72, 0x01, 0xAD, 0x70, 0x9F, 0x77, 0x27, 0x7D, 0xD7, 0x56, 0x41, 0xFC, 0x62, 0x42, 0x37, 0x03,
    0x3E, 0x96, 0x80, 0xE0, 0x48, 0x86, 0xBE, 0xCD, 0x3E, 0x41, 0x9A, 0x51, 0xB7, 0x70, 0xEF, 0x40,
    0xFA, 0x3D, 0x6F, 0x36, 0x18, 0x48, 0xBE, 0x9D, 0xA5, 0x15, 0x3E, 0xBA, 0x58, 0x62, 0xBB, 0x5C,
    0xDB, 0x3C, 0x31, 0x3D, 0x5A, 0xE0, 0x38, 0x91, 0xEA, 0x9D, 0xE4, 0x3C, 0x91, 0x38, 0xE3, 0x16,
    0x28, 0x05, 0xE5, 0xA0, 0x63, 0xEF, 0xD6, 0x87, 0xE8, 0xF3, 0x94, 0x4D, 0x45, 0x47, 0x0A, 0xF8,
    0xFE, 0x0A, 0xA5, 0x84, 0x16, 0x1F, 0xEF, 0xBF, 0x5B, 0xBA, 0xEF, 0xD3, 0x80, 0xB1, 0x19, 0x0F,
    0xD5, 0x3B, 0x8E, 0xC6, 0x9A, 0xE9, 0xA9, 0xA2, 0x56, 0x2D, 0x68, 0xA2, 0x50, 0xDC, 0x8E, 0xAA,
    0xA0, 0xF0, 0x5C, 0xFD, 0x70, 0x2A, 0x19, 0x70, 0x75, 0x78, 0xB0, 0x30, 0x04, 0x93, 0x4B, 0xDE,
    0x57, 0xF9, 0x13, 0x34, 0x64, 0x44, 0x28, 0x57, 0xEF, 0x0B, 0xFE, 0x42, 0xD7, 0x48, 0x73, 0x72,
    0xB3, 0x80, 0xB4, 0x53, 0xE6, 0x06, 0x47, 0x68, 0x4F, 0x4E, 0xD7, 0x15, 0xBD, 0x8F, 0x1C, 0x2F,
    0xA0, 0x9E, 0xCE, 0x7B, 0xA0, 0x1C, 0xD0, 0x1F, 0x58, 0x08, 0x6A, 0x5B, 0x33, 0xC6, 0x41, 0x9C,
    0x28, 0x86, 0x13, 0x0D, 0x48, 0xF0, 0x32, 0x76, 0x4F, 0xBE, 0x4A, 0x9D, 0x21, 0x74, 0xF7, 0x88,
    0x54, 0x1D, 0xD3, 0x74, 0x4F, 0xB0, 0x5D, 0xDD, 0x9A, 0xE8, 0x1D, 0x6D, 0x4F, 0xEE, 0x1B, 0x9B,
    0xBF, 0xA5, 0xD5, 0xCF, 0x57, 0x8E, 0x21, 0x2F, 0x78, 0x4F, 0x73, 0x52, 0x90, 0x4C, 0x57, 0xCA,
    0x6C, 0x28, 0x56, 0x21, 0x6C, 0xF2, 0xDB, 0x28, 0x6B, 0x17, 0xA1, 0x2C, 0xB5, 0xB8, 0x47, 0x38,
    0x4A, 0xA4, 0x1D, 0xBA, 0x24, 0xFF, 0x98, 0xBA, 0xC7, 0x11, 0x6D, 0x5B, 0x44, 0x9D, 0x2F, 0x1D,
    0x84, 0xB8, 0x2D, 0xF6, 0xDE, 0x05, 0x02, 0x32, 0x75, 0x1B, 0xDC, 0xA1, 0x8B, 0x87, 0xC8, 0x8B,
    0xF3, 0x27, 0x28, 0x77, 0x68, 0xA0, 0x74, 0x73, 0x38, 0x79, 0x38, 0x7E, 0x90, 0x08, 0x3C, 0x16,
    0x33, 0x88, 0xC2, 0xB7, 0x17, 0xA1, 0x30, 0xBA, 0x18, 0x1D, 0x69, 0x08, 0x24, 0x31, 0x06, 0x46,
    0x28, 0x9F, 0x82, 0x68, 0xCC, 0xDD, 0x23, 0x56, 0x25, 0x32, 0xD5, 0x43, 0x2E, 0x4A, 0x65, 0xEA,
    0xAF, 0x34, 0xDB, 0x5C, 0xC9, 0x00, 0xFC, 0x73, 0x7A, 0xB1, 0xE8, 0x70, 0x1E, 0x4C, 0x35, 0x42,
    0xD4, 0x95, 0xAE, 0xF7, 0xD4, 0xBD, 0xD0, 0xE9, 0x61, 0xB5, 0xA7, 0x77, 0x15, 0x42, 0x6B, 0x8E,
    0x3B, 0xD1, 0x59, 0x2D, 0x54, 0x22, 0x73, 0xCE, 0xED, 0xC6, 0x98, 0xCA, 0x9C, 0x0F, 0x2C, 0x44,
    0xCE, 0xA9, 0x19, 0x87, 0xD0, 0x38, 0xFF, 0xD8, 0x90, 0x38, 0x9F, 0x1C, 0xB5, 0x8D, 0x27, 0x0A,
    0xE7, 0xD3, 0x7D, 0xE7, 0xF4, 0xF4, 0x52, 0xA1, 0xED, 0x41, 0xE8, 0x4B, 0xA7, 0xF5, 0x28, 0xE4,
    0x95, 0x0D, 0x53, 0x57, 0x36, 0x4C, 0x5C, 0xDA, 0x1C, 0x94, 0xB6, 0x94, 0x1F, 0x2D, 0xA4, 0xCD,
    0x27, 0x09, 0xAA, 0x3B, 0x9E, 0x41, 0x99, 0xAF, 0x7A, 0x7A, 0x31, 0xCC, 0xB5, 0x28, 0x29, 0xF2,
    0xC5, 0x18, 0x53, 0xD9, 0x6E, 0xC9, 0x18, 0x45, 0x8F, 0x3A, 0x5B, 0x52, 0x45, 0xBD, 0x34, 0xCF,
    0x06, 0xA4, 0x5D, 0xD8, 0x3E, 0x89, 0x9A, 0x58, 0x21, 0x29, 0x03, 0x03, 0x89, 0x98, 0xC5, 0x16,
    0xB2, 0x37, 0x8A, 0x85, 0x1A, 0xF1, 0x19, 0x82, 0xA2, 0x63, 0x91, 0xEA, 0x2B, 0x98, 0xA4, 0xC5,
    0x53, 0x56, 0x59, 0x42, 0xD4, 0x62, 0xBA, 0x22, 0x16, 0x09, 0x59, 0x31, 0x82, 0xF2, 0x13, 0xE7,
    0x8F, 0x6E, 0x81, 0xF8, 0xA9, 0x4B, 0x0C, 0x69, 0xAB, 0x91, 0x46, 0xD8, 0x31, 0x71, 0x67, 0xA0,
    0x25, 0x1A, 0xF1, 0x42, 0xDE, 0x35, 0xC3, 0xEA, 0x60, 0x11, 0x0F, 0x13, 0xD6, 0xF6, 0xB3, 0x6F,
    0x8D, 0x11, 0x1D, 0x2A, 0x3B, 0x0C, 0xD3, 0x31, 0x91, 0x31, 0x64, 0x21, 0x1D, 0xA1, 0xF4, 0xD0,
    0x71, 0xDC, 0xBA, 0x53, 0x87, 0x11, 0xAB, 0x69, 0x39, 0xC3, 0x7F, 0xD9, 0x0B, 0xBE, 0xEC, 0xA5,
    0x9C, 0xD6, 0xD6, 0xAF, 0xB4, 0xD1, 0xE8, 0xA3, 0xE4, 0x5E, 0x1F, 0xF7, 0xA4, 0x03, 0xA1, 0x13,
    0x37, 0xF2, 0x6B, 0xA2, 0xEE, 0x1A, 0x54, 0x91, 0x10, 0xA5, 0x3A, 0x9C, 0x25, 0x0B, 0xFD, 0xD7,
    0xCB, 0xD6, 0xDB, 0x8D, 0x23, 0xA9, 0xE4, 0x89, 0x27, 0x76, 0xEE, 0x8D, 0x07, 0x04, 0xC1, 0xC3,
    0x2A, 0xA8, 0x20, 0xE9, 0x7E, 0xB6, 0x19, 0xE6, 0x11, 0x58, 0xA5, 0x8F, 0x2F, 0xEC, 0x7B, 0x44,
    0xFE, 0xCA, 0x67, 0xE1, 0x4E, 0xF4, 0x48, 0x50, 0x34, 0x9E, 0x95, 0x85, 0xDD, 0x81, 0x5A, 0x3E,
    0x85, 0xBB, 0x41, 0x0D, 0xDD, 0x5E, 0xBB, 0xEF, 0xBC, 0x74, 0x6F, 0x00, 0x33, 0x64, 0x3B, 0x55,
    0xC6, 0x31, 0x23, 0x2B, 0x50, 0x9B, 0xA0, 0x7B, 0xA9, 0x37, 0x14, 0xB1, 0xB2, 0xA2, 0x96, 0xAA,
    0x03, 0x0F, 0xA1, 0x45, 0x66, 0x16, 0x18, 0x85, 0xFD, 0x53, 0xAA, 0x9A, 0x94, 0xFB, 0xB2, 0x26,
    0xFD, 0x52, 0x0D, 0x86, 0xA1, 0x3B, 0x57, 0x78, 0x1F, 0x3D, 0x4B, 0xD1, 0xB9, 0xC1, 0xBF, 0x21,
    0x4C, 0x45, 0x0F, 0x4A, 0x43, 0x4F, 0x08, 0x5B, 0xD1, 0x7B, 0xDD, 0x1D, 0xB9, 0x5C, 0x9A, 0x18,
    0x9B, 0xBB, 0x87, 0xD8, 0xCD, 0xE3, 0x18, 0xB4, 0x00, 0xB7, 0xDA, 0x3A, 0x46, 0x89, 0xF6, 0x53,
    0x94, 0xA4, 0x9D, 0xF6, 0x70, 0x74, 0xEA, 0x73, 0x9B, 0xFA, 0x9A, 0xCF, 0x22, 0xEE, 0xAA, 0x9C,
    0x5C, 0xEE, 0x5F, 0x12, 0xFD, 0xFB, 0xD7, 0xC9, 0x2D, 0xC1, 0x98, 0xC4, 0xCE, 0x9F, 0x64, 0xAD,
    0xD2, 0x86, 0xE6, 0x99, 0x76, 0xFF, 0xC4, 0xEC, 0x03, 0xDF, 0x13, 0x2D, 0x66, 0x5F, 0xE3, 0xBD,
    0x70, 0x1D, 0x6D, 0xD3, 0x36, 0x09, 0xAA, 0x86, 0xE2, 0x56, 0x9E, 0xE7, 0xDC, 0x1E, 0xB1, 0xF5,
    0xB7, 0x16, 0x05, 0xE3, 0xCE, 0x2D, 0x4A, 0x88, 0xE3, 0xF8, 0x56, 0xB4, 0x17, 0x86, 0x67, 0xD4,
    0xB7, 0xA9, 0xF5, 0x17, 0xB7, 0xA1, 0x78, 0x56, 0x9B, 0x28, 0xBB, 0xBB, 0x59, 0xDF, 0x5F, 0xF4,
    0x3A, 0xC1, 0xC8, 0x36, 0x51, 0x66, 0x37, 0x94, 0x6F, 0xD6, 0x26, 0xCA, 0x6B, 0x74, 0xE5, 0x70,
    0xC7, 0x4D, 0x66, 0x35, 0x76, 0x1C, 0x77, 0x5B, 0x1B, 0xAE, 0x6F, 0x01, 0xEF, 0xDF, 0x77, 0xE6,
    0xFE, 0x76, 0xD3, 0xCE, 0x66, 0x36, 0xF3, 0x39, 0x29, 0xD7, 0xBD, 0x72, 0xE1, 0x06, 0x83, 0xE1,
    0xB1, 0xC7, 0x23, 0x56, 0xA8, 0xEA, 0xD3, 0x2A, 0xF6, 0x3D, 0x6E, 0x26, 0x0E, 0xD2, 0xE1, 0xB7,
    0xA2, 0x1A, 0xA9, 0xF3, 0x24, 0xA5, 0x3D, 0x5C, 0x4D, 0xCE, 0x99, 0x38, 0x7B, 0x22, 0xC7, 0xB8,
    0x1F, 0x77, 0xAA, 0x7D, 0xE2, 0x38, 0x57, 0x42, 0x40, 0xA2, 0xB2, 0xA8, 0x9F, 0xCB, 0x9F, 0x93,
    0x28, 0x11, 0x1E, 0xA5, 0xEE, 0x90, 0x3B, 0x82, 0x95, 0xC2, 0x24, 0x6A, 0xEF, 0x37, 0xA6, 0xAB,
    0xE7, 0x12, 0x8D, 0xD8, 0x3B, 0xA6, 0xAB, 0x67, 0x13, 0x36, 0x98, 0xC5, 0x00, 0xA0, 0xF2, 0x49,
    0xC6, 0x7E, 0x36, 0xB3, 0x32, 0x4A, 0x9E, 0x40, 0x6B, 0x8D, 0x38, 0xF5, 0xEB, 0x3C, 0x53, 0x25,
    0x71, 0x93, 0xE2, 0x83, 0x63, 0x4D, 0x25, 0x3E, 0xDF, 0x5F, 0x84, 0x57, 0x58, 0xF4, 0x8E, 0x2D,
    0x18, 0xB0, 0x35, 0x05, 0x33, 0xEB, 0x40, 0x8A, 0x1A, 0xC1, 0x2B, 0x73, 0x0B, 0xCF, 0xE5, 0x29,
    0xA3, 0x26, 0x1A, 0xCC, 0x2E, 0x8A, 0x6C, 0x65, 0xF4, 0xD1, 0x99, 0x5F, 0x3C, 0x49, 0x94, 0x2A,
    0x41, 0x99, 0x61, 0x2D, 0xDB, 0x25, 0x3D, 0xA7, 0x59, 0x61, 0xF8, 0x74, 0xA4, 0x27, 0x48, 0x25,
    0x11, 0xCB, 0x28, 0x52, 0x93, 0xAD, 0x41, 0xDB, 0xE3, 0xA7, 0x13, 0xAB, 0xD2, 0x54, 0xEA, 0x44,
    0xA0, 0xA0, 0x3C, 0x7F, 0x82, 0xF8, 0x70, 0xFE, 0xC4, 0xB9, 0x7C, 0xB5, 0xFD, 0x4F, 0xA2, 0x52,
    0xB7, 0xFC, 0x6E, 0x9B, 0x68, 0x10, 0x5A, 0x5C, 0x97, 0xD5, 0x5B, 0xBF, 0x76, 0x94, 0xD4, 0x91,
    0x9D, 0xF5, 0x31, 0x8D, 0x92, 0x7F, 0xA2, 0x72, 0xBC, 0x7C, 0x79, 0x5E, 0xA0, 0x33, 0x59, 0xA0,
    0x33, 0x59, 0xA0, 0x33, 0x59, 0xA0, 0xC3, 0x1D, 0x84, 0x04, 0xE8, 0x4C, 0x89, 0x01, 0x3A, 0x04,
    0x09, 0x3D, 0xD0, 0x49, 0x2C, 0xD0, 0x49, 0x62, 0xA0, 0xE3, 0x3E, 0x2D, 0xD0, 0xE9, 0x2C, 0xD0,
    0x71, 0x06, 0xE8, 0x64, 0xDB, 0x4D, 0x40, 0xA7, 0xB9, 0x11, 0xE8, 0xB8, 0xDB, 0x80, 0xCE, 0xE5,
    0x7F, 0xF9, 0x70, 0x73, 0x0A, 0x56, 0x9C, 0x9E, 0x15, 0x8F, 0xC2, 0xEA, 0x93, 0xBB, 0xEE, 0xE2,
    0xE9, 0x06, 0x71, 0xDB, 0x89, 0xFA, 0x96, 0x77, 0xCF, 0xD7, 0x6B, 0xBA, 0xFE, 0xC2, 0xEE, 0xC9,
    0x39, 0x36, 0xF3, 0xCD, 0x6F, 0x44, 0x88, 0x48, 0xFB, 0x35, 0x91, 0x20, 0x35, 0x86, 0x2E, 0xBD,
    0xF8, 0xA8, 0xBE, 0x77, 0x32, 0x22, 0xBE, 0x7A, 0x37, 0xC0, 0x32, 0xD8, 0xBD, 0x13, 0x50, 0x59,
    0xC2, 0x9D, 0xE4, 0xE4, 0x10, 0xD0, 0x04, 0x32, 0x2F, 0xDA, 0xF1, 0x2B, 0x51, 0x2B, 0x14, 0x3A,
    0x06, 0x08, 0x7D, 0x5B, 0x8F, 0xC8, 0x30, 0x5F, 0x23, 0x68, 0x70, 0xF4, 0xD7, 0x35, 0xEA, 0x0B,
    0x18, 0xEF, 0x3B, 0x9E, 0x39, 0x2F, 0x02, 0x42, 0x3A, 0xC8, 0x8A, 0x74, 0xD8, 0x13, 0xED, 0x27,
    0x8B, 0x36, 0xF6, 0x43, 0x89, 0x61, 0xD0, 0x69, 0x40, 0x08, 0x17, 0xF4, 0x35, 0x2B, 0x8E, 0x24,
    0x94, 0xC9, 0x1A, 0xA1, 0x8E, 0x4D, 0x73, 0x6C, 0xCE, 0x76, 0x74, 0xE1, 0xDA, 0x08, 0xA3, 0xDD,
    0x73, 0xCB, 0x35, 0x5C, 0x35, 0x5C, 0xD8, 0x3E, 0x89, 0xFA, 0x89, 0x31, 0xB9, 0xCB, 0x29, 0xC2,
    0x53, 0xE5, 0x14, 0xA1, 0xA9, 0xD2, 0x5E, 0xB9, 0x47, 0xB2, 0xF5, 0x48, 0x0A, 0xB6, 0x2F, 0x79,
    0x9A, 0xD3, 0x14, 0xF2, 0x2E, 0x09, 0x28, 0x0A, 0x1E, 0x9C, 0xF7, 0xBB, 0xB4, 0x00, 0x86, 0x73,
    0xEA, 0xD9, 0x4E, 0x64, 0xAF, 0x61, 0x4B, 0xA9, 0x95, 0x82, 0x9F, 0xC6, 0x7C, 0xA6, 0x34, 0x44,
    0x26, 0x3C, 0xDC, 0x3A, 0x47, 0xB3, 0x01, 0xE5, 0x0A, 0xCE, 0x09, 0x37, 0x7A, 0x90, 0x4B, 0x08,
    0x82, 0x7B, 0xA4, 0xF9, 0xF3, 0x8C, 0x9B, 0x76, 0x11, 0x39, 0xA2, 0x4B, 0x7B, 0xCD, 0xC8, 0x66,
    0x55, 0x8A, 0x2F, 0x51, 0x18, 0x9B, 0x79, 0xF2, 0x35, 0x95, 0xE4, 0x10, 0xDB, 0x12, 0x5B, 0x41,
    0x9E, 0x91, 0x3F, 0x27, 0x12, 0x80, 0x7B, 0x94, 0x1B, 0x19, 0xF7, 0x8E, 0xEB, 0xCF, 0x2D, 0x90,
    0x2F, 0xA5, 0xDB, 0xA7, 0x97, 0x6E, 0xF1, 0x00, 0x84, 0xFA, 0x70, 0x26, 0x70, 0x14, 0x91, 0x74,
    0xBB, 0xF7, 0x20, 0xBA, 0x1D, 0x53, 0xB2, 0xD4, 0x87, 0x88, 0xB9, 0x5B, 0x6E, 0x0D, 0x5E, 0xC4,
    0x66, 0x2E, 0xDC, 0x1F, 0x7A, 0x3F, 0x22, 0x7C, 0xED, 0x8E, 0x3C, 0x68, 0x44, 0x73, 0xEA, 0xB2,
    0x3B, 0x28, 0xD1, 0x3B, 0xF6, 0xA2, 0x09, 0xD5, 0x3B, 0x4D, 0x6E, 0x26, 0xB2, 0x8B, 0x61, 0xA6,
    0x87, 0x9B, 0x90, 0xB9, 0x12, 0xBE, 0x66, 0x40, 0xED, 0xDD, 0x3F, 0x34, 0xB8, 0x51, 0x48, 0x9F,
    0x8A, 0x9C, 0x10, 0x89, 0x52, 0xF3, 0x4E, 0x24, 0x4A, 0xF2, 0x4A, 0xE2, 0xBD, 0x8B, 0xA3, 0x0A,
    0x54, 0x39, 0xD5, 0xB2, 0x0B, 0xF6, 0x5D, 0xF0, 0x31, 0xFA, 0x5D, 0xA9, 0x7D, 0x2B, 0xD5, 0xCF,
    0x78, 0xBC, 0x20, 0x96, 0x3F, 0x9B, 0xDD, 0x0B, 0xCB, 0x97, 0xC8, 0xD4, 0xB6, 0xB0, 0x80, 0x71,
    0x3B, 0xD5, 0x7A, 0x7B, 0xF9, 0x02, 0xEF, 0x31, 0x1B, 0xF9, 0x92, 0xD2, 0xF5, 0xF3, 0x76, 0x5A,
    0x4E, 0xB3, 0x36, 0xBC, 0x7C, 0xC9, 0x89, 0x9B, 0xDE, 0x46, 0xC3, 0x34, 0xA2, 0x93, 0x97, 0x2F,
    0x94, 0x3D, 0x34, 0x05, 0xFB, 0x0C, 0x13, 0x8E, 0x8C, 0x7C, 0x91, 0x34, 0x71, 0x6F, 0x9B, 0x25,
    0xC1, 0x17, 0x37, 0xD2, 0xE1, 0x2E, 0xBC, 0x37, 0x8E, 0x0E, 0x7E, 0xE9, 0xFD, 0x71, 0x60, 0x80,
    0x89, 0x04, 0x61, 0x5E, 0x20, 0xF2, 0xAB, 0x4F, 0x9E, 0x19, 0xE8, 0x12, 0xEA, 0x02, 0x37, 0x72,
    0x6C, 0x43, 0x7D, 0xB8, 0x01, 0x51, 0x31, 0x86, 0x8E, 0x48, 0xBC, 0x1F, 0x6E, 0x2E, 0x1B, 0xF0,
    0xB1, 0x03, 0x9F, 0xE6, 0xAE, 0x77, 0x81, 0xDA, 0xE0, 0xCB, 0x50, 0x9A, 0x1D, 0x73, 0xD0, 0x65,
    0x07, 0x77, 0x01, 0x50, 0xDB, 0xCC, 0x23, 0x6A, 0x90, 0x1D, 0xED, 0xA9, 0xE4, 0xF1, 0x2E, 0xC4,
    0x8D, 0x2E, 0x49, 0xB7, 0x42, 0x9D, 0xA0, 0x78, 0xDE, 0x71, 0x90, 0x8F, 0xDE, 0x85, 0x63, 0xE2,
    0x0A, 0x75, 0x83, 0x22, 0x9D, 0xF0, 0x67, 0xC2, 0x89, 0xEA, 0x40, 0x7F, 0x27, 0x8C, 0xC8, 0x08,
    0xAF, 0x1B, 0xED, 0x8A, 0x4F, 0xAB, 0x76, 0xFD, 0x03, 0xF8, 0x2C, 0x9E, 0x0B, 0xB9, 0xE3, 0x92,
    0x02, 0x91, 0x43, 0x32, 0x94, 0x46, 0xDD, 0x1D, 0x27, 0xAE, 0x23, 0x20, 0x16, 0x68, 0xF1, 0x9E,
    0x70, 0xE0, 0x3E, 0xBF, 0x8A, 0xDE, 0x85, 0x7E, 0x29, 0x02, 0xFD, 0x75, 0x44, 0x8D, 0xDE, 0x05,
    0x19, 0x51, 0x23, 0x77, 0xA1, 0xF9, 0x45, 0x8C, 0xA8, 0x39, 0xBF, 0x0B, 0xC7, 0xEB, 0x3B, 0x7F,
    0x13, 0xD4, 0x84, 0xF5, 0xF1, 0x11, 0xA2, 0xBC, 0xDF, 0x11, 0xE5, 0x65, 0x27, 0x94, 0xC7, 0xDD,
    0xB7, 0xFD, 0x25, 0xA0, 0xFC, 0xE5, 0xA3, 0x52, 0x1E, 0x35, 0x2C, 0x66, 0xA0, 0x32, 0xE5, 0x49,
    0x4D, 0xFA, 0x1B, 0x50, 0x4E, 0xF5, 0x8E, 0x45, 0x04, 0x4C, 0xF9, 0x72, 0x72, 0x34, 0x5B, 0x4B,
    0xBC, 0xD0, 0x4F, 0xC1, 0x72, 0xF3, 0xE6, 0x6A, 0x09, 0xDA, 0xC8, 0x79, 0x63, 0x15, 0xC7, 0x48,
    0xEC, 0xDE, 0x54, 0x2D, 0x39, 0x75, 0x53, 0x28, 0x2F, 0xA1, 0x63, 0xD5, 0x02, 0xB3, 0x38, 0xE3,
    0x99, 0xF2, 0x47, 0xD9, 0x79, 0x29, 0xB4, 0x27, 0x56, 0x0A, 0xED, 0x77, 0x07, 0x95, 0xB7, 0x40,
    0xCC, 0x6B, 0x49, 0x2E, 0x7A, 0xE6, 0xCB, 0x35, 0x4C, 0x25, 0xDB, 0xD1, 0xDB, 0xD5, 0x05, 0xE3,
    0xD4, 0xD1, 0x4E, 0x28, 0x9F, 0xCA, 0x2C, 0x30, 0xA6, 0x3C, 0x45, 0xE4, 0x3C, 0xE5, 0x91, 0x15,
    0x2E, 0x20, 0xCA, 0x3D, 0xE3, 0xDA, 0x28, 0x46, 0x94, 0xDD, 0x07, 0xCE, 0x05, 0x44, 0xD9, 0xB8,
    0xBD, 0x8F, 0x1C, 0x06, 0x9D, 0x71, 0x17, 0xD0, 0xED, 0xF1, 0xCE, 0x82, 0x63, 0x12, 0x28, 0x8F,
    0x69, 0x58, 0x5D, 0xE4, 0x28, 0xE8, 0x22, 0x37, 0x41, 0x17, 0x39, 0x09, 0x3A, 0x4F, 0xF9, 0x7B,
    0x8E, 0x6B, 0xA7, 0xE4, 0xCC, 0xC3, 0xBB, 0xC4, 0xEE, 0x81, 0x2E, 0x72, 0x0E, 0x74, 0xD6, 0x35,
    0x10, 0x0F, 0x24, 0x8B, 0xE7, 0x91, 0xC5, 0xE3, 0xC8, 0xE2, 0x69, 0x64, 0x67, 0xC3, 0xC8, 0xE2,
    0xDD, 0x7F, 0x79, 0x81, 0x33, 0xEF, 0xB3, 0x44, 0xBD, 0xEC, 0xE7, 0xC1, 0x48, 0x22, 0xFA, 0xA9,
    0xB5, 0xBD, 0x62, 0x79, 0x9E, 0xF9, 0xA5, 0x58, 0x9E, 0x71, 0x88, 0x50, 0xBE, 0x23, 0x3D, 0xAD,
    0x88, 0x87, 0xC6, 0x34, 0x29, 0xE5, 0x11, 0x90, 0xE1, 0xAB, 0x08, 0xE5, 0xE7, 0xFB, 0x5B, 0xC0,
    0xF2, 0x18, 0x24, 0x40, 0xB4, 0x2D, 0x94, 0x3F, 0x72, 0xD3, 0x1E, 0x31, 0xF9, 0x0F, 0x0C, 0x3B,
    0xC4, 0xDE, 0x3F, 0x52, 0x88, 0x5B, 0xB1, 0xFC, 0x89, 0x1B, 0x7E, 0x33, 0xE5, 0x31, 0x59, 0x93,
    0x3E, 0x35, 0x51, 0xBE, 0xD4, 0xA4, 0x5E, 0xA2, 0x7C, 0xB6, 0x69, 0x16, 0x2C, 0x51, 0xFE, 0x8F,
    0xCF, 0x73, 0x62, 0x3F, 0x9B, 0xDD, 0xF9, 0x44, 0xA8, 0xFA, 0xEC, 0xA7, 0x01, 0x12, 0xA5, 0x94,
    0x5D, 0xA4, 0x98, 0x88, 0x5A, 0xCA, 0x04, 0x50, 0x84, 0xBF, 0x35, 0x05, 0x54, 0x94, 0xBB, 0xE3,
    0xFD, 0x2D, 0x84, 0x57, 0x51, 0x6D, 0x31, 0x4A, 0x62, 0x5C, 0x44, 0xC7, 0xDF, 0x03, 0x23, 0x4C,
    0x65, 0x74, 0x01, 0x19, 0xF5, 0x58, 0xDD, 0x1D, 0xA0, 0x51, 0x03, 0xAF, 0x3B, 0x39, 0x8F, 0x8D,
    0x0A, 0x00, 0xBE, 0x43, 0x50, 0xCC, 0x40, 0x25, 0xB2, 0xA2, 0xBC, 0xBD, 0xE5, 0x56, 0x03, 0x8F,
    0xA8, 0xBE, 0xDB, 0xE0, 0x23, 0x4C, 0xC2, 0x30, 0x00, 0x89, 0x8A, 0x81, 0x03, 0x42, 0xAA, 0xD6,
    0x08, 0x22, 0x61, 0xD6, 0xA2, 0xC5, 0x48, 0xC7, 0x73, 0x90, 0x74, 0x86, 0x92, 0xCE, 0x60, 0xD2,
    0x39, 0xC2, 0xF9, 0x0C, 0xB7, 0xD7, 0xBD, 0xDC, 0xF3, 0xA5, 0xBD, 0xF1, 0x71, 0xAB, 0x86, 0x36,
    0xC9, 0xC1, 0x8C, 0x57, 0x4D, 0x96, 0x21, 0xE9, 0x0A, 0xF4, 0xE6, 0x3E, 0x0B, 0xDA, 0x82, 0x06,
    0xCC, 0x10, 0xF0, 0x90, 0xBB, 0x83, 0xF5, 0x31, 0x54, 0x41, 0xA8, 0x96, 0x70, 0x3B, 0x34, 0x6F,
    0x07, 0x8B, 0x01, 0x29, 0xDC, 0x60, 0xE2, 0x98, 0xB2, 0xA7, 0x86, 0xDF, 0xA7, 0x84, 0x4C, 0xE6,
    0x0F, 0x9E, 0xA1, 0x86, 0x92, 0xF8, 0x45, 0x73, 0xC0, 0xFB, 0x37, 0x64, 0x54, 0xC9, 0x3D, 0x5A,
    0x08, 0xF9, 0x76, 0x5E, 0x86, 0x8D, 0x89, 0xFC, 0x5C, 0xA5, 0xD8, 0x91, 0xFA, 0x0C, 0x2B, 0x93,
    0x2A, 0x7A, 0x3D, 0xB7, 0x29, 0x97, 0xD2, 0x1E, 0xDF, 0x8F, 0x18, 0xC2, 0x6C, 0xCA, 0xB0, 0x4B,
    0xAC, 0x0B, 0x00, 0x0A, 0xCC, 0x6C, 0xF5, 0x56, 0xAB, 0x3C, 0xBB, 0x8A, 0x89, 0xDB, 0x9E, 0xCD,
    0xF9, 0x2E, 0xCF, 0xF6, 0xD7, 0xE6, 0x80, 0x9F, 0xEF, 0xDB, 0xE1, 0x92, 0x2B, 0x85, 0x43, 0x9E,
    0x12, 0xEB, 0xD4, 0x20, 0xA7, 0x44, 0x37, 0x25, 0xAC, 0xC9, 0xF1, 0x4C, 0x09, 0x64, 0x4A, 0x04,
    0x53, 0x42, 0x97, 0x12, 0xB3, 0x94, 0x60, 0xA5, 0x44, 0x29, 0x25, 0x3C, 0x29, 0x71, 0x49, 0x09,
    0x48, 0x4A, 0x24, 0x52, 0x42, 0x90, 0x1A, 0x7B, 0x94, 0xA0, 0xA3, 0x44, 0x1B, 0x25, 0xCC, 0x28,
    0xF1, 0xC5, 0x1C, 0x01, 0xDD, 0xE0, 0x23, 0x8A, 0x12, 0x4A, 0xD4, 0x7E, 0x7E, 0x8E, 0x46, 0x30,
    0xF0, 0xA4, 0x9F, 0x94, 0x66, 0x2C, 0xE0, 0xF0, 0x13, 0x0E, 0x59, 0xEE, 0xE4, 0x10, 0x6C, 0xDC,
    0xFB, 0x0B, 0x57, 0xB5, 0xC9, 0x50, 0x1E, 0x11, 0xBF, 0xD2, 0xF8, 0x56, 0x52, 0x92, 0xFF, 0xFC,
    0xEC, 0xC8, 0x8E, 0x17, 0xB6, 0x4F, 0x2E, 0x85, 0x64, 0x6E, 0x07, 0xF8, 0x49, 0xE4, 0x40, 0xC0,
    0x72, 0x16, 0x03, 0xF0, 0x11, 0x5D, 0x1F, 0x03, 0xC0, 0x6F, 0xA8, 0xEF, 0xA5, 0x07, 0xF8, 0xCD,
    0x50, 0xD2, 0x34, 0x6B, 0x01, 0xF8, 0x98, 0x90, 0x6D, 0x43, 0x30, 0xCE, 0xBD, 0x63, 0x00, 0x7E,
    0xC1, 0x93, 0x86, 0x34, 0xFC, 0x92, 0xF4, 0x63, 0xB6, 0x44, 0x00, 0x3F, 0x5B, 0x3D, 0xBA, 0xDC,
    0x64, 0x6B, 0x00, 0x3E, 0x53, 0x8F, 0xC3, 0x2E, 0x83, 0xB8, 0x30, 0x05, 0xE0, 0xAB, 0xC7, 0x80,
    0xCF, 0x27, 0x42, 0xA2, 0x66, 0xF4, 0xC7, 0x93, 0xA6, 0xAD, 0x0D, 0xF1, 0xB5, 0x8F, 0x3D, 0x06,
    0x4B, 0x72, 0x16, 0xF7, 0xBD, 0x71, 0xFC, 0xC6, 0x13, 0xF5, 0x84, 0x11, 0x61, 0x43, 0x50, 0x3D,
    0x04, 0xD4, 0x43, 0x30, 0x7D, 0xF3, 0x17, 0x7E, 0xF3, 0x57, 0x7D, 0xF3, 0x97, 0xDC, 0xFB, 0x04,
    0x28, 0x2B, 0x8D, 0x05, 0xEF, 0xE6, 0x65, 0xEE, 0xE6, 0xC5, 0xED, 0xE6, 0x25, 0xED, 0xE6, 0x85,
    0xEC, 0x26, 0x74, 0x19, 0x12, 0x7F, 0x69, 0xE9, 0x13, 0x74, 0xFA, 0x2A, 0xD2, 0xAF, 0x89, 0x3B,
    0xF1, 0xEF, 0x0F, 0x66, 0x4D, 0xD0, 0xE8, 0xB4, 0xD1, 0x62, 0xCA, 0xC9, 0x88, 0x1C, 0x34, 0x18,
    0x37, 0x29, 0x74, 0xB8, 0xBF, 0x4A, 0x1B, 0xC6, 0x49, 0x46, 0x0F, 0x52, 0xBD, 0x9E, 0x4F, 0xFF,
    0xAB, 0x74, 0x9C, 0xAA, 0xCF, 0x05, 0x7C, 0xE4, 0xFB, 0x43, 0xFE, 0x2B, 0xA2, 0x81, 0xCF, 0x49,
    0x48, 0x42, 0x42, 0x82, 0x5E, 0x54, 0x5A, 0xEA, 0x65, 0x9D, 0xFC, 0x85, 0xA5, 0x7C, 0x1D, 0xBE,
    0xB4, 0x04, 0x2B, 0xE9, 0xE2, 0xA2, 0xF0, 0x92, 0xCB, 0x8B, 0x72, 0x4B, 0x2E, 0x30, 0x5A, 0x9F,
    0x72, 0x89, 0x93, 0x70, 0x91, 0xF1, 0x17, 0x34, 0xE5, 0xA0, 0xA7, 0x2C, 0x16, 0xCE, 0x37, 0x60,
    0x77, 0x09, 0x25, 0x1B, 0x70, 0x8E, 0x0B, 0x66, 0x1A, 0x20, 0x66, 0x91, 0x34, 0x83, 0x96, 0x9A,
    0x64, 0x50, 0x8E, 0x01, 0xEA, 0x3E, 0xB9, 0xE4, 0xCD, 0xE0, 0xB3, 0x0B, 0x54, 0xC9, 0xE5, 0xEC,
    0x2C, 0x90, 0x0B, 0x4F, 0xFE, 0x45, 0xBE, 0xF4, 0xDC, 0x87, 0xD9, 0x5B, 0x9C, 0x7C, 0xF9, 0x53,
    0xE7, 0x73, 0x09, 0xEA, 0x80, 0xB6, 0xCD, 0x11, 0x33, 0xA9, 0xCD, 0xDB, 0x2F, 0x4C, 0xBE, 0x35,
    0x03, 0x91, 0xA4, 0x1F, 0x91, 0x1C, 0xD8, 0x78, 0x17, 0x48, 0x81, 0xF3, 0xB2, 0x88, 0x0C, 0x0B,
    0x93, 0x60, 0xBD, 0x83, 0x7C, 0xFB, 0x2D, 0xFE, 0xAA, 0xED, 0x1B, 0xEC, 0x35, 0x25, 0xF8, 0x3E,
    0x60, 0x4F, 0x53, 0x7A, 0x80, 0xAF, 0xF6, 0x3D, 0x0E, 0x7E, 0xD6, 0x1C, 0x6F, 0xA9, 0x09, 0x8C,
    0x61, 0x9D, 0x09, 0xC2, 0x9B, 0x7A, 0xA0, 0x8C, 0xEA, 0x0F, 0xA8, 0x6F, 0xAE, 0x44, 0x26, 0xF4,
    0x26, 0x8A, 0x80, 0xF7, 0x51, 0xCF, 0xFE, 0xB6, 0x78, 0xF3, 0x59, 0xB4, 0x79, 0xB2, 0x82, 0x8D,
    0x07, 0xD4, 0xAE, 0xD1, 0x36, 0x08, 0x36, 0xD8, 0xEA, 0x75, 0x44, 0x98, 0x8F, 0x00, 0x45, 0xF3,
    0x2E, 0xDC, 0xAB, 0xEE, 0x5B, 0xA3, 0xB7, 0x97, 0xE1, 0xD6, 0x99, 0xF8, 0x72, 0x33, 0x4B, 0x13,
    0x7F, 0xF5, 0x8C, 0xE6, 0xEE, 0x3B, 0xB0, 0xF5, 0x01, 0x2C, 0x0C, 0x25, 0x7A, 0xCF, 0x28, 0xD2,
    0x81, 0xDE, 0xD7, 0xC3, 0xD8, 0x6F, 0xF3, 0x60, 0x2F, 0xC6, 0xB1, 0x43, 0xF2, 0x75, 0x4E, 0xA2,
    0xA7, 0xBB, 0xDB, 0x48, 0x0C, 0x4D, 0x75, 0xEF, 0x2A, 0x5B, 0xBE, 0xC5, 0x54, 0x1D, 0x52, 0x8D,
    0x2A, 0xD8, 0x52, 0x6A, 0x05, 0x3C, 0x7A, 0xC1, 0xD6, 0x1C, 0x7C, 0xF7, 0x39, 0x77, 0xB4, 0xCD,
    0xE8, 0x6E, 0x0A, 0x09, 0x7F, 0x9A, 0x6D, 0xDC, 0x92, 0x71, 0x3D, 0xDB, 0x29, 0x83, 0xE0, 0x53,
    0x3F, 0x0C, 0x42, 0x72, 0xAD, 0xDD, 0x6A, 0x04, 0x65, 0x27, 0x81, 0x49, 0x62, 0x56, 0x0F, 0xE7,
    0x39, 0x08, 0xCC, 0x7A, 0x95, 0x31, 0x22, 0xC4, 0x2A, 0x4C, 0xBB, 0x0E, 0x82, 0xB3, 0x5C, 0xF0,
    0x3A, 0xAA, 0xF0, 0x2C, 0x17, 0x2B, 0x40, 0xAB, 0xD5, 0x0A, 0xD1, 0x46, 0x12, 0x7D, 0x89, 0x4B,
    0xA9, 0x03, 0xBB, 0xC0, 0x0B, 0xD3, 0x76, 0xAB, 0x5C, 0x10, 0xA8, 0xED, 0x9C, 0xBB, 0x20, 0x54,
    0xA9, 0x83, 0x78, 0x10, 0xAC, 0x72, 0x15, 0x83, 0x8F, 0xCF, 0x0B, 0xD8, 0x93, 0xEE, 0x82, 0x8F,
    0xCF, 0x0B, 0xDA, 0x70, 0x85, 0x03, 0x7A, 0xDD, 0x22, 0xF0, 0x1A, 0x5F, 0xEF, 0xCF, 0x66, 0x77,
    0x76, 0x53, 0xA6, 0xFE, 0xE6, 0x7B, 0xA2, 0xD7, 0x04, 0x6B, 0xB6, 0xC2, 0x2D, 0x41, 0xB4, 0x1A,
    0x2E, 0x09, 0xE6, 0x6A, 0x98, 0x3B, 0xD2, 0xD0, 0x28, 0x3C, 0xA5, 0x3C, 0xC9, 0x8D, 0x80, 0x52,
    0x9B, 0xAD, 0xB2, 0x18, 0xD5, 0xFD, 0xE9, 0x68, 0x10, 0xAA, 0x0B, 0xD7, 0x03, 0x64, 0x53, 0x19,
    0xE2, 0x06, 0x25, 0xF6, 0xF1, 0x19, 0x2D, 0x36, 0x6D, 0x47, 0x8B, 0x4C, 0xC3, 0xD5, 0xA8, 0xDC,
    0x43, 0x7B, 0x33, 0xDC, 0x66, 0x2E, 0x46, 0xDA, 0x4B, 0xF3, 0x18, 0xA6, 0x7C, 0xEA, 0x66, 0x73,
    0x2D, 0xE0, 0xC1, 0xDC, 0x0A, 0x78, 0xE3, 0xF7, 0xC6, 0x1B, 0x73, 0x61, 0x8A, 0x68, 0x17, 0x0F,
    0x0B, 0x8A, 0x0B, 0x79, 0xB0, 0x01, 0x52, 0x2C, 0x86, 0xAE, 0xEF, 0xA2, 0xC4, 0x25, 0xF2, 0xDE,
    0x2D, 0xE2, 0x56, 0x61, 0xEF, 0x9D, 0x93, 0x82, 0x5A, 0xA2, 0xF5, 0xBF, 0x25, 0xFF, 0x85, 0xA7,
    0x75, 0x4D, 0xC5, 0xD6, 0x9E, 0xD6, 0x5B, 0x31, 0xEF, 0x81, 0xD6, 0x5D, 0xB3, 0xEF, 0x21, 0x36,
    0xD6, 0x62, 0xF5, 0x77, 0xF0, 0xDE, 0xB9, 0x6A, 0x0F, 0xB6, 0x5A, 0x4D, 0xB3, 0xF4, 0xD4, 0x54,
    0xAB, 0x16, 0x2A, 0xD9, 0x65, 0xE8, 0x40, 0x4D, 0x77, 0x94, 0xD6, 0x5F, 0x95, 0x84, 0x16, 0xA6,
    0x75, 0x27, 0x16, 0x84, 0xD8, 0xD3, 0x87, 0x8E, 0x5C, 0x4A, 0x4C, 0xEB, 0xE6, 0x6F, 0x9C, 0xC9,
    0x08, 0xAB, 0xDC, 0xCA, 0x3B, 0x8E, 0x25, 0xB8, 0xD9, 0xE7, 0x21, 0x1C, 0xA9, 0x8F, 0xE7, 0x99,
    0x13, 0xE9, 0xC5, 0x77, 0xFD, 0x4D, 0xC0, 0x36, 0x82, 0xB5, 0x0A, 0x6A, 0xB5, 0xE9, 0x31, 0x4B,
    0x13, 0xD1, 0x26, 0x2C, 0x4C, 0xA8, 0xD1, 0x94, 0x50, 0x99, 0x0A, 0xC0, 0x7D, 0x62, 0x98, 0x33,
    0x56, 0x57, 0xB5, 0xA4, 0x01, 0xC8, 0x02, 0x69, 0x6A, 0x7F, 0x9A, 0xB9, 0xAF, 0x96, 0x07, 0xB1,
    0x04, 0x34, 0x99, 0xBE, 0x2F, 0x31, 0xEA, 0x54, 0xF2, 0xF2, 0x9C, 0x0B, 0x95, 0x21, 0xE5, 0x64,
    0x44, 0x48, 0x35, 0x19, 0x09, 0xD2, 0x87, 0xB0, 0xE3, 0x3F, 0xBE, 0xE9, 0xBC, 0xA7, 0xA2, 0x95,
    0x4C, 0x02, 0x22, 0xAC, 0x8F, 0x16, 0x22, 0x5D, 0xA5, 0x79, 0xE0, 0xC5, 0xDC, 0xD0, 0x68, 0xA2,
    0x55, 0x7C, 0x7E, 0xA3, 0x3C, 0x84, 0x3C, 0x1E, 0xB6, 0x73, 0xBA, 0x50, 0x60, 0xCF, 0xAF, 0xFE,
    0x65, 0x50, 0xF2, 0xF3, 0x09, 0x4A, 0xBE, 0xE0, 0xBF, 0x6F, 0x9F, 0x19, 0xCE, 0xD1, 0x2B, 0x9D,
    0xCD, 0xA3, 0x38, 0x6B, 0xE1, 0x1B, 0x75, 0x86, 0xBD, 0xA4, 0x4E, 0xBE, 0x8C, 0x8D, 0x7E, 0xA6,
    0x99, 0x1F, 0x37, 0xFF, 0x6B, 0xA2, 0xBB, 0x39, 0xDC, 0xE4, 0x08, 0x89, 0x7E, 0x72, 0xAD, 0x98,
    0xBF, 0xBF, 0xD9, 0x15, 0x10, 0x7B, 0x02, 0x46, 0xE3, 0xB8, 0xAA, 0x86, 0x08, 0x08, 0x0C, 0xD6,
    0x69, 0x55, 0x0D, 0xD6, 0x65, 0x55, 0x0D, 0xD6, 0x61, 0x55, 0x0D, 0xD6, 0x5D, 0x55, 0x0D, 0xD6,
    0x59, 0x55, 0x0D, 0xD6, 0x55, 0x55, 0x0D, 0xD6, 0x51, 0x55, 0x0D, 0xD6, 0x4D, 0x55, 0x0D, 0x16,
    0x08, 0x54, 0x43, 0x04, 0x04, 0x86, 0x08, 0x08, 0x0C, 0x11, 0x10, 0x18, 0x22, 0x20, 0x30, 0x44,
    0x40, 0xC0, 0x38, 0x10, 0xCB, 0xBD, 0xB2, 0xFE, 0x43, 0xF7, 0xA7, 0x96, 0x80, 0x8D, 0x29, 0xCB,
    0x68, 0x79, 0xCC, 0x86, 0x27, 0x7A, 0x1A, 0xED, 0x6C, 0x26, 0x8E, 0x1B, 0x6C, 0x6A, 0x66, 0xFB,
    0x09, 0x37, 0xE8, 0x6C, 0x1E, 0xE0, 0xD9, 0xCE, 0x87, 0x58, 0x04, 0xAE, 0x1C, 0x7C, 0x52, 0x49,
    0x10, 0xD1, 0x3C, 0x03, 0x59, 0x33, 0x76, 0x79, 0x0A, 0xB2, 0x4C, 0xD5, 0x91, 0x39, 0xC8, 0xC9,
    0x23, 0x84, 0x03, 0x3A, 0x09, 0x39, 0x79, 0x84, 0x73, 0xD5, 0x74, 0x16, 0x32, 0x79, 0x01, 0x8F,
    0x3A, 0x0D, 0x99, 0x4C, 0xE3, 0x37, 0x74, 0x1E, 0xB2, 0xEC, 0x64, 0x22, 0x32, 0xED, 0x1E, 0xE8,
    0x4C, 0x64, 0xDC, 0xF5, 0x7E, 0x2A, 0x32, 0xEC, 0xB2, 0xDD, 0xCF, 0x45, 0x46, 0x81, 0xBD, 0xFA,
    0xC9, 0xC8, 0x58, 0xD0, 0x34, 0xF9, 0xD9, 0xC8, 0x52, 0xC1, 0x2B, 0xD3, 0x91, 0x81, 0xFD, 0x9C,
    0xE1, 0xCC, 0x00, 0x2C, 0xD3, 0x81, 0x0D, 0x63, 0xA4, 0x97, 0x22, 0x90, 0x75, 0x1B, 0x00, 0x6B,
    0xC6, 0x5B, 0xCC, 0x93, 0xDC, 0x6A, 0x34, 0x5F, 0x1C, 0x0F, 0x14, 0x45, 0xF3, 0x97, 0xC8, 0xFE,
    0xD3, 0x95, 0x5A, 0x7D, 0x73, 0xD5, 0xC9, 0x53, 0x30, 0xED, 0x27, 0xBF, 0x59, 0xB0, 0x5F, 0x85,
    0x5B, 0x58, 0xE6, 0x83, 0x01, 0xBD, 0x4A, 0x4A, 0x3D, 0x4E, 0xE2, 0x5D, 0x77, 0xDA, 0x50, 0x69,
    0x34, 0x20, 0x6A, 0xDA, 0x50, 0xC9, 0x24, 0xE8, 0x42, 0xDA, 0x50, 0x85, 0xF0, 0x96, 0x3C, 0xC2,
    0x0D, 0xB3, 0x22, 0xE1, 0x61, 0xBD, 0x8F, 0x78, 0xC2, 0x5D, 0xBE, 0x4A, 0x7E, 0x3D, 0x3A, 0x05,
    0x9A, 0x59, 0x36, 0x40, 0xF1, 0x3F, 0x70, 0x27, 0xBF, 0xC1, 0x66, 0x60, 0xBA, 0x39, 0xE4, 0x22,
    0x25, 0x91, 0x09, 0x54, 0xFB, 0xCC, 0x1B, 0xAC, 0x9F, 0xF6, 0xBF, 0x86, 0x05, 0xD4, 0xF7, 0x59,
    0x30, 0x32, 0x07, 0xF0, 0x2B, 0x4C, 0xBE, 0x84, 0xBA, 0x70, 0x5C, 0x28, 0x2C, 0x2E, 0x87, 0x77,
    0x26, 0x4F, 0xFE, 0xA4, 0xB6, 0x01, 0xD6, 0x3C, 0x9E, 0x6D, 0x3E, 0xDD, 0x94, 0x8C, 0x76, 0x5E,
    0x75, 0x72, 0xC3, 0xBF, 0x5B, 0xBB, 0xB9, 0x48, 0xED, 0x58, 0xFF, 0x8C, 0xE6, 0x8E, 0xD0, 0x06,
    0x23, 0xDF, 0x7E, 0x83, 0xCE, 0x8B, 0x56, 0x34, 0x6F, 0x82, 0xAD, 0x3D, 0xD1, 0x95, 0x80, 0x5C,
    0xC8, 0x9C, 0xBA, 0xE1, 0x4E, 0x9C, 0x4C, 0x59, 0xD3, 0x86, 0x9B, 0xA3, 0x1E, 0x0B, 0x71, 0xD0,
    0x2D, 0x39, 0xF7, 0x9A, 0x12, 0x2E, 0xD0, 0xFD, 0x3A, 0x0A, 0x17, 0x7E, 0x2D, 0xE7, 0xB9, 0xE0,
    0xC2, 0x85, 0x5D, 0x37, 0x2D, 0x45, 0x44, 0xC3, 0x26, 0x5B, 0xFD, 0x86, 0x3A, 0xC9, 0xC8, 0xA6,
    0xA7, 0x58, 0x33, 0x6F, 0xB2, 0x9D, 0xEA, 0x0D, 0x78, 0x23, 0x4D, 0x14, 0xDA, 0xA3, 0x70, 0x21,
    0xE5, 0x79, 0x54, 0xC2, 0x05, 0x49, 0x1C, 0x53, 0x2E, 0x48, 0xA3, 0x8B, 0xF1, 0x42, 0xD0, 0xF4,
    0x53, 0x6F, 0xCE, 0xE4, 0xCE, 0x4D, 0x6B, 0xA1, 0x6D, 0x28, 0xCD, 0x97, 0x9A, 0x5C, 0xA2, 0x6C,
    0xA6, 0xEB, 0x2D, 0xD1, 0xBA, 0x5C, 0xA2, 0xAB, 0x54, 0xE6, 0x12, 0x59, 0xB5, 0x7A, 0x99, 0xA8,
    0x2A, 0x25, 0xCC, 0x44, 0x54, 0xA9, 0x63, 0x26, 0x32, 0x4A, 0x31, 0x33, 0xAF, 0xD9, 0x17, 0x49,
    0x14, 0x95, 0xD8, 0x34, 0x11, 0x54, 0x6A, 0x9B, 0x89, 0x9E, 0x52, 0xE0, 0x4C, 0xE4, 0x94, 0x2A,
    0x67, 0xA2, 0xA6, 0x94, 0x3A, 0x13, 0x31, 0xA5, 0xDE, 0x99, 0x69, 0xC9, 0x45, 0xCF, 0x42, 0x4A,
    0xA9, 0x7C, 0x4E, 0x6C, 0xF9, 0xB3, 0xAD, 0x81, 0xB6, 0x45, 0xCB, 0x51, 0xE5, 0x32, 0x57, 0xEF,
    0xEA, 0xB1, 0x3C, 0x52, 0x29, 0xBD, 0x1C, 0xCB, 0x31, 0xC3, 0xAB, 0xCB, 0x1B, 0xEC, 0x24, 0x49,
    0xBE, 0x7C, 0xFE, 0xDB, 0x6A, 0x46, 0x10, 0xCF, 0xB2, 0xDA, 0xBD, 0x49, 0x15, 0x05, 0x2C, 0xAA,
    0x5B, 0x77, 0x90, 0x69, 0x0F, 0x89, 0x9F, 0xAB, 0x40, 0xE4, 0xC3, 0x17, 0xD3, 0x63, 0x59, 0x4D,
    0x94, 0xD8, 0xCE, 0x04, 0xFC, 0x26, 0x9C, 0x29, 0xEA, 0x4F, 0x81, 0x14, 0x7C, 0x83, 0x06, 0x0C,
    0xFC, 0x9E, 0x08, 0x69, 0x1C, 0xFF, 0x99, 0x73, 0xE0, 0xBB, 0x7D, 0x7D, 0x95, 0xE9, 0x9F, 0x44,
    0x44, 0xCC, 0x62, 0x6F, 0x9D, 0x50, 0x11, 0xAC, 0x86, 0xD7, 0x1D, 0x89, 0x72, 0x24, 0xE3, 0xA1,
    0x71, 0x6B, 0x23, 0xF2, 0xB9, 0xC5, 0xFE, 0xB6, 0x18, 0xF6, 0x41, 0x42, 0xD6, 0xA0, 0x2A, 0xB1,
    0x9A, 0xB1, 0xE5, 0x90, 0x20, 0x3B, 0xDA, 0x88, 0x94, 0x3C, 0x4A, 0x84, 0x5B, 0x0B, 0x70, 0x83,
    0x86, 0xEE, 0x10, 0x34, 0x5D, 0x88, 0x2F, 0xB7, 0x9B, 0x31, 0x27, 0x4A, 0x67, 0x00, 0x6C, 0x6A,
    0x93, 0x8C, 0xB9, 0xD8, 0xC3, 0x9F, 0xB8, 0xD3, 0xA5, 0x95, 0xDE, 0x3B, 0xD6, 0x78, 0x82, 0x9A,
    0x81, 0x84, 0x22, 0x6F, 0xFA, 0x4D, 0xF3, 0x49, 0x7B, 0x19, 0x57, 0x43, 0x94, 0xC3, 0x63, 0x7C,
    0x60, 0xB2, 0xFD, 0x09, 0x41, 0x12, 0x3A, 0x75, 0x94, 0x7C, 0xC4, 0xAF, 0x57, 0xAC, 0xE6, 0x12,
    0xC7, 0xAB, 0x5E, 0x57, 0x19, 0xA3, 0x3A, 0xA4, 0x10, 0xAE, 0x66, 0x7E, 0x09, 0x06, 0x8C, 0xF8,
    0x16, 0x47, 0x32, 0xD0, 0x6A, 0x87, 0xCD, 0x77, 0x90, 0x7D, 0x99, 0x7B, 0x88, 0x01, 0x0E, 0xB5,
    0xFF, 0xB5, 0xD9, 0x6E, 0x98, 0x63, 0x9A, 0x87, 0xA4, 0xCE, 0x3E, 0x4E, 0xE8, 0x5C, 0x2E, 0x2F,
    0xD9, 0x3B, 0x9D, 0xF8, 0x6F, 0x3F, 0x79, 0x7B, 0x4C, 0x5B, 0x3F, 0xE2, 0xF7, 0x97, 0x12, 0x48,
    0xFC, 0xBB, 0x37, 0x39, 0x82, 0x84, 0x14, 0x78, 0x5D, 0xD4, 0x3D, 0x4D, 0xD8, 0xEB, 0x2A, 0xAF,
    0x54, 0x5A, 0xFE, 0x4A, 0xA4, 0xC4, 0xFD, 0x77, 0xCF, 0xD8, 0xC9, 0x86, 0xFE, 0xE2, 0x7A, 0x95,
    0x25, 0xC6, 0x93, 0x53, 0x21, 0x04, 0x16, 0x29, 0xD2, 0xB2, 0x5C, 0x7A, 0x6E, 0x8A, 0x23, 0x6A,
    0xA4, 0x0E, 0x4A, 0x84, 0xDB, 0xF5, 0xEF, 0xE9, 0xDF, 0xFF, 0xEE, 0x15, 0xCF, 0x67, 0x3E, 0x65,
    0xCE, 0xFB, 0xB6, 0x32, 0xD3, 0x4E, 0xE5, 0xF7, 0x1D, 0xCF, 0x90, 0xE6, 0x62, 0x15, 0xD3, 0xF5,
    0xDE, 0xB9, 0x8B, 0x9E, 0x96, 0x26, 0x28, 0xEB, 0x6C, 0xB8, 0x39, 0x02, 0x7B, 0xEB, 0x76, 0x37,
    0x23, 0x94, 0x8F, 0x06, 0x3E, 0x15, 0xEE, 0xEA, 0x64, 0xF0, 0x53, 0x33, 0x73, 0xB4, 0x0C, 0xAF,
    0x65, 0x89, 0x60, 0x26, 0xA7, 0x23, 0xD5, 0x73, 0x01, 0xBD, 0xA3, 0x82, 0x59, 0xBE, 0x9A, 0xC5,
    0xCC, 0xED, 0x15, 0x76, 0x26, 0xF1, 0x83, 0x05, 0x48, 0xF5, 0x52, 0xDA, 0xF3, 0x55, 0xEB, 0x5E,
    0x47, 0x22, 0x36, 0x1E, 0x45, 0x1D, 0x37, 0xAC, 0xB0, 0x5D, 0xBD, 0x98, 0xA3, 0xDC, 0x68, 0xA5,
    0x33, 0xFA, 0x4F, 0x5A, 0xB7, 0xAC, 0x7A, 0xFC, 0xE0, 0x5D, 0xE1, 0xBC, 0xAD, 0xCC, 0xA6, 0x4C,
    0xFA, 0xF2, 0x6D, 0x72, 0x10, 0x57, 0x6A, 0x49, 0xC8, 0xA3, 0xDA, 0x89, 0x05, 0x39, 0x27, 0x3E,
    0x2F, 0xCA, 0x06, 0x0C, 0xB7, 0x2D, 0x5C, 0x7A, 0x4B, 0xBD, 0xA4, 0x9E, 0x61, 0xA7, 0x90, 0x45,
    0xC5, 0x1F, 0x0D, 0x47, 0xCA, 0x16, 0x9B, 0xE5, 0x6F, 0xEB, 0x03, 0xEE, 0xBB, 0xC7, 0x49, 0x7A,
    0x56, 0x7E, 0xB0, 0x25, 0xB7, 0x38, 0x5E, 0x2E, 0x1A, 0x85, 0xFE, 0xD5, 0x23, 0x95, 0x93, 0x47,
    0x08, 0x4C, 0x61, 0x16, 0x9B, 0x18, 0xB9, 0x3D, 0xF5, 0xD7, 0x77, 0x06, 0xF9, 0x2A, 0xD4, 0x32,
    0x3B, 0x45, 0xBE, 0xA3, 0x07, 0x5B, 0xE4, 0xB6, 0xF3, 0x68, 0x8B, 0xE2, 0x1B, 0x01, 0x6E, 0xB5,
    0x80, 0x7C, 0x3D, 0xDE, 0xC2, 0x31, 0xF3, 0xA3, 0x07, 0x5C, 0xE4, 0xC0, 0x54, 0x5C, 0xF5, 0x3A,
    0xE1, 0x59, 0xDD, 0x7D, 0x97, 0x90, 0xAF, 0xEE, 0xA8, 0x1F, 0xC8, 0xA4, 0xA0, 0x0B, 0x49, 0x5B,
    0x6D, 0x1E, 0x75, 0xC1, 0x9B, 0x54, 0xE4, 0x47, 0x20, 0x76, 0xDD, 0x77, 0x60, 0x83, 0xFC, 0xC0,
    0xE3, 0xAE, 0x6E, 0xA9, 0x9E, 0x7C, 0xE4, 0xEF, 0x4C, 0xE1, 0xAA, 0xF7, 0x5D, 0x40, 0x5E, 0xFD,
    0x7B, 0xA3, 0x0B, 0xD0, 0xAB, 0xFE, 0x60, 0x34, 0xA0, 0x0A, 0x50, 0x9E, 0x41, 0x55, 0x29, 0x95,
    0x2E, 0x1B, 0xE4, 0x9B, 0xFD, 0x99, 0x51, 0xF5, 0xD7, 0x91, 0x6F, 0x7F, 0xD9, 0x45, 0x13, 0xAD,
    0xA3, 0x14, 0xAE, 0xFE, 0x70, 0xD9, 0xFD, 0x63, 0x6B, 0x01, 0x7B, 0x13, 0xFB, 0x7C, 0xD4, 0x86,
    0xCB, 0x8B, 0x94, 0x7D, 0x73, 0xE7, 0x09, 0x3B, 0x3D, 0xD9, 0x5A, 0x03, 0xE3, 0x31, 0xFA, 0xDA,
    0x4F, 0x49, 0x2C, 0xE1, 0x7A, 0xAE, 0x81, 0xFA, 0x01, 0xD2, 0x0E, 0x3C, 0x88, 0x07, 0x3B, 0x42,
    0xBA, 0x84, 0x87, 0xF0, 0xE4, 0x54, 0x09, 0x4B, 0xB3, 0x94, 0xD0, 0xE3, 0x99, 0x2F, 0x64, 0x55,
    0x77, 0xFF, 0xE8, 0xFC, 0x9A, 0x84, 0x5F, 0xBE, 0xA6, 0x38, 0x1F, 0xA4, 0x02, 0x8B, 0x69, 0xE1,
    0x56, 0x07, 0x28, 0x8B, 0x6B, 0x00, 0xE9, 0xD4, 0xD0, 0x86, 0x4E, 0x74, 0x8E, 0xF1, 0x2B, 0xBF,
    0x16, 0xB3, 0x16, 0xD7, 0x1F, 0x8A, 0xF4, 0x7A, 0x78, 0xCF, 0xFD, 0x60, 0x6E, 0x7C, 0x8D, 0xE5,
    0x47, 0xB3, 0xCF, 0xE0, 0xF4, 0xEA, 0x2B, 0x73, 0xFB, 0xE1, 0xB6, 0x39, 0x7F, 0x17, 0xEA, 0x63,
    0x6C, 0x7A, 0x5B, 0x7B, 0x87, 0xB5, 0x2D, 0xE4, 0xAB, 0xCE, 0x66, 0x9E, 0x9F, 0xCC, 0xAD, 0x5D,
    0x6D, 0xD5, 0xCE, 0x0D, 0x49, 0x5D, 0xD6, 0xE6, 0x6F, 0x8F, 0xCF, 0x71, 0x06, 0x5A, 0x73, 0x06,
    0x5A, 0x73, 0x06, 0x5A, 0x73, 0x06, 0x5A, 0x73, 0x06, 0x5A, 0x7F, 0x06, 0x76, 0xC1, 0x1E, 0x7C,
    0xBB, 0x78, 0xEE, 0x38, 0xDF, 0x2D, 0x9E, 0x3A, 0xCE, 0xBC, 0xE6, 0x99, 0xE3, 0x7E, 0xAD, 0x0A,
    0xE9, 0x10, 0xD6, 0x7D, 0xE2, 0xD7, 0xD9, 0xAE, 0xB3, 0xC6, 0x19, 0xA9, 0xB0, 0x63, 0x8D, 0x6E,
    0x93, 0xCC, 0x19, 0xA7, 0xBB, 0x24, 0x53, 0xC6, 0xE9, 0x26, 0xC9, 0x8C, 0x71, 0x9E, 0x8E, 0x60,
    0x26, 0x8C, 0xDB, 0xF9, 0xE2, 0x76, 0xBA, 0x78, 0x34, 0x5B, 0xFC, 0xA6, 0xC9, 0xE2, 0xBF, 0x73,
    0x99, 0xCA, 0xB6, 0x4A, 0xCF, 0x56, 0x6E, 0x59, 0xAB, 0xE7, 0xA6, 0x75, 0x34, 0x36, 0xE7, 0x6C,
    0x8C, 0xC1, 0x65, 0x8E, 0x0E, 0xF1, 0x5D, 0x9E, 0x6E, 0x5A, 0xCB, 0x5D, 0xE6, 0x9E, 0x11, 0x7C,
    0x97, 0xD9, 0x11, 0xCC, 0x77, 0x39, 0xFD, 0x78, 0x09, 0x77, 0xF9, 0xD9, 0x16, 0xEE, 0xF2, 0xDA,
    0x27, 0xDE, 0x2C, 0x5D, 0xF1, 0xDD, 0xD8, 0x2A, 0x4D, 0xD7, 0x4A, 0xF9, 0x88, 0x45, 0x70, 0xDE,
    0x26, 0xCD, 0x97, 0xDC, 0x23, 0xAA, 0x72, 0xF6, 0x7C, 0x04, 0x63, 0xD9, 0x2B, 0x33, 0x74, 0xBC,
    0x30, 0x88, 0xD8, 0x41, 0x3B, 0x1E, 0x58, 0xE7, 0x95, 0x6B, 0xEE, 0xB8, 0x75, 0x0E, 0xF2, 0x31,
    0x77, 0xDA, 0xA3, 0x05, 0x64, 0xC0, 0x33, 0x46, 0x99, 0xC8, 0x47, 0xBC, 0x52, 0xAA, 0xBA, 0xF2,
    0xD5, 0x24, 0xE9, 0xBA, 0x00, 0x85, 0x92, 0x6E, 0x0E, 0x9E, 0xB6, 0xDA, 0xDC, 0x85, 0xDC, 0x26,
    0x66, 0x5C, 0xC5, 0x59, 0x19, 0x97, 0x7C, 0x95, 0xD7, 0xDC, 0x2C, 0xBD, 0x95, 0x83, 0xBD, 0x15,
    0x84, 0x7D, 0x62, 0x20, 0x42, 0xEF, 0xAF, 0x01, 0x77, 0xFC, 0x7E, 0x4D, 0xE0, 0x01, 0x6E, 0x8A,
    0x49, 0xC1, 0x01, 0x4E, 0x23, 0x5B, 0x05, 0xB9, 0x63, 0x5E, 0x76, 0x2B, 0xAA, 0xFF, 0x3B, 0xB8,
    0x71, 0x02, 0xD6, 0xB1, 0x44, 0xF5, 0x9B, 0x5B, 0x2F, 0x44, 0x84, 0x2B, 0x40, 0x25, 0xA5, 0x7C,
    0x1B, 0x0E, 0x38, 0x54, 0x5A, 0x90, 0x3B, 0xA0, 0x92, 0x9D, 0x3D, 0x32, 0xA5, 0xCC, 0xD7, 0x86,
    0x0D, 0x5D, 0x08, 0x6E, 0xEE, 0x2E, 0x37, 0x82, 0xC0, 0x7A, 0x27, 0x57, 0x22, 0xE5, 0xA9, 0x8B,
    0xA2, 0x5B, 0xE0, 0x8B, 0x84, 0x91, 0x0F, 0xCD, 0x96, 0x5C, 0x2D, 0x56, 0xCE, 0x8C, 0xD6, 0x71,
    0x79, 0x30, 0x22, 0x68, 0x4E, 0xBE, 0x14, 0x22, 0x2F, 0x22, 0x44, 0xA2, 0x71, 0x25, 0x73, 0x74,
    0xCF, 0xD9, 0x68, 0x2C, 0xD0, 0xDD, 0xB9, 0xF1, 0x9A, 0xCC, 0x66, 0x59, 0xC3, 0xFF, 0xDE, 0xC2,
    0xF6, 0x70, 0x5C, 0xF6, 0xDE, 0x7D, 0xB8, 0x8A, 0x9F, 0x69, 0x4D, 0x0A, 0x6C, 0x5C, 0x84, 0xF4,
    0xA4, 0xF8, 0xD2, 0xCA, 0xF4, 0xA4, 0x6C, 0x7B, 0xEE, 0x87, 0x44, 0x19, 0xF4, 0x95, 0x60, 0xD5,
    0x9C, 0xE7, 0xBA, 0xF2, 0x59, 0xE4, 0x7E, 0x4A, 0x44, 0xCF, 0xEF, 0x08, 0xDC, 0x23, 0x1A, 0xCA,
    0xF8, 0x11, 0x5A, 0xD7, 0x7A, 0x51, 0x81, 0x0A, 0xA9, 0x5F, 0x63, 0x51, 0x9D, 0xFC, 0x3E, 0x37,
    0xE7, 0xD3, 0xCB, 0xAC, 0x6B, 0xB1, 0x09, 0x68, 0xAD, 0xCD, 0xF9, 0xD2, 0x35, 0xB8, 0x34, 0x78,
    0x3C, 0xCB, 0x78, 0x4D, 0xC6, 0x7D, 0x9A, 0x75, 0xF2, 0xDC, 0x17, 0xFB, 0x3A, 0xC0, 0xF1, 0x08,
    0xA7, 0x5F, 0xC2, 0xC5, 0x2E, 0x9D, 0x14, 0x7F, 0xE1, 0xC5, 0xAE, 0x39, 0x83, 0x88, 0x71, 0x7F,
    0x3B, 0x62, 0x67, 0x4D, 0xB9, 0xD8, 0xED, 0x20, 0x86, 0x77, 0x87, 0x86, 0xF7, 0x31, 0x15, 0x88,
    0xFF, 0x9D, 0x4D, 0x66, 0x8B, 0x0B, 0xDE, 0x67, 0x97, 0xA9, 0x5C, 0x6C, 0xBE, 0x97, 0x82, 0xF5,
    0xC5, 0xDB, 0x85, 0x24, 0x25, 0x43, 0xA7, 0x13, 0x9A, 0x92, 0xB4, 0xEB, 0x85, 0xA8, 0x85, 0x74,
    0x74, 0x27, 0xAA, 0x22, 0xF1, 0x53, 0xEF, 0xDD, 0xC0, 0x3C, 0x5D, 0x4F, 0x57, 0x80, 0xFB, 0x57,
    0xF3, 0x25, 0xCC, 0x40, 0x86, 0xB7, 0x85, 0x13, 0x8F, 0x2D, 0x31, 0xFE, 0xF8, 0xC6, 0x18, 0x51,
    0xE7, 0x9D, 0x1C, 0x98, 0x23, 0x24, 0xF9, 0xF8, 0x13, 0x4E, 0x63, 0xD4, 0xCD, 0x4F, 0x51, 0x48,
    0x60, 0x36, 0x7E, 0xCF, 0xCE, 0x92, 0x9E, 0x12, 0xD9, 0x91, 0xBC, 0x05, 0xBA, 0x12, 0x3A, 0x21,
    0x2F, 0xD6, 0x9A, 0x50, 0xC1, 0x02, 0x1D, 0x54, 0xAC, 0xDD, 0xE9, 0xE4, 0xE6, 0xE7, 0xAB, 0xFC,
    0x84, 0xAE, 0xFE, 0x2C, 0x7F, 0x43, 0x77, 0xFF, 0x6B, 0x40, 0x9F, 0x2E, 0xF1, 0x9A, 0x07, 0xDE,
    0x27, 0x11, 0x8A, 0xBE, 0xD4, 0xF3, 0x00, 0x62, 0xBE, 0xFE, 0x5C, 0xDB, 0x25, 0xF7, 0x5F, 0x92,
    0xEE, 0x89, 0xBC, 0xD8, 0xA1, 0x9A, 0x37, 0x19, 0xE6, 0x4B, 0x8F, 0xB2, 0x01, 0xF2, 0xA6, 0xF2,
    0x02, 0x7C, 0x66, 0x4B, 0x4A, 0xF7, 0xD7, 0x43, 0xCB, 0xD9, 0xF7, 0xB5, 0x0E, 0x69, 0xED, 0x82,
    0x37, 0x3A, 0x8B, 0x72, 0xEF, 0xA3, 0xD4, 0xFB, 0x28, 0xF3, 0x3E, 0x4A, 0xBC, 0x8F, 0xF3, 0xEE,
    0xDD, 0xCD, 0x01, 0x80, 0xE5, 0xA6, 0x35, 0x1F, 0xDD, 0xDE, 0x9C, 0xDC, 0xDE, 0x1C, 0xDC, 0xDE,
    0x48, 0xD4, 0x9E, 0xAB, 0x88, 0x7A, 0xF9, 0x23, 0x72, 0xF1, 0xB7, 0x64, 0xFD, 0x16, 0xCE, 0x3B,
    0xE2, 0xE0, 0x7B, 0xAE, 0x7A, 0xB6, 0x52, 0x6A, 0xB1, 0x4C, 0x64, 0xEC, 0xAB, 0xBD, 0x50, 0xE9,
    0xDA, 0xB7, 0xB3, 0xAA, 0xF9, 0x03, 0x06, 0x4D, 0xD4, 0xBF, 0xDC, 0xB3, 0x3D, 0x4A, 0xF4, 0xEC,
    0x67, 0x59, 0x97, 0xD4, 0x26, 0x9D, 0x5A, 0x5F, 0x93, 0x44, 0x3D, 0xD0, 0x9A, 0x88, 0xF9, 0x55,
    0xE9, 0x1D, 0xEC, 0xFC, 0x08, 0x1B, 0x2F, 0x01, 0xAC, 0x4B, 0xFE, 0x46, 0x54, 0x74, 0x03, 0x42,
    0x3A, 0x1B, 0xF9, 0xAA, 0xBE, 0xE2, 0x41, 0xAB, 0xA4, 0x40, 0xA2, 0x86, 0x75, 0x45, 0x6B, 0x26,
    0x53, 0xCD, 0x35, 0x49, 0x44, 0xC3, 0x66, 0x60, 0x33, 0xE3, 0x24, 0x59, 0xF6, 0x6A, 0x3E, 0x56,
    0x63, 0xE3, 0xD4, 0x78, 0x2C, 0x76, 0x12, 0xF1, 0x44, 0xC3, 0x8C, 0xBB, 0xD9, 0xA9, 0xE1, 0x58,
    0x04, 0xB3, 0xF1, 0x58, 0x78, 0xA3, 0x71, 0x49, 0x0A, 0x6F, 0x32, 0x1E, 0xFD, 0x1A, 0x0D, 0xC6,
    0xC2, 0x98, 0x8B, 0x85, 0x31, 0x16, 0x0B, 0x35, 0x15, 0xAF, 0xDC, 0xE8, 0xB5, 0x52, 0xD2, 0x53,
    0x1D, 0x97, 0x9A, 0x89, 0x85, 0x31, 0x12, 0xFF, 0xDA, 0x98, 0x88, 0xC6, 0x39, 0x6F, 0x6B, 0x9F,
    0xA2, 0xCA, 0xA7, 0xEE, 0xA6, 0x2E, 0xA6, 0x66, 0x7D, 0xEF, 0xCF, 0xE4, 0x1C, 0xDA, 0xFF, 0x17,
    0xC3, 0x84, 0x1D, 0x50, 0x0C, 0xB8, 0x5A, 0xAA, 0x5F, 0x6B, 0x7B, 0x6A, 0xEB, 0xFC, 0x3D, 0x74,
    0xE9, 0xC0, 0x57, 0x76, 0xD4, 0xFC, 0xB9, 0x21, 0x2F, 0x77, 0x65, 0xFE, 0xBF, 0xA6, 0xE7, 0xF9,
    0x3F, 0xB6, 0xF1, 0xB0, 0x6E, 0xFA, 0xD4, 0x6C, 0x3A, 0x97, 0xB9, 0x74, 0x9C, 0x37, 0x2E, 0x29,
    0xA4, 0xF0, 0xFF, 0x57, 0x98, 0x62, 0x9A, 0x91, 0xA3, 0xB8, 0xA0, 0xD4, 0xD2, 0x6A, 0xAE, 0x71,
    0x18, 0x39, 0xAA, 0x47, 0x8A, 0x2E, 0x6D, 0xD4, 0xDD, 0x65, 0xC3, 0x76, 0x17, 0x39, 0xF5, 0x88,
    0x45, 0x41, 0xF8, 0x57, 0xF4, 0xB7, 0x5F, 0xC1, 0xEE, 0x92, 0x97, 0x95, 0x6E, 0xA4, 0x75, 0x83,
    0xDA, 0xC5, 0xC8, 0x80, 0xD7, 0xB5, 0x98, 0x6E, 0xED, 0x37, 0x28, 0x3A, 0x53, 0xD1, 0xBC, 0x49,
    0xBB, 0xA4, 0xFD, 0xDF, 0x88, 0xEA, 0x45, 0x71, 0x5B, 0x7D, 0xA8, 0xBA, 0x17, 0x73, 0x60, 0x76,
    0x51, 0xBE, 0x95, 0xB4, 0x3B, 0x63, 0x95, 0x81, 0x15, 0x43, 0xEA, 0x2A, 0xCA, 0xF0, 0xB5, 0x2A,
    0xD1, 0xBF, 0x20, 0x2A, 0xDF, 0x5D, 0x55, 0x65, 0x00, 0xD5, 0x7E, 0x34, 0x05, 0x07, 0x64, 0xC5,
    0x53, 0xC2, 0x74, 0xE3, 0x75, 0xF3, 0x01, 0x8D, 0xDF, 0xA0, 0x84, 0xDB, 0xC9, 0x68, 0x61, 0xCA,
    0x6E, 0x50, 0x35, 0xFC, 0x75, 0xAB, 0x87, 0xBF, 0x1A, 0x2B, 0xE2, 0x48, 0x13, 0x47, 0xAA, 0x38,
    0xD6, 0xA7, 0x9F, 0x7A, 0x73, 0xCD, 0x33, 0x77, 0xB8, 0x7D, 0x4B, 0x44, 0x36, 0xB9, 0x07, 0x84,
    0x70, 0x02, 0x78, 0x67, 0x11, 0x87, 0xBD, 0x0B, 0x1F, 0x7A, 0x29, 0x47, 0x49, 0xD9, 0xEE, 0xE8,
    0xED, 0x96, 0x66, 0xC9, 0xD8, 0x48, 0x67, 0xD3, 0x25, 0x5F, 0xB3, 0xB5, 0xF1, 0x00, 0x12, 0x88,
    0x87, 0x0D, 0x44, 0x0E, 0x42, 0xF2, 0xD4, 0x2D, 0x9C, 0xB4, 0xAB, 0x50, 0x07, 0xBB, 0x45, 0xB2,
    0x1C, 0x43, 0xB9, 0x47, 0x5D, 0x23, 0x55, 0xF4, 0x3D, 0x70, 0xE4, 0x0B, 0xF6, 0x37, 0x97, 0x9A,
    0x96, 0xC9, 0x4F, 0xF1, 0xF2, 0xD2, 0x2F, 0xD7, 0x7A, 0x7F, 0x1D, 0xBE, 0x14, 0x81, 0x55, 0x62,
    0xC0, 0x7D, 0x7C, 0xA3, 0xCA, 0xF9, 0xF8, 0x4E, 0xE3, 0x60, 0xBB, 0x79, 0xC5, 0x92, 0x72, 0xE3,
    0xD9, 0x70, 0x97, 0x7F, 0x16, 0x11, 0x31, 0x3F, 0x6B, 0x14, 0xD2, 0xC7, 0xDB, 0xB3, 0xAE, 0x21,
    0x55, 0xBC, 0x3D, 0x9F, 0xE7, 0x66, 0x98, 0x32, 0xC4, 0x0F, 0xEA, 0x24, 0x10, 0x2F, 0xB3, 0xB8,
    0x8E, 0xA4, 0x72, 0xA0, 0x65, 0x92, 0xB7, 0x3C, 0xAC, 0xB8, 0xAD, 0x08, 0x4E, 0xB4, 0x60, 0xC6,
    0x4D, 0x84, 0x59, 0xD0, 0x13, 0x29, 0x08, 0xFB, 0xFA, 0x03, 0xFF, 0xAC, 0xE4, 0xDF, 0xA4, 0x84,
    0x56, 0xF6, 0xDE, 0x0B, 0xAC, 0x6E, 0x69, 0xCC, 0x82, 0x82, 0x69, 0x19, 0xD3, 0x5E, 0x48, 0xF1,
    0xAC, 0xB3, 0x3D, 0x67, 0x3B, 0xEE, 0x39, 0xEB, 0x4E, 0x9C, 0x3B, 0x19, 0xF5, 0x9C, 0xBD, 0xEF,
    0x26, 0x6E, 0x67, 0xBB, 0xDD, 0xDE, 0x73, 0x36, 0x3A, 0x90, 0xFB, 0xCD, 0x9B, 0x3B, 0x40, 0x44,
    0x6B, 0xFB, 0x81, 0x00, 0x9A, 0x14, 0x22, 0x66, 0x1B, 0x49, 0x00, 0x86, 0x88, 0x78, 0xC0, 0x14,
    0x6F, 0xE3, 0x69, 0xEB, 0x77, 0x85, 0x88, 0x34, 0x02, 0x23, 0x38, 0x85, 0xDD, 0xDA, 0x7A, 0x88,
    0xD8, 0x51, 0x6E, 0xB0, 0x38, 0x84, 0xCB, 0x3D, 0x69, 0x8E, 0x06, 0x22, 0x36, 0x12, 0x56, 0xA7,
    0x4A, 0x64, 0xDA, 0x28, 0x44, 0xC4, 0xE0, 0x03, 0x39, 0x82, 0x57, 0x36, 0x04, 0x19, 0x22, 0x8A,
    0xB9, 0xC7, 0x47, 0x0D, 0x3E, 0x3B, 0x1D, 0x5D, 0x3A, 0x68, 0x58, 0x4F, 0x14, 0xC5, 0x66, 0x26,
    0x6B, 0xEE, 0x1D, 0x6F, 0x88, 0xCD, 0x38, 0x91, 0x8C, 0x17, 0xD6, 0x0C, 0xFC, 0xC8, 0x4B, 0x20,
    0xB8, 0xCF, 0xF1, 0x54, 0x43, 0x8A, 0x12, 0xF6, 0xDC, 0x2C, 0x57, 0xAE, 0x2D, 0xAF, 0x39, 0x33,
    0x9F, 0xCC, 0x0D, 0xF1, 0xC9, 0x92, 0xDC, 0x93, 0xDB, 0xAA, 0x32, 0xB0, 0x43, 0x3D, 0xE2, 0xE5,
    0x21, 0x35, 0x16, 0x92, 0x75, 0xE5, 0x36, 0x2F, 0x1A, 0xE1, 0xEB, 0xBE, 0xA5, 0x92, 0xB1, 0x3F,
    0x75, 0x3F, 0x51, 0xC1, 0xE8, 0x92, 0x62, 0x53, 0xB9, 0xB8, 0xB1, 0x89, 0x84, 0x64, 0x42, 0x75,
    0xD1, 0xA9, 0x54, 0xDC, 0x39, 0x8F, 0x92, 0x88, 0xE4, 0x78, 0xFA, 0x11, 0xD1, 0xA8, 0x1B, 0xC3,
    0x0D, 0x6A, 0xD7, 0x20, 0xDD, 0x2A, 0xB3, 0x4E, 0x17, 0x23, 0xF5, 0x5E, 0x39, 0x37, 0x4F, 0xFA,
    0x73, 0x0B, 0x24, 0x2C, 0xE4, 0xC6, 0xB5, 0x83, 0xDC, 0xB9, 0x4E, 0x6F, 0xDD, 0x2E, 0xF7, 0x8E,
    0x85, 0xF6, 0x43, 0x36, 0xD3, 0xE8, 0xEE, 0x51, 0xA1, 0x0B, 0xDE, 0x3E, 0xBA, 0x5C, 0x78, 0xFF,
    0xE8, 0x47, 0x78, 0x03, 0x65, 0x91, 0x2F, 0xA9, 0x2E, 0x12, 0xBF, 0xD8, 0xF4, 0x26, 0xEE, 0x7A,
    0x17, 0x7B, 0xBD, 0x8D, 0xBD, 0xDE, 0xC7, 0x4E, 0x6F, 0x64, 0xA7, 0x77, 0xB2, 0xD7, 0x5B, 0xE9,
    0x64, 0x24, 0x41, 0xBA, 0x8B, 0x71, 0x5B, 0xAC, 0x62, 0xD9, 0xEA, 0xE8, 0x01, 0x9F, 0x8D, 0xE1,
    0xD3, 0x05, 0xF3, 0x0B, 0x3D, 0xAF, 0xC7, 0xF3, 0xC7, 0xE0, 0xE5, 0xD4, 0xC8, 0x8E, 0xC2, 0x92,
    0x66, 0x53, 0xA7, 0xA6, 0x84, 0x63, 0xDE, 0xE4, 0x13, 0xD9, 0x7C, 0x97, 0x8F, 0x69, 0x33, 0x74,
    0xA4, 0x18, 0x1A, 0xB6, 0x79, 0xA4, 0x37, 0x54, 0xC2, 0xE5, 0x87, 0xF1, 0x3E, 0x5F, 0x02, 0xC2,
    0xA3, 0x89, 0x6A, 0xF2, 0x88, 0x85, 0x8B, 0x0F, 0x9B, 0x81, 0xD3, 0x37, 0xAB, 0xA9, 0xC6, 0xC7,
    0xA9, 0x72, 0x5C, 0xEE, 0x98, 0x53, 0xBD, 0x01, 0xFA, 0x6E, 0x9E, 0x55, 0x3C, 0xF6, 0x8E, 0xBA,
    0xCC, 0x4A, 0x17, 0xDA, 0x5C, 0xBA, 0xD4, 0x82, 0x1D, 0x72, 0xB5, 0x53, 0x89, 0x23, 0xCE, 0xE9,
    0x19, 0x12, 0x5F, 0xA0, 0x40, 0x5D, 0xE0, 0x87, 0x38, 0xFB, 0x4A, 0xC3, 0x77, 0xF5, 0x10, 0x6B,
    0xC5, 0x9B, 0x37, 0x46, 0x08, 0xED, 0x56, 0x08, 0xED, 0x56, 0x08, 0xED, 0x72, 0xA5, 0x0A, 0x49,
    0x12, 0x66, 0x17, 0x8A, 0x9B, 0x6B, 0x9C, 0x6F, 0x26, 0x19, 0x0D, 0x5B, 0xAF, 0xD1, 0xA9, 0x6F,
    0xE0, 0x28, 0x1C, 0x71, 0x33, 0xA1, 0x03, 0xAA, 0x5D, 0x6A, 0xF1, 0x39, 0xBD, 0x81, 0x96, 0x58,
    0xAE, 0x9B, 0x99, 0x67, 0x3D, 0xB1, 0xEE, 0x5B, 0xD0, 0x92, 0xE0, 0x4D, 0x8F, 0x8E, 0x78, 0xD9,
    0x64, 0x3B, 0x1B, 0xFF, 0xBB, 0x6A, 0xBD, 0x81, 0x37, 0x24, 0x84, 0x3A, 0xC9, 0x60, 0xA6, 0xEB,
    0x45, 0x01, 0xD0, 0x5D, 0xEE, 0x57, 0x36, 0xF3, 0x86, 0x85, 0xD0, 0xD7, 0xCE, 0x23, 0x49, 0x9F,
    0x76, 0x13, 0x65, 0xA5, 0x46, 0x0D, 0xE5, 0x2B, 0x25, 0xFC, 0x96, 0x34, 0xCF, 0x2A, 0xEF, 0x26,
    0x7D, 0xCB, 0xB9, 0xF7, 0xFC, 0xE6, 0x23, 0x3E, 0x97, 0xBD, 0xB8, 0xB9, 0x4A, 0xA7, 0x31, 0x7B,
    0x3C, 0x26, 0xCE, 0xC7, 0xEC, 0xA5, 0x65, 0x1F, 0xFB, 0x4D, 0xE1, 0xCE, 0xA0, 0x30, 0x56, 0x61,
    0x46, 0x66, 0x0E, 0x4B, 0x33, 0xC7, 0xF3, 0xFB, 0x48, 0x9C, 0x51, 0x6C, 0x48, 0xDD, 0x57, 0xF5,
    0xD3, 0x4D, 0x37, 0x58, 0x13, 0x03, 0x96, 0x89, 0xDF, 0x1C, 0x5A, 0xBF, 0x79, 0x80, 0x0D, 0x03,
    0x64, 0xC3, 0x47, 0x81, 0x37, 0x3A, 0x05, 0xF4, 0x14, 0x9C, 0x2E, 0xC1, 0xE6, 0xD2, 0x8D, 0x47,
    0x7B, 0xD6, 0xEA, 0xE2, 0xD1, 0x0B, 0x7A, 0x59, 0xA3, 0x4E, 0x80, 0x9F, 0x7A, 0xF3, 0x3C, 0xA9,
    0x24, 0x94, 0x76, 0xBD, 0x1B, 0x84, 0xB7, 0x7B, 0x78, 0x77, 0xF4, 0x27, 0x9A, 0x7B, 0xF3, 0x09,
    0x5D, 0x6B, 0x1A, 0x5D, 0xCA, 0x64, 0xCD, 0xDC, 0x69, 0xF7, 0x4A, 0x82, 0xA6, 0x76, 0x0A, 0x9E,
    0x73, 0xDE, 0x81, 0x0A, 0x68, 0xAB, 0xDF, 0x03, 0x92, 0xD3, 0x43, 0x8E, 0x30, 0x4E, 0xCE, 0x38,
    0x61, 0x38, 0x3D, 0xC8, 0x09, 0xC6, 0xA1, 0xFD, 0x39, 0x76, 0x27, 0x7F, 0x8C, 0xEF, 0xBB, 0xD5,
    0x9F, 0x62, 0x9C, 0x70, 0xB6, 0x07, 0xEB, 0x6B, 0xDA, 0x43, 0x6A, 0xDA, 0x6A, 0x07, 0x05, 0xDA,
    0x2E, 0xA6, 0xFB, 0xE5, 0x8C, 0xEB, 0xC2, 0xAC, 0xD3, 0x38, 0x67, 0x7D, 0xBA, 0x79, 0x23, 0xFA,
    0x55, 0x6A, 0x7B, 0x58, 0xC1, 0x2E, 0xB2, 0x21, 0x0D, 0xEB, 0x64, 0xB3, 0xC9, 0x81, 0xAD, 0x46,
    0x4F, 0xBE, 0x53, 0xF7, 0xAD, 0x51, 0xE9, 0x57, 0xFC, 0xD4, 0x61, 0x94, 0x8C, 0x09, 0x98, 0x3F,
    0x25, 0x41, 0xAC, 0x8E, 0x95, 0xC9, 0x29, 0x00, 0xC6, 0x57, 0x68, 0xFD, 0x26, 0x71, 0x47, 0x85,
    0xC6, 0x54, 0x77, 0x2F, 0x9B, 0x3E, 0x39, 0x26, 0xC1, 0x11, 0x50, 0x4C, 0x1E, 0x41, 0x97, 0x6B,
    0x3E, 0x17, 0xEC, 0x16, 0x40, 0x42, 0x66, 0x5B, 0x3D, 0x31, 0xF8, 0x43, 0x4A, 0x3A, 0xF9, 0x6C,
    0xEC, 0x5E, 0xE5, 0x54, 0x42, 0xA6, 0x25, 0xE6, 0x1E, 0x46, 0x19, 0x7A, 0x2F, 0xB8, 0xE9, 0x2F,
    0xE1, 0x3A, 0xBB, 0x14, 0x27, 0xC0, 0xEC, 0xE1, 0x9D, 0x74, 0x31, 0xE3, 0xE1, 0x6D, 0xCF, 0xD4,
    0xBE, 0xA8, 0x9D, 0x94, 0xE3, 0xA2, 0x15, 0x87, 0x86, 0x05, 0x4B, 0xD4, 0x63, 0xAD, 0x28, 0x85,
    0x47, 0xC2, 0x12, 0xF5, 0x36, 0x6F, 0x96, 0x1D, 0xB9, 0x5D, 0x00, 0x2D, 0x5F, 0xF3, 0xCB, 0x43,
    0xA2, 0x4B, 0x75, 0xE2, 0xE8, 0x55, 0x76, 0xFE, 0x22, 0x97, 0x1A, 0x09, 0xD9, 0xFF, 0x12, 0xDF,
    0xAD, 0xA5, 0x71, 0x50, 0x72, 0xF8, 0x76, 0x0D, 0x65, 0x10, 0xA5, 0xEE, 0xDB, 0xBC, 0x08, 0x77,
    0x31, 0x95, 0xBF, 0xDE, 0x2F, 0x56, 0x4A, 0x87, 0xF1, 0xA0, 0x1C, 0x99, 0xBD, 0x5E, 0xA8, 0xF5,
    0xB5, 0x2F, 0x23, 0x24, 0x9F, 0x41, 0x84, 0xE4, 0x39, 0xFF, 0x15, 0xD1, 0x11, 0xB6, 0x7F, 0x6F,
    0xC7, 0x88, 0x45, 0xB1, 0xE0, 0x0B, 0x9D, 0x5A, 0xBF, 0x0C, 0xCB, 0x7C, 0xAA, 0xD8, 0xEE, 0x8D,
    0x19, 0x2C, 0x36, 0x55, 0x7F, 0xBD, 0x6C, 0x6E, 0x47, 0x73, 0xD4, 0xE7, 0x9B, 0xF9, 0xB2, 0xDF,
    0xB4, 0x0E, 0xFE, 0x8F, 0xD5, 0xA8, 0xC6, 0x35, 0x78, 0x3E, 0x92, 0x60, 0x3F, 0x8D, 0xC9, 0x1A,
    0x7C, 0x1E, 0xC9, 0x1A, 0x1C, 0x1E, 0x49, 0xB0, 0x9F, 0x68, 0xAD, 0xAE, 0x8E, 0x24, 0x84, 0x74,
    0x8E, 0x7E, 0xDD, 0xCB, 0xEB, 0x8B, 0x6A, 0x94, 0x35, 0xAB, 0xC6, 0xD5, 0xA8, 0xC6, 0xD5, 0xA8,
    0xC6, 0xD5, 0xA8, 0xC6, 0xD5, 0xA8, 0xC6, 0xE0, 0x54, 0xEA, 0xC7, 0xE0, 0x53, 0xAA, 0x16, 0xD3,
    0xB3, 0x74, 0x5F, 0x83, 0x37, 0xB7, 0x33, 0xB6, 0x54, 0x6D, 0xD6, 0x85, 0x59, 0x67, 0xEB, 0x05,
    0xEF, 0x6F, 0x44, 0xCF, 0xEB, 0x03, 0x35, 0x34, 0x0F, 0xB1, 0x3B, 0xC5, 0xD9, 0x9C, 0x98, 0xCA,
    0x41, 0xB3, 0xB7, 0x5B, 0x69, 0xAC, 0x73, 0x8F, 0xE5, 0x2A, 0xCE, 0xC0, 0xA8, 0xB9, 0xCA, 0xA3,
    0x2F, 0xD8, 0x49, 0x41, 0x61, 0xB2, 0xF6, 0x90, 0xAF, 0xDC, 0x57, 0xA0, 0xA1, 0x2C, 0xAA, 0x06,
    0x73, 0x87, 0x16, 0x3A, 0x52, 0x87, 0x62, 0xE6, 0x69, 0x9A, 0xEA, 0x38, 0x95, 0x7C, 0x73, 0xAA,
    0x05, 0xC8, 0x7F, 0xFE, 0x7D, 0xED, 0xA2, 0x4B, 0x42, 0x20, 0x57, 0xC1, 0xF0, 0x47, 0x1A, 0x87,
    0x06, 0xB3, 0xED, 0x24, 0xC1, 0xE8, 0xDD, 0x46, 0x67, 0xFA, 0x7D, 0xC5, 0xE4, 0x41, 0x80, 0x2E,
    0x6B, 0x71, 0x20, 0x8F, 0xFD, 0x2A, 0xC5, 0x37, 0xAB, 0xB8, 0x62, 0x64, 0xCC, 0xDA, 0x51, 0x46,
    0x95, 0x08, 0x69, 0x0B, 0x25, 0xAB, 0x92, 0x54, 0x0F, 0xA5, 0x4C, 0x44, 0xB9, 0xDE, 0x93, 0xD3,
    0x2E, 0x95, 0x60, 0xF8, 0x5D, 0x84, 0x66, 0xD4, 0xA5, 0x65, 0xF3, 0x19, 0x29, 0x42, 0xB9, 0x2E,
    0x10, 0xAF, 0x0F, 0xF4, 0x7B, 0x94, 0x78, 0x12, 0xEE, 0x89, 0xA7, 0x62, 0x9F, 0x78, 0x42, 0xD2,
    0x92, 0x69, 0xC9, 0xFD, 0x90, 0x88, 0x9C, 0x6D, 0xE2, 0x29, 0x4A, 0xC3, 0x2E, 0x99, 0xA8, 0x32,
    0xD1, 0x8F, 0xA6, 0x3A, 0x0F, 0x9E, 0xB4, 0xB2, 0x2C, 0xA4, 0x61, 0x8C, 0x10, 0x98, 0x0B, 0xFE,
    0x89, 0xC6, 0xCD, 0xE0, 0xC9, 0x4C, 0x46, 0x16, 0x53, 0x9A, 0x6A, 0xE9, 0x13, 0xF8, 0x94, 0x27,
    0xED, 0x97, 0x0C, 0xD0, 0xCC, 0xAB, 0xC4, 0xD2, 0x64, 0x05, 0x74, 0x21, 0x38, 0x56, 0x6C, 0x97,
    0xAF, 0xED, 0x70, 0x7D, 0xE1, 0x7B, 0x16, 0xF8, 0x22, 0x42, 0x2C, 0x23, 0x09, 0x31, 0x36, 0x72,
    0x99, 0xA5, 0xAB, 0xA4, 0xE8, 0xA4, 0xEB, 0x7D, 0x3E, 0x77, 0x58, 0xF0, 0xB4, 0x50, 0x73, 0x53,
    0x38, 0xDF, 0x3C, 0x5A, 0x04, 0x9F, 0x41, 0x28, 0x8D, 0xDD, 0x79, 0x68, 0x2A, 0x45, 0xE2, 0xD2,
    0xFE, 0xC4, 0x0B, 0xC7, 0xB8, 0x8B, 0x46, 0xB3, 0x4A, 0xF3, 0xB9, 0x87, 0xA1, 0x64, 0x4C, 0xDF,
    0x18, 0x67, 0xAC, 0x66, 0x0F, 0xAB, 0xFF, 0xF1, 0xFB, 0xD4, 0x2A, 0x7C, 0xAE, 0xF8, 0x44, 0xD1,
    0x82, 0x3B, 0xDE, 0xA5, 0x6F, 0x92, 0xAE, 0x42, 0xB1, 0x74, 0x9F, 0x50, 0x1F, 0x77, 0x0B, 0x91,
    0x41, 0x4A, 0xCD, 0x07, 0x58, 0x24, 0x7E, 0xB8, 0xDA, 0x9A, 0xEF, 0x38, 0x49, 0x1F, 0x1D, 0x7E,
    0x33, 0x58, 0xB3, 0xC8, 0x93, 0x30, 0x74, 0xC4, 0x57, 0x13, 0xF9, 0x4F, 0xF1, 0x1B, 0x87, 0x73,
    0x47, 0xEF, 0xF1, 0xF6, 0x2D, 0xA7, 0x2E, 0x59, 0xDB, 0xAC, 0xDE, 0xA2, 0x2A, 0x8D, 0x76, 0xAC,
    0xF6, 0xC3, 0x6F, 0x1C, 0x54, 0xC7, 0x61, 0x94, 0x45, 0xF9, 0x45, 0x0E, 0x36, 0x39, 0x93, 0xFF,
    0x12, 0xB3, 0xAD, 0xF2, 0x55, 0x4A, 0x5A, 0x90, 0xBC, 0x39, 0x1E, 0xAE, 0xFF, 0x98, 0xE0, 0x94,
    0x6C, 0x47, 0x2E, 0x5B, 0x2C, 0xCB, 0x40, 0x52, 0x5E, 0xD1, 0xFB, 0xED, 0xD9, 0x56, 0xF2, 0x2C,
    0x18, 0x6E, 0xC8, 0x4A, 0xBD, 0x56, 0x9B, 0x21, 0x1B, 0x13, 0xEE, 0x1F, 0xD5, 0xBB, 0xBF, 0x85,
    0x6D, 0xB9, 0xCB, 0xC4, 0xF6, 0x7A, 0x2B, 0xA6, 0x1A, 0xAB, 0x55, 0x9C, 0xD6, 0x62, 0x92, 0x83,
    0x80, 0x06, 0x88, 0x63, 0xBD, 0x57, 0xB5, 0xE4, 0x6E, 0x6F, 0x0F, 0xBB, 0x64, 0xFF, 0x80, 0x18,
    0xEB, 0x47, 0x02, 0x7F, 0xF0, 0xD2, 0x8F, 0x39, 0x89, 0xB5, 0xE5, 0xFE, 0x18, 0x4A, 0xCA, 0x8E,
    0x6D, 0x55, 0xF4, 0x6F, 0x36, 0x54, 0x0F, 0xBA, 0x8B, 0x24, 0x78, 0x58, 0x39, 0xCC, 0x73, 0xEF,
    0x6D, 0x42, 0xE6, 0x62, 0xBA, 0xA7, 0x75, 0xC8, 0xD1, 0xD6, 0xE0, 0xB9, 0xED, 0x5A, 0x26, 0xFF,
    0xF5, 0x29, 0x81, 0x77, 0x85, 0x71, 0x3E, 0x19, 0x96, 0x23, 0x6B, 0x92, 0x0A, 0x2B, 0xE3, 0x5C,
    0x38, 0x11, 0x16, 0xBB, 0x2A, 0xFA, 0x34, 0x58, 0x6E, 0xB1, 0xE8, 0x18, 0xF4, 0xC0, 0x46, 0x53,
    0x60, 0x1D, 0xB6, 0x66, 0xCC, 0x35, 0x01, 0x16, 0xB3, 0x4D, 0x33, 0x49, 0x7F, 0x2D, 0x29, 0xF5,
    0x54, 0x92, 0x5F, 0x79, 0xC3, 0xA9, 0xAF, 0xB2, 0xE1, 0xC4, 0x57, 0xD9, 0x70, 0xDA, 0xAB, 0x6C,
    0x38, 0xE9, 0x55, 0x36, 0x9C, 0xF2, 0x2A, 0x1B, 0x4E, 0x78, 0x95, 0xAC, 0x56, 0x4A, 0x77, 0x5D,
    0x4B, 0x99, 0xE3, 0x4A, 0xC9, 0xAE, 0x40, 0xE3, 0x7C, 0x91, 0x54, 0xD7, 0x0F, 0xDC, 0x0F, 0xDD,
    0x1B, 0x8B, 0xD0, 0x15, 0xA3, 0x32, 0x34, 0x4E, 0x16, 0xEF, 0x82, 0x3B, 0x96, 0x1F, 0x7F, 0xB4,
    0xF8, 0x0C, 0xFF, 0xF2, 0xA7, 0x21, 0x51, 0x79, 0x2C, 0xA7, 0x7E, 0xF1, 0xF0, 0x8E, 0x8B, 0xCD,
    0x44, 0x14, 0x3D, 0x99, 0x02, 0x0E, 0xAB, 0xDD, 0x54, 0x98, 0x44, 0xDA, 0x29, 0xFB, 0xF3, 0xCB,
    0xB5, 0x30, 0x1C, 0xC7, 0xBF, 0x64, 0xDB, 0xD9, 0xA5, 0xCF, 0x3E, 0x90, 0x77, 0x5A, 0xB4, 0x34,
    0xB0, 0xF9, 0x19, 0x56, 0x82, 0x4F, 0xCC, 0x86, 0x8D, 0xC6, 0x3D, 0x11, 0x13, 0xFA, 0x62, 0x2F,
    0x56, 0x66, 0x41, 0xFB, 0xBD, 0x29, 0x59, 0x99, 0x01, 0x38, 0x30, 0x68, 0x15, 0xF2, 0x73, 0x66,
    0x2F, 0x11, 0x7F, 0xA3, 0x73, 0x2B, 0xA4, 0xA7, 0x76, 0x16, 0x40, 0xF8, 0x79, 0xA5, 0xFA, 0x29,
    0x22, 0xFB, 0x46, 0xD0, 0x88, 0x65, 0x0F, 0xCF, 0x46, 0x99, 0x19, 0x0D, 0x6F, 0x42, 0x70, 0xF6,
    0x96, 0x12, 0xB9, 0xA5, 0x35, 0x0C, 0x12, 0xFB, 0x29, 0x75, 0x7F, 0x27, 0x52, 0xFF, 0x8D, 0x1A,
    0x29, 0xD8, 0x11, 0x99, 0xBF, 0x0F, 0x66, 0x13, 0x97, 0x5A, 0x18, 0xF1, 0x89, 0x5F, 0xDE, 0xBB,
    0x9E, 0x35, 0x25, 0xDB, 0xA4, 0x63, 0x9B, 0x54, 0xEC, 0x70, 0x02, 0xCD, 0xF9, 0x33, 0xA7, 0xCF,
    0x9C, 0x3D, 0x73, 0xF2, 0xCC, 0xB9, 0x33, 0xA7, 0xCE, 0x9C, 0x39, 0x73, 0xE2, 0xCC, 0x79, 0x33,
    0xA7, 0xCD, 0x9C, 0xB5, 0x70, 0xD2, 0xA6, 0x70, 0xCE, 0xA6, 0x70, 0xCA, 0xA6, 0x70, 0xC6, 0xA6,
    0x70, 0xC2, 0x26, 0x73, 0xBE, 0xCC, 0xE9, 0x32, 0x67, 0xCB, 0x9C, 0xAC, 0x4B, 0xD5, 0xDB, 0xE6,
    0x54, 0x55, 0xD3, 0x9D, 0x9D, 0x07, 0xA6, 0x9E, 0xD1, 0x10, 0x57, 0xE6, 0xD7, 0x5D, 0xB8, 0xE4,
    0x34, 0xD2, 0x44, 0x33, 0xDD, 0x61, 0x15, 0xF2, 0xDC, 0xCB, 0x31, 0x90, 0x99, 0x1A, 0xF9, 0xFB,
    0x1C, 0x77, 0x43, 0xEA, 0xCD, 0x10, 0x3B, 0x5D, 0xA5, 0x1B, 0xA8, 0x64, 0xB7, 0xE7, 0x9E, 0xE0,
    0xF9, 0xC2, 0xC3, 0xE3, 0x34, 0xB3, 0x3D, 0x5C, 0xF2, 0x9C, 0xA7, 0xB6, 0xF9, 0xAC, 0x76, 0xC2,
    0x82, 0x9A, 0xD3, 0xCE, 0xED, 0xC3, 0x25, 0xA3, 0x3D, 0x5D, 0x4D, 0x3E, 0x3B, 0xFD, 0x9A, 0x66,
    0xB3, 0xB3, 0xE1, 0x26, 0xB9, 0xEC, 0xA6, 0x49, 0xD5, 0x66, 0xEB, 0xD2, 0x76, 0x6B, 0x32, 0x3F,
    0xAA, 0x6C, 0xAD, 0x73, 0xB5, 0xDD, 0xE2, 0xEC, 0xBA, 0xB1, 0xB9, 0x53, 0x68, 0x73, 0xDE, 0x78,
    0xA6, 0xB9, 0x1F, 0x2E, 0xEA, 0xF9, 0xA1, 0x79, 0x0C, 0xA8, 0xEA, 0xE7, 0x04, 0x61, 0x15, 0x37,
    0x0B, 0xA2, 0xA4, 0x69, 0x2A, 0x2F, 0x2B, 0x51, 0x6F, 0x39, 0x4C, 0xB7, 0x3A, 0x5E, 0x61, 0x09,
    0x29, 0xD7, 0x3F, 0x61, 0x90, 0xE0, 0xD8, 0x02, 0xF8, 0x20, 0x13, 0x68, 0x68, 0xC4, 0x91, 0x86,
    0x5D, 0x3C, 0x5D, 0x7B, 0x70, 0xDC, 0x6B, 0x69, 0x44, 0xB3, 0x58, 0xC2, 0x3F, 0x60, 0x2D, 0x93,
    0x67, 0x22, 0x69, 0xBF, 0xB1, 0xB2, 0x8F, 0x32, 0xE9, 0xF8, 0x27, 0x58, 0xF5, 0x4E, 0x64, 0x07,
    0x15, 0x7B, 0x9F, 0x69, 0x4E, 0xCA, 0x06, 0x67, 0xF6, 0xCC, 0xA4, 0x67, 0x70, 0xB5, 0xE0, 0x8C,
    0x3E, 0x3F, 0xC7, 0x27, 0xF1, 0xE5, 0xCE, 0x92, 0x67, 0x76, 0xC2, 0xDA, 0x0D, 0x14, 0xA8, 0x1D,
    0xBB, 0x4D, 0x17, 0xC9, 0x8F, 0xA6, 0xBB, 0x0F, 0xC7, 0xE2, 0xE7, 0xAF, 0xA5, 0x21, 0x4E, 0x19,
    0x8C, 0xA4, 0x60, 0x49, 0xA7, 0x8F, 0xCF, 0x6B, 0x03, 0x7C, 0x59, 0x80, 0x56, 0x04, 0xF8, 0xF4,
    0xFF, 0x68, 0x11, 0xF2, 0xFD, 0xCD, 0x42, 0x72, 0xFE, 0x7D, 0xBA, 0xBF, 0xCF, 0xF4, 0xF7, 0x49,
    0xFE, 0x3E, 0xBF, 0x5F, 0x53, 0xFB, 0x33, 0xCD, 0xEA, 0x2F, 0x34, 0xA1, 0x3F, 0xD7, 0x5C, 0xFE,
    0x90, 0xC6, 0xEF, 0x33, 0xF8, 0x7D, 0xF2, 0xBE, 0xCF, 0xDB, 0xF7, 0x29, 0xFB, 0x3E, 0x5B, 0xDF,
    0x24, 0xEA, 0xFB, 0x1C, 0xFD, 0x90, 0x9E, 0xDF, 0x4D, 0x9C, 0x99, 0xEF, 0x2F, 0xB2, 0x1E, 0x8E,
    0xDC, 0x37, 0xC2, 0xC4, 0x46, 0x42, 0x2C, 0x18, 0xD8, 0x9D, 0x55, 0x4A, 0xC9, 0x47, 0x92, 0xEF,
    0x87, 0x4A, 0x7E, 0xB4, 0x88, 0xA7, 0xAB, 0x97, 0x5F, 0x86, 0x77, 0xF8, 0x60, 0x54, 0x48, 0x3B,
    0x9E, 0x57, 0xC3, 0xFA, 0x02, 0x80, 0x97, 0x1F, 0x5E, 0x2C, 0xC6, 0xB0, 0xA5, 0x18, 0x3A, 0x61,
    0x8C, 0xE9, 0xEC, 0xA1, 0xEE, 0x85, 0xB5, 0xA7, 0xBC, 0xB0, 0x93, 0xC9, 0x68, 0x18, 0xC1, 0x9F,
    0x91, 0x79, 0x51, 0x0F, 0x81, 0x1D, 0x84, 0xE4, 0x85, 0x23, 0x88, 0x56, 0x94, 0x29, 0x34, 0x65,
    0x5C, 0xF8, 0x82, 0x91, 0x1B, 0x65, 0x0D, 0x46, 0x77, 0x94, 0x3B, 0x12, 0x76, 0x21, 0x06, 0x61,
    0xA5, 0xB8, 0xF2, 0x88, 0x46, 0xF3, 0x08, 0x9B, 0xAA, 0x31, 0x70, 0xAA, 0x34, 0xCC, 0x2A, 0x0D,
    0xBF, 0x0A, 0xC3, 0xB2, 0xC2, 0x70, 0xAD, 0x34, 0x8C, 0xAB, 0x0C, 0xEF, 0xEA, 0x31, 0x14, 0x56,
    0x74, 0x21, 0x36, 0xAE, 0x03, 0xB8, 0xC9, 0xA7, 0x69, 0xBC, 0xB9, 0xC6, 0xB9, 0x76, 0xBD, 0xD4,
    0x5E, 0x78, 0x11, 0x50, 0xAF, 0xFF, 0x05, 0x1F, 0x14, 0x3A, 0xF8, 0xB6, 0x9E, 0xF1, 0x4A, 0x5E,
    0x50, 0xBB, 0x4F, 0xFA, 0x55, 0xA9, 0xE3, 0x06, 0xB1, 0x15, 0x1B, 0xAF, 0x6A, 0x5D, 0xA5, 0x08,
    0x4E, 0x69, 0x55, 0xA3, 0x47, 0x8C, 0x56, 0x14, 0x76, 0xC4, 0x55, 0x49, 0xEE, 0x14, 0xEA, 0x48,
    0xB6, 0xE9, 0xEB, 0x91, 0x9F, 0x85, 0x66, 0x1B, 0xA1, 0x18, 0x6C, 0x69, 0xC0, 0x21, 0x22, 0x90,
    0x76, 0x25, 0x3B, 0xA5, 0x77, 0x20, 0xC0, 0xE5, 0x95, 0xC7, 0xB6, 0xFB, 0xD1, 0xC0, 0xF9, 0x07,
    0xED, 0xB7, 0x28, 0x84, 0x06, 0xB4, 0x6B, 0x1F, 0xF0, 0x2A, 0xE9, 0xFB, 0x57, 0x65, 0x55, 0xBB,
    0x43, 0xCF, 0x2B, 0xE0, 0x64, 0x3B, 0x48, 0x1A, 0xF7, 0xE1, 0x37, 0x00, 0x9B, 0x63, 0x09, 0x05,
    0x43, 0x1B, 0xFC, 0x92, 0x12, 0x0C, 0x75, 0x6A, 0x2E, 0x97, 0xEE, 0xB1, 0xE9, 0x89, 0x10, 0x56,
    0x21, 0x0C, 0xE6, 0xC9, 0xFB, 0x57, 0xC9, 0xF9, 0xE2, 0x11, 0x53, 0xE4, 0x31, 0xE3, 0x69, 0xB4,
    0x2E, 0x1F, 0xDD, 0xC3, 0xC1, 0x0D, 0xA0, 0x07, 0x1F, 0xE1, 0x58, 0xCD, 0xF6, 0xD4, 0xAC, 0xD4,
    0xA0, 0x1B, 0x1D, 0x47, 0xFD, 0xFE, 0xAA, 0xA3, 0x08, 0x28, 0xA5, 0x86, 0x81, 0x1E, 0x6B, 0xC8,
    0x45, 0x56, 0x61, 0xDB, 0x31, 0x14, 0x7A, 0xF9, 0x01, 0x8B, 0x54, 0xAF, 0xC8, 0xCC, 0xD8, 0x7A,
    0x42, 0x00, 0x1D, 0x98, 0x34, 0xE8, 0x98, 0xC4, 0x3E, 0x36, 0xFD, 0xE1, 0x95, 0x9D, 0x3A, 0xCE,
    0xF6, 0x28, 0xAD, 0xD1, 0xA3, 0xDC, 0x8F, 0x5A, 0x78, 0x39, 0x63, 0x5B, 0x12, 0x8C, 0x27, 0xE1,
    0x5B, 0x60, 0xAD, 0xF6, 0xA3, 0x9E, 0xD3, 0x9D, 0x86, 0x47, 0x35, 0x77, 0xC6, 0x9C, 0x7B, 0x4E,
    0x67, 0x29, 0xB7, 0x5E, 0x4D, 0xC7, 0xFE, 0x3C, 0xA9, 0xD0, 0x27, 0x14, 0xFA, 0x64, 0xC2, 0xE0,
    0xED, 0x3A, 0x4B, 0x22, 0x04, 0xEB, 0x10, 0x0B, 0xBF, 0x7B, 0x07, 0x06, 0x10, 0x16, 0x36, 0x6F,
    0xF0, 0x7E, 0x15, 0x86, 0x00, 0x5F, 0xDD, 0xE1, 0x8B, 0x01, 0x80, 0x7D, 0x84, 0x59, 0x58, 0xA7,
    0x64, 0x27, 0xEF, 0x59, 0xB9, 0xE2, 0xF4, 0x62, 0x38, 0xB3, 0xED, 0xA9, 0xC4, 0x19, 0x14, 0xD5,
    0xB1, 0x73, 0xC3, 0xAF, 0xED, 0x59, 0x81, 0xAD, 0x8F, 0x3A, 0xF8, 0x52, 0xEF, 0x20, 0x45, 0xFA,
    0xF7, 0xDE, 0x87, 0x8F, 0x9F, 0x6E, 0x05, 0x08, 0xE1, 0x0D, 0x95, 0x45, 0x43, 0xCA, 0xA2, 0x7F,
    0x9B, 0x34, 0x45, 0x4F, 0xD8, 0x88, 0x02, 0x11, 0x40, 0xAF, 0x0F, 0x57, 0x2E, 0x71, 0xDF, 0xD8,
    0xFD, 0xBC, 0xD9, 0xCA, 0x31, 0x42, 0x88, 0xEE, 0x2F, 0x79, 0x40, 0xA0, 0xD3, 0x19, 0x56, 0x23,
    0xDB, 0x3F, 0x7C, 0x9D, 0xEE, 0x3B, 0xAD, 0xDA, 0x92, 0xF2, 0x4E, 0xBE, 0x64, 0x25, 0x79, 0x4D,
    0xC6, 0x84, 0x8A, 0x5E, 0x6B, 0x07, 0x36, 0x9C, 0x54, 0x2A, 0xB4, 0xDC, 0xBC, 0xE1, 0x48, 0xFC,
    0xA0, 0x0A, 0x21, 0x8A, 0xAA, 0xC3, 0x5D, 0x6E, 0x28, 0x11, 0xB4, 0xC2, 0xEE, 0x7A, 0x18, 0x6C,
    0x01, 0x4C, 0xE1, 0x06, 0x74, 0x33, 0x15, 0x6B, 0xE1, 0x06, 0xA0, 0xC8, 0xB7, 0xB3, 0x09, 0xE4,
    0xD3, 0x3F, 0xE9, 0x30, 0x82, 0x81, 0xDD, 0x25, 0xDB, 0x63, 0x07, 0x0C, 0xA2, 0x3A, 0xEE, 0xF6,
    0x08, 0x50, 0x01, 0x5E, 0x10, 0x8E, 0x6B, 0x45, 0x93, 0xB8, 0x41, 0x0E, 0x55, 0x63, 0xF6, 0x2D,
    0x94, 0x32, 0x20, 0x11, 0x9A, 0x0F, 0x11, 0x45, 0x63, 0x4B, 0x0B, 0xCC, 0xDE, 0xCA, 0x91, 0xCA,
    0x2B, 0x6A, 0x47, 0xC0, 0x86, 0xCB, 0xAA, 0x2D, 0x42, 0x48, 0x7B, 0x74, 0xD4, 0xC2, 0x62, 0xE2,
    0xCE, 0x9E, 0xB4, 0x00, 0x95, 0xDB, 0x2C, 0x3C, 0x25, 0xD7, 0x89, 0xA9, 0xD2, 0x39, 0x9E, 0x52,
    0xCB, 0xA3, 0x3D, 0xBC, 0x7E, 0x3C, 0x98, 0x84, 0x20, 0x22, 0xC8, 0x26, 0x3E, 0x4B, 0xF8, 0xC3,
    0x42, 0x1C, 0x4C, 0xC7, 0x9E, 0xA3, 0xE2, 0x80, 0xDD, 0x1A, 0x77, 0xA2, 0xE9, 0x27, 0x23, 0x66,
    0x75, 0xC8, 0x4C, 0xD3, 0x1A, 0x1B, 0x0E, 0xFE, 0x16, 0xE5, 0xDF, 0x21, 0x19, 0xB0, 0xCB, 0x26,
    0xE6, 0x54, 0xC0, 0x35, 0x04, 0x81, 0x72, 0xAC, 0x91, 0x0A, 0x34, 0x32, 0x09, 0x56, 0x08, 0x2B,
    0xB0, 0x05, 0xF2, 0xF8, 0x72, 0x4F, 0x33, 0x52, 0xF0, 0x2F, 0x6A, 0x69, 0xC9, 0xB7, 0x80, 0x88,
    0xA5, 0xF0, 0x3C, 0xF0, 0xB3, 0x3A, 0x55, 0xCF, 0x92, 0xAB, 0xBD, 0xC6, 0x77, 0x23, 0x9B, 0xFB,
    0x47, 0x1F, 0x38, 0xEC, 0x7A, 0x81, 0xFF, 0xDE, 0xE5, 0x51, 0xF4, 0x7F, 0x9F, 0xB9, 0xB7, 0xD4,
    0x84, 0x92, 0x21, 0xC3, 0xF8, 0xB4, 0xAC, 0x32, 0xA7, 0xA8, 0xB7, 0x71, 0x6F, 0xF2, 0x48, 0x62,
    0x90, 0xF6, 0x35, 0x37, 0x76, 0x87, 0x8F, 0x51, 0x3B, 0x6A, 0xEA, 0x0E, 0xD8, 0xA8, 0x7E, 0x4F,
    0xB4, 0xEC, 0xB1, 0x7E, 0x87, 0x8E, 0x4C, 0xEE, 0x40, 0x0A, 0x89, 0x9E, 0xC5, 0x7E, 0x81, 0xA2,
    0x56, 0xE1, 0x53, 0x4F, 0x72, 0xF4, 0x07, 0xF5, 0xC7, 0x05, 0xD7, 0x82, 0xF7, 0x51, 0x34, 0x7B,
    0x28, 0x07, 0x19, 0x58, 0xB0, 0x84, 0xB1, 0x56, 0x7E, 0x9E, 0x95, 0x19, 0x64, 0x25, 0x13, 0xAC,
    0xC2, 0xE8, 0xAA, 0x30, 0xB3, 0x2A, 0x0C, 0xAB, 0x0A, 0x53, 0xAA, 0xC2, 0x78, 0xAA, 0x30, 0x97,
    0x2A, 0x0C, 0xA4, 0x0A, 0x93, 0xA8, 0xC2, 0x08, 0xAA, 0x30, 0x7B, 0x2A, 0x0C, 0x9D, 0x0A, 0xD3,
    0xA6, 0xC2, 0x98, 0xA9, 0x30, 0x5F, 0xCA, 0x0C, 0x96, 0x0A, 0x86, 0x7B, 0x3C, 0x4A, 0x2A, 0xB8,
    0xBE, 0xBD, 0x7F, 0xB5, 0xF4, 0x3F, 0xED, 0x75, 0x55, 0x6A, 0xC6, 0x59, 0xD2, 0x6F, 0xEA, 0x63,
    0x75, 0x83, 0x5F, 0x3D, 0xD4, 0x55, 0xB7, 0xEB, 0xAA, 0x09, 0x03, 0xAD, 0x1A, 0xEF, 0xC5, 0xCD,
    0xC2, 0xFB, 0xB6, 0xEB, 0x75, 0x2F, 0x78, 0xFA, 0x17, 0x11, 0xED, 0x7B, 0xE7, 0x0C, 0xFD, 0x65,
    0x27, 0x3C, 0x90, 0x9D, 0xF2, 0x81, 0xF8, 0xE8, 0x79, 0xC1, 0xE3, 0x80, 0x95, 0x1F, 0x3C, 0x13,
    0x4F, 0x79, 0xD2, 0x89, 0x0E, 0x66, 0xBE, 0xF4, 0xA2, 0x4A, 0x99, 0x37, 0x8F, 0xC2, 0x8E, 0x1B,
    0xDF, 0x07, 0x1E, 0x89, 0x27, 0x5C, 0xE7, 0x87, 0x51, 0x5C, 0x22, 0x0C, 0x0F, 0xE3, 0x5E, 0x1A,
    0x3A, 0x39, 0x8C, 0xB3, 0xF2, 0x65, 0x6C, 0x18, 0xE6, 0xCA, 0x78, 0xBE, 0x49, 0x46, 0xAB, 0x0E,
    0x0C, 0x6B, 0x24, 0x91, 0x87, 0xA7, 0x85, 0xC1, 0xCE, 0x8C, 0x0A, 0x83, 0x8F, 0x61, 0xE6, 0x84,
    0x21, 0x96, 0x09, 0xBC, 0x6C, 0x06, 0xCB, 0x4F, 0xEA, 0x64, 0xE3, 0x77, 0xDD, 0xD1, 0xF0, 0xD5,
    0xCF, 0x7D, 0x23, 0x49, 0xEA, 0x5D, 0x99, 0x6C, 0x19, 0x45, 0x79, 0xD0, 0xEE, 0x74, 0x4B, 0xE1,
    0xEE, 0xFF, 0x37, 0x37, 0xE2, 0xE5, 0x83, 0x52, 0x8E, 0xF2, 0x40, 0x8A, 0x30, 0x5B, 0xDA, 0x4C,
    0x9C, 0x56, 0xCB, 0x8E, 0x57, 0x93, 0xAE, 0x00, 0x7B, 0xDF, 0xE7, 0x5B, 0x42, 0xEF, 0xB1, 0x87,
    0x19, 0x57, 0xF2, 0x1E, 0xCF, 0x0E, 0x57, 0x17, 0xCE, 0x7C, 0x1E, 0x9F, 0xFE, 0xD8, 0x25, 0xD7,
    0xDE, 0x79, 0x67, 0x8B, 0x3F, 0xCF, 0x42, 0x7E, 0xF4, 0xF5, 0x8E, 0x89, 0xF5, 0x13, 0xDA, 0xB4,
    0xEE, 0xB3, 0xB1, 0x72, 0xD9, 0x76, 0x4B, 0xCD, 0xF6, 0xE5, 0xF1, 0xCA, 0xCF, 0xD7, 0x7B, 0x28,
    0x8A, 0x57, 0x7A, 0x08, 0xC3, 0x67, 0x28, 0xA1, 0x12, 0x59, 0xED, 0x3D, 0x44, 0xB9, 0x8F, 0xDA,
    0x7B, 0xA8, 0x27, 0x74, 0xA3, 0xBD, 0x87, 0xFA, 0xE4, 0x95, 0xFE, 0x68, 0x7B, 0x0F, 0xB5, 0x77,
    0xEE, 0x3D, 0xD4, 0x45, 0xBD, 0x87, 0x5C, 0xD4, 0x7B, 0x68, 0xB3, 0xBD, 0x87, 0xAA, 0xE5, 0x0B,
    0xD2, 0x7B, 0xA8, 0x79, 0x81, 0x36, 0x2D, 0xD1, 0x79, 0x88, 0x23, 0xC0, 0xF6, 0x34, 0xC4, 0x87,
    0xE1, 0xEC, 0x2C, 0xA8, 0xF9, 0x7E, 0x32, 0x27, 0x41, 0xEC, 0xBF, 0x47, 0x9F, 0xAE, 0xE1, 0x51,
    0x62, 0x1B, 0x1E, 0x25, 0xB6, 0xE1, 0x11, 0x9E, 0x00, 0xDF, 0xF0, 0x08, 0x0F, 0x80, 0x36, 0x3C,
    0xEA, 0x05, 0xDD, 0x4A, 0xB1, 0xFC, 0x2B, 0x08, 0xF4, 0x7C, 0xC3, 0x23, 0x32, 0x07, 0x3F, 0xB9,
    0xE1, 0x51, 0x67, 0x1B, 0x1E, 0x39, 0xDB, 0xF0, 0x68, 0x33, 0x0D, 0x8F, 0x90, 0x5A, 0x5F, 0x94,
    0x86, 0x47, 0x9F, 0x33, 0xEB, 0xBF, 0x6E, 0x85, 0x40, 0x6B, 0x65, 0xC0, 0x0B, 0x77, 0x59, 0x4A,
    0x6C, 0x97, 0xA5, 0xC4, 0x76, 0x59, 0x02, 0xD6, 0x87, 0x2E, 0x4B, 0xC0, 0x7A, 0xDF, 0x65, 0x89,
    0x58, 0xAF, 0x5D, 0x96, 0x88, 0xF5, 0xA6, 0xCB, 0x52, 0x7B, 0xBC, 0x53, 0x97, 0xA5, 0xCE, 0x76,
    0x59, 0x72, 0xB6, 0xCB, 0xD2, 0x66, 0xBA, 0x2C, 0x55, 0xCB, 0x17, 0xA7, 0xCB, 0xD2, 0x67, 0x59,
    0xFE, 0x7F, 0xBC, 0xC4, 0xF3, 0x98, 0xE5, 0x91, 0xDC, 0xDF, 0x2F, 0xC8, 0xFC, 0xE7, 0xEF, 0xFA,
    0x94, 0x98, 0xAE, 0x4F, 0x89, 0xE9, 0xFA, 0x04, 0x8C, 0xF6, 0x5D, 0x9F, 0x70, 0x0E, 0x81, 0x74,
    0x7D, 0x42, 0x36, 0x6B, 0xD7, 0x27, 0xE2, 0x72, 0xE8, 0xFA, 0xD4, 0xDE, 0xA1, 0xEB, 0x53, 0x67,
    0xBA, 0x3E, 0x39, 0xD3, 0xF5, 0x69, 0x0B, 0x5D, 0x9F, 0x80, 0x2C, 0xBF, 0xFC, 0xAE, 0x4F, 0x9F,
    0xF3, 0x15, 0xBE, 0xA4, 0xC7, 0x1F, 0x9D, 0x15, 0xBF, 0x3D, 0x67, 0x47, 0x2A, 0x16, 0x68, 0xD2,
    0x91, 0x4A, 0x1C, 0x91, 0xDC, 0x91, 0x8A, 0xF4, 0xB7, 0x76, 0xA4, 0x42, 0xD6, 0x6A, 0x47, 0x2A,
    0xE4, 0xAD, 0xEF, 0x48, 0x85, 0xCC, 0xFD, 0xAE, 0xE9, 0x48, 0xD5, 0xDE, 0xAD, 0x23, 0x55, 0x67,
    0x3B, 0x52, 0x39, 0xDB, 0x91, 0x6A, 0x33, 0x1D, 0xA9, 0x90, 0xC7, 0x9F, 0x63, 0x47, 0xAA, 0x2F,
    0xF0, 0xAD, 0xFD, 0xA4, 0xEC, 0x2E, 0x93, 0x8C, 0xA7, 0xBD, 0xB2, 0x8C, 0x47, 0x98, 0x78, 0x2B,
    0xF1, 0x4C, 0x52, 0xCC, 0x52, 0xE1, 0x43, 0xC2, 0x59, 0xCA, 0x7C, 0xE8, 0xD6, 0x4A, 0xAD, 0x0F,
    0x67, 0x71, 0x71, 0xC1, 0x8F, 0x66, 0x74, 0x95, 0xD7, 0xB3, 0xBB, 0x3A, 0x93, 0xDD, 0xE5, 0x4C,
    0x76, 0xD7, 0x16, 0xB2, 0xBB, 0xAA, 0x45, 0xCB, 0x81, 0x7C, 0x76, 0xD7, 0x18, 0xB2, 0xBB, 0xDA,
    0xE1, 0x62, 0x76, 0x57, 0x7E, 0x53, 0x76, 0xD7, 0x78, 0x73, 0x76, 0xD7, 0x17, 0xFE, 0xA6, 0xDE,
    0x31, 0xE1, 0xD7, 0x9F, 0xE3, 0xDE, 0xA6, 0x35, 0xF5, 0x56, 0x66, 0x11, 0x37, 0x35, 0xC1, 0x89,
    0xD8, 0xA9, 0x59, 0x4E, 0xC4, 0x4F, 0x4D, 0x75, 0x22, 0x86, 0x6A, 0xBE, 0x13, 0xA3, 0x6C, 0x49,
    0x7A, 0x52, 0x36, 0xEE, 0xBE, 0x25, 0x98, 0xA6, 0x3F, 0x31, 0x53, 0x25, 0x07, 0x8A, 0xB8, 0xAA,
    0x89, 0x50, 0xC4, 0x56, 0xCD, 0x86, 0x22, 0xBE, 0x6A, 0x4A, 0x94, 0xCF, 0x43, 0xEF, 0xC6, 0x90,
    0x87, 0x5E, 0x68, 0x12, 0xAB, 0xCF, 0x90, 0x22, 0xDE, 0xE6, 0xF6, 0x06, 0xE6, 0x51, 0x12, 0xE5,
    0x1F, 0x45, 0x13, 0x55, 0xEE, 0x39, 0x6B, 0xD4, 0x46, 0x59, 0xD6, 0x49, 0x19, 0xD9, 0xBB, 0xD1,
    0xFC, 0xE3, 0xE2, 0x70, 0x5B, 0x8E, 0x44, 0xFB, 0x3C, 0xDB, 0xD8, 0x28, 0x3B, 0xB3, 0xCA, 0xCE,
    0xCC, 0xB2, 0x6B, 0x63, 0xB3, 0xCF, 0x0D, 0xB3, 0x73, 0xCB, 0xEC, 0x96, 0x76, 0x5A, 0x9F, 0xAE,
    0xBB, 0x59, 0x1C, 0x4A, 0xEF, 0xE3, 0x70, 0x3A, 0x1E, 0x1C, 0xDB, 0xDD, 0x0C, 0x8E, 0x8E, 0xE9,
    0x6E, 0x86, 0x87, 0xC7, 0x74, 0x37, 0xC3, 0xE3, 0xF3, 0x46, 0xD4, 0xDD, 0xAC, 0x7D, 0x9E, 0xEE,
    0x66, 0x5D, 0xDC, 0xDD, 0xCC, 0xC5, 0xDD, 0xCD, 0xB6, 0xA8, 0xBB, 0x19, 0x7C, 0xBA, 0x2F, 0x78,
    0x77, 0xB3, 0x2F, 0x8C, 0x65, 0x2F, 0xE1, 0xBC, 0x3D, 0x89, 0x0D, 0xBA, 0x28, 0x92, 0xFA, 0x42,
    0xBD, 0xD5, 0x2E, 0xED, 0xB4, 0xB7, 0x9A, 0x5A, 0xF6, 0xA3, 0x37, 0xEC, 0x7C, 0xC4, 0x95, 0x2D,
    0x3B, 0x0D, 0xBB, 0x92, 0xC8, 0xB1, 0xBD, 0xD5, 0xDA, 0x3B, 0xF7, 0x56, 0xEB, 0xA2, 0xDE, 0x6A,
    0x2E, 0xEA, 0xAD, 0xB6, 0xD9, 0xDE, 0x6A, 0x40, 0xC4, 0x2F, 0x46, 0x6F, 0xB5, 0xF3, 0x04, 0xAC,
    0xF6, 0x39, 0xF7, 0x67, 0x02, 0xE6, 0x5C, 0xC2, 0x9C, 0x8B, 0x98, 0x6B, 0x32, 0xE6, 0xBA, 0x90,
    0xB9, 0x26, 0x65, 0xCE, 0xCF, 0x75, 0x74, 0xB0, 0x7B, 0x4D, 0x14, 0x11, 0xDA, 0xF8, 0x3D, 0x76,
    0x89, 0xE8, 0x67, 0xBF, 0x47, 0xA0, 0x54, 0x4A, 0x26, 0xBE, 0xC4, 0x20, 0x31, 0x12, 0x71, 0xD0,
    0x7D, 0x0D, 0xD0, 0x82, 0xE2, 0x11, 0xBD, 0x77, 0xC2, 0x73, 0x54, 0x42, 0xCE, 0x4D, 0x7F, 0x40,
    0x84, 0x4A, 0xFB, 0x5E, 0x8A, 0x70, 0x1A, 0xF1, 0xD9, 0xE0, 0xD9, 0xC1, 0x9B, 0x89, 0xED, 0x33,
    0x0F, 0xE2, 0x18, 0xE0, 0xBD, 0x36, 0x32, 0xFD, 0xCE, 0x6B, 0x19, 0xEF, 0xD5, 0x37, 0xB4, 0xA4,
    0xD4, 0x4C, 0xE0, 0xE5, 0xFE, 0xA8, 0xE8, 0xD3, 0xA1, 0xCF, 0x82, 0x5F, 0x1F, 0x4E, 0xD1, 0x4C,
    0x90, 0x8F, 0x5A, 0x88, 0xE3, 0x39, 0x82, 0x13, 0x04, 0x96, 0x45, 0xB3, 0xF1, 0x3E, 0xDB, 0x38,
    0x53, 0xBB, 0x91, 0xCF, 0x5B, 0x2D, 0x92, 0xF5, 0xF6, 0x01, 0x35, 0xCB, 0xC4, 0x4A, 0x0C, 0xF6,
    0xD1, 0xBE, 0xEB, 0xA4, 0x0C, 0x88, 0x2B, 0x36, 0x9A, 0xA1, 0x9F, 0xB5, 0x5E, 0x74, 0xF4, 0xAC,
    0x63, 0xB4, 0x82, 0x62, 0xD8, 0xB0, 0xB2, 0xF2, 0x13, 0x0F, 0x2C, 0x99, 0x63, 0x56, 0x5F, 0x1B,
    0x64, 0xD7, 0x0D, 0x97, 0x8E, 0x86, 0xA6, 0x03, 0xF6, 0x67, 0x8F, 0xDD, 0xD9, 0x81, 0x6A, 0x1F,
    0x87, 0xB7, 0x3E, 0x9A, 0x5C, 0x64, 0xC4, 0x08, 0x9A, 0x1B, 0xBC, 0x5F, 0x7F, 0x8D, 0x3E, 0xCE,
    0xD6, 0xF4, 0x8F, 0xE1, 0x0D, 0x6E, 0x7E, 0xE4, 0x82, 0x4D, 0x8C, 0x19, 0x1E, 0xE5, 0x51, 0x5A,
    0xD8, 0xD0, 0x7D, 0xEA, 0xC4, 0x17, 0x72, 0xE1, 0x91, 0xC7, 0xB1, 0x88, 0x13, 0xB6, 0x93, 0x6F,
    0xDA, 0xC9, 0x77, 0xE9, 0xC8, 0xFC, 0x4C, 0x01, 0x8D, 0xA0, 0x63, 0xA1, 0x3A, 0xB5, 0xA7, 0x2B,
    0x9A, 0xB0, 0xC3, 0xFD, 0xBD, 0x70, 0xA2, 0x2D, 0x8D, 0x6A, 0x5D, 0x53, 0x1A, 0x81, 0x9B, 0x4A,
    0x06, 0x72, 0xA2, 0xDE, 0x08, 0xBC, 0xA3, 0x34, 0xF0, 0x76, 0x3F, 0xDC, 0x5F, 0xCF, 0xE8, 0x70,
    0x4A, 0x7C, 0xA5, 0xCF, 0x05, 0xB9, 0xFE, 0x3B, 0x86, 0x9C, 0x2E, 0xAC, 0x73, 0xB3, 0x2E, 0xD6,
    0xC0, 0x18, 0x19, 0x4C, 0xB1, 0x84, 0x35, 0xDF, 0x55, 0x1F, 0xF4, 0xF2, 0xC9, 0x06, 0x7C, 0x47,
    0x7D, 0x07, 0x93, 0x6C, 0x33, 0x8A, 0x68, 0x37, 0xE1, 0xDC, 0x47, 0x2F, 0xDC, 0xE3, 0xCD, 0xA4,
    0x8B, 0xF1, 0x5A, 0x7A, 0xBC, 0xF1, 0xDD, 0xE3, 0x1E, 0x6F, 0x7C, 0xEF, 0xA8, 0xC7, 0x9B, 0x78,
    0xE2, 0xA8, 0xC7, 0x9B, 0xDE, 0x37, 0x2D, 0x40, 0xBC, 0x43, 0x8F, 0xB7, 0xCE, 0xF4, 0x78, 0x73,
    0xA6, 0xC7, 0xDB, 0x16, 0x7A, 0xBC, 0x61, 0x96, 0xEC, 0x2F, 0xBD, 0xC7, 0xDB, 0xAF, 0x0A, 0xFA,
    0xBF, 0x7B, 0x75, 0xD5, 0x2D, 0x1B, 0x02, 0x71, 0xBD, 0x37, 0xE6, 0x7C, 0x75, 0x15, 0x01, 0x38,
    0xAD, 0xAE, 0x62, 0xF8, 0x16, 0xAA, 0xAB, 0xDA, 0xBB, 0x55, 0x57, 0x75, 0xB6, 0xBA, 0xCA, 0xD9,
    0xEA, 0xAA, 0xCD, 0x54, 0x57, 0x55, 0xCB, 0x2F, 0xBB, 0xBA, 0xEA, 0x57, 0xD8, 0x34, 0x37, 0xCC,
    0xBB, 0xB8, 0xEE, 0xE6, 0xB0, 0xEE, 0x77, 0xF3, 0xBC, 0xD3, 0xC2, 0x2B, 0x36, 0xCD, 0x7D, 0xE1,
    0x55, 0x7B, 0x87, 0xC2, 0xAB, 0x3B, 0x9B, 0xE6, 0xBF, 0x84, 0xC2, 0xAB, 0xCF, 0x85, 0x77, 0xD2,
    0x06, 0x88, 0xFB, 0xD5, 0xCD, 0x26, 0x4D, 0xE8, 0x45, 0x7A, 0xEF, 0x25, 0xA6, 0xF7, 0x5E, 0x62,
    0x7A, 0xEF, 0x01, 0xEF, 0x7C, 0xEF, 0x3D, 0xE0, 0x9D, 0xF6, 0xDE, 0x43, 0xDE, 0x69, 0xEF, 0x3D,
    0xBA, 0x87, 0xA1, 0xF7, 0x5E, 0x7B, 0x87, 0xDE, 0x7B, 0x9D, 0xE9, 0xBD, 0xE7, 0x4C, 0xEF, 0xBD,
    0x4D, 0x3E, 0xBF, 0x84, 0x39, 0x3E, 0xD7, 0xDE, 0x7B, 0xFF, 0x0F, 0x09, 0xDC, 0x18, 0x18, 0xC5,
    0x88, 0x6B, 0x09, 0x02, 0x57, 0xFA, 0x02, 0xB2, 0xC0, 0xAD, 0xA5, 0x8A, 0x9A, 0x2C, 0x66, 0xEE,
    0x0B, 0x28, 0x02, 0xD7, 0xF7, 0x05, 0x6C, 0xEF, 0xD6, 0x17, 0xB0, 0xB3, 0x7D, 0x01, 0x9D, 0xED,
    0x0B, 0xB8, 0x99, 0xBE, 0x80, 0x28, 0x70, 0x7F, 0xE1, 0x7D, 0x01, 0x3F, 0x67, 0x9E, 0xFE, 0xB1,
    0xE5, 0xE9, 0xB7, 0x2D, 0x4F, 0x5F, 0xB8, 0x19, 0x61, 0x62, 0x9B, 0x11, 0x26, 0xB6, 0x19, 0x21,
    0xDE, 0x5C, 0xDF, 0x8C, 0x10, 0xE3, 0x55, 0x6B, 0xF8, 0x89, 0xF3, 0xCD, 0x08, 0x49, 0xF0, 0x9A,
    0x66, 0x84, 0xED, 0xDD, 0x9A, 0x11, 0x76, 0xB6, 0x19, 0xA1, 0xB3, 0xCD, 0x08, 0x37, 0xD3, 0x8C,
    0x10, 0xA8, 0xF5, 0x85, 0x69, 0x46, 0xF8, 0x05, 0x56, 0xAF, 0x77, 0x6C, 0x8E, 0x78, 0xE3, 0xBA,
    0x9B, 0x7D, 0x73, 0x44, 0x54, 0xAF, 0xD2, 0x1C, 0x91, 0xD8, 0x2C, 0xCD, 0x11, 0x39, 0x5E, 0xE5,
    0x9B, 0x23, 0xB6, 0x77, 0x68, 0x8E, 0xD8, 0x99, 0xE6, 0x88, 0xCE, 0x34, 0x47, 0xDC, 0x42, 0x73,
    0x44, 0x20, 0xCB, 0xE7, 0xDB, 0x1C, 0xF1, 0x0B, 0xC9, 0xD3, 0xE7, 0x6A, 0xD6, 0x28, 0x9F, 0xAA,
    0xD4, 0xB5, 0x36, 0x6B, 0x44, 0x9E, 0x6A, 0xB3, 0x46, 0x24, 0xBE, 0x34, 0x6B, 0x24, 0x9E, 0x4A,
    0xB3, 0x46, 0xF5, 0x44, 0x15, 0xC1, 0x0F, 0xF5, 0x49, 0xCD, 0x1A, 0x3B, 0xD3, 0xAC, 0xD1, 0x99,
    0x66, 0x8D, 0x5B, 0x68, 0xD6, 0x08, 0x64, 0xF9, 0x7C, 0x9B, 0x35, 0xFE, 0xEA, 0xDE, 0xD3, 0x44,
    0x61, 0xE7, 0x4D, 0x6B, 0x6E, 0xB0, 0xCF, 0x6B, 0x9E, 0x64, 0x29, 0xCF, 0xE3, 0xA0, 0xEA, 0x63,
    0x3E, 0x2B, 0x0C, 0x76, 0xC1, 0x2E, 0x85, 0x57, 0x7F, 0x30, 0x2B, 0x4F, 0x5F, 0xED, 0x7F, 0x30,
    0x7B, 0x4B, 0xA7, 0xFA, 0x68, 0x16, 0x9E, 0x2E, 0x54, 0x5F, 0xC0, 0xBE, 0xA0, 0x99, 0x01, 0x29,
    0xF9, 0x81, 0x30, 0xDC, 0x27, 0x30, 0x18, 0x9D, 0xCD, 0xD5, 0x2C, 0x7D, 0xC2, 0x64, 0xE2, 0x0B,
    0xF1, 0x14, 0x1D, 0xD1, 0xEA, 0xF7, 0x69, 0x78, 0xA4, 0x27, 0xB7, 0x2D, 0x19, 0xA2, 0x8A, 0xFF,
    0x17, 0x58, 0x7F, 0xCE, 0xAA, 0xD6, 0x82, 0xE3, 0x08, 0x1D, 0xBF, 0x78, 0x8F, 0x4C, 0x89, 0xBC,
    0x56, 0x1E, 0x2F, 0xFB, 0x1E, 0x99, 0x98, 0x1A, 0xE2, 0x7B, 0x64, 0x22, 0x7C, 0xD2, 0x1E, 0x99,
    0xC8, 0x5B, 0xDF, 0x23, 0x93, 0xA3, 0x55, 0xA1, 0x47, 0x66, 0x7B, 0xB7, 0x1E, 0x99, 0x9D, 0xED,
    0x91, 0xE9, 0x6C, 0x8F, 0xCC, 0xCD, 0xF4, 0xC8, 0xC4, 0xF7, 0xFF, 0xA2, 0xF4, 0xC8, 0xFC, 0xD5,
    0x8F, 0x49, 0x3D, 0x6F, 0x5F, 0xCF, 0x24, 0xEE, 0xEB, 0xC9, 0x2F, 0xE8, 0xFB, 0x7A, 0xE2, 0xC5,
    0x37, 0x7D, 0x3D, 0xE9, 0xEE, 0xFB, 0xBE, 0x9E, 0xEC, 0xAE, 0xF2, 0x7D, 0x3D, 0xD9, 0x63, 0x65,
    0xFB, 0x7A, 0xB6, 0xCF, 0xD3, 0xD7, 0xB3, 0x8B, 0xFB, 0x7A, 0xBA, 0xB8, 0xAF, 0xE7, 0x16, 0xF5,
    0xF5, 0x04, 0xDA, 0x7E, 0xC1, 0xFB, 0x7A, 0xCA, 0x41, 0x6A, 0x2F, 0x3D, 0xC8, 0x41, 0x91, 0x03,
    0x22, 0xC0, 0x5F, 0xE7, 0x87, 0x84, 0xD1, 0x21, 0xF2, 0xA0, 0xBD, 0x40, 0x8F, 0x37, 0xF5, 0x0A,
    0x4D, 0x6C, 0x0E, 0xD9, 0x0D, 0x0F, 0xE4, 0xA9, 0x10, 0x27, 0x85, 0xF8, 0x27, 0xC4, 0x35, 0xF1,
    0x09, 0xBD, 0x42, 0xA5, 0x0D, 0x47, 0xC5, 0x83, 0x58, 0xD1, 0xE6, 0xF1, 0xBD, 0x42, 0xB3, 0x5F,
    0x66, 0xAF, 0xD0, 0x5F, 0x15, 0x93, 0xF6, 0xEE, 0x7D, 0x4C, 0x6F, 0xD9, 0x90, 0x49, 0x2B, 0x7D,
    0x4C, 0xC9, 0xA4, 0x95, 0x3E, 0xA6, 0x6C, 0xD2, 0x4A, 0x1F, 0x53, 0x36, 0x69, 0x43, 0x1F, 0xD3,
    0xF6, 0x6E, 0x7D, 0x4C, 0x3B, 0xDB, 0xC7, 0xD4, 0xD9, 0x3E, 0xA6, 0x9B, 0xE9, 0x63, 0xAA, 0x26,
    0xED, 0x2F, 0xB4, 0x8F, 0xA9, 0xE7, 0x69, 0x7B, 0xF3, 0xC2, 0xF3, 0xD0, 0xF3, 0xCF, 0xF3, 0x2E,
    0x0C, 0x32, 0x6B, 0xE4, 0xD8, 0x25, 0x12, 0x77, 0x88, 0xE2, 0x21, 0x7C, 0x09, 0xFA, 0x73, 0x67,
    0x7D, 0x58, 0x48, 0x87, 0x41, 0xC5, 0xB1, 0x67, 0x8B, 0x66, 0x91, 0x45, 0xA7, 0xF3, 0x8F, 0x5A,
    0x2E, 0x21, 0x07, 0xFA, 0x77, 0x83, 0xFC, 0x72, 0xA3, 0x8B, 0xFA, 0xDA, 0x33, 0xAD, 0xFC, 0x32,
    0xCF, 0xC8, 0xC6, 0xD9, 0x2B, 0xBB, 0x2C, 0x0A, 0xAD, 0x76, 0xEF, 0xF8, 0x2D, 0x28, 0x39, 0x9B,
    0x8A, 0xDE, 0xDD, 0xCE, 0xEF, 0x05, 0x34, 0x6D, 0x0F, 0x62, 0x68, 0x74, 0x47, 0x0D, 0x66, 0xCC,
    0x5A, 0xB4, 0x23, 0x85, 0xEA, 0xED, 0x13, 0xF7, 0x2E, 0x2F, 0x0E, 0xF5, 0xC7, 0xB2, 0x90, 0x14,
    0xD9, 0xF6, 0x24, 0xE9, 0xB1, 0x18, 0x06, 0x9C, 0xE4, 0x4B, 0x49, 0x45, 0xE5, 0x29, 0x32, 0x61,
    0x5E, 0x9C, 0x17, 0x27, 0xE5, 0xC5, 0xAA, 0xBC, 0xB8, 0x5E, 0x10, 0xE7, 0xCB, 0x03, 0xE9, 0xB5,
    0x6E, 0xED, 0xC3, 0xAA, 0x51, 0xCA, 0x56, 0x99, 0xD8, 0xEA, 0xCD, 0x6B, 0xBD, 0x27, 0x2D, 0x91,
    0x9C, 0x47, 0x92, 0x6B, 0xD4, 0x18, 0x08, 0x25, 0x5B, 0x2E, 0x0B, 0xED, 0xC3, 0x5A, 0x3D, 0x4F,
    0x1F, 0xD6, 0xC2, 0xF7, 0x61, 0x9D, 0x74, 0x5C, 0xCE, 0xE9, 0xAC, 0x0F, 0x6B, 0x76, 0xBD, 0x0F,
    0xEB, 0xF4, 0xE2, 0x7D, 0x58, 0x7D, 0x3F, 0xCC, 0xFA, 0xEC, 0x51, 0x9F, 0x57, 0x63, 0x53, 0xFB,
    0xC2, 0xE9, 0x7C, 0xAC, 0xC4, 0xC9, 0x69, 0xBF, 0x1F, 0x28, 0x2D, 0xB5, 0x79, 0x9E, 0x43, 0xBE,
    0xBD, 0xE6, 0xAD, 0x7D, 0x5E, 0x6F, 0x7C, 0xE4, 0x0A, 0x14, 0x8C, 0xEB, 0x8E, 0xB2, 0x27, 0x4F,
    0xF1, 0x90, 0xDE, 0xD4, 0xDF, 0xF5, 0xC6, 0x3E, 0xAF, 0xFC, 0x77, 0xA1, 0xCF, 0xEB, 0xE9, 0x73,
    0xEB, 0xF3, 0xFA, 0xAB, 0xA2, 0x40, 0xEE, 0xDE, 0x83, 0xF6, 0x96, 0x0D, 0xA0, 0x36, 0xDF, 0x83,
    0x96, 0x33, 0x0A, 0xB9, 0x07, 0xAD, 0xE4, 0x7B, 0x73, 0x0F, 0x5A, 0x54, 0x20, 0xAF, 0x9B, 0x1E,
    0xB4, 0xED, 0xDD, 0x7A, 0xD0, 0x76, 0xB6, 0x07, 0xAD, 0xB3, 0x3D, 0x68, 0x37, 0xD3, 0x83, 0x16,
    0x11, 0xDA, 0x90, 0x7C, 0x6E, 0x3D, 0x68, 0x3F, 0x67, 0x6E, 0x57, 0x36, 0x11, 0x48, 0x2E, 0xF4,
    0xA3, 0xF8, 0x66, 0x3E, 0x6F, 0xE3, 0x5B, 0x76, 0x4A, 0x48, 0xE3, 0x5B, 0x4D, 0xA5, 0x6D, 0x7D,
    0x6A, 0xB0, 0x36, 0xBE, 0x65, 0x34, 0x70, 0x94, 0x86, 0xB4, 0x88, 0xCF, 0xA5, 0xF1, 0x2D, 0xA1,
    0x73, 0xD3, 0xF8, 0xB6, 0xBD, 0x5B, 0xE3, 0xDB, 0xCE, 0x36, 0xBE, 0x65, 0x71, 0x23, 0x8D, 0x6F,
    0x37, 0xB3, 0x11, 0x6A, 0x7D, 0x21, 0x1A, 0xDF, 0xFE, 0xCA, 0x66, 0xF7, 0xFB, 0x46, 0xBC, 0x89,
    0x69, 0xC4, 0xAB, 0xE9, 0x83, 0xBB, 0x37, 0xC6, 0x66, 0x7F, 0xAB, 0xA5, 0x11, 0x2F, 0xB3, 0x99,
    0x1B, 0xF1, 0x8A, 0x0D, 0xA6, 0x8D, 0x78, 0xDB, 0x3B, 0x34, 0xE2, 0xED, 0x4C, 0x23, 0x5E, 0x67,
    0x1A, 0xF1, 0x6E, 0xA1, 0x11, 0x2F, 0x99, 0x5B, 0xBF, 0xEC, 0x46, 0xBC, 0xFF, 0x17, 0xED, 0x7D,
    0xBB, 0xD3, 0xED, 0xD6, 0x75, 0x1F, 0x1E, 0xE2, 0x05, 0x23, 0xCC, 0x04, 0x2C, 0x64, 0x4F, 0xC6,
    0x77, 0x3C, 0x60, 0xE9, 0xD8, 0x89, 0xF1, 0x0F, 0x58, 0x02, 0x28, 0x16, 0x2A, 0x5C, 0x98, 0x85,
    0xBB, 0x14, 0x4A, 0x99, 0x38, 0xC5, 0x97, 0xC2, 0x45, 0x8A, 0x58, 0x38, 0x24, 0x0B, 0x15, 0x2A,
    0xC4, 0xFC, 0x05, 0x52, 0x17, 0x5B, 0x2A, 0xD8, 0xA4, 0x48, 0x61, 0x13, 0x20, 0x59, 0xA8, 0x60,
    0xC1, 0x23, 0xB1, 0x70, 0xA1, 0x82, 0xC7, 0x22, 0x67, 0x3C, 0x23, 0x15, 0x84, 0x48, 0x48, 0xC4,
    0xE5, 0x05, 0xB0, 0xB3, 0xD7, 0x6F, 0xAD, 0xB5, 0x1F, 0xE7, 0x3B, 0xE7, 0xE3, 0xBD, 0x7C, 0xE8,
    0x91, 0xE1, 0x1D, 0x89, 0xD8, 0xEB, 0x9C, 0xF3, 0xE1, 0x1C, 0xAC, 0xBD, 0xF6, 0x7A, 0x3F, 0x9A,
    0x43, 0xE2, 0xFF, 0xB5, 0x8F, 0x06, 0x34, 0x63, 0x00, 0x54, 0x4B, 0x00, 0x94, 0xC6, 0x18, 0xF7,
    0xC9, 0xCC, 0x02, 0x93, 0xFF, 0x23, 0x63, 0xD6, 0xE0, 0x93, 0xD9, 0x16, 0x00, 0xC9, 0x1E, 0x02,
    0xAF, 0xE8, 0x62, 0x30, 0xFE, 0xDF, 0x74, 0x1D, 0x48, 0x06, 0xFB, 0xD9, 0x9C, 0xBE, 0xB7, 0x3A,
    0x25, 0x00, 0x0A, 0xB3, 0x78, 0x20, 0x1B, 0x8C, 0x02, 0xFD, 0x9C, 0xA4, 0x66, 0x14, 0x60, 0xB0,
    0x5F, 0x5A, 0x1F, 0xFB, 0xBF, 0xE2, 0x77, 0xEC, 0x67, 0x8A, 0xF7, 0xCD, 0x7B, 0x00, 0x9E, 0x1A,
    0x0E, 0x49, 0xFE, 0x81, 0x31, 0x7C, 0x03, 0xFB, 0xE8, 0x99, 0x99, 0x3C, 0x60, 0xEF, 0xD0, 0x3A,
    0x20, 0x31, 0x07, 0xF9, 0x9E, 0xBE, 0xB3, 0x80, 0x7E, 0xA9, 0x49, 0x0E, 0xF6, 0x99, 0x18, 0xC8,
    0xB6, 0x62, 0xCA, 0x56, 0x01, 0xAA, 0x25, 0x9F, 0x8B, 0x19, 0x40, 0x7F, 0x18, 0xA6, 0x6C, 0xAB,
    0x27, 0x00, 0xAD, 0xB1, 0xBF, 0xCB, 0xC8, 0x6F, 0xAB, 0xCD, 0x4E, 0xAF, 0x74, 0x00, 0x32, 0xFA,
    0xE6, 0x62, 0xE3, 0x47, 0xF0, 0x58, 0xFF, 0x64, 0x40, 0x73, 0xB8, 0xB4, 0xA3, 0x97, 0x97, 0xC1,
    0x2E, 0x07, 0x7B, 0x1C, 0xEC, 0x70, 0xB8, 0xBF, 0xD1, 0xEE, 0x86, 0x7B, 0xBB, 0xDF, 0xDA, 0x57,
    0xBF, 0x77, 0xFB, 0xE5, 0x25, 0x76, 0x2D, 0xA9, 0x67, 0x7C, 0x98, 0xFE, 0x93, 0xAF, 0x6E, 0x99,
    0x99, 0x07, 0x89, 0xEC, 0x64, 0x4D, 0xE8, 0xE2, 0x7D, 0xEC, 0x8D, 0x99, 0x65, 0x17, 0xCD, 0xA1,
    0x5E, 0x65, 0x0F, 0xF7, 0x24, 0xDD, 0x65, 0x9F, 0x36, 0x5C, 0x75, 0xD9, 0x76, 0xBC, 0x7C, 0x4E,
    0x97, 0xB4, 0x77, 0xB2, 0x34, 0xF2, 0x55, 0x83, 0x3C, 0x85, 0xE1, 0x5D, 0xA3, 0x27, 0x5F, 0x79,
    0xCF, 0xF2, 0xFD, 0x07, 0xF4, 0x6D, 0xB4, 0x63, 0xB9, 0xC1, 0x6F, 0xA0, 0xFD, 0xB2, 0xCB, 0x25,
    0x91, 0xDD, 0xBA, 0x6F, 0x4E, 0x01, 0xD9, 0xBB, 0x65, 0x1A, 0xBC, 0x5C, 0x7B, 0xBC, 0x64, 0xC6,
    0x23, 0xBA, 0x9D, 0x3D, 0xA2, 0x03, 0x24, 0x06, 0x47, 0xEC, 0xE9, 0xE6, 0xF7, 0xE4, 0xC0, 0xAE,
    0xD7, 0x01, 0xDE, 0x4A, 0xD9, 0xD1, 0x3B, 0x81, 0x7E, 0x2E, 0x4F, 0x0E, 0x18, 0xF6, 0x12, 0x67,
    0xFD, 0x39, 0xDE, 0xEA, 0x82, 0x00, 0xFB, 0x1F, 0x6C, 0xF6, 0x8B, 0x4B, 0xD2, 0x27, 0xD5, 0xCA,
    0x7B, 0xFC, 0xE2, 0x6A, 0x81, 0x56, 0x80, 0xE7, 0x09, 0x30, 0x4A, 0x08, 0x7B, 0xD2, 0x7E, 0x63,
    0x1B, 0xE4, 0xC0, 0x0E, 0x76, 0x13, 0xE7, 0x56, 0x0E, 0x6C, 0xDB, 0x55, 0xE6, 0x08, 0x1A, 0xB0,
    0x4F, 0xDA, 0x8E, 0xF9, 0xCE, 0x04, 0x61, 0xB1, 0x85, 0x43, 0x64, 0x01, 0xDA, 0xFC, 0xA4, 0x24,
    0x04, 0xB5, 0x72, 0x60, 0x41, 0x98, 0xBD, 0x1C, 0xD8, 0xD4, 0x30, 0xB9, 0x80, 0x04, 0x92, 0xE1,
    0x28, 0x64, 0x0B, 0x54, 0x6E, 0xC9, 0xCD, 0x12, 0xA2, 0xDC, 0x13, 0x82, 0x05, 0xBA, 0x60, 0x37,
    0xE6, 0xE4, 0x71, 0xFF, 0x15, 0xD1, 0x11, 0x0F, 0xFF, 0xBE, 0x5E, 0xAE, 0xEE, 0xFA, 0xE9, 0xFC,
    0x2E, 0x21, 0x55, 0xB5, 0x8F, 0xB0, 0x0E, 0x29, 0x2A, 0xBC, 0x75, 0x48, 0x4F, 0x11, 0x39, 0xC5,
    0xD4, 0x14, 0x11, 0xD3, 0x7E, 0x81, 0x94, 0x02, 0x7A, 0x19, 0xAF, 0xAD, 0x99, 0x30, 0xDA, 0x80,
    0x62, 0x2E, 0xAE, 0x2D, 0xAB, 0x70, 0x6B, 0xCB, 0x2B, 0xFC, 0xEB, 0x76, 0xCF, 0x93, 0x6A, 0x4F,
    0x84, 0x5B, 0xD8, 0xB5, 0x39, 0x0A, 0x95, 0xD0, 0x7A, 0x72, 0x6B, 0x60, 0x55, 0xD7, 0xF9, 0x22,
    0xC4, 0xE3, 0xD7, 0x74, 0x1F, 0x59, 0x13, 0xE9, 0xD8, 0xF5, 0x2C, 0x4C, 0xC3, 0xAE, 0x89, 0x40,
    0x41, 0x38, 0x74, 0x9F, 0x49, 0xE8, 0xC6, 0x12, 0x53, 0x73, 0x54, 0x3E, 0x6F, 0xA9, 0xEC, 0x20,
    0x54, 0xD3, 0x1E, 0x32, 0xC7, 0x2E, 0x9A, 0x53, 0xE3, 0x10, 0x56, 0x05, 0x88, 0x2C, 0x42, 0x82,
    0x19, 0x1E, 0x93, 0x5E, 0xB2, 0xE0, 0xF3, 0x65, 0xB0, 0x1F, 0xD5, 0x7A, 0xF9, 0xF5, 0x7C, 0xFE,
    0xFD, 0xA1, 0x93, 0xFD, 0xDA, 0x1A, 0xF4, 0x90, 0xD2, 0xD7, 0x31, 0x4B, 0xB0, 0xBC, 0x7A, 0x71,
    0xEB, 0x84, 0xB4, 0x83, 0x55, 0xE8, 0x84, 0x36, 0x61, 0x55, 0xDD, 0xA0, 0x59, 0xE4, 0x75, 0x03,
    0x09, 0xA4, 0x52, 0x25, 0xA9, 0x65, 0x6D, 0x9F, 0x33, 0x35, 0x8B, 0x5B, 0xD7, 0xF6, 0x0B, 0x74,
    0x3D, 0xB8, 0xFB, 0xF7, 0xCF, 0xFA, 0xEF, 0x35, 0x19, 0x3D, 0xC1, 0x2A, 0x74, 0x42, 0x82, 0x6C,
    0x15, 0x3A, 0x31, 0x96, 0xF2, 0x44, 0xBA, 0x58, 0xE1, 0x81, 0xFB, 0xB7, 0x22, 0x59, 0xBA, 0x55,
    0xE8, 0xC4, 0x7E, 0xF4, 0xB4, 0x2A, 0x77, 0xB1, 0x7F, 0x14, 0x88, 0xDB, 0x5D, 0xD7, 0xF9, 0x94,
    0xF4, 0xAB, 0xDF, 0xD2, 0x3A, 0x58, 0x17, 0xC1, 0x3A, 0x0B, 0x3E, 0x7F, 0xED, 0xDF, 0x5F, 0x08,
    0x7B, 0xE2, 0xCF, 0xF1, 0x45, 0xEE, 0x51, 0x4E, 0x17, 0x2E, 0x05, 0x5F, 0x72, 0xDE, 0xE3, 0x74,
    0x0D, 0xFF, 0xDC, 0xB2, 0x53, 0xB7, 0x55, 0x53, 0x7C, 0xA1, 0x7B, 0x8F, 0x4C, 0x04, 0xB8, 0x41,
    0xFA, 0x90, 0x6F, 0xF0, 0x80, 0x37, 0x7E, 0x65, 0xDE, 0xBF, 0xE2, 0x06, 0xE9, 0x5A, 0x1D, 0xE9,
    0x93, 0x2B, 0xBE, 0x32, 0x5F, 0x40, 0x9C, 0xE5, 0x8C, 0xAF, 0x6C, 0x48, 0xC5, 0xB2, 0x9B, 0x7C,
    0xB4, 0x97, 0x74, 0x30, 0x9D, 0xFD, 0x01, 0xB9, 0xD9, 0xE8, 0x49, 0x73, 0x8B, 0x30, 0x7B, 0x29,
    0x1E, 0x60, 0x17, 0xAD, 0xEE, 0x45, 0xBF, 0x91, 0x58, 0x33, 0x9D, 0x46, 0x7B, 0x94, 0x5A, 0x3A,
    0xA0, 0x73, 0xCE, 0xD8, 0x36, 0x06, 0x4F, 0x2B, 0xF8, 0xC6, 0xA5, 0x30, 0x27, 0xBA, 0xB4, 0x3B,
    0xE8, 0x6F, 0x38, 0xE1, 0xD2, 0xF2, 0xA5, 0x31, 0xDD, 0xCE, 0x6C, 0x7B, 0x67, 0xA1, 0xCE, 0x24,
    0x3A, 0xEC, 0xA1, 0x8C, 0xCF, 0x85, 0x6E, 0xFF, 0xE1, 0x22, 0x82, 0x3D, 0x92, 0x1C, 0x9A, 0x3D,
    0xA6, 0x3D, 0x7A, 0xAF, 0xAC, 0x0A, 0xB7, 0xCA, 0xDD, 0xE1, 0x4A, 0xD7, 0xDB, 0x77, 0xE6, 0x1D,
    0x08, 0xCF, 0xCB, 0xC5, 0x95, 0xEC, 0x06, 0x61, 0x86, 0x37, 0xA4, 0x1E, 0x75, 0x4F, 0xF8, 0x50,
    0xD3, 0xB6, 0xF4, 0x6E, 0x67, 0xFC, 0xE6, 0xBC, 0x92, 0xE8, 0xFE, 0xE0, 0x61, 0xB1, 0x45, 0xAC,
    0xBA, 0xD1, 0x2E, 0x61, 0x85, 0x8D, 0xC2, 0xDF, 0x62, 0xAF, 0xDA, 0x44, 0xB7, 0xCB, 0x32, 0x40,
    0xD9, 0x31, 0xFB, 0x1D, 0xB2, 0x69, 0x96, 0x6D, 0xC8, 0xBE, 0xD9, 0x95, 0x6C, 0x9D, 0xFD, 0x2D,
    0xB2, 0x7B, 0xF5, 0xA8, 0x1B, 0x48, 0xEC, 0x85, 0xF7, 0x90, 0x1E, 0xB0, 0x9F, 0x49, 0x97, 0xEA,
    0x0F, 0xB2, 0x93, 0xA9, 0x6C, 0xE6, 0x22, 0x3B, 0x71, 0x63, 0x8F, 0xA2, 0x71, 0x68, 0x22, 0x66,
    0xCF, 0xFF, 0xB6, 0xAB, 0xA2, 0x55, 0x38, 0x54, 0x2D, 0x1F, 0x6D, 0x45, 0x6C, 0x0E, 0x5D, 0x8C,
    0xDE, 0xFD, 0xEC, 0x2A, 0x4A, 0x8C, 0x60, 0xCA, 0x23, 0x5F, 0xB5, 0xF1, 0x62, 0x09, 0x76, 0xE2,
    0xFC, 0x8A, 0x3F, 0x90, 0x5F, 0xD9, 0xCA, 0x1D, 0x9B, 0x81, 0x7F, 0x49, 0xF3, 0x4D, 0xFE, 0x25,
    0xCD, 0x77, 0x78, 0xDF, 0x9B, 0x17, 0x57, 0xE1, 0xB8, 0xFC, 0x0C, 0x6D, 0x37, 0xC8, 0x0F, 0xEB,
    0x85, 0xF2, 0xB0, 0x6D, 0x0D, 0x50, 0x9B, 0xFC, 0x99, 0xD5, 0x2E, 0xE8, 0xA7, 0xB4, 0x24, 0x81,
    0x48, 0x75, 0xDE, 0xD4, 0x84, 0x49, 0x80, 0xB4, 0x01, 0x16, 0x4C, 0xF6, 0x92, 0x7D, 0x4C, 0x4B,
    0x89, 0xF9, 0x6C, 0x65, 0xE3, 0x8D, 0x3D, 0x3F, 0x13, 0x69, 0xB9, 0x33, 0x91, 0xDA, 0x40, 0x07,
    0xD6, 0x5E, 0x4B, 0xF3, 0x70, 0x62, 0xD2, 0xB3, 0xFF, 0xC1, 0x29, 0xA4, 0xEB, 0xCA, 0xD7, 0xD4,
    0x74, 0xF7, 0xCD, 0x37, 0x26, 0x7E, 0xC0, 0x0F, 0x27, 0x70, 0x74, 0x1C, 0x74, 0x52, 0xDD, 0x07,
    0xA1, 0xD7, 0x46, 0xAE, 0xD5, 0xE4, 0xE8, 0x38, 0xD4, 0x10, 0x23, 0xAA, 0xBC, 0x02, 0x7B, 0xE1,
    0xA4, 0xA4, 0xEF, 0x60, 0x20, 0x23, 0x7D, 0xC9, 0xC2, 0x5F, 0xC2, 0x36, 0x60, 0xD3, 0xAB, 0xC9,
    0xC2, 0xBB, 0x17, 0x3D, 0x85, 0x85, 0xE9, 0xC0, 0xA5, 0x06, 0x8F, 0x67, 0xFF, 0x3A, 0x9F, 0x4B,
    0xFB, 0x46, 0x6D, 0xFE, 0x75, 0x69, 0x76, 0xA2, 0xB8, 0x7C, 0xB5, 0x98, 0x4A, 0xCD, 0x96, 0x2F,
    0xF6, 0x99, 0x2C, 0x75, 0x5B, 0x39, 0xF5, 0xDD, 0xB1, 0x36, 0x47, 0xFB, 0x7D, 0x84, 0x3E, 0x6B,
    0x6B, 0xEC, 0xD5, 0xD1, 0x72, 0x6B, 0x0B, 0x13, 0x63, 0xEA, 0xBB, 0xE6, 0x64, 0xE1, 0x23, 0xE0,
    0x13, 0xEF, 0xBA, 0x85, 0x0F, 0x04, 0xD3, 0x89, 0xAD, 0x70, 0x9E, 0x2C, 0xD2, 0xE9, 0xFD, 0x89,
    0x6D, 0xBA, 0x76, 0x6C, 0x71, 0xBF, 0xE6, 0x04, 0xF3, 0xE0, 0x1E, 0x11, 0xED, 0x92, 0x2F, 0x35,
    0x78, 0xA2, 0xB5, 0x6A, 0x36, 0xFA, 0xB9, 0x04, 0x77, 0xAC, 0x05, 0xD0, 0x13, 0x9A, 0xD7, 0x17,
    0xD1, 0xEC, 0x86, 0x9D, 0x5E, 0xAE, 0x3F, 0x58, 0x22, 0xAA, 0xCD, 0x4D, 0x0C, 0x27, 0xE7, 0x70,
    0x7B, 0x06, 0xD7, 0x67, 0x70, 0x79, 0x06, 0xE7, 0xCB, 0xF9, 0xC1, 0x88, 0xB5, 0x02, 0xF7, 0xF6,
    0x53, 0xF4, 0xBF, 0x55, 0x76, 0xCA, 0x32, 0x08, 0x8B, 0x70, 0x95, 0xC4, 0xAB, 0x21, 0xBD, 0xC2,
    0x41, 0xBB, 0x45, 0x33, 0x94, 0x72, 0xEC, 0x99, 0x25, 0x53, 0x43, 0x32, 0x8F, 0x21, 0xF3, 0x75,
    0xD3, 0x1E, 0x56, 0xDD, 0xBF, 0xDE, 0xAC, 0xCD, 0xB8, 0xEA, 0xEE, 0x35, 0x66, 0x22, 0x48, 0xF6,
    0xAE, 0x30, 0x5D, 0x63, 0x3F, 0xA9, 0x3B, 0x47, 0xF4, 0xBF, 0xEA, 0xBE, 0xE1, 0x14, 0xAC, 0xBA,
    0x6B, 0x30, 0xA7, 0x56, 0xDD, 0xB3, 0xE4, 0x0F, 0x2D, 0x22, 0x57, 0xDD, 0xB1, 0xC4, 0xB0, 0xE4,
    0xE6, 0xFD, 0x4A, 0x44, 0x37, 0xE0, 0xDD, 0x82, 0x82, 0xB5, 0xEA, 0x5E, 0xD9, 0x9F, 0x89, 0x4F,
    0xF2, 0x4E, 0x25, 0xF7, 0x58, 0xFA, 0xCB, 0x3E, 0xD1, 0x13, 0xAD, 0x7E, 0x97, 0x52, 0x33, 0xAE,
    0x7E, 0x8F, 0x2C, 0xC1, 0x87, 0xB6, 0x54, 0xB1, 0xAD, 0xD1, 0x06, 0x45, 0x50, 0x1B, 0x41, 0x55,
    0x04, 0x15, 0x11, 0x94, 0xAD, 0xD7, 0x35, 0xBD, 0xAF, 0x46, 0xD0, 0xD7, 0x62, 0x02, 0x50, 0xEE,
    0x63, 0x59, 0xF3, 0x42, 0x0F, 0x25, 0x90, 0x3D, 0x19, 0xA3, 0x87, 0x5A, 0xFC, 0xFF, 0x20, 0xFC,
    0xCC, 0x1C, 0xEF, 0xEF, 0xAD, 0x72, 0x37, 0x12, 0x69, 0x86, 0x5E, 0x7D, 0x8E, 0x20, 0xA2, 0x17,
    0x32, 0x73, 0x99, 0xE7, 0xDB, 0xE7, 0x3F, 0x94, 0x0A, 0xA5, 0xFF, 0xDB, 0x1E, 0x7D, 0x3A, 0x65,
    0x90, 0x02, 0xE5, 0x4C, 0xCC, 0xD8, 0x80, 0xA2, 0x7A, 0xAB, 0x9D, 0x3C, 0x55, 0x40, 0x0E, 0x64,
    0x30, 0xD7, 0x36, 0x12, 0x5C, 0x2D, 0xC4, 0x17, 0xEC, 0x35, 0x86, 0x88, 0x36, 0xBE, 0xB1, 0xF6,
    0xC4, 0x5D, 0x5A, 0x7C, 0x37, 0x2C, 0x36, 0x56, 0xAD, 0x2D, 0xF3, 0x82, 0xC9, 0xC6, 0xCA, 0xB5,
    0x95, 0x05, 0xC4, 0xEF, 0xFE, 0x92, 0x98, 0x9B, 0xF2, 0xDA, 0xF6, 0x59, 0xC3, 0x86, 0x00, 0x5B,
    0x6D, 0xA4, 0xFD, 0xB6, 0xEA, 0x4F, 0x18, 0x92, 0x43, 0x22, 0x52, 0x48, 0x59, 0x37, 0x9E, 0xCF,
    0x19, 0x6E, 0x6D, 0x64, 0xB9, 0xB5, 0x91, 0xE9, 0xD6, 0x46, 0xB6, 0x5B, 0x1B, 0x19, 0x6F, 0xED,
    0x39, 0xAE, 0xE3, 0x7F, 0x11, 0x1F, 0x1B, 0xEF, 0x82, 0xE4, 0x3C, 0x80, 0x65, 0x77, 0x7A, 0x3A,
    0x7A, 0xB6, 0x45, 0xE5, 0x74, 0x0C, 0x0C, 0xC9, 0xE9, 0x30, 0x0C, 0xC9, 0xE9, 0x18, 0xBA, 0x94,
    0x20, 0x39, 0x1D, 0xFD, 0x47, 0xD6, 0xC4, 0xE9, 0xF4, 0x74, 0x58, 0x9E, 0x4C, 0xB6, 0xAE, 0x9C,
    0x0E, 0xEC, 0x7B, 0xE7, 0x4E, 0xC7, 0xCD, 0x86, 0xEF, 0x93, 0xD3, 0xD1, 0x4F, 0x80, 0xF8, 0x74,
    0x64, 0x24, 0x6C, 0x3B, 0x3D, 0x1D, 0x44, 0x9B, 0x04, 0xF1, 0xE9, 0xA8, 0x27, 0x86, 0xF8, 0x74,
    0x54, 0x96, 0x72, 0xF0, 0xAB, 0x71, 0x3A, 0x4A, 0xC3, 0xF7, 0xE4, 0xD3, 0x91, 0x0D, 0xFC, 0x7D,
    0x72, 0x3A, 0xD2, 0x61, 0x6E, 0xBB, 0x80, 0xFD, 0xEC, 0x21, 0x64, 0xE9, 0x2C, 0x84, 0x6A, 0x13,
    0x42, 0x45, 0x04, 0x25, 0x31, 0xD4, 0x77, 0xCA, 0x89, 0x92, 0xA7, 0xED, 0x4D, 0x15, 0xF3, 0x6B,
    0xB6, 0xD8, 0xD5, 0x51, 0xA1, 0x7C, 0xCB, 0xD8, 0xFA, 0x60, 0xE9, 0x61, 0x9E, 0xDD, 0xCA, 0xD9,
    0x41, 0xED, 0x2F, 0x08, 0xB1, 0x2A, 0x49, 0x2C, 0xB1, 0xD9, 0x85, 0xCA, 0x11, 0xAB, 0x9F, 0xD4,
    0x93, 0xE2, 0xFA, 0xFF, 0xD2, 0xED, 0x4E, 0x82, 0x6B, 0x2B, 0x94, 0x6B, 0xE2, 0x29, 0x8C, 0xEB,
    0x57, 0x2D, 0xF3, 0x7A, 0x6F, 0x49, 0x14, 0xD7, 0x5B, 0x52, 0x8D, 0xC9, 0x1F, 0x38, 0xE9, 0x41,
    0x90, 0x51, 0x5C, 0x5B, 0x5B, 0x60, 0x24, 0x3F, 0x26, 0xE3, 0xDA, 0x52, 0xF7, 0x58, 0x91, 0x47,
    0x10, 0xB8, 0x6E, 0xC7, 0xEA, 0x34, 0xBC, 0x79, 0x54, 0x5C, 0x1F, 0xED, 0x9E, 0x59, 0x2B, 0x5E,
    0x70, 0x6D, 0x8F, 0x18, 0x94, 0x62, 0xE0, 0xDA, 0x2A, 0x49, 0xC3, 0x91, 0xA4, 0x33, 0x70, 0x0D,
    0x5A, 0x06, 0xF9, 0x03, 0xD7, 0x26, 0x72, 0x0A, 0x92, 0x5A, 0x51, 0x3B, 0x3D, 0x88, 0x34, 0xE1,
    0x61, 0xF4, 0x36, 0x67, 0x57, 0x9A, 0x24, 0x74, 0x0D, 0x05, 0x7A, 0x52, 0x1F, 0x3A, 0x8A, 0xEC,
    0x9B, 0xFB, 0xA3, 0x3B, 0x6B, 0x19, 0xB5, 0xD5, 0x31, 0x90, 0xD9, 0xAC, 0x05, 0x08, 0x9A, 0xD9,
    0x4A, 0x14, 0x2C, 0xC3, 0x3C, 0x57, 0x24, 0x57, 0xE6, 0xDD, 0xC4, 0xC9, 0xE9, 0xEA, 0x3D, 0x8F,
    0xE2, 0xB1, 0x7A, 0x9D, 0x1E, 0x55, 0x30, 0x5C, 0x8D, 0x37, 0xC6, 0xB1, 0x7A, 0x8B, 0x5E, 0xB2,
    0x21, 0x19, 0xBF, 0x16, 0xA0, 0x9D, 0x63, 0xF4, 0x0A, 0x20, 0x94, 0xCC, 0x00, 0x23, 0x97, 0x80,
    0xCD, 0xD1, 0xF1, 0xC8, 0x6C, 0x16, 0xA8, 0xB5, 0x00, 0x84, 0x21, 0x30, 0x6B, 0x1F, 0x81, 0x7F,
    0x38, 0x21, 0xD6, 0x02, 0xCD, 0x29, 0x70, 0xB4, 0x7A, 0x9F, 0x5E, 0xB9, 0x04, 0x68, 0x14, 0x2F,
    0xA1, 0xFA, 0x03, 0xBD, 0x0E, 0x0A, 0x4E, 0x73, 0xC6, 0x1C, 0xD6, 0xBB, 0x20, 0x41, 0x9D, 0xDB,
    0x3D, 0x86, 0x98, 0x03, 0x09, 0x26, 0xE5, 0xAC, 0x08, 0x2A, 0x49, 0x25, 0x7E, 0xE0, 0x70, 0x59,
    0xBF, 0x09, 0x0E, 0x23, 0xC8, 0xAC, 0x5F, 0x85, 0x6A, 0x27, 0xD8, 0xB4, 0x62, 0xAF, 0xFD, 0x91,
    0x13, 0x9D, 0x16, 0x6A, 0x5E, 0x0D, 0xF1, 0x49, 0x4E, 0x34, 0x45, 0xA8, 0x15, 0x97, 0xA4, 0xFB,
    0x0B, 0x46, 0xA7, 0x72, 0xF7, 0x28, 0x2D, 0xE9, 0x51, 0x1D, 0x4E, 0xED, 0x83, 0x1F, 0x53, 0x87,
    0xD4, 0x64, 0x78, 0x20, 0xBE, 0x33, 0xA5, 0xAA, 0x7A, 0xF1, 0xA2, 0xD3, 0x7E, 0xC8, 0xE1, 0x35,
    0xD9, 0x7F, 0x10, 0x38, 0x28, 0x93, 0x98, 0x0A, 0x4D, 0x84, 0xC0, 0x3F, 0x12, 0xB3, 0x4D, 0xB1,
    0x3B, 0xC4, 0xCE, 0xB4, 0xC1, 0x84, 0x1E, 0xD1, 0x2C, 0x7E, 0xB3, 0x8E, 0x0C, 0xE1, 0xF4, 0x78,
    0x07, 0xCB, 0xBE, 0xC5, 0xA7, 0x2F, 0xBD, 0x70, 0xF0, 0xDA, 0x68, 0xA3, 0xCE, 0x3E, 0x79, 0x21,
    0x35, 0x3F, 0x9D, 0x23, 0xFD, 0xB4, 0xDC, 0xD8, 0x42, 0xE4, 0x7D, 0xCA, 0xA0, 0x1C, 0x82, 0xD2,
    0x79, 0xAB, 0xC8, 0x42, 0x22, 0xCD, 0xC3, 0x28, 0xE9, 0x3F, 0x0F, 0x56, 0x5A, 0x06, 0xE4, 0xBF,
    0x5B, 0xA9, 0x90, 0x76, 0x37, 0x76, 0x3F, 0x65, 0xCF, 0x06, 0xFB, 0x42, 0x19, 0x6A, 0xA9, 0x6D,
    0xD7, 0xDA, 0xDF, 0x18, 0xB0, 0xF5, 0x96, 0x44, 0x00, 0x9B, 0x09, 0xBC, 0x79, 0xF5, 0xB1, 0x32,
    0x56, 0xC0, 0x0F, 0x89, 0x3B, 0x12, 0x53, 0x66, 0x4E, 0x2D, 0x04, 0xA3, 0x6C, 0xE1, 0x02, 0xF1,
    0xB2, 0x27, 0xBA, 0x8B, 0x70, 0xCE, 0xF0, 0x27, 0x64, 0x23, 0x89, 0xE0, 0x06, 0x7E, 0x81, 0xF7,
    0xD2, 0x9A, 0x12, 0xE9, 0x9E, 0xEC, 0x5E, 0x5B, 0xAD, 0xF6, 0xAE, 0x5E, 0x43, 0x4F, 0x0E, 0x1B,
    0x17, 0xAF, 0xC4, 0xD8, 0x1E, 0x9D, 0x09, 0x45, 0xFF, 0xEE, 0x11, 0xDD, 0xF6, 0xE7, 0x72, 0x34,
    0x12, 0x12, 0xB7, 0x3C, 0xDE, 0xE7, 0xBE, 0xAA, 0x8B, 0xFF, 0xBE, 0x9F, 0x5C, 0xD6, 0x63, 0xF9,
    0xDF, 0x1A, 0xEE, 0xFB, 0x92, 0x44, 0x3E, 0xA5, 0x0B, 0x60, 0x64, 0x8F, 0xAC, 0xC9, 0x19, 0x18,
    0x58, 0x23, 0x04, 0x06, 0xC6, 0x08, 0x81, 0x81, 0x2D, 0x42, 0xA0, 0x2A, 0xB4, 0x95, 0x35, 0x45,
    0x12, 0xAF, 0xD1, 0x9A, 0x9D, 0x6F, 0xA5, 0x42, 0xFB, 0xC8, 0x5F, 0xC4, 0x3B, 0xCC, 0x76, 0x85,
    0x2A, 0xB5, 0x3F, 0x66, 0x33, 0xC4, 0x69, 0xB5, 0xCE, 0x85, 0x25, 0x46, 0xC8, 0x62, 0xF1, 0xDE,
    0xAD, 0xDE, 0x06, 0x39, 0xE4, 0xE6, 0xE8, 0x14, 0xDB, 0x7B, 0xC6, 0xFE, 0x98, 0xD9, 0x1F, 0xCF,
    0x7A, 0xCF, 0x3F, 0xDA, 0xBC, 0x6A, 0x9B, 0x5A, 0x03, 0x64, 0x08, 0x74, 0xDB, 0xE6, 0x83, 0x25,
    0x54, 0x59, 0x8B, 0x87, 0x4B, 0xA4, 0xB3, 0x9A, 0x25, 0x52, 0x5A, 0xFB, 0x25, 0x5F, 0x63, 0xDB,
    0xE3, 0xEF, 0xAF, 0x79, 0xA9, 0xC5, 0xF2, 0x50, 0x21, 0x4E, 0xCB, 0x25, 0x89, 0x5E, 0xB0, 0x3F,
    0x88, 0xF8, 0xA6, 0x7F, 0xC1, 0xFE, 0xE0, 0xD7, 0xC2, 0xD3, 0x97, 0x99, 0x63, 0xF3, 0x0B, 0x70,
    0x09, 0x79, 0xC1, 0x3E, 0x70, 0x65, 0xE6, 0x7A, 0x72, 0xFB, 0x51, 0x91, 0x39, 0x7B, 0x28, 0x26,
    0xB7, 0x23, 0xCD, 0x91, 0x94, 0x85, 0x62, 0xD2, 0x3D, 0x21, 0xBA, 0x2A, 0x17, 0xEC, 0x98, 0x98,
    0x19, 0x3D, 0x2B, 0xB7, 0x47, 0x67, 0x69, 0xE0, 0x05, 0x2B, 0xB8, 0x65, 0x67, 0xFE, 0x1A, 0x4A,
    0xF1, 0x44, 0xAE, 0x14, 0xDE, 0x9B, 0x9D, 0xCC, 0xEB, 0x72, 0xCE, 0x5E, 0x3E, 0xC9, 0xE9, 0xDB,
    0xC8, 0xE0, 0x29, 0x69, 0xDF, 0x65, 0x7F, 0x36, 0x88, 0xDB, 0x9D, 0x1C, 0x72, 0xBC, 0x43, 0xAB,
    0xFD, 0xE9, 0x56, 0xFE, 0x76, 0xF6, 0x05, 0xDE, 0xA3, 0x4D, 0x54, 0xCC, 0x7A, 0x92, 0x5D, 0xC2,
    0x19, 0x2A, 0x1F, 0x42, 0x21, 0xC5, 0x3E, 0x41, 0xCA, 0x94, 0xEF, 0xE3, 0xF1, 0xB1, 0x53, 0x70,
    0x1A, 0x94, 0x13, 0x04, 0x0B, 0xF6, 0x0A, 0x86, 0x5F, 0x19, 0xB0, 0xBA, 0x8A, 0xF0, 0xF6, 0x9D,
    0x29, 0x3E, 0x8D, 0x91, 0x68, 0x77, 0xD6, 0x7B, 0xCC, 0x10, 0xCF, 0x5F, 0xA8, 0xCF, 0x5F, 0x08,
    0xBE, 0xA5, 0xFC, 0x04, 0xA1, 0xCA, 0xF0, 0x47, 0x3A, 0x07, 0x9A, 0x53, 0x44, 0xE6, 0x88, 0x33,
    0x47, 0x3E, 0xE5, 0x30, 0xD0, 0xD5, 0x46, 0x51, 0xAF, 0x63, 0xFC, 0x5D, 0x8F, 0xA9, 0xAE, 0x8C,
    0xA1, 0xBA, 0x32, 0x86, 0xEA, 0xCA, 0x18, 0xAA, 0x2B, 0x63, 0xA8, 0xAE, 0x8C, 0x49, 0xA0, 0xAE,
    0x40, 0xB1, 0x53, 0x75, 0xC5, 0x02, 0x81, 0xBA, 0x92, 0x47, 0xEA, 0x4A, 0xFE, 0x69, 0xD5, 0x95,
    0x34, 0x52, 0x57, 0xD6, 0x40, 0x5D, 0x29, 0xE7, 0x6B, 0xEA, 0xCA, 0x70, 0x55, 0x5D, 0x59, 0xEF,
    0x52, 0x57, 0x2E, 0xFE, 0xAB, 0x92, 0x6B, 0x7B, 0x10, 0xEE, 0x4E, 0x6A, 0xAE, 0x19, 0xB2, 0xD7,
    0x81, 0x74, 0xBD, 0x1A, 0x82, 0xEC, 0xAF, 0x7E, 0x29, 0x74, 0xB4, 0x47, 0x0D, 0x4C, 0x2A, 0x9B,
    0x60, 0x8A, 0x17, 0x80, 0x98, 0x9D, 0xE3, 0x17, 0xDF, 0xDA, 0x03, 0x57, 0xD2, 0xD7, 0x7A, 0x67,
    0x6D, 0xD9, 0x6F, 0x6D, 0x46, 0xEF, 0x8A, 0x68, 0xAB, 0xC9, 0x7B, 0x22, 0xFA, 0x7C, 0xF6, 0x8E,
    0x88, 0x21, 0xF3, 0x7E, 0x08, 0x7B, 0x13, 0xB7, 0xDB, 0x24, 0x4E, 0xDD, 0x6E, 0x13, 0x73, 0x18,
    0x9C, 0x13, 0xA2, 0x87, 0x0B, 0x95, 0x77, 0xFB, 0xC6, 0x6E, 0x42, 0xAF, 0xBB, 0x4D, 0xF6, 0xE7,
    0xA0, 0xBB, 0x6D, 0x38, 0x1A, 0x85, 0xDD, 0x4E, 0x55, 0xD7, 0xA7, 0xDD, 0x26, 0xBD, 0xCB, 0x63,
    0xCB, 0x24, 0x41, 0x60, 0xB2, 0x3D, 0x06, 0x0E, 0x86, 0x7A, 0x0B, 0x0E, 0x76, 0x11, 0x1D, 0xA6,
    0x48, 0xB5, 0x42, 0x78, 0x3B, 0xC4, 0xDB, 0xF1, 0x3A, 0x90, 0x38, 0xFF, 0xA0, 0x3F, 0x3F, 0x45,
    0xA8, 0xEE, 0x33, 0x20, 0x18, 0x65, 0x40, 0xBD, 0x3B, 0x53, 0x72, 0xCF, 0x9D, 0x1F, 0x0B, 0xF4,
    0xCE, 0x7A, 0xB5, 0x80, 0xD7, 0x75, 0xC8, 0x3F, 0x79, 0x54, 0x8C, 0xE6, 0x53, 0x49, 0x5B, 0x07,
    0x8C, 0x9E, 0xF2, 0xA5, 0xFD, 0xD7, 0x49, 0x30, 0x6A, 0x95, 0x19, 0xF3, 0xE2, 0x2C, 0x18, 0x5D,
    0x58, 0x94, 0x32, 0x46, 0x57, 0x7B, 0x12, 0x08, 0x00, 0x46, 0x77, 0x15, 0x3A, 0x84, 0xD1, 0xDE,
    0x1D, 0x78, 0xCB, 0x08, 0xE8, 0x2E, 0x85, 0xAA, 0xA5, 0xD5, 0xE4, 0x5D, 0x97, 0x7C, 0x97, 0xA3,
    0x8F, 0xF1, 0x07, 0xF1, 0xFC, 0xFE, 0x8C, 0x3D, 0x2D, 0x67, 0xEA, 0xE8, 0x17, 0x4C, 0xE8, 0xB3,
    0x65, 0x42, 0xFF, 0x33, 0x82, 0xFE, 0x2E, 0x39, 0xE3, 0x10, 0xA2, 0x27, 0x50, 0xD4, 0xAE, 0x37,
    0x9D, 0x40, 0xE4, 0xAF, 0xF2, 0x90, 0xD5, 0xB3, 0xA7, 0x9E, 0xD4, 0x58, 0x20, 0x79, 0x38, 0xD6,
    0x5B, 0xEF, 0x50, 0x4E, 0xCE, 0xD9, 0xC1, 0xE1, 0x9C, 0x1E, 0xDB, 0x28, 0xD2, 0xE9, 0x71, 0x2B,
    0xA3, 0x58, 0x27, 0x28, 0x77, 0xFA, 0x3A, 0x99, 0x4B, 0x7C, 0xEA, 0x80, 0x77, 0xD6, 0x91, 0x15,
    0xF1, 0xBD, 0xA8, 0xB6, 0x8C, 0xF9, 0xDA, 0x9E, 0xAC, 0x3E, 0x51, 0xD4, 0x17, 0x7C, 0xD4, 0x95,
    0x25, 0xF4, 0x0C, 0x09, 0x4F, 0x48, 0x3A, 0x40, 0xE2, 0x98, 0x14, 0x0E, 0x28, 0xD6, 0x95, 0xF2,
    0x43, 0x67, 0x5D, 0xF5, 0x49, 0x60, 0x5D, 0x09, 0xAF, 0x14, 0xC7, 0xE4, 0x99, 0x62, 0xFD, 0x79,
    0x40, 0xB7, 0x2C, 0xA8, 0xBB, 0xA0, 0xF3, 0x98, 0x73, 0x08, 0x79, 0x25, 0xBA, 0xD9, 0x03, 0x7B,
    0x29, 0x23, 0x9A, 0x70, 0xC6, 0x52, 0x41, 0xC7, 0xCC, 0x59, 0x4A, 0xD5, 0x52, 0x6E, 0xDE, 0x4C,
    0x22, 0xCB, 0xCA, 0xDB, 0x48, 0x15, 0xA9, 0x63, 0x82, 0xF9, 0xBE, 0xB3, 0x90, 0x45, 0xA4, 0x5A,
    0x47, 0x94, 0x2B, 0x35, 0x0A, 0xE6, 0x11, 0xC3, 0xAE, 0x47, 0x67, 0x17, 0xF1, 0xE9, 0x63, 0xCC,
    0x83, 0x9A, 0xED, 0x7B, 0x8C, 0x79, 0x10, 0x3A, 0x7D, 0x1C, 0x98, 0x4F, 0x77, 0xDD, 0x3C, 0x4E,
    0x4F, 0x3A, 0x48, 0xA2, 0x11, 0x30, 0xDF, 0x4E, 0xA1, 0x08, 0xB4, 0x66, 0xD1, 0xFD, 0xED, 0x8A,
    0x8E, 0x43, 0x37, 0x1B, 0x43, 0x05, 0xE8, 0x41, 0xAC, 0x7A, 0xC5, 0x50, 0x64, 0xF3, 0x90, 0x03,
    0x5B, 0x9C, 0x5E, 0x14, 0x05, 0x53, 0xDE, 0xBC, 0x5A, 0xA5, 0xAE, 0xF3, 0x90, 0xBD, 0x58, 0xCA,
    0x53, 0x56, 0x6D, 0xBA, 0x66, 0x42, 0xD8, 0x8F, 0xA0, 0x94, 0x22, 0xA6, 0xF4, 0x78, 0xC0, 0x3C,
    0x05, 0x55, 0x17, 0x20, 0x02, 0x34, 0x6F, 0xD5, 0xD5, 0x95, 0x82, 0x72, 0xCC, 0x69, 0x0C, 0xBF,
    0x27, 0x34, 0xFF, 0x55, 0xFE, 0x3B, 0xC1, 0xFC, 0x93, 0xF6, 0x4F, 0xEA, 0x31, 0x90, 0x81, 0xC7,
    0xDA, 0x99, 0xA6, 0xE9, 0x8D, 0xFD, 0x2D, 0xA3, 0x63, 0x37, 0x06, 0x81, 0x3E, 0xE5, 0x37, 0x14,
    0x8F, 0x19, 0xBD, 0x47, 0xA1, 0x03, 0xC4, 0x98, 0xA7, 0x1C, 0x3F, 0x82, 0x84, 0xE6, 0xE5, 0x2E,
    0x42, 0xF3, 0xD6, 0x74, 0x05, 0x24, 0x34, 0x5F, 0xAF, 0x80, 0x84, 0xE6, 0x33, 0x53, 0x87, 0x0A,
    0xC2, 0xF0, 0xF6, 0x18, 0x39, 0x18, 0xC7, 0xC8, 0xC1, 0x18, 0x42, 0x69, 0x04, 0x05, 0xFC, 0xEA,
    0x96, 0xD2, 0x71, 0x4E, 0xF3, 0xFB, 0x75, 0x40, 0xD0, 0xDE, 0x84, 0xCC, 0xBD, 0x09, 0x99, 0x7B,
    0x13, 0x32, 0x77, 0x0B, 0xA4, 0x8B, 0xA2, 0xDC, 0x02, 0xF6, 0x20, 0x08, 0xC6, 0x9B, 0xD1, 0xF2,
    0xC6, 0x4E, 0xFD, 0xBB, 0x23, 0x99, 0x46, 0x82, 0xEF, 0x66, 0xEC, 0x97, 0x5D, 0xD1, 0xDD, 0xBC,
    0x6E, 0x9E, 0x77, 0xA1, 0x8F, 0xE6, 0xCD, 0x2D, 0x73, 0x36, 0x62, 0x63, 0xA6, 0xDC, 0x59, 0x88,
    0x8D, 0x35, 0x09, 0x55, 0x42, 0x8E, 0x0D, 0x6C, 0x4B, 0xC1, 0x74, 0x33, 0x8B, 0x23, 0x1A, 0xCC,
    0xFD, 0xE8, 0x24, 0xE4, 0x9C, 0x64, 0x7A, 0x5A, 0x85, 0xB5, 0x44, 0x71, 0xA3, 0x08, 0xB8, 0x43,
    0xAB, 0x5B, 0x3F, 0x3E, 0xCB, 0x2C, 0x44, 0xAF, 0x95, 0xDE, 0x53, 0x6A, 0x36, 0xC7, 0xD9, 0x03,
    0x20, 0x07, 0xA0, 0x3A, 0xC7, 0xC2, 0xDF, 0xC3, 0x39, 0x03, 0x13, 0xFD, 0x02, 0xAF, 0x80, 0x34,
    0xCE, 0x20, 0xCF, 0xAD, 0xE0, 0x71, 0xE6, 0xB8, 0xE5, 0xF6, 0xC6, 0x1B, 0xE3, 0x83, 0xF9, 0x28,
    0x34, 0xC5, 0xD3, 0xC0, 0x10, 0x3F, 0xA5, 0xDE, 0x0C, 0x47, 0xE0, 0x42, 0x8D, 0xF0, 0x13, 0x00,
    0x67, 0x82, 0xA7, 0xA1, 0x01, 0x9E, 0x86, 0xE6, 0x77, 0xEA, 0x8C, 0xEF, 0xFB, 0x66, 0xF1, 0xB2,
    0xD3, 0x5A, 0x5F, 0x69, 0x68, 0x78, 0xBF, 0x1A, 0x9A, 0xDD, 0xBF, 0x5C, 0xAF, 0x04, 0x94, 0xD2,
    0x28, 0x9E, 0xD4, 0x47, 0xE6, 0x76, 0x08, 0x84, 0x89, 0x3E, 0x49, 0x64, 0x95, 0xA7, 0x7F, 0xFF,
    0x98, 0xD4, 0xAB, 0x61, 0xF4, 0x00, 0xF0, 0xCC, 0xDA, 0x02, 0x4E, 0x63, 0x26, 0xC0, 0x69, 0xCC,
    0x04, 0x08, 0x7A, 0x29, 0x37, 0xD2, 0x31, 0xEA, 0xCA, 0x90, 0x5E, 0x2C, 0xE8, 0xB5, 0x12, 0xF9,
    0xB8, 0x39, 0xF4, 0x1E, 0x6F, 0x66, 0xA7, 0x9A, 0x58, 0x8E, 0xB3, 0x6D, 0x8A, 0xDE, 0x9D, 0xE3,
    0xD9, 0x8C, 0xDE, 0x8D, 0x55, 0x03, 0x46, 0xEF, 0xCE, 0xB9, 0x94, 0xA2, 0x31, 0x77, 0x1C, 0x1E,
    0x06, 0x7A, 0xFB, 0x13, 0xFF, 0x6A, 0xA0, 0x97, 0xB2, 0xAD, 0x9C, 0xA5, 0x4C, 0x6C, 0xDD, 0xF1,
    0xE3, 0x74, 0x3A, 0xCB, 0x11, 0xF8, 0xD4, 0xC0, 0x99, 0xA2, 0x72, 0xA6, 0xA9, 0x04, 0xAA, 0x0A,
    0x65, 0x9F, 0x04, 0xBA, 0x8A, 0x5D, 0xEE, 0x01, 0x48, 0x72, 0x62, 0xF4, 0xDA, 0x0A, 0xC5, 0xEB,
    0x67, 0xAF, 0xAE, 0x58, 0x09, 0x93, 0x93, 0xF6, 0x22, 0x1B, 0x61, 0x0E, 0xAC, 0xBE, 0xF0, 0x56,
    0x90, 0x4D, 0x5D, 0x18, 0xA7, 0xB1, 0x90, 0x07, 0xBF, 0xF6, 0x2E, 0xC6, 0xC3, 0x60, 0xEF, 0xFB,
    0xBA, 0xD7, 0x59, 0x6A, 0xF3, 0x3E, 0x31, 0x78, 0xC7, 0xC0, 0xCB, 0x0F, 0x39, 0x87, 0x53, 0xCC,
    0x18, 0x7B, 0xD2, 0x02, 0xB5, 0x05, 0x39, 0x24, 0x81, 0xDE, 0x52, 0x98, 0x24, 0x54, 0x5C, 0xC8,
    0xDE, 0x08, 0x34, 0x17, 0xA4, 0xDF, 0x78, 0xD5, 0xA5, 0x3A, 0x44, 0xBA, 0x4B, 0x76, 0x4B, 0x79,
    0x39, 0xD3, 0x5E, 0xCE, 0x55, 0x8D, 0xCF, 0x0F, 0xBC, 0xED, 0x07, 0x3E, 0x7E, 0x1C, 0xAC, 0x21,
    0xBB, 0x53, 0xAC, 0xCD, 0x38, 0x5B, 0x4A, 0x19, 0x3C, 0xF9, 0x3B, 0xDF, 0x0D, 0x52, 0x14, 0x06,
    0x8A, 0x50, 0x9D, 0x7C, 0x8A, 0x42, 0xB9, 0x5B, 0x78, 0xF3, 0x29, 0x0A, 0x16, 0xEF, 0x43, 0xE9,
    0x35, 0x79, 0xC2, 0xF0, 0x40, 0x26, 0x88, 0x6E, 0x4F, 0x4F, 0x29, 0x6F, 0xE4, 0x42, 0xE1, 0xFD,
    0x21, 0x1A, 0x1A, 0xC0, 0x80, 0x85, 0xEB, 0x23, 0x19, 0xD6, 0x33, 0x7E, 0x4E, 0x6D, 0x0F, 0x98,
    0xD3, 0x41, 0xDF, 0x17, 0xFE, 0x84, 0xCF, 0x17, 0x8E, 0x45, 0xB5, 0x74, 0xBF, 0xDC, 0x38, 0x21,
    0x40, 0x66, 0xD3, 0x90, 0xC3, 0xCD, 0xCD, 0xDB, 0x54, 0x9A, 0xD1, 0xC2, 0x3E, 0xC0, 0x67, 0x0D,
    0xD8, 0x21, 0x4E, 0xAC, 0xD9, 0x86, 0xB3, 0x14, 0x05, 0x73, 0xE6, 0xBA, 0x3D, 0x83, 0xCB, 0x33,
    0x38, 0x3F, 0x83, 0x13, 0x73, 0xC9, 0x13, 0x31, 0xC4, 0x36, 0xBE, 0xBB, 0x06, 0x29, 0x3A, 0xD1,
    0x55, 0x73, 0x8D, 0x35, 0xCD, 0x58, 0x33, 0x8C, 0x73, 0x49, 0x2E, 0xCE, 0x25, 0xAF, 0x58, 0x43,
    0xD4, 0x89, 0xCF, 0x26, 0xE6, 0x44, 0x62, 0xCD, 0x21, 0xD6, 0xF4, 0x61, 0xCD, 0x1C, 0xD6, 0xA4,
    0x61, 0xCD, 0x17, 0xD6, 0x54, 0x61, 0x17, 0x6C, 0xD6, 0x30, 0xB3, 0x0B, 0x30, 0x6B, 0x68, 0xB9,
    0x14, 0x62, 0x69, 0xF8, 0x9A, 0x4B, 0xA6, 0x59, 0x23, 0x4E, 0xF5, 0xFE, 0x24, 0x91, 0xEB, 0x77,
    0xF9, 0xDA, 0xB0, 0xB5, 0xE1, 0x32, 0xD2, 0x92, 0x7A, 0xD7, 0xAC, 0xFB, 0x5D, 0x35, 0xCD, 0x33,
    0xA7, 0xDA, 0x3F, 0x9C, 0xD3, 0xF5, 0xE1, 0x6E, 0xF0, 0x56, 0x52, 0x68, 0x04, 0x06, 0x5C, 0x3F,
    0x8A, 0x69, 0x58, 0x24, 0xFC, 0x63, 0x10, 0xD1, 0x18, 0xBA, 0x7C, 0x0F, 0xE2, 0x19, 0x03, 0x36,
    0xD8, 0xA9, 0xE9, 0x03, 0x3D, 0x87, 0xD7, 0xD3, 0x87, 0xE7, 0xA1, 0x00, 0xBB, 0x48, 0x86, 0x31,
    0xD5, 0xE8, 0xE3, 0x18, 0xB5, 0x59, 0x7C, 0xB6, 0x4D, 0x7D, 0xCC, 0xCC, 0x81, 0x1C, 0x8E, 0x81,
    0xAE, 0x5E, 0xBA, 0x5C, 0x9B, 0x42, 0x84, 0x7F, 0xA8, 0xAD, 0x63, 0x8B, 0x24, 0x7A, 0xA1, 0x6E,
    0x42, 0xD1, 0xD7, 0x47, 0x55, 0xEA, 0x40, 0xC4, 0x8D, 0xA8, 0xF0, 0x8E, 0x22, 0x0F, 0x21, 0x51,
    0x66, 0x26, 0xCE, 0x96, 0x6F, 0xC3, 0x1C, 0x6F, 0x89, 0x90, 0x7A, 0x3C, 0x6F, 0x97, 0x56, 0x82,
    0x49, 0xAF, 0xA6, 0xA4, 0x4E, 0x47, 0x49, 0x9D, 0x82, 0x92, 0x7A, 0xED, 0xC4, 0xA9, 0x26, 0xA9,
    0xD3, 0x4B, 0xBC, 0x52, 0xE2, 0x35, 0x12, 0xA7, 0x8E, 0x1C, 0xBD, 0x2E, 0xE2, 0xCF, 0xBA, 0xD7,
    0x42, 0x9C, 0x0A, 0xD2, 0xA9, 0xFE, 0x21, 0x2B, 0x72, 0x12, 0x8F, 0xAC, 0xA4, 0x0D, 0xE6, 0x7B,
    0x27, 0x55, 0xD7, 0xCA, 0x49, 0x57, 0x83, 0xAE, 0x72, 0xA8, 0x45, 0xE2, 0xEB, 0xF8, 0xF1, 0x2A,
    0x19, 0xE9, 0xF5, 0x03, 0x59, 0x9D, 0x34, 0x51, 0xB5, 0x72, 0x69, 0xAA, 0xE5, 0xA2, 0x2A, 0x89,
    0xA5, 0x07, 0xD5, 0x47, 0x7C, 0x82, 0xEA, 0x9F, 0xD0, 0x53, 0x0E, 0x97, 0xC2, 0x6C, 0xE1, 0xF2,
    0x42, 0x99, 0x88, 0x78, 0x6A, 0xC4, 0xB1, 0xA0, 0xE7, 0xDA, 0x4A, 0x1F, 0x3D, 0xDA, 0x94, 0x56,
    0x28, 0xA7, 0xBB, 0x39, 0xB8, 0x03, 0x4E, 0x09, 0x88, 0x72, 0xC6, 0x9B, 0xD1, 0x1D, 0xF3, 0x66,
    0x74, 0x27, 0xBD, 0x1E, 0x7D, 0x0E, 0xCA, 0xE8, 0xCE, 0x3B, 0x11, 0x8D, 0x1C, 0x79, 0x22, 0x27,
    0x39, 0xF5, 0x44, 0x68, 0x72, 0xF0, 0xE9, 0x22, 0x67, 0xBF, 0x98, 0xDC, 0xF1, 0xC7, 0x8F, 0x64,
    0x0E, 0x80, 0xCF, 0x31, 0x13, 0x60, 0x9A, 0x05, 0x1F, 0xA8, 0x3D, 0x2B, 0xE8, 0x47, 0x4D, 0x31,
    0x29, 0x7C, 0x1C, 0xB3, 0xDD, 0x2F, 0x15, 0x8E, 0x9C, 0x05, 0xC6, 0x3E, 0x6B, 0x26, 0xE8, 0xB2,
    0x75, 0xB6, 0x6B, 0x4C, 0x90, 0xB3, 0x72, 0x24, 0x1F, 0xA7, 0xE3, 0x07, 0xA2, 0xB4, 0x94, 0x85,
    0x99, 0x5F, 0x26, 0xFE, 0x10, 0xF2, 0xE1, 0x11, 0x17, 0xE8, 0xEC, 0xCD, 0x6E, 0xE8, 0xBE, 0x25,
    0x22, 0x69, 0xF6, 0xFE, 0xB8, 0x52, 0xD6, 0x9C, 0x79, 0xC8, 0xA9, 0xBA, 0x04, 0x64, 0x72, 0x85,
    0x37, 0x93, 0x84, 0x99, 0x39, 0xDC, 0x37, 0x2F, 0x2E, 0x4C, 0xA9, 0x1F, 0x2E, 0x9C, 0xF3, 0x49,
    0x1E, 0xB6, 0x74, 0xF8, 0x88, 0x82, 0x6C, 0x51, 0x3C, 0xA9, 0x58, 0x9C, 0x15, 0x32, 0xDC, 0x15,
    0xB9, 0x3D, 0x07, 0x43, 0xEE, 0x86, 0xF8, 0x62, 0x04, 0x86, 0xCC, 0xCE, 0x82, 0x7A, 0x44, 0x39,
    0x93, 0xDF, 0x67, 0x2D, 0x6C, 0xC5, 0x46, 0x84, 0xC5, 0x87, 0xD5, 0x32, 0x86, 0x9B, 0x20, 0x74,
    0x3B, 0x1C, 0x7B, 0x30, 0x55, 0x39, 0xB6, 0xF6, 0xE3, 0x7B, 0xC1, 0x12, 0x9E, 0x03, 0x47, 0xF6,
    0xE9, 0x11, 0x72, 0x92, 0xB0, 0x51, 0xC6, 0x99, 0x9C, 0xAA, 0xF2, 0x5A, 0x53, 0x90, 0x40, 0x3E,
    0xCA, 0x86, 0x22, 0x98, 0x04, 0xF2, 0x79, 0x06, 0xAF, 0x22, 0x50, 0x84, 0xF6, 0xA4, 0x8F, 0x00,
    0x66, 0x87, 0x8C, 0x58, 0x80, 0x60, 0x76, 0x85, 0x71, 0x01, 0x54, 0x30, 0xBB, 0x7F, 0x8A, 0xE3,
    0xA9, 0x4F, 0xDE, 0x0E, 0xAF, 0x7E, 0x76, 0x60, 0x1E, 0x15, 0xA3, 0xC4, 0x29, 0xE9, 0xB9, 0xCF,
    0x0B, 0xED, 0xCA, 0xFD, 0x59, 0xEF, 0xAE, 0x9F, 0x7A, 0xF3, 0x81, 0x87, 0x36, 0xD9, 0x7A, 0xEC,
    0x4E, 0x66, 0x36, 0x8E, 0xEE, 0xF3, 0x5E, 0x51, 0xFE, 0x92, 0xCF, 0xE1, 0xB1, 0x68, 0xA8, 0x7C,
    0x0E, 0x4F, 0x73, 0xA2, 0x6C, 0x19, 0x55, 0xB3, 0x1A, 0x4A, 0xE0, 0x71, 0x4A, 0x56, 0x8B, 0xD4,
    0x56, 0x55, 0xB1, 0x28, 0x62, 0xEA, 0xBC, 0xA5, 0xC5, 0x6A, 0x0D, 0xED, 0xD9, 0xE5, 0xF0, 0xCC,
    0xED, 0x4A, 0x90, 0xE6, 0x7F, 0x56, 0x80, 0x74, 0x8B, 0x32, 0x40, 0xEA, 0xB4, 0xE3, 0x1F, 0xE5,
    0x9D, 0x76, 0xF0, 0xB1, 0x38, 0xA7, 0x9D, 0xB7, 0xAB, 0x93, 0xC0, 0xF5, 0x3C, 0x07, 0x52, 0x56,
    0xD5, 0xDE, 0xEB, 0x3E, 0xB2, 0xCF, 0x0A, 0xFA, 0x24, 0x99, 0x6A, 0xFD, 0x31, 0x3C, 0x25, 0x28,
    0x6E, 0x39, 0x78, 0x25, 0xF7, 0x14, 0x9C, 0x11, 0xB2, 0xD5, 0xFC, 0x11, 0x21, 0x37, 0x8B, 0x3F,
    0x21, 0x54, 0xD5, 0xD2, 0x86, 0xCA, 0xED, 0xDE, 0x1E, 0xBC, 0x6A, 0xCB, 0x2A, 0x88, 0x78, 0xFB,
    0xCD, 0xA9, 0xF1, 0xA7, 0xC3, 0xEA, 0x44, 0x38, 0x3A, 0x5E, 0xA9, 0x35, 0x87, 0x50, 0xA5, 0xF5,
    0x47, 0xA3, 0xA5, 0x58, 0xA8, 0x3F, 0x19, 0x94, 0x16, 0x7D, 0xF0, 0xCA, 0xAC, 0x09, 0xCE, 0x85,
    0xBD, 0xE3, 0x31, 0x38, 0x16, 0xD6, 0x48, 0x0C, 0x69, 0x37, 0x37, 0x11, 0x25, 0xC7, 0x19, 0x26,
    0x75, 0x04, 0x15, 0x11, 0x94, 0x46, 0x10, 0x45, 0x87, 0x1F, 0x3B, 0xF1, 0x87, 0x9E, 0x0F, 0x3E,
    0x15, 0x26, 0xA1, 0x9D, 0x79, 0x23, 0xE3, 0xFA, 0x65, 0x33, 0x72, 0x92, 0x31, 0xE3, 0xBA, 0x07,
    0xF3, 0x76, 0xB8, 0x9E, 0xEB, 0xB7, 0x16, 0x87, 0xEB, 0x74, 0x1D, 0xC0, 0x63, 0x25, 0x52, 0xB5,
    0xD2, 0x31, 0xF2, 0x6E, 0xBA, 0x95, 0x22, 0xC6, 0x1A, 0xAB, 0xEA, 0xA7, 0xCA, 0x99, 0x10, 0x94,
    0xD9, 0x41, 0xDF, 0x2E, 0x26, 0x9E, 0x64, 0x87, 0x30, 0xAE, 0x9F, 0xB6, 0xF8, 0x73, 0xBE, 0xA3,
    0x57, 0x57, 0x31, 0x3D, 0x18, 0xD7, 0x5B, 0xBA, 0xF9, 0xF8, 0x4A, 0x32, 0x7C, 0x63, 0x0D, 0xF2,
    0xA9, 0x5A, 0x33, 0x89, 0x97, 0x08, 0xC1, 0x01, 0xCE, 0x60, 0x70, 0x08, 0xEB, 0xCE, 0xD2, 0x90,
    0x3F, 0x05, 0x34, 0x5C, 0xD3, 0x6E, 0x63, 0x40, 0x3D, 0x47, 0x5B, 0x78, 0x3C, 0x4C, 0xA8, 0xE4,
    0x72, 0x46, 0x8B, 0x84, 0xAE, 0x10, 0xA7, 0xD1, 0xEC, 0x2A, 0x13, 0x98, 0x6B, 0xED, 0xA9, 0xF0,
    0xCA, 0xAD, 0x25, 0x98, 0xDE, 0x51, 0x33, 0x84, 0xA4, 0x57, 0x6C, 0x83, 0x2C, 0xF2, 0xAF, 0x28,
    0x5A, 0x55, 0x23, 0x3D, 0x06, 0x3C, 0xA4, 0x19, 0x03, 0x16, 0xD2, 0x7A, 0x17, 0x68, 0xC2, 0xC5,
    0x63, 0x1C, 0x0C, 0xFC, 0xC1, 0xB0, 0x39, 0xBB, 0xD9, 0x45, 0xF0, 0xE9, 0x07, 0x47, 0xA1, 0xBC,
    0x7B, 0x26, 0x2E, 0x06, 0x1D, 0xA3, 0x4C, 0x8D, 0xAB, 0xF4, 0x1B, 0xC5, 0xFF, 0xAB, 0x2D, 0x52,
    0x74, 0xBB, 0x6B, 0x69, 0xC7, 0x4F, 0x9E, 0x89, 0xDE, 0x8F, 0x01, 0x1D, 0x43, 0x8A, 0x3C, 0xA3,
    0x67, 0xBE, 0xD1, 0x24, 0xF2, 0x8E, 0x5A, 0x3B, 0xA3, 0x09, 0x82, 0x5F, 0x5C, 0x3D, 0xF2, 0x15,
    0x67, 0x67, 0x10, 0x88, 0xD0, 0x8C, 0xDA, 0x19, 0xF5, 0x98, 0x7B, 0xA7, 0x86, 0x21, 0x7B, 0xC1,
    0x38, 0xA7, 0x46, 0x4F, 0x39, 0x97, 0x9E, 0xB9, 0x58, 0xA5, 0xE6, 0xC7, 0xE6, 0xC6, 0x39, 0xA6,
    0xC9, 0xBF, 0xBA, 0x55, 0xCE, 0x33, 0x4D, 0xAC, 0x68, 0xA6, 0x3D, 0x92, 0x60, 0xD8, 0x44, 0x65,
    0xE1, 0x47, 0x67, 0x67, 0x2C, 0x6A, 0x58, 0x60, 0x6B, 0xA0, 0xC8, 0x54, 0xDE, 0x3B, 0x6D, 0x12,
    0x95, 0x0D, 0xA0, 0xA7, 0x7E, 0x8C, 0x7C, 0xC9, 0xCD, 0x1C, 0x19, 0xB7, 0xA5, 0xE9, 0xEE, 0xEF,
    0xB1, 0xD9, 0xB1, 0xC4, 0x66, 0xC7, 0x31, 0xDA, 0x8D, 0x2D, 0xF9, 0xA4, 0xFF, 0xD2, 0xB3, 0x54,
    0x9C, 0xF8, 0x4E, 0xC5, 0x1E, 0xBF, 0x1B, 0x83, 0xD9, 0x72, 0xDD, 0x1A, 0xFF, 0x22, 0xD8, 0xF9,
    0x99, 0x67, 0x5C, 0xDC, 0xF1, 0xEF, 0x9F, 0x22, 0x6A, 0xB8, 0xE6, 0x41, 0x89, 0xDE, 0xB9, 0x5D,
    0x0F, 0x35, 0x5C, 0xF7, 0x07, 0x9C, 0x41, 0x81, 0xC7, 0xAB, 0x8D, 0xFC, 0x5D, 0x6D, 0xE4, 0xED,
    0x6A, 0x23, 0x5F, 0x57, 0x1B, 0x79, 0xBA, 0xDA, 0xC8, 0xCF, 0xD5, 0x26, 0xA1, 0x97, 0xAB, 0x4D,
    0x42, 0x1F, 0x57, 0x9B, 0x84, 0x1E, 0xAE, 0x36, 0x09, 0xFD, 0x5B, 0x6D, 0x12, 0x2A, 0x02, 0x6D,
    0x12, 0x29, 0x02, 0x49, 0xA4, 0x08, 0x24, 0x91, 0x22, 0x90, 0x44, 0x8A, 0x40, 0x12, 0x29, 0x02,
    0x81, 0xE7, 0xB1, 0x59, 0xDA, 0x88, 0xFC, 0xA3, 0x34, 0xFF, 0x61, 0x08, 0xE3, 0x19, 0x75, 0xB8,
    0xBB, 0xAC, 0x69, 0x3B, 0x28, 0x8D, 0xA0, 0x64, 0xB8, 0x12, 0x07, 0xB9, 0xB4, 0x0F, 0x77, 0x2B,
    0x09, 0x43, 0x94, 0x55, 0xE5, 0xA0, 0x39, 0x80, 0x52, 0x76, 0x51, 0xA0, 0xF0, 0x15, 0x79, 0x5E,
    0x5C, 0x0A, 0x3D, 0xB0, 0x67, 0xD8, 0x70, 0x31, 0x34, 0x15, 0xBF, 0xF6, 0xD6, 0xEA, 0x1F, 0x16,
    0x29, 0x7F, 0x2D, 0x2C, 0xA3, 0x3B, 0x15, 0x9B, 0x14, 0xBA, 0xF6, 0x86, 0x2C, 0x5E, 0x23, 0x65,
    0xF7, 0x06, 0xBD, 0x2C, 0xA4, 0xBB, 0xC2, 0x8B, 0xDC, 0xBF, 0xC2, 0x0A, 0x3C, 0x94, 0xC1, 0xEE,
    0xDC, 0x7F, 0x62, 0xE4, 0x42, 0x58, 0x83, 0x16, 0x18, 0xED, 0x28, 0xA5, 0xB0, 0xB8, 0xCB, 0x70,
    0xE0, 0x62, 0x58, 0xBB, 0x99, 0xD5, 0x09, 0xDF, 0x4B, 0xE5, 0xB0, 0x56, 0xE5, 0xB2, 0xD0, 0xA6,
    0x05, 0xB1, 0xB9, 0xB1, 0xD0, 0xC9, 0x95, 0xC4, 0xF6, 0x6F, 0x9E, 0x98, 0x7E, 0xB9, 0x28, 0x36,
    0xF2, 0xB9, 0xE4, 0x11, 0x94, 0xC4, 0x50, 0x1F, 0x41, 0x4D, 0x04, 0x45, 0x99, 0x68, 0xF6, 0x3E,
    0xC7, 0x4B, 0xC6, 0x8A, 0x25, 0x82, 0x4E, 0xAD, 0x93, 0xF7, 0xD7, 0x84, 0x24, 0xC0, 0x02, 0xE0,
    0x03, 0x0A, 0x49, 0x39, 0xC0, 0x1A, 0xCD, 0x2B, 0x15, 0x64, 0x0D, 0xAC, 0x7A, 0x98, 0x35, 0x9F,
    0xA4, 0x06, 0x79, 0x2B, 0xD7, 0x5D, 0x81, 0x94, 0x98, 0x20, 0x03, 0x94, 0xEB, 0x43, 0xEE, 0xD3,
    0x49, 0xF6, 0xA2, 0xDE, 0x92, 0x57, 0xE4, 0x1D, 0xD0, 0xCA, 0x96, 0x4F, 0x5A, 0x88, 0x4C, 0x27,
    0x63, 0x72, 0x8D, 0x48, 0x9A, 0xD9, 0x03, 0xFF, 0xC9, 0x1C, 0x1D, 0x90, 0x1B, 0xA4, 0x15, 0x72,
    0xD1, 0x3A, 0xE1, 0x44, 0x00, 0x43, 0xC9, 0x91, 0x02, 0x50, 0x26, 0xAF, 0xFB, 0x18, 0x69, 0x79,
    0xF7, 0xCD, 0x29, 0xD7, 0xC2, 0x75, 0x0A, 0x21, 0xE5, 0x5A, 0xB9, 0x4E, 0xB4, 0x41, 0x80, 0xE0,
    0x3F, 0x19, 0x5E, 0x9F, 0x1C, 0xFA, 0x93, 0xFA, 0xC3, 0x28, 0x95, 0x30, 0x54, 0x12, 0x22, 0xA0,
    0x9D, 0xAE, 0xA5, 0x0E, 0x96, 0x57, 0x0B, 0x92, 0xBF, 0x76, 0xB5, 0xA8, 0x46, 0xAB, 0x99, 0x26,
    0xCA, 0x2A, 0x6F, 0xC5, 0x34, 0x99, 0x4A, 0xAA, 0x70, 0x51, 0xC0, 0x12, 0xF7, 0xD2, 0x6A, 0x56,
    0xB1, 0x39, 0x95, 0xD0, 0xDB, 0x07, 0x61, 0x7C, 0x9C, 0x89, 0x23, 0xC5, 0x55, 0x35, 0x03, 0xFD,
    0x4C, 0x69, 0x21, 0x05, 0x03, 0xC3, 0x6E, 0xB9, 0xF2, 0x94, 0xC9, 0x3B, 0x94, 0x75, 0xB5, 0x26,
    0xEC, 0x23, 0xB7, 0xBB, 0xF0, 0x95, 0x1C, 0x96, 0x8C, 0xEE, 0xC2, 0x1E, 0x02, 0xE1, 0x3B, 0x62,
    0xB9, 0x73, 0xB3, 0x91, 0xD2, 0x01, 0x86, 0x0D, 0xD4, 0x83, 0xEC, 0x02, 0xA5, 0x7C, 0x30, 0x50,
    0x2D, 0xE0, 0x08, 0xED, 0x41, 0x76, 0x21, 0x95, 0x1A, 0x5C, 0xDE, 0x85, 0x8E, 0x01, 0xDD, 0x05,
    0x00, 0xBA, 0x0B, 0x8F, 0xDA, 0x14, 0xE4, 0x11, 0x81, 0x33, 0xBE, 0x73, 0x6D, 0x2D, 0xB8, 0x65,
    0xF1, 0x31, 0xA8, 0x1F, 0x53, 0xD6, 0x99, 0x5B, 0xF7, 0x73, 0xEE, 0xD6, 0xC3, 0x6E, 0x9F, 0xF8,
    0x4B, 0xF2, 0xBA, 0x49, 0xCD, 0xCF, 0x77, 0x5E, 0x5B, 0xAC, 0xDA, 0x3B, 0x77, 0xCA, 0x63, 0xEC,
    0xE6, 0x25, 0xBA, 0x4E, 0x87, 0xD9, 0xAF, 0x2D, 0x22, 0x36, 0xC1, 0x28, 0x05, 0xF8, 0x36, 0x6D,
    0xC6, 0x30, 0xC9, 0xDA, 0xDE, 0xBD, 0x1F, 0x65, 0x4D, 0x15, 0x63, 0x3B, 0xD6, 0xC0, 0x66, 0x63,
    0xE6, 0x44, 0x79, 0xCA, 0x97, 0xF9, 0xFE, 0x8C, 0xCB, 0x7B, 0x08, 0x36, 0x0A, 0x2A, 0x9B, 0x65,
    0x0B, 0x58, 0x7C, 0x58, 0xFE, 0x12, 0xAC, 0xEB, 0xED, 0xB2, 0x92, 0x94, 0x6E, 0x4A, 0x96, 0x07,
    0x6A, 0x25, 0x20, 0x40, 0x79, 0xCA, 0x90, 0xB4, 0x07, 0xA0, 0x42, 0xC5, 0x9D, 0x7A, 0x2F, 0xB7,
    0x6A, 0x6E, 0x8E, 0xCA, 0x9D, 0xCD, 0xCB, 0x63, 0xE5, 0x80, 0xD6, 0x74, 0x0C, 0x10, 0xA7, 0xAE,
    0xCC, 0xA1, 0x1F, 0x05, 0x7D, 0x74, 0x33, 0x25, 0x4B, 0x72, 0xAA, 0x1A, 0xED, 0x66, 0xF1, 0x6D,
    0x4B, 0x53, 0x03, 0x73, 0x77, 0xCB, 0x89, 0x21, 0xD6, 0xFE, 0xDA, 0xF5, 0x46, 0x69, 0xA1, 0xA3,
    0x10, 0xF0, 0xC2, 0x2A, 0x2D, 0x30, 0x80, 0x44, 0x92, 0xA8, 0xAD, 0x11, 0x2C, 0x5A, 0x3C, 0xBE,
    0x60, 0xB4, 0x1D, 0x8A, 0x95, 0xAB, 0x66, 0x6D, 0x84, 0x3F, 0x5B, 0xFD, 0x87, 0xAA, 0x30, 0x19,
    0x91, 0xE4, 0x70, 0xA7, 0xC4, 0x0B, 0x60, 0x12, 0x9E, 0x3E, 0xFB, 0x0E, 0x50, 0x89, 0x7D, 0x46,
    0xEF, 0xA4, 0x93, 0xF8, 0xFC, 0xFA, 0xCE, 0xE7, 0x81, 0x7A, 0x8D, 0xA3, 0xDD, 0x12, 0xDF, 0xE8,
    0xA2, 0x0C, 0x33, 0x5F, 0xD2, 0x28, 0x05, 0xB1, 0x34, 0xCB, 0x63, 0xB5, 0x05, 0xE9, 0xBC, 0x4B,
    0x53, 0xD4, 0xE9, 0x21, 0xA8, 0xE1, 0xE6, 0xB6, 0x20, 0x52, 0x46, 0x8B, 0xB6, 0x20, 0xE6, 0x25,
    0x79, 0xDD, 0x3E, 0xF9, 0x60, 0x7C, 0x5B, 0x90, 0xCA, 0xF8, 0xB6, 0x20, 0xE9, 0x10, 0xB6, 0x05,
    0x29, 0x3F, 0x45, 0x5B, 0x90, 0x32, 0x6C, 0x0B, 0x72, 0xF2, 0x6D, 0x41, 0xE8, 0xA7, 0x5E, 0x68,
    0x0B, 0x92, 0x5F, 0x6B, 0x0B, 0x72, 0x0A, 0xF2, 0x35, 0xBD, 0xE5, 0x85, 0xB6, 0x20, 0x8F, 0xD3,
    0x3D, 0xCB, 0xED, 0x0D, 0x03, 0xC7, 0x10, 0xD8, 0x12, 0x8F, 0x31, 0x72, 0xBF, 0xBC, 0xAB, 0x28,
    0xEB, 0x5B, 0xB6, 0xD3, 0x80, 0xB3, 0xFE, 0x9E, 0x11, 0x5A, 0xB6, 0x48, 0xEB, 0xED, 0xD3, 0xD7,
    0x8A, 0x29, 0x8A, 0x66, 0x17, 0x01, 0xDA, 0x76, 0xC1, 0x8F, 0x05, 0xBA, 0x9C, 0xAA, 0xF1, 0x04,
    0x71, 0x63, 0xB3, 0x38, 0xCC, 0xD9, 0x33, 0x7F, 0x72, 0xA8, 0xB3, 0x8F, 0xD9, 0x15, 0x8A, 0xBB,
    0xCC, 0x7E, 0x7F, 0xE5, 0x45, 0x93, 0xE8, 0x9A, 0x42, 0x28, 0x85, 0x76, 0x63, 0x4A, 0xF2, 0x8F,
    0x7E, 0x88, 0x3D, 0x04, 0xFE, 0xF2, 0x90, 0xAA, 0xF2, 0xA8, 0xE3, 0xCE, 0x7F, 0x8B, 0xEC, 0xA7,
    0x7B, 0x91, 0xC2, 0x9D, 0x45, 0xF5, 0x44, 0x65, 0x64, 0x59, 0xF5, 0x51, 0x96, 0x50, 0x77, 0x57,
    0x98, 0xF8, 0x4E, 0x70, 0xF7, 0xCE, 0x77, 0xB6, 0xB0, 0x07, 0xDD, 0xCE, 0x9B, 0x63, 0x00, 0x36,
    0x33, 0x7B, 0xB2, 0xA5, 0x23, 0x12, 0xD5, 0x53, 0xBD, 0x94, 0xB8, 0x9E, 0x48, 0x26, 0x81, 0x4C,
    0xE2, 0xAE, 0x48, 0x60, 0x6C, 0x0D, 0x37, 0x3C, 0xA2, 0xBE, 0x48, 0x96, 0x0F, 0x3F, 0x91, 0x0E,
    0x46, 0x0F, 0x7C, 0x4A, 0xF9, 0xAE, 0xAA, 0xB1, 0x1D, 0x36, 0xD2, 0xC5, 0x56, 0xC7, 0x52, 0x61,
    0x84, 0xD3, 0x47, 0x78, 0x4B, 0xEC, 0xA6, 0x98, 0x65, 0xCD, 0x56, 0x25, 0xE7, 0xD1, 0x2A, 0xE5,
    0xAB, 0xDF, 0x96, 0x13, 0xD4, 0x91, 0x45, 0x36, 0x06, 0xA6, 0x0E, 0xDE, 0xC5, 0xD6, 0x10, 0x2B,
    0xCC, 0x00, 0xF2, 0xE6, 0xD8, 0xA7, 0x2B, 0xB0, 0xBF, 0xCC, 0x67, 0xDB, 0x07, 0x56, 0xEE, 0x11,
    0x98, 0x69, 0xDC, 0xD8, 0x1C, 0xBD, 0xD5, 0x48, 0x6C, 0x2D, 0x4C, 0x12, 0xBA, 0x6F, 0x37, 0x3D,
    0x3D, 0xD3, 0x88, 0xCF, 0xAC, 0x94, 0xD8, 0x00, 0x3D, 0x4F, 0x16, 0x8A, 0xAD, 0xD3, 0xBB, 0xDD,
    0xCF, 0x7E, 0x83, 0x4E, 0xAA, 0xC6, 0x5D, 0x81, 0x02, 0x2D, 0x5B, 0x35, 0xB9, 0x5B, 0x50, 0x6A,
    0x4E, 0x4E, 0xB1, 0x43, 0x31, 0x98, 0xD3, 0xEC, 0xE8, 0xC8, 0x9E, 0xBC, 0x6A, 0xD7, 0x5A, 0x2D,
    0xDB, 0xE9, 0x76, 0x39, 0x05, 0x35, 0x9D, 0x0A, 0xD7, 0x90, 0x7E, 0xAC, 0xD0, 0x0B, 0xD0, 0x9D,
    0x15, 0xFA, 0x36, 0xB4, 0x6C, 0xD5, 0xEF, 0x9E, 0x45, 0x5C, 0x4F, 0x15, 0x3C, 0x42, 0x6D, 0xB5,
    0x39, 0x0D, 0xCF, 0xE2, 0xBD, 0x32, 0xCF, 0xAA, 0x8A, 0x77, 0xDF, 0x1C, 0x2B, 0xF3, 0x96, 0x3B,
    0x48, 0xFD, 0x52, 0xFD, 0xE2, 0x43, 0xA7, 0xE4, 0x15, 0xA6, 0xFA, 0x99, 0xF1, 0x5A, 0xDE, 0xF0,
    0xE6, 0xC9, 0x78, 0x35, 0xAF, 0x7E, 0xEF, 0x14, 0x28, 0x70, 0x5C, 0x06, 0xEB, 0x59, 0xF6, 0xA9,
    0x9A, 0x42, 0x2D, 0x3B, 0x0B, 0x6A, 0xAC, 0xDA, 0xDB, 0x5A, 0xF6, 0xA0, 0xD5, 0x25, 0x72, 0x6F,
    0x07, 0xB7, 0xA4, 0x63, 0xCD, 0x0E, 0x26, 0x51, 0x50, 0x4A, 0x13, 0x2F, 0x71, 0x83, 0x0C, 0x2F,
    0x6B, 0xF6, 0x3B, 0x17, 0x3E, 0xB6, 0xE6, 0xD8, 0xBB, 0xBA, 0xB1, 0x16, 0x99, 0x71, 0x94, 0xFE,
    0xC8, 0x78, 0x1F, 0x3A, 0x92, 0xC1, 0x80, 0x11, 0x08, 0x67, 0xDF, 0x3F, 0xEC, 0x8F, 0x5E, 0x12,
    0xB3, 0x9A, 0x31, 0xC3, 0xFD, 0x48, 0xB3, 0x66, 0x58, 0x04, 0x63, 0xFB, 0xFC, 0x73, 0x19, 0xC3,
    0x6A, 0xE7, 0x2C, 0x94, 0xD9, 0xD9, 0x1C, 0xBF, 0x0C, 0x8B, 0x05, 0xF2, 0x15, 0x79, 0x68, 0x7C,
    0x7F, 0xBB, 0x0B, 0x33, 0x84, 0xDA, 0x42, 0xDE, 0x00, 0xDA, 0x07, 0xBB, 0x03, 0x56, 0x3F, 0x69,
    0x36, 0x86, 0xB3, 0x8D, 0x1D, 0x59, 0x8D, 0xFC, 0xDE, 0x6A, 0x61, 0x07, 0x65, 0x83, 0x82, 0x56,
    0x34, 0x98, 0x03, 0xA5, 0x37, 0x6F, 0x70, 0x17, 0x40, 0x33, 0x66, 0x1C, 0xDA, 0x1F, 0x89, 0xAB,
    0x63, 0x47, 0x80, 0x2B, 0xF6, 0x74, 0xB1, 0x7C, 0x20, 0x46, 0x12, 0xB6, 0xEB, 0x73, 0x71, 0xD1,
    0x90, 0x23, 0xC5, 0xF9, 0x89, 0xD9, 0x19, 0x1C, 0x73, 0xB4, 0x24, 0xEC, 0xDC, 0xF4, 0x59, 0xF6,
    0x7C, 0x3A, 0x5E, 0x8A, 0x97, 0x37, 0x26, 0xCA, 0xFF, 0x30, 0x57, 0xAA, 0xFC, 0xDA, 0xC3, 0x17,
    0x6D, 0xC1, 0x3E, 0x5D, 0x5B, 0xB0, 0xBF, 0xB8, 0x8C, 0xE5, 0xD0, 0x17, 0x14, 0x16, 0xEB, 0x85,
    0xD6, 0xD8, 0xB5, 0x75, 0x31, 0x5D, 0xF6, 0xB4, 0x47, 0xEC, 0xDA, 0x9C, 0xE7, 0xC9, 0x0E, 0x97,
    0xB5, 0x91, 0x68, 0x2D, 0x67, 0x39, 0xF7, 0x01, 0x7E, 0x69, 0x12, 0xC5, 0x6B, 0xEE, 0x14, 0x25,
    0xE7, 0x1B, 0xED, 0xA2, 0xE4, 0x6C, 0xA3, 0x67, 0x94, 0x98, 0xCB, 0x68, 0x1C, 0xA5, 0x67, 0xBA,
    0x3A, 0x7A, 0x63, 0xAC, 0x74, 0xB6, 0x32, 0xF7, 0x91, 0xE2, 0x35, 0x37, 0x93, 0x62, 0x1B, 0x8D,
    0x3B, 0x4A, 0x0D, 0x9C, 0xF6, 0x7F, 0xCC, 0xA4, 0x6D, 0x97, 0x74, 0x2A, 0xE2, 0x73, 0x2B, 0xCE,
    0x5C, 0x9C, 0x59, 0xEE, 0x56, 0x84, 0x7D, 0x94, 0x7E, 0x45, 0xD8, 0x47, 0xE9, 0x58, 0x84, 0x7D,
    0xD4, 0xEC, 0x5A, 0x46, 0x49, 0xE7, 0xCD, 0x60, 0xEE, 0x5B, 0xA4, 0x61, 0x23, 0x13, 0xF4, 0x83,
    0x0A, 0x94, 0x93, 0x9B, 0xF3, 0x82, 0x91, 0x2F, 0x1A, 0x2C, 0x7E, 0xC2, 0x06, 0x8B, 0x5F, 0x30,
    0x91, 0x4F, 0xC0, 0x44, 0xD2, 0xE0, 0x9C, 0xA7, 0x73, 0x74, 0xCE, 0x59, 0x48, 0x17, 0xE6, 0xA4,
    0xB9, 0xD7, 0x53, 0x6B, 0x76, 0xB7, 0xB6, 0xFF, 0x7F, 0x95, 0x62, 0x7D, 0x1C, 0x1C, 0xEA, 0x7F,
    0xA5, 0x3D, 0xF8, 0xD6, 0xA4, 0xD8, 0x75, 0x3D, 0x73, 0x0F, 0x1C, 0xC2, 0x27, 0x3D, 0x53, 0x2B,
    0x3D, 0xF8, 0xD0, 0xC4, 0x42, 0xF4, 0x5A, 0xC2, 0x41, 0x2E, 0x3D, 0xF8, 0x5E, 0xDC, 0xD8, 0xA5,
    0x00, 0xEA, 0x13, 0xD5, 0x50, 0xDC, 0x91, 0x87, 0xD4, 0xF7, 0xE3, 0xEB, 0x9C, 0x22, 0x9B, 0xBA,
    0x35, 0x09, 0x7B, 0xF9, 0x3C, 0xF7, 0x16, 0xD4, 0xC3, 0xAC, 0x6B, 0xB5, 0x2B, 0xD2, 0xD5, 0x9B,
    0x15, 0xA9, 0xEF, 0xC1, 0x87, 0xB5, 0x7A, 0x5A, 0x42, 0x1E, 0xF7, 0x69, 0xD6, 0xC9, 0x63, 0x1F,
    0xEC, 0x38, 0x6F, 0x27, 0x4E, 0xE2, 0x59, 0xFC, 0xC1, 0x2E, 0x0D, 0x57, 0x1B, 0xE1, 0x60, 0xD7,
    0xD2, 0xD0, 0x18, 0x36, 0x42, 0x7B, 0x42, 0x3E, 0x1B, 0x1F, 0x6C, 0x7B, 0x18, 0x03, 0x87, 0xC0,
    0x21, 0x15, 0x73, 0xE0, 0x79, 0xF8, 0xAF, 0x8C, 0xB3, 0x0D, 0xD8, 0x95, 0x2B, 0x07, 0x5B, 0xD2,
    0x94, 0xD9, 0x2E, 0x10, 0x2F, 0x1C, 0xA1, 0xB4, 0x39, 0xEA, 0x3B, 0x95, 0xE4, 0x32, 0x0D, 0x82,
    0x54, 0xE4, 0xE0, 0x18, 0xC1, 0x2A, 0xE9, 0x34, 0xA9, 0xF3, 0xBA, 0x90, 0x77, 0xDF, 0xE1, 0xD5,
    0x9A, 0x06, 0x37, 0xF3, 0x25, 0x9D, 0x01, 0x5A, 0x60, 0xA8, 0x4E, 0xBC, 0x7B, 0x35, 0xA5, 0xFA,
    0x5B, 0x97, 0xD2, 0xA9, 0xA7, 0x32, 0x48, 0xA6, 0x9E, 0x28, 0xA3, 0x56, 0x81, 0xF7, 0x89, 0x49,
    0xF4, 0xA2, 0x4E, 0x5A, 0xCB, 0x65, 0x18, 0x7B, 0xC1, 0x68, 0x41, 0x2E, 0x8E, 0x00, 0xA8, 0x4E,
    0xBD, 0xA0, 0xB7, 0xA0, 0xC7, 0xEB, 0xE5, 0xE4, 0xE7, 0xAB, 0x7F, 0xC7, 0x24, 0xB3, 0xFB, 0x1B,
    0x7B, 0xF6, 0x9F, 0xB6, 0xF8, 0x91, 0x1B, 0xC0, 0x1B, 0xD2, 0x39, 0xE0, 0x89, 0x61, 0x4B, 0x1C,
    0xD0, 0x4A, 0x0E, 0x35, 0x9F, 0xFF, 0x3D, 0x51, 0x00, 0x05, 0xEE, 0x02, 0x58, 0xF4, 0x6A, 0x85,
    0x18, 0xD0, 0x9B, 0xCA, 0x0D, 0x98, 0x66, 0xA9, 0xC9, 0x4F, 0xE2, 0x88, 0xB6, 0xC7, 0x6F, 0x13,
    0xAA, 0x2D, 0xD7, 0xDE, 0xEB, 0xD8, 0x99, 0x09, 0x33, 0x9B, 0x7B, 0x13, 0xE5, 0x2C, 0x44, 0x21,
    0xDF, 0xAB, 0x11, 0x22, 0x73, 0x3D, 0x30, 0xB1, 0x5C, 0x5B, 0x4B, 0xB7, 0xCD, 0x80, 0x58, 0x2F,
    0xAE, 0xA5, 0xD6, 0xF5, 0x24, 0x1C, 0x75, 0x60, 0x82, 0x06, 0x5A, 0xAD, 0x30, 0x32, 0xCE, 0x41,
    0x08, 0x0B, 0x41, 0xBA, 0x6D, 0xA6, 0xE6, 0x1D, 0x75, 0x29, 0x0C, 0xD5, 0xEE, 0x7C, 0x0D, 0x43,
    0x3B, 0x97, 0xEA, 0xF8, 0x1E, 0x0C, 0x92, 0x41, 0x81, 0xD0, 0xC1, 0x77, 0xE6, 0x26, 0x26, 0xA7,
    0x8D, 0xB9, 0x49, 0xA2, 0x20, 0x02, 0x0F, 0x8E, 0xCA, 0xD1, 0x78, 0x20, 0xF3, 0x49, 0x8E, 0xDE,
    0x2A, 0x07, 0x70, 0x4D, 0xB9, 0xCF, 0x42, 0x05, 0x57, 0xB5, 0xA2, 0x2B, 0x1A, 0xD2, 0x59, 0x90,
    0x54, 0x7D, 0xD8, 0x63, 0x61, 0x66, 0xE5, 0xA8, 0x7E, 0x5D, 0x61, 0x2D, 0x69, 0x8C, 0x27, 0x91,
    0xCA, 0xAC, 0x6B, 0x97, 0xBA, 0x26, 0xF3, 0x43, 0x4D, 0xCD, 0xEA, 0xD4, 0x18, 0x35, 0x34, 0x8B,
    0xDD, 0x18, 0x35, 0x33, 0xAD, 0xDE, 0xFD, 0x8B, 0xC0, 0xC8, 0x2C, 0xBC, 0x89, 0x79, 0x28, 0x9C,
    0x81, 0xB9, 0xE8, 0xFD, 0xAD, 0x79, 0x79, 0xD0, 0x35, 0x8C, 0xCB, 0x22, 0x30, 0x2D, 0x8B, 0xC0,
    0xB0, 0x2C, 0xD4, 0xAC, 0xBC, 0x31, 0x27, 0x27, 0x95, 0x92, 0x61, 0x2D, 0x02, 0x93, 0xB2, 0x08,
    0x0C, 0xCA, 0x1F, 0x05, 0xE6, 0x64, 0x10, 0x34, 0x28, 0x4C, 0x68, 0x4A, 0x86, 0x86, 0x64, 0xB0,
    0x6E, 0xA6, 0xB3, 0xE2, 0x6E, 0x75, 0xDE, 0x7C, 0xFF, 0x31, 0xE8, 0x30, 0x51, 0x49, 0x7A, 0x6D,
    0x0D, 0xB5, 0x52, 0xD6, 0x9C, 0x3B, 0x9D, 0x6B, 0x8B, 0xF1, 0xC2, 0x1C, 0xF2, 0x59, 0x25, 0xBB,
    0xF1, 0xEA, 0xA3, 0xBD, 0xFB, 0xB3, 0xB3, 0xE2, 0xF0, 0x99, 0xE1, 0xAD, 0xD9, 0x29, 0x4B, 0xD5,
    0x87, 0xB3, 0xE0, 0x70, 0xE1, 0xCE, 0x33, 0x30, 0x0B, 0x67, 0x96, 0xB1, 0x30, 0x09, 0x17, 0x49,
    0x30, 0x26, 0xB5, 0x72, 0x63, 0xAD, 0x80, 0x70, 0x48, 0x89, 0x42, 0xB9, 0x34, 0x1B, 0xA7, 0xCD,
    0xCD, 0xD5, 0x04, 0x6C, 0xB8, 0xF0, 0x8A, 0x9B, 0xC3, 0x8F, 0x51, 0xEE, 0xD6, 0xA7, 0x59, 0x47,
    0x62, 0x3E, 0x92, 0xF3, 0x5E, 0xD0, 0x53, 0x8C, 0xC4, 0x49, 0x77, 0xEA, 0x58, 0xE2, 0x00, 0x62,
    0xD6, 0xA9, 0xC8, 0xFA, 0xA4, 0x5D, 0xD2, 0xE1, 0xC7, 0xDA, 0x64, 0x97, 0x9C, 0xC3, 0x4E, 0xF2,
    0x93, 0xEB, 0x63, 0x17, 0x71, 0x5F, 0xC1, 0x23, 0x24, 0xF2, 0xBE, 0x44, 0x61, 0xAE, 0x08, 0xFC,
    0x8C, 0xEE, 0x55, 0x69, 0xD7, 0xDD, 0xDE, 0xBC, 0xB1, 0xAA, 0x90, 0x3A, 0x24, 0xCD, 0xDB, 0xAA,
    0x9C, 0x53, 0x4A, 0x19, 0x67, 0x27, 0x2B, 0x90, 0x38, 0xA9, 0x4F, 0xA9, 0xC5, 0x5E, 0xEC, 0x53,
    0xC1, 0xA5, 0x93, 0xFB, 0x66, 0x0C, 0x04, 0xFF, 0xD7, 0x42, 0xC9, 0xFF, 0x64, 0x2C, 0xFA, 0x23,
    0xD9, 0x1F, 0x09, 0xFF, 0x58, 0x82, 0x7F, 0x6A, 0xE0, 0x96, 0xDF, 0xB0, 0xBB, 0x1B, 0xF4, 0x4D,
    0x8D, 0x3D, 0x17, 0x0D, 0x3A, 0x3F, 0x6A, 0x6B, 0xE3, 0xCC, 0xB9, 0xB5, 0xD1, 0xDD, 0x38, 0x33,
    0xD2, 0xD0, 0x8F, 0x1B, 0x1C, 0x67, 0xEC, 0x17, 0xD5, 0x1E, 0xC7, 0xD9, 0xDA, 0x38, 0x95, 0xD5,
    0x22, 0x8F, 0x32, 0x71, 0x3B, 0xDF, 0xE9, 0x98, 0xD3, 0x69, 0x5C, 0xB3, 0x63, 0x37, 0xD2, 0x80,
    0xFB, 0x1D, 0x67, 0xAB, 0x32, 0x22, 0xB4, 0x3C, 0xCE, 0x56, 0xCF, 0x2B, 0xF6, 0xC4, 0xBF, 0x9B,
    0xA1, 0x4F, 0x81, 0x05, 0xEB, 0xC9, 0xF5, 0x3E, 0xB6, 0xB7, 0x82, 0x7A, 0x2C, 0xED, 0x8F, 0x17,
    0x02, 0x5D, 0xA4, 0xAB, 0x31, 0x16, 0xDC, 0x9C, 0x28, 0x4B, 0xCD, 0x4F, 0xD6, 0x24, 0x08, 0xF9,
    0xD6, 0xBF, 0x5E, 0xE3, 0xBA, 0x90, 0x33, 0xB5, 0x2A, 0x06, 0x9B, 0x18, 0x8C, 0x7B, 0x2B, 0xC6,
    0x25, 0x70, 0xF1, 0xA6, 0x8C, 0xF1, 0x45, 0x15, 0xFD, 0xBB, 0x2F, 0xD0, 0xFF, 0x45, 0xF5, 0x17,
    0xAD, 0x5F, 0x14, 0x7E, 0xD1, 0xE9, 0x6F, 0x5F, 0xF8, 0xBD, 0x42, 0x3E, 0xC9, 0x0D, 0xF5, 0x48,
    0xA3, 0x12, 0x45, 0x5E, 0x74, 0x78, 0x51, 0xDF, 0x2B, 0xCE, 0x14, 0x2D, 0x24, 0x61, 0x54, 0xA1,
    0x13, 0xEA, 0xDB, 0x10, 0x4B, 0xA3, 0x26, 0xB7, 0x1B, 0xFB, 0xC8, 0x37, 0x8E, 0x23, 0x6D, 0xF0,
    0xA6, 0x4E, 0x1B, 0x1B, 0x4D, 0xEC, 0x43, 0xD5, 0x16, 0x5C, 0x5B, 0x14, 0xC3, 0xFA, 0xFB, 0x47,
    0xAF, 0x60, 0xFD, 0x78, 0xA5, 0x34, 0xB4, 0x36, 0xAD, 0xD1, 0x3C, 0xA9, 0x52, 0x4A, 0x6E, 0xE4,
    0x45, 0x95, 0x52, 0x22, 0x30, 0xD5, 0xF0, 0x89, 0xDA, 0x86, 0x5D, 0x95, 0xD2, 0x6C, 0x47, 0xAD,
    0x9A, 0xBA, 0xAC, 0xCD, 0xDA, 0x3A, 0xA5, 0xB4, 0x37, 0x27, 0x49, 0x31, 0xE8, 0x7A, 0xEA, 0xA0,
    0x83, 0x28, 0x95, 0x2A, 0xA5, 0x8D, 0x24, 0x18, 0xA0, 0x4B, 0x5A, 0x33, 0x06, 0x4A, 0x69, 0x7B,
    0x10, 0x37, 0xF5, 0xCA, 0xA6, 0x27, 0x2B, 0xA5, 0x62, 0x60, 0x32, 0xA9, 0x59, 0x75, 0x00, 0xA4,
    0xCB, 0xDE, 0xB6, 0xFD, 0x2C, 0x4A, 0x35, 0x85, 0x06, 0xE6, 0xE1, 0x6A, 0x94, 0x6A, 0xBB, 0xB6,
    0x96, 0x03, 0xDB, 0x29, 0x87, 0x4A, 0x0A, 0x24, 0x28, 0xE9, 0xC8, 0x92, 0x4D, 0xD6, 0x38, 0xB6,
    0xB2, 0x06, 0x3E, 0xC4, 0xC0, 0x81, 0xC7, 0x58, 0xF8, 0x1E, 0x4E, 0x6B, 0xC8, 0x03, 0x8F, 0x6E,
    0x9D, 0x71, 0x6D, 0xEA, 0xC0, 0x59, 0xF9, 0x9B, 0x63, 0x8D, 0xF6, 0x71, 0x5F, 0x55, 0xCE, 0x38,
    0x1C, 0xFB, 0x5F, 0xBA, 0xA6, 0xE4, 0x5C, 0x49, 0x0A, 0x3C, 0x6D, 0x6C, 0x94, 0x41, 0x0C, 0x6D,
    0x5C, 0x47, 0x0A, 0x2C, 0xED, 0x5C, 0x46, 0xCA, 0x9E, 0x48, 0xAE, 0x22, 0x05, 0x8E, 0xFA, 0x93,
    0x3F, 0x41, 0x5C, 0x24, 0xE5, 0x4E, 0x99, 0x5B, 0xA7, 0x4B, 0xC0, 0xF5, 0x9E, 0x3A, 0x37, 0x88,
    0x86, 0x73, 0x9B, 0xC7, 0x2F, 0xE4, 0x54, 0xB5, 0x7A, 0xF4, 0x7A, 0x3D, 0x67, 0x92, 0xEB, 0xC3,
    0x4C, 0x5B, 0x6B, 0x8B, 0x71, 0xF6, 0xB2, 0x45, 0x4E, 0x5F, 0x2E, 0x8B, 0x89, 0xDF, 0xB2, 0x27,
    0x50, 0x16, 0xF9, 0x92, 0xEA, 0x22, 0x71, 0x8B, 0x4D, 0x4F, 0xE2, 0xAE, 0x67, 0x71, 0xD0, 0xD3,
    0x38, 0xE8, 0x79, 0xEC, 0xF5, 0x44, 0xF6, 0x7A, 0x26, 0x07, 0x3D, 0x95, 0x46, 0x2C, 0xEA, 0x74,
    0x17, 0x73, 0x1A, 0x0E, 0x35, 0x92, 0xF3, 0x9A, 0x4F, 0xE9, 0xF2, 0x52, 0x72, 0x35, 0xB6, 0x23,
    0x09, 0x2C, 0x8F, 0x7C, 0x3A, 0xBF, 0x7A, 0xBF, 0xEA, 0xF5, 0x6B, 0x89, 0x3B, 0x92, 0xA7, 0xFA,
    0x24, 0x30, 0x57, 0x93, 0xA7, 0x85, 0x34, 0x26, 0xC8, 0xE4, 0x9A, 0x9E, 0x5D, 0xF5, 0x75, 0xEE,
    0xA5, 0x3E, 0x72, 0x30, 0xA7, 0xF1, 0x11, 0xDD, 0xD6, 0x9E, 0x85, 0x97, 0xA8, 0xC2, 0x9C, 0x54,
    0x8D, 0x6A, 0xA2, 0x22, 0xF9, 0x7C, 0x42, 0x61, 0x10, 0xA5, 0x6E, 0x19, 0xF3, 0x1E, 0x97, 0xD3,
    0x3C, 0xA8, 0x46, 0x56, 0x7D, 0x6B, 0x51, 0x49, 0xA4, 0x53, 0x37, 0x5D, 0xAD, 0xE5, 0x73, 0xB3,
    0xA3, 0xEC, 0xDF, 0xFE, 0x7B, 0x7B, 0x94, 0xCE, 0x52, 0x23, 0x11, 0xCF, 0xBB, 0xCE, 0xFD, 0xA5,
    0x59, 0x71, 0x9A, 0x00, 0xE9, 0x1A, 0x18, 0x5C, 0x0A, 0x9E, 0x0D, 0xE6, 0x56, 0xFE, 0x81, 0x92,
    0xC4, 0x5D, 0x40, 0x2F, 0x35, 0x34, 0xBB, 0x8B, 0xFC, 0xCE, 0xF5, 0xBC, 0xBB, 0xDC, 0x8E, 0x6D,
    0xD0, 0xD8, 0x99, 0x55, 0xE2, 0xB8, 0xC4, 0x59, 0xE3, 0xE6, 0x4B, 0xAD, 0x00, 0x92, 0xAB, 0x77,
    0x17, 0x5E, 0xB7, 0xB2, 0x6D, 0x77, 0x0A, 0x5E, 0x71, 0x12, 0xC0, 0xD8, 0x47, 0xCF, 0x05, 0xC8,
    0x36, 0xF6, 0xE2, 0xEF, 0x2A, 0xF5, 0x46, 0x06, 0xC0, 0x84, 0x40, 0x19, 0xE2, 0xEC, 0xE7, 0x7A,
    0xA8, 0x5D, 0xCE, 0x57, 0xC6, 0xED, 0x91, 0x85, 0x09, 0x3D, 0x7D, 0x1E, 0xE7, 0xFA, 0xB4, 0x40,
    0x15, 0x46, 0xC2, 0xAA, 0x31, 0x06, 0x06, 0x61, 0x54, 0xCD, 0x83, 0xCA, 0x39, 0x66, 0x5F, 0x35,
    0xE6, 0x4D, 0x07, 0x7C, 0xC8, 0x74, 0x39, 0x88, 0x63, 0xAD, 0x34, 0x9A, 0xB0, 0x40, 0x64, 0x62,
    0x7C, 0x2A, 0x03, 0xC8, 0x47, 0x54, 0x6A, 0x62, 0x55, 0x47, 0xCF, 0xCC, 0x92, 0xCA, 0x65, 0x99,
    0x91, 0x8A, 0x78, 0x14, 0x76, 0x86, 0xC8, 0x95, 0x3A, 0xCC, 0xEA, 0x0F, 0x36, 0x07, 0xBC, 0x68,
    0x8E, 0xD6, 0x16, 0x72, 0x40, 0xD7, 0x2A, 0x40, 0x88, 0x2F, 0x15, 0x60, 0xF3, 0x94, 0x01, 0x99,
    0x20, 0xC1, 0x80, 0x44, 0x23, 0x9C, 0x95, 0xA7, 0x80, 0xD3, 0xF6, 0x42, 0x3B, 0x0F, 0x80, 0xD3,
    0xF6, 0xE2, 0xFE, 0x61, 0x9F, 0x16, 0x78, 0x9C, 0xA4, 0x1A, 0xCA, 0x7D, 0x57, 0x32, 0x86, 0x86,
    0xB7, 0x3B, 0xF5, 0xEE, 0xE0, 0x28, 0x9A, 0xAC, 0x8A, 0xDD, 0x4D, 0xB5, 0x32, 0x89, 0xD2, 0x33,
    0x25, 0x79, 0xED, 0x4E, 0x48, 0x98, 0x65, 0x77, 0xFA, 0x9C, 0xA3, 0x6C, 0x2B, 0x18, 0x0E, 0x2A,
    0x6A, 0x49, 0x93, 0xAB, 0x77, 0xAF, 0xC6, 0x09, 0x8D, 0xF3, 0xE4, 0x8A, 0x3D, 0x98, 0x5C, 0xB1,
    0x07, 0x93, 0x2B, 0xF6, 0x60, 0x72, 0xC5, 0x1E, 0x4C, 0xAE, 0xD8, 0xBD, 0xBD, 0x37, 0xED, 0x3E,
    0x49, 0x6F, 0xDD, 0x2F, 0x47, 0xD8, 0xFB, 0x60, 0x1D, 0x8C, 0x47, 0x8A, 0x52, 0x8D, 0xD3, 0xFD,
    0x8B, 0xA1, 0x60, 0x9F, 0xF9, 0x50, 0xB0, 0x2F, 0x06, 0x72, 0x25, 0x9F, 0x66, 0x20, 0xD7, 0x17,
    0x31, 0x99, 0xDF, 0xD7, 0xA1, 0x57, 0x5F, 0x04, 0x82, 0x7E, 0x37, 0x87, 0x4C, 0x7D, 0x31, 0xD4,
    0xE9, 0x33, 0x1E, 0xEA, 0x34, 0x90, 0xA7, 0x47, 0x04, 0xA3, 0xE5, 0x8B, 0x2F, 0x38, 0xC0, 0xEE,
    0xF9, 0xAF, 0x1D, 0xD0, 0xCE, 0xDC, 0x83, 0xAC, 0xE5, 0xCA, 0x61, 0x76, 0x2E, 0xA1, 0xB3, 0xA1,
    0x65, 0xC7, 0x24, 0xDD, 0x0A, 0x23, 0xED, 0x6F, 0x2B, 0x1E, 0xEF, 0x82, 0x72, 0x40, 0xCA, 0x8F,
    0xAF, 0xD9, 0x25, 0x45, 0x5A, 0x7B, 0x97, 0x9A, 0xBD, 0x7F, 0x81, 0xEA, 0x31, 0x60, 0x07, 0x50,
    0xF9, 0x64, 0x4D, 0xA2, 0xE1, 0xA5, 0x84, 0x3C, 0x83, 0xED, 0x81, 0xE2, 0x7E, 0x54, 0x27, 0x40,
    0x04, 0x7A, 0xA0, 0x2E, 0x3F, 0x04, 0xF0, 0x20, 0x1A, 0x8B, 0x8F, 0xFB, 0x13, 0xCE, 0x2C, 0x5B,
    0xF4, 0x92, 0x74, 0xC7, 0x31, 0x28, 0xEC, 0x30, 0xDD, 0x20, 0xDB, 0x5D, 0x7D, 0x65, 0xFB, 0xBC,
    0x73, 0xF7, 0x0C, 0x93, 0x05, 0x66, 0x87, 0x0D, 0x0B, 0x1C, 0x1C, 0x93, 0x8F, 0xF2, 0x54, 0xC2,
    0x3A, 0xB6, 0xCA, 0x44, 0xC5, 0x9C, 0x87, 0x6B, 0x05, 0x9A, 0xC3, 0xF5, 0xE4, 0xE8, 0xAA, 0xBB,
    0xA5, 0x4D, 0xA7, 0xF4, 0x3F, 0x52, 0xA6, 0x07, 0xCC, 0x7D, 0x21, 0x16, 0x7B, 0xB2, 0x48, 0x3F,
    0x90, 0x01, 0x49, 0x96, 0x19, 0xD5, 0x93, 0x54, 0xA7, 0x94, 0x90, 0x7F, 0x22, 0x94, 0x57, 0xF6,
    0xDD, 0x09, 0x7D, 0xD5, 0x53, 0xF3, 0xDD, 0xB9, 0xF9, 0x60, 0xA9, 0x46, 0x20, 0xFC, 0x5F, 0x8D,
    0x79, 0x6D, 0xAD, 0xD0, 0x4A, 0xA7, 0x7A, 0xDF, 0x90, 0x1B, 0x6C, 0x64, 0x74, 0xF7, 0x73, 0x46,
    0x9F, 0x69, 0x39, 0x0F, 0xDC, 0xDA, 0x63, 0xA3, 0xA6, 0x12, 0x54, 0x74, 0x9F, 0x5A, 0x5C, 0x7E,
    0x54, 0xC0, 0x04, 0x87, 0x3A, 0x75, 0x58, 0xA3, 0x2A, 0x25, 0x83, 0x99, 0x00, 0x48, 0x4B, 0x22,
    0x44, 0xE3, 0xF1, 0x55, 0xE9, 0x27, 0xCB, 0xD1, 0x95, 0x5C, 0xC9, 0x67, 0x34, 0xED, 0xC0, 0xAD,
    0x53, 0xFC, 0x4E, 0x65, 0xB4, 0xAB, 0x5F, 0x67, 0x26, 0x30, 0x1E, 0xFA, 0xB7, 0xC3, 0x4C, 0xA4,
    0x31, 0x40, 0x70, 0x60, 0x60, 0x84, 0xEB, 0x30, 0xF3, 0xA8, 0x19, 0x2F, 0xF3, 0x94, 0xE5, 0x62,
    0x65, 0xCC, 0xCA, 0xD1, 0x21, 0xCA, 0x09, 0x35, 0x86, 0x70, 0x4C, 0x46, 0x65, 0x67, 0x0C, 0xB7,
    0x3F, 0xB6, 0x12, 0xC7, 0x18, 0xC2, 0xB0, 0xDD, 0xDA, 0x66, 0xDD, 0x81, 0xE0, 0xEF, 0xAC, 0x50,
    0x3A, 0x09, 0xBF, 0xEF, 0x4D, 0xD0, 0x39, 0x7B, 0x70, 0xBE, 0x9D, 0x14, 0x00, 0xC2, 0xEE, 0xDB,
    0xF6, 0x88, 0x52, 0x15, 0x92, 0xFD, 0x1D, 0xCF, 0x52, 0xD6, 0xFF, 0xCE, 0xB8, 0x7D, 0xAE, 0xE2,
    0x1E, 0xFA, 0x2F, 0x71, 0x10, 0x67, 0x97, 0x50, 0x85, 0x14, 0xFC, 0x4B, 0x9B, 0x11, 0x26, 0x60,
    0x44, 0x28, 0xD4, 0x61, 0xCC, 0xFE, 0x12, 0xA6, 0xD7, 0x4E, 0x97, 0xC4, 0x08, 0x77, 0x2F, 0xC8,
    0xF4, 0xB3, 0xB1, 0x71, 0xF6, 0x99, 0x2E, 0x43, 0x1E, 0xB0, 0x7A, 0x0E, 0xB0, 0xFA, 0xF3, 0xBF,
    0x02, 0x51, 0x5C, 0x5D, 0x4C, 0x88, 0xFA, 0x36, 0x17, 0xE2, 0x11, 0xA2, 0x7E, 0x21, 0xCB, 0x84,
    0x05, 0x16, 0xBF, 0x9A, 0xFF, 0x74, 0x4E, 0x9E, 0xCA, 0x79, 0xA0, 0xD4, 0x37, 0xCC, 0x0F, 0x29,
    0x0A, 0xD2, 0x22, 0xA8, 0x63, 0x28, 0xBF, 0x0D, 0x88, 0x1A, 0x0C, 0xD5, 0xBE, 0x03, 0x51, 0xF7,
    0x30, 0x3A, 0x03, 0x88, 0x2A, 0x0C, 0x18, 0x3E, 0x21, 0x4A, 0x5B, 0xC9, 0x31, 0x3D, 0xB8, 0xFE,
    0xF8, 0x5E, 0x22, 0xA0, 0x93, 0xA3, 0xCA, 0x84, 0xA3, 0x2E, 0xFF, 0x0C, 0xF7, 0xD5, 0xCC, 0xD0,
    0x67, 0x9D, 0xF4, 0x18, 0xDE, 0x71, 0xCB, 0xEA, 0x61, 0x90, 0x45, 0xEE, 0xC5, 0x4B, 0x3F, 0x5F,
    0x52, 0x1A, 0x90, 0x5B, 0xBC, 0xA0, 0xD9, 0xD4, 0x40, 0xA3, 0xAF, 0x88, 0x8C, 0x0E, 0x34, 0xB1,
    0x84, 0xCB, 0x92, 0x8F, 0x54, 0x80, 0x00, 0xDE, 0x58, 0xCD, 0xED, 0x71, 0xE8, 0xC0, 0x19, 0xF3,
    0xDD, 0xEA, 0x51, 0x1D, 0xF3, 0x45, 0xCC, 0x36, 0x61, 0xAE, 0xD8, 0xEE, 0xF6, 0xE7, 0x03, 0x3B,
    0xF6, 0x06, 0x86, 0xC9, 0xA8, 0x1F, 0xD1, 0xD6, 0xBD, 0xE5, 0xF2, 0xDD, 0x1D, 0x23, 0xA6, 0x5E,
    0x22, 0x73, 0x70, 0x4D, 0xD2, 0xE7, 0xC0, 0x0B, 0x27, 0x74, 0x84, 0x27, 0xEC, 0x94, 0xB4, 0x6C,
    0x17, 0xC2, 0x0E, 0x7C, 0x52, 0xCC, 0xDF, 0xEC, 0xB6, 0xEC, 0xE5, 0xBA, 0xB9, 0xAA, 0x82, 0xE9,
    0x15, 0x89, 0xC2, 0x52, 0x81, 0x0B, 0x3F, 0x18, 0x55, 0x40, 0xF4, 0x41, 0x7E, 0x95, 0x8F, 0x8E,
    0xED, 0x52, 0x64, 0xC8, 0xF1, 0x76, 0xC9, 0xF6, 0x52, 0xF1, 0x4B, 0xC7, 0x64, 0xF2, 0x49, 0x78,
    0x47, 0x27, 0xFD, 0xBD, 0x86, 0x00, 0x1B, 0x47, 0x69, 0x27, 0xF1, 0xB4, 0x93, 0x78, 0xDA, 0x61,
    0xEC, 0xC8, 0x08, 0x32, 0xC2, 0x8E, 0xF4, 0x20, 0x25, 0xEC, 0x30, 0x23, 0x05, 0x76, 0x58, 0xC8,
    0x81, 0x85, 0x19, 0x14, 0xD1, 0x81, 0x83, 0xED, 0x90, 0x23, 0x38, 0x64, 0xD4, 0x7D, 0xB5, 0x63,
    0xDA, 0x59, 0xEF, 0xC1, 0xB7, 0x44, 0x04, 0xB3, 0x22, 0xDA, 0x95, 0xCA, 0x92, 0xF4, 0xD2, 0xFB,
    0x7E, 0x29, 0x5C, 0x20, 0x5C, 0x1E, 0xDD, 0x52, 0x99, 0xC9, 0xEA, 0xB9, 0xF6, 0xE6, 0x83, 0xD7,
    0x5B, 0x92, 0xF9, 0xC1, 0x6D, 0x4E, 0x37, 0x19, 0x0E, 0xAE, 0xB8, 0xB9, 0xF5, 0x8E, 0xDD, 0xDA,
    0x17, 0xD2, 0x66, 0x8C, 0x25, 0x2F, 0x52, 0xC7, 0x40, 0xA2, 0x8E, 0x81, 0x40, 0x1D, 0x09, 0x2B,
    0x82, 0x73, 0xA0, 0xE5, 0x79, 0xD1, 0xA9, 0x08, 0x2F, 0xFF, 0xE2, 0x7B, 0xB1, 0x56, 0xBF, 0xA4,
    0x4F, 0xBF, 0xC4, 0x98, 0xF9, 0xF1, 0xCA, 0x89, 0x91, 0x84, 0x9A, 0x67, 0xD6, 0xFB, 0xD8, 0x08,
    0xC2, 0x0D, 0x7A, 0xFC, 0xF4, 0xCC, 0xDC, 0x53, 0x12, 0xF6, 0xB5, 0xC3, 0x4E, 0x4E, 0xFD, 0x8F,
    0x80, 0x1E, 0xEA, 0xB3, 0x57, 0x0A, 0x7E, 0x8C, 0xA5, 0x65, 0xC5, 0xCA, 0x60, 0xD8, 0x20, 0xE5,
    0x87, 0xDA, 0xDC, 0xD0, 0x90, 0xD2, 0xDE, 0x2C, 0x28, 0x35, 0x0E, 0x85, 0x9E, 0xCB, 0x04, 0xA8,
    0x7E, 0xFE, 0xB2, 0x8B, 0x2A, 0x55, 0x41, 0x32, 0x46, 0x15, 0x4C, 0xE2, 0x48, 0x5F, 0x0E, 0x95,
    0xFB, 0xFB, 0xB1, 0x72, 0x1F, 0x70, 0xEE, 0x26, 0x78, 0x23, 0xEA, 0xFF, 0xFD, 0xC7, 0x57, 0xD5,
    0x95, 0x90, 0x5B, 0xC5, 0x0C, 0x8B, 0x62, 0xB9, 0xA2, 0xB1, 0x88, 0x1B, 0x41, 0x54, 0x96, 0x7A,
    0xC3, 0xC4, 0x20, 0xD1, 0x59, 0x86, 0x23, 0xD2, 0x8E, 0x7B, 0x16, 0x77, 0xD4, 0x5F, 0xA5, 0x63,
    0x4C, 0xBF, 0x47, 0x49, 0x2F, 0x54, 0xD8, 0x05, 0x14, 0x7C, 0x13, 0xDC, 0x65, 0x90, 0x73, 0x5A,
    0x51, 0x10, 0xFB, 0x2B, 0xF7, 0xA8, 0x17, 0xA9, 0x45, 0x51, 0x39, 0x91, 0xD5, 0xA5, 0x9A, 0x4B,
    0x3E, 0xE7, 0x6B, 0x69, 0x26, 0x61, 0x67, 0x39, 0x9A, 0xF0, 0xD1, 0x07, 0x08, 0xEB, 0x29, 0x05,
    0x27, 0xDE, 0x99, 0x34, 0x13, 0xC0, 0x24, 0xCD, 0x9E, 0x4F, 0x55, 0x50, 0x96, 0x65, 0x85, 0xB5,
    0x40, 0xA4, 0x9A, 0xFB, 0xF7, 0x88, 0x1B, 0x95, 0x0E, 0x22, 0xAF, 0x4B, 0xED, 0x76, 0x2F, 0x31,
    0xEF, 0x5A, 0x31, 0xE2, 0xA0, 0x16, 0xBD, 0x50, 0x4E, 0xDE, 0xAE, 0x5A, 0x83, 0xCC, 0x83, 0x1B,
    0xFB, 0x73, 0x8B, 0xB8, 0x83, 0x4A, 0xDC, 0xE3, 0x63, 0xF9, 0xD8, 0x32, 0x6D, 0xFE, 0xF7, 0xE5,
    0xE4, 0x2E, 0x37, 0xA1, 0x6E, 0xD0, 0x81, 0x55, 0x9B, 0x17, 0x1C, 0xE0, 0xB6, 0xE7, 0x20, 0xCA,
    0x0D, 0x3F, 0xB8, 0x68, 0x37, 0x07, 0x05, 0x9C, 0x3E, 0x79, 0x10, 0xFD, 0x06, 0xFA, 0xE4, 0x41,
    0x15, 0x1C, 0x8C, 0x4F, 0x72, 0x1A, 0x8E, 0xD5, 0x27, 0x0F, 0xAA, 0xE2, 0xD0, 0x5D, 0x0F, 0xAA,
    0xE3, 0xA0, 0x87, 0x88, 0x28, 0x39, 0xAC, 0x28, 0x8A, 0x96, 0x53, 0x6F, 0xF2, 0x3D, 0xD0, 0x27,
    0x27, 0x2D, 0xD9, 0x06, 0xBA, 0x0E, 0x96, 0x59, 0x09, 0x40, 0x7A, 0x4E, 0xBB, 0xA9, 0xE6, 0x62,
    0x95, 0xA4, 0xD6, 0xFC, 0xD5, 0xE8, 0x3C, 0x03, 0xED, 0xCB, 0x4E, 0x8F, 0xA9, 0xD7, 0xF6, 0x3B,
    0x4E, 0x61, 0xC9, 0x4C, 0xFB, 0x62, 0xD0, 0xE1, 0x7B, 0x38, 0x78, 0x40, 0x4A, 0xB3, 0x94, 0x89,
    0x1E, 0xFC, 0xD9, 0xB2, 0xCF, 0xFE, 0x65, 0x8F, 0x44, 0x73, 0x5B, 0x9F, 0xE4, 0xC9, 0x16, 0x09,
    0x8F, 0xB1, 0x63, 0x19, 0x04, 0x3B, 0x79, 0x22, 0x76, 0x23, 0x4D, 0x60, 0x0A, 0x74, 0xEE, 0x5D,
    0x12, 0xC1, 0x6B, 0xB3, 0x65, 0xFB, 0x00, 0x95, 0x18, 0x98, 0xED, 0x69, 0x90, 0xDD, 0x33, 0x46,
    0x71, 0x6B, 0x70, 0xCF, 0x5E, 0xB0, 0x4B, 0xAE, 0x93, 0x81, 0x32, 0x87, 0x18, 0xBF, 0xB0, 0x23,
    0x0F, 0x12, 0x25, 0xEB, 0xC4, 0x9F, 0x60, 0x25, 0x48, 0x3B, 0x69, 0xF2, 0xCA, 0x40, 0x52, 0x88,
    0xB0, 0xFC, 0x44, 0xC7, 0x81, 0xDB, 0x56, 0xF4, 0xF6, 0x13, 0xA5, 0x71, 0x0D, 0xDD, 0x9F, 0xB2,
    0xDA, 0x43, 0x65, 0xAF, 0xA4, 0xD6, 0xD2, 0xD7, 0x10, 0xAE, 0x8F, 0x90, 0x28, 0x27, 0xB1, 0x7F,
    0x2D, 0x6A, 0xAD, 0x88, 0x1F, 0xD4, 0x34, 0x66, 0xCE, 0x3C, 0xD0, 0x8F, 0x0C, 0x4A, 0x93, 0x07,
    0x4D, 0xAB, 0xE1, 0x96, 0x5D, 0x8D, 0x30, 0x0C, 0x1E, 0x42, 0x38, 0x08, 0xB7, 0x15, 0xED, 0x7C,
    0x08, 0x3D, 0x08, 0x66, 0x19, 0x02, 0xB5, 0xDE, 0x84, 0xB9, 0x61, 0x59, 0x0C, 0x32, 0x66, 0x23,
    0x30, 0x3D, 0x4B, 0x61, 0x1A, 0xCE, 0x42, 0xF2, 0x77, 0x2C, 0x82, 0x56, 0xFA, 0x47, 0xFF, 0xF5,
    0x7B, 0xCC, 0x21, 0xD3, 0xC1, 0x5B, 0xD3, 0x6E, 0x9E, 0x62, 0x16, 0xDE, 0x6B, 0x58, 0x30, 0x6C,
    0x83, 0x22, 0x9B, 0x2F, 0x62, 0x61, 0xFF, 0xF6, 0x03, 0x2C, 0xEC, 0xFE, 0x32, 0x12, 0x5A, 0x9D,
    0x57, 0xDA, 0xCB, 0xEC, 0x0E, 0xEC, 0xA6, 0xBE, 0xC2, 0x67, 0xB9, 0x45, 0xD0, 0x86, 0xF4, 0x94,
    0x19, 0x0B, 0x2A, 0xF2, 0x38, 0xA1, 0xC9, 0x49, 0x67, 0xB7, 0x06, 0x1B, 0x4D, 0x99, 0x23, 0x48,
    0x30, 0x19, 0x93, 0x7B, 0xA8, 0xAA, 0xE2, 0xF6, 0xCE, 0x8B, 0x08, 0xC8, 0x68, 0xC1, 0xED, 0x7B,
    0x16, 0xF5, 0xF3, 0x2D, 0xDC, 0xC4, 0x1A, 0x73, 0x74, 0x57, 0x59, 0xD4, 0x32, 0xA3, 0x29, 0x95,
    0xC7, 0x77, 0xCE, 0x9C, 0x56, 0x79, 0x7D, 0x19, 0xB7, 0xB7, 0x71, 0x69, 0xE7, 0x67, 0xAD, 0x07,
    0xB5, 0x29, 0x97, 0xB2, 0x2F, 0xC7, 0x0C, 0x4F, 0xF1, 0xEB, 0x6E, 0x90, 0xCE, 0x7A, 0x96, 0x7E,
    0xC6, 0x76, 0xD9, 0x70, 0x6A, 0x39, 0x5B, 0x8A, 0x30, 0x68, 0x26, 0xCB, 0x3B, 0xDE, 0x80, 0x35,
    0x7B, 0x6A, 0x3E, 0x34, 0x12, 0x33, 0x47, 0x78, 0xB2, 0x4B, 0xA8, 0xD5, 0x0D, 0xA1, 0xB0, 0xF9,
    0x68, 0xE3, 0x32, 0xDC, 0xC5, 0x30, 0x02, 0x29, 0x4D, 0xBC, 0xA1, 0x90, 0x6B, 0x43, 0x87, 0x6D,
    0xB4, 0xA6, 0xD6, 0x44, 0xE6, 0x4A, 0xBE, 0xD0, 0x4F, 0xB8, 0x19, 0x4B, 0xA0, 0x2F, 0xE9, 0x6A,
    0x29, 0xCD, 0x18, 0x90, 0x0E, 0x9E, 0x70, 0x12, 0x84, 0x8E, 0xAC, 0x45, 0xC1, 0x33, 0x5D, 0x4B,
    0x29, 0x7E, 0x44, 0xDF, 0x41, 0xC9, 0x5A, 0xAD, 0x26, 0x4E, 0xA1, 0x83, 0x2C, 0x1A, 0xDE, 0xBD,
    0x07, 0x9E, 0xA1, 0x65, 0x0F, 0x85, 0xA6, 0x79, 0xDF, 0x30, 0xDE, 0x2C, 0xFB, 0xBA, 0x8F, 0x83,
    0x32, 0x0E, 0x14, 0x36, 0x33, 0xBF, 0x24, 0x39, 0xB3, 0x59, 0x4E, 0x3F, 0xFF, 0xC7, 0x7C, 0xCE,
    0xCC, 0x07, 0x2B, 0x79, 0x01, 0xCD, 0xAB, 0xEB, 0x40, 0x93, 0xDE, 0x9E, 0x59, 0xDB, 0x67, 0xD7,
    0xE4, 0xAB, 0xE9, 0xDA, 0xBE, 0x80, 0x14, 0xF4, 0x66, 0xA4, 0x76, 0x5E, 0x4B, 0x7D, 0xA4, 0x7A,
    0x94, 0xA9, 0x9A, 0x32, 0x9A, 0x54, 0x83, 0x56, 0x74, 0x5C, 0x51, 0x57, 0x19, 0x54, 0xE0, 0x96,
    0xEF, 0xC0, 0x57, 0x9F, 0xA1, 0x17, 0x23, 0x94, 0x21, 0x30, 0xAB, 0x8D, 0xCB, 0xB1, 0x37, 0x8E,
    0xEA, 0xAE, 0x08, 0x51, 0x92, 0x93, 0x61, 0x78, 0x80, 0x14, 0xAC, 0x9A, 0xC9, 0x3B, 0x93, 0x1F,
    0x4E, 0x65, 0x59, 0x8E, 0x8E, 0xF3, 0xBB, 0xE8, 0x38, 0x7D, 0x44, 0x3A, 0x1E, 0x60, 0x45, 0x30,
    0x1D, 0x5B, 0xEE, 0xC3, 0x74, 0x5C, 0x28, 0x1D, 0xA7, 0x46, 0xE9, 0xF8, 0xFE, 0xF4, 0x1B, 0xA5,
    0xE3, 0xAF, 0xDE, 0x4A, 0xF0, 0xE0, 0xB9, 0x99, 0x05, 0x0F, 0xCC, 0xAC, 0x78, 0x52, 0xA6, 0x7D,
    0xDE, 0xBD, 0xE5, 0x53, 0x3B, 0x30, 0x9D, 0x71, 0xE7, 0xDB, 0x12, 0x03, 0xFE, 0x78, 0xFF, 0x47,
    0x50, 0x6F, 0xC3, 0xE9, 0x1E, 0x64, 0x4E, 0xB5, 0x4C, 0x38, 0x2D, 0x27, 0xB9, 0xA1, 0x19, 0xC5,
    0xF7, 0xC3, 0x2F, 0xAA, 0xF7, 0xAE, 0x65, 0x49, 0xD0, 0xF2, 0x64, 0x6A, 0x72, 0xF7, 0xD1, 0xCC,
    0x42, 0x10, 0x18, 0x4F, 0x20, 0xC0, 0x37, 0x10, 0x97, 0xE7, 0x17, 0x75, 0x42, 0x27, 0x8D, 0xD6,
    0x34, 0x3C, 0x29, 0x73, 0xE0, 0x00, 0x7A, 0x29, 0x71, 0xF4, 0xAF, 0x84, 0x15, 0xF4, 0x5E, 0xDB,
    0x0A, 0x7D, 0x43, 0xA1, 0x6B, 0xC8, 0x79, 0x86, 0x02, 0x2D, 0xCB, 0x6B, 0xF8, 0x1A, 0xFE, 0x67,
    0x0D, 0xAB, 0x31, 0x9B, 0xEA, 0x57, 0x14, 0x05, 0x38, 0x88, 0x76, 0x65, 0x65, 0xDE, 0x70, 0x14,
    0xDD, 0x8A, 0xB4, 0xB0, 0x49, 0x34, 0xAB, 0x04, 0x25, 0x12, 0x24, 0x59, 0x0A, 0xF4, 0xDF, 0x5E,
    0x45, 0xAB, 0x4A, 0x76, 0x9C, 0xA5, 0xFB, 0x7C, 0xA4, 0xE2, 0x79, 0xE2, 0xDA, 0x76, 0xB2, 0xF3,
    0xAF, 0xD3, 0x97, 0x28, 0x77, 0xA5, 0xAE, 0x89, 0xCA, 0x2A, 0x88, 0xF5, 0x16, 0xB3, 0xAF, 0x72,
    0x71, 0xA5, 0x6A, 0x56, 0xA7, 0x1A, 0x8E, 0x41, 0xF9, 0x51, 0xE7, 0x1D, 0x9F, 0x6B, 0xA0, 0xAF,
    0xBE, 0x74, 0x31, 0x33, 0x2E, 0x68, 0x8D, 0x93, 0x8A, 0x0B, 0xA2, 0x41, 0x4E, 0x1C, 0xC9, 0x6D,
    0xCA, 0xA9, 0xB2, 0xCB, 0x8A, 0xE7, 0xA9, 0x6E, 0x76, 0x09, 0x27, 0x8F, 0x3D, 0xB8, 0x98, 0x70,
    0x9D, 0x9A, 0xEF, 0x59, 0xC4, 0x3C, 0xB3, 0xB2, 0x0B, 0x62, 0x14, 0x57, 0x3D, 0x5A, 0x57, 0x50,
    0xB3, 0x2C, 0xB8, 0x20, 0x26, 0xBC, 0x0A, 0x17, 0xC4, 0x11, 0x9F, 0x85, 0x5C, 0xB6, 0x64, 0x95,
    0xAE, 0xE2, 0x82, 0x28, 0x29, 0x95, 0x03, 0xFA, 0xFF, 0x1F, 0xDA, 0x6F, 0x63, 0xA4, 0x25, 0xD2,
    0xA6, 0x13, 0xDA, 0xBF, 0xCF, 0xB3, 0x18, 0x66, 0xB7, 0x94, 0xF4, 0x78, 0xAE, 0x74, 0x9D, 0x9D,
    0x40, 0x6B, 0x76, 0x2F, 0xE4, 0xA4, 0xC5, 0x38, 0x5E, 0xF6, 0x0D, 0xC6, 0x4B, 0xDF, 0x5E, 0x3C,
    0x6C, 0x2E, 0x1E, 0xB4, 0x16, 0x0F, 0x1A, 0x8B, 0x07, 0xAE, 0xDD, 0xB3, 0x8C, 0x2A, 0x47, 0x69,
    0x5E, 0x69, 0x0C, 0x54, 0x46, 0x56, 0x18, 0xB3, 0xD5, 0x51, 0xD9, 0x0B, 0xAB, 0x23, 0xB2, 0x9F,
    0xAD, 0xCE, 0x5A, 0x7A, 0x7F, 0xC5, 0x94, 0x03, 0x42, 0xD4, 0x4F, 0x56, 0x90, 0x1E, 0x21, 0xEA,
    0xEB, 0x84, 0x19, 0x71, 0x41, 0x50, 0x03, 0x49, 0xA6, 0xAF, 0x6C, 0x2D, 0xCC, 0x77, 0x4F, 0x40,
    0x54, 0xB6, 0xB6, 0x4B, 0xCD, 0xEA, 0x61, 0xB6, 0x1A, 0xCC, 0x74, 0x20, 0xE2, 0x32, 0x46, 0x2D,
    0x20, 0x1C, 0x95, 0x83, 0x33, 0xF1, 0xDC, 0xB2, 0x73, 0x35, 0x68, 0x9B, 0x2F, 0x47, 0x7B, 0x3A,
    0xAA, 0x4C, 0x0B, 0x5C, 0x82, 0xC1, 0x32, 0x70, 0x65, 0x05, 0xF3, 0x06, 0x02, 0x47, 0x59, 0x10,
    0x87, 0x3B, 0x8B, 0x4D, 0xB0, 0x53, 0x8B, 0xBC, 0xA7, 0xD0, 0x04, 0x6B, 0x2C, 0xA5, 0x49, 0x1A,
    0x7C, 0xAA, 0x74, 0x1E, 0x7B, 0xCC, 0x46, 0xC0, 0x71, 0x1C, 0xF0, 0x6D, 0x38, 0x8D, 0x3D, 0xC2,
    0x57, 0xD0, 0xFA, 0x5A, 0x6A, 0xE3, 0xCD, 0x1A, 0x5F, 0xFD, 0xD0, 0xC8, 0xD0, 0xEF, 0xCE, 0x12,
    0xE5, 0xCB, 0x5E, 0x9B, 0xAE, 0x55, 0x97, 0x46, 0xB5, 0x24, 0x6B, 0xD2, 0xA7, 0x44, 0x10, 0x45,
    0x31, 0xB1, 0xDA, 0x6B, 0xD1, 0xB5, 0xD7, 0xA1, 0x6B, 0xAF, 0x41, 0xCB, 0xD2, 0x2A, 0x3C, 0x07,
    0x7D, 0xCC, 0xCC, 0x4C, 0xB5, 0xD7, 0x9D, 0x6B, 0xAF, 0x39, 0x7B, 0x3C, 0x04, 0x4E, 0xC2, 0x60,
    0xE2, 0x42, 0x30, 0x6E, 0x21, 0x9C, 0xB5, 0x10, 0x0C, 0x5A, 0x08, 0xCC, 0xD5, 0x3F, 0x3A, 0xFC,
    0xB6, 0x79, 0xB3, 0x63, 0xD1, 0xDC, 0x8A, 0x88, 0xC6, 0x25, 0xC2, 0x01, 0x86, 0xA6, 0x45, 0xF7,
    0xE8, 0x8B, 0x72, 0xEC, 0x18, 0x9A, 0xF1, 0x19, 0x24, 0xFC, 0x70, 0x8A, 0x19, 0xBB, 0xB7, 0x5B,
    0xFE, 0xF3, 0x27, 0x2E, 0x0C, 0x09, 0x46, 0x52, 0xAF, 0x5F, 0x1F, 0xE3, 0xCC, 0x72, 0x18, 0x0B,
    0x3D, 0xF9, 0x20, 0x67, 0xD0, 0x07, 0x15, 0x12, 0x53, 0x5F, 0x1E, 0xB4, 0xB1, 0xB7, 0x0C, 0xCC,
    0xAE, 0x41, 0x21, 0xD4, 0xD5, 0xE8, 0x1B, 0x13, 0x48, 0xE4, 0x45, 0x7A, 0xC0, 0x7F, 0x9E, 0x98,
    0xEB, 0x90, 0xE8, 0x7C, 0x38, 0x29, 0xDB, 0xB1, 0x6C, 0x81, 0x87, 0x2B, 0xBD, 0x47, 0x15, 0x3C,
    0x62, 0x0F, 0xFF, 0xA5, 0xBD, 0xCB, 0x6A, 0x89, 0xA4, 0xE5, 0xE2, 0xDB, 0x66, 0x12, 0x8E, 0x6D,
    0xBF, 0xBC, 0xB7, 0xFA, 0x90, 0xB8, 0x3F, 0x5B, 0xC3, 0x13, 0xDF, 0x27, 0x4E, 0xF9, 0x12, 0x2B,
    0x18, 0xD8, 0x72, 0x56, 0xA8, 0x19, 0xFD, 0xF4, 0x27, 0x13, 0x64, 0xC6, 0x2F, 0xC1, 0xFA, 0xE9,
    0x38, 0x63, 0xFE, 0xF3, 0x5E, 0x9F, 0xF9, 0x18, 0xB6, 0xD0, 0xC5, 0xB0, 0x85, 0x1E, 0x06, 0xB0,
    0x6E, 0x97, 0x7F, 0x00, 0x07, 0xBD, 0x3A, 0x3A, 0xC0, 0x95, 0xC8, 0xF6, 0x86, 0x3F, 0x81, 0x8E,
    0x1B, 0x3A, 0x42, 0xEF, 0x1A, 0x12, 0x19, 0x4E, 0xD4, 0x81, 0x46, 0x0C, 0x2C, 0xFB, 0xE6, 0x34,
    0x2C, 0x62, 0x5E, 0xF5, 0x16, 0xC8, 0x37, 0xC6, 0x66, 0x61, 0x4E, 0x08, 0xEF, 0x02, 0x9D, 0x76,
    0x47, 0x4B, 0xDE, 0xAD, 0x09, 0x7C, 0xCD, 0x02, 0x50, 0x75, 0x10, 0x3F, 0x2C, 0x27, 0x39, 0x69,
    0x24, 0xD2, 0xF8, 0x1D, 0xC9, 0x25, 0xB3, 0x40, 0x2F, 0x00, 0xDD, 0xA0, 0x15, 0x59, 0x76, 0x43,
    0xB7, 0x76, 0x1D, 0x82, 0x87, 0xD5, 0x02, 0xB3, 0x3B, 0x66, 0x7F, 0x19, 0xE6, 0xD6, 0xFF, 0x34,
    0x9A, 0x08, 0x18, 0xCD, 0xF5, 0x0D, 0x91, 0x36, 0x5C, 0x6D, 0xE1, 0x53, 0x5D, 0xEC, 0xDA, 0x23,
    0x83, 0x69, 0xEA, 0xCE, 0xB1, 0xC0, 0x7E, 0x17, 0x96, 0x76, 0x62, 0x76, 0xB6, 0xDA, 0x4B, 0x33,
    0x17, 0xE6, 0x9B, 0x60, 0x4D, 0xFD, 0x7B, 0x88, 0x59, 0x56, 0xCC, 0xBE, 0x74, 0x88, 0x00, 0xC7,
    0x89, 0x90, 0xF8, 0x77, 0xE4, 0xE6, 0x22, 0x7B, 0xC7, 0xAC, 0x6A, 0x61, 0x36, 0x35, 0xE3, 0xD6,
    0x56, 0x99, 0x03, 0x46, 0x9E, 0x12, 0x16, 0xD2, 0xE3, 0x52, 0x4A, 0x77, 0x68, 0xE4, 0x9D, 0x15,
    0x06, 0x53, 0x67, 0xAA, 0x8D, 0x47, 0xCA, 0x3C, 0xE0, 0x59, 0x32, 0x3C, 0x28, 0x26, 0x33, 0xF8,
    0x88, 0xFD, 0x83, 0xB7, 0x83, 0x3F, 0x77, 0xFC, 0x48, 0x2E, 0x01, 0xF3, 0xF1, 0xE4, 0xB3, 0x04,
    0xD4, 0xB3, 0x04, 0xC4, 0xB3, 0x7C, 0x8C, 0xD2, 0xE4, 0x04, 0x1A, 0xAA, 0x09, 0xCA, 0x51, 0x94,
    0xA6, 0x92, 0x6A, 0xB3, 0x44, 0x69, 0x22, 0xD2, 0x98, 0x44, 0x69, 0x2A, 0x27, 0x1E, 0xE1, 0x43,
    0x4A, 0x53, 0xB9, 0xD4, 0xC6, 0x39, 0xA3, 0xEC, 0x89, 0x55, 0xA5, 0xC9, 0x1E, 0xD4, 0xC3, 0xAE,
    0x8E, 0x28, 0xCB, 0xC7, 0x5E, 0x09, 0x94, 0xA6, 0xC1, 0x7D, 0x79, 0x12, 0x14, 0xC9, 0x3B, 0x9B,
    0xAC, 0x62, 0xB5, 0xDF, 0x09, 0x70, 0x95, 0xDC, 0x24, 0xFF, 0x9C, 0xFD, 0x4A, 0x73, 0x09, 0xA6,
    0x40, 0x69, 0x1A, 0x7D, 0x9D, 0xEA, 0x9E, 0x44, 0x0E, 0xE3, 0xC8, 0x85, 0x54, 0x77, 0x91, 0x18,
    0xEC, 0x37, 0xD8, 0x11, 0x64, 0x30, 0x1C, 0x6B, 0x31, 0x18, 0x16, 0x2C, 0x1A, 0xAB, 0x31, 0xD9,
    0xCF, 0x40, 0xF5, 0xA1, 0xA9, 0x3C, 0x2B, 0xD1, 0x03, 0x89, 0x07, 0xA8, 0x48, 0x85, 0x2E, 0x52,
    0x2C, 0xD0, 0x26, 0x49, 0x3E, 0x4C, 0xFF, 0x5F, 0xC1, 0xB9, 0xF1, 0xE7, 0x15, 0x13, 0xC5, 0x8A,
    0xAC, 0x28, 0x2C, 0x90, 0x9E, 0x82, 0x45, 0xF6, 0x7F, 0x64, 0x91, 0x24, 0x77, 0x2D, 0x9A, 0x77,
    0x79, 0x41, 0x33, 0x75, 0x56, 0x79, 0xC6, 0x13, 0x16, 0xE5, 0x5C, 0xAF, 0xBC, 0x98, 0x44, 0x17,
    0xA2, 0x43, 0x8B, 0x05, 0x0D, 0x17, 0x95, 0x0F, 0x2B, 0x02, 0xFF, 0x49, 0x95, 0xAF, 0x7F, 0xA7,
    0x7A, 0x6B, 0x7D, 0x0D, 0x2D, 0x3C, 0xA2, 0x79, 0xE5, 0xE3, 0xC1, 0xAE, 0xCE, 0x15, 0x0B, 0x77,
    0x44, 0xE4, 0x90, 0xF4, 0x7A, 0x4C, 0x76, 0x39, 0x28, 0x68, 0x54, 0x4E, 0x54, 0xEA, 0xDA, 0x43,
    0x53, 0xC7, 0x7D, 0x1C, 0x97, 0x7C, 0x91, 0x03, 0x83, 0xC9, 0x58, 0x0B, 0x2F, 0xF8, 0xD0, 0xA0,
    0xB2, 0x41, 0xD1, 0x92, 0x3C, 0x45, 0x8B, 0x4D, 0x7F, 0xCF, 0xEE, 0xB2, 0x2F, 0x6F, 0x2D, 0xFA,
    0x5B, 0x0B, 0xF7, 0x96, 0x91, 0x45, 0xAA, 0x7F, 0x5E, 0x28, 0x56, 0x25, 0xF7, 0xB5, 0x7E, 0xFD,
    0xEE, 0xDC, 0xD7, 0x40, 0x41, 0xAA, 0x7C, 0x42, 0x5E, 0xB3, 0x77, 0x15, 0x2A, 0x4D, 0xAC, 0x84,
    0xB3, 0x66, 0x3E, 0x11, 0xCC, 0x54, 0xD9, 0xF3, 0xF7, 0x06, 0x3A, 0xA4, 0x37, 0x0F, 0xD1, 0x56,
    0xAE, 0x60, 0x45, 0x90, 0x52, 0x7A, 0x30, 0x80, 0x8B, 0x2F, 0xCD, 0x09, 0x94, 0x4D, 0x3D, 0xE0,
    0x39, 0x73, 0x8A, 0xBA, 0x9D, 0x20, 0xE9, 0x8A, 0x2F, 0x25, 0x5F, 0xAC, 0x41, 0x64, 0x2F, 0xFF,
    0x9E, 0x75, 0x32, 0xCC, 0xB7, 0xBF, 0x76, 0x19, 0xB9, 0x8D, 0x9D, 0x65, 0xEE, 0x56, 0xAF, 0xAC,
    0x38, 0x01, 0x32, 0x97, 0xFC, 0xDC, 0xE1, 0x81, 0x26, 0x14, 0xB5, 0x51, 0x75, 0x58, 0xA0, 0xE7,
    0x79, 0xB6, 0x11, 0xFA, 0xB5, 0x43, 0xAF, 0xF6, 0xEA, 0xD8, 0x46, 0xBE, 0x78, 0xB6, 0x41, 0xCD,
    0xD7, 0x95, 0x6D, 0xA0, 0x11, 0x3B, 0x0D, 0xD4, 0xDA, 0xF5, 0xF5, 0xFC, 0x68, 0x8F, 0x52, 0xFF,
    0xD6, 0xA2, 0x51, 0xCB, 0x5F, 0x6B, 0xBC, 0xA9, 0xDC, 0x0A, 0x94, 0x3C, 0x21, 0xE0, 0x34, 0x59,
    0x7D, 0xA0, 0x5F, 0xC4, 0x8B, 0x47, 0x2E, 0xD1, 0x45, 0x5C, 0x78, 0x4C, 0x26, 0x10, 0x34, 0x16,
    0xA3, 0x07, 0xF1, 0x11, 0xDB, 0xCF, 0x57, 0xBA, 0x06, 0x07, 0x90, 0x35, 0x9A, 0x05, 0xC8, 0x3A,
    0x75, 0x5D, 0x88, 0xA5, 0x46, 0x4B, 0xD7, 0xE5, 0x31, 0xF0, 0x35, 0x1F, 0x62, 0xBF, 0xF3, 0xA7,
    0x59, 0x87, 0x5D, 0xE0, 0xDA, 0xB3, 0xF5, 0xB0, 0x10, 0x5D, 0x0F, 0xEF, 0xB6, 0x88, 0xC8, 0x3C,
    0x6F, 0x8C, 0x7D, 0x76, 0x0C, 0x13, 0x32, 0xB3, 0x31, 0x6F, 0xC3, 0x29, 0x0D, 0xDC, 0x36, 0x56,
    0xE8, 0x90, 0x56, 0x4F, 0xB8, 0xA5, 0x60, 0x24, 0x75, 0xD7, 0x27, 0xDC, 0xD2, 0x83, 0x99, 0x8E,
    0x71, 0x9B, 0xB1, 0x1C, 0x07, 0x6E, 0x33, 0xCE, 0x9F, 0x81, 0x24, 0x47, 0x4B, 0x36, 0xA9, 0xDC,
    0x87, 0x2F, 0x59, 0xC2, 0x55, 0xFD, 0x9B, 0x33, 0x5A, 0xDC, 0x23, 0xB3, 0xE1, 0x59, 0x43, 0x9D,
    0x7D, 0x25, 0xB1, 0x01, 0x6B, 0xC1, 0x6D, 0x33, 0x46, 0xED, 0x2C, 0x7E, 0xC7, 0xD6, 0x8F, 0x1A,
    0x24, 0xA6, 0xB4, 0x43, 0xA1, 0x4D, 0xD2, 0x86, 0x84, 0x34, 0x7F, 0x46, 0x29, 0x77, 0x8B, 0x6A,
    0x42, 0x47, 0x25, 0x4C, 0xEA, 0x1D, 0xB8, 0x88, 0x16, 0x54, 0x9A, 0x67, 0x9D, 0x0E, 0x44, 0x15,
    0x9B, 0xA2, 0x01, 0x11, 0x81, 0x42, 0xFF, 0x69, 0x77, 0x12, 0x71, 0xAA, 0xFD, 0xF4, 0x42, 0x92,
    0xBB, 0x4B, 0xE3, 0x22, 0x2A, 0x74, 0x44, 0xF8, 0xAE, 0x5F, 0x9A, 0x4E, 0x49, 0xE4, 0x86, 0x1D,
    0x44, 0x4C, 0x8E, 0x9B, 0x5B, 0x66, 0xE6, 0x75, 0x47, 0x43, 0xED, 0x07, 0xCB, 0x85, 0xD8, 0x54,
    0x1A, 0x84, 0xA9, 0x82, 0xBE, 0xC7, 0x41, 0x32, 0x19, 0xDC, 0xDE, 0x8F, 0x16, 0xF3, 0xAB, 0xA4,
    0xB7, 0x3E, 0x8C, 0x7D, 0x19, 0x06, 0x40, 0x28, 0xFA, 0xB9, 0xE1, 0x40, 0x24, 0x70, 0x54, 0x18,
    0x7D, 0x9D, 0x90, 0xF4, 0x0C, 0x4D, 0x08, 0x60, 0x2C, 0xD5, 0x6F, 0x98, 0xE1, 0x20, 0x68, 0xAA,
    0xDE, 0x34, 0x12, 0x2E, 0xA6, 0x5F, 0xFB, 0x3A, 0x54, 0xFD, 0x89, 0x4B, 0x73, 0x31, 0xCE, 0x69,
    0x62, 0x6F, 0x2A, 0xF1, 0x7C, 0xE8, 0xDD, 0xF9, 0xEA, 0xEC, 0x56, 0xDE, 0x22, 0x61, 0xBF, 0xE5,
    0xA4, 0x6B, 0x1A, 0x91, 0xA2, 0xEB, 0x72, 0xEE, 0x47, 0x5D, 0xE7, 0xC6, 0x78, 0xE3, 0xD5, 0x6C,
    0x7E, 0x4D, 0x5E, 0xB2, 0x47, 0x69, 0xFA, 0x72, 0xD7, 0x5A, 0xF1, 0xE6, 0x55, 0x25, 0xAF, 0x28,
    0xB1, 0x9A, 0x84, 0x8E, 0x63, 0x38, 0x91, 0x50, 0x44, 0x70, 0x1E, 0x51, 0xDF, 0x0D, 0x5C, 0xF5,
    0xC6, 0x48, 0x74, 0xD4, 0xA8, 0x4E, 0xFD, 0xEC, 0x0E, 0x93, 0x8C, 0x59, 0x4E, 0xC1, 0xB4, 0x64,
    0x45, 0x49, 0xA6, 0x6A, 0x51, 0x22, 0xA9, 0x45, 0x69, 0x07, 0xB5, 0xE6, 0xFE, 0xA4, 0x16, 0xFC,
    0x99, 0x27, 0x3E, 0xCC, 0x57, 0x94, 0x1C, 0x9A, 0x8F, 0x7E, 0x28, 0x0E, 0xC1, 0xCA, 0xC5, 0x10,
    0x82, 0x46, 0x6B, 0x37, 0x41, 0xC9, 0xDD, 0x1A, 0xC4, 0x7A, 0x6E, 0x53, 0x4F, 0x10, 0x71, 0xF0,
    0x25, 0xEC, 0x8D, 0xEF, 0x43, 0xE6, 0xA5, 0xC2, 0xE1, 0xD1, 0x7D, 0x70, 0xFC, 0xC3, 0x59, 0x2E,
    0xF0, 0x9A, 0xE5, 0x82, 0xAC, 0xA1, 0x4E, 0xBA, 0xD7, 0xAD, 0x3A, 0x49, 0xD2, 0x9E, 0x79, 0xD7,
    0x37, 0x69, 0x5D, 0x8F, 0xA2, 0x4E, 0xA6, 0x70, 0x2A, 0xB1, 0x5C, 0xB0, 0x6B, 0xC3, 0x16, 0x5D,
    0x61, 0xD7, 0xB9, 0x9C, 0x41, 0x2A, 0x85, 0x41, 0x75, 0x1D, 0xFB, 0xE0, 0x0C, 0x06, 0xC4, 0x33,
    0x12, 0xA5, 0x8E, 0x0C, 0xAA, 0x25, 0x17, 0x0A, 0xB9, 0x5D, 0xDF, 0x02, 0xDF, 0xC7, 0xEA, 0x55,
    0x4B, 0x75, 0x30, 0x15, 0x67, 0xAA, 0xA5, 0xB3, 0x1C, 0x86, 0x39, 0x1D, 0x4E, 0x81, 0x6A, 0x79,
    0xF0, 0xAA, 0xE5, 0x16, 0xA8, 0x96, 0xC7, 0xC7, 0x4A, 0x44, 0x0C, 0x87, 0x61, 0xB6, 0xC1, 0x9F,
    0x86, 0xCD, 0x5F, 0xC3, 0xA6, 0x54, 0xCD, 0xE1, 0x6A, 0xE2, 0xDC, 0x5D, 0x89, 0x0F, 0xDE, 0x63,
    0x75, 0xF0, 0x1E, 0xAB, 0x93, 0xF7, 0x58, 0x4D, 0xEE, 0xD5, 0x5C, 0x70, 0x88, 0x93, 0x8E, 0x44,
    0x0F, 0x49, 0x7C, 0x40, 0x62, 0x37, 0x27, 0x3E, 0x24, 0x6D, 0x90, 0xF8, 0xD0, 0x7E, 0xB2, 0xC4,
    0x87, 0x3A, 0x48, 0x7C, 0x18, 0x9D, 0xF3, 0x6A, 0xE8, 0x2E, 0x24, 0x3E, 0x94, 0x97, 0x13, 0x1F,
    0xC6, 0xAB, 0x89, 0x0F, 0x8F, 0xF6, 0xAF, 0xF4, 0x9F, 0x0D, 0xEA, 0xB5, 0x03, 0xAB, 0x31, 0x78,
    0xF5, 0xBC, 0x32, 0xC2, 0x63, 0x3D, 0xB0, 0xAD, 0x02, 0xD3, 0x6A, 0x51, 0xAB, 0x3C, 0x9F, 0xBC,
    0x14, 0x9A, 0x9C, 0x45, 0x9E, 0x4F, 0xCE, 0x1E, 0xE7, 0x57, 0x61, 0x8D, 0xE7, 0x93, 0xB3, 0xC5,
    0xF3, 0xC9, 0x59, 0xE2, 0xF9, 0xE4, 0xEC, 0xF0, 0x7C, 0x72, 0x56, 0x78, 0x3E, 0x39, 0x29, 0x94,
    0x4F, 0x4E, 0x0A, 0x49, 0x5E, 0x25, 0xA4, 0xD0, 0xE4, 0xA5, 0xD0, 0xE4, 0xA5, 0xD0, 0xE4, 0xA5,
    0xD0, 0xE4, 0xA5, 0xD0, 0xE4, 0xF0, 0xF7, 0xA2, 0x7B, 0xE6, 0xF6, 0x1D, 0xB7, 0x2C, 0x1F, 0x6A,
    0xF8, 0x6B, 0x74, 0x25, 0xEF, 0xF6, 0xE7, 0xF5, 0x7E, 0x59, 0xFB, 0xA5, 0x0B, 0x95, 0x8D, 0x97,
    0x53, 0x66, 0xF7, 0xF3, 0x6B, 0x54, 0xFD, 0xCA, 0xA7, 0x4A, 0x8A, 0x7E, 0xC9, 0xDA, 0x60, 0x46,
    0xB1, 0x58, 0x72, 0x28, 0x4F, 0xA4, 0xFB, 0x18, 0xFB, 0x05, 0x5C, 0x65, 0x5D, 0xCC, 0x3C, 0xE0,
    0x84, 0xBB, 0x23, 0x61, 0x8C, 0xC9, 0x4E, 0xA7, 0x37, 0xDD, 0x32, 0x83, 0x84, 0x60, 0x23, 0x23,
    0xE0, 0xFA, 0xEE, 0xDF, 0xE4, 0x92, 0xB0, 0x92, 0x9E, 0xC8, 0xC3, 0x7E, 0x64, 0x03, 0x53, 0xA7,
    0xFE, 0x44, 0x23, 0xCF, 0x06, 0xCE, 0x11, 0xC7, 0xDA, 0x6A, 0xF5, 0xB5, 0x94, 0xAF, 0xB2, 0xF0,
    0x1D, 0x24, 0x74, 0x7A, 0xCF, 0x0F, 0xB8, 0x9D, 0xCF, 0x52, 0xFE, 0x56, 0xB4, 0xD3, 0x9B, 0xA9,
    0xE7, 0xB7, 0xD9, 0x48, 0xB9, 0xDA, 0x1B, 0x1A, 0xA7, 0x63, 0xAF, 0xED, 0x71, 0x30, 0x03, 0x1D,
    0xA9, 0xAE, 0xDE, 0xDB, 0x91, 0xC4, 0x60, 0xB5, 0xD6, 0x74, 0x3D, 0x16, 0x13, 0x5D, 0xEB, 0x25,
    0xED, 0x9A, 0x91, 0x53, 0x25, 0x5A, 0x7B, 0x4C, 0x33, 0xA4, 0xC8, 0xB0, 0xF9, 0xB6, 0xE3, 0xFA,
    0x87, 0x9C, 0xF6, 0xAB, 0x69, 0xBB, 0x89, 0xA4, 0xFB, 0x82, 0xA1, 0xAF, 0x92, 0x39, 0xBA, 0x26,
    0x3C, 0x32, 0x61, 0x95, 0x14, 0x19, 0x31, 0x11, 0xE5, 0x54, 0x37, 0xF3, 0x2A, 0x4C, 0x4E, 0xA3,
    0x15, 0xAB, 0xAB, 0x86, 0x8C, 0x12, 0xA0, 0x1D, 0x07, 0x5C, 0xCF, 0xF7, 0x6F, 0x3C, 0xBF, 0xBA,
    0x0F, 0x74, 0x7C, 0xFE, 0xEC, 0x3E, 0xE1, 0x48, 0x22, 0xF6, 0xC3, 0x43, 0x31, 0x06, 0x4A, 0x3A,
    0xA0, 0x38, 0x1E, 0x98, 0xC1, 0xEE, 0xEA, 0x03, 0xBE, 0x05, 0xDA, 0x24, 0xA2, 0x47, 0xC3, 0x66,
    0x99, 0x46, 0x55, 0x6E, 0x1A, 0x8D, 0x3C, 0xA5, 0xF0, 0xAB, 0xCA, 0x44, 0x15, 0x64, 0xE8, 0xEB,
    0x4F, 0x39, 0xAB, 0xDE, 0xE5, 0x4E, 0x13, 0x0F, 0xB4, 0x55, 0xF5, 0xC8, 0xE9, 0xD6, 0x1C, 0x7F,
    0x2F, 0x97, 0x72, 0x1F, 0x98, 0xCB, 0x53, 0xD2, 0x35, 0xFC, 0x54, 0x86, 0x39, 0x3D, 0x1A, 0x88,
    0xB8, 0x26, 0xE7, 0xDA, 0xDE, 0xFC, 0x8F, 0x2F, 0xD1, 0xED, 0xDD, 0xCF, 0x7D, 0x3A, 0x7F, 0x6E,
    0x34, 0x45, 0xC0, 0x73, 0xE7, 0xFA, 0xDC, 0x9B, 0x3C, 0xB7, 0xD1, 0xE7, 0x3E, 0xF0, 0x73, 0x53,
    0x9E, 0x0D, 0xBD, 0x5E, 0x4A, 0xF1, 0x4F, 0x2E, 0x79, 0xCA, 0xC9, 0xB0, 0xFF, 0x10, 0x36, 0xA8,
    0x4B, 0x64, 0x1A, 0x78, 0xBB, 0x32, 0xF3, 0x2B, 0xEE, 0xBF, 0x67, 0x9E, 0xC1, 0xD5, 0xC8, 0xC4,
    0x33, 0x23, 0x42, 0x4C, 0x03, 0x27, 0x3D, 0xE6, 0xE8, 0x12, 0x3D, 0xFC, 0x4A, 0xAC, 0xDC, 0xFD,
    0x6C, 0xDB, 0x9B, 0x40, 0xE8, 0x81, 0x50, 0xC2, 0x92, 0xEA, 0xF5, 0xD2, 0x2A, 0xB0, 0x78, 0x3A,
    0x58, 0xAC, 0x34, 0x04, 0x8B, 0x7A, 0xD6, 0x20, 0xB6, 0x4F, 0x9D, 0x3E, 0x0D, 0xE6, 0xA7, 0xE4,
    0x73, 0x4A, 0x89, 0x86, 0xB4, 0x5A, 0x61, 0xF3, 0x63, 0x2E, 0x16, 0xB5, 0xF6, 0x84, 0x25, 0x67,
    0x12, 0x32, 0xF4, 0x35, 0x0C, 0xCA, 0x2B, 0x6A, 0x71, 0x2E, 0x53, 0x5A, 0xD0, 0xA2, 0x13, 0xFD,
    0x94, 0xCC, 0x4B, 0x85, 0x8C, 0xA7, 0x18, 0x20, 0xE3, 0x16, 0x66, 0x0B, 0x06, 0x9F, 0x23, 0x97,
    0xFE, 0xCD, 0x51, 0x95, 0xE8, 0xEA, 0xA4, 0xAB, 0x61, 0x72, 0x9A, 0xF7, 0xAE, 0xB6, 0xA2, 0x31,
    0x6F, 0xA9, 0xD5, 0xD8, 0xFC, 0x5A, 0x56, 0xA3, 0xB6, 0x23, 0xA0, 0x12, 0xA3, 0x45, 0xEB, 0x31,
    0x9A, 0x45, 0x71, 0x22, 0x5A, 0x7D, 0xBA, 0x38, 0x0B, 0xEF, 0x69, 0xCA, 0x48, 0x7A, 0x94, 0x71,
    0x6F, 0xE7, 0xC1, 0x25, 0x71, 0xEE, 0x0E, 0x8B, 0x8E, 0x7B, 0x43, 0xE3, 0x23, 0x1E, 0xF7, 0x86,
    0xB6, 0x47, 0xE4, 0x20, 0x90, 0xA6, 0x47, 0x3C, 0xEE, 0x0D, 0x2D, 0x8F, 0xB4, 0x2D, 0x37, 0x79,
    0xCB, 0x46, 0xF2, 0x99, 0x21, 0xD5, 0x9C, 0x47, 0xB2, 0x20, 0x05, 0x9D, 0xC7, 0xBD, 0x81, 0x81,
    0x55, 0xA3, 0x0E, 0x5C, 0x61, 0x9F, 0x04, 0xB7, 0x39, 0xC2, 0xB8, 0x37, 0x6E, 0x72, 0xA4, 0xE1,
    0x7E, 0x30, 0xD1, 0x44, 0x1B, 0x1C, 0xE1, 0x97, 0x71, 0x7B, 0x23, 0x2C, 0xB9, 0xB9, 0x51, 0xA9,
    0x33, 0xDE, 0x8E, 0xFC, 0xD7, 0xDC, 0xD8, 0x88, 0xC7, 0xBD, 0xB1, 0xDA, 0x3B, 0x5E, 0x50, 0x2D,
    0x1F, 0x67, 0xDC, 0xDB, 0x76, 0x7E, 0x8D, 0x04, 0xC1, 0xAE, 0x59, 0x32, 0xC7, 0xB0, 0xF0, 0xA3,
    0x5D, 0x24, 0xE9, 0x46, 0x34, 0x48, 0x0E, 0xC1, 0xD2, 0x7F, 0xE8, 0x7F, 0xDF, 0xE7, 0x19, 0x6C,
    0x56, 0x20, 0x00, 0xA6, 0x4C, 0x04, 0x2A, 0xD2, 0xB7, 0x67, 0xCC, 0xAC, 0x80, 0xB9, 0x63, 0x04,
    0x8F, 0xE0, 0x92, 0xB9, 0x3E, 0xF4, 0x77, 0x9B, 0x30, 0x3A, 0xF3, 0xD2, 0x3D, 0x43, 0x61, 0x3C,
    0xE2, 0x37, 0xFB, 0x2A, 0xE3, 0xDA, 0x30, 0x73, 0x70, 0x7F, 0xEE, 0xFC, 0xA4, 0x04, 0x0C, 0xF2,
    0x7A, 0x39, 0xF4, 0xC7, 0x30, 0x88, 0x88, 0x31, 0x4E, 0x9F, 0x92, 0x31, 0x1E, 0x34, 0x8D, 0x32,
    0x36, 0x70, 0xB8, 0xED, 0xFA, 0x81, 0x87, 0xB0, 0x99, 0x79, 0x40, 0x8F, 0x06, 0x19, 0x84, 0xD1,
    0x3F, 0xAF, 0xBD, 0xB9, 0xDB, 0x53, 0x8F, 0x6B, 0x35, 0xA2, 0x9B, 0x7B, 0xC7, 0xD7, 0x96, 0x0D,
    0x43, 0x08, 0x85, 0x36, 0x74, 0x91, 0xFC, 0x77, 0xEF, 0x7F, 0x3F, 0x84, 0xE1, 0x1F, 0xFC, 0x78,
    0x04, 0x7D, 0x28, 0xB2, 0x60, 0x2F, 0x56, 0xF6, 0xCD, 0x14, 0xEA, 0x39, 0x96, 0xD4, 0x67, 0xA7,
    0xB7, 0xE4, 0xC6, 0xC5, 0xEA, 0xD4, 0x01, 0xC9, 0x7E, 0x23, 0x65, 0x89, 0xD8, 0x87, 0x24, 0xA8,
    0xEA, 0xF0, 0x5E, 0x6A, 0x11, 0x5C, 0x70, 0x82, 0x3A, 0x41, 0x2F, 0x9B, 0xB1, 0x98, 0x30, 0x23,
    0x06, 0x41, 0x9C, 0x23, 0xF3, 0x4F, 0xD3, 0xD1, 0xE5, 0xC6, 0xCC, 0xFC, 0x49, 0x0A, 0x20, 0xF1,
    0x80, 0x02, 0x96, 0x79, 0x62, 0xBE, 0xB3, 0x15, 0x0A, 0xD5, 0xA5, 0x47, 0xC7, 0xA5, 0x9C, 0x1B,
    0xFF, 0xE4, 0xDC, 0x0B, 0xC8, 0xCA, 0x2A, 0xA6, 0x7C, 0xBC, 0x97, 0xDC, 0x37, 0xFF, 0x8C, 0xBF,
    0x6B, 0x58, 0xD7, 0xD1, 0xB8, 0x82, 0xAB, 0x5A, 0x38, 0x8B, 0x78, 0xF9, 0xEA, 0x2E, 0x3D, 0xD8,
    0x3B, 0x8F, 0xA4, 0x48, 0xF8, 0xC9, 0x69, 0xC5, 0x0F, 0x0F, 0x1D, 0x9C, 0x9F, 0xBF, 0x72, 0x28,
    0x60, 0xDF, 0x24, 0x7D, 0x33, 0x4F, 0x5B, 0x32, 0xC0, 0x8E, 0xE2, 0x82, 0x74, 0x13, 0x46, 0xC7,
    0x2B, 0x30, 0x93, 0xE9, 0x6F, 0xB9, 0xC1, 0xEA, 0xCC, 0xEF, 0xD2, 0xF4, 0x04, 0x5E, 0x91, 0x51,
    0xCC, 0x7F, 0x9B, 0x73, 0xBF, 0xA3, 0x96, 0xB5, 0xE0, 0x02, 0xFD, 0xA1, 0x52, 0xEE, 0x7B, 0x04,
    0xE3, 0x1B, 0x7F, 0x01, 0xA3, 0x67, 0x58, 0x74, 0x85, 0x8E, 0x47, 0x32, 0xD8, 0xE7, 0x47, 0xBA,
    0x6A, 0x3E, 0xD4, 0xD0, 0x4D, 0x21, 0x91, 0x36, 0xEE, 0x74, 0xD4, 0x1F, 0xC4, 0x87, 0xA6, 0x89,
    0x69, 0xCD, 0x54, 0x3B, 0xD7, 0xBC, 0x77, 0x4E, 0x78, 0x15, 0xFC, 0xC2, 0x30, 0x98, 0xEF, 0x47,
    0xCA, 0xD2, 0xCA, 0x0A, 0x1F, 0x75, 0xD1, 0x31, 0x0B, 0x97, 0x47, 0xEC, 0xA4, 0x38, 0x59, 0xDD,
    0x3A, 0xD9, 0x78, 0x32, 0xC7, 0xC6, 0xCE, 0xBF, 0x8D, 0x7D, 0x53, 0x1B, 0x55, 0xFD, 0xD3, 0x05,
    0xAA, 0xB2, 0x35, 0x9F, 0xAD, 0xDA, 0x7C, 0xE0, 0xF4, 0x5A, 0x7C, 0xDB, 0x0D, 0xF7, 0x89, 0xB6,
    0x3F, 0x16, 0x97, 0x0E, 0xCD, 0xF4, 0x4F, 0x1C, 0x16, 0x67, 0x48, 0xBA, 0xEA, 0x13, 0x7F, 0xE1,
    0xBF, 0x1B, 0x37, 0x54, 0xA1, 0x4D, 0xB8, 0x14, 0x2B, 0x2E, 0x9C, 0x2E, 0x8F, 0xBE, 0xEF, 0x2D,
    0x87, 0x63, 0x1A, 0xCB, 0x4A, 0xDE, 0x42, 0xB6, 0xBD, 0xD9, 0x36, 0xF6, 0xA6, 0xDA, 0x3F, 0xBF,
    0xD9, 0x0F, 0x4D, 0xD4, 0x91, 0x44, 0x2A, 0xB9, 0x93, 0xED, 0x31, 0x47, 0x38, 0x0E, 0x71, 0xDE,
    0x9E, 0x03, 0x65, 0x40, 0xB1, 0xFD, 0x26, 0xA6, 0x6C, 0x2E, 0xC7, 0xE2, 0x21, 0x58, 0x99, 0xD1,
    0xE1, 0x28, 0x03, 0x47, 0x48, 0x99, 0x83, 0x0E, 0x05, 0x67, 0xA5, 0x3F, 0xD8, 0x79, 0x4E, 0x5D,
    0x4B, 0x6E, 0x9B, 0x9E, 0x2A, 0x9D, 0xC9, 0x81, 0x61, 0x3F, 0xDA, 0x76, 0x05, 0x0A, 0xB1, 0x2B,
    0x3E, 0xAB, 0xDC, 0x4F, 0x7F, 0x4F, 0xA4, 0xD5, 0x53, 0x0F, 0xBE, 0xBD, 0x27, 0x92, 0x95, 0xD7,
    0x83, 0x07, 0x30, 0x97, 0xFD, 0x73, 0x92, 0x26, 0x0D, 0x4A, 0x44, 0x72, 0xB5, 0x1C, 0x2B, 0xDC,
    0x4A, 0xA2, 0x2F, 0x2D, 0x2C, 0x93, 0x5D, 0x3B, 0x64, 0xB5, 0xC4, 0xF6, 0xC6, 0xBD, 0x10, 0x82,
    0x00, 0x43, 0x99, 0x76, 0x0D, 0x55, 0x62, 0x42, 0x98, 0xAF, 0xB3, 0x46, 0xFE, 0x6E, 0x6C, 0x0B,
    0x84, 0xC2, 0x04, 0x1F, 0x89, 0xC1, 0xB3, 0xF1, 0x4E, 0xD9, 0x59, 0x77, 0xED, 0x33, 0x50, 0x63,
    0xF0, 0xE7, 0x4E, 0xDA, 0x2F, 0xD1, 0xFF, 0x74, 0x3C, 0x07, 0x35, 0x28, 0x26, 0xD7, 0x01, 0x4F,
    0x0C, 0xB2, 0x4A, 0x7A, 0x66, 0x02, 0xE8, 0x50, 0x20, 0x5A, 0x2F, 0x55, 0x95, 0x87, 0xCA, 0x42,
    0xAE, 0xC6, 0xF2, 0x38, 0xBC, 0x79, 0x6A, 0x75, 0xAB, 0xAC, 0xD8, 0x28, 0xA7, 0x56, 0x77, 0xAA,
    0x34, 0xAB, 0x42, 0x03, 0x45, 0xAF, 0x8F, 0x25, 0x7F, 0xB2, 0x60, 0x3D, 0xA1, 0xC2, 0xCC, 0x1E,
    0xDE, 0x26, 0xCC, 0xFB, 0x49, 0x64, 0x97, 0xE0, 0x7D, 0x68, 0x13, 0xD9, 0xA4, 0x84, 0x3A, 0xF1,
    0xB5, 0x89, 0xEC, 0x11, 0xE6, 0x5B, 0xB7, 0x89, 0x6C, 0x11, 0x10, 0x45, 0xD0, 0x9F, 0x73, 0xDA,
    0xC0, 0xE6, 0x1C, 0xCF, 0x9A, 0xB5, 0xE3, 0x3C, 0xD0, 0xA9, 0x2F, 0xFC, 0xA4, 0x6F, 0x28, 0xF8,
    0x19, 0x54, 0x5C, 0xF4, 0x53, 0x1B, 0xF8, 0x46, 0xCA, 0xB5, 0x0D, 0xF6, 0x26, 0x8D, 0x5A, 0xF2,
    0x81, 0x68, 0xC2, 0x90, 0x6C, 0x94, 0xC1, 0x6D, 0xEE, 0x48, 0x63, 0x1D, 0xAE, 0x1B, 0xE4, 0xF3,
    0xE5, 0x62, 0xAA, 0x44, 0x24, 0x2C, 0x5A, 0x2E, 0x88, 0xD9, 0x88, 0x89, 0x1B, 0xBA, 0x26, 0x25,
    0x45, 0xAA, 0x2D, 0xAD, 0xEA, 0x7C, 0xB3, 0x48, 0x85, 0xA5, 0xA5, 0xCA, 0x5C, 0xDB, 0x77, 0xD6,
    0x1C, 0x4F, 0x41, 0xDF, 0x3E, 0x34, 0x8C, 0xE0, 0xF5, 0x00, 0xDF, 0x28, 0x5B, 0x93, 0x9C, 0xF4,
    0xB3, 0xF2, 0x90, 0xD8, 0xB5, 0xAB, 0x31, 0x31, 0x78, 0xB0, 0xC7, 0x9E, 0xA6, 0x6F, 0xA2, 0x8C,
    0x0B, 0x7D, 0xFB, 0x64, 0xDD, 0x52, 0x06, 0x7D, 0xC5, 0x6B, 0x54, 0x2E, 0xB4, 0x5C, 0xC1, 0x49,
    0x8C, 0x2A, 0x43, 0xF0, 0x8F, 0xE2, 0x90, 0xD5, 0xB1, 0x91, 0x2A, 0x4F, 0xEA, 0x1C, 0x41, 0x5F,
    0x44, 0x2C, 0x8F, 0x36, 0x9D, 0x9C, 0x0F, 0x2B, 0xC8, 0xAF, 0x3A, 0x66, 0x8E, 0x23, 0xB2, 0xAB,
    0xE4, 0xF6, 0x9A, 0x6D, 0xEA, 0x35, 0x90, 0x37, 0x6B, 0x10, 0x99, 0x5A, 0x83, 0x18, 0xC4, 0x1A,
    0x94, 0xB7, 0x5E, 0x6D, 0xDF, 0x79, 0x77, 0xE3, 0x39, 0x54, 0x58, 0x49, 0xC3, 0x3E, 0x4C, 0x05,
    0x96, 0x35, 0x4C, 0x13, 0x5E, 0x17, 0xEF, 0xF9, 0x35, 0x71, 0xDB, 0xA7, 0x78, 0x4D, 0x38, 0xFC,
    0xA1, 0xCC, 0xF8, 0x69, 0xD9, 0x45, 0x4F, 0x6B, 0xEA, 0x7D, 0x38, 0x98, 0x05, 0xEB, 0xD2, 0xE2,
    0xB0, 0x90, 0xD1, 0x3F, 0xD4, 0xFB, 0xB0, 0x94, 0x91, 0x3E, 0x54, 0x3D, 0x40, 0xE9, 0xC1, 0xCC,
    0x94, 0xAA, 0x7F, 0x21, 0xF5, 0x68, 0x02, 0xB5, 0x57, 0x3F, 0x11, 0xC7, 0x06, 0x7A, 0x1F, 0x1A,
    0xFE, 0x0C, 0x7A, 0x1F, 0x1A, 0x78, 0x4F, 0xB8, 0xF7, 0xE1, 0x0D, 0xDF, 0x9F, 0x7F, 0x66, 0x6D,
    0xFC, 0x3A, 0x19, 0xDE, 0x9A, 0x1C, 0x0E, 0x2B, 0x69, 0xE4, 0xC7, 0xF2, 0x7F, 0xF2, 0xB5, 0xA8,
    0xE2, 0x57, 0x62, 0xEB, 0x62, 0xF2, 0x95, 0x07, 0x67, 0xC3, 0x7E, 0x98, 0x13, 0xD8, 0x6F, 0x24,
    0x8D, 0x4A, 0x80, 0x57, 0x20, 0x53, 0x04, 0xA0, 0x1E, 0x68, 0xAB, 0x9B, 0x89, 0x72, 0x34, 0x5F,
    0xDF, 0x5C, 0xA1, 0xD3, 0x47, 0x3A, 0xC3, 0xE0, 0x06, 0x33, 0xD2, 0x19, 0x00, 0x27, 0x37, 0x4B,
    0xB1, 0x0A, 0x7B, 0xF8, 0x73, 0x52, 0x1A, 0x16, 0xE1, 0x0E, 0x06, 0x59, 0x33, 0xC2, 0x1C, 0xFA,
    0x24, 0x7F, 0xB8, 0x2B, 0x6F, 0x68, 0xC9, 0x91, 0xF3, 0x44, 0x27, 0xFC, 0x7B, 0x64, 0xC7, 0x11,
    0x38, 0x43, 0x43, 0x80, 0x39, 0x31, 0x63, 0xA0, 0xAE, 0xFB, 0x94, 0x1D, 0x04, 0xBE, 0x50, 0x59,
    0x9B, 0xA8, 0xF9, 0x80, 0xE7, 0xCD, 0x5A, 0x4B, 0xC3, 0x8A, 0x8F, 0xD7, 0x38, 0xAB, 0x15, 0x03,
    0x7C, 0x8D, 0x78, 0x6D, 0x3B, 0x32, 0x34, 0xC4, 0x7C, 0x94, 0xAA, 0x56, 0x7E, 0xA7, 0xE1, 0xDC,
    0x2C, 0xA6, 0x32, 0xCB, 0x11, 0xC8, 0x58, 0x2B, 0xE6, 0xA0, 0x6C, 0xDA, 0x79, 0xCB, 0x72, 0x73,
    0x0C, 0xDA, 0x13, 0x0C, 0x61, 0x21, 0x7D, 0x1D, 0x4D, 0x20, 0x1F, 0x4C, 0xD4, 0x2D, 0x7D, 0xBD,
    0xB6, 0x96, 0x04, 0xD9, 0xD9, 0xF3, 0x0F, 0x91, 0x3F, 0x40, 0x66, 0xAE, 0x32, 0xB3, 0x34, 0x63,
    0xAE, 0x03, 0x2A, 0x06, 0xCA, 0xDF, 0x83, 0x8F, 0x06, 0x98, 0xCC, 0x1F, 0x7A, 0x44, 0xE6, 0x13,
    0x04, 0x25, 0xF0, 0x98, 0x4F, 0xF7, 0xD1, 0xB4, 0x8B, 0xD0, 0x08, 0x12, 0xEB, 0x18, 0x8B, 0x62,
    0x9D, 0x03, 0x89, 0xB2, 0x06, 0x0E, 0xD5, 0x6A, 0x77, 0xEB, 0x4E, 0x30, 0xE8, 0x86, 0x29, 0x60,
    0x67, 0x44, 0xF8, 0xB4, 0x07, 0x4C, 0xE7, 0x15, 0x8E, 0x4A, 0x19, 0x14, 0x62, 0x62, 0x92, 0x65,
    0xEB, 0xFC, 0x8C, 0xD9, 0x1E, 0x60, 0x2B, 0x74, 0x87, 0xF5, 0x41, 0x55, 0x20, 0xBA, 0x26, 0x0D,
    0xD7, 0x67, 0x51, 0x9E, 0x41, 0x32, 0x61, 0x7C, 0x0E, 0x79, 0xAE, 0x0E, 0x09, 0x65, 0xAC, 0xA9,
    0x54, 0x66, 0xBC, 0xD1, 0xC1, 0xDD, 0x3B, 0xC5, 0x5C, 0xF1, 0x81, 0x34, 0x0F, 0x03, 0xEE, 0x8A,
    0xE9, 0x46, 0x46, 0x71, 0x13, 0xF6, 0x48, 0x8B, 0xFD, 0xA5, 0x51, 0x3A, 0x2C, 0xC8, 0xDD, 0xD7,
    0x27, 0x1E, 0x83, 0xD5, 0x09, 0xC1, 0x14, 0xE0, 0x90, 0x0A, 0x2F, 0x9B, 0x83, 0xC8, 0x28, 0x2A,
    0x42, 0x3A, 0xD0, 0x7B, 0xC0, 0x63, 0x86, 0xC2, 0xC3, 0x83, 0xCA, 0x28, 0xF2, 0xF6, 0xC9, 0x74,
    0x97, 0x16, 0x5E, 0x37, 0x4D, 0x9F, 0x67, 0xFC, 0x16, 0x7B, 0x68, 0xD2, 0x68, 0x46, 0x27, 0x11,
    0xE4, 0x0F, 0x06, 0xD7, 0xFB, 0xE6, 0xC0, 0x55, 0x47, 0x61, 0xB9, 0x45, 0x20, 0x4F, 0xEE, 0x0D,
    0x26, 0x4A, 0xF8, 0xBF, 0x39, 0xB3, 0x36, 0xE3, 0xC9, 0x6B, 0x43, 0xF4, 0x66, 0x11, 0xF3, 0xD1,
    0xBF, 0xBD, 0xEC, 0xD6, 0xBC, 0xD8, 0xE2, 0xE5, 0x02, 0x7C, 0x72, 0x12, 0x50, 0x63, 0x7B, 0x0A,
    0xF7, 0xBF, 0xDE, 0x92, 0x40, 0xDD, 0xB3, 0xD2, 0x5F, 0xA9, 0xD9, 0xEE, 0xD0, 0x2B, 0x08, 0x9C,
    0x3D, 0x70, 0xD4, 0x0D, 0x83, 0xB1, 0xE2, 0x6E, 0x26, 0xB4, 0x4B, 0x3D, 0x8D, 0x5F, 0xCA, 0x3C,
    0x95, 0xB7, 0x94, 0xE9, 0xF8, 0xDC, 0x7D, 0x74, 0x6F, 0xA0, 0x9D, 0x6A, 0xC6, 0x9A, 0x86, 0x34,
    0x38, 0xA5, 0xCF, 0x4A, 0xA3, 0xA9, 0x31, 0x3C, 0xC0, 0x69, 0x06, 0x77, 0x20, 0x1B, 0x72, 0x84,
    0x37, 0x61, 0x04, 0x83, 0xC8, 0x69, 0x86, 0x21, 0x29, 0x02, 0x4C, 0xF9, 0xF6, 0x14, 0x2E, 0x6C,
    0x15, 0xF2, 0x9E, 0xED, 0xAC, 0xBB, 0x1C, 0x74, 0xD7, 0xC8, 0x73, 0xEF, 0xDE, 0xA7, 0xF8, 0x33,
    0x72, 0x3B, 0x14, 0x3E, 0x88, 0x4B, 0x47, 0x60, 0x6A, 0xE3, 0x05, 0xC7, 0x8E, 0x86, 0xFC, 0x0E,
    0xC8, 0x6D, 0xDF, 0xC2, 0xF0, 0x46, 0x43, 0x34, 0x18, 0x24, 0xA8, 0xA6, 0x03, 0x67, 0x55, 0xC5,
    0x3A, 0xE1, 0x99, 0x5F, 0xFE, 0x6C, 0x2E, 0xDE, 0x85, 0x86, 0x1A, 0xD1, 0xBF, 0x3F, 0x49, 0x2E,
    0x6B, 0x85, 0x4E, 0x5F, 0x0A, 0x3B, 0xCC, 0xB4, 0xE1, 0x24, 0xC9, 0x4B, 0x60, 0xA8, 0xC6, 0xB7,
    0xA1, 0xAA, 0xE3, 0x40, 0x56, 0xE3, 0x15, 0x14, 0x35, 0x5E, 0x41, 0x51, 0xE3, 0x05, 0x84, 0x7A,
    0x68, 0x79, 0x98, 0x80, 0xD0, 0x0F, 0x5B, 0xCA, 0x9D, 0x72, 0x0A, 0x22, 0xF7, 0x53, 0x72, 0x1A,
    0x22, 0x6B, 0xE6, 0x4E, 0x45, 0xEC, 0x67, 0xF7, 0xBD, 0x50, 0xE3, 0x47, 0xE9, 0xCF, 0x21, 0x6A,
    0x3C, 0x35, 0xC6, 0x3B, 0x3A, 0x2D, 0x91, 0x94, 0x44, 0x74, 0x5C, 0xE1, 0xC7, 0xA6, 0xA6, 0xCD,
    0x48, 0x11, 0x95, 0xBD, 0x2C, 0xEC, 0xF7, 0x0E, 0xBD, 0x3F, 0x84, 0xFD, 0xB4, 0x6B, 0x8B, 0x1A,
    0xDA, 0xA0, 0x72, 0xDD, 0x55, 0x01, 0xA4, 0x8D, 0x4C, 0xF7, 0x3D, 0xD2, 0x00, 0x51, 0x70, 0x1C,
    0x44, 0xBC, 0xF6, 0xA8, 0x37, 0xB3, 0x3D, 0xDC, 0x7F, 0x1A, 0xEA, 0x8E, 0x97, 0xD4, 0xF8, 0xC1,
    0xC5, 0x09, 0x9A, 0x18, 0xCE, 0xA9, 0x12, 0x5E, 0xFA, 0x8E, 0xEE, 0x2C, 0x5F, 0xA6, 0x21, 0x38,
    0x62, 0xC3, 0x5C, 0x7E, 0x64, 0xB4, 0x27, 0x31, 0xDA, 0x54, 0xE5, 0x66, 0x2B, 0x56, 0xDD, 0x8A,
    0x1C, 0xC9, 0xD9, 0xD4, 0xD5, 0x8F, 0xF7, 0xA2, 0xA4, 0x4E, 0x1C, 0x07, 0xC0, 0xD8, 0x0C, 0x4A,
    0xC6, 0x81, 0xB1, 0x23, 0xCA, 0x7A, 0x0D, 0x5F, 0x0D, 0xD5, 0x8B, 0xB1, 0xBA, 0xCE, 0x30, 0x7D,
    0x1F, 0xED, 0xC7, 0x1F, 0x48, 0x97, 0x3A, 0xAA, 0x36, 0x83, 0x5C, 0x3E, 0x58, 0xAD, 0xD3, 0x5A,
    0x84, 0x3F, 0x5C, 0xC4, 0xB0, 0xEA, 0xA8, 0x6E, 0x07, 0x3E, 0x5A, 0xDE, 0x92, 0x0E, 0x92, 0x92,
    0x5C, 0xF6, 0xD8, 0x93, 0x16, 0x55, 0x3B, 0xE2, 0xDA, 0xE7, 0x0C, 0x2A, 0x8C, 0xC7, 0x65, 0xFE,
    0xD3, 0xF2, 0x59, 0xC9, 0x76, 0x09, 0x45, 0x58, 0x25, 0x60, 0x84, 0x70, 0x16, 0x16, 0xD8, 0x1E,
    0x30, 0x21, 0x32, 0x5B, 0xB9, 0xC1, 0x9E, 0xCC, 0x86, 0xF1, 0xFE, 0x7B, 0x2B, 0x74, 0x08, 0x4B,
    0x3F, 0x0B, 0x98, 0x59, 0xE4, 0xD0, 0x15, 0x2F, 0xD2, 0x59, 0x73, 0xD2, 0xF3, 0x76, 0xA4, 0xE7,
    0xCC, 0x30, 0x88, 0x0F, 0x64, 0x8F, 0x99, 0x27, 0x93, 0x45, 0xD3, 0x37, 0x0E, 0x11, 0x43, 0xDD,
    0x92, 0x0B, 0x29, 0x7C, 0x59, 0xD4, 0xD2, 0x32, 0xCA, 0xE8, 0x8C, 0x7A, 0x05, 0x2F, 0x8F, 0xA3,
    0x54, 0x4C, 0x81, 0x52, 0x31, 0x05, 0x4A, 0xC5, 0x14, 0x28, 0x15, 0xBA, 0x1E, 0x78, 0x16, 0x92,
    0x53, 0x2A, 0xA0, 0x68, 0xA9, 0x52, 0x91, 0x04, 0x4A, 0x45, 0x12, 0x29, 0x15, 0xE6, 0x53, 0x28,
    0x15, 0x7D, 0xA0, 0x54, 0x18, 0xAF, 0x54, 0x88, 0x9F, 0xE1, 0x96, 0x52, 0xD1, 0x5C, 0x51, 0x2A,
    0xCC, 0x75, 0xA5, 0xE2, 0xD2, 0xBF, 0x7C, 0xBC, 0x96, 0x39, 0x1B, 0xE5, 0xD4, 0x46, 0xE3, 0x78,
    0x1E, 0xB1, 0xC1, 0x6A, 0x6C, 0x44, 0x86, 0x22, 0xB9, 0xBE, 0xFA, 0xA5, 0x52, 0xD1, 0x76, 0x4D,
    0xDD, 0x89, 0x01, 0x97, 0x39, 0xBA, 0x06, 0xDF, 0xDD, 0x98, 0x40, 0xB0, 0xD6, 0xC3, 0xC1, 0xB3,
    0xDF, 0xEA, 0x7B, 0x47, 0xCF, 0x7C, 0xAB, 0x37, 0x26, 0x6F, 0x99, 0x57, 0xAF, 0xAF, 0xDE, 0x30,
    0xAF, 0xC7, 0xCD, 0xDB, 0xE5, 0x0D, 0xA2, 0x4B, 0x62, 0x49, 0xD3, 0x88, 0x38, 0xB5, 0xCA, 0x13,
    0xEA, 0xBC, 0xA0, 0x46, 0x79, 0xC6, 0x6E, 0x7A, 0xB6, 0xC9, 0xEB, 0x4D, 0x45, 0x59, 0x9F, 0xDC,
    0x97, 0x7C, 0x60, 0x3E, 0xD4, 0xE6, 0xA8, 0xEF, 0xB4, 0xE8, 0xA9, 0xAF, 0xC0, 0xA1, 0x7F, 0xC9,
    0x45, 0xC6, 0x9B, 0x91, 0xB4, 0x23, 0x27, 0x2B, 0xA5, 0x0A, 0x40, 0x30, 0x35, 0x07, 0xF6, 0x76,
    0x61, 0xBA, 0x26, 0x28, 0x83, 0x09, 0xCF, 0x4B, 0x1B, 0x2A, 0x40, 0x3C, 0x53, 0x7D, 0xB8, 0xEE,
    0x93, 0x3A, 0x83, 0xDC, 0x4C, 0xAB, 0x29, 0xDC, 0xD1, 0x72, 0x0A, 0xF5, 0x95, 0x32, 0x38, 0x32,
    0xAF, 0x78, 0x08, 0xBA, 0x8A, 0x85, 0x9E, 0x50, 0xCC, 0xF6, 0xC8, 0x06, 0x4F, 0x9C, 0x9E, 0x42,
    0x85, 0x82, 0xA3, 0xDA, 0x35, 0x23, 0xB5, 0xEA, 0x1C, 0x05, 0xB9, 0xB5, 0x85, 0x90, 0xFD, 0xCF,
    0x1A, 0xCA, 0x29, 0x9F, 0x91, 0x07, 0x0E, 0xF4, 0x96, 0x94, 0x84, 0x42, 0x93, 0xC2, 0xF8, 0x08,
    0xCD, 0x89, 0x91, 0x99, 0x55, 0xAC, 0xAB, 0xB4, 0x27, 0x81, 0x5A, 0x16, 0x21, 0x0A, 0xC9, 0xF8,
    0x84, 0x49, 0xC9, 0x8F, 0x50, 0x29, 0x0E, 0x5C, 0xCA, 0xDB, 0x9E, 0x1C, 0xE5, 0x59, 0x41, 0x56,
    0x6E, 0x61, 0x3A, 0xB5, 0x65, 0xCC, 0xF7, 0x02, 0x0C, 0x0E, 0x51, 0xE0, 0xBA, 0x8A, 0x94, 0x4D,
    0x78, 0x1E, 0xBF, 0x60, 0x42, 0x9F, 0x88, 0x09, 0xD5, 0x11, 0xD0, 0xC5, 0xFC, 0x41, 0xE4, 0x3C,
    0xE7, 0xE8, 0x0F, 0x5A, 0xD2, 0x79, 0x72, 0x80, 0xE4, 0xEB, 0x4B, 0x30, 0x98, 0x53, 0x92, 0xDD,
    0x78, 0x4D, 0x4A, 0x4B, 0x66, 0xBC, 0x4A, 0x6A, 0x32, 0x23, 0x56, 0xF2, 0xF8, 0x19, 0xB3, 0x92,
    0xCD, 0xCF, 0xA8, 0x95, 0x9C, 0x7E, 0xA1, 0x53, 0xCE, 0xEC, 0x67, 0xE4, 0x4A, 0x7E, 0x3F, 0x63,
    0x57, 0xB2, 0xFC, 0x19, 0xBD, 0x9A, 0xEB, 0xCF, 0x2C, 0x80, 0x53, 0x97, 0x85, 0x05, 0x70, 0xFA,
    0xB2, 0xE7, 0x81, 0x8E, 0x05, 0x84, 0x40, 0x17, 0x02, 0x87, 0x00, 0x60, 0xB6, 0x20, 0x40, 0x75,
    0xB8, 0xC5, 0x30, 0x3F, 0x35, 0xF0, 0x89, 0xF8, 0xC1, 0x45, 0x9F, 0x9E, 0xEA, 0xB9, 0xA5, 0x39,
    0x78, 0x7E, 0x60, 0x6F, 0x3E, 0x7B, 0x7E, 0x90, 0xCA, 0x24, 0x6F, 0xB6, 0x5C, 0xF2, 0x3D, 0xC3,
    0x81, 0x61, 0x7E, 0x90, 0x73, 0xBA, 0xBC, 0x58, 0x2D, 0x94, 0x1C, 0x7E, 0x54, 0x7E, 0x40, 0x91,
    0xDE, 0x6A, 0x72, 0x16, 0x0B, 0xC7, 0x9B, 0x95, 0x1F, 0x88, 0x5B, 0x47, 0xAD, 0x15, 0x77, 0x94,
    0x7A, 0x26, 0x54, 0x39, 0xE5, 0x2D, 0x93, 0x70, 0xE9, 0x5C, 0xD4, 0x14, 0xD5, 0xA8, 0x1C, 0x3F,
    0x20, 0x1D, 0x4A, 0x5A, 0x8F, 0x50, 0x6B, 0xE1, 0xD5, 0x09, 0x39, 0x8B, 0xF2, 0x9C, 0xC2, 0x83,
    0xDD, 0x45, 0x35, 0x85, 0x35, 0xCF, 0x10, 0x07, 0x7B, 0x77, 0xAD, 0x52, 0x2A, 0x08, 0x1D, 0xF1,
    0xCF, 0x12, 0xAA, 0xE6, 0xB8, 0x19, 0x03, 0x12, 0x3D, 0x13, 0xA7, 0x34, 0xC7, 0xD0, 0xD4, 0xD3,
    0x8C, 0x48, 0x92, 0x86, 0x7C, 0x11, 0x24, 0x62, 0x8C, 0x4B, 0x3C, 0x49, 0xA8, 0x9A, 0x43, 0x4A,
    0x8C, 0x6F, 0x89, 0x2A, 0x31, 0xBA, 0x25, 0xB0, 0xC4, 0xD8, 0x96, 0xD8, 0x92, 0x13, 0x6C, 0x73,
    0xA1, 0xF6, 0xA1, 0x44, 0x98, 0x84, 0x69, 0x70, 0x90, 0x49, 0xB8, 0x86, 0xCC, 0xD5, 0x10, 0x43,
    0xFE, 0xA8, 0x98, 0xED, 0x35, 0xDA, 0x24, 0x68, 0xBE, 0x2F, 0xF1, 0x35, 0xA6, 0x6A, 0xC4, 0x9C,
    0x94, 0xAA, 0x79, 0xD0, 0x86, 0x52, 0x35, 0x26, 0x6D, 0x28, 0x55, 0x37, 0xE1, 0x7C, 0xEE, 0x70,
    0xD6, 0x46, 0x3C, 0x6C, 0x23, 0x9A, 0xB6, 0x11, 0x8D, 0xDB, 0xB8, 0x55, 0xE9, 0x33, 0xDC, 0xD6,
    0x13, 0x82, 0x55, 0x40, 0xBB, 0xD1, 0xEA, 0xEF, 0x74, 0x55, 0xC8, 0x96, 0x0F, 0x48, 0x7A, 0xC3,
    0x2A, 0x53, 0x51, 0x3A, 0x54, 0x94, 0x57, 0xF2, 0x1F, 0x50, 0x71, 0x36, 0x0F, 0x9C, 0x4C, 0x32,
    0xC0, 0x46, 0x43, 0xE8, 0x65, 0x4B, 0xF6, 0x8C, 0xA7, 0x1B, 0x4D, 0x09, 0xD5, 0x6C, 0xB1, 0x2D,
    0xB6, 0xF5, 0xD4, 0xC9, 0x99, 0xBC, 0xC0, 0x5C, 0x0A, 0x23, 0xD9, 0xAC, 0x9B, 0xAB, 0x60, 0x5A,
    0x9D, 0x76, 0xA5, 0x39, 0x39, 0xA1, 0x2B, 0x77, 0xBB, 0xB0, 0xDA, 0x2F, 0x3C, 0x43, 0x7F, 0x31,
    0x09, 0xDD, 0x3D, 0xF9, 0x74, 0x7B, 0xE1, 0xFF, 0xF8, 0xE2, 0x82, 0xC9, 0x76, 0xD0, 0x3E, 0x20,
    0xF4, 0xB8, 0xAB, 0x22, 0x86, 0x17, 0xA9, 0x58, 0x17, 0x43, 0x25, 0xDE, 0xC4, 0xA1, 0x9D, 0x65,
    0x81, 0xBA, 0x0F, 0x56, 0x9A, 0x64, 0xB0, 0xDD, 0x4C, 0xA6, 0xCC, 0xCA, 0x2D, 0xEC, 0x8D, 0xF4,
    0x7F, 0xAC, 0x11, 0x75, 0x27, 0xEF, 0xAA, 0x24, 0xB6, 0x34, 0x88, 0xDB, 0x13, 0x87, 0xFE, 0xF5,
    0xCA, 0x7D, 0xBF, 0xF7, 0xAF, 0x73, 0x63, 0x2D, 0x73, 0xCA, 0x64, 0xD1, 0xC9, 0x62, 0x58, 0x78,
    0x96, 0xAB, 0xFD, 0x39, 0xAF, 0x61, 0x64, 0xAF, 0x35, 0x63, 0x3F, 0xE2, 0x05, 0xFD, 0x54, 0x49,
    0xEF, 0x1C, 0x56, 0xAD, 0x71, 0x59, 0x25, 0xC6, 0x00, 0x5E, 0x31, 0x84, 0xB2, 0x59, 0x2F, 0x71,
    0xD3, 0xD3, 0xE0, 0x42, 0xA8, 0x70, 0x53, 0x7F, 0x0A, 0xB3, 0x3A, 0x24, 0x08, 0x0A, 0x04, 0x01,
    0xF2, 0xF8, 0xF2, 0xF0, 0x03, 0x47, 0xD1, 0x86, 0x99, 0x2F, 0x47, 0xEE, 0x02, 0xDF, 0xE1, 0xF2,
    0xA4, 0x33, 0x87, 0xC2, 0xCB, 0x80, 0x3F, 0xB7, 0x87, 0xF6, 0xEB, 0x2B, 0x54, 0x0C, 0xBA, 0x75,
    0x73, 0x42, 0x0E, 0x0F, 0x4D, 0x02, 0xE5, 0xEE, 0x51, 0xE4, 0x0E, 0xAB, 0x17, 0xB0, 0xAA, 0x92,
    0x3B, 0x07, 0x64, 0x0B, 0xFF, 0xF9, 0xD3, 0xB1, 0x89, 0x15, 0x8B, 0xD6, 0x58, 0xB6, 0x06, 0xC2,
    0x35, 0x45, 0x2D, 0x86, 0x08, 0x54, 0x74, 0xB9, 0xF1, 0xD0, 0x80, 0xDE, 0x15, 0x22, 0x5F, 0x73,
    0x73, 0xB8, 0xBF, 0xB9, 0xEC, 0x13, 0xFA, 0x7E, 0x15, 0xB7, 0x37, 0x08, 0x1A, 0x8A, 0xBC, 0xB5,
    0xCC, 0x08, 0x79, 0xE0, 0x4E, 0xC6, 0x0E, 0x5C, 0xF7, 0x2A, 0xEC, 0xA8, 0xB1, 0x77, 0x9C, 0x8C,
    0x4A, 0x59, 0x8B, 0xCB, 0x61, 0x74, 0xDC, 0xDF, 0x32, 0x6E, 0xD6, 0xA1, 0x45, 0xD5, 0x36, 0xAB,
    0x17, 0xB4, 0x09, 0x99, 0xD9, 0x5E, 0xD2, 0x52, 0xBD, 0x95, 0x17, 0xB5, 0x28, 0xA3, 0x77, 0xB2,
    0xB6, 0x5A, 0x43, 0x61, 0x4B, 0x39, 0xCD, 0x81, 0xB4, 0x3D, 0x9C, 0x89, 0xDB, 0x58, 0xDE, 0xC6,
    0x02, 0xF7, 0x4C, 0x60, 0x7E, 0x36, 0xD0, 0x2D, 0x0F, 0xE2, 0x7C, 0x37, 0x28, 0x8D, 0x8E, 0xE3,
    0x29, 0x2A, 0xBE, 0x65, 0x24, 0xD0, 0x5F, 0x92, 0xE7, 0xEC, 0x81, 0x8F, 0x15, 0xD3, 0x64, 0x08,
    0xD6, 0xF8, 0x61, 0xE7, 0x64, 0x08, 0x9F, 0x75, 0xCE, 0xD2, 0x69, 0xC7, 0xE6, 0x35, 0xA7, 0x44,
    0x12, 0x2A, 0x9B, 0x11, 0x9D, 0x5E, 0xB1, 0x07, 0xB5, 0xFD, 0xB0, 0xD2, 0x6F, 0x0B, 0xEA, 0x68,
    0x50, 0x7B, 0x85, 0x5D, 0x20, 0x11, 0x8F, 0x99, 0x15, 0xE2, 0xD1, 0xE0, 0xF6, 0x16, 0xBD, 0x3A,
    0x99, 0x4E, 0x32, 0xD1, 0x42, 0x9D, 0x4C, 0xF4, 0x61, 0xF1, 0x05, 0xB5, 0x68, 0xF3, 0xD8, 0x8C,
    0x22, 0x43, 0xDB, 0x8E, 0x8A, 0xB3, 0x2D, 0xB8, 0xE8, 0x5E, 0x64, 0x34, 0xC0, 0xDD, 0x38, 0x51,
    0x6C, 0x2D, 0x28, 0xE7, 0x0B, 0x84, 0x93, 0xC9, 0xDC, 0x8C, 0x71, 0x3C, 0x32, 0x02, 0xCB, 0x18,
    0x3C, 0x9F, 0x24, 0x7B, 0x06, 0xB6, 0xE3, 0x6D, 0x1B, 0xF8, 0xB7, 0xC8, 0x11, 0x6A, 0x61, 0x82,
    0xCA, 0x02, 0x85, 0x01, 0xC2, 0x95, 0x86, 0x23, 0x4D, 0xCC, 0x4F, 0x58, 0x9F, 0x30, 0x3E, 0x61,
    0x7B, 0x10, 0x93, 0x1F, 0xAD, 0xC2, 0xF2, 0xC2, 0x0A, 0x00, 0x69, 0x7E, 0x90, 0xFB, 0x09, 0x16,
    0xE7, 0x57, 0x97, 0x00, 0x1F, 0x5E, 0xFF, 0x91, 0xAF, 0x48, 0x97, 0x4C, 0x57, 0x3E, 0xC5, 0x29,
    0x55, 0xDB, 0x74, 0x74, 0x1D, 0x16, 0x49, 0xB7, 0x3C, 0xF0, 0xDC, 0x1B, 0x44, 0xB8, 0x50, 0x71,
    0xB5, 0x09, 0x5E, 0xE8, 0x56, 0xCF, 0x3D, 0x59, 0x1D, 0xD7, 0xFF, 0x42, 0x2A, 0x57, 0x75, 0xDC,
    0x76, 0xAE, 0x12, 0xE6, 0x4C, 0xBE, 0xDA, 0xAA, 0x95, 0xF4, 0x0C, 0xD5, 0x44, 0x5D, 0x00, 0x90,
    0xB5, 0xFE, 0x3D, 0x4B, 0x2F, 0x5D, 0x6E, 0x55, 0x79, 0x84, 0x9B, 0x86, 0x13, 0x65, 0x7F, 0x9C,
    0x38, 0x9B, 0x18, 0xC9, 0x78, 0x34, 0xAD, 0x61, 0x97, 0x2D, 0x43, 0x9B, 0x62, 0x52, 0xD2, 0xF7,
    0x0E, 0x85, 0x0C, 0xA5, 0xBA, 0xAF, 0x34, 0xF9, 0xEA, 0x1E, 0xDA, 0x4B, 0xEB, 0xD1, 0x39, 0x5C,
    0x58, 0x75, 0x8E, 0x3A, 0x93, 0x6B, 0xAB, 0xF2, 0xA8, 0x2B, 0x35, 0xF2, 0x81, 0xDB, 0x5E, 0x44,
    0xDF, 0xC2, 0xAB, 0xD4, 0xBC, 0x23, 0xEF, 0x96, 0x7B, 0xA1, 0xF6, 0xED, 0xAC, 0x96, 0xAE, 0x19,
    0x75, 0xB5, 0x3B, 0xEB, 0x77, 0x76, 0xAB, 0xA3, 0xAE, 0xDA, 0x4E, 0x72, 0x79, 0x48, 0x20, 0x34,
    0xBB, 0xCA, 0x70, 0xC3, 0x86, 0x09, 0x3C, 0x60, 0x6B, 0x2F, 0xF9, 0x26, 0x85, 0xC4, 0xE3, 0xA9,
    0x8A, 0xC9, 0xE8, 0xDE, 0x8A, 0x1B, 0x96, 0x9A, 0x3F, 0x1A, 0x4D, 0x99, 0x57, 0x57, 0x41, 0xE3,
    0x74, 0x82, 0xD4, 0xCF, 0x1B, 0x8C, 0x75, 0xFB, 0x60, 0xA5, 0x93, 0x6D, 0x5D, 0x30, 0xD3, 0x29,
    0x9D, 0xDA, 0x2A, 0xBE, 0x38, 0x69, 0xEE, 0xE1, 0xB0, 0xC8, 0xD4, 0xA5, 0x42, 0x3C, 0xF8, 0x4C,
    0xFB, 0x70, 0x85, 0x60, 0xEE, 0x1D, 0xDE, 0x45, 0xF4, 0x1C, 0x2B, 0xE0, 0x05, 0x7F, 0x8B, 0x89,
    0x77, 0x15, 0x73, 0xF8, 0x4A, 0xE6, 0x29, 0xA0, 0xC9, 0x3C, 0xBE, 0x03, 0xB3, 0xEE, 0x4A, 0x8D,
    0xF6, 0x62, 0xC5, 0x73, 0xEE, 0x0A, 0x17, 0xDD, 0xF5, 0xAB, 0xD2, 0x45, 0x79, 0x2B, 0x17, 0xE3,
    0xE5, 0x6C, 0x45, 0x64, 0xDB, 0x8F, 0x82, 0x2C, 0xCD, 0x55, 0xCC, 0x16, 0x9F, 0x5D, 0xE2, 0x33,
    0x15, 0xE3, 0x44, 0xC5, 0xEB, 0x09, 0xEB, 0xED, 0x85, 0x24, 0x3B, 0xE5, 0x5B, 0x8B, 0x58, 0x12,
    0x5C, 0x61, 0xC5, 0x0A, 0x20, 0x75, 0x69, 0x36, 0x09, 0x77, 0x68, 0xC6, 0xEB, 0x2F, 0x72, 0x66,
    0x6E, 0xFB, 0xDD, 0x4D, 0xCE, 0xEE, 0x49, 0x54, 0x17, 0x2E, 0x67, 0x6C, 0x37, 0x54, 0x0A, 0x7D,
    0xBF, 0x45, 0x9D, 0x10, 0xDA, 0xE7, 0xE6, 0xB4, 0xCC, 0x12, 0xBE, 0xB2, 0x47, 0x03, 0x1F, 0xD5,
    0x10, 0x23, 0x9A, 0xFD, 0x75, 0xF7, 0x79, 0xCC, 0xA0, 0x38, 0x72, 0x1B, 0xB9, 0x66, 0xE6, 0x23,
    0xE7, 0x17, 0xD2, 0xD9, 0x49, 0x4E, 0x69, 0x7C, 0x2E, 0x96, 0x3F, 0xD3, 0x5D, 0x50, 0xA0, 0x5F,
    0xEA, 0x94, 0x82, 0x08, 0xBA, 0x09, 0x21, 0xE2, 0xC1, 0xBD, 0x9B, 0x67, 0x80, 0x88, 0xAC, 0x79,
    0xC6, 0x60, 0x6C, 0x41, 0xC1, 0x25, 0x69, 0x3F, 0xF5, 0xF1, 0xAA, 0x66, 0xAE, 0xA5, 0x42, 0x95,
    0xFD, 0x40, 0xB9, 0x79, 0x1E, 0x10, 0x3B, 0xD2, 0x29, 0x74, 0xA1, 0x7E, 0x20, 0xEE, 0xFE, 0x7E,
    0x52, 0x91, 0x73, 0x48, 0xBE, 0x05, 0x88, 0x5D, 0xE8, 0x63, 0xF2, 0x35, 0x8D, 0x01, 0xF5, 0xC2,
    0x38, 0x4E, 0x2A, 0x6F, 0xD6, 0x00, 0xEA, 0x0A, 0x1D, 0xBB, 0x20, 0x65, 0x31, 0xA3, 0x83, 0x2C,
    0x89, 0x36, 0x9D, 0x2F, 0x8C, 0x3D, 0x50, 0xCF, 0xD5, 0xB3, 0xB8, 0xD2, 0x67, 0x03, 0x45, 0x9D,
    0x0D, 0xD7, 0xE4, 0x76, 0xC2, 0x8B, 0xA1, 0xF0, 0xC0, 0x4B, 0x8E, 0x43, 0xAF, 0xB5, 0x59, 0x3D,
    0xBB, 0xEE, 0x83, 0xB1, 0x56, 0x96, 0x8B, 0x0E, 0x2E, 0xD1, 0xC0, 0x72, 0xFA, 0xCA, 0x25, 0x1A,
    0xD8, 0x87, 0xCE, 0x5D, 0xA2, 0x41, 0xB9, 0x24, 0x3C, 0x37, 0x95, 0x94, 0x00, 0xF2, 0xD8, 0x6C,
    0xAA, 0x02, 0x10, 0x6E, 0x36, 0x55, 0x00, 0x88, 0x72, 0xD5, 0x8D, 0x94, 0x9A, 0x16, 0xE3, 0xB9,
    0x78, 0x1F, 0xAC, 0x11, 0x03, 0x80, 0xD3, 0xC4, 0x72, 0x06, 0x64, 0x17, 0x06, 0x02, 0xFE, 0xDC,
    0xF1, 0x98, 0x2D, 0x34, 0x42, 0xB6, 0xD0, 0x0E, 0xD9, 0xC2, 0x93, 0xB6, 0x85, 0xC7, 0x67, 0x0B,
    0x35, 0xAF, 0x2D, 0x54, 0xBC, 0xA2, 0x78, 0xEC, 0xA7, 0x06, 0x92, 0xC7, 0x1A, 0xD0, 0x81, 0xF2,
    0x42, 0x47, 0xED, 0xA4, 0x69, 0x39, 0x62, 0xA7, 0x08, 0xAE, 0xA7, 0xF5, 0xC6, 0x74, 0x8E, 0xD4,
    0xD1, 0x87, 0xFA, 0xE4, 0x34, 0xAC, 0x66, 0xAB, 0x02, 0xFD, 0x8A, 0xEA, 0xB2, 0x9D, 0x76, 0x65,
    0x1C, 0x99, 0x27, 0x66, 0x29, 0x9D, 0xB7, 0xB3, 0xA4, 0x66, 0x4D, 0xA7, 0x40, 0xAF, 0x6A, 0x4F,
    0x81, 0x56, 0xE5, 0x48, 0xBC, 0xA2, 0xEA, 0x38, 0x47, 0xE1, 0x66, 0xF3, 0x04, 0x9E, 0x0E, 0xAE,
    0x21, 0x27, 0xBE, 0x74, 0xF6, 0xE4, 0x6D, 0x6F, 0xEE, 0xA9, 0xDB, 0x7E, 0xED, 0x9B, 0xA7, 0x2B,
    0x91, 0xF0, 0x22, 0x04, 0xD2, 0x28, 0x46, 0x1E, 0xD6, 0xA7, 0x11, 0x9F, 0x7D, 0xAC, 0x11, 0x48,
    0xAD, 0x0C, 0x13, 0x62, 0x27, 0x86, 0x1B, 0x74, 0x64, 0x31, 0xFA, 0x67, 0x66, 0x12, 0xA0, 0x94,
    0x39, 0x43, 0xBB, 0xC3, 0xE8, 0x56, 0x60, 0x04, 0x12, 0x63, 0xB4, 0x6F, 0xF6, 0xDD, 0x79, 0xE7,
    0xDB, 0x96, 0x05, 0x3D, 0x3B, 0x31, 0x0C, 0x05, 0xBE, 0xC4, 0x64, 0xA8, 0xD7, 0x7C, 0x77, 0x82,
    0xBB, 0x5A, 0x70, 0x37, 0x6E, 0x0B, 0x50, 0x21, 0xA5, 0x16, 0x18, 0x7D, 0x92, 0xB0, 0xB6, 0x0B,
    0x46, 0x7B, 0xD1, 0x6F, 0xD9, 0x3B, 0x4F, 0xED, 0x93, 0x05, 0xE8, 0x9A, 0x1F, 0x1B, 0x9F, 0xD9,
    0x51, 0x19, 0xD7, 0x20, 0xBB, 0x19, 0x51, 0x65, 0xB4, 0x2B, 0x46, 0x29, 0xCF, 0xF2, 0x33, 0x18,
    0x81, 0x14, 0xE0, 0xED, 0x74, 0x6D, 0xAD, 0xB3, 0x8C, 0x3A, 0xAF, 0x8D, 0xB2, 0x2E, 0xCB, 0xA7,
    0x9F, 0x9B, 0x83, 0x01, 0x97, 0xA9, 0xE4, 0x70, 0x20, 0xBF, 0xC3, 0x78, 0xED, 0xBF, 0x5A, 0x52,
    0x67, 0x7D, 0x55, 0x27, 0xCE, 0x93, 0x23, 0x3C, 0x8A, 0xBC, 0x95, 0x5C, 0x01, 0x9F, 0x1D, 0xFA,
    0x84, 0x4C, 0x75, 0x90, 0xDE, 0x0A, 0xB4, 0xD6, 0x43, 0x5F, 0x4E, 0xFE, 0xCC, 0x57, 0x93, 0x3F,
    0xF2, 0x83, 0x0B, 0x6F, 0xFC, 0xFC, 0x65, 0x6D, 0x5F, 0x77, 0x68, 0x5D, 0xA4, 0xB1, 0x19, 0x7D,
    0x68, 0xA2, 0x3A, 0xA4, 0xC3, 0x1E, 0xAA, 0xED, 0x53, 0x14, 0x37, 0xBE, 0x4C, 0x8B, 0x61, 0x88,
    0x32, 0x0F, 0xBD, 0xC9, 0x43, 0x90, 0x1C, 0x10, 0xF6, 0x87, 0xCD, 0xBE, 0x88, 0x7C, 0x7C, 0xAE,
    0x91, 0x8F, 0x4F, 0xF0, 0xEF, 0x5B, 0xB1, 0x79, 0xD6, 0x45, 0xF9, 0xA3, 0x51, 0xC9, 0x6B, 0x0C,
    0xBD, 0x72, 0xCD, 0x70, 0xFB, 0x22, 0xEE, 0xF2, 0x49, 0x83, 0xBF, 0xD7, 0xFE, 0x35, 0xE1, 0xC9,
    0x1A, 0x2F, 0xDB, 0xD2, 0xE1, 0xEB, 0xB7, 0xFA, 0x36, 0x98, 0xCB, 0x4C, 0xEC, 0x0C, 0xF0, 0xFE,
    0x8D, 0x6A, 0x0C, 0x65, 0xEE, 0x18, 0xF8, 0x36, 0xAA, 0x31, 0xF0, 0x6C, 0x54, 0x63, 0xE0, 0xD7,
    0xA8, 0xC6, 0xC0, 0xAB, 0x51, 0x8D, 0x81, 0x4F, 0xA3, 0x1A, 0x03, 0x8F, 0x46, 0x35, 0x06, 0xFE,
    0x8C, 0x6A, 0x0C, 0xBC, 0x19, 0xD5, 0x18, 0xC8, 0xDC, 0x6A, 0x0C, 0x65, 0xEE, 0x18, 0xCA, 0xDC,
    0x31, 0x94, 0xB9, 0x63, 0x28, 0x73, 0xC7, 0x50, 0xE6, 0x7A, 0x67, 0x52, 0xB9, 0x57, 0x81, 0x2F,
    0xC9, 0x7C, 0x37, 0xC0, 0x54, 0xF3, 0xDE, 0xE8, 0x7D, 0xB5, 0x41, 0x7F, 0x39, 0x33, 0xA6, 0x21,
    0x10, 0xC4, 0xDB, 0xE9, 0xC9, 0xC7, 0x8B, 0xFE, 0x5D, 0xBD, 0x25, 0x4D, 0x3C, 0x4E, 0x30, 0xF7,
    0x38, 0x43, 0xAF, 0xC7, 0x1C, 0x13, 0x2E, 0x89, 0x62, 0xB8, 0x2E, 0x8A, 0x0A, 0xA4, 0x30, 0xC7,
    0x98, 0x2D, 0x84, 0xC1, 0xFC, 0x2F, 0x2A, 0x86, 0xA4, 0xC4, 0xCF, 0xD6, 0x74, 0xF4, 0x5F, 0xB4,
    0x64, 0x6C, 0xDF, 0x65, 0xEB, 0x9F, 0x72, 0x64, 0x2A, 0x83, 0x1E, 0x8C, 0x8D, 0xF9, 0x31, 0x4A,
    0x4E, 0x1F, 0xAC, 0xDE, 0xC9, 0x80, 0xCC, 0xEA, 0xB9, 0x46, 0xAF, 0xF2, 0x67, 0xE9, 0x93, 0xE6,
    0x5F, 0xEC, 0x5F, 0x9D, 0xEA, 0x07, 0x2B, 0x1C, 0x3E, 0x18, 0xCA, 0xDB, 0xD2, 0x2B, 0xA4, 0x68,
    0x56, 0xF0, 0x52, 0x16, 0x3C, 0x71, 0x93, 0xC9, 0xF7, 0x29, 0xA6, 0xC8, 0x15, 0x45, 0x0C, 0x68,
    0xA4, 0xE0, 0x97, 0xC6, 0x2D, 0x53, 0x3F, 0x71, 0x5E, 0x26, 0x2B, 0xD3, 0xFF, 0xED, 0x5D, 0xC8,
    0xF8, 0xBF, 0x4F, 0x54, 0x4E, 0xEE, 0x76, 0xF4, 0x4B, 0x24, 0xEF, 0x23, 0x17, 0xE0, 0x40, 0xA5,
    0xD9, 0x87, 0xCC, 0x6C, 0x03, 0x53, 0x52, 0xDF, 0xA2, 0x17, 0x61, 0x86, 0x39, 0xCE, 0xF0, 0xA6,
    0x51, 0x09, 0x4A, 0xCF, 0x9E, 0x00, 0x32, 0x57, 0x7A, 0x19, 0x72, 0x34, 0x72, 0xEC, 0x67, 0xE0,
    0xA4, 0xA3, 0x9E, 0x55, 0x6A, 0x62, 0xCA, 0x3D, 0x13, 0x29, 0x39, 0x17, 0x7A, 0x19, 0x92, 0x4A,
    0x11, 0x97, 0x12, 0xF7, 0xE5, 0xA9, 0xF6, 0xC3, 0xC4, 0x13, 0x07, 0x57, 0x9A, 0x7D, 0x25, 0x32,
    0x9A, 0x82, 0x25, 0xE2, 0x58, 0x30, 0x6E, 0xA6, 0x7D, 0x6D, 0x5C, 0x1F, 0x7B, 0x8A, 0x1E, 0x48,
    0x3F, 0x86, 0xCC, 0xF8, 0x24, 0x7A, 0x19, 0x5E, 0x45, 0xFF, 0xFE, 0xC6, 0xFE, 0xFF, 0xBF, 0x26,
    0x32, 0x14, 0x99, 0x8E, 0x8A, 0x91, 0x85, 0xDD, 0xE2, 0x4C, 0xD3, 0xD7, 0xC9, 0x9D, 0x32, 0xCA,
    0x46, 0x63, 0x81, 0x76, 0x42, 0x94, 0x98, 0xD4, 0xF0, 0x82, 0x77, 0x9C, 0x8F, 0xC3, 0x0B, 0x58,
    0x14, 0xA8, 0x92, 0x23, 0x8F, 0x0B, 0x7B, 0x63, 0x46, 0x8C, 0x24, 0xE2, 0x57, 0x8E, 0xB2, 0x68,
    0xF4, 0xAD, 0xCA, 0xCC, 0xBC, 0xB0, 0xC4, 0x9E, 0xF2, 0x7D, 0x32, 0x22, 0x09, 0x50, 0x77, 0xF3,
    0x2B, 0x59, 0x14, 0xF2, 0x15, 0xD8, 0x3F, 0x5E, 0x34, 0xBA, 0x28, 0xF5, 0xC4, 0xD4, 0x3A, 0xAB,
    0xA5, 0x35, 0x72, 0x38, 0x86, 0x67, 0xE4, 0x60, 0x98, 0xA4, 0x7E, 0x4F, 0x14, 0x19, 0x99, 0xC9,
    0x62, 0xF7, 0x82, 0x17, 0xAD, 0x5A, 0xF3, 0x95, 0x66, 0x4E, 0x64, 0x7C, 0x6C, 0x85, 0x7E, 0x26,
    0xA5, 0x9E, 0x49, 0x69, 0x67, 0x12, 0xCA, 0x31, 0x42, 0x37, 0xE9, 0x2A, 0x54, 0x43, 0x06, 0x34,
    0x68, 0x06, 0xC3, 0xA9, 0x88, 0x62, 0x48, 0x78, 0x13, 0xBD, 0x20, 0x71, 0x90, 0xA8, 0x85, 0x1B,
    0x32, 0x2D, 0x1C, 0x61, 0x04, 0xA5, 0x40, 0x88, 0xA3, 0x49, 0x33, 0x17, 0xAF, 0x31, 0xE3, 0x06,
    0x8D, 0x10, 0xDA, 0x41, 0x21, 0x74, 0x67, 0xD0, 0x07, 0x77, 0x5B, 0x26, 0xD1, 0x0F, 0x3B, 0x9F,
    0x68, 0x03, 0xEE, 0x35, 0xA2, 0x8C, 0x74, 0x55, 0xBA, 0x90, 0x62, 0x5D, 0x49, 0x74, 0xB1, 0xF4,
    0x50, 0x48, 0xD4, 0x42, 0x72, 0xD1, 0x33, 0xA3, 0x0A, 0x8F, 0xD1, 0x79, 0x40, 0x7F, 0x53, 0x6D,
    0x97, 0x53, 0x20, 0xFB, 0x09, 0x87, 0xDB, 0xE0, 0x52, 0xF0, 0xA5, 0x64, 0x0F, 0x63, 0x35, 0x69,
    0xD3, 0xE7, 0x1B, 0x0C, 0x51, 0x29, 0xE1, 0x1B, 0xD8, 0xB9, 0xA8, 0x78, 0x80, 0x87, 0x31, 0x35,
    0xF0, 0x30, 0x56, 0x06, 0xED, 0xA3, 0x07, 0x74, 0x8D, 0xA6, 0x18, 0x5F, 0xC6, 0x63, 0x63, 0x71,
    0xE1, 0x9B, 0xF5, 0xDC, 0xC4, 0x03, 0xB3, 0xB0, 0x13, 0x9E, 0x81, 0x8D, 0xC7, 0x79, 0x0D, 0x1D,
    0xD1, 0x9A, 0xF7, 0x71, 0xA1, 0x19, 0xEA, 0xA8, 0xA7, 0xE2, 0x4B, 0xBB, 0x6A, 0x39, 0x61, 0xF3,
    0x2E, 0xD7, 0xD7, 0xDA, 0xDD, 0x79, 0x0B, 0x6C, 0x03, 0x91, 0x9F, 0x1B, 0x97, 0x7F, 0x76, 0xB3,
    0x86, 0xD9, 0x66, 0x81, 0xD7, 0xF2, 0xE3, 0x2C, 0xB6, 0x4B, 0x99, 0x45, 0xDC, 0x57, 0x83, 0x05,
    0x1E, 0xCF, 0x87, 0xA2, 0xF9, 0x72, 0x89, 0xCE, 0x87, 0xE2, 0xA4, 0x6B, 0x99, 0x0F, 0x95, 0x99,
    0x8C, 0xD8, 0x2E, 0xCF, 0x87, 0x22, 0x75, 0x6A, 0xD2, 0xF9, 0x50, 0x14, 0x6D, 0x7E, 0xA0, 0xF3,
    0xA1, 0xA8, 0xD0, 0xD4, 0xE8, 0x7C, 0x28, 0x42, 0xEA, 0x77, 0x75, 0x3E, 0x54, 0x26, 0xCD, 0x80,
    0x78, 0x3E, 0x14, 0x59, 0xDD, 0x6E, 0x3E, 0x14, 0xD5, 0x82, 0xBB, 0xF9, 0x50, 0xD4, 0xF8, 0xC3,
    0xCD, 0x87, 0xCA, 0x38, 0xF4, 0xF7, 0x3B, 0x37, 0x1F, 0x8A, 0x70, 0xFB, 0x86, 0xCC, 0x87, 0xA2,
    0xF5, 0x9B, 0x32, 0x1F, 0x0A, 0x6B, 0x99, 0x0F, 0xC5, 0x8E, 0x8D, 0xDC, 0xCD, 0x5D, 0xAA, 0x64,
    0x3E, 0x14, 0x21, 0xBC, 0x90, 0xF9, 0x50, 0x84, 0xEF, 0x4C, 0xE6, 0x43, 0x01, 0xDD, 0x32, 0x1F,
    0x0A, 0xD8, 0x96, 0xF9, 0x50, 0x39, 0xF7, 0x10, 0xC6, 0x7C, 0x28, 0xC2, 0xF5, 0x22, 0xF3, 0xA1,
    0x08, 0xD5, 0x93, 0xCC, 0x87, 0x22, 0x4C, 0x1F, 0x64, 0x3E, 0x14, 0x0A, 0xBE, 0x74, 0x3E, 0x94,
    0x19, 0xFD, 0x7C, 0x28, 0xE2, 0x0E, 0x3A, 0x1F, 0x0A, 0xED, 0x55, 0x64, 0x3E, 0x54, 0x26, 0x51,
    0xE4, 0xDF, 0xB5, 0xF9, 0x50, 0x28, 0x42, 0xE2, 0xF9, 0x50, 0x58, 0xF2, 0x7C, 0xA8, 0x41, 0x6C,
    0x91, 0x13, 0xEB, 0x6F, 0x32, 0x1F, 0x4A, 0xE4, 0x24, 0xA6, 0x89, 0xD8, 0xE7, 0xAD, 0xB9, 0x19,
    0x08, 0xC6, 0x25, 0xF2, 0x7C, 0xA8, 0x84, 0xD3, 0x60, 0x68, 0x3E, 0x14, 0x21, 0xF7, 0x75, 0x9E,
    0x0F, 0x05, 0xDC, 0xF2, 0x7C, 0x28, 0x46, 0x2D, 0xE6, 0x43, 0x01, 0xB3, 0x3C, 0x1F, 0x0A, 0x88,
    0xE5, 0x5E, 0xD7, 0x5C, 0x48, 0xC7, 0xF3, 0xA1, 0xE0, 0xEE, 0xE7, 0xF9, 0x50, 0xF4, 0x84, 0x32,
    0x1F, 0xAA, 0x3E, 0xB8, 0xF9, 0x50, 0x59, 0xF2, 0x1B, 0x9C, 0x0F, 0x35, 0x5C, 0x52, 0xE6, 0xC3,
    0xA5, 0x7A, 0xAC, 0xC5, 0xE6, 0x29, 0x78, 0x12, 0x14, 0x21, 0xAA, 0x94, 0xA5, 0x45, 0x54, 0x25,
    0x4B, 0x4A, 0xB3, 0xE0, 0xF9, 0x50, 0x84, 0xA8, 0x1F, 0xF1, 0x7C, 0x28, 0x42, 0xD4, 0xFB, 0x3C,
    0x1F, 0x0A, 0x88, 0xE2, 0xF9, 0x50, 0x40, 0x14, 0xCF, 0x87, 0x02, 0xA2, 0x78, 0x3E, 0x14, 0x10,
    0x25, 0xF3, 0xA1, 0xCC, 0xE8, 0xE6, 0x43, 0xF5, 0xA3, 0x9B, 0x0F, 0x45, 0x88, 0x92, 0xF9, 0x50,
    0x59, 0xF2, 0x79, 0xCF, 0x87, 0x62, 0x32, 0xC2, 0x0C, 0x0D, 0x26, 0x23, 0xCC, 0x87, 0xC2, 0x92,
    0xE7, 0x43, 0xC9, 0xDF, 0xD0, 0x7C, 0x28, 0x49, 0xB5, 0xA6, 0xF9, 0x50, 0xCC, 0x17, 0xB9, 0xE0,
    0x15, 0x5C, 0x91, 0xD3, 0xB5, 0x09, 0x3B, 0x3C, 0x1F, 0x8A, 0xB0, 0x63, 0x78, 0x3E, 0x54, 0xCE,
    0x9D, 0x7F, 0x76, 0xAE, 0x5D, 0x2F, 0x0D, 0xCF, 0x87, 0x02, 0x2F, 0xE4, 0xF9, 0x50, 0x84, 0x9D,
    0xEF, 0xF0, 0x7C, 0xA8, 0x6C, 0x4F, 0xDC, 0x7C, 0x28, 0x9E, 0xC8, 0x89, 0xF9, 0x50, 0xFD, 0xE8,
    0xE6, 0x43, 0x01, 0x3B, 0x3C, 0x1F, 0x8A, 0xB0, 0xF3, 0xF9, 0xCE, 0x87, 0x1A, 0x2E, 0xA5, 0x8B,
    0x86, 0xCB, 0x73, 0x37, 0xA1, 0xF1, 0x66, 0x92, 0x30, 0x52, 0xC2, 0x8E, 0x8A, 0x61, 0xD4, 0x29,
    0x73, 0x7E, 0x36, 0xD5, 0xB8, 0x42, 0x8E, 0xE0, 0x90, 0xAD, 0xDA, 0xF2, 0xA4, 0x5C, 0x78, 0x3E,
    0x14, 0x68, 0x87, 0xE7, 0x43, 0x81, 0x76, 0x56, 0x4D, 0x2B, 0x77, 0xBD, 0x91, 0x88, 0x76, 0x64,
    0xD9, 0x8F, 0xAE, 0x4D, 0x12, 0x61, 0x47, 0xE6, 0x43, 0x49, 0x7D, 0xE0, 0x67, 0x3D, 0x1F, 0xEA,
    0x91, 0x46, 0x8B, 0x26, 0x0E, 0xE7, 0x49, 0xE0, 0x6A, 0x02, 0x5E, 0x1C, 0x55, 0xB6, 0x64, 0x61,
    0xF0, 0x7C, 0x28, 0xC2, 0x4C, 0xBA, 0x6A, 0xD4, 0x21, 0x33, 0xAF, 0xCA, 0x7C, 0x28, 0xC2, 0xCD,
    0x2F, 0x65, 0x3E, 0x14, 0x04, 0xA9, 0xCC, 0x87, 0x12, 0xEC, 0x60, 0x3E, 0x14, 0xD0, 0x23, 0xF3,
    0xA1, 0xF0, 0x58, 0x3A, 0x1F, 0x8A, 0x9D, 0x24, 0x3C, 0x1F, 0xAA, 0x1F, 0xFD, 0x7C, 0x28, 0x42,
    0x91, 0xCE, 0x87, 0xCA, 0x6E, 0x0B, 0xBD, 0xDF, 0xE6, 0x7C, 0xA8, 0xC8, 0x89, 0xB4, 0xDE, 0x01,
    0xF9, 0xFE, 0x7F, 0x21, 0xAB, 0x93, 0xF9, 0x50, 0xA2, 0xB3, 0xC8, 0x7C, 0x28, 0xC2, 0x73, 0xE3,
    0xE6, 0x43, 0x25, 0x28, 0x57, 0xD6, 0xF9, 0x50, 0x84, 0xEB, 0xB7, 0xDD, 0x7C, 0x28, 0x9C, 0x53,
    0x37, 0x1F, 0x8A, 0xF0, 0xFD, 0xD0, 0xCD, 0x87, 0x22, 0x8C, 0x7F, 0xE0, 0xE6, 0x43, 0x11, 0xCE,
    0x5F, 0x74, 0xF3, 0xA1, 0xA4, 0x21, 0x88, 0xCE, 0x87, 0x02, 0x53, 0x73, 0xF3, 0xA1, 0x80, 0xF9,
    0x83, 0xCE, 0x87, 0x22, 0xDC, 0xFB, 0xF9, 0x50, 0x59, 0xF2, 0xFB, 0x36, 0x1F, 0xCA, 0xC7, 0x82,
    0xAB, 0xC0, 0x01, 0x71, 0x0B, 0xF0, 0x1A, 0x53, 0xA0, 0x1D, 0x30, 0xA0, 0xFA, 0xE4, 0x41, 0xF4,
    0x9B, 0x44, 0xE7, 0x43, 0x39, 0x7D, 0xF2, 0xE0, 0x34, 0x1C, 0x99, 0x0F, 0x05, 0x0E, 0xA1, 0xF3,
    0xA1, 0x58, 0xBE, 0xC8, 0x7C, 0x28, 0xDA, 0x95, 0x87, 0x3A, 0x1F, 0x8A, 0x36, 0xE5, 0x7B, 0x3A,
    0x1F, 0x0A, 0xFA, 0xA4, 0x9B, 0x0F, 0x05, 0x7D, 0x52, 0xE7, 0x43, 0x41, 0x9F, 0xD4, 0xF9, 0x50,
    0xB4, 0x21, 0x6E, 0x3E, 0x54, 0x96, 0xFC, 0xE6, 0xE7, 0x43, 0x0D, 0xC2, 0x2F, 0x4A, 0xD7, 0x89,
    0x04, 0xA0, 0xCC, 0x87, 0x12, 0x50, 0xE7, 0x43, 0xE9, 0x69, 0x92, 0xF9, 0x50, 0xFA, 0x4B, 0x64,
    0x3E, 0x94, 0xE0, 0x56, 0xE7, 0x43, 0x31, 0x76, 0xDD, 0x7C, 0x28, 0xC6, 0xAF, 0x9B, 0x0F, 0xC5,
    0x18, 0x76, 0xF3, 0xA1, 0x58, 0x8D, 0x74, 0xF3, 0xA1, 0xC0, 0x6C, 0xFC, 0x7C, 0x28, 0xC8, 0x2A,
    0x3F, 0x1F, 0x0A, 0x9A, 0xBB, 0x9F, 0x0F, 0x05, 0x5C, 0x07, 0xF3, 0xA1, 0x28, 0x32, 0x16, 0xCC,
    0x87, 0xEA, 0xC7, 0x68, 0x3E, 0x54, 0x7D, 0x88, 0xE6, 0x43, 0x65, 0xBF, 0x23, 0xF3, 0xA1, 0x02,
    0x7F, 0xD0, 0xC5, 0x55, 0x77, 0x3B, 0xEB, 0xA5, 0x9E, 0x03, 0x77, 0xAE, 0x0C, 0x14, 0xC9, 0x3C,
    0x73, 0x6A, 0x42, 0x3E, 0x69, 0x2E, 0x67, 0x18, 0x7E, 0x4C, 0x36, 0x41, 0x72, 0x35, 0xD1, 0x12,
    0x0F, 0xB6, 0x77, 0xDA, 0xFB, 0xDB, 0x4C, 0x2E, 0xE9, 0x61, 0xE3, 0x32, 0x35, 0xDA, 0xDF, 0x01,
    0x2D, 0xB6, 0xED, 0x6E, 0x35, 0x34, 0x5B, 0xE2, 0xC4, 0xDA, 0x07, 0x2A, 0xB5, 0xB1, 0xA1, 0x50,
    0xF5, 0x24, 0x55, 0x01, 0xFA, 0x1C, 0xAF, 0x98, 0x85, 0x0D, 0x32, 0x7B, 0x7A, 0xD4, 0x96, 0x6F,
    0x15, 0x2C, 0x33, 0x12, 0x20, 0x9C, 0x08, 0xD1, 0xBA, 0x4C, 0x31, 0x8D, 0x4E, 0x74, 0x5A, 0x85,
    0xD6, 0x1E, 0x6F, 0x3C, 0x0E, 0x4E, 0x0E, 0x45, 0x0E, 0x17, 0xEF, 0x5E, 0x2B, 0x9C, 0x71, 0x49,
    0xA8, 0xCE, 0x29, 0xEB, 0xB0, 0xDD, 0x77, 0xE7, 0x68, 0xE8, 0x6F, 0xED, 0x92, 0xFB, 0xB0, 0x33,
    0xEE, 0x1D, 0x7F, 0x8C, 0x8B, 0x61, 0xBA, 0xDB, 0x8B, 0x28, 0x24, 0xC2, 0x32, 0xD0, 0xDA, 0x05,
    0x15, 0x5C, 0xB3, 0x83, 0x39, 0x55, 0x14, 0xED, 0xA3, 0x44, 0x92, 0xEA, 0x47, 0x33, 0xE7, 0x91,
    0x54, 0xAF, 0xB1, 0xCA, 0x6C, 0x8D, 0x9E, 0x3D, 0x61, 0x17, 0x06, 0x15, 0xB8, 0x50, 0xE7, 0x2E,
    0x24, 0xC1, 0x13, 0x32, 0x98, 0x11, 0x90, 0xCC, 0x87, 0x46, 0xF2, 0x2D, 0x6D, 0x51, 0xFF, 0xE4,
    0x97, 0x75, 0x10, 0x2F, 0x15, 0xB2, 0x20, 0x73, 0xBA, 0x95, 0x89, 0x1C, 0x09, 0x15, 0xB0, 0xC0,
    0x16, 0xD2, 0x44, 0x7A, 0x08, 0x0C, 0x6E, 0x68, 0xC6, 0x9B, 0x14, 0x14, 0xAC, 0xA4, 0x46, 0x03,
    0x09, 0xAE, 0xB3, 0x63, 0x16, 0x15, 0xA9, 0x6C, 0xB7, 0x17, 0x11, 0xEE, 0x78, 0x71, 0x5F, 0x93,
    0x66, 0x24, 0x99, 0x1F, 0xB3, 0x2E, 0x7A, 0x4A, 0x72, 0xC8, 0x37, 0x9A, 0x76, 0x51, 0x40, 0x5D,
    0xB7, 0x54, 0x54, 0xC1, 0x19, 0x4A, 0x15, 0xA8, 0xE8, 0x56, 0x96, 0x92, 0x2E, 0x68, 0x9F, 0x34,
    0x4B, 0xDA, 0x6F, 0xD3, 0xE7, 0xB7, 0xC6, 0x72, 0xD2, 0xC5, 0x9E, 0x95, 0xBF, 0xB5, 0x7C, 0x17,
    0xE3, 0xE7, 0xED, 0xC3, 0x65, 0x5C, 0xB3, 0xCC, 0x6D, 0x03, 0x0F, 0xD2, 0x4A, 0x0B, 0x8D, 0x3A,
    0x36, 0xFD, 0x01, 0xCE, 0x5B, 0xD7, 0x1E, 0x25, 0xD3, 0xA2, 0xDA, 0xC5, 0x99, 0x91, 0x3B, 0xFF,
    0x84, 0xAB, 0x45, 0x2E, 0xCC, 0x92, 0x3C, 0xA2, 0x66, 0xBA, 0xDE, 0x32, 0x1E, 0x89, 0x47, 0xAE,
    0x4E, 0x01, 0xD3, 0x25, 0xF1, 0x46, 0x49, 0x21, 0x25, 0xBE, 0xC8, 0x0D, 0x3C, 0x59, 0x33, 0x45,
    0x0B, 0x1C, 0xD6, 0x4C, 0xA1, 0xC6, 0xAB, 0x66, 0xDA, 0x7E, 0x32, 0xCD, 0xB4, 0x0E, 0x34, 0xD3,
    0xD1, 0x69, 0xA6, 0x9F, 0x69, 0x03, 0xCF, 0x20, 0x6D, 0x3E, 0x98, 0x2F, 0x22, 0x29, 0xF3, 0x63,
    0x4D, 0x89, 0xA4, 0x48, 0x8F, 0x1C, 0x2D, 0xAB, 0x92, 0xA5, 0x35, 0x78, 0x4D, 0xC1, 0x94, 0x54,
    0x6E, 0xA9, 0xF4, 0x74, 0xC2, 0x2C, 0xA7, 0x87, 0x18, 0x30, 0x46, 0x81, 0xCD, 0x1C, 0x9D, 0x9C,
    0xCD, 0x4C, 0x4F, 0xC0, 0x43, 0x89, 0x30, 0x59, 0xA1, 0x65, 0x35, 0x8A, 0xCE, 0x07, 0x7B, 0xCA,
    0x20, 0x76, 0xCA, 0x89, 0x15, 0x28, 0xD6, 0x4A, 0x08, 0x67, 0xBF, 0xE4, 0x34, 0x77, 0xE0, 0xAC,
    0x47, 0x63, 0x2A, 0x3C, 0x6A, 0xC1, 0x9D, 0xD4, 0xF0, 0x54, 0x5F, 0x52, 0x96, 0xA3, 0x66, 0xA8,
    0xB4, 0x79, 0x45, 0xDF, 0x09, 0xF7, 0x14, 0xC1, 0x03, 0x7D, 0x2E, 0xCB, 0xE4, 0x63, 0x7A, 0x6E,
    0xBA, 0xF4, 0xE0, 0x3D, 0xE0, 0x48, 0x35, 0xCF, 0x96, 0x49, 0x30, 0x17, 0x0B, 0xE7, 0x87, 0xBB,
    0x4B, 0x6D, 0xF5, 0xFE, 0x0C, 0x14, 0x79, 0x9E, 0xA4, 0x00, 0x97, 0x1C, 0x1C, 0x86, 0xF0, 0x78,
    0xA6, 0x47, 0x83, 0x40, 0x7E, 0x35, 0xFD, 0x05, 0xFE, 0x82, 0xB0, 0x46, 0x85, 0xAB, 0x5C, 0xA2,
    0x81, 0x3C, 0x47, 0x8E, 0x7D, 0xF2, 0xFC, 0x90, 0x8E, 0x92, 0xFC, 0x26, 0x6E, 0x59, 0x9E, 0x72,
    0xCE, 0xA3, 0xF4, 0xE2, 0x2C, 0x57, 0xF1, 0xF0, 0x53, 0xD2, 0x30, 0x6A, 0x44, 0x1E, 0x70, 0xEE,
    0x62, 0x2D, 0x0C, 0x22, 0x53, 0x79, 0x72, 0xDF, 0x1F, 0x9E, 0xF3, 0x2C, 0x4D, 0xAF, 0x25, 0x6A,
    0x2E, 0xE3, 0xCE, 0x6D, 0x8D, 0x51, 0x79, 0xD2, 0xC1, 0xA9, 0x4C, 0xEE, 0x73, 0xFB, 0x14, 0xCD,
    0x9E, 0xD1, 0x78, 0x2F, 0xCC, 0xD4, 0xA2, 0x99, 0x6E, 0xA4, 0x3D, 0xD3, 0xF0, 0x07, 0x8A, 0xE1,
    0xE3, 0xB3, 0xC9, 0xFF, 0x90, 0xDE, 0x73, 0xF5, 0x74, 0x1F, 0x19, 0xE8, 0x18, 0x4A, 0xA0, 0x49,
    0x02, 0x92, 0xDE, 0xFA, 0x25, 0xC7, 0xCD, 0x77, 0x9F, 0x64, 0xD5, 0xFF, 0x40, 0x19, 0xD8, 0x09,
    0x17, 0xBC, 0x95, 0x4A, 0x84, 0x34, 0x13, 0x6E, 0x77, 0x5F, 0xCB, 0x0B, 0x4E, 0x21, 0xBF, 0x4F,
    0x0F, 0x1F, 0xDF, 0x84, 0xF1, 0x2E, 0x79, 0x6A, 0x3A, 0x95, 0x7A, 0x90, 0xA7, 0xFD, 0x2A, 0xF2,
    0xB4, 0x80, 0x3D, 0x9F, 0x52, 0x47, 0x32, 0xB3, 0xB2, 0x3C, 0x4D, 0xCD, 0x3B, 0x78, 0xF2, 0xC2,
    0x94, 0x26, 0x5F, 0x98, 0x17, 0x36, 0x8B, 0xCA, 0x53, 0x24, 0x2E, 0x42, 0x9E, 0xB2, 0x6F, 0x9C,
    0x34, 0x39, 0xCE, 0x79, 0x41, 0x76, 0x26, 0x37, 0x17, 0xEC, 0x28, 0x36, 0x28, 0xCA, 0xFD, 0x13,
    0x61, 0x96, 0x93, 0xAF, 0xBE, 0xF7, 0xEA, 0xBD, 0xA7, 0xCF, 0x7C, 0xBA, 0xAD, 0xE0, 0xE7, 0x17,
    0xCB, 0x89, 0xEF, 0xAC, 0x5A, 0x08, 0x4D, 0x02, 0x5E, 0xDC, 0xDF, 0xA5, 0xDB, 0xFA, 0x60, 0x66,
    0xEE, 0xF1, 0x47, 0x85, 0x62, 0x4B, 0x6A, 0xF5, 0x86, 0x8D, 0xFA, 0xAC, 0xF7, 0x78, 0xCC, 0xE6,
    0x03, 0xE9, 0x54, 0x59, 0x00, 0xA3, 0xB4, 0x65, 0x48, 0xB1, 0x4F, 0xA9, 0xED, 0x0A, 0x2A, 0x09,
    0xFE, 0xD1, 0xA2, 0x0F, 0xBD, 0x65, 0xBF, 0x52, 0x98, 0x77, 0xB8, 0xBD, 0x4C, 0x6F, 0xEF, 0x93,
    0x73, 0x07, 0x3E, 0x59, 0x90, 0x1B, 0x0D, 0x6F, 0xD1, 0x28, 0x40, 0x5E, 0xC8, 0x67, 0x2C, 0x72,
    0x7F, 0xB2, 0xF0, 0xA3, 0xF5, 0x1F, 0x2D, 0x5A, 0x88, 0xB0, 0x68, 0x21, 0xC2, 0x92, 0xB0, 0xF6,
    0xE0, 0x52, 0xB9, 0x0B, 0x2F, 0xEE, 0x96, 0xF8, 0x12, 0xE0, 0x48, 0xFC, 0x59, 0x70, 0x34, 0x99,
    0x19, 0x49, 0x7F, 0xF6, 0xFB, 0x66, 0x12, 0x5D, 0xE6, 0xF5, 0x99, 0x9F, 0x6B, 0xE6, 0xA7, 0xE2,
    0x04, 0x41, 0xC3, 0x46, 0x5E, 0x8B, 0xF4, 0x40, 0x18, 0x69, 0x06, 0x8D, 0x26, 0xD1, 0x64, 0xD2,
    0x5E, 0x0A, 0xBE, 0x27, 0x37, 0xAD, 0xB5, 0xB7, 0x46, 0x32, 0x81, 0xD5, 0x76, 0x5E, 0x24, 0x57,
    0xD0, 0xB1, 0x27, 0x7F, 0x54, 0xDB, 0x15, 0x0F, 0x71, 0x81, 0xC5, 0xDF, 0x22, 0x3C, 0x44, 0xC7,
    0x09, 0x89, 0x51, 0x0B, 0x45, 0x17, 0x5C, 0x56, 0xE2, 0x7F, 0x8E, 0x8C, 0xB5, 0x3B, 0x06, 0x44,
    0xB1, 0x3D, 0xD0, 0xBB, 0x9A, 0xA7, 0x51, 0x06, 0x44, 0xA9, 0x07, 0x74, 0x15, 0x26, 0xAE, 0x03,
    0xA2, 0xD4, 0xEB, 0x43, 0x03, 0xA2, 0xC0, 0xC6, 0x65, 0x40, 0x14, 0x5C, 0x9F, 0x27, 0x69, 0xF7,
    0x87, 0x62, 0x29, 0x1E, 0x10, 0x45, 0x9C, 0xFC, 0x0D, 0x19, 0x10, 0x05, 0xE7, 0x83, 0x0C, 0x88,
    0x62, 0xF7, 0x27, 0x0F, 0x88, 0x62, 0xFF, 0x27, 0x0F, 0x88, 0x62, 0x07, 0x28, 0x0F, 0x88, 0x62,
    0xC9, 0x25, 0x03, 0xA2, 0xD8, 0x88, 0x19, 0x1D, 0x43, 0xD7, 0x01, 0x51, 0xE0, 0xE8, 0x4B, 0xC0,
    0xD2, 0x9F, 0xFE, 0x8D, 0x0F, 0x88, 0x0A, 0x1D, 0x09, 0xDB, 0x75, 0x00, 0x7F, 0x19, 0x7A, 0x17,
    0xBC, 0x5D, 0x5B, 0xD2, 0xB4, 0x2F, 0x19, 0x10, 0x05, 0x71, 0xA7, 0x03, 0xA2, 0xD8, 0xC6, 0x92,
    0x01, 0x51, 0x6C, 0x61, 0xC9, 0x80, 0x28, 0xB6, 0xAF, 0x64, 0x40, 0x14, 0xB0, 0xA9, 0x03, 0xA2,
    0x80, 0x4E, 0x1D, 0x10, 0x45, 0xF8, 0x7C, 0x41, 0x07, 0x44, 0xC1, 0xAE, 0x72, 0x03, 0xA2, 0x38,
    0x13, 0x51, 0x06, 0x44, 0xC1, 0x86, 0xD5, 0x01, 0x51, 0xF5, 0x21, 0x18, 0x10, 0x95, 0x25, 0xBF,
    0xE5, 0x01, 0x51, 0x1F, 0x27, 0x5B, 0x30, 0x90, 0x84, 0x59, 0x0D, 0x33, 0x1A, 0x66, 0x33, 0xC2,
    0x64, 0xF8, 0x28, 0x2E, 0x7C, 0x14, 0x17, 0x66, 0x2F, 0x0B, 0x33, 0x17, 0x65, 0x2D, 0xC2, 0x58,
    0x84, 0xAD, 0x08, 0x53, 0x11, 0x96, 0x22, 0x0C, 0x45, 0xD8, 0x89, 0x30, 0x13, 0x61, 0x25, 0x4E,
    0x75, 0x4C, 0xDC, 0x50, 0x66, 0x61, 0x22, 0xC5, 0xF2, 0x68, 0x6D, 0xBE, 0xAE, 0xFD, 0x2B, 0xA3,
    0x06, 0x3A, 0x73, 0x23, 0x63, 0x9F, 0xD8, 0xD7, 0xC4, 0x63, 0x9F, 0xD8, 0xD3, 0xC4, 0x63, 0x9F,
    0xD8, 0xCF, 0xC4, 0x63, 0x9F, 0xD8, 0xCB, 0xC4, 0x63, 0x9F, 0xC4, 0xC7, 0x84, 0xB1, 0x4F, 0xEC,
    0x61, 0xE2, 0x1A, 0x01, 0xF1, 0x2F, 0xF1, 0xD8, 0x27, 0xF6, 0x2E, 0xB1, 0xD0, 0xA2, 0x83, 0xA5,
    0x63, 0x9F, 0xEA, 0x83, 0x1F, 0xFB, 0x94, 0x25, 0x9F, 0xF9, 0xD8, 0xA7, 0xE1, 0x5C, 0x9A, 0xFA,
    0x05, 0xBB, 0x32, 0xDC, 0x74, 0xC7, 0xCB, 0x0B, 0x8B, 0x22, 0x5E, 0xD8, 0x0D, 0xC4, 0x82, 0x2C,
    0x17, 0x2C, 0x72, 0x52, 0x18, 0x0E, 0x3C, 0xBE, 0x95, 0xE7, 0xEE, 0xC2, 0x84, 0x92, 0x45, 0xC2,
    0x8B, 0x4D, 0xEE, 0x93, 0x22, 0x78, 0x98, 0x71, 0x6B, 0x38, 0x5E, 0x34, 0x07, 0x59, 0x64, 0x5A,
    0xFA, 0x85, 0xDF, 0xFF, 0xF5, 0x55, 0xAC, 0x4E, 0x2E, 0xAE, 0xAB, 0xA6, 0x86, 0x0B, 0x3C, 0xAA,
    0xA3, 0x54, 0x88, 0x50, 0xEF, 0x62, 0x5E, 0x6C, 0x52, 0xE6, 0x61, 0x7F, 0x80, 0xA8, 0xDC, 0x8B,
    0xA2, 0xEB, 0xA9, 0xA0, 0x51, 0xED, 0x1D, 0x46, 0xBA, 0x6F, 0x58, 0x95, 0xCF, 0xCA, 0x6E, 0xF2,
    0x59, 0x45, 0x7A, 0xEE, 0x1A, 0x17, 0xE4, 0x3C, 0xCB, 0xAC, 0xC0, 0x60, 0x30, 0x4A, 0xF9, 0x6F,
    0x21, 0x29, 0xC9, 0x2A, 0xB2, 0xB7, 0x7A, 0x16, 0xEF, 0x66, 0xE6, 0x99, 0xE1, 0x2D, 0xAC, 0xA8,
    0x32, 0xE1, 0x43, 0xFC, 0x2D, 0x4E, 0xC9, 0x2C, 0x19, 0x0A, 0xC8, 0xF5, 0xE7, 0x49, 0xDF, 0x0D,
    0xBE, 0x83, 0xB0, 0x53, 0xA1, 0x2E, 0x22, 0xE5, 0xFE, 0xD9, 0xF0, 0xDB, 0x4C, 0xFA, 0x5B, 0x9A,
    0xA3, 0xAE, 0x8A, 0x51, 0xDF, 0x95, 0xDF, 0xE7, 0x56, 0xB5, 0xFB, 0xA5, 0x9A, 0xF2, 0x3F, 0x6B,
    0xCA, 0x7F, 0x3E, 0x3F, 0x72, 0xCA, 0xFF, 0xE5, 0x5E, 0xDF, 0x1A, 0xD8, 0x8B, 0xAE, 0x54, 0x4C,
    0x35, 0x72, 0x9D, 0x0E, 0xAE, 0xBD, 0xE1, 0xCA, 0x24, 0x83, 0xC9, 0x96, 0x50, 0x78, 0x11, 0x45,
    0xDB, 0x64, 0x5C, 0xE4, 0x26, 0x76, 0x81, 0xD1, 0xEA, 0x57, 0x64, 0x31, 0xA4, 0x5D, 0x0B, 0x76,
    0x08, 0xE7, 0x2A, 0xAE, 0xD9, 0xC8, 0x57, 0xFE, 0x1E, 0x77, 0x15, 0xDD, 0xD3, 0x12, 0xFF, 0x0D,
    0x0A, 0xA2, 0xE8, 0xD7, 0xBD, 0x3C, 0x8A, 0xF7, 0x68, 0xA4, 0xAC, 0x94, 0x77, 0x5D, 0x06, 0x91,
    0x5E, 0x5B, 0x7F, 0x7D, 0xA4, 0xE4, 0xB8, 0x4B, 0x9E, 0x56, 0x5A, 0x2B, 0x77, 0x40, 0xD7, 0x6E,
    0x2A, 0x74, 0x17, 0x37, 0x1C, 0xA2, 0x21, 0x3C, 0xDD, 0x49, 0x62, 0x8E, 0xBF, 0xD6, 0x68, 0xD1,
    0x43, 0x99, 0xEE, 0x04, 0x87, 0x8D, 0x4C, 0x77, 0x62, 0x1F, 0x1C, 0x4F, 0x77, 0x62, 0x07, 0x1C,
    0xF7, 0x04, 0x87, 0x94, 0xD0, 0xE9, 0x4E, 0x10, 0x38, 0x32, 0xDD, 0xA9, 0x1F, 0xFD, 0x74, 0x27,
    0x88, 0x08, 0x59, 0x67, 0xBF, 0x5B, 0xD3, 0x9D, 0x06, 0xA9, 0xCF, 0xA3, 0xE9, 0x4E, 0x8C, 0x4F,
    0x9E, 0xEE, 0xC4, 0xEB, 0xB7, 0x8D, 0x1B, 0x19, 0x22, 0xD3, 0x9D, 0x34, 0xEB, 0x07, 0x39, 0xAB,
    0xE8, 0xA4, 0xCE, 0xD3, 0x9D, 0x80, 0x5B, 0x99, 0xEE, 0x04, 0xDC, 0xCA, 0x74, 0x27, 0x88, 0x61,
    0x99, 0xEE, 0x04, 0x29, 0x2C, 0xD3, 0x9D, 0x20, 0x84, 0x65, 0xBA, 0x13, 0x4B, 0x21, 0x9E, 0xEE,
    0x24, 0x69, 0x09, 0x58, 0x0B, 0x6E, 0x79, 0xBA, 0x93, 0xA3, 0x8B, 0xCE, 0x07, 0xAE, 0xE1, 0xE1,
    0x38, 0xF8, 0x75, 0x76, 0xE1, 0x78, 0xFC, 0x06, 0xA6, 0x3B, 0x3D, 0x52, 0x88, 0x57, 0xA6, 0x3B,
    0xA9, 0x2A, 0x23, 0xA4, 0x99, 0xF1, 0x74, 0x27, 0x51, 0x63, 0x8E, 0x4A, 0x98, 0x3C, 0xDD, 0x89,
    0x55, 0x18, 0x4C, 0x77, 0x12, 0x05, 0x86, 0x04, 0xAF, 0xA8, 0x2F, 0x42, 0xA0, 0xD9, 0xC4, 0xD3,
    0x9D, 0x54, 0x75, 0xE9, 0x85, 0x24, 0x25, 0xA1, 0x43, 0xD4, 0x16, 0x21, 0x48, 0x9D, 0xEE, 0x04,
    0x7A, 0xE4, 0xE9, 0x4E, 0xAC, 0xB0, 0x7C, 0x9E, 0xD3, 0x9D, 0x86, 0xDB, 0xD2, 0xDC, 0xAF, 0x66,
    0x76, 0xA0, 0x0B, 0xD7, 0xA6, 0x34, 0x6A, 0x5E, 0xDD, 0xF8, 0xE9, 0xA6, 0x3D, 0x17, 0x4C, 0x15,
    0xE6, 0xA5, 0x72, 0x6A, 0xBE, 0x0D, 0xE5, 0x79, 0xCB, 0x66, 0xF3, 0x21, 0x54, 0x67, 0x33, 0x7E,
    0xC4, 0x8A, 0x73, 0xD7, 0xCF, 0x66, 0xE9, 0x21, 0xDD, 0x8B, 0x7D, 0x10, 0xA5, 0x99, 0x4C, 0x41,
    0xF6, 0x7F, 0x90, 0x6C, 0x63, 0x85, 0xF9, 0xE9, 0xDC, 0xB0, 0xBA, 0x9C, 0x51, 0x0A, 0x01, 0x94,
    0xE5, 0xD7, 0xD6, 0x7C, 0x15, 0x55, 0xD9, 0x94, 0xB3, 0x28, 0xCA, 0xBD, 0x99, 0x44, 0x4D, 0xAE,
    0xDD, 0x6F, 0xC9, 0xF6, 0x50, 0x9D, 0x7D, 0x8C, 0xD5, 0x9D, 0x38, 0x58, 0x34, 0x8C, 0x10, 0x29,
    0x75, 0x74, 0xB6, 0xD0, 0xB2, 0x1E, 0xB4, 0x81, 0x49, 0x4D, 0x88, 0x53, 0x1A, 0x55, 0x6E, 0x5F,
    0xC7, 0xA4, 0x26, 0x22, 0x8C, 0x0F, 0x30, 0xA9, 0x09, 0xBA, 0xCC, 0x2C, 0x2D, 0xE2, 0xB3, 0x0F,
    0x30, 0xA9, 0x89, 0xA8, 0xE2, 0xF9, 0x2E, 0x74, 0x6C, 0x6D, 0x7A, 0x92, 0x32, 0xD7, 0x26, 0x22,
    0x5F, 0xF5, 0x14, 0x35, 0x6C, 0x16, 0xFC, 0x36, 0x26, 0x35, 0x0D, 0x97, 0x93, 0xA3, 0xA2, 0x75,
    0x12, 0x3B, 0x80, 0xFC, 0x1A, 0x3C, 0x5E, 0x15, 0x1E, 0xD2, 0x00, 0x65, 0x0D, 0x0D, 0x90, 0x27,
    0x35, 0x41, 0x03, 0x94, 0x49, 0x4D, 0xAC, 0x01, 0xF2, 0xA4, 0x26, 0xE6, 0xF1, 0x3C, 0xA9, 0x89,
    0xF0, 0xF6, 0xA1, 0x4C, 0x6A, 0x82, 0x06, 0x28, 0x93, 0x9A, 0x08, 0x77, 0x6E, 0x52, 0x13, 0x61,
    0x4F, 0x27, 0x35, 0xF5, 0xA3, 0x9F, 0xD4, 0x04, 0x0D, 0xF0, 0xC0, 0x18, 0xCE, 0x92, 0xFF, 0x6F,
    0x26, 0x35, 0x7D, 0xE1, 0xE8, 0xFD, 0x6D, 0x4C, 0x6A, 0x1A, 0x2E, 0x99, 0x40, 0xE1, 0x52, 0xCD,
    0x63, 0x6D, 0x19, 0x2C, 0x13, 0x95, 0xC4, 0x34, 0xCE, 0x27, 0x67, 0x18, 0xE7, 0x93, 0x33, 0x8B,
    0xF3, 0xC9, 0x19, 0xC5, 0xF9, 0xE4, 0x4C, 0xE2, 0x7C, 0x72, 0x06, 0x71, 0x3E, 0x39, 0x73, 0x98,
    0x3F, 0x00, 0x89, 0x92, 0x4F, 0x4E, 0xA2, 0x48, 0x70, 0x4A, 0x27, 0x35, 0xA9, 0x44, 0x99, 0xBC,
    0x44, 0x99, 0xBC, 0x44, 0xF9, 0x4D, 0x4F, 0x6A, 0xE2, 0x3A, 0x65, 0x6F, 0x18, 0xD8, 0xE5, 0x29,
    0x00, 0x2D, 0x07, 0x5D, 0x3D, 0x48, 0xF1, 0x54, 0xD6, 0x66, 0x76, 0xC9, 0xEE, 0x15, 0x06, 0x8C,
    0x17, 0xC9, 0xE6, 0xC2, 0x46, 0x71, 0xF3, 0x7A, 0xCA, 0x41, 0xE6, 0xDC, 0x10, 0x30, 0x41, 0x72,
    0x37, 0xED, 0xC6, 0x35, 0xAF, 0xCF, 0x8E, 0x7B, 0xBD, 0xF4, 0x07, 0xD7, 0xBC, 0x3E, 0x69, 0x87,
    0x63, 0x33, 0xBA, 0xE6, 0xF5, 0xE4, 0xAA, 0xF9, 0xB7, 0xBE, 0x79, 0x3D, 0xDC, 0x9A, 0xBE, 0x79,
    0x3D, 0x72, 0x73, 0x7C, 0xF3, 0x7A, 0x44, 0x5B, 0x7D, 0xF3, 0x7A, 0x78, 0x64, 0x83, 0xE6, 0xF5,
    0x3C, 0x5B, 0x3E, 0x68, 0x5E, 0x9F, 0xC4, 0xCD, 0xEB, 0x81, 0x62, 0xDF, 0xBC, 0x9E, 0x31, 0xB6,
    0x87, 0x6E, 0x94, 0xA0, 0x79, 0x3D, 0x1F, 0xC8, 0xCF, 0xBA, 0x79, 0xFD, 0xFF, 0x03, 0xED, 0x7D,
    0xBF, 0xAF, 0xEF, 0xC6, 0x75, 0xE7, 0x90, 0xB4, 0x1E, 0xBD, 0x26, 0x36, 0x54, 0xE1, 0xA4, 0xF0,
    0x5B, 0x9B, 0x2A, 0xB6, 0x08, 0x12, 0x20, 0xAC, 0x17, 0x48, 0x4C, 0xDA, 0x2A, 0x5C, 0xA4, 0x88,
    0x8A, 0xED, 0x52, 0xAC, 0x8A, 0x2D, 0x16, 0x59, 0x60, 0x6F, 0x0A, 0x17, 0x59, 0x20, 0x31, 0xBF,
    0x5E, 0x15, 0x2E, 0x5C, 0xE8, 0x01, 0xFB, 0x07, 0xD8, 0xC5, 0x16, 0x81, 0x5D, 0xBC, 0x14, 0x2A,
    0xB6, 0xD8, 0x88, 0x94, 0x04, 0xAC, 0x0B, 0x15, 0xA2, 0x2D, 0x2C, 0x5C, 0xB8, 0x10, 0x13, 0x0B,
    0x30, 0x60, 0x17, 0xA2, 0x2D, 0x22, 0xE2, 0xD3, 0x23, 0x39, 0x3B, 0xE7, 0xD7, 0xCC, 0x99, 0xEF,
    0xFD, 0x7E, 0xAF, 0x9E, 0x64, 0xC9, 0x76, 0x00, 0x5D, 0xCB, 0x8F, 0x73, 0xEE, 0xFD, 0xFE, 0x20,
    0xCF, 0xCC, 0x9C, 0x9F, 0x9F, 0x73, 0xC6, 0x18, 0xFF, 0xF3, 0x67, 0x46, 0xFF, 0x7C, 0x59, 0x06,
    0x9F, 0x81, 0xFF, 0x1A, 0x18, 0xF5, 0x87, 0x31, 0xF5, 0x60, 0x76, 0xD3, 0xD8, 0x93, 0x29, 0xAC,
    0x9D, 0x4C, 0x33, 0xA4, 0x16, 0xA9, 0xCE, 0xDA, 0xCD, 0x34, 0xA7, 0xDC, 0x0E, 0x8E, 0x4A, 0xED,
    0x94, 0xDB, 0xB6, 0x39, 0x95, 0x8E, 0x32, 0xA6, 0xD8, 0x8D, 0xE9, 0xC6, 0x66, 0xEC, 0xDF, 0x98,
    0x1C, 0x55, 0xC3, 0xBB, 0xE6, 0xCA, 0xDA, 0x62, 0x46, 0x6A, 0x33, 0x76, 0x2B, 0xDC, 0x7F, 0x40,
    0x15, 0x76, 0xCF, 0x0E, 0x9B, 0xD8, 0xB1, 0x80, 0x57, 0xA6, 0xE3, 0x51, 0xAD, 0xDD, 0xC9, 0x98,
    0x72, 0xC4, 0x6F, 0x6F, 0xFA, 0xD1, 0x7D, 0xB9, 0xFB, 0x4A, 0xA2, 0xAC, 0xF9, 0x3D, 0xF7, 0x1A,
    0xF7, 0x35, 0x40, 0x75, 0x9B, 0xFB, 0xE7, 0xA9, 0x7E, 0xA7, 0xFB, 0x74, 0x5F, 0x01, 0x2F, 0x98,
    0x90, 0xCA, 0xDC, 0xDD, 0x39, 0xCA, 0xDD, 0x3A, 0x52, 0x3B, 0xBC, 0xA0, 0xDE, 0x89, 0x32, 0x33,
    0xFC, 0x53, 0xF2, 0x2B, 0xE9, 0x27, 0x71, 0x4F, 0x19, 0x28, 0x93, 0xDB, 0x41, 0x51, 0xA6, 0x9B,
    0x35, 0x55, 0x6C, 0x9A, 0x4A, 0x6C, 0xA7, 0x19, 0xE8, 0xEE, 0x50, 0xFD, 0x94, 0x11, 0x95, 0x45,
    0x54, 0x12, 0x51, 0xA6, 0x37, 0x57, 0x7F, 0xB2, 0x49, 0x13, 0xF3, 0x39, 0x01, 0x13, 0xE4, 0xB8,
    0xF8, 0x20, 0x73, 0x6C, 0xC5, 0xF9, 0x31, 0xBD, 0x63, 0xA9, 0x23, 0x70, 0x7A, 0x52, 0x6B, 0xED,
    0x0B, 0x76, 0xA3, 0xD9, 0x29, 0x0F, 0xD3, 0xBF, 0xBB, 0xF2, 0xE4, 0xD4, 0xB3, 0x7B, 0xF9, 0xCA,
    0x73, 0xD3, 0x0D, 0xEE, 0x86, 0x56, 0x9E, 0x1A, 0xEB, 0x46, 0xDD, 0xCA, 0x33, 0xD3, 0x58, 0x6B,
    0xEA, 0x95, 0x27, 0xE6, 0x45, 0x6B, 0x87, 0x62, 0xE5, 0x79, 0x79, 0xA5, 0x6D, 0xC6, 0x6C, 0xF5,
    0xD3, 0x52, 0x4E, 0x48, 0xE0, 0xAC, 0xB8, 0xE9, 0x43, 0x02, 0x27, 0xC5, 0x2D, 0x1F, 0x20, 0x68,
    0x4E, 0x4C, 0x4F, 0xC4, 0x4E, 0x7C, 0x36, 0xF8, 0x32, 0x7C, 0xA6, 0x6E, 0x27, 0x82, 0xF8, 0x38,
    0x2B, 0xA2, 0x3A, 0x29, 0xC2, 0xAD, 0xCC, 0x40, 0x98, 0x4F, 0x94, 0x30, 0xBC, 0xFE, 0x1D, 0x57,
    0xE1, 0x67, 0x46, 0xF6, 0x7A, 0x02, 0xD8, 0x2B, 0x04, 0xB3, 0x77, 0x86, 0x07, 0x67, 0xF6, 0x56,
    0x03, 0x12, 0xC4, 0xDE, 0x5A, 0x08, 0x60, 0x6F, 0x43, 0x04, 0xB1, 0xB7, 0x1E, 0x4D, 0xEB, 0x08,
    0x62, 0xEF, 0x77, 0x8E, 0x87, 0x93, 0x23, 0x88, 0xBD, 0xAF, 0x5B, 0xBB, 0x10, 0xE1, 0xD8, 0xEB,
    0xA6, 0x71, 0x46, 0x02, 0xD9, 0x7B, 0xDF, 0xB6, 0x48, 0x20, 0x7B, 0xAB, 0x0D, 0x3E, 0x8D, 0xD9,
    0xDB, 0x8F, 0x44, 0xEC, 0xBC, 0xDE, 0xF0, 0x65, 0xC0, 0xDE, 0x7C, 0x63, 0x82, 0x56, 0xE2, 0x14,
    0x08, 0xF7, 0xD1, 0xAD, 0x27, 0xCC, 0x43, 0xFE, 0x1E, 0xFA, 0xB9, 0xD9, 0x15, 0x91, 0xDA, 0x17,
    0x47, 0xB5, 0xD2, 0xDF, 0x19, 0xF5, 0x86, 0x19, 0xF5, 0xCA, 0x1E, 0xF5, 0x8E, 0xD0, 0x44, 0x35,
    0xCA, 0x82, 0xFD, 0xAC, 0xFB, 0xB8, 0x93, 0xE1, 0x05, 0xFB, 0xB2, 0xE3, 0xCC, 0x62, 0x68, 0xC1,
    0x1A, 0xDB, 0xF6, 0xB8, 0x6E, 0x81, 0xA3, 0xEE, 0xDD, 0xF6, 0xAB, 0x3B, 0x73, 0xD4, 0x94, 0xEF,
    0x6F, 0x4E, 0x0E, 0x11, 0x47, 0xDD, 0x33, 0x2C, 0x48, 0x00, 0x47, 0xDD, 0x9B, 0xD6, 0x7C, 0x63,
    0x8E, 0xFE, 0x89, 0xFB, 0xA5, 0x95, 0x05, 0x6B, 0xDD, 0xAD, 0x91, 0x64, 0x70, 0x1C, 0x75, 0xAB,
    0xED, 0xF1, 0x21, 0x72, 0xA4, 0x69, 0xDD, 0xEE, 0x79, 0xAA, 0x25, 0x8E, 0x36, 0x83, 0x23, 0x60,
    0x5E, 0xE0, 0xB5, 0x35, 0x10, 0x6E, 0x80, 0x1C, 0x75, 0xAB, 0x7A, 0xCE, 0xDC, 0x6C, 0x23, 0x47,
    0xCB, 0x39, 0x5B, 0xEB, 0x77, 0x17, 0xE6, 0xE8, 0xE2, 0x38, 0xF7, 0x2A, 0xAF, 0x97, 0xCC, 0xDD,
    0x86, 0x4D, 0x37, 0x66, 0x80, 0xBB, 0xAF, 0x25, 0x61, 0xC2, 0xC0, 0x3E, 0x97, 0xBF, 0xE0, 0x77,
    0xF8, 0x35, 0x56, 0x4F, 0xF0, 0x29, 0x22, 0x2B, 0xDC, 0x4B, 0xEA, 0xD9, 0x4F, 0xD0, 0x98, 0xDA,
    0xC1, 0x2F, 0x41, 0xB7, 0xC4, 0x5A, 0xCF, 0x42, 0x64, 0x52, 0xF8, 0xD3, 0x49, 0xAF, 0xD1, 0x4D,
    0x2D, 0xD1, 0x4D, 0xAD, 0x50, 0xDE, 0xFF, 0x19, 0x7E, 0x19, 0x71, 0x33, 0xC3, 0x4F, 0x21, 0x66,
    0x66, 0x07, 0x8D, 0x81, 0x97, 0xB4, 0x8E, 0x88, 0x95, 0x99, 0x7D, 0x64, 0x44, 0x26, 0xBF, 0xF0,
    0x38, 0x30, 0xF2, 0xB5, 0xD9, 0xDA, 0x9D, 0xF9, 0x98, 0xCD, 0xF7, 0xAD, 0xE5, 0x85, 0x09, 0xF2,
    0xA8, 0x6F, 0x89, 0x8B, 0x30, 0x6E, 0x4E, 0xC4, 0x44, 0x19, 0xEF, 0xC6, 0x8F, 0x91, 0x85, 0x38,
    0x6E, 0x83, 0x2C, 0xEB, 0x95, 0x5C, 0x3B, 0x64, 0xBC, 0x98, 0x6C, 0x0B, 0xE3, 0x62, 0x0D, 0x3B,
    0xB5, 0x11, 0x76, 0xA5, 0x87, 0xE2, 0x96, 0xB5, 0x47, 0x90, 0xDC, 0x76, 0x09, 0x72, 0x9B, 0x78,
    0x18, 0xF6, 0xB3, 0x35, 0x7A, 0x43, 0x5B, 0xA3, 0x77, 0xB4, 0xE5, 0x05, 0x28, 0xD3, 0x43, 0x3C,
    0xCB, 0x77, 0x9E, 0x38, 0xE4, 0x9A, 0x2C, 0x7A, 0xE2, 0x9B, 0x5B, 0x67, 0xF6, 0x68, 0x85, 0x73,
    0xF9, 0xBB, 0x28, 0x23, 0x98, 0x77, 0xDF, 0x9A, 0x6F, 0x78, 0xD6, 0x80, 0x7B, 0x3F, 0x98, 0x4D,
    0xF9, 0x4B, 0x2B, 0xEB, 0x30, 0x77, 0x62, 0x65, 0xEE, 0x4C, 0xE0, 0x60, 0x39, 0x01, 0x7B, 0x88,
    0x87, 0x8B, 0x5B, 0x30, 0xF5, 0x89, 0x37, 0x77, 0xE6, 0x66, 0xF1, 0x04, 0x7F, 0x43, 0x3E, 0xA6,
    0xF0, 0x9C, 0xF8, 0xCA, 0x99, 0x9E, 0x7A, 0x31, 0x9D, 0x5F, 0x24, 0xB5, 0xBB, 0x93, 0x48, 0xBF,
    0xE4, 0x87, 0xA6, 0xBA, 0xB0, 0x82, 0x9A, 0xEF, 0xF5, 0x76, 0x52, 0xEA, 0x4B, 0xAD, 0x34, 0xA0,
    0x02, 0xFB, 0xCC, 0x3D, 0xB7, 0x0C, 0x4F, 0xEA, 0x43, 0x6E, 0xEC, 0xAE, 0x3F, 0xB3, 0xB6, 0x53,
    0x24, 0x36, 0xA3, 0x3F, 0xE6, 0x5B, 0x24, 0x53, 0xBF, 0x6E, 0xAE, 0x4B, 0xD9, 0x73, 0x41, 0x7B,
    0x2E, 0x6B, 0xDD, 0xCF, 0xC4, 0xC2, 0xC1, 0xA0, 0x02, 0xF3, 0xB3, 0x03, 0x0F, 0xF6, 0x2F, 0x7B,
    0x98, 0x1F, 0xB4, 0x14, 0xF0, 0x96, 0x69, 0x86, 0x5E, 0x86, 0x85, 0xD4, 0x3C, 0xF2, 0xAB, 0xBB,
    0x77, 0xFB, 0xD9, 0xA9, 0x68, 0xB7, 0x72, 0x68, 0x96, 0x7A, 0x14, 0xC4, 0x4A, 0x5C, 0x9C, 0x9C,
    0x0C, 0x7F, 0xEE, 0x3E, 0x4C, 0x23, 0xCE, 0x54, 0x3D, 0x54, 0x43, 0x7A, 0xC0, 0x9B, 0x88, 0x83,
    0xE5, 0x58, 0xCE, 0xB5, 0x1D, 0xBC, 0x24, 0x2E, 0x67, 0xB8, 0xC5, 0x01, 0x04, 0x3F, 0xCE, 0x57,
    0xBE, 0x64, 0xD6, 0xBE, 0x38, 0x80, 0xEC, 0xA7, 0x95, 0xBF, 0x99, 0x7E, 0x2D, 0x87, 0x30, 0x67,
    0x07, 0x2A, 0xCA, 0xC6, 0x33, 0x15, 0xB6, 0x0E, 0xFF, 0xDD, 0x8B, 0xCE, 0x5A, 0xD1, 0xA5, 0x7B,
    0xD8, 0xEE, 0x14, 0xE8, 0xCC, 0x3E, 0x70, 0x1A, 0x34, 0xD0, 0x6E, 0x11, 0xB8, 0x39, 0xA9, 0x4F,
    0x6A, 0x4E, 0xDC, 0xCD, 0xD7, 0x83, 0x36, 0x73, 0x5A, 0x53, 0x0D, 0x31, 0xEB, 0xCB, 0xF1, 0x8C,
    0x9E, 0x62, 0xBA, 0x98, 0xCC, 0x5D, 0x3F, 0x7F, 0x68, 0x2E, 0x5B, 0x90, 0xFC, 0x08, 0x7A, 0x72,
    0x0F, 0x6F, 0x43, 0x2A, 0xD2, 0x4F, 0x2D, 0x92, 0x7E, 0x66, 0x0D, 0x1A, 0x64, 0x7E, 0x62, 0x89,
    0x94, 0x79, 0x35, 0x15, 0x93, 0x24, 0xFC, 0x53, 0x4B, 0x2F, 0xC6, 0x59, 0x85, 0x6D, 0x8C, 0x24,
    0x9B, 0x92, 0x4E, 0x86, 0xB1, 0x6D, 0x87, 0xB6, 0xA4, 0xFB, 0x0E, 0x21, 0x51, 0xAD, 0x2E, 0x86,
    0x49, 0x98, 0xD1, 0xDA, 0x7D, 0xF5, 0x11, 0xCC, 0xC9, 0x6E, 0xE1, 0xEF, 0xA5, 0xF9, 0x44, 0xFD,
    0x10, 0x0C, 0xCA, 0xDA, 0x4D, 0x9F, 0x1D, 0xBD, 0x45, 0x09, 0x06, 0xA5, 0x5D, 0x9A, 0xC0, 0xEA,
    0xDD, 0xD8, 0xBD, 0x51, 0x1A, 0xF2, 0x74, 0xF4, 0x9D, 0xB6, 0x29, 0x8F, 0xDA, 0x6A, 0xA3, 0xF2,
    0xD0, 0xC6, 0x62, 0x72, 0x1C, 0x91, 0xB5, 0xD8, 0x1C, 0x91, 0xB9, 0xE8, 0x1E, 0xDF, 0xC6, 0x9B,
    0xFB, 0x8F, 0xB4, 0x0D, 0x73, 0xC4, 0x73, 0x70, 0xF8, 0x2D, 0xC6, 0xB2, 0x81, 0xC5, 0x21, 0x6D,
    0xD8, 0x0C, 0x4C, 0x3A, 0xF7, 0xDC, 0x1D, 0x4B, 0x28, 0xA7, 0x5F, 0xE6, 0x5E, 0x6D, 0xB1, 0x7E,
    0x29, 0xDE, 0x77, 0x72, 0x40, 0x66, 0x22, 0x71, 0x5A, 0xC4, 0xEE, 0xF9, 0x26, 0x53, 0x91, 0xA1,
    0xAA, 0x4E, 0x36, 0x99, 0x8B, 0x62, 0x01, 0xC5, 0x9E, 0x6C, 0x32, 0x19, 0x6E, 0x35, 0xB9, 0x3D,
    0xE3, 0x44, 0x17, 0x1B, 0xF6, 0x6E, 0xF5, 0x39, 0x65, 0x58, 0x2F, 0x62, 0xDA, 0x13, 0x0D, 0xB7,
    0x02, 0xF3, 0xF1, 0xFB, 0xB0, 0x5A, 0x81, 0x9E, 0x59, 0x2F, 0x9F, 0x2A, 0xF7, 0xFE, 0xDD, 0x7C,
    0x7F, 0xA5, 0x19, 0x69, 0x5A, 0xE7, 0x5E, 0x38, 0xEF, 0xC3, 0x29, 0x57, 0x9A, 0x92, 0x16, 0x35,
    0xE5, 0xC9, 0x6C, 0x34, 0x27, 0x0D, 0x58, 0x40, 0xA9, 0x93, 0xCB, 0x1B, 0x4D, 0x0A, 0x2A, 0x97,
    0x14, 0xEE, 0x97, 0xF9, 0x78, 0x42, 0x6D, 0x61, 0xED, 0x1A, 0xD4, 0xB1, 0xFB, 0x3E, 0x2F, 0x02,
    0x41, 0x23, 0x3B, 0xBA, 0x10, 0x21, 0x58, 0x1E, 0x5A, 0x79, 0x23, 0xB3, 0xAC, 0xFD, 0x67, 0x25,
    0xCC, 0x58, 0xD3, 0x2A, 0x25, 0x13, 0xD3, 0xF8, 0xA1, 0x67, 0xF4, 0x99, 0x30, 0x0C, 0x9F, 0x9F,
    0x07, 0xDB, 0xBE, 0xF8, 0xA0, 0x61, 0xB6, 0xA8, 0xF9, 0x6E, 0x83, 0xE9, 0xE5, 0x1F, 0x0D, 0x26,
    0x54, 0x1E, 0x03, 0x74, 0x53, 0xD8, 0xF5, 0xF5, 0x78, 0x69, 0x6F, 0xE7, 0xEC, 0x4B, 0x94, 0xF0,
    0x04, 0x0B, 0x2E, 0x0F, 0x1E, 0xC2, 0xCA, 0xA0, 0xA1, 0x9B, 0xE9, 0x7B, 0x96, 0xE4, 0x43, 0x09,
    0xDE, 0xD4, 0x1B, 0x93, 0x11, 0xA7, 0x8B, 0x38, 0x58, 0xD9, 0x2D, 0xE1, 0x75, 0x95, 0xDB, 0xBD,
    0xD8, 0x69, 0x98, 0x9C, 0x8E, 0x7A, 0x6E, 0xA6, 0xCC, 0x92, 0x35, 0x3B, 0x54, 0x6E, 0xB8, 0x92,
    0x7F, 0xE6, 0xCC, 0x2B, 0x64, 0x97, 0x73, 0x37, 0x68, 0xA5, 0xC0, 0x9E, 0x42, 0x11, 0x64, 0xD9,
    0x80, 0x9D, 0xD0, 0x2C, 0x00, 0x1E, 0xF1, 0xD0, 0xFC, 0x03, 0x0D, 0x8F, 0x20, 0xAE, 0x76, 0x3F,
    0x14, 0x5E, 0xBA, 0x61, 0xBE, 0xFA, 0x61, 0x35, 0x7B, 0xFE, 0x75, 0xCC, 0x87, 0x7C, 0xCD, 0x85,
    0x3B, 0x99, 0x9A, 0x31, 0x1B, 0xB4, 0x58, 0x7D, 0x5C, 0xF3, 0xC7, 0xB4, 0x00, 0x2D, 0xB5, 0x3F,
    0xD6, 0x68, 0xA2, 0x1B, 0xAE, 0xB9, 0x77, 0xD7, 0x89, 0xD8, 0x97, 0xD4, 0xDA, 0xB6, 0xBA, 0xFA,
    0xA5, 0x62, 0x1D, 0x05, 0x15, 0x1A, 0xD9, 0x35, 0x91, 0x59, 0x23, 0x66, 0xB5, 0x69, 0x36, 0xA5,
    0x36, 0x51, 0x10, 0xC9, 0x86, 0xAE, 0xFA, 0x53, 0x90, 0xAC, 0xE5, 0x77, 0xC6, 0x20, 0x57, 0xCB,
    0xD7, 0xE7, 0xE0, 0xA0, 0x97, 0xAF, 0x6D, 0xC1, 0x3F, 0xAF, 0x86, 0x3D, 0xB8, 0xE7, 0xF5, 0xD0,
    0x07, 0x1B, 0xA3, 0x39, 0xE1, 0x16, 0x24, 0xAE, 0xF6, 0x6D, 0x23, 0xB6, 0x8C, 0xBB, 0x11, 0xE3,
    0x15, 0xA3, 0xA9, 0x76, 0xD2, 0x52, 0x33, 0xFA, 0x36, 0x4B, 0x78, 0xD8, 0xC6, 0x2D, 0x06, 0xAF,
    0xBF, 0x1A, 0x8A, 0x44, 0x30, 0xA7, 0x1E, 0xF0, 0xEE, 0x45, 0xA2, 0x55, 0xDC, 0x22, 0x31, 0x2D,
    0x9C, 0x5A, 0x94, 0xDB, 0xED, 0x9E, 0x3C, 0xEC, 0xC5, 0x84, 0x0C, 0xB4, 0x60, 0xEA, 0x04, 0x6E,
    0xDF, 0xE3, 0x3D, 0xA4, 0x8C, 0x92, 0x21, 0x32, 0x49, 0x86, 0xC8, 0x20, 0x19, 0x84, 0xA9, 0xB4,
    0x3D, 0x85, 0xAB, 0x44, 0x09, 0x5B, 0x85, 0x22, 0x43, 0x84, 0x5F, 0xC9, 0x66, 0x88, 0xA3, 0x9E,
    0x12, 0xCE, 0x22, 0xD5, 0x19, 0x6F, 0x82, 0xB8, 0x6D, 0x89, 0x5B, 0x17, 0x5D, 0x96, 0x21, 0x77,
    0xBE, 0xC8, 0xC0, 0xCC, 0xAD, 0x1C, 0x55, 0x22, 0x63, 0xD1, 0xF8, 0x98, 0xB2, 0xA5, 0xFB, 0xC9,
    0xCC, 0xEC, 0x2D, 0xDC, 0xEB, 0xEC, 0xB3, 0xB3, 0x18, 0x1E, 0x8B, 0x53, 0x45, 0x28, 0x30, 0x66,
    0x5A, 0x2F, 0x6E, 0x2F, 0x2E, 0x5A, 0x3B, 0x04, 0xAA, 0x8F, 0x42, 0x0C, 0xC0, 0xCA, 0x20, 0x94,
    0x60, 0x17, 0x85, 0x95, 0x07, 0x8F, 0xE9, 0x27, 0xC0, 0x4D, 0xE7, 0x78, 0x4F, 0x71, 0xB0, 0xD7,
    0x46, 0x38, 0x88, 0x94, 0x45, 0xAF, 0xF8, 0x33, 0x43, 0xFC, 0x83, 0x9C, 0x16, 0xC5, 0xD5, 0x4C,
    0xF1, 0x34, 0x53, 0x1C, 0xCD, 0x14, 0x3F, 0x69, 0xCC, 0x4E, 0xCB, 0x6C, 0x94, 0xD3, 0x62, 0x94,
    0xD3, 0x62, 0x22, 0xA7, 0xC5, 0xFE, 0x1A, 0x4E, 0x4B, 0xA7, 0x9C, 0x16, 0x1B, 0xA4, 0x73, 0xBA,
    0x5F, 0x76, 0x5A, 0xEA, 0x2B, 0x4E, 0x8B, 0xBD, 0xCB, 0x69, 0xF1, 0x53, 0x10, 0x11, 0xED, 0xB9,
    0x7C, 0x40, 0x15, 0xDF, 0x1D, 0x4E, 0x0C, 0x8F, 0xA4, 0xDF, 0xDD, 0x2A, 0x98, 0x80, 0x40, 0xE5,
    0xEE, 0xA6, 0x61, 0xAB, 0x40, 0x5D, 0x02, 0x57, 0xEB, 0x25, 0xB7, 0xFF, 0x69, 0x90, 0x38, 0x9D,
    0x5B, 0xD0, 0xEF, 0x0C, 0xCC, 0x57, 0xF7, 0x6C, 0x4E, 0xC9, 0x32, 0x63, 0x3B, 0x58, 0x50, 0x03,
    0x73, 0x16, 0x9E, 0x34, 0x58, 0xCB, 0x6C, 0x11, 0xD1, 0x3A, 0x1D, 0x79, 0x6B, 0x02, 0x73, 0x2B,
    0x31, 0x32, 0x81, 0xBB, 0xB9, 0xDB, 0x4B, 0x48, 0x00, 0x7B, 0x13, 0xDE, 0xDB, 0x24, 0x02, 0x2A,
    0x26, 0x88, 0x51, 0x4F, 0xD3, 0xCB, 0xE6, 0x4B, 0xF2, 0xEE, 0xB7, 0x4F, 0xF8, 0x75, 0xCE, 0x6B,
    0x3C, 0x1F, 0x63, 0xAD, 0x99, 0xF3, 0x2A, 0xCE, 0x79, 0x05, 0xE7, 0xBC, 0x7A, 0xC1, 0xBB, 0x03,
    0x16, 0x3B, 0x9F, 0x0F, 0xB9, 0xFB, 0xDE, 0x4C, 0x8C, 0x45, 0x1F, 0x67, 0xCF, 0x0F, 0x77, 0x05,
    0x76, 0x2E, 0xDD, 0xCC, 0x9C, 0x64, 0x67, 0x43, 0x9C, 0x0C, 0xFC, 0x7C, 0xF7, 0xC6, 0x9C, 0x77,
    0x76, 0x4E, 0x7B, 0xBA, 0x70, 0xEF, 0x4B, 0xBE, 0x3B, 0xBB, 0xAD, 0x04, 0xDE, 0x23, 0xC8, 0xB2,
    0x05, 0xD6, 0x56, 0x06, 0x86, 0x8E, 0xDB, 0xDF, 0x6E, 0xE8, 0x6C, 0xA4, 0x03, 0xFD, 0x47, 0x58,
    0x94, 0x70, 0x6D, 0x21, 0x6E, 0xFB, 0x00, 0xAE, 0x15, 0x5B, 0x46, 0xC5, 0x46, 0x1A, 0x27, 0x73,
    0x6B, 0x0C, 0xCD, 0xCB, 0xFE, 0x91, 0xB9, 0xBF, 0x93, 0x09, 0x88, 0x12, 0x10, 0x62, 0x87, 0xF8,
    0x9C, 0xF7, 0x31, 0x0E, 0x10, 0x4C, 0x05, 0xCD, 0x99, 0x5C, 0xBB, 0x07, 0xB9, 0x0F, 0x48, 0x22,
    0x4F, 0xC8, 0x8C, 0x80, 0x7F, 0xC6, 0x9C, 0x0D, 0x09, 0xF0, 0x49, 0xDC, 0xD2, 0x5B, 0x38, 0x5C,
    0x3C, 0x16, 0x9B, 0xB0, 0x68, 0xEC, 0x4C, 0xB2, 0xE7, 0xB3, 0x04, 0x24, 0x9D, 0x64, 0xCA, 0x67,
    0x59, 0x85, 0x27, 0x83, 0x9C, 0xA4, 0x80, 0xE4, 0x80, 0x7F, 0xE1, 0x80, 0x64, 0x8B, 0xEF, 0x21,
    0xDE, 0xBD, 0xEA, 0x9E, 0x3D, 0x9F, 0x83, 0x22, 0x5A, 0x72, 0x71, 0xD5, 0xCC, 0x5F, 0xBA, 0x3B,
    0x98, 0xC5, 0xAB, 0x76, 0x7B, 0x4D, 0xF8, 0x89, 0xA1, 0xB0, 0x7C, 0xF6, 0x3E, 0xF5, 0x48, 0x8F,
    0x30, 0xA3, 0x82, 0x38, 0x94, 0xF0, 0xBB, 0xCF, 0x1F, 0xC0, 0x22, 0x6C, 0x55, 0x04, 0xCE, 0x72,
    0xF8, 0xD3, 0x0F, 0x14, 0x51, 0xBF, 0x37, 0xEB, 0x20, 0xD9, 0xAC, 0x83, 0x64, 0x91, 0xAD, 0xA0,
    0x89, 0x7A, 0xBE, 0xA6, 0xEA, 0xCF, 0xB4, 0xD2, 0x49, 0x2B, 0xA5, 0x93, 0xD6, 0x49, 0xEC, 0x47,
    0xB1, 0xBD, 0x48, 0xEC, 0x65, 0x82, 0xD8, 0xEB, 0x09, 0x0C, 0xC5, 0x3B, 0xE2, 0x1B, 0x22, 0x3E,
    0x0B, 0xE0, 0xF3, 0x89, 0xD9, 0xFB, 0x6D, 0x70, 0xBD, 0x7D, 0x40, 0x12, 0x94, 0x8A, 0x6C, 0xF2,
    0x62, 0xAE, 0x0E, 0x54, 0xB9, 0xC0, 0xDE, 0x62, 0xB6, 0x53, 0x27, 0x5E, 0x53, 0xF1, 0xAE, 0x6D,
    0x7B, 0xF1, 0x99, 0x0A, 0xF8, 0x02, 0xF1, 0x98, 0x0A, 0xF7, 0xE7, 0x43, 0xFC, 0xA5, 0x02, 0x7D,
    0x2D, 0xA5, 0x4C, 0x76, 0x6D, 0xDA, 0x86, 0xE8, 0xC1, 0x49, 0x13, 0xC1, 0x9B, 0xB9, 0x40, 0xDC,
    0x61, 0x49, 0x5D, 0x35, 0xAB, 0xEA, 0xD3, 0x05, 0xF6, 0x82, 0x3B, 0xE6, 0x9E, 0xBB, 0x65, 0x1F,
    0xA9, 0x23, 0x82, 0xA3, 0x93, 0x48, 0x10, 0x7B, 0xDD, 0x0E, 0x83, 0xEF, 0x21, 0xF6, 0x82, 0xE5,
    0xD9, 0x0B, 0x7B, 0x13, 0x90, 0x06, 0xDE, 0x8C, 0x72, 0x82, 0xDE, 0x7A, 0x33, 0xAA, 0x7B, 0x07,
    0x08, 0x36, 0xA3, 0x6A, 0x7B, 0xF4, 0xDA, 0x35, 0xED, 0x82, 0x63, 0xBA, 0x9A, 0x2E, 0xB8, 0xA5,
    0x27, 0xE3, 0xD9, 0xDB, 0xAD, 0xF4, 0x70, 0xDE, 0x25, 0xED, 0xB4, 0x43, 0xDA, 0x69, 0x77, 0xB4,
    0x0B, 0x06, 0xCD, 0xA1, 0x18, 0x52, 0xD8, 0x21, 0x72, 0x44, 0x3B, 0xED, 0x86, 0x76, 0xD7, 0x52,
    0x1B, 0x5D, 0xE4, 0x80, 0x46, 0xEE, 0xA7, 0x26, 0xD2, 0x28, 0xEC, 0x14, 0x11, 0x7F, 0x75, 0x26,
    0x3E, 0x6E, 0xCB, 0xD0, 0x05, 0x74, 0xD4, 0x04, 0xD7, 0x1E, 0x65, 0xE8, 0x92, 0x81, 0x59, 0xF1,
    0xB5, 0x19, 0x83, 0xA3, 0xCD, 0x8F, 0x67, 0x74, 0x33, 0xBA, 0xC7, 0x10, 0xB5, 0xD9, 0x20, 0x22,
    0xEE, 0x98, 0xB0, 0x97, 0x1B, 0xEC, 0xA4, 0xF6, 0x70, 0x8A, 0x8B, 0xB6, 0xFE, 0x09, 0xB7, 0x8C,
    0x33, 0x16, 0x71, 0x8D, 0xF7, 0x0B, 0x7E, 0x7E, 0xE2, 0x16, 0x2E, 0xED, 0x79, 0xFA, 0xBE, 0x64,
    0xE5, 0xEF, 0x7D, 0x9E, 0xAF, 0x30, 0xA3, 0xC4, 0xB7, 0x83, 0x45, 0x88, 0xC5, 0x8D, 0xDC, 0x9D,
    0xE0, 0xFB, 0x60, 0x6A, 0x69, 0xFB, 0xF6, 0xAD, 0xA1, 0x80, 0x90, 0x44, 0x22, 0x16, 0xDA, 0xA2,
    0xEE, 0x4D, 0x24, 0x05, 0x4E, 0xDA, 0x8D, 0x8B, 0x52, 0x36, 0xFE, 0xBA, 0xD0, 0xF3, 0x66, 0xA4,
    0x93, 0xD1, 0x03, 0x82, 0xE7, 0xCD, 0xE0, 0x3F, 0xF7, 0xBC, 0xCF, 0xAE, 0xF4, 0xBC, 0x6F, 0xAE,
    0xF8, 0xBC, 0x90, 0xB1, 0xA1, 0xE7, 0x75, 0x02, 0xDE, 0x1E, 0xEE, 0x79, 0xDD, 0xBD, 0xB7, 0xB6,
    0x9B, 0x1A, 0xCA, 0xBD, 0xB4, 0x25, 0x5E, 0x77, 0x72, 0x78, 0x7A, 0x4A, 0x9C, 0x80, 0x4F, 0x2C,
    0x79, 0x16, 0xB8, 0x26, 0x33, 0xC7, 0x9D, 0xBF, 0xEA, 0x98, 0xBA, 0x92, 0x77, 0xF8, 0xEC, 0x4A,
    0x22, 0xDE, 0x7D, 0xBE, 0x73, 0x74, 0xDB, 0xFB, 0xF0, 0xB9, 0xCE, 0x3B, 0x43, 0xDF, 0xAC, 0xB6,
    0x73, 0x05, 0xD7, 0xC2, 0x2E, 0xFD, 0x5B, 0xF0, 0xFE, 0xEC, 0xB1, 0xA5, 0xB8, 0xB5, 0xBB, 0xC9,
    0x15, 0x17, 0x07, 0xA5, 0x7B, 0x9C, 0xF2, 0xC0, 0x6B, 0xB9, 0xD1, 0xE7, 0xE7, 0x9C, 0xB8, 0x11,
    0x45, 0xA9, 0x03, 0x7B, 0x4B, 0x1C, 0xD7, 0x5B, 0xE2, 0xB0, 0x1E, 0xAB, 0x84, 0x6A, 0x35, 0x3A,
    0xE4, 0xDA, 0x88, 0x55, 0xC9, 0x72, 0x0B, 0x02, 0x5A, 0x8F, 0xBC, 0xE4, 0x82, 0x35, 0x5F, 0xD3,
    0x7D, 0xE2, 0xE6, 0x72, 0x8F, 0x5D, 0x83, 0xD7, 0x2B, 0x5E, 0x4A, 0x33, 0xD4, 0xAF, 0x7A, 0x03,
    0x70, 0x70, 0x8B, 0xA0, 0x1E, 0xCA, 0x45, 0x14, 0x44, 0xE5, 0x5E, 0x3C, 0xA0, 0xC3, 0x08, 0x9B,
    0x0C, 0xD3, 0x5F, 0x03, 0x4A, 0x14, 0x94, 0x62, 0xEE, 0x7B, 0x1D, 0xD9, 0xCB, 0x46, 0x5B, 0xD1,
    0xC0, 0xE9, 0x64, 0xAB, 0x61, 0x9A, 0x00, 0x25, 0x0E, 0x2D, 0x1A, 0x78, 0xB1, 0x0F, 0xD1, 0x94,
    0xF8, 0x51, 0x3E, 0x3C, 0x9A, 0xF4, 0xF0, 0x45, 0xDE, 0x2F, 0x77, 0x37, 0x39, 0x3B, 0x32, 0x38,
    0xE1, 0xD5, 0x5E, 0x0F, 0x51, 0x62, 0xF0, 0x66, 0x88, 0x53, 0x8A, 0x11, 0x59, 0xC4, 0x64, 0x1A,
    0x93, 0xE6, 0x8C, 0x6C, 0x86, 0x2B, 0x4E, 0xEC, 0x45, 0x43, 0xE6, 0x86, 0x36, 0x61, 0xCE, 0x9B,
    0xB0, 0xA6, 0x4D, 0x68, 0xFA, 0xB7, 0x51, 0xC5, 0xC1, 0xD6, 0x06, 0x43, 0x06, 0xEC, 0x86, 0xD2,
    0x29, 0x36, 0xB0, 0x23, 0x1A, 0x4B, 0x9B, 0x12, 0x36, 0xA3, 0x5B, 0xA4, 0xD9, 0xD1, 0xCD, 0xB8,
    0x48, 0x57, 0x50, 0x62, 0xAD, 0x6D, 0xA6, 0x92, 0x37, 0x25, 0x6D, 0xAA, 0x9D, 0xBE, 0xA7, 0x59,
    0xD8, 0xB0, 0x19, 0x79, 0x53, 0xB6, 0xB4, 0x29, 0x77, 0xBE, 0x8F, 0xBF, 0x0E, 0x6E, 0x87, 0x5C,
    0x59, 0x29, 0x8A, 0x0E, 0xED, 0x2D, 0x5B, 0xFC, 0xBF, 0x98, 0x29, 0xDA, 0x8C, 0xAF, 0xCB, 0x58,
    0x49, 0x67, 0xFC, 0x3D, 0x09, 0x6F, 0x6A, 0xC3, 0x9B, 0xDA, 0xBD, 0xFE, 0xC7, 0xA2, 0xF8, 0x66,
    0x99, 0x8B, 0xD8, 0x75, 0x2F, 0xE7, 0x78, 0xD1, 0x4E, 0xD1, 0x9A, 0x9D, 0xA2, 0x25, 0x1B, 0x82,
    0x64, 0x26, 0x8A, 0x42, 0x1B, 0xED, 0xF8, 0x19, 0xA3, 0x1D, 0x3F, 0x48, 0x02, 0x06, 0xC7, 0xAF,
    0x1E, 0x8D, 0x57, 0xB5, 0x7D, 0xEB, 0x16, 0xA3, 0xF5, 0x06, 0xB5, 0x5B, 0x31, 0x05, 0xA7, 0xB4,
    0x21, 0xF2, 0x5C, 0x4F, 0x9D, 0x55, 0x71, 0x67, 0x6B, 0x5F, 0x9B, 0x7D, 0xD4, 0x39, 0xB7, 0x87,
    0xCF, 0xAF, 0xE6, 0x6E, 0xB6, 0xA6, 0x74, 0x0D, 0x11, 0x67, 0x0E, 0x2F, 0xCD, 0x94, 0x96, 0xD2,
    0xC1, 0x2C, 0x1B, 0xA5, 0x3B, 0x31, 0x31, 0xB5, 0x68, 0x13, 0x24, 0x76, 0xF5, 0xEA, 0x29, 0xAC,
    0xB8, 0x49, 0x2F, 0xBA, 0x5E, 0xBB, 0x2E, 0x20, 0xCF, 0x56, 0x73, 0x9E, 0x9E, 0xD2, 0xEB, 0x4D,
    0x2D, 0x39, 0x35, 0xBB, 0xB8, 0xF0, 0xD0, 0x88, 0xA1, 0xB5, 0x87, 0x43, 0x5A, 0x7E, 0x38, 0xE4,
    0x15, 0xD8, 0x18, 0xBF, 0x08, 0x1B, 0xE3, 0xD7, 0x61, 0x63, 0xC2, 0x52, 0x34, 0x7E, 0x35, 0x36,
    0xC6, 0x2F, 0xC8, 0xC6, 0xF8, 0x35, 0x09, 0x96, 0x00, 0x2F, 0x4B, 0x0E, 0x02, 0x9F, 0x72, 0x19,
    0xE2, 0xA2, 0xA1, 0xE1, 0xE2, 0x87, 0xB4, 0x44, 0x29, 0x06, 0xDC, 0xCA, 0x90, 0x17, 0x2A, 0xBE,
    0xE0, 0xAF, 0xC3, 0x10, 0x58, 0xF5, 0xC8, 0x0F, 0x3B, 0x0E, 0x0E, 0xA3, 0x77, 0xB7, 0xF2, 0x30,
    0xDD, 0x73, 0xDB, 0xF8, 0xB0, 0x9F, 0xE8, 0xD4, 0x74, 0xF3, 0x50, 0x01, 0x8C, 0xAF, 0x86, 0xBD,
    0x2C, 0xC3, 0xBA, 0xF5, 0x0A, 0xFC, 0x5E, 0xB0, 0x67, 0x94, 0x21, 0x7E, 0x81, 0xA9, 0x1D, 0x33,
    0xD5, 0x04, 0xA6, 0x9A, 0xC0, 0x54, 0x58, 0x3D, 0xA4, 0x5B, 0x67, 0xD4, 0x8A, 0xA0, 0x5E, 0x9D,
    0xCB, 0x03, 0xCA, 0xA4, 0x72, 0x1A, 0xCF, 0x59, 0x49, 0x0D, 0x58, 0x1B, 0x16, 0xA3, 0x11, 0x6E,
    0x31, 0x27, 0xC0, 0xD4, 0x1E, 0x2D, 0xBA, 0x7C, 0x73, 0x0B, 0xFB, 0x65, 0x0C, 0xA1, 0xD4, 0xB3,
    0x7B, 0x3B, 0x5A, 0x61, 0x7D, 0x37, 0x14, 0x33, 0xD9, 0x60, 0x0D, 0xDA, 0xD7, 0x34, 0x44, 0x17,
    0xA6, 0x63, 0x1B, 0xD7, 0x33, 0x15, 0x95, 0x31, 0x38, 0xD1, 0xAC, 0x8F, 0xD1, 0x26, 0x23, 0x95,
    0x8C, 0xB2, 0xF0, 0x99, 0x30, 0xA4, 0x07, 0xAA, 0x2E, 0x0E, 0xD5, 0x0B, 0x9A, 0x30, 0xEC, 0x44,
    0xB4, 0xCD, 0x5E, 0x22, 0xE7, 0xCE, 0x5A, 0xF5, 0x43, 0xB5, 0x42, 0x95, 0x14, 0xDE, 0x2F, 0x45,
    0xFA, 0x2E, 0x69, 0xEE, 0x1A, 0x66, 0x08, 0x81, 0x15, 0x0B, 0x6B, 0xF0, 0x03, 0xD1, 0x16, 0x4B,
    0x62, 0x5F, 0x5B, 0x1D, 0x4F, 0x4E, 0xA6, 0x72, 0x1A, 0x15, 0x82, 0xBC, 0x90, 0x9D, 0x02, 0x75,
    0x03, 0x1A, 0x0A, 0x74, 0x02, 0x69, 0x70, 0x9B, 0x59, 0xD0, 0x71, 0xD6, 0xFE, 0xC5, 0x86, 0x71,
    0x81, 0xAE, 0x27, 0x4D, 0xEA, 0xD4, 0x11, 0x5D, 0x0F, 0xDA, 0x96, 0x4E, 0xE5, 0x40, 0x8E, 0xB3,
    0xED, 0x47, 0xBA, 0xBA, 0xE5, 0x07, 0x57, 0xF3, 0x77, 0x94, 0xFB, 0x64, 0x20, 0x04, 0x46, 0x22,
    0xE0, 0x7A, 0xE2, 0xF0, 0xC2, 0x48, 0xD7, 0x72, 0x77, 0x2E, 0xCB, 0xFF, 0x5C, 0x69, 0x05, 0x3C,
    0x5E, 0x31, 0xDC, 0x85, 0x7B, 0x13, 0x7C, 0xB9, 0x6E, 0x0D, 0x09, 0x25, 0x0A, 0x86, 0x5E, 0x46,
    0x3F, 0xFC, 0x4E, 0x5A, 0x6A, 0x72, 0x1F, 0xEE, 0x21, 0xE8, 0x75, 0xF6, 0x06, 0x3E, 0xB7, 0xA0,
    0x4C, 0xA1, 0x81, 0x9C, 0x1C, 0x5E, 0x87, 0x1C, 0x1D, 0x9B, 0x72, 0xCC, 0xD0, 0x0F, 0x2C, 0x97,
    0xE4, 0xBB, 0x70, 0xCD, 0x45, 0xD9, 0xF0, 0xE7, 0x83, 0x3C, 0xBE, 0xFC, 0x13, 0x31, 0x63, 0x3B,
    0x27, 0x90, 0x0D, 0x63, 0x6A, 0x1F, 0xB8, 0xAD, 0xC4, 0x9E, 0x7F, 0x05, 0xD0, 0x19, 0xD4, 0x10,
    0xEE, 0xA6, 0x20, 0xFC, 0x7E, 0xB0, 0x82, 0xE8, 0x9D, 0x47, 0xE4, 0x51, 0x0C, 0x80, 0xD7, 0xF0,
    0x28, 0x86, 0x12, 0x13, 0x17, 0x6C, 0xCC, 0xB8, 0xE5, 0x90, 0xEC, 0x62, 0xCA, 0xC0, 0xDA, 0xD8,
    0xC5, 0x90, 0x01, 0xAE, 0xEE, 0x62, 0xC6, 0x80, 0x9D, 0x2F, 0x81, 0xAC, 0xC4, 0x36, 0x23, 0x12,
    0x98, 0x2D, 0xD9, 0x9D, 0x14, 0xD9, 0x59, 0x2F, 0x34, 0x6E, 0x4A, 0x80, 0x20, 0xF3, 0xC5, 0x89,
    0x50, 0x24, 0x76, 0xBD, 0xDC, 0xE7, 0x8B, 0x6B, 0xFF, 0xB7, 0x4F, 0x7C, 0x48, 0xD8, 0x8D, 0x33,
    0xC1, 0x21, 0xC8, 0x1F, 0xEC, 0x45, 0x47, 0x88, 0xB5, 0xB8, 0x12, 0x41, 0xB6, 0xA2, 0x33, 0x95,
    0x27, 0x61, 0xAF, 0xF3, 0xBF, 0x21, 0x5D, 0xC0, 0x76, 0x62, 0xBD, 0x97, 0xCA, 0x4A, 0xB4, 0x2F,
    0x4E, 0xC1, 0x46, 0xA4, 0x8C, 0x00, 0x06, 0x11, 0xEC, 0x5A, 0xF8, 0x78, 0xAB, 0xB3, 0x0F, 0x13,
    0x0A, 0x26, 0xB0, 0x75, 0x08, 0xD2, 0xD2, 0xDB, 0x86, 0xF8, 0x69, 0x64, 0x19, 0x3E, 0x08, 0x09,
    0xD5, 0xD2, 0x99, 0x84, 0x9E, 0x70, 0x56, 0xE1, 0x10, 0x52, 0xAD, 0x89, 0x5D, 0x54, 0xDE, 0xB5,
    0xB0, 0x3A, 0x09, 0x6B, 0xDF, 0x98, 0xAE, 0xA4, 0xD9, 0x73, 0x4D, 0x24, 0x51, 0x02, 0xBE, 0xD3,
    0x44, 0x35, 0xA1, 0x9A, 0x96, 0x74, 0xFA, 0xB5, 0x31, 0x7D, 0xDB, 0x83, 0x90, 0x67, 0x02, 0x13,
    0x56, 0xC6, 0x0F, 0xC1, 0x1F, 0xA6, 0x00, 0xFD, 0x03, 0xD3, 0x0F, 0x38, 0x46, 0x0C, 0x42, 0x39,
    0x43, 0x98, 0x80, 0x38, 0x95, 0xFD, 0xD2, 0x82, 0xB7, 0xD4, 0xAF, 0xE6, 0x66, 0x4F, 0xDF, 0x83,
    0x8F, 0x4C, 0x01, 0xC4, 0x63, 0x4F, 0xCE, 0x8D, 0x98, 0x31, 0x48, 0x66, 0x1F, 0x2E, 0x16, 0xA2,
    0x5C, 0xEE, 0xAD, 0xD9, 0x91, 0x1F, 0x8E, 0x07, 0xF0, 0x7A, 0xFB, 0x22, 0x08, 0x12, 0xFC, 0xCC,
    0xA7, 0x6B, 0x3B, 0x3E, 0x57, 0xB1, 0x4C, 0x28, 0xED, 0xB3, 0xB3, 0x33, 0x62, 0x68, 0xBC, 0x67,
    0xAB, 0x13, 0x50, 0x38, 0x76, 0x1E, 0xF6, 0x51, 0xCE, 0x34, 0x76, 0xF2, 0xA2, 0x87, 0x78, 0xE7,
    0x4C, 0x5E, 0x3F, 0x38, 0xCB, 0x38, 0xFE, 0x77, 0x8E, 0x3F, 0x7B, 0x94, 0x33, 0xFB, 0x68, 0x63,
    0xBF, 0x12, 0xB5, 0x29, 0xA8, 0x0D, 0x41, 0x36, 0x03, 0x13, 0x42, 0x24, 0xD0, 0x26, 0x47, 0x75,
    0xC4, 0x7B, 0xBC, 0x06, 0x96, 0xD2, 0x1A, 0x4C, 0x30, 0x86, 0xC0, 0x10, 0x11, 0x1B, 0x3C, 0x95,
    0x17, 0xD7, 0xC4, 0x9B, 0x7E, 0x6E, 0xB6, 0x2B, 0x59, 0x7F, 0xA5, 0x3C, 0x17, 0xA1, 0xB7, 0x50,
    0xFF, 0xC0, 0x34, 0x3F, 0x45, 0xBA, 0x88, 0x21, 0x75, 0x34, 0xDE, 0xD5, 0x3D, 0xCF, 0xB7, 0x83,
    0x47, 0xBD, 0x4F, 0xA3, 0xFC, 0xFC, 0xA1, 0xB7, 0x59, 0x1B, 0x95, 0xFA, 0xD2, 0x29, 0x90, 0xA4,
    0x3F, 0xB4, 0x8B, 0x31, 0x47, 0xA9, 0xE7, 0xCB, 0x2B, 0x4E, 0x67, 0x39, 0x33, 0x1D, 0xB5, 0xEE,
    0x15, 0xBE, 0xA0, 0x54, 0xE1, 0x96, 0xF4, 0xD3, 0x0C, 0xCB, 0x27, 0x9C, 0x61, 0xF9, 0xD0, 0x3F,
    0xDF, 0x88, 0x5D, 0xC9, 0x36, 0xF2, 0x4A, 0xA3, 0x48, 0x59, 0x4C, 0xBD, 0x7C, 0xE9, 0xC3, 0x3E,
    0xCD, 0xEF, 0x7C, 0xF8, 0xFC, 0xCE, 0x07, 0xFF, 0xD4, 0xED, 0x85, 0x2D, 0x7D, 0xE6, 0xF7, 0xEB,
    0xDF, 0x37, 0xED, 0x75, 0xCD, 0x1A, 0xF9, 0xB6, 0x91, 0x6B, 0x3B, 0x85, 0x58, 0x4C, 0x39, 0x68,
    0xCD, 0x3A, 0xA8, 0x38, 0x4C, 0x39, 0xA8, 0x28, 0x4C, 0x39, 0xA8, 0x18, 0x4C, 0x39, 0xA8, 0x08,
    0x4C, 0x39, 0xA8, 0xF8, 0x4B, 0x39, 0xA8, 0xE8, 0x4B, 0x39, 0xA8, 0xD8, 0x4B, 0x39, 0xA8, 0xC8,
    0x4B, 0x39, 0x28, 0xCD, 0x5A, 0x0E, 0x5A, 0xB3, 0x0E, 0x5A, 0xB3, 0x0E, 0x5A, 0xB3, 0x0E, 0x5A,
    0xB3, 0x0E, 0x5A, 0xB3, 0x06, 0x7E, 0x14, 0x47, 0xA9, 0x99, 0xF6, 0xA2, 0x22, 0xEA, 0x77, 0x86,
    0x10, 0x2F, 0xCE, 0xD5, 0xD4, 0x0D, 0x89, 0x26, 0x54, 0x5E, 0x1F, 0xB2, 0x64, 0xC3, 0xC5, 0x18,
    0xF3, 0x85, 0xC8, 0x73, 0x77, 0x61, 0xD4, 0x5C, 0x08, 0x4A, 0xD7, 0x8B, 0xDA, 0xD4, 0x22, 0xDF,
    0xAD, 0xDF, 0xDF, 0x37, 0x4A, 0x62, 0x27, 0xC7, 0x85, 0xD8, 0x77, 0x63, 0x82, 0xAE, 0x3F, 0x5D,
    0x1A, 0x65, 0xFE, 0x69, 0x20, 0xD2, 0xF7, 0x94, 0x04, 0x74, 0xDB, 0x9A, 0x61, 0x24, 0x20, 0x14,
    0x67, 0x16, 0x47, 0x35, 0x07, 0xB1, 0xFA, 0xB9, 0xFE, 0xBF, 0x0C, 0xB8, 0x83, 0x40, 0xF5, 0x40,
    0x00, 0xBF, 0x1A, 0x0D, 0x98, 0x14, 0xD9, 0x50, 0x60, 0x7A, 0xAF, 0xE5, 0xDF, 0x19, 0x27, 0x9C,
    0xEA, 0xD7, 0xD0, 0xBB, 0xEA, 0xED, 0xEC, 0x46, 0x03, 0x45, 0xA1, 0xEB, 0x1F, 0x1C, 0x6C, 0xB8,
    0xBC, 0x33, 0xA4, 0xB4, 0xF4, 0x6B, 0x88, 0x38, 0x8E, 0x74, 0x3B, 0x43, 0x26, 0xE1, 0x9D, 0x21,
    0x91, 0x0C, 0xC5, 0x20, 0xB2, 0x13, 0x46, 0xFE, 0x77, 0xE1, 0xAF, 0x6C, 0x29, 0xB9, 0x11, 0xCB,
    0xCA, 0x6A, 0x48, 0x78, 0x53, 0x95, 0xDE, 0xEB, 0x0B, 0xF2, 0x31, 0x0B, 0x48, 0x98, 0x7E, 0x35,
    0x8A, 0x57, 0xED, 0xA5, 0x51, 0x90, 0x7A, 0x59, 0xF0, 0x1A, 0x7B, 0x58, 0xE3, 0x0F, 0x7C, 0x28,
    0x84, 0x5E, 0x52, 0xAF, 0x29, 0x7F, 0x47, 0xB6, 0xA5, 0x1B, 0x61, 0x47, 0xAA, 0x0D, 0xA0, 0x4C,
    0x2D, 0xAE, 0x6F, 0x00, 0x3D, 0x0D, 0xE8, 0xE4, 0x81, 0xB3, 0x3F, 0xE1, 0xB7, 0xA7, 0x68, 0xD9,
    0xC0, 0x3A, 0x4F, 0xD1, 0x4D, 0x06, 0xF8, 0x0B, 0xFD, 0xCE, 0x58, 0xFC, 0x2B, 0xE8, 0x03, 0x48,
    0xE6, 0x6C, 0x25, 0x70, 0xE8, 0x3E, 0x7C, 0x4A, 0xC9, 0x80, 0x46, 0x37, 0xDA, 0x69, 0x79, 0xFF,
    0x48, 0xD6, 0x43, 0xF5, 0x2F, 0x1E, 0x27, 0x1B, 0xD6, 0x48, 0xBF, 0xDD, 0x56, 0xD0, 0x1E, 0xFE,
    0x59, 0xF8, 0xD7, 0xF5, 0x32, 0x2A, 0xFC, 0xE7, 0xF5, 0xBB, 0xC4, 0x8A, 0xF0, 0x9E, 0xD9, 0x38,
    0x94, 0x51, 0x77, 0xC8, 0xA8, 0x0E, 0x80, 0xA8, 0x9B, 0x63, 0xF3, 0xDA, 0x2A, 0xD8, 0x15, 0x5B,
    0xC8, 0x2E, 0xF8, 0x95, 0xFB, 0xF7, 0x46, 0xF3, 0xFE, 0x0E, 0x9B, 0x34, 0xCC, 0x80, 0x0D, 0x73,
    0x00, 0xD8, 0x6A, 0x99, 0x05, 0x8A, 0x76, 0xD3, 0x3C, 0x90, 0x3F, 0x47, 0x33, 0x51, 0xCC, 0x61,
    0x2E, 0x8A, 0x29, 0xCC, 0x46, 0x39, 0x85, 0xF9, 0x28, 0xE6, 0x30, 0x23, 0xC5, 0x1C, 0xE6, 0x24,
    0x57, 0xB3, 0x92, 0xA9, 0x79, 0x81, 0x95, 0x28, 0x33, 0x93, 0xAD, 0x61, 0x6E, 0x80, 0x15, 0x32,
    0x3B, 0xC8, 0x16, 0x9E, 0x1F, 0xC4, 0x80, 0xF3, 0x0C, 0x11, 0x1E, 0x9C, 0xE6, 0x88, 0x58, 0x47,
    0xB3, 0xC4, 0xF0, 0x1D, 0x9C, 0x27, 0xF6, 0xC3, 0x71, 0xA6, 0x18, 0xB3, 0x54, 0x6E, 0xC1, 0xCE,
    0x82, 0x97, 0x96, 0x4A, 0xF3, 0x96, 0xFB, 0x75, 0x14, 0xA7, 0xE7, 0xE1, 0x76, 0x69, 0xA4, 0xDE,
    0x5A, 0xB9, 0xFD, 0xF0, 0xB9, 0xE7, 0x04, 0xF6, 0x42, 0xE6, 0x8E, 0x7B, 0x18, 0xD8, 0x32, 0x2C,
    0xE4, 0x4A, 0xCE, 0x02, 0xD7, 0x53, 0xF9, 0xC3, 0x7E, 0x21, 0x71, 0x50, 0x8E, 0x05, 0x65, 0xF4,
    0x46, 0xF7, 0xC5, 0x96, 0xC4, 0x81, 0x1B, 0x75, 0x54, 0x0A, 0xE0, 0x46, 0x4E, 0xA0, 0x55, 0xBB,
    0xE1, 0x11, 0x04, 0x41, 0x68, 0x54, 0xD0, 0x5F, 0x7B, 0xE7, 0x83, 0x83, 0xEB, 0x30, 0x42, 0x04,
    0xCC, 0xC9, 0x6B, 0xF7, 0x29, 0xC8, 0x80, 0xA4, 0xDF, 0xDC, 0x68, 0x42, 0x9D, 0x6A, 0xF1, 0x91,
    0x80, 0xE5, 0xFD, 0x5B, 0x32, 0xC2, 0x7D, 0xC0, 0xA6, 0xEF, 0x28, 0xCC, 0x43, 0x03, 0xD3, 0x49,
    0x93, 0x9B, 0x83, 0x6A, 0x0D, 0xE0, 0x09, 0xDF, 0x18, 0x05, 0xCE, 0x4C, 0xF7, 0x7E, 0xCF, 0xBE,
    0x9D, 0x86, 0x60, 0x4F, 0xA8, 0x49, 0xA8, 0xFC, 0xE8, 0x73, 0x27, 0xCD, 0xB5, 0xDB, 0x03, 0xE3,
    0xB5, 0xB6, 0x37, 0xBC, 0xEE, 0xD9, 0x31, 0x23, 0x41, 0x50, 0xAF, 0x19, 0xFD, 0x36, 0x07, 0xD7,
    0x7F, 0xC2, 0x39, 0xCC, 0xE6, 0x1B, 0xC4, 0xA6, 0x2E, 0xD9, 0x9C, 0x5A, 0x0A, 0x1B, 0x61, 0x6C,
    0x0A, 0x32, 0x34, 0x18, 0xBA, 0x72, 0x26, 0x2C, 0xC0, 0xBD, 0x47, 0x40, 0x39, 0x21, 0xEE, 0xDB,
    0xBD, 0xE6, 0xA0, 0xDF, 0x38, 0x31, 0xFF, 0x26, 0xC7, 0xB4, 0x3A, 0x0B, 0x20, 0x63, 0x0A, 0x7D,
    0x03, 0x50, 0xCB, 0xE9, 0xE4, 0x6E, 0x06, 0xB5, 0xD8, 0xDB, 0x67, 0x2D, 0x65, 0xAE, 0xEC, 0x1B,
    0x96, 0xA2, 0xDE, 0x05, 0x39, 0x71, 0xD9, 0x92, 0xDA, 0x92, 0x06, 0x66, 0x47, 0x99, 0xE9, 0x16,
    0xEB, 0x3F, 0xE2, 0xC0, 0x2D, 0xE5, 0xBF, 0x23, 0x29, 0x6A, 0x47, 0x16, 0xA7, 0x8D, 0x0C, 0x0A,
    0xAF, 0xCB, 0xDA, 0xB3, 0x35, 0x44, 0x0C, 0xB8, 0x9B, 0xF4, 0x5A, 0x28, 0x04, 0x91, 0xF0, 0x97,
    0x3E, 0xE4, 0x70, 0x63, 0xC9, 0xF8, 0x59, 0x05, 0x28, 0xC9, 0x70, 0xC9, 0x13, 0x83, 0xB1, 0xE8,
    0x5F, 0x4B, 0x21, 0xB6, 0xB7, 0x7B, 0x58, 0x99, 0x3F, 0x5B, 0x41, 0x90, 0xA6, 0x4E, 0x09, 0xF5,
    0xEE, 0x8F, 0xCE, 0xFF, 0x03, 0xC9, 0x9E, 0x43, 0x3C, 0x18, 0x20, 0x2E, 0x10, 0xF5, 0x1A, 0x10,
    0xED, 0xDA, 0x83, 0x11, 0x02, 0x41, 0x2F, 0xC0, 0x6F, 0xAF, 0x40, 0x62, 0xCC, 0x0C, 0x61, 0x84,
    0x4E, 0xF5, 0x19, 0x4A, 0x86, 0xC1, 0x0E, 0xBF, 0xE7, 0x1C, 0x51, 0x58, 0xAB, 0xF0, 0x57, 0x4C,
    0xDF, 0xED, 0x3D, 0xB2, 0x7F, 0xA5, 0x00, 0xB7, 0xBB, 0x03, 0x10, 0x0E, 0xD9, 0x5A, 0x91, 0x96,
    0xA8, 0x31, 0x6F, 0x0B, 0x64, 0x4B, 0x37, 0x0D, 0x4F, 0xF5, 0xDA, 0xCA, 0x39, 0x2A, 0xCC, 0x75,
    0x42, 0xB0, 0x4F, 0x47, 0xD4, 0x6D, 0x1C, 0x43, 0x3B, 0x23, 0x9B, 0x98, 0xAC, 0x62, 0xB2, 0x88,
    0xC9, 0x5B, 0xC5, 0x48, 0xCB, 0xA5, 0xF0, 0xD4, 0xD3, 0xF0, 0xDF, 0x46, 0xD3, 0xB1, 0xF5, 0xE8,
    0x8A, 0x1C, 0x44, 0x58, 0x90, 0xB8, 0x42, 0x00, 0x2A, 0x88, 0x97, 0x6E, 0x0F, 0xA8, 0x66, 0xCB,
    0x21, 0x2D, 0xF7, 0xCB, 0xAF, 0xDA, 0xE6, 0xB4, 0xF1, 0x14, 0x75, 0x76, 0xAB, 0x87, 0x8D, 0x27,
    0xA8, 0x86, 0x4C, 0xD5, 0xC6, 0xD3, 0x03, 0xA0, 0xA1, 0xD3, 0x26, 0x93, 0x03, 0x96, 0xE5, 0xC6,
    0x53, 0x83, 0x9F, 0xB2, 0xF1, 0xC4, 0xA0, 0x29, 0xBF, 0xF1, 0xB4, 0x98, 0x3F, 0x70, 0xF3, 0xB9,
    0xF1, 0xA4, 0xC0, 0x5C, 0xC0, 0x97, 0xE2, 0x94, 0x20, 0x63, 0x36, 0x9E, 0x10, 0x88, 0xFD, 0xE1,
    0xED, 0xC0, 0x74, 0x20, 0x2A, 0x7C, 0xE3, 0xC9, 0x40, 0xA1, 0xB4, 0xC9, 0x54, 0xC0, 0x23, 0x6C,
    0x7E, 0x22, 0x9C, 0x59, 0xB6, 0x85, 0x94, 0x73, 0x3D, 0x6F, 0x61, 0xD1, 0xE5, 0xBB, 0x8E, 0xD7,
    0x45, 0x80, 0xDC, 0x46, 0x13, 0xE5, 0x76, 0x0D, 0x97, 0x9B, 0x6E, 0xD7, 0x2C, 0x70, 0xED, 0xC3,
    0x9A, 0x72, 0x88, 0x09, 0xE2, 0x35, 0xD4, 0x5F, 0x94, 0xAC, 0xC7, 0x20, 0xFC, 0xB9, 0x78, 0xC2,
    0x71, 0xF5, 0x28, 0xC9, 0xC8, 0x71, 0x0B, 0xCF, 0x69, 0x2A, 0x8E, 0xED, 0x58, 0x30, 0xDA, 0x39,
    0xB6, 0x73, 0x63, 0x31, 0x36, 0x89, 0x44, 0x01, 0xE1, 0x62, 0x08, 0xBE, 0x4F, 0x3C, 0x0B, 0xF0,
    0xE9, 0xFD, 0xC4, 0xB3, 0x80, 0xB5, 0x79, 0x13, 0xCF, 0xC2, 0x53, 0xA4, 0xDC, 0x64, 0x16, 0x9A,
    0x93, 0x23, 0x78, 0x16, 0x00, 0x37, 0x3D, 0xC9, 0x2C, 0xB8, 0xFF, 0xFB, 0x8D, 0x01, 0xBC, 0x03,
    0x82, 0x66, 0xA1, 0x22, 0xCB, 0x04, 0x67, 0x01, 0xA0, 0x5A, 0xA5, 0x6C, 0x09, 0xB0, 0x74, 0xC9,
    0xCE, 0x82, 0x59, 0xF8, 0x86, 0xD4, 0x08, 0xC0, 0x2C, 0x3C, 0x2D, 0x04, 0x27, 0xFE, 0xCB, 0x49,
    0x25, 0xFE, 0xA3, 0x52, 0x82, 0x5F, 0x9B, 0x38, 0x93, 0x48, 0xC3, 0x75, 0x82, 0xD9, 0x3B, 0x78,
    0xF7, 0xC7, 0xA2, 0xD1, 0x4D, 0x84, 0x5B, 0xE4, 0xBD, 0x10, 0xB0, 0xC8, 0x2D, 0x13, 0xC8, 0xDE,
    0xBE, 0x4D, 0x90, 0x40, 0xF6, 0x76, 0xEF, 0xF7, 0x00, 0x5F, 0x25, 0xF6, 0xD6, 0x4E, 0x93, 0x34,
    0x22, 0x7D, 0xDC, 0xFB, 0x06, 0x47, 0x30, 0x7B, 0x6F, 0x76, 0x83, 0x2F, 0x43, 0xF6, 0x76, 0x94,
    0xD8, 0x40, 0xF6, 0x62, 0xF0, 0xAB, 0x65, 0xF6, 0x62, 0x64, 0xBC, 0x65, 0xF6, 0x56, 0xE2, 0x64,
    0x02, 0x7B, 0x41, 0xA7, 0x37, 0x6C, 0x0C, 0x83, 0x17, 0xC5, 0x84, 0x63, 0x6F, 0xDA, 0xE3, 0xF7,
    0x30, 0x7B, 0x93, 0x7E, 0xF1, 0xCF, 0x03, 0xAE, 0x8C, 0xF6, 0xED, 0x6C, 0xDF, 0x6A, 0x78, 0x46,
    0xAB, 0x83, 0x84, 0xED, 0x35, 0xA7, 0xBE, 0x6B, 0x65, 0xC1, 0x3E, 0xE3, 0x3E, 0x8E, 0xD9, 0xBB,
    0xA5, 0x2B, 0x06, 0xD4, 0x88, 0xC8, 0xF6, 0x54, 0x22, 0x83, 0xB0, 0x69, 0x9F, 0xDD, 0x8B, 0x45,
    0xEE, 0xA0, 0xF9, 0xC5, 0x4C, 0xA6, 0x39, 0x48, 0x76, 0xA7, 0x99, 0x91, 0x40, 0xB9, 0x9E, 0xD9,
    0xA9, 0x9A, 0x99, 0xA3, 0xFF, 0x1B, 0x3E, 0x88, 0x17, 0xAC, 0x53, 0xD7, 0x15, 0x08, 0x01, 0xE4,
    0xA8, 0x33, 0x88, 0xCA, 0x77, 0x56, 0xC3, 0x1C, 0x45, 0xFF, 0xED, 0xF7, 0x45, 0x9A, 0x03, 0x61,
    0x99, 0xA3, 0x8E, 0x73, 0x03, 0x58, 0x63, 0xC8, 0x51, 0xB7, 0xAA, 0x07, 0x40, 0x27, 0x22, 0x47,
    0x9D, 0x6F, 0x39, 0xF5, 0xA0, 0xE9, 0x91, 0xA3, 0xA3, 0xFB, 0x6A, 0xF2, 0x42, 0x00, 0x3E, 0x97,
    0x11, 0xAC, 0x09, 0x38, 0x0A, 0x39, 0x51, 0xCA, 0x0B, 0x3B, 0x8E, 0xA2, 0xC5, 0x50, 0xCC, 0xCC,
    0x51, 0xEB, 0xD7, 0x98, 0x1B, 0x01, 0xA2, 0xD1, 0xDB, 0x03, 0x10, 0x51, 0xEA, 0x83, 0x7B, 0xD9,
    0x16, 0x36, 0x04, 0x62, 0xAC, 0xAA, 0x7C, 0xEA, 0x34, 0x8A, 0x18, 0x0A, 0x51, 0x9E, 0x38, 0xD2,
    0xDA, 0x2B, 0x9B, 0xCD, 0x86, 0xB0, 0x8F, 0x63, 0xA6, 0xA4, 0x65, 0x80, 0x97, 0xE5, 0xE1, 0xD1,
    0xCA, 0xEE, 0x36, 0xDE, 0x36, 0xA2, 0x1D, 0xCB, 0x77, 0x3C, 0x23, 0x4D, 0xF9, 0x9A, 0xC5, 0xAC,
    0xFD, 0x09, 0x79, 0x75, 0x63, 0x45, 0xFA, 0x82, 0x1B, 0xBE, 0x33, 0x17, 0x41, 0x50, 0x1D, 0xBC,
    0x2C, 0x79, 0x4C, 0xAB, 0x92, 0xC6, 0xC8, 0x42, 0x18, 0xEF, 0xB2, 0x26, 0x07, 0x16, 0x81, 0x35,
    0x8E, 0x49, 0x15, 0x39, 0x26, 0xB8, 0x7B, 0xA6, 0x5B, 0x4D, 0x71, 0x5C, 0xCB, 0x76, 0x77, 0x5C,
    0xF4, 0x8E, 0x55, 0xB1, 0x06, 0x6E, 0x65, 0x2A, 0x21, 0x9C, 0x58, 0x95, 0x6F, 0x83, 0x72, 0xEC,
    0x68, 0x3F, 0x6F, 0xD7, 0x09, 0x62, 0x57, 0xB0, 0xD5, 0xDC, 0xF7, 0x55, 0x5E, 0x17, 0x3A, 0x86,
    0xF9, 0xF5, 0x0E, 0x1C, 0x83, 0x40, 0xF4, 0x23, 0x61, 0x59, 0xF5, 0x06, 0xC9, 0x03, 0xE4, 0x59,
    0xF5, 0x4A, 0x4F, 0x21, 0x69, 0x60, 0x5A, 0xE5, 0x1C, 0xC6, 0x1F, 0x88, 0xD2, 0x72, 0x44, 0xFD,
    0x8A, 0x62, 0x5B, 0x73, 0x3A, 0x84, 0x6F, 0x60, 0xDE, 0xBE, 0x2C, 0x8C, 0x9B, 0xDD, 0x2E, 0x11,
    0xCE, 0x15, 0xF0, 0x64, 0xC2, 0x3A, 0xF7, 0x98, 0x63, 0x22, 0xBC, 0x03, 0x20, 0x65, 0x16, 0x94,
    0x96, 0xA8, 0x79, 0x62, 0x0A, 0x03, 0xFF, 0x60, 0xF5, 0x1D, 0xDF, 0x13, 0x07, 0xDF, 0x72, 0xED,
    0x96, 0x0A, 0x17, 0x85, 0x87, 0xFD, 0x42, 0x14, 0xEA, 0x73, 0xD6, 0xF2, 0x72, 0x31, 0xC3, 0x8E,
    0x1F, 0xAA, 0xFF, 0x54, 0x69, 0x1C, 0x52, 0x32, 0x5E, 0x11, 0xA4, 0xCB, 0xE5, 0x61, 0x5C, 0x28,
    0x92, 0x87, 0x49, 0xEC, 0x7C, 0x98, 0xD8, 0x39, 0xF1, 0xF6, 0x78, 0x8E, 0x7E, 0xB9, 0xC3, 0x7A,
    0x04, 0xDE, 0x4E, 0xFD, 0x58, 0x02, 0x9B, 0xC1, 0x01, 0x6B, 0xC6, 0x72, 0x48, 0xC1, 0xB3, 0xCC,
    0x96, 0x06, 0xE3, 0x2E, 0x00, 0x51, 0xDD, 0x2A, 0xFB, 0xD6, 0x70, 0x0F, 0xB6, 0x20, 0x26, 0xC0,
    0x87, 0x12, 0x32, 0xC8, 0x06, 0xD0, 0x50, 0x63, 0x33, 0x73, 0x89, 0x47, 0xF7, 0x4F, 0x54, 0x85,
    0xEC, 0x24, 0x38, 0x78, 0xEE, 0xF0, 0x56, 0x77, 0x2F, 0x99, 0x7D, 0x77, 0xC1, 0xAA, 0x6A, 0xD8,
    0x9A, 0x2F, 0xE0, 0x6F, 0x51, 0x65, 0x67, 0x33, 0x0C, 0xB1, 0x76, 0xA4, 0x98, 0x29, 0x8C, 0x84,
    0xAF, 0xA2, 0xE2, 0x69, 0xA8, 0x34, 0xA2, 0x98, 0x44, 0x01, 0xE5, 0x72, 0xA7, 0x62, 0xE6, 0xB5,
    0x71, 0xF8, 0x88, 0x31, 0x80, 0x67, 0x67, 0x0E, 0x7B, 0xB7, 0xBA, 0xB2, 0xE6, 0xEC, 0xE7, 0xBB,
    0xD7, 0xD3, 0x83, 0x62, 0x80, 0x71, 0x96, 0x95, 0x8D, 0xAE, 0x2B, 0x94, 0x36, 0x95, 0x95, 0xD1,
    0x22, 0x14, 0x1B, 0xCA, 0x44, 0x89, 0x9D, 0x8C, 0x94, 0x37, 0x93, 0x91, 0x22, 0x43, 0xAC, 0x74,
    0x56, 0xB2, 0xF1, 0x96, 0x18, 0x42, 0x41, 0x36, 0xAF, 0xA5, 0x46, 0xA4, 0x68, 0x59, 0x93, 0xD5,
    0xCB, 0xC6, 0x58, 0x42, 0x16, 0xB2, 0x58, 0x63, 0x16, 0x5D, 0x29, 0x31, 0xC7, 0x7A, 0x48, 0x53,
    0xB7, 0x9B, 0x37, 0x8F, 0x4F, 0x6E, 0x6E, 0xC4, 0x20, 0xBB, 0x07, 0xA9, 0xDE, 0xC5, 0x2F, 0xEE,
    0xEA, 0xC8, 0xDE, 0xDF, 0xBD, 0x49, 0x06, 0x19, 0xF0, 0x3E, 0xD8, 0x64, 0xF5, 0xBB, 0x6B, 0x13,
    0x9E, 0x2F, 0x7F, 0xBC, 0x6A, 0x73, 0x0B, 0x2B, 0xB6, 0x83, 0x18, 0x5D, 0xB3, 0x2D, 0x32, 0x8B,
    0xFF, 0x5E, 0x19, 0x01, 0xEB, 0x2D, 0xA3, 0xB8, 0x0F, 0x62, 0x61, 0x35, 0x9A, 0x06, 0xAF, 0xD5,
    0x49, 0x16, 0x4F, 0xBB, 0xD5, 0xFA, 0x2A, 0x2F, 0xD8, 0x9E, 0x82, 0xE8, 0xF5, 0x2F, 0x78, 0x6F,
    0xE1, 0x3D, 0x39, 0xB5, 0x63, 0x17, 0xDC, 0x28, 0xC8, 0xF5, 0x12, 0xC1, 0xAF, 0xF9, 0x2C, 0x7C,
    0x77, 0xAB, 0xAE, 0x40, 0x14, 0x30, 0x71, 0x1E, 0x3D, 0x58, 0xF4, 0x1C, 0xD8, 0x08, 0xEE, 0x50,
    0x97, 0x40, 0xC9, 0x19, 0xD9, 0xC1, 0x1D, 0x25, 0x06, 0x4E, 0xC4, 0xFF, 0xFF, 0x88, 0x78, 0x09,
    0x48, 0x28, 0xD0, 0x0C, 0x1C, 0xE0, 0xFE, 0x15, 0x4B, 0xFA, 0x70, 0x22, 0xD9, 0x02, 0x3D, 0x35,
    0xC0, 0x44, 0x87, 0x0C, 0x04, 0xCC, 0xC2, 0x8E, 0x8A, 0xE6, 0x80, 0xC5, 0x88, 0xF3, 0x00, 0x73,
    0xE5, 0x14, 0x0F, 0x46, 0xC8, 0x61, 0x26, 0x76, 0xE2, 0xF3, 0xC2, 0xBA, 0x95, 0x70, 0x17, 0x05,
    0xD7, 0x65, 0xD7, 0x64, 0xC9, 0x98, 0xE2, 0x57, 0x96, 0x2B, 0xB8, 0x51, 0xA1, 0xB9, 0xEF, 0x47,
    0x49, 0x0B, 0x33, 0x82, 0xCE, 0x87, 0xCF, 0x6F, 0x59, 0x2A, 0xF5, 0xFA, 0xF6, 0x1C, 0x57, 0xB7,
    0xE9, 0x64, 0x4F, 0x7D, 0x46, 0x93, 0xEF, 0x1F, 0xD3, 0xD5, 0x19, 0x1D, 0xF2, 0x67, 0xBA, 0x70,
    0xB4, 0x7C, 0x82, 0xB1, 0xCE, 0xBC, 0x65, 0x51, 0xFE, 0x49, 0x65, 0x37, 0x34, 0xDC, 0xA8, 0x88,
    0xCA, 0xDA, 0x22, 0xAC, 0x9B, 0x0E, 0x87, 0x94, 0xD3, 0x87, 0xD1, 0xC9, 0x83, 0xD2, 0xC9, 0x83,
    0xD2, 0xC9, 0x83, 0xD2, 0xC9, 0x83, 0xD2, 0xC9, 0x83, 0x09, 0x3A, 0x19, 0xED, 0x14, 0xD6, 0xC9,
    0x43, 0xA6, 0x74, 0x72, 0xA6, 0x75, 0x72, 0xF6, 0x6B, 0xE8, 0xE4, 0x44, 0xEB, 0xE4, 0x2D, 0xE8,
    0x64, 0xB2, 0xCA, 0x6E, 0xEB, 0xE4, 0xFE, 0x8A, 0x4E, 0xDE, 0xAE, 0xEB, 0xE4, 0x4B, 0x2E, 0xCF,
    0x15, 0x44, 0xA1, 0xE2, 0xBE, 0xAE, 0x4F, 0xD5, 0xBE, 0xD3, 0xB5, 0x71, 0xB2, 0x5D, 0x81, 0x71,
    0x77, 0x57, 0xBE, 0x8B, 0x80, 0x79, 0x97, 0x2D, 0x84, 0x68, 0x2C, 0x7B, 0x5D, 0x16, 0xAE, 0x0D,
    0x51, 0x50, 0xDC, 0xE3, 0xDF, 0x38, 0x42, 0xFC, 0xE1, 0xCB, 0x9D, 0x18, 0xFE, 0xEE, 0xCB, 0xEA,
    0xC1, 0x3B, 0xB7, 0x4D, 0x39, 0x7B, 0xDF, 0xB6, 0xCB, 0x16, 0xEF, 0x54, 0xF5, 0xA9, 0xF7, 0x6C,
    0xDD, 0x4D, 0xCB, 0x3C, 0x82, 0x95, 0x25, 0xF3, 0x08, 0xFB, 0xB9, 0x17, 0x87, 0xAA, 0x5B, 0xF0,
    0x95, 0x30, 0x8F, 0x37, 0x16, 0xA3, 0x63, 0x38, 0x8F, 0x90, 0xF7, 0xED, 0x79, 0x1E, 0x41, 0xB1,
    0xF6, 0x74, 0x43, 0x09, 0x04, 0xE0, 0x2D, 0xCD, 0x23, 0xDA, 0x12, 0x87, 0x38, 0xE8, 0xA1, 0xC8,
    0x0F, 0xA2, 0x35, 0x5E, 0x8A, 0x56, 0x7B, 0xD8, 0x8D, 0x51, 0x89, 0xA7, 0x36, 0x18, 0xEE, 0x53,
    0x47, 0x98, 0xAB, 0x91, 0x9B, 0x33, 0x4A, 0xB8, 0x57, 0x0F, 0x3A, 0xAA, 0x51, 0x0F, 0x3A, 0x88,
    0x53, 0x87, 0xBD, 0x90, 0xAE, 0x42, 0x01, 0x17, 0x29, 0xC8, 0xFD, 0x79, 0xDE, 0x0F, 0x09, 0x50,
    0xC9, 0x26, 0x01, 0x9C, 0xC3, 0x59, 0x59, 0x08, 0xEA, 0x41, 0x5E, 0x3A, 0xD3, 0x6C, 0x00, 0xCC,
    0x1B, 0x71, 0xB3, 0x73, 0x54, 0x83, 0x7B, 0x07, 0xF8, 0xE9, 0x8C, 0xFC, 0x1F, 0x22, 0x08, 0x16,
    0x39, 0x5A, 0xBB, 0xD7, 0xED, 0xB0, 0x0D, 0x68, 0x6F, 0x8C, 0x19, 0xB7, 0x45, 0xC1, 0xDD, 0xE1,
    0x24, 0xE7, 0x09, 0x29, 0xE0, 0x2B, 0x01, 0x91, 0x47, 0xE6, 0x2C, 0xAE, 0x36, 0xDA, 0x9E, 0x05,
    0x9B, 0xFA, 0x04, 0x1D, 0x43, 0x08, 0xE1, 0xE0, 0x57, 0x97, 0xA5, 0x9C, 0x8B, 0xD5, 0x39, 0xB9,
    0xFB, 0x47, 0x24, 0x7D, 0x56, 0x8D, 0xC6, 0xD5, 0xDD, 0x4D, 0x52, 0xBB, 0x1B, 0xF3, 0xA9, 0x74,
    0xF9, 0x48, 0xD2, 0xE5, 0x6F, 0x35, 0xF1, 0x77, 0x67, 0xB5, 0x1B, 0xA4, 0xC0, 0x21, 0x2F, 0xD8,
    0x71, 0x3E, 0x06, 0x4A, 0x90, 0x4F, 0x9E, 0x70, 0xD3, 0x30, 0x77, 0x5C, 0x47, 0xE8, 0xF4, 0x6F,
    0xB5, 0x77, 0xC6, 0x6F, 0x96, 0xC4, 0xF6, 0xC2, 0xD7, 0x5D, 0x3A, 0x32, 0x39, 0xC6, 0x26, 0x1B,
    0x37, 0x64, 0x02, 0xCE, 0x02, 0x91, 0x59, 0x61, 0xED, 0x41, 0xCB, 0x80, 0x78, 0x0B, 0x9F, 0xDA,
    0xCB, 0x32, 0xED, 0x1E, 0x51, 0x89, 0x14, 0x72, 0xB7, 0xA2, 0x9A, 0x0A, 0x62, 0x6F, 0xCE, 0x1B,
    0x9A, 0x76, 0x7D, 0x47, 0x04, 0x6D, 0x7B, 0xC3, 0x60, 0x4D, 0x8C, 0x66, 0x89, 0x48, 0x4B, 0x78,
    0x73, 0x75, 0x46, 0x39, 0x06, 0x9D, 0x09, 0x8E, 0x01, 0x13, 0xA9, 0x26, 0x8C, 0xBD, 0x5D, 0xCC,
    0xF2, 0x6B, 0x13, 0xE7, 0x91, 0xDD, 0xEB, 0xC4, 0xAD, 0xAA, 0x1A, 0x5D, 0xCF, 0x41, 0x66, 0x6A,
    0x7D, 0x04, 0x49, 0x90, 0xE2, 0x6C, 0xB3, 0x20, 0xC8, 0x2D, 0xD5, 0x11, 0x38, 0x39, 0xE0, 0xEC,
    0x9A, 0xB5, 0xD8, 0xBD, 0x18, 0x80, 0x4D, 0xCB, 0xEC, 0xC5, 0x50, 0x54, 0xD7, 0xB2, 0x10, 0x80,
    0x20, 0x15, 0x34, 0x17, 0x43, 0x19, 0x00, 0x36, 0xBB, 0x13, 0x26, 0x2C, 0x02, 0x68, 0xF3, 0xD2,
    0xFA, 0x9D, 0x79, 0x5F, 0x03, 0x7B, 0x71, 0x65, 0xC2, 0xB6, 0xC6, 0xFD, 0xBF, 0x89, 0x70, 0xAA,
    0x2D, 0x25, 0x47, 0x71, 0x8B, 0x17, 0xEC, 0xDB, 0x63, 0x7B, 0x14, 0x60, 0x6F, 0x33, 0x8B, 0xBA,
    0xB2, 0x54, 0xF9, 0xB0, 0x5F, 0x34, 0x35, 0xC0, 0x78, 0x1C, 0xD4, 0x56, 0x8F, 0x6A, 0xE0, 0xE2,
    0x4A, 0xCC, 0x53, 0x5C, 0x37, 0x28, 0x81, 0xBF, 0x15, 0xC2, 0xD4, 0x44, 0x40, 0x59, 0x82, 0x27,
    0xDC, 0xBF, 0x63, 0x45, 0x3B, 0x03, 0xD6, 0x5B, 0x3D, 0x33, 0xA6, 0x15, 0x96, 0x65, 0xBE, 0x10,
    0x71, 0x03, 0x44, 0xB6, 0x56, 0x03, 0xAF, 0x5E, 0x68, 0xA2, 0xC0, 0x0F, 0x0A, 0x8B, 0x9C, 0xFE,
    0x82, 0xAB, 0xF7, 0xCF, 0xE8, 0x3D, 0xC4, 0xDE, 0xCF, 0x42, 0xD6, 0x73, 0x08, 0x0A, 0x0B, 0xFA,
    0x50, 0x11, 0x7B, 0x93, 0x1B, 0x77, 0x07, 0x83, 0x08, 0x07, 0xB7, 0x47, 0x2B, 0x91, 0xB0, 0x10,
    0x7F, 0xAA, 0x06, 0xEF, 0xD6, 0x72, 0xF5, 0x26, 0xB0, 0xD7, 0x57, 0x6F, 0xE2, 0xEA, 0xA5, 0x0F,
    0xE0, 0xD5, 0x9B, 0xDA, 0xA9, 0xF2, 0xC2, 0xD5, 0x54, 0x5B, 0x90, 0xAD, 0xEE, 0x9F, 0x6A, 0x08,
    0xCB, 0xA5, 0x7F, 0x6B, 0xD0, 0x91, 0xA9, 0x41, 0x47, 0xA6, 0x06, 0x0D, 0x30, 0xD1, 0xA1, 0x54,
    0x0D, 0x61, 0xB8, 0x55, 0xC4, 0xD0, 0xDF, 0x96, 0xB0, 0x6A, 0x14, 0x19, 0x1A, 0x3E, 0xFD, 0x59,
    0x8B, 0x50, 0x4A, 0x51, 0x3C, 0xDD, 0x87, 0xC2, 0x29, 0xFB, 0xC3, 0x0D, 0xDD, 0xF1, 0xDC, 0x42,
    0xB7, 0xA6, 0x92, 0xA4, 0x68, 0x02, 0x9E, 0x1C, 0x54, 0x8D, 0x9F, 0x92, 0x2D, 0x03, 0xEB, 0x38,
    0xB1, 0x7B, 0xB2, 0x55, 0x1B, 0x58, 0xAA, 0x0F, 0xED, 0x2B, 0x5B, 0x4F, 0x1D, 0xBA, 0xFA, 0xE5,
    0xB0, 0xC4, 0x9A, 0xFC, 0xB0, 0x1B, 0x2B, 0x41, 0xE8, 0x23, 0x41, 0xA3, 0x0A, 0x53, 0xE1, 0x92,
    0xFF, 0xA0, 0x51, 0xF2, 0xBF, 0xB4, 0x5A, 0x0D, 0xA3, 0xEA, 0xC2, 0x28, 0xD8, 0xAF, 0xC1, 0x42,
    0x0E, 0xF6, 0x71, 0x54, 0x61, 0xC4, 0x4F, 0xBE, 0x9F, 0x5F, 0x35, 0xC0, 0xA0, 0x37, 0x5A, 0xEA,
    0xE4, 0xA2, 0xE7, 0x2D, 0xCB, 0x46, 0x6A, 0x5B, 0x42, 0x6D, 0x53, 0x50, 0xB0, 0x35, 0x6C, 0x82,
    0x37, 0x29, 0xC4, 0x41, 0xDC, 0xAE, 0xEC, 0x31, 0x00, 0x07, 0xDA, 0x6F, 0x70, 0x16, 0xC5, 0xCF,
    0xAC, 0x05, 0x90, 0x35, 0x86, 0x44, 0x59, 0x6B, 0x75, 0x98, 0x03, 0x6C, 0xD0, 0x03, 0xB2, 0xA7,
    0x06, 0xBE, 0xB1, 0x01, 0x94, 0x72, 0x8F, 0xB0, 0x0D, 0xBC, 0x96, 0xF0, 0x7B, 0xFC, 0xFB, 0x8A,
    0x57, 0xB7, 0x9E, 0x1A, 0x82, 0xD3, 0x5B, 0x6A, 0xAB, 0x02, 0xE1, 0x7D, 0x2C, 0xC8, 0x73, 0x92,
    0xF9, 0x4B, 0xAD, 0xDC, 0xB7, 0x92, 0x48, 0xC7, 0xB5, 0x71, 0x78, 0xC6, 0x5D, 0xC9, 0xA9, 0x3D,
    0x88, 0x29, 0xB3, 0x7B, 0x9B, 0x0F, 0xC7, 0x89, 0x0D, 0x63, 0xDC, 0x44, 0x10, 0x61, 0x17, 0x11,
    0x55, 0x5A, 0xB0, 0xED, 0x68, 0x0B, 0x81, 0xBE, 0xDF, 0xC5, 0x83, 0x1E, 0x6F, 0x16, 0xD1, 0xAE,
    0x6E, 0x07, 0xEE, 0x3B, 0xEF, 0x9F, 0x83, 0xDA, 0x1D, 0xE1, 0xF6, 0xD9, 0x59, 0xCF, 0xC1, 0xEE,
    0x39, 0x08, 0xD6, 0x44, 0x36, 0x5F, 0x2B, 0x6D, 0x08, 0x2D, 0x62, 0x33, 0xD9, 0x97, 0xC3, 0x5C,
    0xAF, 0xF8, 0x67, 0xC5, 0x12, 0xEE, 0x1F, 0x0A, 0xB6, 0xF6, 0x2B, 0x00, 0xD9, 0x0F, 0x3B, 0x8E,
    0x55, 0x6D, 0xAC, 0x6B, 0x83, 0xB2, 0xC5, 0x8C, 0x83, 0x57, 0xB0, 0xD8, 0x45, 0xC7, 0x53, 0x20,
    0x17, 0x07, 0xAF, 0x6F, 0xCB, 0xC3, 0xDC, 0x2C, 0x5E, 0x41, 0x41, 0x2F, 0x36, 0x56, 0xBF, 0x8E,
    0xD7, 0x8E, 0x69, 0xAC, 0x7F, 0x21, 0x75, 0x71, 0xC8, 0x62, 0x43, 0xA5, 0x60, 0x21, 0x07, 0xE5,
    0x95, 0x6E, 0xEF, 0x3E, 0xF1, 0x35, 0xAF, 0x75, 0x2B, 0xFB, 0x2B, 0x34, 0x74, 0x59, 0x70, 0x15,
    0xEF, 0xA1, 0x19, 0xCD, 0xB6, 0x76, 0x46, 0x55, 0x08, 0x6C, 0x6D, 0x03, 0x80, 0x25, 0x68, 0x5E,
    0xA8, 0x3E, 0x0C, 0xAA, 0x17, 0x6C, 0xE3, 0xA0, 0x7B, 0x9B, 0x59, 0x2B, 0x5F, 0x48, 0xDC, 0x04,
    0xED, 0x9B, 0x9E, 0xAB, 0xDF, 0x58, 0xFF, 0xC6, 0x0A, 0xF8, 0x4C, 0x81, 0x7E, 0x3C, 0xD4, 0xAD,
    0x0C, 0xEB, 0x78, 0x37, 0x49, 0xCC, 0x8F, 0x80, 0xBD, 0xD6, 0xE8, 0xD0, 0xE0, 0x0D, 0x64, 0xEC,
    0x9C, 0xF6, 0x79, 0x3B, 0x64, 0x58, 0xFB, 0xD5, 0x50, 0x73, 0x1B, 0x5A, 0xF0, 0xC5, 0x01, 0xCD,
    0x21, 0x7D, 0x86, 0x15, 0xD2, 0x4E, 0x85, 0x37, 0x2A, 0x81, 0x95, 0x3D, 0x38, 0x18, 0x3C, 0x07,
    0xDD, 0x61, 0x10, 0x2B, 0x49, 0x93, 0x00, 0xAB, 0xA3, 0x07, 0x13, 0x9B, 0x66, 0xA1, 0xC6, 0x5F,
    0xA6, 0x3E, 0x80, 0x84, 0x81, 0xBB, 0xC4, 0x47, 0x90, 0x4E, 0xF2, 0x57, 0x0A, 0x21, 0xD1, 0x27,
    0x48, 0x0C, 0x09, 0xAB, 0x1A, 0x33, 0x8E, 0x31, 0x5A, 0xAC, 0x4E, 0xED, 0x33, 0xEB, 0x53, 0x4A,
    0x85, 0x1D, 0x7A, 0x46, 0x90, 0xE2, 0x64, 0x74, 0x4B, 0xAF, 0xED, 0x8F, 0x7C, 0x8F, 0x7B, 0x65,
    0xDA, 0xB8, 0x91, 0x66, 0x1D, 0x93, 0x45, 0x4C, 0xC6, 0x3D, 0x38, 0xCF, 0x0A, 0x54, 0x6F, 0x4D,
    0xCA, 0x7C, 0x79, 0x28, 0x22, 0xB8, 0x98, 0x7D, 0x04, 0xA4, 0x9A, 0x05, 0x29, 0xCB, 0x68, 0x59,
    0x2C, 0x9C, 0xB1, 0x94, 0x74, 0xB0, 0x33, 0x27, 0xE6, 0x7B, 0xFB, 0x2D, 0xF7, 0x39, 0xDF, 0xC6,
    0xF0, 0xD2, 0x92, 0x3F, 0xB6, 0x0B, 0x7C, 0x02, 0x96, 0xE9, 0x1C, 0x84, 0x04, 0x9A, 0x90, 0xCD,
    0x05, 0x55, 0xE4, 0x40, 0xCF, 0x36, 0x66, 0x3F, 0x03, 0x99, 0x53, 0x34, 0xFA, 0x09, 0xDB, 0xE2,
    0xEC, 0x09, 0xB7, 0xB5, 0xB0, 0xC4, 0xBB, 0xB0, 0xB3, 0xFB, 0xB0, 0x89, 0xF2, 0x1D, 0x7B, 0x3E,
    0xD7, 0x3B, 0x27, 0x38, 0xBE, 0x36, 0x67, 0xF6, 0xCF, 0xE9, 0x76, 0x7E, 0xEC, 0x6E, 0xE7, 0x27,
    0xD4, 0xF9, 0x14, 0xAA, 0x32, 0xB0, 0xA6, 0x15, 0xF7, 0x95, 0x40, 0xAE, 0xE0, 0xC2, 0x43, 0xD8,
    0x36, 0x4D, 0x78, 0x36, 0x46, 0x34, 0x16, 0x04, 0x4E, 0xED, 0x63, 0x97, 0x5B, 0xAE, 0xAB, 0x76,
    0xF0, 0x59, 0xEB, 0xB2, 0xCE, 0x4D, 0xD9, 0x21, 0xE8, 0xEC, 0x03, 0x04, 0xB9, 0x60, 0x4A, 0x98,
    0x1E, 0x0F, 0xC3, 0xB7, 0x9C, 0xEE, 0x85, 0x45, 0x48, 0xCE, 0x3B, 0xE7, 0x75, 0x93, 0x9E, 0xE2,
    0x8C, 0x6E, 0xD5, 0x6E, 0x18, 0x7D, 0xFD, 0x7C, 0x8F, 0xB5, 0xE6, 0xA6, 0x79, 0xB8, 0x3D, 0x8D,
    0x35, 0x2F, 0x5F, 0xB3, 0xD8, 0x1C, 0xB0, 0x03, 0xB4, 0x91, 0xB3, 0x32, 0x3B, 0x5C, 0x68, 0x6E,
    0x7D, 0xBD, 0x82, 0x6D, 0x6F, 0xDA, 0xC6, 0x1E, 0x1D, 0x46, 0x7F, 0x51, 0xC1, 0x55, 0x33, 0xB4,
    0xCF, 0x6B, 0x29, 0xC9, 0xDE, 0x70, 0x88, 0xA9, 0xA7, 0x28, 0x06, 0x06, 0x8F, 0xDD, 0x9B, 0x2B,
    0x0E, 0xB9, 0x5A, 0x09, 0x12, 0xA3, 0x42, 0xFE, 0x1C, 0x3A, 0xE9, 0x6A, 0x2B, 0xB6, 0xD7, 0x09,
    0xB6, 0xE9, 0xC6, 0x20, 0x40, 0x12, 0xD8, 0x70, 0x5E, 0x3E, 0x02, 0xF6, 0xBA, 0x0B, 0xDB, 0x73,
    0x90, 0xA0, 0x80, 0x45, 0x3D, 0xD9, 0xF9, 0xAD, 0x59, 0xB2, 0xC4, 0xA3, 0x8D, 0x39, 0x13, 0xB2,
    0x06, 0xB7, 0x65, 0xB6, 0x04, 0x8F, 0x04, 0xF6, 0xB7, 0x17, 0x8C, 0xCE, 0xF1, 0x6A, 0xBD, 0x5C,
    0x2C, 0xC1, 0x41, 0x12, 0xB1, 0x58, 0x2F, 0xD5, 0xE6, 0xA5, 0x62, 0x33, 0x70, 0x61, 0x37, 0x6E,
    0xC5, 0x56, 0x5A, 0xD6, 0x82, 0x5E, 0x6A, 0xA5, 0xB0, 0xBB, 0xC0, 0xB6, 0x72, 0x5C, 0xD8, 0x0D,
    0x91, 0xC3, 0xC1, 0xCB, 0x45, 0x8B, 0xD9, 0x8C, 0xD0, 0x60, 0xC7, 0x2A, 0xB1, 0x96, 0x69, 0x02,
    0xF2, 0xC4, 0x81, 0xF8, 0xCC, 0x6D, 0x8F, 0xA4, 0xBF, 0x1D, 0x82, 0x50, 0x23, 0xDE, 0x64, 0xA5,
    0x5F, 0x87, 0x62, 0x60, 0x72, 0xB5, 0x98, 0x94, 0xA6, 0xD1, 0x06, 0x23, 0xED, 0x0F, 0xFB, 0x0B,
    0xC1, 0xC8, 0xB0, 0xBD, 0xA8, 0x2E, 0xAD, 0x3B, 0xB8, 0x16, 0x8D, 0x1B, 0x3D, 0xF4, 0xBE, 0xB2,
    0x88, 0x99, 0x28, 0x65, 0x85, 0x8B, 0x94, 0xA4, 0xC1, 0xC6, 0xA2, 0xEF, 0x80, 0x7D, 0xC5, 0x45,
    0x66, 0xF5, 0x2E, 0x23, 0xD8, 0x55, 0x7C, 0x2F, 0xDD, 0x8F, 0x65, 0x04, 0xFB, 0x89, 0xCD, 0x3D,
    0xEB, 0x6B, 0xD1, 0xAC, 0x2F, 0x45, 0x6B, 0x7C, 0x25, 0x5A, 0xE5, 0x21, 0x89, 0x85, 0xAA, 0x43,
    0x0B, 0x4E, 0xF2, 0x7E, 0x49, 0x12, 0x0D, 0xE7, 0xD7, 0xC8, 0x80, 0x64, 0x3C, 0xEA, 0x7D, 0xFA,
    0x75, 0x62, 0x05, 0xB9, 0x62, 0xE9, 0x6E, 0x0F, 0x76, 0x88, 0x4E, 0x70, 0x4D, 0xA9, 0xC8, 0x19,
    0x40, 0x6F, 0x78, 0xAD, 0xA9, 0xAC, 0x99, 0xAA, 0xD4, 0x06, 0xC4, 0x73, 0x51, 0x5B, 0x26, 0xCB,
    0x1D, 0x99, 0x6E, 0xEC, 0xC0, 0xA6, 0xED, 0x42, 0xD7, 0xE2, 0x60, 0x44, 0xA6, 0x7D, 0x48, 0xD7,
    0xE6, 0x1D, 0xBA, 0x42, 0x5D, 0x32, 0x01, 0xB3, 0x38, 0x76, 0x00, 0xDB, 0xCA, 0xB6, 0x37, 0x2B,
    0xF6, 0x63, 0x72, 0x3F, 0x10, 0xD0, 0x69, 0xF8, 0xF6, 0xEF, 0xD9, 0xB7, 0xBD, 0xF1, 0x2F, 0xD7,
    0x26, 0x5C, 0xE9, 0x39, 0xD7, 0xF8, 0xA2, 0x0A, 0xF1, 0x8A, 0x59, 0xD5, 0x25, 0x04, 0x29, 0x8B,
    0x1C, 0x7B, 0x01, 0x05, 0xE2, 0xDB, 0x88, 0xE2, 0x3E, 0x08, 0xCC, 0x3D, 0xE1, 0xA5, 0xA2, 0x40,
    0x7A, 0x69, 0x57, 0xB8, 0x24, 0x3D, 0x01, 0xC9, 0x13, 0xFB, 0x53, 0xFC, 0x94, 0xEA, 0x71, 0xF8,
    0x4C, 0x84, 0x58, 0x09, 0xC0, 0x8A, 0xE1, 0x55, 0x0C, 0xAE, 0x62, 0x68, 0x15, 0x03, 0xAB, 0x18,
    0x56, 0x25, 0xA0, 0x2A, 0x86, 0x54, 0x31, 0xA0, 0x4A, 0xE0, 0x54, 0x67, 0x00, 0xEC, 0x3B, 0xBB,
    0x39, 0xF3, 0x04, 0xB7, 0xC5, 0xF1, 0xAC, 0x97, 0xAC, 0x73, 0x67, 0xDF, 0xF5, 0xC4, 0xEE, 0x59,
    0x01, 0xE8, 0x82, 0x5D, 0x12, 0x7E, 0x96, 0x70, 0x07, 0x3E, 0x1B, 0x0F, 0x95, 0x65, 0x3E, 0x1B,
    0xEF, 0xE4, 0x0A, 0xB4, 0x31, 0xF5, 0x42, 0x26, 0x5B, 0x44, 0xC8, 0x34, 0xF8, 0x24, 0x2C, 0x64,
    0x20, 0xEB, 0x23, 0x31, 0xA5, 0x7C, 0xC3, 0x66, 0xB1, 0x9C, 0x8D, 0x5F, 0x9A, 0x0D, 0x5F, 0x46,
    0xC8, 0xAA, 0x72, 0xC3, 0xE9, 0x27, 0xC3, 0x37, 0x45, 0x82, 0xC3, 0x1E, 0x5C, 0xE6, 0x20, 0x61,
    0x0F, 0x24, 0x24, 0xEC, 0x91, 0x2D, 0x4A, 0x39, 0x73, 0x1F, 0x5A, 0x4D, 0xA4, 0x9A, 0x30, 0x11,
    0x61, 0x3E, 0x1E, 0xE2, 0xC3, 0xC2, 0x47, 0xA0, 0xC2, 0xA4, 0x39, 0x29, 0x33, 0x8B, 0x08, 0x34,
    0xB2, 0x26, 0x22, 0x48, 0x86, 0xEF, 0x48, 0x24, 0x5C, 0x69, 0x8B, 0xFD, 0x3A, 0xD9, 0xBC, 0xEA,
    0x97, 0x46, 0x19, 0x57, 0x07, 0x8A, 0x54, 0x32, 0xAD, 0x10, 0xF7, 0x46, 0xEC, 0x75, 0x82, 0xA9,
    0xF6, 0xA1, 0xCF, 0xFA, 0xC0, 0x97, 0x04, 0xA3, 0x0A, 0x08, 0x6F, 0x52, 0xE1, 0x97, 0x92, 0x41,
    0xD5, 0x12, 0x41, 0xE6, 0xD4, 0xC2, 0xF7, 0x86, 0xC6, 0x94, 0x74, 0x04, 0x2D, 0xF0, 0x76, 0xB8,
    0xBD, 0x28, 0xE5, 0xE3, 0x36, 0xFF, 0x3C, 0xB0, 0x4F, 0x75, 0x23, 0x94, 0x28, 0x8D, 0x5C, 0x69,
    0x22, 0xD7, 0x44, 0x5C, 0x05, 0x02, 0x60, 0xC6, 0x0F, 0x93, 0xC0, 0xC7, 0x0A, 0x8C, 0x55, 0xB4,
    0xE2, 0x21, 0x04, 0x6A, 0x45, 0x86, 0x18, 0x20, 0x47, 0x3B, 0xEA, 0x21, 0xC1, 0x1C, 0x5D, 0xAA,
    0x37, 0x57, 0xE1, 0x68, 0xB2, 0xF5, 0x8F, 0x57, 0x1F, 0x99, 0xC7, 0x46, 0xE5, 0x3E, 0xD2, 0xB1,
    0x41, 0xC1, 0x2C, 0xC7, 0xE6, 0xBB, 0xB9, 0x5C, 0x3D, 0xDE, 0xA9, 0x99, 0x18, 0xAB, 0x8B, 0x04,
    0xB6, 0x1F, 0x47, 0x8E, 0x3E, 0xE3, 0x18, 0x45, 0x15, 0xB7, 0x3B, 0xC4, 0xAA, 0x7B, 0xC3, 0x8D,
    0x2D, 0xAC, 0xD9, 0x13, 0xE9, 0x45, 0xEE, 0x38, 0xDA, 0x7F, 0x6D, 0x0B, 0xF0, 0x07, 0x28, 0x32,
    0x27, 0x02, 0xA2, 0xA1, 0x94, 0x44, 0x65, 0x87, 0x8D, 0xEA, 0x73, 0xAF, 0xA0, 0xF7, 0x9E, 0x9C,
    0x50, 0x7C, 0x3B, 0x5D, 0x1B, 0x13, 0x3B, 0xF3, 0x5D, 0x59, 0xB1, 0x56, 0x45, 0xE5, 0xFA, 0xA3,
    0x15, 0x0B, 0x23, 0x0F, 0xA6, 0x0C, 0xF8, 0x5E, 0xDE, 0xF4, 0x6F, 0xA6, 0xDC, 0xBB, 0x5E, 0x6E,
    0x1D, 0x74, 0xB2, 0x32, 0x1B, 0x0C, 0x5B, 0x10, 0x1B, 0xA1, 0x11, 0x98, 0x00, 0x2A, 0x3F, 0x4F,
    0x21, 0x09, 0x66, 0x22, 0x8E, 0x65, 0xD3, 0xD7, 0x43, 0xD8, 0xF3, 0x8D, 0x8F, 0x15, 0xC9, 0x86,
    0x86, 0x14, 0xC7, 0xF7, 0xB8, 0x19, 0x70, 0x01, 0xA9, 0x0F, 0xDF, 0x78, 0x41, 0x65, 0x29, 0xAC,
    0x6F, 0xB9, 0xC7, 0xAF, 0x1B, 0x74, 0x66, 0xF8, 0xCA, 0x5A, 0xD4, 0x89, 0x48, 0x8D, 0x84, 0x4E,
    0x35, 0xC4, 0x49, 0xB7, 0xA3, 0xFD, 0xEC, 0xA7, 0x69, 0x90, 0x4F, 0x34, 0x0D, 0xF2, 0xE1, 0x7F,
    0x92, 0x38, 0xB3, 0x1F, 0xB7, 0x8C, 0x8E, 0x7A, 0x3B, 0xC5, 0x3D, 0x6D, 0xD3, 0xF5, 0x2E, 0xAF,
    0xED, 0xD3, 0x24, 0xCC, 0x47, 0x48, 0xF1, 0x5E, 0xFD, 0xF9, 0x47, 0x3D, 0xCD, 0x97, 0x1D, 0xE9,
    0xA8, 0xE7, 0xD3, 0x7E, 0x47, 0x88, 0xE3, 0x74, 0x9D, 0x08, 0xC1, 0x8D, 0x46, 0x87, 0x36, 0x1A,
    0x1D, 0xD8, 0x68, 0x74, 0x58, 0xA3, 0xD1, 0x41, 0x8D, 0x46, 0x87, 0x34, 0x1A, 0xA3, 0x02, 0x1A,
    0x8D, 0x51, 0xE1, 0x8C, 0xC6, 0xA8, 0x60, 0x46, 0x63, 0x54, 0x28, 0xA3, 0x31, 0x4A, 0xE7, 0x36,
    0x46, 0xEB, 0x5C, 0xA3, 0x75, 0xAE, 0xD1, 0x3A, 0xD7, 0x68, 0x9D, 0x6B, 0xB4, 0xCE, 0x0D, 0x6C,
    0xA9, 0xD7, 0x46, 0x81, 0xC3, 0x0F, 0x5D, 0x25, 0xD6, 0xF7, 0x0A, 0x3D, 0x54, 0xA9, 0xA9, 0x53,
    0x1D, 0xB5, 0x32, 0xAB, 0x32, 0xEB, 0xC0, 0x73, 0xFD, 0x9E, 0x6B, 0x7B, 0xE0, 0x38, 0xBF, 0x5E,
    0x9B, 0xDB, 0x02, 0x63, 0x9E, 0x50, 0x47, 0x9D, 0x42, 0x8E, 0x06, 0x8E, 0x34, 0xD8, 0x20, 0x22,
    0x99, 0x41, 0x79, 0x4C, 0x0F, 0xD6, 0x5D, 0x7A, 0x60, 0xFC, 0x6E, 0x07, 0xDC, 0x31, 0xB6, 0x12,
    0xEC, 0x2C, 0xB4, 0xA7, 0xEF, 0x00, 0xA6, 0x52, 0x9F, 0xB8, 0xCC, 0x79, 0x20, 0x68, 0x1E, 0x14,
    0x63, 0xCD, 0x04, 0x92, 0xC1, 0x75, 0x8B, 0x98, 0x58, 0x49, 0xC0, 0x8F, 0xE4, 0x63, 0x43, 0xBF,
    0x26, 0xED, 0x63, 0x1B, 0x99, 0x7B, 0x89, 0xCD, 0xD6, 0x96, 0x33, 0xE0, 0x2B, 0x47, 0x84, 0x5B,
    0xE9, 0xC8, 0xD2, 0x70, 0x75, 0x5C, 0x43, 0x6E, 0x27, 0x31, 0xF9, 0x9E, 0xDD, 0x84, 0xF3, 0x9D,
    0x24, 0x6D, 0xE2, 0xC0, 0x8F, 0x67, 0xDF, 0x5F, 0x3D, 0x61, 0x64, 0xE7, 0x2C, 0x2E, 0xA4, 0x80,
    0x0A, 0x50, 0x43, 0xC0, 0x1C, 0xCB, 0x03, 0xD3, 0x9C, 0x33, 0x22, 0x7C, 0x73, 0x7F, 0x15, 0xD6,
    0x61, 0x2F, 0x62, 0xE2, 0x5E, 0x31, 0x7B, 0x06, 0x62, 0xE0, 0x86, 0x78, 0x08, 0x01, 0x24, 0x66,
    0x23, 0x3A, 0x0D, 0xC4, 0x49, 0xB0, 0x58, 0x99, 0x99, 0x20, 0xC6, 0x99, 0x9F, 0x20, 0xC3, 0x99,
    0xA5, 0xE9, 0x66, 0x84, 0xAB, 0xC9, 0xE6, 0x19, 0x8B, 0x43, 0xE2, 0x6D, 0x1A, 0xD8, 0x4B, 0xD2,
    0x83, 0xDA, 0xEA, 0xB0, 0x01, 0xB3, 0x6A, 0xC0, 0x8E, 0xAA, 0xDF, 0x56, 0x65, 0x45, 0x4A, 0x97,
    0x96, 0x17, 0x41, 0x83, 0xE7, 0xA1, 0x9F, 0xED, 0xBA, 0xF0, 0x70, 0x8F, 0xF3, 0x7B, 0xA0, 0x8D,
    0x9D, 0xFF, 0x51, 0x33, 0xF8, 0xA8, 0xA3, 0x6B, 0x82, 0xDA, 0x24, 0x5F, 0xE1, 0x96, 0xD2, 0xEF,
    0x66, 0xD8, 0x85, 0x0C, 0xEA, 0x3B, 0xA0, 0x87, 0x8A, 0x7B, 0x57, 0xBD, 0x67, 0x2B, 0x99, 0xEF,
    0x97, 0xAE, 0x2B, 0x5D, 0xB1, 0x04, 0x17, 0x6D, 0xBB, 0xD3, 0x3D, 0x0B, 0x46, 0x62, 0x47, 0xBD,
    0x4E, 0x10, 0x02, 0x6A, 0xB1, 0x2E, 0xEC, 0x68, 0xCF, 0x7B, 0x9D, 0x64, 0xEB, 0xB9, 0xA9, 0x35,
    0x9F, 0x5F, 0x4D, 0xA8, 0x83, 0x59, 0xCD, 0x17, 0x60, 0x9B, 0x00, 0x54, 0x11, 0xDA, 0x0A, 0x40,
    0x05, 0xD9, 0x80, 0x73, 0x0C, 0x59, 0x11, 0x98, 0xE0, 0xE2, 0x31, 0xA2, 0x17, 0xAD, 0xFD, 0xE9,
    0x82, 0x02, 0xCC, 0xBE, 0x40, 0x80, 0x43, 0x68, 0x55, 0x80, 0xAC, 0x46, 0xDF, 0x78, 0xA7, 0xA9,
    0x4C, 0xED, 0xDB, 0x09, 0x80, 0xF7, 0xF1, 0x46, 0x07, 0x55, 0xFF, 0x02, 0x65, 0x9D, 0x3C, 0x01,
    0xB5, 0xBA, 0x42, 0x17, 0x37, 0xB8, 0x96, 0x4E, 0x18, 0xA1, 0x2C, 0x62, 0x51, 0xD9, 0x7D, 0x93,
    0xAE, 0x60, 0xC7, 0x51, 0xA8, 0x95, 0x8E, 0x0D, 0xE8, 0x5A, 0xBA, 0x36, 0xD3, 0x53, 0xD8, 0x6A,
    0xB9, 0xDA, 0xC8, 0x67, 0xF0, 0xE8, 0x91, 0x97, 0xEE, 0x88, 0x3E, 0xCF, 0x77, 0x93, 0xF0, 0x30,
    0x74, 0x1A, 0x06, 0xF9, 0x0D, 0xD9, 0xCA, 0xE1, 0x3E, 0x2A, 0xA6, 0x4A, 0x38, 0x8F, 0x91, 0xD3,
    0x83, 0xC0, 0x26, 0x3F, 0xE8, 0x2B, 0xD0, 0x92, 0xDF, 0x91, 0xAC, 0x28, 0x44, 0x86, 0x35, 0x98,
    0x07, 0x34, 0xD8, 0xEC, 0xFE, 0x07, 0x34, 0xA9, 0x5D, 0xEB, 0x47, 0x88, 0x0C, 0x77, 0xBE, 0x4A,
    0xE5, 0x14, 0xEA, 0x92, 0x63, 0xEA, 0x1F, 0xDC, 0x2A, 0xEA, 0x65, 0xDA, 0xDB, 0x19, 0x30, 0xDF,
    0xEE, 0x7B, 0x77, 0x78, 0x94, 0xC2, 0xD9, 0x3A, 0x3B, 0xDE, 0xC6, 0x41, 0x3D, 0xAD, 0x70, 0x6E,
    0xB1, 0xC5, 0x09, 0x3D, 0x20, 0x44, 0x31, 0x1C, 0xE9, 0x8B, 0xB5, 0xF1, 0xA3, 0xD2, 0x43, 0xB9,
    0x37, 0xCD, 0x37, 0xD5, 0xAA, 0xED, 0x67, 0x47, 0x2E, 0xAA, 0x26, 0xC4, 0x91, 0x27, 0xE5, 0xF2,
    0x44, 0x0D, 0x23, 0x4D, 0x13, 0x97, 0xBE, 0x97, 0x31, 0x99, 0xC5, 0xE4, 0x59, 0xD5, 0x3C, 0x21,
    0xF2, 0xD4, 0x67, 0x9D, 0xCE, 0x70, 0x56, 0xED, 0xC5, 0x42, 0x93, 0x04, 0xFE, 0x93, 0xE2, 0x12,
    0xFB, 0xFA, 0x8C, 0x6D, 0xF0, 0x27, 0xA2, 0xDE, 0x98, 0x9D, 0x01, 0x10, 0xA8, 0x09, 0xFA, 0x9A,
    0xD8, 0x89, 0x26, 0x0B, 0x9A, 0xAB, 0xCF, 0x8C, 0xBB, 0x4D, 0xB7, 0x72, 0xA9, 0xDF, 0x5D, 0x81,
    0xC2, 0xA9, 0x72, 0x3C, 0x7E, 0x75, 0x43, 0x60, 0x2D, 0xCC, 0x54, 0x0A, 0x46, 0x2B, 0xD8, 0x1E,
    0x34, 0x51, 0xDD, 0x92, 0xC2, 0x2B, 0x79, 0x9E, 0x60, 0x0D, 0x23, 0x04, 0x1C, 0xA7, 0x09, 0x91,
    0xB5, 0x03, 0xCF, 0x12, 0x0A, 0x20, 0x82, 0x87, 0x43, 0x47, 0x36, 0x48, 0x31, 0x93, 0xD5, 0x82,
    0x45, 0xDC, 0x54, 0xD5, 0x4D, 0x53, 0x84, 0x8C, 0x82, 0xEF, 0x7B, 0x49, 0x8C, 0x4B, 0x65, 0x87,
    0x65, 0x52, 0xFF, 0x2D, 0xB6, 0xD8, 0xA9, 0xD4, 0xC8, 0xB2, 0x59, 0x57, 0xD9, 0x54, 0x9B, 0xA6,
    0x52, 0x1B, 0x55, 0xE0, 0x74, 0x6F, 0x45, 0xF5, 0x38, 0x51, 0x4A, 0x39, 0x8B, 0x5B, 0xE3, 0xC5,
    0x54, 0xD4, 0xAC, 0xDD, 0xD4, 0xC3, 0x75, 0x91, 0x76, 0x57, 0x57, 0xA0, 0x5E, 0xBA, 0x55, 0xBC,
    0x6D, 0x04, 0x49, 0x31, 0x40, 0xE2, 0xDF, 0x13, 0x50, 0x0A, 0x01, 0x9E, 0xD8, 0x8C, 0x87, 0x83,
    0x9C, 0xEA, 0xED, 0xE0, 0xC9, 0x29, 0x36, 0x2A, 0x1E, 0xC0, 0xB9, 0xA9, 0x28, 0x2B, 0x40, 0x53,
    0xD3, 0x40, 0xD6, 0xEC, 0xE0, 0x99, 0x81, 0xD3, 0x4A, 0x00, 0x20, 0x8A, 0x13, 0x93, 0x41, 0x07,
    0x9C, 0x43, 0xE6, 0xE5, 0xB9, 0x12, 0x8E, 0xB2, 0x90, 0x69, 0xC9, 0x00, 0x9A, 0xCE, 0xB3, 0x02,
    0x22, 0xE8, 0x90, 0x49, 0x01, 0x11, 0x2C, 0xDB, 0x06, 0x43, 0xFB, 0x87, 0x4C, 0x49, 0xC2, 0x93,
    0xED, 0x2B, 0x48, 0x0E, 0x5D, 0x25, 0xE5, 0x89, 0x7C, 0x52, 0x44, 0x62, 0xEE, 0x6A, 0xC8, 0xFA,
    0xF1, 0x12, 0x4F, 0x5E, 0x2D, 0x40, 0xEC, 0xDD, 0xB8, 0x50, 0x14, 0xD8, 0x9B, 0xB3, 0x20, 0x46,
    0xF6, 0x16, 0x4C, 0x20, 0x7B, 0x4B, 0x22, 0x88, 0xBD, 0xCE, 0xC4, 0x7E, 0x1A, 0xC2, 0x5E, 0xC8,
    0xDE, 0xDC, 0x7E, 0x7F, 0x05, 0x02, 0xD9, 0xEB, 0x36, 0x08, 0xF4, 0xF7, 0x60, 0xF6, 0xF6, 0x76,
    0xC3, 0xBF, 0x20, 0x7B, 0xEF, 0x61, 0xE5, 0x0B, 0xB3, 0x37, 0xC7, 0x66, 0xCB, 0xCC, 0x5E, 0x67,
    0xAC, 0xC0, 0xF7, 0xBC, 0x24, 0xEB, 0xCD, 0x87, 0xA3, 0xC0, 0x26, 0x09, 0xB1, 0x29, 0xBB, 0xEA,
    0xF6, 0x20, 0x5C, 0x47, 0x83, 0x3F, 0x7F, 0x8C, 0xDF, 0x13, 0x90, 0x7C, 0xCF, 0xAA, 0x78, 0x56,
    0xFF, 0x53, 0x45, 0x94, 0x8F, 0x17, 0x2D, 0x74, 0x74, 0xD8, 0xAB, 0xD3, 0x44, 0xA9, 0x89, 0x7C,
    0xF1, 0x0B, 0xD6, 0x40, 0x4D, 0x99, 0x2C, 0xD8, 0x13, 0x94, 0x20, 0x31, 0xD1, 0x8C, 0x68, 0x90,
    0x91, 0xEC, 0x2F, 0x97, 0x66, 0xEC, 0x5B, 0x96, 0xFC, 0xD9, 0x81, 0x11, 0x02, 0x96, 0xFB, 0x54,
    0xB4, 0xC4, 0x52, 0x1F, 0x4F, 0x2B, 0x61, 0x8E, 0x9E, 0xA0, 0xE2, 0x8D, 0x39, 0x0A, 0x99, 0x07,
    0x78, 0x58, 0xE4, 0xA8, 0x73, 0x42, 0x0F, 0x60, 0x18, 0x72, 0xB4, 0x84, 0x13, 0x3B, 0x92, 0xE7,
    0x58, 0xD6, 0xCF, 0x8E, 0x28, 0x67, 0xE2, 0x68, 0x01, 0x44, 0xB3, 0x12, 0x47, 0x11, 0xB1, 0xEE,
    0xF8, 0x8F, 0x1C, 0x75, 0x7F, 0x3F, 0x8A, 0x8D, 0x17, 0x72, 0x02, 0x77, 0x3C, 0xBF, 0xEC, 0xAD,
    0xB7, 0xC6, 0x0E, 0xBD, 0x2F, 0x72, 0x2A, 0x76, 0x9F, 0x7B, 0xA0, 0xD6, 0x05, 0x1A, 0x52, 0x7A,
    0xA8, 0xDA, 0xCB, 0x64, 0x57, 0x96, 0x76, 0xA8, 0x56, 0x87, 0x2E, 0x67, 0xB3, 0xC6, 0x44, 0xAB,
    0xBA, 0x08, 0x9D, 0x7D, 0x84, 0xB8, 0x60, 0x7F, 0x2D, 0xA6, 0x10, 0x13, 0xCC, 0xD1, 0xDD, 0xDB,
    0x22, 0xE9, 0x26, 0xFA, 0x8A, 0x38, 0xCA, 0x8A, 0x83, 0x38, 0xCA, 0xC7, 0x68, 0x90, 0x70, 0xC6,
    0x53, 0xA6, 0x44, 0x36, 0xD3, 0x51, 0x26, 0x2C, 0x02, 0x00, 0x15, 0xD7, 0xCA, 0x1A, 0xDD, 0xEE,
    0x59, 0xEB, 0x05, 0xF3, 0x46, 0x05, 0x14, 0xB4, 0x46, 0xE9, 0x28, 0x0D, 0x7E, 0x56, 0x3E, 0x57,
    0xE3, 0x25, 0x4D, 0x78, 0xD9, 0x16, 0xEC, 0xBF, 0x4D, 0x0B, 0xC5, 0x4D, 0x6B, 0xAE, 0x5D, 0x1B,
    0xCB, 0xBB, 0x09, 0x6A, 0x16, 0x90, 0x5E, 0x4A, 0xC9, 0x9E, 0xFA, 0x2B, 0xA7, 0x2D, 0x54, 0x36,
    0x0A, 0xDE, 0x8C, 0xE7, 0x86, 0xC9, 0x70, 0x17, 0x45, 0x7C, 0x0C, 0xF3, 0x06, 0x8C, 0x94, 0xF6,
    0x0F, 0xC4, 0x49, 0xBF, 0x1B, 0x90, 0x95, 0x58, 0x62, 0xFC, 0x40, 0x78, 0x99, 0x6C, 0x64, 0xBE,
    0x12, 0x33, 0x93, 0xED, 0x3E, 0x4E, 0x0D, 0x71, 0x13, 0xD0, 0x57, 0x5B, 0x27, 0x8A, 0x2E, 0x01,
    0xC3, 0xBA, 0x52, 0xFC, 0xCC, 0x56, 0x28, 0xAF, 0x24, 0x86, 0xEE, 0x50, 0x18, 0xE4, 0x39, 0xEA,
    0x66, 0x7A, 0x0A, 0x2C, 0x85, 0x43, 0xB3, 0x02, 0x4F, 0x1B, 0xF7, 0xB5, 0xA1, 0x8C, 0xA9, 0x70,
    0x77, 0x12, 0x61, 0x9B, 0x62, 0x73, 0x41, 0x35, 0x59, 0x2E, 0x7F, 0xFE, 0x50, 0x45, 0x5F, 0xCA,
    0xA8, 0x3C, 0xA8, 0xD4, 0x85, 0x43, 0x26, 0x79, 0x68, 0xA3, 0x3E, 0x60, 0xF7, 0x6D, 0x54, 0xF1,
    0x57, 0xC4, 0xF5, 0xC8, 0xF5, 0x59, 0x8F, 0x9F, 0x48, 0xDC, 0x7E, 0xF1, 0x4E, 0xB0, 0x42, 0x2C,
    0x74, 0x2F, 0xD0, 0xAB, 0xB7, 0x18, 0x53, 0xF6, 0x40, 0xC5, 0x64, 0x74, 0xDE, 0x74, 0xAB, 0x6D,
    0xC6, 0x7E, 0x6C, 0x26, 0x3F, 0x43, 0x35, 0x18, 0x6E, 0xE5, 0xD1, 0xCA, 0x1C, 0x39, 0x47, 0x08,
    0x0E, 0xFB, 0xC1, 0x4C, 0x35, 0xCC, 0x52, 0x85, 0xF2, 0xB1, 0xF7, 0x72, 0xA4, 0x84, 0x16, 0xAF,
    0x9F, 0xBF, 0x07, 0xF8, 0x15, 0x9C, 0x29, 0xEC, 0xDE, 0xD0, 0x07, 0xCB, 0x31, 0x73, 0x9A, 0xA0,
    0x80, 0x0B, 0xCF, 0x16, 0xCA, 0x72, 0x4C, 0xEC, 0xD1, 0x7C, 0x25, 0xE0, 0x9A, 0xFD, 0x14, 0x1B,
    0xA2, 0xB3, 0xA0, 0x76, 0x8E, 0x54, 0x36, 0xAB, 0x39, 0x3B, 0xA1, 0x01, 0xE4, 0x69, 0xA8, 0x8A,
    0xD2, 0x7F, 0x07, 0x99, 0x5A, 0x28, 0x1A, 0x22, 0x0C, 0xD5, 0xA4, 0x0A, 0x1B, 0x9C, 0xD1, 0xAF,
    0x5B, 0xBD, 0xD1, 0x21, 0x6B, 0xAA, 0x38, 0xA2, 0xC0, 0x16, 0x49, 0xB3, 0xC6, 0x71, 0x3C, 0xB8,
    0xDD, 0x44, 0xFA, 0x2C, 0x95, 0x71, 0x5E, 0x1B, 0x7E, 0x29, 0x24, 0xA6, 0x7E, 0x3E, 0x77, 0x66,
    0x68, 0xC6, 0x86, 0xA7, 0xB7, 0x2D, 0x29, 0x16, 0xE3, 0xCD, 0xC9, 0x6B, 0xA4, 0xF6, 0x05, 0xBC,
    0x7D, 0x19, 0xC8, 0xE0, 0x0B, 0x9C, 0xBC, 0x85, 0x49, 0x39, 0x86, 0x60, 0x62, 0x62, 0x21, 0xA8,
    0xB2, 0x31, 0x9D, 0x2F, 0x70, 0x0A, 0x46, 0x66, 0x09, 0x1E, 0x72, 0xB0, 0x32, 0x31, 0xC5, 0xE2,
    0xCD, 0x4C, 0x32, 0xEF, 0xBD, 0x9D, 0x59, 0xED, 0xFC, 0xBD, 0xEC, 0x0B, 0xA0, 0x33, 0xED, 0x2D,
    0x4D, 0xD8, 0x9F, 0x4D, 0xE8, 0x00, 0x04, 0x96, 0x66, 0xB3, 0x07, 0x9B, 0xD1, 0x19, 0xAC, 0x8D,
    0xFD, 0x8B, 0x41, 0x79, 0xC4, 0xCD, 0x43, 0x65, 0x43, 0x56, 0x5B, 0xF3, 0xED, 0x08, 0x03, 0xDA,
    0xBC, 0x10, 0xC5, 0xA6, 0xFB, 0x93, 0x26, 0x9D, 0x89, 0xDB, 0x45, 0xF0, 0xC6, 0x53, 0x13, 0x01,
    0x1C, 0x4F, 0x9F, 0xD3, 0x6C, 0xB7, 0x17, 0x7C, 0x81, 0xDE, 0x27, 0xA0, 0x0A, 0x0E, 0x89, 0xF9,
    0x5F, 0x60, 0xBB, 0xC3, 0x31, 0xFC, 0x22, 0x47, 0x50, 0xE9, 0x6A, 0xFC, 0x5C, 0xD4, 0x7B, 0x7A,
    0x20, 0xB8, 0x47, 0x66, 0xA3, 0x1B, 0xDD, 0x9B, 0xBE, 0x62, 0xC3, 0x7C, 0x58, 0xC1, 0x0B, 0xF0,
    0x8C, 0x80, 0xFF, 0xDC, 0x03, 0xE8, 0x40, 0xE6, 0x04, 0x16, 0x55, 0x7F, 0xC2, 0x4E, 0x2B, 0x34,
    0x2B, 0x39, 0x1E, 0xCA, 0x58, 0xEC, 0xDE, 0xF8, 0xA7, 0x5F, 0x34, 0x2B, 0xCF, 0xCC, 0x53, 0x88,
    0x3F, 0xE9, 0xA1, 0xA8, 0x9E, 0x75, 0xF7, 0x04, 0x91, 0x86, 0xBE, 0xFD, 0x23, 0x31, 0x38, 0x21,
    0x50, 0x3D, 0x13, 0xCE, 0x81, 0xE7, 0x67, 0x44, 0x7D, 0x8A, 0xF1, 0xB7, 0x97, 0x78, 0xF1, 0x39,
    0x43, 0xA9, 0x5F, 0x3C, 0x58, 0x91, 0xB4, 0x4E, 0x8F, 0xB7, 0xAE, 0x20, 0x90, 0x7D, 0xEF, 0x03,
    0x59, 0x04, 0x0A, 0xE8, 0x6B, 0x2F, 0xCC, 0xA8, 0x71, 0x42, 0x1F, 0x5A, 0x7C, 0xF0, 0x69, 0xA8,
    0x11, 0x4C, 0x08, 0x52, 0xC9, 0x91, 0x23, 0x67, 0x23, 0xED, 0x8D, 0x21, 0x6E, 0x7B, 0x0E, 0x08,
    0x2A, 0xCE, 0x7F, 0x91, 0xDC, 0x82, 0x0C, 0xA9, 0x0F, 0x7D, 0xF9, 0x23, 0xD8, 0xB5, 0x11, 0x9A,
    0xA9, 0x99, 0x4C, 0x5C, 0x7E, 0xD5, 0xEA, 0x62, 0xA7, 0x59, 0xCB, 0x62, 0xED, 0x7B, 0x64, 0x91,
    0x23, 0x72, 0x7E, 0x5E, 0xC2, 0x87, 0xB3, 0x49, 0x36, 0x6D, 0x93, 0x6C, 0xDA, 0x26, 0xD9, 0x94,
    0x22, 0x65, 0x82, 0x57, 0xCE, 0x26, 0x41, 0xE7, 0x01, 0x89, 0x46, 0xD9, 0x24, 0xD0, 0xA1, 0xDE,
    0xDB, 0x24, 0xD8, 0xCC, 0x3C, 0xD8, 0x24, 0xCD, 0xAF, 0x6B, 0x93, 0x54, 0x91, 0x4D, 0x32, 0x28,
    0x06, 0x84, 0x72, 0xF8, 0x33, 0x9B, 0xA4, 0xB8, 0x6E, 0x93, 0x0C, 0x77, 0xD9, 0x24, 0x17, 0x7F,
    0xE6, 0x6B, 0x73, 0x10, 0x35, 0x96, 0x88, 0x4A, 0xE4, 0x22, 0xDF, 0xF2, 0x3A, 0x11, 0x9F, 0xF7,
    0xA5, 0x57, 0x45, 0x7E, 0xF5, 0x4B, 0x19, 0x6F, 0xFD, 0x84, 0x49, 0x6E, 0x96, 0x1B, 0xA5, 0x55,
    0xAA, 0x99, 0x32, 0x6F, 0x2C, 0x2F, 0xF2, 0x77, 0xA6, 0x10, 0xC9, 0xC9, 0x7E, 0xB6, 0x84, 0x38,
    0x4E, 0xF6, 0x2B, 0x6F, 0x34, 0x81, 0x2E, 0xF4, 0x36, 0x13, 0xDC, 0x5C, 0xE3, 0x67, 0x1B, 0x4A,
    0x0F, 0xFD, 0x6C, 0xBB, 0x67, 0x28, 0xFD, 0x6C, 0x3B, 0x1D, 0x1A, 0x66, 0xDB, 0x09, 0x87, 0xA0,
    0x7C, 0xC3, 0xA1, 0x25, 0x10, 0xDB, 0xDD, 0xC3, 0xC3, 0x96, 0xD2, 0xD2, 0x49, 0x62, 0x09, 0x9E,
    0xA8, 0xDE, 0x56, 0x4D, 0x13, 0xC1, 0xB8, 0x0A, 0xFD, 0x56, 0x67, 0xB5, 0x28, 0x20, 0xBB, 0xE4,
    0x67, 0x18, 0x8E, 0x1B, 0xD7, 0x0D, 0xF9, 0xD4, 0x66, 0x2A, 0xB5, 0xFD, 0x44, 0x7D, 0x30, 0xFB,
    0xEB, 0x71, 0xB1, 0x33, 0x4A, 0x98, 0xCA, 0x40, 0x38, 0xE6, 0x2A, 0x53, 0xCC, 0x56, 0xA6, 0xD8,
    0xD8, 0x21, 0x4A, 0x4C, 0x1D, 0x47, 0x25, 0x12, 0x1F, 0xAB, 0x80, 0xAA, 0x06, 0x6F, 0xE6, 0xB8,
    0xB7, 0x37, 0xB3, 0xF8, 0x4B, 0x70, 0xC2, 0x08, 0xA5, 0xA2, 0x7B, 0xB0, 0x65, 0x00, 0xAA, 0xBE,
    0x8A, 0x81, 0xB3, 0x9A, 0x1D, 0xDA, 0x4C, 0x11, 0x7B, 0xC1, 0xAF, 0xC0, 0xEA, 0xDD, 0x97, 0x78,
    0x33, 0xB8, 0xED, 0xA8, 0xF2, 0xC6, 0xE5, 0x1A, 0xA4, 0x05, 0x6A, 0xA0, 0x3D, 0x5A, 0x8D, 0x9B,
    0xAE, 0xBE, 0x0B, 0x91, 0xF0, 0x7C, 0xD3, 0x2B, 0x0F, 0x12, 0xAE, 0xAA, 0xD3, 0x68, 0xBF, 0x50,
    0x8C, 0x33, 0xC8, 0xB0, 0x93, 0x8A, 0xC1, 0x44, 0x99, 0x42, 0x3C, 0x37, 0xEA, 0x53, 0xE9, 0xF4,
    0xB1, 0x4A, 0xA7, 0xF8, 0x70, 0xA6, 0x31, 0x16, 0x1C, 0x6C, 0x3D, 0x54, 0x50, 0xA1, 0xCC, 0xD5,
    0xFE, 0x83, 0x53, 0x8B, 0x9E, 0x78, 0xCD, 0xFD, 0x1F, 0xF0, 0x99, 0xC8, 0xEB, 0xC2, 0xF9, 0x4E,
    0x3F, 0x9E, 0x25, 0x7A, 0x38, 0x13, 0x44, 0x0A, 0x79, 0x0D, 0x3B, 0x19, 0xF6, 0x34, 0xF2, 0x1A,
    0xCB, 0x48, 0x66, 0xE6, 0x35, 0x10, 0x8D, 0x98, 0xEA, 0xC0, 0x19, 0x00, 0x4B, 0xD1, 0x02, 0x46,
    0x33, 0x99, 0x79, 0x9D, 0x93, 0x85, 0x4B, 0xBC, 0xE6, 0x83, 0x96, 0x98, 0xD7, 0x1D, 0x6E, 0x7A,
    0xE6, 0x75, 0x4E, 0x12, 0xE0, 0x25, 0xC1, 0x10, 0x46, 0xB2, 0xEF, 0x77, 0x8C, 0xB8, 0xB3, 0x14,
    0xA3, 0x5A, 0xC2, 0x61, 0x0C, 0x3B, 0x2F, 0x02, 0xCE, 0x87, 0x11, 0x06, 0x95, 0x52, 0x7B, 0x58,
    0x41, 0x05, 0x10, 0xC5, 0xAD, 0xDA, 0x53, 0x14, 0xAB, 0xB4, 0x63, 0xB2, 0x8D, 0x3A, 0xF4, 0xA5,
    0x07, 0x16, 0xA1, 0x25, 0x23, 0x24, 0x91, 0x4E, 0x8E, 0xB9, 0x7F, 0x8A, 0xDD, 0x59, 0x00, 0x25,
    0x8C, 0x47, 0x7F, 0xAD, 0x14, 0xDE, 0xA3, 0x26, 0x82, 0x1D, 0x2E, 0x28, 0x04, 0x35, 0xF6, 0x00,
    0x7D, 0xC3, 0x23, 0xC0, 0x12, 0x73, 0xEB, 0x08, 0xB0, 0x9E, 0x12, 0x0D, 0x58, 0x30, 0xD5, 0x3F,
    0x22, 0x0C, 0x6C, 0xC5, 0x85, 0x50, 0xA9, 0xE0, 0xA1, 0xEE, 0xC7, 0x8E, 0x63, 0x32, 0x5F, 0x4B,
    0xE3, 0x27, 0x3E, 0x0C, 0x5A, 0x43, 0x8B, 0x6C, 0xE6, 0xC1, 0xAB, 0xEE, 0xE3, 0x3C, 0xF1, 0xBA,
    0x7B, 0x26, 0x58, 0x2E, 0x14, 0xA4, 0x5E, 0x52, 0xAA, 0xC6, 0x5B, 0xC9, 0xC3, 0xEE, 0xBE, 0xB2,
    0x49, 0x18, 0x74, 0x30, 0xCD, 0x37, 0x37, 0x59, 0x65, 0xCE, 0x60, 0x7C, 0x65, 0x93, 0x30, 0xE8,
    0x8C, 0x7F, 0xE1, 0x30, 0xE8, 0x88, 0xEF, 0xE1, 0x1D, 0x7D, 0xE2, 0x22, 0x2A, 0xD6, 0x40, 0x7B,
    0x22, 0x96, 0x29, 0xB4, 0xA2, 0x42, 0x9F, 0x1E, 0x57, 0x99, 0x7B, 0x67, 0xB2, 0x79, 0x8F, 0x7D,
    0xC5, 0x2F, 0x64, 0x87, 0x7D, 0x51, 0x82, 0xAE, 0x83, 0x2A, 0x20, 0xE3, 0xF5, 0xD1, 0xA2, 0x92,
    0x81, 0xF5, 0xA1, 0x88, 0xC4, 0xBE, 0xA2, 0x14, 0x71, 0xFD, 0x4B, 0x7D, 0x22, 0xAC, 0x6E, 0x45,
    0x95, 0x44, 0x56, 0x5B, 0x17, 0x19, 0x09, 0x9A, 0x28, 0xAE, 0x1B, 0x77, 0x5A, 0x60, 0xAE, 0x97,
    0x87, 0x38, 0xBD, 0x7D, 0xF0, 0x13, 0xFB, 0x20, 0x26, 0xFB, 0x20, 0x24, 0x09, 0x57, 0x8C, 0x0C,
    0xED, 0x11, 0xB2, 0x8D, 0xEC, 0xB4, 0x08, 0x46, 0x07, 0x66, 0x02, 0xEC, 0x57, 0xBC, 0x6A, 0x9B,
    0xD8, 0x9F, 0xAE, 0x9C, 0x32, 0x2B, 0xAC, 0xF8, 0xD2, 0xB6, 0x01, 0x00, 0x7B, 0x42, 0x25, 0xB0,
    0x5E, 0x89, 0x53, 0xF2, 0x53, 0x78, 0xE9, 0x87, 0xA3, 0x1F, 0x12, 0xAE, 0x08, 0x7F, 0xFE, 0x4D,
    0x64, 0xDB, 0x5C, 0x1E, 0x2A, 0xCF, 0x58, 0xED, 0x37, 0x85, 0x9C, 0x54, 0xAE, 0x70, 0xEC, 0x05,
    0xFB, 0x70, 0xBC, 0x2F, 0xC3, 0x03, 0xD1, 0xA7, 0x88, 0x06, 0x09, 0xD6, 0x2C, 0x74, 0x38, 0x31,
    0x6B, 0x96, 0x9E, 0x14, 0x20, 0x69, 0x96, 0x8E, 0x4E, 0xD9, 0x21, 0xCD, 0xD2, 0x9C, 0xDC, 0xB3,
    0x8A, 0x66, 0xA9, 0x1E, 0x63, 0x90, 0x8D, 0x34, 0x8B, 0x63, 0xC8, 0x43, 0xED, 0xC1, 0x56, 0xC1,
    0x7F, 0x3D, 0x4C, 0x15, 0xBC, 0xD7, 0x09, 0x09, 0xF2, 0x5D, 0x0F, 0xD4, 0x12, 0xC1, 0x73, 0xAD,
    0xB4, 0xDF, 0x5A, 0x69, 0xAF, 0xD5, 0x13, 0x70, 0x9C, 0x50, 0xD0, 0x2C, 0xA9, 0x9D, 0x2B, 0xED,
    0xAF, 0x56, 0xDA, 0x5B, 0xD5, 0x46, 0x64, 0xF7, 0xF1, 0x96, 0xE1, 0x7D, 0x41, 0xB0, 0x7F, 0x5B,
    0x7C, 0x11, 0x0B, 0x88, 0x4D, 0x1F, 0xB6, 0x79, 0x88, 0x75, 0xCC, 0x34, 0x66, 0x17, 0x32, 0x6A,
    0x17, 0x16, 0x21, 0x73, 0xD8, 0x84, 0xA1, 0x00, 0x3A, 0x87, 0xCE, 0x39, 0xF0, 0x81, 0xD1, 0x7B,
    0x3B, 0x51, 0x13, 0xC8, 0x83, 0x20, 0xAC, 0xF6, 0x4D, 0xC8, 0xB5, 0x8E, 0x37, 0xEF, 0x2D, 0x74,
    0x12, 0xF4, 0x82, 0x36, 0x0C, 0x5E, 0x26, 0x04, 0x33, 0x39, 0x2B, 0x1C, 0xD4, 0x4E, 0x46, 0x71,
    0x78, 0xF3, 0xDD, 0x38, 0x8A, 0x12, 0x95, 0x70, 0xEA, 0xBE, 0xCA, 0x78, 0xB4, 0x13, 0xC6, 0x3A,
    0xF0, 0x50, 0x28, 0x5E, 0x2E, 0x10, 0x09, 0x3F, 0x09, 0x31, 0xC3, 0xFF, 0x61, 0xED, 0xD4, 0x33,
    0xA6, 0x3C, 0xEF, 0x83, 0xB4, 0x82, 0x2C, 0x3B, 0x36, 0x3E, 0x85, 0x93, 0x35, 0x71, 0xDB, 0xE2,
    0x81, 0x6D, 0xEF, 0xF0, 0x42, 0xC2, 0xD2, 0x28, 0x5C, 0x48, 0x84, 0x08, 0xCA, 0xF1, 0xE8, 0x79,
    0x8B, 0xD2, 0x68, 0xAE, 0x67, 0x5A, 0x48, 0xD0, 0x0A, 0x64, 0xED, 0x07, 0x08, 0x3C, 0xAE, 0xF5,
    0x9E, 0x1F, 0xD0, 0x51, 0x19, 0x11, 0xD7, 0xC8, 0x25, 0xAA, 0x34, 0xCC, 0x30, 0xD8, 0x6D, 0xE8,
    0x6C, 0x77, 0x3C, 0x6A, 0xEE, 0x94, 0x70, 0x2F, 0xE2, 0x7F, 0xA0, 0x09, 0x55, 0xCE, 0x44, 0xB9,
    0x2A, 0x02, 0xC0, 0xC7, 0xC1, 0xCD, 0x68, 0x9F, 0xD8, 0x1B, 0xF9, 0x78, 0x09, 0xF3, 0x84, 0x8D,
    0x1C, 0x7C, 0x94, 0x49, 0xA7, 0x9B, 0xBD, 0xBD, 0x87, 0x31, 0x42, 0x5E, 0x59, 0x50, 0xBB, 0x29,
    0xCB, 0xAB, 0x44, 0x68, 0x2D, 0xAD, 0xB1, 0xF2, 0x87, 0xFD, 0x2C, 0x0B, 0xAD, 0x1C, 0x0B, 0xAF,
    0x18, 0xCA, 0x31, 0xE1, 0xF4, 0xD8, 0x41, 0x6D, 0x4B, 0x49, 0x9E, 0x0D, 0xD0, 0x8C, 0xB3, 0xC5,
    0xDD, 0x58, 0xCF, 0xD4, 0xB0, 0xF4, 0x25, 0x8C, 0x2E, 0xD0, 0x18, 0x37, 0x01, 0x8C, 0xA5, 0x38,
    0x69, 0xA1, 0x06, 0xA6, 0xA4, 0xC7, 0xB9, 0x85, 0x29, 0x1E, 0xBD, 0x80, 0x4D, 0x4C, 0xD9, 0x9F,
    0xF7, 0x26, 0x21, 0x9C, 0x3F, 0x31, 0x06, 0x77, 0x26, 0x98, 0x8A, 0xBD, 0x0D, 0xE3, 0xD4, 0xBE,
    0x35, 0xC6, 0xF6, 0xB1, 0x97, 0x01, 0xCA, 0x96, 0xD3, 0x3D, 0xF5, 0xEB, 0xF1, 0x62, 0x9C, 0xF6,
    0x23, 0xED, 0xCB, 0x13, 0xED, 0x4B, 0x08, 0xA8, 0x03, 0xA7, 0x1E, 0xD2, 0x51, 0xA2, 0xB4, 0x2F,
    0xE1, 0x3C, 0x38, 0x28, 0xB2, 0x01, 0x43, 0xE0, 0xA5, 0xDC, 0xBE, 0x80, 0x65, 0x34, 0x1B, 0x01,
    0x75, 0x47, 0x94, 0xC1, 0x7C, 0x70, 0x0D, 0x9F, 0x0C, 0xD7, 0xE1, 0xA9, 0x54, 0x86, 0x90, 0x19,
    0xEE, 0xAB, 0x1E, 0x33, 0x6C, 0x76, 0xD5, 0xB0, 0x4E, 0x6E, 0x80, 0x99, 0xAF, 0x77, 0x60, 0x97,
    0x3E, 0x8A, 0xED, 0x84, 0xC1, 0x2C, 0x2A, 0x3C, 0x82, 0x02, 0x21, 0x90, 0x09, 0xE9, 0xF1, 0x7B,
    0x5F, 0x73, 0x0F, 0x78, 0x6F, 0xB4, 0xF5, 0x90, 0xBC, 0x04, 0xB6, 0x53, 0x33, 0xE4, 0x68, 0x28,
    0x35, 0xA7, 0x12, 0x6F, 0xBD, 0x19, 0x7B, 0xC4, 0x4B, 0x3A, 0xE3, 0xA7, 0x6B, 0x0D, 0xB6, 0xE2,
    0x03, 0x54, 0x41, 0xEB, 0xE4, 0x8E, 0xB4, 0x97, 0xAE, 0x07, 0xB2, 0x9D, 0xEA, 0x13, 0xE9, 0x68,
    0xC4, 0x77, 0x9F, 0x18, 0xE3, 0xF4, 0xC8, 0x20, 0x60, 0xF2, 0xF2, 0xF1, 0xA9, 0x77, 0x16, 0x2D,
    0x4B, 0x44, 0x15, 0xD6, 0x01, 0xCD, 0x10, 0x8C, 0x78, 0x9D, 0x8F, 0x7E, 0x95, 0x8F, 0x7E, 0x8D,
    0x8F, 0x7E, 0x85, 0x8F, 0x61, 0x7D, 0x87, 0xD5, 0x4D, 0x6B, 0x1B, 0x3F, 0x8F, 0x25, 0x2A, 0xBC,
    0x97, 0x9C, 0x4F, 0xF8, 0xBC, 0x97, 0x0C, 0x7F, 0x0A, 0x47, 0xAD, 0x78, 0x94, 0xFA, 0x15, 0x5A,
    0xDA, 0x95, 0x47, 0xCE, 0xF3, 0xE0, 0x51, 0xF7, 0xCD, 0x9E, 0xDA, 0xEA, 0x62, 0x89, 0x2C, 0xFF,
    0xCE, 0xAF, 0x4B, 0xB7, 0xD2, 0x79, 0x04, 0xC7, 0x6C, 0xD1, 0xA8, 0x18, 0xFD, 0x77, 0x9C, 0xB0,
    0xED, 0xEF, 0xED, 0x50, 0x84, 0x1A, 0xE1, 0x39, 0xB4, 0x68, 0xA1, 0x81, 0x0B, 0x92, 0x50, 0x4B,
    0xEC, 0x1E, 0xBB, 0x28, 0x53, 0x9F, 0x71, 0x18, 0xD1, 0x39, 0xC7, 0xA7, 0x84, 0x4B, 0xAE, 0x1B,
    0x30, 0xE3, 0x10, 0x32, 0x53, 0xC1, 0x08, 0x37, 0xA9, 0xDB, 0xDC, 0xF4, 0xD7, 0xD4, 0x4E, 0x3C,
    0x2A, 0xA1, 0x86, 0x1B, 0xDF, 0xEB, 0x1E, 0xC7, 0x99, 0x6A, 0x10, 0x00, 0xEE, 0xC7, 0xEE, 0x97,
    0xC4, 0x0D, 0x8B, 0xFD, 0x42, 0xF9, 0x20, 0x79, 0x8A, 0xC5, 0x03, 0xAF, 0x3A, 0x8A, 0xCA, 0x1F,
    0x68, 0x9B, 0xE5, 0xD4, 0xFD, 0x9F, 0xBA, 0x35, 0xC1, 0x16, 0xE7, 0x63, 0x49, 0x9A, 0x0D, 0xEF,
    0x6F, 0x46, 0x65, 0x03, 0xDF, 0x31, 0xA1, 0x3D, 0xEC, 0x46, 0x18, 0x0A, 0x7E, 0xDA, 0x8D, 0x04,
    0xB5, 0x9C, 0x6C, 0x8D, 0x77, 0xF5, 0x1A, 0xAF, 0x88, 0xE2, 0x06, 0xFD, 0x57, 0x2B, 0x7E, 0x20,
    0xEC, 0x88, 0x4F, 0xD7, 0x9C, 0x7C, 0x3B, 0x04, 0xB8, 0xF7, 0x94, 0x5B, 0x73, 0x82, 0x5B, 0x00,
    0x57, 0x30, 0xD9, 0xF0, 0xFA, 0xAA, 0x1D, 0x61, 0x16, 0x9A, 0x96, 0x5C, 0xC7, 0x06, 0x12, 0xB1,
    0x27, 0x74, 0x6A, 0xF1, 0x74, 0x88, 0x6A, 0xA4, 0xAF, 0x2E, 0xDA, 0x70, 0x0B, 0x00, 0xD8, 0xFB,
    0x2E, 0x5D, 0x51, 0x51, 0x5E, 0xBA, 0x7A, 0x60, 0x1F, 0x54, 0xF6, 0xB4, 0x14, 0x56, 0xC5, 0xE3,
    0xD7, 0xB9, 0xFA, 0x2D, 0xB7, 0x6F, 0xFB, 0x33, 0x0D, 0xE4, 0xDA, 0x87, 0xCF, 0xEF, 0xA3, 0x2E,
    0x13, 0x7C, 0x81, 0xF0, 0xAD, 0x08, 0xA5, 0x83, 0x43, 0x96, 0x94, 0xFE, 0xC2, 0x66, 0xF6, 0x70,
    0x49, 0xF0, 0x80, 0x02, 0x93, 0xEE, 0x15, 0xE4, 0x96, 0x31, 0x87, 0x83, 0x6E, 0x0E, 0x24, 0xD4,
    0x12, 0x8B, 0xA1, 0x22, 0xDC, 0x83, 0xEE, 0xF2, 0xA7, 0x21, 0x8A, 0x01, 0x55, 0x93, 0x47, 0xBA,
    0xC2, 0x5C, 0xDA, 0x9F, 0xE0, 0x2B, 0xD1, 0x1B, 0x73, 0xBE, 0x92, 0xFD, 0x1A, 0x22, 0xFC, 0x2D,
    0x01, 0xFD, 0xBF, 0x01, 0x6E, 0xF8, 0x66, 0xBE, 0x8C, 0xF3, 0x7F, 0xC2, 0xF7, 0x75, 0x54, 0x7F,
    0x0D, 0x2C, 0x86, 0x72, 0xF1, 0x73, 0x40, 0xC8, 0x97, 0xE3, 0xD8, 0xFD, 0x39, 0xD5, 0x4B, 0x17,
    0xBD, 0xFE, 0xED, 0x26, 0x2C, 0x71, 0xB7, 0x39, 0x15, 0xF5, 0x16, 0x81, 0xB9, 0x68, 0xE3, 0xD7,
    0x60, 0x5E, 0xB4, 0xB2, 0xF9, 0x01, 0x45, 0x80, 0x7D, 0xE3, 0x51, 0x00, 0x40, 0x32, 0x1A, 0x28,
    0x12, 0x02, 0x20, 0xDA, 0xBA, 0x56, 0x04, 0x01, 0x50, 0x8D, 0x47, 0x54, 0xE1, 0x39, 0x6E, 0xAD,
    0x98, 0xA0, 0x05, 0xB5, 0x15, 0x65, 0xA1, 0xD0, 0xBD, 0xB1, 0xD0, 0xDF, 0x08, 0x4E, 0xF5, 0x2C,
    0x35, 0x30, 0x15, 0x34, 0x15, 0x52, 0x6C, 0x86, 0x42, 0x0F, 0x03, 0x98, 0xDA, 0x00, 0x16, 0x8B,
    0xD7, 0xE8, 0xEF, 0x2E, 0xF5, 0x61, 0x31, 0x22, 0x39, 0x9F, 0x8E, 0x4A, 0x11, 0x0E, 0x84, 0xA2,
    0x31, 0xD3, 0x53, 0x4B, 0xCA, 0x8C, 0x78, 0x4E, 0x8D, 0xF4, 0x24, 0xFA, 0xD9, 0x81, 0xD2, 0x93,
    0xE8, 0x67, 0x01, 0xC7, 0xA8, 0x4A, 0xF4, 0xB3, 0x03, 0x2F, 0x89, 0xF9, 0x9D, 0x5B, 0xC2, 0x3A,
    0xA0, 0xA9, 0xD6, 0x1C, 0xA9, 0x8F, 0xCF, 0x01, 0x72, 0xB0, 0x5B, 0x85, 0xD9, 0x07, 0x59, 0x68,
    0x2F, 0x49, 0x16, 0xC3, 0x3B, 0x33, 0x99, 0x7D, 0x5B, 0x13, 0x7C, 0xCC, 0x2A, 0x27, 0xAD, 0x66,
    0xE5, 0xF3, 0x74, 0xBB, 0x76, 0x80, 0x00, 0x3F, 0x19, 0xB8, 0xF3, 0xEE, 0x7A, 0x25, 0xF5, 0x9B,
    0x44, 0xEE, 0xBC, 0xAE, 0xB1, 0x88, 0x7B, 0x52, 0xE7, 0xEB, 0x93, 0x9B, 0x6A, 0xD8, 0x8D, 0x9F,
    0x4D, 0x0C, 0xAC, 0xEE, 0x61, 0xC0, 0x8D, 0x65, 0xE8, 0x0B, 0xF2, 0xB2, 0x9B, 0x35, 0xDC, 0xA6,
    0x7E, 0x53, 0xD0, 0x36, 0xE9, 0xDA, 0x3F, 0x16, 0xB0, 0x8D, 0xD9, 0xB1, 0x9F, 0x29, 0xFB, 0x4E,
    0x5B, 0xE3, 0xA1, 0x36, 0xDD, 0x5C, 0x7A, 0xA4, 0x4D, 0x33, 0x06, 0xA0, 0x4D, 0x33, 0x08, 0xCE,
    0xE6, 0x19, 0x70, 0x04, 0x16, 0x89, 0x4A, 0x58, 0x31, 0xF8, 0x93, 0x0D, 0x36, 0x3A, 0xCB, 0xDC,
    0xFE, 0xCF, 0x03, 0xE0, 0x06, 0xEB, 0x79, 0x16, 0xB1, 0xC9, 0x46, 0x3F, 0x4E, 0x6D, 0x9C, 0x72,
    0xFD, 0x08, 0x63, 0xC5, 0x9F, 0xF5, 0xDA, 0x58, 0x5C, 0xCF, 0x31, 0x98, 0xB8, 0x14, 0x49, 0xA5,
    0x9D, 0x5F, 0x60, 0xC3, 0x57, 0x5A, 0x83, 0x1D, 0xB5, 0x7E, 0xDC, 0x19, 0xC4, 0x20, 0x06, 0x40,
    0x76, 0x50, 0xB9, 0x14, 0xF0, 0xCD, 0x7D, 0x40, 0x2E, 0xEB, 0x0F, 0x0A, 0xF6, 0x42, 0x0A, 0xDC,
    0x78, 0xE4, 0x64, 0xD2, 0xC2, 0x38, 0xD1, 0xE7, 0xC0, 0xC9, 0x3E, 0xD7, 0xED, 0xD9, 0x74, 0xCC,
    0xC1, 0x9F, 0x68, 0x53, 0xBE, 0xFF, 0x7D, 0x3B, 0x2A, 0x0C, 0xC2, 0xC5, 0x90, 0xF9, 0x4D, 0x54,
    0xA3, 0xB3, 0x5D, 0x29, 0xDE, 0xE9, 0xD6, 0x2B, 0x29, 0x36, 0x6D, 0xE5, 0xD6, 0x9A, 0xA1, 0x3A,
    0x05, 0x72, 0xFA, 0x34, 0x22, 0xFF, 0x49, 0x46, 0xE4, 0x3F, 0xC2, 0x4F, 0x15, 0x63, 0x64, 0xA3,
    0x0F, 0x89, 0x3A, 0x56, 0xC4, 0x19, 0xCE, 0x0B, 0xE7, 0xAF, 0x7F, 0x9A, 0x0F, 0xF8, 0xC4, 0xB2,
    0x95, 0xD7, 0x7F, 0x0A, 0xFD, 0x9E, 0x5A, 0xC7, 0x76, 0x9B, 0xF9, 0xDA, 0x5F, 0xCA, 0xF1, 0xAE,
    0x99, 0x5B, 0xAF, 0x13, 0xAC, 0x7B, 0x0F, 0x0A, 0xE2, 0x05, 0xDD, 0x3B, 0x7B, 0xDD, 0xBB, 0x21,
    0x21, 0xBA, 0x17, 0xEA, 0x23, 0x44, 0xF7, 0xF6, 0x53, 0x36, 0x7B, 0xDD, 0x5B, 0xCE, 0xD9, 0x1C,
    0x74, 0x2F, 0x10, 0x5E, 0xF7, 0x4E, 0xD9, 0xEC, 0x95, 0x06, 0x56, 0x81, 0x07, 0xDD, 0x9B, 0xCD,
    0x4A, 0xF7, 0x66, 0xB3, 0xD6, 0xBD, 0xB3, 0xD6, 0xBD, 0xB3, 0xD6, 0xBD, 0xB3, 0xD6, 0xBD, 0xB3,
    0xD6, 0xBD, 0xBA, 0xFB, 0xF7, 0x0B, 0x8A, 0x3F, 0xCD, 0x4F, 0xF5, 0x41, 0x82, 0x8F, 0xE7, 0x80,
    0xB5, 0x49, 0x42, 0x1E, 0xBF, 0x99, 0xD1, 0xD0, 0xF4, 0x44, 0xA5, 0x89, 0x42, 0xBD, 0xE7, 0xCA,
    0x2E, 0x39, 0xE2, 0x0B, 0xE2, 0xC7, 0x36, 0x3A, 0x83, 0x82, 0x8E, 0xC8, 0x31, 0x58, 0x2E, 0x32,
    0xE1, 0x92, 0xAF, 0xA9, 0xA3, 0x30, 0x35, 0xFA, 0x05, 0x9F, 0x86, 0x4F, 0xDE, 0xDA, 0xA8, 0xE2,
    0x77, 0xA3, 0x66, 0xBA, 0x1B, 0x61, 0x27, 0x36, 0x5A, 0x87, 0xA0, 0xBE, 0x1F, 0xD1, 0xC5, 0x02,
    0x46, 0xD3, 0xF9, 0xB2, 0xFC, 0x76, 0x6A, 0x10, 0xEC, 0x26, 0x64, 0xA3, 0x28, 0x13, 0xB5, 0xFA,
    0xE0, 0x03, 0x80, 0x38, 0xB2, 0x5D, 0x31, 0x0E, 0x76, 0x27, 0xF9, 0xBF, 0x53, 0x48, 0x9D, 0x9A,
    0x80, 0xE0, 0xFB, 0x3A, 0xDA, 0xA6, 0xF4, 0xD1, 0x20, 0x28, 0xD0, 0xBD, 0xA0, 0x8F, 0xBE, 0x6F,
    0xE9, 0x44, 0x87, 0x7A, 0xDF, 0x74, 0xE8, 0x9C, 0x8F, 0x31, 0x92, 0xE6, 0xC1, 0x7F, 0xFF, 0x01,
    0xDD, 0xC0, 0x98, 0x25, 0x72, 0x7A, 0xD0, 0x26, 0x67, 0x07, 0x99, 0x4D, 0x4E, 0x0E, 0x32, 0x9B,
    0x9C, 0x1B, 0x64, 0x36, 0x39, 0x35, 0xC8, 0x6C, 0x72, 0x66, 0x90, 0x21, 0x77, 0x8A, 0xF8, 0xC4,
    0xE7, 0x05, 0xF1, 0x88, 0xB8, 0xC5, 0x67, 0x05, 0x19, 0x5C, 0xB3, 0xCC, 0x33, 0x2C, 0x90, 0x7F,
    0x24, 0xDF, 0x41, 0x9C, 0x4B, 0x3D, 0xF3, 0x52, 0xCF, 0xBF, 0xC4, 0xB3, 0x30, 0xF1, 0x5C, 0x4C,
    0x3D, 0x23, 0x33, 0xCF, 0x4B, 0x3E, 0x17, 0xA8, 0xDA, 0x64, 0x81, 0xE4, 0x9B, 0xD4, 0xEE, 0xC8,
    0x89, 0x50, 0x71, 0xE5, 0x4E, 0xBC, 0x37, 0xAF, 0xD6, 0xB9, 0x94, 0x7C, 0x3E, 0x26, 0x84, 0x83,
    0xE9, 0x74, 0x94, 0x55, 0xCE, 0xF8, 0xE4, 0xD5, 0x47, 0x61, 0x7D, 0x68, 0x1B, 0x40, 0xD7, 0x1E,
    0x81, 0x72, 0x60, 0x10, 0xD3, 0xD9, 0x98, 0x3B, 0xBE, 0x2E, 0xE7, 0xF3, 0x37, 0x2B, 0xFE, 0x3C,
    0xCE, 0xF5, 0x99, 0x82, 0x9A, 0xD9, 0x18, 0xA9, 0x82, 0x4A, 0x6E, 0xAC, 0x7C, 0x0E, 0xA0, 0xB0,
    0xB1, 0xDD, 0xC0, 0xB7, 0xC9, 0x00, 0xEB, 0x7E, 0x31, 0x73, 0x1B, 0x09, 0xBA, 0xA6, 0x52, 0xBF,
    0xD4, 0xE1, 0x19, 0xA2, 0xF5, 0x51, 0xCF, 0xE4, 0x6C, 0xFE, 0x64, 0x66, 0x67, 0x13, 0xEB, 0x69,
    0x1E, 0x25, 0x17, 0x0F, 0x70, 0x37, 0xF1, 0xD9, 0x97, 0x3A, 0x3D, 0x75, 0x31, 0xB1, 0x10, 0x40,
    0xD2, 0xAA, 0x80, 0x43, 0x95, 0x4A, 0x06, 0xFB, 0x46, 0x1D, 0xD8, 0xD7, 0xA8, 0x0A, 0xCB, 0xF1,
    0x42, 0xE5, 0x98, 0xF9, 0xFA, 0x15, 0xF1, 0xB8, 0x5D, 0x1C, 0xAE, 0xA2, 0x2B, 0xD9, 0x8E, 0x64,
    0x64, 0xBA, 0xC4, 0xFE, 0x70, 0x08, 0x0D, 0x5A, 0x68, 0x79, 0xB9, 0xE5, 0x09, 0xA7, 0x7F, 0x64,
    0xC4, 0x69, 0xA7, 0x1B, 0xD0, 0x04, 0x86, 0xC3, 0x5F, 0x0C, 0x21, 0x24, 0x33, 0x00, 0x14, 0xD3,
    0x91, 0x55, 0x00, 0x8E, 0x76, 0xAB, 0x93, 0x4E, 0x0F, 0x35, 0xFF, 0x41, 0x86, 0xE0, 0xB6, 0x67,
    0x0B, 0x79, 0xF6, 0x83, 0x1F, 0xC2, 0xD7, 0xE6, 0xF4, 0x02, 0x58, 0x76, 0xE5, 0x9A, 0x2D, 0x6C,
    0x0F, 0xD7, 0x96, 0x6E, 0x07, 0xF0, 0x8C, 0xF6, 0xB5, 0x45, 0x6C, 0x89, 0xFA, 0xDD, 0x85, 0xA1,
    0xD0, 0x6B, 0xCE, 0x30, 0xF4, 0x1B, 0x08, 0x48, 0x2F, 0x97, 0x20, 0xE8, 0xCA, 0xA4, 0x53, 0x58,
    0xF4, 0xFC, 0x76, 0xCB, 0xF5, 0x2F, 0x9D, 0xC3, 0xA3, 0xFC, 0x31, 0x16, 0x72, 0x84, 0x8E, 0x57,
    0x74, 0xE5, 0xE1, 0xED, 0x9C, 0xB3, 0x4A, 0x8F, 0x6A, 0x37, 0x67, 0x8B, 0x21, 0x6F, 0x2F, 0x4E,
    0xC9, 0x76, 0x7B, 0x10, 0x65, 0xA1, 0xE4, 0x5E, 0x13, 0xB1, 0x74, 0x6B, 0xAE, 0xAA, 0xCC, 0xA5,
    0x33, 0x57, 0x67, 0xBF, 0x33, 0xF5, 0x78, 0x9A, 0xC5, 0x52, 0x4E, 0x39, 0x46, 0x1C, 0xA0, 0x9D,
    0xA5, 0xC5, 0x44, 0x39, 0xF4, 0xB5, 0x6C, 0xC1, 0xA3, 0x87, 0xC1, 0x09, 0x00, 0xA2, 0xE8, 0x64,
    0xA7, 0x74, 0xC6, 0x4A, 0x03, 0x5D, 0x2E, 0xE1, 0xC5, 0x3D, 0xD4, 0x0F, 0x4C, 0xE5, 0xD4, 0x51,
    0xB3, 0x06, 0x37, 0xC0, 0x02, 0x37, 0xEB, 0x06, 0xF8, 0xAD, 0x9D, 0x1C, 0x04, 0x5C, 0xCA, 0x7A,
    0xCC, 0xFC, 0xC2, 0xF4, 0x03, 0x6F, 0x6D, 0xD5, 0xD3, 0x25, 0xF4, 0x50, 0xCC, 0xDD, 0x3E, 0xE6,
    0x6D, 0xB3, 0x46, 0x9C, 0x15, 0xC6, 0xF6, 0x4B, 0xC4, 0x56, 0xE1, 0x6A, 0x39, 0x2F, 0xCC, 0xD3,
    0xD5, 0x9F, 0x42, 0x64, 0xF8, 0x00, 0x22, 0xC3, 0x67, 0x0F, 0x19, 0x39, 0x76, 0x48, 0x4E, 0x1C,
    0x92, 0xC3, 0x86, 0xE4, 0x9C, 0x21, 0x39, 0x62, 0x48, 0x4E, 0x17, 0x32, 0x74, 0xB0, 0x10, 0xED,
    0x24, 0xAA, 0x7E, 0x26, 0x1D, 0xF1, 0x07, 0xDC, 0x36, 0x8A, 0x0F, 0x11, 0x92, 0xF3, 0x83, 0xFC,
    0xD1, 0x41, 0x72, 0x6A, 0x90, 0x3F, 0x30, 0x48, 0xCE, 0x0A, 0x92, 0x63, 0x82, 0xFC, 0x09, 0x41,
    0xFE, 0x70, 0x20, 0x49, 0xC6, 0xCA, 0x46, 0x16, 0xD0, 0x96, 0xE8, 0x96, 0xEB, 0x67, 0x00, 0x7D,
    0x4C, 0xFC, 0xE3, 0xE0, 0x77, 0xBB, 0xA9, 0x72, 0x22, 0x2A, 0x1E, 0xC2, 0x15, 0xD6, 0x62, 0x64,
    0x9B, 0x4A, 0x86, 0xA4, 0x5A, 0x48, 0x0A, 0x85, 0xA4, 0x46, 0x88, 0xCB, 0x83, 0x0C, 0x57, 0x06,
    0x19, 0x2E, 0x0A, 0x32, 0x5C, 0x0F, 0x64, 0xB8, 0x14, 0xC8, 0x70, 0x15, 0x90, 0xE1, 0x02, 0x20,
    0x5F, 0xFB, 0xE3, 0xCB, 0x7E, 0xA4, 0xE2, 0x47, 0x8A, 0x7D, 0xA4, 0xCE, 0x47, 0x97, 0xF8, 0x7C,
    0xD4, 0xEB, 0xED, 0x9F, 0xBF, 0x89, 0x39, 0x2C, 0x2C, 0xE1, 0x55, 0x5C, 0x5C, 0xE1, 0xA7, 0x8D,
    0xE5, 0x89, 0x98, 0xD0, 0x5F, 0xBC, 0xBD, 0xA3, 0x6F, 0x5D, 0x25, 0x3A, 0x88, 0x8A, 0x56, 0x7C,
    0xBE, 0x9D, 0x9D, 0xA6, 0x1D, 0xB1, 0xB0, 0x9F, 0xA1, 0xC6, 0x90, 0x3F, 0x3F, 0x0C, 0x37, 0x75,
    0x6E, 0xA9, 0x5D, 0x06, 0x9D, 0xA9, 0x9E, 0xF4, 0x0B, 0x57, 0xE9, 0x0F, 0xD4, 0x4C, 0x72, 0xE7,
    0x53, 0xD8, 0xB9, 0x51, 0x23, 0x84, 0x7B, 0x91, 0xE6, 0xD3, 0xD9, 0x6B, 0x4B, 0xAF, 0xFF, 0x1C,
    0xBF, 0x1F, 0xEA, 0x84, 0xD8, 0x1C, 0x5A, 0x77, 0x06, 0x8A, 0xEF, 0x62, 0x45, 0xC6, 0x5C, 0xC8,
    0x42, 0x51, 0xCB, 0x25, 0xDD, 0xC5, 0x7A, 0x8B, 0xB8, 0xC0, 0xFA, 0x8A, 0x75, 0x95, 0x34, 0xD1,
    0x6B, 0xC3, 0xB2, 0x16, 0xDD, 0x64, 0x6F, 0xEB, 0xA4, 0xCF, 0x52, 0xEE, 0xE2, 0x65, 0xBC, 0x57,
    0x03, 0x8D, 0xCC, 0xD0, 0xCB, 0xB1, 0x5F, 0x85, 0xC0, 0xE7, 0xFB, 0x1B, 0x9D, 0x1E, 0x4F, 0x4F,
    0x81, 0xA7, 0x35, 0xFC, 0x09, 0x30, 0x63, 0x45, 0x88, 0x00, 0x46, 0x63, 0xB3, 0xC7, 0x18, 0x7D,
    0x74, 0x76, 0xCF, 0x53, 0x6D, 0x33, 0x00, 0xC2, 0x64, 0xA8, 0xE1, 0x02, 0x32, 0xCC, 0xE9, 0x18,
    0xA8, 0xE4, 0x71, 0xD6, 0xF9, 0xBB, 0x4B, 0xBE, 0xA4, 0xD6, 0xBE, 0x0A, 0x27, 0x3C, 0x40, 0x99,
    0xA1, 0x7B, 0xAA, 0x1A, 0x80, 0x14, 0x96, 0xE6, 0xBF, 0xA1, 0x9C, 0x3B, 0x48, 0x2B, 0x48, 0x80,
    0x6C, 0xB8, 0x30, 0x9D, 0xC2, 0xC3, 0x94, 0x7B, 0x4F, 0x41, 0xE5, 0x4A, 0x5A, 0xC8, 0x9C, 0x55,
    0x57, 0x7E, 0xCC, 0xFC, 0xE8, 0x75, 0xCC, 0x5D, 0x2E, 0x12, 0x62, 0xE4, 0xC5, 0xC6, 0xEE, 0x2B,
    0xAF, 0xCC, 0x86, 0x8E, 0xFF, 0x6B, 0x08, 0x9A, 0xDC, 0xD0, 0x49, 0x89, 0x4D, 0x82, 0x80, 0xC7,
    0xC6, 0x60, 0xCB, 0x86, 0x86, 0x62, 0x7A, 0xB7, 0x2F, 0xF4, 0xB7, 0x82, 0x5E, 0x89, 0x21, 0xFB,
    0x56, 0x8E, 0xAC, 0xA2, 0x5E, 0x3F, 0xD4, 0x9F, 0x7A, 0xAA, 0xB7, 0x10, 0x62, 0xC9, 0xA5, 0xC3,
    0xDC, 0x2D, 0x85, 0x99, 0x9F, 0xA2, 0x44, 0x6B, 0x72, 0x4D, 0x04, 0x9D, 0x22, 0xD3, 0x86, 0x8D,
    0x27, 0x91, 0x5F, 0x12, 0x41, 0x48, 0x9E, 0xCC, 0x7C, 0xEC, 0x58, 0x99, 0x76, 0x63, 0xBC, 0x8E,
    0xA1, 0xBA, 0x19, 0x02, 0x57, 0x5D, 0x43, 0x41, 0xA2, 0xEE, 0x1E, 0xA1, 0x88, 0x3A, 0xF7, 0x85,
    0x15, 0xB5, 0xE4, 0xEC, 0x73, 0x7A, 0x6E, 0xCC, 0x11, 0xBA, 0x25, 0x04, 0x87, 0x4E, 0xC1, 0xF2,
    0xC1, 0xB2, 0xE9, 0xDA, 0x52, 0x0A, 0xB1, 0x84, 0x56, 0x6C, 0x0B, 0x89, 0x44, 0xD1, 0xE0, 0xAC,
    0xDE, 0x10, 0xB3, 0x90, 0xBD, 0xFF, 0x7D, 0xE4, 0xBB, 0x1C, 0x8F, 0x9B, 0x09, 0x5E, 0xFA, 0xBF,
    0x4A, 0xAF, 0x92, 0x7B, 0x52, 0x28, 0x23, 0x25, 0x28, 0x58, 0x1B, 0x4C, 0x1F, 0x34, 0x5C, 0xB4,
    0x08, 0x2E, 0x8A, 0x29, 0xAD, 0x0A, 0xAA, 0xFD, 0x96, 0x51, 0x18, 0x6C, 0x42, 0x7F, 0xBC, 0x5F,
    0xAA, 0x02, 0x65, 0xB7, 0xCD, 0xA0, 0xE0, 0xFB, 0x7F, 0xF1, 0x8A, 0x03, 0x7D, 0x61, 0x74, 0x44,
    0x3B, 0x20, 0xB7, 0x37, 0xA3, 0x98, 0x54, 0x58, 0xDA, 0x0E, 0x06, 0xE1, 0x80, 0xC7, 0x51, 0x16,
    0x33, 0x9D, 0x27, 0xB4, 0x71, 0x85, 0x59, 0x8D, 0xB1, 0x6C, 0xB7, 0xE3, 0x9E, 0x4A, 0x30, 0xBF,
    0x09, 0x39, 0x31, 0xB0, 0x4C, 0xA0, 0xCA, 0x0C, 0x7C, 0x6D, 0x4C, 0x9D, 0xF4, 0x54, 0xE4, 0x84,
    0x5D, 0x13, 0x57, 0x38, 0x29, 0xD5, 0x7D, 0x9A, 0x73, 0x98, 0x31, 0xBF, 0x8B, 0x06, 0x04, 0x46,
    0x99, 0xB1, 0x07, 0x09, 0xFE, 0x2E, 0x43, 0x19, 0x4A, 0xF9, 0x5E, 0x68, 0x2F, 0x80, 0xA3, 0xE6,
    0x11, 0xB8, 0xE1, 0xAB, 0x94, 0x28, 0xA5, 0x92, 0x05, 0x65, 0xF6, 0xDD, 0x77, 0xF3, 0xA8, 0x40,
    0x53, 0xFB, 0x05, 0x3C, 0xFC, 0xCB, 0xE6, 0x09, 0x66, 0x23, 0xDD, 0xCE, 0xE7, 0x42, 0xA6, 0xA2,
    0xB8, 0x6E, 0x24, 0xDA, 0xF3, 0x59, 0x68, 0x5E, 0x65, 0x56, 0x7E, 0xD1, 0xC7, 0x16, 0xA5, 0x03,
    0xDB, 0x94, 0x71, 0xC8, 0x22, 0x1A, 0x90, 0x2D, 0xC5, 0x0E, 0xBF, 0x0C, 0x12, 0x3B, 0xF9, 0x43,
    0xCB, 0x71, 0x00, 0xB2, 0x11, 0x07, 0x8D, 0xB3, 0x08, 0x31, 0xC0, 0x61, 0x57, 0x7A, 0x31, 0xE4,
    0xFF, 0x61, 0x40, 0x66, 0x1F, 0x44, 0x2B, 0xD0, 0x22, 0xA4, 0xE0, 0x04, 0x05, 0x33, 0xC0, 0x1D,
    0x2D, 0x31, 0xA6, 0x00, 0xC0, 0x04, 0x3C, 0x5F, 0xFE, 0xBE, 0x1D, 0x4B, 0x38, 0x0C, 0x14, 0x62,
    0xA6, 0xE5, 0x2F, 0xDE, 0xA3, 0xAF, 0x28, 0xFF, 0x99, 0x9B, 0xD9, 0xBC, 0x31, 0xD1, 0xA0, 0x7A,
    0x67, 0x6A, 0xB8, 0xA5, 0xE7, 0x54, 0xC9, 0x8D, 0xF1, 0x9E, 0xE9, 0x26, 0xCC, 0xEA, 0xA9, 0xD0,
    0xDB, 0x05, 0x8B, 0x30, 0x72, 0x8D, 0x82, 0x67, 0xE4, 0xB9, 0x15, 0xFC, 0xA2, 0xFA, 0xCE, 0x0D,
    0xB0, 0xDD, 0x76, 0x89, 0xEC, 0x35, 0x87, 0x88, 0x81, 0x13, 0x3E, 0xCC, 0x32, 0xD0, 0xE7, 0x54,
    0x28, 0x63, 0x26, 0x94, 0x5A, 0xC5, 0xFB, 0xB8, 0xB5, 0x13, 0xEB, 0xCC, 0xE7, 0x9D, 0x83, 0x9C,
    0x94, 0xD6, 0x85, 0xB5, 0x98, 0x12, 0x3C, 0x0F, 0x7A, 0x6D, 0x60, 0xBD, 0x09, 0x44, 0xD8, 0xA0,
    0x13, 0xC7, 0x22, 0x23, 0x3B, 0xFD, 0x3E, 0x48, 0x44, 0x18, 0xCD, 0xCD, 0xA9, 0x9A, 0x40, 0xCD,
    0x7F, 0x7F, 0x85, 0xF2, 0xF9, 0x01, 0xD3, 0xC9, 0x60, 0x95, 0x8F, 0xA0, 0x04, 0xA1, 0x8B, 0x08,
    0x1C, 0xE3, 0xE3, 0x3C, 0x75, 0x94, 0xF7, 0x29, 0x7C, 0x1B, 0x86, 0x5F, 0x53, 0x28, 0xB1, 0xC4,
    0x0D, 0x9B, 0x3A, 0xE7, 0x60, 0x42, 0xAB, 0x3A, 0xDD, 0xDC, 0x9D, 0xA2, 0x68, 0x4D, 0x37, 0x96,
    0x3B, 0x7C, 0x08, 0x72, 0xF0, 0x1D, 0x8A, 0xA8, 0x35, 0x46, 0x1D, 0x45, 0x6A, 0x2F, 0x98, 0x97,
    0x14, 0x08, 0xFD, 0x12, 0xC3, 0x4C, 0x7A, 0xBA, 0xBA, 0x05, 0x42, 0x39, 0xDF, 0x95, 0xF3, 0xD9,
    0x23, 0x26, 0x8B, 0xCA, 0x83, 0x3F, 0x7E, 0xE1, 0xA2, 0x95, 0x81, 0x5D, 0xB1, 0x78, 0xA9, 0xE7,
    0x22, 0x9F, 0xE1, 0x33, 0x44, 0x9B, 0x9D, 0x5F, 0x7D, 0xEE, 0xF2, 0x83, 0xAF, 0xA4, 0x4B, 0x1A,
    0xCE, 0xFD, 0xC3, 0x75, 0xA6, 0xBF, 0xA3, 0x77, 0xC4, 0x9A, 0xED, 0xE2, 0x95, 0xFF, 0x9E, 0xCB,
    0xEB, 0x19, 0x7D, 0x8A, 0xC8, 0x15, 0x56, 0x77, 0xD0, 0xA1, 0x81, 0x0E, 0x14, 0x20, 0x85, 0x87,
    0x0D, 0x4C, 0x8D, 0x52, 0x79, 0xB7, 0x74, 0xDE, 0x9F, 0xB2, 0xD6, 0xE3, 0x56, 0x5C, 0x99, 0xA5,
    0x45, 0x07, 0xFC, 0x2D, 0xA9, 0x73, 0x2E, 0xBE, 0x85, 0x4F, 0xD8, 0x86, 0x2B, 0xAE, 0xDC, 0x7C,
    0x26, 0xAD, 0x97, 0xAD, 0xA4, 0xF5, 0x92, 0x8D, 0xB5, 0x9E, 0x65, 0xAD, 0x47, 0xC2, 0xB9, 0x67,
    0x1D, 0x77, 0x7E, 0x0D, 0x66, 0x3C, 0xB7, 0x9F, 0x34, 0xC9, 0x63, 0x96, 0x35, 0x8F, 0x78, 0x63,
    0x6C, 0xEC, 0x15, 0x6C, 0xF4, 0x49, 0xC9, 0x46, 0xD1, 0x98, 0x94, 0x0E, 0x24, 0x04, 0x4C, 0x2F,
    0xB5, 0x3F, 0x5C, 0xB8, 0xC5, 0xDC, 0x9C, 0x52, 0x63, 0x64, 0x3C, 0x46, 0xDA, 0x89, 0xE8, 0x96,
    0x0E, 0xA7, 0xC0, 0x94, 0x34, 0x7A, 0x78, 0x70, 0xCD, 0x1F, 0x91, 0x7A, 0x66, 0x0C, 0x0F, 0x8B,
    0x0C, 0x4A, 0xB2, 0xE3, 0xCE, 0xEF, 0x16, 0xB4, 0x98, 0x10, 0x7D, 0xC2, 0xFB, 0x69, 0xBD, 0x9D,
    0x90, 0x89, 0x77, 0xBA, 0xEC, 0xF3, 0xEE, 0x8A, 0x75, 0x70, 0x66, 0x8D, 0x6F, 0xF1, 0xCE, 0xB6,
    0x97, 0x76, 0xF5, 0x1D, 0x3D, 0x62, 0xFA, 0x33, 0x8F, 0x9E, 0xBA, 0x84, 0x4F, 0x7C, 0xC5, 0xD6,
    0xAC, 0xCF, 0x51, 0x8B, 0x56, 0x82, 0x86, 0x77, 0x60, 0x0D, 0x02, 0x7A, 0x87, 0x41, 0x16, 0x1D,
    0x76, 0x84, 0x72, 0x8E, 0xE4, 0xD7, 0xA0, 0xD9, 0x1C, 0xB4, 0x66, 0x87, 0xB6, 0xBE, 0xB0, 0x99,
    0x47, 0x34, 0x9D, 0x9C, 0x5F, 0xDD, 0xB4, 0x24, 0xDB, 0x00, 0xDA, 0xCC, 0x8B, 0x8D, 0x82, 0x48,
    0x5C, 0xB7, 0xC5, 0xAD, 0x88, 0xE8, 0xA0, 0x88, 0xDD, 0xDC, 0x70, 0xCB, 0x41, 0x7A, 0x50, 0xB1,
    0x1E, 0x0A, 0xBB, 0x98, 0xDF, 0x82, 0x99, 0x19, 0x6D, 0xB7, 0x2B, 0x17, 0xDC, 0x82, 0xBC, 0x03,
    0x79, 0x03, 0xF2, 0xFE, 0xFB, 0x00, 0x33, 0x93, 0xCD, 0xAD, 0x72, 0xF6, 0x1B, 0xCF, 0x9B, 0x99,
    0x69, 0x6C, 0x66, 0xCE, 0x77, 0x99, 0x99, 0x6C, 0x65, 0xF2, 0x79, 0x06, 0xF4, 0x88, 0x6C, 0x62,
    0xF6, 0x97, 0xF8, 0x32, 0x2B, 0xEB, 0x32, 0xDB, 0x2A, 0xB2, 0x2D, 0xAB, 0xD6, 0x57, 0x38, 0x75,
    0x07, 0x1E, 0xE4, 0xEC, 0x26, 0xA0, 0x02, 0x35, 0x67, 0x37, 0x77, 0xA9, 0x97, 0x1C, 0xF0, 0x93,
    0x6E, 0xF3, 0x00, 0x72, 0x12, 0x66, 0x94, 0xFA, 0xBD, 0xFB, 0xB6, 0xEF, 0xD8, 0x09, 0x06, 0xFE,
    0x0E, 0x69, 0x26, 0x00, 0x64, 0x1D, 0x78, 0x62, 0x05, 0x9F, 0x55, 0x01, 0x81, 0x27, 0xF8, 0xE8,
    0x8A, 0x2E, 0xE6, 0x69, 0x49, 0xBB, 0x7C, 0xAC, 0x97, 0xDF, 0x9C, 0x43, 0xFB, 0xA1, 0xBA, 0x2E,
    0x41, 0x04, 0xCA, 0xED, 0xA8, 0x02, 0xE6, 0xCF, 0xAD, 0xD7, 0x0A, 0x56, 0xB6, 0x93, 0x18, 0xCD,
    0x54, 0x63, 0x0E, 0xBD, 0x81, 0x5A, 0x6A, 0xF0, 0xB9, 0x4E, 0x09, 0xE6, 0x80, 0xA9, 0x49, 0x8E,
    0xE5, 0xDE, 0x39, 0x3D, 0x01, 0xBA, 0xE8, 0x2E, 0x1A, 0x06, 0x16, 0x76, 0x72, 0xF2, 0x16, 0x9F,
    0x4E, 0x6F, 0xE9, 0xA4, 0x45, 0x74, 0x4D, 0xDD, 0x4C, 0xA0, 0x36, 0x73, 0x66, 0xDF, 0x0D, 0x77,
    0x9B, 0xB5, 0xDC, 0x84, 0x50, 0xDA, 0x48, 0xBF, 0xFD, 0x71, 0x7A, 0xB0, 0x54, 0xDA, 0xF2, 0xF5,
    0x7C, 0xF2, 0x60, 0xF0, 0x1E, 0xDA, 0xA5, 0x2E, 0xEE, 0x7B, 0x47, 0x77, 0x81, 0x83, 0x1C, 0xDD,
    0xA5, 0x19, 0x8B, 0x0D, 0xDB, 0x3B, 0x27, 0x3B, 0x75, 0x79, 0x3E, 0x72, 0x6C, 0xC4, 0x6C, 0x73,
    0xEC, 0xCC, 0x0C, 0x54, 0xD9, 0xE2, 0xDF, 0x52, 0xB7, 0x26, 0x29, 0xF4, 0x0F, 0xDD, 0xA2, 0xCD,
    0x5F, 0xDA, 0x11, 0x83, 0xF9, 0x96, 0x62, 0xFA, 0xD8, 0x2E, 0x1A, 0x66, 0x0A, 0x51, 0xF2, 0x58,
    0xA2, 0x02, 0xC6, 0x18, 0xBE, 0xA1, 0x5F, 0x73, 0xDA, 0x27, 0x84, 0x48, 0xEF, 0x7F, 0x40, 0x26,
    0xE0, 0x7B, 0xBC, 0xDE, 0xD9, 0x00, 0xE3, 0xA7, 0x9C, 0x75, 0xEE, 0xEC, 0x72, 0x58, 0xFA, 0x4B,
    0x5A, 0x32, 0xF2, 0x7E, 0x69, 0x56, 0xB5, 0x54, 0xCE, 0x36, 0xD9, 0xA0, 0xD6, 0x18, 0x7F, 0xA2,
    0xF6, 0x63, 0x2E, 0xF7, 0x4F, 0xEE, 0x23, 0xF1, 0x1B, 0x2E, 0xC0, 0x4F, 0xEA, 0xFF, 0x8B, 0x9D,
    0xF1, 0x76, 0x92, 0xAD, 0x10, 0xCB, 0x43, 0xD4, 0xBF, 0xE9, 0xCB, 0x03, 0x79, 0x8D, 0x68, 0x7F,
    0x40, 0xFA, 0x97, 0xB3, 0x47, 0xF9, 0x33, 0xC2, 0xBF, 0x27, 0xA0, 0x1F, 0x23, 0xFB, 0x3F, 0xEB,
    0x13, 0x10, 0x6C, 0x68, 0x96, 0xD1, 0xB4, 0x33, 0x8A, 0x9F, 0x0D, 0x69, 0x06, 0xAF, 0x5C, 0xA9,
    0x5F, 0xFF, 0x1B, 0xBD, 0xAB, 0xAA, 0x4B, 0x4B, 0x24, 0xE2, 0x92, 0xD5, 0xDB, 0x89, 0x77, 0xD3,
    0x17, 0xE3, 0xBA, 0x0A, 0x38, 0xC5, 0xA2, 0xA3, 0x0B, 0x9E, 0x72, 0xD1, 0x42, 0xDD, 0x4B, 0x47,
    0xDF, 0x81, 0x1D, 0x66, 0x09, 0x8F, 0x00, 0x2D, 0x91, 0xE0, 0xA3, 0xDE, 0xE1, 0x03, 0x2B, 0x8E,
    0x9E, 0x62, 0x8C, 0xDC, 0x6D, 0xBD, 0xC3, 0x96, 0xDA, 0x70, 0x01, 0x24, 0x03, 0x6F, 0x9A, 0x8E,
    0xCC, 0xD9, 0x8E, 0x02, 0xB4, 0x9D, 0xC1, 0x93, 0x0D, 0x3A, 0xBC, 0xD7, 0xA1, 0xA3, 0xA5, 0x40,
    0x0D, 0xCB, 0x37, 0xEE, 0xBF, 0xDE, 0xB1, 0xBB, 0xCC, 0x59, 0x5C, 0x23, 0xE0, 0x6D, 0x63, 0x54,
    0xBB, 0x75, 0xFC, 0xF9, 0xAB, 0xDF, 0x9C, 0x0A, 0xF7, 0xCB, 0xE5, 0xEC, 0xAA, 0x21, 0x2E, 0x77,
    0x5E, 0x73, 0x7B, 0x22, 0x8B, 0xCF, 0x92, 0xA5, 0xE3, 0xDE, 0xFD, 0x2C, 0x5A, 0xAA, 0x5F, 0xE9,
    0xDF, 0xA4, 0xC4, 0x44, 0xF9, 0x9E, 0xC0, 0x84, 0x28, 0x67, 0x81, 0xEB, 0x1A, 0x3D, 0xFF, 0x85,
    0x3C, 0xCB, 0x72, 0xA1, 0x66, 0x18, 0xF8, 0xFE, 0x9E, 0x21, 0x3A, 0x35, 0x27, 0x41, 0xF2, 0xE1,
    0xC9, 0xEE, 0xC3, 0x98, 0x0B, 0x67, 0xB9, 0x7E, 0x4C, 0x7C, 0xE3, 0x2A, 0xBB, 0xAF, 0x4B, 0x81,
    0x1D, 0xAE, 0x69, 0x3C, 0xC9, 0x61, 0x41, 0x0F, 0x10, 0xAE, 0x35, 0x16, 0xBA, 0x2D, 0xEE, 0xB3,
    0xEE, 0x41, 0xCF, 0x78, 0x04, 0xE7, 0xFD, 0x78, 0x46, 0x0B, 0x1E, 0x4A, 0xE9, 0xC0, 0x1B, 0x83,
    0xDE, 0xE5, 0x35, 0x1C, 0xEF, 0x0E, 0x45, 0x5C, 0xEE, 0xD5, 0x1B, 0x1E, 0x4D, 0x65, 0xEB, 0x99,
    0x64, 0x6E, 0x47, 0xD9, 0xB7, 0xC6, 0xB2, 0xE9, 0xCC, 0x99, 0xCA, 0x6E, 0xA6, 0x2B, 0xC8, 0xDF,
    0xD9, 0xF7, 0xB3, 0xC7, 0xD6, 0x54, 0x78, 0x7D, 0x26, 0x54, 0xCA, 0xFC, 0xBA, 0xD7, 0x0B, 0x3F,
    0xF9, 0xE9, 0x16, 0xA8, 0x3F, 0x38, 0x7B, 0x3E, 0x17, 0x13, 0x6C, 0x87, 0x8B, 0x9E, 0xE3, 0x7C,
    0x9E, 0xD5, 0x51, 0xE8, 0x95, 0x64, 0xBC, 0x86, 0x2B, 0x68, 0x2F, 0x8D, 0x42, 0xD3, 0x94, 0x2C,
    0x80, 0xDA, 0x20, 0xD0, 0x41, 0xB1, 0x39, 0xE7, 0x2D, 0xA6, 0x0C, 0x78, 0xA9, 0x01, 0x11, 0x4E,
    0x12, 0x74, 0x4B, 0x37, 0xF2, 0x3C, 0x2B, 0x88, 0x75, 0x20, 0xD6, 0xD2, 0xAE, 0xD4, 0xB7, 0x17,
    0x32, 0xBC, 0x29, 0x65, 0x7D, 0xFB, 0x95, 0x4B, 0xE9, 0xB0, 0xE9, 0x2B, 0x01, 0x92, 0x0F, 0xC3,
    0xBF, 0x83, 0x0C, 0x44, 0x4A, 0x19, 0x59, 0x0B, 0xEF, 0x40, 0xA3, 0xEC, 0x3E, 0x7C, 0x0A, 0x65,
    0x64, 0x6B, 0x68, 0xA9, 0x46, 0x2D, 0x46, 0xEC, 0x8F, 0x7C, 0xC4, 0xE2, 0x5F, 0x36, 0x7F, 0xB3,
    0xB7, 0x0F, 0xA9, 0x52, 0x6E, 0x62, 0x28, 0x20, 0xCF, 0xB6, 0xBB, 0x62, 0x22, 0x9F, 0x5C, 0xDC,
    0xAF, 0x17, 0x08, 0xEB, 0xD9, 0x55, 0x2F, 0x8F, 0x6A, 0x8E, 0x5C, 0x21, 0x6A, 0xC5, 0x2F, 0xBD,
    0xF8, 0xE9, 0x38, 0x06, 0x39, 0x8C, 0x41, 0x8E, 0x62, 0x10, 0xCD, 0xEA, 0x97, 0x2D, 0x1F, 0xC2,
    0x20, 0x47, 0x30, 0xC8, 0x01, 0x0C, 0x72, 0xFC, 0x82, 0xE1, 0xC3, 0x17, 0x0C, 0x1F, 0xBD, 0x80,
    0xDF, 0xF3, 0x63, 0x56, 0xA6, 0x0C, 0xAB, 0xC8, 0xFC, 0x59, 0x9F, 0x67, 0xC9, 0x60, 0xC1, 0x53,
    0x14, 0xF3, 0x27, 0x94, 0xC1, 0xB9, 0x10, 0x43, 0xFC, 0x57, 0xDD, 0x84, 0x75, 0xFD, 0x4D, 0xEB,
    0x99, 0xFD, 0xD6, 0x95, 0xCB, 0x00, 0xA4, 0x08, 0x40, 0x4A, 0x00, 0xA4, 0x00, 0x40, 0xE0, 0xFF,
    0x02, 0xFE, 0x17, 0xE8, 0xBF, 0x00, 0xFF, 0x05, 0xF6, 0x2F, 0xA0, 0x7F, 0x81, 0xFC, 0x0B, 0xE0,
    0x5F, 0xE0, 0xFE, 0x02, 0xF6, 0x17, 0xA8, 0xBF, 0x00, 0xFD, 0x05, 0xE6, 0x2F, 0x20, 0x7F, 0x81,
    0xF8, 0x0B, 0xC0, 0x5F, 0xE0, 0xFD, 0x0C, 0xEE, 0x0F, 0x88, 0xB3, 0xDF, 0x6C, 0x86, 0xEB, 0xB8,
    0x75, 0x15, 0xA4, 0x4B, 0xE6, 0x33, 0xA3, 0x56, 0x32, 0x8A, 0x84, 0xAB, 0x11, 0x00, 0x90, 0x20,
    0x80, 0x18, 0x02, 0x24, 0x18, 0x20, 0x01, 0x01, 0x31, 0xAE, 0x45, 0x50, 0x2D, 0x1E, 0x07, 0x24,
    0x40, 0x20, 0x41, 0x02, 0x79, 0x28, 0x90, 0xC7, 0x02, 0x09, 0x18, 0x48, 0xD0, 0x40, 0x1E, 0x0E,
    0xE4, 0x2B, 0x5D, 0xAB, 0x0F, 0xCC, 0xB0, 0x7E, 0x2A, 0xCF, 0xBC, 0x3C, 0x83, 0x44, 0xFA, 0x4C,
    0x46, 0x2B, 0xCA, 0xB3, 0x92, 0xE1, 0x3F, 0x85, 0xC0, 0x94, 0x96, 0xBB, 0x41, 0x7D, 0x1F, 0x73,
    0xB8, 0x7C, 0x30, 0xD7, 0x9D, 0x53, 0x7B, 0x61, 0x70, 0x16, 0xDA, 0x8F, 0x06, 0x88, 0x05, 0xC6,
    0x58, 0x86, 0x5D, 0xAA, 0x05, 0x8F, 0x5F, 0x85, 0xE2, 0xF0, 0x03, 0xAD, 0x44, 0x12, 0x96, 0x19,
    0x00, 0x33, 0x2B, 0x6A, 0x4A, 0x54, 0xCE, 0x19, 0xE1, 0xC9, 0x29, 0x77, 0x0D, 0x38, 0xE7, 0xC9,
    0xD0, 0x6B, 0x32, 0x1C, 0x10, 0x66, 0xF2, 0x30, 0xDC, 0xE2, 0xE3, 0x10, 0x84, 0xF1, 0x21, 0x6B,
    0x0E, 0x63, 0xB5, 0x8B, 0xDC, 0xC6, 0x33, 0x57, 0x6F, 0xEC, 0x83, 0x06, 0x1F, 0xB3, 0x58, 0xE4,
    0x3E, 0x5C, 0x5F, 0x17, 0x80, 0x9F, 0xBB, 0x76, 0xBB, 0xA9, 0x1F, 0x95, 0x70, 0xEA, 0xCB, 0x2B,
    0x78, 0xF2, 0x4C, 0x63, 0xDF, 0xA3, 0x0A, 0xB1, 0x02, 0x1C, 0xDD, 0x91, 0x12, 0xD0, 0xF8, 0x01,
    0x96, 0x22, 0x20, 0x10, 0xC6, 0xA9, 0xF8, 0x5A, 0xF2, 0xEF, 0xA9, 0x32, 0x88, 0x6A, 0x0F, 0xAB,
    0x77, 0x77, 0xAA, 0x17, 0x1B, 0xED, 0x8C, 0xD7, 0xB6, 0x99, 0xA9, 0x42, 0xAC, 0x98, 0x05, 0x27,
    0xF6, 0x49, 0x5F, 0x7F, 0x07, 0x00, 0x00, 0xD8, 0x15, 0xF0, 0x60, 0xF1, 0xC8, 0xED, 0xC8, 0x68,
    0x59, 0x58, 0x06, 0x46, 0x38, 0x07, 0xEC, 0xE0, 0x6F, 0x63, 0x7A, 0x3D, 0x38, 0x9A, 0x81, 0xC0,
    0x08, 0x7B, 0xA2, 0x6E, 0x30, 0x2B, 0x02, 0x2E, 0x32, 0x3E, 0xC0, 0x25, 0x3D, 0x64, 0xE5, 0x3D,
    0xE2, 0xAB, 0xBB, 0xD9, 0x83, 0xC5, 0x23, 0x7F, 0x4E, 0xCB, 0xDE, 0xFB, 0x7C, 0xB0, 0x6D, 0x77,
    0xC4, 0x49, 0xC9, 0x8E, 0xAF, 0x72, 0x36, 0x94, 0x9C, 0x7D, 0x90, 0x1C, 0x77, 0x98, 0xDF, 0x62,
    0x7D, 0x27, 0x77, 0xE0, 0xA0, 0x4E, 0x67, 0x86, 0xB7, 0xD8, 0x47, 0xDE, 0xEC, 0xF6, 0xC6, 0xE5,
    0xE5, 0x94, 0xEF, 0x85, 0x01, 0x7E, 0x28, 0x18, 0xC7, 0x10, 0x6F, 0xA3, 0xC2, 0x3C, 0x50, 0x34,
    0xE8, 0xE2, 0x27, 0x5C, 0x8C, 0x06, 0xE5, 0x65, 0xDD, 0x5F, 0xE0, 0x20, 0xFF, 0x95, 0xC5, 0x36,
    0x42, 0x26, 0x7B, 0x97, 0xC3, 0xAC, 0x4E, 0xB8, 0x4A, 0x3F, 0xCB, 0x81, 0x33, 0x52, 0xBE, 0x45,
    0xA2, 0xA5, 0xB7, 0xC3, 0xC4, 0xE0, 0x57, 0xCC, 0x6C, 0x88, 0x67, 0x4B, 0x4E, 0x81, 0x86, 0x14,
    0x9A, 0xE3, 0xE2, 0x6B, 0xAC, 0x7C, 0x57, 0x63, 0x39, 0xE8, 0x0B, 0xA8, 0xAB, 0xF2, 0x56, 0x8A,
    0xEB, 0x49, 0x06, 0x8A, 0xB1, 0xC8, 0x55, 0x62, 0x29, 0xF1, 0xB3, 0x5F, 0x3C, 0x27, 0x89, 0x8D,
    0x1C, 0x21, 0x6D, 0x3D, 0xF7, 0x14, 0xEB, 0xFA, 0x60, 0xF1, 0xF1, 0xBF, 0x10, 0x87, 0xF4, 0xAF,
    0xA4, 0x33, 0x84, 0x2B, 0x4A, 0x86, 0xA3, 0xEE, 0xB1, 0xA7, 0x8A, 0x4A, 0x70, 0x09, 0x35, 0xD2,
    0xE3, 0xBF, 0xCE, 0x66, 0x7B, 0x4E, 0x4A, 0x9B, 0xE8, 0xDF, 0x3E, 0x58, 0x51, 0x05, 0xB4, 0x5E,
    0xFD, 0x1E, 0x9E, 0x50, 0xCB, 0xBD, 0x07, 0x56, 0xC3, 0xA7, 0xBC, 0xCB, 0xF9, 0x4A, 0x8C, 0x0D,
    0xAD, 0x78, 0x35, 0xE3, 0x3A, 0xA1, 0x82, 0xC3, 0x82, 0x16, 0x02, 0xED, 0xAA, 0x67, 0x3E, 0xCD,
    0x09, 0x7C, 0xE4, 0x9C, 0xC0, 0xAD, 0x5D, 0x39, 0xC5, 0x40, 0xC1, 0xEA, 0xAC, 0xEB, 0x7C, 0x31,
    0x99, 0xBB, 0xE0, 0xA8, 0x9F, 0xE6, 0x16, 0xA2, 0x9F, 0x74, 0x91, 0x68, 0x9D, 0x72, 0x85, 0x99,
    0xBA, 0xC3, 0xEA, 0xF9, 0xD4, 0xE4, 0x16, 0x93, 0x3B, 0x9B, 0xC9, 0xE4, 0x06, 0x93, 0x91, 0xAF,
    0x39, 0x5F, 0xD3, 0xCD, 0x9C, 0x9D, 0x3B, 0xA7, 0x02, 0x2C, 0xEB, 0xA5, 0xD1, 0x39, 0x5A, 0x63,
    0xF7, 0x1A, 0x84, 0xCE, 0x98, 0xB6, 0x73, 0x3D, 0x91, 0x64, 0xB4, 0x9B, 0x85, 0x43, 0x91, 0xD9,
    0x88, 0xDB, 0xE9, 0xB9, 0x9B, 0xA5, 0xE6, 0x73, 0x1A, 0xCA, 0x29, 0x93, 0xD1, 0x68, 0xF8, 0xAF,
    0x39, 0x8D, 0xD2, 0xDD, 0x7F, 0xB2, 0xC5, 0x10, 0xCC, 0x42, 0x5C, 0x49, 0xC9, 0x35, 0xAD, 0x30,
    0x9A, 0x86, 0x90, 0xEF, 0x39, 0xB5, 0xEB, 0x8E, 0x53, 0xFB, 0x74, 0x6D, 0xDB, 0x9D, 0xDA, 0x31,
    0xBA, 0xBF, 0xEC, 0xDC, 0x41, 0x13, 0xDA, 0xF1, 0x52, 0x69, 0x38, 0xE0, 0xF8, 0x2A, 0x4A, 0x8D,
    0x4F, 0xBB, 0x9C, 0xD0, 0xBD, 0xED, 0x8C, 0xFC, 0x49, 0xED, 0x5E, 0xC9, 0x8A, 0xD8, 0xA5, 0xD5,
    0x6E, 0xB1, 0xCB, 0x86, 0x4D, 0xCF, 0xB0, 0x77, 0x7F, 0x16, 0x51, 0xBE, 0xFC, 0xF7, 0x33, 0xF0,
    0x9F, 0x2F, 0xF8, 0xAD, 0x07, 0x2C, 0xE7, 0xE2, 0xF2, 0x34, 0x38, 0xCA, 0x5E, 0x51, 0x27, 0x38,
    0x1B, 0x4E, 0x34, 0x72, 0x73, 0x2A, 0x1D, 0xE5, 0xF1, 0x40, 0x63, 0xFF, 0xC6, 0xE4, 0x29, 0xA7,
    0x1F, 0x8A, 0x99, 0xCE, 0xD5, 0x6E, 0xEB, 0xA9, 0x80, 0x96, 0xB6, 0x0D, 0x39, 0x23, 0xD0, 0x36,
    0x69, 0x2C, 0xA6, 0x46, 0x80, 0x06, 0xA0, 0x89, 0x47, 0x3C, 0xD4, 0xC6, 0x29, 0x55, 0x3C, 0xAF,
    0x6E, 0x20, 0xE9, 0xD6, 0x0C, 0x78, 0x72, 0x57, 0x4B, 0x7B, 0xB5, 0x1A, 0x32, 0xF3, 0x14, 0xF4,
    0x50, 0x25, 0xDE, 0x43, 0xD2, 0x9F, 0xCE, 0xBF, 0x71, 0xAF, 0x7C, 0xAA, 0x25, 0xC8, 0x62, 0xE3,
    0x0F, 0xCE, 0x82, 0xD9, 0xC2, 0x6F, 0x58, 0x04, 0x6A, 0xDC, 0xF8, 0x5D, 0x03, 0xFD, 0xF0, 0x9A,
    0xE0, 0x2F, 0xE5, 0xFC, 0x0C, 0xCF, 0xF3, 0x16, 0x9A, 0x9B, 0x28, 0xD6, 0xAE, 0x29, 0x09, 0x76,
    0xCB, 0x13, 0x47, 0x5D, 0x34, 0xCB, 0x88, 0x8A, 0xCF, 0xE8, 0x3D, 0xEB, 0xB7, 0xD9, 0x9B, 0x2B,
    0xC1, 0xC1, 0xD3, 0xED, 0x01, 0x7F, 0x95, 0xC7, 0xA6, 0xB4, 0xBC, 0x6C, 0x61, 0x00, 0xAB, 0x96,
    0x0B, 0xD8, 0x77, 0xAC, 0x60, 0x4F, 0x6D, 0xC2, 0xA7, 0x53, 0xC0, 0x92, 0xAD, 0xE8, 0x34, 0xB7,
    0x72, 0x4A, 0x79, 0x30, 0x02, 0xDA, 0x0D, 0xD6, 0xEB, 0xC9, 0x87, 0x54, 0xE8, 0xB4, 0xD0, 0xF1,
    0x1E, 0x9E, 0x2A, 0x6B, 0x9A, 0xA9, 0xB1, 0xF8, 0x81, 0xE5, 0x2B, 0x30, 0xDB, 0x10, 0x51, 0xFC,
    0xD6, 0xD1, 0x62, 0xAD, 0x3D, 0x08, 0x51, 0x92, 0x3E, 0xEE, 0x25, 0x29, 0x0F, 0x2C, 0x15, 0x7D,
    0x41, 0xAA, 0x0E, 0xEF, 0x30, 0x69, 0xBB, 0xC1, 0x43, 0x0D, 0x65, 0x70, 0xA2, 0x41, 0x62, 0xF9,
    0x29, 0xAA, 0x9D, 0x07, 0xDD, 0x22, 0xF6, 0x81, 0xB8, 0x65, 0xFF, 0xF6, 0x0C, 0x41, 0x76, 0x56,
    0x09, 0x19, 0x13, 0x21, 0x7C, 0xE5, 0x2D, 0x74, 0xD8, 0x29, 0xA1, 0x55, 0x09, 0x13, 0xB8, 0x02,
    0x1B, 0x26, 0x70, 0x01, 0x3A, 0xF1, 0xDE, 0xD2, 0x49, 0x70, 0xEE, 0xE7, 0x3B, 0xC7, 0x43, 0xEC,
    0xEA, 0x88, 0xCB, 0xEF, 0x27, 0x16, 0x7B, 0x9A, 0xD0, 0xEA, 0xFB, 0x91, 0xB5, 0xEC, 0x64, 0xC0,
    0xE2, 0xBB, 0x8F, 0x7D, 0x25, 0x78, 0xED, 0x55, 0x1B, 0xB7, 0xA5, 0x80, 0xA5, 0x47, 0x89, 0x23,
    0xE2, 0x09, 0xCC, 0x3B, 0x7E, 0xF4, 0xC2, 0x11, 0x02, 0x4C, 0x29, 0xAD, 0x0C, 0x73, 0x07, 0x22,
    0xA7, 0x63, 0x8D, 0xB9, 0x4B, 0x05, 0xAE, 0xBA, 0x87, 0x76, 0x56, 0x4E, 0xC6, 0xCD, 0xAE, 0x88,
    0xD4, 0xBE, 0xA8, 0x8C, 0xDA, 0xE6, 0x1D, 0x45, 0xE4, 0xBA, 0x48, 0x2E, 0x89, 0x2A, 0xE6, 0xA2,
    0xDA, 0xC5, 0x4A, 0x7A, 0x56, 0x30, 0x56, 0x96, 0x09, 0x42, 0xCC, 0x32, 0xC1, 0xB8, 0x59, 0x79,
    0x37, 0xA2, 0x67, 0x99, 0xBF, 0x84, 0xA1, 0x95, 0x55, 0x8D, 0x60, 0x3C, 0xE4, 0x28, 0xE3, 0x69,
    0x89, 0xA3, 0x8C, 0xAA, 0x35, 0xEC, 0xA7, 0x20, 0xB6, 0x96, 0x38, 0x6A, 0x09, 0x61, 0x4B, 0x1C,
    0xB5, 0x84, 0xB3, 0x25, 0x8E, 0x32, 0xDA, 0x96, 0x38, 0xCA, 0x98, 0x5B, 0xE2, 0x28, 0x23, 0x6F,
    0x89, 0xA3, 0x8C, 0xBF, 0x65, 0x8E, 0x12, 0x0A, 0x97, 0x39, 0x4A, 0x58, 0x5C, 0xE2, 0xA8, 0x20,
    0x72, 0x89, 0xA3, 0x56, 0x87, 0x0C, 0x18, 0x9D, 0x1B, 0x2A, 0x0A, 0x7C, 0xA9, 0x06, 0x23, 0x75,
    0xE5, 0xE1, 0xC6, 0x34, 0x14, 0x24, 0xF6, 0xBA, 0x6F, 0x6D, 0x15, 0xA5, 0xAA, 0x7B, 0x7B, 0x7A,
    0xB2, 0x82, 0xF2, 0x5B, 0xBA, 0x5E, 0x87, 0xC1, 0xF9, 0x34, 0x38, 0xE4, 0x25, 0x5B, 0x4B, 0xC8,
    0xCA, 0x0C, 0xED, 0x6B, 0xE2, 0xE4, 0x0B, 0x8F, 0x03, 0x23, 0xDF, 0x9C, 0x31, 0xB0, 0x88, 0x7C,
    0x7C, 0x73, 0xBE, 0x4F, 0x67, 0xE4, 0x39, 0x36, 0x82, 0x1A, 0xEC, 0x5B, 0xE2, 0x22, 0x1E, 0xC2,
    0x74, 0x22, 0x26, 0xD2, 0x98, 0x57, 0xE5, 0xEC, 0xBB, 0x4A, 0xD1, 0xB8, 0x65, 0x0E, 0xCE, 0xD2,
    0x42, 0x8D, 0xC6, 0x07, 0xAF, 0xC8, 0x6C, 0x09, 0xB7, 0x0A, 0x11, 0x0B, 0x5F, 0xC2, 0xBF, 0x86,
    0x5A, 0xCA, 0xF4, 0x50, 0xDC, 0xD2, 0xA1, 0xE1, 0x4E, 0x99, 0x99, 0x28, 0x31, 0x3E, 0xDC, 0x89,
    0x85, 0xE7, 0x95, 0x34, 0x79, 0x7C, 0xA2, 0x9E, 0xAC, 0x73, 0xE4, 0x1B, 0x54, 0xAE, 0x60, 0x07,
    0x25, 0xE4, 0x5C, 0xFE, 0x2E, 0x8B, 0x05, 0xFC, 0xB0, 0x6F, 0xCD, 0x37, 0xD4, 0x3A, 0x07, 0xB9,
    0x07, 0x39, 0xAB, 0x5F, 0x5A, 0x59, 0x87, 0x3F, 0x86, 0x48, 0x75, 0x67, 0x02, 0x07, 0x4B, 0x88,
    0x45, 0x33, 0x0F, 0x17, 0xC0, 0xF0, 0x9E, 0x78, 0x73, 0x43, 0x97, 0x8E, 0x13, 0x36, 0xC8, 0x21,
    0x44, 0x9D, 0x3D, 0x50, 0x45, 0xD3, 0x23, 0x82, 0xF7, 0x83, 0x7D, 0x43, 0x08, 0x03, 0x75, 0xB4,
    0x74, 0xB6, 0xBB, 0xCF, 0x0B, 0x1D, 0x4A, 0xAF, 0xE8, 0x46, 0x79, 0xCD, 0xF7, 0x7A, 0x55, 0x6C,
    0xDE, 0xE8, 0x95, 0x06, 0x94, 0x7A, 0xFC, 0x7B, 0xBD, 0x8D, 0x90, 0x4F, 0x37, 0xF1, 0x21, 0x85,
    0x75, 0xD4, 0x26, 0xDF, 0xF4, 0x31, 0xAB, 0xE2, 0xB8, 0xE4, 0xD7, 0xAF, 0x25, 0xA4, 0x2E, 0x1E,
    0x95, 0x74, 0x8B, 0x9E, 0xD4, 0x9C, 0xC6, 0x01, 0xF6, 0xEE, 0x5F, 0xA2, 0xAF, 0x75, 0x9C, 0x92,
    0x40, 0xBC, 0x9B, 0xA1, 0x97, 0x91, 0xE3, 0x8F, 0xFC, 0xEA, 0xC6, 0x73, 0x1E, 0x4B, 0x74, 0x1E,
    0x09, 0x19, 0xDC, 0xA2, 0xE8, 0x0C, 0xE2, 0x02, 0xDA, 0xC2, 0x3D, 0x77, 0x9F, 0x0A, 0xE7, 0xDC,
    0x4C, 0xBD, 0x33, 0x54, 0x83, 0xB3, 0x24, 0xB1, 0x03, 0x27, 0xCC, 0x55, 0x39, 0x96, 0x73, 0x8D,
    0x3D, 0xAE, 0x68, 0xB6, 0x4A, 0x38, 0x96, 0xDE, 0x0E, 0xD4, 0x8C, 0xEE, 0xA9, 0x16, 0x8F, 0xA4,
    0xB1, 0x2F, 0xC2, 0x79, 0xCF, 0xA9, 0x78, 0xB7, 0xFD, 0x4A, 0x07, 0x4A, 0x11, 0x5F, 0x31, 0x0A,
    0x82, 0x07, 0xCA, 0xD2, 0xAC, 0x81, 0x02, 0xA3, 0xBF, 0xD3, 0xBC, 0x11, 0x1E, 0x07, 0xCD, 0xB0,
    0xE7, 0xC5, 0xF9, 0xE9, 0x4E, 0xE1, 0xA8, 0x88, 0xCC, 0x3E, 0xC8, 0xAD, 0x3E, 0xF4, 0x08, 0x8D,
    0x44, 0x55, 0x02, 0x5E, 0x5B, 0x3B, 0xEB, 0x56, 0x61, 0x49, 0x4F, 0xD0, 0x9E, 0xE8, 0xE7, 0x3C,
    0xA6, 0x74, 0x0E, 0x66, 0xBD, 0xE6, 0x6A, 0xF1, 0xCF, 0x1F, 0x9A, 0xCB, 0x96, 0x9C, 0xF7, 0x86,
    0xC2, 0xE4, 0x1D, 0xC1, 0x7A, 0xBB, 0x46, 0x1A, 0x85, 0x61, 0x8E, 0xBA, 0xC0, 0xC4, 0x64, 0x45,
    0x24, 0x0B, 0x7F, 0x88, 0xFB, 0x78, 0x8B, 0x0E, 0x2E, 0x87, 0x09, 0x26, 0x9D, 0x93, 0x61, 0x7C,
    0x50, 0x21, 0xDA, 0x74, 0xEE, 0x3B, 0x0E, 0xE3, 0x8D, 0xBA, 0x1F, 0x61, 0xAC, 0xCA, 0x5B, 0x75,
    0x35, 0xD6, 0xEC, 0x78, 0xB3, 0x0E, 0x5C, 0x98, 0x23, 0xD8, 0x75, 0x78, 0xF0, 0x76, 0x30, 0xEC,
    0xB0, 0xEB, 0xDC, 0xE8, 0x2D, 0x3B, 0x30, 0xEC, 0xD0, 0x59, 0xA6, 0xC9, 0x4C, 0xDC, 0x06, 0xB0,
    0x7B, 0xB0, 0xED, 0x72, 0xF7, 0xBD, 0x7D, 0x17, 0x36, 0x61, 0x37, 0x1F, 0xB5, 0xD5, 0xC6, 0xDD,
    0xA1, 0x8D, 0xB6, 0xE4, 0x38, 0x22, 0xAB, 0x0D, 0x4F, 0x80, 0x89, 0x1E, 0x5F, 0x93, 0x6E, 0x73,
    0xFF, 0x91, 0xB9, 0x25, 0xCD, 0x63, 0x34, 0x78, 0xEF, 0xA5, 0x5A, 0x1D, 0xD3, 0x8C, 0x13, 0xF6,
    0x74, 0x40, 0x0B, 0x4B, 0xF0, 0x8B, 0x31, 0xC3, 0xA2, 0xDC, 0x05, 0x39, 0xEC, 0xD5, 0x08, 0xE5,
    0x87, 0x78, 0x2E, 0x3C, 0x8A, 0x98, 0x27, 0xC3, 0x63, 0x89, 0xD9, 0x84, 0x14, 0x44, 0xB1, 0x98,
    0xD8, 0x82, 0x2B, 0xA6, 0xF9, 0xF8, 0x7F, 0x1E, 0x5D, 0xCC, 0x7A, 0xD9, 0x63, 0x8C, 0x69, 0x46,
    0x02, 0xD2, 0x98, 0xA7, 0xC4, 0xE3, 0x8D, 0xD9, 0x0C, 0xF4, 0xA8, 0x63, 0x9A, 0x94, 0x80, 0x3D,
    0xA6, 0x59, 0x09, 0x08, 0x64, 0x46, 0x00, 0x78, 0x1C, 0x32, 0xCD, 0x4B, 0x40, 0x23, 0xAB, 0x10,
    0xA0, 0x4A, 0xAA, 0x28, 0x64, 0xB2, 0xDF, 0x71, 0x91, 0x3E, 0x2E, 0x2E, 0x40, 0xC9, 0xEA, 0x33,
    0xFA, 0x4C, 0x18, 0x86, 0xCF, 0x57, 0x5F, 0xA4, 0xE0, 0x3B, 0xFA, 0xB7, 0xAA, 0x43, 0xAA, 0x12,
    0x74, 0x94, 0x98, 0x67, 0x85, 0xE7, 0xB5, 0x5F, 0xE5, 0x4F, 0xB6, 0xC7, 0x90, 0x6B, 0xF0, 0x50,
    0x8B, 0x20, 0xD4, 0xE3, 0x56, 0x9F, 0x61, 0x2F, 0xEE, 0x97, 0x87, 0xE7, 0xEF, 0xB9, 0x3D, 0x74,
    0x9C, 0x6B, 0xDE, 0x5C, 0x25, 0xD9, 0x63, 0x19, 0xCA, 0xCB, 0x7E, 0xAF, 0x97, 0xAC, 0xAB, 0xF1,
    0xE6, 0x03, 0xB4, 0xC3, 0xE3, 0xDD, 0x87, 0x87, 0x25, 0xE0, 0x3C, 0x63, 0x3C, 0x64, 0xC0, 0x29,
    0x46, 0x14, 0xCB, 0x90, 0x72, 0x2F, 0x27, 0x58, 0x1E, 0x96, 0xB1, 0x2D, 0x6E, 0x2E, 0x1B, 0x6E,
    0xF0, 0x03, 0x5D, 0x99, 0x66, 0x3E, 0xBA, 0x90, 0x76, 0x18, 0xB4, 0x17, 0x3A, 0xFC, 0x9D, 0x09,
    0xC7, 0xDD, 0x27, 0x8A, 0x89, 0x95, 0x1C, 0xA1, 0x33, 0xA7, 0x6A, 0xBD, 0xD2, 0x04, 0x85, 0x52,
    0xDC, 0xC6, 0xF9, 0xF2, 0xA7, 0x68, 0x01, 0x5A, 0x5E, 0x6D, 0xEE, 0x10, 0x1D, 0x81, 0xD6, 0x9B,
    0x27, 0x22, 0x62, 0x9F, 0x4E, 0x7F, 0x7F, 0x75, 0xF5, 0x4B, 0xB3, 0xED, 0x5C, 0x85, 0xDE, 0xD5,
    0xE5, 0xE3, 0xBC, 0xAE, 0x20, 0x44, 0x39, 0xE5, 0x8B, 0x10, 0x3D, 0xCE, 0xBB, 0xB9, 0xFC, 0xCE,
    0x18, 0xE4, 0x6A, 0xF9, 0xFA, 0x1C, 0x1C, 0xE5, 0xF2, 0xB5, 0x2D, 0xF8, 0xC9, 0xD5, 0xB0, 0x07,
    0x37, 0xB9, 0x86, 0x93, 0xA2, 0xD8, 0x51, 0x21, 0x8F, 0x8B, 0x1D, 0x15, 0xA7, 0xDF, 0x1A, 0xB1,
    0x65, 0xC0, 0xE3, 0xF3, 0x8A, 0x11, 0xDC, 0x30, 0xD0, 0x52, 0xB8, 0x65, 0xEF, 0x33, 0xDE, 0x94,
    0xF6, 0x2B, 0x74, 0x04, 0x1D, 0x04, 0xE9, 0x7E, 0x70, 0x38, 0x19, 0x76, 0x6A, 0xF7, 0x40, 0xF9,
    0x6A, 0x68, 0xF8, 0x9C, 0x94, 0x89, 0x1D, 0x5A, 0xE9, 0x2C, 0xCA, 0xFD, 0x85, 0x9A, 0x58, 0x7D,
    0x8A, 0xAF, 0xBD, 0x72, 0x82, 0x12, 0x1D, 0x9E, 0x1D, 0xF8, 0xD6, 0x5E, 0x1E, 0x4A, 0x86, 0xC9,
    0x7F, 0x17, 0x0D, 0x8B, 0xC3, 0x1F, 0xC5, 0xE7, 0x9C, 0x62, 0xEC, 0x56, 0x4A, 0x56, 0x29, 0x6F,
    0xC7, 0xD4, 0x52, 0x13, 0xE8, 0xFF, 0x42, 0xAD, 0x14, 0xE7, 0x6E, 0x48, 0x28, 0x07, 0x57, 0x0F,
    0x25, 0x9E, 0x64, 0x8D, 0xEC, 0x72, 0xFF, 0xB3, 0xCC, 0xAC, 0x72, 0xA8, 0xB1, 0xB1, 0x29, 0xEA,
    0x66, 0x3C, 0x5C, 0xC5, 0x6D, 0xA4, 0xB6, 0xB0, 0x07, 0x3A, 0x91, 0x6B, 0x31, 0xC1, 0xD1, 0xD5,
    0x30, 0x59, 0x4B, 0x09, 0x95, 0xEB, 0xD8, 0x5E, 0x61, 0x46, 0x70, 0x29, 0xA9, 0x72, 0x3A, 0x64,
    0x70, 0xF2, 0x21, 0x4E, 0x5E, 0x4A, 0xEA, 0xAC, 0x6A, 0x3C, 0xA8, 0xBA, 0x95, 0x55, 0x7F, 0xDF,
    0x06, 0x0E, 0x6D, 0xC1, 0x92, 0x98, 0x82, 0x11, 0x61, 0xCC, 0x87, 0x71, 0x3A, 0xD4, 0x62, 0xBD,
    0x30, 0x26, 0xA7, 0xC3, 0xE7, 0x87, 0xAD, 0x74, 0x00, 0x21, 0xA7, 0x63, 0x36, 0xCA, 0xE9, 0x30,
    0xCA, 0xE9, 0x30, 0x91, 0xD3, 0x61, 0x7F, 0x0D, 0xA7, 0xA3, 0x53, 0x4E, 0x87, 0x0D, 0x4E, 0x87,
    0x0F, 0x58, 0x9D, 0x39, 0x1D, 0xF5, 0x15, 0xA7, 0xC3, 0x5E, 0x77, 0x3A, 0xD4, 0xE6, 0x8A, 0x88,
    0x36, 0xDE, 0xDF, 0xAC, 0x82, 0x09, 0xC3, 0x4D, 0x04, 0x23, 0xB9, 0x89, 0x60, 0x3C, 0x37, 0x4F,
    0x08, 0xA1, 0xBA, 0xFD, 0x92, 0x97, 0x75, 0x66, 0x04, 0xE1, 0x4D, 0x8C, 0x65, 0x9C, 0x37, 0x71,
    0x96, 0xD1, 0xDE, 0x6C, 0xED, 0x12, 0xE6, 0x9B, 0x4D, 0x5D, 0x42, 0x7E, 0x13, 0x73, 0xDF, 0x22,
    0x23, 0x91, 0xB8, 0xCB, 0x28, 0x70, 0x62, 0x2F, 0x63, 0xC1, 0x79, 0x0B, 0x13, 0x22, 0x5C, 0x8E,
    0x87, 0x27, 0x5C, 0xB8, 0x7F, 0x74, 0xBF, 0x85, 0x85, 0xF0, 0xAE, 0x48, 0x35, 0x28, 0x4F, 0x24,
    0x12, 0x6B, 0x9F, 0x20, 0xF1, 0x41, 0xB8, 0x6F, 0x8D, 0xD3, 0x83, 0x0D, 0x8C, 0x4D, 0x29, 0xED,
    0xD4, 0xFC, 0x0C, 0xD1, 0x68, 0x8F, 0x40, 0x54, 0xC0, 0x7C, 0xF3, 0x29, 0xC0, 0x6E, 0xD3, 0xCE,
    0xB4, 0x63, 0x8B, 0x99, 0x58, 0x43, 0xFD, 0xF6, 0xF1, 0x8A, 0x89, 0x51, 0x6C, 0x6F, 0x39, 0x73,
    0x2C, 0x7F, 0x86, 0xDE, 0x2B, 0x94, 0x86, 0x81, 0xEB, 0x33, 0x6D, 0xC2, 0x1D, 0x9A, 0x33, 0x68,
    0xAC, 0xCA, 0x6D, 0xC5, 0xB0, 0xA5, 0xCA, 0x0A, 0xB3, 0xD7, 0x9D, 0xD2, 0x05, 0xDB, 0x52, 0x4E,
    0xA4, 0x04, 0x30, 0x84, 0x8A, 0x4D, 0x09, 0x5B, 0x5A, 0xA1, 0xCE, 0x2B, 0xBF, 0xCF, 0xA5, 0xD4,
    0x17, 0x1A, 0xA3, 0x2A, 0x43, 0x63, 0xB8, 0x90, 0x51, 0x91, 0xC7, 0xE4, 0xD5, 0x46, 0x88, 0x6F,
    0x22, 0x18, 0xF7, 0xCD, 0xB1, 0x57, 0x42, 0x7F, 0x4B, 0x18, 0xA6, 0xD8, 0xFC, 0x04, 0x32, 0x12,
    0xDC, 0x6B, 0x2C, 0x44, 0x33, 0xD3, 0x6A, 0x23, 0x54, 0x38, 0xAD, 0x36, 0xC6, 0x86, 0xD3, 0x6A,
    0x7B, 0x91, 0x10, 0xE2, 0xB4, 0xDA, 0x7E, 0x44, 0x38, 0x71, 0xAF, 0x30, 0x96, 0x5C, 0x5C, 0x2A,
    0xC1, 0x8C, 0xD3, 0x66, 0x66, 0xE4, 0x38, 0xED, 0x66, 0xC1, 0x8F, 0xB7, 0x9C, 0x6B, 0xC0, 0x8F,
    0x5E, 0x50, 0x4C, 0x11, 0x6E, 0x84, 0x56, 0x1B, 0x23, 0xCA, 0xF9, 0xFE, 0x18, 0x57, 0xFE, 0x3C,
    0x8B, 0x7F, 0x8D, 0xC2, 0x64, 0x8C, 0x39, 0xEF, 0xA6, 0xF7, 0x66, 0xED, 0xD7, 0xCF, 0x3A, 0x98,
    0x15, 0xE9, 0xF4, 0xEB, 0xDD, 0x9B, 0xE6, 0xAB, 0x2E, 0xED, 0xE5, 0xE1, 0x15, 0xED, 0xA1, 0x15,
    0x89, 0xB3, 0xA5, 0xBE, 0xE3, 0x86, 0xFF, 0x87, 0x18, 0x0A, 0x47, 0xCC, 0x58, 0x66, 0x27, 0x74,
    0xB8, 0x18, 0x88, 0x99, 0x03, 0xF4, 0x21, 0x45, 0x56, 0x56, 0x43, 0xB3, 0xF5, 0xC4, 0xC8, 0xF2,
    0x15, 0xC8, 0xB9, 0x93, 0x22, 0x79, 0xFD, 0xA0, 0x66, 0x75, 0xEE, 0x73, 0xDF, 0x81, 0xA8, 0x14,
    0xB2, 0x10, 0xCC, 0xE8, 0x8D, 0x18, 0x58, 0x52, 0x39, 0x69, 0x83, 0xCD, 0x49, 0xA8, 0x36, 0x8A,
    0x16, 0x2B, 0x5A, 0x9B, 0xCF, 0x63, 0xFA, 0xF8, 0x8A, 0x0D, 0xAA, 0x8C, 0x08, 0x35, 0xDC, 0xCF,
    0x5C, 0x8F, 0x5B, 0x76, 0x4E, 0xF3, 0xC4, 0xB9, 0x92, 0xE5, 0x13, 0xCA, 0x95, 0xE4, 0x2B, 0xE7,
    0x4A, 0x0E, 0xA8, 0xE5, 0xDD, 0xBD, 0x04, 0x07, 0xE9, 0x78, 0xDF, 0xEE, 0x07, 0xE6, 0x4A, 0x12,
    0xEA, 0x58, 0x80, 0xB9, 0x12, 0xEC, 0x99, 0x91, 0x61, 0xAE, 0x04, 0x9F, 0x9A, 0x72, 0x25, 0x9B,
    0xE4, 0x4A, 0x04, 0x47, 0x27, 0x23, 0xC8, 0x95, 0xD0, 0x08, 0x73, 0x25, 0x9C, 0x5A, 0xDA, 0x64,
    0xE4, 0x3C, 0x12, 0x79, 0xA6, 0x66, 0x97, 0x1A, 0xDD, 0x62, 0x37, 0xFF, 0x5D, 0xE5, 0x4A, 0xB4,
    0xD9, 0x76, 0xBA, 0x4E, 0x28, 0xAE, 0x6A, 0x75, 0x72, 0x8B, 0x60, 0x83, 0x8E, 0x08, 0x36, 0xE8,
    0x38, 0xE2, 0x8E, 0x9F, 0xD3, 0xA1, 0xE8, 0x61, 0x4D, 0x6B, 0x31, 0x04, 0xCF, 0xDA, 0xC0, 0xCD,
    0x02, 0xD9, 0x70, 0xE0, 0x20, 0x2F, 0xF7, 0x77, 0x6F, 0xD0, 0x41, 0x9F, 0x15, 0x0A, 0xE2, 0x83,
    0x27, 0x76, 0xC2, 0xC3, 0x0F, 0xD9, 0x0D, 0x6B, 0x49, 0xF1, 0x91, 0x0F, 0xC6, 0x11, 0x2B, 0x32,
    0xE8, 0x46, 0xB2, 0x34, 0x70, 0x27, 0x56, 0x2B, 0xDF, 0xE8, 0xF3, 0x86, 0xBA, 0x16, 0xFA, 0xBB,
    0x4E, 0x77, 0xFD, 0x08, 0x7F, 0xFB, 0x41, 0x0F, 0xF7, 0x64, 0xC4, 0x6F, 0x27, 0xB3, 0x71, 0x78,
    0x3E, 0x0F, 0x3C, 0x68, 0x86, 0x1A, 0xB3, 0xE8, 0xA6, 0x7C, 0xD6, 0xA9, 0x77, 0xCC, 0x6C, 0x40,
    0x50, 0x17, 0xBF, 0xBD, 0x5F, 0xEE, 0x61, 0xAE, 0x03, 0xC1, 0xED, 0xB6, 0xA5, 0x08, 0x57, 0x87,
    0xDE, 0x8F, 0x05, 0xFD, 0xD3, 0xE2, 0x4A, 0x2D, 0x77, 0x1C, 0x3C, 0xDD, 0x39, 0x45, 0x44, 0x39,
    0x26, 0xCB, 0x99, 0x8D, 0x5A, 0x12, 0x1A, 0xCD, 0xCC, 0x03, 0x6A, 0x5A, 0x6B, 0x54, 0x29, 0xF8,
    0xBF, 0xBF, 0x15, 0x73, 0xFB, 0xA0, 0xF5, 0x15, 0xF5, 0x4B, 0xF3, 0x04, 0x19, 0xBA, 0x89, 0xFD,
    0xAE, 0x98, 0xBA, 0x16, 0xCE, 0xA3, 0x3D, 0x79, 0x63, 0x37, 0xE1, 0x33, 0xE3, 0x41, 0x3D, 0x4D,
    0xC9, 0x76, 0x9F, 0x43, 0xEF, 0x73, 0x0D, 0x85, 0xF1, 0xFD, 0x89, 0x14, 0x28, 0x1E, 0x56, 0x52,
    0x4B, 0x08, 0x0D, 0x88, 0x82, 0x45, 0x7E, 0x61, 0xBF, 0x42, 0x3D, 0xC0, 0x10, 0x50, 0x80, 0x07,
    0x8F, 0xCC, 0x68, 0xFA, 0x16, 0x76, 0x4C, 0xB8, 0x6D, 0x34, 0x1C, 0x3E, 0x88, 0x5D, 0xA2, 0xA9,
    0x49, 0x56, 0x33, 0x41, 0x75, 0xA8, 0x45, 0x03, 0x18, 0x62, 0xA0, 0x40, 0x0C, 0x9C, 0x11, 0x73,
    0xA2, 0x4F, 0xFA, 0x79, 0xDD, 0xB3, 0xF0, 0xD1, 0xC1, 0xDA, 0xFF, 0x27, 0xDD, 0x9C, 0x53, 0x1F,
    0x2F, 0x92, 0x46, 0xAE, 0x7C, 0x73, 0xF5, 0x40, 0xB2, 0x0B, 0x90, 0xF2, 0xBB, 0x51, 0xCB, 0x7B,
    0x10, 0x67, 0x22, 0xCC, 0x44, 0x94, 0xB1, 0x20, 0x13, 0x31, 0x26, 0x42, 0x4C, 0x44, 0x98, 0x24,
    0x7B, 0x25, 0xD5, 0xEB, 0x13, 0xBD, 0x98, 0xE6, 0xDD, 0x39, 0xC9, 0x1B, 0xC4, 0x16, 0x27, 0x78,
    0x45, 0x64, 0x71, 0xFE, 0x7E, 0x17, 0x71, 0x25, 0xC2, 0xCA, 0x8B, 0x2A, 0x11, 0x54, 0x22, 0xA6,
    0x44, 0x48, 0x19, 0x05, 0x77, 0x81, 0x2F, 0x8D, 0x42, 0xB2, 0xD3, 0x5D, 0x94, 0x79, 0xF2, 0x1F,
    0x0E, 0xD3, 0x82, 0x4D, 0x10, 0x82, 0xB4, 0x6E, 0x71, 0x60, 0x47, 0x78, 0x0A, 0xD1, 0xC2, 0x8A,
    0xF1, 0x56, 0xEB, 0xC9, 0x19, 0x60, 0x76, 0xF2, 0xE1, 0x59, 0x67, 0x80, 0x58, 0x15, 0x9C, 0xB5,
    0xF6, 0xB5, 0xD9, 0x87, 0x66, 0x73, 0x0B, 0xAD, 0x31, 0x24, 0x30, 0x6B, 0xFA, 0x29, 0x5D, 0x43,
    0x58, 0x96, 0xB4, 0x1A, 0x59, 0x13, 0x3B, 0x53, 0x64, 0x4E, 0x58, 0x0E, 0x6D, 0x70, 0x40, 0x76,
    0xE0, 0x1C, 0xCA, 0xF3, 0xA2, 0xFF, 0x83, 0xDA, 0x07, 0xDE, 0xF8, 0x16, 0x51, 0x54, 0x25, 0x31,
    0x44, 0xAB, 0x41, 0xA7, 0x67, 0xA3, 0xB0, 0x35, 0xF6, 0xA0, 0xE8, 0x2F, 0x1D, 0x2B, 0xA7, 0x87,
    0xE2, 0x8B, 0x48, 0x38, 0xF7, 0xF6, 0xB0, 0x38, 0xFC, 0xB0, 0x71, 0x72, 0xE5, 0x4D, 0x1A, 0xBA,
    0xEF, 0x02, 0x3D, 0x8A, 0xCE, 0x76, 0x6A, 0x79, 0x48, 0x36, 0x2C, 0x0D, 0xD1, 0xF1, 0xA4, 0xE1,
    0x02, 0xB1, 0x17, 0x79, 0x81, 0x0C, 0x71, 0x85, 0xF1, 0xE7, 0xC2, 0x9D, 0xF2, 0x10, 0x20, 0x16,
    0x3C, 0xAC, 0x16, 0x3F, 0xCC, 0xD8, 0x14, 0x1C, 0xD0, 0x23, 0x00, 0xF8, 0x90, 0xDC, 0xA4, 0x5B,
    0xFB, 0x7E, 0x98, 0xC2, 0xC1, 0x2E, 0xBC, 0x01, 0x6A, 0x61, 0xD3, 0xC1, 0xA7, 0xE5, 0xA1, 0x93,
    0xE2, 0x83, 0x33, 0x8E, 0xE5, 0x72, 0x68, 0x4A, 0x79, 0xF2, 0x1E, 0x7F, 0x82, 0x05, 0xFE, 0xFD,
    0xA5, 0x0C, 0x81, 0x1E, 0x7A, 0x23, 0x24, 0xA0, 0x67, 0xBD, 0xCD, 0x42, 0xFD, 0xA8, 0x19, 0x38,
    0x8B, 0xF6, 0x23, 0x41, 0x67, 0xB1, 0x12, 0x85, 0xC0, 0xB3, 0x60, 0x03, 0x31, 0x7C, 0x96, 0x0E,
    0x27, 0x46, 0x00, 0x2D, 0x9B, 0xFC, 0x00, 0xA1, 0xA5, 0x9E, 0x7B, 0x08, 0xA2, 0x25, 0xAB, 0x15,
    0x61, 0xB4, 0xD4, 0x80, 0x02, 0x81, 0xB4, 0xE0, 0x47, 0x1E, 0xE1, 0xDB, 0x18, 0x4C, 0x0B, 0xCB,
    0x8B, 0xE1, 0xB4, 0x30, 0x64, 0x40, 0x2D, 0x62, 0xF3, 0x97, 0x70, 0x93, 0xCF, 0xF8, 0x17, 0xC8,
    0xFD, 0x86, 0x61, 0xBE, 0xFA, 0xA1, 0x6F, 0x71, 0x79, 0x24, 0x7E, 0xAF, 0x1D, 0xA1, 0x87, 0xA1,
    0x6A, 0x62, 0x78, 0x1E, 0xE9, 0x7F, 0x62, 0x11, 0x25, 0x57, 0x67, 0x76, 0x17, 0x0B, 0x36, 0x40,
    0xD9, 0x1A, 0x2C, 0x6B, 0xA4, 0xA0, 0x60, 0xE2, 0x78, 0xB4, 0x97, 0x3B, 0x15, 0xEF, 0xA4, 0x3B,
    0x77, 0xF2, 0xC7, 0x6B, 0xA6, 0xAF, 0x14, 0x90, 0xE3, 0x96, 0xF0, 0xD8, 0x13, 0x7E, 0xA5, 0x6B,
    0x75, 0xD6, 0x3B, 0x0A, 0x35, 0xD4, 0xCE, 0x21, 0xC5, 0xDB, 0x57, 0x62, 0x09, 0x7C, 0x6F, 0xFB,
    0x05, 0x4B, 0x22, 0xD3, 0x09, 0xCD, 0x9D, 0xFC, 0x21, 0x14, 0x79, 0xF6, 0xFD, 0x56, 0xF0, 0x75,
    0xF9, 0x7E, 0x86, 0x3F, 0x09, 0xA2, 0xEB, 0xFC, 0x1A, 0x9B, 0xAC, 0x47, 0x40, 0x55, 0x0B, 0xA8,
    0x9A, 0x97, 0x05, 0xE9, 0x7F, 0x9C, 0x8F, 0x66, 0xAB, 0x0E, 0xBF, 0x1A, 0x64, 0x29, 0x80, 0x68,
    0xC6, 0xC9, 0xDF, 0x19, 0x4D, 0x2D, 0x18, 0xEA, 0x9E, 0x01, 0xD3, 0x15, 0x9F, 0x93, 0x9E, 0x4E,
    0xFC, 0x7D, 0xC5, 0x91, 0x6C, 0x84, 0xDE, 0xFE, 0x99, 0x3D, 0x38, 0xF6, 0x01, 0x45, 0xC1, 0x47,
    0x6E, 0x5F, 0xA0, 0xFA, 0x28, 0x84, 0xD2, 0x42, 0xA5, 0xB1, 0xC1, 0xDF, 0xD3, 0x15, 0x61, 0xCB,
    0x07, 0xC7, 0x1D, 0x0F, 0x0E, 0xF2, 0xE0, 0xFD, 0x9F, 0xB9, 0xBE, 0x26, 0xCA, 0x92, 0x6D, 0x31,
    0xC1, 0x8F, 0x3F, 0xA6, 0xF6, 0x81, 0xE7, 0xC5, 0x56, 0x39, 0x2D, 0xE4, 0x19, 0xD3, 0xA9, 0x72,
    0x9B, 0xDE, 0xB6, 0x21, 0xB5, 0x07, 0xD0, 0x83, 0x5D, 0x69, 0xC4, 0xCC, 0x27, 0xE4, 0x0B, 0x6A,
    0xC8, 0x4E, 0x86, 0x26, 0x84, 0x4F, 0x76, 0x31, 0x34, 0x4B, 0xEA, 0xC1, 0x4F, 0x91, 0xC3, 0xFA,
    0xE0, 0x4E, 0xDA, 0x4E, 0x7E, 0xFF, 0xD0, 0x36, 0x23, 0xCD, 0x32, 0x04, 0xFE, 0xF7, 0xD2, 0x12,
    0x01, 0x86, 0xE6, 0x92, 0x59, 0x7A, 0x19, 0x19, 0x9A, 0x3D, 0x2C, 0x82, 0x10, 0x58, 0xD9, 0x55,
    0xD8, 0x01, 0x35, 0xE9, 0xAA, 0x88, 0xE0, 0xF2, 0xED, 0x2A, 0xEC, 0x10, 0x1F, 0xE9, 0xFA, 0x09,
    0x12, 0x1F, 0x12, 0x41, 0x02, 0x92, 0xD4, 0xE7, 0xDF, 0x20, 0x1D, 0xE6, 0x09, 0xB0, 0x03, 0x81,
    0x20, 0xF6, 0x62, 0xEB, 0x1B, 0x61, 0x6F, 0x62, 0xF1, 0xB4, 0x6C, 0xB6, 0xD7, 0xEA, 0xBD, 0x94,
    0x88, 0xD9, 0xE8, 0xD6, 0xE9, 0x8B, 0xA2, 0x1E, 0xC7, 0x0A, 0x95, 0x31, 0xFB, 0xD9, 0x76, 0x2D,
    0x88, 0x70, 0xEC, 0xC5, 0xE3, 0x8E, 0x26, 0x61, 0xEF, 0x8A, 0x7D, 0x6D, 0x38, 0xC5, 0x35, 0xD1,
    0xED, 0x70, 0x82, 0xEB, 0x01, 0xB5, 0xD5, 0xA2, 0x7E, 0x44, 0x3B, 0x23, 0x8A, 0x31, 0x22, 0xC8,
    0xE7, 0x71, 0x3F, 0x4F, 0x1E, 0xF3, 0xA2, 0x4F, 0x1B, 0xB3, 0x3A, 0x9F, 0x68, 0xDF, 0x98, 0xAE,
    0x64, 0x8C, 0x73, 0x4D, 0x24, 0x91, 0xD5, 0x10, 0xF5, 0xBB, 0xAE, 0xA6, 0xD8, 0xF4, 0xB8, 0x4E,
    0xA8, 0x4A, 0x8C, 0xC3, 0x47, 0xE6, 0x4E, 0x81, 0xF8, 0x63, 0x4B, 0xBB, 0x86, 0x38, 0x4A, 0xB0,
    0x61, 0xE1, 0xE8, 0x9E, 0xD3, 0x7E, 0x47, 0x8E, 0x76, 0xF5, 0x71, 0xF8, 0x50, 0x77, 0xD3, 0xF0,
    0xCE, 0xC7, 0xC8, 0x85, 0xA5, 0x83, 0x6E, 0x30, 0xD4, 0x5D, 0x6D, 0xD9, 0xE1, 0x43, 0xDD, 0xE5,
    0x4A, 0x82, 0xE0, 0x29, 0x82, 0x8D, 0x80, 0x20, 0x47, 0x8E, 0x7E, 0x16, 0xB8, 0x76, 0x30, 0x47,
    0x3B, 0x50, 0x99, 0x87, 0x78, 0x46, 0x6D, 0xD7, 0xCA, 0x11, 0xD1, 0xA6, 0xFE, 0xA1, 0x0D, 0x08,
    0x08, 0x3C, 0x8C, 0xE9, 0x50, 0xB0, 0x97, 0xE0, 0x56, 0x77, 0xE3, 0x13, 0x1F, 0x8B, 0x7C, 0x17,
    0xD1, 0x5F, 0x36, 0xDE, 0xA2, 0xB1, 0x4F, 0xFF, 0x29, 0x83, 0x78, 0xD0, 0x93, 0xF9, 0x40, 0x0C,
    0xB8, 0x84, 0x82, 0x6A, 0x84, 0x83, 0xA0, 0x40, 0x39, 0xC5, 0x80, 0xD6, 0xC4, 0x9B, 0x6E, 0x6F,
    0x4D, 0x30, 0x93, 0xEC, 0x61, 0x8E, 0xAC, 0x53, 0xD1, 0x6C, 0x43, 0xC0, 0x07, 0x72, 0xF1, 0x29,
    0x01, 0x7F, 0x20, 0x13, 0x51, 0x97, 0xCA, 0xB7, 0x17, 0x73, 0xD8, 0xF3, 0xE5, 0x1C, 0xB6, 0x7C,
    0xEF, 0x73, 0x05, 0x3F, 0x7F, 0x68, 0xC5, 0xB3, 0x6C, 0x54, 0x46, 0x4E, 0xC7, 0xF9, 0x29, 0x90,
    0xED, 0x0D, 0xB6, 0x39, 0xCA, 0xAF, 0x5E, 0x5E, 0x8B, 0x3A, 0x95, 0x97, 0x69, 0x56, 0xE8, 0x03,
    0xA4, 0xF4, 0x61, 0xF0, 0x69, 0xBC, 0x5A, 0x87, 0xBB, 0x28, 0xBF, 0x65, 0xA2, 0x50, 0xD2, 0x45,
    0x8A, 0x0D, 0xE5, 0x42, 0x85, 0xCD, 0x7B, 0xA0, 0x9E, 0x92, 0xC0, 0x79, 0xCF, 0x07, 0x56, 0x8A,
    0xA1, 0x0C, 0x5D, 0x7A, 0x24, 0xBE, 0x6B, 0x87, 0x7C, 0xCE, 0xAC, 0x04, 0x78, 0x2B, 0x47, 0x95,
    0x5E, 0x16, 0x38, 0x1F, 0x63, 0xE9, 0x7E, 0x22, 0x41, 0xB7, 0xC2, 0xBD, 0x0E, 0x9A, 0x66, 0xB1,
    0xA1, 0xBC, 0x18, 0xBB, 0x63, 0x2B, 0xE6, 0x85, 0xA3, 0x2B, 0x78, 0x7C, 0x1C, 0xF1, 0xFE, 0x60,
    0x78, 0x11, 0x37, 0x70, 0x90, 0xF8, 0xFE, 0xF3, 0xB2, 0x4E, 0x82, 0x1C, 0xAE, 0x6E, 0x99, 0xCD,
    0x61, 0x1D, 0xA5, 0x08, 0xFF, 0xD3, 0xB2, 0xF3, 0x88, 0xCC, 0xE6, 0x25, 0x12, 0xAC, 0xAD, 0xF9,
    0x28, 0x3F, 0xDF, 0x88, 0xA8, 0xE8, 0x43, 0x92, 0x38, 0xE5, 0x17, 0x53, 0x17, 0x5A, 0xA9, 0x7D,
    0x9A, 0x04, 0xF9, 0x28, 0x49, 0x90, 0x0F, 0xFE, 0xD1, 0x87, 0x07, 0xEA, 0x23, 0x13, 0xF5, 0x59,
    0x8A, 0xFA, 0xF7, 0xE7, 0xA7, 0xD6, 0xF4, 0xD7, 0xBC, 0xD1, 0x98, 0x08, 0xA5, 0x05, 0x3E, 0xA6,
    0x81, 0x3A, 0xD7, 0x07, 0x38, 0xA0, 0xD5, 0xF0, 0xE0, 0x75, 0xEE, 0x81, 0x04, 0x69, 0x88, 0xD4,
    0x19, 0x32, 0x83, 0xD7, 0x10, 0x6E, 0x32, 0x86, 0xA0, 0x73, 0x91, 0x10, 0x9D, 0x0B, 0x2F, 0xA3,
    0x29, 0x02, 0x8C, 0x7A, 0x39, 0x04, 0x9D, 0x6B, 0xCA, 0x41, 0xE9, 0xDC, 0x72, 0xD0, 0x3A, 0x77,
    0xD0, 0x3A, 0x77, 0xD0, 0x3A, 0x77, 0xD0, 0x3A, 0x77, 0xD0, 0x3A, 0x37, 0xF0, 0xA3, 0x38, 0x74,
    0xC0, 0xC6, 0xBE, 0xA8, 0xC5, 0xB4, 0x4F, 0x13, 0x39, 0x13, 0x52, 0x1D, 0x54, 0xA9, 0x3C, 0x2E,
    0x64, 0x73, 0xA7, 0x89, 0x7A, 0xB8, 0x18, 0xB9, 0xE5, 0x89, 0x7E, 0xE4, 0x4C, 0x8E, 0xC2, 0x0B,
    0xB1, 0x0E, 0x0E, 0x40, 0x7E, 0xDD, 0x93, 0x8D, 0x7D, 0xD7, 0xDA, 0xC7, 0x9E, 0x7C, 0x06, 0x8A,
    0xEE, 0xB6, 0xA0, 0x81, 0x12, 0xF8, 0x5E, 0xB5, 0x0D, 0xF9, 0x9B, 0x2B, 0xDE, 0xF6, 0x54, 0x89,
    0x97, 0xCA, 0x5C, 0x39, 0xB2, 0x68, 0xB1, 0x1B, 0xA6, 0x07, 0xB6, 0xBB, 0x67, 0x78, 0x74, 0x60,
    0xA6, 0x3E, 0xC5, 0xD7, 0x74, 0x50, 0x1B, 0x06, 0x5A, 0xB1, 0x7A, 0x6F, 0xA7, 0x92, 0x67, 0x02,
    0x6C, 0xD9, 0x7F, 0x82, 0x53, 0x83, 0x50, 0xA9, 0x82, 0x4E, 0xB1, 0xA7, 0x6E, 0xC6, 0x12, 0x1E,
    0xD4, 0xD8, 0x74, 0xCC, 0x6F, 0x33, 0x45, 0xFE, 0x16, 0x61, 0x81, 0xBC, 0xCF, 0x55, 0xE2, 0x47,
    0xF9, 0x3D, 0x00, 0x59, 0xBA, 0x43, 0x25, 0x0A, 0xDC, 0x2E, 0x38, 0x34, 0x08, 0xB6, 0x99, 0x8F,
    0xFC, 0xD0, 0x90, 0x8F, 0x18, 0x93, 0x73, 0x56, 0xBD, 0xDE, 0xC4, 0x64, 0x19, 0x93, 0x79, 0x4C,
    0xA6, 0x97, 0xE0, 0x3D, 0x4F, 0x8E, 0xAC, 0xC7, 0xF9, 0x32, 0x82, 0xAC, 0xC7, 0xE9, 0x1A, 0x04,
    0x59, 0x8F, 0xB3, 0xB5, 0x08, 0xB2, 0x9E, 0x26, 0xCB, 0x23, 0xEB, 0x71, 0xAE, 0x02, 0xB2, 0x1E,
    0xA6, 0xEA, 0x2D, 0x41, 0xD6, 0xE3, 0x4C, 0xFD, 0x44, 0x90, 0xF5, 0x38, 0x51, 0x5F, 0x11, 0x64,
    0xBD, 0xEC, 0x5A, 0x44, 0xD6, 0xF3, 0x34, 0x31, 0xB2, 0x9E, 0x66, 0xC9, 0x08, 0xB2, 0x1E, 0x27,
    0xC9, 0x23, 0xEB, 0x71, 0x8E, 0x3C, 0xB2, 0x9E, 0x1A, 0xE9, 0x33, 0xB2, 0xDE, 0xC7, 0xEA, 0x34,
    0x25, 0xC8, 0xFA, 0xA0, 0xDC, 0x1B, 0x6D, 0x5E, 0x0E, 0x4D, 0x94, 0xC7, 0xF9, 0x2D, 0x20, 0xEB,
    0xD5, 0xFB, 0xB4, 0x45, 0x1B, 0xD5, 0x8E, 0x40, 0xA1, 0x09, 0x4E, 0x90, 0x93, 0x10, 0x0F, 0x32,
    0xBB, 0xD1, 0xFC, 0x38, 0x81, 0xB6, 0x67, 0xE0, 0x74, 0xC3, 0xF4, 0xC0, 0x76, 0x78, 0xC1, 0x6E,
    0x34, 0x3B, 0x6E, 0xA9, 0xF4, 0xEF, 0xAE, 0x3C, 0x39, 0xF5, 0xCC, 0x80, 0x48, 0x98, 0x1B, 0x3C,
    0xE3, 0x6E, 0xE5, 0xA9, 0x81, 0x80, 0x53, 0xC7, 0x44, 0x01, 0x27, 0x1F, 0xD5, 0xFC, 0x32, 0xEA,
    0x73, 0xCD, 0x07, 0x37, 0x98, 0xA4, 0x6D, 0xF0, 0xE4, 0x49, 0x9E, 0x96, 0x72, 0xC2, 0x83, 0xB9,
    0x70, 0x56, 0xDC, 0xF4, 0x21, 0x81, 0x93, 0x02, 0x10, 0x69, 0xD9, 0x36, 0x20, 0x89, 0x03, 0x0E,
    0x28, 0xB7, 0x0A, 0x14, 0xD4, 0xED, 0x8A, 0x68, 0x66, 0x45, 0x54, 0x27, 0x45, 0x7C, 0x26, 0x02,
    0x12, 0x7D, 0xA2, 0xC4, 0x99, 0xBC, 0x9A, 0xB5, 0xB4, 0x9A, 0xB5, 0xAC, 0x9A, 0x99, 0xBD, 0x8C,
    0xE8, 0x47, 0xF6, 0x7A, 0x44, 0xBF, 0xE5, 0x74, 0x7B, 0x29, 0xD5, 0xC2, 0x56, 0x11, 0xC5, 0x0D,
    0x23, 0xFA, 0x29, 0x22, 0x4B, 0x88, 0x7E, 0x62, 0x6F, 0x41, 0x88, 0x7E, 0x62, 0x6F, 0xCA, 0x88,
    0x7E, 0x62, 0x2F, 0x23, 0xFA, 0x89, 0xBD, 0x95, 0x1C, 0x39, 0x89, 0xFD, 0xA1, 0xC2, 0x99, 0x8F,
    0x1E, 0xD1, 0xEF, 0x61, 0x64, 0xEA, 0x2F, 0xEA, 0x60, 0x54, 0x8F, 0xE8, 0x37, 0xBF, 0x11, 0x44,
    0x3F, 0x2F, 0x58, 0x42, 0xF4, 0xF3, 0x82, 0x25, 0x44, 0x3F, 0x2D, 0x58, 0x46, 0xF4, 0xB3, 0xEC,
    0x67, 0x44, 0x3F, 0x49, 0x7E, 0x41, 0xF4, 0xA3, 0xDC, 0x97, 0xDE, 0xD8, 0x24, 0xF5, 0x09, 0xD1,
    0x8F, 0x1C, 0xFD, 0x6F, 0x8C, 0xE8, 0x27, 0xF0, 0x02, 0x21, 0xFA, 0x89, 0xA3, 0xDC, 0x33, 0x9B,
    0x38, 0xCA, 0x9D, 0xB3, 0x59, 0xD6, 0x33, 0xA2, 0x1F, 0x39, 0x2A, 0x88, 0x7E, 0xE4, 0x28, 0x23,
    0xFA, 0xC5, 0x79, 0x20, 0x44, 0x3F, 0x83, 0xBD, 0x09, 0xD1, 0x2F, 0x31, 0x7D, 0x44, 0xF4, 0x0B,
    0xDA, 0xAE, 0x0E, 0x87, 0x95, 0x7F, 0xE2, 0x88, 0x7E, 0xE0, 0xE8, 0x5A, 0x62, 0x02, 0x14, 0xF9,
    0xF9, 0x22, 0x0E, 0x91, 0x9B, 0xEF, 0xE0, 0xF0, 0x19, 0x29, 0x5E, 0x17, 0xB9, 0x3C, 0x05, 0xCD,
    0x2D, 0xA7, 0xB2, 0x9D, 0xBC, 0xB7, 0x02, 0x85, 0xEC, 0xD6, 0xBF, 0xA0, 0xA4, 0x26, 0x72, 0x58,
    0xCE, 0xFE, 0x13, 0x04, 0x0E, 0x00, 0xF7, 0xA0, 0xC2, 0x84, 0x37, 0x3B, 0x98, 0x2D, 0x3B, 0xAD,
    0xC5, 0x12, 0x3B, 0x9C, 0xF8, 0xD2, 0x76, 0x1B, 0xE2, 0x88, 0x6A, 0x78, 0x84, 0xE1, 0xEE, 0x87,
    0xC2, 0x1F, 0x38, 0x45, 0x75, 0xF5, 0xC0, 0xE2, 0x2A, 0x54, 0xCA, 0x88, 0xFD, 0x56, 0xAC, 0xA1,
    0x78, 0x3A, 0x30, 0x22, 0x51, 0x89, 0x03, 0x04, 0xAC, 0x06, 0x96, 0xD8, 0x3D, 0xF0, 0xC4, 0xEE,
    0x81, 0x29, 0x76, 0x27, 0xAE, 0x78, 0x4F, 0x75, 0x08, 0x87, 0xF2, 0xA1, 0x40, 0x6C, 0x03, 0x63,
    0xC4, 0x84, 0x00, 0xCE, 0xBC, 0xC5, 0xBE, 0x17, 0xB0, 0xE6, 0x87, 0x3D, 0x9F, 0x83, 0x82, 0xBB,
    0xA9, 0x7E, 0x7D, 0x63, 0xE6, 0x8C, 0xA6, 0x7A, 0x65, 0x17, 0xEE, 0xB8, 0x29, 0x3F, 0x98, 0x3D,
    0x70, 0xC6, 0x44, 0xCF, 0xFC, 0x71, 0x5F, 0x2D, 0x32, 0xBF, 0xC0, 0x83, 0x48, 0xFC, 0x43, 0x4D,
    0x5E, 0x47, 0xF7, 0x7B, 0x54, 0x08, 0x97, 0x5F, 0x3A, 0x15, 0xEE, 0x3F, 0x03, 0x86, 0xE1, 0x42,
    0xDE, 0x40, 0xE7, 0x52, 0x6E, 0xAC, 0x42, 0x7A, 0xDC, 0xD3, 0x49, 0x96, 0x54, 0x03, 0xF8, 0xA3,
    0x2A, 0x5B, 0x7D, 0xFA, 0x5B, 0x3A, 0x5F, 0x37, 0xE1, 0x62, 0xA9, 0x78, 0x2E, 0x18, 0xE1, 0x2E,
    0xBC, 0x15, 0x27, 0xF0, 0x7B, 0x31, 0xE3, 0x3C, 0xFC, 0x9E, 0xEC, 0x38, 0x0F, 0xBF, 0xC7, 0x2D,
    0x7D, 0x04, 0xF8, 0x3D, 0xEE, 0x6A, 0x05, 0xBF, 0xC7, 0x8D, 0xDD, 0x79, 0xF8, 0x3D, 0xED, 0xED,
    0xC6, 0xC3, 0xEF, 0x69, 0x7B, 0xD7, 0x01, 0x7E, 0x8F, 0x3B, 0x5C, 0xC1, 0xEF, 0x71, 0x93, 0x2B,
    0xF8, 0x3D, 0xEE, 0xF3, 0x00, 0xBF, 0xF7, 0x1B, 0x5A, 0xE0, 0xF7, 0xC1, 0x70, 0x22, 0xF8, 0x3D,
    0x33, 0xDB, 0xC3, 0xEF, 0x83, 0x9C, 0xAB, 0x15, 0xFD, 0xAF, 0x13, 0x7E, 0x1F, 0x26, 0xF7, 0xF0,
    0x06, 0xDF, 0xEB, 0x9E, 0x0C, 0x53, 0x8B, 0xA4, 0xB6, 0xCF, 0x1B, 0x6D, 0x9F, 0xB3, 0x31, 0x25,
    0xF6, 0x39, 0x93, 0x62, 0x9F, 0x07, 0x12, 0xED, 0xF3, 0xF0, 0x62, 0x60, 0x12, 0xC1, 0xEF, 0xD9,
    0xF0, 0x13, 0xF8, 0xBD, 0xE8, 0x40, 0x81, 0xDF, 0xE3, 0x8C, 0x06, 0xF8, 0x3D, 0x4E, 0x68, 0x80,
    0xDF, 0x93, 0x7D, 0x2E, 0xF0, 0xFB, 0x20, 0x15, 0x08, 0x7E, 0xEF, 0xAD, 0x3F, 0x82, 0xDF, 0x33,
    0xAB, 0x05, 0x7E, 0x2F, 0xEA, 0x4C, 0xE0, 0xF7, 0xE6, 0xB7, 0x02, 0xBF, 0x67, 0x1D, 0xE9, 0xE1,
    0xF7, 0xAC, 0x26, 0x3D, 0xFC, 0x9E, 0x35, 0xA5, 0x87, 0xDF, 0xFB, 0x89, 0x10, 0xF8, 0x3D, 0xCF,
    0x44, 0x80, 0xDF, 0xD3, 0x54, 0x84, 0xF6, 0xDD, 0x34, 0x17, 0xA1, 0x89, 0x37, 0x4D, 0x46, 0x68,
    0xE5, 0xCD, 0x3D, 0x2E, 0xA5, 0xA1, 0x37, 0xDB, 0xE1, 0x02, 0xBF, 0xA7, 0xF9, 0x08, 0xCD, 0xBD,
    0x59, 0x89, 0x06, 0xF8, 0x3D, 0x79, 0x4C, 0x01, 0x7E, 0x4F, 0x53, 0xE2, 0xE1, 0xF7, 0xA1, 0xDA,
    0x83, 0xE1, 0xF7, 0xC1, 0x2F, 0x4F, 0x43, 0xB9, 0x80, 0x82, 0xDF, 0x87, 0x00, 0x22, 0xC3, 0xEF,
    0xCD, 0x6F, 0x1D, 0x7E, 0x1F, 0xF5, 0xCC, 0xCC, 0x9E, 0x60, 0x1C, 0x75, 0x5B, 0x8A, 0x8E, 0xE9,
    0x54, 0x87, 0x40, 0xD6, 0x2A, 0xB4, 0x97, 0x46, 0x98, 0xE3, 0x08, 0x33, 0x16, 0x95, 0xE6, 0xAD,
    0x5A, 0x24, 0x6F, 0x4A, 0x1C, 0x6F, 0x4A, 0x14, 0xB3, 0x07, 0xC0, 0xEE, 0x03, 0xAE, 0x0F, 0x71,
    0x25, 0x60, 0x6D, 0xBC, 0x36, 0x7B, 0x75, 0x57, 0xBD, 0x19, 0xC6, 0xC5, 0xB3, 0xE1, 0x35, 0x06,
    0xAD, 0x22, 0xDE, 0x9A, 0x19, 0x46, 0x96, 0x68, 0x1D, 0x64, 0x14, 0x59, 0xC2, 0x35, 0xC0, 0x91,
    0x25, 0x9C, 0x7F, 0x8E, 0x2C, 0xE1, 0xDC, 0x73, 0x34, 0xC9, 0xBB, 0x30, 0xD1, 0xB8, 0x0D, 0xE3,
    0x4E, 0xB9, 0x39, 0x36, 0x3C, 0xEC, 0x27, 0x1C, 0x59, 0xFA, 0x9D, 0xC4, 0xE8, 0x6B, 0x3D, 0x6B,
    0xB4, 0x92, 0x35, 0x5A, 0xC3, 0x8A, 0xA1, 0xEC, 0x9B, 0x53, 0xE0, 0xC6, 0x67, 0x69, 0x45, 0xBB,
    0x9E, 0x30, 0xFA, 0xBC, 0xE5, 0x09, 0xA3, 0x2F, 0xFB, 0xFD, 0xF5, 0x39, 0xB8, 0xDC, 0x88, 0xD1,
    0x0F, 0x3B, 0x7D, 0x0F, 0x0E, 0x37, 0x61, 0xF4, 0xD9, 0xB3, 0x23, 0x8C, 0x3E, 0x7B, 0x76, 0x84,
    0xD1, 0x27, 0xD7, 0x83, 0x30, 0xFA, 0xF2, 0x70, 0x7B, 0x20, 0x04, 0xA3, 0xCF, 0x0E, 0xF2, 0x18,
    0xFE, 0xE2, 0x31, 0xFA, 0xE6, 0x37, 0x82, 0xD1, 0x8F, 0x2C, 0x97, 0x38, 0xF6, 0x14, 0x87, 0x9E,
    0x7C, 0xE4, 0xA9, 0x98, 0xB5, 0xC5, 0x52, 0xCC, 0xDA, 0x5E, 0x29, 0xD4, 0x96, 0x39, 0x34, 0x55,
    0xF8, 0xE0, 0x3A, 0x59, 0x2A, 0x1C, 0x5C, 0x17, 0x3B, 0x85, 0x82, 0xEB, 0xEC, 0x84, 0x48, 0x70,
    0x1D, 0x99, 0xEB, 0x83, 0xEB, 0x64, 0xA1, 0x48, 0x70, 0x1D, 0xD9, 0x2B, 0xC1, 0x75, 0xBF, 0x0D,
    0x28, 0xB8, 0x2E, 0xEB, 0x85, 0x82, 0xEB, 0x41, 0x85, 0x04, 0xAA, 0x8F, 0x82, 0x06, 0x9F, 0x60,
    0x70, 0xFD, 0xFF, 0x03, 0xED, 0x7D, 0xBD, 0xB3, 0xED, 0xD6, 0x75, 0x1F, 0x3E, 0x24, 0x82, 0x11,
    0x66, 0x02, 0x16, 0x4A, 0x26, 0xE3, 0x37, 0x23, 0xB0, 0x49, 0x8D, 0x7F, 0xC0, 0x11, 0xA0, 0xA8,
    0x50, 0xE1, 0x42, 0x2C, 0xDC, 0xB9, 0x50, 0xDA, 0x24, 0xC5, 0xCB, 0x1F, 0x90, 0x08, 0x47, 0x56,
    0xA1, 0xC2, 0x85, 0xF8, 0x1F, 0x44, 0x85, 0x0B, 0x45, 0x29, 0x94, 0x32, 0x85, 0x49, 0xE0, 0x89,
    0x85, 0x0A, 0x15, 0x3C, 0x34, 0x0B, 0x17, 0x2A, 0x0C, 0xCB, 0xCC, 0x68, 0xC6, 0x2A, 0x1E, 0x2C,
    0x1E, 0x8B, 0x78, 0x24, 0x80, 0x9D, 0xBD, 0x3E, 0xF7, 0xDA, 0xB8, 0xE7, 0xDC, 0x77, 0xDF, 0x23,
    0x69, 0xC9, 0x33, 0xBC, 0xC3, 0x47, 0xEC, 0x75, 0xEE, 0x39, 0xB8, 0x38, 0x6B, 0xED, 0xBD, 0xBE,
    0xF6, 0xDA, 0xEB, 0xD7, 0x3F, 0x4B, 0x9A, 0xAD, 0x74, 0xF0, 0xB3, 0xF6, 0x6E, 0x74, 0xEE, 0x17,
    0x34, 0x6E, 0xDD, 0x87, 0xCE, 0x7D, 0x42, 0xE3, 0xD7, 0x4B, 0x77, 0x29, 0xD7, 0x7C, 0x4E, 0xE0,
    0x27, 0x75, 0x63, 0xEA, 0x78, 0x9C, 0xB8, 0x31, 0xE9, 0xDF, 0xE1, 0xF1, 0x70, 0x4A, 0xEA, 0xF7,
    0xC3, 0xB8, 0xFC, 0x66, 0x78, 0x4F, 0xE2, 0xDF, 0xEF, 0xA6, 0x24, 0xC9, 0xE0, 0x7F, 0x30, 0xDE,
    0x92, 0xA4, 0xFE, 0x68, 0xA3, 0xB1, 0x4B, 0x72, 0xF7, 0x77, 0x6E, 0x86, 0x71, 0xE2, 0xBA, 0xDC,
    0x9D, 0x7A, 0x1A, 0xB7, 0xA7, 0x7C, 0x49, 0x4A, 0x19, 0xD3, 0xBD, 0xEE, 0x8C, 0xBB, 0x30, 0xEE,
    0x93, 0x30, 0x76, 0x32, 0xBE, 0x24, 0xD9, 0x16, 0xC6, 0xE5, 0x22, 0xE3, 0x25, 0x69, 0xF8, 0xF1,
    0x92, 0x6C, 0xCF, 0xE0, 0x11, 0xF9, 0x61, 0x9D, 0x7C, 0xD4, 0xDF, 0xD0, 0x5D, 0x74, 0x5C, 0xBA,
    0x2E, 0x31, 0x3F, 0x75, 0x44, 0xD8, 0x5F, 0xD5, 0x9E, 0x23, 0xC0, 0x52, 0xFF, 0xF1, 0x3D, 0xA9,
    0xDD, 0x19, 0x79, 0x3A, 0xE6, 0xCE, 0x4D, 0x9E, 0x40, 0xA6, 0x5E, 0x2A, 0xCF, 0x52, 0x4F, 0x10,
    0x57, 0x9B, 0x4B, 0xE1, 0xBE, 0x33, 0x32, 0x5B, 0x5B, 0xFF, 0xE1, 0xA7, 0x23, 0xF3, 0xD5, 0xFF,
    0xC5, 0x0A, 0x1F, 0x0C, 0x18, 0xEB, 0x9F, 0x2A, 0x17, 0xA2, 0xEC, 0x99, 0xAB, 0xF8, 0x3F, 0x60,
    0x87, 0xFF, 0x1C, 0xF1, 0xB6, 0x3D, 0x27, 0x49, 0x33, 0x32, 0x73, 0xEB, 0xBD, 0x83, 0xC7, 0x21,
    0xEE, 0x16, 0x6E, 0x21, 0x02, 0xD8, 0x9B, 0xFA, 0x6F, 0x06, 0x04, 0xF2, 0x37, 0xA9, 0x91, 0x90,
    0x9F, 0xD7, 0x2C, 0x91, 0xFC, 0xA1, 0x11, 0xF2, 0xF3, 0x95, 0x03, 0xEF, 0x81, 0xED, 0x5B, 0xD2,
    0x2C, 0xB5, 0x9B, 0x7B, 0xF7, 0xC4, 0xB9, 0xEF, 0xB8, 0x19, 0x99, 0xFD, 0xD4, 0xCD, 0xAF, 0x15,
    0xEE, 0x52, 0x33, 0xBB, 0x48, 0xD2, 0xC3, 0x08, 0xFF, 0x21, 0x2F, 0x5B, 0x66, 0x63, 0x8D, 0x22,
    0x38, 0xE3, 0xF5, 0xD1, 0x27, 0xCF, 0x88, 0x55, 0xBF, 0x72, 0x33, 0xB1, 0x6C, 0x80, 0x6B, 0x06,
    0xDC, 0x92, 0x87, 0xE1, 0x6B, 0x03, 0xF7, 0xFB, 0x3F, 0x9E, 0xF7, 0x0E, 0xB9, 0x59, 0x38, 0x7F,
    0x8B, 0x7C, 0x4D, 0xAA, 0x4B, 0xED, 0x99, 0xBC, 0x25, 0xD5, 0xE4, 0x09, 0x3F, 0x19, 0xAB, 0x73,
    0xE2, 0xAF, 0xFD, 0xC9, 0x5F, 0x37, 0x90, 0xD6, 0x57, 0x3A, 0xB8, 0x56, 0x30, 0x03, 0xFD, 0xB5,
    0xF4, 0xBF, 0x4B, 0x57, 0x90, 0x60, 0x07, 0x1F, 0xF6, 0xCF, 0xF5, 0x2C, 0x79, 0x0C, 0x53, 0xAF,
    0xF6, 0xB3, 0x71, 0x82, 0x19, 0xEA, 0xAF, 0xF8, 0x3D, 0x1F, 0xB9, 0x0F, 0x2C, 0x13, 0x0A, 0xCB,
    0x99, 0x62, 0xB2, 0xC4, 0x2C, 0xB3, 0x70, 0xD8, 0xFD, 0x53, 0x5D, 0x68, 0x16, 0xFA, 0x65, 0x7E,
    0xF6, 0x04, 0xCD, 0xC2, 0xC6, 0xFF, 0xF3, 0x04, 0xCD, 0xC2, 0xF6, 0x5C, 0xAE, 0xFE, 0x33, 0x34,
    0x0B, 0x7B, 0xFF, 0xE8, 0x40, 0xD0, 0x2C, 0x4C, 0x92, 0x1D, 0x09, 0x9C, 0x85, 0xA7, 0xC4, 0x09,
    0x51, 0xF6, 0x23, 0xFF, 0x06, 0x78, 0x50, 0x75, 0xF4, 0x19, 0x9C, 0x85, 0x99, 0xFF, 0x1A, 0x40,
    0xE0, 0x2C, 0xF4, 0x4C, 0xBA, 0x78, 0x82, 0x66, 0x61, 0xF2, 0x67, 0xFE, 0x09, 0x66, 0x9E, 0x85,
    0x7E, 0x51, 0xC0, 0x83, 0xF2, 0x2A, 0xF7, 0x1F, 0x2C, 0x74, 0x49, 0x7A, 0x36, 0x2A, 0x91, 0xBA,
    0x3D, 0x10, 0x9E, 0x05, 0xE7, 0x40, 0x24, 0xC3, 0x62, 0x88, 0xC2, 0x19, 0x22, 0x19, 0x7E, 0x6E,
    0x88, 0xE6, 0x23, 0x43, 0x14, 0xCE, 0x10, 0xA9, 0x25, 0x92, 0xDE, 0x12, 0x8D, 0x25, 0xAA, 0x39,
    0x9E, 0x80, 0x7D, 0xD0, 0x9B, 0xFE, 0xCB, 0x04, 0xC5, 0xE9, 0x4E, 0x46, 0x73, 0xBA, 0x13, 0xB1,
    0xB7, 0x9C, 0x93, 0xA0, 0x3B, 0x85, 0x40, 0xF6, 0xFE, 0x42, 0x08, 0x60, 0xEF, 0x2F, 0x3D, 0xF1,
    0x5D, 0x51, 0x9F, 0x7F, 0x32, 0x7B, 0xA5, 0x73, 0x62, 0xF6, 0xFA, 0xCF, 0xF4, 0x9E, 0x27, 0xC4,
    0xDE, 0x72, 0xCE, 0x61, 0xBE, 0x11, 0x7B, 0xFD, 0x94, 0xDC, 0xBD, 0x0A, 0x20, 0xF6, 0x96, 0xB3,
    0x9B, 0xFA, 0x84, 0xD9, 0x5B, 0x7E, 0xE8, 0xBA, 0x21, 0x61, 0xF6, 0x96, 0x6E, 0x55, 0xA5, 0xE8,
    0x89, 0x29, 0xD9, 0xAD, 0x66, 0x0B, 0xC4, 0x86, 0x33, 0x52, 0x15, 0x66, 0x20, 0x92, 0x93, 0x25,
    0xFC, 0xCF, 0x7E, 0x93, 0x18, 0x22, 0x3E, 0x59, 0xA2, 0x8D, 0x88, 0x93, 0xE5, 0xF5, 0xE9, 0x0A,
    0x7B, 0x71, 0x69, 0x78, 0x3D, 0x48, 0xB3, 0x37, 0xE9, 0x91, 0xA0, 0xD9, 0x9B, 0x38, 0x24, 0x88,
    0xBD, 0xE9, 0x4E, 0x7F, 0x07, 0xD9, 0x9B, 0xAD, 0xFC, 0x04, 0xF0, 0x89, 0x27, 0xAB, 0xFF, 0x7E,
    0xC2, 0xDE, 0xB3, 0x57, 0xF4, 0x42, 0x94, 0x5D, 0xFF, 0x94, 0x08, 0xD4, 0x08, 0x8D, 0xDB, 0x87,
    0x84, 0xD9, 0x9B, 0xB4, 0x9E, 0x7D, 0x09, 0xB3, 0x37, 0xF3, 0x6A, 0x13, 0x39, 0x0A, 0xEC, 0x6D,
    0xBC, 0x3C, 0x94, 0xBD, 0xFD, 0x82, 0x7F, 0x94, 0xD8, 0x0B, 0x6A, 0x44, 0xBF, 0x69, 0xB3, 0x1B,
    0xA2, 0xF2, 0xB7, 0x54, 0xE2, 0x15, 0x3F, 0x95, 0x7B, 0x63, 0x53, 0xC6, 0xDE, 0x4E, 0x3D, 0x43,
    0x94, 0x6B, 0x6F, 0xA7, 0xA8, 0x65, 0x62, 0xEF, 0xAC, 0x6E, 0xB4, 0x44, 0x61, 0x89, 0xCC, 0x12,
    0x49, 0x44, 0xFC, 0x17, 0x79, 0x34, 0xE6, 0x79, 0x35, 0xEA, 0x15, 0x74, 0xE8, 0xB3, 0x8A, 0x75,
    0xE8, 0xBB, 0xA0, 0x43, 0x3F, 0x72, 0xA8, 0x84, 0x80, 0xCF, 0x30, 0x01, 0x3D, 0x8B, 0x13, 0xB8,
    0x02, 0xDB, 0xC0, 0xD8, 0x10, 0x63, 0xE9, 0x5A, 0xF1, 0xEB, 0x15, 0x4F, 0x54, 0xB8, 0xD6, 0x1F,
    0x6E, 0x70, 0xCD, 0xDD, 0xD9, 0xCD, 0x78, 0xED, 0x5A, 0xBC, 0x02, 0xD7, 0xF0, 0xFD, 0xF0, 0x77,
    0xED, 0xB5, 0x70, 0x27, 0xBC, 0xB6, 0x6E, 0xC5, 0xEB, 0xE0, 0xDC, 0xB7, 0xF1, 0xBE, 0xDF, 0x18,
    0x9E, 0x9E, 0x51, 0x5F, 0x56, 0xF8, 0xF7, 0x77, 0x54, 0x12, 0x09, 0x3C, 0xCC, 0x80, 0xEF, 0x9F,
    0x92, 0xE6, 0x4C, 0x5F, 0x02, 0x3F, 0x97, 0x9E, 0xF4, 0xBE, 0xF1, 0x4F, 0x9D, 0xDC, 0xB4, 0xDD,
    0xC6, 0x78, 0xA7, 0x60, 0x2E, 0xC5, 0x7A, 0x83, 0x22, 0x3E, 0xA9, 0xF9, 0x86, 0x47, 0x9A, 0xD5,
    0x7E, 0xFB, 0xC9, 0xF0, 0x68, 0xAB, 0xC5, 0x80, 0x57, 0xA0, 0xEE, 0xBF, 0xA3, 0x16, 0xDC, 0xCF,
    0x26, 0xB2, 0xE7, 0xAC, 0x3C, 0x53, 0xA7, 0x36, 0x7C, 0x70, 0xA7, 0xC2, 0xA9, 0x11, 0x6F, 0xFC,
    0x1D, 0x67, 0x27, 0x56, 0xBC, 0x70, 0xEB, 0x30, 0xB6, 0xB2, 0xC2, 0xBD, 0x07, 0xE3, 0xC0, 0xA8,
    0xB3, 0x06, 0x85, 0x99, 0xAF, 0x86, 0xDC, 0x53, 0xB3, 0xB1, 0xE4, 0x29, 0x5B, 0x32, 0x5E, 0xBF,
    0xCE, 0x1A, 0x4F, 0x78, 0x34, 0xF3, 0xBB, 0x29, 0x32, 0xAC, 0xA7, 0xA3, 0x99, 0xFD, 0xE7, 0xA6,
    0x0E, 0x1A, 0xD5, 0xB1, 0xC9, 0xFA, 0x85, 0x92, 0x56, 0xAB, 0x3A, 0x31, 0x5B, 0xF5, 0x12, 0xD6,
    0x08, 0xB8, 0x4F, 0x4E, 0xB5, 0x08, 0xEA, 0x56, 0x58, 0xB2, 0xCF, 0x54, 0xBB, 0x9E, 0xFD, 0xBA,
    0x6C, 0xDC, 0xA2, 0x0A, 0x20, 0x73, 0xA7, 0x86, 0xEC, 0x2A, 0xB9, 0x7F, 0xED, 0xD8, 0xFC, 0x4C,
    0x9D, 0x54, 0xB8, 0x61, 0x33, 0x56, 0x17, 0x91, 0x81, 0x97, 0x5E, 0x33, 0x7A, 0xD5, 0x42, 0x42,
    0x80, 0xD9, 0xE1, 0x25, 0xB2, 0x8B, 0xA6, 0xF5, 0x7F, 0xD7, 0x93, 0x83, 0x28, 0x83, 0x05, 0x9D,
    0x30, 0x59, 0xB4, 0xCD, 0x94, 0xD0, 0x6F, 0x45, 0x21, 0xC0, 0x9B, 0x53, 0xA7, 0x24, 0xDC, 0xCA,
    0x89, 0x6A, 0x4D, 0x07, 0xF8, 0x43, 0x6E, 0x09, 0xCB, 0x78, 0xF6, 0x64, 0x98, 0xC8, 0xF5, 0xD6,
    0x58, 0xBE, 0xA5, 0xEE, 0x71, 0xC4, 0xC6, 0xD6, 0x45, 0x64, 0x19, 0x93, 0x59, 0x4C, 0x26, 0x07,
    0xB2, 0xBD, 0xE6, 0x68, 0x5D, 0x55, 0x14, 0xE7, 0x5B, 0x8A, 0x62, 0x26, 0x45, 0x31, 0xB1, 0xA2,
    0x98, 0x58, 0x51, 0x4C, 0x2C, 0x02, 0xBE, 0x56, 0xFC, 0x7A, 0xC5, 0xDC, 0x86, 0x2B, 0x2A, 0x8A,
    0x89, 0x15, 0xC5, 0xC4, 0x8A, 0x62, 0x42, 0xA7, 0x6A, 0xAE, 0x26, 0x7E, 0xFC, 0x89, 0x9D, 0xAE,
    0x89, 0x48, 0xBA, 0xB6, 0xEE, 0xDB, 0xE4, 0x24, 0x4D, 0xF8, 0xBE, 0x72, 0xA7, 0xFB, 0xE7, 0x72,
    0xF5, 0x0E, 0xF7, 0x44, 0xAE, 0x3D, 0xBE, 0xCF, 0x2B, 0xE1, 0xA7, 0xD1, 0x7D, 0xF4, 0xBE, 0x49,
    0xCF, 0xD7, 0x7A, 0xBA, 0x3E, 0x29, 0xA7, 0x68, 0x4E, 0x4E, 0xD1, 0x94, 0x9C, 0x68, 0x46, 0x26,
    0xD1, 0x84, 0x8C, 0x58, 0xDD, 0x07, 0xF6, 0x02, 0x2F, 0x76, 0x60, 0x63, 0x23, 0xB3, 0x71, 0x00,
    0xED, 0xA5, 0xE6, 0xBE, 0xEF, 0x1A, 0x72, 0x55, 0xC9, 0xA9, 0xF7, 0x33, 0x02, 0x79, 0x8A, 0x53,
    0xB1, 0x19, 0x1B, 0xFF, 0x1C, 0xE2, 0x50, 0x55, 0x67, 0x1F, 0x4D, 0xBC, 0x23, 0x1E, 0x55, 0x35,
    0x17, 0x6E, 0xF7, 0x2C, 0xA3, 0x79, 0x58, 0x78, 0x55, 0x35, 0x65, 0x1A, 0xF2, 0xC0, 0xB3, 0x65,
    0xF2, 0x80, 0xE9, 0x66, 0x29, 0xB4, 0x0F, 0xF9, 0x62, 0x27, 0x42, 0x7E, 0xB1, 0x6E, 0x50, 0xF0,
    0x7E, 0xC0, 0x43, 0x68, 0xA6, 0x30, 0xA3, 0x26, 0x3B, 0xA9, 0x06, 0x1B, 0x3E, 0xF9, 0xA9, 0x1D,
    0xE6, 0x31, 0xFE, 0xF2, 0x74, 0x70, 0xDE, 0xC3, 0x8C, 0xE2, 0x11, 0x70, 0x7B, 0xA9, 0x80, 0x9D,
    0xC8, 0xE9, 0x1F, 0xC2, 0x88, 0xDD, 0x78, 0xFF, 0xF3, 0x1A, 0x1B, 0xA1, 0x9D, 0xB9, 0x8B, 0x23,
    0xE4, 0x2C, 0x8D, 0x3C, 0x1F, 0x1B, 0x1D, 0x55, 0xFA, 0x5B, 0x1A, 0xB1, 0x41, 0xDA, 0x89, 0x8B,
    0x38, 0x42, 0x0E, 0xF2, 0xA8, 0xEB, 0x79, 0xC4, 0x86, 0x69, 0xD7, 0x99, 0xFE, 0xA0, 0x91, 0x0F,
    0xA1, 0x76, 0x09, 0x20, 0x4F, 0x3B, 0x6B, 0x5F, 0x37, 0xF3, 0x68, 0x2D, 0xB7, 0x5D, 0xDC, 0x72,
    0xB7, 0x8B, 0x6F, 0xD5, 0xF0, 0x68, 0x87, 0x29, 0x4B, 0x53, 0x06, 0x08, 0xFC, 0xF9, 0xAE, 0xBA,
    0x54, 0xAF, 0xEA, 0xA8, 0x3A, 0x5D, 0x61, 0x1B, 0x0F, 0x79, 0x39, 0x02, 0xFB, 0x79, 0x45, 0xC2,
    0x90, 0x17, 0x25, 0x0A, 0x85, 0x79, 0x57, 0xCD, 0x6A, 0xC3, 0xEB, 0x51, 0xCD, 0x38, 0xBA, 0x62,
    0x64, 0xC9, 0xFB, 0x44, 0xF9, 0x27, 0x5E, 0x94, 0x1F, 0xBE, 0x9D, 0x58, 0x0E, 0x8A, 0x55, 0x07,
    0xEF, 0x92, 0x0D, 0x3B, 0x0E, 0xC9, 0xB6, 0x8B, 0x53, 0xE4, 0x87, 0xE2, 0xEF, 0xC1, 0xB0, 0x0B,
    0xC3, 0x93, 0x0E, 0x9B, 0xF1, 0xDA, 0xB0, 0xBE, 0x3A, 0x34, 0x6F, 0x68, 0x8D, 0x22, 0xD2, 0x9B,
    0x05, 0x95, 0x7A, 0xAE, 0x77, 0x1D, 0x9A, 0x29, 0x68, 0xD4, 0xE8, 0x76, 0x45, 0xCB, 0x49, 0x34,
    0x55, 0x9C, 0x35, 0x86, 0x6A, 0xF7, 0xAE, 0xDE, 0x31, 0x62, 0x9A, 0x06, 0xF7, 0x6B, 0xB8, 0x7E,
    0x8C, 0xD6, 0xC7, 0xF3, 0x62, 0xA5, 0x28, 0x62, 0x98, 0xE1, 0x3F, 0x0C, 0xBC, 0xEB, 0x99, 0x96,
    0x4E, 0xC9, 0x34, 0x06, 0x23, 0x3D, 0x47, 0x35, 0xFE, 0x33, 0x70, 0x2D, 0x97, 0xBD, 0x2B, 0xC0,
    0x7E, 0xCC, 0xC3, 0x8A, 0xD7, 0xB1, 0xC1, 0x48, 0x69, 0xF3, 0xD1, 0xA5, 0x04, 0x2F, 0xE6, 0x8A,
    0x4B, 0xD2, 0x5E, 0x2F, 0x07, 0x7A, 0xA5, 0x6B, 0xEA, 0xBA, 0x47, 0xEE, 0x5B, 0x33, 0x2D, 0xC0,
    0x4F, 0x66, 0x50, 0x6D, 0xA8, 0x8C, 0xFD, 0x73, 0x3E, 0xD3, 0x00, 0x47, 0xC2, 0x19, 0x59, 0xCB,
    0xE5, 0xFC, 0x1C, 0x2D, 0xFF, 0x87, 0xE0, 0x0E, 0x0E, 0xF4, 0xB9, 0xD2, 0xED, 0x18, 0xFF, 0x40,
    0x44, 0x0C, 0xD7, 0xD6, 0x7B, 0x66, 0x78, 0x3D, 0xF9, 0x50, 0x1B, 0xAF, 0xC5, 0x04, 0xEF, 0x6B,
    0xCE, 0x39, 0x5E, 0xAB, 0x8D, 0x3E, 0x0F, 0x2E, 0x10, 0xDE, 0xE7, 0x2D, 0xBE, 0xBE, 0x7A, 0x94,
    0xBA, 0xD5, 0x50, 0xC9, 0x1A, 0x13, 0xA8, 0xFC, 0x0B, 0x77, 0xCE, 0xDC, 0x9B, 0xAC, 0x91, 0x7E,
    0x0E, 0x99, 0x9B, 0x95, 0x95, 0xD2, 0x47, 0xF0, 0xA2, 0x73, 0x3B, 0x6B, 0xFE, 0xC1, 0x87, 0x5B,
    0x9B, 0x28, 0xFE, 0x7A, 0xC5, 0x67, 0x20, 0xBD, 0xEF, 0x5D, 0xAF, 0x7C, 0x13, 0xE6, 0x94, 0x0B,
    0x29, 0x5F, 0xF4, 0x41, 0x20, 0x21, 0xB5, 0x89, 0x25, 0x06, 0x0F, 0x6D, 0x13, 0x73, 0x04, 0xDA,
    0x41, 0xB2, 0x64, 0xDE, 0xB3, 0x81, 0xC4, 0x01, 0x69, 0xFC, 0x76, 0xAB, 0x1C, 0x12, 0xA0, 0xF0,
    0xDB, 0x4B, 0x8E, 0x04, 0xF9, 0x1D, 0x27, 0xBF, 0x0C, 0xA3, 0x99, 0xFD, 0x87, 0x4C, 0xC4, 0xB6,
    0x75, 0xB6, 0xA6, 0x75, 0xB6, 0x96, 0x75, 0x66, 0x57, 0xCF, 0x4F, 0xFD, 0x6A, 0x32, 0x8E, 0x9E,
    0x38, 0x11, 0xDE, 0xCD, 0x5B, 0x88, 0x20, 0x27, 0xCF, 0x75, 0x42, 0x94, 0x5D, 0xEA, 0x66, 0x79,
    0x1B, 0xB0, 0x74, 0xAB, 0x8C, 0x7B, 0xE7, 0x7E, 0x38, 0x05, 0xE7, 0x0E, 0xE6, 0x34, 0xFB, 0xD7,
    0x6E, 0x29, 0x91, 0x60, 0xC7, 0x2E, 0x75, 0x93, 0x71, 0xEB, 0xDA, 0xC9, 0x38, 0x75, 0xD5, 0xA4,
    0x86, 0xEE, 0x4D, 0x4B, 0x6C, 0x81, 0xF0, 0xEE, 0xDC, 0xA8, 0x04, 0xA4, 0xDD, 0x02, 0xE1, 0x6F,
    0x6E, 0x88, 0xC4, 0xBD, 0x6B, 0x08, 0xF1, 0x4C, 0x38, 0xAC, 0x9B, 0xAC, 0xC3, 0x67, 0xD3, 0x3C,
    0xBD, 0x25, 0xBC, 0xD7, 0x12, 0x79, 0x2B, 0x91, 0xB3, 0x12, 0xF9, 0x2A, 0x9C, 0xF3, 0x59, 0x28,
    0x70, 0xA7, 0x9C, 0x0F, 0x18, 0x67, 0x31, 0xA7, 0xBF, 0x01, 0x3E, 0xEC, 0xC2, 0x51, 0x3F, 0x95,
    0x85, 0x28, 0x21, 0xCB, 0x73, 0xD9, 0x95, 0xA3, 0x7D, 0xB3, 0xEF, 0xEA, 0x3F, 0xB5, 0xAD, 0xDB,
    0x43, 0xCE, 0xC7, 0x55, 0xBB, 0x46, 0x2C, 0xF5, 0x9A, 0xEF, 0x1A, 0xB0, 0x54, 0x8B, 0x98, 0x59,
    0xD2, 0x45, 0xA2, 0xAA, 0x5F, 0x05, 0xAE, 0xED, 0x9A, 0x35, 0x40, 0xF7, 0x9A, 0xDD, 0x91, 0xAE,
    0x0F, 0x29, 0x8A, 0xE6, 0x3D, 0x17, 0xD2, 0x0D, 0x95, 0x5B, 0x03, 0x91, 0x43, 0xBA, 0x56, 0x13,
    0x11, 0xDE, 0x27, 0xB8, 0x27, 0x45, 0xF1, 0x60, 0xC2, 0x70, 0xD4, 0x7A, 0x7F, 0xD6, 0xF7, 0x63,
    0xCF, 0x2F, 0xA5, 0x14, 0x1D, 0x2D, 0x7F, 0x36, 0x50, 0xB8, 0xFA, 0x1B, 0x3F, 0x3B, 0x98, 0x97,
    0xEF, 0x39, 0xB7, 0x8A, 0xC7, 0xF7, 0x2D, 0x17, 0x82, 0x8F, 0x6A, 0x49, 0xD5, 0xDB, 0xF3, 0x5C,
    0xA8, 0x65, 0x66, 0x7A, 0x95, 0x55, 0x06, 0x4F, 0x0F, 0xD4, 0x3F, 0x71, 0xF1, 0xCB, 0xE8, 0x40,
    0x08, 0x13, 0x8D, 0xAF, 0x16, 0x6B, 0x75, 0x9B, 0xB3, 0x1A, 0xC4, 0x65, 0x68, 0xFF, 0xE1, 0xA7,
    0x9A, 0xCB, 0x6E, 0xF9, 0x79, 0x78, 0xAC, 0x0E, 0x46, 0x3A, 0xEC, 0x36, 0x6A, 0x30, 0xB7, 0xA9,
    0xF7, 0x1B, 0x73, 0xB1, 0x31, 0xBA, 0x33, 0xB7, 0xC9, 0xF2, 0xE1, 0x7C, 0xD7, 0xC4, 0xE0, 0x6D,
    0xE3, 0xD9, 0x3A, 0x46, 0xD3, 0x75, 0x8C, 0xE6, 0xEB, 0x28, 0xBE, 0x75, 0x39, 0x5B, 0xDF, 0xBA,
    0x9C, 0xAD, 0x6F, 0x5D, 0xCE, 0xD6, 0xB7, 0x36, 0x94, 0xF7, 0xAD, 0x4B, 0x64, 0x19, 0xFB, 0xD6,
    0x98, 0x4C, 0x4B, 0xD4, 0xB7, 0x06, 0x9F, 0x4C, 0x42, 0xED, 0x76, 0x2C, 0x66, 0x48, 0xB3, 0x13,
    0xC7, 0x6B, 0x4F, 0x55, 0xAA, 0x0B, 0xAA, 0x29, 0xBF, 0xF4, 0xBF, 0x94, 0x74, 0x25, 0xE6, 0xE0,
    0x64, 0x87, 0x03, 0x04, 0xE0, 0x36, 0x95, 0x82, 0xB7, 0xCA, 0xED, 0x14, 0x64, 0xB2, 0x47, 0x12,
    0x1A, 0x78, 0x87, 0x22, 0x78, 0xDA, 0x21, 0x69, 0x59, 0xDF, 0xF1, 0xB4, 0x43, 0x48, 0x96, 0xB9,
    0xF3, 0x2B, 0x41, 0x40, 0x60, 0xE8, 0xF7, 0xC8, 0xD3, 0xBE, 0x44, 0x9E, 0x76, 0x97, 0xBC, 0xCC,
    0xCF, 0x77, 0xE3, 0xE8, 0xB0, 0x8B, 0x02, 0xCD, 0x28, 0x41, 0x17, 0x53, 0x6F, 0xDF, 0xBD, 0x55,
    0xFF, 0xC5, 0xB6, 0xD2, 0x4B, 0x6C, 0x2B, 0x3D, 0xFF, 0xA7, 0xE9, 0xAE, 0x2C, 0xE9, 0x43, 0x28,
    0x6F, 0x5F, 0x6F, 0xBB, 0xDB, 0x36, 0x37, 0x0A, 0x67, 0xA3, 0x68, 0x76, 0x0A, 0xE9, 0x95, 0x6A,
    0xB4, 0x36, 0x77, 0x34, 0xA9, 0x95, 0x6A, 0x34, 0x89, 0x15, 0x21, 0x30, 0xAD, 0x22, 0x6F, 0xC3,
    0x09, 0x5E, 0x8D, 0x26, 0xA5, 0x52, 0x8D, 0x26, 0xA1, 0x52, 0x8D, 0x26, 0x9D, 0x52, 0x8D, 0x26,
    0x99, 0x52, 0x8D, 0xC6, 0xE6, 0x6A, 0xB0, 0x83, 0x36, 0x77, 0xB4, 0x36, 0x77, 0xB4, 0x36, 0x77,
    0xB4, 0x36, 0x77, 0xB4, 0x36, 0x37, 0xF0, 0xA3, 0xDC, 0x2B, 0xCB, 0xB4, 0x1F, 0x1A, 0xA2, 0x79,
    0x3A, 0x86, 0x34, 0x75, 0x61, 0x44, 0x37, 0xA6, 0x96, 0x30, 0x61, 0xBC, 0x27, 0x9A, 0xF1, 0x6A,
    0x6A, 0x3B, 0x44, 0xC3, 0x30, 0xCF, 0x8F, 0x57, 0xFF, 0x4C, 0x6F, 0x16, 0x1B, 0xEA, 0xC9, 0x33,
    0x4E, 0xA9, 0xC2, 0x3F, 0x3E, 0x4C, 0xB3, 0xF2, 0xD7, 0x5E, 0xF1, 0xC1, 0xD7, 0x99, 0xFA, 0x0B,
    0x5D, 0xCB, 0xBD, 0x27, 0x9D, 0x8E, 0xF3, 0xA7, 0x58, 0x31, 0x37, 0xE9, 0x3F, 0xF7, 0x0F, 0xC3,
    0xC2, 0xD3, 0x6A, 0x4B, 0xD8, 0x81, 0x41, 0x6F, 0xDC, 0xED, 0x10, 0xEF, 0x78, 0xF7, 0xC1, 0xBB,
    0xAD, 0x9E, 0xEB, 0x9B, 0x77, 0xB9, 0x86, 0xAE, 0xF0, 0x1C, 0xF5, 0x8E, 0xFC, 0x98, 0xA3, 0x4B,
    0x59, 0x8F, 0x99, 0x9F, 0x80, 0x70, 0xF5, 0x1F, 0xEF, 0x36, 0x50, 0x31, 0x5E, 0xC3, 0x6F, 0x90,
    0x96, 0x4A, 0xCA, 0x75, 0xA3, 0x8C, 0xB2, 0xDB, 0x28, 0xB5, 0xD6, 0x6C, 0x41, 0x17, 0xE1, 0x04,
    0x97, 0x59, 0xFF, 0xE3, 0xF8, 0xAB, 0x5E, 0xAE, 0xB9, 0xD4, 0xAF, 0xC1, 0x7F, 0x2B, 0xB1, 0x61,
    0x19, 0x50, 0x49, 0xEE, 0x44, 0x38, 0x48, 0xEC, 0x0B, 0x01, 0xDB, 0xA4, 0x10, 0x16, 0x0F, 0x53,
    0xE6, 0xBC, 0xB2, 0x6C, 0x5D, 0xB2, 0xA2, 0x69, 0xE9, 0x4F, 0xEE, 0x3F, 0xBA, 0xF6, 0x04, 0x39,
    0xB7, 0xDD, 0x3F, 0x7D, 0xEF, 0xD6, 0x66, 0xF4, 0xC4, 0xEF, 0xDC, 0x54, 0x7B, 0x9B, 0x3A, 0x23,
    0x31, 0x37, 0xFE, 0xC5, 0xC2, 0x75, 0x0D, 0xBC, 0x6D, 0xCE, 0x1C, 0x0A, 0xA7, 0xED, 0x56, 0x98,
    0x3E, 0x3D, 0xA5, 0x53, 0xFC, 0xDD, 0x32, 0xEF, 0x8C, 0x3B, 0xFA, 0x16, 0x90, 0x9F, 0x3D, 0xD5,
    0xFE, 0x5B, 0xFC, 0x5B, 0xCF, 0x04, 0xD8, 0x93, 0x43, 0xCD, 0x09, 0xA6, 0x6F, 0x45, 0x36, 0x8E,
    0xE0, 0x00, 0x62, 0x20, 0x90, 0x62, 0xE4, 0x38, 0x5C, 0x4C, 0x54, 0xD0, 0xD2, 0xDB, 0x24, 0x97,
    0xBF, 0x98, 0x78, 0xA1, 0x76, 0x49, 0x94, 0xFB, 0x59, 0xED, 0x36, 0x92, 0x21, 0x8A, 0xCD, 0xC6,
    0x18, 0xCE, 0x12, 0xAD, 0x25, 0x2A, 0x4B, 0x14, 0x96, 0xC8, 0xD6, 0xE4, 0x39, 0x69, 0xBA, 0x63,
    0x8A, 0x00, 0x09, 0xE2, 0xB5, 0x0F, 0x2B, 0x3A, 0x1F, 0xCF, 0x11, 0x91, 0xE1, 0x5E, 0x34, 0x13,
    0x5E, 0x27, 0xEC, 0x9E, 0x20, 0x29, 0xB4, 0xFE, 0x77, 0xDE, 0x1F, 0x25, 0x29, 0x78, 0x75, 0xD2,
    0xA0, 0x15, 0xF4, 0x52, 0x78, 0xE2, 0xC8, 0x1F, 0x45, 0x29, 0xBC, 0xE3, 0x15, 0x05, 0xBA, 0xC7,
    0x28, 0x05, 0x98, 0xD8, 0xC3, 0xC4, 0x52, 0xF0, 0xCE, 0x04, 0x2C, 0x57, 0x92, 0xC2, 0x97, 0x13,
    0xF4, 0xC9, 0x45, 0x0A, 0x3E, 0x66, 0x9B, 0x44, 0x0A, 0x5E, 0x56, 0x40, 0x90, 0x14, 0xBC, 0x6D,
    0xC4, 0x4C, 0xA0, 0x23, 0x5F, 0x88, 0xDD, 0xFD, 0x05, 0x1D, 0x48, 0xE3, 0x52, 0xFB, 0xB7, 0x06,
    0xC7, 0x99, 0xB3, 0x88, 0x6A, 0xBF, 0x02, 0xF1, 0x9A, 0x25, 0x92, 0xCF, 0x95, 0x08, 0x6B, 0x9D,
    0xDC, 0x95, 0xDB, 0x04, 0xB3, 0x77, 0x44, 0xC5, 0x4C, 0xEC, 0xED, 0x49, 0x4B, 0xD3, 0x24, 0x1F,
    0x98, 0xC0, 0x49, 0xEE, 0x98, 0x40, 0xF6, 0x0E, 0x5D, 0x4A, 0x04, 0xB0, 0xB7, 0xFF, 0x78, 0x38,
    0x01, 0x81, 0xEC, 0xF5, 0xB1, 0xFE, 0xD9, 0x13, 0xC4, 0xDE, 0x12, 0x7C, 0xA7, 0x4E, 0xD8, 0xFB,
    0x78, 0x43, 0x03, 0x40, 0xEC, 0x85, 0x70, 0xB1, 0x63, 0xF6, 0xC2, 0x56, 0x33, 0x10, 0xC8, 0x5E,
    0x98, 0x6B, 0x6A, 0x27, 0x6A, 0x63, 0xFE, 0x30, 0x57, 0xAD, 0x44, 0xE9, 0xB6, 0x40, 0x64, 0x03,
    0xFD, 0x1D, 0x51, 0xB9, 0x17, 0x63, 0x68, 0xCA, 0xDD, 0x5A, 0x1D, 0x37, 0x74, 0x76, 0xBF, 0xAA,
    0xB3, 0x81, 0x4D, 0x77, 0xCB, 0xDD, 0xF0, 0x0E, 0x3F, 0x4F, 0xD8, 0xD7, 0x31, 0x3B, 0xC6, 0x13,
    0x76, 0xF1, 0x83, 0x33, 0x13, 0xF9, 0x96, 0x61, 0x8A, 0x03, 0x39, 0x9A, 0xB8, 0x6F, 0x6E, 0xE5,
    0x85, 0x39, 0x9A, 0xB4, 0xBF, 0x99, 0xD1, 0x55, 0x06, 0x8E, 0xC2, 0x76, 0x11, 0x10, 0xC8, 0x51,
    0xD8, 0x65, 0xAE, 0x67, 0xE6, 0xE8, 0xFF, 0x85, 0x1B, 0xF1, 0x84, 0x7D, 0x67, 0xC5, 0x3D, 0x1E,
    0xE2, 0xE8, 0xF7, 0x3C, 0x27, 0x9F, 0x2E, 0x09, 0x73, 0x14, 0x2D, 0xCB, 0xBF, 0x61, 0x8E, 0x3A,
    0x20, 0x1C, 0x73, 0xD4, 0x4F, 0xD7, 0xD1, 0xDB, 0x2C, 0xE2, 0xA8, 0x9F, 0xD5, 0x23, 0x94, 0x6B,
    0x20, 0x47, 0xBD, 0xD5, 0x9B, 0x86, 0x77, 0xD9, 0xF1, 0xF5, 0x21, 0xBF, 0x73, 0xE5, 0x24, 0x2E,
    0x79, 0xEE, 0x74, 0x3B, 0x18, 0x12, 0xB4, 0xBA, 0x9B, 0x8D, 0xB9, 0x9C, 0xB0, 0x37, 0x6C, 0xE7,
    0xD8, 0x00, 0xDB, 0x33, 0xE2, 0x46, 0xB7, 0xB3, 0xB1, 0xF0, 0x95, 0xEB, 0x4A, 0x17, 0x5C, 0x44,
    0xE7, 0x36, 0xE3, 0x66, 0x18, 0xBF, 0x3D, 0x73, 0x7B, 0x34, 0x47, 0xE7, 0x5B, 0x63, 0x62, 0x27,
    0xA5, 0x60, 0x88, 0x9B, 0xE4, 0x90, 0x12, 0x33, 0x2B, 0x54, 0xED, 0xC4, 0xCB, 0x6A, 0x27, 0xAF,
    0x08, 0x58, 0x59, 0x61, 0x5D, 0x02, 0xCD, 0xCD, 0xEA, 0xA9, 0x32, 0xF2, 0x54, 0xBD, 0x83, 0xC9,
    0x32, 0xE4, 0x63, 0x35, 0x3E, 0x76, 0xA2, 0x7D, 0x3D, 0x13, 0xC1, 0x7F, 0x42, 0x2E, 0x82, 0xA2,
    0xDA, 0x79, 0x5A, 0xF2, 0x98, 0x66, 0xE5, 0x68, 0xE2, 0xBC, 0x31, 0x24, 0x0F, 0xE0, 0xB3, 0x6B,
    0x18, 0x6B, 0xD6, 0xBA, 0x3A, 0x07, 0xDF, 0x19, 0xB2, 0x85, 0x53, 0x58, 0xA9, 0x6A, 0xBF, 0xCB,
    0x25, 0x70, 0x2B, 0x37, 0xD9, 0xE9, 0xD4, 0x99, 0xDC, 0x20, 0xDA, 0x3C, 0xBB, 0x6A, 0xD7, 0xDB,
    0x04, 0xB1, 0x8B, 0x65, 0x43, 0xFC, 0xAA, 0x2F, 0x49, 0x60, 0x18, 0xCF, 0x77, 0xE2, 0x18, 0x58,
    0xE9, 0x67, 0xC2, 0xB2, 0xFA, 0x5D, 0xD4, 0x07, 0xC4, 0xB3, 0xFA, 0x09, 0xEC, 0x29, 0x32, 0xD3,
    0xFC, 0x34, 0x6D, 0x7F, 0x2E, 0x46, 0xCB, 0x13, 0xCD, 0x13, 0xC3, 0xB6, 0x16, 0xB2, 0xCB, 0xC4,
    0x37, 0xF0, 0x1D, 0xDE, 0x16, 0xC6, 0xCD, 0x7E, 0x95, 0x08, 0xE7, 0x4A, 0xF8, 0x66, 0x21, 0x2A,
    0x76, 0xE7, 0x54, 0x67, 0xC5, 0xF0, 0x8C, 0xE6, 0x99, 0xAE, 0xC7, 0xE5, 0x6A, 0x25, 0xC4, 0xFE,
    0x13, 0x13, 0x0C, 0x46, 0xB3, 0xCA, 0x59, 0x4E, 0xFD, 0x51, 0x14, 0x84, 0x78, 0xBF, 0xEB, 0x72,
    0x35, 0xDD, 0x8F, 0xF3, 0xCF, 0xFE, 0xAA, 0xB6, 0x99, 0xC7, 0xF4, 0x7C, 0x53, 0x91, 0x1E, 0xD5,
    0xE7, 0x15, 0xFA, 0xC4, 0xEB, 0x5F, 0x73, 0x26, 0xAC, 0x02, 0xFC, 0xF5, 0x97, 0x97, 0x20, 0x07,
    0xB0, 0xFD, 0x94, 0x5B, 0x47, 0x51, 0xFC, 0x6C, 0x81, 0xB9, 0xC2, 0x93, 0xD6, 0x4B, 0xE3, 0x67,
    0x2B, 0xE8, 0x64, 0x30, 0x5A, 0x24, 0x90, 0x27, 0xA8, 0xE9, 0xCA, 0x30, 0x91, 0x61, 0xDB, 0x3E,
    0xED, 0x1E, 0xBB, 0x91, 0xC5, 0x32, 0x40, 0x18, 0xB9, 0xA0, 0x22, 0x47, 0xC9, 0xB4, 0x5D, 0xEB,
    0x9F, 0x2C, 0x28, 0xDB, 0x76, 0x6C, 0x30, 0x17, 0x9F, 0xB0, 0x7C, 0xEA, 0x73, 0xE5, 0xF6, 0x16,
    0x83, 0x3F, 0x9A, 0xDC, 0xFE, 0xAF, 0x4C, 0x6D, 0x48, 0x36, 0xE0, 0x2C, 0x6E, 0x3B, 0xA5, 0x31,
    0xBA, 0x30, 0xBF, 0x47, 0xED, 0x38, 0x18, 0xBA, 0xF5, 0xD6, 0x79, 0x37, 0x74, 0xB5, 0x77, 0xDE,
    0x48, 0xEE, 0x26, 0x04, 0x87, 0xC7, 0x78, 0x3B, 0xE2, 0xEB, 0x68, 0x2B, 0x33, 0x5E, 0x81, 0xA9,
    0xD8, 0x1F, 0x3C, 0x88, 0x63, 0xB4, 0xD0, 0x1E, 0xAA, 0x32, 0x8E, 0x55, 0x1A, 0x87, 0x9F, 0x1F,
    0xDD, 0xCE, 0xAC, 0x8A, 0x1F, 0xE8, 0x48, 0xAB, 0xB3, 0xEF, 0x77, 0x83, 0x52, 0x99, 0xE6, 0x8B,
    0xFA, 0x82, 0x42, 0x89, 0x3C, 0xA1, 0xFE, 0x42, 0xBC, 0x41, 0x98, 0xF2, 0x48, 0xE1, 0xCA, 0x82,
    0xD5, 0x4C, 0x14, 0xFA, 0x83, 0x95, 0xFB, 0x35, 0x52, 0xE4, 0x10, 0xE2, 0xF6, 0xD8, 0xAA, 0xC6,
    0xF2, 0x8C, 0x14, 0xC9, 0x70, 0xD8, 0xE8, 0x2F, 0xA0, 0x04, 0x61, 0x77, 0x89, 0x28, 0x94, 0x9F,
    0x43, 0xFD, 0x2C, 0x5E, 0xA1, 0x77, 0xBE, 0x73, 0xD7, 0xAD, 0xC1, 0x2B, 0xF4, 0x8E, 0xFC, 0xAA,
    0x7C, 0xBD, 0xE4, 0xEE, 0xB2, 0x86, 0x7C, 0x49, 0xFE, 0x71, 0x70, 0xF9, 0x52, 0xF7, 0xCE, 0x32,
    0x84, 0xF5, 0xD7, 0x7C, 0xB8, 0x18, 0xA7, 0xAF, 0xF8, 0x64, 0xB1, 0x5E, 0x9F, 0x5B, 0xAC, 0xDB,
    0xD7, 0x2F, 0x76, 0xDD, 0xFA, 0x65, 0x6B, 0x1C, 0xF0, 0x2A, 0xE2, 0x34, 0x4E, 0x25, 0x36, 0x9E,
    0x58, 0x21, 0x95, 0x58, 0xBA, 0x02, 0xC7, 0x6C, 0x0B, 0xB4, 0xFF, 0xAE, 0x3F, 0x33, 0xAB, 0x28,
    0x73, 0xE7, 0xE6, 0x37, 0xA0, 0x31, 0x98, 0xE7, 0x05, 0x94, 0x5B, 0x5C, 0xEA, 0x59, 0xB8, 0x5E,
    0x61, 0x7C, 0x56, 0xCC, 0xC2, 0xF7, 0xE6, 0x0C, 0xE6, 0xD9, 0xD3, 0xC4, 0x79, 0x98, 0x30, 0x25,
    0xAC, 0x2D, 0xF1, 0xC5, 0x7B, 0x34, 0x69, 0xC3, 0x59, 0xDC, 0xF1, 0x9E, 0xAA, 0x97, 0x4E, 0xC4,
    0xFF, 0x3F, 0x85, 0x09, 0x59, 0x62, 0xC6, 0x05, 0x25, 0xB0, 0xC3, 0xDF, 0x2C, 0x2F, 0xD9, 0x4F,
    0x27, 0x5A, 0x45, 0x1B, 0x04, 0x03, 0x3E, 0x52, 0xF0, 0x26, 0x12, 0xA5, 0xB0, 0xA1, 0xBD, 0xDB,
    0x21, 0x14, 0x4F, 0xC9, 0x4B, 0xCF, 0xC0, 0xFE, 0x75, 0x92, 0x36, 0xD8, 0xC8, 0x4D, 0xB9, 0x88,
    0x7E, 0xC1, 0xE5, 0x50, 0x7E, 0xE2, 0x24, 0x4F, 0x85, 0x73, 0xAA, 0xFC, 0xAD, 0xEA, 0x36, 0xB0,
    0xAB, 0xFE, 0xEF, 0x4B, 0x90, 0x83, 0xD1, 0xA6, 0x4D, 0xA0, 0xE1, 0x86, 0xDA, 0x5F, 0xCC, 0xD1,
    0xA2, 0xB2, 0x56, 0x55, 0xB7, 0x59, 0x22, 0x05, 0x76, 0xA0, 0xEB, 0x03, 0x8D, 0xF7, 0xE7, 0xB8,
    0x91, 0xD7, 0x93, 0x50, 0x23, 0xFB, 0x0B, 0xF4, 0xC7, 0x9F, 0xB1, 0x93, 0x24, 0xA1, 0x1D, 0x06,
    0x0B, 0xB5, 0xA8, 0x5C, 0xD9, 0xED, 0xE2, 0x25, 0xDB, 0xB2, 0xC3, 0x24, 0x0A, 0x52, 0x2E, 0x2C,
    0x58, 0x96, 0x27, 0x8B, 0x51, 0x9C, 0x21, 0x12, 0x1A, 0xCB, 0x0A, 0x45, 0xD4, 0x81, 0xE6, 0x41,
    0x2F, 0xDD, 0xFD, 0xBF, 0xC7, 0x6B, 0xF0, 0x22, 0x6A, 0xE2, 0x59, 0x4A, 0xB3, 0x89, 0xFD, 0x0F,
    0xFF, 0xD6, 0x7C, 0x44, 0x2F, 0x06, 0x0C, 0xAF, 0xB7, 0xB3, 0x90, 0x07, 0xA9, 0xB0, 0x00, 0x52,
    0x2F, 0xFE, 0xC5, 0x0B, 0x06, 0x5E, 0x90, 0xFB, 0xCD, 0x1D, 0x57, 0xBC, 0xD0, 0x77, 0x78, 0xE4,
    0x62, 0x27, 0xFA, 0x6B, 0x32, 0xD7, 0x4F, 0x51, 0x92, 0x49, 0x32, 0x2D, 0xB2, 0x00, 0xC4, 0xE2,
    0xCB, 0x55, 0xBD, 0x81, 0xED, 0x50, 0x7F, 0x26, 0xDA, 0x8B, 0xCA, 0x0E, 0x6E, 0x05, 0xE3, 0x7E,
    0x12, 0x50, 0x9D, 0xC2, 0x05, 0x23, 0x3F, 0x28, 0x11, 0x7B, 0x1B, 0x52, 0x48, 0xFF, 0xE4, 0xA6,
    0xB7, 0x60, 0x57, 0x73, 0xAE, 0xD7, 0xEF, 0xB6, 0xC0, 0xA5, 0xD4, 0xBD, 0x4D, 0x05, 0x09, 0xED,
    0xEE, 0x65, 0xE8, 0x9F, 0xAA, 0x00, 0x5D, 0x92, 0xB8, 0x73, 0xB6, 0x65, 0xA4, 0x35, 0x56, 0xDC,
    0xB1, 0x61, 0xEB, 0x9B, 0x02, 0xE7, 0x1C, 0x57, 0x5D, 0x20, 0x47, 0x1D, 0xCE, 0x40, 0x34, 0x85,
    0x2E, 0xA1, 0xAD, 0xDE, 0x9D, 0x1E, 0x1F, 0xBF, 0xA2, 0xE3, 0xAF, 0xE8, 0x99, 0x0B, 0x75, 0x27,
    0x49, 0xF3, 0x2C, 0xC5, 0xB9, 0x54, 0x32, 0xD7, 0x52, 0x11, 0xFD, 0x23, 0x98, 0x10, 0x91, 0x1D,
    0xBC, 0x97, 0x92, 0xB5, 0x4D, 0xD3, 0x4B, 0x56, 0x36, 0x51, 0xB2, 0xAE, 0x99, 0x62, 0xDB, 0xC8,
    0x14, 0x5B, 0x46, 0x4F, 0x7D, 0x55, 0xEC, 0x22, 0x50, 0x50, 0xAA, 0x2A, 0x56, 0xB1, 0x1E, 0x61,
    0x87, 0x8D, 0x56, 0x33, 0x38, 0x2B, 0x34, 0x75, 0x60, 0x2D, 0xF7, 0x9E, 0xC2, 0x7A, 0x1C, 0xB2,
    0x87, 0xA7, 0xEA, 0x3D, 0x2C, 0x55, 0xC1, 0x75, 0x0C, 0x0E, 0xE3, 0x46, 0x89, 0x25, 0x9C, 0x31,
    0x50, 0xA2, 0x71, 0x0E, 0x39, 0x6B, 0xAE, 0x00, 0x53, 0x19, 0x2B, 0x85, 0x92, 0x0E, 0x81, 0xAD,
    0x8B, 0xAA, 0x88, 0x40, 0xDD, 0x84, 0x74, 0x69, 0x73, 0xB1, 0x45, 0x6F, 0x5E, 0x47, 0x3C, 0xDA,
    0x13, 0xEB, 0x27, 0x2F, 0xB6, 0x66, 0xC6, 0xB8, 0x34, 0x98, 0x34, 0x79, 0x21, 0x57, 0xD9, 0x70,
    0xB5, 0x32, 0x3C, 0xAD, 0x46, 0xE3, 0x2A, 0x8F, 0xC6, 0x55, 0xE6, 0x31, 0xBA, 0xCA, 0x18, 0x3E,
    0xB0, 0xAB, 0x3C, 0xE6, 0xC6, 0x55, 0xCE, 0xAD, 0xAB, 0x9C, 0x7F, 0x0A, 0x57, 0x39, 0xB5, 0xAE,
    0xF2, 0x1A, 0xDC, 0xE3, 0xF2, 0x72, 0xDD, 0x55, 0x1E, 0x6E, 0xB8, 0xCA, 0xEB, 0x73, 0x5C, 0xE5,
    0x5D, 0x07, 0xAF, 0xB8, 0x13, 0x0D, 0x5A, 0xB0, 0xA2, 0x1D, 0xBA, 0x8C, 0x6B, 0x0E, 0x8F, 0xE9,
    0xF6, 0x6C, 0x47, 0xB7, 0xD0, 0xCD, 0x58, 0xBE, 0x77, 0x01, 0xC7, 0x1C, 0xBF, 0x8F, 0x17, 0x55,
    0x8A, 0x3B, 0x9F, 0xE7, 0x1D, 0x37, 0x12, 0x6A, 0xC8, 0x0A, 0x0D, 0x33, 0x6A, 0x3D, 0x07, 0x96,
    0xBE, 0x82, 0x9B, 0x26, 0xFF, 0x7E, 0x03, 0x73, 0x06, 0x85, 0x74, 0x03, 0x32, 0xCE, 0x3F, 0x49,
    0x9F, 0xED, 0x54, 0x04, 0x37, 0x24, 0xE0, 0xD0, 0xE0, 0x9F, 0x80, 0x27, 0xDC, 0xE1, 0x91, 0x1F,
    0xF9, 0x7F, 0x7B, 0x03, 0xEB, 0xCD, 0xFB, 0xE1, 0x7B, 0x81, 0xFA, 0x64, 0x98, 0xA5, 0x9C, 0x62,
    0xDD, 0x4D, 0x6C, 0x44, 0x53, 0x68, 0x3F, 0xEE, 0x72, 0x14, 0x32, 0x48, 0xF7, 0xA3, 0x6F, 0x7A,
    0x9B, 0x50, 0xF7, 0xC5, 0xAE, 0xB7, 0xC4, 0x2E, 0x37, 0xDC, 0xDD, 0x95, 0xD5, 0x96, 0x61, 0xD1,
    0x38, 0x2F, 0xB6, 0x02, 0xA6, 0xA6, 0xF8, 0xA0, 0xD5, 0x52, 0x6E, 0xBA, 0xD4, 0x60, 0x61, 0xA8,
    0xF7, 0xE9, 0x25, 0xE5, 0x43, 0x64, 0x5A, 0x68, 0x90, 0x41, 0x81, 0x83, 0x03, 0xE4, 0x77, 0x7A,
    0xA2, 0x19, 0x65, 0x99, 0xD1, 0x02, 0x61, 0x8F, 0xD3, 0xAC, 0x1D, 0x94, 0xBE, 0x2C, 0x1D, 0x9C,
    0x16, 0x92, 0xC8, 0xC4, 0xEF, 0xA9, 0xCB, 0x08, 0x0C, 0x64, 0xDF, 0x85, 0xC0, 0x33, 0x54, 0x34,
    0x79, 0x7F, 0xF3, 0xD1, 0x66, 0x17, 0xD4, 0xC5, 0x06, 0x9E, 0xA3, 0x59, 0x4E, 0xCF, 0x6E, 0x9F,
    0x9B, 0x38, 0xC5, 0xE5, 0x80, 0x92, 0x95, 0xC2, 0xCA, 0x4B, 0x22, 0xA0, 0x40, 0x4F, 0x09, 0xFF,
    0xFF, 0x73, 0x0D, 0xF1, 0x3F, 0xB0, 0xD7, 0x75, 0xCD, 0x8C, 0xDF, 0xCD, 0x73, 0xC2, 0x07, 0xEC,
    0xC5, 0x05, 0xA3, 0xFB, 0x1D, 0xA3, 0xA5, 0x7C, 0xA9, 0xD9, 0xC8, 0x3D, 0xF1, 0xCE, 0xC2, 0xAA,
    0xA6, 0xCE, 0xF1, 0x6F, 0x70, 0xF1, 0xFD, 0x07, 0xFE, 0x0C, 0xB2, 0xF7, 0x55, 0xCF, 0x9F, 0x7A,
    0xD4, 0x14, 0xD5, 0x70, 0xAE, 0xC5, 0xB3, 0x4F, 0x1F, 0xFB, 0x27, 0x18, 0x65, 0x01, 0x52, 0xED,
    0x25, 0xAF, 0x40, 0x08, 0xFD, 0x47, 0x8D, 0xB9, 0xBA, 0xA0, 0x8B, 0xF8, 0xAC, 0x05, 0xFF, 0xF0,
    0x0D, 0xB4, 0x60, 0xCA, 0x14, 0x3E, 0xD6, 0x6B, 0x6D, 0x59, 0x65, 0x4B, 0x22, 0x87, 0xBF, 0x1D,
    0x6D, 0xDA, 0x64, 0xB4, 0x69, 0x93, 0xD1, 0x06, 0x6D, 0x36, 0xCF, 0x67, 0x33, 0xFF, 0x77, 0xCA,
    0xF9, 0xCC, 0x1C, 0xDD, 0x6F, 0x8D, 0x89, 0xB7, 0xD6, 0x52, 0x58, 0x3B, 0x61, 0xAC, 0x04, 0x8C,
    0xD3, 0x85, 0xF9, 0xEA, 0xC7, 0xCD, 0xCE, 0x6C, 0x85, 0xD2, 0x46, 0xEF, 0x91, 0x51, 0x66, 0x6A,
    0x04, 0x77, 0x93, 0x98, 0xDA, 0x8C, 0xBD, 0x5F, 0xD3, 0xC4, 0xD3, 0xE6, 0x1D, 0xC8, 0xB1, 0x10,
    0x4B, 0x9B, 0x77, 0xD1, 0x7A, 0xD2, 0x84, 0x75, 0x73, 0x2E, 0x3E, 0x76, 0xE3, 0x4E, 0x1A, 0xDA,
    0x37, 0x5B, 0x08, 0xF3, 0xBD, 0x62, 0xCF, 0x8D, 0xEE, 0xD2, 0x71, 0x16, 0x6F, 0x83, 0xE6, 0xCB,
    0xF5, 0xB1, 0xCD, 0x9E, 0xA6, 0xEB, 0x8D, 0xD2, 0x8F, 0xFD, 0xE6, 0xDE, 0x96, 0x64, 0x51, 0xBD,
    0x33, 0xB0, 0xD1, 0xD8, 0x47, 0xCD, 0x3A, 0xCE, 0x71, 0x4C, 0x3C, 0x2C, 0x16, 0xB8, 0x3F, 0xF1,
    0x10, 0xDC, 0x05, 0x89, 0x5C, 0xBC, 0x2F, 0xDB, 0x48, 0xDC, 0x92, 0x2F, 0x50, 0x96, 0x4F, 0x3C,
    0x4C, 0xBD, 0x0E, 0xD1, 0x98, 0x65, 0x70, 0x1F, 0x9B, 0x88, 0x25, 0x0D, 0xF1, 0xCA, 0x94, 0x6A,
    0xB4, 0xB2, 0xE3, 0xF3, 0x53, 0xAC, 0x32, 0xE1, 0x58, 0x22, 0x95, 0xD4, 0xC4, 0x29, 0xA9, 0x89,
    0x52, 0x74, 0xFC, 0xC8, 0x3F, 0xF6, 0x1A, 0x7C, 0xD8, 0xD4, 0x28, 0xF7, 0x27, 0x26, 0x3A, 0xF9,
    0xC7, 0xF5, 0x6A, 0xDA, 0x3A, 0xB5, 0x59, 0xEB, 0xDE, 0x46, 0x25, 0xAB, 0x2D, 0x60, 0x37, 0xFC,
    0xB7, 0x3C, 0xFF, 0xF1, 0x0B, 0xCC, 0x43, 0x72, 0xEA, 0x82, 0x06, 0xDD, 0x82, 0x02, 0x85, 0xF1,
    0xEF, 0x64, 0x2D, 0x6D, 0xE2, 0xCA, 0xF2, 0x18, 0x78, 0x08, 0x9F, 0x12, 0xE5, 0xE9, 0x63, 0x6F,
    0xA8, 0xB0, 0x42, 0x1E, 0x82, 0xB5, 0xDF, 0x84, 0x87, 0xE7, 0xC7, 0x17, 0xB1, 0xAD, 0x5E, 0x37,
    0x6C, 0x1B, 0xF3, 0x10, 0x72, 0x65, 0x5C, 0x03, 0x0E, 0xB6, 0x54, 0xE3, 0x83, 0x3D, 0x6C, 0x84,
    0x40, 0x40, 0xAE, 0x9B, 0x21, 0x50, 0x86, 0xB1, 0x99, 0x7D, 0x70, 0x19, 0x97, 0xE6, 0x00, 0x45,
    0x3A, 0xC7, 0xF5, 0x2F, 0x9F, 0x62, 0x6C, 0x8F, 0xFD, 0x94, 0xE7, 0x28, 0xB2, 0x18, 0x30, 0x25,
    0xE2, 0xED, 0x98, 0x8F, 0x82, 0x60, 0x7C, 0xF1, 0xCE, 0xE3, 0xC4, 0xE3, 0x0D, 0x76, 0xFB, 0x0B,
    0xF8, 0xAA, 0x67, 0x28, 0x9D, 0x7D, 0x05, 0x0A, 0xC6, 0x20, 0x99, 0xEE, 0x63, 0xAC, 0xA4, 0xFD,
    0x1B, 0x3C, 0x8E, 0xD3, 0x35, 0xFE, 0x1B, 0xD7, 0x9F, 0xCC, 0xE0, 0xFD, 0xCE, 0x35, 0x26, 0xE6,
    0x21, 0x5B, 0x5A, 0x6F, 0x0D, 0x64, 0xFA, 0x71, 0x8C, 0xF3, 0xB4, 0x5C, 0x5B, 0xCC, 0x56, 0xF9,
    0x3B, 0xEE, 0x5E, 0x0D, 0xA3, 0x37, 0xEC, 0xE3, 0x42, 0x37, 0x8C, 0x10, 0xDD, 0x78, 0xDE, 0xE2,
    0x36, 0x0E, 0x8C, 0xD1, 0x2B, 0xF6, 0x41, 0x2E, 0x9E, 0x33, 0x03, 0x43, 0x07, 0x3B, 0x7C, 0x58,
    0x83, 0xF8, 0x0C, 0x75, 0x97, 0x44, 0x5B, 0xE0, 0x0D, 0x6B, 0xE4, 0xB5, 0x98, 0xF1, 0x6B, 0x71,
    0x49, 0xC3, 0xE7, 0x3D, 0x8E, 0xF5, 0xE4, 0xF5, 0xA1, 0xB1, 0xEF, 0xC6, 0xBA, 0xD3, 0xD4, 0xCC,
    0xA1, 0xD8, 0x83, 0x57, 0x37, 0xF8, 0x15, 0x34, 0x31, 0x73, 0x4D, 0x34, 0x8F, 0xF9, 0xFC, 0x58,
    0x96, 0x36, 0xBC, 0xC0, 0xB3, 0xD2, 0x47, 0xB0, 0xFE, 0x36, 0x70, 0xC8, 0xC0, 0xBF, 0x8A, 0xC5,
    0xE3, 0xE0, 0x61, 0xE6, 0x58, 0xF5, 0xE1, 0xD9, 0xF6, 0x4B, 0xD8, 0x25, 0xAF, 0x60, 0x43, 0x66,
    0xC9, 0x36, 0x7A, 0x15, 0x6D, 0x70, 0x3E, 0xB3, 0x96, 0xF7, 0x1E, 0xD6, 0x8C, 0x67, 0xD1, 0x40,
    0x0C, 0x30, 0xE4, 0x2C, 0x41, 0x3E, 0x63, 0x4C, 0x0B, 0x29, 0x02, 0x09, 0x92, 0x21, 0xE9, 0x21,
    0x4C, 0x77, 0x9B, 0x96, 0x22, 0x34, 0xEE, 0x1D, 0x65, 0xC3, 0xF0, 0x61, 0x28, 0x42, 0x30, 0xE1,
    0xAD, 0x19, 0xB6, 0xF3, 0x2D, 0xEE, 0x09, 0xFB, 0xE2, 0x0B, 0x3A, 0x82, 0x50, 0x03, 0xB4, 0xE0,
    0x2A, 0x02, 0x27, 0x70, 0xA7, 0x50, 0x68, 0xA7, 0xCD, 0xB3, 0x3D, 0x61, 0xF7, 0x8F, 0x9D, 0x3F,
    0x74, 0xFD, 0x76, 0xDC, 0x81, 0x80, 0x5A, 0x14, 0x70, 0xFB, 0xB0, 0x84, 0x08, 0x26, 0x4A, 0xC6,
    0x91, 0x13, 0xB8, 0x16, 0x70, 0xA1, 0x42, 0x60, 0x74, 0xF6, 0x68, 0x8B, 0x61, 0x4F, 0x82, 0xA3,
    0xC7, 0x6E, 0x9E, 0x38, 0x79, 0xEC, 0xE2, 0xF1, 0xB9, 0x19, 0xE2, 0x13, 0x9F, 0x0A, 0xEA, 0xF1,
    0x2D, 0x85, 0xFB, 0x00, 0x5D, 0x20, 0x4A, 0xAE, 0x0D, 0x54, 0x92, 0xD4, 0xD2, 0xA5, 0xA1, 0x5B,
    0xFB, 0xF5, 0xB4, 0x93, 0x97, 0x48, 0x37, 0xE3, 0x62, 0x99, 0x5A, 0xEB, 0x79, 0xF1, 0xE7, 0x7F,
    0xC5, 0xEE, 0xE2, 0xE9, 0x3E, 0x2A, 0xF2, 0x18, 0x63, 0x97, 0xD1, 0xA8, 0x3C, 0x1B, 0xA2, 0xF9,
    0x78, 0xFF, 0xAF, 0x42, 0x88, 0x36, 0x74, 0xF9, 0x1E, 0x52, 0x97, 0x03, 0x9E, 0x79, 0x12, 0xBF,
    0x71, 0xC0, 0x63, 0x4B, 0xE2, 0x38, 0x0E, 0xDF, 0xA3, 0x3D, 0x4E, 0x4E, 0x5A, 0x3A, 0x57, 0x8D,
    0x9A, 0xB2, 0xF4, 0x8C, 0xD7, 0xFD, 0xB7, 0xDA, 0xEB, 0x88, 0x53, 0x39, 0x25, 0xC6, 0x79, 0x54,
    0x41, 0x17, 0x17, 0x4B, 0xA1, 0x76, 0x37, 0x1B, 0x72, 0x36, 0x60, 0x43, 0x87, 0x24, 0x0E, 0xCA,
    0x86, 0x53, 0x98, 0x5A, 0xA7, 0x10, 0x62, 0xA0, 0x0F, 0xB9, 0x46, 0x41, 0xD9, 0x94, 0xC4, 0xDB,
    0x17, 0xCA, 0xCF, 0xF5, 0xEE, 0x80, 0x18, 0xE8, 0xBF, 0x32, 0xF1, 0x0E, 0x4A, 0xE0, 0x69, 0x39,
    0x2E, 0x6A, 0x6A, 0x65, 0x29, 0x2E, 0xB2, 0x10, 0x17, 0x59, 0x86, 0x8B, 0x2C, 0xC2, 0x85, 0x75,
    0x17, 0x0C, 0x60, 0x01, 0x82, 0x1B, 0x83, 0x7B, 0xEB, 0xF0, 0x66, 0x50, 0x59, 0xD5, 0xC8, 0xBE,
    0x44, 0x75, 0xE6, 0x81, 0x9B, 0x68, 0x40, 0x75, 0xF7, 0x94, 0x33, 0x7A, 0x87, 0x06, 0x53, 0xF3,
    0xD1, 0x42, 0x9E, 0x6D, 0x4E, 0xE1, 0x66, 0x7D, 0x4E, 0x9C, 0xAC, 0x46, 0x5A, 0x96, 0xC5, 0xCA,
    0xC9, 0xBB, 0x74, 0x11, 0x2F, 0xE5, 0x75, 0x18, 0x0C, 0x77, 0x03, 0x4E, 0x33, 0xE2, 0xC5, 0x04,
    0x26, 0x8B, 0xD6, 0x13, 0x18, 0x70, 0x5A, 0x52, 0xF9, 0x22, 0xAB, 0xAA, 0x98, 0x65, 0x61, 0xA1,
    0xA4, 0x70, 0x6D, 0xE1, 0x26, 0x14, 0x2E, 0x2F, 0xDA, 0x5A, 0x85, 0x15, 0x06, 0xBF, 0xA5, 0x45,
    0x06, 0x23, 0x5A, 0x67, 0x74, 0x42, 0x13, 0x66, 0xB2, 0x57, 0x0F, 0xBC, 0xDA, 0xC0, 0xB9, 0xA2,
    0x05, 0x87, 0x6C, 0xC2, 0x35, 0x07, 0xCE, 0x14, 0x2D, 0xBB, 0x6C, 0x95, 0x95, 0x47, 0xCE, 0x04,
    0x2C, 0x3E, 0x1A, 0xC1, 0xFA, 0x23, 0xA7, 0x0B, 0x84, 0xC8, 0xAE, 0x80, 0x5F, 0x85, 0xC5, 0x22,
    0x8B, 0x86, 0x13, 0x64, 0xC5, 0x2E, 0xF5, 0x64, 0xE9, 0x5E, 0xE9, 0xDE, 0x41, 0xA5, 0x76, 0x2F,
    0x3E, 0xCD, 0xC5, 0xDC, 0xB8, 0x1C, 0xAF, 0xC8, 0x4F, 0x3C, 0x7B, 0xCA, 0x47, 0x48, 0x5F, 0xF1,
    0x0E, 0x19, 0xF2, 0xE2, 0x91, 0x1B, 0x69, 0xAB, 0x4D, 0xCE, 0x8C, 0x56, 0x7C, 0x5C, 0x74, 0x70,
    0x7F, 0x43, 0x69, 0x96, 0xA7, 0x9F, 0x60, 0x45, 0xF7, 0x96, 0x83, 0xA2, 0x2B, 0x20, 0xD0, 0x80,
    0xFB, 0x6C, 0x7C, 0x02, 0xE2, 0x42, 0x73, 0xBE, 0xE4, 0x73, 0xAA, 0x60, 0x2D, 0xF1, 0xC4, 0xEC,
    0x63, 0x37, 0xD1, 0x7D, 0xFA, 0x8D, 0x2A, 0xB4, 0x73, 0xF7, 0x03, 0xAA, 0xD4, 0x6E, 0x3F, 0xA2,
    0x2B, 0xE8, 0x50, 0xB8, 0xC2, 0x06, 0x0B, 0x32, 0xC0, 0xDB, 0xC0, 0xCC, 0xDB, 0xDA, 0xFD, 0x3B,
    0x33, 0x46, 0xC7, 0xEE, 0xD7, 0x33, 0x4E, 0xF8, 0xE7, 0x56, 0x6C, 0x17, 0x73, 0xAC, 0x53, 0xC6,
    0xFB, 0x28, 0xA3, 0x53, 0xDA, 0x93, 0xD5, 0x29, 0xED, 0xC9, 0xEA, 0x14, 0xA0, 0x70, 0x85, 0xA4,
    0x54, 0x0E, 0xA7, 0x3B, 0x7A, 0x5B, 0xB1, 0x21, 0xC5, 0xDB, 0xF9, 0x8F, 0xC3, 0x66, 0xC8, 0x00,
    0xC5, 0xD7, 0xAA, 0x53, 0x9C, 0xB7, 0x43, 0x18, 0x5A, 0x73, 0x0A, 0xD7, 0x7F, 0x43, 0x4D, 0xFB,
    0xA0, 0xD3, 0x05, 0x69, 0x38, 0x76, 0xAB, 0xFC, 0x34, 0x6F, 0x4F, 0xAC, 0x53, 0x1C, 0xD8, 0x79,
    0xDD, 0x60, 0x40, 0xB5, 0xA0, 0x14, 0x9A, 0x17, 0xA5, 0x50, 0xB1, 0x2A, 0x55, 0xB8, 0x68, 0x63,
    0xE2, 0xAD, 0x88, 0x7A, 0xF5, 0xCE, 0xA6, 0xC5, 0x67, 0x42, 0xE5, 0x36, 0x51, 0x99, 0xCF, 0x31,
    0xC1, 0x6C, 0xEF, 0xCA, 0xFD, 0x9B, 0xAA, 0x91, 0xE6, 0xDE, 0x7D, 0xA8, 0xC4, 0x46, 0x41, 0x03,
    0xCA, 0x23, 0x73, 0x1B, 0xAC, 0x4F, 0x16, 0x07, 0x56, 0x70, 0x8B, 0x34, 0xFC, 0x97, 0xAE, 0x74,
    0xA3, 0xBA, 0x99, 0x40, 0xCD, 0xB2, 0x5B, 0x0B, 0x95, 0x14, 0x17, 0x89, 0x0D, 0xDA, 0x99, 0x6B,
    0x3F, 0x21, 0x38, 0x80, 0x9D, 0x08, 0xC9, 0x1A, 0x15, 0xAB, 0x57, 0x58, 0x17, 0xD9, 0xA8, 0xBE,
    0xB4, 0x2B, 0x10, 0xE4, 0xDB, 0x9E, 0x2B, 0x24, 0x58, 0x0A, 0xD9, 0x4A, 0xB3, 0x71, 0xD1, 0x02,
    0x36, 0xF3, 0x7D, 0xFE, 0xB0, 0x88, 0x17, 0xAD, 0xAC, 0xE8, 0xCF, 0x66, 0xB6, 0x83, 0xD1, 0xD0,
    0xC9, 0x0E, 0xDB, 0x83, 0x3A, 0xD7, 0xC1, 0xBD, 0xD7, 0xA9, 0x0E, 0x01, 0xB5, 0xCE, 0x74, 0xA8,
    0xF8, 0x69, 0x65, 0xA2, 0x83, 0x56, 0x6F, 0x65, 0x9E, 0x27, 0x34, 0xE9, 0x89, 0xBD, 0xB9, 0x9B,
    0x1A, 0x9D, 0xE5, 0x0D, 0x1C, 0xB1, 0x97, 0x49, 0xEE, 0x26, 0x4A, 0x5C, 0x53, 0x00, 0x76, 0xB2,
    0x93, 0x7A, 0xEF, 0x0C, 0x81, 0x49, 0x51, 0xDD, 0x33, 0x72, 0x66, 0xBE, 0x79, 0xCD, 0x63, 0x26,
    0x5F, 0xB3, 0x1A, 0x22, 0x77, 0x76, 0x5A, 0x46, 0x3B, 0xAC, 0xB5, 0x25, 0x0A, 0x4B, 0xC4, 0xA5,
    0x9B, 0x7E, 0xD6, 0xBD, 0xD0, 0xDE, 0x36, 0x96, 0x56, 0xB2, 0x5D, 0xFD, 0x1E, 0x7A, 0xB4, 0x62,
    0x5B, 0x7F, 0x4A, 0x3D, 0x0F, 0x98, 0xA3, 0x3D, 0x06, 0x04, 0xC2, 0xD1, 0x4B, 0xFD, 0xBE, 0xD8,
    0x59, 0x6F, 0x07, 0x86, 0x4F, 0x16, 0x2D, 0xC8, 0x5A, 0x61, 0x29, 0x68, 0x9E, 0x05, 0x8B, 0xD0,
    0xB9, 0x14, 0xA8, 0x9F, 0xAB, 0x45, 0x4B, 0x81, 0xDA, 0x89, 0x6D, 0x2F, 0x16, 0x74, 0xB1, 0xFD,
    0x5D, 0xC0, 0x3C, 0xB6, 0x9A, 0x17, 0xF0, 0x06, 0x66, 0x08, 0xC1, 0xFD, 0x96, 0x9A, 0x2C, 0xC1,
    0xF0, 0xAD, 0x35, 0x10, 0xAD, 0x9B, 0x4D, 0x99, 0x00, 0x6D, 0xEC, 0x09, 0x6B, 0xBA, 0x28, 0x3B,
    0xF0, 0xB2, 0xC4, 0x70, 0xDD, 0xB3, 0x8B, 0xC6, 0x9C, 0x16, 0xD8, 0x8C, 0x87, 0xE7, 0x8C, 0x7F,
    0x37, 0xF8, 0xD9, 0xC1, 0xBC, 0x2C, 0xD0, 0x10, 0x70, 0x99, 0x00, 0x6E, 0xBE, 0xB3, 0x16, 0x9E,
    0x0A, 0xF5, 0xEB, 0xFC, 0x3C, 0xE8, 0x65, 0x66, 0x7A, 0x5F, 0xB0, 0x09, 0x3E, 0x1D, 0x1A, 0x4A,
    0xE4, 0xE2, 0x57, 0xC9, 0x68, 0x32, 0x13, 0x71, 0x2C, 0x8B, 0xDE, 0x1E, 0x22, 0x6D, 0x6D, 0x0A,
    0x4A, 0xDD, 0xB8, 0x9F, 0x0C, 0x9B, 0xD9, 0xF3, 0x9F, 0xC3, 0x78, 0x4F, 0x6C, 0x05, 0x9C, 0x49,
    0xB1, 0x8F, 0x76, 0xB7, 0xF2, 0xC6, 0x5C, 0xB4, 0x9B, 0x63, 0xD5, 0x66, 0x1D, 0x3C, 0xB3, 0xF3,
    0xFC, 0x75, 0xC3, 0xDC, 0x57, 0xBF, 0xD8, 0xE8, 0xF8, 0x5C, 0x37, 0x3A, 0x5E, 0xFC, 0x27, 0x8D,
    0x77, 0x9B, 0xA3, 0x9B, 0x14, 0xD1, 0xE9, 0x89, 0x3C, 0xA2, 0xB2, 0xE5, 0x66, 0x85, 0xEC, 0x17,
    0xDB, 0x2C, 0x0F, 0xD8, 0x66, 0x79, 0x91, 0x9F, 0xB7, 0x92, 0x2B, 0x4B, 0x9A, 0x4E, 0xC3, 0x5D,
    0x7B, 0xFD, 0xCE, 0x71, 0xC8, 0xE1, 0x56, 0xA8, 0x1A, 0x13, 0x6C, 0x73, 0x27, 0xAC, 0x7E, 0x36,
    0x36, 0x57, 0xF3, 0xC5, 0x50, 0x17, 0x97, 0xA8, 0xCD, 0x5D, 0x90, 0x20, 0x0B, 0x51, 0xEE, 0x44,
    0x90, 0xCD, 0x75, 0x48, 0x88, 0xCD, 0x05, 0x42, 0x6C, 0x2E, 0xBE, 0x8D, 0x44, 0x04, 0x75, 0xA7,
    0x6D, 0x12, 0x6C, 0x2E, 0x12, 0x6A, 0x73, 0xDB, 0xC4, 0xDA, 0xDC, 0xC4, 0xDA, 0xDC, 0xC4, 0xDA,
    0xDC, 0xC4, 0xDA, 0xDC, 0xC4, 0xDA, 0x5C, 0xB3, 0xAD, 0xBF, 0xB4, 0x76, 0x16, 0xDB, 0xD2, 0xEE,
    0x61, 0x30, 0x19, 0xE3, 0xDA, 0x88, 0xCE, 0x74, 0xDF, 0xF0, 0x44, 0x6A, 0x89, 0x64, 0xB8, 0x9A,
    0x65, 0x3E, 0xF0, 0x7A, 0xBB, 0x3B, 0x40, 0xC9, 0x70, 0xC6, 0x5A, 0x4F, 0x3D, 0xE9, 0xFD, 0xA8,
    0x19, 0x49, 0xF2, 0x66, 0x4A, 0x5C, 0x86, 0x93, 0x2B, 0x33, 0x9E, 0xC3, 0xDD, 0xAA, 0x0F, 0xF7,
    0x94, 0x76, 0x9C, 0xDF, 0xA3, 0xBB, 0x40, 0x47, 0x13, 0xD4, 0x04, 0x05, 0xE4, 0xE9, 0xCE, 0x92,
    0xF1, 0xD9, 0x59, 0x67, 0xB0, 0x7E, 0xF7, 0x7F, 0x77, 0xA0, 0xD2, 0xFC, 0x0F, 0x06, 0x50, 0xC8,
    0x98, 0xCB, 0x06, 0x55, 0x03, 0x1E, 0xC4, 0x80, 0xDA, 0xC9, 0x73, 0x9A, 0x8A, 0x74, 0x7B, 0xDE,
    0x85, 0x4A, 0xFE, 0xC8, 0x4D, 0x03, 0x75, 0xDE, 0x28, 0xD7, 0x81, 0xFA, 0x55, 0x79, 0x26, 0x55,
    0xA4, 0xCF, 0x2B, 0xC7, 0x15, 0x2D, 0x61, 0xE6, 0xB9, 0xEB, 0xF3, 0x6C, 0xBD, 0x3E, 0x14, 0x0E,
    0x10, 0x13, 0x90, 0x07, 0x3A, 0x1C, 0x64, 0x08, 0x7C, 0x80, 0x21, 0x73, 0x22, 0x5B, 0x95, 0x17,
    0x90, 0x75, 0x67, 0x6E, 0xC0, 0x1B, 0x98, 0x1F, 0x30, 0x6C, 0xA1, 0x4F, 0xCF, 0xA5, 0x83, 0xA1,
    0xE7, 0xC9, 0x9F, 0xB8, 0x1F, 0x4E, 0x74, 0x33, 0xBF, 0x90, 0xEB, 0x0B, 0xC7, 0xAB, 0x90, 0xB8,
    0xD4, 0xA1, 0xDB, 0xF8, 0x0D, 0x7B, 0xB1, 0xBE, 0x2D, 0x32, 0xF1, 0x71, 0x27, 0x0F, 0x7B, 0x77,
    0x96, 0xA1, 0x9F, 0xDA, 0x6F, 0x9B, 0x73, 0xF6, 0x3A, 0x2C, 0x57, 0x19, 0xFA, 0x80, 0x50, 0x86,
    0x15, 0xD6, 0xC2, 0xF0, 0x96, 0x5A, 0x12, 0xDE, 0x70, 0x91, 0xA1, 0xD7, 0xE1, 0x7A, 0x87, 0xCC,
    0xFD, 0xCA, 0x14, 0x16, 0xAD, 0x61, 0x29, 0xAF, 0xD7, 0x8A, 0xC8, 0x4D, 0x31, 0x51, 0xF6, 0x97,
    0xD1, 0x94, 0xFB, 0xFA, 0xA1, 0xCA, 0xEB, 0x0E, 0x39, 0xA8, 0xEE, 0x7D, 0x06, 0x2D, 0x25, 0x84,
    0x84, 0xFE, 0x51, 0x86, 0x6C, 0xBC, 0x75, 0xA1, 0x86, 0x13, 0xC8, 0x53, 0x48, 0x34, 0x93, 0x7B,
    0x0A, 0x72, 0x02, 0xFD, 0xC2, 0x0E, 0x2A, 0x8C, 0x8A, 0x55, 0x5D, 0x54, 0x90, 0x57, 0xE5, 0xA0,
    0xFD, 0xC9, 0x49, 0x64, 0x06, 0x67, 0xE5, 0x33, 0x58, 0xFB, 0x2C, 0x37, 0xAE, 0xCB, 0x10, 0xD9,
    0x7D, 0x35, 0x47, 0x77, 0x3D, 0xCC, 0xE7, 0x9D, 0xBA, 0x9E, 0xA1, 0x0C, 0xF1, 0xCF, 0xB7, 0x27,
    0x9E, 0xDB, 0xA7, 0x44, 0x42, 0x4E, 0xB3, 0x13, 0x61, 0xC9, 0x7E, 0xB6, 0x24, 0x44, 0xF9, 0x91,
    0x7F, 0x1D, 0x05, 0x7E, 0x60, 0xEA, 0xEC, 0x67, 0xBB, 0x3B, 0x15, 0x71, 0xFF, 0x6C, 0xE4, 0x9D,
    0xCA, 0xC8, 0xFB, 0x28, 0x95, 0x88, 0xA8, 0x76, 0x10, 0x48, 0xBA, 0x1A, 0x8A, 0xE6, 0xEA, 0x26,
    0xE2, 0xC8, 0x99, 0x22, 0x69, 0x64, 0x5B, 0xF2, 0xA5, 0x64, 0x13, 0x61, 0xA4, 0xEE, 0x1F, 0x60,
    0xF7, 0x44, 0x64, 0x31, 0xE0, 0xA1, 0x11, 0x11, 0x85, 0x9F, 0x02, 0xD8, 0xD1, 0x8C, 0x24, 0x91,
    0x0E, 0x10, 0xF2, 0x8B, 0x20, 0x52, 0xAC, 0xD8, 0xB2, 0xA7, 0xD9, 0xB6, 0x28, 0x7F, 0x6C, 0x4A,
    0x95, 0xC7, 0xE8, 0x77, 0xBB, 0xA5, 0x1A, 0x4C, 0x23, 0xC8, 0xCF, 0x57, 0xE8, 0xEF, 0x05, 0x25,
    0x7E, 0xB6, 0xA6, 0xAB, 0x59, 0xB6, 0xC8, 0xFD, 0x88, 0xCC, 0x5A, 0x1F, 0x51, 0xF5, 0x76, 0xDB,
    0x8B, 0x49, 0xB7, 0xB0, 0x00, 0x4E, 0x09, 0x6C, 0x89, 0xE8, 0x02, 0xF0, 0xF6, 0xCE, 0x75, 0x4A,
    0x56, 0xB0, 0xBD, 0xC2, 0xBB, 0x4E, 0xA4, 0x6A, 0x2E, 0xA8, 0x09, 0x59, 0x59, 0xBB, 0x9F, 0x8E,
    0xD5, 0x39, 0xA8, 0xEC, 0xD6, 0x75, 0x4C, 0xA2, 0xE2, 0xF6, 0x2B, 0x1F, 0xBE, 0x37, 0xB3, 0x1C,
    0x6E, 0x1C, 0x16, 0x40, 0x35, 0x53, 0x36, 0x9A, 0x99, 0x0E, 0x9D, 0x08, 0x86, 0x49, 0x15, 0x7A,
    0x8E, 0x66, 0xEC, 0x4F, 0x85, 0xED, 0x70, 0xDC, 0x10, 0x9D, 0x0E, 0xE2, 0x3B, 0x4C, 0xFF, 0xA4,
    0xDA, 0xCD, 0x66, 0x66, 0x8B, 0x5B, 0x3C, 0xAA, 0x7F, 0xDB, 0x3F, 0x77, 0xA1, 0xCE, 0xB3, 0xEF,
    0x1A, 0xB7, 0x86, 0xB2, 0xCE, 0xD6, 0x3B, 0xAC, 0x73, 0x08, 0x0E, 0x20, 0x0B, 0x6C, 0x36, 0xAF,
    0xAB, 0x39, 0x0A, 0x1D, 0x70, 0xD6, 0x84, 0x79, 0x8A, 0x89, 0xC2, 0xBE, 0xB3, 0x47, 0xD2, 0xAC,
    0x93, 0xD1, 0x6E, 0xD1, 0x19, 0xD1, 0x32, 0xAA, 0x19, 0xC0, 0x64, 0xA4, 0xDD, 0xAF, 0x2E, 0xDD,
    0x92, 0xBC, 0x48, 0xB2, 0x8B, 0x45, 0xA0, 0x5F, 0x0C, 0x25, 0xA0, 0x5E, 0x32, 0x0A, 0x40, 0xCF,
    0x6E, 0x23, 0xFF, 0x29, 0x01, 0x2B, 0x36, 0xA3, 0xC5, 0x33, 0xBA, 0xA2, 0x7E, 0xDA, 0xC1, 0x30,
    0x3F, 0x69, 0x2B, 0xF4, 0xC5, 0x78, 0xC6, 0xB7, 0xE9, 0xE0, 0x66, 0x9D, 0xF1, 0x2D, 0x6D, 0xF2,
    0xF1, 0x8C, 0x6F, 0xA3, 0xC8, 0xF0, 0x79, 0xD4, 0xC5, 0x52, 0x66, 0x17, 0xA5, 0x8D, 0x4E, 0x97,
    0xF8, 0x6F, 0x64, 0x02, 0x34, 0x28, 0xF3, 0x3B, 0x19, 0x1D, 0x61, 0x3D, 0xBA, 0x66, 0xB2, 0xFC,
    0xAD, 0x5C, 0x7C, 0x86, 0x3C, 0x3A, 0x5E, 0x31, 0x5C, 0xEE, 0xE8, 0x93, 0xF9, 0x7E, 0x52, 0x18,
    0x1C, 0xE4, 0x8B, 0x1C, 0xEE, 0xCF, 0x89, 0x65, 0x71, 0x58, 0x63, 0xC8, 0x63, 0xC8, 0x98, 0x7C,
    0x10, 0x98, 0xDC, 0xB7, 0xA8, 0x9B, 0x84, 0xCB, 0xFD, 0x2B, 0x54, 0x01, 0xCF, 0x6C, 0xF6, 0x4B,
    0xC2, 0xD5, 0xB3, 0xF2, 0xB9, 0x07, 0xA3, 0x11, 0x31, 0x1A, 0x13, 0xEC, 0xC2, 0xE9, 0x2E, 0x5F,
    0x4D, 0x40, 0xD1, 0x8E, 0xCD, 0x62, 0xB8, 0xEB, 0xB5, 0xD2, 0x64, 0xC8, 0x0A, 0x52, 0xB5, 0x17,
    0xE3, 0xF9, 0x7E, 0x70, 0xEC, 0xE6, 0x17, 0x9D, 0xA3, 0x8F, 0x0A, 0x2C, 0xF2, 0x8F, 0xFF, 0xB7,
    0xAD, 0x71, 0xCF, 0xE3, 0x59, 0x9B, 0xBB, 0x98, 0xAF, 0xFF, 0x35, 0xEE, 0x78, 0x03, 0x4E, 0x66,
    0x94, 0xB5, 0xCE, 0xDC, 0x1E, 0xD7, 0x82, 0xC6, 0xBF, 0xB6, 0x2D, 0x82, 0xF0, 0x41, 0xBA, 0x7B,
    0x4D, 0xC0, 0x1D, 0xBD, 0x7F, 0xE5, 0x85, 0xDD, 0xF8, 0x90, 0x9A, 0x2F, 0x62, 0x5F, 0xB2, 0x70,
    0x8F, 0xCF, 0x89, 0xF5, 0x29, 0x9B, 0x8B, 0x94, 0x12, 0x83, 0xF8, 0x4A, 0x28, 0x2B, 0xC2, 0xFD,
    0x4C, 0x16, 0x60, 0x89, 0xF5, 0x8C, 0x60, 0x9B, 0x59, 0x84, 0x05, 0xAA, 0x66, 0xF0, 0x23, 0x59,
    0x88, 0x39, 0xD4, 0x15, 0x7C, 0xD9, 0xAF, 0x10, 0x11, 0x63, 0xB6, 0xFA, 0x17, 0x7C, 0xE0, 0xE3,
    0x54, 0x90, 0x5B, 0xE2, 0x32, 0x2A, 0x94, 0x64, 0x51, 0xA2, 0x49, 0x59, 0x4D, 0x2D, 0x46, 0xDF,
    0xB5, 0x6E, 0x59, 0x4D, 0xA1, 0x46, 0x3B, 0xFA, 0xF7, 0xAD, 0x56, 0xA0, 0x20, 0xAE, 0xCD, 0xBC,
    0x80, 0x61, 0x96, 0x7D, 0x07, 0x28, 0xF4, 0xCC, 0xBE, 0x00, 0xDF, 0xA8, 0xB0, 0x73, 0x24, 0x69,
    0x9F, 0x79, 0x5F, 0xC0, 0xBE, 0x00, 0xD5, 0xBE, 0x67, 0x1B, 0xA5, 0x82, 0x4A, 0x8E, 0x8F, 0xDB,
    0x41, 0xFF, 0xCD, 0xF4, 0x8E, 0x0F, 0x7F, 0x27, 0x3A, 0xDB, 0x8F, 0x2F, 0xBC, 0xFD, 0x9C, 0x78,
    0x2D, 0x3B, 0x18, 0xFB, 0xFC, 0x70, 0xBA, 0x2C, 0x8F, 0x13, 0xFF, 0x53, 0x8E, 0xC5, 0x50, 0xF7,
    0xD2, 0x46, 0xEE, 0xD5, 0x44, 0x29, 0x6B, 0x09, 0x21, 0x0C, 0x4D, 0x07, 0x12, 0x84, 0xA6, 0x80,
    0xA2, 0x21, 0x5A, 0xE3, 0x0A, 0x87, 0xB4, 0x86, 0x17, 0xAD, 0xFB, 0x9F, 0x40, 0xCB, 0xB2, 0xCD,
    0x61, 0xD3, 0x30, 0x9F, 0x8D, 0x47, 0xD0, 0x11, 0x4D, 0xF2, 0xCE, 0xF0, 0xB4, 0x1E, 0xD0, 0x24,
    0x6E, 0x38, 0xF3, 0x25, 0x7F, 0x5F, 0x6C, 0x08, 0x94, 0x8B, 0x9B, 0xFA, 0xA8, 0xA4, 0xDA, 0x4C,
    0x8A, 0xDD, 0x4F, 0xAE, 0x2A, 0x1C, 0xB4, 0xC7, 0xE2, 0xD7, 0xCA, 0xBD, 0x3F, 0xDB, 0x5C, 0x53,
    0xF5, 0x9B, 0xB8, 0xBB, 0x67, 0xF5, 0xAB, 0xA8, 0x26, 0x7B, 0x78, 0x77, 0x8A, 0xE8, 0xFA, 0xE9,
    0xD4, 0x46, 0x29, 0x7C, 0x3C, 0x13, 0x66, 0x4D, 0xD1, 0x14, 0xAB, 0x87, 0x7E, 0xCA, 0xA2, 0x93,
    0x0D, 0xED, 0x41, 0x3A, 0x95, 0xA9, 0x2F, 0x9E, 0x13, 0xED, 0x87, 0x61, 0x5E, 0x69, 0xC1, 0x9F,
    0xBD, 0x98, 0x57, 0xC0, 0xDC, 0x95, 0xA4, 0x0C, 0x58, 0x4A, 0xA5, 0xEB, 0x86, 0x9F, 0x72, 0x47,
    0x08, 0x92, 0x53, 0x0D, 0xA5, 0x19, 0x67, 0x54, 0x09, 0x2C, 0xA9, 0x16, 0xEB, 0xAC, 0xA8, 0x6F,
    0x13, 0xC9, 0x6A, 0xE8, 0xC0, 0x3F, 0xF1, 0xAF, 0x88, 0xB4, 0xE0, 0x93, 0xCD, 0xC4, 0x8D, 0x0C,
    0x50, 0x5E, 0x30, 0x5F, 0xA1, 0x9B, 0x58, 0xA7, 0x71, 0x21, 0xBD, 0x52, 0xED, 0x22, 0xB3, 0xF4,
    0x8D, 0x8C, 0x5E, 0xD1, 0x55, 0xEA, 0xD7, 0x31, 0xDC, 0xE7, 0xFC, 0x15, 0x6F, 0x6C, 0x48, 0x6E,
    0x39, 0x76, 0xDC, 0x6C, 0xE6, 0x90, 0x87, 0x02, 0x2F, 0x04, 0x3A, 0xEE, 0x86, 0x3C, 0x95, 0x97,
    0x9A, 0xF7, 0xF2, 0x1A, 0x73, 0x14, 0x9B, 0x6C, 0x5C, 0xC3, 0xDF, 0x22, 0x64, 0x4E, 0x9B, 0xA7,
    0xE1, 0x7C, 0x11, 0xA5, 0x4B, 0x9A, 0x5F, 0x04, 0xD5, 0x88, 0x8E, 0x04, 0x1C, 0x86, 0x0C, 0x9A,
    0x96, 0x5A, 0xE2, 0x44, 0xD5, 0x6D, 0xA0, 0xDC, 0xA2, 0x57, 0x2A, 0x75, 0x05, 0x62, 0x7D, 0x39,
    0x1E, 0x17, 0xDB, 0x9D, 0x57, 0x8E, 0x7A, 0xD7, 0xFE, 0xAD, 0xE2, 0x6A, 0xA5, 0x83, 0x19, 0x9A,
    0x37, 0x58, 0x05, 0xB4, 0x77, 0xF6, 0xCC, 0xD4, 0x62, 0x9E, 0xBA, 0x53, 0x93, 0x6C, 0x1E, 0x24,
    0xB4, 0x54, 0x3B, 0xDC, 0xDB, 0x9C, 0x8C, 0xB9, 0x3A, 0xBC, 0x40, 0x6E, 0x8B, 0x1D, 0x86, 0x02,
    0xB3, 0x54, 0x38, 0xCC, 0x40, 0x07, 0xB3, 0x1B, 0x91, 0x9A, 0x43, 0xB2, 0xF5, 0xB9, 0xFF, 0x36,
    0x0F, 0x8B, 0xDF, 0xBA, 0xA7, 0x53, 0x8E, 0x16, 0x28, 0xFF, 0x50, 0x95, 0x46, 0xE6, 0x66, 0xE8,
    0xE9, 0xB6, 0xD1, 0xE7, 0xFC, 0x54, 0x27, 0x69, 0x38, 0x3C, 0xB4, 0x4B, 0x1D, 0xC1, 0x12, 0x1E,
    0xC2, 0x86, 0x33, 0x0D, 0x73, 0x88, 0x67, 0xF1, 0x54, 0xAF, 0x17, 0x79, 0x41, 0xE7, 0x73, 0x7D,
    0x34, 0xBB, 0xD5, 0x58, 0xB5, 0x42, 0xA1, 0x37, 0x3E, 0x03, 0xEC, 0xFA, 0xB6, 0xA8, 0x02, 0xD0,
    0x04, 0x17, 0x1B, 0xB5, 0xB6, 0x95, 0x8E, 0x5B, 0xAB, 0x1E, 0x09, 0xCD, 0xCD, 0xA1, 0x33, 0xE3,
    0xC9, 0x34, 0xFB, 0x6D, 0x25, 0xFA, 0xC7, 0x11, 0x15, 0xE5, 0x19, 0xF2, 0x88, 0x8A, 0x8E, 0x53,
    0x1F, 0xEA, 0x57, 0xEE, 0xA3, 0x8A, 0x39, 0xB9, 0xB5, 0x07, 0x70, 0xB4, 0x0A, 0x2E, 0x8E, 0xE5,
    0xC6, 0xA3, 0xED, 0x9E, 0xEF, 0xA3, 0x54, 0x29, 0xE4, 0x3C, 0x41, 0x48, 0x21, 0x48, 0x1F, 0x16,
    0x52, 0x06, 0xE9, 0x27, 0x8B, 0xCD, 0x02, 0x3D, 0xDB, 0x4C, 0x2A, 0x28, 0x59, 0x07, 0x93, 0x0F,
    0x4A, 0xD6, 0x36, 0x78, 0x59, 0xFE, 0x41, 0xAB, 0xE0, 0xCC, 0xFA, 0xBF, 0x52, 0x06, 0x1F, 0xCB,
    0x7F, 0xA5, 0x3C, 0x38, 0xB3, 0xDE, 0xA8, 0xDA, 0xAF, 0xD8, 0xCC, 0x99, 0x2D, 0x01, 0x3C, 0x07,
    0xCA, 0x9B, 0xFB, 0x2E, 0x7C, 0xFD, 0xDC, 0x6D, 0xC6, 0x66, 0x42, 0x57, 0xE7, 0x40, 0x15, 0xCF,
    0x6C, 0x31, 0x60, 0x71, 0xB1, 0x4C, 0x24, 0x43, 0x10, 0x18, 0xD8, 0xD9, 0x1A, 0xA3, 0xFE, 0x62,
    0x17, 0x6D, 0x1D, 0x75, 0x19, 0xCC, 0x63, 0x9F, 0xEB, 0x31, 0x3C, 0x7A, 0xEC, 0x05, 0xAD, 0xF7,
    0x93, 0x41, 0x07, 0x0F, 0x49, 0xE4, 0x1F, 0x0D, 0x49, 0xE4, 0x1D, 0x0D, 0x49, 0xE4, 0x1B, 0x0D,
    0x26, 0x7E, 0x28, 0x91, 0xD1, 0x6F, 0xA8, 0x5F, 0x04, 0x64, 0x31, 0x07, 0xAF, 0xC8, 0x8B, 0xA8,
    0xD2, 0xFC, 0x93, 0xFF, 0xA6, 0x3D, 0xE6, 0x69, 0x88, 0xED, 0x29, 0x90, 0xA0, 0xFC, 0x98, 0xEF,
    0x3E, 0x6C, 0xF9, 0xD6, 0x16, 0x32, 0x86, 0x03, 0xA4, 0x2D, 0x5B, 0x13, 0x00, 0x54, 0x78, 0xDA,
    0x5B, 0x67, 0x56, 0xBE, 0x9B, 0x53, 0x7B, 0xB8, 0xCA, 0x03, 0x49, 0x9D, 0xE8, 0xE2, 0x3A, 0xCC,
    0xDE, 0x08, 0x31, 0x9E, 0xA8, 0xC3, 0x39, 0xAA, 0xD4, 0xF4, 0x7A, 0xFC, 0xF1, 0x12, 0xC7, 0x6B,
    0xD6, 0xEE, 0x1D, 0x3C, 0xDF, 0x12, 0xE6, 0xCF, 0x4B, 0xC4, 0x6B, 0x51, 0x34, 0xD1, 0x46, 0xC1,
    0x44, 0x1B, 0xC5, 0x12, 0x4C, 0x49, 0xBC, 0xC6, 0x0B, 0x92, 0xE3, 0x35, 0x8C, 0x77, 0x35, 0x5E,
    0xA3, 0x0E, 0xC1, 0x12, 0xAF, 0x25, 0x55, 0x1C, 0xAF, 0x55, 0x9F, 0x49, 0xBC, 0x56, 0xC4, 0xF1,
    0xDA, 0x6C, 0x23, 0xB4, 0xE6, 0x7C, 0x33, 0x5E, 0xCB, 0xEE, 0x8B, 0xD7, 0xE6, 0xFB, 0xE3, 0x35,
    0xAB, 0x6D, 0x22, 0x4D, 0x94, 0x5E, 0x0E, 0x9A, 0x48, 0xFC, 0x8C, 0x02, 0xAA, 0x36, 0x25, 0x9D,
    0x3C, 0xB7, 0x6E, 0x37, 0x94, 0xFF, 0xF7, 0x44, 0x33, 0xCC, 0xDE, 0x3B, 0xE8, 0xFF, 0x49, 0x53,
    0xAC, 0x7E, 0x16, 0x14, 0xBB, 0x66, 0x59, 0xB1, 0xA4, 0x40, 0x13, 0xAD, 0x18, 0x92, 0x69, 0xAE,
    0x15, 0xA8, 0x4A, 0xC3, 0x01, 0xE0, 0x57, 0xAE, 0x19, 0x57, 0x72, 0xC1, 0xD5, 0xC7, 0x60, 0xCF,
    0x99, 0xE5, 0xD0, 0x53, 0x35, 0x32, 0xCB, 0xA1, 0xB6, 0x0A, 0x04, 0x36, 0x65, 0xAD, 0x36, 0x4D,
    0x0F, 0xBA, 0xF5, 0x0F, 0x97, 0x32, 0x4A, 0xFE, 0x78, 0xC5, 0x18, 0x80, 0xA3, 0x30, 0x5E, 0x74,
    0x5E, 0xC0, 0x3D, 0xA7, 0x49, 0xFC, 0x2C, 0xF9, 0x11, 0xB4, 0x51, 0xF4, 0x51, 0x2D, 0x3A, 0xCC,
    0x7D, 0x97, 0xED, 0xE5, 0x87, 0xFB, 0x37, 0x30, 0x8C, 0x9A, 0xF0, 0xE3, 0x0D, 0x34, 0xC8, 0x5A,
    0x71, 0x87, 0xAD, 0xD4, 0x36, 0xB8, 0x23, 0xEC, 0x87, 0x27, 0x78, 0x62, 0xC4, 0xFF, 0xB7, 0xBF,
    0xB2, 0x21, 0xFB, 0x17, 0xFF, 0x27, 0x52, 0x2C, 0xD8, 0x6A, 0x4F, 0x68, 0x90, 0xB1, 0xB8, 0x04,
    0xB6, 0xD0, 0xA9, 0x94, 0x04, 0x9D, 0x1B, 0x3C, 0x61, 0xD6, 0xD2, 0xA6, 0x17, 0x55, 0x4C, 0x8C,
    0xF4, 0x5C, 0xFD, 0x9E, 0xE0, 0x0E, 0x62, 0xC5, 0x5E, 0x4B, 0x2A, 0x27, 0xBE, 0x4B, 0xA8, 0xFE,
    0x1A, 0xE2, 0x5A, 0x6D, 0xBD, 0x9A, 0x68, 0x43, 0xA2, 0x0C, 0xD9, 0xA7, 0x20, 0x03, 0xC5, 0xEB,
    0x56, 0x56, 0xAC, 0x9A, 0x23, 0xE7, 0xFE, 0x1A, 0x3F, 0xDE, 0xC2, 0xD6, 0xD2, 0xCA, 0x07, 0x4E,
    0x27, 0xD6, 0x30, 0x27, 0x5E, 0x0A, 0x54, 0xAE, 0xC5, 0xDD, 0x75, 0xA5, 0xE9, 0x6A, 0xC5, 0x1D,
    0x96, 0x2B, 0x32, 0x79, 0xC9, 0xBF, 0x0A, 0xAA, 0x6E, 0xB0, 0x7E, 0x64, 0xFB, 0x13, 0x3A, 0x71,
    0xDB, 0xF2, 0x7D, 0x5A, 0x39, 0x40, 0x29, 0xE1, 0xB0, 0xD6, 0xB3, 0x97, 0xE2, 0x93, 0xF6, 0xC7,
    0x0E, 0x99, 0xB1, 0xF6, 0x5A, 0xEE, 0xA3, 0x84, 0x13, 0x43, 0xA4, 0xD9, 0x86, 0x48, 0xB3, 0x0D,
    0x91, 0x66, 0x1B, 0x08, 0xBB, 0x81, 0x39, 0x34, 0x60, 0x11, 0x9E, 0xF0, 0x69, 0xC0, 0xDE, 0x40,
    0x9A, 0x7B, 0xC5, 0x40, 0x42, 0x34, 0xDB, 0x90, 0xBA, 0xBF, 0x5F, 0x74, 0x45, 0x0D, 0x15, 0x82,
    0x31, 0xF0, 0x8A, 0x1A, 0xDA, 0x8B, 0xF1, 0x5D, 0xA0, 0x21, 0x92, 0xA1, 0x76, 0x9B, 0x5F, 0x1A,
    0x2E, 0x11, 0x75, 0xB6, 0x75, 0x76, 0x5C, 0x4C, 0x10, 0x6A, 0xAB, 0xE2, 0x1A, 0xBC, 0xB8, 0x07,
    0x4A, 0x4C, 0xDD, 0xEB, 0x39, 0xDD, 0xE3, 0x47, 0xDD, 0xD9, 0x25, 0x0E, 0x5B, 0x11, 0x63, 0xA1,
    0x65, 0x7E, 0x5E, 0xB3, 0x59, 0xAA, 0x42, 0x4A, 0x38, 0x5F, 0x0B, 0x90, 0x04, 0x72, 0xBE, 0x91,
    0x1A, 0x73, 0xE4, 0x3C, 0x6C, 0x43, 0x86, 0x58, 0xB7, 0x9A, 0x1A, 0x17, 0x22, 0xDD, 0x62, 0x87,
    0x3F, 0xA3, 0x5B, 0x47, 0xCE, 0xFD, 0x26, 0x8A, 0x72, 0x0B, 0x1B, 0xE3, 0x9E, 0x0A, 0x13, 0xE1,
    0x2E, 0x49, 0x61, 0xE2, 0xDB, 0x93, 0xF9, 0xB6, 0x98, 0x95, 0x8D, 0x62, 0xDB, 0x22, 0x8A, 0x6C,
    0x0D, 0xA5, 0x65, 0x84, 0xFC, 0xB5, 0xD7, 0x22, 0x32, 0x07, 0x11, 0x07, 0x23, 0x68, 0x8B, 0xA4,
    0xB6, 0xD1, 0x6F, 0x0C, 0x6E, 0x71, 0x40, 0xB7, 0x88, 0xE1, 0x2D, 0x62, 0x7C, 0x8B, 0x43, 0x4A,
    0xEC, 0x95, 0x1F, 0x09, 0xE7, 0xB7, 0xE3, 0xF5, 0x53, 0xAC, 0xF5, 0xF7, 0x64, 0xAD, 0xB7, 0x4E,
    0xB4, 0xFF, 0xE1, 0x30, 0x6F, 0x7C, 0x1D, 0x3E, 0xA0, 0x4E, 0xB7, 0xCE, 0xE5, 0x7C, 0x78, 0xFD,
    0x57, 0x70, 0x6D, 0xCE, 0xCD, 0xC7, 0xD8, 0x30, 0x61, 0xCC, 0x1C, 0x5D, 0xE9, 0x98, 0x7B, 0x73,
    0xA1, 0x86, 0x16, 0x60, 0x92, 0x16, 0xBA, 0x09, 0xDD, 0xE7, 0xBF, 0x1D, 0xE6, 0x55, 0xD4, 0x29,
    0x29, 0x6E, 0x95, 0x84, 0x7D, 0x8D, 0xA5, 0xA4, 0x0C, 0x94, 0x11, 0x3B, 0xE7, 0xB8, 0xF9, 0xA5,
    0xD4, 0xD2, 0xFB, 0x7F, 0x15, 0xBB, 0xEA, 0xF9, 0x0E, 0xB0, 0x2A, 0x34, 0xFF, 0x21, 0xA8, 0x86,
    0x3A, 0x02, 0xEA, 0xE6, 0xE9, 0xA8, 0xE2, 0x85, 0x5B, 0x53, 0x80, 0xC6, 0x1F, 0x29, 0x9C, 0x49,
    0x27, 0xE4, 0x11, 0x04, 0x5D, 0x38, 0x29, 0x00, 0xCB, 0xC0, 0xEB, 0xF7, 0x6A, 0xED, 0xE1, 0x84,
    0x71, 0xFE, 0x21, 0xE4, 0x0A, 0xB6, 0x76, 0x02, 0x6D, 0xBD, 0x57, 0xBF, 0xDA, 0x33, 0xF7, 0x8D,
    0x9D, 0x23, 0x30, 0x47, 0x8D, 0x96, 0x68, 0x0D, 0x37, 0xAE, 0x83, 0xFD, 0x91, 0x9E, 0x1A, 0xA0,
    0x7A, 0x7E, 0x42, 0x8B, 0x40, 0x6E, 0xA8, 0x1E, 0x0A, 0x6B, 0x02, 0x05, 0xDA, 0xDE, 0xB4, 0x23,
    0xBD, 0x44, 0xAB, 0xF6, 0x8D, 0xFB, 0x57, 0xF4, 0xE7, 0x4F, 0x1D, 0x82, 0xA4, 0xFD, 0x36, 0x61,
    0x37, 0xC6, 0xA3, 0xCD, 0x71, 0x9D, 0x8C, 0x05, 0xC7, 0xDF, 0x38, 0x23, 0x0B, 0xFC, 0x84, 0x4C,
    0x4B, 0x87, 0x95, 0xC1, 0x34, 0x37, 0x8B, 0xD9, 0xF3, 0x4E, 0x26, 0xA8, 0x7F, 0x71, 0xD7, 0x59,
    0x0A, 0x3E, 0x7C, 0x47, 0x53, 0x15, 0x0B, 0x7D, 0xFD, 0x1C, 0xC3, 0xF9, 0x8A, 0xCB, 0x54, 0xBB,
    0x52, 0x83, 0x56, 0x90, 0xE9, 0x83, 0x98, 0x37, 0x8A, 0x0F, 0x04, 0x04, 0xA7, 0x15, 0x52, 0x50,
    0x1E, 0x82, 0x4D, 0x50, 0x81, 0xEE, 0x68, 0x77, 0x2D, 0xDE, 0xF1, 0x04, 0xBB, 0x6F, 0xF5, 0x07,
    0x46, 0x1F, 0x54, 0xA4, 0x62, 0xC4, 0x30, 0xAD, 0x91, 0xA6, 0xF8, 0x81, 0x55, 0x14, 0x76, 0xF5,
    0x57, 0xB7, 0x91, 0x6D, 0xDA, 0xFB, 0xC0, 0x6C, 0x3E, 0x17, 0xC3, 0xFE, 0xDE, 0xD1, 0xB0, 0xD7,
    0x6C, 0x68, 0x5B, 0xBA, 0xE6, 0xEE, 0xAF, 0x29, 0xF5, 0xC3, 0x5B, 0xE4, 0x6E, 0x92, 0xBF, 0x43,
    0xD7, 0x9E, 0xF7, 0xC0, 0x5B, 0x3E, 0xA0, 0x96, 0xB9, 0xBF, 0x5B, 0x79, 0xEF, 0x6E, 0x8D, 0x0D,
    0xB7, 0x6C, 0x7A, 0xCB, 0x8E, 0x77, 0xBE, 0x1E, 0x22, 0xC0, 0xFD, 0x7E, 0xF2, 0x38, 0x9D, 0x0E,
    0x13, 0xCA, 0xD4, 0x5C, 0x44, 0x11, 0xA0, 0xFF, 0xCC, 0x1C, 0x22, 0x40, 0x68, 0x9C, 0xB0, 0x84,
    0xCC, 0xB8, 0xBF, 0x5D, 0x13, 0x7C, 0xE1, 0x25, 0xC3, 0x35, 0xAB, 0x59, 0xF1, 0x6C, 0x2F, 0x5C,
    0x94, 0x13, 0x77, 0x6B, 0x6B, 0x32, 0xE2, 0xBD, 0x9B, 0xC2, 0xBE, 0x5A, 0x0F, 0x2D, 0x2F, 0xEC,
    0x16, 0x5D, 0x94, 0x0A, 0xC3, 0x6E, 0x11, 0x4D, 0xBC, 0x45, 0x17, 0x3E, 0x4B, 0x5B, 0x74, 0x5D,
    0x54, 0xF4, 0x13, 0x87, 0x7C, 0x99, 0xF9, 0x9E, 0xCD, 0x7E, 0x67, 0x8B, 0x6E, 0x8E, 0x43, 0xBE,
    0xD3, 0xED, 0x2D, 0xBA, 0xCB, 0xF5, 0xA1, 0xF0, 0xB6, 0x0C, 0x26, 0xD9, 0xD8, 0xE3, 0x32, 0x18,
    0xE3, 0x32, 0x58, 0xE2, 0x32, 0x98, 0xE1, 0x32, 0xD8, 0xE0, 0x72, 0xD6, 0x59, 0xA5, 0x49, 0x0B,
    0xBA, 0x2F, 0xF2, 0x6D, 0x0D, 0x3E, 0x47, 0x68, 0xFF, 0xCA, 0xF7, 0xE5, 0x38, 0xAD, 0x0C, 0x60,
    0x4B, 0xA5, 0x9E, 0x86, 0xD2, 0x6E, 0x5C, 0xB5, 0xD3, 0x85, 0xD5, 0x9E, 0xFB, 0x5F, 0xCB, 0xF0,
    0xA4, 0x47, 0xA0, 0xDA, 0x31, 0x54, 0xE6, 0x5F, 0xD4, 0x96, 0x7A, 0xA1, 0x4B, 0xFA, 0x38, 0x9F,
    0xC3, 0x9F, 0x78, 0x23, 0x4E, 0xDE, 0xDD, 0x18, 0x4A, 0xF2, 0xAE, 0x9A, 0x35, 0x79, 0x07, 0xC7,
    0x90, 0x39, 0x79, 0x47, 0xB5, 0xF2, 0x98, 0x38, 0xEB, 0x43, 0xF2, 0x6E, 0xD0, 0xE4, 0x1D, 0xED,
    0x2B, 0x60, 0xF2, 0x2E, 0xE1, 0x53, 0x4E, 0xB3, 0xE3, 0x37, 0x50, 0xF2, 0x4E, 0x2A, 0x85, 0xE4,
    0x0E, 0x94, 0xBC, 0x03, 0x3F, 0x99, 0x93, 0x77, 0x7E, 0x6E, 0x14, 0x9C, 0xBC, 0x83, 0xB2, 0x67,
    0x4E, 0xDE, 0x35, 0xA3, 0x26, 0xEF, 0xB0, 0xB2, 0x94, 0x9E, 0x01, 0x74, 0x1B, 0x27, 0xEF, 0x60,
    0x58, 0x90, 0x31, 0xD1, 0xB6, 0xFC, 0x53, 0x68, 0xCB, 0x1F, 0xCE, 0x2F, 0x55, 0x53, 0x68, 0xCB,
    0x3F, 0x85, 0xB6, 0xFC, 0xD3, 0x83, 0xDA, 0xF2, 0xFF, 0xDE, 0x3C, 0x90, 0x8E, 0xAE, 0xA8, 0x77,
    0xE8, 0x78, 0xD0, 0xD5, 0x2B, 0xF6, 0xD5, 0xA2, 0x53, 0x43, 0x8F, 0xDC, 0xF7, 0xF9, 0xD0, 0xD0,
    0x27, 0x7C, 0x66, 0xC8, 0x61, 0xC9, 0xF2, 0xC7, 0x5A, 0x0B, 0x5B, 0xDD, 0xFD, 0x3B, 0x43, 0x9C,
    0xFE, 0xD3, 0xAB, 0xCC, 0x0A, 0x2C, 0x4F, 0x84, 0x04, 0xEA, 0x20, 0x56, 0x7C, 0x18, 0x07, 0x4C,
    0xDF, 0x56, 0xBF, 0x22, 0x10, 0x93, 0xFC, 0x23, 0x41, 0x88, 0x9B, 0xA5, 0xC5, 0x6A, 0x3B, 0xA9,
    0x9C, 0x33, 0xD0, 0x51, 0x90, 0x75, 0x85, 0x7D, 0x2E, 0xA0, 0x59, 0xA6, 0x22, 0x50, 0xAC, 0x0B,
    0x80, 0x6B, 0x09, 0x5B, 0xA2, 0x58, 0x60, 0xB0, 0x57, 0x70, 0xDF, 0x1C, 0x22, 0x57, 0x78, 0x1D,
    0x50, 0xE2, 0x26, 0x78, 0x4F, 0xB1, 0x61, 0xF7, 0xD5, 0x73, 0x8E, 0x47, 0xC4, 0xBC, 0x54, 0xF1,
    0x5A, 0x2E, 0x09, 0x76, 0x34, 0xCF, 0xE5, 0xF9, 0xA4, 0x2F, 0x7B, 0xC3, 0xB6, 0x3D, 0xBD, 0x93,
    0xA5, 0x8D, 0x5D, 0xAF, 0x83, 0xEF, 0xA5, 0x8D, 0x2A, 0x51, 0xCA, 0x08, 0x3D, 0xA0, 0x8B, 0x85,
    0x10, 0x08, 0x94, 0x64, 0x20, 0x02, 0xD1, 0x2E, 0x8C, 0x47, 0xC0, 0x13, 0x42, 0x61, 0x09, 0x78,
    0x5E, 0x08, 0x3A, 0x01, 0x4F, 0x0F, 0x06, 0x29, 0x90, 0x74, 0x29, 0x61, 0x15, 0x68, 0xBE, 0x94,
    0x20, 0x0B, 0xB4, 0x6E, 0x8C, 0x91, 0x0B, 0xD8, 0xF5, 0x67, 0x00, 0x03, 0xD9, 0x27, 0x61, 0x1C,
    0x03, 0xD9, 0x24, 0x61, 0x38, 0x83, 0x10, 0xD9, 0x94, 0xF3, 0x01, 0x84, 0xEA, 0x5F, 0x22, 0xF9,
    0x32, 0xB5, 0x47, 0x72, 0x46, 0x8D, 0x33, 0x4A, 0x7C, 0xEE, 0x53, 0xE2, 0x5F, 0x3A, 0xFE, 0x29,
    0xA5, 0x7B, 0x74, 0x0A, 0x54, 0xA4, 0x81, 0x67, 0xD6, 0x54, 0x18, 0x78, 0x6E, 0x4D, 0xD7, 0x2F,
    0x1D, 0x0D, 0x65, 0x51, 0xF0, 0x09, 0x51, 0xB6, 0xA1, 0x7C, 0x50, 0x54, 0xE2, 0xDF, 0xC5, 0x74,
    0x2A, 0xE7, 0xB3, 0x6C, 0x76, 0x77, 0xC9, 0x78, 0x8B, 0xCF, 0x22, 0xCA, 0x9D, 0x0D, 0x25, 0x47,
    0x4A, 0x35, 0xEF, 0xDC, 0x59, 0xA7, 0x40, 0x3B, 0x89, 0xB0, 0xEF, 0xB1, 0xDF, 0xDE, 0xE8, 0xEF,
    0x23, 0xAA, 0xDE, 0x6F, 0xD7, 0x4C, 0xA7, 0xFB, 0x4B, 0xD5, 0x65, 0x98, 0x4D, 0x20, 0x04, 0x6C,
    0x0C, 0x1B, 0x41, 0x58, 0xEC, 0x15, 0x36, 0x83, 0x90, 0xE3, 0xB2, 0x21, 0xA4, 0x2C, 0x47, 0xBB,
    0xA2, 0x3C, 0x27, 0xDB, 0xA2, 0x4C, 0x27, 0xFB, 0x12, 0xB6, 0x0C, 0x48, 0xD5, 0xC8, 0x9E, 0x01,
    0x6B, 0x1C, 0xD9, 0x34, 0xE0, 0x8D, 0x22, 0xE3, 0x39, 0x19, 0x52, 0x36, 0x8C, 0x24, 0x29, 0x90,
    0xAD, 0x36, 0x36, 0x91, 0x8D, 0x23, 0xE6, 0xA0, 0xE8, 0x2A, 0x95, 0xCC, 0x18, 0x95, 0xC5, 0x44,
    0x71, 0x8D, 0xD8, 0xA2, 0x7B, 0x62, 0x8B, 0x17, 0x25, 0x5F, 0x30, 0x12, 0xE1, 0xAE, 0x8F, 0xA4,
    0x7E, 0x24, 0x8D, 0x4E, 0x45, 0xAA, 0xDC, 0x01, 0x05, 0x39, 0x4F, 0x67, 0x31, 0xA4, 0x1E, 0xC6,
    0x21, 0x2A, 0x0C, 0x97, 0x3C, 0x9E, 0xEA, 0x50, 0xAC, 0xBA, 0x63, 0x1F, 0x16, 0xE6, 0xF8, 0xC6,
    0xD5, 0x63, 0xEC, 0x2A, 0xA2, 0xC9, 0x26, 0x6E, 0xBF, 0x71, 0xE8, 0xD8, 0x17, 0x11, 0xC3, 0xAD,
    0xFD, 0xA8, 0xD0, 0x9A, 0x21, 0xDF, 0x7F, 0x12, 0xAA, 0x59, 0x72, 0xBB, 0x1F, 0x19, 0x6F, 0xAA,
    0xC4, 0x8D, 0xBA, 0x1A, 0x17, 0x6F, 0x96, 0xDF, 0x9A, 0xD9, 0xF1, 0x3E, 0x6B, 0x6B, 0x93, 0xD4,
    0x65, 0x64, 0xE8, 0xA3, 0xD0, 0xFC, 0xF5, 0x2F, 0xF6, 0x6E, 0x7E, 0x2F, 0x7B, 0x37, 0x2F, 0xF9,
    0x53, 0x1C, 0x16, 0x4E, 0x7C, 0xA7, 0x3A, 0xCE, 0xE6, 0xC5, 0x8D, 0x0A, 0x93, 0x72, 0xBA, 0x5D,
    0x0D, 0xFF, 0xC5, 0x16, 0xD2, 0xE7, 0xBC, 0x85, 0xF4, 0xD0, 0x9F, 0x2C, 0xFA, 0x5C, 0x19, 0x6D,
    0x78, 0x54, 0xEB, 0xED, 0xDF, 0xE5, 0x97, 0xFB, 0x65, 0xBB, 0xDF, 0x47, 0xA9, 0x13, 0x71, 0xE2,
    0x23, 0x13, 0xEA, 0x44, 0xAC, 0xC6, 0x89, 0x10, 0x8A, 0x9C, 0x88, 0x29, 0x09, 0x47, 0x00, 0xA0,
    0x2C, 0x65, 0x35, 0x27, 0x22, 0xA0, 0x75, 0x67, 0x70, 0x22, 0xB0, 0x91, 0xA7, 0x3A, 0x11, 0xD8,
    0xE4, 0x93, 0x65, 0x5B, 0x53, 0x83, 0xF7, 0xE0, 0x44, 0x24, 0xAB, 0x75, 0x22, 0x02, 0x85, 0x4E,
    0xC4, 0x1A, 0x39, 0x11, 0x6B, 0xE4, 0x44, 0xAC, 0x91, 0x13, 0xB1, 0x46, 0x4E, 0x84, 0xE5, 0xD3,
    0x30, 0x45, 0x5D, 0xDF, 0x97, 0xA8, 0xD3, 0x7B, 0x28, 0xF1, 0xC7, 0x06, 0x21, 0x51, 0x69, 0x7F,
    0x1D, 0x51, 0x45, 0x44, 0x65, 0xEB, 0x8D, 0x5C, 0xBB, 0x95, 0xC3, 0x1C, 0x5F, 0xB4, 0x79, 0x14,
    0x83, 0x1F, 0xF2, 0x2E, 0x0C, 0x09, 0x83, 0x6D, 0x43, 0x01, 0xBD, 0x8D, 0x50, 0x35, 0xC1, 0x6C,
    0x2D, 0xE9, 0x54, 0x65, 0x49, 0x87, 0xDA, 0x53, 0xED, 0xAD, 0xC4, 0x8A, 0x48, 0x3A, 0x25, 0xF8,
    0x77, 0x7E, 0x09, 0x1B, 0x69, 0xE0, 0x96, 0xD2, 0x88, 0xD5, 0x99, 0xD4, 0xA7, 0x83, 0x3C, 0xF4,
    0x5E, 0x70, 0x73, 0x2E, 0xAC, 0x8C, 0x3A, 0xD4, 0x5F, 0x08, 0xC5, 0xE4, 0xD7, 0x3C, 0x74, 0xFD,
    0x80, 0x84, 0xC2, 0x58, 0x6E, 0xC5, 0xF6, 0xB6, 0x77, 0xAF, 0xBD, 0x44, 0xF7, 0x12, 0xDB, 0x9C,
    0xED, 0x29, 0xB4, 0x3E, 0x83, 0xF3, 0x53, 0xD5, 0x8C, 0x25, 0x1E, 0xE5, 0xA2, 0x5D, 0x14, 0x07,
    0x4A, 0x6F, 0xFE, 0x67, 0x7F, 0xC7, 0xFF, 0x14, 0x4D, 0xBE, 0xF1, 0xEE, 0x40, 0x8D, 0x77, 0xD0,
    0xA1, 0xDA, 0xB6, 0x4C, 0x0E, 0x4F, 0xCA, 0xB9, 0x54, 0x3C, 0x8B, 0xB4, 0x16, 0xE4, 0x43, 0xA6,
    0x7B, 0x0B, 0xDF, 0x61, 0xC3, 0xBB, 0x53, 0x45, 0x7B, 0xBB, 0xC1, 0x43, 0x80, 0x61, 0x96, 0x7A,
    0x89, 0x76, 0xE4, 0x5D, 0xC2, 0xA1, 0xD3, 0xA3, 0x3C, 0xC4, 0x9B, 0x12, 0x0B, 0xAA, 0xD0, 0x08,
    0x43, 0xFE, 0x17, 0x99, 0x8C, 0x27, 0x52, 0xB1, 0x4D, 0xF4, 0x12, 0x19, 0x5E, 0x35, 0xBA, 0xC1,
    0xE0, 0xAA, 0xB1, 0x0D, 0x86, 0x56, 0x8D, 0x6C, 0x30, 0xB0, 0xAA, 0x80, 0x5E, 0x8F, 0x56, 0x60,
    0x77, 0x7D, 0x28, 0xAC, 0xE8, 0x95, 0x19, 0xA9, 0x53, 0x76, 0xE0, 0x33, 0x20, 0x43, 0x30, 0x79,
    0x45, 0x2C, 0xE9, 0x1D, 0x9F, 0x84, 0x5C, 0x7D, 0x24, 0xDD, 0x13, 0x5B, 0x7C, 0x48, 0xD0, 0xF5,
    0x09, 0x33, 0x86, 0x32, 0x0F, 0x1B, 0xD5, 0xF5, 0xF7, 0x09, 0x33, 0x47, 0x8D, 0x19, 0x38, 0x8F,
    0xBD, 0xCC, 0xCB, 0x4E, 0x86, 0x78, 0x67, 0xFE, 0x26, 0x03, 0xD6, 0x06, 0x0B, 0x9B, 0x7A, 0x99,
    0x8D, 0xCD, 0xA5, 0x17, 0x3F, 0xA5, 0xD8, 0x7A, 0x65, 0x96, 0x1B, 0x94, 0x5D, 0x54, 0xF5, 0x8E,
    0x0C, 0xAB, 0x9C, 0xB2, 0x8C, 0x6B, 0x81, 0x32, 0xEC, 0xD5, 0x1E, 0xD8, 0x36, 0xDC, 0xF5, 0x4C,
    0x8C, 0xB5, 0x7A, 0xFD, 0xA0, 0xC0, 0x6E, 0xB1, 0x0F, 0x91, 0x33, 0xB9, 0xB3, 0x45, 0x18, 0x22,
    0x12, 0x5D, 0x34, 0x7C, 0x0B, 0xB3, 0x6D, 0x70, 0xF8, 0xB8, 0xA6, 0x16, 0x89, 0xFB, 0x9B, 0xF4,
    0xAD, 0xB2, 0x70, 0xB8, 0x2E, 0xDF, 0x0A, 0xDA, 0x6A, 0xC0, 0x4F, 0xB8, 0x47, 0x84, 0xE0, 0x8D,
    0x0E, 0x49, 0x8E, 0x1D, 0x46, 0xB3, 0x0F, 0x60, 0xC7, 0x78, 0xE1, 0xAC, 0x09, 0x9E, 0x8B, 0xA6,
    0xE1, 0xB0, 0xE4, 0x8C, 0x4D, 0x01, 0x20, 0x45, 0x3C, 0xF4, 0x4E, 0xC0, 0xDF, 0xF3, 0xB0, 0xBA,
    0xD4, 0xBF, 0x93, 0xE1, 0x04, 0x5B, 0x28, 0x9B, 0x38, 0xBD, 0xDC, 0x37, 0xDC, 0xAF, 0xA7, 0x66,
    0x21, 0x96, 0x64, 0x68, 0xB6, 0xFB, 0x10, 0xD2, 0xB6, 0x66, 0xD8, 0xD9, 0x4D, 0xBB, 0xE1, 0x18,
    0xA2, 0x84, 0x01, 0x4F, 0x2B, 0xE9, 0x70, 0x4A, 0x60, 0xF7, 0xCF, 0x88, 0x29, 0x34, 0xA1, 0x66,
    0x9E, 0x4E, 0xDC, 0x3F, 0x6A, 0x45, 0xE7, 0x00, 0xDD, 0x60, 0xF0, 0x8B, 0x36, 0xC9, 0x15, 0xA2,
    0xFB, 0x0B, 0x03, 0x74, 0x7D, 0xD9, 0x82, 0xB6, 0xD2, 0x00, 0x78, 0x10, 0xAB, 0x63, 0x56, 0x18,
    0x9C, 0xCB, 0x40, 0x37, 0x17, 0x3B, 0xB0, 0xC1, 0xDF, 0x4A, 0x57, 0x9E, 0x36, 0xE9, 0xCA, 0x93,
    0x06, 0xD7, 0x65, 0xA3, 0x4F, 0xE7, 0x26, 0xEE, 0x4E, 0xA2, 0xCD, 0x49, 0x32, 0xF7, 0x84, 0x97,
    0x9D, 0xA2, 0x64, 0x95, 0x5A, 0x9F, 0xA6, 0xF9, 0x2B, 0xB3, 0xC2, 0xE2, 0x8B, 0xDA, 0xC6, 0x74,
    0xD7, 0xAD, 0xBF, 0x50, 0xA2, 0xCF, 0x20, 0x5C, 0xFD, 0xB9, 0xDC, 0x43, 0x79, 0xC0, 0x40, 0x59,
    0xDC, 0x81, 0xF2, 0xBD, 0xAF, 0x69, 0x8A, 0x97, 0x53, 0x6C, 0x9C, 0xE1, 0x85, 0x77, 0x76, 0x14,
    0x41, 0xBA, 0x9F, 0xB8, 0x95, 0x4A, 0x96, 0x27, 0x69, 0x15, 0x9B, 0x75, 0xB8, 0x2B, 0x8A, 0xDD,
    0x93, 0x3B, 0x6A, 0xEF, 0x72, 0xE1, 0x1E, 0x26, 0x78, 0xC9, 0x69, 0xCB, 0x31, 0x77, 0x6B, 0xBE,
    0xA5, 0xC3, 0xFB, 0x9F, 0xB8, 0x0C, 0xD3, 0x57, 0x7F, 0x85, 0x5F, 0x62, 0xF9, 0x2A, 0xD8, 0x40,
    0x4E, 0x5E, 0x31, 0xC0, 0x11, 0xCF, 0xE1, 0xF4, 0x2F, 0xF9, 0x6B, 0xEE, 0xD1, 0x65, 0x4B, 0x44,
    0x7B, 0xB0, 0x1A, 0x65, 0x25, 0xCA, 0x2A, 0x74, 0x20, 0x05, 0x8A, 0xC2, 0x45, 0xF3, 0xCE, 0x26,
    0x74, 0xA0, 0x8B, 0x68, 0x86, 0x4E, 0xF5, 0x4F, 0x70, 0xDB, 0x77, 0x2D, 0xDB, 0xCB, 0x3F, 0xC6,
    0x88, 0x85, 0xED, 0x91, 0x44, 0x29, 0xA2, 0x26, 0x1F, 0xEF, 0xBA, 0xCF, 0xCA, 0x5E, 0x70, 0x32,
    0x7C, 0xE0, 0xD9, 0x0C, 0xAD, 0xB8, 0x9A, 0xA7, 0x00, 0x76, 0xE2, 0xA0, 0x97, 0x56, 0x0D, 0x27,
    0xD7, 0xDE, 0x5B, 0xEA, 0xB1, 0x5C, 0x9A, 0xF3, 0x6B, 0xF5, 0x98, 0x43, 0x92, 0x06, 0x8A, 0x92,
    0xE1, 0x42, 0xA8, 0x6B, 0x82, 0x1B, 0xE9, 0x1F, 0xE0, 0x2B, 0x27, 0xAC, 0x2D, 0x78, 0xE9, 0xEA,
    0xFB, 0xC1, 0xB8, 0xC2, 0x9B, 0xF9, 0x52, 0xF9, 0x7A, 0x78, 0x01, 0x3A, 0x10, 0xFB, 0x17, 0x24,
    0x3C, 0x79, 0x8D, 0xB4, 0xEC, 0x96, 0x70, 0x80, 0x92, 0x41, 0x17, 0x54, 0x3C, 0x52, 0xC5, 0x21,
    0x0A, 0xEC, 0x30, 0x4C, 0xDE, 0x80, 0x50, 0x97, 0x3B, 0xB0, 0xFB, 0x00, 0xE6, 0x83, 0x35, 0xF9,
    0x12, 0xA6, 0x00, 0xD4, 0x48, 0x06, 0xAF, 0x4B, 0xA0, 0x02, 0xC0, 0xC2, 0x09, 0x56, 0xDF, 0x73,
    0xA8, 0xD2, 0x8E, 0xFF, 0xBA, 0xA3, 0x17, 0x38, 0x58, 0xA9, 0x09, 0x64, 0x7D, 0xD3, 0x70, 0xA5,
    0x9A, 0xF5, 0x05, 0x0A, 0x58, 0xD0, 0xDA, 0xE3, 0x47, 0x38, 0x64, 0x81, 0x59, 0x9D, 0xC3, 0x19,
    0x31, 0x0D, 0x5A, 0xBC, 0x2B, 0x51, 0xBA, 0x71, 0x0B, 0x61, 0x0B, 0x14, 0xDB, 0xBB, 0x79, 0x0B,
    0x81, 0x0B, 0x84, 0x24, 0xBF, 0x58, 0xB7, 0x10, 0xBA, 0xC0, 0x94, 0x4D, 0xF1, 0xC4, 0x96, 0x04,
    0x2F, 0x20, 0x55, 0x3C, 0x50, 0x62, 0xC3, 0x17, 0x3A, 0xB7, 0x65, 0x02, 0x98, 0x72, 0x3B, 0x84,
    0x30, 0xF9, 0xB1, 0x1C, 0x3F, 0xDD, 0x92, 0x2B, 0xF0, 0x4C, 0x6E, 0xFC, 0xDA, 0xF1, 0x85, 0x43,
    0xC3, 0x4C, 0xEF, 0x21, 0x1C, 0x4E, 0x89, 0x1C, 0x4E, 0x8D, 0x89, 0x57, 0x18, 0x3B, 0x57, 0xC7,
    0xA0, 0xA6, 0x5E, 0xEF, 0x7C, 0xE6, 0xCE, 0xB1, 0x8E, 0xE3, 0x0B, 0x5F, 0xBB, 0xC7, 0x21, 0x3F,
    0xCC, 0xB1, 0xE7, 0xD2, 0xC1, 0x15, 0xCF, 0x0F, 0x0D, 0x5F, 0x88, 0x53, 0xE9, 0x9B, 0x9E, 0xFE,
    0x12, 0xB9, 0x38, 0xB8, 0x79, 0x0E, 0xD8, 0x29, 0x3B, 0xB3, 0xFD, 0x84, 0x11, 0x12, 0x80, 0x8C,
    0x52, 0x2F, 0x5E, 0x58, 0x7B, 0x97, 0xFC, 0x42, 0x45, 0x5B, 0xBF, 0x5E, 0xB0, 0x8D, 0xED, 0x9A,
    0xAF, 0x2D, 0x38, 0x2E, 0x5B, 0xBE, 0x80, 0xF7, 0x92, 0xAE, 0x5E, 0x8D, 0xFC, 0x70, 0xAC, 0xB1,
    0xB7, 0x3E, 0x02, 0x24, 0x40, 0x56, 0xF9, 0xEC, 0xB0, 0x32, 0x09, 0x7B, 0x53, 0x74, 0xCD, 0xE4,
    0x69, 0x6C, 0xC3, 0x81, 0x49, 0xE8, 0x11, 0x71, 0x7A, 0x4F, 0x82, 0x67, 0x08, 0x13, 0xAE, 0x1E,
    0xA9, 0x1B, 0xBF, 0x14, 0x09, 0xB7, 0x63, 0x8B, 0xF7, 0x6B, 0x50, 0xB9, 0x4D, 0xAF, 0xC0, 0x09,
    0xEB, 0x05, 0x8C, 0xE7, 0x48, 0x7E, 0x08, 0xCC, 0x3D, 0xC7, 0xC6, 0x54, 0xD0, 0xF0, 0xDC, 0x3B,
    0x0B, 0xC7, 0x9F, 0xD8, 0x5B, 0x23, 0xA9, 0x3F, 0x5C, 0x0E, 0x72, 0x38, 0xD4, 0x9A, 0x1C, 0xE9,
    0x76, 0x09, 0xE1, 0x59, 0x14, 0xCD, 0xB2, 0xBF, 0x55, 0x1E, 0xE8, 0xFC, 0x40, 0x5F, 0xCF, 0xCB,
    0xDC, 0xF7, 0x13, 0xC7, 0x4C, 0xFA, 0x38, 0x16, 0x48, 0xCB, 0xAD, 0x16, 0x49, 0xCB, 0xAD, 0x16,
    0x4A, 0xCB, 0xAD, 0x82, 0xA5, 0x45, 0x32, 0x66, 0x30, 0x2D, 0xA6, 0x18, 0x4D, 0x8B, 0xE5, 0xCD,
    0x70, 0x5A, 0x2C, 0x6D, 0xC6, 0xD3, 0x62, 0x59, 0x0B, 0xA0, 0x16, 0x4B, 0x9A, 0x11, 0xB5, 0x48,
    0xCE, 0x09, 0x41, 0x6A, 0xB1, 0x94, 0x15, 0x53, 0x0B, 0x65, 0xAC, 0xA0, 0x5A, 0x28, 0x61, 0x41,
    0xD5, 0x22, 0xF9, 0x0A, 0xAC, 0x16, 0x49, 0x57, 0x70, 0xB5, 0x48, 0xB6, 0x02, 0xAC, 0x45, 0x92,
    0x55, 0x64, 0x2D, 0x92, 0xAB, 0x40, 0x6B, 0xB1, 0x54, 0x05, 0x5B, 0x8B, 0x64, 0x1A, 0x83, 0x6B,
    0x1D, 0xD0, 0xB5, 0x62, 0x78, 0x2D, 0xDE, 0x25, 0x6E, 0xA3, 0xD8, 0x55, 0x24, 0x55, 0x44, 0x54,
    0xB6, 0xDE, 0x95, 0xE2, 0x03, 0x64, 0x98, 0xDB, 0xB4, 0xF9, 0xB1, 0x65, 0x14, 0x09, 0x88, 0x76,
    0x09, 0xB8, 0x64, 0xCC, 0xBF, 0xB6, 0x0A, 0xB1, 0x83, 0x49, 0xFB, 0x26, 0xF0, 0x08, 0x64, 0x55,
    0x79, 0x7B, 0xFC, 0xF7, 0x33, 0x0B, 0xCE, 0x7B, 0xC8, 0xD5, 0x27, 0x73, 0x92, 0x01, 0x8C, 0xD1,
    0xBF, 0x1B, 0x4E, 0x58, 0x07, 0x5E, 0xA2, 0xD8, 0xB0, 0xAB, 0xD4, 0xCC, 0x52, 0x1B, 0xA0, 0xA1,
    0xC1, 0xCC, 0x42, 0xFB, 0xA1, 0xE7, 0x3D, 0x04, 0x45, 0x20, 0xB3, 0xA7, 0x4F, 0x12, 0x68, 0x3B,
    0x49, 0x22, 0xFB, 0xF6, 0x08, 0xAD, 0x4C, 0x10, 0xDE, 0xD5, 0x6D, 0x88, 0xAF, 0x0D, 0xC4, 0x90,
    0xA0, 0xC0, 0xDA, 0x51, 0x80, 0x10, 0x41, 0x5E, 0xD0, 0x89, 0x12, 0xCD, 0x41, 0x75, 0x2E, 0xB1,
    0x43, 0x25, 0xE6, 0x3D, 0x9A, 0x71, 0x58, 0x91, 0x80, 0x8C, 0x7A, 0x7F, 0x6A, 0x09, 0x48, 0x31,
    0x71, 0xD0, 0x9B, 0xA6, 0xE9, 0x88, 0x68, 0x41, 0x70, 0xAF, 0x72, 0xF0, 0x59, 0x72, 0x56, 0x82,
    0x7C, 0x34, 0x16, 0xDB, 0xB1, 0x87, 0xD6, 0x91, 0x68, 0x2D, 0x21, 0xCB, 0xEB, 0x26, 0x71, 0xAF,
    0x84, 0x5E, 0x24, 0xA3, 0x94, 0x73, 0x55, 0x24, 0xDD, 0x0B, 0x29, 0x86, 0xE7, 0xE2, 0x55, 0xC3,
    0xF8, 0x5C, 0xBC, 0x6A, 0x18, 0xA0, 0x8B, 0x57, 0x8D, 0x20, 0x74, 0xD1, 0xAA, 0x11, 0x88, 0x2E,
    0x5A, 0x35, 0x8C, 0xD1, 0xC5, 0xAB, 0x46, 0x41, 0xBA, 0x68, 0xD5, 0x08, 0x4A, 0x17, 0xAD, 0x1A,
    0x86, 0xE9, 0xA2, 0x55, 0x23, 0x38, 0x5D, 0xB4, 0x6A, 0x04, 0xA8, 0x8B, 0x56, 0x8D, 0x20, 0x75,
    0xD1, 0xAA, 0x51, 0xA8, 0x2E, 0x5C, 0x35, 0x8A, 0xD5, 0x85, 0xAB, 0x26, 0x80, 0x75, 0x21, 0xFB,
    0x63, 0xB4, 0xAE, 0x03, 0x5C, 0x57, 0x8C, 0xD7, 0x25, 0x80, 0x5D, 0xAD, 0xE4, 0x94, 0x3A, 0xCB,
    0xF6, 0x98, 0xEA, 0xBB, 0x17, 0x58, 0x35, 0xAC, 0xAF, 0x2C, 0xBC, 0x97, 0x5B, 0x2D, 0xBE, 0x17,
    0x38, 0xA5, 0x04, 0xF0, 0xC5, 0xF6, 0x8A, 0x10, 0xBE, 0x84, 0x22, 0x88, 0x2F, 0xB1, 0x5D, 0x84,
    0xF1, 0x25, 0x96, 0x8B, 0x0E, 0x74, 0xB1, 0x54, 0x04, 0xE5, 0x0B, 0xA5, 0xF2, 0x7D, 0x81, 0xF9,
    0x42, 0xA9, 0x3C, 0x61, 0x9C, 0x2F, 0x96, 0x8A, 0x02, 0x7D, 0x91, 0xBD, 0x12, 0xA4, 0x2F, 0x94,
    0x8A, 0x40, 0x7D, 0x91, 0x54, 0x04, 0xEB, 0x8B, 0xA4, 0x22, 0x60, 0x5F, 0x2C, 0x15, 0x46, 0xFB,
    0x62, 0xA9, 0x08, 0xDC, 0x17, 0x4A, 0x45, 0xF1, 0xBE, 0x50, 0x2A, 0x01, 0xF0, 0x0B, 0xA5, 0x12,
    0x21, 0x7E, 0xC5, 0x90, 0x5F, 0x31, 0xE6, 0x57, 0x00, 0xFD, 0x6A, 0xC9, 0xDB, 0xE5, 0xA3, 0x32,
    0x0C, 0xC9, 0xCC, 0xCB, 0x8D, 0x28, 0xD9, 0x87, 0x7A, 0x21, 0xA9, 0x5C, 0xD9, 0x69, 0x8A, 0x09,
    0x16, 0x82, 0x6C, 0x13, 0x12, 0x31, 0x1B, 0x67, 0x82, 0x12, 0xBD, 0x2C, 0x0F, 0x3A, 0x8B, 0xCE,
    0xE2, 0x60, 0xA4, 0x30, 0x5A, 0x23, 0x0C, 0x15, 0x46, 0x4B, 0x84, 0xB0, 0xC2, 0x58, 0x16, 0x02,
    0x16, 0x86, 0xA2, 0x10, 0xB4, 0x30, 0x94, 0x04, 0x37, 0xE1, 0x21, 0x41, 0x30, 0xC1, 0xAB, 0x83,
    0x08, 0x12, 0x03, 0xF7, 0xE7, 0x61, 0x29, 0x30, 0x64, 0x18, 0x0A, 0x41, 0x30, 0xC3, 0x2A, 0x06,
    0xD1, 0xAA, 0x54, 0x2F, 0xD9, 0x1E, 0x3D, 0x11, 0x6C, 0x58, 0xD4, 0xA5, 0x27, 0xEC, 0x8D, 0x50,
    0xCB, 0x19, 0x0E, 0xFF, 0xF0, 0xCD, 0xD2, 0xA8, 0x27, 0x62, 0xF7, 0x0B, 0x2B, 0xA9, 0xF5, 0x3E,
    0x8A, 0xD9, 0xAD, 0x73, 0x83, 0x28, 0x72, 0x1C, 0x98, 0xFB, 0xBC, 0x66, 0x99, 0xFD, 0x8C, 0x3A,
    0xC6, 0xFC, 0x17, 0xD8, 0x31, 0x12, 0x80, 0xE0, 0x8E, 0x91, 0x04, 0x18, 0x78, 0x4C, 0x1C, 0x38,
    0x41, 0x1E, 0x13, 0x19, 0x10, 0xF4, 0x18, 0x09, 0x81, 0xB1, 0xC7, 0x58, 0x0A, 0x0C, 0x3E, 0x46,
    0x62, 0x10, 0xF4, 0x31, 0x92, 0x83, 0xC0, 0x8F, 0xB1, 0x69, 0x17, 0xFC, 0xB1, 0x5E, 0x8E, 0x77,
    0xD5, 0x4B, 0x30, 0xED, 0x52, 0xB1, 0x86, 0xCB, 0x21, 0x82, 0x20, 0x8B, 0x31, 0xC8, 0x62, 0x10,
    0xB2, 0x80, 0x42, 0xD6, 0x4A, 0x5D, 0xF7, 0xC5, 0xB2, 0x9D, 0xCA, 0xBC, 0xD5, 0xB4, 0x93, 0x6B,
    0x28, 0x22, 0xC1, 0xF0, 0x5E, 0x65, 0x72, 0x80, 0x22, 0xBB, 0x13, 0xF0, 0x8D, 0xCF, 0x7D, 0xE1,
    0x14, 0xBC, 0x6B, 0xC5, 0x70, 0xE7, 0x17, 0x04, 0x90, 0x4C, 0xFD, 0x6D, 0x41, 0x24, 0x23, 0x39,
    0x65, 0x01, 0x92, 0x8C, 0x44, 0x95, 0x19, 0x4C, 0x32, 0x94, 0xD6, 0xF7, 0x0C, 0x28, 0x19, 0x09,
    0x2C, 0xA0, 0x92, 0xB1, 0xCC, 0x2C, 0x2C, 0x19, 0x8A, 0xCD, 0xE2, 0x92, 0xA1, 0xE4, 0x0C, 0x30,
    0x19, 0x09, 0xCF, 0x20, 0x93, 0xF1, 0x32, 0x0A, 0xD0, 0x64, 0x2C, 0xC2, 0x80, 0x4D, 0x46, 0x52,
    0xB4, 0xE0, 0x64, 0x24, 0x48, 0x83, 0x4E, 0x46, 0xB2, 0xB4, 0xF0, 0x64, 0x28, 0xCE, 0x23, 0x3E,
    0xD9, 0x5D, 0x80, 0xB2, 0x3B, 0x08, 0x65, 0x16, 0xA2, 0xAC, 0x3D, 0xAE, 0x20, 0xB3, 0xA8, 0xB8,
    0xE7, 0x4C, 0x78, 0xA1, 0x39, 0x5D, 0x73, 0xC2, 0x1F, 0xEE, 0x85, 0x27, 0x47, 0x24, 0xB3, 0x03,
    0x94, 0x59, 0x84, 0x65, 0x76, 0x80, 0x2F, 0xBB, 0x46, 0x46, 0x11, 0xD8, 0x9A, 0x1C, 0x48, 0x13,
    0x7F, 0x01, 0x69, 0xC2, 0x2F, 0xDE, 0xC3, 0x90, 0xE8, 0x0B, 0x51, 0xCC, 0xD8, 0x25, 0x17, 0x50,
    0x33, 0xF6, 0xC9, 0x19, 0xD5, 0x4C, 0xDD, 0x0B, 0x81, 0x35, 0xC3, 0x39, 0x10, 0x70, 0xCD, 0x60,
    0x06, 0xBC, 0xA7, 0xC0, 0x66, 0x1C, 0x77, 0x09, 0xB2, 0x19, 0x87, 0x5D, 0x02, 0x6D, 0x26, 0x51,
    0x17, 0x63, 0x9B, 0x91, 0xE4, 0x03, 0xB8, 0x19, 0xC9, 0x5D, 0xD1, 0xCD, 0x48, 0xEA, 0x01, 0xDE,
    0x8C, 0xDC, 0xBC, 0x18, 0xDF, 0xEC, 0x08, 0x70, 0x76, 0x40, 0x38, 0x53, 0x88, 0xB3, 0x10, 0x6D,
    0xFD, 0xD8, 0xC8, 0x51, 0x3B, 0x13, 0xC4, 0xB1, 0xD6, 0x41, 0xCA, 0xF7, 0xC8, 0x78, 0xD0, 0x1D,
    0x63, 0x8B, 0x89, 0xE6, 0xF8, 0xE9, 0x15, 0x14, 0xCD, 0xF1, 0xB7, 0xFB, 0x99, 0x5D, 0xCC, 0x02,
    0x8B, 0xA6, 0x2F, 0x08, 0x2E, 0x9A, 0x0A, 0x4F, 0x80, 0xD1, 0x54, 0x7C, 0x82, 0x8C, 0x26, 0x02,
    0x0C, 0xD0, 0x68, 0x12, 0x55, 0x29, 0x36, 0x9A, 0x04, 0x56, 0x02, 0x8E, 0xC6, 0x62, 0xB4, 0xE8,
    0x68, 0x28, 0x48, 0x0B, 0x8F, 0x86, 0x8B, 0xD9, 0xE0, 0xA3, 0x91, 0x30, 0x0D, 0x40, 0x1A, 0x89,
    0xD3, 0x20, 0xA4, 0x91, 0x40, 0x0D, 0x44, 0x1A, 0x89, 0xD4, 0x62, 0xA4, 0xA1, 0x50, 0x2D, 0x48,
    0x1A, 0x8A, 0x35, 0x42, 0x49, 0x03, 0xC1, 0x1E, 0x61, 0xD2, 0xEE, 0xE0, 0xA4, 0xDD, 0x05, 0x4A,
    0x8B, 0x90, 0xD2, 0xDA, 0x50, 0x41, 0x73, 0x10, 0x62, 0x7D, 0x7C, 0xA1, 0x9C, 0xAF, 0x47, 0xD4,
    0x0F, 0x5B, 0xCC, 0xD1, 0x06, 0xF3, 0x03, 0xB1, 0x7C, 0xA3, 0x83, 0x2B, 0x79, 0x5C, 0xCF, 0x60,
    0x7B, 0x7F, 0x0C, 0xF6, 0x10, 0x6A, 0x79, 0x38, 0x66, 0x1E, 0x65, 0x92, 0xA2, 0x6A, 0xAA, 0x43,
    0x65, 0xC9, 0x03, 0x9C, 0xAC, 0xD1, 0x3A, 0x59, 0xA3, 0x75, 0xB2, 0x46, 0xEB, 0x64, 0x8D, 0xD6,
    0xC9, 0x1A, 0x13, 0xE3, 0x64, 0x51, 0xF7, 0x43, 0x76, 0xB2, 0xB0, 0xFD, 0xA1, 0x3A, 0x59, 0x79,
    0xE4, 0x64, 0xE5, 0x9F, 0xD6, 0xC9, 0x4A, 0x23, 0x27, 0x6B, 0x35, 0x4E, 0x16, 0xF5, 0x41, 0xBC,
    0xE6, 0x64, 0x0D, 0x37, 0x9D, 0xAC, 0xF5, 0xB3, 0x76, 0xB2, 0xAE, 0xFE, 0x54, 0xC9, 0x2D, 0xB9,
    0xC5, 0x30, 0x3B, 0x76, 0x22, 0xAC, 0x0F, 0x22, 0xE2, 0xC3, 0x81, 0x71, 0x3D, 0xD8, 0xCD, 0x3F,
    0x8A, 0xDE, 0xE8, 0x43, 0x1B, 0xF4, 0xEA, 0x76, 0xC7, 0x6C, 0xFC, 0x0C, 0x50, 0xC0, 0xAA, 0x96,
    0xBE, 0xBB, 0x9B, 0x84, 0xDE, 0xD7, 0x7B, 0x8D, 0x55, 0xFD, 0x5F, 0x6D, 0xC6, 0x90, 0xE0, 0x69,
    0xAB, 0x39, 0xE4, 0x77, 0xFA, 0xFC, 0x12, 0xD2, 0x3B, 0xD8, 0x28, 0x8C, 0xE3, 0xD4, 0x04, 0x73,
    0xBC, 0x1C, 0xA6, 0x66, 0x5B, 0x98, 0x21, 0xA0, 0x83, 0x06, 0x4D, 0xED, 0xF4, 0x17, 0x2C, 0x22,
    0xC3, 0x19, 0xF2, 0x18, 0xCE, 0xB5, 0xC8, 0x0C, 0xC1, 0xD6, 0x59, 0x32, 0x43, 0xB0, 0x78, 0x9C,
    0x67, 0x48, 0x2A, 0xF1, 0x0F, 0xCC, 0x90, 0x74, 0xB3, 0xDC, 0x72, 0xF6, 0xC4, 0x78, 0x7B, 0x36,
    0x25, 0x07, 0x80, 0xDF, 0xA2, 0xB9, 0x02, 0x6D, 0xA6, 0x60, 0xF1, 0x05, 0x89, 0x90, 0xCD, 0x81,
    0x17, 0x76, 0xC3, 0xDD, 0x73, 0x48, 0xE5, 0x78, 0x33, 0x46, 0x8E, 0x5E, 0x33, 0x46, 0x6E, 0x5E,
    0x33, 0x46, 0x4E, 0x5E, 0x63, 0x16, 0x6A, 0xA6, 0x3D, 0x67, 0xC9, 0xC1, 0xD3, 0xA6, 0xB3, 0xE2,
    0xDE, 0x51, 0xD7, 0x59, 0x16, 0x46, 0x68, 0x3B, 0x8B, 0xE2, 0x08, 0x7D, 0x67, 0xC9, 0xB1, 0x93,
    0xC6, 0xB3, 0x24, 0x12, 0xED, 0x3C, 0xCB, 0xCB, 0x56, 0x5A, 0xCF, 0xF2, 0xC2, 0x95, 0xDE, 0xB3,
    0x24, 0x98, 0xD0, 0x7C, 0xB6, 0x97, 0xFE, 0x88, 0xA4, 0x43, 0xC8, 0xAC, 0x87, 0xF6, 0xB3, 0x68,
    0xD6, 0xE3, 0xFE, 0xB3, 0x87, 0x06, 0xB4, 0x87, 0x0E, 0xB4, 0xA6, 0x05, 0x6D, 0x2B, 0xFB, 0x67,
    0x66, 0x29, 0x87, 0x26, 0xB4, 0xEE, 0x98, 0x7B, 0x7F, 0x31, 0xB3, 0xFE, 0x85, 0x36, 0xFD, 0x7D,
    0x6A, 0xD3, 0xFF, 0x1E, 0x51, 0xFF, 0xE3, 0xB0, 0x69, 0x22, 0x7E, 0x15, 0x94, 0xDA, 0xF4, 0xB2,
    0x5D, 0xBE, 0x42, 0x07, 0xC8, 0x40, 0xB5, 0xD8, 0x32, 0xBF, 0x63, 0xC1, 0x0C, 0xE7, 0x1A, 0x77,
    0xF4, 0x39, 0x6F, 0x0D, 0x05, 0x05, 0x2A, 0xA7, 0x8D, 0xAB, 0xD6, 0x51, 0x50, 0xC0, 0xA2, 0xCA,
    0x89, 0xA4, 0x70, 0xE9, 0x68, 0xB8, 0x74, 0xDA, 0x45, 0x7D, 0xA0, 0xAC, 0x28, 0x44, 0x11, 0x61,
    0xF5, 0x1C, 0x59, 0x90, 0xB4, 0x6A, 0x2E, 0x52, 0x20, 0x71, 0x15, 0xA4, 0xB3, 0x44, 0xB7, 0xF5,
    0x44, 0xB1, 0x72, 0x4B, 0xA8, 0x44, 0x81, 0xF3, 0xD6, 0xAC, 0xCA, 0x39, 0xB8, 0x15, 0xC5, 0xAE,
    0xC1, 0x6D, 0x9F, 0x98, 0xE0, 0x96, 0x95, 0x3E, 0x27, 0x40, 0x0F, 0xD0, 0xCB, 0xCF, 0xA7, 0xDA,
    0x88, 0xD2, 0x9C, 0xDB, 0x3D, 0xD4, 0x0B, 0xE4, 0x7A, 0x9E, 0x57, 0xD2, 0x1D, 0x17, 0x73, 0x59,
    0x2A, 0x44, 0x2F, 0xCD, 0x6E, 0xB4, 0x5C, 0xC6, 0x87, 0xEC, 0x48, 0xC9, 0x11, 0xA8, 0xA1, 0x04,
    0xB1, 0x84, 0x6A, 0x28, 0x2A, 0x0E, 0x61, 0x0D, 0x35, 0x7C, 0x65, 0x5C, 0x43, 0x52, 0x70, 0x02,
    0x6C, 0xC8, 0x81, 0x2B, 0x9D, 0x35, 0x11, 0xF5, 0x46, 0x3A, 0x49, 0x42, 0x56, 0x5A, 0xCD, 0x24,
    0x15, 0x01, 0x37, 0x64, 0xDD, 0x26, 0xE8, 0x86, 0x28, 0x15, 0x85, 0x37, 0x24, 0xA9, 0x28, 0xBE,
    0x21, 0x4A, 0x25, 0x02, 0x38, 0x8C, 0x11, 0x0E, 0x0F, 0xCE, 0x9F, 0x62, 0x1C, 0xB6, 0x51, 0xB5,
    0x50, 0xCC, 0xF9, 0xFB, 0xA8, 0x87, 0x78, 0x28, 0x75, 0x4C, 0x45, 0x1B, 0x8D, 0x82, 0x96, 0xE8,
    0x56, 0x0B, 0x97, 0xE8, 0x56, 0x8B, 0x97, 0x88, 0xDE, 0x02, 0x02, 0x26, 0xF2, 0x3A, 0x22, 0xC4,
    0x44, 0xA2, 0x52, 0x86, 0x4C, 0x24, 0xF9, 0xA5, 0x8C, 0x99, 0xC8, 0xAB, 0x8A, 0x41, 0x13, 0x59,
    0xFF, 0x09, 0x6A, 0x22, 0xAD, 0x2A, 0x81, 0x4D, 0x24, 0xF9, 0x31, 0x6E, 0x62, 0x70, 0x17, 0x08,
    0x38, 0x11, 0xE5, 0xA7, 0xC8, 0x89, 0xA4, 0x04, 0x19, 0x3A, 0x91, 0xB5, 0x20, 0x63, 0x27, 0x4A,
    0xCA, 0xA8, 0xD3, 0x13, 0x45, 0xED, 0x28, 0xE8, 0x89, 0xBC, 0xAA, 0x04, 0x3E, 0xB1, 0xE7, 0xEA,
    0x73, 0xC2, 0x7C, 0xE3, 0x55, 0x25, 0x00, 0x8A, 0xB4, 0xAA, 0x62, 0x04, 0xC5, 0x18, 0x42, 0x31,
    0xC6, 0x50, 0x94, 0x1E, 0x7F, 0xAD, 0xB8, 0x77, 0x63, 0x94, 0x32, 0x8A, 0xA8, 0x76, 0x7C, 0xC9,
    0x55, 0x75, 0x6F, 0xD9, 0x38, 0x8A, 0x24, 0xF2, 0x1C, 0x22, 0xBF, 0xC1, 0x7A, 0x0D, 0x09, 0x61,
    0x2D, 0xB2, 0x38, 0x18, 0x6C, 0x91, 0xA4, 0xC1, 0x68, 0x8B, 0xBC, 0xC9, 0x80, 0x70, 0x8B, 0x2C,
    0x0B, 0xC1, 0x5B, 0x44, 0x51, 0x08, 0xE0, 0x22, 0x4A, 0x82, 0x11, 0x17, 0x79, 0x21, 0x11, 0xE4,
    0x22, 0xC9, 0x81, 0x31, 0x17, 0x49, 0x0C, 0x0C, 0xBA, 0x48, 0x52, 0x10, 0xD4, 0x45, 0x32, 0x47,
    0x0C, 0xBB, 0x48, 0x7B, 0x0B, 0xA2, 0x0F, 0x64, 0x67, 0xE7, 0x26, 0x4E, 0xC2, 0x15, 0xE7, 0xB8,
    0xD5, 0x84, 0x8A, 0xE1, 0xF0, 0x6E, 0x89, 0xB7, 0x5F, 0xCC, 0x75, 0x5B, 0x0D, 0x34, 0x23, 0x58,
    0x1C, 0x43, 0x30, 0x38, 0x23, 0x3D, 0x6D, 0x21, 0x87, 0xBB, 0x18, 0xCA, 0x2A, 0xD3, 0x3C, 0x0C,
    0xE1, 0x33, 0x32, 0xE3, 0x09, 0xA0, 0x91, 0x19, 0xCF, 0x08, 0x8D, 0xEC, 0x33, 0x13, 0x44, 0xA3,
    0xE6, 0x5F, 0x52, 0x93, 0x7D, 0x21, 0x90, 0x46, 0xCA, 0xBD, 0x30, 0x4A, 0x23, 0x65, 0x5E, 0x08,
    0xA6, 0x51, 0xF3, 0x2E, 0xA9, 0xCD, 0xBA, 0xA4, 0x36, 0xE7, 0x92, 0x6A, 0xC6, 0x45, 0xA0, 0x1A,
    0x69, 0xF6, 0x33, 0x56, 0xA3, 0x64, 0x5B, 0x9E, 0xD8, 0x5C, 0xCB, 0x3F, 0xAE, 0x37, 0xF6, 0x41,
    0x23, 0xBC, 0x46, 0xAE, 0x22, 0x6D, 0x6D, 0x6D, 0x82, 0x6C, 0x67, 0x5B, 0x22, 0xB7, 0x44, 0xFA,
    0xE3, 0x07, 0xFA, 0xCC, 0xCF, 0x9F, 0xF1, 0x09, 0x17, 0xBD, 0x18, 0x22, 0x98, 0x10, 0x38, 0xAD,
    0x26, 0xC1, 0x4A, 0x42, 0x1D, 0x88, 0x2F, 0xB9, 0xC0, 0x40, 0x32, 0xE3, 0x19, 0xD7, 0x91, 0x1D,
    0x30, 0x04, 0x76, 0x64, 0xC6, 0x0B, 0xB2, 0x23, 0x31, 0x9E, 0xA1, 0x1D, 0xA9, 0xD6, 0x80, 0xB0,
    0x1D, 0x89, 0xF1, 0x0C, 0xEE, 0x48, 0x8C, 0x67, 0x74, 0x47, 0x62, 0x3C, 0xC3, 0x3B, 0x72, 0xB0,
    0xC2, 0xF8, 0x8E, 0xC8, 0x78, 0x01, 0x78, 0x44, 0xC6, 0x2B, 0xC2, 0x23, 0x30, 0xDE, 0x42, 0x3C,
    0xDE, 0xC1, 0x78, 0xBC, 0x42, 0xB4, 0x96, 0x90, 0x79, 0x7D, 0x9B, 0x78, 0x88, 0xB1, 0xA8, 0x2C,
    0x72, 0x5A, 0x4C, 0x58, 0xDF, 0x0C, 0x88, 0x3F, 0x16, 0xD4, 0xF3, 0xE7, 0x10, 0x52, 0x94, 0xF4,
    0x1C, 0x42, 0x4A, 0x95, 0x88, 0xE0, 0x73, 0x14, 0x48, 0xC8, 0x29, 0x0A, 0x24, 0xA4, 0x3C, 0x89,
    0x08, 0x2E, 0x4D, 0x42, 0x42, 0xCA, 0x92, 0xE8, 0xD6, 0x5C, 0x92, 0x44, 0x04, 0x97, 0x23, 0x11,
    0x21, 0xA5, 0x48, 0x44, 0x50, 0x19, 0x12, 0x11, 0x5C, 0x82, 0x44, 0x04, 0x97, 0x1F, 0x11, 0xC1,
    0xA5, 0x47, 0x44, 0x70, 0xD9, 0x11, 0x7F, 0x05, 0x2A, 0x39, 0x62, 0x82, 0xCA, 0x8D, 0x98, 0xA0,
    0x52, 0x23, 0xF9, 0xA6, 0x58, 0x66, 0x24, 0x4C, 0xC4, 0x12, 0xA3, 0x6B, 0xBC, 0x6E, 0x6F, 0x96,
    0x15, 0x45, 0x25, 0x45, 0x51, 0x39, 0xD1, 0xA1, 0x94, 0x28, 0x2E, 0x23, 0x8A, 0x4A, 0x88, 0xA2,
    0xF2, 0xA1, 0xB8, 0x74, 0x28, 0xDA, 0xA8, 0xFD, 0xDA, 0x0B, 0xF9, 0xE8, 0x07, 0x27, 0xDD, 0x78,
    0xE9, 0x08, 0xB3, 0x10, 0x1C, 0x73, 0xEC, 0x43, 0x1D, 0x48, 0x70, 0x83, 0xC6, 0xE0, 0xA8, 0x57,
    0x7B, 0xF2, 0xF8, 0x12, 0x3C, 0x75, 0x28, 0x06, 0x00, 0xC7, 0x9D, 0x57, 0x34, 0xF6, 0x00, 0x1F,
    0xC4, 0x8A, 0x41, 0x2E, 0xAD, 0x70, 0xEA, 0xAC, 0xC3, 0xCE, 0x64, 0x1D, 0x36, 0x37, 0x4E, 0x83,
    0xBF, 0xEF, 0x3B, 0xC1, 0x5D, 0xAF, 0xDD, 0x6F, 0x5D, 0x12, 0x62, 0xDF, 0xA4, 0xFC, 0x88, 0x5A,
    0xEA, 0x70, 0x2A, 0x02, 0x0A, 0xFB, 0x83, 0xC7, 0x8E, 0x8D, 0xF2, 0x8C, 0xCB, 0x0E, 0x50, 0x0C,
    0xC6, 0x67, 0xAF, 0xB8, 0xBC, 0x50, 0x8A, 0x4D, 0xE6, 0xC8, 0x6B, 0xAF, 0x4E, 0x91, 0xDB, 0x9E,
    0xDD, 0xF1, 0xDB, 0x0F, 0x8E, 0xFB, 0xC1, 0x3B, 0x7F, 0x10, 0xD9, 0x26, 0x57, 0xBD, 0xF7, 0xE7,
    0x90, 0x2F, 0x14, 0xFB, 0xC2, 0x9E, 0xD8, 0xF3, 0x68, 0x29, 0x69, 0x98, 0x62, 0x57, 0x5E, 0xCF,
    0x2A, 0x8A, 0xEF, 0x01, 0xFB, 0x30, 0x1F, 0x98, 0x52, 0xB0, 0x61, 0xC1, 0x3A, 0x6E, 0xD5, 0xC7,
    0x25, 0x1C, 0x52, 0xDC, 0x42, 0x29, 0x18, 0xF4, 0xF0, 0x2D, 0x43, 0x58, 0x0C, 0xFC, 0x1F, 0x20,
    0x59, 0x23, 0xC2, 0xEB, 0x77, 0x2E, 0xDF, 0x25, 0xE9, 0x15, 0x78, 0x46, 0x1D, 0x41, 0x16, 0xC9,
    0x21, 0xD9, 0x05, 0xCC, 0x81, 0x4D, 0xE3, 0x04, 0xB4, 0xB1, 0x8E, 0x27, 0xF9, 0x3D, 0x1B, 0x48,
    0x7C, 0x7F, 0xA1, 0x36, 0xB2, 0x85, 0xFB, 0xE5, 0x4E, 0xFD, 0x93, 0x57, 0x00, 0x3F, 0x38, 0xC7,
    0xB4, 0x0F, 0x09, 0xB1, 0xF4, 0x6B, 0x8F, 0x97, 0x0E, 0x49, 0xB1, 0xBF, 0x0C, 0xF1, 0x29, 0xA6,
    0x6D, 0x38, 0x94, 0x82, 0xC5, 0x0D, 0x1C, 0x43, 0xF9, 0x7D, 0x2B, 0x59, 0x8E, 0x43, 0xE9, 0xD7,
    0x81, 0x4E, 0xDC, 0xCB, 0x94, 0x82, 0x0D, 0x71, 0x96, 0x4F, 0xAF, 0xA6, 0x46, 0x34, 0xBA, 0x8A,
    0xFE, 0x0D, 0x47, 0xD8, 0xF8, 0xEC, 0x1A, 0x2B, 0x5C, 0xD1, 0xB5, 0x7A, 0x4C, 0x4D, 0xCE, 0xA7,
    0xC9, 0xC1, 0x34, 0x39, 0x91, 0x26, 0x47, 0xD1, 0xE4, 0x0C, 0x9A, 0xD4, 0x71, 0x4A, 0xF9, 0xA6,
    0x1E, 0x37, 0x93, 0x73, 0x66, 0x5E, 0x69, 0x62, 0x69, 0x30, 0xB7, 0x88, 0x68, 0x4E, 0x54, 0xA2,
    0xD9, 0x9F, 0xA9, 0xA6, 0x79, 0x98, 0xFA, 0x1D, 0xCE, 0xA9, 0xF7, 0xEF, 0xBB, 0x09, 0xFB, 0xD4,
    0xFC, 0x05, 0x1F, 0xFC, 0xCC, 0xF9, 0x9A, 0xB9, 0x0B, 0x65, 0xDD, 0x07, 0x47, 0xED, 0x48, 0x53,
    0x3A, 0xCF, 0x9E, 0x68, 0x77, 0x33, 0x3D, 0xE7, 0x20, 0xDD, 0x76, 0xBF, 0xF2, 0xE6, 0x61, 0xBE,
    0x9F, 0xEE, 0x27, 0xEF, 0x1C, 0x41, 0x8A, 0x48, 0xE3, 0x74, 0x44, 0xE9, 0x39, 0xC2, 0x55, 0xD5,
    0xC8, 0x95, 0x81, 0x55, 0x25, 0x74, 0x65, 0x64, 0x55, 0x89, 0x5D, 0x09, 0x5A, 0x55, 0x83, 0x57,
    0xC1, 0x56, 0x95, 0x9D, 0x57, 0x06, 0x57, 0xE5, 0xF0, 0x95, 0xD1, 0x55, 0x65, 0xD7, 0x95, 0xE1,
    0x55, 0x4D, 0x00, 0x5B, 0x6A, 0xAD, 0xA3, 0x02, 0xAC, 0x9A, 0x10, 0x16, 0xD9, 0xC5, 0xBB, 0xAD,
    0x92, 0xAD, 0xE3, 0x20, 0x56, 0xF3, 0x71, 0x38, 0xB9, 0x63, 0x90, 0xD5, 0x03, 0xCA, 0xEA, 0x11,
    0x66, 0x35, 0xE0, 0xAC, 0x4A, 0x24, 0xBB, 0x3F, 0x24, 0x1F, 0xF7, 0x92, 0x2A, 0xAA, 0xBB, 0x8F,
    0x12, 0x65, 0x74, 0x66, 0x3D, 0x48, 0x18, 0x85, 0x1B, 0xCD, 0x3F, 0x92, 0xD6, 0x4F, 0xE9, 0x80,
    0x88, 0xAA, 0x25, 0x54, 0xFA, 0xA2, 0x94, 0x1A, 0xCC, 0xE1, 0xE8, 0x06, 0x29, 0xDA, 0x07, 0x55,
    0x48, 0x48, 0x89, 0x3A, 0xCA, 0x2F, 0x26, 0xF7, 0x03, 0xCA, 0x2D, 0x58, 0x12, 0x40, 0xF5, 0x0C,
    0x86, 0x04, 0x0E, 0xD4, 0x05, 0x3B, 0xD2, 0x5C, 0xEA, 0x35, 0x98, 0x11, 0x68, 0x06, 0x12, 0xAC,
    0x08, 0xAC, 0x21, 0xA7, 0x46, 0xA4, 0xEF, 0x18, 0x1A, 0xA8, 0x22, 0x48, 0x30, 0xC1, 0x06, 0xC2,
    0xCD, 0xB3, 0x08, 0x15, 0xA1, 0x5E, 0x6C, 0xF2, 0xB4, 0x72, 0xD6, 0x7E, 0xE4, 0x2E, 0x32, 0x1F,
    0xDF, 0x8D, 0xEC, 0xC3, 0x97, 0x3E, 0xA3, 0xDC, 0xCF, 0x78, 0x7D, 0x28, 0x1A, 0x26, 0x5F, 0x55,
    0xD9, 0x30, 0x58, 0x2A, 0x27, 0x1A, 0x45, 0xF5, 0xD4, 0xA3, 0x6A, 0x9F, 0x66, 0x54, 0x05, 0xD4,
    0x9C, 0x54, 0x07, 0x41, 0x57, 0x11, 0x56, 0x43, 0xCD, 0xA8, 0x9A, 0xA8, 0x19, 0x55, 0x19, 0x41,
    0xC8, 0x2E, 0xCE, 0xDE, 0x18, 0xAA, 0xCE, 0xCF, 0x5A, 0x6F, 0x4E, 0x0D, 0x27, 0x12, 0x39, 0xF9,
    0xC1, 0xBA, 0x09, 0x0F, 0x30, 0x90, 0x7A, 0x42, 0x18, 0x56, 0xD2, 0x50, 0xF8, 0x90, 0xA4, 0xA4,
    0xF0, 0x7D, 0xEC, 0xDC, 0xCD, 0x5A, 0x45, 0x5E, 0x4F, 0x5A, 0x3F, 0x4E, 0xDD, 0x99, 0xC0, 0xAD,
    0x33, 0x10, 0x75, 0x6D, 0xC8, 0x5D, 0x9B, 0x13, 0xCB, 0xCC, 0xC8, 0x22, 0x18, 0x4E, 0x73, 0xD0,
    0xD5, 0x1C, 0x72, 0x35, 0x07, 0x5C, 0xAF, 0x1C, 0x6E, 0x7D, 0x39, 0xF5, 0xFE, 0x06, 0x31, 0xD8,
    0x7F, 0xB3, 0xE2, 0xC2, 0x6A, 0x7D, 0x21, 0x7E, 0x66, 0xA2, 0xD6, 0x37, 0x56, 0xEB, 0x8E, 0xD5,
    0x7A, 0x7F, 0x4B, 0xAD, 0x2F, 0xAC, 0xD6, 0x37, 0x56, 0xE7, 0xD2, 0x18, 0xA1, 0x7D, 0x96, 0x3C,
    0xE6, 0xC0, 0x52, 0x9B, 0x3E, 0xD2, 0x01, 0x1A, 0x6C, 0x67, 0xF2, 0x97, 0x89, 0xB4, 0x3D, 0x69,
    0xF9, 0xEA, 0x18, 0x3E, 0x39, 0xBA, 0xCA, 0xEF, 0x4D, 0x5B, 0x94, 0x44, 0xB1, 0x94, 0xDF, 0xB7,
    0x6D, 0x51, 0x86, 0xD0, 0x12, 0xFB, 0x56, 0x7B, 0x14, 0x3D, 0x64, 0x72, 0xA3, 0xD6, 0xE6, 0x48,
    0x5A, 0xFD, 0x8E, 0x15, 0x21, 0x11, 0x69, 0xD5, 0x7D, 0x7B, 0x12, 0x0D, 0x22, 0x90, 0xB7, 0x5A,
    0x9B, 0xC6, 0x98, 0xB7, 0xA4, 0x43, 0x14, 0xF4, 0x96, 0x94, 0x88, 0xA0, 0xDE, 0xEA, 0x6E, 0x8C,
    0xC0, 0xDE, 0xF2, 0xDE, 0xBC, 0xE0, 0xDE, 0xF2, 0xCE, 0x3C, 0xA3, 0x10, 0x49, 0xCC, 0xC9, 0xC8,
    0xB7, 0xA4, 0x49, 0x14, 0xFA, 0x96, 0x54, 0x89, 0x62, 0xDF, 0xB2, 0x2E, 0xD1, 0x16, 0x4E, 0xA8,
    0x4C, 0x02, 0xFA, 0x2D, 0x6A, 0x13, 0x03, 0x7F, 0x8B, 0xEA, 0x3E, 0xC6, 0xBF, 0xBD, 0x02, 0x80,
    0x7B, 0x9D, 0x6C, 0x6F, 0x54, 0xCF, 0xDC, 0x4F, 0xBE, 0xC8, 0xF6, 0x6A, 0x8C, 0x61, 0x90, 0x1F,
    0x3B, 0x40, 0x8A, 0xF8, 0x22, 0xD8, 0xDC, 0x18, 0x37, 0x57, 0x80, 0x73, 0x49, 0x94, 0x8C, 0x9C,
    0x2B, 0x82, 0x25, 0xE8, 0x5C, 0x91, 0x2B, 0x61, 0xE7, 0x8A, 0x61, 0x20, 0xF0, 0x5C, 0x63, 0x18,
    0x00, 0x30, 0x97, 0x0D, 0x03, 0xC3, 0xE7, 0xB2, 0x61, 0x20, 0xFC, 0x5C, 0x16, 0xA9, 0x02, 0xE8,
    0x52, 0x01, 0xA8, 0x20, 0xE8, 0xF2, 0x71, 0x05, 0x82, 0xD0, 0x15, 0x79, 0x12, 0x86, 0xAE, 0x6C,
    0x0A, 0xD0, 0x43, 0x85, 0x4D, 0x01, 0xB2, 0x5D, 0xB2, 0x29, 0x10, 0x32, 0x67, 0x61, 0xEB, 0x49,
    0x82, 0x8B, 0x28, 0x77, 0x76, 0x4F, 0x9E, 0xFD, 0x3A, 0xD5, 0x46, 0x94, 0x1B, 0x9F, 0x4F, 0xBD,
    0xC8, 0xA6, 0xC0, 0x43, 0x8A, 0xA5, 0x19, 0x70, 0xD7, 0x44, 0x12, 0x61, 0xB5, 0x31, 0xE4, 0xAE,
    0x9A, 0xEB, 0xCD, 0xAC, 0x35, 0x01, 0xDD, 0x95, 0x08, 0x82, 0x50, 0x77, 0x35, 0x7E, 0x00, 0xD8,
    0x5D, 0x8D, 0x1E, 0x18, 0x77, 0x17, 0xA5, 0xA2, 0xC0, 0xBB, 0x12, 0x39, 0xE0, 0x1A, 0x0C, 0x71,
    0x83, 0x3B, 0xD9, 0xA8, 0x21, 0xAC, 0x31, 0x01, 0xDF, 0x95, 0x88, 0xE1, 0x62, 0x56, 0x98, 0xC2,
    0xEF, 0x92, 0x54, 0x14, 0x7F, 0x97, 0x13, 0x6B, 0x16, 0x80, 0xF7, 0x80, 0xC0, 0x1B, 0x43, 0xF0,
    0x0A, 0xC0, 0x99, 0x16, 0x4B, 0xDB, 0xC5, 0x93, 0x46, 0x14, 0xF7, 0xC7, 0x7A, 0x19, 0xA9, 0x3C,
    0xA4, 0x3A, 0x94, 0x41, 0x7B, 0x65, 0x22, 0x12, 0x6A, 0xAF, 0x3A, 0x51, 0x23, 0x9D, 0xAC, 0x21,
    0xA9, 0x10, 0x6E, 0xAF, 0x4A, 0x85, 0x80, 0x7B, 0x59, 0x2A, 0x8C, 0xDC, 0x2B, 0x85, 0x01, 0x08,
    0xDD, 0x1B, 0x52, 0xFD, 0x84, 0xDD, 0xCB, 0xA5, 0x01, 0x0C, 0xDE, 0x4B, 0xE1, 0x38, 0xA3, 0xF7,
    0x72, 0x34, 0xCE, 0x25, 0x84, 0x24, 0x15, 0xC1, 0xEF, 0x45, 0xA9, 0x3C, 0x11, 0x00, 0x5F, 0x92,
    0x8A, 0x22, 0xF8, 0xA2, 0x54, 0x14, 0xC2, 0x97, 0x9C, 0x28, 0xC5, 0xF0, 0xC5, 0x6D, 0x4F, 0x0B,
    0xE2, 0x7B, 0x17, 0xC5, 0xF7, 0x2A, 0xD5, 0x46, 0x94, 0xAE, 0x8E, 0x7B, 0xA8, 0x17, 0x90, 0xCA,
    0x7D, 0x20, 0x99, 0x9C, 0x71, 0xDE, 0xA2, 0xE5, 0x68, 0x63, 0x10, 0x2A, 0x90, 0x24, 0x79, 0x50,
    0xB7, 0x63, 0x29, 0xD6, 0x75, 0x26, 0xCA, 0x66, 0xF4, 0x5F, 0x12, 0x06, 0xC1, 0xFF, 0x4A, 0xE2,
    0x93, 0xF1, 0x7F, 0x39, 0xEE, 0x30, 0x87, 0xAC, 0xBE, 0x2A, 0x02, 0x90, 0x80, 0xE1, 0x6C, 0x74,
    0x56, 0x33, 0x1A, 0x95, 0xD5, 0x86, 0x0D, 0x17, 0xF6, 0x4F, 0xA9, 0x4A, 0x83, 0x61, 0x80, 0x51,
    0x06, 0x5A, 0xC1, 0x05, 0x0F, 0x6C, 0x81, 0x80, 0x63, 0x24, 0xE0, 0x18, 0x0A, 0x58, 0x0C, 0x7C,
    0x7B, 0x65, 0x4D, 0x0C, 0xF6, 0x10, 0x47, 0x65, 0x13, 0x9F, 0x84, 0x07, 0x2C, 0xAC, 0x8F, 0xF0,
    0x0A, 0x5F, 0xFD, 0xA2, 0x4A, 0xE3, 0x5F, 0x52, 0x95, 0x46, 0x7A, 0x38, 0x74, 0x17, 0x9F, 0xA0,
    0x8C, 0x9B, 0x5F, 0x1D, 0x10, 0x83, 0xAF, 0x42, 0x06, 0x7F, 0x51, 0xF0, 0xF1, 0xFB, 0x28, 0xF8,
    0x78, 0x2B, 0xAA, 0x83, 0x8C, 0x32, 0xD2, 0xB7, 0x7E, 0x73, 0x17, 0x16, 0x6B, 0xB8, 0x9D, 0xAE,
    0x39, 0x50, 0x26, 0x51, 0xD9, 0x46, 0x69, 0xCA, 0x36, 0x4A, 0x52, 0xB6, 0x51, 0x8A, 0xB2, 0x8D,
    0x12, 0x94, 0x6D, 0x94, 0x9E, 0x6C, 0x13, 0x9B, 0x9C, 0x6C, 0x13, 0x9B, 0x9A, 0x6C, 0x13, 0x9B,
    0x98, 0x6C, 0x13, 0x9B, 0x96, 0x6C, 0x13, 0xEB, 0x5C, 0xB4, 0x49, 0xE4, 0x5C, 0x24, 0x91, 0x73,
    0x91, 0x44, 0xCE, 0x45, 0x12, 0x39, 0x17, 0x49, 0xE4, 0x5C, 0x98, 0x74, 0x72, 0x84, 0x34, 0x7C,
    0x80, 0x1A, 0xB6, 0x58, 0xC3, 0x01, 0x6C, 0xB8, 0x4D, 0x2C, 0xDA, 0x30, 0x9D, 0x82, 0x97, 0xB2,
    0x05, 0xA6, 0xA4, 0xEB, 0xE7, 0x98, 0x98, 0xAE, 0x34, 0x0F, 0xAC, 0x03, 0x39, 0x36, 0x98, 0xBB,
    0x43, 0x4F, 0x61, 0xCF, 0xFC, 0xC4, 0xD6, 0xC5, 0xD4, 0x31, 0x5A, 0x1A, 0x30, 0x80, 0x95, 0x4E,
    0x81, 0x1D, 0x73, 0xA0, 0x9B, 0x13, 0x02, 0xC9, 0x11, 0x5D, 0x41, 0x42, 0x20, 0x03, 0xC8, 0x58,
    0xA6, 0xBD, 0xB7, 0x7D, 0x86, 0xAC, 0x41, 0x27, 0x34, 0xD4, 0x55, 0x83, 0xDE, 0xE5, 0xCF, 0x57,
    0x17, 0x6C, 0xB0, 0x5B, 0x09, 0x9D, 0x43, 0xE9, 0xF8, 0x07, 0x96, 0xC6, 0x18, 0x14, 0x0F, 0xAA,
    0x70, 0x1B, 0x26, 0x17, 0xD1, 0x17, 0x7C, 0xDA, 0x5A, 0xDE, 0x0F, 0x2D, 0x12, 0x40, 0xBE, 0x93,
    0xDC, 0x7F, 0xC6, 0xDD, 0xD0, 0x01, 0xB1, 0x72, 0xA8, 0x1D, 0x53, 0xEE, 0xDE, 0xF4, 0xB6, 0x99,
    0x69, 0xCC, 0x48, 0x83, 0xF3, 0xF5, 0xEE, 0x59, 0x5B, 0x32, 0x79, 0x63, 0x3D, 0xD5, 0x4F, 0xCF,
    0xDA, 0x94, 0x29, 0x1D, 0x76, 0x84, 0x97, 0xB5, 0x6D, 0x99, 0x52, 0xA0, 0x6D, 0x63, 0xA6, 0x01,
    0x16, 0xA6, 0x69, 0xCD, 0xD4, 0x1E, 0x4E, 0xA0, 0xD4, 0xE7, 0xE7, 0x17, 0xAD, 0x26, 0xE5, 0x39,
    0x3E, 0xB9, 0xDE, 0xCC, 0x51, 0xB3, 0x35, 0x1F, 0xF2, 0x54, 0x7B, 0xFC, 0xFB, 0xB8, 0x35, 0x1B,
    0x1D, 0x3A, 0x8C, 0xFF, 0xC0, 0x61, 0xF1, 0x66, 0xC7, 0x73, 0xEE, 0xFD, 0xE9, 0xBE, 0x27, 0x7A,
    0x49, 0xE7, 0x75, 0x88, 0x0A, 0xB2, 0x87, 0x28, 0xD5, 0x32, 0x08, 0x07, 0x31, 0x5F, 0x39, 0x40,
    0x95, 0xA9, 0xB6, 0x12, 0x1A, 0xB0, 0xB7, 0x72, 0xC1, 0x7B, 0x1C, 0x03, 0x80, 0x53, 0xFB, 0x7F,
    0xFF, 0x73, 0x1A, 0xB0, 0xC6, 0xF4, 0xB5, 0xE1, 0x54, 0x40, 0xBA, 0xB9, 0xE0, 0x46, 0x7A, 0x50,
    0x76, 0x56, 0x4D, 0x02, 0xCA, 0xFA, 0x7D, 0x37, 0x73, 0x1F, 0x5C, 0xA2, 0x3A, 0x6E, 0x85, 0xEB,
    0xA9, 0xFE, 0x9B, 0xBB, 0x74, 0xB8, 0x85, 0xE4, 0x0A, 0x41, 0xD9, 0x61, 0xB3, 0x79, 0xA8, 0x7E,
    0x75, 0x78, 0x97, 0x01, 0x91, 0xB1, 0x17, 0xD8, 0x35, 0xAB, 0x26, 0xFC, 0xBB, 0x27, 0xEC, 0xF8,
    0xBE, 0x7A, 0x0A, 0x4B, 0xD5, 0x68, 0x4D, 0x7A, 0x6A, 0x82, 0x29, 0x42, 0x67, 0x66, 0xA8, 0x39,
    0x3C, 0xB7, 0xA9, 0xA8, 0xA2, 0xD6, 0x6C, 0x79, 0x44, 0x25, 0x31, 0xC5, 0x1B, 0x37, 0x5C, 0x0A,
    0xC4, 0x76, 0x80, 0xF3, 0xE3, 0x5C, 0xC4, 0x1E, 0x0B, 0x32, 0x46, 0xAA, 0xAB, 0xC7, 0x07, 0x44,
    0xED, 0x57, 0xCF, 0x30, 0xFB, 0xF9, 0xDA, 0x49, 0xCC, 0xFE, 0x5B, 0x58, 0xB5, 0x72, 0x6C, 0xF9,
    0x43, 0x28, 0xB8, 0x50, 0x62, 0x49, 0x7A, 0x38, 0xD0, 0x8C, 0xB2, 0x82, 0x25, 0xB7, 0xD2, 0xD9,
    0x62, 0xB0, 0xFA, 0xE5, 0xBA, 0x0B, 0x91, 0x82, 0x52, 0x21, 0x02, 0x4A, 0x85, 0x61, 0x6F, 0x66,
    0x66, 0x19, 0xD6, 0x5B, 0xF2, 0x36, 0xFF, 0x06, 0x35, 0xDA, 0x46, 0xC4, 0x6B, 0xB0, 0xDE, 0x72,
    0xB9, 0x1B, 0x04, 0x60, 0xCD, 0x25, 0x10, 0x7F, 0xE6, 0xCE, 0x4A, 0x00, 0xEE, 0x3C, 0x13, 0x7D,
    0x07, 0xBC, 0x64, 0x02, 0xFA, 0xB8, 0x9E, 0x99, 0x80, 0xE3, 0x4B, 0xFA, 0x36, 0x88, 0x5A, 0x1E,
    0x11, 0xE0, 0x21, 0x49, 0x0E, 0xBE, 0xC2, 0x2C, 0x82, 0xF3, 0x62, 0xC5, 0x43, 0xD0, 0xEC, 0xEB,
    0x0E, 0xEF, 0xCC, 0xA1, 0xBB, 0x48, 0x04, 0xBB, 0x90, 0xC7, 0x8D, 0xB2, 0xEF, 0x34, 0x5E, 0x97,
    0xEA, 0x2D, 0x3A, 0x6F, 0x36, 0x99, 0xA3, 0x06, 0x91, 0xC0, 0x22, 0x79, 0x3D, 0x5F, 0x5C, 0x91,
    0x5F, 0xDC, 0x1E, 0x88, 0xE1, 0x0E, 0x82, 0x77, 0x84, 0xDF, 0xAD, 0xE8, 0xDD, 0xD4, 0x36, 0x99,
    0xB1, 0xBB, 0x07, 0xB6, 0xE2, 0x18, 0xD7, 0x02, 0xA1, 0xB8, 0xDD, 0x20, 0x2C, 0x45, 0xED, 0x06,
    0x61, 0x09, 0x66, 0x37, 0x09, 0x8B, 0x11, 0xBB, 0x49, 0x58, 0x82, 0xD7, 0xCD, 0xC2, 0xDA, 0x2D,
    0x61, 0x7F, 0xC3, 0x39, 0x32, 0x14, 0x96, 0xE0, 0x74, 0x53, 0xFF, 0x1B, 0x46, 0xE9, 0x46, 0x61,
    0x09, 0x46, 0x37, 0x0A, 0x4B, 0x10, 0xBA, 0x51, 0x58, 0x82, 0xCF, 0x4D, 0xC2, 0xEA, 0x88, 0x10,
    0x61, 0x21, 0x91, 0xE9, 0x2E, 0xD2, 0xE9, 0x56, 0x46, 0xEC, 0x2E, 0x21, 0xC2, 0x42, 0xA2, 0xB5,
    0x37, 0x78, 0x71, 0x61, 0x0D, 0x37, 0xAA, 0x2A, 0x87, 0x28, 0x64, 0x91, 0x90, 0x70, 0xE3, 0x15,
    0xB2, 0x86, 0x71, 0xA6, 0xE3, 0xFE, 0x92, 0xEB, 0x78, 0xD8, 0x19, 0xA4, 0x1B, 0xB9, 0xCF, 0x10,
    0xDD, 0xC4, 0x7C, 0x06, 0xE8, 0x46, 0x0E, 0x33, 0x3C, 0x37, 0x8E, 0x19, 0x9C, 0x9B, 0xC6, 0x04,
    0xCD, 0x8D, 0x8C, 0x67, 0x60, 0x6E, 0x4A, 0x1F, 0xCF, 0x3C, 0xF6, 0x77, 0x67, 0x50, 0x6E, 0xE4,
    0x3A, 0x43, 0x72, 0x23, 0xD3, 0x19, 0x90, 0x1B, 0x79, 0xCE, 0x70, 0xDC, 0xC4, 0x72, 0x02, 0xE3,
    0x66, 0x8E, 0x5B, 0x28, 0xEE, 0x08, 0x88, 0xDB, 0xC2, 0x70, 0x63, 0x0D, 0x04, 0x73, 0x9B, 0x80,
    0x88, 0x78, 0xEF, 0x6F, 0x3B, 0xF0, 0xDA, 0xB2, 0xFA, 0x3A, 0xA7, 0x87, 0x3B, 0x70, 0xDD, 0x11,
    0x58, 0xB7, 0x42, 0x75, 0xD3, 0xAE, 0x06, 0x03, 0x75, 0xB3, 0x9F, 0x44, 0x30, 0xDD, 0x03, 0x47,
    0x3E, 0x1D, 0x11, 0xFD, 0x45, 0x21, 0xBA, 0x91, 0xDD, 0x0C, 0xD0, 0x8D, 0xFC, 0x16, 0x78, 0x6E,
    0x64, 0xF8, 0x0F, 0x04, 0x9C, 0x1B, 0xED, 0x87, 0x40, 0x73, 0x23, 0x21, 0xC0, 0xDC, 0x40, 0xFC,
    0xB9, 0xC0, 0x72, 0x23, 0xD3, 0x05, 0x94, 0x1B, 0xB9, 0x2E, 0x90, 0xDC, 0xC4, 0x76, 0x06, 0xE4,
    0x26, 0xBE, 0x33, 0x1C, 0x37, 0x32, 0x5E, 0xC0, 0xB8, 0x91, 0xF3, 0x02, 0xC5, 0x8D, 0xAC, 0x17,
    0x20, 0x6E, 0xE4, 0x7D, 0x0C, 0xC3, 0x1D, 0x81, 0x70, 0x47, 0x10, 0xDC, 0x02, 0xC0, 0x8D, 0xFC,
    0x17, 0xF8, 0x6D, 0x62, 0x34, 0xF7, 0x44, 0xFF, 0x54, 0xB3, 0x7D, 0xBC, 0x35, 0x26, 0x46, 0xB3,
    0x3B, 0x3A, 0x98, 0x03, 0x30, 0x83, 0xF9, 0x33, 0xC8, 0x7F, 0xEE, 0xBF, 0x82, 0x96, 0x81, 0x00,
    0xBA, 0x49, 0xD7, 0x10, 0x3C, 0x37, 0xCD, 0x76, 0x06, 0xE7, 0xC6, 0x59, 0xCD, 0xD0, 0xDC, 0x34,
    0x26, 0x50, 0x60, 0x19, 0xE7, 0x0B, 0x33, 0x3E, 0x8C, 0x5D, 0xA2, 0xE3, 0x6C, 0x93, 0xEE, 0x9C,
    0xC4, 0x75, 0x52, 0xCD, 0xC8, 0x74, 0x06, 0xE3, 0x46, 0x9E, 0x33, 0x14, 0x37, 0xB2, 0x9C, 0x9D,
    0xC0, 0x8C, 0x76, 0x10, 0x42, 0x14, 0x64, 0x3B, 0x72, 0x5A, 0x08, 0x6E, 0x71, 0xFA, 0x90, 0xDB,
    0xEC, 0xF0, 0x59, 0x96, 0xBE, 0xC4, 0x6C, 0x7F, 0x40, 0x0C, 0x8C, 0x2C, 0x95, 0xB9, 0x40, 0xC4,
    0xD9, 0x12, 0x5B, 0x12, 0xB8, 0x2D, 0x60, 0xDD, 0xC8, 0x6E, 0x86, 0xEA, 0x26, 0x7E, 0x33, 0x50,
    0x37, 0x31, 0x5C, 0x60, 0xBA, 0xC9, 0x93, 0x62, 0x90, 0x6E, 0x61, 0xF3, 0xCE, 0xBC, 0xF5, 0x04,
    0x03, 0x74, 0x13, 0xD3, 0x19, 0x9E, 0x1B, 0xB9, 0x2E, 0xE0, 0xDC, 0xC8, 0x76, 0x81, 0xE6, 0x46,
    0xBE, 0x0B, 0x30, 0x37, 0x1B, 0x62, 0x8E, 0xFF, 0xB8, 0xD2, 0x1A, 0x0B, 0x76, 0x69, 0xB6, 0x33,
    0x24, 0x37, 0xF2, 0x3E, 0x02, 0xE4, 0x8E, 0xE1, 0xB8, 0x63, 0x30, 0x6E, 0x86, 0xE2, 0x66, 0x6D,
    0x43, 0xFB, 0xDC, 0x6A, 0x88, 0x71, 0xD3, 0x59, 0x21, 0x23, 0x46, 0x23, 0x02, 0x80, 0xE0, 0x7E,
    0x88, 0x6E, 0xBF, 0xDB, 0xFC, 0xEB, 0x88, 0x31, 0x32, 0xC4, 0x29, 0xE3, 0x41, 0xE6, 0x05, 0x61,
    0x70, 0x0F, 0x92, 0xA6, 0xA1, 0x7D, 0x30, 0x90, 0x88, 0xC1, 0xDF, 0x06, 0x99, 0x04, 0xF4, 0x6D,
    0x94, 0x4A, 0xC0, 0xDE, 0x46, 0xB9, 0x7C, 0x3F, 0x20, 0x6F, 0x93, 0xB6, 0x51, 0xDC, 0x6D, 0x14,
    0x47, 0x40, 0xDD, 0x46, 0x32, 0x60, 0x6E, 0xA3, 0x7C, 0x02, 0xE2, 0x36, 0xAD, 0x0B, 0xC5, 0xDB,
    0x26, 0x19, 0x4D, 0x09, 0xA3, 0x6D, 0xA3, 0x94, 0x02, 0xD6, 0x36, 0xCA, 0x29, 0x20, 0x6D, 0x93,
    0xA4, 0x14, 0x67, 0x9B, 0x8C, 0x82, 0xA2, 0x6C, 0x67, 0x52, 0x8F, 0x63, 0x31, 0xB6, 0x8F, 0x08,
    0xDB, 0xD7, 0xF0, 0xB5, 0xB7, 0xB8, 0xF8, 0x7D, 0x8F, 0x17, 0xC8, 0xDB, 0x77, 0x7C, 0xDE, 0x23,
    0x3C, 0xF3, 0x43, 0xBC, 0xDE, 0xE4, 0x08, 0xC1, 0x7D, 0x67, 0xF3, 0x6A, 0xB8, 0x01, 0xB6, 0x7D,
    0x97, 0x32, 0x51, 0x8C, 0x78, 0xBC, 0x77, 0x28, 0x86, 0xDC, 0xD6, 0x28, 0x66, 0x52, 0x0F, 0x58,
    0xE0, 0xB6, 0xD9, 0x05, 0x66, 0xB0, 0x6D, 0x5A, 0x7A, 0x0A, 0xB5, 0xCD, 0xB6, 0xBD, 0x0B, 0xD4,
    0x9F, 0x2B, 0xCC, 0x36, 0x50, 0x3F, 0x50, 0x90, 0x6D, 0x8C, 0x62, 0x14, 0x62, 0x9B, 0xA2, 0x18,
    0x01, 0xD8, 0xA6, 0x28, 0x46, 0xE0, 0xB5, 0x51, 0xB6, 0x0A, 0xAE, 0x4D, 0x4B, 0x50, 0xA0, 0xB5,
    0x49, 0xB2, 0x02, 0xAC, 0xCD, 0x0E, 0x16, 0xC3, 0x6A, 0xB3, 0xBD, 0x8F, 0x41, 0xB5, 0x63, 0x48,
    0xED, 0x03, 0xA0, 0x36, 0xC3, 0x69, 0xB3, 0x4C, 0xDB, 0xCF, 0x2E, 0x8A, 0x19, 0xAE, 0x01, 0x70,
    0x1F, 0xE1, 0xB7, 0x2D, 0xF8, 0xF6, 0xA0, 0xC9, 0x50, 0x82, 0xDE, 0x96, 0x56, 0x7D, 0x02, 0xBC,
    0x3D, 0x68, 0x62, 0x83, 0x60, 0xB7, 0x59, 0x5E, 0x0A, 0xBA, 0x4D, 0x12, 0x53, 0xC8, 0x6D, 0x96,
    0x99, 0x02, 0x6E, 0x73, 0xE4, 0x12, 0xE0, 0xB6, 0x41, 0x36, 0xDF, 0x33, 0x60, 0xDB, 0xE8, 0x24,
    0x18, 0xA8, 0x6D, 0xF6, 0x20, 0x14, 0x68, 0x1B, 0xA5, 0x67, 0x60, 0xB6, 0x41, 0x7E, 0x16, 0x64,
    0x1B, 0x24, 0x68, 0x21, 0xB6, 0x41, 0x86, 0x16, 0x60, 0x1B, 0xA4, 0x68, 0xE1, 0xB5, 0x41, 0x8E,
    0x16, 0x5C, 0x1B, 0x25, 0x69, 0xA0, 0xB5, 0xC9, 0x9A, 0x1D, 0x80, 0xB5, 0xEF, 0xC0, 0x6A, 0x5F,
    0x01, 0xD5, 0x96, 0x7C, 0x82, 0xAE, 0x53, 0x46, 0xBE, 0x52, 0xC9, 0xF1, 0xFD, 0x8E, 0x69, 0x86,
    0x23, 0x92, 0xFA, 0x03, 0xD6, 0x6A, 0x73, 0xBA, 0xEE, 0xBA, 0xDF, 0x1A, 0x5B, 0x88, 0xF0, 0xEA,
    0xD0, 0x13, 0xFD, 0x7C, 0xAD, 0x28, 0xAA, 0x89, 0xD0, 0x85, 0xA3, 0xCE, 0xF9, 0x36, 0x87, 0x06,
    0x29, 0x82, 0x87, 0x7B, 0x3B, 0xC6, 0xE8, 0x5E, 0x1D, 0xF7, 0x97, 0x30, 0x1E, 0x76, 0xF3, 0xBA,
    0x63, 0xAF, 0x91, 0xBD, 0x1D, 0xEA, 0x4B, 0xCE, 0xE6, 0xB6, 0xB2, 0xDE, 0x4E, 0xF5, 0x29, 0xBC,
    0x9D, 0xC2, 0x7A, 0x3B, 0x73, 0xF0, 0x76, 0xC0, 0x47, 0xBE, 0xE2, 0xED, 0x64, 0xB7, 0xBC, 0x9D,
    0xF9, 0xF3, 0xF1, 0x76, 0xAE, 0xFC, 0xFC, 0xF1, 0x75, 0x09, 0xD9, 0x6C, 0xB4, 0xED, 0x2D, 0x61,
    0x0F, 0xF5, 0xDF, 0x1A, 0x5B, 0x84, 0x45, 0xBB, 0x7F, 0x98, 0xAE, 0xB7, 0x66, 0xC3, 0x18, 0xFB,
    0x00, 0xF3, 0xAD, 0x31, 0xEB, 0x91, 0x3C, 0x94, 0x55, 0x31, 0x96, 0x37, 0x8D, 0x09, 0xC9, 0x9B,
    0x75, 0x0B, 0xE2, 0x78, 0xB3, 0x5E, 0x59, 0x87, 0x44, 0x53, 0x21, 0x80, 0xE1, 0xAD, 0xFA, 0xA4,
    0x3A, 0x87, 0x08, 0xBA, 0xD4, 0x3C, 0x08, 0xA1, 0x77, 0xD3, 0x98, 0xB0, 0xBB, 0x29, 0xB0, 0x26,
    0xE4, 0xEE, 0x81, 0x0E, 0x52, 0x9E, 0x69, 0x9C, 0x6D, 0x82, 0xDA, 0x8D, 0x3A, 0x83, 0xB7, 0x93,
    0x50, 0x5F, 0x30, 0x62, 0x37, 0xCC, 0x01, 0xC1, 0xEB, 0x86, 0x39, 0x20, 0x68, 0xDD, 0x30, 0x07,
    0x22, 0xAC, 0x6E, 0x8B, 0xD4, 0x6D, 0x71, 0xBA, 0x05, 0xA5, 0x1B, 0xE6, 0x80, 0xB4, 0x4C, 0x42,
    0x59, 0x3F, 0x26, 0x07, 0xE8, 0xE5, 0x3D, 0xDE, 0xFB, 0x8E, 0xC4, 0x0F, 0xB6, 0x8E, 0xEA, 0x3E,
    0x02, 0xFD, 0xAB, 0x41, 0x97, 0x9C, 0x14, 0xB1, 0x91, 0x6F, 0xC5, 0x05, 0x57, 0xEC, 0x59, 0x31,
    0x02, 0x04, 0x87, 0x74, 0x84, 0xFF, 0x80, 0xAA, 0x5C, 0xEA, 0xAF, 0x90, 0xE7, 0xA1, 0xB6, 0xD6,
    0x33, 0x5D, 0x0A, 0x6C, 0x69, 0xE5, 0x71, 0x39, 0x16, 0x2D, 0x3D, 0xAE, 0xC9, 0xC2, 0xB5, 0x27,
    0x85, 0x59, 0xB8, 0xF8, 0xA4, 0xE8, 0x16, 0x57, 0x9F, 0x54, 0xDE, 0xE2, 0xF2, 0x93, 0xF2, 0x5B,
    0xB2, 0x6B, 0x11, 0xD6, 0x43, 0x84, 0xF4, 0x10, 0xE3, 0x3C, 0xB0, 0x33, 0x4C, 0x3A, 0x99, 0x1B,
    0xA4, 0x46, 0x0A, 0xF7, 0x73, 0x8D, 0xEF, 0xBE, 0xD0, 0x78, 0x9F, 0x85, 0xC6, 0xB3, 0x40, 0xDF,
    0x16, 0xE6, 0x5B, 0x40, 0xBE, 0x2D, 0xC4, 0xB7, 0x05, 0xF8, 0x16, 0x78, 0x6F, 0xCA, 0xE7, 0x11,
    0xB8, 0xF7, 0x40, 0xF5, 0x9C, 0x08, 0xED, 0x3D, 0xF0, 0xA6, 0x1A, 0x47, 0x13, 0x17, 0x81, 0xF5,
    0x06, 0x59, 0x30, 0xA8, 0x37, 0xCA, 0x82, 0x21, 0xBD, 0x69, 0x21, 0x30, 0xA0, 0x37, 0x4E, 0x7D,
    0x76, 0xD4, 0x39, 0x9F, 0x7E, 0xD2, 0x71, 0x2D, 0x5A, 0xC5, 0xCB, 0x22, 0xD5, 0xB1, 0x13, 0x18,
    0x6F, 0xCA, 0xBE, 0x26, 0x89, 0x68, 0x1E, 0x19, 0x4B, 0xC8, 0x97, 0xAE, 0x21, 0xE2, 0x4B, 0xD7,
    0x90, 0xCC, 0xA3, 0x8E, 0xE1, 0xD3, 0x1D, 0x85, 0x7C, 0xEF, 0x98, 0xBD, 0x11, 0x1C, 0xB7, 0xE6,
    0xB3, 0x9F, 0xAB, 0xE6, 0x89, 0xEB, 0x38, 0xE3, 0xA2, 0xCE, 0x25, 0x68, 0x9E, 0xD2, 0xD1, 0x81,
    0x74, 0xD4, 0x3C, 0x35, 0x15, 0xCD, 0x53, 0x54, 0xD7, 0x4E, 0x58, 0xC1, 0x4D, 0x9A, 0xC7, 0x6B,
    0x0B, 0x93, 0x3F, 0x3A, 0xA5, 0x1C, 0xC0, 0x7D, 0x6F, 0x23, 0x6C, 0x6F, 0x89, 0xE6, 0x68, 0xBF,
    0x82, 0x35, 0x0F, 0x1F, 0xE7, 0xA1, 0x48, 0x8E, 0x73, 0xC1, 0xC0, 0x76, 0xC4, 0x14, 0xE9, 0x99,
    0xEF, 0x15, 0xDB, 0x1F, 0x64, 0x3C, 0x76, 0x3B, 0x77, 0xCC, 0x79, 0x70, 0x10, 0x53, 0x4D, 0xEA,
    0xC1, 0x86, 0xA9, 0xF2, 0x1E, 0xCA, 0x44, 0x2F, 0xD7, 0x1C, 0x28, 0x74, 0xA9, 0xAD, 0x6F, 0xF5,
    0x41, 0x92, 0x1C, 0x8E, 0x2C, 0x7F, 0x4A, 0xCD, 0x73, 0xE3, 0x20, 0xD3, 0x77, 0xAF, 0x1D, 0x62,
    0x9A, 0x4B, 0x73, 0x84, 0x69, 0x86, 0x93, 0x2A, 0x42, 0xFC, 0x16, 0x74, 0x62, 0xCF, 0x9E, 0xBE,
    0x8F, 0x5C, 0x87, 0xB1, 0x67, 0xF9, 0xC0, 0x0E, 0xE0, 0xD9, 0x10, 0xD5, 0xD4, 0xB3, 0xB0, 0x0A,
    0x60, 0x56, 0xCF, 0x7A, 0x0A, 0x8E, 0x8D, 0xC9, 0x6F, 0x5C, 0x72, 0xD1, 0xCF, 0x78, 0x4D, 0xF5,
    0xBA, 0xE7, 0x36, 0xDF, 0x00, 0x53, 0x71, 0x9D, 0x12, 0x5F, 0x1E, 0xB6, 0x44, 0x89, 0x96, 0x4F,
    0x2E, 0x91, 0xB6, 0x62, 0x48, 0x04, 0x4A, 0x8C, 0x6C, 0x42, 0x64, 0x80, 0x95, 0x3A, 0x31, 0xE1,
    0x85, 0x95, 0xF2, 0x0D, 0x68, 0x95, 0x40, 0x73, 0xD1, 0x44, 0x97, 0x49, 0x8F, 0xCF, 0xC6, 0xEB,
    0xA4, 0xC4, 0x02, 0x75, 0x5E, 0x28, 0x99, 0xB3, 0x67, 0x91, 0x7A, 0x17, 0x15, 0xAA, 0xD9, 0x1A,
    0x0C, 0x97, 0xD8, 0xC4, 0x88, 0x15, 0x89, 0xFB, 0xD4, 0x66, 0x62, 0xB9, 0x35, 0xA6, 0x55, 0x61,
    0x8D, 0xF2, 0xD5, 0x31, 0x37, 0x93, 0x99, 0xD8, 0x4C, 0x10, 0x3A, 0x3A, 0x71, 0x9F, 0xB0, 0xD1,
    0x39, 0xE9, 0x4D, 0xA0, 0xB2, 0xC8, 0x61, 0xC6, 0x45, 0xA7, 0x31, 0xA1, 0xA2, 0xD3, 0x98, 0x30,
    0xD1, 0x69, 0x95, 0x10, 0x22, 0x3A, 0xF2, 0x9D, 0xB1, 0x94, 0x91, 0xED, 0x8C, 0x86, 0x8E, 0x5C,
    0x67, 0x2C, 0x74, 0x32, 0x13, 0xBC, 0x95, 0x0D, 0x3C, 0x67, 0x1C, 0x74, 0x51, 0x4D, 0xF0, 0x7E,
    0x51, 0x4D, 0xB6, 0x93, 0xD4, 0x4D, 0xDF, 0xD2, 0xEC, 0x07, 0x51, 0x6B, 0xBD, 0x29, 0x14, 0xBB,
    0xBC, 0x54, 0xD2, 0x3B, 0x20, 0xA3, 0x5B, 0x5C, 0x74, 0x41, 0x45, 0xA7, 0x32, 0xFD, 0x89, 0xFD,
    0x19, 0x8A, 0x88, 0x4A, 0x19, 0x33, 0x1E, 0x3A, 0xF2, 0x99, 0xD1, 0xD0, 0x91, 0xCF, 0x84, 0x85,
    0x4E, 0x7C, 0x26, 0x24, 0x74, 0x4D, 0x41, 0x14, 0x21, 0x01, 0x71, 0x2A, 0x34, 0xFD, 0xB0, 0xC8,
    0xFD, 0xDB, 0x1F, 0x30, 0x02, 0xBA, 0xA4, 0x1E, 0x0A, 0x93, 0x78, 0x28, 0x4C, 0xDA, 0xA1, 0x90,
    0xA4, 0x03, 0x23, 0x9F, 0xD3, 0xE4, 0x26, 0xDC, 0x73, 0x49, 0x38, 0x14, 0x26, 0xDD, 0xF0, 0x73,
    0x93, 0x6C, 0x30, 0x5B, 0x6F, 0x16, 0xEF, 0x3C, 0x42, 0x3C, 0xEE, 0x0D, 0x9F, 0x1B, 0xB3, 0xED,
    0x56, 0x99, 0x5D, 0xB7, 0x57, 0x7E, 0xF4, 0xA2, 0x26, 0xE0, 0x39, 0xF3, 0x39, 0x11, 0x37, 0xE3,
    0xD6, 0x18, 0x9D, 0x7C, 0x1E, 0xA3, 0x93, 0x2F, 0xAF, 0x43, 0x49, 0xC7, 0x29, 0xBF, 0x88, 0xDB,
    0xE3, 0x82, 0x33, 0x0F, 0x8D, 0xA1, 0x2F, 0xC2, 0xE7, 0x6F, 0x0C, 0xEF, 0x5F, 0xD4, 0x15, 0xAD,
    0x3E, 0xBA, 0x30, 0x9F, 0x17, 0x6A, 0x6C, 0x89, 0x09, 0x82, 0x0B, 0x39, 0x20, 0x98, 0x1C, 0x58,
    0xF8, 0x3C, 0x10, 0x38, 0xF9, 0x1B, 0xB9, 0x4C, 0xC0, 0x67, 0xA8, 0xDD, 0xC0, 0x6A, 0x66, 0xF4,
    0xD7, 0xB0, 0x22, 0x9A, 0xF8, 0xDC, 0xD0, 0xD1, 0x7E, 0xE4, 0x73, 0x31, 0x46, 0x35, 0xC7, 0xF7,
    0x8E, 0x65, 0x3E, 0x5F, 0x02, 0x3F, 0xA9, 0x82, 0xE7, 0x65, 0xDC, 0x1E, 0x9B, 0x5F, 0xB0, 0xE3,
    0x19, 0x9F, 0x49, 0xC7, 0x39, 0xBB, 0x9D, 0xE3, 0xBD, 0x63, 0xF6, 0x2C, 0x5F, 0x76, 0x0C, 0x9E,
    0xA8, 0x8E, 0xBD, 0xBD, 0x0B, 0xE3, 0x39, 0xBC, 0xDF, 0xB3, 0x55, 0xC7, 0x9E, 0xE5, 0xCF, 0x1F,
    0x9B, 0xF7, 0x17, 0xF6, 0x3E, 0x3A, 0x46, 0x4F, 0x54, 0xC7, 0xDE, 0x13, 0xE5, 0x31, 0x7A, 0xA2,
    0x34, 0x26, 0x4F, 0x94, 0xC6, 0xE4, 0x89, 0xD2, 0x98, 0x3C, 0x51, 0xE6, 0x15, 0x7A, 0xA2, 0xB7,
    0xF8, 0x79, 0xA5, 0x78, 0xC3, 0x96, 0x92, 0xD8, 0x32, 0x12, 0x5B, 0x42, 0x62, 0xCB, 0x47, 0x0E,
    0xA5, 0x23, 0xB6, 0x6C, 0x24, 0x2A, 0x19, 0xB1, 0xE5, 0x22, 0xD5, 0x03, 0xFD, 0xDD, 0xC8, 0xE1,
    0x0D, 0x1E, 0x2F, 0x6C, 0x47, 0xAB, 0x9B, 0x0B, 0x6D, 0x31, 0x95, 0x00, 0x8F, 0x24, 0x65, 0xA7,
    0x37, 0x69, 0x97, 0x74, 0x78, 0x6F, 0x15, 0x54, 0x60, 0xCF, 0x22, 0x75, 0x81, 0x21, 0xC9, 0xBA,
    0xB3, 0xDF, 0x5B, 0x61, 0xA2, 0x9A, 0x1D, 0xDF, 0x12, 0x1B, 0x14, 0xB1, 0xE7, 0x9B, 0xC1, 0xBD,
    0xAA, 0x55, 0x76, 0x3D, 0xDC, 0x2F, 0x56, 0xF1, 0xC4, 0x4E, 0x49, 0xF3, 0xB7, 0x12, 0x52, 0x43,
    0x79, 0xBB, 0x1B, 0x53, 0x43, 0x24, 0xEA, 0xFE, 0xC2, 0xD1, 0xED, 0xE0, 0xFF, 0x42, 0x73, 0x19,
    0x75, 0x80, 0x09, 0x85, 0x86, 0x3D, 0xE0, 0xAF, 0x5B, 0x17, 0xF8, 0xD5, 0xD8, 0x07, 0x8E, 0x9C,
    0xE0, 0xC8, 0x0B, 0x8E, 0xF3, 0x12, 0xCF, 0x21, 0xC4, 0x13, 0xB3, 0xAE, 0xF0, 0x5D, 0x5F, 0xF8,
    0xC5, 0x77, 0xB4, 0x8F, 0x87, 0xF8, 0xEE, 0x90, 0x5C, 0xF0, 0x71, 0xB2, 0xAE, 0xB0, 0xC1, 0x5D,
    0x20, 0x5B, 0x0F, 0x26, 0xE6, 0x4D, 0x35, 0xF7, 0xFE, 0x0B, 0x66, 0xD4, 0xFA, 0x97, 0x34, 0x64,
    0xB3, 0x64, 0xB4, 0xC5, 0x43, 0x99, 0x90, 0x7C, 0xCD, 0xD6, 0x46, 0xC3, 0x43, 0xCF, 0x63, 0x38,
    0x8D, 0xD4, 0xE9, 0xBE, 0xF6, 0x42, 0xD5, 0xBA, 0x12, 0x8C, 0x9C, 0x18, 0x62, 0x94, 0x1C, 0x80,
    0x45, 0x80, 0xC8, 0x51, 0x67, 0x3A, 0x2C, 0x40, 0x50, 0xF3, 0xB4, 0x27, 0xE1, 0xB7, 0x19, 0xF6,
    0xA7, 0x03, 0x58, 0x4F, 0x31, 0x52, 0x0E, 0x6E, 0x85, 0xA1, 0x28, 0xCA, 0xE9, 0x11, 0xFC, 0xA1,
    0xCA, 0x69, 0xED, 0x41, 0xE3, 0x3C, 0xB9, 0xA9, 0x23, 0x96, 0x32, 0xB4, 0xBD, 0x1A, 0xAC, 0xDF,
    0xC5, 0xD8, 0x78, 0x31, 0x30, 0x41, 0x32, 0xC4, 0xA4, 0x44, 0x98, 0x2C, 0x35, 0x69, 0x79, 0x27,
    0x7A, 0x75, 0x4D, 0xAE, 0xE5, 0x52, 0x5F, 0x60, 0xD7, 0xE3, 0x3A, 0xFE, 0x1B, 0x27, 0x37, 0x6F,
    0x5C, 0x70, 0xF9, 0x63, 0x22, 0x83, 0x2E, 0xD8, 0x7B, 0xFE, 0x4B, 0x70, 0xA0, 0xAC, 0xA5, 0xE2,
    0x7B, 0x7F, 0xC9, 0xA8, 0x3D, 0x7D, 0xBE, 0xDA, 0x17, 0xD1, 0xCC, 0x74, 0x14, 0x64, 0x77, 0x54,
    0x65, 0x77, 0xE2, 0xE2, 0x64, 0xF4, 0x35, 0x39, 0xA0, 0xE6, 0x58, 0xBA, 0xE0, 0xA6, 0xCF, 0xC3,
    0x92, 0xFE, 0x18, 0x3F, 0xDA, 0xAF, 0x50, 0x18, 0x02, 0x5D, 0x58, 0x3C, 0x1B, 0x86, 0x1D, 0x28,
    0xD8, 0x9C, 0xF2, 0xBF, 0x1B, 0xA8, 0x97, 0x2E, 0x21, 0x47, 0x50, 0xEF, 0x5C, 0xC4, 0xF1, 0x5B,
    0x69, 0x03, 0x1B, 0xB9, 0x54, 0x33, 0x82, 0x1E, 0xF3, 0x9B, 0x7B, 0x29, 0x48, 0x66, 0xF0, 0xC7,
    0x0F, 0xEE, 0x5D, 0xF2, 0xFC, 0xD8, 0xCE, 0x66, 0x95, 0xB6, 0x24, 0x9B, 0x25, 0xB6, 0x83, 0xFD,
    0xB3, 0x45, 0x62, 0x3B, 0x98, 0x9B, 0x12, 0x4C, 0xC3, 0x44, 0x1D, 0x76, 0x89, 0xED, 0xB2, 0x1D,
    0x5B, 0x23, 0xC8, 0x5E, 0x9D, 0x5B, 0x5B, 0x8D, 0xED, 0x7A, 0x37, 0x71, 0x39, 0x5A, 0xD7, 0x43,
    0x6F, 0x57, 0xAC, 0x0D, 0x90, 0xD8, 0xAE, 0xE1, 0x62, 0x34, 0xAC, 0x13, 0x6C, 0x46, 0x13, 0xDB,
    0xB5, 0x27, 0xDE, 0x9F, 0x5B, 0x49, 0x8C, 0x14, 0xDB, 0x71, 0x22, 0x89, 0x66, 0xA9, 0x77, 0x70,
    0x71, 0xD6, 0xD3, 0x0E, 0xC0, 0x7E, 0xA8, 0x0D, 0x98, 0xAD, 0x3D, 0x3E, 0x99, 0xD8, 0x6E, 0xF9,
    0xAC, 0x63, 0x3B, 0xC3, 0xEB, 0xED, 0xD6, 0x98, 0x35, 0x47, 0x27, 0x1A, 0x35, 0x29, 0xB0, 0x10,
    0x9B, 0x6B, 0x64, 0x86, 0x8D, 0xC7, 0xA8, 0x3F, 0x78, 0x8C, 0xDC, 0xE5, 0xCC, 0x04, 0xEE, 0xA5,
    0xB1, 0x9E, 0x46, 0xB5, 0x61, 0x75, 0xF6, 0x59, 0xC7, 0x19, 0xF5, 0xEE, 0xC1, 0x71, 0xE5, 0x36,
    0x55, 0xE5, 0x9E, 0x79, 0x4F, 0x44, 0x93, 0x0F, 0xE7, 0xFE, 0x1F, 0x45, 0x91, 0x3B, 0xEA, 0xB4,
    0x83, 0x5C, 0xDF, 0x68, 0x9A, 0xA1, 0x7B, 0xB5, 0x51, 0x9F, 0x1D, 0xE4, 0xF9, 0x4E, 0xF3, 0x8E,
    0xF6, 0x5A, 0xA8, 0xCB, 0x0E, 0x72, 0xBC, 0x9F, 0x42, 0x1A, 0x8F, 0xCE, 0xE8, 0x27, 0xB2, 0xDC,
    0x75, 0x9C, 0x2E, 0x46, 0x7F, 0xBF, 0xF6, 0x59, 0x65, 0x32, 0xD6, 0xBB, 0x03, 0xA9, 0xFB, 0x17,
    0xF7, 0xA7, 0x97, 0x4C, 0xDD, 0x2E, 0xF5, 0xBB, 0xD2, 0xE8, 0x04, 0x17, 0x39, 0xB8, 0x45, 0x10,
    0xAF, 0xA0, 0x4F, 0x94, 0xF3, 0x60, 0xA6, 0x5F, 0x79, 0x6F, 0x88, 0x07, 0xF9, 0x92, 0xCA, 0x20,
    0xD1, 0xC1, 0x26, 0x05, 0xB8, 0xBB, 0x54, 0xDE, 0x0E, 0x52, 0x72, 0x3B, 0x48, 0xAD, 0x6D, 0x2F,
    0xF9, 0xB7, 0x5E, 0x92, 0x6F, 0x83, 0x28, 0x0A, 0xC7, 0xAA, 0x22, 0xDD, 0x39, 0xE7, 0x86, 0x8B,
    0x19, 0xDC, 0x1C, 0x39, 0x48, 0xAA, 0x15, 0x94, 0xDA, 0x2C, 0x85, 0xBC, 0x55, 0x05, 0x32, 0x2D,
    0x0D, 0xA7, 0x0F, 0xAF, 0x1C, 0x41, 0x4B, 0x87, 0xB8, 0x91, 0x86, 0x5E, 0xC3, 0x16, 0xD3, 0xED,
    0x6B, 0x49, 0x47, 0x58, 0x4E, 0x54, 0xDF, 0x09, 0x57, 0x5A, 0x96, 0x5F, 0xA2, 0x53, 0xB8, 0xA7,
    0x50, 0xB5, 0x73, 0xB8, 0xE6, 0xFC, 0x7B, 0xEC, 0x02, 0x80, 0xE7, 0xE7, 0xE8, 0xDA, 0xD2, 0x1A,
    0xA7, 0x5E, 0x65, 0xF5, 0x44, 0xFD, 0xCC, 0x18, 0x53, 0x33, 0xA0, 0x37, 0x0F, 0xCF, 0xA0, 0xB1,
    0x2B, 0x57, 0x07, 0x79, 0xEE, 0xBE, 0x45, 0xF1, 0x5E, 0xE6, 0xE8, 0xEA, 0x99, 0x62, 0xE8, 0x02,
    0xD0, 0xC3, 0x1A, 0x06, 0x44, 0x80, 0x2B, 0x36, 0x10, 0x18, 0x71, 0xC9, 0xE3, 0x1E, 0x20, 0x6C,
    0x06, 0x3E, 0x1D, 0xB1, 0x7A, 0xC2, 0x69, 0xAB, 0x0B, 0x9E, 0x5C, 0x72, 0xF4, 0x40, 0x3C, 0xC6,
    0x3F, 0x3A, 0xC5, 0xBE, 0xC1, 0x6D, 0xC2, 0x68, 0xCD, 0x3D, 0xB9, 0x97, 0xE8, 0xF9, 0x70, 0xF6,
    0xAE, 0x65, 0x40, 0x97, 0xFA, 0xB2, 0x6B, 0xCD, 0xE1, 0x36, 0x48, 0xFD, 0x83, 0x8F, 0x8C, 0xA8,
    0xCB, 0x94, 0x14, 0x5E, 0x2D, 0xB5, 0x10, 0x78, 0xD6, 0x6D, 0xD7, 0xFA, 0x2C, 0x6F, 0xE1, 0x77,
    0x8D, 0x9A, 0x8A, 0x89, 0x09, 0xE7, 0xA5, 0x91, 0x33, 0x91, 0x6D, 0xB4, 0x49, 0xBA, 0x8B, 0xED,
    0x1F, 0x89, 0x40, 0x7D, 0x8A, 0xD3, 0x8C, 0xF7, 0x52, 0xC9, 0xA0, 0xEC, 0xBC, 0xB8, 0x33, 0x82,
    0x5C, 0x62, 0x7D, 0xFA, 0x7A, 0x72, 0xE8, 0xF9, 0x7B, 0x3F, 0xA1, 0xFA, 0x34, 0xAA, 0x6F, 0xD8,
    0x3F, 0x65, 0xAE, 0xAC, 0xB2, 0x5A, 0xBA, 0x1A, 0x63, 0x42, 0x50, 0xFB, 0x9A, 0x67, 0x95, 0xEE,
    0x57, 0x3D, 0x71, 0xEE, 0x5D, 0x25, 0x3E, 0xA2, 0x7A, 0xFF, 0x81, 0xF7, 0x0F, 0x4A, 0x27, 0x55,
    0x72, 0x30, 0x05, 0xDD, 0xD9, 0x9C, 0x33, 0x68, 0xB5, 0x64, 0x0E, 0x74, 0xEB, 0x39, 0x68, 0x5F,
    0x06, 0xD1, 0x03, 0xF5, 0x0B, 0x3E, 0xF8, 0x99, 0xF5, 0x2F, 0x16, 0x21, 0x48, 0x5A, 0xBF, 0xFE,
    0x70, 0x53, 0xE2, 0xFB, 0xEE, 0xEC, 0xE6, 0x40, 0x74, 0xAD, 0x10, 0x20, 0xAC, 0x52, 0x08, 0x27,
    0xB1, 0x87, 0xE6, 0x93, 0x99, 0xA8, 0x02, 0xC8, 0xA6, 0x16, 0x11, 0x69, 0xDE, 0x46, 0x08, 0x75,
    0xA7, 0x81, 0x50, 0x77, 0x3A, 0xEE, 0xD2, 0x7D, 0x3F, 0x21, 0xC2, 0x42, 0xA2, 0xB5, 0x37, 0xF8,
    0x1C, 0x0B, 0x44, 0xE1, 0x94, 0xA3, 0xAC, 0x10, 0x74, 0xA1, 0x77, 0xF5, 0x9F, 0x4F, 0xBA, 0x58,
    0x20, 0x0B, 0x20, 0x6B, 0x05, 0xB2, 0x7C, 0xB2, 0x54, 0xA0, 0xFC, 0x79, 0x57, 0xE3, 0xE7, 0x96,
    0x5D, 0x1D, 0x66, 0x5D, 0x34, 0x5E, 0x41, 0x9D, 0xC4, 0x21, 0x01, 0x57, 0xB9, 0xDE, 0x83, 0x9F,
    0xCC, 0xCB, 0x07, 0x9D, 0x64, 0x59, 0x23, 0x08, 0x7A, 0xAC, 0x4B, 0xC4, 0x4F, 0x87, 0x5D, 0x7D,
    0xE3, 0x55, 0x17, 0x08, 0x60, 0x91, 0xEC, 0x21, 0x87, 0x33, 0xEF, 0xA1, 0xEC, 0x7D, 0xDD, 0x4D,
    0xA8, 0x68, 0xD6, 0x43, 0x6F, 0xC6, 0xB5, 0x59, 0x1A, 0x85, 0x59, 0x19, 0xE9, 0xFE, 0xB9, 0x96,
    0xCC, 0x61, 0x3B, 0x2E, 0x0E, 0x1B, 0x12, 0x68, 0x47, 0xA9, 0x44, 0x06, 0x05, 0x56, 0x44, 0x78,
    0x6E, 0xC3, 0x3A, 0xA8, 0x26, 0x65, 0xF7, 0xB9, 0xFF, 0xF6, 0x24, 0xFC, 0x2E, 0x7E, 0x8B, 0x0D,
    0x6D, 0x88, 0xE1, 0xF9, 0x87, 0x9C, 0xE0, 0xA7, 0xCC, 0xF0, 0x1C, 0x08, 0x7F, 0x87, 0x56, 0x09,
    0x38, 0xED, 0x37, 0x49, 0xF0, 0x08, 0xDD, 0xCA, 0x26, 0x9E, 0xED, 0x20, 0x5F, 0x49, 0x51, 0x22,
    0xEE, 0xA3, 0xE4, 0x28, 0xF3, 0x4B, 0x41, 0x09, 0x4B, 0x60, 0x7C, 0xB6, 0xD5, 0x73, 0x28, 0x56,
    0x74, 0xFC, 0x6C, 0xB4, 0x9B, 0x45, 0xC7, 0x1A, 0x38, 0xAF, 0xB3, 0x3D, 0xB8, 0x19, 0x3E, 0x12,
    0x3A, 0xDB, 0x27, 0x3B, 0xDB, 0xA7, 0x4F, 0x39, 0xDB, 0xF7, 0xEB, 0x43, 0x4E, 0x4B, 0x86, 0x23,
    0x1F, 0xA6, 0x03, 0x09, 0xB5, 0x59, 0x45, 0xCE, 0xD7, 0x5C, 0x90, 0x08, 0xA5, 0x8A, 0xD4, 0x04,
    0x07, 0x0D, 0x02, 0x62, 0x8B, 0x22, 0xCF, 0x11, 0x3A, 0x56, 0xFC, 0x69, 0xDE, 0x1C, 0xC1, 0x21,
    0x1F, 0xF4, 0x38, 0xBD, 0x21, 0x43, 0x2C, 0x8F, 0xA4, 0xA1, 0xE3, 0x3F, 0x25, 0x5A, 0xC5, 0xA9,
    0x4E, 0x29, 0x65, 0x77, 0x1C, 0xA1, 0x64, 0x91, 0xC3, 0x6C, 0x71, 0x81, 0xBF, 0xBC, 0xBD, 0x8D,
    0xDC, 0x7D, 0x64, 0x76, 0x60, 0x1B, 0x67, 0x6B, 0xA0, 0xAE, 0xCD, 0x6A, 0xCC, 0xA4, 0x48, 0x09,
    0xD4, 0x45, 0x39, 0x0A, 0x35, 0xD9, 0xC2, 0xCF, 0x25, 0x70, 0xF3, 0xF5, 0x2F, 0x36, 0xC4, 0x7F,
    0xAF, 0x1B, 0xE2, 0x45, 0xB4, 0x36, 0xAC, 0xAF, 0x58, 0xDB, 0x93, 0xAA, 0x55, 0x74, 0x18, 0x7A,
    0xFA, 0x62, 0x13, 0xFD, 0x9F, 0x65, 0x13, 0x3D, 0x33, 0xF2, 0x28, 0x4D, 0x42, 0xC5, 0x42, 0xCE,
    0xD8, 0xD7, 0x8F, 0xBE, 0xBE, 0x95, 0xCB, 0x7E, 0x6B, 0x1C, 0xF2, 0x59, 0xAB, 0xB1, 0xC4, 0x6B,
    0xC8, 0x64, 0x25, 0x21, 0x0C, 0x9D, 0x92, 0x35, 0xE4, 0xB0, 0x92, 0x35, 0x24, 0xB0, 0x92, 0x10,
    0x86, 0xF2, 0x98, 0x52, 0x57, 0x49, 0xD8, 0x44, 0x3F, 0xE9, 0x78, 0xD0, 0xFB, 0xA3, 0x25, 0xE6,
    0xB1, 0x0B, 0xE8, 0xC9, 0x6C, 0x89, 0x57, 0x63, 0x89, 0x57, 0x63, 0x89, 0x57, 0x63, 0x89, 0x43,
    0x2E, 0x71, 0x98, 0x42, 0x2A, 0xB1, 0x5A, 0x02, 0x57, 0xB2, 0x7D, 0x0D, 0xDB, 0x54, 0xBD, 0x09,
    0x94, 0x6A, 0x09, 0x43, 0xFD, 0xB8, 0x90, 0x30, 0xB4, 0x5A, 0x19, 0x57, 0x6D, 0x0E, 0x0D, 0x5E,
    0x1E, 0x6A, 0x89, 0x63, 0xEC, 0xE8, 0x9D, 0x79, 0xAA, 0xEC, 0x24, 0x4E, 0x32, 0x13, 0x99, 0x7F,
    0xCC, 0x3A, 0xE6, 0x1A, 0x33, 0x4C, 0x78, 0xB5, 0xD0, 0xC7, 0xF1, 0x2E, 0xC2, 0x1C, 0xE6, 0x0B,
    0xB3, 0x84, 0xB9, 0xC1, 0x8C, 0x60, 0x1E, 0xE8, 0xD7, 0xC7, 0x6F, 0xCE, 0x5F, 0x1A, 0xBE, 0xEF,
    0x86, 0x97, 0x06, 0x2F, 0xB8, 0xCF, 0x98, 0xCF, 0x98, 0x1B, 0x86, 0x93, 0x7E, 0x2B, 0xD5, 0xCE,
    0x63, 0xFA, 0xE9, 0x4C, 0xE9, 0xA7, 0x89, 0xD3, 0x4F, 0x78, 0xEB, 0x47, 0x8E, 0x50, 0x49, 0x1B,
    0x6A, 0xC3, 0x2B, 0x0D, 0x78, 0x9B, 0x9B, 0xE9, 0xA7, 0xF9, 0xDA, 0x48, 0xA6, 0x99, 0x13, 0xAE,
    0xA4, 0xCA, 0x18, 0x29, 0xC4, 0xA2, 0xF4, 0x25, 0xB1, 0x07, 0xB5, 0x25, 0x72, 0x08, 0x55, 0x0E,
    0x32, 0x09, 0xD4, 0x29, 0xF1, 0xA9, 0x9C, 0x85, 0x55, 0x98, 0xE1, 0xC4, 0xFB, 0x41, 0xA7, 0x40,
    0x66, 0xFB, 0x2C, 0x3C, 0xC3, 0xA2, 0x90, 0x67, 0xF2, 0x37, 0x88, 0x73, 0x99, 0x32, 0x2F, 0x53,
    0xFE, 0xA5, 0xCA, 0xC2, 0x54, 0xB9, 0x98, 0x29, 0x23, 0x73, 0xE5, 0x25, 0x94, 0x16, 0xD0, 0xF4,
    0xA9, 0x67, 0x9E, 0x3C, 0x68, 0x0A, 0x71, 0xEA, 0x60, 0x02, 0x15, 0x27, 0x4E, 0xD8, 0x38, 0x88,
    0xBC, 0x6D, 0xE1, 0xD0, 0x7C, 0xBC, 0xE2, 0x07, 0xE8, 0x3B, 0xD1, 0x6E, 0x26, 0x74, 0xA0, 0x40,
    0x0E, 0x3C, 0x72, 0xBC, 0xF3, 0xEA, 0x46, 0xBA, 0x36, 0x13, 0x5D, 0x87, 0xB9, 0xA4, 0x36, 0x60,
    0x67, 0xC2, 0x5C, 0xDC, 0xA8, 0xE1, 0x9E, 0xFF, 0x86, 0x78, 0x1F, 0xBE, 0x1F, 0xE8, 0x43, 0x82,
    0x48, 0x9F, 0xF8, 0xF7, 0x3B, 0x75, 0xE2, 0x7B, 0xEC, 0xE4, 0x3E, 0x2B, 0x5D, 0x0B, 0xE7, 0xAF,
    0x69, 0x57, 0x4E, 0xC3, 0x2F, 0xA1, 0x35, 0x49, 0x7D, 0x01, 0xBD, 0x9A, 0x5F, 0x9A, 0x25, 0xC7,
    0xAB, 0x77, 0x61, 0xF0, 0x0A, 0x55, 0xFC, 0x9C, 0x85, 0xF3, 0x3A, 0x32, 0xF3, 0xE1, 0xF7, 0x8E,
    0x9D, 0x30, 0x1D, 0xED, 0xAA, 0xB6, 0x5C, 0x93, 0xEC, 0x7D, 0x1B, 0xDD, 0xBD, 0x6C, 0xF8, 0x2A,
    0x25, 0x76, 0xAF, 0xBC, 0x99, 0xFC, 0x7F,
};

static const EpdGlyph notobengali_20_regularGlyphs[] = {
    { 0, 0, 0, 0, 0, 0, 0 }, // U+0000
    { 0, 0, 173, 0, 0, 0, 0 }, // U+000D
    { 0, 0, 173, 0, 0, 0, 0 }, // U+0020
    { 6, 31, 255, 6, 30, 47, 0 }, // !
    { 13, 11, 335, 4, 31, 36, 47 }, // "
    { 25, 27, 435, 1, 26, 169, 83 }, // #
    { 31, 27, 552, 2, 27, 210, 252 }, // %
    { 6, 11, 217, 4, 31, 17, 462 }, // '
    { 11, 39, 279, 4, 33, 108, 479 }, // (
    { 10, 39, 279, 3, 33, 98, 587 }, // )
    { 20, 19, 405, 3, 31, 95, 685 }, // *
    { 20, 19, 395, 2, 23, 95, 780 }, // +
    { 8, 10, 175, 1, 5, 20, 875 }, // ,
    { 11, 3, 227, 2, 14, 9, 895 }, // -
    { 6, 6, 179, 3, 5, 9, 904 }, // .
    { 15, 38, 299, 2, 33, 143, 913 }, // /
    { 19, 31, 367, 2, 31, 148, 1056 }, // 0
    { 12, 30, 367, 3, 30, 90, 1204 }, // 1
    { 20, 31, 367, 1, 31, 155, 1294 }, // 2
    { 20, 31, 367, 1, 31, 155, 1449 }, // 3
    { 23, 31, 367, 0, 31, 179, 1604 }, // 4
    { 19, 30, 367, 2, 30, 143, 1783 }, // 5
    { 20, 31, 367, 2, 31, 155, 1926 }, // 6
    { 20, 31, 367, 1, 30, 155, 2081 }, // 7
    { 19, 31, 367, 2, 31, 148, 2236 }, // 8
    { 19, 31, 367, 2, 31, 148, 2384 }, // 9
    { 6, 24, 196, 3, 23, 36, 2532 }, // :
    { 8, 28, 196, 1, 23, 56, 2568 }, // ;
    { 20, 21, 395, 2, 24, 105, 2624 }, // <
    { 20, 11, 395, 2, 19, 55, 2729 }, // =
    { 20, 21, 395, 2, 24, 105, 2784 }, // >
    { 17, 31, 345, 2, 30, 132, 2889 }, // ?
    { 9, 39, 277, 5, 33, 88, 3021 }, // [
    { 15, 39, 299, 2, 33, 147, 3109 }, // <backslash>
    { 9, 38, 277, 3, 32, 86, 3256 }, // ]
    { 21, 19, 395, 2, 30, 100, 3342 }, // ^
    { 19, 3, 274, -1, -4, 15, 3442 }, // _
    { 14, 39, 261, 1, 33, 137, 3457 }, // {
    { 4, 39, 360, 9, 33, 39, 3594 }, // |
    { 13, 39, 303, 3, 33, 127, 3633 }, // }
    { 20, 7, 395, 2, 17, 35, 3760 }, // ~
    { 0, 0, 173, 0, 0, 0, 0 }, // U+00A0
    { 11, 3, 227, 2, 14, 9, 0 }, // U+00AD
    { 18, 18, 395, 3, 22, 81, 9 }, // U+00D7
    { 20, 19, 395, 2, 23, 95, 90 }, // U+00F7
    { 20, 29, 360, 2, 28, 145, 0 }, // U+0980
    { 15, 8, 0, -13, 36, 30, 145 }, // U+0981
    { 15, 28, 292, 3, 26, 105, 175 }, // U+0982
    { 12, 26, 292, 3, 26, 78, 280 }, // U+0983
    { 39, 26, 595, -1, 26, 254, 358 }, // U+0985
    { 50, 30, 772, -1, 29, 375, 612 }, // U+0986
    { 24, 41, 353, -1, 38, 246, 987 }, // U+0987
    { 31, 39, 459, -1, 38, 303, 1233 }, // U+0988
    { 32, 37, 475, -1, 38, 296, 1536 }, // U+0989
    { 37, 37, 569, -1, 38, 343, 1832 }, // U+098A
    { 30, 30, 569, 2, 29, 225, 2175 }, // U+098B
    { 23, 31, 426, 2, 30, 179, 2400 }, // U+098C
    { 27, 26, 505, 1, 26, 176, 2579 }, // U+098F
    { 34, 38, 582, 1, 38, 323, 2755 }, // U+0990
    { 28, 24, 492, 1, 26, 168, 3078 }, // U+0993
    { 34, 36, 583, 1, 38, 306, 3246 }, // U+0994
    { 36, 26, 538, -1, 26, 234, 3552 }, // U+0995
    { 28, 30, 464, 2, 29, 210, 3786 }, // U+0996
    { 28, 30, 437, 0, 29, 210, 3996 }, // U+0997
    { 28, 26, 421, -1, 26, 182, 4206 }, // U+0998
    { 27, 26, 482, 1, 26, 176, 4388 }, // U+0999
    { 26, 25, 378, -1, 26, 163, 4564 }, // U+099A
    { 31, 29, 458, -1, 26, 225, 4727 }, // U+099B
    { 40, 27, 611, -1, 26, 270, 4952 }, // U+099C
    { 35, 29, 529, -1, 29, 254, 5222 }, // U+099D
    { 40, 26, 679, 1, 26, 260, 5476 }, // U+099E
    { 26, 37, 378, -1, 38, 241, 5736 }, // U+099F
    { 27, 39, 394, -1, 39, 264, 5977 }, // U+09A0
    { 32, 25, 475, -1, 26, 200, 6241 }, // U+09A1
    { 26, 25, 378, -1, 26, 163, 6441 }, // U+09A2
    { 26, 30, 413, 1, 29, 195, 6604 }, // U+09A3
    { 31, 24, 471, -1, 26, 186, 6799 }, // U+09A4
    { 27, 30, 430, 1, 29, 203, 6985 }, // U+09A5
    { 27, 27, 402, -1, 26, 183, 7188 }, // U+09A6
    { 25, 27, 397, 1, 26, 169, 7371 }, // U+09A7
    { 27, 26, 403, -1, 26, 176, 7540 }, // U+09A8
    { 31, 30, 477, 0, 29, 233, 7716 }, // U+09AA
    { 37, 27, 559, -1, 26, 250, 7949 }, // U+09AB
    { 27, 26, 397, -1, 26, 176, 8199 }, // U+09AC
    { 32, 24, 481, -1, 26, 192, 8375 }, // U+09AD
    { 28, 26, 415, -1, 26, 182, 8567 }, // U+09AE
    { 28, 26, 417, -1, 26, 182, 8749 }, // U+09AF
    { 27, 28, 397, -1, 26, 189, 8931 }, // U+09B0
    { 32, 26, 487, -1, 26, 208, 9120 }, // U+09B2
    { 30, 30, 451, -1, 29, 225, 9328 }, // U+09B6
    { 28, 26, 422, -1, 26, 182, 9553 }, // U+09B7
    { 30, 26, 455, -1, 26, 195, 9735 }, // U+09B8
    { 24, 29, 353, -1, 26, 174, 9930 }, // U+09B9
    { 6, 6, 0, -14, -3, 9, 10104 }, // U+09BC
    { 24, 29, 353, -1, 26, 174, 10113 }, // U+09BD
    { 13, 30, 177, -1, 29, 98, 10287 }, // U+09BE
    { 31, 39, 177, -1, 38, 303, 10385 }, // U+09BF
    { 34, 39, 177, -22, 38, 332, 10688 }, // U+09C0
    { 22, 12, 0, -18, 1, 66, 11020 }, // U+09C1
    { 20, 12, 0, -13, 1, 60, 11086 }, // U+09C2
    { 17, 14, 0, -15, 2, 60, 11146 }, // U+09C3
    { 17, 19, 0, -15, 2, 81, 11206 }, // U+09C4
    { 17, 26, 231, -1, 26, 111, 11287 }, // U+09C7
    { 18, 38, 231, -2, 38, 171, 11398 }, // U+09C8
    { 42, 30, 635, -1, 29, 315, 11569 }, // U+09CB
    { 42, 38, 635, -1, 38, 399, 11884 }, // U+09CC
    { 13, 12, 0, -8, 0, 39, 12283 }, // U+09CD
    { 21, 27, 350, 2, 26, 142, 12322 }, // U+09CE
    { 28, 38, 177, -16, 38, 266, 12464 }, // U+09D7
    { 32, 34, 475, -1, 26, 272, 12730 }, // U+09DC
    { 26, 34, 378, -1, 26, 221, 13002 }, // U+09DD
    { 28, 28, 417, -1, 26, 196, 13223 }, // U+09DF
    { 30, 41, 569, 2, 29, 308, 13419 }, // U+09E0
    { 23, 43, 426, 2, 30, 248, 13727 }, // U+09E1
    { 16, 15, 0, -15, 1, 60, 13975 }, // U+09E2
    { 28, 18, 0, -23, 1, 126, 14035 }, // U+09E3
    { 19, 19, 395, 3, 23, 91, 14161 }, // U+09E6
    { 16, 27, 395, 5, 27, 108, 14252 }, // U+09E7
    { 22, 28, 395, 2, 27, 154, 14360 }, // U+09E8
    { 23, 22, 395, 1, 24, 127, 14514 }, // U+09E9
    { 21, 26, 395, 2, 26, 137, 14641 }, // U+09EA
    { 22, 27, 395, 2, 27, 149, 14778 }, // U+09EB
    { 24, 23, 395, 0, 25, 138, 14927 }, // U+09EC
    { 20, 26, 395, 2, 26, 130, 15065 }, // U+09ED
    { 25, 26, 395, 0, 26, 163, 15195 }, // U+09EE
    { 23, 28, 395, 1, 27, 161, 15358 }, // U+09EF
    { 27, 26, 397, -1, 26, 176, 15519 }, // U+09F0
    { 27, 26, 397, -1, 26, 176, 15695 }, // U+09F1
    { 20, 18, 393, 2, 22, 90, 15871 }, // U+09F2
    { 25, 31, 424, 0, 31, 194, 15961 }, // U+09F3
    { 20, 18, 393, 2, 22, 90, 16155 }, // U+09F4
    { 26, 18, 471, 2, 22, 117, 16245 }, // U+09F5
    { 26, 27, 485, 2, 27, 176, 16362 }, // U+09F6
    { 4, 26, 198, 4, 26, 26, 16538 }, // U+09F7
    { 26, 26, 454, 1, 26, 169, 16564 }, // U+09F8
    { 16, 14, 322, 2, 21, 56, 16733 }, // U+09F9
    { 23, 16, 451, 3, 32, 92, 16789 }, // U+09FA
    { 14, 23, 194, 2, 17, 81, 16881 }, // U+09FB
    { 19, 25, 358, 2, 22, 119, 16962 }, // U+09FC
    { 14, 12, 284, 2, 21, 42, 17081 }, // U+09FD
    { 13, 15, 0, -6, 38, 49, 17123 }, // U+09FE
    { 0, 0, 0, 0, 0, 0, 0 }, // U+200B
    { 4, 40, 0, -2, 33, 40, 0 }, // U+200C
    { 14, 40, 0, -7, 33, 140, 40 }, // U+200D
    { 11, 3, 227, 2, 14, 9, 180 }, // U+2010
    { 19, 3, 333, 1, 14, 15, 189 }, // U+2013
    { 39, 3, 667, 1, 14, 30, 204 }, // U+2014
    { 7, 10, 208, 3, 30, 18, 234 }, // U+2018
    { 7, 10, 208, 3, 30, 18, 252 }, // U+2019
    { 15, 10, 333, 3, 30, 38, 270 }, // U+201C
    { 15, 10, 333, 3, 30, 38, 308 }, // U+201D
    { 28, 6, 536, 3, 5, 42, 346 }, // U+2026
    { 19, 27, 395, 3, 26, 129, 0 }, // U+20B9
    { 20, 3, 395, 2, 15, 15, 0 }, // U+2212
    { 39, 38, 608, -1, 26, 371, 0 }, // U+E000
    { 50, 29, 784, -1, 26, 363, 371 }, // U+E001
    { 39, 36, 608, -1, 26, 351, 734 }, // U+E002
    { 34, 28, 511, -1, 26, 238, 1085 }, // U+E003
    { 59, 30, 928, -1, 29, 443, 1323 }, // U+E004
    { 57, 30, 896, -1, 29, 428, 1766 }, // U+E005
    { 56, 26, 880, -1, 26, 364, 2194 }, // U+E006
    { 57, 26, 937, -1, 26, 371, 2558 }, // U+E007
    { 54, 25, 848, -1, 26, 338, 2929 }, // U+E008
    { 59, 29, 928, -1, 26, 428, 3267 }, // U+E009
    { 68, 27, 1072, -1, 26, 459, 3695 }, // U+E00A
    { 63, 29, 992, -1, 29, 457, 4154 }, // U+E00B
    { 70, 26, 1134, -1, 26, 455, 4611 }, // U+E00C
    { 32, 38, 481, -1, 38, 304, 5066 }, // U+E00D
    { 55, 39, 864, -1, 39, 537, 5370 }, // U+E00E
    { 60, 25, 944, -1, 26, 375, 5907 }, // U+E00F
    { 54, 25, 848, -1, 26, 338, 6282 }, // U+E010
    { 56, 30, 880, -1, 29, 420, 6620 }, // U+E011
    { 41, 26, 620, -1, 26, 267, 7040 }, // U+E012
    { 57, 30, 896, -1, 29, 428, 7307 }, // U+E013
    { 55, 27, 864, -1, 26, 372, 7735 }, // U+E014
    { 55, 27, 864, -1, 26, 372, 8107 }, // U+E015
    { 33, 30, 501, -1, 26, 248, 8479 }, // U+E016
    { 60, 30, 944, -1, 29, 450, 8727 }, // U+E017
    { 65, 27, 1024, -1, 26, 439, 9177 }, // U+E018
    { 33, 28, 496, -1, 26, 231, 9616 }, // U+E019
    { 60, 24, 944, -1, 26, 360, 9847 }, // U+E01A
    { 39, 28, 597, -1, 26, 273, 10207 }, // U+E01B
    { 46, 29, 720, -1, 26, 334, 10480 }, // U+E01C
    { 41, 26, 620, -1, 26, 267, 10814 }, // U+E01D
    { 35, 30, 531, -1, 26, 263, 11081 }, // U+E01E
    { 58, 30, 912, -1, 29, 435, 11344 }, // U+E01F
    { 40, 26, 613, -1, 26, 260, 11779 }, // U+E020
    { 40, 27, 609, -1, 26, 270, 12039 }, // U+E021
    { 52, 29, 816, -1, 26, 377, 12309 }, // U+E022
    { 60, 34, 944, -1, 26, 510, 12686 }, // U+E023
    { 54, 34, 848, -1, 26, 459, 13196 }, // U+E024
    { 56, 28, 880, -1, 26, 392, 13655 }, // U+E025
    { 28, 41, 464, 2, 29, 287, 14047 }, // U+E026
    { 39, 32, 656, 2, 29, 312, 14334 }, // U+E027
    { 29, 34, 464, 1, 29, 247, 14646 }, // U+E028
    { 55, 26, 880, 0, 26, 358, 14893 }, // U+E029
    { 50, 30, 800, 0, 29, 375, 15251 }, // U+E02A
    { 30, 33, 458, 0, 29, 248, 15626 }, // U+E02B
    { 47, 26, 752, 0, 26, 306, 15874 }, // U+E02C
    { 48, 26, 811, 0, 26, 312, 16180 }, // U+E02D
    { 45, 25, 720, 0, 26, 282, 16492 }, // U+E02E
    { 50, 29, 800, 0, 26, 363, 16774 }, // U+E02F
    { 59, 27, 944, 0, 26, 399, 17137 }, // U+E030
    { 54, 29, 864, 0, 29, 392, 17536 }, // U+E031
    { 61, 26, 1009, 0, 26, 397, 17928 }, // U+E032
    { 45, 37, 720, 0, 38, 417, 18325 }, // U+E033
    { 46, 39, 736, 0, 39, 449, 18742 }, // U+E034
    { 51, 25, 816, 0, 26, 319, 19191 }, // U+E035
    { 45, 25, 720, 0, 26, 282, 19510 }, // U+E036
    { 47, 30, 752, 0, 29, 353, 19792 }, // U+E037
    { 50, 24, 801, 0, 26, 300, 20145 }, // U+E038
    { 48, 30, 768, 0, 29, 360, 20445 }, // U+E039
    { 43, 27, 671, 0, 26, 291, 20805 }, // U+E03A
    { 35, 32, 546, 0, 29, 280, 21096 }, // U+E03B
    { 28, 32, 437, 0, 29, 224, 21376 }, // U+E03C
    { 51, 30, 816, 0, 29, 383, 21600 }, // U+E03D
    { 56, 27, 896, 0, 26, 378, 21983 }, // U+E03E
    { 28, 32, 437, 0, 29, 224, 22361 }, // U+E03F
    { 51, 24, 816, 0, 26, 306, 22585 }, // U+E040
    { 39, 31, 602, 0, 29, 303, 22891 }, // U+E041
    { 39, 32, 624, 0, 29, 312, 23194 }, // U+E042
    { 30, 32, 485, 1, 29, 240, 23506 }, // U+E043
    { 28, 31, 437, 0, 29, 217, 23746 }, // U+E044
    { 49, 30, 784, 0, 29, 368, 23963 }, // U+E045
    { 47, 26, 752, 0, 26, 306, 24331 }, // U+E046
    { 49, 26, 784, 0, 26, 319, 24637 }, // U+E047
    { 43, 29, 688, 0, 26, 312, 24956 }, // U+E048
    { 51, 34, 816, 0, 26, 434, 25268 }, // U+E049
    { 45, 34, 720, 0, 26, 383, 25702 }, // U+E04A
    { 47, 28, 752, 0, 26, 329, 26085 }, // U+E04B
    { 28, 30, 411, -1, 26, 210, 26414 }, // U+E04C
    { 28, 38, 421, -1, 26, 266, 26624 }, // U+E04D
    { 39, 29, 608, -1, 26, 283, 26890 }, // U+E04E
    { 31, 31, 460, -1, 26, 241, 27173 }, // U+E04F
    { 28, 30, 411, -1, 26, 210, 27414 }, // U+E050
    { 30, 26, 453, -1, 26, 195, 27624 }, // U+E051
    { 46, 34, 701, -1, 29, 391, 27819 }, // U+E052
    { 32, 27, 484, -1, 26, 216, 28210 }, // U+E053
    { 51, 26, 785, -1, 26, 332, 28426 }, // U+E054
    { 55, 26, 899, -1, 26, 358, 28758 }, // U+E055
    { 52, 25, 816, -1, 26, 325, 29116 }, // U+E056
    { 57, 29, 896, -1, 26, 414, 29441 }, // U+E057
    { 66, 27, 1040, -1, 26, 446, 29855 }, // U+E058
    { 61, 29, 960, -1, 29, 443, 30301 }, // U+E059
    { 68, 26, 1096, -1, 26, 442, 30744 }, // U+E05A
    { 52, 37, 816, -1, 38, 481, 31186 }, // U+E05B
    { 53, 39, 832, -1, 39, 517, 31667 }, // U+E05C
    { 58, 25, 912, -1, 26, 363, 32184 }, // U+E05D
    { 52, 25, 816, -1, 26, 325, 32547 }, // U+E05E
    { 54, 30, 848, -1, 29, 405, 32872 }, // U+E05F
    { 57, 24, 896, -1, 26, 342, 33277 }, // U+E060
    { 55, 30, 864, -1, 29, 413, 33619 }, // U+E061
    { 53, 27, 832, -1, 26, 358, 34032 }, // U+E062
    { 53, 27, 832, -1, 26, 358, 34390 }, // U+E063
    { 53, 26, 832, -1, 26, 345, 34748 }, // U+E064
    { 58, 30, 912, -1, 29, 435, 35093 }, // U+E065
    { 63, 27, 992, -1, 26, 426, 35528 }, // U+E066
    { 27, 37, 482, 1, 26, 250, 35954 }, // U+E067
    { 58, 24, 912, -1, 26, 348, 36204 }, // U+E068
    { 40, 31, 612, -1, 26, 310, 36552 }, // U+E069
    { 41, 29, 672, 1, 26, 298, 36862 }, // U+E06A
    { 27, 36, 482, 1, 26, 243, 37160 }, // U+E06B
    { 58, 26, 912, -1, 26, 377, 37403 }, // U+E06C
    { 56, 30, 880, -1, 29, 420, 37780 }, // U+E06D
    { 54, 26, 848, -1, 26, 351, 38200 }, // U+E06E
    { 56, 26, 880, -1, 26, 364, 38551 }, // U+E06F
    { 50, 29, 784, -1, 26, 363, 38915 }, // U+E070
    { 58, 34, 912, -1, 26, 493, 39278 }, // U+E071
    { 52, 34, 816, -1, 26, 442, 39771 }, // U+E072
    { 54, 28, 848, -1, 26, 378, 40213 }, // U+E073
    { 56, 26, 880, -1, 26, 364, 40591 }, // U+E074
    { 51, 30, 800, -1, 29, 383, 40955 }, // U+E075
    { 49, 30, 768, -1, 29, 368, 41338 }, // U+E076
    { 48, 26, 752, -1, 26, 312, 41706 }, // U+E077
    { 49, 26, 812, -1, 26, 319, 42018 }, // U+E078
    { 38, 25, 575, -1, 26, 238, 42337 }, // U+E079
    { 43, 29, 657, -1, 26, 312, 42575 }, // U+E07A
    { 60, 27, 944, -1, 26, 405, 42887 }, // U+E07B
    { 55, 29, 864, -1, 29, 399, 43292 }, // U+E07C
    { 45, 31, 692, -1, 26, 349, 43691 }, // U+E07D
    { 46, 37, 720, -1, 38, 426, 44040 }, // U+E07E
    { 47, 39, 736, -1, 39, 459, 44466 }, // U+E07F
    { 52, 25, 816, -1, 26, 325, 44925 }, // U+E080
    { 46, 25, 720, -1, 26, 288, 45250 }, // U+E081
    { 48, 30, 752, -1, 29, 360, 45538 }, // U+E082
    { 51, 24, 802, -1, 26, 306, 45898 }, // U+E083
    { 49, 30, 768, -1, 29, 368, 46204 }, // U+E084
    { 47, 27, 736, -1, 26, 318, 46572 }, // U+E085
    { 47, 27, 736, -1, 26, 318, 46890 }, // U+E086
    { 24, 33, 360, -1, 26, 198, 47208 }, // U+E087
    { 52, 30, 816, -1, 29, 390, 47406 }, // U+E088
    { 57, 27, 896, -1, 26, 385, 47796 }, // U+E089
    { 26, 36, 378, -1, 26, 234, 48181 }, // U+E08A
    { 52, 24, 816, -1, 26, 312, 48415 }, // U+E08B
    { 48, 26, 752, -1, 26, 312, 48727 }, // U+E08C
    { 36, 29, 560, -1, 26, 261, 49039 }, // U+E08D
    { 30, 34, 450, -1, 26, 255, 49300 }, // U+E08E
    { 52, 26, 818, -1, 26, 338, 49555 }, // U+E08F
    { 50, 30, 784, -1, 29, 375, 49893 }, // U+E090
    { 48, 26, 752, -1, 26, 312, 50268 }, // U+E091
    { 50, 26, 785, -1, 26, 325, 50580 }, // U+E092
    { 44, 29, 688, -1, 26, 319, 50905 }, // U+E093
    { 52, 34, 816, -1, 26, 442, 51224 }, // U+E094
    { 46, 34, 720, -1, 26, 391, 51666 }, // U+E095
    { 48, 28, 752, -1, 26, 336, 52057 }, // U+E096
    { 31, 37, 458, -1, 26, 287, 52393 }, // U+E097
    { 41, 29, 640, -1, 26, 298, 52680 }, // U+E098
    { 33, 33, 505, -1, 26, 273, 52978 }, // U+E099
    { 57, 27, 882, -1, 26, 385, 53251 }, // U+E09A
    { 51, 31, 790, -1, 26, 396, 53636 }, // U+E09B
    { 42, 23, 649, -1, 26, 242, 54032 }, // U+E09C
    { 42, 31, 649, -1, 26, 326, 54274 }, // U+E09D
    { 51, 29, 800, -1, 26, 370, 54600 }, // U+E09E
    { 40, 32, 613, -1, 26, 320, 54970 }, // U+E09F
    { 35, 41, 529, -1, 29, 359, 55290 }, // U+E0A0
    { 46, 32, 720, -1, 29, 368, 55649 }, // U+E0A1
    { 38, 34, 573, -1, 29, 323, 56017 }, // U+E0A2
    { 33, 30, 565, 1, 29, 248, 56340 }, // U+E0A3
    { 28, 31, 496, 1, 26, 217, 56588 }, // U+E0A4
    { 33, 27, 573, 1, 26, 223, 56805 }, // U+E0A5
    { 38, 33, 649, 1, 26, 314, 57028 }, // U+E0A6
    { 40, 38, 679, 1, 26, 380, 57342 }, // U+E0A7
    { 53, 29, 864, 1, 26, 385, 57722 }, // U+E0A8
    { 40, 36, 679, 1, 26, 360, 58107 }, // U+E0A9
    { 56, 38, 880, -1, 38, 532, 58467 }, // U+E0AA
    { 51, 39, 800, -1, 38, 498, 58999 }, // U+E0AB
    { 49, 39, 768, -1, 38, 478, 59497 }, // U+E0AC
    { 48, 38, 752, -1, 38, 456, 59975 }, // U+E0AD
    { 49, 38, 812, -1, 38, 466, 60431 }, // U+E0AE
    { 46, 37, 720, -1, 38, 426, 60897 }, // U+E0AF
    { 51, 41, 800, -1, 38, 523, 61323 }, // U+E0B0
    { 60, 39, 944, -1, 38, 585, 61846 }, // U+E0B1
    { 55, 38, 864, -1, 38, 523, 62431 }, // U+E0B2
    { 62, 38, 1010, -1, 38, 589, 62954 }, // U+E0B3
    { 29, 43, 432, -1, 38, 312, 63543 }, // U+E0B4
    { 47, 39, 736, -1, 39, 459, 63855 }, // U+E0B5
    { 52, 37, 816, -1, 38, 481, 64314 }, // U+E0B6
    { 46, 37, 720, -1, 38, 426, 64795 }, // U+E0B7
    { 48, 39, 752, -1, 38, 468, 65221 }, // U+E0B8
    { 51, 36, 802, -1, 38, 459, 65689 }, // U+E0B9
    { 49, 39, 768, -1, 38, 478, 66148 }, // U+E0BA
    { 47, 39, 736, -1, 38, 459, 66626 }, // U+E0BB
    { 47, 39, 736, -1, 38, 459, 67085 }, // U+E0BC
    { 47, 38, 736, -1, 38, 447, 67544 }, // U+E0BD
    { 52, 39, 816, -1, 38, 507, 67991 }, // U+E0BE
    { 57, 39, 896, -1, 38, 556, 68498 }, // U+E0BF
    { 26, 48, 378, -1, 38, 312, 69054 }, // U+E0C0
    { 52, 36, 816, -1, 38, 468, 69366 }, // U+E0C1
    { 35, 44, 522, -1, 38, 385, 69834 }, // U+E0C2
    { 36, 41, 560, -1, 38, 369, 70219 }, // U+E0C3
    { 30, 46, 450, -1, 38, 345, 70588 }, // U+E0C4
    { 52, 38, 818, -1, 38, 494, 70933 }, // U+E0C5
    { 50, 39, 784, -1, 38, 488, 71427 }, // U+E0C6
    { 48, 38, 752, -1, 38, 456, 71915 }, // U+E0C7
    { 50, 38, 785, -1, 38, 475, 0 }, // U+E0C8
    { 44, 41, 688, -1, 38, 451, 475 }, // U+E0C9
    { 52, 46, 816, -1, 38, 598, 926 }, // U+E0CA
    { 46, 46, 720, -1, 38, 529, 1524 }, // U+E0CB
    { 48, 40, 752, -1, 38, 480, 2053 }, // U+E0CC
    { 27, 50, 394, -1, 39, 338, 2533 }, // U+E0CD
    { 37, 42, 576, -1, 39, 389, 2871 }, // U+E0CE
    { 32, 47, 485, -1, 39, 376, 3260 }, // U+E0CF
    { 61, 26, 960, -1, 26, 397, 3636 }, // U+E0D0
    { 56, 30, 880, -1, 29, 420, 4033 }, // U+E0D1
    { 53, 30, 817, -1, 29, 398, 4453 }, // U+E0D2
    { 53, 26, 832, -1, 26, 345, 4851 }, // U+E0D3
    { 54, 26, 892, -1, 26, 351, 5196 }, // U+E0D4
    { 51, 25, 800, -1, 26, 319, 5547 }, // U+E0D5
    { 56, 29, 880, -1, 26, 406, 5866 }, // U+E0D6
    { 65, 27, 1024, -1, 26, 439, 6272 }, // U+E0D7
    { 60, 29, 944, -1, 29, 435, 6711 }, // U+E0D8
    { 67, 26, 1090, -1, 26, 436, 7146 }, // U+E0D9
    { 51, 37, 800, -1, 38, 472, 7582 }, // U+E0DA
    { 52, 39, 816, -1, 39, 507, 8054 }, // U+E0DB
    { 50, 25, 765, -1, 26, 313, 8561 }, // U+E0DC
    { 51, 25, 800, -1, 26, 319, 8874 }, // U+E0DD
    { 53, 30, 832, -1, 29, 398, 9193 }, // U+E0DE
    { 56, 24, 882, -1, 26, 336, 9591 }, // U+E0DF
    { 54, 30, 848, -1, 29, 405, 9927 }, // U+E0E0
    { 52, 27, 816, -1, 26, 351, 10332 }, // U+E0E1
    { 52, 27, 816, -1, 26, 351, 10683 }, // U+E0E2
    { 52, 26, 816, -1, 26, 338, 11034 }, // U+E0E3
    { 57, 30, 896, -1, 29, 428, 11372 }, // U+E0E4
    { 62, 27, 976, -1, 26, 419, 11800 }, // U+E0E5
    { 32, 37, 475, -1, 26, 296, 12219 }, // U+E0E6
    { 57, 24, 896, -1, 26, 342, 12515 }, // U+E0E7
    { 40, 31, 606, -1, 26, 310, 12857 }, // U+E0E8
    { 42, 29, 656, -1, 26, 305, 13167 }, // U+E0E9
    { 32, 34, 475, -1, 26, 272, 13472 }, // U+E0EA
    { 57, 26, 898, -1, 26, 371, 13744 }, // U+E0EB
    { 55, 30, 864, -1, 29, 413, 14115 }, // U+E0EC
    { 53, 26, 832, -1, 26, 345, 14528 }, // U+E0ED
    { 55, 26, 865, -1, 26, 358, 14873 }, // U+E0EE
    { 49, 29, 768, -1, 26, 356, 15231 }, // U+E0EF
    { 57, 34, 896, -1, 26, 485, 15587 }, // U+E0F0
    { 51, 34, 800, -1, 26, 434, 16072 }, // U+E0F1
    { 53, 28, 832, -1, 26, 371, 16506 }, // U+E0F2
    { 56, 26, 880, -1, 26, 364, 16877 }, // U+E0F3
    { 51, 30, 800, -1, 29, 383, 17241 }, // U+E0F4
    { 49, 30, 768, -1, 29, 368, 17624 }, // U+E0F5
    { 48, 26, 752, -1, 26, 312, 17992 }, // U+E0F6
    { 49, 26, 812, -1, 26, 319, 18304 }, // U+E0F7
    { 46, 25, 720, -1, 26, 288, 18623 }, // U+E0F8
    { 51, 29, 800, -1, 26, 370, 18911 }, // U+E0F9
    { 60, 27, 944, -1, 26, 405, 19281 }, // U+E0FA
    { 55, 29, 864, -1, 29, 399, 19686 }, // U+E0FB
    { 62, 26, 1010, -1, 26, 403, 20085 }, // U+E0FC
    { 46, 37, 720, -1, 38, 426, 20488 }, // U+E0FD
    { 47, 39, 736, -1, 39, 459, 20914 }, // U+E0FE
    { 52, 25, 816, -1, 26, 325, 21373 }, // U+E0FF
    { 46, 25, 720, -1, 26, 288, 21698 }, // U+E100
    { 48, 30, 752, -1, 29, 360, 21986 }, // U+E101
    { 51, 24, 802, -1, 26, 306, 22346 }, // U+E102
    { 49, 30, 768, -1, 29, 368, 22652 }, // U+E103
    { 47, 27, 736, -1, 26, 318, 23020 }, // U+E104
    { 47, 27, 736, -1, 26, 318, 23338 }, // U+E105
    { 47, 26, 736, -1, 26, 306, 23656 }, // U+E106
    { 52, 30, 816, -1, 29, 390, 23962 }, // U+E107
    { 57, 27, 896, -1, 26, 385, 24352 }, // U+E108
    { 26, 36, 378, -1, 26, 234, 24737 }, // U+E109
    { 52, 24, 816, -1, 26, 312, 24971 }, // U+E10A
    { 48, 26, 752, -1, 26, 312, 25283 }, // U+E10B
    { 36, 29, 560, -1, 26, 261, 25595 }, // U+E10C
    { 30, 34, 450, -1, 26, 255, 25856 }, // U+E10D
    { 52, 26, 818, -1, 26, 338, 26111 }, // U+E10E
    { 50, 30, 784, -1, 29, 375, 26449 }, // U+E10F
    { 48, 26, 752, -1, 26, 312, 26824 }, // U+E110
    { 50, 26, 785, -1, 26, 325, 27136 }, // U+E111
    { 44, 29, 688, -1, 26, 319, 27461 }, // U+E112
    { 52, 34, 816, -1, 26, 442, 27780 }, // U+E113
    { 46, 34, 720, -1, 26, 391, 28222 }, // U+E114
    { 48, 28, 752, -1, 26, 336, 28613 }, // U+E115
    { 51, 26, 832, 1, 26, 332, 28949 }, // U+E116
    { 46, 30, 752, 1, 29, 345, 29281 }, // U+E117
    { 44, 30, 720, 1, 29, 330, 29626 }, // U+E118
    { 43, 26, 704, 1, 26, 280, 29956 }, // U+E119
    { 44, 26, 757, 1, 26, 286, 30236 }, // U+E11A
    { 41, 25, 672, 1, 26, 257, 30522 }, // U+E11B
    { 46, 29, 752, 1, 26, 334, 30779 }, // U+E11C
    { 55, 27, 896, 1, 26, 372, 31113 }, // U+E11D
    { 50, 29, 816, 1, 29, 363, 31485 }, // U+E11E
    { 57, 26, 955, 1, 26, 371, 31848 }, // U+E11F
    { 36, 37, 576, 1, 38, 333, 32219 }, // U+E120
    { 30, 39, 488, 1, 39, 293, 32552 }, // U+E121
    { 28, 25, 492, 1, 26, 175, 32845 }, // U+E122
    { 36, 25, 576, 1, 26, 225, 33020 }, // U+E123
    { 25, 32, 402, 1, 29, 200, 33245 }, // U+E124
    { 46, 24, 752, 1, 26, 276, 33445 }, // U+E125
    { 44, 30, 720, 1, 29, 330, 33721 }, // U+E126
    { 42, 27, 688, 1, 26, 284, 34051 }, // U+E127
    { 42, 27, 688, 1, 26, 284, 34335 }, // U+E128
    { 25, 30, 402, 1, 29, 188, 34619 }, // U+E129
    { 47, 30, 768, 1, 29, 353, 34807 }, // U+E12A
    { 52, 27, 848, 1, 26, 351, 35160 }, // U+E12B
    { 26, 32, 413, 1, 29, 208, 35511 }, // U+E12C
    { 47, 24, 768, 1, 26, 282, 35719 }, // U+E12D
    { 36, 31, 578, 1, 29, 279, 36001 }, // U+E12E
    { 36, 32, 592, 1, 29, 288, 36280 }, // U+E12F
    { 26, 32, 424, 1, 29, 208, 36568 }, // U+E130
    { 47, 26, 768, 1, 26, 306, 36776 }, // U+E131
    { 45, 30, 736, 1, 29, 338, 37082 }, // U+E132
    { 43, 26, 704, 1, 26, 280, 37420 }, // U+E133
    { 45, 26, 736, 1, 26, 293, 37700 }, // U+E134
    { 39, 29, 640, 1, 26, 283, 37993 }, // U+E135
    { 47, 34, 768, 1, 26, 400, 38276 }, // U+E136
    { 41, 34, 672, 1, 26, 349, 38676 }, // U+E137
    { 43, 28, 704, 1, 26, 301, 39025 }, // U+E138
    { 32, 26, 482, -1, 26, 208, 39326 }, // U+E139
    { 32, 30, 514, 1, 29, 240, 39534 }, // U+E13A
    { 29, 31, 440, -1, 26, 225, 39774 }, // U+E13B
    { 29, 30, 440, -1, 26, 218, 39999 }, // U+E13C
    { 39, 29, 601, -1, 26, 283, 40217 }, // U+E13D
    { 42, 29, 656, -1, 26, 305, 40500 }, // U+E13E
    { 32, 26, 477, -1, 26, 208, 40805 }, // U+E13F
    { 30, 31, 449, -1, 26, 233, 41013 }, // U+E140
    { 27, 34, 430, 1, 29, 230, 41246 }, // U+E141
    { 37, 32, 608, 1, 29, 296, 41476 }, // U+E142
    { 28, 34, 451, 1, 29, 238, 41772 }, // U+E143
    { 58, 26, 912, -1, 26, 377, 42010 }, // U+E144
    { 53, 30, 832, -1, 29, 398, 42387 }, // U+E145
    { 48, 30, 737, -1, 29, 360, 42785 }, // U+E146
    { 47, 27, 721, -1, 26, 318, 43145 }, // U+E147
    { 51, 26, 835, -1, 26, 332, 43463 }, // U+E148
    { 48, 25, 752, -1, 26, 300, 43795 }, // U+E149
    { 53, 29, 832, -1, 26, 385, 44095 }, // U+E14A
    { 62, 27, 976, -1, 26, 419, 44480 }, // U+E14B
    { 57, 29, 896, -1, 29, 414, 44899 }, // U+E14C
    { 64, 26, 1032, -1, 26, 416, 45313 }, // U+E14D
    { 48, 37, 752, -1, 38, 444, 45729 }, // U+E14E
    { 49, 39, 768, -1, 39, 478, 46173 }, // U+E14F
    { 54, 25, 848, -1, 26, 338, 46651 }, // U+E150
    { 48, 25, 752, -1, 26, 300, 46989 }, // U+E151
    { 50, 30, 784, -1, 29, 375, 47289 }, // U+E152
    { 53, 24, 832, -1, 26, 318, 47664 }, // U+E153
    { 51, 30, 800, -1, 29, 383, 47982 }, // U+E154
    { 37, 27, 555, -1, 26, 250, 48365 }, // U+E155
    { 34, 31, 519, -1, 26, 264, 48615 }, // U+E156
    { 28, 31, 411, -1, 26, 217, 48879 }, // U+E157
    { 54, 30, 848, -1, 29, 405, 49096 }, // U+E158
    { 59, 27, 928, -1, 26, 399, 49501 }, // U+E159
    { 28, 31, 411, -1, 26, 217, 49900 }, // U+E15A
    { 32, 30, 484, -1, 26, 240, 50117 }, // U+E15B
    { 37, 28, 559, -1, 26, 259, 50357 }, // U+E15C
    { 38, 29, 592, -1, 26, 276, 50616 }, // U+E15D
    { 32, 29, 480, -1, 26, 232, 50892 }, // U+E15E
    { 54, 26, 848, -1, 26, 351, 51124 }, // U+E15F
    { 52, 30, 816, -1, 29, 390, 51475 }, // U+E160
    { 50, 26, 784, -1, 26, 325, 51865 }, // U+E161
    { 52, 26, 816, -1, 26, 338, 52190 }, // U+E162
    { 46, 29, 720, -1, 26, 334, 52528 }, // U+E163
    { 54, 34, 848, -1, 26, 459, 52862 }, // U+E164
    { 48, 34, 752, -1, 26, 408, 53321 }, // U+E165
    { 50, 28, 784, -1, 26, 350, 53729 }, // U+E166
    { 24, 30, 381, 1, 26, 180, 54079 }, // U+E167
    { 41, 27, 651, 1, 26, 277, 54259 }, // U+E168
    { 34, 31, 545, 1, 26, 264, 54536 }, // U+E169
    { 35, 29, 576, 1, 26, 254, 54800 }, // U+E16A
    { 28, 31, 442, 1, 26, 217, 55054 }, // U+E16B
    { 51, 26, 800, -1, 26, 332, 55271 }, // U+E16C
    { 46, 30, 720, -1, 29, 345, 55603 }, // U+E16D
    { 44, 30, 688, -1, 29, 330, 55948 }, // U+E16E
    { 43, 26, 672, -1, 26, 280, 56278 }, // U+E16F
    { 44, 26, 728, -1, 26, 286, 56558 }, // U+E170
    { 41, 25, 640, -1, 26, 257, 56844 }, // U+E171
    { 46, 29, 720, -1, 26, 334, 57101 }, // U+E172
    { 55, 27, 864, -1, 26, 372, 57435 }, // U+E173
    { 50, 29, 784, -1, 29, 363, 57807 }, // U+E174
    { 57, 26, 926, -1, 26, 371, 58170 }, // U+E175
    { 37, 37, 565, -1, 38, 343, 58541 }, // U+E176
    { 33, 39, 493, -1, 39, 322, 58884 }, // U+E177
    { 36, 25, 541, -1, 26, 225, 59206 }, // U+E178
    { 41, 25, 640, -1, 26, 257, 59431 }, // U+E179
    { 43, 30, 672, -1, 29, 323, 59688 }, // U+E17A
    { 32, 28, 481, -1, 26, 224, 60011 }, // U+E17B
    { 28, 31, 410, -1, 26, 217, 60235 }, // U+E17C
    { 39, 27, 597, -1, 26, 264, 60452 }, // U+E17D
    { 34, 26, 516, -1, 26, 221, 60716 }, // U+E17E
    { 27, 28, 403, -1, 26, 189, 60937 }, // U+E17F
    { 47, 30, 736, -1, 29, 353, 61126 }, // U+E180
    { 52, 27, 816, -1, 26, 351, 61479 }, // U+E181
    { 27, 26, 408, -1, 26, 176, 61830 }, // U+E182
    { 47, 24, 736, -1, 26, 282, 62006 }, // U+E183
    { 36, 28, 538, -1, 26, 252, 62288 }, // U+E184
    { 38, 29, 592, -1, 26, 276, 62540 }, // U+E185
    { 30, 28, 442, -1, 26, 210, 62816 }, // U+E186
    { 47, 26, 736, -1, 26, 306, 63026 }, // U+E187
    { 45, 30, 704, -1, 29, 338, 63332 }, // U+E188
    { 43, 26, 672, -1, 26, 280, 63670 }, // U+E189
    { 39, 26, 591, -1, 26, 254, 63950 }, // U+E18A
    { 39, 29, 608, -1, 26, 283, 64204 }, // U+E18B
    { 47, 34, 736, -1, 26, 400, 64487 }, // U+E18C
    { 41, 34, 640, -1, 26, 349, 64887 }, // U+E18D
    { 43, 28, 672, -1, 26, 301, 65236 }, // U+E18E
    { 58, 26, 928, 0, 26, 377, 65537 }, // U+E18F
    { 53, 30, 848, 0, 29, 398, 0 }, // U+E190
    { 51, 30, 816, 0, 29, 383, 398 }, // U+E191
    { 50, 26, 800, 0, 26, 325, 781 }, // U+E192
    { 51, 26, 852, 0, 26, 332, 1106 }, // U+E193
    { 48, 25, 768, 0, 26, 300, 1438 }, // U+E194
    { 53, 29, 848, 0, 26, 385, 1738 }, // U+E195
    { 62, 27, 992, 0, 26, 419, 2123 }, // U+E196
    { 57, 29, 912, 0, 29, 414, 2542 }, // U+E197
    { 64, 26, 1049, 0, 26, 416, 2956 }, // U+E198
    { 43, 37, 670, 0, 38, 398, 3372 }, // U+E199
    { 49, 39, 784, 0, 39, 478, 3770 }, // U+E19A
    { 54, 25, 864, 0, 26, 338, 4248 }, // U+E19B
    { 48, 25, 768, 0, 26, 300, 4586 }, // U+E19C
    { 50, 30, 800, 0, 29, 375, 4886 }, // U+E19D
    { 31, 32, 484, 0, 29, 248, 5261 }, // U+E19E
    { 51, 30, 816, 0, 29, 383, 5509 }, // U+E19F
    { 49, 27, 784, 0, 26, 331, 5892 }, // U+E1A0
    { 49, 27, 784, 0, 26, 331, 6223 }, // U+E1A1
    { 31, 30, 477, 0, 29, 233, 6554 }, // U+E1A2
    { 31, 32, 487, 0, 29, 248, 6787 }, // U+E1A3
    { 59, 27, 944, 0, 26, 399, 7035 }, // U+E1A4
    { 31, 36, 477, 0, 29, 279, 7434 }, // U+E1A5
    { 54, 24, 864, 0, 26, 324, 7713 }, // U+E1A6
    { 41, 31, 642, 0, 29, 318, 8037 }, // U+E1A7
    { 41, 32, 656, 0, 29, 328, 8355 }, // U+E1A8
    { 31, 32, 503, 1, 29, 248, 8683 }, // U+E1A9
    { 31, 31, 477, 0, 29, 241, 8931 }, // U+E1AA
    { 52, 30, 832, 0, 29, 390, 9172 }, // U+E1AB
    { 50, 26, 800, 0, 26, 325, 9562 }, // U+E1AC
    { 47, 26, 714, -1, 26, 306, 9887 }, // U+E1AD
    { 46, 29, 736, 0, 26, 334, 10193 }, // U+E1AE
    { 54, 34, 864, 0, 26, 459, 10527 }, // U+E1AF
    { 48, 34, 768, 0, 26, 408, 10986 }, // U+E1B0
    { 50, 28, 800, 0, 26, 350, 11394 }, // U+E1B1
    { 37, 42, 561, -1, 38, 389, 11744 }, // U+E1B2
    { 37, 38, 559, -1, 26, 352, 12133 }, // U+E1B3
    { 47, 29, 736, -1, 26, 341, 12485 }, // U+E1B4
    { 39, 31, 599, -1, 26, 303, 12826 }, // U+E1B5
    { 36, 30, 549, -1, 26, 270, 13129 }, // U+E1B6
    { 57, 26, 896, -1, 26, 371, 13399 }, // U+E1B7
    { 52, 30, 816, -1, 29, 390, 13770 }, // U+E1B8
    { 50, 30, 784, -1, 29, 375, 14160 }, // U+E1B9
    { 49, 26, 768, -1, 26, 319, 14535 }, // U+E1BA
    { 50, 26, 822, -1, 26, 325, 14854 }, // U+E1BB
    { 47, 25, 736, -1, 26, 294, 15179 }, // U+E1BC
    { 52, 29, 816, -1, 26, 377, 15473 }, // U+E1BD
    { 43, 27, 654, -1, 26, 291, 15850 }, // U+E1BE
    { 56, 29, 880, -1, 29, 406, 16141 }, // U+E1BF
    { 63, 26, 1020, -1, 26, 410, 16547 }, // U+E1C0
    { 47, 37, 736, -1, 38, 435, 16957 }, // U+E1C1
    { 48, 39, 752, -1, 39, 468, 17392 }, // U+E1C2
    { 53, 25, 832, -1, 26, 332, 17860 }, // U+E1C3
    { 47, 25, 736, -1, 26, 294, 18192 }, // U+E1C4
    { 49, 30, 768, -1, 29, 368, 18486 }, // U+E1C5
    { 52, 24, 816, -1, 26, 312, 18854 }, // U+E1C6
    { 50, 30, 784, -1, 29, 375, 19166 }, // U+E1C7
    { 38, 27, 583, -1, 26, 257, 19541 }, // U+E1C8
    { 32, 28, 477, -1, 26, 224, 19798 }, // U+E1C9
    { 48, 26, 752, -1, 26, 312, 20022 }, // U+E1CA
    { 53, 30, 832, -1, 29, 398, 20334 }, // U+E1CB
    { 58, 27, 912, -1, 26, 392, 20732 }, // U+E1CC
    { 43, 26, 651, -1, 26, 280, 21124 }, // U+E1CD
    { 31, 31, 467, -1, 26, 241, 21404 }, // U+E1CE
    { 49, 26, 768, -1, 26, 319, 21645 }, // U+E1CF
    { 37, 29, 576, -1, 26, 269, 21964 }, // U+E1D0
    { 30, 31, 442, -1, 26, 233, 22233 }, // U+E1D1
    { 27, 30, 402, -1, 26, 203, 22466 }, // U+E1D2
    { 51, 30, 800, -1, 29, 383, 22669 }, // U+E1D3
    { 49, 26, 768, -1, 26, 319, 23052 }, // U+E1D4
    { 51, 26, 800, -1, 26, 332, 23371 }, // U+E1D5
    { 45, 29, 704, -1, 26, 327, 23703 }, // U+E1D6
    { 53, 34, 832, -1, 26, 451, 24030 }, // U+E1D7
    { 47, 34, 736, -1, 26, 400, 24481 }, // U+E1D8
    { 49, 28, 768, -1, 26, 343, 24881 }, // U+E1D9
    { 32, 36, 481, -1, 26, 288, 25224 }, // U+E1DA
    { 43, 29, 672, -1, 26, 312, 25512 }, // U+E1DB
    { 31, 26, 471, -1, 26, 202, 25824 }, // U+E1DC
    { 30, 32, 453, -1, 26, 240, 26026 }, // U+E1DD
    { 59, 26, 928, -1, 26, 384, 26266 }, // U+E1DE
    { 54, 30, 848, -1, 29, 405, 26650 }, // U+E1DF
    { 52, 30, 818, -1, 29, 390, 27055 }, // U+E1E0
    { 51, 26, 801, -1, 26, 332, 27445 }, // U+E1E1
    { 52, 26, 862, -1, 26, 338, 27777 }, // U+E1E2
    { 49, 25, 768, -1, 26, 307, 28115 }, // U+E1E3
    { 54, 29, 848, -1, 26, 392, 28422 }, // U+E1E4
    { 63, 27, 992, -1, 26, 426, 28814 }, // U+E1E5
    { 58, 29, 912, -1, 29, 421, 29240 }, // U+E1E6
    { 65, 26, 1060, -1, 26, 423, 29661 }, // U+E1E7
    { 49, 37, 768, -1, 38, 454, 30084 }, // U+E1E8
    { 50, 39, 784, -1, 39, 488, 30538 }, // U+E1E9
    { 55, 25, 864, -1, 26, 344, 31026 }, // U+E1EA
    { 49, 25, 768, -1, 26, 307, 31370 }, // U+E1EB
    { 51, 30, 800, -1, 29, 383, 31677 }, // U+E1EC
    { 32, 28, 479, -1, 26, 224, 32060 }, // U+E1ED
    { 52, 30, 816, -1, 29, 390, 32284 }, // U+E1EE
    { 43, 27, 659, -1, 26, 291, 32674 }, // U+E1EF
    { 50, 27, 784, -1, 26, 338, 32965 }, // U+E1F0
    { 27, 26, 406, -1, 26, 176, 33303 }, // U+E1F1
    { 50, 30, 765, -1, 29, 375, 33479 }, // U+E1F2
    { 47, 29, 727, -1, 26, 341, 33854 }, // U+E1F3
    { 27, 26, 409, -1, 26, 176, 34195 }, // U+E1F4
    { 32, 28, 483, -1, 26, 224, 34371 }, // U+E1F5
    { 38, 26, 579, -1, 26, 247, 34595 }, // U+E1F6
    { 38, 29, 592, -1, 26, 276, 34842 }, // U+E1F7
    { 29, 28, 439, -1, 26, 203, 35118 }, // U+E1F8
    { 28, 27, 420, -1, 26, 189, 35321 }, // U+E1F9
    { 53, 30, 832, -1, 29, 398, 35510 }, // U+E1FA
    { 51, 26, 802, -1, 26, 332, 35908 }, // U+E1FB
    { 47, 26, 725, -1, 26, 306, 36240 }, // U+E1FC
    { 47, 29, 736, -1, 26, 341, 36546 }, // U+E1FD
    { 55, 34, 864, -1, 26, 468, 36887 }, // U+E1FE
    { 49, 34, 768, -1, 26, 417, 37355 }, // U+E1FF
    { 51, 28, 800, -1, 26, 357, 37772 }, // U+E200
    { 28, 38, 417, -1, 26, 266, 38129 }, // U+E201
    { 39, 29, 608, -1, 26, 283, 38395 }, // U+E202
    { 31, 31, 458, -1, 26, 241, 38678 }, // U+E203
    { 43, 39, 672, -1, 39, 420, 38919 }, // U+E204
    { 36, 39, 560, -1, 39, 351, 39339 }, // U+E205
    { 29, 40, 496, 2, 39, 290, 39690 }, // U+E206
    { 29, 40, 464, 0, 39, 290, 39980 }, // U+E207
    { 32, 39, 496, -1, 39, 312, 40270 }, // U+E208
    { 27, 39, 482, 1, 39, 264, 40582 }, // U+E209
    { 26, 38, 400, -1, 39, 247, 40846 }, // U+E20A
    { 31, 42, 480, -1, 39, 326, 41093 }, // U+E20B
    { 40, 40, 624, -1, 39, 400, 41419 }, // U+E20C
    { 36, 39, 560, -1, 39, 351, 41819 }, // U+E20D
    { 40, 39, 680, 1, 39, 390, 42170 }, // U+E20E
    { 29, 38, 448, -1, 39, 276, 42560 }, // U+E20F
    { 30, 39, 464, -1, 39, 293, 42836 }, // U+E210
    { 32, 38, 496, -1, 39, 304, 43129 }, // U+E211
    { 26, 38, 400, -1, 39, 247, 43433 }, // U+E212
    { 26, 40, 432, 1, 39, 260, 43680 }, // U+E213
    { 31, 37, 480, -1, 39, 287, 43940 }, // U+E214
    { 27, 40, 448, 1, 39, 270, 44227 }, // U+E215
    { 27, 40, 416, -1, 39, 270, 44497 }, // U+E216
    { 28, 40, 464, 1, 39, 280, 44767 }, // U+E217
    { 31, 39, 480, -1, 39, 303, 45047 }, // U+E218
    { 31, 40, 496, 0, 39, 310, 45350 }, // U+E219
    { 37, 40, 576, -1, 39, 370, 45660 }, // U+E21A
    { 30, 39, 464, -1, 39, 293, 46030 }, // U+E21B
    { 32, 37, 496, -1, 39, 296, 46323 }, // U+E21C
    { 31, 39, 480, -1, 39, 303, 46619 }, // U+E21D
    { 32, 39, 496, -1, 39, 312, 46922 }, // U+E21E
    { 30, 41, 464, -1, 39, 308, 47234 }, // U+E21F
    { 36, 39, 560, -1, 39, 351, 47542 }, // U+E220
    { 31, 40, 480, -1, 39, 310, 47893 }, // U+E221
    { 32, 39, 496, -1, 39, 312, 48203 }, // U+E222
    { 34, 39, 528, -1, 39, 332, 48515 }, // U+E223
    { 24, 42, 368, -1, 39, 252, 48847 }, // U+E224
    { 32, 47, 496, -1, 39, 376, 49099 }, // U+E225
    { 26, 47, 400, -1, 39, 306, 49475 }, // U+E226
    { 32, 41, 496, -1, 39, 328, 49781 }, // U+E227
    { 39, 28, 594, -1, 26, 273, 50109 }, // U+E228
    { 53, 30, 832, -1, 29, 398, 50382 }, // U+E229
    { 33, 30, 499, -1, 26, 248, 50780 }, // U+E22A
    { 50, 26, 784, -1, 26, 325, 51028 }, // U+E22B
    { 51, 26, 840, -1, 26, 332, 51353 }, // U+E22C
    { 48, 25, 752, -1, 26, 300, 51685 }, // U+E22D
    { 53, 29, 832, -1, 26, 385, 51985 }, // U+E22E
    { 62, 27, 976, -1, 26, 419, 52370 }, // U+E22F
    { 57, 29, 896, -1, 29, 414, 52789 }, // U+E230
    { 64, 26, 1038, -1, 26, 416, 53203 }, // U+E231
    { 44, 37, 669, -1, 38, 407, 53619 }, // U+E232
    { 49, 39, 768, -1, 39, 478, 54026 }, // U+E233
    { 41, 26, 622, -1, 26, 267, 54504 }, // U+E234
    { 48, 25, 752, -1, 26, 300, 54771 }, // U+E235
    { 50, 30, 784, -1, 29, 375, 55071 }, // U+E236
    { 31, 29, 469, -1, 26, 225, 55446 }, // U+E237
    { 51, 30, 800, -1, 29, 383, 55671 }, // U+E238
    { 44, 27, 681, -1, 26, 297, 56054 }, // U+E239
    { 39, 28, 591, -1, 26, 273, 56351 }, // U+E23A
    { 49, 26, 768, -1, 26, 319, 56624 }, // U+E23B
    { 33, 30, 499, -1, 26, 248, 56943 }, // U+E23C
    { 49, 27, 754, -1, 26, 331, 57191 }, // U+E23D
    { 32, 28, 483, -1, 26, 224, 57522 }, // U+E23E
    { 54, 24, 848, -1, 26, 324, 57746 }, // U+E23F
    { 41, 28, 633, -1, 26, 287, 58070 }, // U+E240
    { 43, 29, 672, -1, 26, 312, 58357 }, // U+E241
    { 32, 31, 483, -1, 26, 248, 58669 }, // U+E242
    { 32, 29, 487, -1, 26, 232, 58917 }, // U+E243
    { 52, 30, 816, -1, 29, 390, 59149 }, // U+E244
    { 50, 26, 784, -1, 26, 325, 59539 }, // U+E245
    { 52, 26, 816, -1, 26, 338, 59864 }, // U+E246
    { 46, 29, 720, -1, 26, 334, 60202 }, // U+E247
    { 54, 34, 848, -1, 26, 459, 60536 }, // U+E248
    { 48, 34, 752, -1, 26, 408, 60995 }, // U+E249
    { 50, 28, 784, -1, 26, 350, 61403 }, // U+E24A
    { 58, 26, 912, -1, 26, 377, 61753 }, // U+E24B
    { 53, 30, 832, -1, 29, 398, 62130 }, // U+E24C
    { 51, 30, 800, -1, 29, 383, 62528 }, // U+E24D
    { 50, 26, 784, -1, 26, 325, 62911 }, // U+E24E
    { 51, 26, 834, -1, 26, 332, 63236 }, // U+E24F
    { 43, 25, 653, -1, 26, 269, 63568 }, // U+E250
    { 48, 29, 733, -1, 26, 348, 63837 }, // U+E251
    { 62, 27, 976, -1, 26, 419, 64185 }, // U+E252
    { 57, 29, 896, -1, 29, 414, 64604 }, // U+E253
    { 64, 26, 1032, -1, 26, 416, 65018 }, // U+E254
    { 48, 37, 752, -1, 38, 444, 65434 }, // U+E255
    { 49, 39, 768, -1, 39, 478, 65878 }, // U+E256
    { 54, 25, 848, -1, 26, 338, 66356 }, // U+E257
    { 48, 25, 752, -1, 26, 300, 0 }, // U+E258
    { 50, 30, 784, -1, 29, 375, 300 }, // U+E259
    { 30, 32, 452, -1, 29, 240, 675 }, // U+E25A
    { 51, 30, 800, -1, 29, 383, 915 }, // U+E25B
    { 49, 27, 768, -1, 26, 331, 1298 }, // U+E25C
    { 49, 27, 768, -1, 26, 331, 1629 }, // U+E25D
    { 30, 30, 451, -1, 29, 225, 1960 }, // U+E25E
    { 54, 30, 848, -1, 29, 405, 2185 }, // U+E25F
    { 59, 27, 928, -1, 26, 399, 2590 }, // U+E260
    { 30, 32, 455, -1, 29, 240, 2989 }, // U+E261
    { 54, 24, 848, -1, 26, 324, 3229 }, // U+E262
    { 40, 31, 616, -1, 29, 310, 3553 }, // U+E263
    { 41, 32, 640, -1, 29, 328, 3863 }, // U+E264
    { 31, 32, 461, -1, 29, 248, 4191 }, // U+E265
    { 30, 30, 451, -1, 29, 225, 4439 }, // U+E266
    { 52, 30, 816, -1, 29, 390, 4664 }, // U+E267
    { 50, 26, 784, -1, 26, 325, 5054 }, // U+E268
    { 52, 26, 816, -1, 26, 338, 5379 }, // U+E269
    { 46, 29, 720, -1, 26, 334, 5717 }, // U+E26A
    { 54, 34, 848, -1, 26, 459, 6051 }, // U+E26B
    { 48, 34, 752, -1, 26, 408, 6510 }, // U+E26C
    { 50, 28, 784, -1, 26, 350, 6918 }, // U+E26D
    { 31, 28, 471, -1, 26, 217, 7268 }, // U+E26E
    { 52, 30, 816, -1, 29, 390, 7485 }, // U+E26F
    { 50, 30, 784, -1, 29, 375, 7875 }, // U+E270
    { 49, 26, 768, -1, 26, 319, 8250 }, // U+E271
    { 50, 26, 819, -1, 26, 325, 8569 }, // U+E272
    { 47, 25, 736, -1, 26, 294, 8894 }, // U+E273
    { 52, 29, 816, -1, 26, 377, 9188 }, // U+E274
    { 61, 27, 960, -1, 26, 412, 9565 }, // U+E275
    { 56, 29, 880, -1, 29, 406, 9977 }, // U+E276
    { 63, 26, 1016, -1, 26, 410, 10383 }, // U+E277
    { 25, 38, 377, -1, 38, 238, 10793 }, // U+E278
    { 31, 39, 469, -1, 39, 303, 11031 }, // U+E279
    { 53, 25, 832, -1, 26, 332, 11334 }, // U+E27A
    { 47, 25, 736, -1, 26, 294, 11666 }, // U+E27B
    { 36, 26, 594, -1, 26, 234, 11960 }, // U+E27C
    { 52, 24, 816, -1, 26, 312, 12194 }, // U+E27D
    { 50, 30, 784, -1, 29, 375, 12506 }, // U+E27E
    { 48, 27, 752, -1, 26, 324, 12881 }, // U+E27F
    { 48, 27, 752, -1, 26, 324, 13205 }, // U+E280
    { 48, 26, 752, -1, 26, 312, 13529 }, // U+E281
    { 47, 30, 717, -1, 29, 353, 13841 }, // U+E282
    { 44, 29, 677, -1, 26, 319, 14194 }, // U+E283
    { 28, 38, 422, -1, 26, 266, 14513 }, // U+E284
    { 53, 24, 832, -1, 26, 318, 14779 }, // U+E285
    { 35, 26, 534, -1, 26, 228, 15097 }, // U+E286
    { 39, 29, 608, -1, 26, 283, 15325 }, // U+E287
    { 31, 31, 463, -1, 26, 241, 15608 }, // U+E288
    { 53, 26, 832, -1, 26, 345, 15849 }, // U+E289
    { 51, 30, 800, -1, 29, 383, 16194 }, // U+E28A
    { 49, 26, 768, -1, 26, 319, 16577 }, // U+E28B
    { 51, 26, 800, -1, 26, 332, 16896 }, // U+E28C
    { 45, 29, 704, -1, 26, 327, 17228 }, // U+E28D
    { 53, 34, 832, -1, 26, 451, 17555 }, // U+E28E
    { 47, 34, 736, -1, 26, 400, 18006 }, // U+E28F
    { 49, 28, 768, -1, 26, 343, 18406 }, // U+E290
    { 36, 28, 542, -1, 26, 252, 18749 }, // U+E291
    { 43, 33, 665, -1, 26, 355, 19001 }, // U+E292
    { 57, 30, 896, -1, 29, 428, 19356 }, // U+E293
    { 56, 26, 880, -1, 26, 364, 19784 }, // U+E294
    { 57, 26, 936, -1, 26, 371, 20148 }, // U+E295
    { 54, 25, 848, -1, 26, 338, 20519 }, // U+E296
    { 59, 29, 928, -1, 26, 428, 20857 }, // U+E297
    { 68, 27, 1072, -1, 26, 459, 21285 }, // U+E298
    { 63, 29, 992, -1, 29, 457, 21744 }, // U+E299
    { 70, 26, 1134, -1, 26, 455, 22201 }, // U+E29A
    { 43, 37, 655, -1, 38, 398, 22656 }, // U+E29B
    { 55, 39, 864, -1, 39, 537, 23054 }, // U+E29C
    { 60, 25, 944, -1, 26, 375, 23591 }, // U+E29D
    { 54, 25, 848, -1, 26, 338, 23966 }, // U+E29E
    { 56, 30, 880, -1, 29, 420, 24304 }, // U+E29F
    { 32, 28, 485, -1, 26, 224, 24724 }, // U+E2A0
    { 32, 31, 481, -1, 26, 248, 24948 }, // U+E2A1
    { 55, 27, 864, -1, 26, 372, 25196 }, // U+E2A2
    { 55, 27, 864, -1, 26, 372, 25568 }, // U+E2A3
    { 32, 26, 479, -1, 26, 208, 25940 }, // U+E2A4
    { 54, 30, 839, -1, 29, 405, 26148 }, // U+E2A5
    { 52, 29, 801, -1, 26, 377, 26553 }, // U+E2A6
    { 32, 26, 480, -1, 26, 208, 26930 }, // U+E2A7
    { 60, 24, 944, -1, 26, 360, 27138 }, // U+E2A8
    { 43, 26, 653, -1, 26, 280, 27498 }, // U+E2A9
    { 41, 29, 640, -1, 26, 298, 27778 }, // U+E2AA
    { 32, 28, 478, -1, 26, 224, 28076 }, // U+E2AB
    { 30, 29, 455, -1, 26, 218, 28300 }, // U+E2AC
    { 58, 30, 912, -1, 29, 435, 28518 }, // U+E2AD
    { 56, 26, 880, -1, 26, 364, 28953 }, // U+E2AE
    { 58, 26, 912, -1, 26, 377, 29317 }, // U+E2AF
    { 52, 29, 816, -1, 26, 377, 29694 }, // U+E2B0
    { 60, 34, 944, -1, 26, 510, 30071 }, // U+E2B1
    { 54, 34, 848, -1, 26, 459, 30581 }, // U+E2B2
    { 56, 28, 880, -1, 26, 392, 31040 }, // U+E2B3
    { 26, 35, 393, -1, 26, 228, 31432 }, // U+E2B4
    { 33, 29, 501, -1, 26, 240, 31660 }, // U+E2B5
    { 41, 29, 621, -1, 26, 298, 31900 }, // U+E2B6
    { 41, 26, 622, -1, 26, 267, 32198 }, // U+E2B7
    { 35, 29, 544, -1, 26, 254, 32465 }, // U+E2B8
    { 28, 33, 425, -1, 26, 231, 32719 }, // U+E2B9
    { 28, 35, 415, -1, 26, 245, 32950 }, // U+E2BA
    { 68, 38, 1072, -1, 26, 646, 33195 }, // U+E2BB
    { 61, 29, 960, -1, 26, 443, 33841 }, // U+E2BC
    { 56, 32, 880, -1, 29, 448, 34284 }, // U+E2BD
    { 51, 32, 785, -1, 29, 408, 34732 }, // U+E2BE
    { 53, 29, 832, -1, 26, 385, 35140 }, // U+E2BF
    { 54, 29, 892, -1, 26, 392, 35525 }, // U+E2C0
    { 51, 29, 800, -1, 26, 370, 35917 }, // U+E2C1
    { 56, 29, 880, -1, 26, 406, 36287 }, // U+E2C2
    { 65, 29, 1024, -1, 26, 472, 36693 }, // U+E2C3
    { 60, 32, 944, -1, 29, 480, 37165 }, // U+E2C4
    { 67, 29, 1090, -1, 26, 486, 37645 }, // U+E2C5
    { 51, 41, 800, -1, 38, 523, 38131 }, // U+E2C6
    { 52, 42, 816, -1, 39, 546, 38654 }, // U+E2C7
    { 57, 29, 896, -1, 26, 414, 39200 }, // U+E2C8
    { 51, 29, 800, -1, 26, 370, 39614 }, // U+E2C9
    { 53, 32, 832, -1, 29, 424, 39984 }, // U+E2CA
    { 56, 29, 882, -1, 26, 406, 40408 }, // U+E2CB
    { 54, 32, 848, -1, 29, 432, 40814 }, // U+E2CC
    { 52, 29, 816, -1, 26, 377, 41246 }, // U+E2CD
    { 52, 29, 816, -1, 26, 377, 41623 }, // U+E2CE
    { 52, 29, 816, -1, 26, 377, 42000 }, // U+E2CF
    { 52, 42, 875, -1, 30, 546, 42377 }, // U+E2D0
    { 57, 32, 896, -1, 29, 456, 42923 }, // U+E2D1
    { 62, 29, 976, -1, 26, 450, 43379 }, // U+E2D2
    { 32, 36, 475, -1, 26, 288, 43829 }, // U+E2D3
    { 57, 29, 896, -1, 26, 414, 44117 }, // U+E2D4
    { 53, 29, 832, -1, 26, 385, 44531 }, // U+E2D5
    { 42, 34, 656, -1, 26, 357, 44916 }, // U+E2D6
    { 32, 38, 475, -1, 26, 304, 45273 }, // U+E2D7
    { 57, 29, 898, -1, 26, 414, 45577 }, // U+E2D8
    { 55, 32, 864, -1, 29, 440, 45991 }, // U+E2D9
    { 53, 29, 832, -1, 26, 385, 46431 }, // U+E2DA
    { 55, 29, 865, -1, 26, 399, 46816 }, // U+E2DB
    { 49, 29, 768, -1, 26, 356, 47215 }, // U+E2DC
    { 57, 34, 896, -1, 26, 485, 47571 }, // U+E2DD
    { 51, 34, 800, -1, 26, 434, 48056 }, // U+E2DE
    { 53, 29, 832, -1, 26, 385, 48490 }, // U+E2DF
    { 62, 38, 976, -1, 26, 589, 48875 }, // U+E2E0
    { 56, 30, 880, -1, 26, 420, 49464 }, // U+E2E1
    { 51, 33, 800, -1, 29, 421, 49884 }, // U+E2E2
    { 49, 33, 768, -1, 29, 405, 50305 }, // U+E2E3
    { 48, 30, 752, -1, 26, 360, 50710 }, // U+E2E4
    { 49, 30, 812, -1, 26, 368, 51070 }, // U+E2E5
    { 46, 30, 720, -1, 26, 345, 51438 }, // U+E2E6
    { 51, 30, 800, -1, 26, 383, 51783 }, // U+E2E7
    { 60, 30, 944, -1, 26, 450, 52166 }, // U+E2E8
    { 55, 33, 864, -1, 29, 454, 52616 }, // U+E2E9
    { 62, 30, 1010, -1, 26, 465, 53070 }, // U+E2EA
    { 46, 42, 720, -1, 38, 483, 53535 }, // U+E2EB
    { 47, 43, 736, -1, 39, 506, 54018 }, // U+E2EC
    { 52, 30, 816, -1, 26, 390, 54524 }, // U+E2ED
    { 46, 30, 720, -1, 26, 345, 54914 }, // U+E2EE
    { 48, 33, 752, -1, 29, 396, 55259 }, // U+E2EF
    { 51, 30, 802, -1, 26, 383, 55655 }, // U+E2F0
    { 49, 33, 768, -1, 29, 405, 56038 }, // U+E2F1
    { 47, 30, 736, -1, 26, 353, 56443 }, // U+E2F2
    { 47, 30, 736, -1, 26, 353, 56796 }, // U+E2F3
    { 47, 30, 736, -1, 26, 353, 57149 }, // U+E2F4
    { 46, 42, 778, -1, 30, 483, 57502 }, // U+E2F5
    { 52, 33, 816, -1, 29, 429, 57985 }, // U+E2F6
    { 57, 30, 896, -1, 26, 428, 58414 }, // U+E2F7
    { 26, 38, 391, -1, 26, 247, 58842 }, // U+E2F8
    { 52, 30, 816, -1, 26, 390, 59089 }, // U+E2F9
    { 48, 30, 752, -1, 26, 360, 59479 }, // U+E2FA
    { 36, 34, 560, -1, 26, 306, 59839 }, // U+E2FB
    { 30, 38, 447, -1, 26, 285, 60145 }, // U+E2FC
    { 52, 30, 818, -1, 26, 390, 60430 }, // U+E2FD
    { 50, 33, 784, -1, 29, 413, 60820 }, // U+E2FE
    { 48, 30, 752, -1, 26, 360, 61233 }, // U+E2FF
    { 50, 30, 785, -1, 26, 375, 61593 }, // U+E300
    { 44, 30, 688, -1, 26, 330, 61968 }, // U+E301
    { 52, 34, 816, -1, 26, 442, 62298 }, // U+E302
    { 46, 34, 720, -1, 26, 391, 62740 }, // U+E303
    { 48, 30, 752, -1, 26, 360, 63131 }, // U+E304
    { 28, 38, 417, -1, 26, 266, 63491 }, // U+E305
    { 39, 29, 608, -1, 26, 283, 63757 }, // U+E306
    { 31, 33, 458, -1, 26, 256, 64040 }, // U+E307
};

static const EpdUnicodeInterval notobengali_20_regularIntervals[] = {
    { 0x0, 0x0, 0x0 },
    { 0xD, 0xD, 0x1 },
    { 0x20, 0x23, 0x2 },
    { 0x25, 0x25, 0x6 },
    { 0x27, 0x3F, 0x7 },
    { 0x5B, 0x5F, 0x20 },
    { 0x7B, 0x7E, 0x25 },
    { 0xA0, 0xA0, 0x29 },
    { 0xAD, 0xAD, 0x2A },
    { 0xD7, 0xD7, 0x2B },
    { 0xF7, 0xF7, 0x2C },
    { 0x980, 0x983, 0x2D },
    { 0x985, 0x98C, 0x31 },
    { 0x98F, 0x990, 0x39 },
    { 0x993, 0x9A8, 0x3B },
    { 0x9AA, 0x9B0, 0x51 },
    { 0x9B2, 0x9B2, 0x58 },
    { 0x9B6, 0x9B9, 0x59 },
    { 0x9BC, 0x9C4, 0x5D },
    { 0x9C7, 0x9C8, 0x66 },
    { 0x9CB, 0x9CE, 0x68 },
    { 0x9D7, 0x9D7, 0x6C },
    { 0x9DC, 0x9DD, 0x6D },
    { 0x9DF, 0x9E3, 0x6F },
    { 0x9E6, 0x9FE, 0x74 },
    { 0x200B, 0x200D, 0x8D },
    { 0x2010, 0x2010, 0x90 },
    { 0x2013, 0x2014, 0x91 },
    { 0x2018, 0x2019, 0x93 },
    { 0x201C, 0x201D, 0x95 },
    { 0x2026, 0x2026, 0x97 },
    { 0x20B9, 0x20B9, 0x98 },
    { 0x2212, 0x2212, 0x99 },
    { 0xE000, 0xE307, 0x9A },
};

static const EpdFontGroup notobengali_20_regularGroups[] = {
    { 0, 1486, 4087, 41, 0 },
    { 1486, 100, 194, 4, 41 },
    { 1586, 5980, 17922, 96, 45 },
    { 7566, 174, 416, 11, 141 },
    { 7740, 79, 135, 1, 152 },
    { 7819, 8, 15, 1, 153 },
    { 7827, 20571, 74366, 200, 154 },
    { 28398, 19776, 67831, 200, 354 },
    { 48174, 20102, 68823, 200, 554 },
    { 68276, 17923, 65958, 176, 754 },
};

static const EpdKernClassEntry notobengali_20_regularKernLeftClasses[] = {
    { 0x0982, 1 }, // U+0982
    { 0x098B, 2 }, // U+098B
    { 0x098C, 2 }, // U+098C
    { 0x098F, 2 }, // U+098F
    { 0x0993, 2 }, // U+0993
    { 0x0999, 2 }, // U+0999
    { 0x099E, 2 }, // U+099E
    { 0x09CE, 2 }, // U+09CE
    { 0x09E0, 2 }, // U+09E0
    { 0x09E1, 2 }, // U+09E1
};

static const EpdKernClassEntry notobengali_20_regularKernRightClasses[] = {
    { 0x098B, 1 }, // U+098B
    { 0x098C, 2 }, // U+098C
    { 0x098F, 3 }, // U+098F
    { 0x0990, 3 }, // U+0990
    { 0x0993, 2 }, // U+0993
    { 0x0994, 2 }, // U+0994
    { 0x0996, 1 }, // U+0996
    { 0x0997, 4 }, // U+0997
    { 0x0999, 2 }, // U+0999
    { 0x099E, 3 }, // U+099E
    { 0x09A3, 5 }, // U+09A3
    { 0x09A5, 6 }, // U+09A5
    { 0x09A7, 7 }, // U+09A7
    { 0x09AA, 6 }, // U+09AA
    { 0x09B6, 8 }, // U+09B6
    { 0x09CE, 2 }, // U+09CE
    { 0x09E0, 1 }, // U+09E0
    { 0x09E1, 2 }, // U+09E1
};

static const int8_t notobengali_20_regularKernMatrix[] = {
     -33,    0,  -23,  -20,  -26,  -21,  -29,   -8,
     -12,  -12,  -12,  -12,  -12,  -12,  -12,    0,
};

static const EpdFontData notobengali_20_regular = {
    notobengali_20_regularBitmaps,
    notobengali_20_regularGlyphs,
    notobengali_20_regularIntervals,
    34,
    55,
    39,
    -17,
    true,
    notobengali_20_regularGroups,
    10,
    nullptr,
    notobengali_20_regularKernLeftClasses,
    notobengali_20_regularKernRightClasses,
    notobengali_20_regularKernMatrix,
    10,
    18,
    2,
    8,
    nullptr,
    0,
};
