/**
 * generated by fontconvert.py
 * name: notobengali_10_regular
 * size: 10
 * mode: 2-bit  compressed: true
 * Command used: fontconvert.py notobengali_10_regular 10 ../builtinFonts/source/NotoSansBengali/NotoSansBengali-Regular.ttf --additional-intervals 0x0980,0x09FF --bangla --bangla-clusters-out ../../../lib/BanglaShaper/bangla_clusters.h --2bit --compress --darken-aa
 */
#pragma once
#include "EpdFontData.h"

static const uint8_t notobengali_10_regularBitmaps[36178] = {
    0x85, 0x54, 0xB1, 0x6E, 0xD4, 0x40, 0x10, 0x7D, 0xB7, 0x0B, 0xB2, 0x84, 0x25, 0x36, 0x05, 0x08,
    0xA4, 0x40, 0x2E, 0x45, 0xCA, 0x4B, 0xDC, 0x5C, 0x61, 0x09, 0x13, 0xAF, 0xC4, 0x07, 0x90, 0x3F,
    0x08, 0x45, 0x7A, 0xAE, 0x38, 0x21, 0x23, 0x5D, 0xB0, 0x05, 0x25, 0x05, 0x7C, 0x42, 0x0A, 0x7A,
    0xAE, 0x70, 0x71, 0x45, 0xA2, 0x8C, 0xF8, 0x02, 0x4B, 0x69, 0x11, 0x5A, 0x09, 0x51, 0x67, 0x05,
    0x96, 0xB8, 0xE2, 0xEE, 0x96, 0xD9, 0xBD, 0x3B, 0x12, 0x09, 0x04, 0x33, 0xE3, 0xF5, 0xEC, 0x7A,
    0x76, 0x67, 0xF6, 0xCD, 0x8C, 0xA7, 0xD3, 0xB6, 0xAE, 0xEB, 0xF1, 0x78, 0x30, 0xD8, 0x46, 0x3D,
    0xAD, 0x8F, 0x4E, 0x26, 0xED, 0xC4, 0x16, 0x76, 0x38, 0xEE, 0x8F, 0x71, 0xE7, 0x06, 0x90, 0x66,
    0xC0, 0x30, 0x05, 0xC6, 0x7D, 0x24, 0xCE, 0x11, 0xEC, 0x18, 0x30, 0x16, 0x9D, 0x86, 0x1F, 0x32,
    0x28, 0x9D, 0x83, 0xFC, 0xD4, 0x40, 0xBE, 0x26, 0xC8, 0x27, 0x84, 0x48, 0x6A, 0x24, 0x14, 0xE1,
    0xA5, 0x55, 0x6C, 0xDA, 0x83, 0x1D, 0x16, 0xB0, 0x03, 0x8B, 0xFA, 0x3B, 0x21, 0xB9, 0x78, 0x6B,
    0xA0, 0x76, 0x0B, 0xEC, 0xA6, 0x3D, 0xA4, 0xFC, 0xD8, 0xB4, 0xD7, 0x69, 0x7A, 0x99, 0x24, 0x65,
    0xC1, 0x74, 0x34, 0x99, 0x14, 0xC3, 0xBE, 0xA8, 0xA2, 0x4A, 0x61, 0x0B, 0x19, 0x73, 0x81, 0x9A,
    0xD9, 0x32, 0xFB, 0x77, 0x11, 0xD6, 0x76, 0xA1, 0x10, 0x43, 0xD2, 0x0E, 0xEB, 0xB7, 0x59, 0x8F,
    0x2A, 0x49, 0x92, 0x04, 0x89, 0x86, 0xD9, 0xF8, 0xD1, 0xCF, 0x25, 0xC5, 0x5A, 0xB1, 0x2D, 0x47,
    0x3F, 0x01, 0xEF, 0xC5, 0x00, 0xC7, 0x2F, 0x6C, 0xE9, 0x5A, 0xCC, 0x20, 0xBF, 0x20, 0x7E, 0xA7,
    0x55, 0x54, 0x75, 0x3A, 0xC0, 0x33, 0xBE, 0xDA, 0x4A, 0xCE, 0x9D, 0x65, 0xF9, 0x3D, 0x65, 0x51,
    0xE8, 0x86, 0x33, 0x52, 0x38, 0x72, 0x94, 0x9E, 0x8E, 0xD0, 0x0B, 0xB3, 0x10, 0x53, 0xC7, 0x08,
    0xEF, 0xA8, 0xF2, 0x8E, 0xAE, 0x07, 0x1C, 0xEE, 0x12, 0xCF, 0x90, 0x3C, 0x47, 0x16, 0x55, 0xB5,
    0x24, 0x2B, 0x9A, 0x20, 0xE6, 0x9A, 0x34, 0xBC, 0x9E, 0x4A, 0xDA, 0xEF, 0x6A, 0x35, 0x07, 0x34,
    0xD0, 0x46, 0x6D, 0xD2, 0x66, 0x35, 0xFE, 0xCA, 0x72, 0x81, 0xE4, 0x92, 0x1E, 0x48, 0x83, 0x0E,
    0xC3, 0x6E, 0x20, 0x0C, 0x03, 0x00, 0x55, 0x21, 0x01, 0x4E, 0xFD, 0x5A, 0x44, 0x1C, 0x29, 0x72,
    0x67, 0x73, 0xD7, 0xC6, 0x0E, 0xF9, 0x25, 0xDD, 0x67, 0x1B, 0x04, 0x63, 0xD9, 0x88, 0x73, 0x2D,
    0x17, 0x1A, 0x51, 0x58, 0x09, 0xB2, 0x21, 0x6C, 0xFE, 0xB1, 0x49, 0x16, 0x80, 0xA8, 0xA0, 0x38,
    0x35, 0x84, 0x47, 0x84, 0x1F, 0x24, 0x2E, 0x28, 0x7A, 0x43, 0x4A, 0xD2, 0xAE, 0xA4, 0x42, 0x92,
    0x73, 0x33, 0x16, 0xEF, 0x6B, 0x29, 0xA2, 0xCA, 0x9D, 0xCE, 0x9D, 0x47, 0x95, 0x85, 0xAB, 0xE2,
    0xD5, 0x07, 0xAE, 0x00, 0x6C, 0x74, 0x97, 0x06, 0x4D, 0x10, 0xD2, 0x31, 0x2D, 0x1C, 0xCA, 0xA9,
    0xC7, 0x41, 0x38, 0xAD, 0xBE, 0xE9, 0xBD, 0x60, 0x5F, 0x84, 0x44, 0xFC, 0x5C, 0xC0, 0x1D, 0xD2,
    0x54, 0x06, 0x40, 0x3A, 0xA6, 0x16, 0x86, 0x0B, 0x60, 0x6F, 0xB3, 0x8A, 0x39, 0x98, 0x03, 0xBE,
    0x42, 0x9B, 0xBB, 0xE9, 0x2A, 0x4E, 0xE1, 0x4F, 0x43, 0xCC, 0x11, 0x82, 0xF1, 0x5D, 0x79, 0xAD,
    0xC3, 0x97, 0x00, 0x80, 0xC7, 0x79, 0x8E, 0xFD, 0x43, 0xCD, 0xA1, 0x4E, 0x24, 0x8D, 0xD6, 0x78,
    0x32, 0xF8, 0xFB, 0x89, 0x9E, 0x44, 0x6B, 0xE4, 0x25, 0x1D, 0x6F, 0x52, 0x77, 0xE1, 0x71, 0x8E,
    0xA7, 0xEC, 0x02, 0xA7, 0xAA, 0xB2, 0xAB, 0xBC, 0x18, 0x2B, 0xCD, 0x99, 0x32, 0xF9, 0xA2, 0x89,
    0xBF, 0xAE, 0xDD, 0x25, 0xC8, 0xE7, 0xC8, 0x0D, 0xB2, 0xE3, 0x0C, 0x81, 0x58, 0xE1, 0x1C, 0xEB,
    0x9B, 0xB8, 0x4E, 0x57, 0xC5, 0x01, 0x6C, 0x43, 0x58, 0x24, 0x95, 0x98, 0xF2, 0xC0, 0x19, 0xF1,
    0xA3, 0xE0, 0xBC, 0x26, 0x8D, 0x4F, 0x0E, 0xD6, 0x95, 0x15, 0x68, 0xA9, 0x1F, 0x00, 0x67, 0x40,
    0x97, 0xBF, 0xCF, 0xF8, 0x45, 0x61, 0x7B, 0xC3, 0xDB, 0xCB, 0xCA, 0xD7, 0x2B, 0xD3, 0xAD, 0x13,
    0x94, 0x73, 0xF4, 0x39, 0xAB, 0x8A, 0xA3, 0xD6, 0x1E, 0x02, 0xD6, 0x47, 0xFE, 0x3C, 0x0F, 0x35,
    0x9F, 0x1F, 0xCC, 0x58, 0x89, 0xC9, 0xA7, 0x9F, 0xB3, 0x4F, 0x8F, 0x75, 0x8A, 0x7F, 0x71, 0xC6,
    0x36, 0x77, 0xF5, 0x09, 0xE3, 0x37, 0x5C, 0xB5, 0xD2, 0x16, 0x7C, 0xED, 0xC6, 0x5A, 0x56, 0xBE,
    0x85, 0xB8, 0x58, 0x96, 0xBD, 0xE6, 0x4D, 0x7B, 0x40, 0x49, 0xF7, 0x48, 0xFE, 0x87, 0x4B, 0x3E,
    0xD1, 0x37, 0x51, 0xEB, 0x6F, 0x22, 0x3F, 0x23, 0x7A, 0x0A, 0x15, 0xE3, 0xA1, 0xAC, 0x32, 0x41,
    0x85, 0xFF, 0x53, 0x8C, 0x73, 0x67, 0x7C, 0xA4, 0x3D, 0xCC, 0x42, 0x7B, 0xD2, 0x92, 0x25, 0xE5,
    0x3A, 0xE7, 0xC0, 0xC5, 0x15, 0x1B, 0xEE, 0xCD, 0xD1, 0x4E, 0xFA, 0x27, 0x15, 0x28, 0x43, 0x94,
    0x6B, 0xE6, 0x5D, 0xB3, 0xCE, 0x4C, 0x36, 0x57, 0x2B, 0x4A, 0x97, 0x8C, 0x4D, 0xF2, 0x7E, 0x9B,
    0xA1, 0x7D, 0x5F, 0x36, 0xEC, 0xEE, 0x17, 0xFB, 0x7F, 0xE0, 0xFF, 0x01, 0x0D, 0x86, 0x03, 0x76,
    0xCC, 0x07, 0xF8, 0xE7, 0x33, 0x30, 0xFF, 0x61, 0x60, 0xFC, 0xC1, 0xC0, 0xFC, 0x8F, 0x81, 0x9F,
    0xBF, 0xC1, 0x86, 0xF9, 0x82, 0x00, 0x83, 0x03, 0xC3, 0x07, 0x06, 0x10, 0x62, 0x60, 0xD8, 0xFF,
    0xFF, 0x03, 0x10, 0x31, 0x40, 0x00, 0x58, 0x10, 0x00, 0xAD, 0x57, 0x41, 0x6C, 0x1C, 0x57, 0x19,
    0xFE, 0x66, 0xC6, 0xCD, 0x28, 0x79, 0xEA, 0xBE, 0x2D, 0x6A, 0x51, 0x45, 0xB0, 0xA7, 0x87, 0x1C,
    0x90, 0x6B, 0x7B, 0x38, 0xF4, 0xB0, 0x82, 0xF1, 0xCE, 0xD0, 0x1C, 0x2B, 0xA5, 0x3E, 0x60, 0x72,
    0xA8, 0x20, 0x1C, 0x38, 0xD2, 0xA6, 0xAA, 0x2C, 0x70, 0x85, 0x37, 0x3B, 0x49, 0x0E, 0x3D, 0x54,
    0x50, 0x17, 0xD4, 0x53, 0x0F, 0xF5, 0x81, 0x03, 0x38, 0x12, 0xB6, 0xD0, 0x1E, 0xB6, 0xAA, 0xE3,
    0x1D, 0xB5, 0x07, 0x0E, 0x91, 0xC8, 0x80, 0x80, 0x1E, 0x90, 0xD2, 0xA1, 0x14, 0x28, 0x89, 0x22,
    0xBF, 0x92, 0x4D, 0xD8, 0xC4, 0xBB, 0x3B, 0x7C, 0xFF, 0xDB, 0xB5, 0x93, 0xA8, 0x29, 0xA4, 0x2D,
    0xBB, 0xF3, 0x66, 0x46, 0x6F, 0xDE, 0xFB, 0xDF, 0xFF, 0xFE, 0xFF, 0xFB, 0xBF, 0xFF, 0x7F, 0x00,
    0xD4, 0x00, 0xF1, 0x09, 0xB4, 0x55, 0x62, 0xF6, 0xAE, 0xF3, 0x3F, 0x4A, 0xC2, 0xDD, 0xC4, 0x79,
    0x2A, 0x81, 0xB2, 0x97, 0xCF, 0x2B, 0x87, 0x67, 0x20, 0xBF, 0x17, 0x2E, 0xD6, 0x7F, 0x15, 0xF4,
    0x90, 0xE8, 0xBC, 0x6E, 0x96, 0x6A, 0xCF, 0xD7, 0xE6, 0x5B, 0x41, 0xF1, 0x10, 0x56, 0x10, 0x26,
    0x7E, 0xE6, 0x18, 0xBE, 0xCC, 0xE1, 0xE0, 0x9D, 0xDF, 0x5C, 0x04, 0xC5, 0x7C, 0xF7, 0xF9, 0xDA,
    0x52, 0xAD, 0x6E, 0x74, 0xDE, 0x2C, 0xF9, 0x9B, 0x3E, 0x77, 0x79, 0xFD, 0x16, 0x9C, 0x02, 0xE6,
    0xA0, 0x57, 0xC2, 0x54, 0xFC, 0x3F, 0x67, 0x46, 0xFB, 0xA7, 0x0B, 0xE3, 0x9F, 0x46, 0x61, 0xBC,
    0x8C, 0x37, 0x18, 0xD7, 0x18, 0x9C, 0x7A, 0x66, 0x60, 0xA0, 0x87, 0x9A, 0x2B, 0x27, 0x76, 0x79,
    0x67, 0xA4, 0xC3, 0x0C, 0xAC, 0x9C, 0x9D, 0xDC, 0x4A, 0x1A, 0xA6, 0x56, 0x56, 0xC4, 0xCF, 0x94,
    0x36, 0x83, 0x29, 0x91, 0x37, 0x03, 0x4A, 0xCC, 0xF9, 0x50, 0x47, 0x93, 0x82, 0x0F, 0x2B, 0x75,
    0x86, 0x02, 0x28, 0x77, 0x06, 0x94, 0xDC, 0x97, 0x47, 0x50, 0x06, 0xF2, 0xC0, 0x82, 0x67, 0x1F,
    0xFC, 0x3C, 0x83, 0x1A, 0x9F, 0xD2, 0xEA, 0xDF, 0x04, 0x74, 0x99, 0x01, 0xDF, 0x92, 0x45, 0x37,
    0x65, 0xC9, 0xE4, 0xF1, 0x5B, 0xEB, 0x40, 0x17, 0xF0, 0xD8, 0xAF, 0xFE, 0x64, 0xA0, 0xB0, 0xCC,
    0x6F, 0x5C, 0x19, 0x6D, 0x1C, 0x3A, 0x47, 0x5D, 0xCB, 0x14, 0xE8, 0x24, 0x80, 0x2F, 0x73, 0xCE,
    0xB3, 0x69, 0xAB, 0x70, 0x65, 0xFC, 0xA6, 0x5F, 0x5B, 0xE0, 0xDC, 0x21, 0xF0, 0xC8, 0x09, 0x0E,
    0xF2, 0x52, 0xCA, 0x1C, 0x3E, 0x7E, 0x79, 0xFD, 0x97, 0x0E, 0x65, 0xFA, 0xA5, 0x9B, 0xE9, 0xA7,
    0x5E, 0x31, 0xCA, 0x1B, 0x16, 0x70, 0x6F, 0xE4, 0x70, 0x7F, 0x9F, 0x39, 0xDE, 0x3B, 0x99, 0xF7,
    0x9E, 0x9B, 0x39, 0x03, 0x37, 0x43, 0xD5, 0xC9, 0x29, 0xA2, 0x10, 0x79, 0xCA, 0xDE, 0x28, 0x02,
    0xDE, 0x1F, 0x17, 0x64, 0xDF, 0x25, 0xDF, 0x1F, 0x38, 0x4E, 0x65, 0xC1, 0x81, 0x62, 0x1C, 0x88,
    0x69, 0x28, 0x94, 0xFA, 0x4C, 0xCA, 0xAD, 0xE2, 0x9F, 0xA6, 0x7A, 0xDE, 0x59, 0xEA, 0x7C, 0xF4,
    0xBD, 0x65, 0x78, 0x6F, 0xF7, 0x6B, 0x1C, 0x5A, 0xE5, 0x46, 0x8D, 0xEC, 0x61, 0x85, 0x0F, 0x84,
    0x57, 0x28, 0xDC, 0x15, 0x51, 0x9B, 0xC0, 0xF8, 0x36, 0xBF, 0x98, 0x88, 0x99, 0x06, 0x7C, 0x5D,
    0x3C, 0x39, 0x5A, 0x5A, 0xC4, 0xF7, 0xA7, 0xD7, 0x37, 0xD6, 0x7F, 0x41, 0xD9, 0xC0, 0xC4, 0xA3,
    0xBC, 0xE9, 0x68, 0x52, 0xA5, 0x7A, 0x72, 0x52, 0x67, 0xFE, 0x4F, 0x74, 0x23, 0xF7, 0x2E, 0x28,
    0x53, 0xE0, 0x5A, 0x4A, 0x6D, 0x4F, 0x65, 0x74, 0x4E, 0x28, 0x5E, 0xF5, 0xCB, 0x0D, 0xCA, 0x3A,
    0x29, 0xA2, 0x9E, 0xA8, 0xAD, 0x3D, 0x5A, 0x8B, 0x4C, 0x5C, 0x8B, 0x6E, 0xEC, 0xB6, 0xA3, 0xE6,
    0xDB, 0xBD, 0x68, 0x22, 0xE8, 0x45, 0xCE, 0x70, 0x39, 0x0A, 0x8A, 0x5A, 0x14, 0x24, 0xF5, 0x48,
    0x99, 0x78, 0x0B, 0xA7, 0xBE, 0xD6, 0x87, 0x6A, 0xF7, 0xE1, 0xF4, 0x22, 0xB1, 0xF0, 0xC3, 0xD6,
    0xD4, 0x54, 0xAB, 0x05, 0x34, 0x13, 0x10, 0x85, 0x8E, 0xF8, 0x81, 0xB6, 0xDB, 0x8A, 0x8B, 0xF9,
    0x9B, 0xBD, 0x59, 0x13, 0xCD, 0x2E, 0xD4, 0x22, 0x67, 0xD7, 0x78, 0x43, 0xAE, 0xD4, 0x49, 0xE1,
    0xED, 0x16, 0xD0, 0x89, 0x21, 0x26, 0x0D, 0xA7, 0x9A, 0xAF, 0xCC, 0x25, 0x26, 0xD2, 0x99, 0xA9,
    0x39, 0x89, 0xC0, 0xC5, 0x84, 0xAF, 0x2D, 0x18, 0x55, 0x96, 0x06, 0x8F, 0x1C, 0x17, 0x7F, 0x99,
    0xB1, 0x5D, 0xE5, 0xE6, 0xFF, 0x41, 0x6C, 0x59, 0xF6, 0x78, 0xFF, 0x92, 0x58, 0x04, 0x3E, 0x8D,
    0xDB, 0x39, 0xC3, 0x30, 0xD8, 0xFD, 0x4B, 0x4E, 0x99, 0xD7, 0x32, 0x0A, 0xA5, 0xB7, 0x23, 0x0C,
    0x20, 0x62, 0x21, 0x72, 0x21, 0x82, 0x45, 0x47, 0x03, 0x11, 0x0D, 0x2B, 0x7B, 0x2C, 0x5C, 0x0C,
    0x2C, 0x2A, 0xF9, 0xBB, 0xC5, 0x52, 0x00, 0x53, 0xA3, 0x3A, 0xD1, 0xBC, 0x53, 0xCC, 0x06, 0x41,
    0x56, 0x71, 0x82, 0x82, 0xE8, 0x30, 0xF4, 0xD3, 0xA6, 0x97, 0x73, 0x60, 0x8F, 0x2D, 0xDE, 0xC9,
    0x69, 0x31, 0xDC, 0xA9, 0x52, 0xFE, 0x09, 0x2A, 0xF9, 0x54, 0x89, 0x32, 0xAF, 0x65, 0x14, 0x5A,
    0xA6, 0xD1, 0xBC, 0x3B, 0x00, 0xC5, 0x16, 0x10, 0xB9, 0x02, 0x3B, 0x23, 0x30, 0xD8, 0x84, 0x15,
    0x6D, 0x65, 0x5B, 0xE1, 0x56, 0xBA, 0xF8, 0xD2, 0x4C, 0xAF, 0x6F, 0xAF, 0xAF, 0xF1, 0x9D, 0x30,
    0x51, 0x65, 0x9F, 0x32, 0x9F, 0x0D, 0x69, 0x55, 0xC2, 0x46, 0x27, 0x93, 0x5E, 0xC6, 0xB7, 0xC3,
    0x19, 0xB6, 0x27, 0x63, 0x72, 0xC1, 0x55, 0xBA, 0xC0, 0x11, 0x07, 0xA2, 0x61, 0xC1, 0x21, 0xB7,
    0x07, 0xB1, 0xF6, 0xA8, 0x36, 0x26, 0xD6, 0xAB, 0x37, 0xCA, 0x0A, 0x9A, 0xEF, 0x1E, 0xC3, 0x84,
    0x3A, 0x46, 0x30, 0x55, 0xA0, 0x7A, 0x15, 0xE8, 0xBC, 0x82, 0x03, 0x7C, 0x22, 0x60, 0x9F, 0x7B,
    0x89, 0xE3, 0xB7, 0xD9, 0xE6, 0x6C, 0x4C, 0xB8, 0x8C, 0x6C, 0xBD, 0x73, 0x71, 0xAD, 0xFE, 0x8D,
    0x12, 0xCD, 0x5E, 0x13, 0xF5, 0x95, 0x90, 0xB1, 0x4D, 0x85, 0x23, 0xB6, 0x9E, 0x86, 0x47, 0xAB,
    0x38, 0x89, 0xDE, 0x8B, 0x1D, 0xDB, 0xA8, 0x70, 0x37, 0xBC, 0xBC, 0xB1, 0xA6, 0x69, 0x13, 0x9D,
    0x28, 0x2A, 0xFC, 0x32, 0x51, 0xF0, 0x14, 0xC7, 0x2B, 0x6E, 0x90, 0x6D, 0x40, 0x5B, 0x05, 0x17,
    0xA8, 0xE6, 0x2E, 0xC7, 0xC7, 0x76, 0x8E, 0x47, 0x95, 0xBD, 0x0B, 0x3B, 0x1C, 0xA7, 0x50, 0x6D,
    0x9E, 0xC0, 0xB2, 0x1E, 0x20, 0xAA, 0x7C, 0x21, 0x9D, 0xD1, 0x27, 0xF3, 0x29, 0xD5, 0x37, 0x1A,
    0x89, 0xA1, 0x2D, 0x49, 0x0D, 0x6E, 0x81, 0xCE, 0x46, 0x86, 0x60, 0x28, 0xEB, 0x64, 0x8C, 0xCC,
    0x94, 0xB8, 0x85, 0x77, 0x93, 0x51, 0xBB, 0xD1, 0x87, 0x77, 0xFA, 0x39, 0xC6, 0xAC, 0x1E, 0xB7,
    0x29, 0xB6, 0x88, 0xBC, 0xD2, 0x85, 0x4B, 0x94, 0x81, 0x1E, 0xD9, 0x8B, 0x66, 0xEF, 0xBA, 0x44,
    0x79, 0x99, 0x7A, 0xA7, 0xDF, 0xCA, 0xBD, 0xB4, 0x65, 0xBC, 0x77, 0x8D, 0x71, 0xCB, 0xD4, 0xA0,
    0xEA, 0xE6, 0x48, 0x82, 0x14, 0x12, 0x4E, 0x5F, 0x14, 0xAA, 0xF0, 0xC5, 0x99, 0x33, 0x96, 0xCC,
    0x92, 0xE9, 0xF5, 0x52, 0x22, 0x56, 0x22, 0x9F, 0x14, 0x96, 0x0E, 0x16, 0xA0, 0x15, 0xC2, 0x2E,
    0xEF, 0xAF, 0x17, 0x2D, 0xF8, 0x67, 0x4B, 0x12, 0xA2, 0x97, 0x57, 0x37, 0x8D, 0x30, 0x90, 0x11,
    0x27, 0x1E, 0x27, 0x4F, 0xD2, 0x00, 0xA9, 0x20, 0xAB, 0x3A, 0x0A, 0x57, 0x2C, 0x61, 0xFF, 0xF7,
    0x20, 0x15, 0x1A, 0x68, 0x7A, 0xF7, 0xBC, 0x5E, 0x05, 0x66, 0xE9, 0x03, 0x77, 0xC0, 0x5B, 0x7C,
    0x95, 0x96, 0xEF, 0x4D, 0xD2, 0x35, 0xA9, 0xDC, 0x72, 0x3A, 0xC6, 0x1D, 0x04, 0xF4, 0x8C, 0xFE,
    0x36, 0x89, 0xC9, 0xBD, 0x5A, 0x17, 0xE6, 0x9A, 0xDA, 0xF3, 0x6E, 0xE7, 0x0C, 0x01, 0xE1, 0xED,
    0xEE, 0x6C, 0xF0, 0x7B, 0x32, 0xD0, 0xE2, 0xBA, 0xAE, 0x78, 0x08, 0xA6, 0x61, 0x71, 0xBF, 0x2D,
    0xC0, 0xEF, 0x2B, 0x41, 0x7E, 0x79, 0x42, 0xA0, 0xFF, 0xEF, 0x81, 0xC5, 0xFE, 0xC2, 0x18, 0xFC,
    0x7B, 0xE8, 0x17, 0xD4, 0x45, 0x63, 0xAE, 0x0C, 0x17, 0x45, 0x6D, 0x76, 0x2C, 0xB6, 0x6D, 0xCF,
    0xBE, 0xAD, 0x53, 0xE1, 0x44, 0xB6, 0x33, 0x9F, 0x64, 0xEB, 0xDE, 0xBE, 0xAD, 0xF7, 0x37, 0x4B,
    0x31, 0x24, 0x18, 0xDB, 0x6C, 0x88, 0xAD, 0x58, 0x50, 0x17, 0xD3, 0x1B, 0x97, 0x57, 0xA1, 0xD9,
    0xA9, 0x48, 0x16, 0x8A, 0xAB, 0x6A, 0x6E, 0x69, 0x4E, 0xE3, 0x40, 0x5F, 0xB3, 0x9B, 0x4D, 0xFE,
    0x49, 0x1D, 0xDE, 0x2D, 0x01, 0x7C, 0x71, 0x4F, 0xCE, 0xD4, 0x9F, 0x86, 0x33, 0x3F, 0xDB, 0x26,
    0x22, 0x06, 0x49, 0x9C, 0x85, 0x9D, 0x7A, 0x1A, 0x79, 0x7D, 0xA6, 0x9D, 0x3E, 0x7B, 0x56, 0x10,
    0x27, 0x11, 0x34, 0x19, 0xCA, 0x59, 0xDB, 0x33, 0xD9, 0xDD, 0x4D, 0x94, 0x9D, 0x5E, 0x5F, 0xA7,
    0xAE, 0x13, 0x98, 0x72, 0xCA, 0x54, 0x7B, 0xFF, 0x28, 0xB4, 0x97, 0x19, 0xFF, 0x4C, 0xB2, 0x4C,
    0xC0, 0xD6, 0x08, 0xE3, 0x65, 0x01, 0x89, 0x40, 0x44, 0x00, 0x22, 0xF0, 0x10, 0x3C, 0xA8, 0x9E,
    0x36, 0x71, 0x47, 0xAF, 0xD6, 0x74, 0x05, 0x11, 0x83, 0x74, 0x86, 0xCF, 0xFD, 0x40, 0xCD, 0xEE,
    0x1D, 0xA8, 0x5C, 0xCB, 0x84, 0x97, 0xD7, 0x57, 0x7D, 0xC9, 0x6A, 0xC9, 0x1C, 0xFC, 0x27, 0x4B,
    0xF8, 0x4F, 0x5F, 0x84, 0x7F, 0x7E, 0x92, 0x59, 0x6E, 0x96, 0xFB, 0x91, 0xCC, 0x39, 0x0B, 0x9B,
    0x0B, 0xF6, 0x13, 0x1D, 0xF7, 0x6F, 0xE2, 0x4C, 0x15, 0x75, 0x86, 0x6F, 0x1B, 0xFE, 0x46, 0x0F,
    0xDE, 0x70, 0x19, 0x41, 0x5E, 0x43, 0x9D, 0xBB, 0x8C, 0xD3, 0x1A, 0xD7, 0xA2, 0x1D, 0xC3, 0xE5,
    0x51, 0x0C, 0x38, 0x3D, 0x9B, 0x42, 0x9B, 0x96, 0x8C, 0x36, 0xD6, 0xAC, 0x9C, 0x6A, 0x85, 0x73,
    0xA8, 0xD7, 0xEB, 0xBF, 0xA5, 0xC4, 0x21, 0x5B, 0x9D, 0x88, 0x65, 0x1F, 0x09, 0x05, 0x69, 0x65,
    0xBC, 0x96, 0x34, 0x2F, 0x73, 0xCA, 0xA3, 0x7D, 0x75, 0xE5, 0xAF, 0x1F, 0x86, 0x78, 0x2B, 0x6B,
    0xA0, 0x99, 0xC5, 0xEF, 0x97, 0xD9, 0x03, 0xBB, 0xEF, 0x64, 0xE8, 0xD0, 0x1A, 0x3D, 0x7E, 0x2F,
    0x6C, 0x18, 0xDF, 0xD5, 0x6C, 0x16, 0xE3, 0xC6, 0xD6, 0x7F, 0xAE, 0xBA, 0xFA, 0x03, 0x56, 0x04,
    0x9A, 0x74, 0x18, 0xE8, 0x20, 0x73, 0x86, 0xDA, 0xCD, 0x15, 0x21, 0x52, 0xE8, 0x5C, 0xFB, 0xB9,
    0x3F, 0xD0, 0x21, 0x19, 0xE1, 0xE2, 0xC3, 0xB6, 0xBC, 0x18, 0x73, 0x8A, 0xEC, 0x71, 0xAC, 0x2C,
    0x43, 0xEB, 0x14, 0x11, 0xC6, 0xD0, 0xE9, 0x7C, 0x07, 0xCA, 0x50, 0xE1, 0x84, 0x06, 0xED, 0x52,
    0xB1, 0x0E, 0x9B, 0xA2, 0x21, 0x1D, 0x7E, 0x93, 0x31, 0x23, 0x63, 0x4A, 0xA0, 0x8B, 0xE7, 0xE4,
    0x37, 0xA9, 0x08, 0x5B, 0xAD, 0x59, 0xDA, 0x68, 0xFD, 0x46, 0x9B, 0x28, 0x1B, 0x08, 0x3E, 0xE8,
    0x60, 0xF2, 0x84, 0xCD, 0x22, 0x35, 0x41, 0x19, 0xF3, 0x5B, 0x70, 0x07, 0xCA, 0x8C, 0xA5, 0x3F,
    0x33, 0xA2, 0x48, 0x4B, 0x95, 0xF3, 0x9A, 0xDF, 0x5E, 0x81, 0xFF, 0xEE, 0x15, 0x92, 0x62, 0x87,
    0x75, 0x41, 0x68, 0xA9, 0x13, 0xE6, 0x6E, 0xCA, 0x54, 0x5D, 0x52, 0xE3, 0x29, 0xA1, 0x47, 0x45,
    0x9D, 0x48, 0x9D, 0x05, 0x29, 0x94, 0x94, 0xE9, 0x0F, 0xF7, 0x28, 0xB3, 0xDC, 0xA7, 0xCC, 0xFB,
    0xDE, 0xDC, 0xAB, 0x43, 0x16, 0x4D, 0x1C, 0xB3, 0x36, 0xDA, 0x5C, 0xCA, 0xCD, 0xDD, 0x4A, 0x08,
    0xB7, 0x25, 0x3A, 0x8F, 0x37, 0xFD, 0x46, 0x87, 0x0C, 0xE6, 0xDD, 0xE0, 0xCD, 0xC9, 0x5B, 0x9C,
    0x9E, 0x2E, 0xC1, 0x2F, 0xF8, 0x81, 0x95, 0xDC, 0xD2, 0x3E, 0x5F, 0xED, 0xDF, 0xDC, 0x2C, 0x7E,
    0xE9, 0xC6, 0xE0, 0xEB, 0x3B, 0x9D, 0x0F, 0xB1, 0xA5, 0x32, 0xAC, 0xD0, 0x18, 0x5B, 0x6E, 0x76,
    0x60, 0xE7, 0x4C, 0xA6, 0x5F, 0x7A, 0x3F, 0xB3, 0xC5, 0xCD, 0x3D, 0x1A, 0x17, 0xEE, 0x71, 0x83,
    0x74, 0x24, 0x4B, 0xA2, 0x26, 0xCB, 0xD6, 0xE0, 0x4A, 0xE2, 0x0C, 0x3B, 0x89, 0x2A, 0x02, 0x96,
    0xA9, 0x2A, 0xE1, 0x06, 0xD9, 0x77, 0x21, 0x61, 0x4E, 0x20, 0x88, 0x99, 0xC7, 0xA8, 0x87, 0x70,
    0x75, 0x78, 0xF9, 0xDC, 0x3F, 0x75, 0x97, 0xB6, 0x5E, 0x61, 0xAB, 0x94, 0x4C, 0xEB, 0x57, 0x72,
    0xA8, 0xB7, 0xF3, 0x83, 0x04, 0x80, 0x7E, 0xCE, 0xCD, 0xBD, 0x3E, 0xFB, 0x71, 0xBB, 0x7D, 0x9E,
    0x0A, 0xF0, 0xC8, 0xD6, 0x91, 0x26, 0x99, 0x66, 0x7A, 0x6B, 0x94, 0x3B, 0x3D, 0xAE, 0xA6, 0x4E,
    0xCB, 0xF4, 0xDA, 0x7D, 0x4D, 0xF7, 0x92, 0x1F, 0xF6, 0xE3, 0x0F, 0x14, 0xD9, 0xE5, 0xE3, 0x7F,
    0xE6, 0x4E, 0xA6, 0xD2, 0x4E, 0xEA, 0x67, 0xAE, 0x78, 0xBC, 0xC1, 0xE4, 0xFA, 0xA0, 0xCC, 0x92,
    0xF5, 0x1E, 0xFF, 0x60, 0xCC, 0x46, 0xF7, 0xD9, 0x82, 0x92, 0x13, 0xB6, 0xD7, 0x89, 0xB4, 0xEB,
    0x0B, 0xAC, 0x37, 0x9A, 0x2C, 0xA8, 0xE1, 0x1C, 0xCF, 0x5A, 0x62, 0x66, 0xD1, 0xD4, 0x97, 0x82,
    0xD8, 0xDD, 0x4E, 0xC6, 0x35, 0xF2, 0xA7, 0xBE, 0x4D, 0xC0, 0x99, 0x41, 0xDC, 0xC7, 0xF5, 0x4E,
    0x72, 0x7D, 0xB7, 0x88, 0x8B, 0xB6, 0x63, 0xA9, 0x89, 0x7E, 0x8E, 0x33, 0xBC, 0xF8, 0x65, 0xBC,
    0xD8, 0xC9, 0xE2, 0x8F, 0x8C, 0x83, 0xC7, 0xD8, 0x7D, 0x80, 0xFC, 0x95, 0xCA, 0x75, 0x98, 0xE9,
    0x92, 0x59, 0xD3, 0xC1, 0x7E, 0x67, 0x3D, 0xC1, 0xE1, 0x1E, 0xC2, 0x9D, 0xA4, 0xEE, 0x48, 0x8A,
    0xC4, 0xF7, 0x45, 0x7C, 0x93, 0xE8, 0xA3, 0xE9, 0xBA, 0x52, 0xE8, 0x90, 0xBE, 0x35, 0xEE, 0xBA,
    0x14, 0xAB, 0xC1, 0xBF, 0x33, 0xF5, 0x66, 0xD4, 0xC1, 0xD8, 0x54, 0xD1, 0x58, 0x40, 0x48, 0x64,
    0x9F, 0x10, 0x5E, 0xBB, 0xFF, 0xB9, 0xA3, 0x8D, 0x70, 0xBC, 0xD7, 0xC9, 0x38, 0xC5, 0xE5, 0xE9,
    0xA3, 0x2B, 0x51, 0xCA, 0x89, 0xF4, 0xA3, 0xA4, 0x0D, 0x72, 0x37, 0x5C, 0x61, 0x70, 0xA8, 0xEC,
    0xF6, 0xFB, 0xA8, 0xDF, 0x32, 0xBE, 0x1D, 0x23, 0x02, 0xE9, 0xF7, 0x52, 0xC2, 0x7D, 0x2C, 0xD6,
    0xD6, 0xF7, 0xA3, 0x4C, 0x06, 0xDC, 0x5C, 0x1C, 0xED, 0xC9, 0x1E, 0x7B, 0x6C, 0xA2, 0x1C, 0x31,
    0x7F, 0x4A, 0xE4, 0xC9, 0xBA, 0xDB, 0x76, 0xDD, 0xE8, 0xFF, 0xB0, 0x6E, 0x95, 0xD8, 0x8B, 0xA1,
    0x72, 0x86, 0x64, 0x55, 0xF5, 0x11, 0x6F, 0xA0, 0xC5, 0x63, 0xA0, 0x2F, 0xF9, 0x7C, 0x77, 0x88,
    0x76, 0x55, 0x22, 0x46, 0x8A, 0x6C, 0xDA, 0x47, 0xE5, 0xD6, 0x72, 0x0C, 0xD5, 0xEA, 0xE6, 0xF8,
    0x84, 0xD0, 0xE0, 0x01, 0x21, 0x94, 0xAA, 0x71, 0xF1, 0xD9, 0x11, 0x1F, 0x3B, 0xA2, 0xB2, 0x30,
    0xC7, 0x9D, 0x1C, 0xFD, 0xDF, 0xDB, 0xE7, 0x4E, 0xBE, 0xC0, 0xAA, 0x4D, 0x39, 0x18, 0xBD, 0x7D,
    0xA6, 0x5C, 0x7C, 0x90, 0x73, 0x03, 0xB6, 0x43, 0xB8, 0x7F, 0xC6, 0x7C, 0xB5, 0x84, 0x6B, 0xC8,
    0x98, 0xAB, 0xFA, 0x33, 0x1E, 0x6A, 0x48, 0x07, 0x2E, 0x6D, 0x17, 0xD2, 0xAE, 0x21, 0x15, 0x3F,
    0x24, 0xA9, 0x42, 0xC9, 0x31, 0x2E, 0xFD, 0x54, 0x87, 0x1D, 0x27, 0xB5, 0x29, 0x34, 0x4C, 0xD5,
    0x47, 0x79, 0xE5, 0x89, 0x62, 0xE2, 0xAD, 0x8C, 0x19, 0x93, 0x1B, 0xA2, 0xBF, 0x9C, 0xF3, 0x88,
    0x5F, 0xC1, 0x0B, 0xBF, 0x81, 0xB7, 0x03, 0x4F, 0xD2, 0xEC, 0x77, 0x6D, 0x36, 0x3A, 0x28, 0x9B,
    0xF9, 0x69, 0x7F, 0xC9, 0xE9, 0xFC, 0xB8, 0x16, 0x3F, 0x3D, 0x67, 0x7E, 0x7D, 0x21, 0x4E, 0x39,
    0x62, 0x54, 0x91, 0x56, 0x59, 0x34, 0x20, 0x7C, 0x3D, 0x8B, 0x9C, 0x62, 0x09, 0xA6, 0x65, 0xAF,
    0xC8, 0x2D, 0xE2, 0x67, 0x32, 0xF6, 0x63, 0x61, 0x04, 0x45, 0xF1, 0x02, 0x2F, 0x96, 0x8B, 0x3A,
    0x83, 0xDB, 0xB5, 0xB4, 0xA6, 0x31, 0xA3, 0x92, 0x86, 0x4A, 0x5A, 0xCC, 0xD6, 0xDB, 0x08, 0xBA,
    0xE3, 0xB3, 0x2F, 0x4B, 0x2F, 0xA6, 0x58, 0x71, 0x14, 0xCB, 0x6C, 0xA2, 0xDC, 0xCD, 0xAB, 0x7E,
    0xD6, 0x29, 0x71, 0x98, 0x03, 0x9A, 0x90, 0x84, 0x20, 0xBB, 0xB4, 0xBF, 0x38, 0x3F, 0xF2, 0x66,
    0x77, 0xD9, 0x44, 0x51, 0x6B, 0x36, 0xC2, 0xD4, 0x2C, 0x2A, 0x1A, 0x53, 0x1A, 0x3C, 0x86, 0x44,
    0xEE, 0xAD, 0x1E, 0x9A, 0x39, 0x15, 0x88, 0x37, 0xF2, 0x65, 0xAB, 0xD2, 0xBC, 0x97, 0x07, 0x65,
    0xA2, 0xCA, 0xA4, 0xEE, 0x33, 0xB7, 0xB0, 0x24, 0x36, 0x6D, 0x18, 0x7E, 0x55, 0xA3, 0xFA, 0x50,
    0x09, 0x64, 0xBD, 0x5D, 0xE8, 0xB3, 0xC5, 0xBC, 0xD3, 0x6B, 0x7B, 0x85, 0xE1, 0x51, 0x70, 0x0A,
    0xAC, 0x59, 0x48, 0x93, 0x2B, 0x7E, 0x37, 0x3C, 0xD7, 0xF3, 0x4B, 0xC1, 0x8D, 0x6B, 0x84, 0x7E,
    0x9F, 0xAF, 0x61, 0xA9, 0x16, 0xD5, 0xE6, 0x07, 0x51, 0x78, 0x69, 0xD2, 0xE1, 0xBA, 0x15, 0x3F,
    0x9B, 0x75, 0x59, 0x1E, 0x36, 0x0B, 0x6F, 0x80, 0x60, 0x07, 0x91, 0x9F, 0x2E, 0x7B, 0xE9, 0x26,
    0x2B, 0x7A, 0x2F, 0xAD, 0x9F, 0x4C, 0x03, 0x52, 0xF5, 0xD1, 0x54, 0xF0, 0x25, 0x57, 0xC1, 0x8C,
    0xD6, 0x1E, 0x9F, 0x8B, 0x6E, 0x03, 0xFB, 0x01, 0xE8, 0xE1, 0x49, 0x96, 0x30, 0x03, 0x54, 0x24,
    0xC5, 0x70, 0xEB, 0xF6, 0x49, 0xBA, 0xD3, 0x3C, 0x0B, 0x7B, 0x83, 0x71, 0x54, 0x0B, 0x33, 0xB2,
    0xDA, 0x0E, 0xC5, 0x46, 0xA4, 0xBB, 0xAE, 0x83, 0xAD, 0xD0, 0xCC, 0x35, 0xB6, 0x2A, 0xAD, 0x68,
    0xEA, 0xB1, 0x28, 0xC2, 0xAD, 0x2E, 0x6D, 0xF7, 0xF1, 0x94, 0x7C, 0x8C, 0x6E, 0x3A, 0x06, 0xFD,
    0xE4, 0x90, 0xB0, 0x60, 0x5F, 0x67, 0xEA, 0x5E, 0xF5, 0xC6, 0xFF, 0x4C, 0xE3, 0xFE, 0xCB, 0x97,
    0xE0, 0x5F, 0xE7, 0xB7, 0x06, 0xC7, 0x1C, 0x9A, 0xC3, 0x91, 0x11, 0xDE, 0xB8, 0xA1, 0xBE, 0xAD,
    0x06, 0x74, 0x22, 0xF4, 0xCC, 0x92, 0x12, 0xC5, 0xC4, 0xE8, 0x08, 0x8B, 0xE3, 0x77, 0xA4, 0xDF,
    0x03, 0x7F, 0x5B, 0x64, 0xFC, 0x97, 0xA9, 0x3C, 0x6D, 0x9A, 0xFC, 0x5D, 0x9F, 0xCF, 0xE7, 0xD8,
    0x78, 0xCC, 0xC8, 0x27, 0xD9, 0x56, 0x98, 0x77, 0xCD, 0x68, 0x22, 0x83, 0x93, 0x82, 0x64, 0xFB,
    0x29, 0x78, 0xD6, 0x63, 0x20, 0x18, 0x39, 0x76, 0xD6, 0xF6, 0x8E, 0x2C, 0x7E, 0xE2, 0x10, 0x43,
    0x71, 0x11, 0xE2, 0x66, 0x97, 0x47, 0x8C, 0x5A, 0x17, 0x0B, 0xF1, 0x28, 0x3C, 0x5D, 0xC1, 0x65,
    0xBA, 0x37, 0x6E, 0xBF, 0x8C, 0x4B, 0x1D, 0xCE, 0x89, 0x8D, 0x42, 0x63, 0x4B, 0x83, 0xD6, 0xC2,
    0x63, 0x2B, 0x11, 0x33, 0xC2, 0x32, 0x86, 0x3C, 0x88, 0x1B, 0x66, 0xB0, 0x6D, 0xB2, 0x56, 0xC8,
    0xB9, 0xE6, 0xCE, 0x9F, 0x9C, 0x6C, 0xC2, 0x71, 0x6E, 0x55, 0xAC, 0x5D, 0x95, 0x5B, 0x42, 0xE9,
    0xF7, 0xA0, 0x4E, 0x91, 0x3B, 0xBB, 0xC2, 0x9F, 0x64, 0xCF, 0xDB, 0x87, 0xCE, 0x74, 0xB4, 0x58,
    0xD0, 0x6B, 0x34, 0x36, 0x59, 0x78, 0x6D, 0xEA, 0x46, 0x23, 0xE8, 0x39, 0x23, 0xCA, 0xA0, 0xCD,
    0x67, 0xBF, 0xD7, 0x8E, 0x96, 0xDB, 0x6D, 0xEA, 0x1B, 0x3E, 0x63, 0xB1, 0x57, 0x25, 0xAF, 0xCE,
    0x33, 0xB4, 0xA9, 0x01, 0x71, 0x15, 0x91, 0x55, 0x54, 0x46, 0x80, 0xF4, 0xF0, 0x55, 0xEE, 0xFF,
    0x5F, 0xD7, 0xB2, 0xD6, 0xCF, 0xB2, 0x3A, 0x51, 0x41, 0xEF, 0x5B, 0x9C, 0x3A, 0x99, 0x45, 0xE0,
    0x79, 0x9B, 0xE4, 0x64, 0x21, 0x66, 0xBA, 0xB8, 0x78, 0xB3, 0x65, 0x6A, 0x6F, 0xB6, 0xE2, 0xC2,
    0x01, 0x0F, 0x54, 0xC9, 0x0F, 0xB2, 0x87, 0xF2, 0x4E, 0x76, 0x38, 0x15, 0xD6, 0xFB, 0x0F, 0x5B,
    0xB0, 0x00, 0x13, 0x28, 0x70, 0xE8, 0x58, 0x70, 0x3F, 0x60, 0xBF, 0x20, 0xFF, 0xC5, 0x6C, 0x0E,
    0x53, 0x03, 0x6E, 0xF8, 0xFF, 0xC0, 0xFF, 0x03, 0xF6, 0xFF, 0x1F, 0x80, 0x11, 0x10, 0x80, 0x09,
    0x7E, 0x3E, 0x5D, 0x1B, 0x1B, 0x7D, 0x3D, 0x1B, 0x9B, 0x12, 0x7E, 0x7E, 0x3E, 0x39, 0x5D, 0x20,
    0xC7, 0xA6, 0x46, 0x5F, 0x5F, 0xCF, 0x16, 0x48, 0xDB, 0x94, 0x94, 0x58, 0x70, 0x3B, 0x7C, 0xD8,
    0xC3, 0x7F, 0xF0, 0x4B, 0x0D, 0x90, 0x06, 0x00, 0x13, 0x0D, 0x75, 0xB0, 0xFF, 0xFF, 0x41, 0xEC,
    0xAB, 0x83, 0x68, 0x2D, 0x88, 0x01, 0x24, 0x19, 0xB6, 0x30, 0xD8, 0x3F, 0x60, 0xB0, 0x63, 0x60,
    0xD0, 0x67, 0x60, 0xE0, 0x3E, 0xC0, 0xC0, 0xFC, 0x80, 0x81, 0xE1, 0x07, 0x03, 0x83, 0x0D, 0x03,
    0x00, 0xDB, 0xFF, 0xFF, 0xC3, 0xFE, 0xFF, 0x1F, 0x00, 0xBD, 0x5C, 0xDF, 0x6F, 0x1C, 0xD7, 0x75,
    0xBE, 0x3B, 0x23, 0x79, 0xE2, 0x4C, 0xCD, 0x21, 0x02, 0x3B, 0x71, 0xAC, 0x92, 0xEB, 0x02, 0x7E,
    0x08, 0x6C, 0x4A, 0xD3, 0x87, 0x3C, 0x2C, 0x82, 0x25, 0x77, 0x44, 0x82, 0x21, 0xD0, 0x00, 0x36,
    0x81, 0x46, 0x0D, 0x50, 0xC1, 0x95, 0xFF, 0x81, 0x98, 0x79, 0x60, 0x0A, 0xA2, 0x59, 0x69, 0xC7,
    0x12, 0x50, 0x3F, 0xF8, 0xC1, 0x7A, 0x71, 0xFA, 0x60, 0x20, 0x16, 0xDA, 0xB4, 0x88, 0x57, 0x6D,
    0xB8, 0x48, 0xD8, 0x42, 0xAE, 0x97, 0xDC, 0x91, 0x88, 0xC2, 0x40, 0x0C, 0x44, 0x23, 0x0B, 0xAE,
    0x1F, 0x0C, 0xD8, 0xA3, 0xD8, 0x8E, 0x1D, 0x19, 0x0E, 0xC7, 0xD6, 0x48, 0x5A, 0x92, 0xBB, 0x3B,
    0xFD, 0xBE, 0x73, 0x67, 0x96, 0x4B, 0xEA, 0x07, 0x25, 0xD7, 0x0E, 0x1D, 0xCE, 0x90, 0x14, 0x79,
    0xBE, 0x73, 0xCF, 0x3D, 0xE7, 0xDC, 0xF3, 0x9D, 0x39, 0x93, 0x5A, 0x8A, 0x8F, 0x47, 0x4F, 0x5F,
    0xAE, 0x6F, 0xA8, 0x42, 0xA4, 0xE2, 0x7B, 0xCD, 0x54, 0xC5, 0x43, 0xD6, 0xDB, 0x41, 0xEC, 0x58,
    0xCF, 0x44, 0xB1, 0xF5, 0x8C, 0x8A, 0x62, 0x33, 0xC0, 0x45, 0xC5, 0x46, 0x1C, 0xAB, 0x63, 0x87,
    0xBB, 0xB1, 0x72, 0x7A, 0x4E, 0xAC, 0x94, 0x67, 0xE2, 0xA2, 0x8A, 0xB8, 0x14, 0xD2, 0x00, 0x5F,
    0xBC, 0xC1, 0xCB, 0x24, 0x2E, 0xF6, 0x06, 0x2E, 0xCA, 0xE5, 0xC5, 0xE2, 0x45, 0xA9, 0x1A, 0x31,
    0x52, 0x5F, 0x50, 0x5A, 0x9E, 0xE0, 0x94, 0x95, 0x20, 0x2D, 0x28, 0xC1, 0x9A, 0x57, 0x82, 0xB6,
    0xA0, 0x04, 0xAF, 0xA4, 0x04, 0xB1, 0xAC, 0x04, 0x13, 0x37, 0xA2, 0xE2, 0x46, 0x5C, 0xDC, 0x88,
    0xBC, 0x40, 0xB1, 0x85, 0xEB, 0xB1, 0x88, 0xB7, 0x7D, 0x95, 0x7D, 0xD4, 0xFE, 0x3F, 0x8B, 0xF9,
    0x91, 0x32, 0x62, 0xB5, 0xA4, 0x8C, 0x40, 0x1D, 0x3B, 0x84, 0x75, 0x14, 0x53, 0x2E, 0xEB, 0xD0,
    0x11, 0x2E, 0xC1, 0x94, 0x75, 0x78, 0x14, 0x1F, 0x3C, 0x5A, 0x5F, 0xA9, 0xFB, 0xAA, 0xD0, 0xF3,
    0xB0, 0xC6, 0x34, 0x51, 0xE6, 0x7A, 0xA9, 0xAA, 0x1C, 0xBF, 0x34, 0xA4, 0xEC, 0xB8, 0xE4, 0xA8,
    0x42, 0x2B, 0xED, 0x2A, 0x55, 0x59, 0x69, 0x2B, 0xB3, 0x5D, 0x2A, 0x2B, 0xF3, 0xFD, 0xD2, 0x88,
    0x52, 0xAD, 0x85, 0xA3, 0xB0, 0xC5, 0x7A, 0x07, 0x32, 0xDA, 0x5E, 0xA6, 0xEA, 0x7D, 0x54, 0xB6,
    0x77, 0xEA, 0x41, 0x27, 0x7E, 0xB4, 0xBE, 0xF1, 0x72, 0x5C, 0x71, 0x4E, 0x2A, 0xA3, 0xA7, 0xAE,
    0xA5, 0x43, 0x5C, 0x45, 0x54, 0x7B, 0xEB, 0x71, 0x65, 0xB5, 0x1B, 0x67, 0xF6, 0xD8, 0x8F, 0x43,
    0x78, 0xA3, 0xAC, 0x5C, 0xC8, 0x4F, 0x1A, 0x55, 0xBB, 0x8D, 0x7F, 0x6F, 0xFD, 0x2A, 0x71, 0x42,
    0xDC, 0xED, 0x4F, 0xBD, 0x7B, 0xF8, 0x7D, 0x01, 0x0B, 0x28, 0x3E, 0x0E, 0x99, 0x4F, 0x29, 0x65,
    0xBC, 0x93, 0xC9, 0x5F, 0xC9, 0xEE, 0x07, 0xB2, 0x7B, 0x49, 0xF0, 0xEC, 0x76, 0x25, 0x20, 0x5E,
    0xA5, 0x35, 0xE1, 0x13, 0x6F, 0xDD, 0xEA, 0x10, 0xEF, 0x52, 0x7A, 0xA9, 0x23, 0x78, 0xEB, 0x71,
    0x53, 0xE3, 0xE1, 0x7F, 0xC4, 0xE3, 0x46, 0x11, 0xCF, 0x8C, 0xCA, 0x82, 0xE7, 0xF8, 0x65, 0xC1,
    0xDB, 0xAB, 0xCA, 0x1A, 0x4F, 0xEE, 0x6A, 0xDB, 0x5D, 0xEF, 0x76, 0xEA, 0x01, 0xA7, 0xDE, 0xC3,
    0x4E, 0x10, 0x27, 0x56, 0x0D, 0x59, 0x57, 0x82, 0x3B, 0x71, 0x5A, 0xED, 0x86, 0xE0, 0x14, 0x93,
    0x86, 0xE0, 0xE0, 0x6B, 0xC1, 0x19, 0xE7, 0xEF, 0x01, 0xA7, 0x12, 0x36, 0x04, 0xA7, 0xD0, 0x69,
    0x68, 0x9C, 0x62, 0x43, 0x8B, 0x37, 0xE3, 0x0C, 0x27, 0x96, 0xF5, 0xFC, 0x99, 0x95, 0x28, 0xAE,
    0xC7, 0x71, 0x9B, 0x82, 0x63, 0x75, 0xC6, 0x04, 0xE7, 0x60, 0xB7, 0x4A, 0x9C, 0x57, 0xA2, 0x4A,
    0x22, 0x38, 0x71, 0xE9, 0xAF, 0x04, 0xA7, 0x31, 0x0E, 0xFF, 0x03, 0xCE, 0x82, 0x7B, 0x25, 0x20,
    0x4E, 0xB9, 0x80, 0xAD, 0x05, 0x4E, 0x51, 0xB6, 0xF8, 0x29, 0x65, 0x07, 0xDA, 0x99, 0x8C, 0x5E,
    0x2B, 0xF3, 0xA8, 0x76, 0xB6, 0x9E, 0x0E, 0x97, 0xB3, 0x52, 0xFF, 0x05, 0x51, 0xCA, 0xE2, 0x6A,
    0x51, 0xE5, 0x05, 0x59, 0xCB, 0x77, 0xD2, 0x80, 0x10, 0xA5, 0xAF, 0x47, 0x44, 0x28, 0x41, 0x33,
    0x00, 0xF0, 0x06, 0xF9, 0x25, 0xB8, 0x21, 0xC4, 0x97, 0xB4, 0xF4, 0xB2, 0x23, 0xBB, 0xEF, 0xEA,
    0xBD, 0x71, 0x92, 0xDC, 0x54, 0x91, 0x96, 0x5D, 0x17, 0x17, 0xA8, 0x1C, 0xCA, 0xA4, 0xA7, 0x6D,
    0x11, 0x5F, 0xDA, 0xB7, 0x2C, 0x4B, 0x28, 0xD9, 0x4F, 0xC8, 0x12, 0xC6, 0x6B, 0x8E, 0x98, 0xCA,
    0x6D, 0x3B, 0x62, 0xAA, 0x82, 0xDA, 0x2F, 0xA6, 0xDA, 0x53, 0x68, 0x8B, 0xA9, 0x9C, 0x34, 0x14,
    0xF1, 0x85, 0xB9, 0x76, 0x1E, 0x15, 0x59, 0x7C, 0x18, 0x41, 0x86, 0x97, 0x26, 0x04, 0xAC, 0x2F,
    0xF6, 0xEA, 0xA7, 0x88, 0xA8, 0xDC, 0x1F, 0x0A, 0xE4, 0xA5, 0x68, 0xC1, 0x79, 0x53, 0x30, 0xE3,
    0x86, 0x91, 0x7A, 0x62, 0xB7, 0x57, 0x56, 0x6C, 0x8F, 0xA8, 0x0B, 0x95, 0x54, 0xC3, 0x8E, 0x17,
    0x6C, 0x8D, 0xEB, 0x78, 0x8E, 0x23, 0xC0, 0xE6, 0xD5, 0x63, 0x8E, 0xDE, 0xA4, 0x16, 0x55, 0x12,
    0x6C, 0x65, 0xE7, 0x21, 0x69, 0xE5, 0x0E, 0xDF, 0xFF, 0x08, 0xB5, 0x16, 0x61, 0x2A, 0x4A, 0x9C,
    0x0E, 0xD7, 0x45, 0x07, 0x23, 0x8C, 0xB8, 0x6A, 0xE5, 0x86, 0x11, 0x35, 0x30, 0x7B, 0x61, 0x44,
    0x05, 0xDC, 0x67, 0x42, 0x31, 0x6B, 0xBB, 0x80, 0x7F, 0x07, 0x7C, 0xB7, 0x90, 0x44, 0x44, 0x77,
    0x2F, 0x74, 0xC5, 0xB2, 0xEA, 0xEA, 0xBB, 0x91, 0x60, 0x1F, 0xB8, 0x18, 0xE9, 0x64, 0x70, 0x41,
    0xDF, 0xCD, 0x50, 0x1C, 0x04, 0xB2, 0x6D, 0x89, 0x30, 0xE5, 0xAC, 0xAD, 0x34, 0x05, 0x69, 0xDC,
    0x4C, 0xCA, 0x02, 0x75, 0xC6, 0x0C, 0xCB, 0xC4, 0x52, 0xB1, 0x79, 0x36, 0x21, 0xD8, 0xA9, 0x57,
    0xCC, 0x73, 0x6D, 0xA2, 0xC5, 0x15, 0x33, 0x1E, 0x23, 0x5C, 0xB4, 0xD7, 0x84, 0x27, 0x01, 0x0F,
    0xCB, 0x7C, 0x37, 0x21, 0xE0, 0xCA, 0xA1, 0xA9, 0xB3, 0x1E, 0x11, 0x5D, 0xC9, 0x0F, 0xFC, 0xD0,
    0x39, 0x42, 0xE9, 0x3C, 0x61, 0x04, 0x62, 0x69, 0x1A, 0xE1, 0xEA, 0xF7, 0x71, 0x6D, 0xF1, 0xB7,
    0x0A, 0x7F, 0x23, 0x6E, 0xDB, 0x90, 0x0D, 0x97, 0xC0, 0x10, 0x6F, 0xA5, 0xD1, 0x43, 0x1A, 0x5C,
    0x9C, 0xB4, 0x84, 0xED, 0x65, 0x62, 0xAB, 0x5D, 0x8C, 0x99, 0xD3, 0x7E, 0x04, 0x0F, 0x51, 0x55,
    0x5E, 0x4A, 0xF8, 0xF6, 0xA7, 0x09, 0xFE, 0x42, 0x76, 0x76, 0xCF, 0x36, 0x63, 0x66, 0xE6, 0xCD,
    0xEC, 0x3E, 0xBA, 0xED, 0x96, 0xFD, 0x10, 0x49, 0x58, 0x5B, 0xBC, 0x27, 0x06, 0xEF, 0xBD, 0x2C,
    0xD0, 0x3D, 0x71, 0x32, 0xF5, 0xAA, 0x27, 0x16, 0xF8, 0xB5, 0xB8, 0xB0, 0xFA, 0x54, 0x6C, 0x6D,
    0x44, 0xE2, 0xC2, 0x73, 0x81, 0xB8, 0x30, 0x83, 0x17, 0xEB, 0xE6, 0x7F, 0x58, 0x35, 0x32, 0x01,
    0x65, 0x56, 0x16, 0x65, 0xC9, 0x76, 0x2F, 0x77, 0xE1, 0x58, 0x64, 0xAF, 0x64, 0x0E, 0xB5, 0xA0,
    0xFD, 0x29, 0xC4, 0x5D, 0xDC, 0x69, 0xA1, 0x98, 0x45, 0x61, 0x45, 0x5C, 0x78, 0x69, 0xFC, 0xBA,
    0x4F, 0x84, 0xB2, 0xBB, 0xEA, 0x13, 0x62, 0xAC, 0x60, 0xFA, 0xC4, 0x70, 0x94, 0xE5, 0x13, 0xC4,
    0x0A, 0xB4, 0xEA, 0x46, 0x2F, 0xCB, 0x62, 0x6E, 0x72, 0x93, 0x28, 0x2C, 0xE9, 0x38, 0x29, 0x69,
    0x8C, 0x92, 0x7B, 0xE7, 0x51, 0xE8, 0x6F, 0x8F, 0xC2, 0xC1, 0x84, 0xE2, 0x46, 0xA9, 0x24, 0x94,
    0x95, 0x4E, 0x96, 0xB8, 0x78, 0x3A, 0x00, 0x25, 0x42, 0xE2, 0x91, 0xA5, 0x50, 0x4D, 0xE0, 0x74,
    0x29, 0x19, 0x40, 0x15, 0x18, 0x89, 0x48, 0xF7, 0xF8, 0xB1, 0x44, 0x05, 0xE5, 0x88, 0x5F, 0xF2,
    0x2E, 0x09, 0x72, 0x2B, 0x61, 0x0D, 0xE0, 0xF0, 0x34, 0xAC, 0x2F, 0xD6, 0xEB, 0xF8, 0xFD, 0x56,
    0x84, 0x8B, 0xF9, 0xC1, 0xF5, 0x8E, 0x1A, 0x75, 0xD4, 0xB1, 0xA7, 0x15, 0xA2, 0xEA, 0xCC, 0x10,
    0xAE, 0xC7, 0xE3, 0x51, 0x65, 0x1D, 0x7F, 0x02, 0x09, 0xD9, 0x0C, 0xF6, 0x9C, 0x91, 0x3D, 0xE0,
    0x8A, 0x9B, 0xEA, 0x0C, 0x95, 0xFF, 0x98, 0xE2, 0x8C, 0xB4, 0x7F, 0xF2, 0x7D, 0x3B, 0xD3, 0x5E,
    0xA7, 0xF7, 0x5E, 0x67, 0xC2, 0xA3, 0xF6, 0x51, 0xB9, 0x24, 0xDA, 0xC7, 0xFB, 0x4B, 0xA2, 0x3D,
    0xEC, 0xA3, 0xD3, 0x7B, 0xB3, 0x24, 0xDA, 0xBB, 0xB4, 0x1E, 0xB4, 0xAF, 0x88, 0x8F, 0x7D, 0xEA,
    0xED, 0xE3, 0xF7, 0xD4, 0xFE, 0x68, 0x49, 0x6B, 0x6F, 0x2F, 0x64, 0xA9, 0x23, 0xCF, 0x25, 0x67,
    0xF2, 0x0D, 0xD7, 0xD9, 0x5D, 0x7C, 0x69, 0x5E, 0x6F, 0xC4, 0xBC, 0x21, 0x91, 0x3B, 0xEF, 0xC6,
    0x84, 0x98, 0xEF, 0xC4, 0x44, 0xF8, 0xC9, 0x85, 0x90, 0x00, 0x35, 0x23, 0x94, 0x74, 0x6B, 0x48,
    0xB6, 0x45, 0xB0, 0x8B, 0xF4, 0x82, 0xCE, 0x54, 0x2A, 0xDA, 0x6E, 0x21, 0xAE, 0xC4, 0x09, 0x88,
    0xF0, 0xB2, 0xEB, 0x4B, 0x76, 0x28, 0x1B, 0x92, 0x1C, 0x46, 0x5B, 0x82, 0xE0, 0xAC, 0x4B, 0x6A,
    0xA8, 0x79, 0x3A, 0x33, 0x28, 0x49, 0x0C, 0x58, 0xAC, 0x5E, 0x81, 0x4E, 0x0B, 0xCB, 0x3A, 0x2B,
    0x14, 0xB5, 0x68, 0x4B, 0xDF, 0x8C, 0x68, 0xF0, 0x04, 0x5F, 0x91, 0x13, 0x3C, 0x56, 0x46, 0xB7,
    0x8C, 0x13, 0x3C, 0x28, 0x8F, 0xC2, 0x24, 0x65, 0x9E, 0xE0, 0xE5, 0xA7, 0xF1, 0x17, 0x1D, 0x1C,
    0x8C, 0x1E, 0x3E, 0xAD, 0x1E, 0x2B, 0x8F, 0x23, 0x1D, 0x86, 0x13, 0x2E, 0x76, 0xC0, 0x03, 0x70,
    0x2B, 0xA7, 0x39, 0xA2, 0xAD, 0xD5, 0xD5, 0xC7, 0xB8, 0xBB, 0xF8, 0xBC, 0x04, 0x40, 0xD3, 0x58,
    0x93, 0x00, 0x48, 0x0A, 0xA9, 0xD8, 0x3D, 0x7D, 0x2E, 0x15, 0xBB, 0x7F, 0x63, 0xCD, 0x11, 0xBB,
    0x1B, 0x1D, 0x27, 0x3B, 0x56, 0x75, 0x2E, 0xB5, 0x7C, 0x27, 0xF3, 0x9A, 0x2C, 0x93, 0xE6, 0xB1,
    0x3B, 0x70, 0xCF, 0x73, 0x77, 0xA0, 0x2D, 0x4F, 0xDF, 0x01, 0x52, 0xCB, 0x63, 0x21, 0x02, 0xDB,
    0x58, 0x51, 0xAA, 0x3D, 0xB4, 0x10, 0x7F, 0xDA, 0xD1, 0x67, 0x2B, 0xB6, 0x5D, 0xD0, 0x56, 0x50,
    0x04, 0x09, 0x1C, 0x9C, 0xF6, 0xA8, 0xE0, 0xD5, 0xC2, 0xCF, 0x3A, 0xD9, 0xF9, 0x4A, 0x97, 0x15,
    0x4B, 0xE5, 0xD6, 0xEF, 0x9F, 0xB0, 0x2A, 0xD6, 0x05, 0x95, 0xD8, 0xCB, 0xCB, 0x2B, 0x9E, 0x98,
    0x15, 0x0F, 0x8B, 0x84, 0xD2, 0x01, 0x56, 0x3C, 0x43, 0xB0, 0x57, 0x1B, 0xF6, 0xAA, 0xBC, 0xD2,
    0x61, 0xC5, 0xA3, 0x58, 0xF1, 0x30, 0xEB, 0xD1, 0x6F, 0x2C, 0x71, 0x9A, 0x76, 0x5E, 0xFF, 0x65,
    0xA7, 0x4E, 0x3D, 0xCB, 0x11, 0x2A, 0xCB, 0x11, 0x8D, 0x51, 0x1D, 0x58, 0x71, 0x45, 0xE7, 0x88,
    0xF5, 0x4D, 0x5F, 0x72, 0x44, 0xE5, 0x62, 0x20, 0x39, 0x82, 0x49, 0x15, 0x2A, 0xEF, 0x57, 0xFA,
    0xA4, 0x76, 0x94, 0x99, 0xE7, 0x08, 0xD9, 0x85, 0xC2, 0xCE, 0x1C, 0x41, 0x90, 0x0D, 0x5D, 0x73,
    0xD0, 0xF3, 0x45, 0xB6, 0x08, 0x96, 0xC4, 0xAE, 0x6A, 0xBF, 0x4A, 0x60, 0xA7, 0xAB, 0x48, 0xE8,
    0x05, 0xFC, 0xAB, 0x52, 0xD7, 0x3A, 0xB8, 0xC4, 0x5C, 0x7D, 0xDB, 0xC2, 0xE5, 0xDB, 0x85, 0x58,
    0xA4, 0xB4, 0xB9, 0xE8, 0xD3, 0x09, 0x0F, 0x4F, 0xE2, 0xA7, 0x1D, 0x64, 0xA6, 0xD6, 0x0F, 0x5D,
    0x0B, 0x87, 0xE1, 0x88, 0xF5, 0xAC, 0xEF, 0x78, 0x23, 0xE6, 0x2A, 0xF4, 0x1C, 0xD9, 0xB7, 0x1A,
    0xA8, 0x95, 0x91, 0xCA, 0x14, 0x7E, 0xE7, 0x93, 0xFB, 0xA9, 0x61, 0x57, 0x2A, 0x89, 0xA3, 0x92,
    0xC9, 0xC6, 0x55, 0x2D, 0x0B, 0x9A, 0x81, 0xF2, 0x74, 0x2B, 0xF0, 0xA5, 0xB2, 0xBC, 0x16, 0x4B,
    0x05, 0x7B, 0xA5, 0xA3, 0xF6, 0x38, 0x2A, 0x65, 0xF8, 0xCF, 0x76, 0x86, 0x50, 0x15, 0xC7, 0x08,
    0x7F, 0x47, 0x79, 0x08, 0x7F, 0xFB, 0xCD, 0x59, 0x14, 0xAB, 0x06, 0x72, 0x2C, 0x7E, 0x73, 0xEF,
    0x0F, 0xE2, 0xC1, 0xBD, 0x89, 0x29, 0xEC, 0x94, 0x52, 0x73, 0x27, 0x15, 0x95, 0x84, 0xD0, 0xC7,
    0x5D, 0x65, 0x46, 0x43, 0x96, 0x6F, 0x74, 0x87, 0x60, 0xA8, 0xB9, 0xDF, 0xEE, 0x63, 0xAD, 0x5A,
    0x83, 0xEB, 0x4F, 0xC0, 0x89, 0x9E, 0x86, 0xDD, 0x87, 0xEC, 0x5F, 0xE2, 0x2B, 0x6B, 0x88, 0x07,
    0x03, 0x2E, 0xAA, 0x9F, 0x42, 0xD4, 0x98, 0x88, 0x6C, 0xD7, 0xE6, 0x42, 0xD8, 0xF0, 0xF4, 0xCA,
    0x66, 0x4F, 0x4A, 0x44, 0x3B, 0x68, 0x6A, 0x07, 0x83, 0xE7, 0xD3, 0x98, 0x76, 0x30, 0x26, 0x1B,
    0xF5, 0x74, 0x7B, 0x4C, 0xBC, 0xAB, 0x7D, 0x6C, 0x4C, 0x9C, 0x8B, 0x7F, 0xAF, 0x33, 0xE0, 0x58,
    0xE6, 0xCB, 0x63, 0x99, 0x2F, 0x8F, 0xF5, 0xE5, 0x0F, 0xE2, 0xA4, 0xDE, 0x63, 0x97, 0x37, 0x70,
    0x10, 0x1A, 0x41, 0x43, 0x32, 0xC2, 0xD1, 0x84, 0xE7, 0x89, 0x8B, 0x33, 0xC9, 0x39, 0x72, 0xF0,
    0x5A, 0x5B, 0x41, 0x7D, 0x16, 0x9F, 0x66, 0x08, 0x2F, 0x56, 0x4E, 0x27, 0xC6, 0x51, 0xE8, 0xB6,
    0x3E, 0x83, 0x37, 0x8D, 0x58, 0x31, 0x77, 0xBE, 0xB0, 0xCD, 0x10, 0xFA, 0x54, 0xDD, 0xA0, 0x3F,
    0xB0, 0x84, 0x84, 0x98, 0x06, 0x94, 0x5F, 0x3A, 0x83, 0x32, 0x33, 0x5C, 0x2A, 0xCB, 0xB5, 0xDA,
    0x50, 0xF7, 0xB4, 0xFF, 0xAB, 0xCD, 0x7F, 0xFD, 0x4F, 0x0F, 0x57, 0x8B, 0xC5, 0xA8, 0xFA, 0x8B,
    0xCD, 0x2E, 0xAE, 0xAF, 0xA4, 0x2F, 0xC6, 0x74, 0x21, 0x0A, 0x2D, 0x28, 0x35, 0x9C, 0xB9, 0xAC,
    0x78, 0x6C, 0x4B, 0x3B, 0xAC, 0xA3, 0xE3, 0xAC, 0xA2, 0x0B, 0xE5, 0xE5, 0x39, 0x31, 0x42, 0xC3,
    0x12, 0x67, 0xE5, 0x9E, 0xD3, 0x04, 0xB6, 0x1C, 0x67, 0xF5, 0x96, 0x68, 0x97, 0xEA, 0x7A, 0xCC,
    0xCE, 0x0E, 0x18, 0xED, 0x0A, 0xCA, 0x0E, 0x6F, 0x48, 0x76, 0x7F, 0x92, 0xF3, 0x53, 0x3E, 0xEE,
    0xCD, 0x40, 0x2B, 0xAA, 0xFF, 0xFD, 0x97, 0x7D, 0xAE, 0x9E, 0xD4, 0x05, 0x61, 0xB6, 0xDC, 0x53,
    0x37, 0x65, 0x07, 0x2D, 0xAF, 0x91, 0xE5, 0xB0, 0x46, 0x96, 0xC2, 0x32, 0x76, 0x10, 0x35, 0xB2,
    0x04, 0xD6, 0xC8, 0xF2, 0x97, 0x66, 0x07, 0xB5, 0x68, 0x3B, 0x3B, 0xB8, 0x37, 0x4B, 0x5E, 0x6E,
    0x96, 0xBB, 0xEE, 0x15, 0xEB, 0xDE, 0xA7, 0xC8, 0xAE, 0xC8, 0xAC, 0xC8, 0xAA, 0xC8, 0xA8, 0xC8,
    0xA6, 0x84, 0x49, 0x81, 0x35, 0x91, 0x41, 0x09, 0x7B, 0x22, 0x73, 0x12, 0xD6, 0x44, 0xBD, 0x5B,
    0x52, 0xD3, 0xA8, 0x15, 0xFC, 0x9C, 0xFF, 0xE6, 0xBE, 0x23, 0x0E, 0xA5, 0xD4, 0x44, 0x9F, 0xB5,
    0x51, 0x68, 0xDA, 0x86, 0xD4, 0xD3, 0x09, 0xC4, 0x9A, 0x01, 0xE4, 0x5A, 0x3E, 0x04, 0xA3, 0x10,
    0x73, 0x11, 0x76, 0x10, 0x6D, 0xFA, 0x90, 0x6D, 0x06, 0x10, 0x0E, 0xBB, 0x14, 0x1F, 0x67, 0x4D,
    0xF8, 0x0E, 0x2D, 0xB4, 0xC2, 0xCD, 0x39, 0x50, 0x1B, 0x4C, 0x08, 0xCA, 0x60, 0x0A, 0xF0, 0xCA,
    0xF6, 0x54, 0xA7, 0x5C, 0x5C, 0x7D, 0x7F, 0x7C, 0xF9, 0xA2, 0x5F, 0xFC, 0xF4, 0xA2, 0x5F, 0x40,
    0x6E, 0x51, 0x73, 0x53, 0xBE, 0xD9, 0x36, 0xE5, 0x53, 0xB9, 0x27, 0xFC, 0x92, 0x71, 0xC5, 0x07,
    0x87, 0x03, 0xFF, 0x2A, 0xFA, 0x13, 0x47, 0x36, 0x7D, 0xA7, 0x37, 0xE7, 0x2B, 0x8F, 0x6C, 0xC5,
    0xF0, 0x8C, 0x5E, 0x91, 0x7B, 0xE8, 0xAC, 0xFD, 0x06, 0xD9, 0xE0, 0x17, 0x13, 0x07, 0x63, 0x9E,
    0x7B, 0xB5, 0xA4, 0x8C, 0x9C, 0xA1, 0xF6, 0x56, 0x1F, 0x74, 0xDF, 0xFE, 0x5E, 0xA0, 0x4A, 0x46,
    0xD7, 0x3A, 0x18, 0x19, 0xB1, 0x19, 0x5A, 0x1E, 0x48, 0x30, 0xBE, 0xFB, 0x2E, 0x8D, 0xE4, 0x3E,
    0xFB, 0x04, 0x1D, 0xD2, 0xD8, 0x9C, 0xD6, 0xDE, 0xA8, 0x4F, 0xB6, 0x62, 0x56, 0x55, 0x7A, 0x79,
    0x71, 0x61, 0xF4, 0x0C, 0xFF, 0xA9, 0x4A, 0xE0, 0xAC, 0xAD, 0x06, 0x28, 0x2D, 0x26, 0x0E, 0x5E,
    0x79, 0xBB, 0x03, 0x65, 0x92, 0xF1, 0xF4, 0xC9, 0x12, 0x11, 0x86, 0x51, 0x5F, 0xD0, 0x6F, 0x50,
    0x56, 0x80, 0x43, 0xB3, 0xAA, 0xC0, 0x82, 0x2B, 0x1E, 0x3D, 0x49, 0x49, 0x4D, 0xA1, 0xB2, 0x92,
    0xA2, 0x5F, 0x51, 0xE4, 0x05, 0x05, 0x2D, 0x61, 0x41, 0xBC, 0xD5, 0x76, 0xD6, 0xDE, 0x7A, 0x7F,
    0xC2, 0xDB, 0xF4, 0x6A, 0x49, 0xC5, 0xFB, 0xE6, 0x19, 0x40, 0x97, 0x2C, 0xAF, 0x70, 0xD5, 0xF2,
    0xAC, 0xF4, 0x2D, 0xCF, 0xE8, 0x6E, 0x7A, 0x66, 0xEA, 0x7A, 0xE6, 0xC7, 0xE7, 0x3D, 0x65, 0xBE,
    0xE6, 0x29, 0xFB, 0x59, 0x4F, 0x55, 0x60, 0xF2, 0x8C, 0x75, 0x8A, 0x01, 0xBA, 0xCE, 0xDA, 0xEB,
    0x1B, 0xA7, 0x3F, 0x82, 0x72, 0x01, 0x98, 0x4E, 0x52, 0x09, 0x8D, 0x60, 0x6F, 0xF5, 0xA1, 0xF4,
    0x77, 0x01, 0xB9, 0xEF, 0x1B, 0x01, 0x14, 0x9B, 0x30, 0x02, 0xE8, 0x95, 0x48, 0x75, 0x9E, 0x4E,
    0x4A, 0x83, 0xE2, 0x33, 0xA9, 0x63, 0x8F, 0xC9, 0xD5, 0x09, 0x74, 0x0D, 0x0F, 0x8F, 0xFC, 0xCB,
    0x62, 0xE8, 0xAC, 0x05, 0xE5, 0x95, 0x18, 0xC6, 0x2C, 0xC6, 0x0D, 0xAC, 0xD4, 0xBA, 0x1A, 0xEF,
    0xAD, 0xEE, 0xF3, 0x51, 0x82, 0xC3, 0xDD, 0x2F, 0x7D, 0xCB, 0x88, 0x8D, 0xE0, 0x5A, 0xD7, 0x0C,
    0x0A, 0x51, 0xEB, 0x3C, 0xA3, 0x79, 0x0F, 0x23, 0xAE, 0x2A, 0xC7, 0xB5, 0x2B, 0x9C, 0xDB, 0xDE,
    0x20, 0xDD, 0xC7, 0x19, 0x23, 0xBA, 0xC5, 0xD8, 0x9B, 0x8D, 0xFA, 0x29, 0x48, 0x63, 0xBE, 0x4A,
    0xCA, 0xBD, 0xEF, 0xD3, 0x6C, 0x1F, 0xA7, 0xB4, 0x5A, 0x74, 0xD8, 0x87, 0x6E, 0x91, 0x49, 0xDD,
    0x22, 0xE9, 0x34, 0x44, 0xF4, 0x14, 0x15, 0x49, 0x10, 0xC7, 0xE3, 0xC2, 0xE6, 0xC5, 0x5C, 0x95,
    0x50, 0xAF, 0x34, 0xF5, 0x45, 0x5C, 0x1D, 0x1B, 0x11, 0x77, 0xBF, 0x2F, 0x02, 0x41, 0x22, 0x29,
    0x31, 0x7A, 0x3A, 0x11, 0x91, 0xFB, 0xCB, 0xDC, 0x88, 0xAB, 0x1D, 0x39, 0x3D, 0x5B, 0x91, 0x98,
    0x69, 0x8F, 0x5A, 0xE2, 0x6D, 0x58, 0x17, 0x43, 0x95, 0x54, 0x36, 0x77, 0x6F, 0x4B, 0x97, 0x46,
    0x85, 0xEC, 0x44, 0xB6, 0x33, 0x84, 0x34, 0xA4, 0x37, 0xB5, 0x36, 0xEA, 0x3E, 0xDD, 0x69, 0x79,
    0x89, 0x20, 0x95, 0x67, 0xA2, 0x0A, 0xF5, 0xDE, 0x77, 0x2E, 0xB0, 0xBB, 0x80, 0x31, 0xCF, 0xFD,
    0xBE, 0xBD, 0x1F, 0x38, 0x85, 0x28, 0xD5, 0x40, 0xC9, 0x9E, 0x31, 0x41, 0x1A, 0x57, 0x65, 0xB9,
    0x3B, 0x6F, 0xB6, 0xE5, 0x6E, 0xA4, 0x5A, 0x03, 0xA8, 0x90, 0x9F, 0x01, 0x23, 0xDB, 0x39, 0xA1,
    0xA9, 0x7D, 0x78, 0x4A, 0xFB, 0xF0, 0xD4, 0xFB, 0x04, 0xB5, 0xA7, 0x7C, 0x2C, 0x4C, 0xB5, 0xA6,
    0x7C, 0x2C, 0xCC, 0xD9, 0x9C, 0xF2, 0xB1, 0xB0, 0x15, 0x6B, 0x0A, 0xC6, 0x32, 0x23, 0xDC, 0x60,
    0xAF, 0xC4, 0xBA, 0x48, 0x43, 0xB5, 0x66, 0xAE, 0xF3, 0x66, 0xBE, 0xA5, 0x89, 0xEE, 0xAB, 0x4F,
    0xE8, 0x3C, 0x34, 0xE3, 0x67, 0x3E, 0xCC, 0x8C, 0x6A, 0xB7, 0x91, 0xC7, 0xD6, 0xE0, 0x94, 0x2B,
    0x1B, 0xDC, 0x53, 0x95, 0x38, 0x61, 0xCC, 0x08, 0x89, 0x1C, 0x0F, 0xFB, 0xFA, 0xA0, 0x19, 0x38,
    0x16, 0x76, 0xD6, 0x38, 0xFE, 0xBE, 0x63, 0x33, 0x48, 0x82, 0x8E, 0x13, 0x34, 0x80, 0xE0, 0xDF,
    0xEF, 0x5C, 0x8D, 0x85, 0xD7, 0x39, 0x35, 0xC4, 0x89, 0xB1, 0x7E, 0xC8, 0xD9, 0xAB, 0x84, 0xD5,
    0xA5, 0xDA, 0x6C, 0x87, 0x6A, 0x83, 0x85, 0x9A, 0x33, 0x50, 0xB3, 0xD9, 0x6F, 0x7A, 0xB2, 0x74,
    0xBA, 0x81, 0x7A, 0xE0, 0xE9, 0xEC, 0x5F, 0x76, 0x78, 0x43, 0x24, 0x9B, 0x87, 0x2B, 0xF7, 0xAE,
    0x75, 0x07, 0xDE, 0x30, 0xB1, 0xCD, 0x1B, 0xFA, 0x1F, 0x23, 0x03, 0x3D, 0x98, 0x85, 0x81, 0xAB,
    0xFE, 0x49, 0x31, 0x8B, 0x10, 0xC4, 0xD8, 0x6F, 0x4E, 0x6F, 0xFC, 0x1C, 0xB8, 0x66, 0x5B, 0xF2,
    0xC3, 0x27, 0xC4, 0x35, 0xCE, 0x13, 0xD7, 0x7C, 0x8D, 0xB8, 0xF6, 0x09, 0xE0, 0x16, 0x5A, 0xC4,
    0x45, 0xE2, 0xE1, 0x35, 0x90, 0x6B, 0x28, 0xB9, 0x5D, 0x37, 0x45, 0xDC, 0x76, 0xE6, 0x23, 0x01,
    0x37, 0x4B, 0x7B, 0x48, 0x41, 0x16, 0x52, 0x39, 0x28, 0x2B, 0xD9, 0x77, 0x36, 0xAA, 0xD2, 0x3D,
    0x82, 0xA8, 0x03, 0xEF, 0x30, 0xC2, 0xEB, 0xEF, 0xD0, 0x80, 0x71, 0x6B, 0x48, 0x38, 0xF0, 0x9E,
    0x21, 0xAD, 0xD8, 0xA8, 0xD6, 0x4C, 0x34, 0xB4, 0x37, 0x74, 0x3A, 0x68, 0x85, 0x5F, 0x82, 0x81,
    0x24, 0xA0, 0x5B, 0x27, 0xE0, 0x5A, 0xE7, 0x36, 0xAF, 0x48, 0x7A, 0xA8, 0x30, 0x3D, 0xF8, 0x0E,
    0xD2, 0xC3, 0xBE, 0x00, 0xEC, 0xB8, 0x64, 0x26, 0x26, 0xD3, 0x43, 0x2A, 0x32, 0x1F, 0x32, 0xB3,
    0x34, 0x70, 0xAB, 0xEB, 0xC0, 0xE2, 0xEB, 0x3A, 0x3C, 0x0A, 0xB2, 0x78, 0xBF, 0xC6, 0x10, 0xDC,
    0x17, 0xAC, 0xB7, 0x65, 0xF1, 0x71, 0x59, 0x42, 0xE3, 0xE4, 0xA8, 0x2C, 0x5E, 0x0D, 0xE9, 0x6C,
    0x37, 0x9A, 0xC5, 0x47, 0x16, 0x1E, 0x59, 0x74, 0x64, 0xC1, 0x91, 0xF5, 0x47, 0xA8, 0xAE, 0x9F,
    0x22, 0xD7, 0x6E, 0xC6, 0xEB, 0x50, 0xD7, 0x8F, 0x23, 0x48, 0x0F, 0x96, 0x22, 0x64, 0xB3, 0x00,
    0x06, 0x61, 0x8E, 0x85, 0x8F, 0xE2, 0x77, 0xB8, 0xFC, 0x8E, 0xB0, 0xA7, 0x39, 0x9F, 0x57, 0xF6,
    0x46, 0xF0, 0xB1, 0x5F, 0xAE, 0x76, 0xA4, 0x29, 0x8F, 0xD1, 0x73, 0x44, 0xDB, 0xF3, 0xA2, 0x6C,
    0x2A, 0x3D, 0xAD, 0x0A, 0x52, 0xD5, 0xFE, 0x6A, 0xD1, 0x44, 0x60, 0x8C, 0x39, 0xEE, 0xBF, 0x63,
    0x3B, 0x9C, 0x66, 0x59, 0x15, 0xDA, 0x0E, 0x33, 0x37, 0xC8, 0x55, 0x09, 0x4B, 0x2A, 0xA8, 0xD2,
    0x80, 0x0B, 0x95, 0xB7, 0x55, 0x70, 0x8A, 0xCB, 0xA1, 0xE0, 0x90, 0x72, 0xB5, 0xD8, 0x5A, 0x82,
    0x50, 0xF8, 0xE6, 0x19, 0x97, 0xBF, 0x4C, 0x36, 0x93, 0x38, 0x2D, 0x65, 0x85, 0x6E, 0xAA, 0x0A,
    0x06, 0x5B, 0x47, 0x95, 0xE7, 0xF1, 0x27, 0x1D, 0x67, 0x28, 0xFB, 0xAA, 0x90, 0x4A, 0xAA, 0xFC,
    0xEA, 0x96, 0x3C, 0x88, 0xC3, 0xB6, 0x9F, 0x3F, 0x45, 0x61, 0x94, 0x25, 0xA2, 0xC8, 0xC7, 0x12,
    0x94, 0x35, 0x21, 0xEE, 0xC3, 0xF8, 0x4C, 0x9F, 0x40, 0x98, 0xBF, 0x0B, 0x8B, 0xB6, 0xA0, 0x27,
    0xAA, 0x98, 0xD8, 0xD9, 0x8A, 0x81, 0x32, 0x03, 0xBD, 0x98, 0xF0, 0x94, 0x0A, 0x56, 0x56, 0x26,
    0xA0, 0xD5, 0x67, 0xB1, 0xDD, 0xE4, 0xCE, 0x84, 0x56, 0x87, 0x3B, 0xD3, 0x73, 0x3B, 0x74, 0xA0,
    0x23, 0x4D, 0x49, 0x8E, 0x76, 0x2C, 0x39, 0x4B, 0x3A, 0x9A, 0x6C, 0x99, 0x94, 0xB7, 0xF5, 0x31,
    0x77, 0xDE, 0xB2, 0xAC, 0xC8, 0x23, 0xA6, 0x5E, 0x7F, 0x19, 0xA2, 0xBB, 0xE6, 0x3A, 0x3D, 0xB3,
    0x78, 0x22, 0x85, 0x1B, 0x3D, 0x68, 0xAD, 0xBE, 0x46, 0x7A, 0x5E, 0x3B, 0x11, 0x2C, 0xC1, 0xE3,
    0x11, 0x39, 0x25, 0xA6, 0x27, 0xF3, 0x6C, 0xC2, 0x95, 0x4E, 0xBD, 0xCE, 0x93, 0xD6, 0xBA, 0xF2,
    0x3F, 0xFA, 0x88, 0xD5, 0xCD, 0x22, 0x7D, 0xD8, 0x68, 0xA7, 0xDA, 0x6D, 0xF1, 0xAE, 0x2A, 0x98,
    0x29, 0x0D, 0x47, 0x0B, 0xEA, 0x7B, 0x21, 0x95, 0x93, 0xA6, 0x7F, 0xF8, 0xE9, 0x7C, 0x9D, 0xF9,
    0xA3, 0x12, 0x7F, 0x9C, 0x0C, 0x16, 0xB8, 0x6A, 0x9C, 0xD8, 0xF4, 0xC7, 0xD5, 0x0F, 0xFF, 0x28,
    0xC1, 0x48, 0x0B, 0xD2, 0x1F, 0xC5, 0x70, 0x4B, 0xFA, 0x56, 0xD6, 0xDE, 0x59, 0x54, 0x72, 0xD6,
    0x58, 0x5B, 0xC1, 0xD8, 0xDF, 0xE7, 0x8E, 0x93, 0x9E, 0x4F, 0x3B, 0x13, 0x93, 0x08, 0x91, 0x5A,
    0xBB, 0x66, 0x06, 0x13, 0x55, 0x17, 0x52, 0xC6, 0x1C, 0x5C, 0xCA, 0xBC, 0xB4, 0x71, 0x81, 0xE3,
    0x20, 0x77, 0x78, 0x45, 0x70, 0x21, 0x75, 0xEC, 0x0A, 0x2E, 0x0D, 0x3E, 0x03, 0xA8, 0x72, 0xA1,
    0x63, 0x66, 0xB0, 0xDD, 0x6F, 0x90, 0x89, 0xCE, 0x9F, 0x4E, 0xB0, 0x5A, 0x91, 0x67, 0xF9, 0x90,
    0x87, 0xD3, 0x7C, 0xCC, 0x41, 0x24, 0x43, 0x9E, 0x3F, 0x28, 0x8F, 0xE2, 0x95, 0xBE, 0x30, 0xCE,
    0x9D, 0x1D, 0x05, 0x54, 0xA0, 0x6A, 0xE7, 0xBA, 0x85, 0x8D, 0x6B, 0x1F, 0x59, 0xE1, 0x44, 0xE0,
    0xA4, 0x4E, 0x60, 0xBD, 0x78, 0x22, 0x50, 0xE6, 0xB9, 0x40, 0x59, 0xC7, 0x83, 0x47, 0x5C, 0x23,
    0x28, 0x57, 0xF1, 0xF9, 0x30, 0x3E, 0xF1, 0xBB, 0xC5, 0xFA, 0xBF, 0x05, 0x96, 0xF4, 0xED, 0xB2,
    0x27, 0x13, 0x37, 0x33, 0x7D, 0x73, 0xBB, 0xDF, 0x19, 0x1E, 0x38, 0xFB, 0x06, 0xF8, 0xFB, 0xDC,
    0xA2, 0x1A, 0x71, 0x1C, 0xE5, 0x4C, 0x3B, 0xFD, 0xBF, 0x56, 0xBA, 0xAB, 0x07, 0x11, 0x97, 0xBA,
    0x2D, 0xCF, 0x59, 0xFB, 0xED, 0xE6, 0xDA, 0x86, 0xC2, 0x0E, 0xB8, 0xF0, 0x2F, 0x3A, 0x07, 0xEC,
    0xCC, 0xFA, 0x8B, 0x65, 0x6B, 0xA9, 0xF0, 0x2A, 0x29, 0x49, 0x6C, 0x5E, 0x02, 0x03, 0x11, 0x73,
    0x34, 0xF2, 0x3F, 0xBF, 0xDD, 0x4D, 0x36, 0xB7, 0x27, 0x95, 0xCD, 0x1F, 0xE8, 0x75, 0x46, 0x48,
    0xB9, 0x6F, 0x84, 0xF4, 0xB9, 0x8D, 0x90, 0x2E, 0xB7, 0x18, 0xD2, 0xE3, 0xAC, 0x90, 0x0E, 0xC7,
    0xBE, 0x4A, 0x21, 0x3D, 0x1E, 0x4A, 0x65, 0x23, 0xD9, 0xEF, 0x98, 0x5C, 0x9D, 0x50, 0xB7, 0x44,
    0xFB, 0xD5, 0x03, 0xBC, 0x78, 0x83, 0x65, 0x5C, 0x17, 0x2E, 0x20, 0x8A, 0x2E, 0x51, 0x51, 0xB3,
    0x25, 0xD5, 0x83, 0xB9, 0x91, 0x30, 0x40, 0x8C, 0x78, 0x89, 0xD9, 0x6E, 0x2A, 0x60, 0xD9, 0x60,
    0xBE, 0xED, 0x4B, 0xF5, 0x90, 0xEA, 0x22, 0x42, 0xDD, 0x70, 0x13, 0xD1, 0x74, 0xC2, 0x9E, 0xF8,
    0xE0, 0xB8, 0xAE, 0x4A, 0xB8, 0xFE, 0x87, 0xAE, 0x82, 0x40, 0x96, 0x8C, 0x60, 0x94, 0x42, 0xC9,
    0xDF, 0x03, 0xFD, 0x54, 0xC2, 0xA8, 0xF3, 0x68, 0x34, 0x75, 0xF6, 0x73, 0x45, 0xC3, 0x42, 0x47,
    0xD7, 0xF1, 0xDE, 0x56, 0xBE, 0x55, 0x5F, 0xE6, 0x61, 0xC3, 0x8F, 0x47, 0x34, 0x8A, 0x46, 0xE6,
    0x77, 0x5F, 0xF8, 0x09, 0x64, 0x78, 0xAA, 0xFF, 0x2C, 0xCC, 0xF0, 0x77, 0x14, 0xAB, 0xD8, 0xD2,
    0x80, 0x3B, 0x70, 0x5C, 0xD2, 0xC8, 0x39, 0x29, 0x56, 0x8F, 0x07, 0xDC, 0x52, 0x16, 0xAB, 0xA6,
    0x14, 0xAB, 0xD8, 0xD2, 0xAD, 0x62, 0xF5, 0x11, 0x49, 0x20, 0x4D, 0xC9, 0x1F, 0x8F, 0x98, 0x6C,
    0xE9, 0xC7, 0x6E, 0x7D, 0xF1, 0x14, 0x1C, 0x53, 0x39, 0x6B, 0x08, 0x6E, 0x04, 0xB8, 0x01, 0xD7,
    0x35, 0xDB, 0x6C, 0x65, 0x3D, 0xCF, 0xE3, 0x45, 0x13, 0xBE, 0xF4, 0x79, 0x65, 0xFE, 0x6F, 0x0A,
    0xE3, 0x54, 0x40, 0x9D, 0xA0, 0xE9, 0xAC, 0x70, 0xBF, 0xC4, 0xBD, 0xCC, 0xBF, 0xB5, 0x51, 0x27,
    0xD9, 0xCA, 0x4E, 0x9F, 0x03, 0xD6, 0xF7, 0xC0, 0x7D, 0x6C, 0x38, 0x0B, 0x3E, 0xBB, 0x36, 0xAC,
    0xF6, 0x3A, 0x14, 0xD8, 0xCC, 0x48, 0x23, 0x76, 0xC6, 0x62, 0x26, 0x7A, 0x0E, 0x87, 0x98, 0xCD,
    0x36, 0xA4, 0xE6, 0x4C, 0x59, 0xC9, 0x43, 0x6E, 0xD7, 0x83, 0xC0, 0x7A, 0x97, 0x12, 0x63, 0x88,
    0x2C, 0x44, 0x90, 0x59, 0x08, 0x21, 0x14, 0x9B, 0x06, 0xA9, 0x11, 0xC5, 0xC6, 0x94, 0x1B, 0x53,
    0x70, 0x4C, 0xC9, 0x70, 0x8A, 0x0A, 0xB7, 0xD4, 0x29, 0x06, 0x5B, 0xCF, 0xAB, 0xD8, 0x55, 0x7B,
    0x74, 0xA3, 0xBE, 0x6E, 0x84, 0x85, 0xC8, 0x88, 0x0A, 0x51, 0x21, 0xFD, 0x34, 0x52, 0xEE, 0x85,
    0x48, 0x7E, 0x35, 0xC1, 0x67, 0xEB, 0x60, 0xB4, 0xF7, 0x9E, 0xAB, 0xD1, 0x90, 0x3A, 0x00, 0xB3,
    0x5B, 0x91, 0xF3, 0x4F, 0xBD, 0xC8, 0x4C, 0x5F, 0x8C, 0xD4, 0xB0, 0x41, 0x7F, 0x3A, 0x79, 0x7B,
    0xB3, 0x9C, 0x97, 0x04, 0x6A, 0x76, 0x5C, 0x65, 0xBF, 0x84, 0xC8, 0xB6, 0xDE, 0x45, 0xB1, 0xF9,
    0xBC, 0x92, 0x6E, 0x9C, 0x2F, 0xD8, 0xDD, 0xC7, 0x36, 0x36, 0x9A, 0x2A, 0x59, 0x4F, 0xCC, 0xB4,
    0x16, 0x59, 0x6F, 0x9D, 0x55, 0xE6, 0x33, 0x11, 0xBB, 0x0A, 0x9E, 0xD5, 0xFB, 0x10, 0xE7, 0x63,
    0xD4, 0x70, 0xA2, 0x68, 0x41, 0x35, 0x2F, 0x2D, 0x29, 0xFB, 0x3D, 0x44, 0x4A, 0x56, 0x43, 0x67,
    0x6E, 0x5B, 0x4B, 0xBB, 0x90, 0xFD, 0xE8, 0xE2, 0x4B, 0xCA, 0xFC, 0x48, 0x39, 0x47, 0xF0, 0x93,
    0x11, 0x87, 0x6D, 0x21, 0xE7, 0xBE, 0xBF, 0x3E, 0x37, 0x15, 0xD8, 0xCE, 0xDC, 0xEB, 0xAB, 0x81,
    0xF9, 0x7A, 0x77, 0xED, 0xBD, 0xC0, 0x88, 0x26, 0x3B, 0xC8, 0x94, 0xBD, 0xC3, 0x21, 0xAE, 0x6E,
    0xCF, 0xBC, 0x18, 0xF0, 0x29, 0x23, 0x13, 0xA8, 0xAA, 0xC8, 0xD5, 0xBE, 0x1E, 0x6C, 0x9D, 0x19,
    0x4E, 0xE6, 0x41, 0xF2, 0x10, 0xE1, 0xB1, 0x8F, 0x37, 0x36, 0xB0, 0x91, 0xA8, 0x4E, 0xAD, 0x14,
    0xA5, 0xA9, 0xF3, 0xD2, 0x3F, 0x26, 0xCA, 0x36, 0xDF, 0x6D, 0xE3, 0xB8, 0x25, 0x2B, 0xE6, 0xF3,
    0x4D, 0x35, 0x15, 0xF0, 0xB1, 0x85, 0x17, 0xB3, 0xDB, 0x1F, 0xB3, 0xAB, 0x21, 0x69, 0x65, 0x7E,
    0xB0, 0xF1, 0x10, 0x43, 0xCD, 0xB4, 0xBE, 0x78, 0x12, 0x7A, 0x8E, 0x20, 0x19, 0xDE, 0xE7, 0x74,
    0x0F, 0xE0, 0x36, 0x34, 0xF4, 0xD7, 0xE7, 0x53, 0x36, 0xA1, 0xE7, 0xDE, 0xE8, 0x0D, 0x29, 0xF3,
    0xB9, 0xEE, 0x1B, 0x31, 0x12, 0x65, 0x34, 0xF9, 0xAE, 0x8F, 0x78, 0xEA, 0x1D, 0x7E, 0x5D, 0xB8,
    0x71, 0xAA, 0xE6, 0xF8, 0xD0, 0x71, 0x56, 0x19, 0x7F, 0xDC, 0xF6, 0xC8, 0xF1, 0x80, 0xF8, 0x15,
    0x18, 0x14, 0x44, 0x9F, 0x02, 0x85, 0xA2, 0x09, 0xC0, 0xA1, 0x20, 0xBA, 0x00, 0x12, 0x05, 0xD1,
    0xAF, 0x81, 0x45, 0x41, 0xF4, 0x45, 0xD0, 0x28, 0x8A, 0x06, 0x8F, 0x82, 0xE8, 0x0B, 0x24, 0x52,
    0xBD, 0xC3, 0x01, 0x99, 0x14, 0x44, 0x0B, 0x95, 0x9A, 0xCD, 0xB8, 0x54, 0x46, 0xA6, 0xC8, 0xA6,
    0xB6, 0xB4, 0x46, 0x32, 0x38, 0x45, 0xD1, 0x58, 0x18, 0x44, 0x2B, 0x30, 0x2A, 0x88, 0x0E, 0x40,
    0xA9, 0x20, 0x3A, 0x44, 0x88, 0x42, 0x74, 0x88, 0xE8, 0x84, 0x68, 0xDE, 0x28, 0x9A, 0x51, 0x0A,
    0xD1, 0x12, 0xA6, 0xB3, 0x19, 0xB1, 0xCA, 0x02, 0x95, 0x91, 0x9A, 0x75, 0x26, 0x7C, 0x2D, 0xBB,
    0xEE, 0x51, 0x38, 0xD9, 0x15, 0xA5, 0x93, 0x5E, 0x51, 0x3C, 0xF9, 0x95, 0xC8, 0x07, 0xC1, 0x22,
    0x00, 0x19, 0x16, 0x11, 0x84, 0x62, 0x01, 0x42, 0x38, 0x16, 0x30, 0x34, 0xC9, 0x9A, 0xCD, 0x59,
    0x56, 0x9F, 0x66, 0xF5, 0x79, 0x16, 0xE2, 0x23, 0x6F, 0xE8, 0xD2, 0x4E, 0x75, 0xA1, 0x5A, 0x44,
    0x14, 0xAE, 0x05, 0x48, 0x4B, 0xC8, 0x16, 0x30, 0x57, 0x85, 0x6D, 0xD1, 0x5E, 0x42, 0xB7, 0x80,
    0x7A, 0x41, 0xF8, 0x16, 0x61, 0x35, 0xE1, 0x02, 0xAE, 0x66, 0x5C, 0x00, 0xCE, 0x28, 0xD7, 0xEC,
    0x16, 0xE7, 0x1A, 0x20, 0x5D, 0x3B, 0x59, 0x17, 0x79, 0x97, 0xD6, 0x62, 0xAA, 0x23, 0x4A, 0x80,
    0x79, 0x89, 0x0E, 0xA0, 0x5E, 0x5C, 0x35, 0xB9, 0x17, 0x57, 0x4D, 0xF2, 0xC5, 0x55, 0x93, 0x7D,
    0x01, 0xFF, 0x22, 0xE9, 0x17, 0xE0, 0x2F, 0x0A, 0xFF, 0x02, 0xBA, 0x10, 0x30, 0x80, 0x6B, 0x06,
    0x36, 0xDB, 0xA7, 0x60, 0x39, 0x07, 0x23, 0x09, 0xA3, 0x4F, 0x08, 0x0B, 0xA3, 0x57, 0x08, 0x0D,
    0x13, 0x24, 0xF2, 0x30, 0x42, 0x09, 0x11, 0x23, 0x96, 0x30, 0x31, 0x3A, 0x9E, 0x50, 0x31, 0xA2,
    0x09, 0x17, 0x23, 0x9C, 0x26, 0x63, 0xBD, 0xC3, 0xAB, 0x9A, 0x8D, 0xB9, 0x69, 0x4E, 0xC7, 0x66,
    0xFB, 0x7C, 0x6C, 0x80, 0x90, 0x6D, 0x23, 0x63, 0xF9, 0x4D, 0x93, 0xB2, 0x9C, 0x95, 0xE5, 0xB4,
    0xAC, 0xDF, 0x5D, 0x1F, 0xF4, 0xAB, 0x48, 0xEF, 0x3C, 0x6E, 0xB2, 0xF1, 0xAD, 0x3B, 0xF6, 0xAB,
    0x89, 0x1D, 0x7E, 0xA5, 0x76, 0xD2, 0xB4, 0xBC, 0xAA, 0x5C, 0xD8, 0x76, 0xCB, 0x7E, 0x58, 0xCC,
    0x23, 0xB3, 0x4D, 0x5D, 0xC0, 0xD6, 0x24, 0x83, 0xB4, 0x45, 0x17, 0xF0, 0x35, 0xEA, 0x02, 0xC2,
    0x46, 0x5D, 0xC0, 0xD8, 0xA8, 0x0B, 0x28, 0x1B, 0xC3, 0xA7, 0x25, 0xBA, 0xAC, 0x92, 0xB4, 0xB9,
    0x9A, 0xC8, 0xA8, 0xD9, 0x8C, 0xB6, 0x65, 0xBC, 0x8D, 0xC4, 0xAD, 0x96, 0x3F, 0x43, 0xE0, 0x6E,
    0x67, 0x1E, 0x57, 0xD0, 0x2B, 0xB5, 0x0E, 0xEA, 0xA5, 0xAE, 0xF2, 0x40, 0x95, 0xF0, 0xC4, 0x89,
    0xCA, 0xF8, 0xE4, 0x91, 0xCA, 0xD5, 0xCA, 0x99, 0x8A, 0xE5, 0xCA, 0xA1, 0x8A, 0xF5, 0xEA, 0x53,
    0x75, 0x36, 0x3F, 0x56, 0xFB, 0xE7, 0x2A, 0x0F, 0xD6, 0x2F, 0xDB, 0x9C, 0x72, 0xEE, 0x25, 0x20,
    0x75, 0x40, 0xF8, 0x67, 0xB0, 0x3A, 0x20, 0xE0, 0x60, 0x0B, 0x80, 0x60, 0x82, 0xD7, 0x71, 0x15,
    0x20, 0x76, 0x5C, 0x04, 0x98, 0x1D, 0x11, 0x52, 0x8D, 0xF0, 0x90, 0x46, 0x50, 0x62, 0x24, 0x5D,
    0x61, 0xCC, 0xF6, 0x0B, 0x8D, 0xFE, 0x6D, 0x9B, 0x91, 0xEA, 0x59, 0x58, 0x16, 0xB4, 0x91, 0x48,
    0xF2, 0x44, 0x3C, 0x58, 0x9E, 0x18, 0x29, 0x2E, 0xEB, 0x90, 0x04, 0xCF, 0x13, 0x23, 0x29, 0x6D,
    0x24, 0x61, 0x7A, 0xC0, 0xD0, 0x54, 0x6F, 0x36, 0xE7, 0x7A, 0x7D, 0xB2, 0xB7, 0xF5, 0x18, 0x37,
    0x94, 0x95, 0xF8, 0x29, 0xD0, 0xFE, 0x05, 0x84, 0x8F, 0x2B, 0x01, 0xE3, 0xE3, 0x4A, 0x40, 0xF9,
    0x00, 0x75, 0x0E, 0x9C, 0x8F, 0xB6, 0x02, 0xE9, 0xE3, 0x4A, 0xC0, 0xFA, 0x88, 0x43, 0xDA, 0x07,
    0x18, 0xF2, 0x3E, 0x52, 0x2C, 0x12, 0xBF, 0xD9, 0x9C, 0xF9, 0x65, 0xD4, 0x2F, 0x7B, 0xDC, 0xC5,
    0xE6, 0xEE, 0xE2, 0x4B, 0xA7, 0x37, 0xEA, 0xF4, 0x24, 0x3E, 0x71, 0x63, 0x22, 0x0E, 0x6D, 0x06,
    0xF6, 0xD9, 0xB0, 0x45, 0x23, 0x5D, 0xB8, 0x78, 0x85, 0x46, 0xBA, 0xB0, 0x36, 0xE3, 0xD1, 0x93,
    0x3A, 0xB6, 0x27, 0x89, 0xD8, 0x96, 0x05, 0x28, 0x7C, 0x47, 0xD1, 0xD9, 0x83, 0x66, 0xD3, 0x1F,
    0xB4, 0x95, 0x2E, 0x21, 0x2A, 0x72, 0xD8, 0x9D, 0x5A, 0x31, 0x25, 0x79, 0xC4, 0xB6, 0xE4, 0x8E,
    0x7F, 0x48, 0x25, 0x75, 0x54, 0x3E, 0x64, 0xE6, 0xB8, 0x80, 0x6D, 0x91, 0xC4, 0x61, 0x4A, 0xDE,
    0x60, 0x4B, 0x93, 0xCA, 0x9F, 0x90, 0x8D, 0x36, 0xAE, 0xEB, 0xA4, 0x91, 0x8D, 0x29, 0x14, 0xFD,
    0x6C, 0xA8, 0x67, 0x4B, 0xF9, 0x7A, 0xFD, 0xB4, 0x1C, 0xA4, 0x40, 0xA7, 0xE8, 0x3D, 0xA6, 0x88,
    0x4E, 0x4F, 0x50, 0xF4, 0xC5, 0xDF, 0x5F, 0x11, 0xD1, 0x41, 0x45, 0x44, 0x07, 0x0E, 0x45, 0xAF,
    0x46, 0xA6, 0x88, 0x4E, 0x4C, 0x11, 0xFD, 0x70, 0xAE, 0xF5, 0xB6, 0x9B, 0x1E, 0x55, 0x49, 0xC8,
    0x18, 0x45, 0x7D, 0x50, 0x46, 0x80, 0x18, 0xE4, 0x8C, 0xDC, 0x69, 0x92, 0x46, 0xEE, 0x34, 0x59,
    0x23, 0xED, 0x4F, 0xDA, 0x28, 0xF1, 0x16, 0xEB, 0xDC, 0x2B, 0xC4, 0x11, 0xAB, 0x10, 0xE6, 0x48,
    0x43, 0x65, 0x3B, 0x7D, 0x9B, 0x91, 0x98, 0x54, 0x6F, 0x44, 0xFD, 0x65, 0xE2, 0x90, 0x40, 0x72,
    0x35, 0x64, 0x90, 0x5C, 0x0E, 0x29, 0x24, 0x71, 0xC8, 0x21, 0x19, 0x76, 0x24, 0x91, 0x92, 0x64,
    0xC9, 0x22, 0x7B, 0x87, 0xCF, 0x0A, 0x8D, 0x04, 0x8E, 0xE6, 0x91, 0xB3, 0x7D, 0x22, 0x99, 0x33,
    0x49, 0xEE, 0x89, 0xC9, 0xC7, 0x4F, 0xAF, 0xAF, 0xE1, 0xA0, 0xB4, 0xD5, 0x70, 0xED, 0x88, 0x5A,
    0x80, 0xFC, 0xF2, 0xD0, 0xD7, 0xFC, 0x31, 0xC8, 0x1D, 0xB5, 0x3B, 0x31, 0x1F, 0x28, 0xA1, 0x0E,
    0x8D, 0x51, 0x5E, 0xA2, 0x82, 0x5A, 0xE4, 0x90, 0x13, 0x9F, 0x1B, 0x41, 0xD6, 0x13, 0x38, 0x78,
    0x10, 0x70, 0xEE, 0xBB, 0x52, 0xE3, 0xE7, 0xD4, 0xB2, 0x36, 0x78, 0x42, 0xE5, 0x91, 0xA0, 0x74,
    0x24, 0x90, 0x5E, 0xD2, 0x3E, 0xE4, 0x97, 0xDC, 0x07, 0x12, 0x4C, 0x49, 0x17, 0xAC, 0xB4, 0x24,
    0x12, 0x1C, 0xB1, 0x8F, 0x70, 0x4C, 0x49, 0x17, 0x43, 0x59, 0xBA, 0xD0, 0x07, 0xAF, 0xB5, 0x33,
    0x5D, 0x78, 0x92, 0x2D, 0xF8, 0xB0, 0x15, 0x75, 0x0A, 0x2D, 0xD3, 0x90, 0x54, 0xD1, 0xA0, 0x74,
    0x5C, 0x69, 0xFB, 0x86, 0x48, 0x6E, 0xE8, 0x34, 0x44, 0xA9, 0xFC, 0x1A, 0x6B, 0xE2, 0x55, 0xCA,
    0x1E, 0xE5, 0xA4, 0xBC, 0x16, 0x6D, 0x79, 0x96, 0xCA, 0xCA, 0x07, 0x81, 0xFB, 0x14, 0xED, 0x62,
    0xA5, 0x3E, 0x2C, 0x63, 0xB4, 0x3C, 0xDA, 0xA6, 0xAC, 0xAD, 0x23, 0xF6, 0x99, 0x17, 0x0B, 0x2D,
    0x28, 0xDA, 0xA8, 0xA4, 0x68, 0xA5, 0xB2, 0x3C, 0x78, 0x2B, 0xB3, 0x62, 0x97, 0x26, 0x8E, 0xC1,
    0x93, 0x14, 0xD6, 0x42, 0xA2, 0x2E, 0xF6, 0xAC, 0x78, 0xDB, 0xC8, 0xD9, 0x9D, 0x5A, 0xFC, 0x6B,
    0x94, 0x02, 0x19, 0xA5, 0x62, 0x2A, 0x4C, 0xF4, 0xC0, 0xA1, 0xC9, 0xC0, 0x26, 0x13, 0x3D, 0x84,
    0x74, 0x94, 0xD5, 0x74, 0x32, 0x09, 0x24, 0x96, 0x5E, 0x61, 0x3D, 0x86, 0x14, 0x31, 0xA2, 0x8B,
    0x0F, 0x7F, 0x44, 0x2C, 0xFD, 0xE1, 0x9A, 0xAE, 0x03, 0x82, 0xEE, 0xB2, 0x12, 0x97, 0x9F, 0xDF,
    0x4F, 0x7B, 0x5C, 0x0C, 0x1F, 0x1E, 0xA1, 0x45, 0xCE, 0xB6, 0x79, 0xBE, 0x48, 0xED, 0x34, 0x92,
    0x79, 0xE2, 0xC8, 0x8E, 0x73, 0x7F, 0xA4, 0x4F, 0x59, 0x89, 0x47, 0xCE, 0x0A, 0xBC, 0x5F, 0x92,
    0xB4, 0x12, 0x8F, 0xAC, 0x55, 0x3C, 0x92, 0xED, 0x2A, 0x58, 0x9E, 0xBC, 0x95, 0xC1, 0x4B, 0xE2,
    0x4A, 0x3C, 0x32, 0x57, 0xDA, 0x5F, 0xE8, 0x29, 0xD3, 0xA8, 0x7E, 0xD2, 0x96, 0xD1, 0xD5, 0xD9,
    0x2D, 0xDA, 0x3A, 0x70, 0xCF, 0x27, 0x4F, 0xE8, 0xF8, 0xA7, 0xFF, 0x20, 0x7E, 0x6F, 0x84, 0x02,
    0xF2, 0x46, 0x28, 0x5E, 0xBF, 0x11, 0x8A, 0xD3, 0x2F, 0x86, 0xE2, 0xF3, 0x56, 0x28, 0x2E, 0x0F,
    0x1E, 0x4B, 0x8F, 0x3F, 0x1E, 0x8A, 0xC3, 0x93, 0xC9, 0xCE, 0xE6, 0x54, 0x36, 0xE3, 0xB2, 0xE0,
    0x27, 0x03, 0xF5, 0xDA, 0x69, 0xD2, 0x59, 0x66, 0x4E, 0xF2, 0x59, 0xBD, 0x84, 0x25, 0x59, 0x02,
    0x19, 0xAD, 0x9C, 0x95, 0xA0, 0xB4, 0x74, 0x20, 0x72, 0x5A, 0x20, 0xBC, 0x21, 0xA4, 0x16, 0x79,
    0x42, 0x58, 0x2D, 0x30, 0x34, 0xAD, 0x9D, 0xDD, 0x22, 0xB4, 0x03, 0xF7, 0xDA, 0x56, 0x0C, 0xF4,
    0x74, 0x08, 0x8C, 0x67, 0x45, 0xA1, 0x98, 0xE9, 0x1C, 0xE8, 0x2D, 0xEB, 0x15, 0x24, 0x02, 0x22,
    0xB0, 0xC7, 0x4B, 0x1B, 0x1D, 0xA0, 0xFC, 0x73, 0xA4, 0xB8, 0x38, 0x8E, 0x53, 0x5D, 0x0D, 0xBA,
    0xD9, 0x64, 0x56, 0xC6, 0x35, 0x5D, 0xEF, 0x86, 0x5C, 0xFA, 0x27, 0x39, 0x9C, 0x07, 0x69, 0x6F,
    0xCE, 0x7B, 0xF9, 0xFD, 0x97, 0x7C, 0x68, 0x6B, 0x1A, 0x9C, 0xF7, 0x4E, 0x40, 0x84, 0x35, 0x5E,
    0x57, 0xFB, 0xC6, 0x47, 0xDA, 0x37, 0x02, 0xD9, 0xBD, 0xE3, 0x3A, 0x23, 0x9E, 0x0B, 0xC4, 0x37,
    0x8E, 0x07, 0xE2, 0x1B, 0x46, 0xA0, 0x7D, 0x23, 0xD0, 0xBE, 0x11, 0x68, 0xDF, 0x90, 0x23, 0x5C,
    0x73, 0xE2, 0x8C, 0x14, 0x67, 0xAC, 0x98, 0x1F, 0xCA, 0xBD, 0x8C, 0xB3, 0xE3, 0x72, 0x5D, 0x59,
    0x1F, 0x78, 0x32, 0x8E, 0x60, 0xA1, 0x08, 0xE5, 0x44, 0x96, 0x35, 0x5D, 0xB5, 0xAF, 0xBD, 0x01,
    0xEE, 0xE4, 0x95, 0x5B, 0x07, 0xC3, 0x05, 0xDC, 0x4B, 0x49, 0x21, 0x44, 0xC8, 0x7B, 0x71, 0xEB,
    0xE0, 0x85, 0xA6, 0x32, 0xDF, 0x0E, 0xED, 0x4B, 0x17, 0x13, 0x1C, 0xD7, 0x9E, 0x5A, 0xB9, 0xE0,
    0x91, 0x3B, 0xA9, 0x62, 0x66, 0x39, 0x2B, 0xAF, 0x41, 0xC2, 0x81, 0x51, 0x4E, 0x99, 0xE4, 0x74,
    0x2F, 0xCB, 0x20, 0x27, 0xC0, 0xF8, 0xC4, 0x11, 0x58, 0x32, 0xC6, 0x39, 0x5D, 0xE5, 0x73, 0x47,
    0x20, 0xF1, 0xD1, 0x23, 0x80, 0xF8, 0xF4, 0x11, 0x38, 0x7C, 0x00, 0x09, 0x18, 0x3E, 0x83, 0x24,
    0x0A, 0x1F, 0x43, 0x0E, 0x6F, 0xCD, 0x6F, 0xAE, 0x6C, 0x9B, 0xDE, 0xE4, 0xF0, 0xA6, 0xCC, 0x6E,
    0x02, 0x81, 0xA3, 0x9B, 0x40, 0xE0, 0xE4, 0xA6, 0x95, 0x5E, 0x95, 0xC1, 0xCD, 0xE9, 0x2A, 0xE7,
    0x36, 0x89, 0xD0, 0xE0, 0x12, 0x4A, 0x4C, 0x5B, 0x7C, 0xCA, 0x87, 0xBC, 0x05, 0x04, 0x1E, 0x54,
    0x40, 0x90, 0x91, 0xCD, 0xE1, 0x9B, 0xB4, 0x36, 0xB5, 0xAD, 0x3C, 0x98, 0x8A, 0xCF, 0x63, 0x21,
    0x9A, 0xC3, 0x9A, 0x50, 0x5E, 0x66, 0x35, 0xA7, 0xAB, 0x1C, 0xD5, 0x84, 0x68, 0x4E, 0x6A, 0x42,
    0x34, 0x07, 0x35, 0x21, 0x9A, 0x73, 0x9A, 0x10, 0xCD, 0x31, 0x4D, 0x88, 0x96, 0xE7, 0xB0, 0xC3,
    0xFD, 0x21, 0xCD, 0x7C, 0x82, 0x84, 0x03, 0x18, 0x32, 0xA1, 0x09, 0xAD, 0x39, 0xA0, 0x09, 0xD1,
    0x9C, 0xCF, 0x84, 0x68, 0x19, 0xCF, 0x9C, 0x3E, 0xCA, 0xE9, 0x4C, 0x88, 0xE6, 0x70, 0x26, 0x44,
    0x73, 0x36, 0x13, 0xA2, 0x39, 0x9A, 0x09, 0xD1, 0x9C, 0xCC, 0x84, 0x68, 0x19, 0xCC, 0x1C, 0xCE,
    0xE7, 0x32, 0xF3, 0xB1, 0xCC, 0x6C, 0x2A, 0xB3, 0xE3, 0x5E, 0x5E, 0xA9, 0xFF, 0xC2, 0xFA, 0x60,
    0x9C, 0x1B, 0x9B, 0xBE, 0x09, 0x91, 0xC7, 0xD2, 0x10, 0x02, 0xEF, 0x89, 0x69, 0x0B, 0x5C, 0x3A,
    0x2A, 0x36, 0xDF, 0x46, 0xA9, 0x64, 0xA4, 0x55, 0x8A, 0x91, 0x27, 0xD4, 0xF2, 0x7C, 0xDA, 0xCE,
    0x86, 0x45, 0x62, 0x4A, 0xA8, 0x63, 0xC7, 0x2A, 0x2F, 0xB0, 0xB3, 0x91, 0x72, 0xE6, 0x72, 0xBA,
    0xFA, 0x8D, 0x1E, 0xD5, 0xB2, 0x9E, 0xC7, 0x75, 0x7C, 0xCE, 0xC1, 0x35, 0xED, 0x38, 0x58, 0xEE,
    0x25, 0x6F, 0x02, 0xAB, 0xFD, 0xEE, 0xDF, 0x22, 0x64, 0x86, 0xF5, 0x94, 0x65, 0x3E, 0x63, 0x39,
    0x17, 0x6C, 0x9B, 0xAF, 0x4C, 0xE8, 0x76, 0x9C, 0xAE, 0xA4, 0xDB, 0x71, 0xB8, 0x12, 0x1B, 0xA5,
    0x67, 0x2B, 0xA7, 0xAB, 0x32, 0x5A, 0xC9, 0x45, 0x73, 0xB2, 0x12, 0xAB, 0x96, 0xC1, 0x4A, 0x5A,
    0x94, 0x73, 0x95, 0xDC, 0x2D, 0x8E, 0x55, 0xE2, 0x57, 0xF4, 0x54, 0xE5, 0xF0, 0xD6, 0x50, 0xE5,
    0xD6, 0x4C, 0xE5, 0xCE, 0x91, 0x4A, 0x9D, 0x09, 0xC3, 0x54, 0x9C, 0x3D, 0x5C, 0x27, 0xA8, 0x11,
    0x46, 0x74, 0x75, 0x0E, 0x53, 0x4E, 0x57, 0x39, 0x4B, 0x09, 0x44, 0x8E, 0x52, 0x02, 0x90, 0x93,
    0x94, 0xC0, 0xE3, 0x20, 0x25, 0xE0, 0x38, 0x47, 0x49, 0xF7, 0xE3, 0x18, 0xE5, 0x70, 0x7F, 0x8A,
    0x32, 0x1B, 0xA2, 0x34, 0xB3, 0x93, 0xB9, 0x43, 0xC9, 0x34, 0x34, 0x81, 0x2D, 0x99, 0x43, 0xB1,
    0xA6, 0x17, 0xBC, 0x3D, 0xD0, 0xA4, 0xD2, 0x69, 0x05, 0x96, 0x37, 0x31, 0xF7, 0x7B, 0x3E, 0x56,
    0x76, 0x26, 0x43, 0xEB, 0xED, 0xC4, 0x71, 0x02, 0x33, 0x6D, 0x39, 0xF7, 0x84, 0x2A, 0xD9, 0xEB,
    0x04, 0x11, 0x7B, 0xCD, 0x9B, 0xA1, 0x3A, 0x3A, 0xB7, 0x56, 0x41, 0x8A, 0xE8, 0x0A, 0x3D, 0xC3,
    0xB6, 0xF6, 0xC7, 0x11, 0x06, 0x1F, 0xAE, 0x18, 0x57, 0x67, 0xF5, 0xD3, 0x35, 0xE1, 0xCC, 0x87,
    0xFD, 0x81, 0x7A, 0x9C, 0x3A, 0xC8, 0x66, 0xF3, 0xA9, 0x32, 0xD6, 0xC6, 0xEB, 0x74, 0xB5, 0xE4,
    0x02, 0x9D, 0xC3, 0x09, 0x58, 0x58, 0x89, 0x3B, 0x1E, 0x97, 0xB8, 0xE5, 0x61, 0xA9, 0xC0, 0x55,
    0x95, 0xC4, 0x77, 0xF4, 0x5C, 0x82, 0x1E, 0x4B, 0xE8, 0x4F, 0xFB, 0xF5, 0xCD, 0xE8, 0x0C, 0x4C,
    0x4C, 0x8E, 0x0E, 0x50, 0xC5, 0x7C, 0x6A, 0xB2, 0xC7, 0xB5, 0xF7, 0x5E, 0xE6, 0xDA, 0x7B, 0x92,
    0x3E, 0x5E, 0xF5, 0x80, 0xAB, 0x7E, 0x4D, 0x5C, 0xF5, 0x29, 0x71, 0x8D, 0x88, 0xB8, 0x73, 0x01,
    0x71, 0x7B, 0xA8, 0xAD, 0x52, 0x8F, 0xB3, 0x92, 0xC3, 0xD9, 0xA8, 0xA4, 0x9E, 0x94, 0xEC, 0x0F,
    0x4A, 0xC6, 0x14, 0xB7, 0xA2, 0x3D, 0x63, 0x41, 0x1C, 0x43, 0x86, 0x3C, 0xE0, 0x17, 0x0B, 0x45,
    0x1D, 0x0B, 0x15, 0xC6, 0x02, 0x27, 0x3C, 0x20, 0x94, 0x03, 0x1E, 0x90, 0xCA, 0xF9, 0x0E, 0x0E,
    0xE4, 0x72, 0xBC, 0x63, 0x38, 0x9F, 0xEE, 0xC8, 0x87, 0x3B, 0xF2, 0xB9, 0xA7, 0x2F, 0xD6, 0x40,
    0x12, 0xBB, 0x1C, 0x86, 0x44, 0xEC, 0x72, 0x16, 0x92, 0x69, 0xC1, 0x61, 0xAF, 0x29, 0x91, 0x49,
    0x48, 0xE8, 0x5B, 0x90, 0xEC, 0xC9, 0x39, 0x48, 0x88, 0xE6, 0x18, 0x24, 0x64, 0x73, 0x0A, 0x12,
    0xC2, 0xF9, 0xE7, 0x74, 0x2A, 0xDD, 0x74, 0xEA, 0xCF, 0xBA, 0xC4, 0xDB, 0x06, 0x20, 0xB5, 0x29,
    0xEA, 0xDA, 0x14, 0xCA, 0x93, 0x18, 0x29, 0x4A, 0xF8, 0xC5, 0x13, 0xC7, 0xC4, 0x14, 0x65, 0x06,
    0x46, 0x69, 0xE1, 0x11, 0x4B, 0x4C, 0x81, 0xB2, 0x1D, 0xA2, 0x0F, 0xC0, 0x06, 0x34, 0x85, 0x27,
    0xC1, 0x81, 0x20, 0xD1, 0x87, 0x5A, 0x3B, 0x0B, 0x91, 0xAD, 0x61, 0x48, 0x99, 0x85, 0x84, 0xF2,
    0x1C, 0x85, 0x04, 0x02, 0x27, 0x21, 0xA1, 0xBC, 0x0C, 0x42, 0x4E, 0x57, 0x39, 0x07, 0xC9, 0xFD,
    0x6B, 0xF2, 0x56, 0xE2, 0xBC, 0x02, 0x10, 0x38, 0x04, 0x09, 0x04, 0xCE, 0x2B, 0x50, 0x79, 0xCE,
    0x2B, 0x0C, 0xDF, 0x64, 0x5E, 0x41, 0x2B, 0x2F, 0xD9, 0x92, 0x5E, 0x31, 0x2F, 0xC6, 0xE6, 0xEC,
    0xE3, 0x74, 0x75, 0xDE, 0x65, 0xE2, 0x99, 0xEF, 0xE0, 0x5A, 0xFA, 0xC9, 0x05, 0x46, 0x44, 0xCD,
    0x08, 0x99, 0xCB, 0x0C, 0xA6, 0x32, 0x4E, 0x3D, 0x0E, 0xF7, 0x87, 0x1E, 0xA3, 0x41, 0x93, 0xD4,
    0x64, 0xE0, 0x11, 0xDA, 0xBA, 0x3E, 0xC3, 0xB7, 0x6C, 0x30, 0x7A, 0x39, 0xED, 0x38, 0x5D, 0x75,
    0xD6, 0x19, 0xBB, 0x35, 0x4F, 0x42, 0x57, 0x31, 0x72, 0x7B, 0x2A, 0x12, 0x35, 0x25, 0x6E, 0x97,
    0x25, 0x6C, 0xF5, 0x98, 0xA3, 0x15, 0xF5, 0x59, 0x9F, 0xFF, 0xD8, 0xE5, 0x3A, 0x52, 0x88, 0xA7,
    0x4C, 0x64, 0x34, 0xF3, 0x2C, 0x07, 0x94, 0xC6, 0xF0, 0xC9, 0x27, 0x5E, 0x67, 0x94, 0xF9, 0x16,
    0x87, 0xDF, 0xB8, 0x37, 0xC8, 0xDE, 0x27, 0x51, 0xE3, 0xF5, 0x1A, 0xEA, 0x40, 0x31, 0x56, 0x45,
    0x3E, 0x15, 0x53, 0xD9, 0xC0, 0x7D, 0xDE, 0x16, 0x91, 0xD9, 0x46, 0x6A, 0xB6, 0xF8, 0x3C, 0x77,
    0x8A, 0x93, 0x8D, 0xD8, 0x29, 0x19, 0x6C, 0x9C, 0xAE, 0x72, 0xAE, 0x11, 0xDA, 0x71, 0xAC, 0x91,
    0x81, 0xD0, 0x71, 0xF4, 0xB1, 0x23, 0x89, 0x8C, 0x33, 0x8D, 0xE2, 0x04, 0x3A, 0x8D, 0xED, 0x68,
    0xC4, 0xF4, 0xE7, 0x19, 0x03, 0xB1, 0x64, 0xBD, 0xCE, 0x4D, 0x92, 0x61, 0x46, 0xAC, 0x5C, 0xCF,
    0x32, 0x4E, 0x57, 0x65, 0x94, 0x91, 0x67, 0x0F, 0x27, 0x19, 0x01, 0x20, 0x83, 0x8C, 0xCC, 0x5D,
    0x9C, 0x63, 0x04, 0x84, 0x8C, 0x31, 0xCA, 0xF9, 0xF3, 0x69, 0x76, 0x44, 0xC7, 0x37, 0xBC, 0x25,
    0x40, 0x9C, 0x00, 0xD6, 0xF0, 0xE5, 0x39, 0xF6, 0xFA, 0xAC, 0x32, 0x17, 0x51, 0x39, 0x3D, 0xF3,
    0x34, 0xDC, 0xC9, 0xC9, 0x3E, 0x51, 0xB8, 0xF9, 0xB4, 0x0C, 0x8F, 0x7B, 0xFC, 0x01, 0x47, 0x1C,
    0x71, 0xD8, 0x99, 0x3C, 0xDB, 0x7A, 0x1C, 0x38, 0x8A, 0xFB, 0xF3, 0x4B, 0xB5, 0xAD, 0xF4, 0x9E,
    0x3B, 0xAE, 0x8E, 0x61, 0x0E, 0x31, 0xC2, 0x71, 0xE3, 0x8A, 0x38, 0xEE, 0xFA, 0xA6, 0xCF, 0x18,
    0xAE, 0x5C, 0x0C, 0xB4, 0xE3, 0xF2, 0x3C, 0xE3, 0xFC, 0xA2, 0xC4, 0xB0, 0x99, 0xC5, 0xB0, 0x37,
    0x30, 0xBC, 0xD8, 0x9F, 0x6F, 0x56, 0x5B, 0xA7, 0x70, 0xAA, 0x24, 0xDC, 0x1C, 0x5F, 0x4C, 0x61,
    0x4A, 0x80, 0x95, 0xCD, 0x50, 0xC2, 0xCD, 0x6D, 0x4B, 0xB8, 0x1D, 0x3D, 0x26, 0xA7, 0x70, 0xC3,
    0x96, 0x70, 0x5B, 0x32, 0x24, 0xDC, 0x26, 0xB4, 0x53, 0x39, 0xDB, 0xC3, 0x2D, 0x82, 0x09, 0x50,
    0x63, 0x07, 0x7C, 0xFE, 0xB2, 0x3E, 0x3B, 0x4A, 0x2B, 0x8C, 0xD0, 0x0C, 0x5C, 0xBB, 0x33, 0xC4,
    0x8B, 0x58, 0x82, 0x97, 0x32, 0x1F, 0xD1, 0x24, 0xD8, 0xBC, 0xCD, 0x08, 0x09, 0x31, 0x3D, 0xD8,
    0x11, 0xA7, 0xEA, 0x97, 0xA8, 0xDD, 0x47, 0x39, 0x27, 0xC6, 0x02, 0xAF, 0xF2, 0x81, 0x52, 0xE3,
    0x38, 0x07, 0x71, 0xDE, 0xA2, 0x8C, 0xC8, 0x3F, 0xA3, 0x3D, 0x65, 0x33, 0x18, 0x2A, 0xDB, 0xC1,
    0x50, 0xB1, 0x15, 0x38, 0xF6, 0x67, 0x81, 0xF3, 0xC2, 0x24, 0x0E, 0x04, 0x14, 0x5D, 0x0F, 0x1C,
    0x09, 0xB6, 0xDA, 0x2B, 0x6D, 0x31, 0xE2, 0xE2, 0xCF, 0xB1, 0xD2, 0x82, 0xE2, 0x94, 0x4F, 0x52,
    0x81, 0x73, 0xB3, 0x94, 0xD9, 0xD4, 0xE7, 0x63, 0x65, 0x8E, 0xC7, 0x63, 0x3C, 0xC2, 0x53, 0x32,
    0x4E, 0xBE, 0x62, 0x79, 0x58, 0x29, 0xF3, 0x82, 0x14, 0x05, 0xC8, 0xDD, 0xC3, 0x5B, 0x27, 0xE1,
    0xF6, 0x9B, 0x8C, 0x17, 0x72, 0x8A, 0xD1, 0xBD, 0x2C, 0x43, 0x8C, 0x40, 0xE0, 0x0C, 0x23, 0xFD,
    0x8A, 0x23, 0x8C, 0xA8, 0xFC, 0x10, 0x0B, 0x40, 0xE0, 0x00, 0x23, 0x83, 0xEA, 0x18, 0x6F, 0x31,
    0xFF, 0x4E, 0x52, 0xD7, 0x98, 0xF6, 0xDA, 0x31, 0xED, 0xB5, 0x63, 0xDB, 0x46, 0x17, 0xC7, 0xF2,
    0x57, 0x99, 0xF4, 0x36, 0x69, 0x9F, 0x5D, 0x12, 0xD1, 0xC9, 0x92, 0x78, 0x6C, 0x6F, 0x49, 0x1C,
    0xF6, 0xE3, 0x44, 0xFC, 0xB5, 0x90, 0x68, 0x77, 0x5D, 0x12, 0x6F, 0x8D, 0x96, 0xB4, 0xB3, 0x2E,
    0x69, 0x5F, 0xD5, 0x0C, 0xC3, 0xCC, 0x12, 0x6E, 0xEE, 0x01, 0x91, 0x88, 0x5E, 0x61, 0x11, 0x99,
    0x7A, 0xFB, 0xB5, 0xD6, 0xFB, 0x29, 0x5A, 0x81, 0xFD, 0x31, 0x67, 0xF5, 0x96, 0xA5, 0xC4, 0x6B,
    0x32, 0x22, 0xE2, 0x93, 0x08, 0x0C, 0x88, 0xBE, 0x16, 0xED, 0xA7, 0xE8, 0x0A, 0x7E, 0x53, 0xB4,
    0xDE, 0xAF, 0x65, 0xF6, 0x6F, 0xB5, 0xDC, 0x6D, 0x5B, 0xE2, 0xB5, 0x8E, 0x44, 0x59, 0x45, 0x2A,
    0xC7, 0xE5, 0x39, 0x4A, 0x6D, 0x30, 0xC7, 0x72, 0x6A, 0x8B, 0x96, 0xB0, 0x99, 0x68, 0xEB, 0x2D,
    0x4A, 0xE4, 0x0C, 0xE3, 0x70, 0x3E, 0xC2, 0x58, 0x1B, 0x1C, 0x60, 0x8C, 0xB7, 0x3D, 0x45, 0xF8,
    0x32, 0x4E, 0xB5, 0x81, 0x81, 0xC5, 0xCA, 0xF6, 0x71, 0xC5, 0x2F, 0xF4, 0xA8, 0x3B, 0x39, 0x30,
    0x9F, 0x78, 0xEA, 0xC6, 0x62, 0x98, 0xB3, 0x89, 0x92, 0x92, 0x1A, 0x3A, 0x23, 0xE9, 0x62, 0x38,
    0x6A, 0xE8, 0x7C, 0xD4, 0xD0, 0xFB, 0xDB, 0xD0, 0xFB, 0x3B, 0x58, 0x0C, 0x67, 0x33, 0x89, 0xD9,
    0x48, 0xE2, 0xBD, 0xD9, 0xEB, 0x05, 0x88, 0xC2, 0x97, 0x4D, 0x14, 0x39, 0x88, 0x07, 0xDF, 0x7C,
    0xE6, 0xD5, 0xD0, 0xF4, 0x97, 0x62, 0xA4, 0x63, 0x14, 0x0D, 0x08, 0xF3, 0x61, 0x1C, 0x10, 0x5E,
    0xD1, 0x57, 0x7C, 0x83, 0xEC, 0xEB, 0x1C, 0xED, 0xC7, 0xB1, 0x56, 0x5C, 0x1B, 0x53, 0x47, 0x6D,
    0xFD, 0xC4, 0xED, 0x9E, 0xEC, 0x49, 0x9E, 0xFA, 0x6A, 0x36, 0x49, 0x0C, 0x69, 0xF5, 0x96, 0x47,
    0x79, 0x65, 0x91, 0xB8, 0xA0, 0x28, 0x73, 0x5E, 0x51, 0xEA, 0x02, 0xD3, 0x7C, 0xCC, 0xA3, 0x4C,
    0xC6, 0x68, 0x21, 0xBB, 0xCC, 0xBA, 0x8B, 0x4D, 0x2B, 0xC8, 0x2F, 0x0B, 0x82, 0x0C, 0x69, 0x6F,
    0x6A, 0x3D, 0xFD, 0x01, 0x12, 0x1A, 0x3C, 0xBA, 0xC1, 0x66, 0x4F, 0x8F, 0x6F, 0x22, 0x6D, 0x32,
    0x25, 0xC6, 0x47, 0x9A, 0x9C, 0xB5, 0x40, 0x14, 0xBC, 0xB2, 0x0C, 0xA7, 0xAA, 0x24, 0x1C, 0x82,
    0x57, 0x4D, 0xB5, 0xE7, 0xAB, 0xA7, 0x51, 0xDD, 0xB9, 0xD0, 0x75, 0xA8, 0xD0, 0x7A, 0x9F, 0xB9,
    0x25, 0xF5, 0xEC, 0x17, 0x37, 0x5F, 0xF3, 0xCC, 0x94, 0xB1, 0x3E, 0x2C, 0x55, 0x5D, 0x9F, 0xE9,
    0x71, 0x92, 0x3C, 0xBD, 0x2C, 0x93, 0xEB, 0xE6, 0xEF, 0xD6, 0xF9, 0x72, 0xCC, 0xA8, 0xED, 0xD5,
    0xD2, 0x7F, 0x9D, 0x05, 0xAD, 0x2C, 0x18, 0x9B, 0xA9, 0x74, 0x54, 0xCF, 0x85, 0x7B, 0xC1, 0x0D,
    0x9E, 0xED, 0xBD, 0x17, 0x44, 0x58, 0x42, 0xE0, 0xFD, 0xEE, 0xC3, 0xF6, 0xBC, 0xBC, 0x08, 0x98,
    0x96, 0x1B, 0x7C, 0x13, 0x30, 0x51, 0x65, 0x04, 0x4E, 0x31, 0x1D, 0x57, 0x67, 0xF8, 0x20, 0x6B,
    0xD6, 0xF9, 0x38, 0x2E, 0xE9, 0x67, 0x43, 0x7E, 0x59, 0x6D, 0x7B, 0x0F, 0x90, 0x33, 0xB5, 0x80,
    0x5B, 0x3C, 0xA5, 0x8C, 0x6B, 0xA4, 0xE5, 0xA3, 0x56, 0xD0, 0x9D, 0x75, 0x94, 0x63, 0x2B, 0xB7,
    0xC3, 0xDB, 0x8B, 0xD1, 0xD3, 0xF0, 0xBD, 0x13, 0x69, 0xCC, 0xAC, 0x17, 0x0E, 0x37, 0x70, 0x43,
    0x14, 0xC6, 0x07, 0x38, 0x61, 0xF1, 0x83, 0x2B, 0x9C, 0x4F, 0xB1, 0xD3, 0xF4, 0x25, 0x4E, 0xF7,
    0x3D, 0xD0, 0x1E, 0x95, 0x8A, 0xB4, 0xF5, 0x77, 0x15, 0xFD, 0xD6, 0x4B, 0x71, 0x90, 0xA3, 0x3D,
    0x98, 0xE1, 0x45, 0x80, 0xAB, 0xFF, 0xF7, 0x49, 0x58, 0xDC, 0xEC, 0x02, 0xEC, 0xB9, 0x27, 0x5E,
    0x02, 0x88, 0xD9, 0xB1, 0x09, 0x95, 0x68, 0xA4, 0x65, 0x02, 0x2D, 0xB9, 0xC4, 0xE9, 0x70, 0x53,
    0x7F, 0x90, 0xF2, 0x61, 0x4B, 0xFA, 0x6C, 0x97, 0x73, 0x79, 0xF9, 0xD4, 0x71, 0x24, 0x6A, 0x9F,
    0x14, 0xAD, 0x21, 0xC7, 0xEF, 0xCE, 0x6A, 0x9D, 0xB5, 0xCA, 0x5A, 0x63, 0xAD, 0xB0, 0xD6, 0x57,
    0xD4, 0xED, 0x89, 0xB6, 0x3F, 0xD3, 0xCA, 0x6A, 0x5D, 0xB3, 0x17, 0x74, 0xB6, 0x34, 0x7D, 0x30,
    0x4F, 0x31, 0xDA, 0x2E, 0x61, 0xDF, 0x2E, 0x80, 0x18, 0x15, 0x8C, 0x64, 0x44, 0x40, 0x96, 0x46,
    0x05, 0x05, 0x87, 0x2D, 0x61, 0x62, 0x6D, 0x97, 0x58, 0xEC, 0x12, 0xC5, 0x62, 0x17, 0x5F, 0x06,
    0x6F, 0x86, 0x55, 0x43, 0x97, 0xCC, 0x3F, 0xEE, 0x64, 0x0D, 0x67, 0xB5, 0x63, 0xD2, 0xBD, 0x05,
    0xEE, 0xAD, 0x54, 0x9B, 0xEF, 0xC6, 0x98, 0xE1, 0xB1, 0x59, 0x65, 0x4F, 0x05, 0x45, 0x1C, 0xBF,
    0xAB, 0x6F, 0xC1, 0x83, 0x8C, 0x0B, 0xE9, 0x19, 0x78, 0x60, 0x3C, 0xCC, 0x8D, 0xAD, 0xAA, 0x85,
    0x58, 0xED, 0x75, 0x7F, 0x1A, 0xC3, 0x9F, 0xAC, 0x54, 0x9A, 0x87, 0xF7, 0x73, 0xC8, 0xF8, 0xCD,
    0x43, 0xB3, 0x32, 0xFB, 0xDE, 0x83, 0x88, 0xBD, 0x87, 0x0E, 0xC7, 0x5B, 0xB9, 0x87, 0xAC, 0x5B,
    0x5E, 0xBB, 0x58, 0x76, 0x10, 0xC2, 0xFB, 0x39, 0x58, 0xD2, 0xE5, 0x74, 0xD1, 0x27, 0xE0, 0xD3,
    0xED, 0x91, 0x21, 0xE5, 0xF8, 0xBC, 0x84, 0xE0, 0xD5, 0x46, 0xB7, 0x08, 0x56, 0xED, 0x3C, 0xC9,
    0xB7, 0xCC, 0x3E, 0xE1, 0xC1, 0xB5, 0x3C, 0x9A, 0xD9, 0xA4, 0x48, 0xC3, 0xF7, 0xD8, 0x15, 0x6B,
    0xF3, 0x52, 0xFB, 0x0F, 0x2E, 0xA2, 0xAB, 0x47, 0xB4, 0xFA, 0x1F, 0xF7, 0x29, 0x41, 0xE2, 0x2B,
    0x01, 0xCB, 0x0E, 0x5F, 0x09, 0xD8, 0xCF, 0xC1, 0x5E, 0x80, 0x21, 0x6F, 0x01, 0x0D, 0x27, 0x12,
    0xE0, 0x50, 0xED, 0x00, 0x8F, 0xA3, 0xBF, 0x9C, 0xF8, 0x25, 0x22, 0xCF, 0xDA, 0x27, 0x7B, 0xFC,
    0xCD, 0x4F, 0x26, 0x18, 0x07, 0xCB, 0xA3, 0x37, 0x7B, 0x25, 0x20, 0x27, 0x38, 0xAB, 0x9D, 0x47,
    0xEB, 0xA7, 0x57, 0x3F, 0x42, 0x3C, 0xAE, 0xE2, 0x77, 0x5B, 0xB8, 0xD8, 0x9B, 0xB8, 0xB4, 0xA6,
    0x56, 0x39, 0x47, 0xB4, 0x1A, 0x18, 0x6D, 0xF3, 0x3D, 0x7C, 0x7B, 0x62, 0x13, 0xF2, 0xAE, 0xAC,
    0x21, 0x57, 0xD6, 0x5E, 0xC7, 0xA5, 0xB8, 0x1A, 0x38, 0x2F, 0xE2, 0x47, 0x66, 0x8F, 0x0C, 0x74,
    0x58, 0x5A, 0x2B, 0xD2, 0x66, 0xE1, 0xCB, 0x63, 0xF1, 0x8F, 0xBB, 0x6A, 0x62, 0xF9, 0x27, 0x6B,
    0x48, 0x7A, 0x2D, 0x96, 0x0E, 0x1D, 0xCB, 0xFB, 0x73, 0xB7, 0xED, 0x22, 0xC5, 0x2E, 0x54, 0x54,
    0x31, 0xAC, 0xDA, 0x9E, 0xAB, 0x8E, 0x42, 0xE3, 0xA8, 0xF6, 0x12, 0xAA, 0xDD, 0xBF, 0xA7, 0x07,
    0x2D, 0xB1, 0x03, 0x91, 0xE8, 0xE3, 0x88, 0x73, 0x0A, 0x51, 0x71, 0xB1, 0x17, 0x97, 0xCD, 0x68,
    0xA9, 0x6C, 0x9F, 0x88, 0xCB, 0x95, 0x73, 0xB1, 0xD1, 0x0D, 0x17, 0xEC, 0x9F, 0xBD, 0x92, 0x38,
    0xF6, 0x5A, 0xE4, 0x1C, 0xB9, 0xA4, 0x2C, 0x0E, 0xCF, 0x23, 0x43, 0xDE, 0x83, 0x3C, 0x60, 0x73,
    0xAE, 0x66, 0x1F, 0x1D, 0x4E, 0x1E, 0xE4, 0x7B, 0xA8, 0xC6, 0x10, 0x35, 0x2B, 0xAD, 0x35, 0x5F,
    0xC5, 0x15, 0xD3, 0x2F, 0x44, 0x55, 0x57, 0x3D, 0xFC, 0x59, 0x67, 0x9F, 0xBF, 0xE0, 0x9C, 0x47,
    0x29, 0x3A, 0x6A, 0xBD, 0xED, 0x8F, 0x8D, 0x14, 0x71, 0x00, 0x38, 0x69, 0x51, 0x39, 0xDE, 0xF7,
    0xE8, 0x6D, 0x9C, 0x0F, 0xEB, 0xAD, 0xB0, 0x61, 0x9C, 0xBF, 0x4A, 0x88, 0x1A, 0x09, 0xE5, 0x8D,
    0xB3, 0xD6, 0x6A, 0xAA, 0x03, 0x66, 0x52, 0x1E, 0x86, 0x36, 0xE5, 0xF2, 0xF8, 0xD4, 0xD9, 0x76,
    0xB9, 0xB8, 0x8A, 0x4B, 0xC1, 0x8C, 0xC7, 0xDC, 0x43, 0x53, 0xDD, 0x2A, 0xBC, 0x7F, 0xAD, 0x83,
    0x12, 0xE3, 0x35, 0xCE, 0x6B, 0x9C, 0x8D, 0x94, 0x75, 0x3D, 0x89, 0x94, 0x3B, 0xD5, 0x8D, 0x94,
    0xF3, 0xDE, 0xF9, 0x48, 0x15, 0x5A, 0xAB, 0x1C, 0x31, 0x38, 0x1B, 0x4A, 0x3E, 0x82, 0x85, 0x8F,
    0xC3, 0x65, 0xCD, 0xCD, 0xB5, 0x45, 0xB6, 0x89, 0xBB, 0x0E, 0x3B, 0x2D, 0x88, 0x51, 0x96, 0x30,
    0x47, 0xD5, 0xB7, 0x0E, 0x78, 0xF1, 0x0A, 0xAC, 0x16, 0x20, 0x46, 0x4B, 0x05, 0x0F, 0x31, 0x8A,
    0xCC, 0x72, 0xBD, 0xAB, 0xDC, 0x17, 0x66, 0xE3, 0x59, 0x86, 0x19, 0xFD, 0xEF, 0x01, 0xFD, 0x22,
    0x86, 0x6E, 0x07, 0xB7, 0x84, 0x12, 0x27, 0x72, 0x0D, 0xE5, 0xCD, 0xAC, 0xAE, 0x2E, 0xC2, 0xE2,
    0xC1, 0xE1, 0x77, 0xA5, 0x71, 0x6B, 0x6D, 0x01, 0x7E, 0x2C, 0x11, 0x64, 0xB8, 0x06, 0xA1, 0x39,
    0xF8, 0x04, 0x6C, 0xCB, 0x13, 0x70, 0xCB, 0x17, 0x74, 0xD3, 0x17, 0x78, 0xD6, 0xED, 0xC0, 0x37,
    0x03, 0x51, 0xC0, 0x0C, 0x44, 0x03, 0xFC, 0x1D, 0x55, 0x90, 0xC1, 0x93, 0x38, 0x7F, 0xB9, 0xE0,
    0xCC, 0x36, 0xA0, 0x2F, 0x60, 0x81, 0x63, 0x12, 0x6C, 0xFA, 0x5A, 0x64, 0x28, 0xEE, 0x58, 0x7E,
    0x56, 0x06, 0x0C, 0xDF, 0xF8, 0xD0, 0xC3, 0x3D, 0x94, 0x3D, 0x71, 0xCD, 0x1F, 0x78, 0x1D, 0xCA,
    0xAD, 0x30, 0x3F, 0xD8, 0xEC, 0xDC, 0xEA, 0xD0, 0x79, 0x59, 0x87, 0x6E, 0x26, 0xEB, 0xD0, 0x4D,
    0x36, 0x77, 0xE9, 0xD0, 0x45, 0x77, 0xD4, 0xA1, 0xDB, 0xDE, 0xED, 0xCA, 0xB4, 0xCA, 0x95, 0xCA,
    0x75, 0x9A, 0xBF, 0x49, 0x13, 0xCF, 0xD3, 0x4D, 0xBC, 0x19, 0xDD, 0xC4, 0x9B, 0x6C, 0xDE, 0xA6,
    0x89, 0x17, 0xED, 0xD6, 0xC4, 0xBB, 0x53, 0x25, 0x6E, 0xE8, 0xF3, 0x79, 0xBA, 0xCF, 0x37, 0xA3,
    0xFB, 0x7C, 0x93, 0xCD, 0xDB, 0xF4, 0xF9, 0xA2, 0xDD, 0xFA, 0x7C, 0x77, 0xAA, 0x84, 0xDA, 0x59,
    0x04, 0x79, 0xBA, 0x23, 0x38, 0xA3, 0x3B, 0x82, 0x93, 0xCD, 0xDB, 0x74, 0x04, 0xA3, 0xDD, 0x3A,
    0x82, 0x77, 0xA3, 0xC4, 0xB6, 0xDE, 0xA1, 0xA7, 0x7B, 0x87, 0x33, 0xBA, 0x77, 0x38, 0xB9, 0x7C,
    0x9B, 0xDE, 0x61, 0xB4, 0x5B, 0xEF, 0x70, 0x70, 0xA4, 0x55, 0xAB, 0x90, 0x69, 0x90, 0x29, 0x30,
    0xAF, 0x76, 0x14, 0x9A, 0x1E, 0x4C, 0x4E, 0x6C, 0xBE, 0xF1, 0x3D, 0xD9, 0xFC, 0x4E, 0x7A, 0xD3,
    0x42, 0x33, 0xDA, 0x5E, 0x68, 0x7A, 0x83, 0x85, 0xE6, 0xDD, 0xDA, 0x3E, 0x12, 0xE0, 0x3A, 0xBD,
    0x90, 0xEF, 0x83, 0x13, 0x9A, 0xAD, 0xC9, 0xC9, 0x26, 0xDF, 0x06, 0x27, 0xB8, 0xFD, 0x04, 0x97,
    0xCD, 0x77, 0xC1, 0x01, 0xCF, 0x64, 0x09, 0x7C, 0xBE, 0x09, 0x0E, 0x05, 0xE4, 0x45, 0xF0, 0xE1,
    0xFC, 0x3D, 0xF0, 0xFE, 0x6B, 0xE0, 0xD9, 0xE3, 0x55, 0x0E, 0x42, 0x7E, 0xAE, 0x48, 0xDD, 0x6A,
    0x6A, 0x7A, 0x59, 0x53, 0x73, 0x26, 0x6B, 0x6A, 0x4E, 0x36, 0x77, 0x69, 0x6A, 0x46, 0x77, 0xD5,
    0xD4, 0xBC, 0x63, 0x5B, 0xED, 0xEC, 0x7B, 0x7A, 0xBA, 0xEF, 0x39, 0xA3, 0xFB, 0x9E, 0x93, 0xCD,
    0xDB, 0xF4, 0x3D, 0xA3, 0xDD, 0xFA, 0x9E, 0x77, 0x6F, 0x24, 0xFD, 0xAA, 0x39, 0xDC, 0x55, 0xDE,
    0x34, 0xA7, 0x32, 0x7C, 0xD1, 0x9C, 0xDA, 0xC8, 0x7B, 0xE6, 0x93, 0x4D, 0x79, 0xCD, 0x1C, 0xFA,
    0xC8, 0x5B, 0xE6, 0xA4, 0xB6, 0x7C, 0xC9, 0x1C, 0x1A, 0xC9, 0x3B, 0xE6, 0x50, 0x49, 0x5E, 0x31,
    0x87, 0x4E, 0xFA, 0x0D, 0xF3, 0xE1, 0xAD, 0x17, 0xCC, 0xFB, 0xEF, 0x97, 0xF3, 0x09, 0xAF, 0xAF,
    0x9F, 0x5F, 0x9B, 0x1F, 0xCC, 0xA2, 0x90, 0xC7, 0x61, 0xBB, 0xF7, 0x48, 0x3E, 0xC6, 0xD3, 0x01,
    0x31, 0xFF, 0xB9, 0x0C, 0x6D, 0x97, 0xEE, 0xC7, 0x67, 0x25, 0x50, 0x25, 0xBE, 0xD3, 0x50, 0x88,
    0xF0, 0x29, 0x6F, 0xAD, 0xA8, 0x92, 0xED, 0xED, 0x1F, 0xAF, 0x79, 0x4E, 0xF1, 0xBA, 0x6F, 0x9F,
    0xB5, 0x7C, 0x63, 0x7D, 0x0E, 0x8A, 0x77, 0x07, 0xDE, 0x67, 0x2D, 0xCB, 0x3E, 0x94, 0xA5, 0x4B,
    0x83, 0x15, 0x8F, 0xCA, 0x7A, 0x47, 0x65, 0xB5, 0xB2, 0x5F, 0xF3, 0x3B, 0xBB, 0xA2, 0x9E, 0x74,
    0x45, 0x67, 0xA4, 0x2B, 0x8A, 0x15, 0xDE, 0xBC, 0x2B, 0x1A, 0xDD, 0xA6, 0x2B, 0x7A, 0xB7, 0x81,
    0xD1, 0x67, 0x9A, 0x9E, 0x66, 0x9A, 0x33, 0x9A, 0x69, 0xC2, 0x05, 0x6F, 0xCD, 0x34, 0xA3, 0xDD,
    0x98, 0xE6, 0xE7, 0xC8, 0x07, 0x25, 0x09, 0xCA, 0x92, 0x40, 0xDF, 0x82, 0x78, 0x46, 0xB7, 0x21,
    0x9E, 0x77, 0xBA, 0xEC, 0x1B, 0xDA, 0xB0, 0x9E, 0x6E, 0xC3, 0xCE, 0xE8, 0x36, 0x2C, 0x96, 0x7D,
    0xEB, 0x36, 0x6C, 0xB4, 0x5B, 0x1B, 0xF6, 0x73, 0xD9, 0xBE, 0xAE, 0x6D, 0xCF, 0x86, 0xED, 0x8C,
    0x6E, 0xD8, 0x42, 0x89, 0x5B, 0x37, 0x6C, 0xA3, 0xDD, 0x1A, 0xB6, 0x77, 0xAA, 0xC4, 0x0D, 0x3D,
    0x5D, 0x4F, 0xF7, 0x74, 0x67, 0x74, 0x4F, 0x77, 0xB2, 0x79, 0x9B, 0x9E, 0x6E, 0xB4, 0x5B, 0x4F,
    0xF7, 0x8E, 0x1D, 0x20, 0xEF, 0xFB, 0x7A, 0xD2, 0xF7, 0x9D, 0x91, 0xBE, 0xEF, 0x64, 0xF3, 0x16,
    0x7D, 0xDF, 0x68, 0xD7, 0xBE, 0xEF, 0x9D, 0xE1, 0x0E, 0xF4, 0x86, 0x3D, 0xE9, 0x0D, 0xCF, 0x48,
    0x6F, 0x78, 0xB2, 0x79, 0x8B, 0xDE, 0x70, 0x74, 0x9B, 0xDE, 0xF0, 0x5D, 0xAD, 0xB4, 0x5E, 0xDF,
    0x90, 0xBD, 0x26, 0x62, 0x41, 0x11, 0xB1, 0x12, 0x11, 0x71, 0xBD, 0x49, 0xC4, 0xD8, 0x21, 0x22,
    0xAA, 0x0F, 0x20, 0xB6, 0xF9, 0x8C, 0xCD, 0x1B, 0x57, 0x44, 0xFC, 0x4A, 0xB6, 0xC6, 0xEC, 0x7A,
    0xA7, 0x1B, 0x7C, 0x43, 0xB3, 0xD9, 0xD3, 0xCD, 0xE6, 0x19, 0xDD, 0x6C, 0x9E, 0x6C, 0xDE, 0xA6,
    0xD9, 0x1C, 0xED, 0xD6, 0x6C, 0xFE, 0x9C, 0x67, 0xDE, 0x56, 0x73, 0xDA, 0xCB, 0x9A, 0xD3, 0x33,
    0x59, 0x73, 0x7A, 0xB2, 0xB9, 0x4B, 0x73, 0x3A, 0xBA, 0xA3, 0xE6, 0x74, 0x39, 0xD3, 0x89, 0xFA,
    0xD8, 0x2C, 0xAC, 0x0F, 0x9D, 0xC9, 0x9F, 0xC9, 0xEA, 0xA6, 0x75, 0x9E, 0xEE, 0x8F, 0xDF, 0xAA,
    0x69, 0xDD, 0xDE, 0xB5, 0x69, 0x7D, 0xB7, 0x61, 0x9E, 0x0C, 0x86, 0xB9, 0x4E, 0xB1, 0x6C, 0x6F,
    0x23, 0xCC, 0x6F, 0xDD, 0xDE, 0x8E, 0x76, 0x6B, 0x6F, 0x97, 0xFB, 0x2A, 0x88, 0x02, 0x1A, 0xFE,
    0x50, 0xA2, 0x1F, 0x6E, 0xEB, 0x0E, 0x35, 0xDB, 0x93, 0x2C, 0x78, 0x46, 0x94, 0x35, 0x95, 0xE0,
    0x32, 0x59, 0x1D, 0x21, 0x5C, 0x7E, 0xF1, 0xF1, 0x33, 0xF3, 0xAD, 0x78, 0x04, 0xEB, 0xC5, 0x57,
    0x6A, 0x18, 0x3F, 0xC3, 0x97, 0x4F, 0xF2, 0x0D, 0x82, 0x4F, 0x70, 0x39, 0xD7, 0xA5, 0x7B, 0x93,
    0xB6, 0x7B, 0x5F, 0xB9, 0x11, 0x8D, 0xAB, 0x14, 0xD3, 0xF2, 0xA7, 0x03, 0xFD, 0x70, 0x5F, 0xFF,
    0xFF, 0x09, 0x8C, 0xD2, 0xC0, 0xB7, 0xED, 0x87, 0xB7, 0x6F, 0xDE, 0x0F, 0xE7, 0x74, 0xBE, 0x4C,
    0xE8, 0xF3, 0xC1, 0x25, 0x1F, 0x5B, 0x16, 0x64, 0x9C, 0x27, 0xE8, 0xF7, 0xC9, 0x65, 0x83, 0xF7,
    0xE2, 0xB3, 0x78, 0x93, 0x3E, 0xB9, 0x71, 0xDB, 0x3E, 0xF9, 0xDD, 0xEE, 0x5B, 0xBF, 0xA3, 0xEE,
    0xE9, 0x8E, 0xFA, 0x8C, 0xEE, 0xA8, 0x83, 0x34, 0xDC, 0xBA, 0xA3, 0x1E, 0xED, 0xD6, 0x51, 0xBF,
    0x53, 0x25, 0x6E, 0x68, 0xBA, 0x7B, 0xBA, 0xE9, 0x3E, 0xA3, 0x9B, 0xEE, 0x20, 0x73, 0xB7, 0x6E,
    0xBA, 0x47, 0xBB, 0x35, 0xDD, 0xEF, 0xD6, 0x12, 0xFD, 0xF6, 0xBC, 0xA7, 0xDB, 0xF3, 0x33, 0xBA,
    0x3D, 0x8F, 0x98, 0xBD, 0x75, 0x7B, 0x3E, 0xDA, 0xAD, 0x3D, 0xFF, 0x7F, 0xBD, 0x7B, 0x5D, 0x6C,
    0x1C, 0x57, 0x76, 0xE6, 0xAD, 0x2E, 0x49, 0x65, 0xBB, 0x92, 0xBE, 0x42, 0xC0, 0x99, 0x24, 0x50,
    0xC8, 0xCE, 0x83, 0x1E, 0x0C, 0xA6, 0xC9, 0x7E, 0x99, 0x87, 0x46, 0x52, 0x64, 0x97, 0xE4, 0x05,
    0x06, 0x58, 0x03, 0x96, 0x80, 0xC4, 0x99, 0x07, 0x63, 0xA2, 0x3C, 0xE6, 0x25, 0xA3, 0x3C, 0x10,
    0x48, 0x23, 0x91, 0xD4, 0x65, 0x29, 0x0B, 0x03, 0xEB, 0x07, 0x6B, 0xB1, 0x98, 0x7D, 0x11, 0x10,
    0x0B, 0xC1, 0x3C, 0x8C, 0x9B, 0x58, 0x90, 0xC0, 0x72, 0xB1, 0x9C, 0x31, 0xD9, 0x5D, 0x96, 0x80,
    0x18, 0xBB, 0x02, 0xCC, 0x52, 0x8C, 0x89, 0x1F, 0x84, 0x58, 0x95, 0x64, 0x0C, 0x3B, 0xD2, 0x38,
    0xAC, 0xB1, 0xDB, 0x72, 0x8B, 0xEC, 0xEE, 0xDA, 0xEF, 0x3B, 0xA7, 0xBA, 0xD9, 0x94, 0x33, 0xB2,
    0x06, 0x88, 0x42, 0xA1, 0xEF, 0x65, 0x37, 0xD5, 0xE7, 0x9C, 0x7B, 0xEE, 0xF9, 0xFB, 0xCE, 0xBD,
    0x15, 0x18, 0xF9, 0x09, 0x74, 0xAA, 0xBD, 0x2C, 0x93, 0x9F, 0xA7, 0x32, 0xBF, 0x9C, 0xE9, 0xC7,
    0x2B, 0x1C, 0x5A, 0x39, 0x7F, 0xD2, 0xDA, 0xBD, 0xF6, 0xA8, 0xDD, 0xB9, 0xEA, 0x85, 0x61, 0x1E,
    0x2E, 0x18, 0xEF, 0xDB, 0x3D, 0x2F, 0xC6, 0x74, 0x7A, 0xCB, 0xEC, 0x0E, 0x8D, 0x17, 0x06, 0x66,
    0xB4, 0x8D, 0xA9, 0x6E, 0xB6, 0xF0, 0x61, 0x98, 0x5D, 0xCD, 0x16, 0x8C, 0x7B, 0x27, 0x7D, 0x90,
    0x2E, 0x98, 0x52, 0x1E, 0x36, 0xF0, 0x3F, 0xCD, 0x71, 0x90, 0x5A, 0x50, 0xB2, 0x93, 0x29, 0x98,
    0x92, 0x41, 0x45, 0x28, 0x24, 0x28, 0x04, 0x58, 0x19, 0xB3, 0xEF, 0x81, 0x7B, 0xB7, 0x7D, 0x1D,
    0xCC, 0x6D, 0x48, 0xDE, 0x8D, 0x01, 0x59, 0x6F, 0x9F, 0x27, 0xE7, 0x75, 0x2F, 0x22, 0x63, 0x37,
    0x06, 0x5F, 0xE3, 0x47, 0x60, 0xDB, 0xEE, 0x92, 0x6B, 0xDE, 0x27, 0x53, 0xBF, 0x27, 0x94, 0x5A,
    0xBA, 0xBE, 0x44, 0xA6, 0xEC, 0xD0, 0xDA, 0x9F, 0x58, 0x05, 0x19, 0x84, 0x68, 0x77, 0x44, 0x0A,
    0xD3, 0x34, 0x10, 0xE3, 0x8B, 0x84, 0xD3, 0xE9, 0xAD, 0xAC, 0x59, 0xA1, 0x20, 0x59, 0xBD, 0x41,
    0x15, 0x6C, 0x2C, 0x7D, 0x09, 0x81, 0xB2, 0xA0, 0x76, 0x93, 0xB2, 0x54, 0x1D, 0x37, 0x82, 0x30,
    0xD6, 0x78, 0x11, 0xA4, 0xF1, 0x62, 0x4B, 0x7A, 0xA5, 0x51, 0x47, 0x79, 0xAA, 0x70, 0xCF, 0x2A,
    0xAB, 0x86, 0x19, 0xBF, 0x7B, 0x62, 0xBD, 0x0C, 0x20, 0x52, 0xA7, 0xFD, 0x43, 0x48, 0x54, 0xA7,
    0x40, 0xBD, 0xBA, 0xC8, 0x53, 0xAF, 0x41, 0x17, 0x41, 0xFD, 0x9B, 0x29, 0xA4, 0xA9, 0x9B, 0x0C,
    0xC2, 0x60, 0x84, 0x2C, 0x75, 0x27, 0x85, 0x28, 0x75, 0x37, 0x86, 0x24, 0x81, 0x8D, 0x48, 0x5C,
    0xE4, 0xB0, 0x2A, 0xC6, 0x55, 0x0E, 0x8E, 0x72, 0xB8, 0xFE, 0x4B, 0x6B, 0x27, 0x14, 0x03, 0xD9,
    0x83, 0x06, 0xC2, 0x6E, 0xB8, 0x2E, 0x06, 0x92, 0xAE, 0x53, 0x1A, 0x27, 0x5B, 0xA7, 0x76, 0x2A,
    0x7C, 0x17, 0xD6, 0x3B, 0x86, 0x53, 0x36, 0xC4, 0x04, 0x89, 0x5A, 0xF8, 0x10, 0x22, 0x39, 0x83,
    0x75, 0xEE, 0xD5, 0xB3, 0x15, 0x21, 0x5B, 0x73, 0x33, 0xD5, 0xC3, 0x14, 0x13, 0xFC, 0xEA, 0xA4,
    0xFA, 0x92, 0x8F, 0x2F, 0x08, 0xDB, 0x74, 0x7E, 0xED, 0xDE, 0x55, 0x63, 0xF1, 0xA1, 0xBF, 0x81,
    0x17, 0x64, 0xB5, 0x73, 0xC6, 0x2C, 0x5A, 0x73, 0x6C, 0x60, 0xF1, 0x31, 0x5E, 0xFC, 0x17, 0x2E,
    0x1B, 0x77, 0x6F, 0x60, 0x4C, 0x17, 0x5F, 0x6C, 0x65, 0xC6, 0xED, 0x83, 0x75, 0xB2, 0x6E, 0x9C,
    0x11, 0x98, 0xFA, 0xD9, 0x81, 0x3D, 0x1C, 0xAC, 0x88, 0x1F, 0x08, 0x2B, 0x19, 0xF4, 0xEF, 0x17,
    0x8A, 0x95, 0xF6, 0xC1, 0x73, 0xB5, 0x07, 0xEA, 0x50, 0xA3, 0xBF, 0x81, 0x5D, 0xF5, 0x03, 0x2F,
    0x04, 0x5F, 0xFC, 0xB6, 0x68, 0xDD, 0x08, 0x9C, 0xDD, 0x18, 0xAC, 0x31, 0x18, 0x0E, 0xE1, 0xB2,
    0x1B, 0x83, 0x3B, 0xFE, 0xDA, 0x4D, 0xC5, 0x08, 0x37, 0xA7, 0x98, 0x19, 0x27, 0xC6, 0xE0, 0x72,
    0xF0, 0x43, 0x0C, 0x5E, 0x38, 0x7E, 0x4B, 0xC6, 0xE4, 0x16, 0xCE, 0xC3, 0xEE, 0x69, 0x1B, 0xDC,
    0xAD, 0x65, 0x9A, 0x6F, 0x40, 0x69, 0x9A, 0x4D, 0xEE, 0x14, 0xD6, 0xDB, 0x48, 0x30, 0x5C, 0xC2,
    0x2E, 0x1D, 0x09, 0x4C, 0xDD, 0x94, 0x97, 0x21, 0x6B, 0xD9, 0xDE, 0x4F, 0x8D, 0x2D, 0x61, 0xA7,
    0xEC, 0xF7, 0xCF, 0xA6, 0xC6, 0xCD, 0x47, 0xA0, 0xF5, 0x8D, 0x57, 0x8A, 0xE5, 0xE8, 0x66, 0xE5,
    0xD9, 0xFC, 0x5A, 0x5B, 0x8C, 0xD9, 0xD0, 0x20, 0x5B, 0x91, 0x99, 0xB3, 0x36, 0xF4, 0xF3, 0x81,
    0xB1, 0xB6, 0x15, 0x77, 0xFF, 0xB4, 0x66, 0x7C, 0xFF, 0xC1, 0xAD, 0xDE, 0xAC, 0x17, 0xB9, 0xF1,
    0xE9, 0x9D, 0x70, 0xD6, 0x8D, 0x4B, 0xA9, 0x8B, 0xF7, 0x27, 0x62, 0xD3, 0x39, 0x17, 0x75, 0x66,
    0x1B, 0xA1, 0xA9, 0x8C, 0x8C, 0xFF, 0xE9, 0x0C, 0xBE, 0x1C, 0x1A, 0x67, 0x58, 0x2C, 0xE7, 0x62,
    0x31, 0x2F, 0x8D, 0xD7, 0x97, 0x80, 0xDD, 0x9E, 0x13, 0xE5, 0xE0, 0xB6, 0xE6, 0x66, 0x0F, 0xB9,
    0x1B, 0xE7, 0xB3, 0x14, 0xBC, 0xBE, 0x3D, 0x5C, 0x49, 0xC9, 0x2A, 0xDC, 0x48, 0xC1, 0x29, 0x2E,
    0x65, 0x50, 0xE7, 0xE9, 0xB8, 0x1B, 0xA5, 0xE0, 0x13, 0x0F, 0x4D, 0x4A, 0x36, 0xE7, 0xA3, 0x94,
    0x5C, 0x9C, 0x5E, 0x4A, 0x26, 0x66, 0x41, 0x4D, 0xCF, 0xD7, 0xA9, 0xA4, 0x93, 0x1B, 0xD2, 0x0C,
    0xBA, 0x2F, 0x0C, 0xE6, 0x57, 0xEF, 0xFD, 0xF7, 0xFD, 0x7F, 0xFE, 0x29, 0xDC, 0xCC, 0x9E, 0xFD,
    0xCB, 0xE8, 0x59, 0x2F, 0xAA, 0x0D, 0x2B, 0x51, 0xD9, 0x8B, 0x76, 0xCF, 0xF9, 0x91, 0x75, 0xAF,
    0x64, 0xD8, 0x1A, 0xFF, 0x85, 0xBB, 0x1B, 0x98, 0xDC, 0xCB, 0xC3, 0xFA, 0x45, 0x4C, 0xF1, 0xF1,
    0xA0, 0xEF, 0x46, 0x50, 0x58, 0xFD, 0x2A, 0xA6, 0x2D, 0xFC, 0x82, 0xA9, 0x06, 0xDD, 0x61, 0x82,
    0x4D, 0x62, 0x52, 0x5D, 0xF5, 0x28, 0xFC, 0xBD, 0xB5, 0xEB, 0x62, 0x4C, 0x3E, 0x15, 0x75, 0x26,
    0xF4, 0xA9, 0xA7, 0x5B, 0xF9, 0xEB, 0x54, 0xD3, 0x3B, 0xF9, 0x8B, 0x86, 0xC2, 0xF7, 0x7D, 0x08,
    0xE5, 0xDE, 0x4C, 0x7C, 0x03, 0xE1, 0xAF, 0x0C, 0x31, 0x41, 0xF8, 0xCA, 0x2D, 0xD5, 0xD0, 0xFE,
    0x21, 0x17, 0xB7, 0xDC, 0x86, 0x2C, 0x6E, 0x85, 0x20, 0x7D, 0xFD, 0xB3, 0xFD, 0x98, 0x9B, 0xD0,
    0xBA, 0x11, 0x83, 0xF4, 0x7F, 0xAA, 0x7C, 0x10, 0x83, 0xF4, 0x87, 0x6E, 0x1E, 0x82, 0xF4, 0x8E,
    0xFB, 0x57, 0xD7, 0x41, 0xFA, 0x96, 0x7B, 0xA7, 0x07, 0xD2, 0xEF, 0x5E, 0xCE, 0x03, 0x92, 0x86,
    0xE0, 0x20, 0x0D, 0x47, 0x0D, 0x48, 0x7A, 0x4B, 0x2D, 0xAA, 0x76, 0x5F, 0xAC, 0xD4, 0xCB, 0x0B,
    0xA9, 0x63, 0x90, 0x5E, 0xBD, 0xD7, 0x8E, 0x40, 0x9A, 0x06, 0x05, 0xD2, 0x2F, 0x3C, 0x3C, 0x4B,
    0xA9, 0x6F, 0xAE, 0x0D, 0x28, 0xF5, 0xCD, 0x57, 0xBF, 0x47, 0xA9, 0x6F, 0x46, 0x56, 0xA4, 0xC6,
    0x44, 0xD2, 0xD1, 0x1C, 0xA5, 0x76, 0x23, 0x7A, 0x7D, 0xE8, 0xC6, 0x12, 0x17, 0x4A, 0xFB, 0xAA,
    0x6A, 0xA8, 0x44, 0x49, 0x8F, 0x94, 0xF4, 0x5B, 0x24, 0xFD, 0xC5, 0x59, 0x21, 0x9D, 0xE7, 0x11,
    0x49, 0xBF, 0xFA, 0x76, 0x42, 0xD2, 0xD1, 0x46, 0x46, 0xD2, 0x1F, 0x64, 0x19, 0x48, 0xDF, 0xC8,
    0xA3, 0x8C, 0xBB, 0x79, 0xBC, 0x94, 0x50, 0x21, 0x61, 0x25, 0xA2, 0xD4, 0xB9, 0x9A, 0xCC, 0x37,
    0xF3, 0x48, 0x66, 0xAF, 0xAF, 0x8A, 0xA9, 0x16, 0xE6, 0x99, 0x87, 0x62, 0x9F, 0xF9, 0xBD, 0x36,
    0x95, 0x65, 0x4A, 0x0F, 0x12, 0x59, 0xC2, 0x1F, 0x79, 0xD1, 0x50, 0x16, 0xB1, 0xE3, 0x33, 0x76,
    0x52, 0x43, 0xFE, 0xB5, 0x74, 0x83, 0x0B, 0x79, 0xF7, 0x4A, 0x9E, 0x65, 0xBA, 0x01, 0xC7, 0xD7,
    0x33, 0x2E, 0x26, 0xEA, 0x19, 0x7C, 0x42, 0x9E, 0x8D, 0xEF, 0xA4, 0x99, 0x6C, 0x83, 0x4F, 0x59,
    0xE4, 0xE7, 0x38, 0xE2, 0xCF, 0xB4, 0xC7, 0x4F, 0xFF, 0xFC, 0xAA, 0xAE, 0x73, 0x68, 0xD5, 0x49,
    0xB6, 0xED, 0x55, 0x71, 0x92, 0x85, 0xB2, 0x38, 0x49, 0x69, 0x58, 0x16, 0x27, 0x69, 0x7C, 0x5A,
    0xA6, 0x00, 0x37, 0xFA, 0xB3, 0x65, 0xF2, 0xDF, 0x89, 0x30, 0x83, 0xFD, 0x4E, 0x52, 0x79, 0x89,
    0xDC, 0x2F, 0x0F, 0x2B, 0x1F, 0x0A, 0x73, 0xFB, 0xDD, 0x91, 0xF0, 0x2E, 0x7D, 0xBA, 0xAC, 0xE4,
    0xB7, 0xE7, 0x26, 0x4E, 0x42, 0x2B, 0x30, 0xB5, 0xB4, 0x6B, 0x68, 0x07, 0x66, 0xB4, 0x7F, 0x5F,
    0x2C, 0xC1, 0x4D, 0x1A, 0x2F, 0xC4, 0xE2, 0x8F, 0xD1, 0x92, 0x4B, 0x6B, 0x40, 0x28, 0x09, 0x2A,
    0xB4, 0x87, 0xFF, 0xE7, 0x5F, 0x0D, 0x6A, 0xE2, 0x92, 0x6E, 0xD6, 0x28, 0xD1, 0x27, 0xDF, 0x33,
    0x67, 0x1B, 0x1F, 0xD0, 0x29, 0xDF, 0x00, 0xC1, 0x9C, 0x5E, 0xE9, 0x7F, 0xF4, 0x07, 0x81, 0xB8,
    0x65, 0x09, 0xE9, 0x41, 0x39, 0x1D, 0x7D, 0x79, 0x30, 0x5E, 0x5B, 0xF0, 0xB8, 0xCC, 0xA7, 0xBA,
    0x79, 0x79, 0x73, 0xFC, 0xD7, 0xAF, 0x5A, 0x52, 0xA4, 0x96, 0x84, 0x89, 0xDB, 0x7D, 0xF9, 0xC9,
    0x2D, 0xA9, 0xFF, 0x88, 0x25, 0x3D, 0x1A, 0x71, 0xC7, 0x41, 0x58, 0x03, 0xEE, 0x78, 0x1A, 0x47,
    0xE6, 0x0B, 0x93, 0x2A, 0x84, 0x3B, 0x22, 0x31, 0xDF, 0x30, 0xEC, 0x8B, 0x92, 0x36, 0x64, 0x3B,
    0x10, 0xFC, 0x19, 0x48, 0x10, 0xFF, 0xE9, 0x8B, 0x8B, 0x22, 0xCB, 0xDF, 0x0E, 0x44, 0x96, 0x37,
    0x90, 0x08, 0x20, 0x8B, 0x95, 0x5D, 0x0C, 0x99, 0x0E, 0x18, 0x38, 0xF6, 0x54, 0x27, 0xDD, 0x74,
    0x6A, 0x99, 0xED, 0x3D, 0x59, 0x26, 0xC2, 0x8F, 0x90, 0x4E, 0x65, 0x99, 0x71, 0x7A, 0x41, 0x48,
    0xA7, 0x43, 0x92, 0x4E, 0xBE, 0xFC, 0x90, 0xA4, 0xB3, 0xAE, 0x90, 0xEE, 0x1D, 0x11, 0xD2, 0x81,
    0x29, 0x0B, 0x69, 0x0D, 0x7C, 0xDE, 0x9E, 0x5A, 0x73, 0x37, 0x79, 0xEA, 0x1A, 0x94, 0x40, 0xF2,
    0xD9, 0x48, 0x2C, 0x75, 0x75, 0x77, 0x47, 0x63, 0x54, 0x4E, 0x0E, 0x2F, 0x21, 0xD6, 0xD0, 0x51,
    0x4C, 0x45, 0xDC, 0x24, 0xB1, 0xC2, 0x61, 0x20, 0x1C, 0xE2, 0x3F, 0x11, 0x0E, 0xB2, 0x54, 0x58,
    0xA8, 0xEA, 0x45, 0x27, 0x33, 0x35, 0x15, 0xBE, 0x28, 0x4E, 0xD0, 0x6E, 0xCB, 0xE7, 0x47, 0xC4,
    0x0B, 0x1D, 0xF1, 0xF6, 0x1D, 0xF7, 0xE3, 0x54, 0x62, 0x54, 0x4C, 0x6F, 0x7F, 0xF7, 0x72, 0xD8,
    0xA4, 0xF0, 0x31, 0xD2, 0x10, 0xAC, 0x3F, 0x45, 0x85, 0x04, 0xD2, 0x3D, 0xEE, 0x60, 0x48, 0x07,
    0x54, 0x0B, 0x8B, 0x0A, 0xE7, 0x3B, 0x88, 0xDD, 0x9F, 0x8D, 0xDC, 0x01, 0x03, 0xEC, 0xEE, 0xCD,
    0x9F, 0x82, 0x43, 0x19, 0xAB, 0x67, 0x80, 0x2D, 0xBD, 0x4F, 0x0E, 0xB7, 0xF0, 0x8E, 0x9A, 0xF7,
    0x6F, 0xD2, 0xE6, 0x6F, 0x40, 0x17, 0xE4, 0x90, 0x41, 0x87, 0x9D, 0x73, 0xAF, 0x76, 0x30, 0x81,
    0x83, 0xF7, 0xBE, 0xC4, 0x13, 0xF3, 0x7F, 0x94, 0x74, 0x4D, 0x27, 0xBF, 0x88, 0x82, 0x99, 0xC4,
    0xEE, 0x36, 0xED, 0x85, 0xB9, 0x95, 0x89, 0x27, 0x5C, 0xA4, 0x5E, 0xDE, 0x3D, 0x9D, 0x53, 0x2F,
    0xEF, 0x9E, 0xD9, 0x91, 0xE0, 0xB1, 0x3D, 0x4B, 0xBD, 0xBC, 0x8B, 0xAA, 0x55, 0x02, 0x6C, 0x55,
    0xF5, 0xB2, 0xA0, 0x7A, 0x99, 0x55, 0x71, 0xCB, 0x87, 0xD4, 0xA3, 0xCE, 0x3B, 0x10, 0xCD, 0xFF,
    0x4D, 0x5F, 0x42, 0x84, 0x1B, 0x2F, 0x92, 0xC3, 0xA9, 0xFB, 0x23, 0x31, 0x9B, 0xFC, 0xAF, 0x85,
    0x43, 0xAF, 0x08, 0x0F, 0x1A, 0x1D, 0xD2, 0xB2, 0x11, 0xE1, 0xCB, 0xC2, 0xC1, 0xFF, 0x50, 0xB3,
    0xC3, 0x48, 0x29, 0x5E, 0xD2, 0x69, 0xD1, 0xB4, 0xA6, 0x72, 0xF4, 0x9A, 0xA6, 0x68, 0x0D, 0x3E,
    0xC7, 0x25, 0xF6, 0xDC, 0x1C, 0x49, 0xE8, 0xD9, 0xB9, 0xF6, 0x9E, 0x90, 0x36, 0x23, 0x21, 0x6D,
    0x96, 0xC5, 0xD8, 0x23, 0x21, 0xED, 0x26, 0x62, 0x91, 0x26, 0x2A, 0x1F, 0x12, 0xBE, 0x98, 0xB0,
    0x2B, 0x94, 0xBE, 0x95, 0xE4, 0x8C, 0x3C, 0x7F, 0xB3, 0xD7, 0xDF, 0xE3, 0xBA, 0xFC, 0x78, 0x31,
    0x23, 0x97, 0x73, 0x21, 0xEA, 0x30, 0x6E, 0x70, 0x1F, 0x15, 0x13, 0x13, 0xDC, 0x25, 0xC4, 0x51,
    0x7A, 0x55, 0x2D, 0x96, 0x08, 0x1B, 0xB3, 0xCA, 0xA0, 0xFD, 0x34, 0x8D, 0xC6, 0x57, 0xF5, 0xD3,
    0x70, 0xAA, 0x92, 0xCA, 0xA6, 0xF9, 0x48, 0xA1, 0xAA, 0x1B, 0xD1, 0xFE, 0x01, 0xF9, 0xF4, 0xEC,
    0x4F, 0x65, 0x35, 0x97, 0x6C, 0x2E, 0x9A, 0xAA, 0xD8, 0x4A, 0x4C, 0x3E, 0x23, 0x5B, 0x4A, 0x98,
    0xEE, 0xE0, 0xAF, 0xA9, 0x84, 0x52, 0xEB, 0x25, 0xE0, 0xF3, 0xDA, 0xD0, 0xD6, 0x62, 0x49, 0xA6,
    0x3B, 0x45, 0xBD, 0x91, 0x9B, 0x43, 0xE9, 0x54, 0xD2, 0x27, 0x98, 0x18, 0x14, 0x01, 0x48, 0x18,
    0xA8, 0xB5, 0xCC, 0x2C, 0x07, 0xEB, 0xBD, 0x8A, 0x85, 0x20, 0xF9, 0x1B, 0xA4, 0xFE, 0xA6, 0x71,
    0x6F, 0x0C, 0xEA, 0xA6, 0x14, 0x1F, 0xAF, 0x53, 0xAE, 0x26, 0xA3, 0x0A, 0xC4, 0xAC, 0xB1, 0xA2,
    0xF5, 0x68, 0x98, 0x8D, 0xD7, 0xB0, 0x82, 0x65, 0x9A, 0x49, 0xE5, 0x63, 0xAE, 0xA5, 0xCB, 0xC1,
    0x86, 0x93, 0xCD, 0x3E, 0x48, 0x4B, 0xED, 0xF6, 0xC4, 0x0C, 0xB0, 0x8C, 0xEF, 0xFA, 0x88, 0x56,
    0x54, 0x97, 0x75, 0x45, 0x5D, 0x3B, 0xF6, 0xCD, 0x4D, 0xAA, 0xEB, 0xD6, 0x0B, 0xC3, 0xC0, 0xA8,
    0x4B, 0x04, 0x92, 0x11, 0x12, 0xCE, 0x58, 0x06, 0x2A, 0x0E, 0x59, 0xC6, 0x05, 0xA3, 0x75, 0x77,
    0xE5, 0x7E, 0x51, 0xD2, 0x8C, 0x33, 0xAC, 0x91, 0x50, 0x24, 0x3C, 0x64, 0x43, 0x42, 0xD9, 0x8E,
    0x58, 0xA8, 0xC7, 0xBA, 0x15, 0xBA, 0x11, 0xBA, 0x0D, 0xDC, 0x84, 0x9C, 0xBF, 0x9B, 0x53, 0x92,
    0xE7, 0x4A, 0x03, 0x8E, 0x56, 0xC2, 0xF9, 0xA2, 0x94, 0xD4, 0x56, 0xAA, 0x7A, 0xC7, 0xFC, 0xB1,
    0xD2, 0x8F, 0xA8, 0x27, 0x2C, 0x0F, 0x3A, 0x0A, 0x44, 0x53, 0x4D, 0x51, 0xD5, 0x8A, 0xE8, 0xAA,
    0x29, 0xCA, 0xAA, 0x8B, 0xB6, 0x02, 0x51, 0x57, 0x20, 0xFA, 0x0A, 0x44, 0x61, 0x01, 0x2B, 0x8D,
    0xB4, 0x49, 0x61, 0xBF, 0x9D, 0xA9, 0xA7, 0x1D, 0xB8, 0xC3, 0x57, 0x36, 0xA0, 0x5C, 0x6C, 0x40,
    0x6F, 0xB2, 0x01, 0xC1, 0x64, 0x03, 0x56, 0xCC, 0x73, 0xDC, 0x00, 0x5B, 0xDB, 0xC5, 0x50, 0x1A,
    0x62, 0x71, 0x3F, 0x39, 0x8B, 0x55, 0x31, 0x23, 0x9A, 0x6F, 0x7C, 0x27, 0x3B, 0x64, 0x3D, 0x91,
    0xAA, 0x7D, 0x2F, 0xA4, 0x4A, 0x8E, 0xE3, 0xAB, 0x0C, 0xA1, 0x23, 0xCC, 0x54, 0xFB, 0x9B, 0x5D,
    0xAD, 0x04, 0xDC, 0x07, 0x3D, 0x71, 0x07, 0x27, 0xD9, 0x10, 0x7F, 0x08, 0xA3, 0x15, 0xAA, 0xE7,
    0xB5, 0x94, 0x19, 0x46, 0xEA, 0xA5, 0x95, 0xC2, 0x4A, 0x57, 0x1E, 0xC9, 0xFC, 0xC5, 0x5C, 0x8A,
    0xC9, 0xEE, 0xB5, 0x07, 0x43, 0x70, 0x7B, 0x7B, 0xB7, 0xFB, 0x09, 0x99, 0x6D, 0xF9, 0x92, 0x89,
    0x2F, 0x68, 0x1E, 0xDE, 0x2A, 0xD1, 0x4E, 0xFF, 0x76, 0xF7, 0x72, 0x4C, 0x46, 0xAF, 0xFD, 0x13,
    0x33, 0x70, 0x8C, 0xEF, 0x49, 0x30, 0x2D, 0x89, 0x8D, 0x72, 0x22, 0x13, 0x4E, 0x66, 0x6A, 0xD2,
    0x95, 0xF4, 0xB5, 0x96, 0x54, 0x2F, 0xF0, 0x43, 0x92, 0x6E, 0xBD, 0x18, 0x8A, 0x0F, 0xDC, 0x0F,
    0xC5, 0x05, 0xBA, 0xA1, 0x78, 0x40, 0x25, 0x14, 0x07, 0x00, 0x2A, 0xC0, 0x0A, 0x46, 0x7E, 0xA8,
    0xB5, 0x64, 0xA8, 0xB5, 0xA4, 0xDA, 0x64, 0x43, 0x27, 0x1B, 0x1E, 0x54, 0x65, 0x40, 0x26, 0xFF,
    0xC2, 0x14, 0xD0, 0x2B, 0x25, 0x22, 0x75, 0x29, 0x21, 0xE9, 0x72, 0x9E, 0x48, 0x6A, 0xBC, 0x4F,
    0xE7, 0x8A, 0xFD, 0x1B, 0x09, 0x48, 0xFF, 0x5F, 0xB8, 0x1A, 0xA3, 0xC5, 0xF7, 0xA4, 0x2A, 0x73,
    0x07, 0x98, 0x44, 0x6A, 0x05, 0xC8, 0x93, 0xA9, 0x35, 0xB1, 0xFA, 0xD5, 0x3D, 0x35, 0xFA, 0x9E,
    0xE6, 0xAF, 0x3C, 0x96, 0x0A, 0xF8, 0xEF, 0xC5, 0x26, 0x6F, 0xC1, 0x80, 0x48, 0xDA, 0x88, 0xBD,
    0xC7, 0x2C, 0x48, 0x3B, 0xE7, 0xFE, 0xEB, 0xAA, 0x04, 0x07, 0x2B, 0x31, 0x3F, 0x54, 0x6F, 0x82,
    0x69, 0x14, 0x91, 0x61, 0xFB, 0xAB, 0xC1, 0x74, 0x62, 0xF9, 0xAB, 0x45, 0xD5, 0xE7, 0x69, 0xAE,
    0xFC, 0xAE, 0xA7, 0xC9, 0x72, 0x87, 0xC6, 0x24, 0x1B, 0x7D, 0x25, 0x53, 0xFF, 0x82, 0x49, 0xD1,
    0xBF, 0xE8, 0xD6, 0xF4, 0x2F, 0x31, 0x2C, 0xF1, 0xAF, 0x66, 0xE1, 0x5F, 0xCA, 0xAC, 0x36, 0xE5,
    0x5F, 0x07, 0x40, 0x17, 0xF9, 0x67, 0x1C, 0xA5, 0xAE, 0x9A, 0xA7, 0x9D, 0xA8, 0x0B, 0x84, 0x5F,
    0xD1, 0xE9, 0xB9, 0x31, 0xBF, 0x29, 0x68, 0x01, 0x73, 0xD0, 0x98, 0xE8, 0x6B, 0x48, 0xF4, 0x25,
    0xF2, 0x8E, 0x7C, 0x59, 0x69, 0xEA, 0x6B, 0x69, 0x29, 0xD0, 0x02, 0xE6, 0x30, 0x0D, 0x2D, 0xFE,
    0x9B, 0x04, 0xC3, 0x52, 0xA6, 0xB1, 0xF0, 0xEA, 0x24, 0x6D, 0x1B, 0x76, 0x2B, 0xA8, 0x4A, 0xB6,
    0x2B, 0x58, 0x5F, 0x03, 0x91, 0x9B, 0x2E, 0xF6, 0x0D, 0x90, 0xDC, 0x7F, 0xF0, 0x77, 0x19, 0x31,
    0x79, 0xF7, 0x54, 0xD2, 0x24, 0x28, 0xEF, 0x39, 0x80, 0x91, 0x40, 0xE5, 0xDD, 0x53, 0xB7, 0xB7,
    0x08, 0xCB, 0xFD, 0x7F, 0x7C, 0xBF, 0x27, 0xEA, 0xEA, 0xDC, 0x0E, 0x25, 0x5D, 0x57, 0xD4, 0x20,
    0x8C, 0x57, 0xCC, 0x6E, 0x32, 0x55, 0x2B, 0x8F, 0xAE, 0xFF, 0x86, 0xCD, 0x6A, 0xF7, 0xDE, 0xCA,
    0x1A, 0x96, 0xED, 0xA1, 0x07, 0x79, 0x99, 0xBC, 0x5A, 0x1F, 0xBC, 0x44, 0x56, 0x47, 0xFC, 0x97,
    0xA4, 0x3D, 0x54, 0x2B, 0x93, 0x91, 0xDF, 0xE7, 0x94, 0x59, 0x64, 0x27, 0xB0, 0x39, 0x86, 0x77,
    0xE4, 0xC2, 0x8A, 0x19, 0x4C, 0x4A, 0x1F, 0x2A, 0xCD, 0xCE, 0x38, 0x0D, 0xCA, 0x4F, 0x9D, 0x1C,
    0xFC, 0x7E, 0x23, 0x06, 0x87, 0x46, 0x77, 0x39, 0x02, 0x87, 0x87, 0xDE, 0x80, 0xDD, 0x97, 0xFC,
    0x1F, 0xA5, 0x0B, 0xF4, 0x30, 0xDB, 0x12, 0x0E, 0xEB, 0x81, 0x34, 0xA0, 0x32, 0x59, 0x89, 0x9B,
    0x06, 0xE4, 0x60, 0xB1, 0x29, 0xE0, 0x70, 0x94, 0x91, 0xF7, 0xF8, 0x57, 0x0A, 0xDF, 0xE0, 0xAB,
    0xAD, 0x8B, 0xCC, 0x48, 0xEB, 0xA2, 0x67, 0xA4, 0x75, 0xD1, 0xED, 0x6B, 0xEB, 0xA2, 0x27, 0xAD,
    0x0B, 0x1B, 0x49, 0xEB, 0x62, 0x49, 0x5B, 0x17, 0x8D, 0x64, 0xBA, 0x75, 0x61, 0x2A, 0xEB, 0x87,
    0x6C, 0x8A, 0xA1, 0x6B, 0xF4, 0x2B, 0x5E, 0x0F, 0xBB, 0xF0, 0x96, 0xAD, 0x51, 0xC0, 0xD0, 0x1B,
    0x54, 0x49, 0xFA, 0xD4, 0xF0, 0x02, 0x48, 0x6F, 0xA7, 0x8D, 0x9E, 0xF6, 0x8C, 0xFE, 0x33, 0x49,
    0xAF, 0x2F, 0x75, 0x43, 0x90, 0x6E, 0xD6, 0x3E, 0x8F, 0x41, 0x3A, 0x70, 0x80, 0xB7, 0xF3, 0xB0,
    0x62, 0xA4, 0x53, 0xE3, 0xC7, 0x12, 0x63, 0x4B, 0xA3, 0xAE, 0x7A, 0x4A, 0xFF, 0xD1, 0xD6, 0x4F,
    0x20, 0x7B, 0xDB, 0xF8, 0x3E, 0x25, 0xFE, 0xDD, 0xFC, 0x49, 0x5A, 0x3F, 0xE1, 0x74, 0xEB, 0xE7,
    0xA0, 0xBF, 0xD7, 0x69, 0xB7, 0xB9, 0x81, 0x8D, 0x97, 0x95, 0x60, 0xDE, 0x97, 0x66, 0xD2, 0x09,
    0x36, 0xF6, 0x82, 0xBA, 0x7F, 0x86, 0x82, 0x2E, 0xB5, 0x58, 0x49, 0x65, 0xB5, 0xBE, 0xA5, 0x0E,
    0x1C, 0x23, 0xFD, 0xBD, 0x23, 0x8E, 0xB4, 0xDA, 0x6C, 0x2E, 0x56, 0xE1, 0x9C, 0x2F, 0xC0, 0x5C,
    0x2B, 0x3A, 0x14, 0xFB, 0xA4, 0x89, 0xD7, 0x5E, 0x1B, 0x69, 0x03, 0xAD, 0xF6, 0xA7, 0xD2, 0x41,
    0x4B, 0x9B, 0xF6, 0x27, 0xD2, 0x42, 0x5B, 0x07, 0x1D, 0xEA, 0xE3, 0x47, 0x1D, 0x1F, 0x73, 0xBD,
    0xD9, 0xC8, 0x85, 0xD1, 0x92, 0xE3, 0x0B, 0x27, 0x8B, 0x20, 0x49, 0x56, 0xEE, 0x17, 0x97, 0x24,
    0x05, 0x98, 0x6E, 0x5F, 0x63, 0x87, 0x03, 0x48, 0x5E, 0xD8, 0x66, 0x78, 0x18, 0xC6, 0x69, 0xF0,
    0x4A, 0x72, 0xF1, 0x83, 0xE4, 0x21, 0x99, 0x96, 0x92, 0x94, 0x5E, 0x50, 0xC3, 0x74, 0x7A, 0xCB,
    0x1D, 0x61, 0x0A, 0x83, 0xDA, 0xAB, 0x9C, 0xEA, 0x7D, 0x87, 0x53, 0x36, 0x74, 0x7A, 0x29, 0xD8,
    0xD5, 0x6E, 0x0F, 0xA9, 0x2F, 0xF3, 0xC5, 0xDD, 0x94, 0xCC, 0x16, 0xDF, 0xD7, 0xFA, 0xF5, 0x76,
    0x5A, 0x18, 0x3F, 0x36, 0x17, 0x1B, 0xE2, 0xD3, 0xEA, 0x8D, 0xDD, 0xED, 0x6C, 0x91, 0xF8, 0x92,
    0xDB, 0x0B, 0x48, 0x7D, 0xD3, 0x4D, 0x02, 0xF6, 0x45, 0x33, 0xF7, 0x9D, 0x1E, 0xE8, 0x5F, 0xFF,
    0x91, 0x7B, 0xA3, 0x0F, 0x06, 0x59, 0xC3, 0xCD, 0xAA, 0xE0, 0x90, 0x1E, 0x75, 0x87, 0x17, 0xC0,
    0x02, 0x31, 0xEC, 0x6E, 0x0F, 0x3C, 0x3A, 0x2F, 0xBF, 0xF0, 0x4E, 0x08, 0x26, 0x35, 0x84, 0x1F,
    0xC5, 0x5F, 0xE7, 0xE2, 0xC2, 0xC9, 0x26, 0xCD, 0xA1, 0x62, 0x2C, 0x01, 0x6D, 0xB3, 0x30, 0x11,
    0x8F, 0x3F, 0xFA, 0x4A, 0xA4, 0x7F, 0xF9, 0xF7, 0x6F, 0x04, 0x4E, 0xA9, 0x53, 0x95, 0x3C, 0x37,
    0x35, 0xEA, 0x27, 0x5E, 0xAC, 0x76, 0x33, 0xA2, 0x76, 0x47, 0x6F, 0x71, 0xFD, 0x23, 0x89, 0x30,
    0x6F, 0x87, 0x5C, 0xFB, 0xFF, 0x22, 0x5F, 0xF3, 0x73, 0xF2, 0x2D, 0xA5, 0xE4, 0x7B, 0x3E, 0x26,
    0x5F, 0xC4, 0x66, 0xF0, 0xCD, 0xE0, 0x1D, 0xC7, 0x4D, 0xCF, 0xA5, 0x32, 0x1B, 0x6B, 0xD2, 0xFC,
    0x1A, 0x3D, 0xCD, 0x16, 0xEB, 0x53, 0x50, 0x90, 0xB8, 0x77, 0x2D, 0x65, 0x90, 0x7D, 0xAB, 0x33,
    0xD0, 0xC8, 0x61, 0x33, 0xD2, 0x05, 0x34, 0x14, 0x79, 0x1D, 0x09, 0xB0, 0x43, 0xC3, 0xA9, 0xDE,
    0x88, 0x39, 0x65, 0xC7, 0x50, 0xAA, 0x81, 0x38, 0xBF, 0x2E, 0xB9, 0x28, 0xD3, 0xA0, 0x94, 0x1D,
    0xAA, 0x99, 0xB3, 0x69, 0x55, 0xB4, 0x55, 0x15, 0x26, 0x14, 0x5F, 0xA9, 0x88, 0x43, 0x66, 0xCB,
    0x97, 0x44, 0x15, 0x01, 0x1D, 0xA4, 0xDE, 0x3C, 0xE9, 0x89, 0x2A, 0x90, 0xB0, 0x40, 0x7A, 0x11,
    0x3A, 0xA0, 0x2A, 0x42, 0x71, 0x12, 0x38, 0x8B, 0x02, 0xD1, 0x7E, 0xE1, 0x2A, 0xFA, 0xF3, 0x2D,
    0x15, 0x5E, 0x22, 0xEA, 0x68, 0xB0, 0x0C, 0x77, 0x0B, 0xD3, 0xA0, 0x4E, 0xE1, 0xB3, 0x85, 0x3A,
    0x39, 0xAC, 0xF3, 0x1D, 0xF6, 0x6F, 0x8B, 0x53, 0xBD, 0x96, 0x72, 0x42, 0x7E, 0xA9, 0x53, 0xF8,
    0x13, 0x78, 0x47, 0xE1, 0x2F, 0xD6, 0x45, 0x78, 0xBF, 0xA9, 0x3E, 0x5E, 0xB8, 0xFC, 0x66, 0x21,
    0xBC, 0x04, 0x54, 0x5A, 0xC5, 0x8A, 0x28, 0x7B, 0xA5, 0x44, 0x87, 0x5B, 0xA9, 0x41, 0xC1, 0xC1,
    0xCA, 0x00, 0x63, 0xFD, 0x2F, 0x6F, 0x27, 0xA0, 0xD9, 0x42, 0xBD, 0x8F, 0x70, 0x57, 0x62, 0xB4,
    0x63, 0xD1, 0x01, 0x82, 0x8E, 0x66, 0x96, 0x74, 0x5A, 0x25, 0x10, 0xD7, 0xC6, 0xA0, 0xF9, 0x56,
    0x2D, 0xA2, 0x1B, 0x07, 0x25, 0x7A, 0xF1, 0x5C, 0x97, 0x34, 0xED, 0x43, 0xFA, 0x70, 0x2B, 0x14,
    0x17, 0x36, 0xF4, 0xE0, 0x91, 0x49, 0x45, 0x4C, 0xF1, 0xDF, 0x6D, 0x71, 0xDF, 0x8A, 0x50, 0xF3,
    0x52, 0xED, 0x1B, 0x4E, 0x24, 0x44, 0x41, 0x29, 0xCA, 0x25, 0x35, 0xC7, 0x90, 0x5A, 0x23, 0x25,
    0xB5, 0x87, 0x5B, 0xA4, 0x96, 0x59, 0x52, 0x43, 0x22, 0x01, 0x35, 0x50, 0x06, 0xB5, 0x25, 0x43,
    0x6A, 0xCF, 0x14, 0xB2, 0x4D, 0x8F, 0x4C, 0xBA, 0x23, 0x6F, 0x28, 0x59, 0xB0, 0xB6, 0xF6, 0x06,
    0xF7, 0x6C, 0xAB, 0xB4, 0xCB, 0x3D, 0xEB, 0x01, 0xAB, 0x80, 0x70, 0xFE, 0x7A, 0x4E, 0x8D, 0xFE,
    0xFA, 0xAE, 0xEC, 0x59, 0x69, 0x60, 0x35, 0x47, 0x49, 0x68, 0xF3, 0x22, 0xAB, 0xE6, 0xA0, 0x81,
    0xED, 0x17, 0xC1, 0xF0, 0x58, 0x74, 0xDA, 0x6E, 0x87, 0xD2, 0x60, 0x1F, 0x85, 0xDA, 0x61, 0xCF,
    0x33, 0x6D, 0xB1, 0xFF, 0x7C, 0xA0, 0x3D, 0xF6, 0x6C, 0x41, 0x9B, 0xEC, 0x59, 0x59, 0xBB, 0xEC,
    0xD9, 0x45, 0x69, 0xB3, 0x27, 0x9F, 0x0D, 0x34, 0x59, 0xFD, 0xBC, 0xC8, 0xE7, 0xD9, 0x23, 0x25,
    0x50, 0x26, 0x25, 0x49, 0xFC, 0x3B, 0x28, 0x7E, 0x58, 0xF9, 0xC8, 0x0B, 0x35, 0x8F, 0xCB, 0x82,
    0x27, 0xB2, 0xC5, 0x6B, 0xCE, 0xB0, 0xC8, 0x61, 0x85, 0x53, 0x62, 0x95, 0x8E, 0x97, 0xDB, 0xD3,
    0x5E, 0x7A, 0x69, 0xDC, 0x4B, 0x2F, 0x8E, 0x0F, 0x5A, 0x07, 0x01, 0x7F, 0x6C, 0xC2, 0xEA, 0xCD,
    0xEB, 0x73, 0x62, 0xC2, 0x59, 0x43, 0x4C, 0xF8, 0xE1, 0x3E, 0x8F, 0x6E, 0x36, 0x1A, 0xEF, 0xC7,
    0x6A, 0xC2, 0x4C, 0x7E, 0x0B, 0x46, 0x92, 0x9F, 0x54, 0x60, 0xE2, 0xCD, 0xFC, 0xAE, 0xF3, 0x88,
    0x37, 0x4B, 0x75, 0x53, 0xA4, 0xEC, 0xDC, 0x88, 0xE3, 0xD9, 0x48, 0x54, 0xE1, 0x8A, 0xAB, 0x05,
    0x6E, 0x22, 0x8E, 0x57, 0xEB, 0x8B, 0xE3, 0x5D, 0xBC, 0x24, 0x29, 0x7B, 0xDD, 0x17, 0xC7, 0xDB,
    0x28, 0x89, 0xE3, 0x2D, 0xAB, 0x79, 0xD9, 0xC3, 0x8E, 0x97, 0x42, 0x05, 0x6B, 0x89, 0x5B, 0x94,
    0x80, 0x73, 0xD4, 0xC2, 0x2C, 0xD5, 0xC0, 0xB5, 0xDB, 0x32, 0x07, 0xD1, 0x04, 0x87, 0x80, 0x90,
    0x1F, 0x69, 0x08, 0xB5, 0x1E, 0x42, 0x63, 0x7E, 0x6A, 0x70, 0xD0, 0x96, 0x26, 0xA9, 0xE1, 0x3C,
    0xE2, 0x8D, 0x94, 0x1A, 0xC1, 0x51, 0xBC, 0x50, 0x42, 0x05, 0xC7, 0xD8, 0xB3, 0x1D, 0xBF, 0xD2,
    0x23, 0x30, 0xFC, 0x72, 0xE0, 0xC7, 0xE5, 0x4A, 0x37, 0xB6, 0xFE, 0x67, 0xB1, 0xFD, 0xFE, 0xE9,
    0xD8, 0x65, 0x16, 0xF8, 0x06, 0x33, 0x80, 0x3B, 0x86, 0x0C, 0xA2, 0xC4, 0xB5, 0x1F, 0x60, 0xA5,
    0x0E, 0xD6, 0xC2, 0xC4, 0x0C, 0xC3, 0x64, 0xDD, 0xB3, 0xAF, 0x19, 0xB3, 0x71, 0x9E, 0x09, 0x33,
    0x9B, 0x65, 0xDE, 0xCC, 0x7A, 0xCF, 0x78, 0x21, 0x56, 0xCA, 0x08, 0x21, 0x15, 0x84, 0x17, 0x8A,
    0x4D, 0x15, 0xB9, 0xF1, 0xF0, 0x54, 0xA5, 0x94, 0xFD, 0xD6, 0xF9, 0xA4, 0x76, 0x6F, 0xB5, 0xB3,
    0x3F, 0x62, 0x65, 0xE5, 0xC7, 0x5B, 0x7A, 0xB4, 0x17, 0x48, 0x99, 0x18, 0x57, 0xA9, 0xCB, 0xEF,
    0xF5, 0x39, 0xD5, 0xFB, 0x97, 0x38, 0x65, 0xFC, 0x9E, 0x04, 0xB1, 0xAA, 0x5A, 0x6D, 0x55, 0xAD,
    0xB6, 0x5A, 0x34, 0x70, 0xCD, 0x01, 0x69, 0x02, 0x37, 0xDD, 0x26, 0xB5, 0xD9, 0x0D, 0x21, 0xDD,
    0xDB, 0x10, 0x8B, 0x1D, 0x6D, 0x88, 0xC1, 0xDE, 0xEF, 0x89, 0xBD, 0x3A, 0x3D, 0x35, 0xD7, 0x0D,
    0x3D, 0x14, 0xDA, 0x50, 0x63, 0xDD, 0x50, 0x5B, 0xDD, 0x50, 0x53, 0x2D, 0x42, 0x6F, 0xEF, 0x69,
    0x1E, 0x48, 0x3E, 0xBD, 0xC3, 0xC6, 0xFF, 0xE8, 0x23, 0xC4, 0xA7, 0x7D, 0x3C, 0xF8, 0x14, 0x0F,
    0xFD, 0xFC, 0x87, 0x12, 0xEF, 0x1A, 0x5D, 0xE9, 0xC7, 0x06, 0x5E, 0xCC, 0xFE, 0x58, 0xDD, 0x49,
    0x6A, 0x08, 0x38, 0x4B, 0xA6, 0x34, 0xDC, 0xD8, 0x02, 0x1E, 0xA9, 0x25, 0x2B, 0x08, 0x25, 0xC9,
    0x92, 0x59, 0xA1, 0x3A, 0xF0, 0xEE, 0xBC, 0xA4, 0xA1, 0x15, 0x39, 0x57, 0xA8, 0x6D, 0x48, 0xA1,
    0xE4, 0xA9, 0xE0, 0xCE, 0xC4, 0x72, 0x8A, 0xB6, 0xA3, 0xDF, 0x7F, 0xFE, 0x98, 0x3B, 0x68, 0x74,
    0x03, 0x7B, 0xF3, 0xA7, 0x81, 0x37, 0xEC, 0xDE, 0x8C, 0xEA, 0xCE, 0xDD, 0x2F, 0xDE, 0x8F, 0x96,
    0x8C, 0x53, 0x7A, 0x3F, 0x82, 0xA3, 0xFA, 0x37, 0x23, 0x2F, 0x29, 0x8D, 0x24, 0x0A, 0xF6, 0x38,
    0x3A, 0xEC, 0x36, 0x1A, 0x6D, 0x36, 0x8E, 0x7B, 0x8D, 0xDA, 0x6A, 0xD4, 0xFE, 0x47, 0xD9, 0xF8,
    0xFD, 0xD2, 0xC8, 0x66, 0x8D, 0xAE, 0xDD, 0xDD, 0xB9, 0x1E, 0x78, 0xA3, 0x53, 0x39, 0x24, 0x86,
    0x73, 0x41, 0xE0, 0xE5, 0x0B, 0x35, 0xE2, 0xA7, 0xAA, 0x25, 0x7A, 0x0A, 0x64, 0xF3, 0xA4, 0x76,
    0x65, 0xF8, 0x07, 0xE5, 0xD0, 0x4E, 0x85, 0xFB, 0xF1, 0x28, 0x2A, 0x48, 0x1A, 0xDD, 0x6E, 0xBB,
    0x03, 0x05, 0x0C, 0xE0, 0x4F, 0x75, 0x67, 0x88, 0x71, 0xC9, 0xD4, 0x46, 0x55, 0x50, 0xF3, 0x86,
    0xF0, 0xC5, 0xC4, 0x4D, 0xAB, 0xD2, 0x00, 0x90, 0xB1, 0x27, 0xAE, 0xD7, 0x92, 0xD1, 0xFB, 0x99,
    0xD0, 0x19, 0x14, 0x28, 0xC7, 0xEF, 0xBB, 0xF8, 0x76, 0xA3, 0xEB, 0xDE, 0xDA, 0x35, 0x81, 0xF7,
    0x4E, 0xEE, 0x53, 0x9B, 0xAD, 0x73, 0xA0, 0xD6, 0xB4, 0x43, 0x50, 0x0B, 0xCA, 0xBF, 0x86, 0xF5,
    0x56, 0xED, 0x79, 0x9E, 0xB2, 0xF8, 0xEC, 0x1E, 0x59, 0x43, 0x47, 0x47, 0x91, 0x97, 0x11, 0x5A,
    0x4A, 0x50, 0xEB, 0x4A, 0xA5, 0xC6, 0xA6, 0x25, 0x65, 0x03, 0x35, 0x20, 0x75, 0x50, 0xDB, 0x21,
    0x44, 0x73, 0xEE, 0x7E, 0x84, 0xFA, 0xD7, 0x94, 0xBB, 0x19, 0xA8, 0x95, 0x8F, 0x6E, 0x42, 0xB6,
    0xB2, 0x44, 0xBE, 0xF1, 0xD8, 0x94, 0x51, 0x5A, 0x51, 0x02, 0x1D, 0xFD, 0x5D, 0xAA, 0xCD, 0xC5,
    0x66, 0x09, 0xB5, 0xBE, 0x50, 0xFB, 0x01, 0xA8, 0xFD, 0x24, 0x24, 0x35, 0x54, 0xD7, 0xA0, 0x76,
    0x6C, 0x37, 0x04, 0xB5, 0x12, 0x92, 0x43, 0x62, 0xCF, 0xDD, 0x8C, 0x59, 0x26, 0x4A, 0x1D, 0x1C,
    0xF2, 0xAC, 0xD4, 0x91, 0x6E, 0xA9, 0x9B, 0xCB, 0xA6, 0xBE, 0xA2, 0x0D, 0x54, 0xCD, 0xF3, 0x66,
    0x5D, 0x0D, 0x68, 0x08, 0x03, 0x5A, 0xCD, 0xDB, 0x3F, 0x84, 0x01, 0xF9, 0x77, 0x48, 0xB6, 0x3F,
    0xE7, 0x7E, 0x81, 0x24, 0x1E, 0x54, 0x4D, 0x37, 0xC1, 0xA2, 0x17, 0xCF, 0x5F, 0x4E, 0xBC, 0x64,
    0xCE, 0xE6, 0x24, 0x6D, 0xC3, 0xD3, 0x9C, 0xDC, 0x84, 0xED, 0x3A, 0x63, 0x86, 0xE7, 0xAE, 0x70,
    0xAA, 0x29, 0x43, 0x13, 0x16, 0x6D, 0x1C, 0x27, 0x99, 0x06, 0x18, 0xDF, 0x12, 0xE1, 0x7B, 0x0D,
    0xB1, 0xD4, 0xDE, 0x72, 0x08, 0x46, 0x66, 0xA3, 0x4E, 0xDD, 0xFA, 0xF0, 0xB4, 0x25, 0xA4, 0x04,
    0xBC, 0xAB, 0x24, 0x7E, 0xBA, 0x82, 0x02, 0x2A, 0x59, 0x36, 0x2B, 0x75, 0xE9, 0xDA, 0xB0, 0x72,
    0x42, 0xA4, 0x68, 0x49, 0xE5, 0xB4, 0xF4, 0xE7, 0x52, 0x39, 0xF9, 0x1B, 0xDA, 0x35, 0xE8, 0x35,
    0xC7, 0x96, 0xEA, 0xE3, 0x83, 0x2E, 0x32, 0x70, 0xA3, 0x6B, 0xDC, 0xFD, 0xDD, 0x35, 0x68, 0x1A,
    0x99, 0x70, 0x68, 0x49, 0x7D, 0xD1, 0xF4, 0xE4, 0xA4, 0x21, 0x60, 0x76, 0xAF, 0x24, 0xCF, 0x2F,
    0x86, 0x59, 0x07, 0x0C, 0x02, 0x1B, 0x0F, 0x7C, 0xD9, 0x8D, 0x30, 0x3F, 0xA7, 0x20, 0xF7, 0x4B,
    0x7A, 0x43, 0xED, 0xFB, 0x67, 0xB3, 0xB3, 0xD2, 0x7D, 0x2F, 0x0E, 0x78, 0x8A, 0xEE, 0x5A, 0x11,
    0x9B, 0xEC, 0xC4, 0xEE, 0xBC, 0x9F, 0xB0, 0x03, 0x24, 0x87, 0x46, 0x47, 0xCF, 0x17, 0x76, 0xD8,
    0xE7, 0x02, 0xBB, 0x7B, 0x6D, 0xD8, 0x74, 0x46, 0xD2, 0x19, 0xCF, 0xAD, 0xB2, 0x16, 0x36, 0x26,
    0x3B, 0x11, 0x97, 0x92, 0x8C, 0xFA, 0x99, 0x1A, 0xB8, 0x33, 0x19, 0x81, 0x7B, 0x67, 0x20, 0x5E,
    0x59, 0x40, 0x89, 0x82, 0xC3, 0x6C, 0xF1, 0xB2, 0xEA, 0x37, 0xFE, 0xE7, 0xF9, 0xA8, 0xD1, 0x19,
    0xBD, 0x15, 0xA0, 0xFC, 0x0F, 0x4A, 0xFB, 0xE1, 0xB2, 0xF9, 0x3C, 0xAE, 0xC4, 0x3F, 0x4F, 0x9D,
    0xCB, 0x00, 0x47, 0x15, 0xE4, 0x71, 0x64, 0x76, 0x87, 0x60, 0xA1, 0x07, 0x9B, 0x21, 0x50, 0xC0,
    0xFF, 0x33, 0x0D, 0x6C, 0xCC, 0xFE, 0x6E, 0xBA, 0x92, 0x6E, 0x67, 0xF5, 0xAC, 0x99, 0x05, 0x28,
    0x75, 0xAA, 0x8B, 0x6E, 0x32, 0x67, 0x6A, 0x70, 0xA7, 0x5F, 0xC9, 0x10, 0x22, 0xD7, 0xF1, 0xBF,
    0xD7, 0x4D, 0x1F, 0xDF, 0x6B, 0xEC, 0x26, 0xC6, 0xCB, 0xA1, 0xEB, 0xC7, 0x2D, 0xC2, 0x7B, 0x92,
    0x45, 0x60, 0xAB, 0xB9, 0xCF, 0x1D, 0x6E, 0xF2, 0x26, 0x4D, 0x09, 0xDA, 0xDD, 0xC4, 0x9F, 0xEA,
    0x88, 0xF2, 0xD8, 0xCE, 0xB3, 0xD8, 0xE0, 0x61, 0xDD, 0xD8, 0x73, 0x9B, 0x66, 0x0E, 0xA5, 0xF0,
    0x1C, 0xFE, 0x66, 0x51, 0x27, 0xBB, 0x59, 0x5D, 0x33, 0x01, 0xED, 0x71, 0x40, 0x2B, 0x11, 0x6B,
    0x44, 0xD0, 0x03, 0x05, 0x8F, 0x36, 0x1E, 0xD8, 0x37, 0x11, 0x6F, 0x02, 0x8B, 0x7C, 0x92, 0xCC,
    0x3D, 0xCB, 0x53, 0x2F, 0x3D, 0x7D, 0xF2, 0x23, 0xFE, 0x0E, 0x6B, 0x54, 0x63, 0x94, 0x58, 0xAC,
    0x36, 0x1E, 0x16, 0x6D, 0x17, 0xBF, 0xEF, 0xF7, 0x19, 0x6F, 0x10, 0x71, 0xAE, 0x06, 0x5E, 0x1F,
    0xA5, 0x49, 0xDD, 0x19, 0xF8, 0x2F, 0x81, 0x66, 0x15, 0xBF, 0x23, 0xDE, 0xB0, 0xE1, 0x92, 0xB0,
    0xDF, 0x02, 0x9A, 0x31, 0xC7, 0x63, 0xF2, 0xBB, 0x34, 0x5B, 0x26, 0xBD, 0x96, 0x4E, 0xD1, 0x69,
    0x11, 0x09, 0x63, 0xC6, 0x9B, 0x36, 0x56, 0xF8, 0x0F, 0x62, 0x45, 0xFF, 0x80, 0x55, 0x2C, 0x99,
    0x59, 0x7F, 0x00, 0x6A, 0xB3, 0x0D, 0x14, 0x04, 0xC9, 0x5C, 0x8F, 0x9D, 0xD2, 0x4A, 0xBC, 0x21,
    0x7B, 0xA8, 0x0D, 0x8F, 0x8D, 0xA9, 0x0E, 0x6A, 0x7D, 0xBA, 0xB9, 0xC2, 0xA8, 0x93, 0xD1, 0x37,
    0xFC, 0x94, 0x5A, 0xDB, 0x31, 0xD4, 0xDB, 0x07, 0x6B, 0x7D, 0xD0, 0x74, 0x47, 0x4D, 0xD0, 0xAC,
    0x24, 0xEA, 0x16, 0xE2, 0x15, 0x51, 0x5D, 0x24, 0x14, 0x0A, 0xB5, 0xE6, 0xC1, 0x91, 0xB0, 0xD3,
    0x37, 0xE3, 0x4B, 0x13, 0x4F, 0xB0, 0x07, 0x03, 0xEC, 0xC1, 0xF9, 0xA6, 0x29, 0xBB, 0x7D, 0x38,
    0x34, 0xC0, 0x52, 0x54, 0x9F, 0x38, 0xAB, 0x1B, 0xFB, 0x7D, 0x27, 0x7F, 0x01, 0xBB, 0xE0, 0xDF,
    0xFF, 0xE7, 0x4F, 0x02, 0x6F, 0xD7, 0xBC, 0x1D, 0x33, 0xA6, 0xB6, 0xE2, 0x25, 0xD3, 0xF8, 0xA7,
    0x3C, 0xAE, 0x24, 0x47, 0xF7, 0x6F, 0x62, 0x17, 0x4C, 0x57, 0x74, 0xDE, 0xE7, 0xE8, 0xA4, 0xD3,
    0xE8, 0xFB, 0xF0, 0xA8, 0x31, 0x26, 0x13, 0x95, 0xB5, 0xB1, 0x03, 0xBB, 0x49, 0xE3, 0x2A, 0x84,
    0xBA, 0xDD, 0x47, 0xB5, 0x00, 0xDF, 0xBC, 0x10, 0xB4, 0x18, 0xA6, 0xFB, 0x01, 0xAA, 0xB2, 0xA4,
    0x16, 0x05, 0x4C, 0x1F, 0x0D, 0xE4, 0x43, 0x9E, 0x2E, 0xF4, 0x02, 0xE9, 0xE4, 0xB4, 0x02, 0x4D,
    0x52, 0xC5, 0xD9, 0xEC, 0x60, 0xAA, 0x35, 0xC5, 0x90, 0x0D, 0x78, 0xD6, 0x5D, 0xC6, 0x17, 0x07,
    0x50, 0xD0, 0x00, 0x9F, 0x5C, 0xE0, 0xF7, 0x8D, 0x45, 0x99, 0xEC, 0x5C, 0xDF, 0x82, 0x76, 0xF1,
    0xFF, 0x3B, 0x01, 0x82, 0x33, 0xBE, 0x30, 0x0A, 0x0A, 0x32, 0x17, 0x0E, 0xCC, 0x6D, 0x78, 0x60,
    0x6E, 0xDC, 0xCC, 0x5E, 0xD5, 0x43, 0x7A, 0x0B, 0x10, 0x23, 0x60, 0x6E, 0xCB, 0x97, 0x52, 0x2F,
    0x59, 0xB0, 0xBD, 0xAC, 0x38, 0x62, 0xE0, 0xE5, 0x93, 0x4C, 0x96, 0xC6, 0x2B, 0x36, 0x99, 0x44,
    0xE8, 0xD6, 0x1A, 0x8D, 0xCE, 0x1F, 0xAA, 0x48, 0x10, 0x07, 0x65, 0x51, 0xDE, 0xC8, 0x33, 0x64,
    0x23, 0x9F, 0x12, 0xF9, 0x14, 0xC9, 0xA7, 0x4C, 0x3E, 0x85, 0xF2, 0x21, 0x55, 0xC0, 0xE8, 0x23,
    0xC3, 0x32, 0x87, 0xFD, 0x3B, 0xD4, 0x20, 0x97, 0xDA, 0xAB, 0x61, 0xF8, 0x33, 0x3B, 0x75, 0x06,
    0x4D, 0x7A, 0x29, 0xD6, 0xB7, 0x96, 0x60, 0x81, 0x96, 0xF4, 0xE6, 0x48, 0x6F, 0x96, 0xF4, 0xE6,
    0x48, 0xAF, 0x4C, 0x7A, 0xFC, 0xC6, 0xA3, 0x03, 0x9B, 0x10, 0x4B, 0xD3, 0x95, 0xB6, 0x31, 0xBF,
    0x85, 0xC5, 0x57, 0xD2, 0xCA, 0xDA, 0x1F, 0x5D, 0x0D, 0xDC, 0x4F, 0x41, 0x66, 0x88, 0xD7, 0x92,
    0xA9, 0x5C, 0x9D, 0x05, 0x22, 0x41, 0xB8, 0xB9, 0x3E, 0x0B, 0xFA, 0xFA, 0x0A, 0xF0, 0xAA, 0xB5,
    0xBF, 0x8B, 0x50, 0x38, 0x9C, 0xDC, 0x52, 0x11, 0x6D, 0x8D, 0xA8, 0xAD, 0xD5, 0x7F, 0x81, 0xB6,
    0x42, 0x27, 0x41, 0x02, 0xEA, 0x3B, 0xA8, 0x2C, 0x96, 0x2F, 0xE5, 0xCC, 0x13, 0xF6, 0x0E, 0xD2,
    0x44, 0xE0, 0x9D, 0x86, 0x56, 0x96, 0x4A, 0xCC, 0x00, 0x95, 0x88, 0x23, 0xCA, 0x92, 0xE4, 0x20,
    0x27, 0x4C, 0x8F, 0x3E, 0x96, 0x37, 0xAA, 0xDC, 0x41, 0xC8, 0xD9, 0xED, 0xE4, 0x88, 0x39, 0x37,
    0xB2, 0x1A, 0x2D, 0x23, 0x63, 0xD0, 0x2E, 0x65, 0x3E, 0xEC, 0xE2, 0x44, 0xC7, 0xA7, 0xE9, 0x57,
    0x5E, 0x57, 0x09, 0xBE, 0x66, 0x14, 0x09, 0x53, 0x29, 0x06, 0xC4, 0xD0, 0x16, 0x48, 0x6D, 0xB8,
    0x20, 0x17, 0x08, 0xFE, 0x27, 0xAD, 0x6C, 0x0F, 0x05, 0x2F, 0x8C, 0xEC, 0xA2, 0xA4, 0x17, 0xD6,
    0xB2, 0x95, 0xBE, 0x54, 0xB4, 0x2D, 0x19, 0xBD, 0x4F, 0x85, 0xCE, 0xB0, 0xB8, 0x74, 0x30, 0x4E,
    0xB8, 0x5D, 0x60, 0x8A, 0xC0, 0xCB, 0x13, 0x3F, 0xA4, 0x6C, 0x3E, 0x12, 0xA3, 0xF9, 0x3D, 0x20,
    0x06, 0x46, 0x5A, 0x98, 0xAC, 0xA9, 0x31, 0x0A, 0x9E, 0x0C, 0x38, 0x2E, 0x6D, 0x72, 0xB4, 0x12,
    0x17, 0x8B, 0x8B, 0x4A, 0x93, 0x91, 0xD4, 0x60, 0x6A, 0x6B, 0xF7, 0x60, 0x69, 0x37, 0x13, 0xC9,
    0xDD, 0x2C, 0x52, 0x5E, 0x81, 0x99, 0x55, 0x9D, 0x94, 0xED, 0xE2, 0xAC, 0xD8, 0xAB, 0x79, 0xD6,
    0x0F, 0x0D, 0x06, 0xB1, 0x92, 0x88, 0x52, 0x89, 0x25, 0xE1, 0x1D, 0x44, 0x8C, 0x49, 0x94, 0x5C,
    0x13, 0xB3, 0x9D, 0x13, 0xB3, 0x9D, 0xA3, 0xC8, 0xC1, 0x9C, 0x47, 0xB3, 0x2D, 0xDB, 0x98, 0x66,
    0x7B, 0x91, 0x51, 0xD2, 0xCF, 0x18, 0x25, 0x0D, 0x8F, 0xE8, 0xDD, 0xD8, 0x51, 0xB3, 0x8D, 0xA5,
    0x4A, 0x99, 0x98, 0xAD, 0x29, 0x69, 0x07, 0x2B, 0x2E, 0x7E, 0x3F, 0x5C, 0xB7, 0xBC, 0x27, 0x6E,
    0xF1, 0xA1, 0xA8, 0xA4, 0xEC, 0x3F, 0x49, 0xDD, 0x92, 0x1E, 0xAA, 0x5B, 0xF0, 0x73, 0x72, 0x7C,
    0x37, 0x01, 0x3F, 0xCF, 0x9B, 0x47, 0x6A, 0xB6, 0xDD, 0xA4, 0x2A, 0xE1, 0xA0, 0x2A, 0xD1, 0x40,
    0x6A, 0x36, 0xC2, 0x28, 0x6C, 0x53, 0x55, 0xB6, 0xA9, 0x2A, 0xDB, 0x74, 0x50, 0xB3, 0x95, 0xBE,
    0x4D, 0xA3, 0xF6, 0x63, 0x31, 0xED, 0x30, 0x18, 0x5F, 0xFE, 0x5A, 0x6B, 0xEB, 0x1D, 0x05, 0xE3,
    0x7E, 0xC4, 0xA3, 0x40, 0x39, 0xF2, 0x32, 0xBC, 0xF1, 0x70, 0x19, 0xC0, 0xF6, 0xF2, 0x19, 0x1E,
    0x84, 0x1C, 0xD9, 0x64, 0x55, 0x8E, 0x48, 0x27, 0x37, 0x81, 0xE4, 0x1E, 0x50, 0x49, 0x0F, 0xDA,
    0xD7, 0x91, 0x85, 0xAE, 0x76, 0xC3, 0xE5, 0xBD, 0xDE, 0x8F, 0x4D, 0x50, 0xBB, 0xB0, 0x6E, 0x82,
    0x67, 0x83, 0x75, 0x53, 0x33, 0x18, 0x8E, 0x18, 0x20, 0x77, 0xD3, 0x02, 0x74, 0x47, 0x1D, 0xB5,
    0xCE, 0x2C, 0xC7, 0x70, 0xBE, 0xC5, 0xC1, 0xAE, 0x4F, 0x1A, 0x03, 0x02, 0x89, 0x07, 0xF3, 0xED,
    0x1F, 0xFF, 0xF0, 0xD9, 0x52, 0x8E, 0xB0, 0xFA, 0x41, 0x6C, 0xBD, 0x53, 0xA9, 0x7B, 0x83, 0xC7,
    0xB3, 0x50, 0xFA, 0xE8, 0x95, 0xD8, 0x54, 0x80, 0x01, 0x8F, 0x7C, 0x27, 0x34, 0xDD, 0x77, 0x43,
    0xF3, 0x60, 0x3F, 0x74, 0xD2, 0x46, 0x88, 0xF2, 0x24, 0x34, 0xDF, 0x2A, 0x8D, 0x61, 0x8F, 0x7C,
    0xFF, 0x19, 0x14, 0xFC, 0x65, 0xF7, 0x8E, 0x7E, 0xFF, 0x32, 0xBE, 0x9F, 0xC0, 0x57, 0x36, 0x3D,
    0x7E, 0x1F, 0x7A, 0xB8, 0x0B, 0xD6, 0x3C, 0xC3, 0x7D, 0xD1, 0x98, 0x13, 0x6C, 0x6E, 0x76, 0x27,
    0x67, 0x25, 0x02, 0x33, 0x40, 0xA0, 0xBD, 0xF7, 0x8C, 0x3B, 0x32, 0x59, 0xD9, 0x7F, 0x33, 0xCA,
    0x2C, 0xD2, 0x65, 0xE6, 0xFD, 0x17, 0x0C, 0x3C, 0x2E, 0xCE, 0x98, 0x1F, 0x33, 0x53, 0x93, 0x13,
    0xD0, 0xD3, 0x09, 0x63, 0x1A, 0x2B, 0xD8, 0xC5, 0xF3, 0x1C, 0x98, 0xEF, 0xF5, 0xF0, 0xD3, 0x5C,
    0x2F, 0x8E, 0x3E, 0x11, 0x15, 0x79, 0x16, 0x75, 0x04, 0x3B, 0x3C, 0xE7, 0xE4, 0x51, 0x13, 0x3B,
    0xFB, 0x71, 0xCA, 0xA3, 0xCF, 0x38, 0x6B, 0x42, 0xA5, 0x21, 0x8F, 0x3E, 0x63, 0xC3, 0xA3, 0xCF,
    0x54, 0x0E, 0x3D, 0x7B, 0x72, 0xE8, 0xD9, 0xF8, 0x4E, 0x1A, 0xC8, 0x05, 0x06, 0x5A, 0xC4, 0x71,
    0xEF, 0xDF, 0x3A, 0xFA, 0x2C, 0xF6, 0x8A, 0x55, 0xE4, 0x03, 0xC6, 0x54, 0x08, 0x75, 0x84, 0xCD,
    0x05, 0x6B, 0xCF, 0x66, 0xA6, 0xEC, 0x65, 0x99, 0x56, 0xD5, 0x53, 0xC7, 0x9C, 0x47, 0xA7, 0x8E,
    0x39, 0x87, 0x85, 0x96, 0x0F, 0xB4, 0xA4, 0x5A, 0x4E, 0x0A, 0x2D, 0xA3, 0x6A, 0xF8, 0xFD, 0xB8,
    0x34, 0xFA, 0xF5, 0xD8, 0xBD, 0x93, 0xC7, 0xDE, 0x95, 0x0F, 0x62, 0xF7, 0xF6, 0x95, 0xD8, 0xC9,
    0x4A, 0x8A, 0xEF, 0xCD, 0x33, 0x52, 0x14, 0x58, 0x94, 0x04, 0xCB, 0x28, 0x08, 0xEA, 0x28, 0x04,
    0x02, 0xBC, 0x8E, 0xA0, 0x14, 0x78, 0x6E, 0x00, 0x70, 0x92, 0x96, 0xCD, 0xB1, 0x51, 0x59, 0x1A,
    0xAD, 0x06, 0x85, 0x87, 0x69, 0xFD, 0x35, 0x52, 0x1C, 0xDE, 0x77, 0x5F, 0xD2, 0xF7, 0x52, 0x4C,
    0xFF, 0xA6, 0xD0, 0x40, 0xF0, 0xB2, 0x8C, 0x0F, 0x76, 0xB5, 0x57, 0xB7, 0x65, 0x37, 0x06, 0x1D,
    0x2F, 0x42, 0x4D, 0xE1, 0x85, 0x28, 0x29, 0xBC, 0x08, 0x15, 0x85, 0x1B, 0xA1, 0xA0, 0x70, 0x63,
    0xD4, 0x13, 0x50, 0x54, 0xE5, 0x25, 0x9E, 0x80, 0x7E, 0x48, 0xE7, 0xEB, 0xF0, 0xA0, 0x6E, 0xF1,
    0xF0, 0x25, 0xC7, 0xA3, 0x12, 0xC1, 0xBC, 0x91, 0xDF, 0xAB, 0xAC, 0xBD, 0x7E, 0xBD, 0xEA, 0xDE,
    0x32, 0x73, 0x78, 0x3D, 0xE3, 0xDD, 0x32, 0xE6, 0x3C, 0x3E, 0xEF, 0xFB, 0xC6, 0xC5, 0x8B, 0x3B,
    0x5F, 0x77, 0xEF, 0xC3, 0x88, 0xBB, 0xD8, 0x96, 0x9A, 0x59, 0x3E, 0x9F, 0x1B, 0x3B, 0x6A, 0xC9,
    0x95, 0x1A, 0x94, 0x05, 0xD3, 0x2D, 0x30, 0xC1, 0x84, 0x5E, 0x78, 0x52, 0x2E, 0x4D, 0x78, 0xA7,
    0x07, 0x86, 0xA8, 0xD0, 0x3B, 0xBF, 0x25, 0xB0, 0x10, 0xF9, 0xB6, 0xC0, 0x85, 0x75, 0x01, 0x86,
    0x8E, 0xA9, 0x17, 0xC8, 0x30, 0x28, 0xA0, 0x61, 0x50, 0x60, 0xC3, 0x99, 0x31, 0x38, 0x9C, 0xA0,
    0xC3, 0x31, 0x3C, 0xD4, 0x6B, 0x29, 0x7F, 0x02, 0x80, 0x08, 0x6E, 0x44, 0x88, 0x60, 0xB6, 0x04,
    0x88, 0x08, 0x5E, 0x15, 0x60, 0x44, 0xB0, 0x22, 0x48, 0x04, 0x27, 0x45, 0x89, 0x75, 0xC2, 0x44,
    0xF0, 0x51, 0x9C, 0x18, 0x28, 0x50, 0x0C, 0x14, 0x29, 0xCE, 0x7C, 0xF5, 0x5A, 0x8A, 0x02, 0x14,
    0x2C, 0x08, 0x19, 0xAB, 0x0B, 0xF4, 0xFC, 0x83, 0xCE, 0xF6, 0x8F, 0x01, 0x8D, 0x1D, 0xE9, 0x1E,
    0x87, 0x95, 0xFC, 0x26, 0xA6, 0x53, 0xF9, 0xC7, 0x28, 0x80, 0xBD, 0x17, 0x77, 0x0D, 0xD1, 0x73,
    0x6B, 0xAE, 0x04, 0xDF, 0xF4, 0xFA, 0xB3, 0x7E, 0x8C, 0x29, 0xA9, 0x36, 0xF0, 0xF5, 0x52, 0x58,
    0x7D, 0x46, 0xEA, 0xAF, 0x59, 0x23, 0xD3, 0x9C, 0x4E, 0x56, 0xA7, 0xA3, 0x07, 0xFD, 0x06, 0x2C,
    0x61, 0xAF, 0xFD, 0x10, 0xF4, 0x13, 0xF6, 0x46, 0x6B, 0x29, 0xBB, 0x9C, 0x30, 0xBD, 0xD4, 0x3B,
    0xB3, 0x53, 0x4B, 0x53, 0x6F, 0x7B, 0xB6, 0x86, 0x4F, 0xB2, 0x85, 0xBE, 0x41, 0xA5, 0x53, 0xED,
    0x46, 0x88, 0x33, 0x0B, 0xC7, 0x78, 0xDD, 0x72, 0xD6, 0x2C, 0xA6, 0x82, 0x6A, 0xA5, 0x22, 0x9D,
    0x6A, 0x6A, 0xBD, 0x80, 0x92, 0x09, 0x44, 0x89, 0x24, 0xA1, 0x17, 0x07, 0x50, 0x12, 0x7A, 0x39,
    0x0E, 0x2C, 0x09, 0xBD, 0x10, 0x4C, 0x42, 0x2F, 0x8A, 0x26, 0xEB, 0x84, 0x93, 0xD0, 0x8B, 0xE2,
    0xC9, 0x40, 0x01, 0x65, 0xA0, 0x88, 0x72, 0xA6, 0x80, 0x94, 0x05, 0xA6, 0x24, 0xA8, 0x3C, 0xE8,
    0xEA, 0x31, 0x3C, 0x83, 0x34, 0x37, 0x1E, 0xA4, 0x2D, 0x80, 0x25, 0x48, 0x13, 0x59, 0x82, 0xB4,
    0x86, 0xE8, 0x3A, 0xA3, 0x33, 0x48, 0x6B, 0x90, 0x0E, 0x34, 0x4A, 0x07, 0x1A, 0xA6, 0x67, 0x14,
    0x5F, 0x16, 0x81, 0x5A, 0x22, 0xF5, 0x41, 0x1B, 0x8D, 0x18, 0x93, 0xA4, 0x81, 0x73, 0x48, 0x1A,
    0x28, 0x93, 0xA4, 0x01, 0x33, 0x49, 0x5A, 0x70, 0x66, 0x9D, 0x40, 0x13, 0xA4, 0x15, 0x69, 0x06,
    0x0A, 0x35, 0x03, 0xC5, 0x9A, 0x33, 0x05, 0xD8, 0x1C, 0xA3, 0xCD, 0x31, 0xDC, 0x34, 0xEB, 0x85,
    0x79, 0x0E, 0xE5, 0xA4, 0x29, 0x67, 0xBF, 0xE5, 0xA4, 0x21, 0xE4, 0x04, 0x93, 0x26, 0x31, 0x27,
    0xB8, 0x08, 0xE8, 0xA4, 0x72, 0x14, 0x75, 0xD6, 0x05, 0x76, 0x82, 0x51, 0x81, 0x3B, 0x83, 0x02,
    0x78, 0x06, 0x05, 0xF2, 0x9C, 0x99, 0x40, 0xCF, 0x09, 0xF6, 0x7C, 0x04, 0x7C, 0x6A, 0x1B, 0x3F,
    0x17, 0xFC, 0x29, 0x6E, 0xD1, 0x63, 0x23, 0x1F, 0x29, 0x69, 0xA3, 0x2E, 0x6E, 0x41, 0x08, 0x0A,
    0xBE, 0x82, 0x41, 0x59, 0x86, 0x2A, 0x08, 0xAD, 0x0B, 0x0A, 0x05, 0xDF, 0x02, 0x86, 0x06, 0x05,
    0x0E, 0x0D, 0x0A, 0x20, 0x3A, 0x33, 0x46, 0xA2, 0x13, 0x28, 0x4A, 0xB7, 0x00, 0x9F, 0x50, 0xC0,
    0x28, 0x18, 0x29, 0x1A, 0x25, 0x27, 0x81, 0xA3, 0x64, 0x25, 0x78, 0x94, 0xBC, 0x04, 0x90, 0x82,
    0xD9, 0x18, 0x91, 0xD6, 0x15, 0x92, 0x82, 0xDD, 0x04, 0x93, 0x8E, 0x41, 0x69, 0x30, 0x46, 0xA5,
    0x33, 0x13, 0x58, 0x3A, 0x85, 0x4B, 0x8B, 0xA6, 0xD9, 0xE1, 0x83, 0x91, 0xED, 0x3F, 0x50, 0x57,
    0xD2, 0x63, 0x32, 0xE7, 0x0F, 0xD3, 0xC3, 0xE7, 0x25, 0x53, 0xB6, 0x53, 0x56, 0xDB, 0x91, 0x09,
    0x1B, 0xEC, 0x3F, 0xB9, 0xED, 0xA4, 0x8F, 0xD8, 0xCE, 0xD4, 0x4D, 0xED, 0xE4, 0xE0, 0x4C, 0x4E,
    0xAF, 0x26, 0x1C, 0x4C, 0xC5, 0x87, 0x4E, 0x66, 0xA6, 0xDA, 0x9E, 0xED, 0x6E, 0x5B, 0x36, 0xA4,
    0x11, 0xA9, 0x92, 0x12, 0x51, 0x51, 0x55, 0x64, 0x31, 0x41, 0x93, 0xB2, 0x98, 0x4D, 0x91, 0xE5,
    0x44, 0x26, 0xB2, 0x34, 0xE4, 0x02, 0x01, 0x34, 0xC4, 0x69, 0x66, 0xC9, 0xC8, 0x3E, 0x58, 0xBD,
    0xD6, 0xCB, 0x84, 0xAE, 0xA4, 0x07, 0x72, 0x88, 0xAA, 0x36, 0x36, 0x27, 0xCB, 0x5C, 0x99, 0x93,
    0x65, 0xB2, 0x48, 0x12, 0xEF, 0x63, 0x95, 0x54, 0x67, 0x99, 0x44, 0xF3, 0x92, 0x3A, 0x29, 0xD0,
    0x42, 0x29, 0xD0, 0x4A, 0x69, 0xA6, 0x28, 0x95, 0x8A, 0x5A, 0x89, 0xC5, 0xD2, 0xD3, 0xD6, 0xA0,
    0x94, 0x33, 0x2F, 0xCA, 0x19, 0x7E, 0xBB, 0x26, 0x67, 0xF8, 0x27, 0x09, 0x6C, 0xC0, 0x81, 0xD8,
    0x86, 0xC2, 0xA3, 0x8C, 0x02, 0x07, 0x22, 0x1C, 0x3A, 0x61, 0x26, 0x1C, 0x80, 0x00, 0xB4, 0x38,
    0x9C, 0x9A, 0x66, 0x7E, 0xD1, 0x19, 0xFE, 0x40, 0xCF, 0x1A, 0x44, 0x2F, 0xEC, 0x92, 0xC2, 0xF5,
    0x3C, 0xF1, 0x6F, 0x42, 0x6C, 0xEA, 0x45, 0x30, 0x76, 0x9D, 0x20, 0x9B, 0x7A, 0x11, 0x94, 0x1D,
    0x28, 0xCC, 0x0E, 0x14, 0x67, 0xCF, 0x14, 0x40, 0x7B, 0x8C, 0xB4, 0x0B, 0xA8, 0xAD, 0xD7, 0x81,
    0x5F, 0xEC, 0xF3, 0x70, 0xA7, 0x4D, 0xB4, 0x0D, 0x0E, 0x48, 0x8C, 0xE4, 0xC0, 0x14, 0x0B, 0x0E,
    0x04, 0xDC, 0xDC, 0x54, 0x41, 0xDC, 0x72, 0xC5, 0x81, 0x1C, 0x04, 0x73, 0x07, 0x0A, 0xBA, 0x03,
    0x45, 0xDD, 0x33, 0x5F, 0xBD, 0xE2, 0xD0, 0x1A, 0x77, 0xF8, 0x11, 0x98, 0x7E, 0x5B, 0x13, 0x9A,
    0xF1, 0xCE, 0xF5, 0x1D, 0xE3, 0x0D, 0x57, 0x6A, 0x91, 0x97, 0xFD, 0xEF, 0x3C, 0x72, 0xA3, 0xB7,
    0x11, 0x4B, 0x4C, 0x6B, 0x82, 0xAE, 0x14, 0x18, 0xE8, 0xB3, 0x02, 0xD1, 0xA4, 0x00, 0x61, 0x3F,
    0x9C, 0xC7, 0xF7, 0xF2, 0xA7, 0x45, 0x92, 0x42, 0x25, 0x85, 0x38, 0x8F, 0x61, 0x9B, 0x97, 0x69,
    0x32, 0x7B, 0x1E, 0x86, 0xCA, 0x72, 0xAB, 0x94, 0x9F, 0xC1, 0x22, 0xEF, 0xF2, 0x76, 0x13, 0x8A,
    0x49, 0xD3, 0x78, 0x03, 0xC3, 0xB1, 0x9C, 0x01, 0xB7, 0xE1, 0x4F, 0x6E, 0xA7, 0x70, 0xB5, 0xD7,
    0x49, 0x8D, 0xC4, 0x48, 0x8B, 0xA4, 0x48, 0x09, 0x84, 0x8C, 0x2B, 0x3D, 0x68, 0xBC, 0x40, 0xC9,
    0xFD, 0xF8, 0x2E, 0xDE, 0x77, 0x91, 0x24, 0x80, 0xF2, 0x32, 0xCD, 0xD7, 0x66, 0x72, 0x32, 0x7D,
    0x0A, 0x90, 0x1B, 0x94, 0x88, 0xB9, 0xA1, 0xB7, 0x1A, 0x40, 0x37, 0x96, 0x78, 0x11, 0xA8, 0x1B,
    0x7A, 0x23, 0xEC, 0x86, 0xDE, 0x14, 0x77, 0xD7, 0x09, 0xBC, 0xA1, 0x37, 0x45, 0xDE, 0x81, 0x42,
    0xEF, 0x40, 0x7D, 0x6B, 0x66, 0xE2, 0x62, 0x93, 0x69, 0xFC, 0x18, 0x83, 0xB4, 0xEA, 0x65, 0xDD,
    0x27, 0x6B, 0x44, 0xE0, 0xA0, 0xEE, 0x10, 0x82, 0xD3, 0xD7, 0x88, 0xC1, 0x41, 0xBF, 0x00, 0xE1,
    0x75, 0x41, 0xE1, 0x12, 0xFA, 0x04, 0x86, 0x07, 0x05, 0x0E, 0x0F, 0x0A, 0x20, 0x3E, 0x33, 0x41,
    0xE2, 0x63, 0x28, 0x4E, 0xF6, 0x5F, 0xAF, 0x89, 0x0A, 0x15, 0x4A, 0x7D, 0x6A, 0x0D, 0xDB, 0x78,
    0x83, 0xCA, 0x2C, 0x5A, 0xF1, 0xCF, 0x15, 0x65, 0xFC, 0x1E, 0x6F, 0x0C, 0x66, 0xAC, 0x88, 0xB3,
    0x16, 0x56, 0xF0, 0xF9, 0x3E, 0xB6, 0x2D, 0x7F, 0x3D, 0xE4, 0xF5, 0x32, 0x63, 0x9E, 0x2D, 0xDD,
    0x42, 0xA1, 0x5E, 0x7A, 0xB7, 0x8F, 0xE1, 0x3E, 0x24, 0x8F, 0xF3, 0x2A, 0x33, 0x2E, 0x40, 0x01,
    0x3B, 0x1C, 0xA6, 0xF1, 0x3F, 0xD8, 0x0D, 0x94, 0xAB, 0x15, 0x33, 0xBA, 0xD3, 0x54, 0xE8, 0x2A,
    0xCA, 0x12, 0xEC, 0x3E, 0x44, 0xC2, 0x70, 0x3A, 0xC7, 0x70, 0xE6, 0x43, 0x0C, 0xDB, 0x73, 0x18,
    0xB2, 0x59, 0x3E, 0xDD, 0x30, 0x27, 0x2D, 0x87, 0x2B, 0x18, 0xF6, 0xBE, 0xC4, 0x90, 0xF1, 0x09,
    0x92, 0x2D, 0x76, 0xF5, 0x4F, 0xEA, 0x83, 0x0D, 0xB4, 0xBA, 0xD5, 0x1E, 0xA9, 0xC4, 0xA0, 0xE2,
    0x91, 0x8A, 0x17, 0x62, 0x69, 0xF8, 0x6D, 0x7B, 0x96, 0x54, 0x16, 0xDC, 0x18, 0x45, 0x01, 0x35,
    0xBE, 0xC0, 0x61, 0x96, 0x43, 0x59, 0xEE, 0x62, 0x4D, 0x97, 0x78, 0xBA, 0xC0, 0x0E, 0x17, 0xA8,
    0xAD, 0x0B, 0x1E, 0xAE, 0x05, 0x15, 0x04, 0xAF, 0x60, 0x1B, 0xC5, 0x48, 0x83, 0x37, 0x12, 0x1B,
    0x28, 0x85, 0xCB, 0x3C, 0x3D, 0x2D, 0xD3, 0xED, 0xA4, 0xE5, 0xE0, 0xDF, 0x7B, 0x2B, 0x33, 0x8E,
    0x86, 0x7E, 0xE7, 0xD0, 0x11, 0x89, 0xDC, 0x28, 0x00, 0x16, 0xA7, 0x23, 0xA3, 0x6E, 0x61, 0xA2,
    0x06, 0x1A, 0xC7, 0x7E, 0x12, 0x8E, 0x8B, 0x23, 0x13, 0x8F, 0xD7, 0x09, 0xC8, 0xB1, 0x99, 0x8A,
    0xC8, 0x03, 0x85, 0xE4, 0x81, 0x62, 0xF2, 0x99, 0x49, 0xB4, 0x3E, 0x3C, 0xF9, 0xE4, 0x40, 0x60,
    0x0E, 0x0E, 0x44, 0xE6, 0xE0, 0x50, 0x02, 0x34, 0xA7, 0xC9, 0x64, 0x92, 0xC0, 0x08, 0xCE, 0xC1,
    0x41, 0xD1, 0x79, 0x9D, 0xF0, 0x9C, 0x06, 0x29, 0xEE, 0x16, 0x1C, 0x9A, 0x66, 0xC6, 0xE0, 0xFC,
    0x60, 0x3A, 0x38, 0x94, 0xEA, 0xCA, 0xA1, 0x14, 0xCC, 0x71, 0x41, 0x48, 0x03, 0xA8, 0xD3, 0x18,
    0x81, 0xD4, 0x69, 0x8B, 0x02, 0xD5, 0xEB, 0xC4, 0xEA, 0x62, 0x89, 0x04, 0xE8, 0x81, 0xA2, 0xF5,
    0x40, 0xE1, 0xFA, 0xCC, 0x18, 0xAF, 0x17, 0x80, 0x1D, 0xF0, 0xF1, 0xA0, 0x80, 0xE9, 0xCA, 0x39,
    0xE0, 0xC9, 0x06, 0x40, 0xBB, 0x48, 0xED, 0xB3, 0xB4, 0x20, 0x6C, 0x67, 0xF8, 0x11, 0xDC, 0x5E,
    0x27, 0x70, 0x07, 0x69, 0x45, 0xEE, 0x81, 0x42, 0xF7, 0x40, 0xB1, 0xFB, 0xCC, 0x18, 0xB6, 0x1F,
    0x4C, 0xAD, 0x71, 0xDD, 0x02, 0x00, 0x0F, 0xC2, 0xA8, 0x9D, 0xA4, 0x30, 0xA2, 0xC4, 0xC0, 0xF0,
    0xA0, 0x2A, 0x20, 0x9E, 0xF7, 0x35, 0xA9, 0x09, 0x16, 0x6D, 0x81, 0xE0, 0xF8, 0x40, 0x80, 0xFC,
    0x8C, 0x22, 0x79, 0x85, 0xF2, 0x05, 0x96, 0x1F, 0xC7, 0xE5, 0xA7, 0x98, 0xAD, 0x0E, 0xB0, 0x7D,
    0x01, 0xEE, 0xF9, 0xEE, 0x29, 0xA7, 0xB0, 0x93, 0x66, 0x0A, 0xEC, 0x13, 0xED, 0x2B, 0xBF, 0x44,
    0xF7, 0x3B, 0x92, 0xFD, 0xAE, 0x6A, 0xF4, 0xA9, 0x6A, 0xF0, 0xA9, 0x6A, 0xEC, 0xA9, 0xEA, 0x7E,
    0x57, 0x75, 0xBF, 0xAB, 0xBA, 0xDF, 0x55, 0xDD, 0xEF, 0xAA, 0xE8, 0x50, 0x80, 0x7F, 0x81, 0xFC,
    0x05, 0xFA, 0x7B, 0x19, 0xD0, 0x4F, 0xBA, 0x67, 0x2C, 0x60, 0xA6, 0xCF, 0x2B, 0xD8, 0xFD, 0xCC,
    0x34, 0x50, 0x3E, 0xD3, 0x8D, 0x4E, 0xF4, 0x79, 0x67, 0x39, 0x13, 0x80, 0x6E, 0xF1, 0xFB, 0x32,
    0x60, 0x6E, 0x80, 0xDF, 0x2B, 0x10, 0xFE, 0x98, 0xE0, 0xF6, 0x06, 0xCA, 0x0F, 0x3F, 0x5D, 0x6E,
    0x8F, 0x80, 0x9D, 0x36, 0xF1, 0xCF, 0x5B, 0xEB, 0xD7, 0xFA, 0xC6, 0x1D, 0xFD, 0x85, 0x34, 0x5D,
    0x1B, 0x49, 0xD3, 0x2C, 0xF3, 0xE0, 0x07, 0xD4, 0x1A, 0x00, 0xB3, 0xC7, 0xFA, 0xCB, 0xFD, 0x26,
    0x5B, 0xAE, 0x6C, 0xBA, 0x7A, 0x7D, 0x36, 0x5D, 0x9D, 0xBE, 0x34, 0x5D, 0xE5, 0xBB, 0x19, 0x96,
    0x08, 0x51, 0x3A, 0x11, 0x64, 0xA9, 0x52, 0x98, 0x2A, 0xA5, 0xA9, 0x52, 0x9C, 0xAA, 0x59, 0xE6,
    0x50, 0xC9, 0x30, 0x98, 0x0E, 0x07, 0x9F, 0x43, 0x89, 0x83, 0x8B, 0x10, 0x66, 0xBC, 0xD7, 0x98,
    0xCB, 0xB8, 0x2C, 0x37, 0x91, 0xAB, 0x91, 0xBF, 0x21, 0xD2, 0xA5, 0x10, 0x6E, 0x2D, 0x81, 0x6C,
    0x96, 0xA2, 0xCD, 0xB1, 0x19, 0x3C, 0x0B, 0xC1, 0xEA, 0x73, 0x90, 0x0B, 0x3B, 0xD2, 0x88, 0x90,
    0x9C, 0x8F, 0xF5, 0x99, 0xA1, 0x6B, 0x4D, 0xE6, 0x2D, 0x9E, 0x95, 0x39, 0x7D, 0xB6, 0xFD, 0x7E,
    0x74, 0xA8, 0xED, 0xD7, 0x01, 0x62, 0x7A, 0x68, 0xAF, 0x3B, 0x4C, 0x3B, 0x5F, 0x22, 0xE0, 0xB6,
    0x90, 0x86, 0xF0, 0x7F, 0x2D, 0x52, 0x93, 0x87, 0x7A, 0xD4, 0x74, 0xCF, 0x98, 0x93, 0xDE, 0x5D,
    0x58, 0x6D, 0x8E, 0x6C, 0xD2, 0x80, 0xA2, 0x76, 0x8D, 0x1D, 0x8E, 0x21, 0xE5, 0x73, 0x93, 0x0B,
    0x9F, 0x0A, 0x28, 0xE5, 0x8A, 0x01, 0x04, 0x1D, 0x09, 0x9C, 0xB4, 0xD7, 0x6E, 0x10, 0x4D, 0x5A,
    0x67, 0x97, 0x60, 0x92, 0x6D, 0x3B, 0x60, 0x49, 0x2F, 0x16, 0x28, 0xE9, 0x44, 0x4F, 0x78, 0xC8,
    0xD8, 0xCA, 0x3F, 0x01, 0x86, 0x9C, 0x6F, 0x6F, 0x01, 0x42, 0xC2, 0x8B, 0x81, 0x20, 0xDD, 0x11,
    0x01, 0xA4, 0xBD, 0xF6, 0x0E, 0x9F, 0x6E, 0x70, 0x52, 0x5F, 0xAE, 0x91, 0x02, 0x3D, 0x7A, 0x31,
    0xC1, 0xA3, 0x13, 0x7D, 0xFD, 0x21, 0x63, 0x2B, 0xBF, 0xC1, 0x67, 0x3D, 0xDA, 0x6F, 0xF0, 0x51,
    0x0F, 0xB3, 0x7C, 0x2A, 0x87, 0xC4, 0xAD, 0x7E, 0x0B, 0x02, 0x8F, 0x2E, 0xD4, 0x20, 0x6F, 0x5A,
    0x95, 0x87, 0x5C, 0x78, 0x33, 0x28, 0xE6, 0x21, 0xA3, 0x13, 0x3D, 0xEE, 0x90, 0x51, 0xEF, 0xC7,
    0xCD, 0x8B, 0x01, 0xD3, 0x1E, 0xAB, 0xA0, 0xB6, 0x84, 0xD1, 0x5E, 0xDB, 0x1D, 0x61, 0x74, 0x3E,
    0x1E, 0x56, 0x79, 0x0B, 0x22, 0xAD, 0xCA, 0x2D, 0x0C, 0x58, 0x70, 0xF4, 0xB8, 0x43, 0xC6, 0x56,
    0x7E, 0x13, 0xD8, 0x70, 0xBE, 0x7D, 0x05, 0xD0, 0x10, 0x1C, 0x81, 0x0C, 0xDD, 0x11, 0x81, 0xA1,
    0xBD, 0xD6, 0x07, 0x2E, 0xB4, 0xCE, 0x00, 0xB0, 0xD0, 0x1A, 0xA2, 0x42, 0x2F, 0x26, 0x28, 0x04,
    0xB5, 0xC7, 0x1C, 0x32, 0x16, 0xF7, 0xE0, 0xC5, 0x99, 0x55, 0x62, 0x77, 0x44, 0x2C, 0x68, 0xAF,
    0xBD, 0x07, 0x8F, 0xB0, 0xCE, 0xBF, 0xC2, 0x91, 0xAD, 0xB4, 0xE9, 0xBC, 0x58, 0xBC, 0x39, 0x7A,
    0xDC, 0x21, 0x63, 0x4B, 0xEF, 0x5E, 0x0B, 0x00, 0xC4, 0x5F, 0x81, 0xFF, 0x40, 0x0D, 0xF0, 0x0F,
    0xD4, 0x80, 0xFE, 0x40, 0x0D, 0xE0, 0x0F, 0x9A, 0x03, 0xF6, 0xF3, 0x62, 0x42, 0x3F, 0x27, 0xFA,
    0xFA, 0x43, 0x46, 0x35, 0xA0, 0xE1, 0xBC, 0x42, 0x3E, 0xB2, 0xBB, 0x43, 0xB2, 0x02, 0xF8, 0xEC,
    0xB5, 0x01, 0xF1, 0x1E, 0x16, 0x4D, 0xB8, 0x67, 0x8D, 0xA0, 0x3D, 0x2A, 0x11, 0x60, 0x0F, 0x7B,
    0xF2, 0xCB, 0x1D, 0x32, 0xB6, 0x14, 0xE4, 0xCD, 0x2B, 0xC6, 0x93, 0x33, 0x97, 0x3A, 0x2D, 0x95,
    0x08, 0xCF, 0x5E, 0x8B, 0x09, 0xF0, 0xAC, 0x73, 0x9F, 0xF8, 0xCE, 0x1A, 0x81, 0x77, 0x5E, 0x2C,
    0xE8, 0xCE, 0x89, 0xBE, 0xF6, 0x90, 0xB1, 0x05, 0x2C, 0x45, 0x5C, 0x37, 0xDF, 0x8E, 0x04, 0xD6,
    0xC9, 0x69, 0x32, 0x50, 0x1D, 0xA8, 0x0B, 0xA8, 0x03, 0x79, 0xC1, 0x74, 0xD6, 0xF9, 0x44, 0x20,
    0x9D, 0x35, 0x8A, 0xE8, 0xBC, 0x58, 0x01, 0x9D, 0x13, 0x3D, 0xE1, 0x21, 0xA3, 0x18, 0xB6, 0xDE,
    0x67, 0xFC, 0x88, 0xFF, 0x2D, 0x67, 0x85, 0x74, 0xF4, 0x9C, 0x96, 0xB0, 0x52, 0xD3, 0xCC, 0xF3,
    0xA2, 0x82, 0xE1, 0x1E, 0xBA, 0xC3, 0xFA, 0x11, 0x63, 0xDF, 0xDC, 0x6C, 0xC4, 0xD6, 0xE9, 0x7F,
    0x93, 0x91, 0xC2, 0xA4, 0x7E, 0xDC, 0x64, 0x8B, 0xA2, 0xC9, 0x8B, 0xE9, 0xBC, 0xA0, 0x40, 0xE0,
    0x0C, 0x07, 0xE0, 0x2D, 0x72, 0x9B, 0x4D, 0x23, 0x34, 0xD9, 0x78, 0xE5, 0x36, 0x61, 0x59, 0x5C,
    0x6E, 0x62, 0xEF, 0x0F, 0x98, 0xCC, 0x84, 0xF0, 0x29, 0x6F, 0xB8, 0x80, 0x42, 0xE4, 0xDC, 0xCF,
    0x68, 0x4A, 0x3C, 0x34, 0x8A, 0x80, 0xC4, 0x5C, 0x5F, 0x1A, 0x7D, 0x91, 0x20, 0x8D, 0x80, 0xC5,
    0xF9, 0x66, 0x81, 0xBF, 0xC6, 0xE8, 0x2B, 0x9B, 0x97, 0x27, 0x66, 0xE5, 0x32, 0xC5, 0x08, 0x83,
    0x3D, 0xD7, 0xAF, 0x80, 0x40, 0xBF, 0x11, 0xDA, 0xE7, 0x97, 0xBE, 0x8C, 0x9C, 0xA0, 0x86, 0x7D,
    0x9D, 0x73, 0xDC, 0x58, 0x2F, 0x0F, 0x69, 0x95, 0x2C, 0xF7, 0x34, 0xC6, 0xF7, 0x96, 0x26, 0x16,
    0x5D, 0x16, 0x8B, 0x96, 0xC3, 0xB9, 0x6B, 0xEF, 0xF9, 0x4F, 0x62, 0xD1, 0x5F, 0x69, 0x3F, 0x8B,
    0xCF, 0xDD, 0xEA, 0xD3, 0x32, 0xD6, 0x80, 0xA9, 0x98, 0x31, 0x07, 0xA0, 0x49, 0x44, 0x05, 0xFB,
    0x43, 0xAA, 0xB2, 0x4E, 0xCE, 0x13, 0x23, 0x39, 0x33, 0x42, 0x65, 0x74, 0x9D, 0x34, 0x0F, 0x3F,
    0x01, 0x78, 0x78, 0x2C, 0x5A, 0xCE, 0x7C, 0xF2, 0xE4, 0x08, 0xCF, 0xF5, 0x5A, 0x3C, 0x3E, 0x7B,
    0x90, 0x32, 0xFB, 0x77, 0x32, 0x73, 0x64, 0xB3, 0x86, 0xC5, 0xFD, 0x36, 0xC3, 0xA3, 0x93, 0x6E,
    0x20, 0x24, 0xA5, 0xD2, 0x28, 0x0D, 0x58, 0xBE, 0x41, 0xCE, 0xD6, 0x1F, 0xB2, 0xE7, 0x29, 0xD8,
    0x5C, 0xCB, 0x54, 0x28, 0x6B, 0x0D, 0xBA, 0xF2, 0x61, 0xA7, 0x5E, 0x68, 0x2F, 0xF9, 0xA1, 0xF5,
    0x11, 0x81, 0x91, 0xEC, 0x4A, 0xBC, 0x55, 0x42, 0x20, 0xF3, 0x3C, 0x8B, 0x6A, 0xCC, 0xCB, 0x9D,
    0xE2, 0x1A, 0x4B, 0x2B, 0x2C, 0x36, 0x30, 0x2C, 0xDA, 0xBE, 0x52, 0x56, 0x8A, 0x49, 0x34, 0x4B,
    0x99, 0xBD, 0xB6, 0x59, 0xCB, 0xA0, 0xED, 0x01, 0x8A, 0xB5, 0xB7, 0x53, 0x98, 0x44, 0xCB, 0x49,
    0x4A, 0x71, 0x20, 0xDB, 0xAE, 0xC3, 0xC1, 0xC3, 0xDA, 0x07, 0xB7, 0xD0, 0x12, 0x6A, 0x3C, 0xD2,
    0xE7, 0x09, 0x46, 0x16, 0x86, 0xF5, 0xCA, 0xDD, 0x2E, 0x9F, 0x91, 0xDB, 0x35, 0x7E, 0x89, 0x98,
    0xA7, 0xB6, 0x53, 0xE6, 0x7D, 0x0C, 0x3E, 0x96, 0xC5, 0xE1, 0xC4, 0x2E, 0xF7, 0xAC, 0xEB, 0x6B,
    0x03, 0x7A, 0xB2, 0x0C, 0xEC, 0x82, 0x87, 0xDD, 0xC2, 0x5E, 0xE1, 0xBB, 0x23, 0x7D, 0xA4, 0x9C,
    0x00, 0xEF, 0x2C, 0xB0, 0x5E, 0xFE, 0x92, 0x71, 0x3F, 0xF8, 0x57, 0xBC, 0xEF, 0x20, 0x8A, 0x01,
    0x78, 0x5D, 0x2D, 0x4F, 0x30, 0xCA, 0x3B, 0x40, 0x3F, 0xF3, 0xED, 0xD7, 0x01, 0x7E, 0xC0, 0x08,
    0xD8, 0xC7, 0x1D, 0x11, 0xFA, 0xD8, 0x6B, 0x39, 0x90, 0x8F, 0x75, 0x3E, 0x02, 0xF0, 0x61, 0xA2,
    0x42, 0x01, 0x1E, 0x13, 0xF6, 0x20, 0x03, 0x3C, 0xE6, 0xC0, 0x71, 0xFC, 0x4C, 0x98, 0xE2, 0x1D,
    0x76, 0xEC, 0x01, 0x77, 0xDC, 0x91, 0xA0, 0x1D, 0xF8, 0x29, 0xC1, 0x0E, 0x42, 0x36, 0xB1, 0x8E,
    0x35, 0x02, 0x75, 0x18, 0x06, 0x80, 0x74, 0x9C, 0xE8, 0x6B, 0x0F, 0x1C, 0x0F, 0x96, 0x69, 0xA9,
    0x24, 0xEA, 0x48, 0x1E, 0x23, 0xF4, 0x05, 0xD8, 0xEC, 0xE8, 0x7D, 0x95, 0x8E, 0xA5, 0x76, 0x26,
    0xCD, 0xF9, 0xD6, 0x38, 0xFA, 0xB5, 0x25, 0xF8, 0x89, 0x39, 0xAF, 0x54, 0x3D, 0xA4, 0xB7, 0x01,
    0x62, 0x04, 0xBC, 0x6A, 0xF9, 0x12, 0x52, 0x0F, 0x0F, 0x19, 0xE5, 0xC2, 0x12, 0xC2, 0xFD, 0xE3,
    0x0E, 0x19, 0xC7, 0xDE, 0x45, 0x19, 0x78, 0xCE, 0x77, 0x9C, 0x29, 0x2C, 0x0F, 0x18, 0x81, 0xF8,
    0x24, 0xBF, 0xE1, 0xA0, 0xF7, 0xED, 0xE4, 0x14, 0x90, 0x00, 0xB6, 0xB4, 0xBF, 0xCB, 0x27, 0x54,
    0x28, 0x4D, 0xC6, 0xF3, 0xC5, 0x3F, 0xB6, 0xC5, 0xE3, 0xF9, 0xED, 0xB5, 0x55, 0x18, 0x13, 0x7B,
    0xD3, 0xC7, 0x01, 0x57, 0xE0, 0x64, 0x30, 0xBF, 0x6B, 0xEF, 0xF1, 0x96, 0xE5, 0x88, 0xD7, 0x18,
    0x97, 0xE1, 0x96, 0x11, 0xFE, 0xEA, 0x26, 0xFC, 0x2F, 0xFC, 0xAD, 0x80, 0x35, 0xE5, 0x47, 0x60,
    0x0D, 0x76, 0x6E, 0xF5, 0x13, 0x43, 0x6F, 0xAE, 0x7D, 0x1E, 0x9B, 0xED, 0x6E, 0x6C, 0xD6, 0x51,
    0x6E, 0x6E, 0xE0, 0x3D, 0x9F, 0xCA, 0xFD, 0x2D, 0xEE, 0x3F, 0x3D, 0xDC, 0x8D, 0xFD, 0x7B, 0xAB,
    0x71, 0x49, 0x6E, 0x6F, 0x7B, 0xBA, 0x4B, 0xA3, 0x79, 0x41, 0x30, 0x34, 0x64, 0x27, 0x41, 0xA6,
    0x01, 0x7E, 0x41, 0x86, 0x06, 0x7C, 0x81, 0x5A, 0x80, 0x5E, 0x10, 0x45, 0x01, 0x5E, 0xBC, 0x98,
    0xD8, 0x05, 0xBB, 0xF3, 0xB5, 0xA7, 0x89, 0x2D, 0x01, 0x2D, 0xF3, 0x82, 0x59, 0x98, 0x29, 0x6B,
    0xDC, 0xF6, 0x8C, 0xBA, 0xB9, 0x01, 0xC0, 0x82, 0xD8, 0x0F, 0xBC, 0x82, 0x75, 0x01, 0xAE, 0xF0,
    0xB0, 0xD7, 0x17, 0x2F, 0xFF, 0xC5, 0xA7, 0x89, 0x2D, 0x7D, 0x8E, 0x56, 0x60, 0x0A, 0xAD, 0x68,
    0x81, 0xD4, 0x00, 0x52, 0x60, 0x43, 0xC0, 0x28, 0x30, 0x21, 0x40, 0x14, 0x5A, 0xD0, 0x45, 0xC9,
    0x23, 0x0B, 0xA0, 0xF6, 0xB8, 0xD3, 0x44, 0x75, 0xD4, 0xD5, 0x7B, 0xED, 0x87, 0x3C, 0xB0, 0x4F,
    0xCD, 0xF1, 0x05, 0xC4, 0xE9, 0xFC, 0x4C, 0x37, 0xB5, 0xD7, 0xF6, 0xBF, 0x84, 0x01, 0xB4, 0xE2,
    0xD4, 0x3E, 0x67, 0xC3, 0xD4, 0xBB, 0xB5, 0x66, 0x52, 0x07, 0xA9, 0x26, 0x65, 0x77, 0x26, 0x9D,
    0x5C, 0x9D, 0x95, 0xDB, 0xB8, 0x30, 0x23, 0xE0, 0x0F, 0xF1, 0x7D, 0xE6, 0x65, 0x16, 0x20, 0xAF,
    0xC0, 0x84, 0x7E, 0xE6, 0x48, 0xF1, 0x02, 0x03, 0x42, 0xD5, 0xE7, 0x44, 0x5F, 0x7B, 0x80, 0xA8,
    0x57, 0xDE, 0xE6, 0x05, 0x70, 0x68, 0x53, 0x1C, 0x26, 0x39, 0xC7, 0x08, 0x3B, 0x00, 0xDA, 0x60,
    0x05, 0xC2, 0xE2, 0x90, 0x58, 0x03, 0xEF, 0x00, 0x35, 0x60, 0x92, 0xBF, 0xD4, 0x01, 0xE2, 0xBF,
    0x7B, 0x04, 0x7F, 0xE4, 0x00, 0xF1, 0x70, 0x3D, 0x46, 0x3C, 0x41, 0xF7, 0xAE, 0x8A, 0x77, 0x4B,
    0x3D, 0xC6, 0xDF, 0x0D, 0xB1, 0x04, 0x77, 0xA6, 0x2A, 0x3B, 0xF3, 0x8B, 0x0F, 0x10, 0x9D, 0xFC,
    0x35, 0x91, 0xD7, 0xDE, 0xFF, 0x4C, 0x1E, 0x03, 0x5A, 0x36, 0x5B, 0x72, 0xA7, 0xA2, 0x71, 0x3B,
    0x97, 0xC7, 0x80, 0x9E, 0xDD, 0xBF, 0xF5, 0x22, 0x1F, 0x03, 0x32, 0x5D, 0x47, 0x1E, 0x03, 0x32,
    0x7D, 0x23, 0x8F, 0x01, 0x99, 0xC4, 0xC8, 0x63, 0x40, 0x24, 0xC6, 0xC7, 0x80, 0xA4, 0xD6, 0xBE,
    0xAD, 0x70, 0xEB, 0xDF, 0x7A, 0x0C, 0xE8, 0xFF, 0x03, 0xB5, 0x7B, 0x4D, 0x8C, 0x1C, 0xE7, 0x79,
    0xE6, 0x57, 0x55, 0x14, 0x2B, 0x74, 0x25, 0x5D, 0x83, 0xAC, 0x93, 0xFD, 0x21, 0x38, 0xBD, 0xC0,
    0xEA, 0x60, 0x50, 0x4D, 0xF6, 0xC5, 0x87, 0x46, 0xD2, 0x33, 0x5D, 0xA4, 0x02, 0x04, 0x58, 0x01,
    0x16, 0x81, 0x5D, 0x59, 0x07, 0x61, 0xCD, 0xB9, 0xE5, 0x64, 0xF2, 0x32, 0x41, 0x3A, 0xBB, 0xC3,
    0xE9, 0x12, 0xE7, 0xA0, 0x83, 0x80, 0x88, 0x39, 0x24, 0x3E, 0xF0, 0x40, 0x1E, 0x04, 0xAC, 0xDD,
    0xCC, 0x7A, 0x1A, 0x9B, 0xC1, 0x2E, 0xB5, 0x1A, 0x4E, 0xD7, 0x90, 0x07, 0x21, 0x10, 0x20, 0x95,
    0x24, 0x28, 0x3E, 0x10, 0x30, 0xCB, 0x76, 0x0C, 0x2A, 0xA4, 0x8D, 0xF9, 0x64, 0x37, 0xA9, 0x1A,
    0xB2, 0xBB, 0x6B, 0x9F, 0xE7, 0x7D, 0xAB, 0x87, 0x3D, 0xFC, 0xD3, 0xC8, 0x36, 0x87, 0xE8, 0xAF,
    0x38, 0x3F, 0xFD, 0xBE, 0xEF, 0xF7, 0xFE, 0x3F, 0xDF, 0xFB, 0xB5, 0x31, 0xF8, 0xFA, 0x03, 0xE3,
    0x14, 0xF1, 0xC5, 0x7F, 0x17, 0xDA, 0xF0, 0xB6, 0xB5, 0xAD, 0xF0, 0xDC, 0xBC, 0x59, 0xBF, 0x5B,
    0x54, 0x4C, 0xEB, 0xA3, 0xA2, 0xF3, 0xA3, 0x6F, 0x99, 0x03, 0xF7, 0xDF, 0xFF, 0xB3, 0xE0, 0x5B,
    0xC6, 0xF4, 0x1D, 0x53, 0xAF, 0x18, 0x93, 0x9B, 0x20, 0xC7, 0x23, 0x35, 0x61, 0x5A, 0xE1, 0x9B,
    0xF7, 0xE7, 0xF2, 0x30, 0xD5, 0x6F, 0xC9, 0xC3, 0xFD, 0xB1, 0x3C, 0xCC, 0x86, 0x3E, 0x8E, 0xEA,
    0xA3, 0x41, 0x0E, 0x41, 0xDE, 0x4A, 0xC0, 0xA1, 0xD5, 0x9F, 0x8F, 0xC1, 0x61, 0xDB, 0x1F, 0x92,
    0x43, 0xF1, 0x93, 0x21, 0x39, 0x6C, 0xDB, 0x75, 0xE1, 0xD0, 0x6B, 0x92, 0x83, 0xB1, 0x4D, 0x72,
    0xF0, 0xB2, 0x26, 0xDF, 0x1C, 0xC6, 0xF2, 0x78, 0xCE, 0x34, 0x95, 0xD8, 0xC3, 0x0F, 0xA7, 0x78,
    0xA3, 0x28, 0x8A, 0x28, 0xBC, 0xFD, 0xAB, 0x71, 0xF7, 0x9E, 0x01, 0x69, 0x6B, 0x7A, 0x24, 0x3D,
    0xC0, 0x03, 0xA4, 0xFB, 0x79, 0x8F, 0xA4, 0xAB, 0x83, 0x1E, 0x49, 0x87, 0x71, 0x8F, 0xA4, 0xE7,
    0xF0, 0x3B, 0x7C, 0xB5, 0x52, 0x79, 0x38, 0xC3, 0x9E, 0xEE, 0x41, 0x1F, 0x9E, 0x55, 0xD2, 0x96,
    0x52, 0xFF, 0xBE, 0x3F, 0x30, 0x90, 0x3A, 0xAC, 0xAF, 0x93, 0xB4, 0x3F, 0xAC, 0x91, 0xF4, 0xB1,
    0xD1, 0x12, 0x49, 0x67, 0xAD, 0x01, 0x49, 0xDB, 0xC6, 0x7F, 0x26, 0xE9, 0xDE, 0x5C, 0x3F, 0x02,
    0xE9, 0x76, 0xFD, 0xD7, 0x09, 0xE5, 0x72, 0x3C, 0x3E, 0xAA, 0x46, 0x1E, 0x41, 0x12, 0xC4, 0xD4,
    0xCE, 0xB8, 0x2F, 0x94, 0x3B, 0xB9, 0x4A, 0x3D, 0x84, 0xD0, 0x1B, 0xDD, 0xEF, 0x83, 0x30, 0x76,
    0x03, 0xBA, 0xAD, 0xBF, 0x23, 0xD9, 0xFF, 0x5E, 0x24, 0xA0, 0xDA, 0xF8, 0xE3, 0x0C, 0x44, 0x1B,
    0x90, 0x22, 0x95, 0x15, 0x5A, 0x74, 0x32, 0xAE, 0x42, 0xB0, 0x19, 0x46, 0x58, 0xEB, 0xA2, 0xE6,
    0x70, 0x50, 0xEA, 0x20, 0x13, 0x72, 0x5D, 0x1A, 0xB0, 0xF5, 0x8A, 0x12, 0x2C, 0x72, 0x52, 0x6C,
    0x1F, 0xBC, 0x42, 0x41, 0x1B, 0xC1, 0xCB, 0x14, 0x74, 0xAE, 0x13, 0x52, 0x07, 0xF5, 0x3C, 0x94,
    0xCD, 0x9B, 0x23, 0x7C, 0xEC, 0x73, 0x72, 0xA1, 0x55, 0xA4, 0xF2, 0xC3, 0xD3, 0xB9, 0xEA, 0xA0,
    0x13, 0xAB, 0x59, 0x13, 0xE5, 0x50, 0x0C, 0xC0, 0xA2, 0xBB, 0x3A, 0xEE, 0x5E, 0x04, 0x0F, 0x53,
    0xFF, 0xAE, 0x30, 0xC9, 0xDA, 0xE1, 0xA7, 0xE4, 0x62, 0x7B, 0x6E, 0x11, 0x51, 0x1F, 0xEF, 0x6C,
    0x04, 0x11, 0xF8, 0xB4, 0x5B, 0x85, 0x30, 0x9A, 0x73, 0x02, 0xE1, 0x14, 0x46, 0xA1, 0x3C, 0xBD,
    0x3B, 0xCB, 0xF2, 0x34, 0x7D, 0x95, 0x00, 0x22, 0x04, 0xCA, 0xCD, 0xF8, 0x91, 0xD9, 0xF5, 0x95,
    0x0A, 0xDB, 0xB4, 0x20, 0xD7, 0x4B, 0xE9, 0x36, 0x99, 0xBA, 0x69, 0x06, 0x9E, 0xA6, 0x9E, 0x66,
    0x60, 0xF9, 0xE2, 0x38, 0xCD, 0xC0, 0xB1, 0xFE, 0x7A, 0x4A, 0x65, 0xE5, 0x0E, 0x1E, 0xA9, 0x19,
    0x39, 0x03, 0x2A, 0xAA, 0xFE, 0xD1, 0x88, 0x0F, 0x73, 0xE7, 0x86, 0x3C, 0x8E, 0x7E, 0x22, 0x8F,
    0xE0, 0x23, 0x79, 0x78, 0x29, 0x8D, 0x0B, 0x83, 0x04, 0xF4, 0x7A, 0x13, 0x6E, 0x6D, 0xAC, 0x93,
    0xF8, 0x9C, 0x37, 0x68, 0x92, 0xFA, 0x65, 0x2F, 0x6D, 0x82, 0x7C, 0x64, 0xBD, 0xCD, 0x01, 0xE8,
    0x5F, 0x7C, 0xC7, 0xBB, 0x0A, 0xF2, 0xC6, 0xB6, 0x3C, 0x5B, 0x03, 0x87, 0xEC, 0x39, 0x0F, 0x1E,
    0x40, 0x0F, 0xF1, 0x6E, 0x0C, 0xE8, 0xED, 0xAF, 0xBC, 0xB8, 0x29, 0xF6, 0x28, 0x8A, 0x44, 0xE4,
    0x7E, 0xE5, 0xA4, 0x3E, 0xD5, 0xFA, 0xCD, 0x29, 0x87, 0xAD, 0xBF, 0x22, 0x52, 0x14, 0xE2, 0x63,
    0xAF, 0x5C, 0x2E, 0x7F, 0xE3, 0x16, 0x2B, 0x78, 0x6B, 0x78, 0xFB, 0xD7, 0xB7, 0xBA, 0xF1, 0xB2,
    0xE9, 0xE3, 0x4D, 0xAD, 0x9F, 0x92, 0xD4, 0x73, 0xF7, 0xDF, 0xBB, 0x3A, 0x04, 0x7D, 0x2F, 0x39,
    0x6D, 0x9C, 0x81, 0x97, 0x50, 0x9F, 0xB2, 0x82, 0x70, 0x45, 0xD6, 0xA6, 0xAC, 0xA4, 0xE3, 0xDE,
    0x97, 0x9D, 0xF5, 0xA7, 0x54, 0xA8, 0xEA, 0x54, 0x25, 0xCF, 0x4E, 0xAD, 0xFA, 0x13, 0x3F, 0x51,
    0xBF, 0x19, 0x53, 0xBB, 0xE3, 0x1F, 0x70, 0xFF, 0x63, 0xDA, 0xD3, 0xBC, 0x1B, 0x71, 0xEF, 0xFF,
    0x48, 0x2F, 0x34, 0x9F, 0x53, 0xB1, 0x6E, 0x46, 0x2F, 0x3C, 0x9D, 0x50, 0xE8, 0xB1, 0xF8, 0xA2,
    0x95, 0x75, 0xE0, 0x91, 0x65, 0x6B, 0x55, 0x5C, 0x7C, 0x5C, 0x7A, 0xA1, 0x25, 0xB9, 0x0D, 0xF5,
    0x90, 0xB6, 0x38, 0x48, 0x8A, 0x07, 0xFD, 0xA3, 0x5D, 0xD5, 0x70, 0x69, 0xD1, 0x0B, 0xD7, 0xE6,
    0xBE, 0x88, 0x41, 0xB4, 0x59, 0xBF, 0x46, 0x17, 0xAB, 0x39, 0x5E, 0x2C, 0x82, 0xF9, 0xB1, 0x48,
    0x26, 0x12, 0xBA, 0x63, 0x4D, 0x23, 0xF5, 0xC1, 0xC3, 0xE1, 0xD2, 0x10, 0xBA, 0x0D, 0x21, 0xDB,
    0xAE, 0xEF, 0x25, 0x5C, 0xE2, 0xE9, 0x70, 0x79, 0x10, 0xDE, 0xF5, 0xAC, 0x60, 0x78, 0x6F, 0x0C,
    0x35, 0x73, 0x84, 0x56, 0x1C, 0x1A, 0x19, 0x80, 0xF2, 0x3A, 0x96, 0xF2, 0x8E, 0x48, 0x2D, 0x37,
    0x2D, 0xEE, 0x3E, 0x35, 0xFB, 0xE3, 0x9D, 0xEC, 0xF0, 0xF4, 0x87, 0x87, 0x90, 0x79, 0x71, 0x14,
    0xDE, 0xFE, 0xD9, 0x67, 0x2D, 0xF3, 0x6E, 0xD2, 0x49, 0x8B, 0xE4, 0xDF, 0x7F, 0x71, 0x03, 0x92,
    0x42, 0x9E, 0x21, 0x7E, 0x97, 0xF5, 0x93, 0x9A, 0x73, 0x37, 0x9D, 0x75, 0xD3, 0x5E, 0x78, 0x3C,
    0xE9, 0xC1, 0x1F, 0xAD, 0x19, 0xBF, 0x6A, 0xE1, 0x42, 0x90, 0xF4, 0x84, 0x92, 0xF9, 0xA6, 0x4A,
    0x28, 0x69, 0x73, 0x3C, 0x9C, 0x8F, 0x20, 0x61, 0xD6, 0x6C, 0x50, 0x42, 0x7B, 0xA4, 0x41, 0x09,
    0x7B, 0xF8, 0x8E, 0x46, 0xA2, 0x3E, 0x72, 0x53, 0xCF, 0x1A, 0x94, 0xB0, 0x85, 0xFD, 0xE3, 0xEB,
    0x60, 0x26, 0x0F, 0x73, 0x46, 0x1F, 0x41, 0x5B, 0x03, 0xB9, 0x8C, 0xEB, 0xCB, 0xA5, 0xB1, 0x24,
    0x6B, 0xD2, 0xF4, 0x8B, 0xA2, 0xD1, 0x45, 0x97, 0x51, 0xB5, 0x58, 0xB7, 0xA0, 0xBA, 0x38, 0xB4,
    0x20, 0xFA, 0x3F, 0x3E, 0x4A, 0x41, 0xB3, 0xE3, 0x32, 0x2D, 0x34, 0x5D, 0xF1, 0x6A, 0x57, 0x53,
    0x84, 0xAC, 0x26, 0x9B, 0xDE, 0x37, 0xC4, 0x0D, 0x13, 0xD0, 0xB4, 0xF5, 0x98, 0xB1, 0xDA, 0x74,
    0x19, 0xAA, 0xB3, 0x7D, 0xD2, 0x7C, 0x79, 0x9B, 0x81, 0xDA, 0x89, 0x24, 0x4E, 0x0D, 0xC3, 0x74,
    0x2C, 0xEF, 0x3D, 0x98, 0x09, 0x85, 0x2B, 0xB2, 0x56, 0x65, 0xF5, 0x65, 0x75, 0xB3, 0x52, 0x87,
    0xC3, 0x27, 0xEB, 0x10, 0xCF, 0xCE, 0x27, 0x89, 0x79, 0xE7, 0x7E, 0x62, 0x6C, 0x35, 0x31, 0x97,
    0x83, 0xC4, 0x34, 0xBD, 0x32, 0xF2, 0x1C, 0xBC, 0xF7, 0x18, 0x5C, 0xFB, 0x27, 0xFF, 0xDA, 0x32,
    0xEF, 0xA4, 0x78, 0x6F, 0x8A, 0xF7, 0xA6, 0x78, 0x6F, 0x6A, 0x72, 0x37, 0x75, 0x7E, 0x02, 0xF9,
    0xFB, 0x9F, 0xA7, 0xDE, 0xF6, 0x46, 0x1A, 0x0C, 0x5B, 0xA9, 0x7B, 0xEA, 0x0B, 0x94, 0x34, 0xEC,
    0xB5, 0x85, 0x9F, 0x7F, 0xC3, 0x94, 0xDA, 0x61, 0x48, 0x42, 0x3F, 0xDD, 0x2E, 0x55, 0xDF, 0x8F,
    0xC6, 0x11, 0x75, 0xE4, 0x67, 0x85, 0xB8, 0xC7, 0x31, 0xFB, 0xF9, 0x50, 0x2A, 0x4B, 0x66, 0x8F,
    0x50, 0xFD, 0x1B, 0xC6, 0x4A, 0x61, 0x84, 0xBF, 0x9C, 0x91, 0xD4, 0x99, 0xFE, 0x6A, 0xA8, 0xD5,
    0xE5, 0x73, 0x0D, 0xC9, 0x6A, 0xA9, 0xA5, 0x49, 0x7D, 0x51, 0xAD, 0xE9, 0x1E, 0x03, 0xEC, 0xB1,
    0x8E, 0x3D, 0x9E, 0x31, 0x9D, 0x84, 0xA1, 0xFF, 0xDC, 0xFD, 0x6B, 0xBA, 0xCF, 0xBC, 0xDC, 0xA7,
    0x64, 0x12, 0x78, 0xBA, 0x8B, 0xBD, 0x56, 0x57, 0x12, 0x13, 0xAE, 0xE8, 0xFF, 0x4D, 0x88, 0x97,
    0x1B, 0xAB, 0xBC, 0x92, 0x9D, 0xBB, 0x1A, 0x7A, 0x46, 0x43, 0xAF, 0x37, 0x2B, 0xAE, 0x6C, 0x5B,
    0x12, 0x7A, 0xDB, 0xF7, 0x63, 0x86, 0x5E, 0x0B, 0x4A, 0x43, 0xE8, 0x69, 0x76, 0x3A, 0xA2, 0x8F,
    0xD0, 0x78, 0x65, 0xE8, 0x51, 0x5A, 0xE7, 0x41, 0xE8, 0x29, 0x6B, 0x08, 0x89, 0x22, 0x1B, 0x14,
    0x3F, 0x2B, 0x90, 0x7B, 0x21, 0x68, 0xCF, 0x50, 0xD4, 0x9E, 0xE4, 0xA9, 0x9E, 0xA1, 0xB8, 0x2C,
    0xB3, 0x1E, 0xD7, 0x9C, 0x2B, 0x85, 0x66, 0x39, 0xF5, 0x32, 0xAE, 0xE1, 0x15, 0xAE, 0xB3, 0x01,
    0x77, 0x1C, 0x1E, 0xE7, 0xEA, 0x4F, 0x7C, 0x46, 0xE9, 0x93, 0xFC, 0x18, 0x4A, 0xB8, 0x35, 0x22,
    0x71, 0x28, 0xB0, 0xB3, 0x99, 0x81, 0xF4, 0x66, 0x0A, 0xCA, 0x9B, 0x19, 0x09, 0x67, 0xA4, 0x6B,
    0x49, 0xD6, 0xF2, 0x1D, 0x3B, 0xCB, 0x26, 0xFD, 0xE4, 0x46, 0xF2, 0xA0, 0xD9, 0x10, 0xA7, 0x84,
    0xBD, 0xDD, 0x7B, 0x83, 0x7B, 0x41, 0x32, 0x67, 0xEB, 0x51, 0xDD, 0x56, 0x07, 0xEF, 0x5A, 0x67,
    0x19, 0x59, 0xAC, 0x15, 0xDB, 0xE7, 0xE7, 0x8D, 0x6D, 0xB4, 0xA5, 0xC7, 0x90, 0x57, 0xB5, 0xFB,
    0x7D, 0xEB, 0x17, 0x4C, 0xC8, 0xEE, 0xC4, 0x40, 0x5F, 0xEE, 0x76, 0x27, 0xF8, 0x37, 0xFD, 0xC4,
    0xBB, 0x7E, 0x3B, 0xF1, 0xAE, 0x5E, 0x4B, 0xBC, 0xEC, 0xC5, 0x44, 0x5B, 0x8A, 0xF2, 0xAB, 0x86,
    0x1D, 0xAD, 0xE4, 0x9D, 0xD3, 0x29, 0x72, 0xFA, 0xC6, 0xFD, 0x31, 0x3B, 0x9E, 0x20, 0x59, 0x17,
    0xF7, 0x41, 0xCA, 0x86, 0x45, 0x5E, 0x4A, 0x6A, 0xB4, 0xC8, 0xA9, 0xBC, 0x46, 0xDF, 0xC9, 0x97,
    0x6B, 0x74, 0x1D, 0xBE, 0xAF, 0x7C, 0xFB, 0xD3, 0x1E, 0x6A, 0xEC, 0x58, 0x3B, 0x1E, 0x75, 0xCD,
    0x35, 0x21, 0x3D, 0x58, 0x13, 0xC7, 0x1C, 0xAF, 0x89, 0x5F, 0xDE, 0x1E, 0x88, 0x5B, 0x3A, 0x03,
    0xF5, 0xCA, 0x35, 0x71, 0xCA, 0x6C, 0x4D, 0x7D, 0x72, 0x4D, 0x5D, 0x52, 0x1F, 0x5E, 0x99, 0x12,
    0x07, 0xA6, 0x43, 0xAF, 0x1F, 0x1F, 0xEE, 0xAE, 0xDE, 0xBA, 0xB4, 0x6D, 0x1C, 0x3F, 0x67, 0x94,
    0x0C, 0xE6, 0x9C, 0xD4, 0xFB, 0x79, 0xBF, 0x52, 0xA4, 0x61, 0xDC, 0xB9, 0x7E, 0x33, 0x0D, 0xB6,
    0x6D, 0x7F, 0x13, 0x39, 0xE1, 0x9F, 0xAA, 0xC7, 0x10, 0x2F, 0xE1, 0x29, 0xFC, 0xCD, 0x92, 0x37,
    0xC4, 0x3A, 0x33, 0xC9, 0x0A, 0x93, 0x55, 0x04, 0xA5, 0x53, 0xF6, 0xC5, 0x27, 0x43, 0x89, 0x9F,
    0x96, 0x74, 0x7C, 0x57, 0x4E, 0x53, 0xC6, 0x9E, 0x4F, 0x7F, 0xA4, 0x03, 0xE0, 0x1D, 0xD2, 0x22,
    0x75, 0xA5, 0x43, 0x2A, 0x24, 0x4D, 0x05, 0x2A, 0x56, 0x47, 0x13, 0x58, 0xBA, 0x3B, 0xD3, 0x3C,
    0xB3, 0x52, 0xC3, 0xAF, 0x03, 0xCA, 0xA5, 0x65, 0x26, 0xDF, 0xFD, 0xEE, 0xEB, 0xCF, 0x39, 0xD9,
    0x86, 0x6E, 0xE7, 0xE2, 0xA3, 0x4D, 0x6C, 0x3F, 0xEA, 0x69, 0xB2, 0xE9, 0x69, 0xAE, 0xD1, 0x26,
    0x36, 0xEB, 0x69, 0xA6, 0xE9, 0xA9, 0x49, 0x7B, 0x6A, 0xD2, 0xE9, 0x26, 0xF6, 0x80, 0x66, 0x99,
    0xBA, 0x26, 0x99, 0x03, 0x94, 0x44, 0xB6, 0xAB, 0xCB, 0xCF, 0x59, 0x59, 0x8A, 0x31, 0xDB, 0xE9,
    0x93, 0x91, 0xFC, 0x94, 0x06, 0x1F, 0xD6, 0x6F, 0x75, 0xBB, 0x6F, 0x07, 0x83, 0xC3, 0x2C, 0x17,
    0x2D, 0xBC, 0x63, 0xD4, 0x5C, 0x37, 0x41, 0xD6, 0xAC, 0x71, 0xF9, 0x2E, 0x9A, 0x93, 0x26, 0x12,
    0x59, 0x30, 0xE4, 0x1E, 0xD6, 0xBF, 0x96, 0xB2, 0x5F, 0xC9, 0x58, 0x0C, 0xB8, 0xA0, 0x87, 0x30,
    0x47, 0x4F, 0x83, 0x54, 0x28, 0xB9, 0x2E, 0x32, 0xD3, 0xF4, 0xC2, 0x7F, 0x31, 0x66, 0x39, 0x2C,
    0xE0, 0x66, 0x61, 0x35, 0x71, 0xC6, 0xA1, 0x9B, 0x06, 0x59, 0x68, 0xB2, 0x30, 0x0D, 0xFD, 0xD4,
    0x1F, 0x85, 0xD0, 0x5B, 0xF5, 0xC3, 0xAF, 0x53, 0xB7, 0x3B, 0xBA, 0xEE, 0x48, 0x6F, 0xC4, 0xFF,
    0xBC, 0xCC, 0xA2, 0x40, 0xD3, 0xD4, 0x6F, 0x88, 0x43, 0x88, 0xB7, 0x96, 0xC1, 0xA5, 0x4E, 0x4A,
    0x26, 0xDD, 0x91, 0x70, 0xB1, 0x64, 0x03, 0x75, 0x83, 0xCF, 0x66, 0x4A, 0x46, 0x1F, 0x65, 0xC2,
    0x49, 0x59, 0x59, 0xE1, 0x65, 0x85, 0x99, 0x15, 0x6E, 0x96, 0xEC, 0x68, 0x9E, 0xD0, 0x54, 0x93,
    0x29, 0x9C, 0xA2, 0x94, 0x5F, 0xB8, 0x07, 0xC2, 0xEE, 0xD8, 0x1D, 0x81, 0xE3, 0x55, 0x74, 0x61,
    0xDE, 0xC7, 0x57, 0x91, 0x38, 0xCE, 0x26, 0x6D, 0x37, 0x77, 0x93, 0x26, 0x96, 0xCD, 0xCB, 0xA6,
    0x38, 0xFB, 0x9E, 0x3D, 0xB0, 0xFF, 0xEE, 0xA6, 0x01, 0x4E, 0x42, 0x32, 0x46, 0x83, 0x6F, 0xC2,
    0xF3, 0xFC, 0xDB, 0xE2, 0x35, 0x10, 0x9C, 0x99, 0x14, 0x21, 0xD2, 0xCB, 0xEB, 0xA0, 0x77, 0x71,
    0x7F, 0xFE, 0x35, 0x68, 0xA9, 0x4E, 0x35, 0xF5, 0x2B, 0xD5, 0xC8, 0x1B, 0x54, 0xBC, 0xC4, 0xCB,
    0x2B, 0x6E, 0xE2, 0x16, 0x7F, 0x03, 0x25, 0xBA, 0xE3, 0x56, 0xEC, 0xE7, 0xCB, 0x5F, 0x37, 0xE1,
    0x69, 0x58, 0xA7, 0x12, 0xFC, 0x10, 0xB2, 0xF9, 0x15, 0xBA, 0x27, 0xDB, 0xBC, 0xF8, 0x40, 0x29,
    0x1A, 0x92, 0xEF, 0x61, 0x38, 0xFC, 0xA5, 0x5B, 0x5D, 0xA8, 0x2D, 0x37, 0x7E, 0xAE, 0x60, 0xA2,
    0x0F, 0xCE, 0xFE, 0x76, 0x3B, 0xB8, 0xFB, 0x31, 0x5A, 0xD9, 0xB8, 0xDD, 0x3F, 0x86, 0x30, 0x08,
    0xF2, 0xF6, 0xC0, 0x49, 0x91, 0xE0, 0x3A, 0xF8, 0xFE, 0x23, 0xD4, 0x03, 0x3F, 0x0F, 0x7E, 0xF2,
    0x09, 0x7D, 0x0F, 0x0E, 0xF4, 0x11, 0x8D, 0xBF, 0x60, 0xAA, 0x69, 0xD9, 0x27, 0x96, 0x4F, 0xAF,
    0x7C, 0x02, 0x12, 0x82, 0x1D, 0x21, 0x21, 0xB8, 0x11, 0x12, 0x82, 0x19, 0x21, 0x21, 0x78, 0x11,
    0x12, 0x82, 0xD5, 0x3E, 0x40, 0x42, 0x70, 0x22, 0x24, 0x04, 0x23, 0x81, 0x84, 0x9D, 0xB6, 0x40,
    0x42, 0x3F, 0x57, 0x48, 0x98, 0x2B, 0x24, 0x5C, 0x78, 0x22, 0x24, 0x04, 0x07, 0x42, 0x42, 0x70,
    0x20, 0x24, 0x04, 0x07, 0x42, 0x42, 0xD3, 0xD9, 0x26, 0x24, 0x04, 0x07, 0x42, 0x42, 0x72, 0x00,
    0x24, 0x04, 0x07, 0x49, 0xD5, 0x9D, 0xB6, 0x40, 0x42, 0x3F, 0x57, 0x48, 0x98, 0x2B, 0x24, 0x5C,
    0x78, 0x14, 0x12, 0xAA, 0xAE, 0x22, 0x90, 0x66, 0x34, 0x81, 0x34, 0x21, 0x21, 0x84, 0x27, 0x24,
    0x04, 0x69, 0x42, 0x42, 0x90, 0x26, 0x24, 0x04, 0x69, 0x81, 0x84, 0x9D, 0xB6, 0x40, 0x42, 0x3F,
    0x57, 0x48, 0x98, 0x6B, 0x34, 0x2D, 0x3C, 0x0A, 0x09, 0x41, 0x9A, 0x90, 0x10, 0xA4, 0x09, 0x09,
    0x41, 0x9A, 0x90, 0x10, 0xA4, 0x09, 0x09, 0xFD, 0xED, 0xBF, 0x26, 0x24, 0x04, 0x69, 0x42, 0x42,
    0x90, 0x16, 0x48, 0xD8, 0x69, 0x0B, 0x24, 0xF4, 0x73, 0x85, 0x84, 0xB9, 0x42, 0xC2, 0x85, 0x47,
    0x21, 0xA1, 0x48, 0x3D, 0x04, 0x65, 0xE4, 0x18, 0x10, 0x6E, 0xCA, 0x4F, 0x01, 0x09, 0x21, 0xF1,
    0x9F, 0xA0, 0x13, 0x89, 0xDB, 0xC8, 0x31, 0x20, 0xCA, 0xEC, 0xD2, 0x91, 0xD5, 0xCF, 0x25, 0xC7,
    0xE4, 0x92, 0x63, 0x16, 0x1E, 0x82, 0x84, 0xAA, 0x83, 0x4C, 0xC8, 0x75, 0x69, 0x40, 0x42, 0x42,
    0x12, 0x44, 0x6E, 0x05, 0xC5, 0x06, 0x20, 0x21, 0x49, 0x02, 0x12, 0x82, 0xA6, 0x40, 0xC2, 0x4E,
    0x5B, 0x20, 0x21, 0x92, 0xBE, 0x40, 0xC2, 0x5C, 0x21, 0xE1, 0xC2, 0x13, 0x21, 0xA1, 0x70, 0xA0,
    0x87, 0x90, 0x3E, 0xA1, 0x1F, 0xB8, 0xF7, 0xB7, 0x5F, 0x31, 0x95, 0x66, 0xAD, 0x83, 0xAE, 0xBA,
    0xF5, 0x0F, 0xE6, 0x3B, 0x26, 0x38, 0x3E, 0x9C, 0x67, 0x83, 0x31, 0xBF, 0x51, 0x43, 0xDF, 0x18,
    0xDE, 0x80, 0xAE, 0xAC, 0x53, 0xC1, 0x3A, 0x67, 0xE6, 0xB0, 0x86, 0xB7, 0xF2, 0x59, 0x26, 0x00,
    0x3D, 0x4B, 0x78, 0x00, 0xFB, 0x84, 0x74, 0x5A, 0x88, 0xAF, 0xA7, 0xDB, 0x74, 0x75, 0xC0, 0x3E,
    0xEA, 0x08, 0xB0, 0x0F, 0xC2, 0x7B, 0x80, 0x7D, 0x10, 0x9E, 0xB0, 0x0F, 0xC2, 0x0B, 0xEC, 0xEB,
    0xB4, 0x05, 0xF6, 0xF9, 0xB9, 0xC2, 0xBE, 0x5C, 0x61, 0xDF, 0xC2, 0xA3, 0xB0, 0x0F, 0xA4, 0x05,
    0xF6, 0x81, 0xB6, 0xC0, 0x3E, 0x12, 0x27, 0xEC, 0x23, 0x75, 0xC2, 0x3E, 0x90, 0x37, 0x84, 0x7D,
    0xA0, 0x2F, 0xB0, 0x0F, 0x0C, 0x14, 0xF6, 0x75, 0xDA, 0x0A, 0xFB, 0xFC, 0xBC, 0x84, 0x7D, 0x79,
    0x09, 0xFB, 0x16, 0x9E, 0x00, 0xFB, 0x34, 0x09, 0xE8, 0xEA, 0xDE, 0x91, 0x9E, 0xBE, 0x2F, 0x79,
    0xEC, 0xB9, 0xD7, 0x62, 0xFD, 0xCD, 0x43, 0x16, 0x6F, 0x88, 0x81, 0xB0, 0xD2, 0x3E, 0xF5, 0xBD,
    0x58, 0xFC, 0x51, 0x54, 0xB3, 0x27, 0xD8, 0x37, 0xA9, 0xF2, 0x1B, 0x80, 0x7D, 0xDC, 0xFF, 0x58,
    0xFC, 0xEF, 0xDD, 0x88, 0x7B, 0xFF, 0x47, 0xF2, 0x05, 0xEC, 0x03, 0x5F, 0xC2, 0xBE, 0x4E, 0x9B,
    0xB0, 0xCF, 0xCF, 0x05, 0xF6, 0xE5, 0x02, 0xFB, 0x16, 0x1E, 0x82, 0x7D, 0xEA, 0x69, 0xE2, 0x08,
    0xA8, 0xC5, 0xA4, 0x47, 0xAC, 0xD1, 0xD9, 0x66, 0x2D, 0x06, 0x45, 0xD6, 0x62, 0x09, 0x89, 0x16,
    0x3D, 0x4D, 0x6A, 0x71, 0xA7, 0x2D, 0xB5, 0xD8, 0xCF, 0xB5, 0x16, 0xE7, 0x5A, 0x8B, 0x17, 0x1E,
    0xAD, 0xC5, 0xCF, 0x40, 0x41, 0x12, 0xC2, 0x84, 0x7D, 0xA4, 0x3A, 0xD4, 0xEC, 0x00, 0xD8, 0x07,
    0xBA, 0x84, 0x7D, 0x94, 0xD7, 0x91, 0x24, 0x4A, 0xD8, 0x07, 0xD2, 0x02, 0xFB, 0x3A, 0x6D, 0x81,
    0x7D, 0x4C, 0xB7, 0xD6, 0xE8, 0x09, 0x95, 0x26, 0x9E, 0x87, 0x61, 0xDF, 0x94, 0x2A, 0xBA, 0xAA,
    0x0A, 0x94, 0x44, 0xA8, 0x22, 0xAB, 0x4A, 0xD0, 0xD9, 0xF9, 0x65, 0x51, 0x45, 0x33, 0x24, 0xE9,
    0xF6, 0xF3, 0xBE, 0xA8, 0x82, 0xB5, 0xD9, 0xCF, 0x8F, 0x8A, 0x0E, 0xF2, 0x30, 0xA2, 0x0E, 0x16,
    0xBC, 0x3B, 0xCB, 0xE5, 0x11, 0x49, 0x79, 0x42, 0x32, 0x41, 0x84, 0x22, 0xBC, 0x64, 0x4D, 0x22,
    0x42, 0x70, 0x20, 0x22, 0x84, 0xF0, 0x44, 0x84, 0xE0, 0x40, 0x44, 0x48, 0xFB, 0xA1, 0x43, 0x01,
    0x07, 0x41, 0x84, 0x9D, 0xB6, 0x20, 0x42, 0x3F, 0x57, 0x44, 0x98, 0x2B, 0x22, 0x5C, 0x78, 0x14,
    0x11, 0x76, 0xD4, 0x29, 0xEE, 0x75, 0x7F, 0x20, 0x50, 0xC5, 0x1D, 0x5B, 0x3F, 0x0D, 0x53, 0xDB,
    0xB2, 0x61, 0xF6, 0xBF, 0xEF, 0xA5, 0xEE, 0xE8, 0xDD, 0xAB, 0x28, 0x72, 0x05, 0x14, 0xEB, 0xE6,
    0xD4, 0xEE, 0xC5, 0x07, 0x4E, 0xAE, 0x88, 0x30, 0xDD, 0x29, 0x79, 0x52, 0xA4, 0xA4, 0x42, 0x41,
    0xFB, 0xEC, 0xEF, 0x46, 0x0D, 0x9E, 0xE3, 0x35, 0xC0, 0xD4, 0xA2, 0xFD, 0x73, 0xFA, 0xE3, 0x25,
    0xF8, 0xCF, 0xE5, 0x06, 0x28, 0x35, 0x16, 0x8D, 0xF7, 0x2F, 0x8D, 0x6F, 0x62, 0xA7, 0x6D, 0x11,
    0x92, 0x59, 0xEF, 0xF2, 0x4C, 0xA9, 0x48, 0xD1, 0xE3, 0x3D, 0xA1, 0xC3, 0xE8, 0x77, 0x0C, 0x83,
    0xBF, 0x95, 0x31, 0xF6, 0xB7, 0xD7, 0x69, 0x78, 0x88, 0x86, 0xFD, 0x59, 0x8F, 0x81, 0x4F, 0x54,
    0x69, 0xF2, 0x39, 0xAE, 0x0B, 0xBF, 0x57, 0xE2, 0xD2, 0xE9, 0x35, 0x24, 0x51, 0xB4, 0x02, 0xB4,
    0x4E, 0x7D, 0xF5, 0x2D, 0x5A, 0x67, 0xDD, 0xDD, 0xA2, 0x75, 0x06, 0xE8, 0x09, 0x40, 0xB8, 0x78,
    0xB3, 0xA0, 0xEE, 0xFE, 0xED, 0x96, 0x58, 0xC7, 0x1D, 0x86, 0x5A, 0x71, 0x24, 0x25, 0xFA, 0x71,
    0xA8, 0x86, 0x0F, 0xD5, 0xF0, 0x1A, 0x4A, 0x0F, 0x1E, 0x65, 0x75, 0x16, 0xBB, 0x10, 0x2F, 0x82,
    0xB8, 0xE0, 0x45, 0x48, 0x2D, 0x78, 0x11, 0xE4, 0x1D, 0xE2, 0x45, 0x96, 0x1D, 0xE2, 0x45, 0x30,
    0x50, 0xBC, 0xD8, 0x69, 0x2B, 0x5E, 0xF4, 0xF3, 0x12, 0x2F, 0xE6, 0x25, 0x5E, 0x5C, 0x78, 0x2C,
    0x5E, 0xEC, 0x94, 0x49, 0x7D, 0xB5, 0xBB, 0x8A, 0x06, 0x72, 0x19, 0xFF, 0x10, 0x81, 0x88, 0x41,
    0xD3, 0xFF, 0x4E, 0x1F, 0xD9, 0x16, 0x9E, 0x3C, 0xCB, 0x73, 0xB6, 0x68, 0x16, 0xCD, 0x73, 0x38,
    0x98, 0x65, 0xB3, 0xD1, 0xC7, 0x1A, 0xFC, 0x38, 0xF8, 0x31, 0x41, 0x9D, 0xC3, 0xD6, 0x4F, 0xDE,
    0x85, 0x3A, 0x7C, 0x54, 0xA8, 0x91, 0x96, 0x34, 0x45, 0x75, 0xE8, 0x62, 0x14, 0x18, 0x33, 0xC6,
    0xEB, 0xF4, 0x75, 0x69, 0xCB, 0x42, 0xAF, 0x38, 0x17, 0x7A, 0x6F, 0x5A, 0x7F, 0xE5, 0x7A, 0xEE,
    0x7D, 0x3C, 0x6E, 0x98, 0xC1, 0x4C, 0xDB, 0xB4, 0xFE, 0x1E, 0x81, 0xC1, 0x84, 0xF7, 0xF5, 0x72,
    0xD7, 0xE6, 0x41, 0x9D, 0x2D, 0x44, 0x46, 0xD4, 0x67, 0xD9, 0x31, 0x01, 0x1A, 0x36, 0xEC, 0xA5,
    0x12, 0x49, 0xF5, 0x5C, 0x22, 0xE9, 0xCC, 0xB2, 0xD4, 0xD9, 0x9E, 0x60, 0xC1, 0x7C, 0x4D, 0x30,
    0xD7, 0xC2, 0xBC, 0x86, 0x50, 0xB8, 0x3B, 0x92, 0x72, 0xC8, 0x76, 0x09, 0x61, 0xBB, 0x0C, 0x27,
    0x0B, 0xC6, 0x08, 0x8F, 0xFE, 0x77, 0xFC, 0x28, 0xB0, 0x15, 0x18, 0x23, 0xAA, 0x78, 0x71, 0xC0,
    0x1E, 0x0A, 0x1B, 0xE4, 0x6F, 0x7F, 0x4C, 0x0C, 0x39, 0xA6, 0x33, 0x2E, 0x33, 0x8C, 0x8E, 0x76,
    0xD4, 0xA5, 0x27, 0x1E, 0x89, 0x14, 0x72, 0xE9, 0x33, 0x1E, 0xC3, 0x62, 0x57, 0xE8, 0x3A, 0x7F,
    0x96, 0xF0, 0x6F, 0x5D, 0x8B, 0xBF, 0xE7, 0x7B, 0xAA, 0x9F, 0x24, 0x07, 0xCC, 0x7D, 0x74, 0x5A,
    0x48, 0x29, 0xE6, 0xA5, 0x24, 0x3C, 0x7F, 0x3F, 0xF1, 0x0A, 0xA4, 0x72, 0x69, 0xE3, 0x5C, 0xB6,
    0xC8, 0xF0, 0x19, 0xEA, 0xFB, 0x94, 0xE4, 0x3B, 0xD3, 0xFF, 0x16, 0x60, 0x6D, 0xC5, 0xB8, 0x23,
    0xD8, 0xEF, 0xF4, 0x07, 0xD4, 0x2B, 0x36, 0xB4, 0x2C, 0xAD, 0x1B, 0x3B, 0x37, 0x36, 0x6E, 0xD2,
    0xB7, 0xC5, 0x3B, 0x60, 0x10, 0x24, 0x08, 0x06, 0x0F, 0x77, 0xFB, 0x04, 0x83, 0x50, 0x14, 0xC1,
    0x20, 0x7D, 0x03, 0x60, 0x90, 0x8D, 0x1B, 0xC0, 0x20, 0x14, 0x45, 0x30, 0xC8, 0x7A, 0x46, 0x30,
    0xD8, 0x69, 0x0B, 0xE0, 0x63, 0xCA, 0xA9, 0xA9, 0xE7, 0xD5, 0xD4, 0xF3, 0x1E, 0x06, 0x83, 0x6A,
    0x83, 0x58, 0x6D, 0xA0, 0x7E, 0xB7, 0x26, 0xA4, 0x01, 0x06, 0xE9, 0x75, 0x00, 0x83, 0x74, 0x3A,
    0x80, 0x41, 0xFA, 0x1C, 0xC1, 0x20, 0x5D, 0x6E, 0x4D, 0x3C, 0x4E, 0xC0, 0x60, 0xAE, 0x60, 0x70,
    0xE1, 0x09, 0x60, 0x50, 0x5A, 0x88, 0x71, 0x77, 0x83, 0x2D, 0x44, 0x11, 0x1D, 0x51, 0xA9, 0x8F,
    0x90, 0xB4, 0xD9, 0x1A, 0x49, 0xAE, 0x19, 0x5F, 0x91, 0x0E, 0x6D, 0x9D, 0xBF, 0x6B, 0x9F, 0xE3,
    0x61, 0x88, 0x9F, 0xDF, 0xCD, 0xA4, 0x85, 0x68, 0x25, 0x47, 0x54, 0xEA, 0x23, 0x4A, 0x73, 0xE7,
    0x21, 0xA4, 0x07, 0xA0, 0xDC, 0x97, 0x34, 0x19, 0x4A, 0xA4, 0xB4, 0xA4, 0xF1, 0x03, 0x32, 0x04,
    0x55, 0x20, 0x43, 0x12, 0xE5, 0x09, 0x4F, 0x9B, 0xC8, 0xD0, 0xCF, 0x05, 0x19, 0xE6, 0x82, 0x0C,
    0x17, 0x9E, 0x82, 0x0C, 0x9F, 0x61, 0x35, 0x7A, 0x2C, 0x32, 0xFC, 0xDD, 0x97, 0xA8, 0xDD, 0xC8,
    0xF0, 0x91, 0x5E, 0x96, 0xC8, 0x50, 0xD2, 0x4A, 0x4F, 0xB3, 0x8A, 0xF6, 0xB2, 0x59, 0x4F, 0x73,
    0x4A, 0x4F, 0xED, 0xDB, 0x53, 0xFB, 0x4E, 0xF7, 0xB2, 0x8F, 0x22, 0xC3, 0x8E, 0x12, 0xEE, 0x76,
    0x75, 0x33, 0x87, 0x02, 0xC8, 0x15, 0x86, 0xF8, 0x7D, 0x18, 0x5E, 0xB8, 0x6C, 0x82, 0x17, 0x47,
    0x72, 0x42, 0xD4, 0x64, 0x7A, 0xE7, 0x41, 0x09, 0xAB, 0xC8, 0x12, 0xDC, 0xC2, 0x54, 0x0B, 0xC8,
    0xEF, 0x33, 0x05, 0xD4, 0x57, 0x20, 0xFD, 0x3C, 0xB5, 0x16, 0x7C, 0x11, 0x4F, 0x7A, 0xC3, 0x30,
    0x9E, 0xB2, 0x44, 0x46, 0xFA, 0xAB, 0xA9, 0x46, 0x37, 0x39, 0xCC, 0x0A, 0x8B, 0x43, 0xC2, 0x63,
    0x56, 0x98, 0x54, 0x84, 0x4B, 0x28, 0x6C, 0x42, 0xE1, 0x13, 0x0A, 0x23, 0xAC, 0xD5, 0xDB, 0xF8,
    0x7B, 0xF4, 0x96, 0xC7, 0x86, 0x93, 0x23, 0xC1, 0x1D, 0xCA, 0x3B, 0x72, 0x57, 0xF0, 0xE3, 0x59,
    0xDF, 0xEE, 0x0B, 0x4F, 0xDB, 0x30, 0x18, 0x22, 0xA7, 0x46, 0x96, 0x54, 0x82, 0x4F, 0x4F, 0x58,
    0x97, 0xC7, 0x3A, 0xCF, 0xBD, 0x2A, 0x07, 0xD6, 0x78, 0xCF, 0x08, 0xEF, 0xF9, 0xFE, 0xEF, 0x05,
    0x5E, 0x5C, 0x09, 0x83, 0x24, 0x0C, 0x7F, 0x98, 0xF9, 0x2B, 0xB9, 0x75, 0xB3, 0x28, 0x33, 0x1B,
    0x40, 0x6D, 0x55, 0x6C, 0x68, 0xE6, 0xBF, 0x24, 0xEE, 0xF8, 0xDF, 0x24, 0xDE, 0xF5, 0x22, 0xF1,
    0x57, 0x6E, 0x26, 0xDE, 0xE6, 0x4A, 0xE2, 0x58, 0x37, 0xE2, 0xC9, 0xC6, 0x24, 0xC3, 0xBF, 0x70,
    0x6F, 0x15, 0x35, 0xA9, 0x1B, 0x1B, 0x70, 0x61, 0x3A, 0x0D, 0x6C, 0x10, 0xD5, 0xC1, 0x26, 0x5C,
    0x3E, 0xE9, 0x8E, 0xD6, 0x80, 0x59, 0xFC, 0x71, 0x3D, 0x5D, 0xC4, 0x2E, 0xCD, 0xCC, 0x9C, 0x59,
    0x0C, 0x59, 0xBA, 0xF1, 0xFD, 0x69, 0x2D, 0xB5, 0x8B, 0x23, 0xF5, 0xA5, 0x35, 0x3D, 0xE1, 0xF5,
    0xCB, 0x50, 0x73, 0x26, 0xCD, 0xDB, 0xE4, 0xE9, 0x45, 0x60, 0xF7, 0xD9, 0x7E, 0x6F, 0x08, 0x6E,
    0xEB, 0xE1, 0x35, 0x20, 0xDC, 0x70, 0xAE, 0x7F, 0x2D, 0x06, 0xAF, 0x93, 0x77, 0x3E, 0x89, 0xC1,
    0xCA, 0x71, 0xF1, 0xF0, 0xC7, 0x26, 0xB8, 0x86, 0xC2, 0x34, 0xE3, 0x8E, 0xBD, 0xD8, 0x61, 0xE4,
    0x0A, 0xCA, 0x77, 0x36, 0xE4, 0x61, 0xFC, 0x4F, 0xD4, 0x10, 0xFF, 0x57, 0x1F, 0x75, 0x7D, 0x04,
    0xFA, 0xA8, 0x70, 0x43, 0x57, 0xC7, 0xA1, 0x05, 0x87, 0xB7, 0xB6, 0x3E, 0xBC, 0x08, 0x0E, 0xF3,
    0xC7, 0x0A, 0xEE, 0x06, 0x18, 0x8F, 0x9B, 0x99, 0x5F, 0xAA, 0x73, 0x2F, 0xA6, 0x16, 0x72, 0x2B,
    0xB4, 0x0C, 0x9B, 0x10, 0x9D, 0xD8, 0x48, 0x51, 0x04, 0xA3, 0xE8, 0xE1, 0x32, 0xB8, 0xAB, 0x1A,
    0xA6, 0x20, 0xDD, 0xEF, 0x6E, 0x50, 0x53, 0x4D, 0x24, 0x2A, 0x90, 0x3E, 0x83, 0x07, 0x48, 0xD7,
    0xC7, 0x35, 0x92, 0xF6, 0x47, 0x35, 0x92, 0xF6, 0xB2, 0x1A, 0x49, 0x87, 0x51, 0x4D, 0x63, 0x40,
    0x33, 0x5B, 0x47, 0x1F, 0xFE, 0x2F, 0x94, 0xE6, 0x70, 0x0A, 0xDA, 0x5D, 0x73, 0x46, 0x06, 0xA4,
    0x57, 0xDE, 0x47, 0xC1, 0xB2, 0xA1, 0x53, 0x04, 0x24, 0x7D, 0xA2, 0x73, 0x92, 0xA4, 0xDB, 0xE1,
    0x88, 0xA4, 0x9B, 0x95, 0x3F, 0xA4, 0x5E, 0x6A, 0xE1, 0xE9, 0xD4, 0xE1, 0xB9, 0xE3, 0x50, 0x0E,
    0x1E, 0xE1, 0x19, 0xDA, 0xFF, 0xF2, 0xE1, 0x5A, 0x75, 0xA7, 0xBE, 0xB4, 0xB1, 0xA6, 0x3A, 0xE9,
    0x63, 0x49, 0x7A, 0x95, 0xAE, 0x65, 0x65, 0x5A, 0x05, 0xD2, 0x2F, 0xFF, 0x3C, 0x22, 0xE9, 0x4A,
    0xDF, 0x92, 0x74, 0xE5, 0xB9, 0xCB, 0x94, 0xBA, 0xC2, 0xC9, 0x23, 0xD5, 0xD8, 0x54, 0x6D, 0xB6,
    0xF5, 0xA1, 0x65, 0x4C, 0x71, 0x74, 0xB0, 0xA5, 0x6D, 0xFE, 0x68, 0xE2, 0x3C, 0xB9, 0x92, 0x7E,
    0x9B, 0xA4, 0x3F, 0x8D, 0x84, 0x74, 0x31, 0x16, 0xD2, 0xFB, 0xB7, 0x22, 0x92, 0x76, 0x3F, 0x41,
    0xCE, 0x99, 0x09, 0x4F, 0x5E, 0x4B, 0x1C, 0x56, 0x1A, 0x85, 0x0E, 0x51, 0x20, 0x07, 0xB2, 0x52,
    0xB4, 0x8D, 0x57, 0xA8, 0x8B, 0xBC, 0x36, 0x56, 0x85, 0x54, 0xCB, 0x90, 0xE8, 0x95, 0xEE, 0x39,
    0xA2, 0x7B, 0x5E, 0x2A, 0x90, 0x8A, 0xE0, 0x9E, 0xC1, 0x75, 0x61, 0xD2, 0x9E, 0xF5, 0xEE, 0x44,
    0xE0, 0xD2, 0xAC, 0x99, 0x7E, 0x4A, 0xE5, 0x1C, 0x3D, 0x7D, 0x36, 0x05, 0x9F, 0xD9, 0xB0, 0x10,
    0x46, 0x61, 0x74, 0xFC, 0x9A, 0xB4, 0x72, 0xA9, 0x27, 0x4F, 0x33, 0x3A, 0xB9, 0x22, 0xCF, 0x7A,
    0x29, 0x81, 0x89, 0xDC, 0xC9, 0xA1, 0x7A, 0xBA, 0x7B, 0x3E, 0xF7, 0xCD, 0x32, 0x91, 0xB7, 0x34,
    0x2C, 0x06, 0xE8, 0x48, 0x19, 0x7C, 0x6B, 0x0D, 0x09, 0x8B, 0x60, 0xD0, 0xE0, 0xEE, 0x4C, 0x81,
    0xEF, 0xC1, 0x37, 0xC8, 0x16, 0x1B, 0x54, 0xDD, 0xBC, 0xC1, 0x13, 0x7C, 0x5B, 0x91, 0xCE, 0x26,
    0x82, 0x41, 0x47, 0x5B, 0xD1, 0xB9, 0xBF, 0xD2, 0x5E, 0x34, 0x58, 0xD3, 0xA7, 0x3B, 0x68, 0xEF,
    0x84, 0x45, 0x87, 0x18, 0xAB, 0x7F, 0x76, 0x48, 0xF3, 0xC4, 0xDE, 0xFD, 0xAD, 0x55, 0x1A, 0x08,
    0xA2, 0x8F, 0x42, 0x61, 0x75, 0x94, 0xE9, 0x82, 0xBC, 0x9A, 0xEC, 0xA6, 0xC0, 0xEC, 0x1B, 0x47,
    0x23, 0xBB, 0x41, 0x6E, 0xCD, 0x30, 0x19, 0x06, 0x64, 0xD7, 0x70, 0xA2, 0xE2, 0x64, 0x79, 0x4C,
    0xF0, 0x85, 0xC4, 0x61, 0xFD, 0xEF, 0x4E, 0xD8, 0x13, 0x3A, 0x8E, 0x2B, 0xCA, 0xEA, 0xF1, 0x47,
    0xAF, 0xEE, 0x1C, 0x4B, 0xDB, 0xC7, 0x0C, 0x76, 0xAE, 0xFC, 0x57, 0x0D, 0x25, 0xC5, 0x7B, 0xCE,
    0xB7, 0xB3, 0xDD, 0x8D, 0xFF, 0x94, 0xEF, 0x54, 0xD4, 0x77, 0x78, 0x04, 0x42, 0x03, 0x07, 0x7B,
    0xF7, 0x9D, 0xEC, 0x21, 0xDF, 0x79, 0xF0, 0x55, 0x6A, 0xBF, 0x34, 0x8A, 0x1F, 0x4F, 0x3F, 0xCA,
    0x1F, 0x3A, 0x93, 0x1E, 0xB1, 0x88, 0x69, 0x91, 0x7E, 0x57, 0x0C, 0xD2, 0x8A, 0x55, 0x49, 0xA9,
    0xA8, 0xA8, 0x26, 0xB2, 0x98, 0x66, 0x5B, 0x02, 0xFB, 0xB2, 0xC8, 0x72, 0xD0, 0x8A, 0x2C, 0x2D,
    0x9D, 0xB5, 0x37, 0x55, 0xB2, 0x39, 0xA3, 0x33, 0xE1, 0xDB, 0x22, 0x99, 0x5B, 0xC4, 0x25, 0x69,
    0x66, 0x25, 0x74, 0x8D, 0xE2, 0x63, 0xB3, 0xB2, 0x4D, 0xE4, 0x3B, 0x92, 0x6E, 0xCE, 0xA2, 0x68,
    0x32, 0xFA, 0x42, 0xFA, 0xF1, 0x91, 0xF0, 0x4C, 0x46, 0xF7, 0x0A, 0x2C, 0xB7, 0x14, 0x98, 0x28,
    0xD3, 0xB3, 0xF5, 0x4C, 0xE4, 0x54, 0x81, 0xFB, 0xAB, 0x22, 0x7E, 0x30, 0x7A, 0xE6, 0x1A, 0x94,
    0xD4, 0xF1, 0x7E, 0x2E, 0x9E, 0xBA, 0xCA, 0x03, 0x27, 0x64, 0x25, 0x6F, 0x28, 0xF1, 0x81, 0xEC,
    0x42, 0xE1, 0x51, 0x73, 0xC0, 0xA1, 0x15, 0x35, 0xC9, 0x21, 0xB4, 0xC2, 0xC1, 0xB9, 0xF8, 0x84,
    0x5B, 0x07, 0x8F, 0x1E, 0x38, 0x99, 0xC3, 0x7D, 0x16, 0xE8, 0x50, 0x4A, 0x70, 0x04, 0x89, 0xBE,
    0x48, 0x17, 0xB1, 0x8F, 0x0D, 0x6B, 0xF6, 0xAD, 0xB5, 0x12, 0x33, 0xFB, 0x1F, 0x59, 0x24, 0x1C,
    0xB4, 0x5C, 0x41, 0x0C, 0x20, 0x26, 0x85, 0x15, 0xD6, 0xC2, 0xDF, 0x75, 0xBE, 0x6D, 0x8D, 0x76,
    0xD4, 0x68, 0xA9, 0xA7, 0xCE, 0xDF, 0xDE, 0xCF, 0x25, 0x3B, 0xF7, 0xFB, 0xE1, 0x39, 0x08, 0xDB,
    0x80, 0x42, 0x20, 0xEC, 0x12, 0x0F, 0xDE, 0x96, 0x4F, 0xD6, 0xF0, 0x1D, 0x8D, 0x58, 0xAF, 0x50,
    0x58, 0x9E, 0xBF, 0x51, 0xD3, 0xC9, 0x9E, 0xAE, 0x64, 0xE8, 0xB9, 0xCD, 0x0B, 0xF7, 0x2E, 0xDD,
    0x42, 0x7F, 0x64, 0x79, 0x58, 0x10, 0x60, 0x3D, 0x4A, 0xB2, 0xC7, 0xD1, 0xF3, 0xFB, 0xC5, 0xCB,
    0x1F, 0x82, 0xE8, 0xC1, 0x2B, 0xB3, 0xA0, 0xE9, 0xB3, 0x9D, 0x83, 0xB0, 0x9A, 0x8D, 0x0F, 0x4D,
    0xAD, 0x95, 0xE9, 0x94, 0x2F, 0x69, 0xD9, 0x8A, 0x6E, 0xDF, 0xCC, 0x24, 0x09, 0x84, 0xE8, 0xBE,
    0x21, 0xEE, 0x9F, 0xAF, 0xE6, 0xA4, 0xEB, 0x8D, 0xDB, 0x14, 0xB7, 0x9A, 0x96, 0x09, 0x40, 0xE3,
    0x3F, 0x6E, 0xA8, 0xB8, 0x3A, 0xA1, 0xAC, 0x6B, 0xB0, 0xFB, 0x25, 0xE2, 0x9D, 0x86, 0xA5, 0x54,
    0xC3, 0x45, 0xC9, 0x68, 0xF0, 0x62, 0xBA, 0x30, 0x84, 0xE4, 0xD9, 0xAD, 0x71, 0x66, 0x50, 0x96,
    0x8A, 0x97, 0x8D, 0xF7, 0xA3, 0x2D, 0x08, 0xD9, 0x47, 0x61, 0xAA, 0xA3, 0x67, 0x0A, 0x1F, 0x98,
    0x65, 0x18, 0x4A, 0x6E, 0xFA, 0xE1, 0xF2, 0x86, 0x58, 0xDC, 0x06, 0xEB, 0x6C, 0x0D, 0xD2, 0x00,
    0x86, 0xCF, 0x83, 0x71, 0x1D, 0x86, 0xEF, 0x9C, 0xBC, 0xB0, 0xDE, 0x94, 0xF4, 0x04, 0x8B, 0xFB,
    0x30, 0xBC, 0x86, 0xC0, 0xEC, 0x1E, 0x2C, 0xCE, 0xA3, 0xE2, 0x55, 0xB6, 0x21, 0xA8, 0x42, 0xE7,
    0x28, 0xDB, 0xF1, 0x82, 0xB5, 0xD9, 0xBD, 0x6A, 0x21, 0x9F, 0x9B, 0xB4, 0xA1, 0xC4, 0x8F, 0x93,
    0xA6, 0x63, 0xDC, 0x5F, 0x6D, 0x02, 0x8A, 0x54, 0x3F, 0x7E, 0x0F, 0x76, 0x9E, 0x73, 0x79, 0x64,
    0xD4, 0xFA, 0x58, 0xCF, 0x4E, 0x24, 0x06, 0x5A, 0xB2, 0x06, 0x7A, 0x4E, 0x14, 0x3F, 0x7E, 0xBF,
    0xA1, 0x80, 0x31, 0xE3, 0xD4, 0xDF, 0x82, 0x4A, 0x08, 0x4C, 0xF1, 0x0A, 0x78, 0x32, 0xCE, 0xA6,
    0xB8, 0x5E, 0x76, 0x72, 0xA5, 0xFF, 0xAD, 0x95, 0xFE, 0x77, 0xF7, 0xCE, 0x80, 0x7D, 0x4F, 0x66,
    0xF6, 0xFD, 0x9F, 0xCD, 0x13, 0x66, 0xF6, 0x3F, 0x6D, 0xC2, 0xFF, 0xBC, 0xEB, 0xB9, 0x09, 0x5E,
    0x2F, 0xD8, 0xD8, 0xCD, 0x48, 0x4F, 0xD7, 0xDC, 0xF1, 0xBF, 0x54, 0xFD, 0xAF, 0x53, 0x56, 0x11,
    0xE0, 0x25, 0x1B, 0xBA, 0x09, 0x77, 0x95, 0x70, 0x53, 0x89, 0xEC, 0x09, 0x4A, 0x77, 0x51, 0x33,
    0xFC, 0xE3, 0x09, 0x37, 0x84, 0x65, 0xEE, 0xFF, 0x61, 0x69, 0x70, 0x08, 0x39, 0xC7, 0x88, 0xFE,
    0x7D, 0x3D, 0x16, 0xCC, 0xEB, 0xB7, 0x80, 0xDC, 0x42, 0x1B, 0x72, 0x82, 0x19, 0x22, 0x45, 0x35,
    0x43, 0xF8, 0xD9, 0x1C, 0xFE, 0xE7, 0x16, 0x6F, 0x79, 0xB1, 0xFF, 0xA3, 0xDB, 0x5E, 0x12, 0x70,
    0xA0, 0x86, 0xDE, 0xC9, 0x4B, 0xD0, 0x4E, 0xE0, 0xEF, 0x2C, 0xFF, 0x0E, 0xF6, 0x78, 0x18, 0xB9,
    0x8D, 0x21, 0x49, 0xD3, 0x4D, 0xDC, 0xA1, 0x9B, 0x7A, 0x37, 0xBE, 0x87, 0x9E, 0xAC, 0x48, 0xBC,
    0x04, 0x45, 0x3C, 0xE2, 0x15, 0x08, 0x7D, 0x85, 0x78, 0x05, 0xB7, 0xFE, 0x67, 0xE2, 0xCA, 0x41,
    0x5C, 0x40, 0x11, 0x06, 0xA2, 0xC2, 0x9E, 0x1F, 0xF9, 0xB9, 0x17, 0x87, 0xA7, 0xCF, 0xC7, 0x54,
    0x5F, 0x10, 0x57, 0x8D, 0x8B, 0x4C, 0xE4, 0x8D, 0xA0, 0xCE, 0x93, 0x37, 0x60, 0xF5, 0x97, 0xA0,
    0x0D, 0x7C, 0x9F, 0x06, 0x72, 0x50, 0xA3, 0xD5, 0x87, 0x6C, 0xC7, 0xD5, 0xEB, 0xA4, 0xB0, 0xB5,
    0x51, 0xD0, 0x0E, 0xAE, 0xAD, 0xD3, 0x14, 0xC7, 0xAC, 0xD4, 0x18, 0xD7, 0x06, 0xF4, 0x97, 0x83,
    0x1B, 0x81, 0x38, 0x73, 0xF5, 0x4D, 0x3D, 0x9E, 0x09, 0x26, 0x6F, 0x7F, 0xDA, 0xA3, 0x84, 0x54,
    0xDA, 0x19, 0x31, 0xAC, 0xEB, 0xE9, 0x11, 0x21, 0x3D, 0x3A, 0x22, 0xB9, 0xB9, 0xF3, 0xBF, 0xA4,
    0x33, 0xBA, 0x37, 0x22, 0xE9, 0x7A, 0x7C, 0x46, 0xEB, 0xA4, 0xC0, 0xA6, 0x6A, 0xAE, 0xE8, 0xA9,
    0xA3, 0x0F, 0xFF, 0x97, 0x4A, 0xB3, 0xCC, 0x6F, 0x73, 0x0F, 0x3C, 0xF2, 0x16, 0xDC, 0xC0, 0x86,
    0x39, 0xFC, 0xDC, 0x06, 0xA7, 0xF0, 0xBF, 0x33, 0x41, 0xD0, 0xB1, 0xA4, 0xFA, 0x85, 0x65, 0xBB,
    0x95, 0x58, 0xC7, 0xEC, 0xF7, 0x79, 0x9E, 0x15, 0x5C, 0x60, 0xC6, 0x74, 0xE5, 0x82, 0x03, 0x2A,
    0xC1, 0x74, 0xC1, 0xB3, 0x9D, 0x49, 0x37, 0xB1, 0x7A, 0x8B, 0x79, 0x1E, 0x1D, 0x8D, 0xB4, 0x2B,
    0xD2, 0xBE, 0xBD, 0xC6, 0x24, 0x5F, 0x73, 0x32, 0x96, 0x0F, 0x63, 0x9D, 0x49, 0x67, 0x7E, 0x58,
    0x3A, 0xA9, 0x96, 0x74, 0x26, 0xAE, 0x8A, 0xA5, 0xD3, 0x15, 0x77, 0x30, 0x1D, 0x3B, 0xCF, 0xB0,
    0x86, 0x08, 0x33, 0xB5, 0x63, 0x98, 0x4C, 0xBE, 0x7B, 0xC6, 0x85, 0xE5, 0x79, 0x7D, 0x2C, 0xE9,
    0xE3, 0x1B, 0xE6, 0xD1, 0xE6, 0xB7, 0x9E, 0x4A, 0xF3, 0x7B, 0x2C, 0x97, 0xE6, 0xD7, 0x2C, 0x69,
    0xF3, 0x9B, 0xD7, 0xD4, 0xC4, 0x35, 0x35, 0x71, 0x4D, 0x4D, 0x3C, 0xDD, 0xFC, 0xBA, 0x7F, 0x3E,
    0xD4, 0xC4, 0xA0, 0xE0, 0x27, 0x92, 0xA4, 0x33, 0x40, 0x64, 0x5D, 0x0C, 0x06, 0x70, 0xA8, 0x65,
    0xBC, 0xAA, 0xE8, 0x6C, 0xC6, 0xE8, 0x7F, 0x33, 0xB8, 0x22, 0x7C, 0xD8, 0xE7, 0xD9, 0x4D, 0xF5,
    0xFD, 0x72, 0xA4, 0xD6, 0x52, 0x84, 0x8C, 0x54, 0x69, 0x5A, 0x2F, 0x19, 0x73, 0x06, 0xBF, 0xAB,
    0xDF, 0x2E, 0x53, 0x46, 0x75, 0xC7, 0x14, 0x63, 0x10, 0xE4, 0x18, 0x2D, 0xE0, 0x14, 0x8D, 0x08,
    0xB0, 0x1A, 0x38, 0x29, 0x88, 0x3A, 0x19, 0xA9, 0x66, 0x24, 0x6B, 0x49, 0xD7, 0x92, 0xB0, 0x8C,
    0xCF, 0x38, 0x3D, 0x93, 0xE1, 0x59, 0x75, 0x6A, 0xEA, 0xCE, 0x98, 0x41, 0x49, 0xD9, 0x76, 0xC7,
    0xE8, 0x52, 0xAA, 0x9B, 0xA9, 0xF1, 0x78, 0x99, 0xE2, 0xF5, 0xD4, 0xCD, 0x1D, 0x79, 0x99, 0x62,
    0x33, 0x3D, 0xE0, 0x6E, 0xA7, 0x15, 0xA0, 0x21, 0xE4, 0xB5, 0x34, 0xFC, 0x5E, 0x91, 0x7A, 0xC5,
    0xF9, 0x14, 0x0E, 0xC9, 0xC4, 0x13, 0x3F, 0xE8, 0x72, 0xB4, 0xD7, 0x54, 0xFB, 0x5D, 0x11, 0x4F,
    0x57, 0xED, 0x8B, 0x5D, 0xF7, 0x95, 0xFA, 0x35, 0x87, 0x2F, 0xDD, 0x12, 0x38, 0x9C, 0x41, 0x9C,
    0x03, 0x1E, 0x85, 0xAA, 0xF8, 0xD7, 0x79, 0xDE, 0xE4, 0xBF, 0x9E, 0x01, 0x63, 0xBF, 0x6E, 0xB0,
    0xC2, 0x3D, 0xB0, 0x1A, 0xEB, 0x5A, 0xAC, 0xCB, 0xAF, 0x8D, 0xB0, 0x86, 0x63, 0x9E, 0xF5, 0x22,
    0x77, 0xD8, 0x29, 0x90, 0x2D, 0x0D, 0xF4, 0xE4, 0xA0, 0xAD, 0x1E, 0x71, 0x96, 0x3A, 0x19, 0x86,
    0x39, 0xA5, 0x96, 0xE4, 0x3C, 0xE1, 0xA2, 0x02, 0xDC, 0xA0, 0xE0, 0x10, 0xEF, 0xBB, 0x48, 0x09,
    0x83, 0x43, 0x3C, 0x8A, 0x3A, 0x84, 0xE4, 0x33, 0x38, 0x74, 0x30, 0x31, 0x1B, 0x87, 0x5A, 0x68,
    0xB8, 0x7F, 0xC9, 0x91, 0xA6, 0x38, 0xC7, 0x19, 0x0D, 0xCC, 0xA9, 0x7D, 0x71, 0x57, 0x57, 0x74,
    0x47, 0xDC, 0xCF, 0xBE, 0x3F, 0x30, 0x1C, 0xB2, 0x71, 0xC2, 0xC6, 0xF1, 0x1A, 0x67, 0x6B, 0x1C,
    0xAC, 0xE9, 0x54, 0xAD, 0x22, 0x57, 0x2C, 0xA5, 0x98, 0xB3, 0x92, 0x4B, 0x19, 0xDF, 0x98, 0x9A,
    0x55, 0x3E, 0x8E, 0x5E, 0xC5, 0xB8, 0xD8, 0x60, 0x08, 0x3C, 0x47, 0x30, 0x47, 0x24, 0x47, 0x18,
    0x47, 0x0C, 0x27, 0xD0, 0x1A, 0xE8, 0x8D, 0xD0, 0x4D, 0x71, 0xDB, 0xF4, 0x6B, 0x2A, 0x4B, 0xB5,
    0x26, 0x01, 0x2B, 0xD6, 0x15, 0xE9, 0x15, 0xFD, 0x0E, 0x0C, 0x5D, 0x8F, 0xB3, 0x4E, 0x32, 0x0B,
    0xA8, 0x87, 0x37, 0xE9, 0x69, 0x2F, 0x11, 0x16, 0x06, 0x46, 0x93, 0xA8, 0xC7, 0x13, 0x44, 0x71,
    0x41, 0xE3, 0xDC, 0xDF, 0x39, 0x28, 0x09, 0x9F, 0xA6, 0x03, 0xBC, 0x09, 0xEA, 0xF2, 0x80, 0xE6,
    0x08, 0xE5, 0x66, 0x80, 0xE3, 0x08, 0xE2, 0x88, 0xE0, 0x08, 0xDF, 0x88, 0xDD, 0x08, 0xDC, 0x88,
    0xDA, 0x04, 0xB2, 0x11, 0xAF, 0x55, 0xC7, 0xE6, 0xC1, 0x29, 0xD8, 0x50, 0x4F, 0x80, 0x3A, 0x25,
    0x7C, 0x8E, 0x14, 0x2B, 0xBC, 0x70, 0xAB, 0x1B, 0xCB, 0xB5, 0x99, 0xED, 0x13, 0xC6, 0x5B, 0x1D,
    0x1A, 0xEF, 0xF5, 0x53, 0x06, 0x85, 0xA0, 0x7C, 0xCD, 0xE2, 0xC5, 0x1A, 0x38, 0xD0, 0x5B, 0x73,
    0x45, 0xF4, 0x54, 0xF9, 0xC4, 0xB7, 0x6F, 0x75, 0x7F, 0xE0, 0xDD, 0x01, 0x2D, 0x74, 0xD6, 0xDE,
    0xEB, 0xEF, 0xA6, 0x5E, 0xBC, 0x66, 0xBD, 0x1F, 0x59, 0x8B, 0xAE, 0xD8, 0x02, 0x80, 0xA7, 0x26,
    0xAA, 0xC6, 0xA6, 0x80, 0xD9, 0xFF, 0x98, 0x17, 0xB8, 0xA4, 0x89, 0xA9, 0x99, 0xDD, 0x9A, 0x55,
    0x5D, 0x68, 0x32, 0xD4, 0xC4, 0xA8, 0xBE, 0x31, 0x39, 0x5C, 0x88, 0x0E, 0x77, 0x0B, 0x0E, 0x76,
    0xDD, 0xBB, 0xD8, 0xCE, 0xAC, 0x1F, 0x8F, 0x4E, 0x20, 0xEF, 0xF1, 0xDC, 0x29, 0x0C, 0xCE, 0xA3,
    0x6D, 0xF4, 0x57, 0x0A, 0xF8, 0xB1, 0x97, 0xCE, 0xF4, 0x2C, 0x77, 0x4A, 0x9F, 0x6E, 0xBD, 0x9A,
    0x49, 0xE9, 0x8E, 0x35, 0x81, 0xEB, 0xAC, 0x72, 0x71, 0x37, 0x44, 0xD3, 0x78, 0x92, 0x70, 0xBA,
    0x32, 0x09, 0x26, 0x89, 0xA5, 0x7D, 0x6C, 0x32, 0xE5, 0x38, 0xFC, 0x0A, 0x1A, 0x4C, 0x73, 0xA4,
    0x62, 0xF4, 0x44, 0xB3, 0xF5, 0x4B, 0x78, 0x51, 0x7E, 0x08, 0xEE, 0x17, 0x73, 0x49, 0xE1, 0x7C,
    0xEE, 0xA8, 0x0A, 0xEF, 0x0B, 0xFF, 0x1B, 0xD4, 0xEE, 0xFE, 0x72, 0x9E, 0x94, 0x66, 0xA7, 0x3D,
    0x7B, 0x0F, 0x41, 0xCB, 0xB4, 0x03, 0xF0, 0x66, 0x14, 0xB9, 0x09, 0x6C, 0x33, 0x82, 0xD9, 0x14,
    0xB0, 0x29, 0x5A, 0x53, 0xA8, 0xA6, 0x38, 0x4D, 0x41, 0x9A, 0x22, 0xB4, 0x12, 0x9E, 0x4D, 0xB0,
    0x99, 0xDD, 0x69, 0xC5, 0x7A, 0xB0, 0xA1, 0xAD, 0xBF, 0x52, 0x8F, 0x24, 0x24, 0x5F, 0x85, 0xD2,
    0x9D, 0xE6, 0x03, 0xEB, 0xC7, 0x7A, 0xEB, 0xC1, 0x3B, 0xFB, 0x24, 0xEB, 0xE7, 0xBB, 0xAD, 0xBF,
    0x08, 0x8B, 0x59, 0x33, 0x44, 0xE2, 0x4B, 0x9D, 0x0C, 0xEE, 0x64, 0x61, 0xA9, 0x25, 0xA9, 0x1F,
    0xD9, 0xE1, 0xD5, 0x5B, 0xE7, 0x4C, 0x98, 0x11, 0x9A, 0xE2, 0x05, 0xCE, 0x21, 0x14, 0x70, 0x34,
    0x34, 0xFB, 0x87, 0xE8, 0x08, 0x32, 0x9E, 0x90, 0x10, 0x8B, 0xCE, 0x1B, 0xEF, 0x1E, 0x53, 0x43,
    0xF6, 0xA5, 0xAA, 0xDF, 0x99, 0x93, 0xC8, 0x24, 0x9F, 0x7D, 0xCF, 0x21, 0x69, 0x7E, 0xFC, 0xD7,
    0xD9, 0xA3, 0xAD, 0x58, 0x13, 0xBC, 0x78, 0xA3, 0x6D, 0xBC, 0xAB, 0xC3, 0x06, 0x68, 0xCC, 0x34,
    0xB8, 0xE7, 0x36, 0x6B, 0x8C, 0x65, 0x0A, 0xCF, 0x4C, 0x39, 0x6D, 0xDD, 0x43, 0x04, 0x7C, 0x55,
    0x1D, 0x88, 0xA7, 0xB6, 0xD4, 0x4B, 0xE9, 0xA3, 0xB4, 0xF1, 0x0C, 0x27, 0xF0, 0xAD, 0xA4, 0x0E,
    0xD0, 0x44, 0xC4, 0xD4, 0x00, 0x3F, 0x62, 0x25, 0x01, 0x4A, 0x44, 0x49, 0x02, 0x91, 0x1E, 0xF7,
    0x7A, 0x6A, 0x44, 0x95, 0x07, 0x78, 0xFB, 0xCC, 0x2C, 0x6F, 0x0D, 0x7A, 0x37, 0xD9, 0x03, 0x5A,
    0xFF, 0x6C, 0xD4, 0x46, 0xD4, 0x36, 0x10, 0xE7, 0x6D, 0xFA, 0x38, 0x3D, 0x9C, 0xFE, 0x2D, 0x41,
    0xF2, 0x94, 0x2C, 0x1A, 0x00, 0x2A, 0xB5, 0x80, 0x93, 0x08, 0x92, 0x9A, 0xC8, 0xA0, 0x84, 0x47,
    0x3B, 0x59, 0x34, 0x79, 0x5A, 0x16, 0x7D, 0xDC, 0x7E, 0x45, 0x3E, 0x5B, 0xBF, 0xD5, 0x3D, 0x47,
    0x70, 0x44, 0x68, 0xE4, 0x03, 0x18, 0xF9, 0x80, 0x45, 0xFE, 0x95, 0x43, 0x02, 0x89, 0x14, 0x10,
    0x1D, 0x29, 0xC1, 0x50, 0x65, 0x57, 0x16, 0xD5, 0x62, 0xC2, 0x5A, 0x82, 0x52, 0xC2, 0x4A, 0xC2,
    0x42, 0xC2, 0xD3, 0x39, 0xE0, 0xA3, 0x00, 0xE0, 0x88, 0xC8, 0xC8, 0x07, 0x2C, 0x22, 0x26, 0x22,
    0x20, 0x22, 0x1A, 0x22, 0x14, 0x12, 0x1C, 0x44, 0x10, 0xC4, 0xE4, 0x21, 0xF0, 0xE7, 0xB2, 0x79,
    0x9A, 0x91, 0xCB, 0xB1, 0xC4, 0x45, 0xE1, 0x8F, 0xC6, 0xC5, 0x1B, 0x63, 0xAF, 0xE7, 0x3F, 0x80,
    0x24, 0x63, 0xBC, 0xE6, 0x11, 0xBE, 0xF8, 0x19, 0x07, 0xEB, 0x71, 0xA5, 0x94, 0xB1, 0xF2, 0x14,
    0xF9, 0xBE, 0xCA, 0x35, 0xC4, 0xE9, 0xD7, 0xD4, 0x34, 0x62, 0x38, 0x39, 0x8B, 0xEF, 0xEC, 0x1C,
    0x65, 0xAA, 0x2B, 0xFE, 0x16, 0x17, 0x82, 0x42, 0xB3, 0x17, 0x1D, 0xC8, 0x28, 0x4C, 0x47, 0x33,
    0x1C, 0x82, 0x41, 0x0F, 0x11, 0x6C, 0x3F, 0xA8, 0x70, 0xFC, 0xC5, 0xE1, 0x97, 0x8C, 0x68, 0x4C,
    0x39, 0xF6, 0xDA, 0x63, 0xC5, 0xFF, 0x8D, 0x0E, 0xC6, 0x77, 0xC7, 0xE6, 0x93, 0x65, 0x66, 0x25,
    0x0D, 0xAD, 0x56, 0x64, 0xA9, 0xCC, 0x73, 0x21, 0xDE, 0xF7, 0x96, 0x01, 0x30, 0x82, 0x47, 0xF6,
    0x0D, 0x60, 0x91, 0x1E, 0xB2, 0xDA, 0xDF, 0xA0, 0x42, 0x4B, 0x77, 0x28, 0xED, 0x21, 0xFB, 0x43,
    0x69, 0x10, 0xA5, 0x43, 0x94, 0x16, 0x51, 0x7B, 0xC4, 0xB2, 0x42, 0xFF, 0xEE, 0xF5, 0xFC, 0xB7,
    0x63, 0x34, 0x55, 0xF8, 0x9B, 0x8B, 0x47, 0xCD, 0x1E, 0x14, 0xDD, 0xD1, 0xC9, 0x15, 0xE7, 0x56,
    0x33, 0x48, 0xBF, 0xDE, 0x18, 0x4B, 0x78, 0xA1, 0x8F, 0x8A, 0xE7, 0xDD, 0xC5, 0xE2, 0xA4, 0x6B,
    0xE0, 0x10, 0x2F, 0xF2, 0x46, 0xF0, 0x22, 0x9B, 0xB5, 0xC5, 0x9D, 0xFA, 0xB6, 0xB8, 0xAB, 0xD2,
    0x3D, 0x46, 0xE6, 0xE3, 0x49, 0xEB, 0x8D, 0xBB, 0xA3, 0x3F, 0xDD, 0xEA, 0x7F, 0xC6, 0x9B, 0x97,
    0x66, 0x09, 0xF6, 0x5A, 0x77, 0x93, 0xFD, 0x5B, 0x67, 0x93, 0xF0, 0x8D, 0x9F, 0x26, 0x9A, 0x47,
    0x1E, 0xF7, 0xDA, 0x8B, 0x9E, 0x73, 0xEA, 0xF9, 0x6D, 0xEA, 0x99, 0xFE, 0xFD, 0x52, 0x44, 0xC3,
    0x23, 0x94, 0xC6, 0x7D, 0x74, 0x7F, 0x59, 0x35, 0xA2, 0x9E, 0x23, 0xEA, 0x99, 0xBF, 0x78, 0x9F,
    0x7B, 0xBE, 0x4F, 0x8F, 0x68, 0x45, 0x3B, 0x05, 0xF1, 0xCB, 0x8A, 0x03, 0x1B, 0x0E, 0xF0, 0xB8,
    0xF4, 0xAF, 0x26, 0x1C, 0x70, 0xB6, 0xBE, 0xC4, 0xA5, 0x42, 0x84, 0x1E, 0xDE, 0xE6, 0x45, 0xC9,
    0xAB, 0xA9, 0x39, 0x80, 0xE0, 0x31, 0xE1, 0x29, 0x2C, 0xDE, 0x50, 0xC6, 0xEF, 0x0F, 0x2D, 0x4F,
    0xAD, 0x0D, 0xD1, 0x0B, 0xF7, 0xBA, 0xF2, 0xBD, 0x07, 0xBC, 0x1C, 0xFC, 0x33, 0xCA, 0x8D, 0x00,
    0x1D, 0x99, 0xBD, 0x9B, 0xAF, 0x5D, 0x82, 0x9F, 0x33, 0xE5, 0xF2, 0x93, 0x04, 0x22, 0xD6, 0x95,
    0x87, 0xF3, 0xDB, 0x33, 0xAE, 0x6B, 0xE7, 0x76, 0x86, 0xDE, 0xE7, 0xCC, 0xEF, 0xBE, 0xCC, 0x1D,
    0x28, 0xE1, 0xCF, 0xD7, 0xCC, 0x33, 0x0A, 0xAB, 0xBF, 0x2D, 0x38, 0x5D, 0x20, 0xB9, 0x73, 0x61,
    0xD9, 0xDA, 0xD1, 0xC7, 0x7F, 0x60, 0x66, 0xF6, 0xF5, 0xE0, 0xE3, 0x9D, 0x1E, 0xD2, 0xF4, 0x17,
    0xD0, 0x87, 0x4B, 0xB8, 0x62, 0xA2, 0x1E, 0xA8, 0xF8, 0x45, 0xE4, 0x64, 0xFD, 0xFB, 0x00, 0x2E,
    0x83, 0x5E, 0x9B, 0x77, 0xA6, 0x51, 0x56, 0xC7, 0x3D, 0x60, 0xCA, 0xE0, 0xD7, 0x94, 0xC8, 0x46,
    0x0F, 0xA6, 0x42, 0xDF, 0xDF, 0xEF, 0x0D, 0x41, 0x6E, 0x89, 0x53, 0xA1, 0x19, 0xC3, 0xA9, 0x90,
    0x37, 0xEA, 0x57, 0x39, 0x15, 0xBA, 0x70, 0x73, 0x93, 0x53, 0x21, 0x2F, 0x49, 0x38, 0x15, 0x72,
    0x62, 0x4E, 0x85, 0xA0, 0x30, 0x4E, 0x85, 0x50, 0x4F, 0xBF, 0x6C, 0x2A, 0xD4, 0xD1, 0xEB, 0x0B,
    0x84, 0xAC, 0x33, 0xFB, 0x1A, 0x90, 0xB3, 0x0F, 0x40, 0x7C, 0xFE, 0x6E, 0x4E, 0x39, 0x79, 0x52,
    0x7C, 0xA2, 0x81, 0xB7, 0x8E, 0x1B, 0xC6, 0xF9, 0xF0, 0x3C, 0x6A, 0xD3, 0x7C, 0x94, 0x73, 0x24,
    0x0A, 0x0B, 0x3E, 0xB7, 0xC4, 0xE3, 0x3B, 0x2E, 0x9E, 0x6D, 0xA8, 0x19, 0x4A, 0x04, 0x0C, 0x62,
    0x82, 0x80, 0x67, 0x0C, 0xC7, 0x3F, 0x90, 0x72, 0x8E, 0xE3, 0x9F, 0x0B, 0x37, 0xB7, 0x38, 0xFE,
    0xF1, 0x92, 0xF7, 0x38, 0xFE, 0x71, 0x62, 0x8E, 0x7F, 0x20, 0x25, 0xC7, 0x3F, 0x90, 0x72, 0x0F,
    0xE3, 0x9F, 0x15, 0xA0, 0x05, 0x90, 0x7E, 0x91, 0xE3, 0x9F, 0x19, 0xC1, 0x0C, 0x20, 0x4D, 0xD8,
    0x00, 0xD2, 0x39, 0xC7, 0x3F, 0x5E, 0x32, 0xE4, 0xF8, 0xC7, 0x11, 0xFC, 0x00, 0xD2, 0x84, 0x10,
    0x24, 0xBD, 0xB7, 0xF1, 0x0F, 0x48, 0xCB, 0x39, 0xC1, 0x8C, 0xB8, 0x3C, 0x48, 0x87, 0x1C, 0xFF,
    0x5C, 0xB8, 0xF9, 0x01, 0xC7, 0x3F, 0x5E, 0xF2, 0x01, 0xCF, 0x09, 0x9C, 0x98, 0x07, 0x04, 0x20,
    0xCD, 0x07, 0xE8, 0xEC, 0x71, 0xFC, 0xA3, 0xA4, 0xDF, 0x26, 0xE9, 0x4F, 0x23, 0x21, 0xCD, 0xF1,
    0x0F, 0x48, 0x73, 0xFC, 0x03, 0xD2, 0x1C, 0xFF, 0x38, 0x31, 0xC7, 0x3F, 0x20, 0xCD, 0xF1, 0x0F,
    0x45, 0xFC, 0x6A, 0xE3, 0x1F, 0x16, 0x2D, 0x19, 0xFF, 0xC0, 0x75, 0x39, 0xFE, 0x01, 0x13, 0x1D,
    0xFF, 0x5C, 0xB8, 0x39, 0x94, 0xF1, 0x0F, 0x94, 0x23, 0xE3, 0x1F, 0x27, 0x96, 0xF1, 0x8F, 0x68,
    0xFE, 0xF8, 0x35, 0x72, 0xFA, 0xAD, 0xC6, 0x3F, 0xE4, 0x2B, 0xE3, 0x1F, 0xF6, 0x69, 0x6B, 0x0D,
    0xF2, 0x35, 0x32, 0xFE, 0xB9, 0x70, 0x33, 0x91, 0xF1, 0x8F, 0x97, 0xBC, 0x2F, 0xE3, 0x1F, 0x27,
    0x96, 0xF1, 0x0F, 0xF8, 0xCA, 0xF8, 0x07, 0x7C, 0xF7, 0x3A, 0xFE, 0x89, 0x05, 0x41, 0x80, 0x51,
    0xA4, 0x20, 0x62, 0xA6, 0xC4, 0x11, 0x64, 0xA5, 0xE3, 0x1F, 0xF0, 0xD2, 0xF1, 0x8F, 0x97, 0x7C,
    0xA6, 0xE3, 0x1F, 0x27, 0x56, 0x4C, 0x01, 0x76, 0x0A, 0x2B, 0xC0, 0xEF, 0xAB, 0x8C, 0x7F, 0xC2,
    0xA9, 0x43, 0xEE, 0xE0, 0xD3, 0x48, 0xA6, 0x20, 0xE2, 0x8B, 0x7F, 0x74, 0x6A, 0x7A, 0xD4, 0x69,
    0x19, 0xDF, 0xDD, 0x8B, 0x7A, 0x86, 0xE6, 0x8D, 0x36, 0xD8, 0x98, 0x5E, 0xB8, 0x69, 0xFB, 0x90,
    0x64, 0xD3, 0x1E, 0x84, 0x51, 0x13, 0xEB, 0x51, 0xD5, 0x96, 0x97, 0x4E, 0xB0, 0xD2, 0x31, 0xA4,
    0xB2, 0x1B, 0x2B, 0x75, 0x72, 0x43, 0x36, 0x5C, 0x4F, 0x7F, 0xE3, 0x59, 0x0F, 0xD5, 0xCF, 0x59,
    0xCF, 0x0C, 0x4F, 0xD5, 0x55, 0x23, 0xA9, 0xE8, 0xA3, 0x26, 0x4E, 0x9B, 0x70, 0xD6, 0xE3, 0xC4,
    0x9C, 0xF5, 0x40, 0x0A, 0xCE, 0x7A, 0xA0, 0x87, 0x3D, 0xCD, 0x7A, 0x60, 0x58, 0xA4, 0x72, 0x10,
    0xA6, 0x0B, 0x20, 0x27, 0x24, 0xB2, 0xB3, 0x04, 0x29, 0xCC, 0xBB, 0xBA, 0x89, 0xDC, 0x60, 0xDC,
    0xDB, 0x43, 0x94, 0xE7, 0xB8, 0xA8, 0x19, 0x27, 0xB3, 0x33, 0x87, 0xC4, 0x5A, 0x35, 0xA1, 0xB7,
    0xB4, 0x43, 0xCE, 0xD9, 0x99, 0x1C, 0x4D, 0x45, 0x57, 0x45, 0xA3, 0x4B, 0x7A, 0x67, 0x84, 0x40,
    0xB0, 0xF7, 0xE8, 0x7A, 0xF2, 0x78, 0xE7, 0x4D, 0xB9, 0x4F, 0xDC, 0x3D, 0xCD, 0xF1, 0x0E, 0xB2,
    0x0E, 0xC0, 0x0A, 0x38, 0x10, 0xAF, 0xD0, 0xFD, 0x39, 0xDE, 0xF1, 0x92, 0x82, 0xA8, 0x05, 0x41,
    0x66, 0x85, 0x03, 0xB1, 0x8B, 0xE4, 0x81, 0x2F, 0x3F, 0xEC, 0xA7, 0x89, 0x41, 0x34, 0x83, 0x12,
    0x32, 0x90, 0x03, 0x5C, 0xD9, 0xCC, 0xC2, 0x63, 0x71, 0xE6, 0x67, 0x6E, 0xE6, 0xC4, 0x1D, 0x98,
    0xF3, 0x4E, 0xEE, 0x27, 0x59, 0xD3, 0x65, 0x3B, 0xB8, 0xF1, 0xED, 0x81, 0xA9, 0xB2, 0x5E, 0x7F,
    0x7D, 0x6A, 0x9E, 0xF3, 0x66, 0x4E, 0xB0, 0xDD, 0xED, 0x70, 0x9E, 0x33, 0x63, 0x08, 0x55, 0x20,
    0x1D, 0xD1, 0x0A, 0xC8, 0xFD, 0x82, 0xF3, 0x1C, 0x18, 0x8A, 0xF3, 0x1C, 0x27, 0x26, 0x6C, 0x61,
    0x64, 0x02, 0xB9, 0x40, 0xBA, 0x3D, 0xCD, 0x73, 0x72, 0x31, 0xD4, 0xDB, 0xA5, 0xA1, 0x46, 0xFD,
    0xA4, 0x8A, 0x98, 0xBF, 0x9D, 0x14, 0x09, 0x0C, 0xF5, 0xDE, 0xCD, 0x28, 0x74, 0xCE, 0x6E, 0x31,
    0x0C, 0x78, 0xAB, 0xCD, 0x85, 0xC4, 0xBB, 0x1C, 0x5B, 0x57, 0xA9, 0x31, 0xDE, 0xF4, 0xDD, 0x8D,
    0x27, 0x55, 0xAD, 0x8B, 0x48, 0xA5, 0xFD, 0x1C, 0x55, 0x6B, 0xBC, 0x86, 0xAA, 0x65, 0xF1, 0xEB,
    0x41, 0xCF, 0xB2, 0x6A, 0xF5, 0x58, 0xB5, 0x7A, 0x3C, 0x5D, 0x65, 0x6B, 0x66, 0x67, 0x3A, 0x93,
    0x4B, 0x71, 0x5D, 0xAD, 0x2B, 0x72, 0xEF, 0x9B, 0xDE, 0x19, 0x49, 0x66, 0xF8, 0x30, 0x97, 0xC4,
    0x30, 0x3E, 0x2D, 0x79, 0xA1, 0xE9, 0xE5, 0xDC, 0x74, 0x53, 0x3E, 0x6F, 0x28, 0xA8, 0x48, 0xDA,
    0x0A, 0x79, 0xB8, 0xFA, 0x9D, 0x79, 0xF0, 0xF8, 0xB2, 0x72, 0x85, 0xF7, 0xF9, 0x09, 0x16, 0xE7,
    0x24, 0x6A, 0x96, 0xD9, 0x78, 0x0D, 0x58, 0xAA, 0x78, 0x09, 0x2E, 0xFE, 0x17, 0x40, 0x5D, 0xC6,
    0x93, 0x0B, 0x3A, 0x29, 0xCB, 0xD5, 0xCE, 0x81, 0xB4, 0x7A, 0x3A, 0x5C, 0x5D, 0xBB, 0x1B, 0x17,
    0x2A, 0xEC, 0xC7, 0x26, 0xDC, 0xBA, 0x99, 0x7D, 0xCE, 0x7E, 0x34, 0xB9, 0x6C, 0x79, 0x60, 0xEB,
    0x0D, 0xD0, 0xF5, 0xFA, 0x59, 0x3D, 0xB6, 0xA7, 0xE0, 0xF0, 0xF3, 0x91, 0x5C, 0xD9, 0xAB, 0x0E,
    0xB4, 0x40, 0x6F, 0x68, 0xF2, 0x08, 0xEC, 0xAE, 0xF0, 0x8C, 0xC4, 0x73, 0x9E, 0x56, 0xFC, 0xAD,
    0xA1, 0x1A, 0x79, 0x7F, 0xA3, 0x57, 0x7E, 0x60, 0x0A, 0x6A, 0xDC, 0x21, 0x34, 0x19, 0x2E, 0x4B,
    0x6E, 0xEF, 0x6A, 0x6A, 0xD7, 0xD8, 0x59, 0xAC, 0xF9, 0xAC, 0xFA, 0x43, 0xE4, 0x38, 0xE6, 0xF5,
    0xF9, 0xE5, 0x0C, 0x6A, 0x3C, 0x12, 0x0E, 0x2C, 0x7D, 0x87, 0xE7, 0x9E, 0x19, 0xAD, 0xAA, 0x1F,
    0x46, 0x34, 0xE5, 0x89, 0xB9, 0xA4, 0x95, 0xCE, 0xEE, 0xA9, 0x2B, 0xF5, 0x78, 0x6F, 0x43, 0x92,
    0x52, 0x93, 0x11, 0x85, 0x35, 0xBC, 0x50, 0x70, 0xF5, 0x6E, 0x72, 0x85, 0xAC, 0x4D, 0xDE, 0x1B,
    0xE1, 0x6F, 0xAD, 0xDC, 0xC4, 0x3F, 0xE7, 0x8D, 0x9A, 0x12, 0x84, 0xFC, 0x9C, 0x59, 0xE0, 0x4A,
    0x4F, 0xCF, 0x1B, 0x6D, 0x06, 0x66, 0x7C, 0x70, 0xEF, 0xE7, 0xDE, 0x2A, 0x3F, 0x13, 0xB4, 0x18,
    0x4A, 0x63, 0x3F, 0x2B, 0x9D, 0xFD, 0x21, 0x69, 0xED, 0x67, 0xA5, 0xB7, 0xAF, 0x48, 0x73, 0x1F,
    0x4A, 0x77, 0x1F, 0x4A, 0x7B, 0x2F, 0xFE, 0x58, 0xAE, 0x72, 0x65, 0xF9, 0x2F, 0x1F, 0xBD, 0xF7,
    0x33, 0xAD, 0xCE, 0xA2, 0x85, 0x8E, 0xF2, 0xFC, 0x5D, 0xAA, 0x13, 0x5A, 0x03, 0x92, 0xEC, 0x71,
    0x8C, 0xD6, 0xA3, 0x94, 0x3D, 0xE2, 0x0E, 0xFE, 0x6C, 0xB2, 0x04, 0x7F, 0x5F, 0xF0, 0x1D, 0xDF,
    0xB3, 0x3B, 0xA3, 0x8E, 0x85, 0x5D, 0xF8, 0x63, 0xDF, 0x22, 0xE9, 0xAD, 0xD1, 0x89, 0x60, 0x6F,
    0x97, 0xD0, 0xC3, 0xA4, 0x8B, 0xF4, 0xC8, 0x45, 0x9E, 0x32, 0xF3, 0xF3, 0x91, 0xBC, 0xF4, 0xFD,
    0xCE, 0x88, 0x43, 0xB5, 0xC6, 0x1A, 0x3A, 0xE5, 0xE7, 0x17, 0x19, 0x7D, 0x8B, 0x93, 0xF3, 0xAD,
    0xE9, 0xD1, 0x11, 0x68, 0xCA, 0xE8, 0x68, 0xC6, 0x70, 0x74, 0x04, 0x53, 0x39, 0x56, 0xEA, 0xD3,
    0x55, 0x8E, 0x8E, 0xBC, 0xE4, 0x3A, 0x47, 0x47, 0xA8, 0x84, 0xD5, 0x37, 0x15, 0x30, 0x07, 0xBA,
    0xC5, 0x3D, 0x8D, 0x8E, 0xB4, 0xAB, 0x62, 0x06, 0xE1, 0xE8, 0x88, 0xA4, 0x39, 0x3A, 0x42, 0x4E,
    0xE6, 0xE8, 0x08, 0x5D, 0x15, 0x47, 0x47, 0x4E, 0xCC, 0xD1, 0x91, 0xD4, 0xD8, 0x23, 0x24, 0xBD,
    0xB7, 0xD1, 0x51, 0x2E, 0xA4, 0x57, 0xD9, 0x9F, 0xB4, 0x80, 0x60, 0x44, 0xEA, 0x80, 0x9D, 0x43,
    0xF2, 0xA7, 0x05, 0xFB, 0x93, 0xA4, 0xB5, 0x1A, 0xB1, 0x8A, 0xD4, 0x83, 0x08, 0xA4, 0x9F, 0x6F,
    0x06, 0x11, 0x48, 0xCF, 0x5D, 0x96, 0xC4, 0x11, 0x5A, 0xCD, 0x1F, 0xE6, 0xE1, 0x47, 0x67, 0xE2,
    0xBA, 0x9C, 0x23, 0xCD, 0x10, 0xF9, 0x49, 0xDF, 0x23, 0x7D, 0xE0, 0x6B, 0x74, 0xDB, 0x5F, 0x38,
    0xF4, 0x5A, 0x99, 0xCA, 0x1A, 0x49, 0x4D, 0x5F, 0x71, 0x8E, 0x24, 0xF7, 0xCB, 0x34, 0x2A, 0x66,
    0x35, 0x2A, 0x66, 0xA5, 0xA2, 0x0C, 0x39, 0x47, 0x62, 0x2B, 0x18, 0x26, 0x12, 0x15, 0x67, 0x32,
    0x46, 0x45, 0x60, 0xC9, 0xE1, 0xB7, 0x99, 0x23, 0x3D, 0xAB, 0x0A, 0xF6, 0xA4, 0x39, 0xD2, 0x83,
    0x2E, 0x9A, 0x73, 0x24, 0x1A, 0x25, 0x97, 0x2E, 0x3A, 0x59, 0xD2, 0x2E, 0x3A, 0xAF, 0xA9, 0xBD,
    0x6B, 0x6A, 0xEF, 0x9A, 0xDA, 0xFB, 0xE9, 0x73, 0xA4, 0xD6, 0x1B, 0xDB, 0x12, 0xF7, 0x80, 0xC7,
    0x7A, 0x97, 0x6D, 0xDD, 0x4F, 0xE4, 0x84, 0x64, 0xC9, 0x4D, 0x78, 0x97, 0x8D, 0x1F, 0xB3, 0xE7,
    0x5D, 0xB6, 0xFD, 0x5B, 0xB1, 0xDE, 0x65, 0x5B, 0xC9, 0xE6, 0xCA, 0xB8, 0xFC, 0x4D, 0xEE, 0xB2,
    0xB5, 0xDE, 0xC8, 0xBF, 0x01, 0xD4, 0x02, 0x6E, 0x4D, 0xA2, 0x96, 0x75, 0x7F, 0x04, 0xD4, 0x02,
    0x5E, 0x37, 0x80, 0x5A, 0xC0, 0x8A, 0x77, 0xD9, 0xC0, 0x49, 0xEE, 0xB2, 0xAD, 0x64, 0x44, 0x2D,
    0xE6, 0xAB, 0xDE, 0x65, 0x03, 0x07, 0x0E, 0x3E, 0xC0, 0x81, 0xB3, 0x0F, 0x70, 0x18, 0x1F, 0x2B,
    0xB8, 0x9B, 0x22, 0xEF, 0x70, 0x33, 0x1C, 0x82, 0x90, 0x03, 0xEF, 0xB2, 0xAD, 0x64, 0x72, 0xE0,
    0xB2, 0xE7, 0xBB, 0x6C, 0xAA, 0xAB, 0x14, 0xA4, 0xC5, 0x0C, 0xEB, 0xFE, 0x90, 0xFD, 0xCD, 0x12,
    0x1C, 0xB3, 0x46, 0xD2, 0xBC, 0xCB, 0x06, 0xD2, 0x72, 0x97, 0x6D, 0x25, 0x23, 0x98, 0x31, 0x7B,
    0xBE, 0xCB, 0x06, 0xA9, 0x39, 0xFA, 0x00, 0x69, 0x4E, 0x3F, 0x40, 0x7A, 0x13, 0x60, 0x86, 0x60,
    0x1F, 0x60, 0x86, 0x9F, 0x68, 0x04, 0x98, 0x01, 0x69, 0xB9, 0xCB, 0xB6, 0x92, 0x11, 0xCC, 0x98,
    0x3D, 0xDF, 0x65, 0x6B, 0xBD, 0x71, 0x0F, 0xB9, 0x02, 0x94, 0x6F, 0x75, 0xCF, 0x99, 0xF5, 0x20,
    0x13, 0xDB, 0xF2, 0x4F, 0xD7, 0xDD, 0xF1, 0x09, 0x50, 0x3D, 0xFB, 0x3E, 0x42, 0x70, 0xE5, 0xA7,
    0xC9, 0x49, 0xA9, 0x77, 0xBE, 0xAC, 0x81, 0x20, 0xFB, 0x50, 0x9A, 0x4F, 0x89, 0xB1, 0x7B, 0x83,
    0xF2, 0xF3, 0x3E, 0x42, 0xAD, 0xA0, 0xA0, 0xF7, 0xE8, 0xFA, 0xEB, 0xFE, 0x36, 0xEF, 0x41, 0x2D,
    0x79, 0x5B, 0x1C, 0xB7, 0xAF, 0xBB, 0x49, 0xC7, 0x92, 0x64, 0xD2, 0x5C, 0x23, 0xCD, 0xF4, 0xB2,
    0x9C, 0xCB, 0x14, 0xE9, 0xA2, 0x9E, 0xFD, 0x6B, 0x35, 0x3C, 0xA8, 0x85, 0x47, 0x4E, 0x9C, 0xCC,
    0x7F, 0x28, 0xCA, 0x7E, 0x76, 0xB4, 0xEB, 0x33, 0x61, 0x66, 0xE2, 0x98, 0x3C, 0xB7, 0x51, 0x18,
    0x03, 0xC7, 0x24, 0x8C, 0x81, 0xF0, 0x39, 0x61, 0x0C, 0xB4, 0x22, 0xB7, 0xD8, 0xA8, 0x16, 0x81,
    0x31, 0x2B, 0x99, 0xC0, 0x18, 0xF3, 0x5B, 0xDE, 0x62, 0x13, 0xBE, 0x80, 0x31, 0x12, 0x10, 0x84,
    0x31, 0xE0, 0x4B, 0x18, 0xC3, 0x80, 0x20, 0x8C, 0xE1, 0xE7, 0xA9, 0x09, 0x63, 0xC0, 0x57, 0x6F,
    0xB1, 0xAD, 0x64, 0x02, 0x63, 0xCC, 0x57, 0xBC, 0xC5, 0x06, 0x8B, 0xEB, 0x20, 0x04, 0x8C, 0xCA,
    0x59, 0xC8, 0x3A, 0x3F, 0x71, 0xCD, 0x71, 0x08, 0x58, 0xE9, 0x44, 0x64, 0xBD, 0x1C, 0x8A, 0x80,
    0x59, 0x79, 0x8B, 0x6D, 0x25, 0x53, 0x18, 0x63, 0x9E, 0xF1, 0x2D, 0x36, 0x55, 0x3F, 0x85, 0x5B,
    0x55, 0x3B, 0x7F, 0x20, 0x29, 0xC9, 0x95, 0xC7, 0xBA, 0xE1, 0xA8, 0x1C, 0x42, 0xC9, 0xA8, 0x7C,
    0x25, 0xDB, 0x99, 0x91, 0x3F, 0x9B, 0x5B, 0x6C, 0x2A, 0x4B, 0x4C, 0x8B, 0x10, 0xD9, 0x40, 0x4D,
    0x40, 0x36, 0xA2, 0xA4, 0x54, 0x54, 0x54, 0x13, 0x59, 0xE4, 0x16, 0x1B, 0x42, 0xFA, 0xB2, 0x08,
    0xB1, 0xC7, 0x5B, 0x6C, 0x4A, 0x9A, 0xF9, 0x48, 0x2A, 0x07, 0x48, 0xCF, 0xCA, 0x36, 0xF9, 0x79,
    0x09, 0x7A, 0x18, 0x2A, 0x87, 0xC4, 0x1D, 0x2A, 0xC7, 0x4A, 0xC6, 0xCA, 0x61, 0xF6, 0x7C, 0x03,
    0xE1, 0xFF, 0x03, 0xBD, 0x5B, 0x4F, 0x6C, 0x1C, 0xE7, 0x75, 0xFF, 0x76, 0xC6, 0xF6, 0x46, 0x9E,
    0x78, 0x3F, 0x1E, 0xEC, 0x94, 0x85, 0x20, 0x6E, 0x0F, 0x3E, 0x08, 0x12, 0xA9, 0xED, 0x21, 0x87,
    0x4D, 0xB2, 0xAB, 0x19, 0x49, 0x05, 0x0C, 0xD4, 0x80, 0x6D, 0x14, 0x35, 0x72, 0x08, 0x52, 0xE5,
    0x52, 0xA0, 0x87, 0x5A, 0xBC, 0x10, 0x28, 0x81, 0x48, 0xDC, 0x95, 0x54, 0x40, 0x40, 0x5D, 0xC0,
    0x6C, 0x01, 0x37, 0x07, 0x03, 0x8D, 0x1A, 0xB8, 0x40, 0xBC, 0x42, 0x41, 0x02, 0x61, 0x5B, 0x19,
    0x26, 0xB9, 0x23, 0x09, 0x88, 0xD0, 0xAA, 0x88, 0xC6, 0x11, 0x62, 0x1F, 0x8C, 0xD8, 0x93, 0x7F,
    0x48, 0x2C, 0xC1, 0xE5, 0x48, 0x59, 0xC9, 0x4B, 0x72, 0x77, 0xA6, 0xBF, 0xDF, 0x7B, 0x33, 0xCB,
    0xA5, 0x24, 0xD7, 0x3E, 0xC4, 0x21, 0xC0, 0xF9, 0xC8, 0xE5, 0xEE, 0xFB, 0x7D, 0xEF, 0x7D, 0xEF,
    0xDF, 0x6F, 0xE6, 0xD1, 0x3F, 0xB7, 0x99, 0x65, 0x99, 0xF9, 0xDA, 0x46, 0x77, 0xA9, 0xD3, 0x31,
    0x66, 0xB5, 0xFC, 0x23, 0x83, 0xAF, 0x93, 0x8E, 0x2C, 0xAB, 0xA6, 0xE2, 0x25, 0xE6, 0xB1, 0x8D,
    0x76, 0xE5, 0xD1, 0x8B, 0xC6, 0x9E, 0x8D, 0x2B, 0xA6, 0xC1, 0x97, 0x47, 0xCB, 0xBC, 0x2E, 0x09,
    0x17, 0xEB, 0xC6, 0x5C, 0xBC, 0x8D, 0x36, 0x17, 0x77, 0x68, 0xF4, 0xAB, 0x61, 0xFC, 0x73, 0x7D,
    0xAF, 0xEF, 0x87, 0x40, 0xA8, 0x75, 0x0F, 0xB7, 0x81, 0x30, 0x70, 0x07, 0x44, 0xE8, 0x9B, 0x01,
    0x11, 0x1A, 0xE6, 0x24, 0x11, 0xFC, 0xA0, 0x41, 0x04, 0x9B, 0x88, 0xE8, 0xD2, 0xF9, 0x46, 0xF1,
    0xF1, 0xFF, 0x7F, 0x71, 0x43, 0xFF, 0xDC, 0xC7, 0x43, 0xC8, 0xFE, 0x8D, 0x59, 0xF5, 0x42, 0x73,
    0xD2, 0x0D, 0x1F, 0xCB, 0x8E, 0x85, 0xF6, 0xDA, 0x2F, 0x42, 0xFE, 0xCD, 0x98, 0x6E, 0x68, 0x4B,
    0xF7, 0x22, 0xEF, 0x68, 0xB4, 0xEC, 0x5E, 0x0E, 0x97, 0x4B, 0x09, 0xF6, 0xBA, 0xFE, 0xF5, 0xC4,
    0xD8, 0x0C, 0xBB, 0x7C, 0x52, 0xC5, 0x3C, 0xA1, 0x3B, 0xB4, 0x09, 0xA4, 0xF8, 0x5D, 0xBB, 0x88,
    0x1D, 0xF6, 0x6D, 0x85, 0x3B, 0x1C, 0x78, 0xCF, 0x71, 0x87, 0xD3, 0xF8, 0x0D, 0x3B, 0x34, 0xB5,
    0x0A, 0x77, 0xE8, 0xF5, 0x2B, 0xA2, 0x6E, 0x28, 0xCB, 0x63, 0xFA, 0x9B, 0xA9, 0x3E, 0x27, 0x8B,
    0xF3, 0xBE, 0xCA, 0x5C, 0xD7, 0xE5, 0x10, 0x44, 0xD3, 0xBC, 0x54, 0xBE, 0xDB, 0xE9, 0x04, 0x10,
    0xFD, 0x53, 0x35, 0xEF, 0x4F, 0xCD, 0x45, 0x8A, 0xDE, 0xE7, 0x0D, 0x28, 0x7A, 0x9F, 0x2F, 0xCA,
    0x4F, 0xF5, 0xE6, 0x44, 0x56, 0xB8, 0x22, 0x08, 0x66, 0x59, 0xA5, 0xAC, 0xE8, 0x32, 0xA7, 0x4B,
    0x7D, 0x97, 0x0D, 0x0C, 0x37, 0xEF, 0x26, 0x62, 0x5E, 0x2F, 0x3E, 0x4C, 0x84, 0xEB, 0x14, 0x7D,
    0xD2, 0xB9, 0xBA, 0xD4, 0x27, 0x82, 0x9B, 0xCE, 0x13, 0xA1, 0x1A, 0xD5, 0x89, 0x70, 0x58, 0x3F,
    0xEE, 0xB7, 0xEB, 0xBA, 0x79, 0x15, 0x56, 0x93, 0x73, 0x34, 0xE5, 0xBE, 0x2C, 0x25, 0x5D, 0x28,
    0xC5, 0x38, 0x30, 0xEF, 0xBD, 0x5D, 0xE6, 0x35, 0xAB, 0x4E, 0xF8, 0xD8, 0xC6, 0x99, 0xD0, 0x9E,
    0xFB, 0x79, 0xC8, 0xBF, 0x1B, 0x1F, 0xEB, 0x9B, 0xEB, 0xA1, 0x59, 0xAE, 0xE2, 0xEF, 0xE5, 0xD0,
    0x4C, 0xE3, 0xB5, 0xE2, 0x8B, 0xA7, 0xD3, 0x2F, 0x65, 0xC7, 0x06, 0xDC, 0xDD, 0xAD, 0x5F, 0x40,
    0x48, 0x79, 0xC3, 0xBC, 0x85, 0xF7, 0x39, 0x43, 0xD3, 0x82, 0x28, 0x7C, 0x38, 0x83, 0xB4, 0xF6,
    0xA3, 0xDB, 0x57, 0x42, 0xEC, 0xCE, 0x74, 0x5D, 0xF9, 0x6C, 0x5F, 0x96, 0x52, 0xAC, 0xBF, 0x99,
    0x4F, 0x58, 0xD4, 0xB4, 0x59, 0xA2, 0xB6, 0xED, 0xF0, 0xDC, 0x36, 0x22, 0x7F, 0x91, 0xBA, 0x5F,
    0xEA, 0xFB, 0xE2, 0x5B, 0xE6, 0x64, 0xA3, 0x45, 0xED, 0xCB, 0xFD, 0x86, 0x17, 0x00, 0xA0, 0xD6,
    0x6E, 0xB8, 0x74, 0x4F, 0x38, 0x5B, 0x35, 0xA0, 0xA5, 0x7B, 0x8D, 0xAE, 0x48, 0x6B, 0x35, 0x5E,
    0x50, 0x13, 0x0C, 0xF2, 0x9D, 0x0F, 0xCC, 0x98, 0x99, 0x4B, 0xB4, 0x42, 0x0A, 0x9C, 0x0F, 0x61,
    0x85, 0x08, 0x56, 0x88, 0x60, 0x85, 0x08, 0x56, 0x88, 0xEC, 0xD9, 0x9F, 0x47, 0xF8, 0x14, 0xBE,
    0xBB, 0x91, 0xF1, 0xEE, 0x45, 0xC6, 0x1E, 0xC5, 0x7A, 0x17, 0xBF, 0xD7, 0xF0, 0x8D, 0xF7, 0xC9,
    0x01, 0x71, 0x9F, 0x34, 0x22, 0x76, 0xF9, 0x7D, 0xEC, 0x32, 0x54, 0x17, 0xE8, 0x4D, 0x97, 0xDB,
    0xF4, 0xFF, 0x86, 0xA5, 0x09, 0x1A, 0x87, 0x17, 0x62, 0xEC, 0x70, 0xC6, 0xF6, 0x12, 0x39, 0x7B,
    0x09, 0x2A, 0x2F, 0x90, 0x05, 0x2A, 0x33, 0xB6, 0x4A, 0x89, 0x0A, 0x6C, 0x2D, 0x49, 0x88, 0x79,
    0xC3, 0x91, 0x9D, 0x69, 0x72, 0xFF, 0xDC, 0x56, 0x96, 0xB5, 0xFD, 0x0D, 0x60, 0x05, 0x3C, 0x2C,
    0xB8, 0x0B, 0x8E, 0x0B, 0x57, 0x1C, 0xD8, 0x1C, 0x8C, 0xF0, 0x8F, 0xB8, 0x62, 0xBB, 0xB8, 0x3E,
    0x62, 0x8E, 0xF2, 0x75, 0xE3, 0xC8, 0xB5, 0x2C, 0x4E, 0x67, 0xBB, 0xBC, 0x56, 0xCA, 0x3D, 0xFE,
    0xDC, 0xE6, 0xD5, 0x15, 0xBF, 0x53, 0xC9, 0xF7, 0x20, 0x19, 0xFB, 0xBF, 0xD9, 0x15, 0xC9, 0x0D,
    0x91, 0x3C, 0x3F, 0x92, 0x7C, 0x06, 0x3F, 0xD3, 0x1D, 0xEA, 0xF2, 0xFE, 0xC6, 0x27, 0x5C, 0xE9,
    0x63, 0xCE, 0x55, 0x49, 0x15, 0x5E, 0x7B, 0xB4, 0x73, 0x13, 0xF9, 0x67, 0xFB, 0xD9, 0x57, 0xB3,
    0xA5, 0x4D, 0x73, 0xAA, 0x1C, 0x9B, 0x86, 0x13, 0x9B, 0xA6, 0x89, 0x9D, 0x6C, 0x31, 0xB6, 0x57,
    0x12, 0x2A, 0x1D, 0xEF, 0xC1, 0xB7, 0xCD, 0xBF, 0xBD, 0x9B, 0xFF, 0x8A, 0xBF, 0x65, 0x78, 0xDD,
    0x89, 0x0B, 0xCD, 0x3F, 0xD5, 0x41, 0x33, 0x27, 0x74, 0x6F, 0x65, 0xA1, 0x7B, 0xE9, 0xE3, 0xD0,
    0x8D, 0x7E, 0x1C, 0x9A, 0x1E, 0x5E, 0xFB, 0xA3, 0x1C, 0xDD, 0x63, 0xF8, 0xA4, 0xD5, 0xF7, 0x7A,
    0x90, 0xB0, 0xB1, 0x9E, 0x9D, 0xC7, 0xE9, 0x5C, 0x4E, 0x6A, 0xE2, 0x42, 0x89, 0xA5, 0x07, 0x39,
    0x89, 0x47, 0x07, 0xDA, 0xBB, 0xEE, 0x49, 0xF8, 0x54, 0x5F, 0x2E, 0x3E, 0xF7, 0x19, 0x16, 0x3D,
    0xF8, 0x58, 0xFC, 0x73, 0x5D, 0xDD, 0x73, 0x46, 0x44, 0x0F, 0x67, 0xC4, 0x39, 0x5B, 0xFF, 0x26,
    0xBE, 0xB9, 0x35, 0x34, 0xE2, 0x9A, 0xA7, 0xC4, 0x59, 0x82, 0x19, 0x49, 0x01, 0xFD, 0x19, 0xF5,
    0x4B, 0x5D, 0xCA, 0x1F, 0xA9, 0xCC, 0xFC, 0xC4, 0x9B, 0xB9, 0xE8, 0xBE, 0x88, 0x5E, 0x7A, 0x1D,
    0xA2, 0xB3, 0x08, 0xBE, 0xC2, 0x5D, 0x63, 0x81, 0xE8, 0xAF, 0x65, 0x01, 0x33, 0x96, 0xBF, 0x44,
    0xAF, 0x37, 0x35, 0x8F, 0xCE, 0xFE, 0x74, 0x43, 0x96, 0xE6, 0x45, 0x59, 0x6C, 0x22, 0x8B, 0xF8,
    0xD8, 0xAE, 0x45, 0x44, 0xD3, 0xA2, 0x4B, 0x37, 0xE9, 0xAC, 0x57, 0x22, 0x6E, 0xF9, 0x7A, 0xC6,
    0x1D, 0xD7, 0xBE, 0x41, 0x4F, 0x9D, 0x2E, 0xD1, 0x51, 0xD5, 0x41, 0xF5, 0x1C, 0x0E, 0x2C, 0xD1,
    0xA5, 0xFD, 0x54, 0x5E, 0xD0, 0x3D, 0x56, 0xC5, 0xC9, 0x9D, 0xDE, 0x78, 0xAE, 0xD2, 0x4D, 0x33,
    0x17, 0x74, 0x96, 0x34, 0x10, 0xA6, 0x34, 0x10, 0xA6, 0xA4, 0xD4, 0x34, 0xA6, 0xCA, 0x12, 0x08,
    0x15, 0x1B, 0x4A, 0x20, 0x9C, 0xA2, 0x68, 0xEB, 0x89, 0x17, 0x78, 0x26, 0x88, 0x25, 0x10, 0x4A,
    0x79, 0x20, 0x88, 0xF8, 0xEE, 0xAE, 0x40, 0x70, 0x54, 0x03, 0x1B, 0x16, 0xBF, 0xF9, 0x9F, 0x6F,
    0x69, 0x7B, 0x5A, 0x97, 0x93, 0xBA, 0xEC, 0x2F, 0xF4, 0x8B, 0xF4, 0xBC, 0xDB, 0x72, 0xDE, 0xD3,
    0x9A, 0x8D, 0xA6, 0x35, 0x19, 0x4D, 0x6B, 0x2E, 0x9A, 0xD6, 0xF3, 0x9E, 0xD6, 0xF3, 0x9E, 0xD6,
    0xF3, 0x9E, 0xD6, 0xF3, 0x96, 0xC5, 0x79, 0x46, 0xD2, 0x8F, 0x17, 0x0E, 0x54, 0x93, 0x86, 0x69,
    0x41, 0xF0, 0x81, 0xB4, 0xDB, 0x31, 0x69, 0xB9, 0x5D, 0x7A, 0xEF, 0x46, 0xBB, 0x14, 0xA3, 0x80,
    0xA5, 0xC8, 0x5D, 0x7E, 0xD6, 0x2E, 0x65, 0xDB, 0x89, 0x8D, 0x97, 0xE7, 0x6D, 0xB4, 0xDC, 0x70,
    0x06, 0xCB, 0x0D, 0xE3, 0xDD, 0x59, 0x35, 0xA5, 0xDB, 0xD8, 0xF9, 0xB7, 0x8A, 0x02, 0x87, 0x8F,
    0x9F, 0x9F, 0xB4, 0xC9, 0xC1, 0xAD, 0x61, 0xE2, 0xDB, 0x45, 0xD4, 0xD8, 0x7B, 0x19, 0x6A, 0xD9,
    0x42, 0xA3, 0xF5, 0xEE, 0x73, 0xB0, 0xF0, 0xE0, 0x11, 0xD4, 0x39, 0xEF, 0x9D, 0x1E, 0x0B, 0x9C,
    0x03, 0x47, 0x62, 0x49, 0x7B, 0xD2, 0xD8, 0xE8, 0x33, 0x15, 0xB8, 0xBC, 0x26, 0x01, 0x81, 0x45,
    0x1E, 0x08, 0x3E, 0x8A, 0x3C, 0x10, 0x36, 0x91, 0x4A, 0xED, 0x42, 0x33, 0xFB, 0xD9, 0x80, 0x08,
    0x9B, 0xC9, 0xAA, 0x20, 0x60, 0x77, 0x40, 0x30, 0x2C, 0xF2, 0x4F, 0x1A, 0x37, 0x16, 0x5B, 0xDB,
    0xB6, 0x2C, 0x8F, 0x7E, 0x52, 0x91, 0xA7, 0xEE, 0xC8, 0x69, 0x07, 0xB7, 0xD2, 0xB4, 0xB3, 0x05,
    0xBF, 0x6D, 0x24, 0x28, 0x8C, 0xD8, 0x7C, 0x8F, 0x8B, 0x37, 0xE8, 0xF6, 0x97, 0x29, 0xBA, 0xDA,
    0x5B, 0xA6, 0x68, 0xDB, 0x5E, 0xA6, 0xE8, 0xA6, 0xD6, 0x4E, 0x3F, 0x92, 0xA5, 0x34, 0xD0, 0x4A,
    0x5A, 0xD5, 0xC5, 0x4D, 0x54, 0x74, 0x42, 0xD1, 0x5F, 0x44, 0xCA, 0xC3, 0xAE, 0x6D, 0x6D, 0x95,
    0xA2, 0xCB, 0x83, 0x69, 0x8A, 0x3E, 0x32, 0x3C, 0x09, 0xD1, 0xC3, 0xD8, 0xEF, 0x51, 0x74, 0x52,
    0xFF, 0x53, 0x8A, 0x5E, 0x6E, 0x22, 0xFD, 0x3D, 0x69, 0xE6, 0x6B, 0xBF, 0xA5, 0x87, 0x35, 0x4A,
    0xE2, 0x83, 0x55, 0xAD, 0x47, 0x5E, 0x28, 0x39, 0xCD, 0x49, 0xF3, 0x72, 0xD2, 0xD7, 0x5D, 0x0F,
    0xB0, 0xE9, 0xF5, 0xCE, 0xF7, 0x21, 0x18, 0xDA, 0x40, 0xAE, 0xFF, 0x2A, 0x77, 0xFC, 0xD5, 0x2C,
    0x84, 0xD4, 0xFA, 0x97, 0x90, 0xCA, 0x50, 0x95, 0x13, 0xC8, 0xAC, 0x8B, 0x9F, 0xD5, 0xC5, 0xB9,
    0xEB, 0x22, 0xB0, 0x61, 0xE9, 0xCD, 0x35, 0x31, 0xB3, 0xED, 0xE5, 0x36, 0x88, 0x45, 0x5C, 0x87,
    0x07, 0xE8, 0xBF, 0xA8, 0x02, 0xB3, 0x3E, 0x25, 0xD6, 0xF7, 0xAE, 0x71, 0xA3, 0x75, 0xEF, 0x79,
    0x6E, 0xB4, 0xD9, 0xB2, 0xB4, 0x41, 0xAD, 0x6F, 0x45, 0x79, 0x23, 0x39, 0xE4, 0x11, 0x2D, 0xEB,
    0x36, 0x93, 0x12, 0x52, 0x9A, 0xCD, 0x8B, 0x7C, 0xAB, 0x9D, 0xA7, 0x51, 0x45, 0xC8, 0x7A, 0x80,
    0xE8, 0x2C, 0xA5, 0x9D, 0xF3, 0x6C, 0xC4, 0x6A, 0x2F, 0x11, 0xA4, 0x19, 0xCF, 0xDB, 0x9F, 0x10,
    0x25, 0x59, 0x76, 0xB2, 0x80, 0xF6, 0x78, 0x73, 0xDD, 0x0B, 0x80, 0x33, 0xEF, 0x67, 0x02, 0xD4,
    0x2C, 0x79, 0x82, 0x64, 0x03, 0x2B, 0xAB, 0x7B, 0x77, 0x41, 0x56, 0xD3, 0xD5, 0x1D, 0x60, 0x0B,
    0x79, 0x4E, 0x34, 0xE5, 0xC0, 0xEC, 0xFA, 0x8A, 0x04, 0x36, 0xCA, 0x88, 0x7A, 0x21, 0xDA, 0x24,
    0xA8, 0x13, 0xC5, 0x50, 0x0C, 0xF5, 0x33, 0x06, 0xA4, 0x9B, 0x46, 0x31, 0x10, 0x6B, 0xA7, 0x23,
    0x1A, 0xAB, 0x5F, 0x8A, 0x62, 0xE0, 0x0D, 0x4B, 0x3D, 0x1A, 0xAA, 0xF6, 0xF6, 0x50, 0xC2, 0xF2,
    0xEE, 0x07, 0xB2, 0x1C, 0xBA, 0xA1, 0x41, 0xFA, 0xB6, 0x2C, 0xA8, 0x94, 0x10, 0x8D, 0x03, 0xF1,
    0xE8, 0xF5, 0xC6, 0x6E, 0xAC, 0xAF, 0x52, 0x78, 0xD3, 0xED, 0x35, 0x28, 0xFD, 0xA2, 0x1B, 0x35,
    0x20, 0xDE, 0x24, 0xEE, 0xA5, 0x1E, 0xE4, 0x9F, 0x7F, 0xD3, 0xBD, 0xDC, 0x07, 0x40, 0xE2, 0xBB,
    0xC9, 0x34, 0x10, 0xE2, 0x47, 0xDD, 0xE1, 0x49, 0xF1, 0x10, 0xF7, 0x03, 0xA6, 0xB0, 0xF5, 0x17,
    0x8F, 0x5D, 0x92, 0xF3, 0x40, 0x2B, 0x27, 0xFB, 0x7E, 0xF1, 0x78, 0x58, 0x74, 0x38, 0xE2, 0xA8,
    0xFC, 0xAE, 0xE1, 0x48, 0xBC, 0x0C, 0x07, 0xF9, 0xE2, 0xC5, 0xC2, 0x6F, 0x11, 0x0F, 0x29, 0x83,
    0x81, 0x47, 0x45, 0x0B, 0x1A, 0x7B, 0xA6, 0x67, 0x5C, 0x1E, 0xC1, 0x02, 0xDE, 0xD2, 0x7B, 0x02,
    0xCA, 0x5A, 0xD8, 0x1E, 0x56, 0xBA, 0xBB, 0x86, 0xB3, 0xE8, 0xD1, 0x54, 0xB9, 0xDC, 0xB6, 0x96,
    0x49, 0xAB, 0xCD, 0x80, 0xA4, 0x67, 0x60, 0xD1, 0x5C, 0x07, 0x6F, 0xA6, 0x1D, 0xDB, 0x6B, 0x99,
    0xCA, 0xC2, 0xDF, 0x84, 0xB6, 0x8C, 0xE6, 0xF6, 0x57, 0x49, 0xE2, 0x64, 0xC9, 0xB2, 0xD9, 0x1B,
    0xCD, 0x99, 0x6E, 0x30, 0x67, 0xD8, 0xE4, 0x9E, 0x44, 0xAB, 0x5B, 0x43, 0x5A, 0x2E, 0xA7, 0xB9,
    0xEF, 0x24, 0x34, 0xF1, 0xBA, 0x9E, 0xEB, 0xBC, 0x1C, 0x6B, 0xC4, 0x05, 0xA7, 0x3A, 0x5F, 0x55,
    0x27, 0xF7, 0xE9, 0x3B, 0x2B, 0xCD, 0x8F, 0xDB, 0x30, 0x40, 0xA3, 0x76, 0x85, 0x8E, 0x31, 0x5D,
    0x92, 0x76, 0xC9, 0x9A, 0x32, 0x97, 0x72, 0x28, 0xC7, 0xE9, 0xA4, 0x1A, 0xFC, 0xB5, 0xDE, 0xFD,
    0x4E, 0x5E, 0x17, 0x9F, 0xAC, 0x8B, 0xD8, 0x7A, 0xED, 0xB3, 0x38, 0x79, 0xFB, 0x3E, 0x27, 0x3F,
    0x1E, 0xD5, 0x6E, 0x2E, 0xAD, 0x27, 0x5E, 0xCF, 0x8B, 0xE7, 0x4C, 0xEB, 0x59, 0x04, 0x73, 0xF5,
    0xD6, 0xB1, 0xA4, 0x94, 0x76, 0xCF, 0x26, 0x5E, 0x5C, 0x0D, 0x91, 0xE3, 0xBC, 0xCD, 0x5E, 0x39,
    0xF5, 0x5A, 0xB1, 0xA9, 0x5E, 0x3B, 0x02, 0x73, 0x6D, 0x07, 0x92, 0x44, 0xC5, 0xFB, 0xC6, 0x35,
    0xED, 0xA8, 0xA6, 0x26, 0x10, 0x07, 0xAE, 0x4A, 0x94, 0x24, 0x87, 0x17, 0x44, 0xD3, 0x86, 0xA5,
    0xA6, 0xF3, 0x4F, 0x97, 0x45, 0x53, 0x31, 0x35, 0x12, 0x99, 0xA8, 0x08, 0x17, 0xCE, 0x3D, 0x38,
    0x77, 0xE0, 0xDC, 0x7F, 0xF5, 0xEB, 0xCB, 0x44, 0xA8, 0xC5, 0x92, 0xE6, 0xD2, 0xC1, 0xE1, 0x00,
    0x08, 0x31, 0xD4, 0x85, 0xCE, 0xC9, 0x4C, 0x9D, 0x08, 0xCB, 0xF8, 0x8D, 0x69, 0x6E, 0xB5, 0x4E,
    0x84, 0x5A, 0x5C, 0x67, 0x78, 0xF8, 0xDA, 0x73, 0xEF, 0x8D, 0xB5, 0xD9, 0x3E, 0xA5, 0x8B, 0xA7,
    0x3D, 0xB7, 0x33, 0x6A, 0xB6, 0x75, 0xF3, 0x92, 0xE5, 0xDE, 0x80, 0xE0, 0x39, 0xB1, 0xE5, 0x9C,
    0xC3, 0x28, 0x98, 0xAB, 0x25, 0x90, 0x3A, 0x37, 0xC0, 0x31, 0x47, 0xDF, 0x7E, 0x3B, 0x82, 0xCC,
    0x96, 0xC3, 0x30, 0x6E, 0x68, 0xAB, 0xED, 0x68, 0x48, 0xCB, 0xD5, 0xC4, 0x79, 0x6A, 0xD3, 0xE8,
    0xCE, 0x32, 0x1B, 0x42, 0xE6, 0xB0, 0xD6, 0x66, 0x6C, 0xA1, 0xBB, 0x82, 0xCC, 0xA9, 0x2E, 0x65,
    0xDA, 0x4D, 0x06, 0x56, 0x2B, 0x90, 0xB8, 0x32, 0x0C, 0xAB, 0x54, 0x3E, 0xBB, 0x37, 0x16, 0x09,
    0x6B, 0x72, 0xAD, 0xCA, 0xB5, 0x1C, 0x6B, 0xA5, 0x1F, 0xED, 0xB0, 0xD3, 0xD9, 0x12, 0xE3, 0x52,
    0x5A, 0xC9, 0x50, 0x9A, 0x1F, 0x53, 0xDA, 0xE6, 0x2A, 0xA5, 0xA1, 0x18, 0x41, 0x5A, 0x22, 0x35,
    0xB3, 0x2F, 0x32, 0x9B, 0x72, 0xFD, 0x42, 0xBE, 0xB7, 0xB1, 0x6B, 0x09, 0x69, 0x27, 0xEC, 0x9E,
    0x4E, 0x0F, 0x6E, 0xFD, 0x76, 0xFB, 0xF6, 0xA6, 0x17, 0xF9, 0x41, 0x33, 0xB6, 0x83, 0xC3, 0xC6,
    0x8F, 0x2B, 0xD5, 0x6E, 0xB2, 0x1D, 0x5B, 0x67, 0xF8, 0xD6, 0x8F, 0x63, 0xEF, 0xDD, 0xC4, 0x3F,
    0x02, 0xC9, 0xE1, 0x6A, 0x49, 0x24, 0x97, 0xF4, 0xB3, 0x0F, 0xB9, 0xCA, 0x0E, 0xFB, 0xB2, 0x43,
    0x1E, 0xFF, 0xE3, 0x3C, 0xFD, 0x86, 0x95, 0x0A, 0x54, 0xA9, 0x22, 0x75, 0xF5, 0x2B, 0x6E, 0x88,
    0xFE, 0xB1, 0x02, 0xBB, 0x3D, 0x59, 0x7D, 0x8E, 0x8D, 0x78, 0x5A, 0xF1, 0xDB, 0x68, 0xF2, 0x2A,
    0xE0, 0x82, 0xA5, 0x54, 0x2A, 0xDD, 0xEC, 0xFB, 0xEA, 0xE4, 0xB2, 0xCB, 0xC3, 0x72, 0xDD, 0x23,
    0x96, 0xEC, 0xC3, 0x35, 0x5F, 0x87, 0x67, 0xC2, 0xCF, 0x9E, 0x0D, 0xE0, 0x97, 0x01, 0xDC, 0x32,
    0x80, 0x57, 0x06, 0x70, 0xCA, 0x00, 0x3E, 0x89, 0xD7, 0xAE, 0x05, 0xEA, 0x91, 0x74, 0xC8, 0x5A,
    0xDB, 0x94, 0xD1, 0x89, 0xFB, 0x2F, 0x07, 0xA6, 0xE9, 0xC9, 0xFB, 0xE1, 0x4F, 0x81, 0xF8, 0xA9,
    0x9E, 0x4C, 0x91, 0x6D, 0x0B, 0x57, 0xD5, 0xA0, 0x5C, 0x9E, 0x12, 0x57, 0x4D, 0x7C, 0x71, 0xD5,
    0xCD, 0xED, 0x36, 0x83, 0xD2, 0xBF, 0x11, 0xAA, 0xAB, 0xF2, 0xBC, 0x67, 0x74, 0xB1, 0xEA, 0xB8,
    0x08, 0x4A, 0x0A, 0x2C, 0xED, 0x0E, 0x4A, 0xC6, 0xC0, 0x12, 0xC5, 0x5A, 0xB1, 0x00, 0x45, 0x5A,
    0x0A, 0xA4, 0xE7, 0x0F, 0x98, 0xB4, 0xA7, 0xE9, 0xE7, 0x4C, 0xDF, 0xCE, 0xAF, 0x3F, 0x60, 0xFA,
    0xEF, 0xB2, 0xAB, 0x42, 0xE3, 0x6B, 0xBE, 0x65, 0x45, 0x40, 0x0A, 0x65, 0x3B, 0x43, 0x6A, 0x8B,
    0x2A, 0xF9, 0xEC, 0x11, 0x84, 0xDB, 0xAD, 0x23, 0x11, 0x14, 0x3E, 0x12, 0x53, 0xE3, 0x98, 0x2A,
    0x27, 0xD4, 0x39, 0xA1, 0xD2, 0x09, 0xB5, 0x86, 0xCB, 0xE1, 0x94, 0xB0, 0x2F, 0x49, 0x8D, 0x87,
    0x46, 0x0E, 0x08, 0x87, 0xE9, 0x6C, 0x3A, 0x74, 0xAE, 0x2A, 0xB2, 0xB7, 0x3B, 0x88, 0xD1, 0x95,
    0xC6, 0x4E, 0xDF, 0xC5, 0x37, 0x5E, 0xCB, 0xC2, 0x78, 0x8F, 0xD3, 0x47, 0xF7, 0x55, 0x43, 0x83,
    0xEF, 0xC5, 0xF6, 0x3B, 0x69, 0xEC, 0x66, 0xAF, 0xC5, 0x66, 0x42, 0x1A, 0xCB, 0x45, 0x35, 0x93,
    0x9E, 0xE8, 0xD2, 0xEB, 0xD0, 0xA7, 0x84, 0x12, 0xC2, 0xBA, 0x17, 0x63, 0x41, 0x5B, 0xB1, 0xAD,
    0x05, 0xC9, 0x9F, 0x65, 0x3D, 0x4A, 0xF6, 0x79, 0x2C, 0xD0, 0xBD, 0x2F, 0x48, 0x95, 0x59, 0xD0,
    0x62, 0x53, 0x2D, 0x6A, 0xCE, 0x43, 0x97, 0x69, 0x39, 0xD8, 0xD6, 0x6C, 0x74, 0x70, 0x2B, 0x5B,
    0xDF, 0x96, 0x5C, 0xED, 0x85, 0xAB, 0xB4, 0x59, 0x39, 0x94, 0x8C, 0xED, 0x85, 0xD3, 0xB4, 0xDB,
    0x09, 0xF4, 0x67, 0x0C, 0x94, 0x85, 0x69, 0xBD, 0x6D, 0xA0, 0xDD, 0xDA, 0xA7, 0x2C, 0xBA, 0xF9,
    0xB6, 0x36, 0x2E, 0x4C, 0x16, 0xDD, 0x60, 0x45, 0x44, 0xF7, 0x56, 0x28, 0xBA, 0x94, 0xAE, 0x48,
    0xE3, 0x72, 0xAB, 0x47, 0xD1, 0xEB, 0xA5, 0x1E, 0x45, 0x0F, 0x95, 0xED, 0xB7, 0xE2, 0x15, 0x6D,
    0x5C, 0x94, 0xFB, 0x57, 0x75, 0x71, 0xB5, 0x9D, 0x36, 0xE3, 0xFD, 0x00, 0x92, 0x3A, 0xFB, 0x81,
    0x0C, 0xBC, 0x41, 0x76, 0x3D, 0x23, 0x75, 0x66, 0x63, 0x28, 0x79, 0x28, 0x5D, 0x93, 0x76, 0x6B,
    0x75, 0x86, 0xA2, 0x17, 0x13, 0x69, 0x04, 0xEE, 0xC5, 0xB2, 0xF8, 0xA1, 0x52, 0x0B, 0x73, 0xFF,
    0xD2, 0x2A, 0x1C, 0xB3, 0x2B, 0x7E, 0x69, 0x25, 0x86, 0x7C, 0x89, 0xA1, 0xB5, 0x59, 0x4A, 0x5D,
    0x2E, 0xD3, 0x27, 0xE9, 0x84, 0x4F, 0xE6, 0x54, 0xAE, 0x23, 0x5D, 0x4F, 0x26, 0xA9, 0xCC, 0xD3,
    0x3D, 0xB6, 0x34, 0xC9, 0x45, 0xF7, 0x65, 0xA3, 0xCF, 0xAB, 0x10, 0xE5, 0x51, 0x2A, 0x8A, 0x99,
    0xB1, 0x98, 0xFD, 0x1D, 0x56, 0x27, 0x7E, 0x2D, 0xCA, 0xA1, 0xA8, 0x3A, 0xE7, 0x1F, 0x6C, 0x4C,
    0xBB, 0x81, 0x34, 0xA6, 0xE5, 0x58, 0x1A, 0xD3, 0x52, 0xA2, 0x8D, 0x69, 0x2C, 0x8D, 0xE9, 0xBA,
    0x59, 0xD6, 0xF3, 0x5D, 0xD6, 0xF3, 0x1D, 0x6F, 0x4C, 0xF7, 0x54, 0x45, 0x64, 0x4D, 0x1B, 0xD3,
    0x3D, 0xDA, 0x98, 0x66, 0xC9, 0x81, 0xA5, 0xCE, 0xD6, 0x79, 0x58, 0x98, 0xA5, 0x00, 0xE4, 0xDA,
    0xCE, 0x6E, 0x5E, 0x44, 0xFC, 0x74, 0xF1, 0xA6, 0x89, 0x1A, 0xB6, 0x59, 0xCE, 0x90, 0xA3, 0x5A,
    0xDF, 0x79, 0x19, 0x8C, 0xB7, 0x7C, 0x26, 0x34, 0xFE, 0xD5, 0x33, 0x11, 0xE2, 0xF0, 0x35, 0x6C,
    0xBD, 0xF6, 0xDD, 0x40, 0x3A, 0x06, 0xD9, 0xA0, 0x88, 0x59, 0x12, 0x39, 0x56, 0x04, 0x21, 0x1B,
    0x9C, 0xD8, 0x5C, 0x41, 0xFA, 0x18, 0xB4, 0x48, 0xAA, 0x27, 0xFE, 0x65, 0x86, 0xD6, 0x04, 0x31,
    0xC0, 0xF5, 0xCD, 0x8F, 0x9F, 0xA7, 0x09, 0xAF, 0x3E, 0x2F, 0x4A, 0x5B, 0xD9, 0xA2, 0x5C, 0x37,
    0xC5, 0xE2, 0xDD, 0xEB, 0x62, 0xF7, 0x6C, 0xCC, 0xD0, 0x8F, 0x9B, 0x31, 0x0A, 0x90, 0x92, 0x03,
    0x00, 0x6F, 0x93, 0x24, 0x80, 0x88, 0x64, 0x01, 0xC0, 0xFC, 0x8A, 0xD0, 0x00, 0xA0, 0x92, 0x07,
    0x10, 0x97, 0x44, 0xC0, 0x4C, 0xA0, 0xAE, 0x6A, 0xE2, 0x2B, 0xA8, 0x40, 0xC1, 0x05, 0x76, 0xC8,
    0xC0, 0x43, 0xD6, 0xBC, 0x53, 0x0D, 0xA8, 0x17, 0x0D, 0x4F, 0x1C, 0x52, 0x02, 0xEA, 0x26, 0x9C,
    0x00, 0x38, 0x24, 0x05, 0xC4, 0x21, 0x2B, 0x20, 0x8E, 0xD0, 0x02, 0xA9, 0x44, 0xBA, 0xE6, 0xC4,
    0x60, 0xC4, 0x0C, 0x0A, 0x6A, 0x30, 0xE2, 0x06, 0x7A, 0x06, 0x29, 0xD9, 0x01, 0xF5, 0x21, 0x3D,
    0x20, 0x0E, 0xF9, 0x01, 0x71, 0x84, 0x20, 0x9C, 0xD8, 0xFC, 0x77, 0x32, 0x04, 0xE2, 0x90, 0x22,
    0x10, 0x47, 0x38, 0x02, 0xBE, 0x72, 0x92, 0x50, 0xB0, 0x84, 0x82, 0x26, 0x14, 0x3C, 0x61, 0x44,
    0x14, 0x46, 0x4C, 0x21, 0x1B, 0x50, 0x1D, 0x38, 0x2A, 0x51, 0x1A, 0x42, 0x63, 0xEB, 0x64, 0x0B,
    0xD0, 0x05, 0x74, 0x81, 0x10, 0x70, 0x56, 0x22, 0xA8, 0x9F, 0x8E, 0x16, 0xAD, 0x7C, 0xEA, 0xB0,
    0x39, 0x69, 0xC8, 0x5D, 0x76, 0x87, 0x36, 0x64, 0xB1, 0xCA, 0xEE, 0x2C, 0x52, 0x38, 0x99, 0x83,
    0x48, 0x27, 0x75, 0x80, 0x78, 0x72, 0x07, 0x91, 0x0F, 0xF2, 0x40, 0x00, 0x61, 0x0F, 0x94, 0x32,
    0x6A, 0xDE, 0x35, 0x35, 0xE4, 0x04, 0xA2, 0x60, 0x10, 0x3B, 0x14, 0xA2, 0xE0, 0x10, 0x3B, 0x24,
    0x22, 0xEB, 0x11, 0x50, 0x68, 0x84, 0xB8, 0x2F, 0x79, 0x04, 0xBD, 0x40, 0x89, 0x04, 0x30, 0x85,
    0x49, 0x88, 0xDD, 0x48, 0x25, 0x88, 0xAA, 0x5C, 0x82, 0x27, 0x94, 0x93, 0x89, 0x11, 0x9B, 0xD8,
    0xA1, 0x13, 0x23, 0x3E, 0x31, 0x46, 0x28, 0x1E, 0x60, 0x14, 0x05, 0xA7, 0x00, 0xA9, 0x90, 0x4D,
    0x80, 0x55, 0xC8, 0x1E, 0x40, 0x2B, 0x24, 0x8A, 0xC8, 0x2B, 0xB0, 0x03, 0x12, 0x0B, 0x6E, 0x80,
    0xCC, 0x82, 0xF8, 0x42, 0x2D, 0x78, 0x87, 0x45, 0xB9, 0xC5, 0x88, 0x5C, 0x14, 0xEC, 0xA2, 0xA0,
    0x17, 0x05, 0xBF, 0xC8, 0x09, 0x46, 0x2A, 0x0C, 0x83, 0x1E, 0x22, 0x14, 0x43, 0x90, 0xC8, 0x31,
    0x04, 0x4A, 0x48, 0x06, 0xB0, 0x84, 0x65, 0x10, 0x4C, 0x68, 0x06, 0xD1, 0x94, 0x67, 0xB0, 0x0B,
    0xCA, 0x89, 0xC6, 0x88, 0x69, 0x8C, 0xA8, 0xC6, 0x0E, 0xD7, 0xD8, 0x21, 0x1B, 0xEA, 0x44, 0xCA,
    0xC7, 0xF5, 0x6A, 0x5F, 0xE5, 0x7B, 0x5D, 0x4D, 0xBD, 0x4F, 0x9D, 0xDC, 0xA1, 0xFB, 0x88, 0xFB,
    0xDA, 0xCD, 0x0B, 0x37, 0xC1, 0x15, 0x7B, 0xD2, 0x18, 0x9E, 0x2C, 0x45, 0x13, 0xF8, 0x50, 0x16,
    0x21, 0x67, 0xD8, 0x5B, 0xD1, 0xF1, 0xC0, 0x78, 0x97, 0xA3, 0x72, 0x7B, 0x8F, 0x2D, 0x45, 0xA8,
    0xA4, 0x27, 0x4A, 0x91, 0x07, 0x27, 0x28, 0x45, 0x12, 0xEB, 0x1A, 0x8B, 0x5B, 0xBD, 0xF1, 0xB3,
    0xDD, 0x65, 0xEC, 0xFC, 0x14, 0xA6, 0x76, 0x2D, 0xF9, 0x8B, 0xE5, 0x30, 0xF7, 0xBA, 0x54, 0xCC,
    0x9F, 0xBE, 0x21, 0x36, 0x49, 0x35, 0x85, 0xBD, 0x15, 0x88, 0x3D, 0x7E, 0x20, 0x0E, 0x6D, 0x6E,
    0x8B, 0xE5, 0x9D, 0x58, 0x3C, 0x79, 0x36, 0x94, 0x25, 0x55, 0xBF, 0x4E, 0x74, 0xE9, 0xE9, 0x8D,
    0x17, 0x7F, 0x49, 0x83, 0xA7, 0xE0, 0x32, 0x9A, 0xD3, 0x58, 0x44, 0x44, 0xF8, 0xBC, 0x7A, 0x97,
    0x94, 0x11, 0x3A, 0x17, 0xEA, 0x88, 0xC6, 0xA4, 0x2F, 0x0E, 0x2D, 0x95, 0x84, 0xD1, 0xA1, 0xA5,
    0xA4, 0xA8, 0x25, 0x45, 0x31, 0x29, 0xAA, 0xC9, 0xA8, 0x9C, 0x8C, 0x88, 0xCD, 0xAE, 0x98, 0xAC,
    0x6B, 0xD4, 0xD4, 0x15, 0x03, 0xF5, 0xE3, 0x33, 0xC7, 0x64, 0x7B, 0x77, 0x4C, 0x8E, 0xA7, 0x97,
    0x5A, 0x9C, 0x49, 0x7A, 0x59, 0x1F, 0xE4, 0x69, 0xCC, 0x26, 0x82, 0x12, 0x23, 0x0D, 0x89, 0x2A,
    0xA8, 0x35, 0xC4, 0x19, 0x52, 0x32, 0x80, 0x7C, 0x35, 0x92, 0x79, 0xAC, 0xBD, 0x93, 0xA6, 0x3E,
    0x6D, 0xA5, 0x2A, 0xED, 0x03, 0x17, 0x6E, 0x02, 0xA1, 0xDC, 0x9E, 0x67, 0x0A, 0x1A, 0x95, 0x92,
    0x96, 0x94, 0x92, 0x10, 0x39, 0x1C, 0xA5, 0xCA, 0x9A, 0xA4, 0x8E, 0x77, 0x20, 0x21, 0xC3, 0xB5,
    0x1B, 0x6C, 0x32, 0xE0, 0x4E, 0xFE, 0x3F, 0xF5, 0x48, 0x6A, 0xE9, 0x41, 0x4F, 0x6A, 0x41, 0x95,
    0xB4, 0x6B, 0x1E, 0x5E, 0x95, 0x5A, 0x21, 0xBD, 0x27, 0x61, 0x26, 0xF8, 0x32, 0x7E, 0xD2, 0x87,
    0x0C, 0x68, 0x5D, 0xDC, 0x5B, 0xBC, 0x63, 0x9B, 0xB5, 0x47, 0xCF, 0x18, 0x0E, 0x8D, 0x37, 0x04,
    0x99, 0x26, 0x72, 0x71, 0x94, 0x39, 0xB5, 0x32, 0x69, 0x0F, 0xD4, 0x07, 0xEF, 0xA1, 0xF6, 0x20,
    0x3E, 0x54, 0x9E, 0xCC, 0x87, 0x1F, 0x52, 0xBA, 0x93, 0x73, 0x9F, 0x9C, 0xFC, 0x14, 0xEC, 0x27,
    0x27, 0x17, 0x23, 0xF5, 0x69, 0x64, 0x30, 0x20, 0xDA, 0x18, 0x14, 0x48, 0x72, 0xAB, 0x23, 0x79,
    0x80, 0x24, 0x88, 0x55, 0x70, 0x53, 0xB2, 0x00, 0x68, 0x90, 0x24, 0x01, 0xFD, 0xB8, 0x12, 0xA1,
    0x82, 0x09, 0xE5, 0x54, 0x28, 0xE7, 0x42, 0x39, 0x19, 0xCA, 0xD9, 0x90, 0xB9, 0xDF, 0x18, 0x27,
    0x76, 0xEC, 0xCA, 0x36, 0xA1, 0xC4, 0x8D, 0x54, 0x79, 0x47, 0xBF, 0xB9, 0x80, 0x4B, 0xA3, 0x8C,
    0x4B, 0x8D, 0x7F, 0x78, 0xBC, 0xD8, 0xA1, 0xE4, 0xCC, 0xB0, 0x7B, 0x86, 0xD1, 0xF2, 0xDB, 0xED,
    0x3B, 0x1F, 0x42, 0x56, 0x37, 0x58, 0x88, 0x70, 0x4A, 0x4D, 0x14, 0xA9, 0x8A, 0x8D, 0xFC, 0xDB,
    0xDB, 0x91, 0x7D, 0x69, 0x73, 0xF3, 0xAD, 0xCB, 0x91, 0xDB, 0xF7, 0x63, 0xD1, 0xBE, 0xC4, 0xC7,
    0x0F, 0xA2, 0x66, 0xAE, 0xFD, 0x27, 0x2C, 0xAD, 0xB1, 0x64, 0xAC, 0xB1, 0xF2, 0x78, 0xA0, 0x2D,
    0x80, 0xA4, 0xFE, 0x8B, 0x95, 0x1A, 0x37, 0x4B, 0x52, 0x84, 0xED, 0x2E, 0x54, 0xC4, 0xA2, 0xD5,
    0x0A, 0x69, 0x51, 0x69, 0x58, 0x21, 0x87, 0x71, 0x63, 0x12, 0x23, 0x44, 0x86, 0x66, 0x1B, 0xA5,
    0x46, 0x05, 0x37, 0x32, 0xCA, 0x91, 0xCD, 0x1F, 0x7E, 0xBA, 0x63, 0xF8, 0xF4, 0x89, 0x7E, 0x42,
    0xE7, 0x4B, 0xD8, 0xC6, 0x52, 0x79, 0x1A, 0xC4, 0xD0, 0x20, 0x6C, 0xA8, 0x5A, 0xE3, 0x75, 0x23,
    0xDF, 0x6B, 0x7E, 0x37, 0xF7, 0x2B, 0x42, 0x89, 0x18, 0x0C, 0xE0, 0x44, 0x12, 0xD7, 0x20, 0x45,
    0x12, 0xD7, 0x64, 0x45, 0xD2, 0x11, 0x68, 0xA4, 0xE5, 0xBC, 0xA8, 0x20, 0x46, 0x05, 0x33, 0x1A,
    0x51, 0xA3, 0x51, 0x5C, 0x4B, 0x39, 0x5C, 0x92, 0x62, 0x38, 0x25, 0x7B, 0x15, 0xF9, 0x17, 0xA7,
    0xE4, 0xE4, 0xA6, 0x78, 0x74, 0xCB, 0x92, 0xD3, 0xEA, 0x72, 0x4D, 0x79, 0x75, 0x6F, 0xBD, 0x2F,
    0xE9, 0x37, 0x95, 0xA3, 0x17, 0x56, 0xB8, 0x38, 0xA5, 0xD2, 0xDA, 0xCC, 0xB3, 0xDD, 0xC0, 0xF6,
    0x9C, 0x88, 0x0F, 0x46, 0x1C, 0xA6, 0x21, 0xE4, 0xD9, 0x39, 0xC9, 0xB3, 0x8C, 0xB7, 0xCB, 0xE8,
    0x30, 0xF7, 0x58, 0xFE, 0xD5, 0x9E, 0xE0, 0xD5, 0x1D, 0xC8, 0x3B, 0x4D, 0x71, 0x95, 0x07, 0x23,
    0xEF, 0xEE, 0x7E, 0x30, 0xF2, 0x59, 0x9C, 0x8B, 0x5E, 0x6E, 0x47, 0x17, 0x4F, 0x6A, 0xC8, 0xCD,
    0x37, 0xC0, 0xC5, 0xB2, 0x6C, 0xC7, 0xAA, 0xE0, 0x71, 0x17, 0x3E, 0xE4, 0xDE, 0x4C, 0x23, 0x8D,
    0xB8, 0x23, 0xE3, 0x9D, 0x89, 0x9E, 0xC0, 0x6E, 0xEC, 0x4B, 0x4E, 0xC4, 0x9D, 0x98, 0xEE, 0x52,
    0x54, 0xFA, 0xF5, 0xC7, 0x91, 0x13, 0xDD, 0x89, 0x4C, 0xEF, 0xCF, 0x22, 0x56, 0x8A, 0x9D, 0x84,
    0xAF, 0x24, 0x86, 0x04, 0x09, 0x9B, 0xD9, 0x26, 0x43, 0xE2, 0x7E, 0x48, 0x91, 0xB8, 0x25, 0xE1,
    0x48, 0x38, 0x19, 0x92, 0x24, 0x9E, 0x0C, 0x59, 0x92, 0xC4, 0xD1, 0xC2, 0xB4, 0xD9, 0xC5, 0x85,
    0x3E, 0xC3, 0x9A, 0x7B, 0x40, 0x3B, 0xEF, 0xEA, 0x02, 0xE2, 0x90, 0x2F, 0x09, 0x0E, 0x09, 0x13,
    0x70, 0xC8, 0x98, 0xA4, 0xAB, 0x03, 0x65, 0x22, 0x8E, 0x70, 0x26, 0x79, 0x2C, 0xA2, 0xFC, 0x28,
    0x67, 0x4D, 0x23, 0xDA, 0x54, 0xF0, 0xA6, 0x11, 0x71, 0x32, 0xBB, 0x5B, 0x22, 0x72, 0x27, 0xE2,
    0x90, 0x3C, 0xA9, 0x3E, 0x33, 0x82, 0x43, 0xFA, 0x24, 0x15, 0x0A, 0xFC, 0x49, 0xBA, 0xD4, 0x55,
    0x6D, 0x81, 0x72, 0x06, 0x55, 0x50, 0xA8, 0x1D, 0x0E, 0x65, 0x1E, 0x5C, 0xC7, 0x62, 0xAF, 0xAB,
    0xFE, 0x6C, 0x35, 0xF6, 0x7C, 0xED, 0x84, 0xC1, 0xA5, 0x08, 0x01, 0x32, 0x25, 0x08, 0xF9, 0x53,
    0x4D, 0x75, 0x00, 0xE5, 0x53, 0x39, 0xA1, 0x2A, 0x18, 0x55, 0x4E, 0xA9, 0x0A, 0x4E, 0x35, 0x9E,
    0xE2, 0x7E, 0x2F, 0x25, 0x71, 0x9C, 0x63, 0x15, 0x24, 0x6B, 0xC4, 0xB2, 0x3E, 0xC7, 0x52, 0xB9,
    0x68, 0xC6, 0x48, 0xD7, 0x88, 0x75, 0xED, 0x6E, 0xFF, 0x49, 0xBC, 0xE4, 0x00, 0x63, 0x6D, 0xFF,
    0x49, 0xBD, 0xC4, 0x51, 0x62, 0x6D, 0xFF, 0xD7, 0xF3, 0xB6, 0x3F, 0x67, 0x5F, 0x05, 0xFD, 0x1A,
    0xB5, 0xFF, 0x39, 0x01, 0x2B, 0x18, 0x58, 0x41, 0xC1, 0xE2, 0x03, 0x29, 0x7A, 0x66, 0x16, 0xAB,
    0xAC, 0x67, 0x4A, 0x77, 0xD7, 0x8C, 0x36, 0x48, 0xFA, 0x5D, 0x0A, 0x4E, 0xA2, 0xF1, 0x8A, 0xF5,
    0x49, 0xEF, 0x91, 0x81, 0xF1, 0x86, 0xAD, 0x76, 0x75, 0xF6, 0x3F, 0xA2, 0x19, 0x38, 0xDB, 0x14,
    0x1C, 0xCD, 0xE6, 0x0F, 0x19, 0xB9, 0xDF, 0xF0, 0x20, 0xB2, 0x5A, 0xDB, 0xC8, 0x63, 0x55, 0x16,
    0x53, 0xEF, 0x9D, 0xDB, 0x7D, 0x44, 0x6C, 0xEB, 0x84, 0x68, 0xCD, 0xDB, 0x7F, 0xD6, 0x3C, 0x7E,
    0x21, 0x59, 0xE3, 0x5C, 0xC2, 0x8A, 0xDE, 0x26, 0xD2, 0xD4, 0x68, 0xD6, 0xC6, 0x5A, 0x2B, 0x55,
    0x5D, 0x64, 0xAD, 0x07, 0x10, 0x86, 0x86, 0x1C, 0xD2, 0x6A, 0x90, 0xF4, 0xCE, 0xBD, 0xE1, 0x3C,
    0xE5, 0x45, 0x75, 0xE1, 0x38, 0xBC, 0xF2, 0xE7, 0x3D, 0x8F, 0xDD, 0x19, 0xD4, 0x29, 0x93, 0x0F,
    0xF8, 0xBB, 0x01, 0x6B, 0x6F, 0x39, 0x91, 0x36, 0x7E, 0x4D, 0x9E, 0xEE, 0xDB, 0x51, 0x9C, 0xE7,
    0x92, 0x6F, 0xC2, 0x85, 0x02, 0x94, 0x81, 0x44, 0x8A, 0x08, 0xF7, 0x98, 0xBD, 0x9A, 0xC1, 0x5F,
    0x8F, 0x67, 0x9B, 0xF3, 0xA6, 0xE2, 0x9E, 0x86, 0x59, 0xD1, 0x1D, 0xF0, 0x6A, 0x07, 0xBC, 0x1E,
    0x9A, 0xE5, 0x75, 0x5F, 0x39, 0x99, 0x93, 0x23, 0x92, 0x7A, 0x9F, 0x3C, 0x2D, 0xD2, 0x62, 0x6C,
    0x73, 0x29, 0x12, 0x3B, 0xB8, 0x59, 0x38, 0x85, 0x3D, 0x26, 0xFB, 0xB0, 0xC5, 0x79, 0x66, 0xD3,
    0x46, 0x65, 0xA4, 0xB2, 0xE5, 0xF6, 0x2C, 0x77, 0x67, 0xB9, 0x39, 0xFE, 0x75, 0x8D, 0x4F, 0xBD,
    0x6C, 0x3C, 0xDA, 0x58, 0xFF, 0x40, 0xB7, 0xF3, 0xBA, 0x44, 0x86, 0x3F, 0x34, 0xE6, 0xD4, 0x6C,
    0x60, 0xE6, 0xDC, 0x7C, 0xBA, 0x03, 0xDF, 0x7F, 0x39, 0x2B, 0x81, 0xF2, 0x84, 0x47, 0xAB, 0xFB,
    0x68, 0x8B, 0x6D, 0x6C, 0x8F, 0x6F, 0xAC, 0x94, 0x87, 0x08, 0x17, 0xB9, 0x99, 0xBB, 0x87, 0x32,
    0x7A, 0x07, 0x18, 0x84, 0x8C, 0x40, 0x0E, 0x06, 0xBC, 0x89, 0xCF, 0x30, 0xF0, 0x8A, 0xBB, 0xEC,
    0xAF, 0xAA, 0x0C, 0xB3, 0x57, 0xEA, 0x12, 0x3C, 0xAF, 0x16, 0x1D, 0x6A, 0x0D, 0x93, 0x86, 0xFD,
    0x6B, 0x53, 0xDD, 0x33, 0x8D, 0x77, 0x4C, 0x8E, 0x47, 0x1A, 0x42, 0x0D, 0x8D, 0x35, 0x42, 0x0D,
    0xA4, 0x9A, 0x42, 0x50, 0x3D, 0x60, 0x82, 0xB6, 0x59, 0xF4, 0xA9, 0x4D, 0xF9, 0x74, 0x12, 0x9F,
    0x5A, 0xC5, 0x0F, 0xEE, 0xD9, 0x24, 0x99, 0x9F, 0xB2, 0xC6, 0x3B, 0xF6, 0xC1, 0xFC, 0xFC, 0x44,
    0x05, 0x66, 0xB8, 0x3C, 0xA8, 0x37, 0x4C, 0x85, 0x37, 0xFC, 0x27, 0x40, 0xC2, 0x6B, 0x92, 0xB6,
    0xE7, 0xCB, 0xBF, 0xEA, 0x7E, 0xC0, 0x87, 0x88, 0x89, 0xC9, 0xD0, 0x0C, 0x9A, 0x1A, 0x5A, 0xA5,
    0x47, 0x18, 0x5E, 0x20, 0x48, 0xC2, 0x1B, 0xCD, 0xD3, 0x13, 0xF9, 0x19, 0xAD, 0x36, 0xF3, 0x1F,
    0x9E, 0xAE, 0x16, 0x65, 0xC2, 0x8D, 0x8B, 0x03, 0xBC, 0x58, 0xFC, 0x30, 0x71, 0x7F, 0x52, 0xE8,
    0x48, 0x52, 0xB0, 0xDA, 0xCB, 0x4F, 0x59, 0x1B, 0x78, 0x3C, 0x51, 0xDB, 0x0A, 0xBB, 0x2F, 0xD5,
    0x8C, 0xE7, 0xDD, 0xBB, 0xD6, 0xC3, 0xE6, 0xDD, 0xF0, 0xE8, 0xF5, 0x60, 0x9F, 0x1B, 0x3A, 0xB1,
    0x8B, 0xDF, 0xF7, 0x86, 0x66, 0xFD, 0x78, 0x7B, 0x7D, 0x1F, 0x5A, 0x80, 0x6A, 0x6A, 0xBC, 0x8F,
    0xD8, 0x03, 0x04, 0xE8, 0x09, 0xF2, 0x87, 0xAC, 0xA7, 0x84, 0xC8, 0xD2, 0xD1, 0x46, 0x0F, 0x5D,
    0x77, 0x98, 0xD7, 0x56, 0xA9, 0xCD, 0x76, 0x6B, 0xC9, 0x4D, 0x40, 0x89, 0xD0, 0x04, 0x24, 0x31,
    0x30, 0x9F, 0x19, 0xCE, 0xC5, 0x84, 0x0C, 0x56, 0x62, 0x20, 0x86, 0x4E, 0x12, 0x03, 0x30, 0xEC,
    0xB6, 0x63, 0xE0, 0x85, 0x43, 0xB4, 0x5B, 0x80, 0x9B, 0x6D, 0xC7, 0x44, 0x13, 0xFE, 0x05, 0xA1,
    0x33, 0xB1, 0xC8, 0xF6, 0x62, 0x81, 0x72, 0xE2, 0x71, 0x24, 0x61, 0x38, 0x47, 0x87, 0x96, 0xEA,
    0xD9, 0x8D, 0x57, 0x16, 0x01, 0xD4, 0x3C, 0xF2, 0xBF, 0xE6, 0x09, 0x5B, 0xEE, 0xF6, 0x70, 0x7C,
    0xD6, 0x0E, 0x4F, 0x1E, 0x12, 0x15, 0xE1, 0x68, 0xEE, 0xB9, 0x3B, 0x5C, 0x9C, 0xF8, 0xD8, 0xA5,
    0x1E, 0xDC, 0x6E, 0x78, 0x9C, 0x8F, 0x7A, 0x4D, 0x2D, 0x75, 0x02, 0x3A, 0xE1, 0x0B, 0x42, 0xA4,
    0x28, 0xBA, 0xA2, 0x3A, 0x55, 0x0A, 0x95, 0x76, 0xF2, 0xF7, 0xD2, 0xCD, 0x25, 0xDA, 0x0F, 0x27,
    0x49, 0xF3, 0x3D, 0x1F, 0x78, 0x14, 0x7D, 0x2D, 0x7B, 0x99, 0xC6, 0xBB, 0x94, 0x3D, 0x6B, 0xA8,
    0x4A, 0xDF, 0x03, 0x82, 0x7B, 0x05, 0x2C, 0x0A, 0xAA, 0x9C, 0x1D, 0x62, 0x81, 0x2A, 0xD5, 0x6B,
    0x6A, 0xB7, 0x6D, 0x95, 0xE9, 0x2B, 0x82, 0x1D, 0x43, 0x48, 0xC2, 0x16, 0xF3, 0xD8, 0xF9, 0x3B,
    0xDB, 0x21, 0x5F, 0x6F, 0x5D, 0x0E, 0x81, 0xF0, 0x27, 0xD5, 0x77, 0x43, 0x20, 0xBC, 0xEF, 0x66,
    0x01, 0x10, 0xAE, 0xBB, 0x7F, 0x7B, 0x1E, 0x08, 0xD7, 0xDC, 0xF7, 0x7A, 0x40, 0xB8, 0x7A, 0x26,
    0x6B, 0x10, 0x21, 0x9C, 0x68, 0x00, 0x01, 0x49, 0x51, 0x1E, 0x71, 0xAC, 0xE2, 0xF8, 0x21, 0xB3,
    0x76, 0x2B, 0x21, 0x42, 0x19, 0x8D, 0xF6, 0xB8, 0x0E, 0xBC, 0x21, 0x03, 0x87, 0x6D, 0x33, 0x12,
    0x81, 0x0F, 0x84, 0x63, 0x9B, 0x2F, 0x50, 0x87, 0x2B, 0x4B, 0x03, 0xEA, 0x70, 0xE5, 0xF4, 0x09,
    0xEA, 0x70, 0x05, 0x61, 0x48, 0x1D, 0x18, 0x8D, 0x40, 0x68, 0x4F, 0x51, 0x07, 0x57, 0xEE, 0xC7,
    0x04, 0x6E, 0xD8, 0xE3, 0xAE, 0x9D, 0xED, 0x58, 0x74, 0xA0, 0x6B, 0x8E, 0x23, 0xA4, 0x8A, 0xF0,
    0x06, 0x11, 0xEE, 0xBE, 0x20, 0x08, 0xA8, 0xE4, 0x44, 0x38, 0xFD, 0x56, 0x44, 0x84, 0xF6, 0x4A,
    0x42, 0x84, 0x77, 0x93, 0x04, 0x08, 0x97, 0x33, 0xB0, 0x17, 0x1C, 0xF8, 0x04, 0x52, 0x0C, 0xAC,
    0x14, 0xD0, 0x9B, 0x03, 0x93, 0x0D, 0x45, 0xE6, 0x97, 0xB0, 0x79, 0x5A, 0x09, 0xB9, 0x4A, 0x10,
    0xA6, 0x8B, 0xA0, 0x0B, 0xC4, 0x95, 0xB3, 0x9B, 0x1D, 0xB5, 0xE0, 0xBD, 0x48, 0x34, 0xF9, 0x8B,
    0x72, 0x7B, 0x28, 0xBA, 0x5C, 0xF7, 0x58, 0xA3, 0x68, 0x2F, 0xEF, 0x35, 0x74, 0x01, 0x40, 0xBB,
    0x7A, 0x36, 0x4B, 0x12, 0x3D, 0x95, 0x89, 0xE5, 0x84, 0x3A, 0xB5, 0x7B, 0x26, 0x49, 0xE4, 0x64,
    0xFC, 0xAF, 0x0B, 0xE9, 0x44, 0x93, 0xC1, 0xBD, 0x08, 0xD2, 0x04, 0x4B, 0x83, 0x17, 0xE6, 0x83,
    0x56, 0xBB, 0xDC, 0xBA, 0x60, 0xD4, 0xEA, 0x70, 0x9D, 0xCE, 0x9A, 0x5D, 0x94, 0x78, 0x9A, 0xA9,
    0x48, 0x3C, 0x39, 0xC3, 0x8A, 0x38, 0x9B, 0xFF, 0x51, 0x85, 0x1B, 0xB8, 0xDC, 0xDF, 0x57, 0x21,
    0xFE, 0xF5, 0xF6, 0x3E, 0xBA, 0x9D, 0x7B, 0x3D, 0xE2, 0xA3, 0xF3, 0xF5, 0xE3, 0x67, 0x86, 0xD5,
    0xF7, 0x05, 0xDC, 0x7E, 0x33, 0x15, 0x6C, 0xE7, 0xA3, 0xC3, 0x0A, 0xB4, 0x36, 0xF5, 0x40, 0x3C,
    0xD1, 0x37, 0x4C, 0x2D, 0xEE, 0xB2, 0x07, 0x3C, 0x6F, 0xD2, 0xED, 0x5B, 0xE2, 0x1F, 0x6E, 0xE4,
    0x1F, 0x0B, 0x25, 0x84, 0xDB, 0x4D, 0x97, 0x3E, 0x82, 0x32, 0xDD, 0xA8, 0xD2, 0x4B, 0xFE, 0xDB,
    0x5B, 0x6C, 0xD4, 0x24, 0x8A, 0xDD, 0xC4, 0x77, 0x18, 0xC6, 0x3F, 0x32, 0x2F, 0xF8, 0xEF, 0x32,
    0x8E, 0x5F, 0x81, 0xE0, 0x8C, 0x81, 0xEC, 0xFD, 0xEA, 0xCF, 0x1B, 0x12, 0xC9, 0x0E, 0xCA, 0xB5,
    0x42, 0x3D, 0xFA, 0xE2, 0x20, 0x8F, 0x65, 0xB9, 0xBF, 0x36, 0xA6, 0xF5, 0xEE, 0x87, 0xF0, 0x7C,
    0xB4, 0x69, 0xF2, 0xA7, 0x9B, 0x26, 0x7F, 0xC0, 0x39, 0x76, 0x2F, 0x6E, 0xDC, 0xC3, 0xDA, 0xEA,
    0x61, 0x7C, 0x74, 0x89, 0xF3, 0x3F, 0xF3, 0xD9, 0x3D, 0xAC, 0xFF, 0x70, 0x0F, 0x1B, 0xFB, 0x9A,
    0x1B, 0x6F, 0x7C, 0xB4, 0x73, 0x28, 0x96, 0xA2, 0x1B, 0x3A, 0x59, 0xB8, 0x24, 0xFB, 0x3B, 0x44,
    0xAE, 0x1C, 0x14, 0x6A, 0x89, 0x18, 0x6D, 0x45, 0x8E, 0xC9, 0x6B, 0x70, 0x4B, 0xA1, 0x9D, 0x92,
    0xC0, 0x3D, 0x24, 0x5B, 0xFA, 0xE1, 0x40, 0xB6, 0xF4, 0x0A, 0xEF, 0x87, 0x56, 0x53, 0x2B, 0xA7,
    0x1B, 0xD8, 0x40, 0xCE, 0xC7, 0xDD, 0x1A, 0xC8, 0x96, 0xBA, 0xF1, 0x6E, 0xA7, 0x97, 0xFE, 0x9C,
    0x6A, 0x8B, 0x43, 0x96, 0x55, 0xEF, 0x6F, 0x96, 0x55, 0xF1, 0xEB, 0x28, 0x03, 0xE2, 0x8D, 0xA8,
    0x02, 0xC4, 0xB9, 0x86, 0x22, 0x20, 0xBA, 0xA3, 0x06, 0x88, 0x33, 0xA0, 0x04, 0x88, 0x33, 0x24,
    0xD2, 0xAA, 0x05, 0x52, 0x00, 0x34, 0x86, 0xD5, 0x00, 0xCE, 0x98, 0x05, 0x7E, 0x4F, 0x46, 0x96,
    0x07, 0x3F, 0x77, 0x52, 0x71, 0xF2, 0x0B, 0x1B, 0xD7, 0x35, 0xE7, 0x65, 0x04, 0x7A, 0x0E, 0xB9,
    0x8B, 0x4A, 0xA1, 0x1C, 0x51, 0xA7, 0xC8, 0x0A, 0xD0, 0x40, 0x80, 0xC2, 0xBF, 0x12, 0x20, 0x6E,
    0x8B, 0xFA, 0xA8, 0xE9, 0x46, 0x59, 0xCE, 0x3E, 0x98, 0xF3, 0x72, 0xC6, 0xCF, 0x2F, 0x79, 0xF3,
    0x23, 0x12, 0xC7, 0x25, 0xC9, 0x17, 0xD7, 0xDD, 0x5F, 0xC7, 0x62, 0xB5, 0x90, 0xF9, 0xE2, 0xEA,
    0x99, 0x60, 0x9E, 0xAA, 0x84, 0x68, 0x68, 0x60, 0xB2, 0x18, 0xA6, 0x02, 0x42, 0x8F, 0x96, 0x0A,
    0x18, 0xC2, 0x94, 0xE9, 0xE5, 0xF9, 0x62, 0x62, 0x97, 0x2A, 0x6E, 0x20, 0xAA, 0xB8, 0xEC, 0x4A,
    0x97, 0x36, 0xAE, 0xFC, 0x12, 0x40, 0x15, 0x98, 0x84, 0xE9, 0xDB, 0xB9, 0x41, 0xA0, 0x6B, 0xF8,
    0x8D, 0x5E, 0xE0, 0x5D, 0x61, 0xD0, 0x5C, 0x86, 0x81, 0x08, 0x94, 0xC0, 0xB0, 0xEB, 0xC7, 0x4F,
    0xAF, 0x63, 0x01, 0x50, 0xF9, 0x86, 0x24, 0x26, 0xF3, 0x9F, 0x9A, 0x4E, 0x6B, 0x0A, 0xE4, 0xED,
    0x4E, 0xAE, 0x89, 0x14, 0x88, 0x0E, 0xFD, 0x8C, 0x37, 0xC7, 0x58, 0xEB, 0x02, 0xA9, 0x3D, 0x57,
    0x8F, 0x66, 0x34, 0xD6, 0xD5, 0xE7, 0xAF, 0x4B, 0x32, 0x5A, 0xDB, 0x47, 0x63, 0x5D, 0x25, 0x81,
    0x60, 0xFA, 0x9E, 0x56, 0x63, 0xCD, 0xA8, 0xB1, 0xF6, 0xED, 0x2A, 0x41, 0xBB, 0x0A, 0xC4, 0x40,
    0x8E, 0xE3, 0x7B, 0x7D, 0x49, 0x39, 0x6E, 0x78, 0x88, 0x08, 0x47, 0x6E, 0xA5, 0xE2, 0xC9, 0xD9,
    0x3F, 0x0B, 0x42, 0x2F, 0x4F, 0x37, 0x9A, 0x6D, 0x58, 0xDD, 0xA8, 0x43, 0x45, 0x10, 0xBC, 0xF7,
    0xB5, 0x04, 0xA5, 0x2A, 0x73, 0x41, 0x11, 0x0E, 0x99, 0x07, 0x74, 0xE8, 0x74, 0x96, 0xB4, 0x49,
    0xD0, 0x9C, 0x36, 0x21, 0x29, 0xED, 0x4A, 0x2A, 0x19, 0xED, 0xFA, 0x6B, 0x3F, 0x12, 0x04, 0x93,
    0x0A, 0x02, 0x1F, 0x8A, 0x22, 0x56, 0xDA, 0x82, 0xE0, 0xCA, 0x94, 0x50, 0x60, 0xDA, 0x9F, 0x50,
    0x46, 0x85, 0x2C, 0x64, 0x12, 0xA4, 0x7F, 0x6C, 0xCE, 0x13, 0x0F, 0x0B, 0xFB, 0x27, 0x2C, 0x0C,
    0x1A, 0x2C, 0xFB, 0x74, 0x61, 0xE7, 0xC4, 0x05, 0x11, 0x83, 0x85, 0x5D, 0x13, 0x16, 0xF6, 0x4C,
    0x58, 0xD8, 0x31, 0xF1, 0x03, 0x88, 0x16, 0x2E, 0x08, 0x16, 0x2E, 0x88, 0x15, 0x2E, 0x08, 0x15,
    0x22, 0xE4, 0x7D, 0x52, 0xDE, 0x25, 0x15, 0x3D, 0x52, 0xD1, 0x21, 0x5D, 0x1C, 0xEF, 0x8E, 0x46,
    0x37, 0xC6, 0x92, 0x56, 0x24, 0x61, 0xFC, 0xBD, 0xAD, 0xFE, 0x16, 0x0D, 0xEF, 0x85, 0x87, 0x12,
    0xEA, 0x7F, 0x3C, 0x00, 0x21, 0xA0, 0x3F, 0xF6, 0xBB, 0x12, 0xC6, 0x97, 0x16, 0x12, 0x09, 0xE3,
    0xB0, 0x16, 0x4A, 0x49, 0x09, 0x0F, 0x1B, 0xAD, 0x28, 0xF3, 0x46, 0x0B, 0x8A, 0x26, 0xA0, 0x40,
    0x57, 0x27, 0x5F, 0x25, 0xAF, 0x26, 0xF7, 0x85, 0xB1, 0x30, 0x25, 0x78, 0x0C, 0x5A, 0x5A, 0xE0,
    0xF5, 0xEC, 0x2F, 0xC5, 0xDE, 0x0B, 0x36, 0x93, 0x23, 0xAD, 0xDA, 0x6A, 0x48, 0xBC, 0x14, 0x0C,
    0x9D, 0x69, 0x03, 0x09, 0x29, 0x96, 0x1A, 0x62, 0xCB, 0x11, 0xF0, 0xCE, 0x0D, 0x6D, 0x2D, 0x94,
    0xD6, 0xE2, 0x7A, 0xDE, 0x93, 0x65, 0x66, 0xD4, 0x5C, 0x14, 0xCE, 0x33, 0x8E, 0x67, 0x0E, 0x48,
    0x82, 0x62, 0x56, 0xDA, 0x27, 0xA9, 0x89, 0x79, 0x89, 0x26, 0x96, 0xB6, 0x54, 0x5A, 0x52, 0x69,
    0x47, 0x8D, 0x26, 0x22, 0x66, 0x21, 0x67, 0x09, 0xC6, 0x2C, 0xDF, 0x00, 0x4D, 0x71, 0x5E, 0xE1,
    0x70, 0x2B, 0x27, 0x5A, 0x4D, 0x79, 0x8B, 0xAC, 0x93, 0x4C, 0x27, 0x1F, 0x6A, 0x35, 0xE3, 0x3C,
    0x4C, 0x62, 0x79, 0x74, 0x57, 0x18, 0x59, 0xD0, 0x43, 0x5A, 0xA6, 0xF9, 0xAC, 0xAB, 0x59, 0xD0,
    0x7E, 0xF7, 0xA2, 0x66, 0xC1, 0x61, 0xC3, 0x68, 0x44, 0x37, 0x24, 0x0B, 0xCA, 0x8D, 0x46, 0xC9,
    0x82, 0xF5, 0x3C, 0x0B, 0x4A, 0x9F, 0x61, 0xAA, 0x9F, 0x98, 0x05, 0x93, 0xB1, 0x86, 0x0C, 0xED,
    0x36, 0x6D, 0xD7, 0xB7, 0xDA, 0xEB, 0x59, 0xC9, 0xEB, 0x4D, 0x49, 0x4E, 0x97, 0xB3, 0x57, 0x24,
    0xDE, 0xDE, 0xBD, 0x45, 0x9C, 0x97, 0x4D, 0x97, 0x30, 0x5E, 0x50, 0x93, 0x2C, 0x18, 0x6B, 0x84,
    0x25, 0x0F, 0x4D, 0x4E, 0xBC, 0x55, 0xDA, 0x01, 0x01, 0x83, 0xB5, 0x1A, 0x62, 0xB3, 0x79, 0x31,
    0xDA, 0x9C, 0x58, 0x6D, 0x5E, 0xCC, 0x56, 0xCF, 0x5B, 0x79, 0x1A, 0xAE, 0x21, 0x96, 0x6B, 0x88,
    0xE9, 0x1A, 0xD2, 0xBE, 0xCF, 0xB3, 0x77, 0x7F, 0x86, 0xEE, 0xB0, 0x48, 0xCE, 0x92, 0x33, 0xCA,
    0xC5, 0x07, 0x0F, 0x64, 0xAA, 0xDC, 0x5E, 0xCC, 0xCF, 0xC2, 0xFD, 0x00, 0x2D, 0xCB, 0xE5, 0x21,
    0x04, 0x47, 0x3C, 0x8B, 0x1E, 0xDD, 0xD5, 0xFF, 0x7A, 0x52, 0x54, 0xDC, 0xA7, 0x70, 0x66, 0x4E,
    0x80, 0x0B, 0x6F, 0x9F, 0xC9, 0x4F, 0xE5, 0x9F, 0xBC, 0x80, 0x93, 0x92, 0x1B, 0x3D, 0x4F, 0x7D,
    0x3D, 0x51, 0x80, 0xB1, 0x3B, 0x28, 0xF8, 0xDA, 0x0A, 0xA8, 0xD8, 0x04, 0x8A, 0x26, 0x2B, 0x45,
    0x8A, 0x95, 0x07, 0xF2, 0xDD, 0xAE, 0x36, 0x49, 0xEE, 0xBD, 0x9E, 0x84, 0x74, 0x29, 0x5A, 0x91,
    0x98, 0x0E, 0x78, 0x93, 0x09, 0xFE, 0x15, 0xB3, 0xC8, 0x4A, 0x63, 0x39, 0x97, 0xFB, 0x73, 0xD1,
    0x0C, 0xCD, 0xE5, 0xFE, 0x7C, 0x5F, 0x73, 0xA4, 0xCF, 0x7C, 0xCE, 0xDD, 0x1B, 0x02, 0xF5, 0x2D,
    0x4E, 0xE1, 0x72, 0x6A, 0xD6, 0x93, 0x26, 0xE5, 0xA4, 0xB6, 0x28, 0xAB, 0x0E, 0x3D, 0xFA, 0x87,
    0x1B, 0x67, 0x42, 0x02, 0x9E, 0xFB, 0x39, 0x9B, 0x93, 0x90, 0x73, 0xB9, 0x2C, 0x1A, 0x8E, 0x78,
    0xB3, 0x4C, 0x19, 0x07, 0xB2, 0x38, 0xBA, 0x78, 0xE1, 0xE8, 0xB7, 0xE2, 0xE4, 0xFB, 0x7A, 0xF2,
    0x1A, 0x36, 0x5E, 0x40, 0x84, 0xD6, 0xB3, 0x81, 0x04, 0xCD, 0xAD, 0x40, 0x62, 0xA6, 0x1B, 0x48,
    0xC8, 0x54, 0x03, 0x89, 0x18, 0x2F, 0xA0, 0x42, 0x32, 0x96, 0x91, 0xCA, 0x64, 0x86, 0xD1, 0xE1,
    0x0C, 0x47, 0xE7, 0x33, 0xE4, 0xE4, 0x83, 0x07, 0xDA, 0xD8, 0xA5, 0x9B, 0x17, 0x3E, 0xA4, 0x6F,
    0xF5, 0x9C, 0x48, 0x74, 0x70, 0x22, 0x22, 0x54, 0xB2, 0x48, 0x7A, 0x86, 0x5B, 0x0C, 0xCA, 0xD0,
    0xBB, 0x1C, 0x01, 0xE1, 0xBF, 0x10, 0xA2, 0xCC, 0x83, 0x27, 0xA4, 0x8D, 0x95, 0x5B, 0x69, 0xA2,
    0x43, 0xA4, 0x3A, 0x44, 0xAA, 0x43, 0xB4, 0x0B, 0x81, 0xC1, 0x72, 0x61, 0x4B, 0x63, 0xA5, 0xA7,
    0x35, 0x3C, 0x0B, 0x85, 0x4E, 0xBC, 0x23, 0x81, 0x72, 0x0D, 0xDE, 0x46, 0x04, 0x23, 0x61, 0x12,
    0xD2, 0x0D, 0xD6, 0x8F, 0xFF, 0xDD, 0x05, 0xC9, 0x31, 0xF2, 0x2F, 0x0B, 0x40, 0xE8, 0x6A, 0x48,
    0x94, 0xF3, 0x04, 0xB3, 0x36, 0x2A, 0xB4, 0xBB, 0xC2, 0xF2, 0xF7, 0xD3, 0x9C, 0x2C, 0xDE, 0xF7,
    0xD0, 0x74, 0xF1, 0x73, 0x6F, 0x56, 0xF2, 0x1B, 0x50, 0x55, 0x53, 0x3C, 0x7C, 0x7E, 0x80, 0xA7,
    0xC1, 0x39, 0x34, 0xA5, 0x7A, 0x9A, 0x51, 0x3D, 0x49, 0xE0, 0xA9, 0x27, 0x9A, 0xC6, 0x9E, 0xB6,
    0xE4, 0xC2, 0xD3, 0xE0, 0x1C, 0xE3, 0x3C, 0xED, 0x1F, 0x32, 0xC1, 0x4B, 0x94, 0xA7, 0x2D, 0xDE,
    0xDF, 0xB3, 0x0C, 0x0E, 0x22, 0x69, 0x43, 0xAB, 0xDF, 0x50, 0x21, 0x32, 0x66, 0xAC, 0x4F, 0xDB,
    0x01, 0xD6, 0x33, 0x83, 0x7A, 0x75, 0x16, 0xEB, 0xE9, 0x13, 0x8D, 0xA9, 0xF2, 0x59, 0xBC, 0x6E,
    0xA7, 0x1E, 0x71, 0x65, 0x85, 0xF6, 0x5C, 0xA7, 0x5C, 0x34, 0x1A, 0x58, 0x1B, 0xA5, 0xCD, 0xD9,
    0x8F, 0x43, 0x2A, 0xE6, 0xF7, 0xFD, 0x90, 0x9A, 0x95, 0x38, 0xAE, 0x2C, 0x4C, 0xBF, 0x1C, 0x9A,
    0xC9, 0xBC, 0x3A, 0x1D, 0xCE, 0x89, 0xFE, 0x64, 0xC1, 0xF3, 0x47, 0xF6, 0x5D, 0x1D, 0x6F, 0x87,
    0x8B, 0x93, 0xAE, 0xDD, 0xD4, 0x93, 0x2E, 0x07, 0x81, 0x3C, 0x5E, 0x29, 0x3F, 0xD3, 0x33, 0x5D,
    0xB8, 0x55, 0xF9, 0xE8, 0xAA, 0x77, 0xEF, 0xC7, 0xC8, 0x15, 0x41, 0xA3, 0x7B, 0x24, 0x9A, 0xC7,
    0x5A, 0xEF, 0x95, 0xA2, 0x06, 0xD6, 0xA4, 0x7B, 0xE4, 0xED, 0x55, 0xE3, 0xBE, 0x17, 0x7B, 0x3F,
    0xBB, 0xD1, 0x93, 0xD3, 0x5C, 0x7F, 0x5B, 0x28, 0x90, 0xA9, 0x32, 0xB9, 0x4F, 0xEA, 0x7F, 0x34,
    0x90, 0x8F, 0x48, 0xB2, 0xDF, 0x7F, 0x1F, 0x15, 0x4A, 0x39, 0x4B, 0x5C, 0xBB, 0xF9, 0x06, 0x67,
    0x89, 0x01, 0xCA, 0x59, 0x62, 0x60, 0x72, 0x96, 0x18, 0x90, 0x9C, 0x25, 0x06, 0x22, 0x67, 0x89,
    0x01, 0xC8, 0x59, 0x62, 0xE0, 0x71, 0x96, 0x18, 0x70, 0x9C, 0x25, 0x26, 0x1A, 0x09, 0xD1, 0x84,
    0xCE, 0x12, 0x4F, 0xEA, 0x2C, 0x71, 0x53, 0x1F, 0x0A, 0x8D, 0x21, 0x71, 0x9E, 0x40, 0xC6, 0x09,
    0x00, 0xC4, 0x69, 0x02, 0x00, 0x71, 0x98, 0xA0, 0xFC, 0xCC, 0x5D, 0xCE, 0x12, 0x00, 0x88, 0xA3,
    0x04, 0x04, 0x5A, 0xA6, 0x46, 0x75, 0x66, 0x5F, 0x00, 0x71, 0x8E, 0x00, 0x40, 0x1C, 0x23, 0x00,
    0x90, 0x4C, 0x11, 0x4C, 0x28, 0x8D, 0x99, 0xD4, 0xA5, 0xA9, 0xCB, 0xFE, 0x31, 0x0B, 0x06, 0x30,
    0x20, 0x6F, 0x24, 0x02, 0x81, 0x63, 0x04, 0x50, 0x85, 0x53, 0x04, 0x40, 0xE0, 0x10, 0x01, 0x10,
    0x38, 0x43, 0x00, 0x04, 0x8E, 0x10, 0x00, 0x81, 0x13, 0x04, 0x40, 0xE0, 0x00, 0x01, 0x10, 0xE4,
    0x06, 0xE2, 0x84, 0x8E, 0x0F, 0x4C, 0xEA, 0x41, 0x35, 0xB5, 0xE8, 0x17, 0x08, 0x32, 0x42, 0x00,
    0x1D, 0x38, 0x41, 0x00, 0x04, 0x0E, 0x10, 0x00, 0x81, 0xF3, 0x03, 0xE5, 0xA3, 0x6B, 0x1C, 0x1F,
    0x00, 0x02, 0xA7, 0x07, 0x80, 0xC0, 0xE1, 0x01, 0x20, 0x70, 0x76, 0x00, 0x08, 0x1C, 0x1D, 0x00,
    0x82, 0x4C, 0x0E, 0x4C, 0xE8, 0xE0, 0xC0, 0xA4, 0xCE, 0x0D, 0x34, 0x65, 0x6C, 0x60, 0x5C, 0x87,
    0x01, 0x54, 0x58, 0xEF, 0x7C, 0x1F, 0xF2, 0x1B, 0x72, 0xFE, 0xFE, 0xAB, 0xDC, 0xFF, 0x57, 0xB3,
    0x10, 0xC2, 0xEB, 0x5F, 0x8A, 0x21, 0x1B, 0x06, 0x82, 0x68, 0x5C, 0x21, 0xB9, 0x5E, 0x8A, 0x21,
    0xB8, 0x2E, 0x72, 0x39, 0x32, 0x30, 0x29, 0xB7, 0x5C, 0x9B, 0x72, 0xC7, 0x75, 0xFF, 0x8E, 0x5D,
    0x62, 0x11, 0xDA, 0xE1, 0x11, 0x73, 0x66, 0x80, 0x62, 0xB3, 0x3E, 0xE5, 0x72, 0x62, 0x80, 0x82,
    0xBD, 0xE7, 0xB9, 0x6B, 0xCE, 0x0B, 0x40, 0x34, 0xC7, 0x05, 0x20, 0x9B, 0xD3, 0x02, 0x10, 0x2E,
    0xC3, 0x02, 0x13, 0x3A, 0x2B, 0x30, 0xA9, 0xA3, 0x02, 0x4D, 0xBD, 0x03, 0xB5, 0x7F, 0xD7, 0xB4,
    0x31, 0x7D, 0x97, 0x63, 0x02, 0xF4, 0x5D, 0x4E, 0x09, 0xE0, 0x78, 0x65, 0x48, 0x00, 0x28, 0x32,
    0x23, 0x40, 0xE3, 0x70, 0x44, 0x00, 0x38, 0x32, 0x21, 0xC0, 0x03, 0xE0, 0x80, 0x00, 0xCF, 0x98,
    0xF3, 0x01, 0x1C, 0x23, 0x90, 0xF1, 0x80, 0x89, 0x7C, 0x3A, 0x60, 0x32, 0x1F, 0x0E, 0x68, 0xE6,
    0x8F, 0xAB, 0xF7, 0x3F, 0x6C, 0xDA, 0x58, 0x22, 0x26, 0xDA, 0x24, 0xA8, 0x13, 0xC5, 0x8C, 0x97,
    0x1A, 0x96, 0xA3, 0xAB, 0x1C, 0x0A, 0x00, 0x22, 0x67, 0x02, 0x00, 0xC8, 0x91, 0x00, 0xE0, 0x71,
    0x22, 0x00, 0x70, 0x1C, 0x08, 0xA0, 0xEF, 0x72, 0x1E, 0x60, 0x42, 0xC7, 0x01, 0x26, 0x75, 0x1A,
    0x20, 0x0F, 0x93, 0xD1, 0x81, 0xCB, 0x48, 0x00, 0x4E, 0x5C, 0x26, 0x02, 0x88, 0xC1, 0x81, 0x00,
    0x82, 0x70, 0x1E, 0x00, 0x28, 0x32, 0x0E, 0x00, 0x18, 0x99, 0x06, 0x00, 0x8E, 0x0C, 0x03, 0x00,
    0x48, 0x66, 0x01, 0x80, 0x24, 0xA3, 0x00, 0x80, 0xD2, 0x49, 0x80, 0x89, 0x7C, 0x10, 0x60, 0x32,
    0x9F, 0x03, 0x68, 0xE6, 0x63, 0x00, 0xFB, 0xCD, 0xF8, 0x4C, 0x40, 0x7E, 0x75, 0xEE, 0xCA, 0xBF,
    0x31, 0x75, 0x65, 0x40, 0xE7, 0xD1, 0x6F, 0xE8, 0xBF, 0x2B, 0x84, 0xF7, 0xB9, 0x48, 0x5D, 0xCE,
    0x92, 0x57, 0x1C, 0x65, 0xED, 0xB3, 0xB8, 0x48, 0xFB, 0x41, 0x17, 0xB9, 0x6F, 0x24, 0xC0, 0x8E,
    0x4D, 0x02, 0x4C, 0x8D, 0x8D, 0x03, 0x14, 0xD3, 0x00, 0x29, 0x4D, 0x9E, 0xBE, 0x41, 0x6B, 0xA4,
    0x92, 0xA0, 0xDE, 0x0A, 0x68, 0x89, 0x1F, 0x10, 0xDD, 0xDC, 0x26, 0xBA, 0x13, 0x13, 0x7D, 0x36,
    0x24, 0x3A, 0x2A, 0x0F, 0xD0, 0x39, 0x03, 0x30, 0x21, 0x23, 0x00, 0x93, 0x32, 0x01, 0xD0, 0xE4,
    0x00, 0xC0, 0xB8, 0x83, 0x26, 0x35, 0xB9, 0x0D, 0x2B, 0xCE, 0x33, 0x2F, 0xBE, 0xC3, 0xE7, 0x1D,
    0x74, 0x9D, 0xF9, 0xAA, 0x86, 0x95, 0x4F, 0x07, 0xE5, 0xC3, 0x0E, 0x88, 0xE6, 0xB3, 0x0E, 0xC8,
    0xE6, 0xA3, 0x0E, 0x08, 0x97, 0x27, 0x1D, 0x13, 0xFA, 0xA0, 0x63, 0x52, 0x9F, 0x73, 0x34, 0xF5,
    0x31, 0xC7, 0x43, 0xC3, 0xEA, 0x77, 0x67, 0x33, 0xF2, 0x0E, 0x79, 0xEE, 0x0F, 0x0F, 0xE1, 0x63,
    0x7F, 0x66, 0x1D, 0x9B, 0x50, 0x3A, 0x1F, 0xFA, 0x73, 0xF3, 0x25, 0x49, 0xD9, 0x7C, 0xE4, 0x0F,
    0x00, 0x3E, 0xF1, 0x07, 0x02, 0x1F, 0xF8, 0x03, 0x82, 0x1F, 0x97, 0xE2, 0x9B, 0x68, 0x5E, 0x4B,
    0x34, 0xAF, 0x3D, 0x98, 0x75, 0x46, 0xE6, 0xE9, 0xA8, 0x79, 0x50, 0xDE, 0x18, 0x5A, 0x55, 0x89,
    0x5F, 0xCE, 0x41, 0xD3, 0x3C, 0x0D, 0xC6, 0x53, 0x9D, 0x73, 0xD0, 0x34, 0x0F, 0x0A, 0x35, 0x10,
    0x38, 0x07, 0x4D, 0xF3, 0x04, 0x12, 0x53, 0x32, 0x07, 0x3D, 0xA9, 0x73, 0xD0, 0x4D, 0x9D, 0x83,
    0x1E, 0x3B, 0xFD, 0x2F, 0xAB, 0x2A, 0x92, 0xA2, 0x39, 0x0E, 0x0D, 0x20, 0x8E, 0x43, 0x43, 0x15,
    0x8E, 0x43, 0x03, 0x88, 0xE3, 0xD0, 0x3C, 0xE0, 0x55, 0x2E, 0x75, 0x8E, 0x43, 0x03, 0x88, 0xE3,
    0xD0, 0x00, 0xE2, 0x38, 0x34, 0x55, 0xE1, 0x38, 0xF4, 0x84, 0x8E, 0x43, 0x4F, 0xEA, 0x38, 0x74,
    0x53, 0xE9, 0xDA, 0xB8, 0x2A, 0x92, 0xA1, 0xE9, 0x3D, 0x73, 0x72, 0x0E, 0x73, 0x0E, 0xA3, 0x75,
    0xAE, 0x06, 0xDB, 0x37, 0xE6, 0x06, 0xB8, 0xD6, 0xBF, 0xFD, 0x76, 0x04, 0xD1, 0x2D, 0x90, 0x26,
    0x24, 0x4E, 0x87, 0x79, 0x93, 0xAD, 0xD7, 0x84, 0xCC, 0x05, 0x4C, 0xCA, 0x58, 0x80, 0x1A, 0x28,
    0xF7, 0x1E, 0xCE, 0x04, 0x60, 0xD3, 0xB5, 0x36, 0x73, 0x40, 0xC3, 0x61, 0x0A, 0x98, 0xEA, 0x52,
    0xA6, 0xDD, 0x64, 0x02, 0x68, 0x05, 0x12, 0xFF, 0x86, 0xE1, 0x9F, 0x9A, 0x58, 0x76, 0x2B, 0xC1,
    0xBF, 0x26, 0xB1, 0x5F, 0x95, 0xD0, 0x2F, 0x8B, 0x4C, 0x27, 0x1E, 0xF7, 0x48, 0xB1, 0xF8, 0x96,
    0x18, 0x9C, 0x32, 0x4B, 0x86, 0x32, 0xFD, 0x98, 0x32, 0x37, 0x57, 0x29, 0x33, 0xB1, 0x94, 0x89,
    0x32, 0x05, 0x99, 0x7D, 0xFE, 0x9F, 0x5B, 0xC0, 0xD9, 0xE8, 0x09, 0x99, 0x8D, 0xDE, 0xD9, 0x67,
    0x3C, 0xB2, 0xB2, 0x95, 0x67, 0x80, 0x5F, 0x34, 0xFB, 0x21, 0xFF, 0x7F, 0xCC, 0x7E, 0xB4, 0x20,
    0x7F, 0x6F, 0xF6, 0xA3, 0xF1, 0xF8, 0xE2, 0xE8, 0x7A, 0x66, 0xC0, 0xEB, 0xE9, 0x13, 0xF2, 0x8A,
    0x1D, 0xBB, 0x4E, 0xC9, 0xB5, 0xC1, 0x6B, 0xD8, 0xC7, 0x15, 0xED, 0x06, 0xAE, 0x68, 0x36, 0x28,
    0x53, 0x5B, 0x0D, 0x6D, 0x34, 0xF2, 0x36, 0x23, 0x6F, 0x32, 0x76, 0xB5, 0x18, 0x72, 0x4F, 0x28,
    0x2D, 0x0F, 0xA5, 0xDC, 0xD7, 0x96, 0x5E, 0xA1, 0x2F, 0xAD, 0x3A, 0x1B, 0xF4, 0xA5, 0x1E, 0xA8,
    0x27, 0x94, 0xCB, 0x5E, 0xCE, 0x78, 0xC4, 0x7F, 0xB0, 0x21, 0xBE, 0xE4, 0x0C, 0xAC, 0x56, 0x61,
    0xC9, 0xD0, 0xE5, 0xB6, 0x55, 0x6F, 0xD5, 0xFC, 0x6C, 0x34, 0x3D, 0x73, 0x69, 0xEA, 0x32, 0x7E,
    0xC4, 0x59, 0x28, 0x87, 0xDC, 0xE9, 0xD0, 0x8D, 0xBA, 0x41, 0x4A, 0x87, 0xED, 0x95, 0xE3, 0x4C,
    0x62, 0xA2, 0x94, 0xDC, 0x1E, 0x48, 0x29, 0x8E, 0x93, 0x19, 0xE2, 0xAC, 0x9B, 0x44, 0xFA, 0x0A,
    0x04, 0xC9, 0x29, 0x22, 0xB5, 0xA2, 0x3B, 0x03, 0x2D, 0xC7, 0xB7, 0xF3, 0x3E, 0x26, 0x31, 0xA3,
    0x82, 0x5C, 0xC4, 0x46, 0x61, 0x54, 0x3E, 0xD8, 0x83, 0x21, 0x17, 0xF5, 0x01, 0x52, 0x40, 0x32,
    0x87, 0x95, 0xFD, 0xA8, 0xCD, 0xBF, 0x79, 0x43, 0x85, 0x53, 0x05, 0x17, 0x0D, 0x7B, 0xB4, 0x3D,
    0x48, 0xA7, 0x55, 0x6F, 0xC3, 0x3C, 0x7E, 0x0A, 0x75, 0xC5, 0x7F, 0xD9, 0x98, 0xBD, 0x4C, 0xAF,
    0xDD, 0x51, 0x8E, 0x6B, 0xED, 0x94, 0xB2, 0x22, 0xDA, 0x34, 0x19, 0x2D, 0x4F, 0x49, 0xB4, 0x25,
    0xBE, 0x44, 0xDB, 0xE6, 0x76, 0x9B, 0xC9, 0xC8, 0xBF, 0x11, 0x6A, 0xB4, 0xB1, 0xC6, 0x73, 0x64,
    0x41, 0x92, 0x91, 0x9B, 0x27, 0x23, 0x16, 0xE3, 0xD2, 0xC3, 0x93, 0x91, 0x34, 0x7A, 0x79, 0x9F,
    0x92, 0x19, 0xC9, 0x18, 0xB6, 0x2D, 0xD6, 0x71, 0x25, 0x47, 0x34, 0xDC, 0x48, 0x32, 0x46, 0xAD,
    0x2F, 0x19, 0xE3, 0xD4, 0x82, 0xF4, 0x29, 0xCB, 0x9E, 0x64, 0x8C, 0x15, 0x47, 0x32, 0xC6, 0x61,
    0xCD, 0x18, 0xF6, 0xA1, 0x19, 0x83, 0x46, 0x59, 0x8A, 0xDC, 0xBC, 0x67, 0x9F, 0x32, 0x70, 0xAD,
    0x7D, 0x06, 0x9E, 0x85, 0x9F, 0xDA, 0xB6, 0x62, 0xB4, 0x9D, 0x6D, 0x4F, 0xF1, 0xD2, 0xA0, 0x95,
    0x50, 0x6E, 0x61, 0x1E, 0x64, 0xFB, 0xEC, 0xC8, 0xC0, 0x98, 0x3D, 0x1C, 0xD8, 0xAE, 0x16, 0x13,
    0xA1, 0x2D, 0xDE, 0xE7, 0xE0, 0xE3, 0x60, 0xF9, 0xE7, 0x98, 0x47, 0xF9, 0xA4, 0x19, 0x5C, 0xFF,
    0x31, 0x3E, 0xAF, 0xC8, 0xBF, 0x51, 0x32, 0x0F, 0xCF, 0x82, 0xFB, 0x64, 0xE1, 0x1E, 0x73, 0x2C,
    0x9C, 0x7A, 0xCC, 0x05, 0x67, 0x3C, 0x1B, 0x56, 0xB0, 0xDA, 0x57, 0x8F, 0x85, 0x2E, 0x6B, 0xDE,
    0x53, 0xAC, 0x77, 0x4E, 0x3B, 0xA7, 0x7F, 0x62, 0xDF, 0xA5, 0xD7, 0xA1, 0x3D, 0x67, 0xC0, 0xD9,
    0x8D, 0x20, 0x94, 0xD8, 0x07, 0x6E, 0x6B, 0x9B, 0xE0, 0xCF, 0xB2, 0x4B, 0xE0, 0x0C, 0x38, 0xB4,
    0xE7, 0x0C, 0x38, 0xB4, 0x67, 0x9E, 0x93, 0x1E, 0xAA, 0x1C, 0x88, 0x07, 0x96, 0x03, 0xF1, 0x40,
    0x2C, 0xCD, 0x07, 0xDA, 0x83, 0xD1, 0x28, 0x78, 0xED, 0xE6, 0x05, 0x0E, 0x3A, 0x00, 0x88, 0x73,
    0x0E, 0xF4, 0x42, 0x38, 0x03, 0x9B, 0xE9, 0x70, 0x9A, 0x66, 0xE6, 0x90, 0x03, 0xB3, 0xC3, 0x02,
    0x97, 0x84, 0x9F, 0x93, 0xC4, 0x3C, 0xAD, 0xAE, 0x3E, 0xAD, 0xAE, 0x3E, 0xAD, 0xAE, 0x3E, 0xAD,
    0x66, 0x9E, 0xDE, 0x7D, 0x90, 0x6D, 0x3D, 0x48, 0x75, 0xF4, 0x15, 0x41, 0xE8, 0xAD, 0x88, 0x9B,
    0xA7, 0x2B, 0xE2, 0xE5, 0xB7, 0x7A, 0xE2, 0xE4, 0xA5, 0x9E, 0xFA, 0xF8, 0x8A, 0xB8, 0x78, 0xBC,
    0xA2, 0x1E, 0xBE, 0xA2, 0x0E, 0xBE, 0xA2, 0xFE, 0xDD, 0x53, 0x84, 0xFB, 0x5C, 0x25, 0x16, 0x84,
    0x75, 0xB6, 0x6E, 0x9C, 0x6D, 0x10, 0x1D, 0x66, 0x88, 0xC0, 0xC9, 0x06, 0x66, 0xE4, 0x74, 0x4D,
    0x9A, 0xE6, 0x55, 0x46, 0x53, 0xC2, 0xB1, 0x06, 0x20, 0x70, 0xAA, 0x81, 0xF7, 0xD2, 0x38, 0xD4,
    0x30, 0xA1, 0xB3, 0x0C, 0x93, 0xBA, 0x34, 0x75, 0x19, 0x43, 0xA0, 0xB7, 0x77, 0xC5, 0xD9, 0xAD,
    0x04, 0xAA, 0x2F, 0x2D, 0xF9, 0xDA, 0x2C, 0x85, 0x2F, 0xB3, 0x9E, 0x20, 0xC7, 0xD3, 0xCF, 0x8D,
    0xC7, 0xA2, 0xD2, 0xE9, 0x52, 0x70, 0x26, 0x2D, 0x21, 0xA7, 0x19, 0x26, 0x65, 0x98, 0xA1, 0x29,
    0xB3, 0x0C, 0xFB, 0x1F, 0x98, 0x0F, 0xFF, 0xBC, 0xAA, 0xFA, 0x27, 0xCC, 0x87, 0xFF, 0x2E, 0x6B,
    0xFC, 0x43, 0xE7, 0xC3, 0x77, 0xC2, 0x96, 0x63, 0x0A, 0x92, 0xD5, 0x96, 0x35, 0xA9, 0x29, 0xBD,
    0x88, 0x97, 0x35, 0xA5, 0x2D, 0xEB, 0x69, 0x2F, 0xEB, 0x69, 0x8F, 0xD3, 0x0B, 0x19, 0x4F, 0x98,
    0xD4, 0xE9, 0x84, 0xA6, 0x0C, 0x27, 0xEC, 0x9C, 0x05, 0x4E, 0x62, 0xE9, 0x3C, 0x39, 0xAF, 0x59,
    0x20, 0x9B, 0xF5, 0x90, 0x3E, 0xC0, 0x78, 0xC1, 0x73, 0x2D, 0x48, 0x6E, 0x59, 0x18, 0x2E, 0xE8,
    0x2D, 0xB8, 0xAD, 0x10, 0xDB, 0xC5, 0x16, 0xE7, 0xC6, 0x61, 0x84, 0x67, 0x8D, 0x61, 0x3A, 0xAB,
    0xDD, 0xCA, 0x53, 0x59, 0x75, 0x74, 0x02, 0xA3, 0xFF, 0xFC, 0x00, 0xCC, 0x02, 0x6F, 0xE4, 0x55,
    0xBD, 0x52, 0x04, 0xA1, 0xA5, 0x98, 0x52, 0xF9, 0x9F, 0x1F, 0x86, 0xFF, 0xF9, 0x61, 0xF8, 0x9F,
    0x1F, 0xB8, 0x40, 0x72, 0x02, 0xD1, 0x78, 0xDF, 0xA2, 0xAD, 0xEE, 0xFE, 0xCF, 0x8F, 0xF4, 0xE0,
    0xD6, 0x85, 0x4D, 0x27, 0x45, 0x09, 0xAE, 0x5E, 0x8A, 0x8C, 0xFB, 0x76, 0x64, 0xFC, 0xD3, 0x91,
    0x83, 0xB6, 0x9A, 0xDF, 0x26, 0x3B, 0x1D, 0xA1, 0x5F, 0x8D, 0x1E, 0x37, 0x87, 0xA3, 0xCA, 0x21,
    0x2F, 0xB2, 0x87, 0xDC, 0xC8, 0x7E, 0x27, 0x8D, 0xDC, 0xEC, 0x35, 0x14, 0x6E, 0x19, 0x61, 0x6B,
    0xFF, 0x1F,
};

static const EpdGlyph notobengali_10_regularGlyphs[] = {
    { 0, 0, 0, 0, 0, 0, 0 }, // U+0000
    { 0, 0, 87, 0, 0, 0, 0 }, // U+000D
    { 0, 0, 87, 0, 0, 0, 0 }, // U+0020
    { 3, 15, 128, 3, 15, 12, 0 }, // !
    { 7, 6, 167, 2, 16, 11, 12 }, // "
    { 13, 14, 218, 0, 14, 46, 23 }, // #
    { 16, 14, 276, 1, 13, 56, 69 }, // %
    { 3, 6, 109, 2, 16, 5, 125 }, // '
    { 6, 20, 140, 2, 17, 30, 130 }, // (
    { 6, 20, 140, 1, 17, 30, 160 }, // )
    { 11, 10, 202, 1, 16, 28, 190 }, // *
    { 10, 10, 197, 1, 12, 25, 218 }, // +
    { 5, 5, 88, 0, 3, 7, 243 }, // ,
    { 6, 2, 113, 1, 7, 3, 250 }, // -
    { 4, 3, 89, 1, 3, 3, 253 }, // .
    { 8, 19, 150, 1, 16, 38, 256 }, // /
    { 10, 17, 184, 1, 16, 43, 294 }, // 0
    { 7, 15, 184, 1, 15, 27, 337 }, // 1
    { 11, 15, 184, 0, 15, 42, 364 }, // 2
    { 11, 15, 184, 0, 15, 42, 406 }, // 3
    { 12, 16, 184, 0, 15, 48, 448 }, // 4
    { 10, 15, 184, 1, 15, 38, 496 }, // 5
    { 10, 17, 184, 1, 16, 43, 534 }, // 6
    { 11, 15, 184, 0, 15, 42, 577 }, // 7
    { 10, 17, 184, 1, 16, 43, 619 }, // 8
    { 10, 15, 184, 1, 15, 38, 662 }, // 9
    { 4, 12, 98, 1, 12, 12, 700 }, // :
    { 5, 14, 98, 0, 12, 18, 712 }, // ;
    { 10, 11, 197, 1, 12, 28, 730 }, // <
    { 10, 6, 197, 1, 10, 15, 758 }, // =
    { 10, 11, 197, 1, 12, 28, 773 }, // >
    { 9, 16, 173, 1, 16, 36, 801 }, // ?
    { 5, 21, 138, 2, 18, 27, 837 }, // [
    { 8, 20, 150, 1, 17, 40, 864 }, // <backslash>
    { 5, 21, 138, 1, 18, 27, 904 }, // ]
    { 11, 10, 197, 1, 16, 28, 931 }, // ^
    { 10, 2, 137, -1, -2, 5, 959 }, // _
    { 8, 20, 130, 0, 17, 40, 964 }, // {
    { 3, 20, 180, 4, 17, 15, 1004 }, // |
    { 7, 20, 152, 1, 17, 35, 1019 }, // }
    { 10, 4, 197, 1, 8, 10, 1054 }, // ~
    { 0, 0, 87, 0, 0, 0, 0 }, // U+00A0
    { 6, 2, 113, 1, 7, 3, 0 }, // U+00AD
    { 10, 9, 197, 1, 11, 23, 3 }, // U+00D7
    { 10, 9, 197, 1, 11, 23, 26 }, // U+00F7
    { 10, 16, 180, 1, 15, 40, 0 }, // U+0980
    { 8, 5, 0, -7, 19, 10, 40 }, // U+0981
    { 8, 14, 146, 1, 13, 28, 50 }, // U+0982
    { 7, 13, 146, 1, 13, 23, 78 }, // U+0983
    { 20, 13, 298, -1, 13, 65, 101 }, // U+0985
    { 26, 14, 386, -1, 14, 91, 166 }, // U+0986
    { 13, 21, 177, -1, 19, 69, 257 }, // U+0987
    { 16, 20, 230, -1, 19, 80, 326 }, // U+0988
    { 17, 19, 237, -1, 19, 81, 406 }, // U+0989
    { 19, 19, 284, -1, 19, 91, 487 }, // U+098A
    { 15, 14, 284, 1, 14, 53, 578 }, // U+098B
    { 12, 15, 213, 1, 15, 45, 631 }, // U+098C
    { 14, 13, 253, 0, 13, 46, 676 }, // U+098F
    { 18, 19, 291, 0, 19, 86, 722 }, // U+0990
    { 15, 13, 246, 0, 13, 49, 808 }, // U+0993
    { 18, 19, 291, 0, 19, 86, 857 }, // U+0994
    { 19, 13, 269, -1, 13, 62, 943 }, // U+0995
    { 14, 14, 232, 1, 14, 49, 1005 }, // U+0996
    { 14, 14, 219, 0, 14, 49, 1054 }, // U+0997
    { 15, 13, 210, -1, 13, 49, 1103 }, // U+0998
    { 14, 13, 241, 0, 13, 46, 1152 }, // U+0999
    { 14, 13, 189, -1, 13, 46, 1198 }, // U+099A
    { 16, 14, 229, -1, 13, 56, 1244 }, // U+099B
    { 21, 14, 306, -1, 13, 74, 1300 }, // U+099C
    { 18, 14, 265, -1, 14, 63, 1374 }, // U+099D
    { 21, 13, 340, 0, 13, 69, 1437 }, // U+099E
    { 14, 19, 189, -1, 19, 67, 1506 }, // U+099F
    { 14, 20, 197, -1, 20, 70, 1573 }, // U+09A0
    { 17, 13, 237, -1, 13, 56, 1643 }, // U+09A1
    { 14, 13, 189, -1, 13, 46, 1699 }, // U+09A2
    { 14, 14, 207, 0, 14, 49, 1745 }, // U+09A3
    { 16, 13, 236, -1, 13, 52, 1794 }, // U+09A4
    { 14, 14, 215, 0, 14, 49, 1846 }, // U+09A5
    { 14, 14, 201, -1, 13, 49, 1895 }, // U+09A6
    { 13, 13, 199, 0, 13, 43, 1944 }, // U+09A7
    { 14, 13, 201, -1, 13, 46, 1987 }, // U+09A8
    { 16, 14, 239, 0, 14, 56, 2033 }, // U+09AA
    { 19, 13, 279, -1, 13, 62, 2089 }, // U+09AB
    { 14, 13, 199, -1, 13, 46, 2151 }, // U+09AC
    { 17, 13, 240, -1, 13, 56, 2197 }, // U+09AD
    { 15, 13, 207, -1, 13, 49, 2253 }, // U+09AE
    { 15, 13, 209, -1, 13, 49, 2302 }, // U+09AF
    { 14, 13, 199, -1, 13, 46, 2351 }, // U+09B0
    { 17, 13, 244, -1, 13, 56, 2397 }, // U+09B2
    { 16, 14, 226, -1, 14, 56, 2453 }, // U+09B6
    { 15, 13, 211, -1, 13, 49, 2509 }, // U+09B7
    { 16, 13, 227, -1, 13, 52, 2558 }, // U+09B8
    { 13, 15, 177, -1, 13, 49, 2610 }, // U+09B9
    { 3, 3, 0, -7, -1, 3, 2659 }, // U+09BC
    { 13, 15, 177, -1, 13, 49, 2662 }, // U+09BD
    { 7, 14, 89, -1, 14, 25, 2711 }, // U+09BE
    { 16, 19, 89, -1, 19, 76, 2736 }, // U+09BF
    { 17, 19, 89, -11, 19, 81, 2812 }, // U+09C0
    { 11, 7, 0, -9, 1, 20, 2893 }, // U+09C1
    { 11, 7, 0, -7, 1, 20, 2913 }, // U+09C2
    { 9, 7, 0, -8, 1, 16, 2933 }, // U+09C3
    { 9, 10, 0, -8, 1, 23, 2949 }, // U+09C4
    { 9, 14, 115, -1, 13, 32, 2972 }, // U+09C7
    { 9, 20, 115, -1, 19, 45, 3004 }, // U+09C8
    { 22, 15, 318, -1, 14, 83, 3049 }, // U+09CB
    { 22, 20, 318, -1, 19, 110, 3132 }, // U+09CC
    { 7, 6, 0, -4, 0, 11, 3242 }, // U+09CD
    { 11, 14, 175, 1, 13, 39, 3253 }, // U+09CE
    { 14, 19, 89, -8, 19, 67, 3292 }, // U+09D7
    { 17, 16, 237, -1, 13, 68, 3359 }, // U+09DC
    { 14, 16, 189, -1, 13, 56, 3427 }, // U+09DD
    { 15, 13, 209, -1, 13, 49, 3483 }, // U+09DF
    { 15, 20, 284, 1, 14, 75, 3532 }, // U+09E0
    { 12, 22, 213, 1, 15, 66, 3607 }, // U+09E1
    { 9, 7, 0, -8, 0, 16, 3673 }, // U+09E2
    { 15, 9, 0, -12, 0, 34, 3689 }, // U+09E3
    { 10, 11, 197, 1, 12, 28, 3723 }, // U+09E6
    { 9, 14, 197, 2, 14, 32, 3751 }, // U+09E7
    { 11, 15, 197, 1, 14, 42, 3783 }, // U+09E8
    { 12, 12, 197, 0, 12, 36, 3825 }, // U+09E9
    { 11, 13, 197, 1, 13, 36, 3861 }, // U+09EA
    { 11, 14, 197, 1, 14, 39, 3897 }, // U+09EB
    { 12, 12, 197, 0, 12, 36, 3936 }, // U+09EC
    { 10, 13, 197, 1, 13, 33, 3972 }, // U+09ED
    { 13, 13, 197, 0, 13, 43, 4005 }, // U+09EE
    { 12, 14, 197, 0, 14, 42, 4048 }, // U+09EF
    { 14, 13, 199, -1, 13, 46, 4090 }, // U+09F0
    { 14, 13, 199, -1, 13, 46, 4136 }, // U+09F1
    { 10, 9, 196, 1, 11, 23, 4182 }, // U+09F2
    { 13, 16, 212, 0, 16, 52, 4205 }, // U+09F3
    { 10, 9, 196, 1, 11, 23, 4257 }, // U+09F4
    { 13, 10, 236, 1, 12, 33, 4280 }, // U+09F5
    { 13, 14, 242, 1, 14, 46, 4313 }, // U+09F6
    { 2, 13, 99, 2, 13, 7, 4359 }, // U+09F7
    { 14, 13, 227, 0, 13, 46, 4366 }, // U+09F8
    { 8, 9, 161, 1, 11, 18, 4412 }, // U+09F9
    { 12, 9, 225, 1, 16, 27, 4430 }, // U+09FA
    { 7, 12, 97, 1, 9, 21, 4457 }, // U+09FB
    { 10, 13, 179, 1, 11, 33, 4478 }, // U+09FC
    { 7, 7, 142, 1, 11, 13, 4511 }, // U+09FD
    { 7, 8, 0, -3, 19, 14, 4524 }, // U+09FE
    { 0, 0, 0, 0, 0, 0, 0 }, // U+200B
    { 2, 20, 0, -1, 17, 10, 0 }, // U+200C
    { 8, 20, 0, -4, 17, 40, 10 }, // U+200D
    { 6, 2, 113, 1, 7, 3, 50 }, // U+2010
    { 10, 2, 167, 0, 7, 5, 53 }, // U+2013
    { 20, 2, 333, 0, 7, 10, 58 }, // U+2014
    { 4, 5, 104, 1, 15, 5, 68 }, // U+2018
    { 4, 5, 104, 1, 15, 5, 73 }, // U+2019
    { 8, 5, 167, 1, 15, 10, 78 }, // U+201C
    { 8, 5, 167, 1, 15, 10, 88 }, // U+201D
    { 15, 3, 268, 1, 3, 12, 98 }, // U+2026
    { 10, 14, 197, 1, 14, 35, 0 }, // U+20B9
    { 10, 2, 197, 1, 8, 5, 0 }, // U+2212
    { 20, 20, 304, -1, 13, 100, 0 }, // U+E000
    { 25, 15, 384, -1, 13, 94, 100 }, // U+E001
    { 20, 19, 304, -1, 13, 95, 194 }, // U+E002
    { 18, 14, 255, -1, 13, 63, 289 }, // U+E003
    { 30, 14, 464, -1, 14, 105, 352 }, // U+E004
    { 29, 14, 448, -1, 14, 102, 457 }, // U+E005
    { 29, 13, 448, -1, 13, 95, 559 }, // U+E006
    { 29, 13, 468, -1, 13, 95, 654 }, // U+E007
    { 28, 13, 432, -1, 13, 91, 749 }, // U+E008
    { 30, 14, 464, -1, 13, 105, 840 }, // U+E009
    { 35, 14, 544, -1, 13, 123, 945 }, // U+E00A
    { 32, 14, 496, -1, 14, 112, 1068 }, // U+E00B
    { 36, 13, 567, -1, 13, 117, 1180 }, // U+E00C
    { 17, 20, 241, -1, 19, 85, 1297 }, // U+E00D
    { 28, 20, 432, -1, 20, 140, 1382 }, // U+E00E
    { 31, 13, 480, -1, 13, 101, 1522 }, // U+E00F
    { 28, 13, 432, -1, 13, 91, 1623 }, // U+E010
    { 29, 14, 448, -1, 14, 102, 1714 }, // U+E011
    { 21, 13, 310, -1, 13, 69, 1816 }, // U+E012
    { 29, 14, 448, -1, 14, 102, 1885 }, // U+E013
    { 28, 14, 432, -1, 13, 98, 1987 }, // U+E014
    { 28, 13, 432, -1, 13, 91, 2085 }, // U+E015
    { 17, 15, 250, -1, 13, 64, 2176 }, // U+E016
    { 31, 14, 480, -1, 14, 109, 2240 }, // U+E017
    { 33, 13, 512, -1, 13, 108, 2349 }, // U+E018
    { 17, 14, 248, -1, 13, 60, 2457 }, // U+E019
    { 31, 13, 480, -1, 13, 101, 2517 }, // U+E01A
    { 20, 14, 299, -1, 13, 70, 2618 }, // U+E01B
    { 23, 15, 354, -1, 13, 87, 2688 }, // U+E01C
    { 21, 13, 310, -1, 13, 69, 2775 }, // U+E01D
    { 18, 15, 265, -1, 13, 68, 2844 }, // U+E01E
    { 30, 14, 464, -1, 14, 105, 2912 }, // U+E01F
    { 21, 13, 306, -1, 13, 69, 3017 }, // U+E020
    { 21, 14, 304, -1, 13, 74, 3086 }, // U+E021
    { 27, 15, 416, -1, 13, 102, 3160 }, // U+E022
    { 31, 16, 480, -1, 13, 124, 3262 }, // U+E023
    { 28, 16, 432, -1, 13, 112, 3386 }, // U+E024
    { 29, 13, 448, -1, 13, 95, 3498 }, // U+E025
    { 14, 21, 232, 1, 14, 74, 3593 }, // U+E026
    { 19, 16, 320, 1, 14, 76, 3667 }, // U+E027
    { 15, 18, 232, 0, 15, 68, 3743 }, // U+E028
    { 28, 13, 448, 0, 13, 91, 3811 }, // U+E029
    { 25, 14, 400, 0, 14, 88, 3902 }, // U+E02A
    { 15, 17, 229, 0, 14, 64, 3990 }, // U+E02B
    { 24, 13, 384, 0, 13, 78, 4054 }, // U+E02C
    { 24, 13, 406, 0, 13, 78, 4132 }, // U+E02D
    { 23, 13, 368, 0, 13, 75, 4210 }, // U+E02E
    { 25, 14, 400, 0, 13, 88, 4285 }, // U+E02F
    { 30, 14, 480, 0, 13, 105, 4373 }, // U+E030
    { 27, 14, 432, 0, 14, 95, 4478 }, // U+E031
    { 31, 13, 504, 0, 13, 101, 4573 }, // U+E032
    { 23, 19, 368, 0, 19, 110, 4674 }, // U+E033
    { 23, 20, 368, 0, 20, 115, 4784 }, // U+E034
    { 26, 13, 416, 0, 13, 85, 4899 }, // U+E035
    { 23, 13, 368, 0, 13, 75, 4984 }, // U+E036
    { 24, 14, 384, 0, 14, 84, 5059 }, // U+E037
    { 25, 13, 400, 0, 13, 82, 5143 }, // U+E038
    { 24, 14, 384, 0, 14, 84, 5225 }, // U+E039
    { 22, 14, 335, 0, 13, 77, 5309 }, // U+E03A
    { 18, 16, 273, 0, 14, 72, 5386 }, // U+E03B
    { 14, 16, 219, 0, 14, 56, 5458 }, // U+E03C
    { 26, 14, 416, 0, 14, 91, 5514 }, // U+E03D
    { 28, 13, 448, 0, 13, 91, 5605 }, // U+E03E
    { 14, 16, 219, 0, 14, 56, 5696 }, // U+E03F
    { 26, 13, 416, 0, 13, 85, 5752 }, // U+E040
    { 20, 16, 301, 0, 14, 80, 5837 }, // U+E041
    { 19, 16, 304, 0, 14, 76, 5917 }, // U+E042
    { 16, 16, 242, 0, 14, 64, 5993 }, // U+E043
    { 14, 16, 219, 0, 14, 56, 6057 }, // U+E044
    { 25, 14, 400, 0, 14, 88, 6113 }, // U+E045
    { 24, 13, 384, 0, 13, 78, 6201 }, // U+E046
    { 25, 13, 400, 0, 13, 82, 6279 }, // U+E047
    { 22, 15, 352, 0, 13, 83, 6361 }, // U+E048
    { 26, 16, 416, 0, 13, 104, 6444 }, // U+E049
    { 23, 16, 368, 0, 13, 92, 6548 }, // U+E04A
    { 24, 13, 384, 0, 13, 78, 6640 }, // U+E04B
    { 15, 15, 206, -1, 13, 57, 6718 }, // U+E04C
    { 15, 20, 210, -1, 13, 75, 6775 }, // U+E04D
    { 20, 15, 304, -1, 13, 75, 6850 }, // U+E04E
    { 16, 16, 230, -1, 13, 64, 6925 }, // U+E04F
    { 15, 15, 206, -1, 13, 57, 6989 }, // U+E050
    { 16, 13, 226, -1, 13, 52, 7046 }, // U+E051
    { 24, 18, 351, -1, 15, 108, 7098 }, // U+E052
    { 17, 14, 242, -1, 13, 60, 7206 }, // U+E053
    { 26, 13, 392, -1, 13, 85, 7266 }, // U+E054
    { 28, 13, 449, -1, 13, 91, 7351 }, // U+E055
    { 27, 13, 416, -1, 13, 88, 7442 }, // U+E056
    { 29, 14, 448, -1, 13, 102, 7530 }, // U+E057
    { 34, 14, 528, -1, 13, 119, 7632 }, // U+E058
    { 31, 14, 480, -1, 14, 109, 7751 }, // U+E059
    { 35, 13, 548, -1, 13, 114, 7860 }, // U+E05A
    { 27, 19, 416, -1, 19, 129, 7974 }, // U+E05B
    { 27, 20, 416, -1, 20, 135, 8103 }, // U+E05C
    { 30, 13, 464, -1, 13, 98, 8238 }, // U+E05D
    { 27, 13, 416, -1, 13, 88, 8336 }, // U+E05E
    { 28, 14, 432, -1, 14, 98, 8424 }, // U+E05F
    { 29, 13, 448, -1, 13, 95, 8522 }, // U+E060
    { 28, 14, 432, -1, 14, 98, 8617 }, // U+E061
    { 27, 14, 416, -1, 13, 95, 8715 }, // U+E062
    { 27, 13, 416, -1, 13, 88, 8810 }, // U+E063
    { 27, 13, 416, -1, 13, 88, 8898 }, // U+E064
    { 30, 14, 464, -1, 14, 105, 8986 }, // U+E065
    { 32, 13, 496, -1, 13, 104, 9091 }, // U+E066
    { 14, 20, 241, 0, 13, 70, 9195 }, // U+E067
    { 30, 13, 464, -1, 13, 98, 9265 }, // U+E068
    { 21, 16, 306, -1, 13, 84, 9363 }, // U+E069
    { 21, 15, 336, 0, 13, 79, 9447 }, // U+E06A
    { 14, 18, 241, 0, 13, 63, 9526 }, // U+E06B
    { 30, 13, 464, -1, 13, 98, 9589 }, // U+E06C
    { 29, 14, 448, -1, 14, 102, 9687 }, // U+E06D
    { 28, 13, 432, -1, 13, 91, 9789 }, // U+E06E
    { 29, 13, 448, -1, 13, 95, 9880 }, // U+E06F
    { 26, 15, 400, -1, 13, 98, 9975 }, // U+E070
    { 30, 16, 464, -1, 13, 120, 10073 }, // U+E071
    { 27, 16, 416, -1, 13, 108, 10193 }, // U+E072
    { 28, 13, 432, -1, 13, 91, 10301 }, // U+E073
    { 29, 13, 448, -1, 13, 95, 10392 }, // U+E074
    { 26, 14, 400, -1, 14, 91, 10487 }, // U+E075
    { 25, 14, 384, -1, 14, 88, 10578 }, // U+E076
    { 25, 13, 384, -1, 13, 82, 10666 }, // U+E077
    { 25, 13, 406, -1, 13, 82, 10748 }, // U+E078
    { 20, 13, 287, -1, 13, 65, 10830 }, // U+E079
    { 22, 14, 328, -1, 13, 77, 10895 }, // U+E07A
    { 31, 14, 480, -1, 13, 109, 10972 }, // U+E07B
    { 28, 14, 432, -1, 14, 98, 11081 }, // U+E07C
    { 23, 16, 346, -1, 13, 92, 11179 }, // U+E07D
    { 24, 19, 368, -1, 19, 114, 11271 }, // U+E07E
    { 24, 20, 368, -1, 20, 120, 11385 }, // U+E07F
    { 27, 13, 416, -1, 13, 88, 11505 }, // U+E080
    { 24, 13, 368, -1, 13, 78, 11593 }, // U+E081
    { 25, 14, 384, -1, 14, 88, 11671 }, // U+E082
    { 26, 13, 401, -1, 13, 85, 11759 }, // U+E083
    { 25, 14, 384, -1, 14, 88, 11844 }, // U+E084
    { 24, 14, 368, -1, 13, 84, 11932 }, // U+E085
    { 24, 13, 368, -1, 13, 78, 12016 }, // U+E086
    { 13, 17, 180, -1, 13, 56, 12094 }, // U+E087
    { 27, 14, 416, -1, 14, 95, 12150 }, // U+E088
    { 29, 13, 448, -1, 13, 95, 12245 }, // U+E089
    { 14, 19, 189, -1, 13, 67, 12340 }, // U+E08A
    { 27, 13, 416, -1, 13, 88, 12407 }, // U+E08B
    { 25, 13, 384, -1, 13, 82, 12495 }, // U+E08C
    { 18, 15, 274, -1, 13, 68, 12577 }, // U+E08D
    { 16, 17, 225, -1, 13, 68, 12645 }, // U+E08E
    { 27, 13, 416, -1, 13, 88, 12713 }, // U+E08F
    { 26, 14, 400, -1, 14, 91, 12801 }, // U+E090
    { 25, 13, 384, -1, 13, 82, 12892 }, // U+E091
    { 26, 13, 400, -1, 13, 85, 12974 }, // U+E092
    { 23, 15, 352, -1, 13, 87, 13059 }, // U+E093
    { 27, 16, 416, -1, 13, 108, 13146 }, // U+E094
    { 24, 16, 368, -1, 13, 96, 13254 }, // U+E095
    { 25, 13, 384, -1, 13, 82, 13350 }, // U+E096
    { 16, 19, 229, -1, 13, 76, 13432 }, // U+E097
    { 21, 15, 320, -1, 13, 79, 13508 }, // U+E098
    { 17, 17, 252, -1, 13, 73, 13587 }, // U+E099
    { 29, 14, 441, -1, 13, 102, 13660 }, // U+E09A
    { 26, 16, 395, -1, 13, 104, 13762 }, // U+E09B
    { 22, 12, 325, -1, 13, 66, 13866 }, // U+E09C
    { 22, 16, 325, -1, 13, 88, 13932 }, // U+E09D
    { 26, 15, 400, -1, 13, 98, 14020 }, // U+E09E
    { 21, 16, 307, -1, 13, 84, 14118 }, // U+E09F
    { 18, 21, 265, -1, 14, 95, 14202 }, // U+E0A0
    { 23, 16, 352, -1, 14, 92, 14297 }, // U+E0A1
    { 20, 17, 287, -1, 14, 85, 14389 }, // U+E0A2
    { 17, 14, 282, 0, 14, 60, 14474 }, // U+E0A3
    { 15, 16, 248, 0, 13, 60, 14534 }, // U+E0A4
    { 17, 14, 287, 0, 13, 60, 14594 }, // U+E0A5
    { 20, 17, 325, 0, 13, 85, 14654 }, // U+E0A6
    { 21, 20, 340, 0, 13, 105, 14739 }, // U+E0A7
    { 27, 15, 432, 0, 13, 102, 14844 }, // U+E0A8
    { 21, 19, 340, 0, 13, 100, 14946 }, // U+E0A9
    { 29, 19, 448, -1, 19, 138, 15046 }, // U+E0AA
    { 26, 19, 400, -1, 19, 124, 15184 }, // U+E0AB
    { 25, 19, 384, -1, 19, 119, 15308 }, // U+E0AC
    { 25, 19, 384, -1, 19, 119, 15427 }, // U+E0AD
    { 25, 19, 406, -1, 19, 119, 15546 }, // U+E0AE
    { 24, 19, 368, -1, 19, 114, 15665 }, // U+E0AF
    { 26, 20, 400, -1, 19, 130, 15779 }, // U+E0B0
    { 31, 20, 480, -1, 19, 155, 15909 }, // U+E0B1
    { 28, 19, 432, -1, 19, 133, 16064 }, // U+E0B2
    { 32, 19, 505, -1, 19, 152, 16197 }, // U+E0B3
    { 15, 22, 216, -1, 19, 83, 16349 }, // U+E0B4
    { 24, 20, 368, -1, 20, 120, 16432 }, // U+E0B5
    { 27, 19, 416, -1, 19, 129, 16552 }, // U+E0B6
    { 24, 19, 368, -1, 19, 114, 16681 }, // U+E0B7
    { 25, 19, 384, -1, 19, 119, 16795 }, // U+E0B8
    { 26, 19, 401, -1, 19, 124, 16914 }, // U+E0B9
    { 25, 19, 384, -1, 19, 119, 17038 }, // U+E0BA
    { 24, 20, 368, -1, 19, 120, 17157 }, // U+E0BB
    { 24, 19, 368, -1, 19, 114, 17277 }, // U+E0BC
    { 24, 19, 368, -1, 19, 114, 17391 }, // U+E0BD
    { 27, 19, 416, -1, 19, 129, 17505 }, // U+E0BE
    { 29, 19, 448, -1, 19, 138, 17634 }, // U+E0BF
    { 14, 25, 189, -1, 19, 88, 17772 }, // U+E0C0
    { 27, 19, 416, -1, 19, 129, 17860 }, // U+E0C1
    { 18, 22, 261, -1, 19, 99, 17989 }, // U+E0C2
    { 18, 21, 274, -1, 19, 95, 18088 }, // U+E0C3
    { 16, 23, 225, -1, 19, 92, 18183 }, // U+E0C4
    { 27, 19, 416, -1, 19, 129, 18275 }, // U+E0C5
    { 26, 19, 400, -1, 19, 124, 18404 }, // U+E0C6
    { 25, 19, 384, -1, 19, 119, 18528 }, // U+E0C7
    { 26, 19, 400, -1, 19, 124, 0 }, // U+E0C8
    { 23, 21, 352, -1, 19, 121, 124 }, // U+E0C9
    { 27, 22, 416, -1, 19, 149, 245 }, // U+E0CA
    { 24, 22, 368, -1, 19, 132, 394 }, // U+E0CB
    { 25, 19, 384, -1, 19, 119, 526 }, // U+E0CC
    { 14, 27, 197, -1, 20, 95, 645 }, // U+E0CD
    { 19, 22, 288, -1, 20, 105, 740 }, // U+E0CE
    { 17, 24, 242, -1, 20, 102, 845 }, // U+E0CF
    { 31, 13, 480, -1, 13, 101, 947 }, // U+E0D0
    { 28, 14, 437, -1, 14, 98, 1048 }, // U+E0D1
    { 27, 14, 409, -1, 14, 95, 1146 }, // U+E0D2
    { 27, 13, 416, -1, 13, 88, 1241 }, // U+E0D3
    { 27, 13, 446, -1, 13, 88, 1329 }, // U+E0D4
    { 26, 13, 400, -1, 13, 85, 1417 }, // U+E0D5
    { 28, 14, 434, -1, 13, 98, 1502 }, // U+E0D6
    { 33, 14, 512, -1, 13, 116, 1600 }, // U+E0D7
    { 30, 14, 470, -1, 14, 105, 1716 }, // U+E0D8
    { 34, 13, 545, -1, 13, 111, 1821 }, // U+E0D9
    { 26, 19, 400, -1, 19, 124, 1932 }, // U+E0DA
    { 26, 20, 402, -1, 20, 130, 2056 }, // U+E0DB
    { 26, 13, 383, -1, 13, 85, 2186 }, // U+E0DC
    { 26, 13, 400, -1, 13, 85, 2271 }, // U+E0DD
    { 27, 14, 416, -1, 14, 95, 2356 }, // U+E0DE
    { 28, 13, 441, -1, 13, 91, 2451 }, // U+E0DF
    { 27, 14, 420, -1, 14, 95, 2542 }, // U+E0E0
    { 26, 14, 406, -1, 13, 91, 2637 }, // U+E0E1
    { 26, 13, 404, -1, 13, 85, 2728 }, // U+E0E2
    { 26, 13, 406, -1, 13, 85, 2813 }, // U+E0E3
    { 29, 14, 448, -1, 14, 102, 2898 }, // U+E0E4
    { 31, 13, 484, -1, 13, 101, 3000 }, // U+E0E5
    { 17, 19, 237, -1, 13, 81, 3101 }, // U+E0E6
    { 29, 13, 448, -1, 13, 95, 3182 }, // U+E0E7
    { 21, 16, 303, -1, 13, 84, 3277 }, // U+E0E8
    { 21, 15, 322, -1, 13, 79, 3361 }, // U+E0E9
    { 17, 17, 237, -1, 13, 73, 3440 }, // U+E0EA
    { 29, 13, 449, -1, 13, 95, 3513 }, // U+E0EB
    { 28, 14, 432, -1, 14, 98, 3608 }, // U+E0EC
    { 27, 13, 416, -1, 13, 88, 3706 }, // U+E0ED
    { 28, 13, 432, -1, 13, 91, 3794 }, // U+E0EE
    { 25, 15, 384, -1, 13, 94, 3885 }, // U+E0EF
    { 29, 16, 448, -1, 13, 116, 3979 }, // U+E0F0
    { 26, 16, 400, -1, 13, 104, 4095 }, // U+E0F1
    { 27, 13, 416, -1, 13, 88, 4199 }, // U+E0F2
    { 29, 13, 448, -1, 13, 95, 4287 }, // U+E0F3
    { 26, 14, 400, -1, 14, 91, 4382 }, // U+E0F4
    { 25, 14, 384, -1, 14, 88, 4473 }, // U+E0F5
    { 25, 13, 384, -1, 13, 82, 4561 }, // U+E0F6
    { 25, 13, 406, -1, 13, 82, 4643 }, // U+E0F7
    { 24, 13, 368, -1, 13, 78, 4725 }, // U+E0F8
    { 26, 14, 400, -1, 13, 91, 4803 }, // U+E0F9
    { 31, 14, 480, -1, 13, 109, 4894 }, // U+E0FA
    { 28, 14, 432, -1, 14, 98, 5003 }, // U+E0FB
    { 32, 13, 505, -1, 13, 104, 5101 }, // U+E0FC
    { 24, 19, 368, -1, 19, 114, 5205 }, // U+E0FD
    { 24, 20, 368, -1, 20, 120, 5319 }, // U+E0FE
    { 27, 13, 416, -1, 13, 88, 5439 }, // U+E0FF
    { 24, 13, 368, -1, 13, 78, 5527 }, // U+E100
    { 25, 14, 384, -1, 14, 88, 5605 }, // U+E101
    { 26, 13, 401, -1, 13, 85, 5693 }, // U+E102
    { 25, 14, 384, -1, 14, 88, 5778 }, // U+E103
    { 24, 14, 368, -1, 13, 84, 5866 }, // U+E104
    { 24, 13, 368, -1, 13, 78, 5950 }, // U+E105
    { 24, 13, 368, -1, 13, 78, 6028 }, // U+E106
    { 27, 14, 416, -1, 14, 95, 6106 }, // U+E107
    { 29, 13, 448, -1, 13, 95, 6201 }, // U+E108
    { 14, 19, 189, -1, 13, 67, 6296 }, // U+E109
    { 27, 13, 416, -1, 13, 88, 6363 }, // U+E10A
    { 25, 13, 384, -1, 13, 82, 6451 }, // U+E10B
    { 18, 15, 274, -1, 13, 68, 6533 }, // U+E10C
    { 16, 17, 225, -1, 13, 68, 6601 }, // U+E10D
    { 27, 13, 416, -1, 13, 88, 6669 }, // U+E10E
    { 26, 14, 400, -1, 14, 91, 6757 }, // U+E10F
    { 25, 13, 384, -1, 13, 82, 6848 }, // U+E110
    { 26, 13, 400, -1, 13, 85, 6930 }, // U+E111
    { 23, 15, 352, -1, 13, 87, 7015 }, // U+E112
    { 27, 16, 416, -1, 13, 108, 7102 }, // U+E113
    { 24, 16, 368, -1, 13, 96, 7210 }, // U+E114
    { 25, 13, 384, -1, 13, 82, 7306 }, // U+E115
    { 26, 13, 416, 0, 13, 85, 7388 }, // U+E116
    { 23, 14, 370, 0, 14, 81, 7473 }, // U+E117
    { 22, 14, 356, 0, 14, 77, 7554 }, // U+E118
    { 22, 13, 352, 0, 13, 72, 7631 }, // U+E119
    { 22, 13, 379, 0, 13, 72, 7703 }, // U+E11A
    { 21, 13, 336, 0, 13, 69, 7775 }, // U+E11B
    { 23, 14, 368, 0, 13, 81, 7844 }, // U+E11C
    { 28, 14, 448, 0, 13, 98, 7925 }, // U+E11D
    { 25, 14, 402, 0, 14, 88, 8023 }, // U+E11E
    { 29, 13, 477, 0, 13, 95, 8111 }, // U+E11F
    { 19, 19, 288, 0, 19, 91, 8206 }, // U+E120
    { 16, 20, 244, 0, 20, 80, 8297 }, // U+E121
    { 15, 13, 246, 0, 13, 49, 8377 }, // U+E122
    { 19, 13, 288, 0, 13, 62, 8426 }, // U+E123
    { 13, 16, 201, 0, 14, 52, 8488 }, // U+E124
    { 23, 13, 373, 0, 13, 75, 8540 }, // U+E125
    { 22, 14, 353, 0, 14, 77, 8615 }, // U+E126
    { 21, 14, 339, 0, 13, 74, 8692 }, // U+E127
    { 21, 13, 336, 0, 13, 69, 8766 }, // U+E128
    { 13, 15, 201, 0, 14, 49, 8835 }, // U+E129
    { 24, 14, 384, 0, 14, 84, 8884 }, // U+E12A
    { 26, 13, 417, 0, 13, 85, 8968 }, // U+E12B
    { 14, 16, 207, 0, 14, 56, 9053 }, // U+E12C
    { 24, 13, 384, 0, 13, 78, 9109 }, // U+E12D
    { 19, 16, 289, 0, 14, 76, 9187 }, // U+E12E
    { 18, 16, 292, 0, 14, 72, 9263 }, // U+E12F
    { 14, 16, 212, 0, 14, 56, 9335 }, // U+E130
    { 24, 13, 384, 0, 13, 78, 9391 }, // U+E131
    { 23, 14, 368, 0, 14, 81, 9469 }, // U+E132
    { 22, 13, 352, 0, 13, 72, 9550 }, // U+E133
    { 23, 13, 368, 0, 13, 75, 9622 }, // U+E134
    { 20, 15, 320, 0, 13, 75, 9697 }, // U+E135
    { 24, 16, 384, 0, 13, 96, 9772 }, // U+E136
    { 21, 16, 336, 0, 13, 84, 9868 }, // U+E137
    { 22, 13, 352, 0, 13, 72, 9952 }, // U+E138
    { 17, 13, 241, -1, 13, 56, 10024 }, // U+E139
    { 17, 14, 257, 0, 14, 60, 10080 }, // U+E13A
    { 15, 16, 220, -1, 13, 60, 10140 }, // U+E13B
    { 15, 16, 220, -1, 13, 60, 10200 }, // U+E13C
    { 20, 15, 300, -1, 13, 75, 10260 }, // U+E13D
    { 21, 15, 321, -1, 13, 79, 10335 }, // U+E13E
    { 17, 13, 238, -1, 13, 56, 10414 }, // U+E13F
    { 16, 16, 224, -1, 13, 64, 10470 }, // U+E140
    { 14, 18, 215, 0, 15, 63, 10534 }, // U+E141
    { 19, 16, 304, 0, 14, 76, 10597 }, // U+E142
    { 15, 18, 226, 0, 15, 68, 10673 }, // U+E143
    { 30, 13, 464, -1, 13, 98, 10741 }, // U+E144
    { 27, 14, 416, -1, 14, 95, 10839 }, // U+E145
    { 25, 15, 368, -1, 14, 94, 10934 }, // U+E146
    { 24, 14, 360, -1, 13, 84, 11028 }, // U+E147
    { 26, 13, 417, -1, 13, 85, 11112 }, // U+E148
    { 25, 13, 384, -1, 13, 82, 11197 }, // U+E149
    { 27, 14, 416, -1, 13, 95, 11279 }, // U+E14A
    { 32, 14, 496, -1, 13, 112, 11374 }, // U+E14B
    { 29, 14, 448, -1, 14, 102, 11486 }, // U+E14C
    { 33, 13, 516, -1, 13, 108, 11588 }, // U+E14D
    { 25, 19, 384, -1, 19, 119, 11696 }, // U+E14E
    { 25, 20, 384, -1, 20, 125, 11815 }, // U+E14F
    { 28, 13, 432, -1, 13, 91, 11940 }, // U+E150
    { 25, 13, 384, -1, 13, 82, 12031 }, // U+E151
    { 26, 14, 400, -1, 14, 91, 12113 }, // U+E152
    { 27, 13, 416, -1, 13, 88, 12204 }, // U+E153
    { 26, 14, 400, -1, 14, 91, 12292 }, // U+E154
    { 19, 14, 277, -1, 13, 67, 12383 }, // U+E155
    { 18, 16, 260, -1, 13, 72, 12450 }, // U+E156
    { 15, 16, 206, -1, 13, 60, 12522 }, // U+E157
    { 28, 14, 432, -1, 14, 98, 12582 }, // U+E158
    { 30, 13, 464, -1, 13, 98, 12680 }, // U+E159
    { 15, 16, 206, -1, 13, 60, 12778 }, // U+E15A
    { 17, 16, 242, -1, 13, 68, 12838 }, // U+E15B
    { 19, 14, 280, -1, 13, 67, 12906 }, // U+E15C
    { 19, 15, 288, -1, 13, 72, 12973 }, // U+E15D
    { 17, 15, 240, -1, 13, 64, 13045 }, // U+E15E
    { 28, 13, 432, -1, 13, 91, 13109 }, // U+E15F
    { 27, 14, 416, -1, 14, 95, 13200 }, // U+E160
    { 26, 13, 400, -1, 13, 85, 13295 }, // U+E161
    { 27, 13, 416, -1, 13, 88, 13380 }, // U+E162
    { 24, 15, 368, -1, 13, 90, 13468 }, // U+E163
    { 28, 16, 432, -1, 13, 112, 13558 }, // U+E164
    { 25, 16, 384, -1, 13, 100, 13670 }, // U+E165
    { 26, 13, 400, -1, 13, 85, 13770 }, // U+E166
    { 13, 15, 191, 0, 13, 49, 13855 }, // U+E167
    { 21, 13, 326, 0, 13, 69, 13904 }, // U+E168
    { 18, 16, 273, 0, 13, 72, 13973 }, // U+E169
    { 18, 15, 288, 0, 13, 68, 14045 }, // U+E16A
    { 15, 16, 221, 0, 13, 60, 14113 }, // U+E16B
    { 26, 13, 400, -1, 13, 85, 14173 }, // U+E16C
    { 23, 14, 355, -1, 14, 81, 14258 }, // U+E16D
    { 22, 14, 342, -1, 14, 77, 14339 }, // U+E16E
    { 22, 13, 336, -1, 13, 72, 14416 }, // U+E16F
    { 22, 13, 364, -1, 13, 72, 14488 }, // U+E170
    { 21, 13, 320, -1, 13, 69, 14560 }, // U+E171
    { 23, 14, 352, -1, 13, 81, 14629 }, // U+E172
    { 28, 14, 432, -1, 13, 98, 14710 }, // U+E173
    { 25, 14, 388, -1, 14, 88, 14808 }, // U+E174
    { 29, 13, 463, -1, 13, 95, 14896 }, // U+E175
    { 19, 19, 283, -1, 19, 91, 14991 }, // U+E176
    { 17, 20, 246, -1, 20, 85, 15082 }, // U+E177
    { 19, 13, 270, -1, 13, 62, 15167 }, // U+E178
    { 21, 13, 320, -1, 13, 69, 15229 }, // U+E179
    { 22, 14, 336, -1, 14, 77, 15298 }, // U+E17A
    { 17, 15, 240, -1, 13, 64, 15375 }, // U+E17B
    { 15, 16, 205, -1, 13, 60, 15439 }, // U+E17C
    { 20, 14, 299, -1, 13, 70, 15499 }, // U+E17D
    { 18, 13, 258, -1, 13, 59, 15569 }, // U+E17E
    { 14, 14, 201, -1, 13, 49, 15628 }, // U+E17F
    { 24, 14, 368, -1, 14, 84, 15677 }, // U+E180
    { 26, 13, 402, -1, 13, 85, 15761 }, // U+E181
    { 14, 13, 204, -1, 13, 46, 15846 }, // U+E182
    { 24, 13, 368, -1, 13, 78, 15892 }, // U+E183
    { 19, 14, 269, -1, 13, 67, 15970 }, // U+E184
    { 19, 15, 288, -1, 13, 72, 16037 }, // U+E185
    { 16, 14, 221, -1, 13, 56, 16109 }, // U+E186
    { 24, 13, 368, -1, 13, 78, 16165 }, // U+E187
    { 23, 14, 352, -1, 14, 81, 16243 }, // U+E188
    { 22, 13, 336, -1, 13, 72, 16324 }, // U+E189
    { 20, 13, 296, -1, 13, 65, 16396 }, // U+E18A
    { 20, 15, 304, -1, 13, 75, 16461 }, // U+E18B
    { 24, 16, 368, -1, 13, 96, 16536 }, // U+E18C
    { 21, 16, 320, -1, 13, 84, 16632 }, // U+E18D
    { 22, 13, 336, -1, 13, 72, 16716 }, // U+E18E
    { 29, 13, 464, 0, 13, 95, 16788 }, // U+E18F
    { 26, 14, 417, 0, 14, 91, 0 }, // U+E190
    { 25, 14, 403, 0, 14, 88, 91 }, // U+E191
    { 25, 13, 400, 0, 13, 82, 179 }, // U+E192
    { 25, 13, 426, 0, 13, 82, 261 }, // U+E193
    { 24, 13, 384, 0, 13, 78, 343 }, // U+E194
    { 26, 14, 416, 0, 13, 91, 421 }, // U+E195
    { 31, 14, 496, 0, 13, 109, 512 }, // U+E196
    { 28, 14, 449, 0, 14, 98, 621 }, // U+E197
    { 32, 13, 524, 0, 13, 104, 719 }, // U+E198
    { 22, 19, 335, 0, 19, 105, 823 }, // U+E199
    { 24, 20, 384, 0, 20, 120, 928 }, // U+E19A
    { 27, 13, 432, 0, 13, 88, 1048 }, // U+E19B
    { 24, 13, 384, 0, 13, 78, 1136 }, // U+E19C
    { 25, 14, 400, 0, 14, 88, 1214 }, // U+E19D
    { 16, 16, 242, 0, 14, 64, 1302 }, // U+E19E
    { 25, 14, 400, 0, 14, 88, 1366 }, // U+E19F
    { 24, 14, 386, 0, 13, 84, 1454 }, // U+E1A0
    { 24, 13, 384, 0, 13, 78, 1538 }, // U+E1A1
    { 16, 15, 239, 0, 14, 60, 1616 }, // U+E1A2
    { 16, 16, 244, 0, 14, 64, 1676 }, // U+E1A3
    { 29, 13, 464, 0, 13, 95, 1740 }, // U+E1A4
    { 16, 18, 239, 0, 14, 72, 1835 }, // U+E1A5
    { 27, 13, 432, 0, 13, 88, 1907 }, // U+E1A6
    { 21, 16, 321, 0, 14, 84, 1995 }, // U+E1A7
    { 20, 16, 324, 0, 14, 80, 2079 }, // U+E1A8
    { 16, 16, 252, 0, 14, 64, 2159 }, // U+E1A9
    { 16, 16, 239, 0, 14, 64, 2223 }, // U+E1AA
    { 26, 14, 416, 0, 14, 91, 2287 }, // U+E1AB
    { 25, 13, 400, 0, 13, 82, 2378 }, // U+E1AC
    { 24, 13, 357, -1, 13, 78, 2460 }, // U+E1AD
    { 23, 15, 368, 0, 13, 87, 2538 }, // U+E1AE
    { 27, 16, 432, 0, 13, 108, 2625 }, // U+E1AF
    { 24, 16, 384, 0, 13, 96, 2733 }, // U+E1B0
    { 25, 13, 400, 0, 13, 82, 2829 }, // U+E1B1
    { 19, 22, 281, -1, 19, 105, 2911 }, // U+E1B2
    { 19, 20, 279, -1, 13, 95, 3016 }, // U+E1B3
    { 24, 15, 368, -1, 13, 90, 3111 }, // U+E1B4
    { 20, 16, 300, -1, 13, 80, 3201 }, // U+E1B5
    { 19, 15, 275, -1, 13, 72, 3281 }, // U+E1B6
    { 29, 13, 448, -1, 13, 95, 3353 }, // U+E1B7
    { 26, 14, 402, -1, 14, 91, 3448 }, // U+E1B8
    { 25, 14, 389, -1, 14, 88, 3539 }, // U+E1B9
    { 25, 13, 384, -1, 13, 82, 3627 }, // U+E1BA
    { 25, 13, 411, -1, 13, 82, 3709 }, // U+E1BB
    { 24, 13, 368, -1, 13, 78, 3791 }, // U+E1BC
    { 26, 14, 400, -1, 13, 91, 3869 }, // U+E1BD
    { 22, 14, 327, -1, 13, 77, 3960 }, // U+E1BE
    { 28, 14, 435, -1, 14, 98, 4037 }, // U+E1BF
    { 32, 13, 510, -1, 13, 104, 4135 }, // U+E1C0
    { 24, 19, 368, -1, 19, 114, 4239 }, // U+E1C1
    { 24, 20, 368, -1, 20, 120, 4353 }, // U+E1C2
    { 27, 13, 416, -1, 13, 88, 4473 }, // U+E1C3
    { 24, 13, 368, -1, 13, 78, 4561 }, // U+E1C4
    { 25, 14, 384, -1, 14, 88, 4639 }, // U+E1C5
    { 26, 13, 406, -1, 13, 85, 4727 }, // U+E1C6
    { 25, 14, 385, -1, 14, 88, 4812 }, // U+E1C7
    { 20, 14, 292, -1, 13, 70, 4900 }, // U+E1C8
    { 17, 14, 239, -1, 13, 60, 4970 }, // U+E1C9
    { 24, 13, 371, -1, 13, 78, 5030 }, // U+E1CA
    { 27, 14, 416, -1, 14, 95, 5108 }, // U+E1CB
    { 29, 13, 449, -1, 13, 95, 5203 }, // U+E1CC
    { 22, 13, 326, -1, 13, 72, 5298 }, // U+E1CD
    { 16, 16, 234, -1, 13, 64, 5370 }, // U+E1CE
    { 25, 13, 384, -1, 13, 82, 5434 }, // U+E1CF
    { 19, 15, 288, -1, 13, 72, 5516 }, // U+E1D0
    { 16, 16, 221, -1, 13, 64, 5588 }, // U+E1D1
    { 14, 15, 201, -1, 13, 53, 5652 }, // U+E1D2
    { 26, 14, 400, -1, 14, 91, 5705 }, // U+E1D3
    { 25, 13, 384, -1, 13, 82, 5796 }, // U+E1D4
    { 26, 13, 400, -1, 13, 85, 5878 }, // U+E1D5
    { 23, 15, 352, -1, 13, 87, 5963 }, // U+E1D6
    { 27, 16, 416, -1, 13, 108, 6050 }, // U+E1D7
    { 24, 16, 368, -1, 13, 96, 6158 }, // U+E1D8
    { 25, 13, 384, -1, 13, 82, 6254 }, // U+E1D9
    { 17, 19, 240, -1, 13, 81, 6336 }, // U+E1DA
    { 22, 15, 336, -1, 13, 83, 6417 }, // U+E1DB
    { 16, 13, 235, -1, 13, 52, 6500 }, // U+E1DC
    { 16, 16, 226, -1, 13, 64, 6552 }, // U+E1DD
    { 30, 13, 464, -1, 13, 98, 6616 }, // U+E1DE
    { 27, 14, 422, -1, 14, 95, 6714 }, // U+E1DF
    { 26, 14, 409, -1, 14, 91, 6809 }, // U+E1E0
    { 26, 13, 400, -1, 13, 85, 6900 }, // U+E1E1
    { 26, 13, 431, -1, 13, 85, 6985 }, // U+E1E2
    { 25, 13, 384, -1, 13, 82, 7070 }, // U+E1E3
    { 27, 14, 419, -1, 13, 95, 7152 }, // U+E1E4
    { 32, 14, 496, -1, 13, 112, 7247 }, // U+E1E5
    { 29, 14, 455, -1, 14, 102, 7359 }, // U+E1E6
    { 33, 13, 530, -1, 13, 108, 7461 }, // U+E1E7
    { 25, 19, 384, -1, 19, 119, 7569 }, // U+E1E8
    { 25, 20, 387, -1, 20, 125, 7688 }, // U+E1E9
    { 28, 13, 432, -1, 13, 91, 7813 }, // U+E1EA
    { 25, 13, 384, -1, 13, 82, 7904 }, // U+E1EB
    { 26, 14, 400, -1, 14, 91, 7986 }, // U+E1EC
    { 17, 15, 239, -1, 13, 64, 8077 }, // U+E1ED
    { 26, 14, 405, -1, 14, 91, 8141 }, // U+E1EE
    { 22, 14, 329, -1, 13, 77, 8232 }, // U+E1EF
    { 25, 13, 389, -1, 13, 82, 8309 }, // U+E1F0
    { 14, 13, 203, -1, 13, 46, 8391 }, // U+E1F1
    { 26, 14, 382, -1, 14, 91, 8437 }, // U+E1F2
    { 24, 15, 363, -1, 13, 90, 8528 }, // U+E1F3
    { 14, 13, 204, -1, 13, 46, 8618 }, // U+E1F4
    { 17, 15, 241, -1, 13, 64, 8664 }, // U+E1F5
    { 20, 13, 290, -1, 13, 65, 8728 }, // U+E1F6
    { 19, 15, 292, -1, 13, 72, 8793 }, // U+E1F7
    { 15, 14, 219, -1, 13, 53, 8865 }, // U+E1F8
    { 15, 14, 210, -1, 13, 53, 8918 }, // U+E1F9
    { 27, 14, 416, -1, 14, 95, 8971 }, // U+E1FA
    { 26, 13, 401, -1, 13, 85, 9066 }, // U+E1FB
    { 24, 13, 362, -1, 13, 78, 9151 }, // U+E1FC
    { 24, 15, 368, -1, 13, 90, 9229 }, // U+E1FD
    { 28, 16, 432, -1, 13, 112, 9319 }, // U+E1FE
    { 25, 16, 384, -1, 13, 100, 9431 }, // U+E1FF
    { 26, 13, 400, -1, 13, 85, 9531 }, // U+E200
    { 15, 20, 209, -1, 13, 75, 9616 }, // U+E201
    { 20, 15, 304, -1, 13, 75, 9691 }, // U+E202
    { 16, 16, 229, -1, 13, 64, 9766 }, // U+E203
    { 22, 20, 336, -1, 20, 110, 9830 }, // U+E204
    { 19, 20, 288, -1, 20, 95, 9940 }, // U+E205
    { 14, 20, 240, 1, 20, 70, 10035 }, // U+E206
    { 14, 20, 224, 0, 20, 70, 10105 }, // U+E207
    { 17, 20, 256, -1, 20, 85, 10175 }, // U+E208
    { 14, 20, 241, 0, 20, 70, 10260 }, // U+E209
    { 14, 20, 208, -1, 20, 70, 10330 }, // U+E20A
    { 16, 21, 240, -1, 20, 84, 10400 }, // U+E20B
    { 21, 21, 320, -1, 20, 111, 10484 }, // U+E20C
    { 18, 20, 272, -1, 20, 90, 10595 }, // U+E20D
    { 21, 20, 340, 0, 20, 105, 10685 }, // U+E20E
    { 15, 20, 224, -1, 20, 75, 10790 }, // U+E20F
    { 16, 20, 240, -1, 20, 80, 10865 }, // U+E210
    { 17, 20, 256, -1, 20, 85, 10945 }, // U+E211
    { 14, 20, 208, -1, 20, 70, 11030 }, // U+E212
    { 14, 20, 224, 0, 20, 70, 11100 }, // U+E213
    { 16, 20, 240, -1, 20, 80, 11170 }, // U+E214
    { 14, 20, 224, 0, 20, 70, 11250 }, // U+E215
    { 14, 21, 208, -1, 20, 74, 11320 }, // U+E216
    { 15, 20, 240, 0, 20, 75, 11394 }, // U+E217
    { 16, 20, 240, -1, 20, 80, 11469 }, // U+E218
    { 16, 20, 256, 0, 20, 80, 11549 }, // U+E219
    { 19, 20, 288, -1, 20, 95, 11629 }, // U+E21A
    { 16, 20, 240, -1, 20, 80, 11724 }, // U+E21B
    { 17, 20, 256, -1, 20, 85, 11804 }, // U+E21C
    { 16, 20, 240, -1, 20, 80, 11889 }, // U+E21D
    { 17, 20, 256, -1, 20, 85, 11969 }, // U+E21E
    { 16, 20, 240, -1, 20, 80, 12054 }, // U+E21F
    { 19, 20, 288, -1, 20, 95, 12134 }, // U+E220
    { 16, 20, 240, -1, 20, 80, 12229 }, // U+E221
    { 17, 20, 256, -1, 20, 85, 12309 }, // U+E222
    { 18, 20, 272, -1, 20, 90, 12394 }, // U+E223
    { 13, 22, 192, -1, 20, 72, 12484 }, // U+E224
    { 17, 23, 256, -1, 20, 98, 12556 }, // U+E225
    { 14, 23, 208, -1, 20, 81, 12654 }, // U+E226
    { 17, 20, 256, -1, 20, 85, 12735 }, // U+E227
    { 20, 14, 297, -1, 13, 70, 12820 }, // U+E228
    { 27, 14, 416, -1, 14, 95, 12890 }, // U+E229
    { 17, 15, 249, -1, 13, 64, 12985 }, // U+E22A
    { 26, 13, 400, -1, 13, 85, 13049 }, // U+E22B
    { 26, 13, 420, -1, 13, 85, 13134 }, // U+E22C
    { 25, 13, 384, -1, 13, 82, 13219 }, // U+E22D
    { 27, 14, 416, -1, 13, 95, 13301 }, // U+E22E
    { 32, 14, 496, -1, 13, 112, 13396 }, // U+E22F
    { 29, 14, 448, -1, 14, 102, 13508 }, // U+E230
    { 33, 13, 519, -1, 13, 108, 13610 }, // U+E231
    { 23, 19, 335, -1, 19, 110, 13718 }, // U+E232
    { 25, 20, 384, -1, 20, 125, 13828 }, // U+E233
    { 21, 13, 311, -1, 13, 69, 13953 }, // U+E234
    { 25, 13, 384, -1, 13, 82, 14022 }, // U+E235
    { 26, 14, 400, -1, 14, 91, 14104 }, // U+E236
    { 16, 15, 235, -1, 13, 60, 14195 }, // U+E237
    { 26, 14, 400, -1, 14, 91, 14255 }, // U+E238
    { 23, 14, 340, -1, 13, 81, 14346 }, // U+E239
    { 20, 14, 296, -1, 13, 70, 14427 }, // U+E23A
    { 25, 13, 384, -1, 13, 82, 14497 }, // U+E23B
    { 17, 15, 249, -1, 13, 64, 14579 }, // U+E23C
    { 25, 13, 377, -1, 13, 82, 14643 }, // U+E23D
    { 17, 14, 241, -1, 13, 60, 14725 }, // U+E23E
    { 28, 13, 432, -1, 13, 91, 14785 }, // U+E23F
    { 21, 14, 317, -1, 13, 74, 14876 }, // U+E240
    { 22, 15, 336, -1, 13, 83, 14950 }, // U+E241
    { 17, 16, 241, -1, 13, 68, 15033 }, // U+E242
    { 17, 15, 244, -1, 13, 64, 15101 }, // U+E243
    { 27, 14, 416, -1, 14, 95, 15165 }, // U+E244
    { 26, 13, 400, -1, 13, 85, 15260 }, // U+E245
    { 27, 13, 416, -1, 13, 88, 15345 }, // U+E246
    { 24, 15, 368, -1, 13, 90, 15433 }, // U+E247
    { 28, 16, 432, -1, 13, 112, 15523 }, // U+E248
    { 25, 16, 384, -1, 13, 100, 15635 }, // U+E249
    { 26, 13, 400, -1, 13, 85, 15735 }, // U+E24A
    { 30, 13, 464, -1, 13, 98, 15820 }, // U+E24B
    { 27, 14, 416, -1, 14, 95, 15918 }, // U+E24C
    { 26, 14, 400, -1, 14, 91, 16013 }, // U+E24D
    { 26, 13, 400, -1, 13, 85, 16104 }, // U+E24E
    { 26, 13, 417, -1, 13, 85, 16189 }, // U+E24F
    { 22, 13, 326, -1, 13, 72, 16274 }, // U+E250
    { 25, 15, 367, -1, 13, 94, 16346 }, // U+E251
    { 32, 14, 496, -1, 13, 112, 16440 }, // U+E252
    { 29, 14, 448, -1, 14, 102, 16552 }, // U+E253
    { 33, 13, 516, -1, 13, 108, 16654 }, // U+E254
    { 25, 19, 384, -1, 19, 119, 16762 }, // U+E255
    { 25, 20, 384, -1, 20, 125, 16881 }, // U+E256
    { 28, 13, 432, -1, 13, 91, 17006 }, // U+E257
    { 25, 13, 384, -1, 13, 82, 0 }, // U+E258
    { 26, 14, 400, -1, 14, 91, 82 }, // U+E259
    { 16, 16, 226, -1, 14, 64, 173 }, // U+E25A
    { 26, 14, 400, -1, 14, 91, 237 }, // U+E25B
    { 25, 14, 384, -1, 13, 88, 328 }, // U+E25C
    { 25, 13, 384, -1, 13, 82, 416 }, // U+E25D
    { 16, 15, 226, -1, 14, 60, 498 }, // U+E25E
    { 28, 14, 432, -1, 14, 98, 558 }, // U+E25F
    { 30, 13, 464, -1, 13, 98, 656 }, // U+E260
    { 16, 16, 227, -1, 14, 64, 754 }, // U+E261
    { 28, 13, 432, -1, 13, 91, 818 }, // U+E262
    { 21, 16, 308, -1, 15, 84, 909 }, // U+E263
    { 21, 16, 320, -1, 14, 84, 993 }, // U+E264
    { 16, 16, 231, -1, 14, 64, 1077 }, // U+E265
    { 16, 15, 226, -1, 14, 60, 1141 }, // U+E266
    { 27, 14, 416, -1, 14, 95, 1201 }, // U+E267
    { 26, 13, 400, -1, 13, 85, 1296 }, // U+E268
    { 27, 13, 416, -1, 13, 88, 1381 }, // U+E269
    { 24, 15, 368, -1, 13, 90, 1469 }, // U+E26A
    { 28, 16, 432, -1, 13, 112, 1559 }, // U+E26B
    { 25, 16, 384, -1, 13, 100, 1671 }, // U+E26C
    { 26, 13, 400, -1, 13, 85, 1771 }, // U+E26D
    { 16, 14, 235, -1, 13, 56, 1856 }, // U+E26E
    { 26, 14, 400, -1, 14, 91, 1912 }, // U+E26F
    { 25, 14, 387, -1, 14, 88, 2003 }, // U+E270
    { 25, 13, 384, -1, 13, 82, 2091 }, // U+E271
    { 25, 13, 409, -1, 13, 82, 2173 }, // U+E272
    { 24, 13, 368, -1, 13, 78, 2255 }, // U+E273
    { 26, 14, 400, -1, 13, 91, 2333 }, // U+E274
    { 31, 14, 480, -1, 13, 109, 2424 }, // U+E275
    { 28, 14, 433, -1, 14, 98, 2533 }, // U+E276
    { 32, 13, 508, -1, 13, 104, 2631 }, // U+E277
    { 13, 20, 188, -1, 19, 65, 2735 }, // U+E278
    { 16, 20, 235, -1, 20, 80, 2800 }, // U+E279
    { 27, 13, 416, -1, 13, 88, 2880 }, // U+E27A
    { 24, 13, 368, -1, 13, 78, 2968 }, // U+E27B
    { 19, 13, 297, -1, 13, 62, 3046 }, // U+E27C
    { 26, 13, 404, -1, 13, 85, 3108 }, // U+E27D
    { 25, 14, 384, -1, 14, 88, 3193 }, // U+E27E
    { 24, 14, 369, -1, 13, 84, 3281 }, // U+E27F
    { 24, 13, 368, -1, 13, 78, 3365 }, // U+E280
    { 24, 13, 370, -1, 13, 78, 3443 }, // U+E281
    { 24, 14, 358, -1, 14, 84, 3521 }, // U+E282
    { 23, 15, 339, -1, 13, 87, 3605 }, // U+E283
    { 15, 20, 211, -1, 13, 75, 3692 }, // U+E284
    { 27, 13, 416, -1, 13, 88, 3767 }, // U+E285
    { 18, 13, 267, -1, 13, 59, 3855 }, // U+E286
    { 20, 15, 304, -1, 13, 75, 3914 }, // U+E287
    { 16, 16, 231, -1, 13, 64, 3989 }, // U+E288
    { 27, 13, 416, -1, 13, 88, 4053 }, // U+E289
    { 26, 14, 400, -1, 14, 91, 4141 }, // U+E28A
    { 25, 13, 384, -1, 13, 82, 4232 }, // U+E28B
    { 26, 13, 400, -1, 13, 85, 4314 }, // U+E28C
    { 23, 15, 352, -1, 13, 87, 4399 }, // U+E28D
    { 27, 16, 416, -1, 13, 108, 4486 }, // U+E28E
    { 24, 16, 368, -1, 13, 96, 4594 }, // U+E28F
    { 25, 13, 384, -1, 13, 82, 4690 }, // U+E290
    { 19, 14, 271, -1, 13, 67, 4772 }, // U+E291
    { 22, 17, 333, -1, 13, 94, 4839 }, // U+E292
    { 29, 14, 448, -1, 14, 102, 4933 }, // U+E293
    { 29, 13, 448, -1, 13, 95, 5035 }, // U+E294
    { 29, 13, 468, -1, 13, 95, 5130 }, // U+E295
    { 28, 13, 432, -1, 13, 91, 5225 }, // U+E296
    { 30, 14, 464, -1, 13, 105, 5316 }, // U+E297
    { 35, 14, 544, -1, 13, 123, 5421 }, // U+E298
    { 32, 14, 496, -1, 14, 112, 5544 }, // U+E299
    { 36, 13, 567, -1, 13, 117, 5656 }, // U+E29A
    { 22, 19, 328, -1, 19, 105, 5773 }, // U+E29B
    { 28, 20, 432, -1, 20, 140, 5878 }, // U+E29C
    { 31, 13, 480, -1, 13, 101, 6018 }, // U+E29D
    { 28, 13, 432, -1, 13, 91, 6119 }, // U+E29E
    { 29, 14, 448, -1, 14, 102, 6210 }, // U+E29F
    { 17, 15, 243, -1, 13, 64, 6312 }, // U+E2A0
    { 17, 16, 240, -1, 13, 68, 6376 }, // U+E2A1
    { 28, 14, 432, -1, 13, 98, 6444 }, // U+E2A2
    { 28, 13, 432, -1, 13, 91, 6542 }, // U+E2A3
    { 17, 13, 239, -1, 13, 56, 6633 }, // U+E2A4
    { 28, 14, 419, -1, 14, 98, 6689 }, // U+E2A5
    { 27, 15, 400, -1, 13, 102, 6787 }, // U+E2A6
    { 17, 13, 240, -1, 13, 56, 6889 }, // U+E2A7
    { 31, 13, 480, -1, 13, 101, 6945 }, // U+E2A8
    { 22, 13, 326, -1, 13, 72, 7046 }, // U+E2A9
    { 21, 15, 320, -1, 13, 79, 7118 }, // U+E2AA
    { 17, 14, 239, -1, 13, 60, 7197 }, // U+E2AB
    { 16, 15, 227, -1, 13, 60, 7257 }, // U+E2AC
    { 30, 14, 464, -1, 14, 105, 7317 }, // U+E2AD
    { 29, 13, 448, -1, 13, 95, 7422 }, // U+E2AE
    { 30, 13, 464, -1, 13, 98, 7517 }, // U+E2AF
    { 27, 15, 416, -1, 13, 102, 7615 }, // U+E2B0
    { 31, 16, 480, -1, 13, 124, 7717 }, // U+E2B1
    { 28, 16, 432, -1, 13, 112, 7841 }, // U+E2B2
    { 29, 13, 448, -1, 13, 95, 7953 }, // U+E2B3
    { 14, 18, 196, -1, 13, 63, 8048 }, // U+E2B4
    { 17, 15, 250, -1, 13, 64, 8111 }, // U+E2B5
    { 21, 15, 311, -1, 13, 79, 8175 }, // U+E2B6
    { 21, 13, 311, -1, 13, 69, 8254 }, // U+E2B7
    { 18, 15, 272, -1, 13, 68, 8323 }, // U+E2B8
    { 15, 17, 212, -1, 13, 64, 8391 }, // U+E2B9
    { 15, 18, 208, -1, 13, 68, 8455 }, // U+E2BA
    { 34, 19, 535, -1, 13, 162, 8523 }, // U+E2BB
    { 31, 14, 480, -1, 13, 109, 8685 }, // U+E2BC
    { 28, 15, 437, -1, 14, 105, 8794 }, // U+E2BD
    { 26, 15, 393, -1, 14, 98, 8899 }, // U+E2BE
    { 27, 14, 416, -1, 13, 95, 8997 }, // U+E2BF
    { 27, 14, 446, -1, 13, 95, 9092 }, // U+E2C0
    { 26, 14, 400, -1, 13, 91, 9187 }, // U+E2C1
    { 28, 14, 434, -1, 13, 98, 9278 }, // U+E2C2
    { 33, 14, 512, -1, 13, 116, 9376 }, // U+E2C3
    { 30, 15, 470, -1, 14, 113, 9492 }, // U+E2C4
    { 34, 14, 545, -1, 13, 119, 9605 }, // U+E2C5
    { 26, 20, 400, -1, 19, 130, 9724 }, // U+E2C6
    { 26, 21, 402, -1, 20, 137, 9854 }, // U+E2C7
    { 29, 14, 448, -1, 13, 102, 9991 }, // U+E2C8
    { 26, 14, 400, -1, 13, 91, 10093 }, // U+E2C9
    { 27, 15, 416, -1, 14, 102, 10184 }, // U+E2CA
    { 28, 14, 441, -1, 13, 98, 10286 }, // U+E2CB
    { 27, 15, 420, -1, 14, 102, 10384 }, // U+E2CC
    { 26, 14, 406, -1, 13, 91, 10486 }, // U+E2CD
    { 26, 14, 404, -1, 13, 91, 10577 }, // U+E2CE
    { 26, 14, 406, -1, 13, 91, 10668 }, // U+E2CF
    { 26, 21, 437, -1, 15, 137, 10759 }, // U+E2D0
    { 29, 15, 448, -1, 14, 109, 10896 }, // U+E2D1
    { 31, 14, 484, -1, 13, 109, 11005 }, // U+E2D2
    { 17, 19, 237, -1, 13, 81, 11114 }, // U+E2D3
    { 29, 14, 448, -1, 13, 102, 11195 }, // U+E2D4
    { 27, 14, 416, -1, 13, 95, 11297 }, // U+E2D5
    { 21, 16, 322, -1, 13, 84, 11392 }, // U+E2D6
    { 17, 19, 237, -1, 13, 81, 11476 }, // U+E2D7
    { 29, 14, 449, -1, 13, 102, 11557 }, // U+E2D8
    { 28, 15, 432, -1, 14, 105, 11659 }, // U+E2D9
    { 27, 14, 416, -1, 13, 95, 11764 }, // U+E2DA
    { 28, 14, 432, -1, 13, 98, 11859 }, // U+E2DB
    { 25, 15, 384, -1, 13, 94, 11957 }, // U+E2DC
    { 29, 16, 448, -1, 13, 116, 12051 }, // U+E2DD
    { 26, 16, 400, -1, 13, 104, 12167 }, // U+E2DE
    { 27, 14, 416, -1, 13, 95, 12271 }, // U+E2DF
    { 31, 19, 487, -1, 13, 148, 12366 }, // U+E2E0
    { 29, 14, 448, -1, 13, 102, 12514 }, // U+E2E1
    { 26, 15, 400, -1, 14, 98, 12616 }, // U+E2E2
    { 25, 15, 384, -1, 14, 94, 12714 }, // U+E2E3
    { 25, 14, 384, -1, 13, 88, 12808 }, // U+E2E4
    { 25, 14, 406, -1, 13, 88, 12896 }, // U+E2E5
    { 24, 14, 368, -1, 13, 84, 12984 }, // U+E2E6
    { 26, 14, 400, -1, 13, 91, 13068 }, // U+E2E7
    { 31, 14, 480, -1, 13, 109, 13159 }, // U+E2E8
    { 28, 15, 432, -1, 14, 105, 13268 }, // U+E2E9
    { 32, 14, 505, -1, 13, 112, 13373 }, // U+E2EA
    { 24, 20, 368, -1, 19, 120, 13485 }, // U+E2EB
    { 24, 21, 368, -1, 20, 126, 13605 }, // U+E2EC
    { 27, 14, 416, -1, 13, 95, 13731 }, // U+E2ED
    { 24, 14, 368, -1, 13, 84, 13826 }, // U+E2EE
    { 25, 15, 384, -1, 14, 94, 13910 }, // U+E2EF
    { 26, 14, 401, -1, 13, 91, 14004 }, // U+E2F0
    { 25, 15, 384, -1, 14, 94, 14095 }, // U+E2F1
    { 24, 14, 368, -1, 13, 84, 14189 }, // U+E2F2
    { 24, 14, 368, -1, 13, 84, 14273 }, // U+E2F3
    { 24, 14, 368, -1, 13, 84, 14357 }, // U+E2F4
    { 23, 21, 389, -1, 15, 121, 14441 }, // U+E2F5
    { 27, 15, 416, -1, 14, 102, 14562 }, // U+E2F6
    { 29, 14, 448, -1, 13, 102, 14664 }, // U+E2F7
    { 14, 20, 196, -1, 13, 70, 14766 }, // U+E2F8
    { 27, 14, 416, -1, 13, 95, 14836 }, // U+E2F9
    { 25, 14, 384, -1, 13, 88, 14931 }, // U+E2FA
    { 18, 16, 274, -1, 13, 72, 15019 }, // U+E2FB
    { 16, 19, 223, -1, 13, 76, 15091 }, // U+E2FC
    { 27, 14, 416, -1, 13, 95, 15167 }, // U+E2FD
    { 26, 15, 400, -1, 14, 98, 15262 }, // U+E2FE
    { 25, 14, 384, -1, 13, 88, 15360 }, // U+E2FF
    { 26, 14, 400, -1, 13, 91, 15448 }, // U+E300
    { 23, 15, 352, -1, 13, 87, 15539 }, // U+E301
    { 27, 16, 416, -1, 13, 108, 15626 }, // U+E302
    { 24, 16, 368, -1, 13, 96, 15734 }, // U+E303
    { 25, 14, 384, -1, 13, 88, 15830 }, // U+E304
    { 15, 20, 209, -1, 13, 75, 15918 }, // U+E305
    { 20, 15, 304, -1, 13, 75, 15993 }, // U+E306
    { 16, 17, 229, -1, 13, 68, 16068 }, // U+E307
};

static const EpdUnicodeInterval notobengali_10_regularIntervals[] = {
    { 0x0, 0x0, 0x0 },
    { 0xD, 0xD, 0x1 },
    { 0x20, 0x23, 0x2 },
    { 0x25, 0x25, 0x6 },
    { 0x27, 0x3F, 0x7 },
    { 0x5B, 0x5F, 0x20 },
    { 0x7B, 0x7E, 0x25 },
    { 0xA0, 0xA0, 0x29 },
    { 0xAD, 0xAD, 0x2A },
    { 0xD7, 0xD7, 0x2B },
    { 0xF7, 0xF7, 0x2C },
    { 0x980, 0x983, 0x2D },
    { 0x985, 0x98C, 0x31 },
    { 0x98F, 0x990, 0x39 },
    { 0x993, 0x9A8, 0x3B },
    { 0x9AA, 0x9B0, 0x51 },
    { 0x9B2, 0x9B2, 0x58 },
    { 0x9B6, 0x9B9, 0x59 },
    { 0x9BC, 0x9C4, 0x5D },
    { 0x9C7, 0x9C8, 0x66 },
    { 0x9CB, 0x9CE, 0x68 },
    { 0x9D7, 0x9D7, 0x6C },
    { 0x9DC, 0x9DD, 0x6D },
    { 0x9DF, 0x9E3, 0x6F },
    { 0x9E6, 0x9FE, 0x74 },
    { 0x200B, 0x200D, 0x8D },
    { 0x2010, 0x2010, 0x90 },
    { 0x2013, 0x2014, 0x91 },
    { 0x2018, 0x2019, 0x93 },
    { 0x201C, 0x201D, 0x95 },
    { 0x2026, 0x2026, 0x97 },
    { 0x20B9, 0x20B9, 0x98 },
    { 0x2212, 0x2212, 0x99 },
    { 0xE000, 0xE307, 0x9A },
};

static const EpdFontGroup notobengali_10_regularGroups[] = {
    { 0, 711, 1240, 41, 0 },
    { 711, 50, 58, 4, 41 },
    { 761, 2662, 5044, 96, 45 },
    { 3423, 73, 122, 11, 141 },
    { 3496, 41, 42, 1, 152 },
    { 3537, 8, 6, 1, 153 },
    { 3545, 8595, 19753, 200, 154 },
    { 12140, 8397, 17993, 200, 354 },
    { 20537, 7834, 18257, 200, 554 },
    { 28371, 7807, 17052, 176, 754 },
};

static const EpdKernClassEntry notobengali_10_regularKernLeftClasses[] = {
    { 0x0982, 1 }, // U+0982
    { 0x098B, 2 }, // U+098B
    { 0x098C, 2 }, // U+098C
    { 0x098F, 2 }, // U+098F
    { 0x0993, 2 }, // U+0993
    { 0x0999, 2 }, // U+0999
    { 0x099E, 2 }, // U+099E
    { 0x09CE, 2 }, // U+09CE
    { 0x09E0, 2 }, // U+09E0
    { 0x09E1, 2 }, // U+09E1
};

static const EpdKernClassEntry notobengali_10_regularKernRightClasses[] = {
    { 0x098B, 1 }, // U+098B
    { 0x098C, 2 }, // U+098C
    { 0x098F, 3 }, // U+098F
    { 0x0990, 3 }, // U+0990
    { 0x0993, 2 }, // U+0993
    { 0x0994, 2 }, // U+0994
    { 0x0996, 1 }, // U+0996
    { 0x0997, 4 }, // U+0997
    { 0x0999, 2 }, // U+0999
    { 0x099E, 3 }, // U+099E
    { 0x09A3, 5 }, // U+09A3
    { 0x09A5, 6 }, // U+09A5
    { 0x09A7, 7 }, // U+09A7
    { 0x09AA, 6 }, // U+09AA
    { 0x09B6, 8 }, // U+09B6
    { 0x09CE, 2 }, // U+09CE
    { 0x09E0, 1 }, // U+09E0
    { 0x09E1, 2 }, // U+09E1
};

static const int8_t notobengali_10_regularKernMatrix[] = {
     -16,    0,  -12,  -10,  -13,  -11,  -15,   -4,
      -6,   -6,   -6,   -6,   -6,   -6,   -6,    0,
};

static const EpdFontData notobengali_10_regular = {
    notobengali_10_regularBitmaps,
    notobengali_10_regularGlyphs,
    notobengali_10_regularIntervals,
    34,
    28,
    20,
    -9,
    true,
    notobengali_10_regularGroups,
    10,
    nullptr,
    notobengali_10_regularKernLeftClasses,
    notobengali_10_regularKernRightClasses,
    notobengali_10_regularKernMatrix,
    10,
    18,
    2,
    8,
    nullptr,
    0,
};
