/**
 * generated by fontconvert.py
 * name: notobengali_12_regular
 * size: 12
 * mode: 2-bit  compressed: true
 * Command used: fontconvert.py notobengali_12_regular 12 ../builtinFonts/source/NotoSansBengali/NotoSansBengali-Regular.ttf --additional-intervals 0x0980,0x09FF --bangla --bangla-clusters-out ../../../lib/BanglaShaper/bangla_clusters.h --2bit --compress --darken-aa
 */
#pragma once
#include "EpdFontData.h"

static const uint8_t notobengali_12_regularBitmaps[48024] = {
    0x8D, 0x54, 0x4B, 0x8E, 0xDC, 0x36, 0x10, 0x7D, 0x22, 0x0D, 0xC8, 0x88, 0x00, 0xCB, 0xCB, 0x20,
    0x06, 0x5A, 0xDE, 0xDA, 0xE8, 0x69, 0x5D, 0x40, 0x3F, 0x38, 0x17, 0x99, 0x1B, 0x78, 0x33, 0x8B,
    0x59, 0x68, 0xA6, 0x95, 0xBB, 0x64, 0x95, 0x45, 0x90, 0x45, 0x2F, 0x1A, 0x88, 0x3C, 0x22, 0xE0,
    0x0B, 0x28, 0x37, 0x10, 0xEC, 0x0B, 0xD0, 0x8E, 0x00, 0x0B, 0xB0, 0xBA, 0x2B, 0x8F, 0x54, 0xB7,
    0x67, 0x62, 0xC4, 0x81, 0x49, 0x96, 0x04, 0x95, 0x8A, 0xF5, 0x79, 0x8F, 0xC5, 0xA2, 0x28, 0x8A,
    0x9C, 0x23, 0x5B, 0xAF, 0xD7, 0x3F, 0x02, 0xC5, 0x36, 0x7F, 0xF1, 0x13, 0x8A, 0x12, 0x45, 0x8A,
    0x9C, 0x2B, 0x41, 0xB6, 0xC2, 0xFA, 0x09, 0xF0, 0x43, 0xD0, 0x20, 0xD6, 0x06, 0x2B, 0xCA, 0x85,
    0x6E, 0xB0, 0x0E, 0x9B, 0x44, 0xE4, 0xE8, 0x04, 0x59, 0x0C, 0x5C, 0x53, 0x76, 0x2B, 0x94, 0x22,
    0x93, 0x13, 0x0C, 0x19, 0x02, 0x8A, 0xEA, 0xAF, 0xA1, 0xCD, 0x0E, 0xAA, 0xB9, 0x84, 0x1F, 0xF1,
    0x88, 0x0C, 0x45, 0x8B, 0x1D, 0xAE, 0x37, 0x81, 0xC5, 0xCE, 0xF9, 0xDC, 0xC5, 0x51, 0x83, 0xDD,
    0x13, 0xE7, 0x65, 0x95, 0x03, 0x79, 0x5D, 0x77, 0x4D, 0x32, 0x7D, 0xF8, 0x34, 0x04, 0xAF, 0xDE,
    0x1B, 0x0B, 0xFD, 0x96, 0x8F, 0xF8, 0x67, 0x7A, 0x49, 0xB4, 0xF9, 0x03, 0x99, 0xE6, 0xE7, 0x3E,
    0x78, 0x37, 0xC0, 0xA2, 0x33, 0x74, 0xF9, 0x08, 0x2F, 0x5C, 0x0D, 0xD9, 0x1A, 0x56, 0x0D, 0xDA,
    0x44, 0x4D, 0x8C, 0x04, 0x1B, 0xE4, 0x0C, 0xE4, 0x66, 0x7D, 0x7A, 0xE7, 0xD4, 0x25, 0x88, 0x11,
    0x35, 0xDA, 0x28, 0x6E, 0x9E, 0xA8, 0x4B, 0xF9, 0x1D, 0x37, 0xA1, 0xD1, 0x46, 0xF7, 0x7A, 0x50,
    0x6E, 0x5A, 0xE5, 0xBC, 0x0C, 0xFC, 0x36, 0xA1, 0x89, 0xE9, 0x2B, 0xA5, 0xDD, 0x04, 0xBE, 0x16,
    0x49, 0x80, 0xE7, 0xAB, 0x00, 0xE5, 0xEF, 0x5D, 0xC3, 0x42, 0x1B, 0x94, 0x15, 0xF0, 0xA7, 0x41,
    0xF0, 0x91, 0x89, 0x0E, 0x93, 0x2F, 0xD6, 0x0F, 0x82, 0x89, 0x8B, 0x7B, 0x79, 0x79, 0xF7, 0x1B,
    0xB6, 0x22, 0x5E, 0x1E, 0xEA, 0xBD, 0xD0, 0xB6, 0x2C, 0xF2, 0x7A, 0x6F, 0x01, 0x19, 0x65, 0x7C,
    0x54, 0x96, 0x05, 0x42, 0xC3, 0x4C, 0x11, 0x57, 0xCC, 0xD0, 0xC5, 0x25, 0x2E, 0x19, 0x58, 0x0B,
    0xF6, 0xC0, 0x08, 0x96, 0xAE, 0x18, 0xAF, 0x67, 0xB8, 0xFF, 0x33, 0x54, 0x52, 0xC5, 0x32, 0xA4,
    0xC1, 0x98, 0xA3, 0x25, 0x0C, 0x2D, 0xF2, 0x09, 0xC5, 0x57, 0x8B, 0x4A, 0xFE, 0xA2, 0x01, 0xCD,
    0x68, 0xAC, 0x58, 0xD2, 0xAC, 0xE7, 0x64, 0xBE, 0x6B, 0xAF, 0x5A, 0x7C, 0x73, 0x86, 0x52, 0x95,
    0x32, 0xDC, 0x68, 0xFB, 0xDC, 0x61, 0xB3, 0xAC, 0x11, 0x81, 0xC3, 0x00, 0xB1, 0x41, 0x09, 0x1A,
    0x31, 0xC3, 0xA8, 0x47, 0x52, 0xE1, 0x96, 0x65, 0xC9, 0x81, 0x2B, 0x92, 0xAA, 0x93, 0x61, 0xAF,
    0x46, 0x6F, 0xDF, 0x9E, 0x76, 0x45, 0x43, 0x78, 0x44, 0x28, 0x3D, 0xD4, 0xE4, 0x13, 0xCF, 0xFD,
    0x6A, 0x07, 0x35, 0x89, 0xD8, 0xD7, 0x42, 0x7C, 0x67, 0x40, 0x53, 0x42, 0x4A, 0xCC, 0x5D, 0xCC,
    0x19, 0x35, 0xC5, 0xB6, 0x0C, 0xD7, 0x12, 0x80, 0x96, 0xB5, 0xB7, 0x28, 0x28, 0x35, 0x45, 0x44,
    0x7A, 0x27, 0x3E, 0xC2, 0xBF, 0x04, 0xA9, 0x58, 0xAE, 0x0D, 0x5D, 0x9C, 0xC3, 0x10, 0xAB, 0x52,
    0xC8, 0x24, 0x01, 0x9D, 0xBD, 0x51, 0xFE, 0x25, 0x81, 0x5F, 0xD5, 0xC4, 0x6C, 0x53, 0x26, 0xF0,
    0x7A, 0x54, 0x32, 0xBA, 0x5A, 0xFC, 0x46, 0x07, 0xEF, 0xCB, 0xEA, 0x4E, 0x6C, 0xF7, 0xCB, 0xFC,
    0x06, 0x39, 0x03, 0xEF, 0xB1, 0x69, 0xB1, 0xA9, 0x51, 0xE4, 0xEC, 0x98, 0x6A, 0x8E, 0xC4, 0x06,
    0x84, 0xD1, 0x55, 0x7D, 0x74, 0xFD, 0xE1, 0xBC, 0xD5, 0xAE, 0xD8, 0x05, 0x1F, 0x72, 0x16, 0x19,
    0x47, 0xD8, 0xE2, 0xAE, 0xF6, 0xF5, 0x8D, 0x9E, 0xD0, 0xC1, 0xB1, 0x49, 0x0A, 0x62, 0xB1, 0x25,
    0x26, 0x9E, 0x5D, 0x2E, 0x96, 0x95, 0xBE, 0x22, 0x35, 0xBD, 0x16, 0x44, 0xD2, 0x97, 0x6A, 0x62,
    0x91, 0xED, 0x99, 0xBB, 0x1B, 0xFE, 0x15, 0x1B, 0x4A, 0x43, 0xAE, 0x13, 0x19, 0x4A, 0x35, 0xF2,
    0xEF, 0x1E, 0xD9, 0xE4, 0xB9, 0xA6, 0x59, 0x19, 0x1C, 0x53, 0x39, 0x86, 0xC7, 0xFC, 0x9C, 0xC6,
    0x8C, 0xC0, 0x61, 0x9E, 0x08, 0x7B, 0x0C, 0xED, 0x3C, 0x3F, 0x5D, 0xCE, 0xEB, 0xD3, 0x79, 0x6E,
    0x53, 0x12, 0x97, 0xE2, 0xEB, 0xC1, 0xCB, 0x80, 0x5B, 0x6B, 0x1E, 0x28, 0x7B, 0xD2, 0x44, 0x94,
    0x2D, 0xF9, 0x20, 0x5F, 0xDB, 0xC6, 0xBF, 0x4A, 0x96, 0xBB, 0x25, 0x53, 0xC9, 0xE8, 0xCA, 0xE6,
    0x47, 0x44, 0x25, 0xBA, 0x93, 0x2D, 0xEE, 0x8F, 0xFE, 0x83, 0xF1, 0x50, 0x77, 0x85, 0x65, 0x7F,
    0x34, 0x9E, 0xB7, 0xB9, 0x58, 0x77, 0x4B, 0x1C, 0xE7, 0xAB, 0x6B, 0x90, 0x4C, 0x8B, 0xCD, 0xD5,
    0x39, 0x8B, 0x23, 0xA9, 0x33, 0x79, 0x68, 0x1D, 0xAE, 0xB0, 0xA7, 0xA6, 0x20, 0xB4, 0x69, 0xE5,
    0x88, 0xA4, 0x7A, 0x00, 0x7A, 0x6F, 0x5A, 0x41, 0x13, 0x5D, 0x8F, 0x71, 0xD7, 0x77, 0xFD, 0x1E,
    0xDF, 0x33, 0x17, 0x4B, 0x07, 0x59, 0xE6, 0xB1, 0x23, 0x32, 0x6C, 0x31, 0xF2, 0xC6, 0x76, 0x23,
    0x4D, 0xA4, 0x91, 0x0D, 0xA8, 0x96, 0xD0, 0xA3, 0xEF, 0xB7, 0x6F, 0x98, 0x0A, 0xA7, 0xFE, 0xAE,
    0xE9, 0x2C, 0xF1, 0x18, 0xFE, 0x5C, 0xB8, 0x26, 0xC2, 0x67, 0x42, 0xF9, 0x37, 0x8F, 0xC4, 0x5F,
    0xEE, 0xD8, 0xB0, 0xB8, 0x6A, 0x4F, 0xC7, 0x19, 0x2F, 0x8D, 0x0B, 0x3E, 0x63, 0xC6, 0x8C, 0xD9,
    0x87, 0x07, 0x2E, 0xDC, 0x06, 0x07, 0x7F, 0x6B, 0x9D, 0xA7, 0x89, 0x8C, 0xE0, 0x88, 0x64, 0xB9,
    0xDB, 0xEE, 0xE7, 0x10, 0xD0, 0x36, 0xFB, 0xEF, 0x31, 0x41, 0xDC, 0x85, 0x58, 0x7D, 0x99, 0x4D,
    0x64, 0xD4, 0x21, 0x38, 0x84, 0x3D, 0x2F, 0xC2, 0x7B, 0x6D, 0x95, 0xD0, 0x6E, 0xF2, 0xC0, 0xA6,
    0x93, 0xF6, 0x1C, 0x5E, 0x3E, 0x3B, 0xF8, 0xEF, 0x7F, 0x00, 0x63, 0x60, 0xF8, 0xFF, 0xE5, 0xFF,
    0x17, 0x06, 0x06, 0x86, 0x12, 0x86, 0x0D, 0xB5, 0x4C, 0x5F, 0xE4, 0xBD, 0x2F, 0x70, 0xBF, 0x77,
    0x60, 0xFA, 0xCB, 0x00, 0x44, 0x40, 0x86, 0xBE, 0xFB, 0x85, 0x3D, 0x8C, 0x5F, 0x0C, 0x18, 0x0A,
    0x80, 0x0A, 0x18, 0xEC, 0x80, 0xD8, 0x1E, 0x4A, 0x43, 0x41, 0xFD, 0xFF, 0xFF, 0x60, 0xAC, 0xB5,
    0x6A, 0x15, 0x44, 0x00, 0x49, 0x0D, 0x00, 0xB5, 0x59, 0x3D, 0x8C, 0xDC, 0xC6, 0x15, 0x7E, 0xE4,
    0x48, 0x4B, 0xDB, 0x84, 0x3D, 0x2E, 0xE4, 0xC0, 0x8A, 0x1D, 0x31, 0x85, 0x0B, 0x07, 0x86, 0x8F,
    0x6D, 0x8A, 0xBD, 0x25, 0x6D, 0x17, 0x2E, 0xA3, 0x22, 0x40, 0x90, 0x34, 0x51, 0xE1, 0x26, 0x0E,
    0x10, 0xB9, 0x14, 0xE0, 0xBB, 0x5B, 0xDA, 0x2A, 0x5C, 0xA4, 0xB9, 0x22, 0x7D, 0x14, 0xC0, 0x29,
    0x74, 0x2E, 0x14, 0x04, 0x2A, 0x16, 0x88, 0xB4, 0xA4, 0x25, 0x04, 0x2A, 0x4D, 0x5B, 0x40, 0x5C,
    0xA8, 0x10, 0x23, 0x1B, 0x08, 0x20, 0x01, 0xD6, 0xC0, 0x66, 0x24, 0xE6, 0x8E, 0xBB, 0xCC, 0xF7,
    0x3D, 0x72, 0x57, 0x27, 0x27, 0x4E, 0x82, 0x44, 0xD9, 0xDB, 0xF9, 0xE6, 0x96, 0x4B, 0xCE, 0xCF,
    0xFB, 0xF9, 0xDE, 0x7B, 0xB3, 0xF2, 0x8C, 0x48, 0xD0, 0x15, 0x12, 0xDD, 0x71, 0x32, 0x11, 0x27,
    0x97, 0xD0, 0x1A, 0xB4, 0x7A, 0xF8, 0x3F, 0x39, 0xEF, 0x24, 0x5A, 0x3A, 0xF1, 0xDE, 0x77, 0x22,
    0xF2, 0xCF, 0xDA, 0x12, 0x6D, 0x8A, 0x36, 0x92, 0xA7, 0x5F, 0x91, 0xDF, 0x7F, 0x55, 0x9C, 0x79,
    0xBD, 0x48, 0x2E, 0xA4, 0xD1, 0x52, 0xBC, 0x5D, 0x09, 0x6B, 0x89, 0x16, 0x32, 0xB6, 0xC3, 0x3B,
    0x9E, 0x8B, 0x6D, 0x79, 0xFD, 0x79, 0x91, 0x24, 0x15, 0x5B, 0x8A, 0x5F, 0x0B, 0xA6, 0x91, 0x44,
    0xC4, 0x66, 0x62, 0xF0, 0xB9, 0xC4, 0x48, 0x61, 0x1D, 0x2D, 0xC6, 0xD1, 0xD8, 0x8E, 0x6D, 0x3C,
    0xB7, 0xAD, 0xB7, 0xEB, 0xED, 0xDA, 0x36, 0x9E, 0xF3, 0xF3, 0xEA, 0xCA, 0xB4, 0xC3, 0x6B, 0xD9,
    0xA3, 0xC8, 0x96, 0x98, 0x42, 0x64, 0x92, 0x9A, 0xC2, 0x4A, 0x57, 0x13, 0xF7, 0x17, 0xA6, 0x08,
    0x33, 0x17, 0x9B, 0xC2, 0x14, 0x95, 0x35, 0x85, 0x5F, 0x09, 0x10, 0x9B, 0x22, 0x6E, 0x4B, 0x7C,
    0xB6, 0x90, 0xF8, 0x76, 0xF7, 0x55, 0x81, 0xAD, 0xD7, 0x07, 0x78, 0xF6, 0xB8, 0x24, 0x40, 0x2C,
    0x42, 0x31, 0x50, 0x14, 0x79, 0xAC, 0xEF, 0xE4, 0x3B, 0xA2, 0x33, 0x75, 0x37, 0xEB, 0xBE, 0xEF,
    0x1C, 0x17, 0x6D, 0x8A, 0x1D, 0xE9, 0x67, 0xDD, 0x90, 0x27, 0x24, 0xC7, 0xBC, 0x27, 0xC4, 0xCA,
    0xB2, 0xD5, 0xFE, 0x1D, 0xCE, 0x7D, 0x02, 0x23, 0x39, 0xCB, 0xDE, 0xE8, 0xFC, 0x27, 0xA4, 0x5F,
    0x01, 0x7A, 0xAC, 0xE1, 0x35, 0xF6, 0x58, 0xC5, 0x67, 0xEC, 0x75, 0x1D, 0xE8, 0x75, 0x25, 0x27,
    0x74, 0xD6, 0x68, 0xE8, 0xC3, 0xA1, 0xF7, 0xB3, 0xC7, 0xB1, 0x53, 0xD1, 0x36, 0x46, 0x4B, 0xF6,
    0x4E, 0x8A, 0xED, 0x5A, 0x91, 0x37, 0xE7, 0x5C, 0x39, 0xD7, 0xD8, 0xB0, 0x49, 0xAB, 0xCB, 0x12,
    0x0F, 0xFF, 0x9A, 0xFD, 0x0E, 0x6B, 0xB0, 0xA9, 0xC9, 0xC2, 0x0C, 0x23, 0xA1, 0xD9, 0xD4, 0x83,
    0xB6, 0xF8, 0x5C, 0xD8, 0xED, 0x62, 0xFE, 0x4A, 0xC4, 0x5B, 0xEA, 0x6C, 0x22, 0x06, 0xCA, 0x90,
    0xB7, 0xAC, 0x0A, 0x42, 0x21, 0xA3, 0x30, 0x6E, 0x9F, 0xC7, 0xDC, 0xBA, 0xE7, 0x6F, 0xEF, 0x35,
    0xA2, 0x93, 0x53, 0x0C, 0x8D, 0x82, 0x4F, 0x0B, 0x50, 0x13, 0x30, 0x5D, 0xF9, 0xA4, 0x04, 0x7F,
    0x72, 0x79, 0x1A, 0x66, 0xF7, 0xBA, 0x34, 0xC8, 0xA6, 0x37, 0xB9, 0xC8, 0x0D, 0xC0, 0x36, 0xA1,
    0x79, 0x59, 0xFC, 0x0F, 0x1D, 0xE0, 0x00, 0xF2, 0x92, 0x3C, 0x05, 0x3C, 0x2B, 0x0F, 0xE6, 0x3A,
    0xAA, 0x3A, 0x3C, 0x0C, 0xFB, 0x7B, 0xA9, 0x08, 0xF7, 0x23, 0xA3, 0xBD, 0xCB, 0xBC, 0x65, 0x43,
    0xE7, 0x6D, 0x15, 0x7A, 0xD3, 0x23, 0xD8, 0x01, 0x2C, 0x96, 0xEB, 0xE2, 0x0C, 0x12, 0xCF, 0x0B,
    0x53, 0x1E, 0x7C, 0x55, 0xFA, 0x6E, 0x7A, 0xA5, 0x92, 0xFA, 0x28, 0x4C, 0x6A, 0x9B, 0x43, 0xC6,
    0x59, 0x94, 0x41, 0xCE, 0x1D, 0x1E, 0xCB, 0xEB, 0x5E, 0x84, 0x2B, 0x9C, 0xF4, 0x02, 0xBF, 0x7D,
    0x1E, 0x33, 0x86, 0x5D, 0x47, 0x31, 0xBC, 0xB9, 0xD7, 0xCA, 0x83, 0xCD, 0xF6, 0xBB, 0xE5, 0x5A,
    0x60, 0x49, 0xD2, 0xA3, 0xE7, 0x11, 0xAD, 0xF5, 0xAB, 0x0D, 0xB1, 0xBF, 0x7C, 0xB7, 0x4A, 0x24,
    0xB8, 0x76, 0xA5, 0xEA, 0x32, 0x73, 0xFD, 0xE3, 0x83, 0xBF, 0x14, 0xF2, 0xA5, 0xEB, 0x60, 0x65,
    0x5B, 0xF5, 0x31, 0x4C, 0xBD, 0xB1, 0x45, 0xD9, 0x07, 0x79, 0x16, 0x0B, 0xB7, 0xB4, 0xA0, 0x58,
    0x3B, 0x0E, 0xE4, 0x0B, 0x74, 0x60, 0x32, 0x77, 0xD1, 0x9C, 0x2D, 0x5C, 0x1D, 0x7E, 0x06, 0x88,
    0xEE, 0x17, 0x6E, 0xDE, 0x26, 0x85, 0x4B, 0x6A, 0xC0, 0xE8, 0xF5, 0xAE, 0x70, 0x32, 0xC5, 0x17,
    0x01, 0x4C, 0xDA, 0xD9, 0xD2, 0x94, 0x2E, 0xAC, 0x4D, 0xE3, 0x4C, 0x67, 0xE0, 0x95, 0xF1, 0xF5,
    0x8F, 0x9C, 0xF8, 0xF7, 0xAF, 0x42, 0x04, 0xF9, 0x15, 0x40, 0x5C, 0x9C, 0x1B, 0x8C, 0xD8, 0xCF,
    0xE4, 0x88, 0xCA, 0xAC, 0xDF, 0xE3, 0xCA, 0x70, 0x12, 0x9A, 0x00, 0xE6, 0xF7, 0x38, 0x7D, 0xA8,
    0xAE, 0x5B, 0x78, 0x69, 0x58, 0x26, 0xAD, 0xEF, 0xE6, 0xB9, 0xE7, 0x66, 0x96, 0x8D, 0xEE, 0x12,
    0x16, 0x32, 0xCD, 0x53, 0xE1, 0x9E, 0xA9, 0x08, 0x89, 0x6B, 0x3C, 0xD4, 0x8A, 0x71, 0x13, 0x08,
    0x3A, 0x12, 0xFE, 0x6D, 0x48, 0x74, 0x0A, 0xAD, 0x8E, 0xCF, 0x45, 0xCE, 0xBA, 0xC8, 0x79, 0xBB,
    0x11, 0x44, 0x17, 0x5D, 0x92, 0xE3, 0x51, 0xF2, 0x41, 0x77, 0xD7, 0x76, 0xB0, 0xBE, 0x9F, 0xD1,
    0xB7, 0x71, 0x6F, 0xA0, 0xB6, 0x94, 0xAD, 0xB5, 0xBB, 0xDC, 0xA5, 0x1E, 0x3A, 0xB8, 0xFB, 0x28,
    0x57, 0xAB, 0x82, 0x8A, 0x63, 0xB7, 0xC1, 0x39, 0x22, 0x4E, 0x12, 0x71, 0x96, 0x09, 0xA7, 0x69,
    0x39, 0x8F, 0x23, 0x64, 0x75, 0xBC, 0x1B, 0x09, 0xA7, 0x12, 0xE7, 0x9D, 0x8B, 0x84, 0x93, 0x91,
    0x3D, 0x22, 0xF8, 0xC2, 0x79, 0x3C, 0xD0, 0x51, 0xB9, 0x6F, 0xEE, 0x51, 0xC3, 0x3A, 0xAB, 0x3C,
    0x4E, 0xF7, 0x69, 0x75, 0x22, 0x39, 0xE2, 0x37, 0x36, 0x1B, 0x07, 0x45, 0x50, 0x8C, 0x6D, 0x16,
    0x16, 0x13, 0x9B, 0xD9, 0x34, 0x0A, 0xAA, 0x5C, 0xEC, 0x2B, 0x9F, 0x74, 0x70, 0x32, 0xB9, 0x99,
    0x81, 0x7F, 0x82, 0x02, 0x16, 0x8D, 0x15, 0x36, 0x84, 0x84, 0x1E, 0x60, 0xF7, 0x73, 0xDA, 0x3F,
    0x47, 0xF9, 0x16, 0xE4, 0xE0, 0xA9, 0xFE, 0x7B, 0xEC, 0x6D, 0x50, 0xBA, 0xF7, 0x89, 0xB1, 0x9A,
    0x8D, 0x77, 0x61, 0xA9, 0xD7, 0x62, 0x5A, 0x52, 0x8B, 0x51, 0x31, 0x35, 0xE8, 0x04, 0x73, 0xBF,
    0x57, 0x8C, 0x83, 0x32, 0xF8, 0x28, 0x1B, 0x87, 0x59, 0xD0, 0xC9, 0x26, 0xA6, 0x6F, 0x25, 0x0E,
    0xAB, 0x04, 0xA2, 0xF6, 0xB1, 0x00, 0x18, 0x88, 0xD7, 0x65, 0x9C, 0x95, 0xB7, 0xEB, 0x1A, 0xFA,
    0x45, 0x70, 0x15, 0xC0, 0x88, 0xCB, 0x18, 0xD6, 0xA1, 0x0B, 0x51, 0x83, 0xAC, 0x14, 0x21, 0x44,
    0x53, 0xF6, 0x6B, 0x48, 0x57, 0xBE, 0x9A, 0xFC, 0xE5, 0xE3, 0x56, 0xFC, 0xA5, 0x29, 0x61, 0x9C,
    0x95, 0x29, 0xAD, 0x84, 0x8A, 0x66, 0x69, 0x3E, 0xC6, 0x40, 0xF1, 0xD5, 0xEB, 0x30, 0x02, 0xFF,
    0xDE, 0x27, 0xAA, 0x05, 0x7D, 0x36, 0x52, 0x0C, 0x15, 0xFB, 0xD1, 0x68, 0x9B, 0xDC, 0xE3, 0xC5,
    0x20, 0xEB, 0x8A, 0xDA, 0xC2, 0xB4, 0x97, 0xB9, 0x43, 0x44, 0x68, 0x00, 0xA3, 0xB4, 0x56, 0xFE,
    0x07, 0x04, 0x15, 0x4C, 0x30, 0xCF, 0x9C, 0x04, 0x8C, 0x1B, 0x66, 0x01, 0xF0, 0xF2, 0x82, 0x5F,
    0xE8, 0x2D, 0x97, 0x09, 0x31, 0x21, 0x24, 0x18, 0x95, 0xD9, 0xB9, 0x43, 0xC3, 0x4B, 0x8E, 0xE1,
    0xC1, 0x7F, 0x5D, 0x66, 0xB3, 0x6D, 0x0C, 0xFF, 0x86, 0x85, 0xC1, 0x77, 0xB8, 0x2F, 0xBA, 0xF0,
    0x8E, 0xA3, 0x5C, 0x56, 0x10, 0xA5, 0x8E, 0x54, 0x83, 0xE1, 0x39, 0x11, 0x1E, 0x77, 0x6B, 0x1D,
    0x7C, 0x0D, 0xCE, 0xA9, 0x74, 0x0A, 0x05, 0x88, 0x73, 0x46, 0xEF, 0x1B, 0xC0, 0xEC, 0xBB, 0x19,
    0x8C, 0x0C, 0x00, 0x42, 0xC0, 0x7F, 0x2D, 0xAF, 0x39, 0x80, 0xDF, 0xA5, 0xB8, 0x96, 0xF3, 0x0B,
    0x6F, 0x31, 0xA3, 0x40, 0x68, 0x96, 0x46, 0x6D, 0xB3, 0x11, 0x2F, 0x8B, 0x4B, 0xB0, 0x38, 0x75,
    0xCC, 0x01, 0x40, 0xD2, 0x33, 0x79, 0xD6, 0xEE, 0xD7, 0x32, 0x36, 0xF0, 0xA4, 0x4D, 0xF3, 0xC7,
    0x23, 0x02, 0xC2, 0x07, 0xB1, 0x9A, 0x3B, 0x5D, 0x1A, 0xBE, 0xD3, 0x5D, 0x83, 0x31, 0x1D, 0x0B,
    0x0A, 0xAF, 0xE6, 0xAC, 0x73, 0x89, 0xA9, 0x1B, 0x4A, 0x1C, 0x37, 0x4F, 0xFB, 0xC8, 0xB5, 0x40,
    0x4C, 0x50, 0x69, 0x18, 0xA8, 0xD4, 0xDC, 0x3D, 0x2F, 0xE6, 0xD3, 0x0E, 0xDE, 0xFD, 0x73, 0x07,
    0xE1, 0xA3, 0x79, 0xCE, 0x2F, 0xFD, 0xCA, 0x2F, 0x43, 0x18, 0x24, 0x42, 0x25, 0x1F, 0x4E, 0xAA,
    0x07, 0xC4, 0x5B, 0xAB, 0x1C, 0xCD, 0x12, 0xAE, 0x69, 0xEE, 0x92, 0xE8, 0x3F, 0xBE, 0x30, 0x87,
    0xDA, 0x2C, 0x34, 0x5C, 0xC6, 0x61, 0xEA, 0xEF, 0x2F, 0x2C, 0x1E, 0xAA, 0xAD, 0x06, 0x14, 0x91,
    0xA7, 0x47, 0x2D, 0x2D, 0xC6, 0x11, 0x28, 0xF6, 0x97, 0xD4, 0x4A, 0x4F, 0x2B, 0x05, 0xF5, 0x46,
    0xDC, 0x47, 0xB6, 0x55, 0x27, 0x0C, 0xDB, 0x10, 0x84, 0x5C, 0x8E, 0x52, 0xB2, 0x6B, 0x1D, 0xEE,
    0xC3, 0x13, 0x5E, 0xAD, 0x20, 0x38, 0x09, 0x41, 0x75, 0x23, 0x28, 0xFA, 0xC3, 0xFD, 0xEE, 0xDD,
    0x0A, 0x32, 0xC9, 0xEF, 0x5F, 0x2D, 0xC5, 0x73, 0x47, 0x83, 0xAB, 0x05, 0xC3, 0x62, 0x78, 0xB6,
    0xB7, 0xD9, 0xD7, 0xD0, 0xC1, 0x77, 0x68, 0xC1, 0x7E, 0xD7, 0xA8, 0x45, 0x7D, 0x2B, 0xED, 0xD9,
    0x73, 0xE5, 0x38, 0xC3, 0xEB, 0x94, 0xE2, 0x45, 0xCE, 0x5D, 0xE6, 0x45, 0x8F, 0xB4, 0x41, 0x55,
    0x02, 0xD1, 0xEF, 0x88, 0xF1, 0x7D, 0xA0, 0xB7, 0xE4, 0x75, 0xEB, 0x14, 0x4B, 0x03, 0x55, 0x80,
    0x17, 0x5B, 0x7C, 0x3B, 0xBD, 0xDA, 0x01, 0xCD, 0x97, 0x37, 0xA8, 0xB0, 0xF9, 0x75, 0x62, 0x5C,
    0x36, 0x6A, 0xD1, 0x6F, 0xAC, 0x2D, 0x3A, 0xAE, 0xA3, 0x8A, 0x0C, 0x03, 0xC6, 0x31, 0x2E, 0x71,
    0x5B, 0xE4, 0x98, 0x62, 0xAC, 0x5C, 0xB6, 0x45, 0x82, 0x31, 0xF5, 0x29, 0x45, 0x32, 0x5A, 0xBA,
    0x45, 0xA2, 0x29, 0xC6, 0x64, 0xB5, 0xFD, 0x96, 0x54, 0x93, 0xD7, 0x64, 0xB6, 0x51, 0x4A, 0x6E,
    0xC3, 0xDE, 0xC8, 0x6E, 0x32, 0xF0, 0x1B, 0x39, 0x48, 0x79, 0x76, 0x3C, 0x44, 0x93, 0xE8, 0xF6,
    0x2E, 0x23, 0x09, 0xE8, 0xE8, 0x42, 0x46, 0xDE, 0x5B, 0x2B, 0x7D, 0xF0, 0xD5, 0xBE, 0x7D, 0x0F,
    0x2D, 0x41, 0xB4, 0x7A, 0x6E, 0x50, 0xBA, 0x0C, 0x4A, 0x27, 0x0B, 0xC5, 0x6B, 0xA5, 0xF7, 0xAF,
    0xE7, 0x09, 0x3B, 0xBD, 0x35, 0x0A, 0x13, 0x09, 0xBC, 0x66, 0xEB, 0x10, 0x16, 0x0D, 0x2A, 0xEC,
    0x41, 0x6D, 0x4A, 0xFC, 0x2F, 0x08, 0x37, 0x49, 0x09, 0xD7, 0x29, 0xD0, 0x4F, 0x30, 0x54, 0xF0,
    0x21, 0x1D, 0x09, 0xDE, 0x34, 0xEA, 0xA0, 0x04, 0x4B, 0x47, 0x82, 0xA1, 0x00, 0x32, 0xD8, 0x01,
    0xF8, 0x09, 0xE2, 0x59, 0x52, 0xFA, 0x53, 0x1A, 0xC8, 0xE8, 0xA4, 0x7C, 0x3D, 0xE4, 0x7A, 0x43,
    0xB4, 0xF5, 0xF0, 0x98, 0x8B, 0x10, 0xEA, 0xDD, 0x14, 0x29, 0xD6, 0xFE, 0x01, 0x36, 0x31, 0xBD,
    0x0E, 0xA3, 0x3D, 0x0A, 0x0D, 0x37, 0xCC, 0xE2, 0x36, 0xC9, 0x5D, 0xD1, 0x43, 0x21, 0xF7, 0x1F,
    0x65, 0xF0, 0x0C, 0x1A, 0x9E, 0x2F, 0x5F, 0x5A, 0xEF, 0xBF, 0x37, 0x7C, 0x53, 0x0E, 0x86, 0x0F,
    0x72, 0x6D, 0x07, 0x19, 0x3C, 0xAE, 0x99, 0x42, 0xD8, 0xD8, 0x36, 0xE9, 0x7E, 0xD0, 0xB4, 0xC1,
    0x4D, 0x88, 0x80, 0x7B, 0x48, 0x30, 0x5F, 0x04, 0x17, 0xB3, 0x92, 0x20, 0x07, 0x08, 0x9C, 0x1D,
    0x32, 0x8A, 0x6F, 0x6A, 0x4F, 0x3C, 0xB4, 0x25, 0xCD, 0x3C, 0x8E, 0xA6, 0x7C, 0xBA, 0xC5, 0x96,
    0x96, 0x39, 0xFC, 0xB5, 0x0E, 0xB1, 0x25, 0xA4, 0x73, 0x70, 0x50, 0x2E, 0x87, 0x6B, 0xBD, 0xD4,
    0x87, 0x03, 0xF0, 0xF9, 0xA1, 0x70, 0xF0, 0x6D, 0x86, 0x45, 0x61, 0x48, 0x93, 0x4A, 0x82, 0xA5,
    0x74, 0x59, 0xD4, 0x15, 0x5D, 0x3A, 0x31, 0x60, 0xC5, 0x31, 0xA9, 0x71, 0x42, 0xF8, 0x8E, 0x4F,
    0x92, 0x0C, 0x4B, 0x88, 0x9C, 0x24, 0x19, 0x52, 0xE4, 0xCA, 0x94, 0x5E, 0xAE, 0xCC, 0xC6, 0x6F,
    0x65, 0x41, 0x48, 0x08, 0xF6, 0x30, 0x49, 0x72, 0x91, 0xA9, 0xC2, 0x2A, 0x2F, 0x82, 0xBB, 0x17,
    0x21, 0xA3, 0xC3, 0xB4, 0x16, 0x73, 0x05, 0x8F, 0x99, 0x8F, 0xA0, 0x56, 0x24, 0x03, 0x60, 0x27,
    0x3A, 0x99, 0xA9, 0x28, 0xD9, 0x54, 0xCD, 0x5D, 0x73, 0x69, 0xF5, 0x38, 0xCF, 0x1D, 0x76, 0xBA,
    0x45, 0xD8, 0x1A, 0xB4, 0x00, 0x19, 0x32, 0xC6, 0xC9, 0xCC, 0x01, 0xE2, 0x4E, 0x77, 0x23, 0x0B,
    0x9B, 0x30, 0x4B, 0x70, 0x2D, 0x81, 0x56, 0xA3, 0x9A, 0xE1, 0x08, 0xD4, 0x65, 0x6F, 0x64, 0xE2,
    0x1D, 0x60, 0x8F, 0xD3, 0x8C, 0x76, 0xC3, 0x9C, 0xF0, 0xC1, 0xA2, 0x86, 0x81, 0xD7, 0xF0, 0x0C,
    0xC0, 0xEF, 0xFE, 0x8C, 0x4D, 0xDE, 0x5E, 0xD0, 0xA4, 0x62, 0x1A, 0x17, 0x56, 0x1B, 0x6A, 0x50,
    0x75, 0xBC, 0xE5, 0x77, 0x0F, 0x3F, 0x31, 0xAC, 0xEC, 0x59, 0xC2, 0xCB, 0x98, 0xA4, 0x8A, 0x9D,
    0xDF, 0x2D, 0x62, 0xE4, 0x39, 0xF1, 0x2F, 0x40, 0x9A, 0xC1, 0x17, 0xB2, 0x73, 0xD2, 0x2E, 0x25,
    0x6E, 0x76, 0xE6, 0x32, 0xBA, 0xDC, 0x4C, 0x98, 0xB0, 0x6E, 0x30, 0x8B, 0x01, 0xCC, 0x99, 0xDC,
    0x7C, 0x5F, 0x33, 0x9C, 0x6F, 0x86, 0xE3, 0x3D, 0xA3, 0xF5, 0x89, 0x3B, 0x32, 0x27, 0x4D, 0xDE,
    0x3A, 0xA8, 0x8A, 0x19, 0x2F, 0x73, 0x1B, 0x44, 0x2F, 0xA4, 0xCF, 0xD3, 0xD2, 0xD9, 0xD4, 0x47,
    0xE8, 0x42, 0xB2, 0x5C, 0x12, 0xA9, 0xA1, 0xD3, 0x99, 0xDF, 0x65, 0x8E, 0xA1, 0xB9, 0x76, 0xEF,
    0xAF, 0x22, 0x19, 0x53, 0x11, 0x66, 0x32, 0x8A, 0xDE, 0x9A, 0xC7, 0x0E, 0xF9, 0x5E, 0x2F, 0x72,
    0x26, 0xD6, 0x9A, 0xE3, 0x4D, 0x6F, 0x41, 0x3F, 0x4B, 0x66, 0x54, 0x15, 0x20, 0x24, 0xE8, 0x47,
    0x89, 0xE9, 0x8F, 0xFE, 0x3D, 0xDE, 0xBC, 0x43, 0x88, 0x08, 0x01, 0xC1, 0xF4, 0x44, 0xBF, 0x50,
    0xD0, 0xE1, 0x3D, 0x21, 0x0D, 0xFB, 0x55, 0x94, 0xDA, 0xD7, 0xC0, 0x18, 0xE1, 0xBB, 0xF4, 0xB8,
    0xA2, 0xBB, 0x55, 0x99, 0xEA, 0x38, 0x72, 0x11, 0xC7, 0x84, 0xE4, 0x12, 0x0D, 0x15, 0xCA, 0x53,
    0x1B, 0x4D, 0xB1, 0x4B, 0x3E, 0x3A, 0x4A, 0x0F, 0x85, 0x42, 0xCB, 0xA2, 0x6E, 0xC4, 0x00, 0x0D,
    0xD9, 0xD2, 0x8F, 0xD3, 0x81, 0x0C, 0xA4, 0x83, 0x79, 0x9A, 0xFD, 0x06, 0x96, 0x59, 0x6C, 0x10,
    0x2C, 0x4D, 0xCC, 0x0C, 0x4A, 0x43, 0x8C, 0x74, 0xA4, 0x99, 0xC1, 0x88, 0x1E, 0x8C, 0x07, 0x71,
    0xD6, 0x94, 0x26, 0xC9, 0xB1, 0xA8, 0xB9, 0xF8, 0x9A, 0xA2, 0xC4, 0xB5, 0x05, 0x0B, 0x9D, 0x12,
    0x00, 0x39, 0xF2, 0x16, 0x7E, 0x1B, 0xD6, 0x94, 0xFE, 0x9C, 0x60, 0x09, 0x5A, 0x6D, 0x48, 0xFD,
    0xA8, 0x44, 0x37, 0xA3, 0xE8, 0x5A, 0x06, 0xD5, 0x4B, 0x87, 0x95, 0xA2, 0x45, 0xE2, 0xB2, 0x77,
    0x9E, 0x63, 0x00, 0xBF, 0xFB, 0xF0, 0xB5, 0x22, 0xB8, 0x43, 0x69, 0x64, 0x5D, 0x8E, 0xD2, 0x08,
    0x29, 0x21, 0xF2, 0x42, 0x78, 0x55, 0xC1, 0x2D, 0x6B, 0xCA, 0xD5, 0xAE, 0x6E, 0x7E, 0xB8, 0x20,
    0x29, 0x56, 0x25, 0xE1, 0xCB, 0x08, 0xFF, 0xDD, 0x4F, 0x5D, 0x72, 0xBF, 0xBB, 0x0B, 0x71, 0xBC,
    0xB3, 0xA4, 0x38, 0x69, 0x9A, 0x32, 0x98, 0xE6, 0xE8, 0xA0, 0x61, 0xD6, 0xB5, 0xD8, 0x00, 0xB7,
    0x1C, 0xFB, 0xD7, 0xF6, 0xF9, 0x75, 0x4B, 0x5D, 0x0B, 0x76, 0x95, 0x90, 0x44, 0x15, 0x20, 0x60,
    0x42, 0x32, 0xBD, 0x0B, 0x62, 0x5D, 0x40, 0xA0, 0x10, 0x6C, 0x43, 0xC1, 0xF2, 0x16, 0xA4, 0x21,
    0xA0, 0x14, 0xC6, 0x81, 0x1D, 0x82, 0x3D, 0x9C, 0xB3, 0x4C, 0x57, 0x86, 0x5F, 0x43, 0xDE, 0x11,
    0x19, 0x1F, 0x51, 0xC2, 0xBE, 0x02, 0x30, 0x37, 0x19, 0x23, 0x96, 0x00, 0xBF, 0x89, 0x69, 0xC6,
    0x48, 0x9E, 0x4D, 0x19, 0x49, 0x78, 0xB7, 0x88, 0xA8, 0x50, 0xDC, 0xF2, 0x82, 0x86, 0x94, 0x87,
    0x60, 0x5D, 0x60, 0x52, 0xC0, 0x3B, 0x60, 0x22, 0x2D, 0x30, 0x73, 0x2D, 0x30, 0xFD, 0x74, 0x55,
    0x60, 0x22, 0x28, 0x20, 0x03, 0xB7, 0xF8, 0x8E, 0xF9, 0x2C, 0xF9, 0x0E, 0x4B, 0x67, 0x36, 0xCC,
    0x92, 0x89, 0x2A, 0x7F, 0x7A, 0xD6, 0x5E, 0xC2, 0x58, 0xA2, 0x4D, 0x29, 0x79, 0x4A, 0x06, 0x5B,
    0x30, 0x16, 0x70, 0xAC, 0xEC, 0xE1, 0xB1, 0x96, 0xFF, 0x72, 0x2C, 0x0F, 0x14, 0xF6, 0x76, 0x37,
    0xED, 0x42, 0xC4, 0x8C, 0x6F, 0xFA, 0xF3, 0x32, 0x54, 0x3A, 0x29, 0x33, 0x71, 0x98, 0x62, 0x83,
    0x6A, 0x37, 0x28, 0x91, 0x52, 0x23, 0xB5, 0xF7, 0x6B, 0xEE, 0xEC, 0x2D, 0xCE, 0xD4, 0x2F, 0x46,
    0x41, 0xB9, 0xF3, 0x7F, 0x06, 0x2F, 0x53, 0xA6, 0x51, 0xA2, 0x51, 0x2F, 0xDE, 0x64, 0xD1, 0x2B,
    0x93, 0x3D, 0x14, 0x5B, 0xC8, 0x05, 0x59, 0x38, 0x7B, 0x28, 0x6B, 0xE9, 0x53, 0x27, 0xFA, 0x60,
    0x8E, 0xE0, 0xB1, 0xC6, 0xFE, 0xCA, 0x23, 0x46, 0xE4, 0x59, 0x7E, 0x2A, 0xDE, 0x8F, 0x32, 0xCC,
    0x9F, 0xC9, 0x0E, 0xD2, 0xFE, 0x8B, 0xA8, 0x41, 0x76, 0xF2, 0x24, 0x8D, 0x51, 0xA9, 0xF8, 0xA9,
    0x97, 0x32, 0x25, 0x1F, 0xB9, 0x3E, 0xE0, 0xCE, 0xDF, 0x85, 0xB3, 0xDB, 0x4A, 0xE6, 0xF3, 0x56,
    0x92, 0x3A, 0x06, 0x93, 0xA0, 0x9E, 0x3C, 0x26, 0x3E, 0xAA, 0x96, 0xCF, 0x59, 0xF0, 0x23, 0x00,
    0x8D, 0x30, 0x0C, 0x93, 0xFA, 0x6C, 0x7D, 0x1D, 0xFB, 0x9C, 0x7E, 0x0E, 0xE7, 0x4D, 0xA7, 0x37,
    0xAA, 0x85, 0xA4, 0xB8, 0xC7, 0xCB, 0xFB, 0x90, 0xEB, 0x98, 0x7D, 0x22, 0x91, 0x6D, 0xB5, 0xB8,
    0x61, 0xA1, 0x45, 0x0D, 0x23, 0xF7, 0xE8, 0xDF, 0x2C, 0x8F, 0x0B, 0x12, 0x9F, 0xB7, 0xBC, 0xA8,
    0x43, 0x93, 0x9A, 0x9C, 0xE6, 0x3A, 0xD3, 0xDF, 0x62, 0xBD, 0x85, 0xF7, 0x01, 0xD6, 0xE4, 0x86,
    0x71, 0x90, 0x94, 0x5E, 0x12, 0xEF, 0xDF, 0x8C, 0xF3, 0xBB, 0x7E, 0x9C, 0x43, 0x29, 0xA6, 0xE6,
    0x98, 0x4E, 0x9E, 0x62, 0x92, 0x89, 0xD0, 0x04, 0x49, 0x63, 0x41, 0x3E, 0xA6, 0x68, 0xD5, 0x5F,
    0x34, 0x13, 0x9E, 0xF5, 0xEA, 0x9B, 0xF5, 0x87, 0x40, 0x5A, 0x34, 0x6C, 0xA1, 0xC3, 0xD0, 0x97,
    0xFB, 0x6E, 0xF8, 0x34, 0x7C, 0x77, 0xE8, 0x4E, 0x52, 0x8F, 0xCC, 0x74, 0x03, 0x4C, 0xCC, 0x30,
    0x39, 0x3B, 0x2E, 0xE0, 0x8D, 0xF5, 0x41, 0xC3, 0xAA, 0xDB, 0xEC, 0xBB, 0x78, 0xEF, 0xBC, 0x16,
    0x5D, 0x9D, 0x1E, 0x06, 0xA0, 0x74, 0x1D, 0xE2, 0xC9, 0x4C, 0x86, 0x05, 0x1E, 0x5A, 0x27, 0x07,
    0x6B, 0xF5, 0xBB, 0xFF, 0xE3, 0x3A, 0x9F, 0xC6, 0x63, 0x08, 0x21, 0x15, 0x28, 0x7F, 0x22, 0x8F,
    0x21, 0xFC, 0xC1, 0x1E, 0x2B, 0x49, 0x3C, 0x9E, 0x05, 0xD6, 0xF2, 0x57, 0x68, 0xE4, 0xE0, 0x8E,
    0x93, 0x3F, 0xA0, 0xE2, 0xDC, 0x3A, 0xDE, 0xD7, 0xD8, 0x96, 0x4C, 0xBC, 0xEC, 0x9D, 0x58, 0x82,
    0x76, 0x38, 0x0B, 0xE4, 0xC9, 0x11, 0xA7, 0xF3, 0xFA, 0x0D, 0x3F, 0x80, 0x78, 0xEF, 0xB7, 0xAB,
    0xFD, 0x0E, 0xBB, 0xAD, 0x57, 0x46, 0xDF, 0x5B, 0x7E, 0x2D, 0x8F, 0x02, 0x4E, 0x3D, 0xCA, 0xBC,
    0xF5, 0xF0, 0x4B, 0x37, 0x31, 0x3F, 0xA4, 0xC2, 0xFF, 0x31, 0xAB, 0x1D, 0x5E, 0x8C, 0x2D, 0x24,
    0x35, 0x53, 0xAC, 0x03, 0xD7, 0x23, 0x08, 0xB1, 0x33, 0x86, 0xD8, 0x56, 0xEA, 0xA1, 0x50, 0xE8,
    0x5F, 0xFF, 0xBF, 0x23, 0xA7, 0x98, 0xA5, 0xDE, 0x72, 0xA0, 0x67, 0x30, 0x3A, 0xAD, 0xEE, 0xB4,
    0xC6, 0xA2, 0x69, 0x9F, 0x67, 0x3F, 0xB2, 0x03, 0x29, 0x4E, 0x92, 0x60, 0x1B, 0x20, 0x1D, 0xD3,
    0x6E, 0x48, 0xF8, 0xEB, 0xA7, 0x64, 0x64, 0x11, 0x81, 0x91, 0xC3, 0x4B, 0xBC, 0xCB, 0x52, 0x01,
    0x61, 0x25, 0x20, 0x77, 0xA4, 0xD3, 0xB3, 0xC5, 0xBD, 0x4F, 0x8A, 0xDF, 0x7C, 0x5A, 0x80, 0x94,
    0x34, 0x30, 0x3E, 0x36, 0x1C, 0x39, 0x1E, 0x65, 0x38, 0x81, 0x83, 0x20, 0x7E, 0x35, 0xF9, 0x7B,
    0x85, 0x9C, 0xBE, 0x7F, 0xB5, 0x98, 0x5E, 0xBD, 0x75, 0xAD, 0xB8, 0x77, 0xEB, 0x46, 0x27, 0xE7,
    0xAE, 0x5F, 0xFB, 0xBC, 0xDF, 0x42, 0x1F, 0x4D, 0x8F, 0x43, 0xC2, 0xCE, 0xDE, 0x6E, 0x11, 0xE8,
    0x37, 0x25, 0x1E, 0x8B, 0xD5, 0x77, 0x34, 0x96, 0x38, 0x91, 0x6D, 0x5C, 0xE7, 0x29, 0xC0, 0x71,
    0x04, 0x4D, 0xC6, 0xC6, 0x5A, 0x69, 0x6B, 0x47, 0x05, 0x12, 0xE0, 0xC3, 0x42, 0x0F, 0xBB, 0xC3,
    0xE2, 0x79, 0x53, 0x6C, 0x9B, 0xB2, 0x35, 0x65, 0x1D, 0x14, 0xF3, 0x3C, 0x4B, 0x96, 0x32, 0xD2,
    0x23, 0x10, 0x3D, 0x16, 0xA3, 0xC7, 0x50, 0x8A, 0x81, 0x46, 0x2A, 0x3C, 0xE5, 0xB5, 0x83, 0x91,
    0x6D, 0x68, 0xFF, 0x02, 0x3E, 0x93, 0x0D, 0x62, 0x8D, 0x53, 0xC5, 0xB0, 0xAE, 0x95, 0xAF, 0xF9,
    0xB8, 0xFF, 0xA4, 0x0A, 0xF2, 0xD9, 0x24, 0x4F, 0xC7, 0x9B, 0x61, 0x31, 0x9E, 0x98, 0x72, 0x73,
    0xC3, 0xAF, 0x62, 0xF0, 0xA4, 0x25, 0x93, 0xA3, 0xCA, 0x0B, 0x0B, 0xCF, 0xA1, 0x40, 0xA8, 0xBC,
    0x06, 0xB2, 0xCC, 0x91, 0xBF, 0xA3, 0xC8, 0xE7, 0x89, 0x04, 0x4F, 0x83, 0x13, 0x8C, 0x85, 0x3D,
    0x09, 0xAB, 0xE1, 0x04, 0x8B, 0xB7, 0x07, 0x0D, 0xEB, 0x6E, 0x09, 0xD1, 0x27, 0xE9, 0x0E, 0x74,
    0xC5, 0xA3, 0x36, 0x9B, 0xA2, 0x61, 0x35, 0xB1, 0xC4, 0xB7, 0x97, 0xF0, 0x63, 0xAC, 0xE1, 0xC7,
    0x69, 0xCF, 0xAF, 0xCC, 0x88, 0x79, 0xCC, 0x83, 0xCC, 0x3F, 0x70, 0xF3, 0x14, 0xD9, 0x7F, 0x31,
    0x91, 0x38, 0xDB, 0x82, 0x01, 0xCE, 0xC0, 0x58, 0x35, 0x8F, 0xDF, 0xD1, 0x66, 0x68, 0x5B, 0xFE,
    0xDF, 0x40, 0x2F, 0x79, 0x66, 0x6F, 0xE7, 0x85, 0x61, 0x72, 0xC6, 0x4A, 0xEA, 0xA4, 0xA8, 0xA4,
    0xD4, 0xB9, 0x10, 0x96, 0xCF, 0x58, 0x3F, 0x1B, 0xDB, 0xA0, 0x1C, 0x5B, 0x5B, 0x6D, 0xD8, 0xB9,
    0x8B, 0xC2, 0xC6, 0x59, 0x6F, 0xD7, 0x81, 0xCB, 0xE0, 0x4E, 0x7E, 0xBF, 0x87, 0x29, 0x03, 0x10,
    0x1E, 0x62, 0xC7, 0xB0, 0x90, 0xD5, 0x18, 0x77, 0x86, 0x3D, 0xCC, 0x94, 0xFE, 0xD8, 0x27, 0x7B,
    0x8D, 0x26, 0x10, 0xF2, 0xB3, 0xD9, 0x50, 0x30, 0xAF, 0xDA, 0xCE, 0x70, 0x4A, 0x38, 0x92, 0xED,
    0x95, 0x24, 0x1F, 0x6E, 0xA7, 0xEC, 0x4F, 0xF6, 0x1A, 0xDB, 0x51, 0xEF, 0x0B, 0x95, 0xCC, 0xBA,
    0xA5, 0x63, 0x09, 0x53, 0xE4, 0x60, 0x77, 0x58, 0xEF, 0x14, 0x4C, 0x96, 0xD4, 0xAC, 0x26, 0x87,
    0x0E, 0x00, 0x10, 0x0C, 0xC1, 0x20, 0xD0, 0xEF, 0x69, 0x1A, 0x77, 0x9E, 0x79, 0x27, 0xC3, 0x32,
    0x86, 0x4D, 0x4F, 0x60, 0xD3, 0x5B, 0xE0, 0xA0, 0xB1, 0x7D, 0x15, 0xD4, 0x8E, 0x4C, 0x64, 0x9A,
    0x67, 0x5A, 0xE8, 0xBF, 0x99, 0xFE, 0xBB, 0x4C, 0xB8, 0xBB, 0x02, 0x55, 0xDD, 0xDA, 0x67, 0x26,
    0x1C, 0x33, 0x13, 0x0E, 0xFE, 0x93, 0x22, 0xE2, 0xBF, 0xC8, 0xAC, 0xFD, 0x57, 0x31, 0x9E, 0x69,
    0x30, 0x9E, 0x97, 0x73, 0xBC, 0xF0, 0x1A, 0xE7, 0xB8, 0x5A, 0xC9, 0x8B, 0x10, 0x18, 0x92, 0x17,
    0x08, 0xB3, 0xD3, 0x1F, 0x0C, 0x78, 0x5A, 0xA0, 0x0C, 0x43, 0x3B, 0x45, 0x1E, 0x79, 0xE4, 0xE8,
    0x70, 0x9A, 0xF8, 0xF6, 0xEA, 0xB7, 0xA1, 0xBA, 0x6F, 0x4F, 0xEC, 0xEF, 0xBD, 0x0F, 0x41, 0xB6,
    0xEC, 0xFB, 0x6B, 0xB8, 0xB3, 0xC6, 0x58, 0xF5, 0x4B, 0xFD, 0x2F, 0x4D, 0xDA, 0x30, 0x3F, 0x4A,
    0x6F, 0x99, 0xE7, 0xBD, 0x23, 0x6B, 0xE8, 0x7E, 0x52, 0x75, 0xB4, 0x2D, 0x7D, 0xDE, 0x80, 0xD4,
    0x29, 0xC9, 0x10, 0x6D, 0x92, 0x9A, 0x1E, 0x75, 0x4C, 0x9D, 0xE7, 0x05, 0x0A, 0x1D, 0xC6, 0xDF,
    0x26, 0xAD, 0x57, 0xEF, 0xE4, 0x06, 0x6C, 0x61, 0x8B, 0x33, 0x96, 0x3F, 0x2F, 0x2D, 0xFA, 0x9A,
    0x9A, 0x5E, 0x7C, 0x66, 0xCD, 0x7F, 0x8F, 0x6B, 0xC6, 0x35, 0xB8, 0x95, 0xB7, 0x2B, 0x63, 0xFE,
    0x40, 0x95, 0xE4, 0x32, 0x1B, 0xDB, 0xAC, 0x1E, 0xF3, 0xA0, 0x31, 0x7A, 0xB5, 0x0A, 0x3B, 0x54,
    0xC6, 0x8D, 0xCD, 0x1A, 0x6C, 0xAB, 0xC6, 0xDC, 0xF3, 0x0B, 0x4E, 0x93, 0x26, 0xEF, 0x57, 0x60,
    0xAD, 0xAF, 0xBD, 0x9A, 0xE1, 0x07, 0x90, 0x68, 0x6D, 0x39, 0x61, 0x66, 0x05, 0xA5, 0x45, 0x70,
    0x50, 0xD8, 0xF8, 0x6C, 0x61, 0xC1, 0xA2, 0xD6, 0xA1, 0x21, 0xE0, 0x04, 0xCA, 0xF0, 0xDA, 0x4A,
    0xD1, 0xD4, 0x43, 0x63, 0xFA, 0x31, 0xE1, 0x4F, 0x39, 0x92, 0x5C, 0x28, 0xB6, 0x4C, 0x39, 0xF3,
    0x2B, 0xBC, 0xF1, 0x0F, 0x3E, 0xE2, 0xA2, 0xFC, 0x70, 0xB5, 0xF2, 0xBA, 0x2F, 0x38, 0x7D, 0xF7,
    0x62, 0x64, 0xCA, 0x71, 0xF2, 0x7A, 0x31, 0x89, 0x78, 0x12, 0x9F, 0x08, 0xF8, 0x87, 0xF4, 0x44,
    0x96, 0xD2, 0x74, 0x42, 0xF9, 0x66, 0x5B, 0xAD, 0x7C, 0xA6, 0x2C, 0x3B, 0x61, 0x2A, 0xCD, 0xD3,
    0x0B, 0x1E, 0x2C, 0xB4, 0x2A, 0x52, 0xAC, 0xF6, 0x88, 0x7C, 0xF7, 0xCC, 0x0B, 0xB3, 0x4B, 0xE3,
    0xAD, 0x33, 0x5B, 0x9B, 0x52, 0x47, 0x1F, 0x38, 0xFE, 0x0E, 0xF8, 0x86, 0x0E, 0xF1, 0x5D, 0xBD,
    0x0D, 0x3E, 0xC1, 0x9F, 0xE8, 0x1A, 0x1D, 0xE3, 0x08, 0x64, 0x1C, 0x21, 0x2D, 0xC8, 0xE1, 0x9A,
    0x7C, 0x4F, 0xE6, 0xFC, 0x08, 0x01, 0xE6, 0xD9, 0x73, 0xD9, 0x46, 0x3D, 0x1E, 0xCB, 0x56, 0xE2,
    0x9E, 0x63, 0x19, 0xFA, 0xE4, 0xDF, 0x01, 0xFB, 0xF0, 0x01, 0x3B, 0x50, 0xE0, 0xA8, 0xD0, 0x95,
    0xDB, 0xC2, 0x7E, 0x81, 0xFF, 0x83, 0xFD, 0x9F, 0xCD, 0xE7, 0x98, 0x0F, 0x10, 0x82, 0x0C, 0x0C,
    0xFF, 0xBF, 0xFC, 0xFF, 0xC2, 0x00, 0xA4, 0xFE, 0xFF, 0x00, 0x22, 0x06, 0x30, 0xF8, 0x0F, 0x02,
    0x7F, 0x20, 0x24, 0xBF, 0x9E, 0x6D, 0xCD, 0x9E, 0x3F, 0xF6, 0x76, 0x35, 0x7B, 0xBE, 0x7C, 0xE0,
    0x67, 0x6F, 0xD0, 0xE3, 0x77, 0xB0, 0xE5, 0x67, 0xA8, 0xD1, 0x67, 0xD8, 0x63, 0xCF, 0xF0, 0xC7,
    0x8E, 0xC1, 0x9E, 0xBF, 0xC1, 0x4E, 0x1E, 0xCC, 0xB5, 0x63, 0xF8, 0x62, 0xC3, 0xF0, 0xC1, 0x82,
    0x81, 0x85, 0x21, 0x80, 0x91, 0xC1, 0x9E, 0xF1, 0x07, 0xF7, 0x01, 0x7B, 0xA6, 0x1F, 0xFC, 0x17,
    0x80, 0xC2, 0xEC, 0x07, 0x00, 0xCB, 0x5A, 0xB5, 0xE4, 0xFF, 0xFF, 0x3F, 0x59, 0xBF, 0x96, 0x30,
    0xD4, 0x30, 0x64, 0xED, 0x03, 0xB3, 0xF7, 0x2D, 0x61, 0xD8, 0xC3, 0xB0, 0xFF, 0x0B, 0xC3, 0xFF,
    0x06, 0x86, 0x5A, 0x06, 0x06, 0x79, 0x07, 0x06, 0xEE, 0x03, 0x0C, 0xCC, 0x1F, 0x18, 0x18, 0xFE,
    0x30, 0x30, 0xD8, 0x31, 0x00, 0x01, 0x00, 0xAB, 0xFF, 0xFF, 0x9F, 0xA1, 0x1E, 0x88, 0x01, 0xCD,
    0x7D, 0x4F, 0x8C, 0x1C, 0xD7, 0x99, 0xDF, 0xAB, 0x2E, 0x71, 0xCA, 0x52, 0x01, 0xFB, 0x94, 0x80,
    0x32, 0x34, 0xE2, 0x46, 0xE5, 0x83, 0x0E, 0x6B, 0xD8, 0x9C, 0xBA, 0xEC, 0xC1, 0x87, 0x9E, 0xA9,
    0x22, 0x89, 0x98, 0x40, 0x74, 0x20, 0x0F, 0x0A, 0x02, 0x22, 0x87, 0xD5, 0x81, 0x39, 0x58, 0x02,
    0x3C, 0x39, 0x32, 0xC0, 0x70, 0xBA, 0x48, 0xAE, 0x6D, 0x60, 0x75, 0xE0, 0x04, 0x30, 0x10, 0x2C,
    0x72, 0xB0, 0x10, 0x30, 0x40, 0x44, 0x01, 0x3B, 0x7B, 0x10, 0x92, 0x06, 0x76, 0x38, 0x5D, 0xE4,
    0x20, 0xF1, 0x41, 0x07, 0x96, 0xCC, 0xC3, 0x66, 0x21, 0x04, 0x2C, 0xD9, 0x09, 0x1C, 0x90, 0x80,
    0xA6, 0x28, 0x95, 0xC4, 0xF2, 0x4C, 0x75, 0xBF, 0x7C, 0xBF, 0xEF, 0x7B, 0xAF, 0xBA, 0x7B, 0x66,
    0x28, 0x51, 0x96, 0xB2, 0xF6, 0x00, 0xAA, 0x2A, 0x92, 0x3D, 0xFD, 0x7E, 0xF5, 0xBD, 0xEF, 0xEF,
    0xEF, 0xFB, 0xAA, 0x34, 0x30, 0xF4, 0x33, 0x19, 0xF0, 0x51, 0xA9, 0x35, 0xE5, 0xE7, 0x4A, 0xAD,
    0xA4, 0x7E, 0xAE, 0x95, 0xA9, 0x71, 0xDC, 0x1B, 0xFB, 0x79, 0x98, 0x55, 0xB1, 0x9F, 0xFB, 0x79,
    0xA9, 0xFD, 0xBC, 0x57, 0x2A, 0x3A, 0xAA, 0x9A, 0x8F, 0x97, 0x55, 0x7C, 0x2D, 0x57, 0xF1, 0x03,
    0xF3, 0x69, 0xAE, 0x02, 0x53, 0xEF, 0xD3, 0xEF, 0x2E, 0xAA, 0x84, 0x8E, 0x4A, 0xC5, 0x38, 0xFA,
    0x06, 0xC7, 0xE4, 0xEF, 0xE9, 0xE8, 0x8D, 0x03, 0x5C, 0xCB, 0x71, 0xF4, 0x5B, 0x1C, 0x7B, 0xFC,
    0xAF, 0xF6, 0xF3, 0x9A, 0x8F, 0x4A, 0x31, 0x12, 0x63, 0x2A, 0x7B, 0x2E, 0x05, 0x93, 0x56, 0x82,
    0x6A, 0x49, 0x09, 0xAE, 0xBE, 0x12, 0x64, 0x7D, 0x25, 0xD8, 0xFA, 0x4A, 0xD0, 0xF5, 0x95, 0xE0,
    0x5B, 0x56, 0x82, 0x70, 0x49, 0x09, 0xC6, 0x48, 0x09, 0x4A, 0x3A, 0x33, 0x4E, 0x3A, 0x33, 0xD2,
    0x25, 0x25, 0x6B, 0x6F, 0xF1, 0x39, 0x78, 0xBF, 0x11, 0x10, 0x61, 0xA1, 0xDC, 0xCF, 0xE0, 0xFF,
    0x87, 0x7C, 0x5E, 0xE6, 0xFB, 0xA5, 0xC5, 0x49, 0x1A, 0x11, 0x1F, 0xF5, 0x83, 0x9B, 0x67, 0x73,
    0x92, 0x97, 0xC1, 0x67, 0x5E, 0xBA, 0x39, 0x9A, 0x91, 0xC9, 0x42, 0xCA, 0xAB, 0x67, 0x7C, 0x4C,
    0x09, 0x5C, 0x46, 0x7F, 0xE9, 0x8D, 0xC6, 0x10, 0xB2, 0x21, 0x11, 0xF6, 0xCC, 0xAB, 0xD7, 0x2A,
    0xA5, 0xCB, 0x30, 0x1B, 0xAA, 0x90, 0x8E, 0x97, 0xE8, 0x6B, 0xF4, 0x07, 0x74, 0x27, 0x11, 0x89,
    0x11, 0xC7, 0xCD, 0x5C, 0x79, 0x26, 0xA4, 0xCF, 0xF4, 0x6A, 0x42, 0xAA, 0x94, 0x79, 0x2B, 0xAB,
    0x95, 0x3A, 0xB1, 0xFF, 0x57, 0x15, 0xB6, 0xE2, 0x7A, 0x89, 0x95, 0x7E, 0xD2, 0xDD, 0x70, 0x2F,
    0xB5, 0x17, 0x7E, 0x8E, 0x15, 0x3F, 0x2F, 0x5E, 0xF6, 0x0D, 0x2E, 0x1E, 0x17, 0xC9, 0x35, 0x92,
    0x80, 0x4E, 0xFD, 0x3D, 0xB3, 0x83, 0x55, 0x1B, 0x65, 0x7E, 0x43, 0x17, 0x84, 0x21, 0x5D, 0xF4,
    0xEF, 0xE5, 0xFE, 0xE4, 0x1C, 0x89, 0xCD, 0xDF, 0xC9, 0x75, 0xA9, 0x7B, 0x95, 0x8A, 0xAE, 0xE5,
    0x61, 0xAD, 0x55, 0xF5, 0xDC, 0x84, 0x24, 0x63, 0xCE, 0x85, 0x55, 0x54, 0x92, 0x40, 0xA2, 0xFB,
    0x71, 0xAE, 0x49, 0x6E, 0x04, 0x68, 0x51, 0x2D, 0x18, 0x08, 0x33, 0xA1, 0xA5, 0xA2, 0x7B, 0x74,
    0x81, 0x3D, 0xE9, 0x3D, 0xB6, 0x6A, 0xA0, 0x46, 0xEE, 0x22, 0x76, 0x17, 0x4E, 0x43, 0x54, 0x2F,
    0xB3, 0x17, 0xCF, 0x3A, 0xCC, 0x9A, 0xB7, 0xA9, 0x0E, 0x1B, 0xDD, 0xF2, 0xC5, 0xC0, 0x9C, 0x6B,
    0x00, 0x55, 0x35, 0xC1, 0x7D, 0xE8, 0x59, 0xE3, 0x7F, 0x9E, 0x1A, 0x16, 0xD7, 0x59, 0x53, 0x25,
    0x0A, 0x50, 0x3F, 0xD8, 0x6B, 0x22, 0x25, 0x50, 0x87, 0x5A, 0x31, 0x54, 0x5C, 0x30, 0x54, 0x8F,
    0xFE, 0x24, 0x50, 0x4B, 0xBA, 0x00, 0xD4, 0x28, 0x83, 0x06, 0x26, 0x58, 0x12, 0x17, 0x91, 0x2C,
    0xDA, 0xAD, 0xFE, 0xC4, 0x8B, 0xE7, 0x9C, 0x3E, 0x77, 0x0A, 0x8D, 0x2D, 0xD1, 0xA9, 0x57, 0x61,
    0xF7, 0x09, 0x18, 0xA9, 0xCB, 0x12, 0x03, 0x3B, 0x8D, 0x0B, 0x96, 0xE1, 0x64, 0x6B, 0x49, 0x80,
    0x0D, 0xDA, 0x25, 0x01, 0x16, 0x96, 0x4B, 0x02, 0x6C, 0x80, 0x0F, 0x03, 0x58, 0x8B, 0x0B, 0x00,
    0x1B, 0x15, 0x4B, 0x02, 0x2C, 0x6E, 0x97, 0x2C, 0xB0, 0xC1, 0x8F, 0xED, 0xE2, 0xC1, 0xC4, 0xC1,
    0xE8, 0x2E, 0x56, 0x44, 0x50, 0x2F, 0xF6, 0xC6, 0x72, 0xB1, 0xA2, 0xA1, 0x51, 0x24, 0x28, 0xBD,
    0x49, 0x6A, 0x85, 0x3D, 0xF5, 0x5B, 0xBA, 0x20, 0x3C, 0xA7, 0x32, 0xB3, 0x99, 0x02, 0xCF, 0xBD,
    0x3C, 0x99, 0x30, 0x9E, 0x4F, 0x8B, 0xFE, 0xF9, 0x14, 0x78, 0x3E, 0xA9, 0xFA, 0x41, 0xC5, 0x78,
    0xAA, 0x95, 0x51, 0xCD, 0x78, 0x86, 0x51, 0x7B, 0x89, 0xF1, 0x2C, 0x7B, 0xE9, 0x1A, 0xE3, 0x89,
    0x52, 0x35, 0x64, 0x3C, 0x61, 0xD9, 0xAB, 0x64, 0xDB, 0x8C, 0xB1, 0x66, 0x15, 0x4F, 0x3A, 0xB1,
    0x64, 0xEE, 0x42, 0x60, 0x34, 0xF2, 0xC1, 0x46, 0xB5, 0x4A, 0xD4, 0x1B, 0xDB, 0x26, 0x62, 0xD9,
    0x7F, 0x90, 0x8A, 0x58, 0x3E, 0x33, 0xB5, 0x88, 0xA5, 0x7E, 0xA9, 0x15, 0xB1, 0xD4, 0xAA, 0x2F,
    0x62, 0xA9, 0xC9, 0x40, 0x19, 0xC6, 0x7B, 0x58, 0x1C, 0x30, 0xDE, 0xE3, 0xC5, 0x09, 0xC6, 0x96,
    0xB6, 0x8B, 0x27, 0xC6, 0x2A, 0xB8, 0x6E, 0x3A, 0x6F, 0x63, 0x0D, 0x9C, 0x7E, 0xC6, 0x0C, 0xA3,
    0x75, 0x30, 0xCC, 0xCD, 0x0D, 0x81, 0xB1, 0x4F, 0xD6, 0xCF, 0x30, 0xEA, 0x37, 0x77, 0x33, 0x86,
    0x51, 0x93, 0xAA, 0x0B, 0x8C, 0xF0, 0x4E, 0xC1, 0x30, 0xB6, 0x47, 0x67, 0x0A, 0x86, 0x91, 0x8C,
    0x9D, 0x86, 0xA7, 0x5A, 0x34, 0xFC, 0x19, 0x6F, 0x24, 0x30, 0x22, 0xD3, 0xCA, 0xEA, 0x91, 0xF9,
    0xDF, 0x4E, 0x47, 0x8C, 0xD3, 0xE7, 0x13, 0x8D, 0xDB, 0xA7, 0xAD, 0x79, 0xFF, 0xC3, 0x3F, 0xF9,
    0xCC, 0x25, 0xA3, 0x24, 0x97, 0x92, 0x5A, 0x9C, 0x69, 0x7C, 0xB6, 0x10, 0x81, 0x9D, 0xC9, 0x97,
    0x7B, 0x93, 0xB7, 0x19, 0xEB, 0xBD, 0x62, 0xA8, 0x06, 0x2D, 0x0B, 0xED, 0x93, 0x72, 0xA8, 0x6F,
    0x6F, 0x89, 0xD8, 0xAA, 0xF5, 0x51, 0x39, 0x14, 0xC1, 0x35, 0xF1, 0x98, 0x84, 0xC7, 0x98, 0xD7,
    0xBC, 0x53, 0x55, 0x25, 0xC2, 0x8B, 0xC9, 0x89, 0x56, 0x22, 0x3E, 0x9D, 0xFB, 0x85, 0x15, 0xA0,
    0x3F, 0xD9, 0xCC, 0x2B, 0x67, 0x9C, 0x13, 0x72, 0x70, 0xF2, 0x73, 0x6C, 0x83, 0x45, 0x6D, 0x7F,
    0xFA, 0xEA, 0x88, 0x9F, 0x17, 0xBB, 0xAB, 0x93, 0xEE, 0x76, 0xEA, 0xB8, 0x9A, 0x5E, 0xC9, 0xCD,
    0xA8, 0x5A, 0x2C, 0x82, 0x6E, 0xAB, 0x16, 0x93, 0x48, 0xD5, 0xA8, 0xB6, 0x36, 0x11, 0x8E, 0x6B,
    0x67, 0x14, 0x59, 0x2D, 0x56, 0xF1, 0x69, 0x8B, 0xDF, 0xC0, 0x6D, 0x7C, 0x5A, 0xAB, 0x56, 0xEC,
    0xE2, 0x36, 0xE9, 0x8B, 0x35, 0x8C, 0xA8, 0x32, 0x1F, 0xCB, 0x3D, 0xA8, 0xF6, 0xBF, 0x4E, 0xAC,
    0x69, 0xC4, 0xEF, 0x39, 0x4B, 0x08, 0xEB, 0x15, 0xE7, 0x4D, 0xEA, 0x45, 0x07, 0xAF, 0x16, 0x71,
    0xD3, 0x69, 0x54, 0x0C, 0x32, 0xB9, 0x0C, 0xCC, 0x27, 0x08, 0x42, 0x40, 0xA8, 0x73, 0x73, 0xBB,
    0x12, 0x88, 0x64, 0x47, 0xE4, 0x2F, 0x18, 0xE3, 0x9A, 0x5A, 0xF3, 0x2A, 0x71, 0x7E, 0x43, 0xB5,
    0xA6, 0x0B, 0xA0, 0x7C, 0x94, 0xF1, 0x25, 0xC3, 0x2C, 0xB6, 0xB3, 0xCB, 0x1E, 0x9B, 0xCB, 0xA7,
    0x79, 0x92, 0xE3, 0xD7, 0x08, 0xE8, 0x4E, 0x4E, 0x5E, 0xFD, 0x61, 0x05, 0xA4, 0x3E, 0x6D, 0xDC,
    0x3A, 0x2C, 0x23, 0x51, 0xA4, 0xAB, 0x17, 0xD7, 0x16, 0x05, 0xEB, 0x64, 0xD3, 0x38, 0x25, 0x48,
    0xCC, 0x43, 0xAB, 0x34, 0xCA, 0xBB, 0xA1, 0xDA, 0xA9, 0x60, 0x49, 0xD9, 0x15, 0x6F, 0xC9, 0xF4,
    0xB0, 0x6D, 0x15, 0x96, 0x3E, 0x7A, 0x73, 0x13, 0x52, 0x0D, 0xF8, 0x3E, 0xC6, 0x03, 0xAB, 0xDB,
    0xAC, 0x52, 0x74, 0x3F, 0x21, 0xE9, 0xB3, 0x67, 0xEE, 0xC7, 0x99, 0x6E, 0x28, 0x50, 0x11, 0xEA,
    0x5E, 0x11, 0x8C, 0x57, 0x4E, 0x14, 0x6A, 0xB5, 0xA5, 0xF8, 0xD4, 0xAB, 0x17, 0x52, 0x52, 0x02,
    0x82, 0xE6, 0x17, 0x7E, 0x89, 0x43, 0xA1, 0xBC, 0x3D, 0x8A, 0x23, 0xD8, 0x79, 0x8A, 0x48, 0x1B,
    0x07, 0x76, 0x38, 0x70, 0x17, 0x51, 0xD6, 0x39, 0x1A, 0xFB, 0xB3, 0xEC, 0x2E, 0x96, 0x0E, 0x39,
    0x47, 0xA4, 0x02, 0x83, 0x83, 0xCA, 0x6D, 0x55, 0xDB, 0x58, 0xC5, 0x56, 0x7F, 0x97, 0x59, 0x5D,
    0xF8, 0x6F, 0x85, 0xA8, 0x82, 0x7A, 0xAF, 0xB2, 0x7E, 0xBB, 0x1E, 0x8A, 0x42, 0x7B, 0xD5, 0x9A,
    0xA8, 0x73, 0x50, 0x8A, 0x1F, 0xB8, 0x3D, 0xA2, 0x44, 0x80, 0x65, 0x3B, 0x61, 0x8D, 0x24, 0x8F,
    0x5F, 0xF0, 0x45, 0xA4, 0xE8, 0x6E, 0x44, 0xAC, 0x5E, 0xED, 0x59, 0x6B, 0x1B, 0x6C, 0x56, 0xCE,
    0x24, 0x2D, 0x7A, 0xEF, 0xE7, 0x33, 0x76, 0x37, 0x73, 0x25, 0xD0, 0xFA, 0xCE, 0x39, 0xA4, 0x7D,
    0xE5, 0x6C, 0xAE, 0xAF, 0x52, 0x6B, 0x72, 0xFD, 0xA0, 0xB0, 0x16, 0xD7, 0x8F, 0x2A, 0x6B, 0x70,
    0x2B, 0xDB, 0x95, 0x75, 0x54, 0x51, 0xDD, 0x99, 0x5B, 0x3A, 0x14, 0x45, 0x25, 0x49, 0xBD, 0x67,
    0x8D, 0x2D, 0x55, 0xD6, 0xD6, 0x82, 0x32, 0x28, 0x2D, 0x14, 0x63, 0xBA, 0x40, 0x38, 0x56, 0x4F,
    0x72, 0x9B, 0xB5, 0x83, 0x54, 0x3B, 0xB7, 0x59, 0x1F, 0x4B, 0xAD, 0xBF, 0x8A, 0xAC, 0xB8, 0xEA,
    0xE7, 0x5A, 0xEB, 0x36, 0xE9, 0x0E, 0x9E, 0xE8, 0x36, 0xEB, 0x43, 0x6E, 0x33, 0x77, 0x4A, 0xA8,
    0xA6, 0x6E, 0xD3, 0xFE, 0xBC, 0x32, 0x35, 0x7B, 0x36, 0x96, 0xB8, 0x4C, 0xD8, 0xAC, 0x6B, 0x33,
    0x4E, 0xD8, 0x66, 0xFC, 0x2A, 0x5A, 0x93, 0xF8, 0x5B, 0xF8, 0xAD, 0x15, 0x15, 0x29, 0x30, 0x4B,
    0xAA, 0xA4, 0x45, 0x59, 0x50, 0x0D, 0xFD, 0x3A, 0x03, 0x33, 0xB9, 0x05, 0x16, 0xE5, 0x16, 0x18,
    0x0B, 0x1B, 0xC0, 0x94, 0xDD, 0x47, 0x7B, 0x11, 0xCD, 0xF9, 0x9A, 0x2F, 0xB8, 0xF8, 0x33, 0x2B,
    0x31, 0x2B, 0x2F, 0xDA, 0x5F, 0xEF, 0x35, 0x11, 0xA6, 0xF1, 0x60, 0x1D, 0x66, 0x73, 0x97, 0x32,
    0xB5, 0x1E, 0xD9, 0xEF, 0x16, 0x12, 0x36, 0xBF, 0x5C, 0x56, 0xE1, 0xB5, 0x52, 0xE7, 0x27, 0x55,
    0x70, 0xA7, 0x1A, 0x21, 0xDD, 0x2B, 0xCF, 0x9B, 0x9D, 0x46, 0x51, 0xBC, 0x3E, 0xB3, 0x53, 0xC0,
    0x2F, 0xC3, 0x5C, 0x55, 0x92, 0x22, 0x73, 0x51, 0x7A, 0x8F, 0xB3, 0x14, 0xCF, 0x88, 0x57, 0x99,
    0x35, 0x8B, 0x6F, 0xB9, 0x8B, 0x3F, 0x11, 0xD1, 0x0C, 0x4A, 0xDD, 0xE0, 0xE2, 0x33, 0xD3, 0xEA,
    0x9A, 0x45, 0x53, 0x26, 0x5A, 0x44, 0x93, 0x6B, 0x2D, 0xA2, 0x29, 0xE9, 0x82, 0x53, 0x93, 0x22,
    0xD6, 0x56, 0xC5, 0x6F, 0xD9, 0xD4, 0xE4, 0xCD, 0xC6, 0xA6, 0x26, 0xA3, 0xCC, 0xA6, 0x26, 0x83,
    0xCC, 0xA6, 0x26, 0x27, 0x1A, 0x9B, 0x9A, 0xA8, 0x91, 0x4B, 0x4D, 0xF4, 0x7D, 0x97, 0xC2, 0xB9,
    0x4D, 0x53, 0xDD, 0x45, 0x72, 0x38, 0x35, 0x29, 0xBA, 0x8B, 0x4E, 0x07, 0x59, 0x99, 0x2A, 0xF5,
    0xBC, 0x28, 0x53, 0xD5, 0x93, 0x3D, 0x2B, 0xAA, 0x68, 0x2C, 0xC0, 0xAA, 0xD1, 0x9A, 0x00, 0xFB,
    0xB4, 0xB6, 0xA1, 0xC4, 0xE4, 0x56, 0xB3, 0x39, 0x34, 0x00, 0x58, 0xE3, 0x94, 0xE9, 0x79, 0xBE,
    0xE0, 0x3D, 0x7B, 0xCF, 0xAD, 0x3E, 0x9C, 0xF5, 0x61, 0x07, 0x43, 0x07, 0x4B, 0x4C, 0x17, 0x23,
    0x76, 0x0A, 0x75, 0x52, 0x8C, 0xC4, 0x29, 0xAC, 0xE1, 0xB7, 0x00, 0xAC, 0x1F, 0x34, 0x02, 0x2C,
    0x19, 0x35, 0x02, 0x4C, 0x8F, 0x87, 0x02, 0x6C, 0x94, 0x0D, 0x5D, 0x74, 0x18, 0xBA, 0xE0, 0x30,
    0x74, 0xB1, 0x61, 0xE8, 0x42, 0x83, 0x4D, 0x0E, 0xD4, 0x78, 0x68, 0x81, 0x45, 0x0E, 0x4F, 0xE0,
    0xB4, 0xDB, 0xEB, 0xD4, 0xBC, 0x11, 0x41, 0xD9, 0x23, 0xB9, 0xCE, 0xDC, 0x86, 0x40, 0xCE, 0xB0,
    0x11, 0xE8, 0x7F, 0xF6, 0x33, 0x58, 0x7A, 0x40, 0x59, 0x75, 0x40, 0x47, 0xE4, 0xDF, 0x67, 0xE9,
    0xA8, 0x4E, 0xFC, 0xF6, 0xA7, 0xF8, 0x12, 0x73, 0x9D, 0x24, 0xFA, 0x5A, 0xF2, 0x53, 0x32, 0x48,
    0x73, 0x9D, 0x34, 0x50, 0x3F, 0x7C, 0x8C, 0xA3, 0x1A, 0xE1, 0x98, 0xC1, 0x63, 0x06, 0x25, 0x72,
    0x7A, 0x2F, 0x3F, 0x14, 0x39, 0xBD, 0xAC, 0xCB, 0xCA, 0x0B, 0x91, 0x4A, 0x30, 0xE9, 0x19, 0x6B,
    0x6C, 0xE6, 0x57, 0xD6, 0x23, 0x8D, 0x7B, 0x9F, 0x97, 0x92, 0x4C, 0x56, 0x6A, 0xBD, 0x94, 0x34,
    0xF7, 0xFF, 0x28, 0x8A, 0x5A, 0x10, 0xCD, 0xAF, 0xCC, 0xCF, 0x1E, 0x96, 0x22, 0x9B, 0x37, 0xEF,
    0x5F, 0x2B, 0x65, 0xD7, 0x7A, 0x13, 0xCA, 0x3B, 0x79, 0xDB, 0x7C, 0x64, 0xA0, 0xBC, 0x6F, 0x94,
    0xA7, 0x95, 0x22, 0x1F, 0x3F, 0xC3, 0x95, 0x68, 0x0A, 0x5F, 0x45, 0xDD, 0x95, 0xFA, 0xF2, 0x2B,
    0x6F, 0x63, 0xEA, 0x31, 0xC7, 0xDD, 0x55, 0x0B, 0xA4, 0xBD, 0xB1, 0x72, 0xBA, 0x35, 0xCA, 0x13,
    0x41, 0x9A, 0x06, 0x55, 0x62, 0x53, 0x2B, 0xAF, 0xE9, 0xC7, 0x92, 0x5B, 0x45, 0x75, 0xDF, 0xE7,
    0xE8, 0x59, 0x8D, 0xD2, 0xBE, 0x0D, 0x9E, 0xE4, 0xAD, 0x3C, 0x8E, 0x9D, 0xB7, 0xC9, 0xA9, 0x9F,
    0x28, 0x25, 0xFB, 0x2D, 0xFB, 0x89, 0x24, 0x58, 0xBD, 0x71, 0xFF, 0xBB, 0x2E, 0xC8, 0x77, 0x2A,
    0x15, 0x74, 0xB1, 0xD2, 0x6B, 0xD5, 0x21, 0x85, 0xEB, 0xB2, 0x2B, 0xBB, 0xB1, 0xBC, 0x07, 0x28,
    0xAB, 0x50, 0x55, 0x51, 0x51, 0xF5, 0xB3, 0x0A, 0x35, 0x55, 0x8D, 0x92, 0x6A, 0x48, 0x15, 0x15,
    0x29, 0x56, 0x64, 0xFE, 0x8A, 0xD2, 0x5D, 0x73, 0xBD, 0xA4, 0x72, 0xEA, 0x27, 0x5C, 0x4D, 0x71,
    0x31, 0x85, 0x5A, 0x0A, 0x1B, 0x85, 0x0D, 0xA5, 0x1D, 0x9D, 0xDE, 0x7E, 0x3A, 0xBD, 0xB2, 0x39,
    0x4E, 0x17, 0x3A, 0x9E, 0xEF, 0x42, 0xC7, 0x30, 0x28, 0x6C, 0xE8, 0xA8, 0x75, 0x65, 0x43, 0xC7,
    0xF6, 0xB6, 0x0B, 0x1D, 0x49, 0xE3, 0x52, 0xB5, 0x85, 0xF4, 0x92, 0x6C, 0x14, 0x19, 0xCA, 0x25,
    0x97, 0xA8, 0x39, 0x13, 0xD3, 0x45, 0x6F, 0x9A, 0xA6, 0xB9, 0xE2, 0x75, 0xE4, 0x32, 0x5D, 0xEC,
    0x89, 0x45, 0xE5, 0x0A, 0x59, 0x9D, 0x72, 0x8A, 0x4A, 0xDE, 0x47, 0x50, 0xF4, 0x08, 0x81, 0x94,
    0x6E, 0xBF, 0xE1, 0xAC, 0xF6, 0x53, 0x14, 0x6D, 0x27, 0x7E, 0x93, 0xAB, 0x10, 0xC9, 0x0A, 0x7D,
    0xF2, 0x59, 0xAE, 0xD5, 0x36, 0x70, 0x8C, 0xE0, 0xC5, 0x55, 0xBC, 0xF9, 0x29, 0x4A, 0x61, 0x85,
    0xF8, 0x14, 0x65, 0xF0, 0xD5, 0xA1, 0x35, 0x8D, 0x2E, 0x4C, 0xC9, 0x89, 0x56, 0x83, 0xD3, 0xAC,
    0x70, 0xBF, 0x29, 0xE9, 0x09, 0xD5, 0x01, 0x15, 0x7D, 0x4D, 0xF2, 0xDB, 0x0F, 0x5A, 0x2A, 0x97,
    0x27, 0x7E, 0xB1, 0x44, 0x2E, 0x90, 0x72, 0x0D, 0xF2, 0xBF, 0x21, 0x9F, 0x0A, 0x7F, 0xE2, 0x7F,
    0x30, 0xA2, 0x4F, 0xC6, 0x3B, 0xF7, 0xC6, 0xB4, 0xE7, 0xBD, 0xCF, 0x7F, 0xB5, 0x41, 0x27, 0x4A,
    0xCA, 0xE0, 0x87, 0x55, 0x54, 0xB0, 0xB6, 0x51, 0x26, 0x80, 0xE5, 0xE8, 0xAB, 0x47, 0x62, 0x25,
    0xB7, 0xE6, 0x53, 0xE6, 0x19, 0x97, 0x7F, 0x5E, 0xC2, 0xFB, 0xC4, 0x86, 0xFB, 0x53, 0x9C, 0x6D,
    0x86, 0xBF, 0xA8, 0xA1, 0xB6, 0x21, 0x3C, 0xFF, 0x99, 0x22, 0xAC, 0x96, 0x29, 0x00, 0xEC, 0x85,
    0xC5, 0x49, 0xA5, 0x69, 0x77, 0x41, 0x30, 0xA4, 0xC7, 0xC3, 0xAB, 0x0D, 0xAD, 0xE1, 0xBD, 0x4A,
    0x66, 0xE3, 0xEF, 0x8D, 0xF6, 0xAF, 0xB0, 0xAB, 0xE7, 0xD5, 0x28, 0xB1, 0x97, 0x45, 0xA1, 0x02,
    0x83, 0x69, 0x02, 0x03, 0xA2, 0xA3, 0x92, 0xAD, 0x85, 0x5D, 0x73, 0xB5, 0x37, 0xF8, 0xA8, 0x6A,
    0x49, 0x3F, 0xBD, 0x6A, 0x45, 0x79, 0x74, 0xA4, 0x3D, 0x32, 0x1F, 0xE1, 0xD8, 0x1B, 0x3F, 0xDA,
    0xC6, 0x27, 0xC9, 0x55, 0xA9, 0xD7, 0xF4, 0xA3, 0x0D, 0xDA, 0xE7, 0x01, 0x72, 0xE1, 0xDD, 0x7D,
    0x1C, 0x7B, 0x1F, 0xE1, 0x98, 0xE1, 0xE8, 0x57, 0xFC, 0x9D, 0xD5, 0x21, 0xF7, 0xD0, 0x73, 0x17,
    0xA1, 0x68, 0x5A, 0x95, 0xFC, 0x3D, 0xD7, 0xBF, 0x66, 0x6C, 0xF6, 0xD9, 0xE0, 0x54, 0x54, 0x0E,
    0xA4, 0xAC, 0x0B, 0x73, 0xCD, 0x65, 0x5D, 0x1A, 0xE6, 0x61, 0x26, 0x2E, 0x93, 0xF4, 0x9A, 0x73,
    0xD5, 0xED, 0x49, 0x98, 0xF1, 0x96, 0x37, 0xC9, 0xAB, 0x19, 0x74, 0xED, 0x51, 0x7A, 0x8C, 0x6E,
    0x4B, 0xE2, 0x2F, 0x5D, 0x48, 0xFC, 0xC5, 0x8D, 0x26, 0xEE, 0x8E, 0x23, 0x77, 0xA1, 0xBE, 0xE4,
    0xC2, 0x72, 0x17, 0xCE, 0x12, 0x48, 0x38, 0x3A, 0x84, 0xF4, 0xE5, 0xE4, 0xD5, 0xE1, 0xEE, 0xCF,
    0x21, 0xA6, 0x6B, 0x90, 0x9C, 0x7E, 0x58, 0x46, 0xBB, 0x64, 0x01, 0xA7, 0xAA, 0x30, 0x6D, 0xD4,
    0x02, 0xED, 0x10, 0x27, 0x58, 0x13, 0x3E, 0xF9, 0xE6, 0xFD, 0x1F, 0xD2, 0x2D, 0x85, 0x1F, 0xEE,
    0x9F, 0xAB, 0xF0, 0xFD, 0xA3, 0x1F, 0xA2, 0xFE, 0x49, 0x63, 0xD1, 0x70, 0x6B, 0x5B, 0xF8, 0xCE,
    0xC1, 0x6C, 0xD2, 0xC6, 0xFF, 0xC4, 0xAE, 0x69, 0x24, 0x7E, 0x8E, 0xEB, 0x6C, 0xF2, 0xC8, 0xE1,
    0x1D, 0xF2, 0x89, 0x8D, 0xEE, 0xFD, 0x9A, 0x4E, 0x39, 0x55, 0xB4, 0x25, 0x39, 0x7E, 0x1D, 0xD2,
    0x9F, 0xBC, 0xD1, 0xB9, 0xF8, 0x0E, 0xB4, 0xEB, 0xFE, 0xA2, 0xB8, 0xC3, 0x63, 0xF8, 0x05, 0x35,
    0x18, 0xD0, 0x47, 0x54, 0x3F, 0x9E, 0x6C, 0xC3, 0x6B, 0x6D, 0x92, 0xBE, 0xD2, 0x47, 0x26, 0xC8,
    0x26, 0x95, 0xDA, 0x98, 0x71, 0x79, 0xAE, 0x8E, 0x64, 0x0B, 0x83, 0x7D, 0xB2, 0xF0, 0x23, 0x5B,
    0x44, 0xBA, 0x1A, 0x72, 0xB2, 0xC9, 0x96, 0xF6, 0xA8, 0xB2, 0x4E, 0x6E, 0x83, 0x52, 0x6D, 0xD8,
    0x38, 0xF4, 0x9A, 0xC5, 0x4E, 0x2E, 0x81, 0xA4, 0xDE, 0x7B, 0x30, 0x62, 0xE7, 0xE6, 0x1B, 0x5B,
    0xBF, 0x0C, 0xAC, 0x93, 0xED, 0xB9, 0x2A, 0x26, 0xB2, 0xA6, 0xDE, 0x73, 0xC1, 0xEA, 0xB2, 0x3D,
    0x3F, 0xF3, 0xC7, 0x99, 0xBE, 0x3E, 0xF9, 0xA7, 0x2B, 0x0A, 0x54, 0xDC, 0xC5, 0xBC, 0xCE, 0x63,
    0xCE, 0x15, 0xC2, 0x7F, 0x1C, 0xA9, 0xEF, 0xA1, 0x1F, 0x67, 0x9D, 0xDD, 0x56, 0xCC, 0xD9, 0xEB,
    0xD1, 0x2C, 0x10, 0xC5, 0xC3, 0x65, 0x17, 0x0E, 0x97, 0x5D, 0x34, 0x5C, 0x76, 0xC1, 0x70, 0x59,
    0xD9, 0x58, 0xB8, 0xAC, 0x6C, 0x28, 0x5C, 0x76, 0x19, 0xCD, 0xB2, 0xB2, 0x81, 0x70, 0xD9, 0xB2,
    0x40, 0xD5, 0xB2, 0xB2, 0x61, 0x70, 0xD9, 0x45, 0x41, 0xE7, 0x0E, 0xFD, 0xB1, 0xAB, 0xBF, 0xC6,
    0x2E, 0x03, 0x5C, 0x3E, 0x50, 0x91, 0xD9, 0x9F, 0x0D, 0x41, 0xFD, 0x5E, 0x90, 0x51, 0x32, 0xA7,
    0x4B, 0x93, 0x4D, 0x46, 0x55, 0xA5, 0x92, 0x86, 0x0E, 0x0B, 0x69, 0xCD, 0x2E, 0xA8, 0xC2, 0xE6,
    0x92, 0x9E, 0x8E, 0xB2, 0x0A, 0xA9, 0x52, 0x85, 0x6F, 0xA7, 0x2A, 0x76, 0x04, 0x66, 0x20, 0xE0,
    0x8F, 0xDC, 0xC2, 0x01, 0x35, 0xBD, 0xD2, 0x4C, 0x2F, 0xC2, 0x5A, 0x1B, 0x3A, 0x24, 0x60, 0x1E,
    0x63, 0x1C, 0x74, 0xEB, 0xFE, 0x41, 0x85, 0x38, 0xF4, 0xAA, 0x79, 0x04, 0x10, 0x1C, 0x30, 0x98,
    0x16, 0x20, 0x4C, 0x03, 0x14, 0x7E, 0x0E, 0x18, 0x61, 0x06, 0x1C, 0x9A, 0x81, 0x68, 0x46, 0xA2,
    0x19, 0x8A, 0x66, 0x2C, 0x14, 0xD2, 0x08, 0x4C, 0x98, 0x01, 0x0D, 0x95, 0x96, 0x04, 0x07, 0x05,
    0xE6, 0x2D, 0x3E, 0xC6, 0x15, 0x5C, 0x52, 0x58, 0xC1, 0x22, 0xFD, 0x4F, 0xD8, 0x7C, 0xFE, 0x53,
    0xFD, 0x0D, 0xDC, 0xB9, 0xE2, 0x3B, 0xF7, 0xE9, 0x23, 0x95, 0xBA, 0x8C, 0x03, 0xDD, 0x74, 0xE3,
    0xFD, 0x2B, 0xCA, 0xC3, 0x36, 0x27, 0xE0, 0x07, 0xA8, 0xB4, 0xF4, 0x36, 0x7A, 0xAE, 0x3C, 0x37,
    0x57, 0x44, 0x83, 0x03, 0xF3, 0x3B, 0xD1, 0xE0, 0xA8, 0x5C, 0x17, 0x35, 0x4F, 0xC6, 0xE4, 0x9E,
    0x91, 0x7B, 0x24, 0x23, 0xF2, 0x09, 0x30, 0x9A, 0x67, 0xB4, 0x97, 0x9B, 0x5F, 0x9C, 0x45, 0xBC,
    0x23, 0x01, 0x6A, 0x98, 0xDB, 0x3A, 0x09, 0x51, 0x93, 0xD5, 0x52, 0x36, 0x1E, 0xF3, 0x85, 0xC7,
    0x4E, 0xEC, 0x87, 0x92, 0xDB, 0x8C, 0xF4, 0x39, 0xB9, 0xA3, 0xF0, 0xC3, 0x7F, 0x91, 0xDA, 0x44,
    0xC3, 0x19, 0xD0, 0xC0, 0x5D, 0xC4, 0xE9, 0x21, 0xDB, 0x7A, 0x65, 0x9A, 0x7F, 0x9B, 0xEC, 0xA4,
    0x47, 0x25, 0x5C, 0x60, 0x9A, 0x65, 0xBF, 0x49, 0x4A, 0x42, 0x97, 0x6C, 0xB6, 0x7D, 0x80, 0xBB,
    0x3E, 0xE9, 0xF7, 0x81, 0xED, 0x83, 0x8D, 0xE5, 0x3E, 0x43, 0x53, 0xFD, 0x3E, 0xEB, 0x19, 0xE5,
    0x6C, 0x00, 0xA6, 0x36, 0x4B, 0xC6, 0xE5, 0xA1, 0xE0, 0xF6, 0xE0, 0x62, 0xC5, 0xBB, 0xA8, 0xD5,
    0x4A, 0xCE, 0xDE, 0xD8, 0xE6, 0xF7, 0x2E, 0x3B, 0x0B, 0x6D, 0x46, 0xD6, 0x73, 0x99, 0x59, 0xDB,
    0x95, 0x6C, 0xF4, 0xF3, 0xE7, 0x82, 0xC8, 0x33, 0x45, 0x52, 0x86, 0xA6, 0x4D, 0x8A, 0x78, 0x63,
    0xB0, 0xA6, 0x06, 0x63, 0xFA, 0xAD, 0x97, 0x47, 0xF8, 0x15, 0x8D, 0x32, 0x3E, 0x06, 0xE8, 0x31,
    0x6C, 0xFA, 0xB3, 0xF3, 0x74, 0xF5, 0x0B, 0xD3, 0x47, 0x78, 0x07, 0x8A, 0xD3, 0xF4, 0x11, 0x53,
    0xD1, 0x47, 0x5E, 0x02, 0x3E, 0x35, 0xEC, 0x43, 0xCD, 0x80, 0xB8, 0xE8, 0xCF, 0xFA, 0x1A, 0xD9,
    0x10, 0x65, 0xF7, 0x83, 0xA2, 0xE5, 0x7A, 0x04, 0x1F, 0x4C, 0x37, 0xFC, 0x37, 0x7C, 0x1E, 0xF9,
    0x1F, 0xE3, 0x4C, 0x37, 0x7C, 0xF7, 0x21, 0xA2, 0x42, 0x44, 0x1F, 0xC5, 0x99, 0x6E, 0x78, 0x1B,
    0x99, 0x4C, 0xAB, 0x82, 0x8A, 0xCE, 0xD8, 0x87, 0x5C, 0x32, 0xE0, 0x70, 0x2C, 0xE7, 0x1E, 0x7F,
    0x0E, 0x39, 0xE8, 0xE7, 0xD6, 0x15, 0x3A, 0xE7, 0xAD, 0xED, 0x19, 0xB1, 0xC3, 0x64, 0x5E, 0x16,
    0x17, 0xF4, 0xA5, 0x8D, 0x5F, 0x9A, 0x1A, 0xEB, 0xAB, 0x3D, 0x2A, 0x4E, 0xA0, 0x0D, 0x49, 0x3E,
    0xC4, 0xFA, 0xFF, 0x53, 0xEF, 0xD5, 0x58, 0xBF, 0xF5, 0x0D, 0xAF, 0xBF, 0xEC, 0xFF, 0xF7, 0x67,
    0xB0, 0x7E, 0xEC, 0xE7, 0x03, 0xAC, 0xAF, 0xFD, 0x87, 0x26, 0xA5, 0xF5, 0xC3, 0x2B, 0xE6, 0x97,
    0x70, 0x9C, 0x7E, 0x71, 0x9C, 0x3B, 0x2C, 0x5E, 0x6D, 0x83, 0xF0, 0x36, 0x47, 0x21, 0x38, 0x17,
    0x97, 0x7C, 0x97, 0xF6, 0xBE, 0x1B, 0xB9, 0xED, 0x9A, 0x56, 0x45, 0x32, 0x83, 0x5D, 0xCE, 0x59,
    0x01, 0xEF, 0x93, 0xD2, 0xE1, 0x96, 0xB7, 0x6F, 0x60, 0x45, 0xFD, 0x17, 0xA4, 0x46, 0xEB, 0x14,
    0x96, 0x37, 0x73, 0xAC, 0x47, 0x79, 0x23, 0x6E, 0x37, 0xE5, 0x55, 0xC2, 0x94, 0x17, 0x09, 0x53,
    0x5E, 0x23, 0xCC, 0xC7, 0x52, 0x74, 0x8A, 0x1E, 0x22, 0x03, 0x12, 0x01, 0x97, 0x56, 0xC0, 0x05,
    0x96, 0xE2, 0x8E, 0x10, 0xAD, 0xB5, 0xF7, 0x8E, 0x2C, 0x36, 0x32, 0x22, 0xE0, 0x1F, 0x6E, 0x37,
    0xBC, 0x5C, 0xDA, 0x67, 0x8D, 0xD2, 0xE9, 0xD6, 0x49, 0xDC, 0x60, 0xF8, 0x90, 0xFC, 0x9F, 0x87,
    0x6A, 0xA5, 0x10, 0x0D, 0xBA, 0x68, 0x35, 0x25, 0x3D, 0x51, 0xCD, 0x46, 0x18, 0xCA, 0xCC, 0xAC,
    0x4A, 0x6F, 0x5A, 0x0F, 0xEC, 0xD9, 0xBC, 0xB0, 0xCB, 0x4A, 0xBB, 0x0D, 0x37, 0xAD, 0xB3, 0xC0,
    0x96, 0x2D, 0x70, 0x50, 0x33, 0xA4, 0xBF, 0xEC, 0xD5, 0x97, 0x19, 0x53, 0xEB, 0x17, 0xF1, 0x03,
    0x80, 0x1A, 0x87, 0x64, 0xAB, 0x68, 0xD1, 0x2C, 0x85, 0x59, 0x7B, 0x22, 0x07, 0xAC, 0xE0, 0x21,
    0xA5, 0x4B, 0x10, 0xC4, 0x55, 0x73, 0x5F, 0x43, 0xF2, 0x41, 0x7E, 0x3C, 0x62, 0x8D, 0x22, 0x33,
    0x5F, 0xD2, 0x56, 0x95, 0x97, 0xE5, 0x22, 0x79, 0xD0, 0xCA, 0x45, 0x68, 0x4A, 0x6B, 0x71, 0x17,
    0xA6, 0xC9, 0x91, 0x9F, 0x3F, 0xA9, 0xDC, 0xA3, 0x6A, 0x4F, 0xA0, 0x9E, 0x76, 0xCA, 0x79, 0x9A,
    0xB5, 0x93, 0xB4, 0xE7, 0x74, 0x29, 0xCE, 0x62, 0x70, 0xBA, 0xB4, 0xCE, 0xE2, 0x34, 0xCB, 0x2F,
    0x1F, 0xDD, 0x3F, 0x2D, 0x1A, 0xDA, 0xE0, 0x33, 0x70, 0x16, 0x39, 0x2E, 0x08, 0x6A, 0x92, 0xEA,
    0x3B, 0xAC, 0xA4, 0x51, 0xAD, 0x3F, 0x29, 0x45, 0x58, 0x7A, 0x22, 0x6A, 0xA8, 0xDF, 0x5F, 0x95,
    0x8B, 0xDE, 0xFE, 0x39, 0xAB, 0x98, 0xA3, 0x33, 0xF6, 0x22, 0x3E, 0xB5, 0x31, 0xE3, 0x2C, 0xB0,
    0x9D, 0xE1, 0x98, 0x5C, 0x5F, 0x60, 0x98, 0x38, 0x8F, 0x27, 0x82, 0xA8, 0xD5, 0x6D, 0xC4, 0x90,
    0xFC, 0x32, 0x20, 0x4F, 0x0C, 0x4C, 0x41, 0x1E, 0xE4, 0x11, 0x83, 0x22, 0xF9, 0x41, 0x29, 0x22,
    0xF5, 0xA2, 0xBD, 0x5A, 0x57, 0xCB, 0xE1, 0xFF, 0x0D, 0x8A, 0x08, 0xB8, 0xFA, 0x7E, 0x8B, 0xDF,
    0x20, 0x60, 0x7D, 0x75, 0x31, 0x98, 0x8C, 0x2C, 0x5D, 0x18, 0xEC, 0xB2, 0x1A, 0xC5, 0x6A, 0xE1,
    0xEC, 0x6D, 0x06, 0xA0, 0x1F, 0x70, 0x57, 0x8C, 0x55, 0x6B, 0xE2, 0xFA, 0x42, 0x2F, 0xA5, 0x5D,
    0x3F, 0x88, 0x89, 0xC4, 0x69, 0xC0, 0xAD, 0x5C, 0xD9, 0x2E, 0x66, 0x77, 0x33, 0x15, 0xF5, 0x67,
    0xAD, 0xF1, 0x6E, 0x6E, 0xCB, 0x5F, 0xBF, 0x7C, 0x84, 0x11, 0x88, 0x1F, 0xBE, 0x9E, 0x8A, 0x5E,
    0xA6, 0x62, 0x04, 0xA9, 0x18, 0x01, 0xFA, 0x10, 0x50, 0xCA, 0xD5, 0x39, 0x23, 0xF0, 0xE7, 0x8C,
    0x40, 0xB2, 0xE2, 0xFC, 0xD6, 0x41, 0x23, 0x98, 0xFE, 0xFC, 0xDB, 0x59, 0x6A, 0xC1, 0x17, 0x31,
    0xFB, 0xC5, 0x5C, 0x01, 0x5D, 0x4D, 0xAB, 0x54, 0x06, 0x68, 0x55, 0x95, 0x15, 0x95, 0x82, 0x0B,
    0x04, 0x1D, 0x0E, 0x65, 0xE7, 0x2F, 0x8B, 0x88, 0xCF, 0xB1, 0x23, 0xD6, 0xAF, 0x66, 0x70, 0x4B,
    0x51, 0x00, 0x80, 0x6A, 0x9D, 0x01, 0x9E, 0x68, 0x19, 0x60, 0x52, 0xF2, 0x69, 0x59, 0x14, 0x6E,
    0x45, 0xEC, 0x21, 0x4A, 0x99, 0xAB, 0x0D, 0xF6, 0x8C, 0x28, 0x84, 0x60, 0x5A, 0x4C, 0x9D, 0x8D,
    0x54, 0xD6, 0x44, 0x2A, 0x2C, 0xCC, 0xB5, 0x1F, 0x19, 0x88, 0x9F, 0x5B, 0xFB, 0xC8, 0x9F, 0x61,
    0xF3, 0xF0, 0xF3, 0xCB, 0x58, 0x7C, 0xC9, 0xBF, 0x2D, 0xE2, 0xF1, 0x1F, 0xEE, 0xB2, 0x53, 0x3A,
    0x65, 0xCE, 0x59, 0xD3, 0x60, 0xD1, 0xD0, 0x9D, 0x72, 0xD6, 0x8F, 0xAE, 0x28, 0x2F, 0xB3, 0x0E,
    0xA8, 0x6A, 0xDA, 0x0D, 0xE9, 0x99, 0xE2, 0xCB, 0xF7, 0xE3, 0x35, 0xDE, 0x8F, 0x53, 0x46, 0xF6,
    0x63, 0x93, 0xAD, 0x91, 0x76, 0xE0, 0x08, 0xA7, 0xC4, 0xFA, 0xDA, 0x39, 0xA5, 0x56, 0xF6, 0xA3,
    0x9A, 0xDB, 0x0F, 0xDB, 0xE5, 0xA4, 0x1B, 0x32, 0x19, 0xD5, 0xA0, 0x86, 0x94, 0x5A, 0x9B, 0x7B,
    0x13, 0x84, 0x3C, 0xEF, 0x71, 0x4E, 0xCB, 0xDE, 0x22, 0xFB, 0xC1, 0xAD, 0x92, 0x67, 0xA7, 0x65,
    0x27, 0xD2, 0xA9, 0x8D, 0x33, 0x9F, 0x97, 0x6D, 0x79, 0x59, 0x72, 0xCA, 0x58, 0xB6, 0x33, 0xE4,
    0xA7, 0x3F, 0xF5, 0xB2, 0xA3, 0xA4, 0xAC, 0xC4, 0x33, 0xFE, 0x5C, 0xBD, 0x20, 0x52, 0xA6, 0x08,
    0x26, 0x52, 0xDE, 0x6B, 0x45, 0xCA, 0x45, 0x2C, 0x52, 0x2E, 0x34, 0x4B, 0x39, 0x53, 0xD6, 0x01,
    0x89, 0x81, 0x92, 0xFF, 0x71, 0xEE, 0x27, 0x76, 0xDE, 0xC7, 0x3A, 0x1F, 0xAB, 0x54, 0x3F, 0x72,
    0x7A, 0xE8, 0x94, 0x92, 0x43, 0x50, 0x30, 0xC1, 0xC1, 0x34, 0x91, 0xC9, 0x39, 0x23, 0x59, 0xF1,
    0x2B, 0xD6, 0xB3, 0x2D, 0x24, 0x3D, 0x84, 0x63, 0x82, 0x33, 0xE1, 0xF8, 0x5F, 0xBD, 0xAA, 0x92,
    0x8E, 0x1E, 0x5A, 0x42, 0xEB, 0x6A, 0x01, 0xA9, 0x10, 0x3C, 0x34, 0xB2, 0x21, 0xE0, 0x68, 0x44,
    0x79, 0x3D, 0xFC, 0x3D, 0xAF, 0x5B, 0xD9, 0x75, 0xC7, 0xF6, 0x9C, 0xD8, 0xB3, 0xB6, 0x67, 0xDF,
    0x65, 0x7E, 0x6F, 0x83, 0x3C, 0x91, 0x40, 0x51, 0x23, 0x4E, 0xE8, 0xEC, 0x32, 0x37, 0xA0, 0x2E,
    0xF2, 0x27, 0x07, 0x86, 0x2A, 0xE0, 0x56, 0x45, 0x9B, 0x57, 0x2A, 0x3D, 0x41, 0xF1, 0x57, 0x0D,
    0xB6, 0x70, 0xFA, 0xA4, 0x59, 0x83, 0x9B, 0x30, 0xC5, 0x10, 0x79, 0x87, 0x21, 0xED, 0xF2, 0xD0,
    0x38, 0xAC, 0x91, 0xCF, 0x7D, 0xC7, 0x51, 0x8D, 0xC3, 0xB9, 0xD3, 0xDA, 0x1C, 0xD7, 0xF8, 0xBC,
    0x95, 0x81, 0x98, 0x9D, 0x67, 0x36, 0x28, 0x96, 0x84, 0xA6, 0xA1, 0x0C, 0x8D, 0xD2, 0x0D, 0x54,
    0xEE, 0x63, 0xAC, 0xFF, 0xF2, 0x26, 0xE3, 0xD4, 0x7C, 0x77, 0xB1, 0xAA, 0x2E, 0x22, 0xE7, 0xA0,
    0xFA, 0xDA, 0xAF, 0x7B, 0x68, 0xD1, 0x64, 0x83, 0x9A, 0xBE, 0x2E, 0x18, 0x57, 0xE8, 0x7B, 0x16,
    0xD5, 0x25, 0xB0, 0xC3, 0x38, 0x46, 0x0D, 0xA7, 0x3E, 0x23, 0x3E, 0x86, 0x7C, 0xEC, 0xCD, 0x96,
    0x04, 0xA5, 0x2C, 0x8B, 0x55, 0x79, 0x51, 0x59, 0x93, 0x97, 0x94, 0x15, 0x79, 0xC1, 0x18, 0x07,
    0x64, 0x9A, 0x7E, 0x8D, 0xAB, 0x0C, 0x87, 0x63, 0x9C, 0x78, 0x92, 0x70, 0xBD, 0x3D, 0x92, 0xAC,
    0x57, 0x51, 0x99, 0xA3, 0x6A, 0xFC, 0xC6, 0x16, 0x78, 0x82, 0x17, 0xE7, 0x89, 0x82, 0x17, 0xBB,
    0xD6, 0x1B, 0x74, 0x7F, 0x50, 0xC6, 0x48, 0xEF, 0x7A, 0x66, 0x1C, 0x43, 0xE5, 0x74, 0x11, 0xFF,
    0x18, 0x5B, 0xBD, 0xA9, 0x82, 0x8F, 0x79, 0xAB, 0xCF, 0x93, 0x80, 0x69, 0xAB, 0x77, 0x9B, 0xF5,
    0x6D, 0x6C, 0xF5, 0xC2, 0xAD, 0x66, 0x85, 0xB3, 0x9D, 0xB8, 0x5C, 0xE2, 0x4C, 0x2D, 0xC9, 0x96,
    0x38, 0xBD, 0xDB, 0xB6, 0xC5, 0xC3, 0x0F, 0xBA, 0x22, 0xE2, 0x69, 0xCF, 0x8B, 0x5D, 0x10, 0x2E,
    0x5C, 0x10, 0xCE, 0x09, 0x49, 0x5C, 0x58, 0xED, 0x7F, 0xAB, 0x25, 0x85, 0x63, 0xFF, 0x36, 0xF0,
    0x25, 0x33, 0xC8, 0xA3, 0x6B, 0x77, 0x38, 0x35, 0xF0, 0xD0, 0xDC, 0x04, 0x9C, 0xB0, 0xF6, 0xF3,
    0x48, 0x22, 0x1B, 0x2E, 0x10, 0xD9, 0x4A, 0xFF, 0x36, 0x7B, 0xF6, 0x70, 0xE2, 0xEF, 0x88, 0xD6,
    0xC7, 0xF7, 0xEE, 0x48, 0xF8, 0x9A, 0xCE, 0x14, 0x0C, 0xDC, 0x45, 0x94, 0xCF, 0x47, 0x8E, 0xDF,
    0x7F, 0x53, 0xB0, 0xA5, 0x19, 0x74, 0x25, 0x80, 0x92, 0x27, 0xA8, 0x06, 0x68, 0xFB, 0x79, 0xF7,
    0x8F, 0x2E, 0x72, 0xE4, 0xE6, 0x6B, 0x7B, 0xEF, 0xF5, 0x8C, 0xDD, 0xFF, 0xA5, 0xA7, 0xC4, 0xEE,
    0xC3, 0x8C, 0x3D, 0xFB, 0x98, 0x83, 0x0E, 0x72, 0x0F, 0xF2, 0xAA, 0x6C, 0xF7, 0xE6, 0x2D, 0xCE,
    0x3C, 0xB2, 0x8B, 0x41, 0x86, 0x8C, 0x88, 0x6A, 0x9C, 0xCC, 0xDA, 0x3D, 0x7B, 0xB3, 0x71, 0x67,
    0xF7, 0x63, 0x6B, 0xF7, 0x75, 0x27, 0xF3, 0xD9, 0xE2, 0x8A, 0x6D, 0xAD, 0x65, 0x53, 0x6B, 0x75,
    0x7E, 0x8B, 0x0A, 0xA7, 0xE4, 0x62, 0x44, 0xC7, 0x81, 0xA1, 0x70, 0x9C, 0x46, 0x9B, 0x57, 0xE9,
    0x08, 0x2B, 0xEB, 0x8E, 0x51, 0x4A, 0x47, 0x32, 0x31, 0x1C, 0xB9, 0xD0, 0x52, 0x1B, 0xDE, 0xEF,
    0xB0, 0x66, 0x68, 0xE0, 0x9D, 0xF5, 0x59, 0xA9, 0xC5, 0x47, 0xF8, 0x9B, 0x02, 0x25, 0x46, 0x2F,
    0x9F, 0xA9, 0xDD, 0x8F, 0x5A, 0xB7, 0x81, 0x85, 0x53, 0x51, 0x47, 0x06, 0x1E, 0x66, 0xB0, 0x6F,
    0x2D, 0xE6, 0xCD, 0xD6, 0xDD, 0x1D, 0x79, 0x5D, 0x35, 0xE1, 0xA2, 0x8E, 0xD6, 0xA5, 0xCD, 0xDA,
    0xE0, 0xA3, 0x72, 0x47, 0x8E, 0x2E, 0x5C, 0xD4, 0xA9, 0xC3, 0x45, 0x9D, 0xAD, 0x21, 0x48, 0xE7,
    0x93, 0x92, 0x14, 0x3E, 0x29, 0x08, 0xDB, 0x96, 0x8A, 0x6E, 0xC0, 0xA7, 0x9B, 0xAC, 0x55, 0xBD,
    0x77, 0x8B, 0x35, 0xC4, 0x26, 0xB0, 0x4B, 0x94, 0x5B, 0xBE, 0x8D, 0xAE, 0x53, 0x35, 0xA2, 0xDF,
    0xA8, 0x7E, 0x40, 0x87, 0x1A, 0xBF, 0x7B, 0x0B, 0x87, 0xC4, 0xFC, 0xE7, 0x3E, 0xDD, 0x29, 0x87,
    0xAA, 0x7F, 0xDD, 0xCE, 0x77, 0xE7, 0x37, 0x5C, 0x65, 0x47, 0x85, 0x23, 0x6E, 0x2C, 0x8B, 0xCA,
    0xCB, 0xEC, 0x3C, 0xE1, 0x39, 0x03, 0xB8, 0xCD, 0x1E, 0xFB, 0x4C, 0x76, 0x98, 0xEC, 0x2D, 0xD9,
    0x55, 0xD2, 0x1F, 0x7F, 0xFE, 0x4C, 0x25, 0x84, 0x1F, 0xF3, 0x7D, 0xDA, 0x2F, 0xC1, 0x7C, 0xD1,
    0x21, 0xC0, 0xBF, 0x92, 0x1D, 0xBF, 0x3D, 0xAB, 0x96, 0xDF, 0xB1, 0xE7, 0xF7, 0x78, 0x25, 0x7F,
    0x3C, 0xA0, 0xC5, 0x1A, 0x73, 0xDF, 0x8C, 0x60, 0x3A, 0xDE, 0x84, 0x3C, 0x2F, 0xF2, 0x82, 0x2D,
    0xCA, 0x79, 0x60, 0x38, 0x5B, 0xE4, 0xED, 0x60, 0x37, 0x13, 0x99, 0xC0, 0x38, 0xB1, 0x5B, 0x4A,
    0xF1, 0x78, 0xAD, 0x1E, 0x02, 0xC1, 0x71, 0x75, 0x7E, 0xC8, 0x46, 0x3C, 0xED, 0xC2, 0x7C, 0xD5,
    0xF3, 0xC5, 0xA3, 0x4A, 0xA7, 0xB8, 0x90, 0xD2, 0xE9, 0xAD, 0xB1, 0x94, 0x4E, 0xC5, 0xE0, 0xAA,
    0xB5, 0xDF, 0xCF, 0x4B, 0x31, 0xDF, 0x51, 0x29, 0xD6, 0x1B, 0xD9, 0xB4, 0xD4, 0x97, 0xAC, 0xB4,
    0xB4, 0xA5, 0x93, 0xB1, 0x39, 0x50, 0xFC, 0x6B, 0x39, 0x7B, 0x7B, 0x36, 0x27, 0x4A, 0x8E, 0x2A,
    0x9D, 0xAE, 0xCC, 0xFA, 0x10, 0x54, 0x16, 0x49, 0x41, 0xEE, 0x9D, 0xD6, 0xFF, 0x8F, 0x2D, 0xCE,
    0xB4, 0xFE, 0xF2, 0x33, 0x6B, 0xBC, 0xBE, 0x1E, 0xB4, 0x92, 0x22, 0x81, 0x14, 0x5D, 0xC7, 0x44,
    0xCA, 0x16, 0x3B, 0xB3, 0x20, 0x5F, 0xE3, 0xE4, 0x53, 0xA7, 0x1C, 0x16, 0xE2, 0x91, 0x84, 0x87,
    0xB0, 0xB5, 0x61, 0x62, 0xA3, 0xEB, 0x15, 0x1C, 0x71, 0xE6, 0xF5, 0x6D, 0x61, 0x83, 0x4A, 0x19,
    0xFB, 0x4C, 0x8B, 0x5F, 0xF9, 0x9D, 0x64, 0x2B, 0xB6, 0xA8, 0x79, 0xC0, 0x2B, 0x47, 0x8A, 0xDD,
    0xD6, 0xB3, 0x4A, 0x9C, 0xA8, 0x12, 0x1F, 0x2A, 0x64, 0xDD, 0xD2, 0xBB, 0xAD, 0x70, 0x4C, 0xE5,
    0xEC, 0xC8, 0x4E, 0x6C, 0x25, 0x30, 0x9E, 0xE3, 0xC4, 0x02, 0x4B, 0xF7, 0xA5, 0x7F, 0xB0, 0x1C,
    0xED, 0x0B, 0x98, 0xAF, 0x8E, 0xF8, 0x9A, 0x31, 0xC1, 0x7F, 0xDC, 0x9C, 0xEE, 0x28, 0x42, 0xD1,
    0x4A, 0x4E, 0x1F, 0x80, 0x64, 0xAC, 0xE4, 0x58, 0x6D, 0xFD, 0x42, 0xE2, 0x4E, 0x21, 0x51, 0xA7,
    0x90, 0x98, 0x53, 0x48, 0xC4, 0x29, 0x24, 0xDE, 0x14, 0xA2, 0xB0, 0x85, 0xC4, 0x9A, 0x82, 0xD5,
    0x55, 0x32, 0xF7, 0xF8, 0x5E, 0x21, 0xF5, 0x93, 0x88, 0x27, 0x29, 0x38, 0x99, 0xE7, 0x69, 0x23,
    0xBF, 0xF2, 0x8B, 0xB9, 0xDE, 0x18, 0xF3, 0x80, 0xDC, 0x29, 0xC8, 0x42, 0x84, 0x72, 0x3E, 0x04,
    0xB7, 0x2B, 0x4C, 0x95, 0x60, 0xE4, 0x66, 0xE4, 0x02, 0x7D, 0xCF, 0x64, 0x88, 0x42, 0x08, 0x22,
    0x0B, 0xB8, 0xCB, 0x63, 0x48, 0x44, 0x46, 0x8F, 0xE8, 0xD0, 0x85, 0x7C, 0xAF, 0x42, 0x3C, 0x82,
    0x43, 0x11, 0xCA, 0x64, 0xEE, 0xEB, 0xA9, 0x00, 0x23, 0x63, 0xA5, 0xAF, 0xB7, 0x07, 0x1F, 0xB4,
    0x82, 0x67, 0xD0, 0xF8, 0x8C, 0xB3, 0x21, 0xDA, 0x61, 0x43, 0x64, 0x5F, 0x43, 0x70, 0x44, 0x43,
    0xC4, 0x29, 0xB0, 0xB9, 0xD2, 0x0D, 0x6D, 0x5C, 0xE3, 0x0C, 0x56, 0x13, 0xE0, 0xEF, 0xE2, 0x1C,
    0x7E, 0x64, 0x63, 0x88, 0xFA, 0x0F, 0x1F, 0x19, 0x34, 0x5D, 0xA3, 0xB4, 0x99, 0xA1, 0x37, 0xA5,
    0xF5, 0xD0, 0x60, 0x65, 0x8C, 0x44, 0xAA, 0x61, 0x88, 0x9B, 0xC4, 0x4C, 0x1D, 0x2D, 0xAE, 0x79,
    0x75, 0xCD, 0xCB, 0x6B, 0x5E, 0x1F, 0xD3, 0x01, 0xF8, 0x0C, 0x10, 0xD0, 0xEF, 0x10, 0x04, 0x3A,
    0x12, 0x06, 0xEC, 0x77, 0xD4, 0x40, 0x27, 0xFD, 0x86, 0x77, 0x7B, 0x6F, 0x22, 0x63, 0x3A, 0x33,
    0xF7, 0xC8, 0xAD, 0xF4, 0x86, 0x56, 0xD7, 0x50, 0x3F, 0x77, 0x98, 0xDC, 0xC2, 0xF7, 0x8F, 0xC1,
    0x0C, 0x56, 0xBC, 0x92, 0x86, 0x8D, 0x69, 0xF8, 0x0F, 0x3A, 0x9C, 0x98, 0x68, 0xD2, 0xA6, 0xE8,
    0x3E, 0xFD, 0x45, 0xCF, 0xD0, 0xD5, 0x0B, 0x03, 0x15, 0x3C, 0x30, 0x64, 0x0B, 0x06, 0x25, 0xD0,
    0xA2, 0x34, 0x37, 0xF4, 0x53, 0xED, 0x50, 0xC3, 0x3B, 0x54, 0x60, 0x87, 0xC0, 0x65, 0x1E, 0x43,
    0x98, 0x3F, 0xAE, 0xF1, 0x77, 0xE4, 0xCF, 0x83, 0x87, 0xFB, 0xF8, 0x35, 0xFA, 0x8D, 0x20, 0xAF,
    0x5C, 0xDE, 0xF6, 0xB7, 0x73, 0xAD, 0xED, 0x01, 0x13, 0xC0, 0x5B, 0x31, 0x99, 0xEA, 0xE0, 0xFA,
    0x6E, 0xDE, 0x33, 0x8F, 0x0D, 0x09, 0xA9, 0xBD, 0xA8, 0x78, 0x70, 0xB5, 0x77, 0x15, 0x71, 0x7B,
    0xD5, 0x50, 0xCD, 0x31, 0x59, 0x8E, 0x32, 0x5D, 0x2C, 0x93, 0x38, 0x6B, 0x3A, 0x78, 0xA3, 0x93,
    0xDF, 0xCB, 0x69, 0x0F, 0x06, 0x29, 0xC9, 0xE9, 0x95, 0x99, 0xD9, 0x9A, 0xAE, 0x98, 0x19, 0x80,
    0x0C, 0xF1, 0x27, 0x03, 0x33, 0xA1, 0x85, 0x27, 0x3C, 0xC6, 0x45, 0x6B, 0xF8, 0x0F, 0x70, 0xA2,
    0xF4, 0xA1, 0xE0, 0xD3, 0x3F, 0x7C, 0x9F, 0x4E, 0xE1, 0xB5, 0x87, 0x93, 0xC8, 0xCF, 0xC9, 0x29,
    0xEC, 0x26, 0xD7, 0xF2, 0x5E, 0xF5, 0x82, 0xDE, 0xDF, 0xC1, 0x68, 0x46, 0x7C, 0x8F, 0x4E, 0x94,
    0x40, 0xF8, 0x74, 0xA2, 0xFC, 0x21, 0xA4, 0x93, 0xBA, 0xE0, 0x73, 0xC3, 0x4F, 0xF9, 0x63, 0x2E,
    0x5F, 0x7A, 0x72, 0x52, 0x27, 0xEE, 0x49, 0xF2, 0x64, 0x6B, 0x73, 0x3B, 0xA7, 0x19, 0xB2, 0xF0,
    0xB8, 0x0F, 0x32, 0xF6, 0xAA, 0x3E, 0xC9, 0x6F, 0x12, 0x6F, 0xA6, 0xBE, 0xF9, 0x90, 0x6E, 0xE7,
    0x61, 0x45, 0x81, 0x2B, 0xFB, 0xCC, 0x94, 0x7E, 0x36, 0xC0, 0x04, 0x70, 0x42, 0x35, 0xAB, 0x5A,
    0x23, 0xB7, 0x93, 0xD5, 0x3A, 0xED, 0xED, 0x83, 0x22, 0x19, 0xE5, 0xF4, 0xC7, 0x67, 0x85, 0x23,
    0x61, 0xCB, 0xB7, 0x15, 0x93, 0xE5, 0xCD, 0x49, 0xC7, 0x26, 0xAC, 0x65, 0xB8, 0xB7, 0x21, 0xF6,
    0x96, 0x6E, 0x0E, 0x9B, 0x8F, 0xBB, 0xAB, 0xF9, 0xFC, 0xD7, 0xDF, 0xDF, 0xDE, 0xD6, 0x0A, 0xF7,
    0x17, 0xD3, 0x8E, 0xE3, 0x06, 0xFD, 0x9A, 0xB6, 0x9C, 0xEE, 0x90, 0x15, 0x82, 0x6E, 0x71, 0x85,
    0x75, 0xE2, 0x41, 0xCB, 0x6A, 0x41, 0xC5, 0x11, 0x34, 0x03, 0xC4, 0x8C, 0x8A, 0xEE, 0xBA, 0x0E,
    0xAD, 0xDB, 0x2D, 0x97, 0x2F, 0xF2, 0xFA, 0xB7, 0xC1, 0xD5, 0x01, 0xC0, 0x0E, 0xC8, 0x3A, 0x96,
    0x2E, 0xCC, 0x8A, 0xE5, 0x0B, 0xBA, 0x0E, 0x18, 0x5E, 0x04, 0x5F, 0x07, 0x10, 0x7D, 0x64, 0xAF,
    0x40, 0xC1, 0x8C, 0x1D, 0x60, 0x08, 0x65, 0x47, 0x38, 0x98, 0xB3, 0x03, 0x10, 0x21, 0xED, 0x08,
    0x89, 0xB0, 0x76, 0x04, 0xC5, 0xD2, 0x76, 0x17, 0xA6, 0xBC, 0x5D, 0x47, 0xDC, 0x31, 0x73, 0x67,
    0xC5, 0xD0, 0x58, 0x31, 0xD4, 0x00, 0xC1, 0x9D, 0x48, 0xC2, 0x00, 0x3E, 0x04, 0x10, 0xE0, 0x2A,
    0x80, 0x40, 0x6F, 0xDF, 0x60, 0x00, 0x20, 0xF0, 0xB0, 0x3E, 0x33, 0x78, 0x58, 0x1E, 0xB4, 0x05,
    0xAD, 0xCE, 0xAE, 0x95, 0x16, 0x67, 0xFE, 0x82, 0xD6, 0x16, 0xE7, 0x7A, 0xC1, 0xD1, 0x78, 0x1D,
    0x85, 0xC1, 0x75, 0x83, 0x6D, 0x5B, 0x94, 0x76, 0x61, 0x53, 0xF0, 0xCA, 0xBC, 0x37, 0x58, 0x1A,
    0x64, 0x1E, 0xAF, 0x0D, 0x36, 0x8F, 0x17, 0x07, 0x9D, 0xC7, 0xAB, 0x83, 0xCF, 0xE3, 0xE5, 0x99,
    0xD0, 0xA3, 0xF5, 0x99, 0xD1, 0x03, 0x00, 0xA1, 0xF4, 0x50, 0xA5, 0x32, 0xA7, 0x87, 0x32, 0x55,
    0x48, 0xBD, 0x0B, 0xD3, 0xBE, 0xD1, 0x94, 0xD6, 0xEB, 0x78, 0xBD, 0x29, 0xB1, 0x37, 0xCB, 0xEC,
    0x4D, 0x27, 0x0D, 0x1C, 0x44, 0x8A, 0x5B, 0x3C, 0xC7, 0x08, 0x76, 0x0F, 0x20, 0x9F, 0x61, 0x7A,
    0x0F, 0x28, 0xFB, 0xCC, 0xEF, 0x01, 0xE6, 0x32, 0x13, 0x7C, 0xC0, 0x29, 0x0C, 0x1F, 0x03, 0x15,
    0x8A, 0x0F, 0x92, 0x62, 0x8E, 0x0F, 0x50, 0x2D, 0xC9, 0x47, 0x58, 0x2D, 0xCB, 0x07, 0xB0, 0x96,
    0xE6, 0xBB, 0x30, 0xC3, 0xF3, 0xCD, 0x10, 0x7D, 0xB3, 0x4C, 0xDF, 0x61, 0xAA, 0xEF, 0x88, 0xD9,
    0x0E, 0x61, 0xF9, 0x2C, 0x7A, 0xBA, 0x12, 0xF4, 0x4C, 0xE6, 0x41, 0xC3, 0x98, 0xF1, 0x63, 0x23,
    0x66, 0xCA, 0x0F, 0xE8, 0x15, 0x73, 0x7E, 0x40, 0x2F, 0xA4, 0x1F, 0x5B, 0xB3, 0xB0, 0x7E, 0x84,
    0x5E, 0x68, 0x3F, 0xA0, 0xB7, 0xBC, 0x1F, 0xA1, 0xB4, 0xC4, 0x1F, 0xD0, 0x5B, 0xE6, 0xEF, 0xC2,
    0x2C, 0xF5, 0x37, 0xE5, 0xFE, 0xA6, 0xE4, 0x1F, 0x17, 0x17, 0xEC, 0x15, 0x85, 0xFE, 0x03, 0xC0,
    0x5C, 0xF8, 0x3F, 0x41, 0xC8, 0x04, 0xA0, 0x38, 0x19, 0x66, 0x00, 0x19, 0xA3, 0x50, 0x80, 0x0C,
    0x52, 0x98, 0x3F, 0xA0, 0xB4, 0x24, 0x20, 0x60, 0x3A, 0x16, 0x90, 0x70, 0x5A, 0x1A, 0x10, 0x40,
    0x1D, 0x0F, 0x48, 0x48, 0x1D, 0x11, 0x48, 0x50, 0x3B, 0x26, 0xF0, 0xC2, 0x0C, 0x15, 0x38, 0xCB,
    0x05, 0xCE, 0x91, 0x81, 0x5D, 0x4D, 0x57, 0x1D, 0xE8, 0xC3, 0x39, 0xF5, 0xB1, 0x8C, 0xA0, 0xA3,
    0x04, 0xA7, 0x9C, 0xA0, 0x7A, 0xF9, 0x68, 0xFB, 0x4A, 0xAD, 0x92, 0xA7, 0x56, 0xC7, 0x53, 0x6B,
    0x5F, 0xA9, 0xB5, 0x2F, 0x2A, 0xD3, 0x44, 0xC1, 0x57, 0x0F, 0xD8, 0x97, 0x7F, 0xC0, 0xBE, 0x22,
    0x6B, 0x5F, 0xB7, 0x0E, 0xD9, 0x97, 0x3A, 0xCC, 0x12, 0x76, 0x13, 0x48, 0xBE, 0xCB, 0x7A, 0x8B,
    0x03, 0xA3, 0x36, 0xD5, 0x34, 0x1B, 0x3D, 0xE0, 0x1E, 0x45, 0xF3, 0xE1, 0x08, 0xB0, 0x2D, 0xE1,
    0xD0, 0xEA, 0xCD, 0x65, 0xBB, 0x21, 0xE7, 0x18, 0x37, 0x28, 0x43, 0xE0, 0x66, 0xCE, 0x90, 0x70,
    0x83, 0x34, 0x04, 0x6E, 0x66, 0x0D, 0xD9, 0x3D, 0xFA, 0xEC, 0x93, 0x84, 0x37, 0xBC, 0xE0, 0x88,
    0x43, 0xC7, 0x1C, 0x3A, 0xEA, 0xB0, 0xE3, 0x0E, 0x41, 0x1E, 0xCE, 0xF4, 0x39, 0x27, 0xB6, 0xCF,
    0x69, 0x83, 0x90, 0x98, 0xA0, 0x9F, 0x3B, 0x0B, 0xA4, 0xEC, 0x94, 0x0D, 0x10, 0xE9, 0x29, 0xDB,
    0x1F, 0xF2, 0x53, 0x16, 0x23, 0x27, 0xA8, 0x90, 0x23, 0x32, 0x54, 0x6B, 0x7C, 0xA1, 0xB8, 0x49,
    0xCE, 0x51, 0xA1, 0xBC, 0x92, 0xA4, 0x5E, 0x98, 0x66, 0xA9, 0xD3, 0xC1, 0x6A, 0xE4, 0xA9, 0x4F,
    0xB7, 0x8D, 0xAF, 0xC9, 0x36, 0x52, 0xF6, 0x29, 0xDB, 0xB8, 0x29, 0xE6, 0x8F, 0xFC, 0xF3, 0x48,
    0x37, 0xA9, 0xD3, 0x79, 0x37, 0xD9, 0xAA, 0xD9, 0x2C, 0x74, 0xBA, 0x8D, 0xEE, 0x09, 0x0A, 0x79,
    0x80, 0xE2, 0xCE, 0x04, 0xCF, 0x4F, 0x4C, 0xCC, 0x5D, 0x73, 0x8F, 0x23, 0x32, 0xF8, 0x45, 0xE0,
    0x58, 0x06, 0x41, 0xCF, 0x2E, 0x50, 0xE7, 0xC0, 0xB1, 0x42, 0x8A, 0xCB, 0x51, 0x2B, 0x93, 0xB0,
    0xCC, 0x24, 0x23, 0xE1, 0x00, 0xCB, 0x28, 0x94, 0x9E, 0x6C, 0x0B, 0x9F, 0x99, 0xD2, 0x93, 0x6D,
    0x99, 0x3A, 0x97, 0x27, 0x9D, 0x7B, 0xD9, 0x13, 0xB6, 0x45, 0x59, 0xF7, 0x7D, 0x1C, 0x8C, 0xA3,
    0x60, 0x81, 0x63, 0xE0, 0x6D, 0xD9, 0x6B, 0xED, 0xB6, 0x14, 0xB1, 0xDD, 0x96, 0x42, 0xA2, 0x28,
    0xD3, 0x8E, 0xB2, 0x2D, 0xB8, 0x10, 0x97, 0xD8, 0x79, 0xC4, 0xB8, 0x73, 0x88, 0x6A, 0x9E, 0x7B,
    0x9C, 0x92, 0x8F, 0x1D, 0xFB, 0xA8, 0x24, 0x9E, 0xFD, 0x12, 0xFC, 0x23, 0x80, 0xDD, 0x07, 0x01,
    0x09, 0x60, 0xCC, 0x40, 0x02, 0x58, 0x1F, 0xD4, 0x23, 0x80, 0xAD, 0xC8, 0xC5, 0x5F, 0x7F, 0xFF,
    0x9F, 0x81, 0x84, 0x64, 0xED, 0x05, 0x0B, 0x09, 0x60, 0x42, 0x43, 0x22, 0xAE, 0x30, 0xFF, 0x08,
    0x60, 0x7C, 0x01, 0x6F, 0xC7, 0x4C, 0x24, 0x20, 0x08, 0x15, 0x79, 0x61, 0x86, 0x8B, 0xEC, 0xC8,
    0xC8, 0x8E, 0x8D, 0x9C, 0xD2, 0x91, 0x54, 0x7C, 0x0F, 0xBA, 0x01, 0xB6, 0x89, 0x3C, 0x16, 0x00,
    0x0D, 0x72, 0xD1, 0x4E, 0x79, 0xA2, 0x41, 0x94, 0xF3, 0xB0, 0x06, 0x79, 0xA6, 0x60, 0x0D, 0x0A,
    0x1F, 0xCB, 0xCE, 0x51, 0x5E, 0xC3, 0x92, 0x6A, 0x45, 0x50, 0xBA, 0x14, 0x39, 0xE9, 0x4C, 0x34,
    0xC8, 0x63, 0x97, 0x7A, 0xC1, 0x0E, 0xAC, 0xCC, 0xCE, 0xCB, 0x04, 0xF9, 0xC1, 0x70, 0xC1, 0x8E,
    0x77, 0x1C, 0xB2, 0x61, 0xEF, 0xA0, 0xFD, 0x49, 0x38, 0x02, 0x64, 0xD7, 0x84, 0xC3, 0xC7, 0x10,
    0x28, 0xE1, 0xF0, 0xF7, 0x4D, 0xC6, 0x86, 0x6D, 0x3E, 0xCC, 0x80, 0x23, 0xA4, 0xEC, 0x59, 0x42,
    0x81, 0x84, 0xB1, 0x04, 0x0E, 0x88, 0xC3, 0x80, 0x98, 0x91, 0x67, 0xC4, 0x21, 0x29, 0xFD, 0xA1,
    0xE4, 0x1A, 0xDE, 0xBE, 0x5D, 0x7F, 0x90, 0xCD, 0x8F, 0x71, 0xEB, 0xEC, 0x28, 0x39, 0x30, 0x4E,
    0x0E, 0x49, 0x81, 0x64, 0x95, 0x7C, 0xA6, 0xF5, 0x5F, 0x13, 0x0D, 0x0E, 0xCD, 0xCF, 0x58, 0x0E,
    0xF1, 0xBB, 0x8F, 0x59, 0x83, 0x57, 0xF0, 0x30, 0x0F, 0xAD, 0xBF, 0x8C, 0x1C, 0x91, 0xD6, 0x8F,
    0xE1, 0x48, 0x68, 0x7D, 0x8D, 0x2A, 0x85, 0xD6, 0xEF, 0xE5, 0xEE, 0xBE, 0x9F, 0x74, 0x9E, 0x3E,
    0x42, 0x70, 0xD2, 0x26, 0xE8, 0x65, 0xCC, 0xBA, 0x7C, 0x07, 0x44, 0x26, 0xEF, 0x0D, 0x98, 0x4C,
    0x80, 0x8A, 0x41, 0x65, 0x02, 0xD5, 0x3A, 0xB8, 0x4C, 0xC0, 0x8A, 0x41, 0x66, 0x02, 0x17, 0xB3,
    0x99, 0xEC, 0xF1, 0x98, 0xCE, 0x84, 0xCB, 0x03, 0x9F, 0xC9, 0x5A, 0xCB, 0x84, 0x26, 0xB4, 0x96,
    0x19, 0x4D, 0xD1, 0xDA, 0x25, 0xAB, 0x32, 0xD3, 0x41, 0x89, 0x2F, 0xB8, 0x58, 0x9C, 0x66, 0x20,
    0x45, 0x97, 0x81, 0xE4, 0x80, 0x26, 0xD4, 0x26, 0xB0, 0x85, 0xCC, 0x6D, 0xB2, 0xC8, 0x98, 0xDC,
    0x64, 0xA1, 0x31, 0xBB, 0x09, 0x78, 0x42, 0x6F, 0x02, 0x9F, 0xE5, 0x37, 0x79, 0xEB, 0x70, 0xC5,
    0x9B, 0x27, 0x0C, 0x27, 0x1C, 0x91, 0x50, 0x9C, 0xC0, 0x68, 0x39, 0xCE, 0x0B, 0xB3, 0x24, 0xE7,
    0x94, 0xE5, 0x9C, 0xD2, 0x9C, 0x07, 0x78, 0x4E, 0x6E, 0x3A, 0x73, 0xC7, 0x59, 0x12, 0x58, 0x24,
    0xAF, 0x9C, 0xB8, 0x72, 0xD2, 0xCA, 0x09, 0x2B, 0x27, 0xAB, 0x9C, 0xA8, 0x72, 0x92, 0xCA, 0x09,
    0xAA, 0x24, 0xA7, 0x9C, 0x98, 0x72, 0x52, 0xDA, 0xC3, 0x17, 0x1C, 0x39, 0xDC, 0x31, 0xE8, 0x78,
    0x4F, 0xAF, 0x9A, 0x4F, 0xCF, 0x6A, 0x27, 0x9B, 0x7A, 0xCE, 0x03, 0x3D, 0x03, 0xEE, 0x93, 0x3D,
    0x10, 0xC8, 0x4F, 0xF6, 0x40, 0x08, 0xAB, 0x92, 0x98, 0x51, 0x3C, 0x10, 0x0F, 0x04, 0xFE, 0x93,
    0x3D, 0xD0, 0xC5, 0x80, 0x15, 0x5A, 0x18, 0x50, 0xEB, 0x81, 0x24, 0x30, 0x8C, 0xA7, 0x1E, 0x68,
    0xAC, 0xE6, 0x59, 0x50, 0xD0, 0xA0, 0xDD, 0x34, 0xDA, 0x84, 0x07, 0xA2, 0x08, 0x82, 0x27, 0xE9,
    0x95, 0x27, 0xB9, 0x95, 0x27, 0x9B, 0xE2, 0x49, 0x56, 0xE5, 0x49, 0x4A, 0xE5, 0x49, 0x3E, 0xE5,
    0x49, 0x32, 0xE5, 0x71, 0x26, 0x35, 0xF6, 0x38, 0x8D, 0x32, 0x4C, 0xE4, 0x5C, 0x38, 0x27, 0x74,
    0x5A, 0x74, 0x85, 0x4F, 0xE6, 0x33, 0x9C, 0x7A, 0x7B, 0xDC, 0x62, 0xED, 0x55, 0xC2, 0xE5, 0xB4,
    0x32, 0x12, 0xF5, 0xE7, 0x33, 0x83, 0xB2, 0xB4, 0x0B, 0x91, 0xC9, 0xB1, 0x0F, 0x78, 0xF2, 0x00,
    0x3B, 0xD1, 0x97, 0xBD, 0xB0, 0xBB, 0x51, 0xC9, 0x7E, 0x54, 0xB2, 0x23, 0x95, 0xEC, 0x49, 0x25,
    0xBB, 0x52, 0x4B, 0xC7, 0x7F, 0x28, 0x0D, 0xFF, 0x35, 0xE9, 0xF7, 0xAF, 0x49, 0xD9, 0xB0, 0x26,
    0xFB, 0xC3, 0xC3, 0xD2, 0xEE, 0xE1, 0x2B, 0x4B, 0x28, 0x75, 0xF3, 0x1F, 0x5F, 0xAE, 0x03, 0x6A,
    0xAA, 0x03, 0xEA, 0x08, 0x1D, 0xC8, 0xBE, 0x8F, 0xA7, 0x4C, 0xFA, 0x3D, 0xC3, 0x8F, 0x58, 0x2C,
    0x61, 0x0E, 0xEC, 0x65, 0x15, 0x3D, 0x78, 0xE7, 0x65, 0x4C, 0x3D, 0x7E, 0xAC, 0xD4, 0x1B, 0x37,
    0x27, 0xDD, 0x73, 0x20, 0x4B, 0xF3, 0x3A, 0xE0, 0xC2, 0xB2, 0x54, 0x71, 0xC2, 0xCE, 0xC0, 0x9D,
    0x9C, 0xB7, 0x75, 0x5C, 0x68, 0x8E, 0x49, 0x21, 0x17, 0x6D, 0x1A, 0xD1, 0x81, 0x15, 0x7F, 0x22,
    0xC9, 0xC1, 0xB2, 0xAA, 0xC4, 0x30, 0x28, 0x20, 0x48, 0xCA, 0x18, 0x2B, 0x5B, 0xCD, 0xE9, 0xD2,
    0x46, 0x21, 0xBF, 0x72, 0xC9, 0xC1, 0xF9, 0xA7, 0x7A, 0x46, 0xCF, 0x91, 0xAB, 0xEA, 0x3D, 0x41,
    0x08, 0x7A, 0x95, 0x11, 0x82, 0x5F, 0x65, 0x15, 0x01, 0xC1, 0xCA, 0x08, 0xC1, 0xB0, 0xB2, 0xF9,
    0x82, 0x62, 0x65, 0xEB, 0x05, 0xC7, 0x0A, 0x84, 0x4C, 0xB2, 0x4A, 0x35, 0x0D, 0x96, 0x95, 0x10,
    0x32, 0xCD, 0x6A, 0x23, 0xE2, 0xD0, 0x45, 0xC4, 0xA1, 0xF3, 0x2D, 0x43, 0xE7, 0x5B, 0x86, 0x87,
    0x26, 0xE2, 0x0F, 0x5F, 0x5C, 0xEC, 0x44, 0xE7, 0xCA, 0x03, 0xD1, 0x5D, 0x66, 0x5C, 0xD9, 0xB1,
    0x8C, 0x7B, 0xB6, 0x36, 0x00, 0xE7, 0x2A, 0x6E, 0xE5, 0x73, 0xAB, 0xC3, 0x60, 0x5D, 0xC5, 0xA9,
    0x44, 0xAE, 0x2E, 0xF0, 0x6D, 0x59, 0xC0, 0xC4, 0x2B, 0x3C, 0x0A, 0x33, 0xAF, 0xEC, 0x50, 0x7E,
    0x6D, 0x6B, 0x82, 0x8E, 0x7B, 0xED, 0xC8, 0xD7, 0x8E, 0x7D, 0x45, 0x42, 0x3A, 0x38, 0xE8, 0xEA,
    0xB8, 0x1E, 0x64, 0x06, 0x16, 0x78, 0x4E, 0x80, 0x42, 0x65, 0x3C, 0xE0, 0x60, 0x19, 0x0F, 0x48,
    0x58, 0xC9, 0x3A, 0xD1, 0x3A, 0x83, 0x13, 0x66, 0x1A, 0x16, 0x4E, 0x18, 0xFA, 0xCB, 0xD9, 0x3F,
    0x13, 0xB1, 0x08, 0x10, 0xCC, 0xC4, 0x22, 0xD7, 0x12, 0x2A, 0xF6, 0xC2, 0x2C, 0x17, 0x7B, 0xE4,
    0xC5, 0x60, 0xBE, 0x3C, 0x2D, 0x81, 0x86, 0x35, 0x1F, 0xA6, 0xFD, 0x3B, 0x9B, 0xF0, 0xB9, 0xD2,
    0xF4, 0x81, 0x20, 0x01, 0x2B, 0x0B, 0x20, 0x4C, 0xCB, 0x02, 0x87, 0xB2, 0xB1, 0x00, 0xC4, 0x2C,
    0xA1, 0x60, 0x66, 0x96, 0x40, 0x08, 0x35, 0x7B, 0x61, 0xFA, 0x38, 0x65, 0xEC, 0x86, 0x1B, 0xC7,
    0x07, 0x46, 0x16, 0x1D, 0x3F, 0xAB, 0xD2, 0x3F, 0x92, 0x3C, 0xF8, 0xE9, 0x87, 0x15, 0xEB, 0xC3,
    0xC3, 0x8A, 0x7F, 0xA0, 0xEC, 0xF9, 0x09, 0x83, 0xA1, 0x4E, 0xC6, 0xFA, 0xF0, 0x50, 0x65, 0x67,
    0x13, 0x6C, 0x12, 0x78, 0x68, 0x8D, 0x43, 0x6D, 0x61, 0x03, 0x6D, 0x61, 0xC3, 0x6C, 0x61, 0x83,
    0x6C, 0x61, 0x43, 0x6C, 0x61, 0x8D, 0xA1, 0xB0, 0xE1, 0xB5, 0x10, 0x53, 0xF0, 0x0B, 0x1B, 0x5A,
    0x0B, 0x5B, 0x1C, 0xBB, 0xE7, 0x46, 0x85, 0xE6, 0x15, 0x66, 0xD7, 0x51, 0xBB, 0xB3, 0xDC, 0xEE,
    0x2C, 0x49, 0x62, 0xAD, 0x83, 0x3F, 0x83, 0x83, 0x3F, 0xB9, 0xC1, 0xE3, 0xEF, 0x78, 0xC2, 0x9B,
    0x07, 0xE0, 0x69, 0x8B, 0x37, 0x73, 0x8C, 0xC0, 0x93, 0x4E, 0x04, 0x77, 0x30, 0x04, 0x0F, 0x52,
    0xEE, 0x3A, 0xE6, 0xDF, 0x41, 0xD2, 0xBD, 0x6A, 0x2F, 0x12, 0x1E, 0x85, 0x07, 0x39, 0xC8, 0xC3,
    0xF0, 0x54, 0x6B, 0x95, 0x3C, 0x0E, 0x2F, 0x3D, 0xBD, 0x51, 0x71, 0x60, 0x0E, 0x78, 0xFA, 0xE0,
    0xBA, 0xDF, 0x6D, 0xFE, 0xB3, 0xB3, 0xCF, 0x48, 0xEF, 0xA7, 0x97, 0xF8, 0x11, 0xE9, 0xDD, 0x74,
    0xA2, 0x1B, 0xFA, 0x8C, 0x7E, 0x68, 0xF0, 0xCC, 0xD1, 0x0D, 0xDF, 0x5C, 0xD7, 0x8C, 0xED, 0xA2,
    0x3E, 0xC7, 0xD0, 0x14, 0x9E, 0x45, 0x42, 0x5E, 0xB6, 0x8E, 0x73, 0x98, 0x7D, 0xAF, 0x61, 0x5C,
    0x29, 0x1E, 0x3B, 0x22, 0x58, 0x24, 0x0D, 0xCD, 0xA8, 0x4E, 0xB4, 0x9A, 0x41, 0xA9, 0xC1, 0x39,
    0xC1, 0x14, 0xDE, 0x3F, 0xC0, 0xA1, 0x8D, 0x0E, 0x3C, 0x78, 0xF4, 0xDC, 0xA1, 0xB9, 0x43, 0xC2,
    0x53, 0xD9, 0x47, 0xC7, 0x3E, 0xC2, 0x93, 0x63, 0xD8, 0xC1, 0x32, 0x5A, 0x03, 0x2E, 0xFD, 0x0F,
    0x3E, 0x9E, 0xF1, 0x35, 0x14, 0x27, 0xE1, 0x35, 0x36, 0x7F, 0xF9, 0xB0, 0x5C, 0x63, 0x5C, 0xBD,
    0xB2, 0xCF, 0xB8, 0xE4, 0x4C, 0x5A, 0x56, 0xF4, 0x05, 0x57, 0xD6, 0x67, 0x5C, 0xEB, 0x3C, 0x3D,
    0x58, 0xD2, 0x2A, 0x7D, 0xDB, 0xFF, 0xEC, 0x1F, 0x78, 0xCE, 0xE8, 0xE0, 0xD9, 0x3D, 0x2A, 0xD6,
    0x3D, 0x8A, 0x98, 0xFB, 0xA0, 0x31, 0x40, 0x94, 0x4F, 0x6E, 0x08, 0x89, 0x6E, 0x8C, 0x9C, 0x6F,
    0x6F, 0xEE, 0x20, 0x66, 0x12, 0x8E, 0xDB, 0x86, 0xCF, 0x61, 0x06, 0x56, 0x9D, 0x70, 0x9C, 0x62,
    0x62, 0x9D, 0xB6, 0xAD, 0x62, 0xD2, 0xBD, 0x65, 0x7A, 0x1D, 0x38, 0x98, 0x61, 0x5F, 0x74, 0x24,
    0xBB, 0xE3, 0xD9, 0xB1, 0x51, 0xCD, 0xEC, 0x63, 0x46, 0xD5, 0xEB, 0x61, 0x8D, 0x73, 0xD9, 0x24,
    0x63, 0xDE, 0xC3, 0x95, 0xAD, 0x25, 0x56, 0x1E, 0x5D, 0xE1, 0x59, 0x57, 0xB3, 0xE0, 0x4F, 0x6E,
    0x61, 0xFD, 0xBB, 0x0A, 0x8F, 0x6A, 0xE7, 0xC1, 0xDD, 0xF4, 0xD1, 0x29, 0xAC, 0xFF, 0x56, 0x5E,
    0x45, 0x39, 0xAD, 0x7F, 0x26, 0xDF, 0x23, 0xAD, 0xCB, 0x93, 0x5E, 0x39, 0x78, 0x54, 0x42, 0x0E,
    0xF5, 0x31, 0xAF, 0xC2, 0xFA, 0x97, 0xA1, 0xA9, 0x8B, 0x30, 0x23, 0x29, 0xE2, 0x43, 0x63, 0x87,
    0x43, 0x47, 0xCD, 0x2C, 0x7B, 0xDF, 0x62, 0x78, 0x0B, 0xEA, 0xFA, 0x1F, 0xA0, 0xB4, 0xFC, 0x28,
    0x2C, 0xAD, 0x66, 0x6E, 0xF0, 0x5A, 0x24, 0x91, 0x3C, 0xCC, 0xDF, 0xC4, 0x3A, 0x24, 0x1B, 0x5A,
    0x85, 0xAE, 0xFC, 0x3D, 0xF4, 0x1A, 0x3C, 0xB3, 0x8F, 0x8E, 0xEF, 0xA2, 0x9F, 0x6F, 0xB3, 0x4D,
    0xF3, 0x3D, 0x8D, 0x1C, 0x6D, 0x68, 0x87, 0x9E, 0xC9, 0x62, 0xD8, 0x41, 0xD2, 0x97, 0x4F, 0xDE,
    0x61, 0x4B, 0xC0, 0xF7, 0xD3, 0xD7, 0xDF, 0x1E, 0x6D, 0xF1, 0x9E, 0xBE, 0xCC, 0x36, 0x90, 0x2F,
    0xB3, 0xA6, 0x3D, 0x68, 0x23, 0x08, 0xD2, 0x94, 0x2B, 0x90, 0xE3, 0xA2, 0xBA, 0x85, 0x06, 0xC2,
    0xBF, 0x5C, 0x6D, 0x20, 0x45, 0xFB, 0x20, 0xB9, 0x7B, 0xBE, 0x65, 0xD5, 0xFA, 0x61, 0x6B, 0x0E,
    0x5D, 0xAE, 0x7B, 0xD4, 0x0C, 0x3C, 0xDB, 0x45, 0x34, 0x66, 0x18, 0x37, 0x3C, 0x75, 0x2B, 0x4A,
    0xF9, 0x3E, 0xB5, 0xAA, 0xC3, 0xBD, 0x8C, 0x25, 0x7B, 0xBA, 0xF4, 0x60, 0x9E, 0x79, 0xF0, 0xFE,
    0xD5, 0x32, 0x59, 0xA8, 0x98, 0x2B, 0xBF, 0xBD, 0x67, 0xAE, 0xA2, 0xE1, 0xAE, 0xCF, 0x94, 0xA3,
    0xC7, 0x3B, 0xA0, 0xD1, 0x13, 0xAF, 0x3A, 0x16, 0xEC, 0xE4, 0xAC, 0x6B, 0x5B, 0xE4, 0x01, 0x73,
    0xDE, 0xE5, 0x44, 0xE9, 0x33, 0xFC, 0x8E, 0x07, 0x3C, 0x1A, 0xE8, 0x66, 0x7D, 0xF0, 0xF4, 0xA3,
    0x00, 0xFA, 0x76, 0x3A, 0xE3, 0x2E, 0x0E, 0x3F, 0xCE, 0xA1, 0x5E, 0x3F, 0x90, 0x89, 0x18, 0xFB,
    0x08, 0x1C, 0x5F, 0x58, 0x5F, 0x32, 0x14, 0x5F, 0x12, 0x15, 0x43, 0xEB, 0x4B, 0x0A, 0x56, 0xC8,
    0x3C, 0x7E, 0x5C, 0x88, 0x46, 0x4E, 0xF8, 0x33, 0xE4, 0x4B, 0x2A, 0xB9, 0xD0, 0xE7, 0x0A, 0x9F,
    0x95, 0x34, 0x09, 0xC6, 0x7E, 0xCB, 0x5A, 0xA9, 0x06, 0x3B, 0x46, 0xD4, 0xD2, 0xFF, 0xE4, 0xC3,
    0x46, 0xEC, 0x63, 0xFB, 0x9E, 0x55, 0xC4, 0xB8, 0xE8, 0x5E, 0x82, 0x71, 0x71, 0xEA, 0x4B, 0x06,
    0xB3, 0xCF, 0x73, 0xB5, 0xF6, 0x86, 0x18, 0x09, 0xCB, 0x8F, 0x4F, 0xB7, 0x37, 0x7F, 0x92, 0xBE,
    0x00, 0x0C, 0xE6, 0x11, 0x54, 0x25, 0xD8, 0x33, 0x0F, 0x0B, 0xE8, 0xCA, 0xA8, 0x57, 0xA2, 0x8A,
    0x59, 0x0B, 0xC8, 0x1F, 0x52, 0x64, 0x8F, 0x72, 0x72, 0x80, 0x6F, 0xAF, 0x85, 0x64, 0x14, 0x6F,
    0x55, 0x83, 0x53, 0xA5, 0xEA, 0x7B, 0x1B, 0x03, 0xA4, 0x0A, 0xEA, 0xF8, 0xBF, 0xA3, 0x1D, 0x8D,
    0xDF, 0x35, 0x30, 0x11, 0x6D, 0x1E, 0x36, 0x92, 0xFB, 0x34, 0xB3, 0xD9, 0x50, 0x7F, 0xCE, 0x68,
    0xED, 0x53, 0xC6, 0xD1, 0x83, 0x0D, 0xAB, 0xD3, 0xFC, 0xC7, 0x37, 0x36, 0x6D, 0xBB, 0xD4, 0x56,
    0xAF, 0xF6, 0xA1, 0x8C, 0x31, 0x3F, 0xCE, 0xCC, 0xA8, 0x7D, 0xD1, 0x6E, 0x3E, 0x91, 0x31, 0x17,
    0xDF, 0x05, 0xEA, 0x9D, 0x02, 0x0A, 0x1D, 0x5E, 0x2B, 0x4E, 0x54, 0xD8, 0xE9, 0x42, 0x61, 0x40,
    0xC1, 0xC7, 0x89, 0xEC, 0x98, 0x32, 0x2D, 0x92, 0x57, 0x0F, 0xD6, 0xB1, 0x88, 0x9C, 0x9E, 0x35,
    0xCF, 0x32, 0xF3, 0x49, 0x39, 0xB7, 0x8B, 0x7F, 0x6A, 0xCF, 0xEB, 0x07, 0x78, 0xC7, 0xFA, 0x40,
    0x5A, 0xD7, 0xEF, 0x9A, 0x0B, 0x9D, 0xAA, 0x76, 0x67, 0x46, 0xD6, 0x8A, 0x84, 0x7B, 0x1F, 0x8B,
    0x88, 0x7B, 0xF7, 0x53, 0xDE, 0xE9, 0xDE, 0xBD, 0x9C, 0xCD, 0xC5, 0xFF, 0x55, 0xC9, 0xAE, 0x27,
    0xB8, 0xCD, 0xED, 0x9D, 0x34, 0xCA, 0x70, 0x4E, 0x16, 0x0C, 0x5A, 0x54, 0x7B, 0xAD, 0xE6, 0xB1,
    0x2C, 0xA6, 0xA3, 0x2B, 0x6C, 0xB1, 0xCE, 0xA4, 0x14, 0x08, 0x0A, 0xA9, 0x44, 0x3C, 0x47, 0x9F,
    0x0E, 0x6C, 0x5E, 0xB3, 0x70, 0x7E, 0x96, 0x47, 0x9C, 0xD9, 0xE8, 0xCA, 0x1A, 0x4B, 0x65, 0x4D,
    0xA5, 0xF2, 0xD8, 0x50, 0xD2, 0x2A, 0x4A, 0x61, 0x26, 0x59, 0x35, 0x60, 0xB9, 0xE5, 0x7B, 0xFB,
    0xEC, 0x82, 0x8A, 0xC1, 0xBD, 0x42, 0x0C, 0xA4, 0xC7, 0x2E, 0x88, 0xB2, 0xFC, 0x02, 0xBA, 0xC6,
    0x3C, 0xE2, 0x22, 0xC8, 0x05, 0xCB, 0x1F, 0xDA, 0xED, 0x52, 0xA3, 0x5A, 0x7D, 0xE9, 0x46, 0xBD,
    0x20, 0x1B, 0x85, 0x95, 0x68, 0xA3, 0xBE, 0x57, 0xF1, 0x46, 0xA9, 0xB9, 0x8D, 0xF2, 0x64, 0xA3,
    0xFC, 0x82, 0x37, 0x2A, 0x94, 0x8D, 0x92, 0xA8, 0x63, 0x73, 0xA2, 0x6E, 0xA3, 0x36, 0x3A, 0x1B,
    0x84, 0xCF, 0x1D, 0x65, 0xEC, 0xF3, 0x7F, 0x83, 0xF9, 0x0D, 0xC4, 0xC4, 0xFC, 0x72, 0xC5, 0xB1,
    0x27, 0xD5, 0x95, 0xDC, 0xB0, 0xCF, 0xE1, 0xFA, 0x6E, 0xE6, 0x89, 0x5F, 0x40, 0x49, 0x86, 0xF5,
    0x59, 0xD0, 0x88, 0x89, 0x7C, 0x4E, 0xF8, 0xFB, 0x78, 0x56, 0x4F, 0x04, 0x2F, 0x92, 0x5B, 0x3C,
    0x8A, 0x8A, 0x3E, 0x78, 0x7E, 0xFB, 0x68, 0xC1, 0x8B, 0x89, 0x1D, 0x53, 0xC7, 0x52, 0xC1, 0x91,
    0xB4, 0x22, 0xF8, 0xC9, 0x88, 0x71, 0x64, 0x75, 0x28, 0x82, 0xAF, 0x7D, 0x16, 0x3C, 0x3F, 0xA8,
    0x0F, 0xC1, 0xE3, 0xCC, 0x7E, 0xC9, 0xCF, 0xC5, 0x2B, 0xB1, 0x30, 0xE0, 0x93, 0xAC, 0x47, 0x6A,
    0x1D, 0x6D, 0x7E, 0xA0, 0x04, 0xFA, 0x01, 0x70, 0x3C, 0x32, 0x59, 0x82, 0x14, 0xE6, 0xB7, 0x94,
    0xFA, 0x22, 0x83, 0xD1, 0x59, 0xDB, 0x67, 0x79, 0x60, 0xE6, 0x1F, 0x38, 0x32, 0xEE, 0xE8, 0x6C,
    0xFE, 0x32, 0xDD, 0xEA, 0x4B, 0x2C, 0xAE, 0x39, 0x16, 0x5F, 0xD9, 0x94, 0x58, 0x7C, 0x1A, 0x15,
    0x21, 0x70, 0xF0, 0x99, 0x70, 0xAC, 0x96, 0x12, 0x8B, 0x7B, 0xAD, 0x8D, 0xC5, 0x89, 0xCD, 0xDC,
    0xB5, 0xC5, 0xE1, 0x1F, 0x7E, 0x06, 0x60, 0x30, 0xFF, 0x04, 0x25, 0xB2, 0x34, 0x49, 0x9E, 0x49,
    0x27, 0x72, 0xC5, 0xF2, 0xA0, 0x25, 0x79, 0x5F, 0x76, 0xF2, 0x41, 0xCD, 0xF6, 0x7B, 0x67, 0x2C,
    0xFB, 0x72, 0xF7, 0x57, 0xE2, 0xAB, 0x0D, 0xFF, 0x52, 0xE2, 0xC3, 0xFF, 0x12, 0x0E, 0x1F, 0x89,
    0x05, 0x70, 0xE0, 0xCB, 0x18, 0x47, 0xEF, 0x00, 0xA3, 0xEE, 0x55, 0x87, 0x7C, 0x33, 0xF4, 0x23,
    0xE1, 0xB6, 0x8C, 0x29, 0xD1, 0x94, 0xC1, 0x57, 0x60, 0xE4, 0x1F, 0x86, 0x59, 0x45, 0x25, 0x1B,
    0xE6, 0x04, 0x8E, 0x14, 0xE9, 0xDC, 0xE7, 0xA5, 0x64, 0x73, 0xBD, 0x52, 0x1C, 0x30, 0x9F, 0xC9,
    0xFF, 0xF2, 0x99, 0xDC, 0x2F, 0xCE, 0xF0, 0xBE, 0x98, 0xC6, 0xC6, 0xEF, 0x60, 0x2E, 0x06, 0x38,
    0xD6, 0xED, 0xFA, 0x91, 0x3D, 0x07, 0xE5, 0x6C, 0xA1, 0x05, 0x9D, 0xC0, 0xA3, 0xBD, 0xAA, 0x07,
    0x67, 0x60, 0x4C, 0xD6, 0xFB, 0xE8, 0xDD, 0x1C, 0x2F, 0x67, 0x80, 0x5B, 0xED, 0x95, 0x21, 0xFD,
    0x17, 0xA7, 0x1E, 0xC8, 0x78, 0x18, 0xD4, 0xE2, 0x39, 0xCA, 0xEA, 0xA9, 0x7C, 0x36, 0xE7, 0x54,
    0x14, 0xDC, 0xC7, 0x78, 0x24, 0x39, 0x18, 0x8A, 0x4B, 0x20, 0x94, 0xB2, 0x99, 0xE4, 0x59, 0x2D,
    0xCC, 0x3E, 0x3B, 0x58, 0x45, 0x0D, 0x38, 0x46, 0x53, 0x8E, 0xCC, 0xAB, 0xD0, 0x3D, 0xBF, 0x0E,
    0x3F, 0xCC, 0x90, 0xF7, 0xE4, 0xDE, 0x7E, 0x86, 0xFC, 0xEB, 0xE7, 0x3E, 0xD9, 0xC6, 0xED, 0xCD,
    0xF7, 0x27, 0xD1, 0x66, 0x86, 0x28, 0xB3, 0xB9, 0xAE, 0x33, 0x38, 0x1F, 0xE6, 0x1A, 0xC9, 0x06,
    0xF0, 0x34, 0x21, 0x6C, 0x80, 0xF2, 0x8B, 0x0C, 0xF7, 0xF8, 0x27, 0x2A, 0xCC, 0xC4, 0x06, 0x28,
    0x65, 0x5A, 0x9C, 0xE5, 0x38, 0x9F, 0x74, 0x5E, 0x48, 0x67, 0x38, 0x22, 0xE3, 0x32, 0x06, 0x15,
    0xD6, 0xD6, 0x0C, 0x28, 0xA1, 0xA4, 0x1A, 0x01, 0xF2, 0x8E, 0x72, 0x24, 0x3F, 0x24, 0xF0, 0xA0,
    0xAC, 0xB6, 0x59, 0x03, 0x07, 0x05, 0x9E, 0xFE, 0xC9, 0xC3, 0xAB, 0x63, 0x4C, 0x86, 0xB1, 0xCC,
    0xE5, 0x22, 0x01, 0x17, 0xBC, 0x9A, 0x71, 0x26, 0x96, 0x55, 0x86, 0xC5, 0x1E, 0xD6, 0xD5, 0x0D,
    0x91, 0xFB, 0x2D, 0xB7, 0xCF, 0x91, 0xBB, 0x08, 0xDC, 0x85, 0x77, 0xE0, 0xE9, 0x2D, 0xB8, 0xA6,
    0x31, 0xEA, 0x66, 0x90, 0xC4, 0xEC, 0x99, 0x77, 0xDF, 0x51, 0xFE, 0xDF, 0x23, 0xC5, 0x7F, 0xB3,
    0xE2, 0x20, 0x41, 0xFE, 0x07, 0x51, 0x02, 0x9E, 0x87, 0xDC, 0x4E, 0xCA, 0x9B, 0x81, 0x27, 0xC7,
    0x46, 0xD7, 0x29, 0xC7, 0xD3, 0xFC, 0x9F, 0x67, 0xAE, 0x23, 0x4A, 0xD9, 0xA4, 0x38, 0x9E, 0x4D,
    0x52, 0xDC, 0x93, 0xD2, 0xE3, 0x19, 0xC3, 0xF7, 0x94, 0x4D, 0x4E, 0x7A, 0x25, 0x79, 0x5A, 0x32,
    0xFC, 0x33, 0x1C, 0xA1, 0x28, 0x31, 0x61, 0x4F, 0x4B, 0x86, 0x6F, 0x7E, 0x5D, 0xB2, 0xE1, 0x2F,
    0x7A, 0x25, 0x84, 0x8F, 0xD9, 0x32, 0x6B, 0xF8, 0xEC, 0x71, 0x93, 0xB4, 0x33, 0xFC, 0x54, 0x0C,
    0x7F, 0xEC, 0x64, 0x7D, 0x54, 0xB2, 0xAB, 0x41, 0x39, 0xD1, 0xBA, 0x0B, 0x3C, 0xDA, 0x48, 0xF8,
    0x31, 0xE7, 0x08, 0x39, 0xEB, 0x94, 0x1D, 0x5F, 0x2E, 0x11, 0x26, 0xCC, 0x30, 0xFA, 0x80, 0x75,
    0xF7, 0x1A, 0x76, 0x7C, 0x41, 0xBE, 0xC4, 0x8E, 0x2F, 0xC8, 0x35, 0x3B, 0x3E, 0xF2, 0x46, 0xEC,
    0xF8, 0xEC, 0x73, 0xAB, 0x98, 0xF6, 0xA8, 0x6C, 0xC4, 0xAB, 0x66, 0x1D, 0xAF, 0xCB, 0x0C, 0x4B,
    0xC8, 0x95, 0xBD, 0x2C, 0x5E, 0x81, 0xD4, 0xE2, 0x73, 0x90, 0x6E, 0x9F, 0xE5, 0x4B, 0x47, 0x92,
    0x30, 0x8E, 0x0A, 0x9D, 0x28, 0x92, 0x32, 0x55, 0xEB, 0x24, 0x67, 0x52, 0x67, 0x92, 0x34, 0xC8,
    0xA0, 0x04, 0x7D, 0x35, 0xBA, 0xB3, 0x25, 0x76, 0xF0, 0x3C, 0x9B, 0x17, 0x36, 0x73, 0xC5, 0xD0,
    0xC0, 0x2D, 0x65, 0x27, 0x25, 0xB9, 0x84, 0xD3, 0x48, 0x5E, 0x34, 0x76, 0x48, 0x7B, 0x94, 0x30,
    0x68, 0x28, 0xA2, 0x3D, 0xE0, 0x7D, 0x48, 0x3C, 0x30, 0x46, 0x09, 0x86, 0xD6, 0x57, 0x26, 0x4A,
    0x07, 0x66, 0x82, 0xE7, 0x82, 0x7F, 0xAC, 0x98, 0x25, 0xD0, 0xD9, 0x0B, 0x4B, 0x68, 0x7F, 0x7D,
    0x4C, 0x77, 0x8B, 0xE9, 0x94, 0x45, 0x89, 0xF5, 0x2B, 0x87, 0x9E, 0x02, 0x95, 0xCD, 0x24, 0x79,
    0xD0, 0x5A, 0xC7, 0x71, 0x36, 0xA6, 0x67, 0x6E, 0x9F, 0xC9, 0xB9, 0x92, 0x31, 0x9C, 0x24, 0xDD,
    0xCD, 0xCC, 0x08, 0x9B, 0x79, 0x3D, 0xED, 0x8B, 0xE6, 0x66, 0x7D, 0x78, 0xF3, 0x24, 0x44, 0x90,
    0x87, 0xD7, 0x6A, 0xAC, 0x17, 0x6F, 0x6D, 0xF8, 0x3C, 0xFE, 0xA5, 0xFD, 0x9E, 0x6F, 0xCD, 0x73,
    0xE5, 0xE6, 0x2F, 0xF8, 0xDE, 0x1F, 0x9B, 0x5D, 0xAE, 0x59, 0x07, 0x57, 0x26, 0xEC, 0xBD, 0x62,
    0xC2, 0x2B, 0x9B, 0xBC, 0x24, 0xDE, 0x2B, 0x43, 0xFA, 0x1D, 0xFC, 0x8F, 0xFD, 0xC6, 0x96, 0xA2,
    0x63, 0x9C, 0xF5, 0x3F, 0x57, 0xC7, 0x97, 0x6C, 0x74, 0x5B, 0xB2, 0xD1, 0x6D, 0xC9, 0x46, 0xB7,
    0x25, 0x1B, 0xDD, 0xBE, 0x7C, 0xE4, 0xF7, 0x08, 0x65, 0x0B, 0x6B, 0xA9, 0xAC, 0xB8, 0x42, 0x62,
    0xAB, 0x2E, 0x25, 0x91, 0xC5, 0xC8, 0x11, 0xDB, 0xF4, 0x2E, 0xEE, 0x9C, 0x4C, 0x3A, 0x68, 0xC4,
    0x8B, 0xAA, 0x46, 0x89, 0x41, 0xDB, 0xCA, 0x2A, 0x97, 0x14, 0x36, 0x6C, 0x86, 0xD6, 0x8B, 0x0E,
    0xE7, 0x9F, 0xD2, 0x9C, 0xAF, 0xAC, 0x66, 0x1D, 0x4B, 0x2D, 0xCA, 0x1E, 0xB1, 0xB2, 0xC3, 0x3F,
    0x62, 0x7D, 0x7D, 0x2A, 0xE2, 0xF5, 0xFD, 0xFB, 0x46, 0xD2, 0x2B, 0x50, 0x8E, 0xA8, 0x30, 0x9B,
    0x98, 0xA3, 0x3C, 0x9E, 0xDC, 0xA6, 0xF5, 0xB5, 0x5F, 0x44, 0x58, 0x3F, 0xDC, 0xC5, 0xE4, 0x31,
    0x65, 0x1A, 0xF8, 0x7D, 0xAC, 0xFF, 0x8A, 0x3C, 0x15, 0xED, 0x5E, 0x97, 0x30, 0x77, 0x1E, 0x38,
    0x42, 0x85, 0x4F, 0x3E, 0xBF, 0x48, 0x84, 0x37, 0x61, 0x5D, 0x22, 0x99, 0xF8, 0xB3, 0x9D, 0x3D,
    0x8E, 0xEB, 0xBF, 0xCC, 0xC5, 0x97, 0xA5, 0xE2, 0x59, 0x95, 0x38, 0x56, 0x45, 0x2E, 0x80, 0x56,
    0xBD, 0xC9, 0x3E, 0x4C, 0x1B, 0xCE, 0xDA, 0x3D, 0x4B, 0x9A, 0x84, 0xCD, 0xDC, 0x63, 0x7E, 0xA1,
    0x1D, 0x1E, 0xB4, 0x09, 0xE7, 0xF3, 0x7F, 0xA8, 0xA4, 0xEE, 0xC8, 0x1F, 0x97, 0xF5, 0x6E, 0x1F,
    0x7C, 0x3F, 0x90, 0xFA, 0xC7, 0x4E, 0x02, 0x67, 0x7F, 0xAC, 0xE9, 0x58, 0xC9, 0xCD, 0xB7, 0xDF,
    0x0E, 0x2B, 0x6E, 0x6D, 0xE3, 0x51, 0x6D, 0xC3, 0x51, 0x6D, 0xA3, 0x51, 0x6D, 0x83, 0x51, 0x2D,
    0x8A, 0x8B, 0x7F, 0x67, 0xC5, 0xAD, 0xAD, 0xE2, 0xD6, 0x56, 0x71, 0x6B, 0x1B, 0x87, 0x6A, 0x5B,
    0x7A, 0x59, 0x51, 0x69, 0x39, 0x0F, 0xFD, 0xDA, 0x26, 0x43, 0xF5, 0x3C, 0x0D, 0x3C, 0x3B, 0xFC,
    0xC6, 0xF3, 0xFE, 0x04, 0xE3, 0x26, 0x29, 0xD0, 0x2E, 0xD4, 0xE7, 0x83, 0x4D, 0x0A, 0x85, 0x05,
    0x58, 0x9B, 0x22, 0x0E, 0xD3, 0xDE, 0xDE, 0x98, 0x34, 0xC7, 0xE0, 0x3D, 0x76, 0x3C, 0xD9, 0xF6,
    0xFC, 0x42, 0x8B, 0x5F, 0xC6, 0x14, 0x89, 0x41, 0xF2, 0x7B, 0x62, 0xC2, 0x03, 0x10, 0x94, 0x93,
    0x4D, 0x3E, 0xAB, 0xA8, 0xE4, 0xAB, 0xD1, 0x1A, 0xC0, 0x7B, 0x69, 0x9A, 0xDA, 0xED, 0x1D, 0x07,
    0x5E, 0xCF, 0xA5, 0xE6, 0x56, 0x02, 0x19, 0x2F, 0xDB, 0x97, 0x85, 0x87, 0xB2, 0x74, 0x25, 0x8B,
    0x57, 0xB2, 0x7C, 0x25, 0x00, 0x2A, 0xC5, 0x10, 0xE8, 0x3B, 0x00, 0x62, 0x28, 0x30, 0xD6, 0x04,
    0xC8, 0x9A, 0x40, 0x59, 0x13, 0x30, 0xB8, 0xBD, 0xEF, 0x4D, 0xA4, 0x36, 0x59, 0xDD, 0x2D, 0xE7,
    0x1F, 0x5C, 0x9D, 0x7F, 0xF5, 0xCA, 0x8A, 0x1D, 0x6F, 0x47, 0xD5, 0xB9, 0xC2, 0xAF, 0x76, 0xE8,
    0xBF, 0x04, 0x7A, 0xAE, 0xAF, 0x30, 0x19, 0xD9, 0xE7, 0xE7, 0x53, 0x12, 0x7E, 0x4B, 0x59, 0x64,
    0x10, 0x7A, 0xBC, 0x0D, 0x99, 0x9D, 0x58, 0xCD, 0x95, 0x0E, 0xF9, 0x99, 0xFC, 0x10, 0x86, 0xA3,
    0xD5, 0x02, 0xA8, 0xE0, 0xEC, 0x85, 0x64, 0x82, 0x11, 0xC0, 0xAD, 0x25, 0xCC, 0x00, 0x8E, 0xD9,
    0x51, 0x5D, 0x76, 0x3A, 0x79, 0x28, 0x17, 0xC1, 0x23, 0x82, 0xA2, 0xB3, 0x9E, 0x6A, 0xF5, 0x03,
    0x2E, 0x51, 0x7B, 0x15, 0xED, 0xFF, 0x83, 0xFF, 0x82, 0xA2, 0xFF, 0xF9, 0x13, 0x0F, 0xB9, 0x57,
    0x91, 0x6F, 0x87, 0xD9, 0xB7, 0x37, 0x95, 0xBF, 0xB3, 0x4F, 0x36, 0xB5, 0x81, 0xA7, 0x49, 0xCD,
    0x5D, 0xDD, 0xC3, 0xEB, 0xC9, 0xEA, 0x45, 0x1D, 0xEE, 0x62, 0xAC, 0xE5, 0xB2, 0x8A, 0x77, 0x4C,
    0x7F, 0x99, 0xDF, 0x48, 0x59, 0x5E, 0xC4, 0x45, 0x80, 0xE5, 0x9B, 0x93, 0x3C, 0x42, 0x41, 0x92,
    0x59, 0xB2, 0x7D, 0xAB, 0x2C, 0x3A, 0xFC, 0x74, 0xFC, 0xA1, 0x42, 0x41, 0x1E, 0xAC, 0x27, 0xF7,
    0xC4, 0x5C, 0x06, 0x25, 0x62, 0x60, 0x32, 0xDE, 0xA6, 0x33, 0x78, 0x8C, 0x56, 0xA7, 0xE1, 0xD5,
    0x32, 0x39, 0xB6, 0x45, 0x1E, 0xE5, 0xF6, 0x9E, 0xC9, 0xFA, 0x78, 0xEF, 0xD0, 0xE8, 0x71, 0xDE,
    0x87, 0x3B, 0x3B, 0x16, 0xE0, 0x0C, 0xF6, 0x22, 0x5F, 0x43, 0x83, 0x5A, 0xE9, 0x57, 0xA1, 0x34,
    0x94, 0x2C, 0x8C, 0x46, 0xD7, 0x53, 0x64, 0x9A, 0x4D, 0xB2, 0x4B, 0x1B, 0xF1, 0xED, 0x73, 0x79,
    0x9F, 0x37, 0x24, 0x18, 0xF7, 0x13, 0xDE, 0x98, 0xD5, 0x36, 0x92, 0x7C, 0xA2, 0x7D, 0xAE, 0x7B,
    0x5D, 0xDD, 0x60, 0x96, 0xFA, 0xC4, 0xBC, 0x77, 0xE5, 0x9D, 0x27, 0x51, 0xDD, 0xAA, 0xA3, 0x16,
    0x0F, 0x4D, 0x6C, 0x6D, 0x8F, 0x30, 0xCA, 0xB4, 0x52, 0x51, 0x88, 0x25, 0x44, 0xF0, 0xA1, 0x00,
    0x74, 0x8B, 0x72, 0xDC, 0xD1, 0x6F, 0x6F, 0xB7, 0x8A, 0xE1, 0xAC, 0xE2, 0x9B, 0x42, 0x4C, 0xE5,
    0x11, 0x18, 0xE8, 0xAE, 0xDE, 0xDB, 0x5E, 0x19, 0x31, 0x85, 0x12, 0xC1, 0x78, 0x5F, 0x48, 0xBB,
    0x37, 0x2D, 0xCC, 0x2C, 0x34, 0xE6, 0x3D, 0x61, 0x26, 0x47, 0x6E, 0x5E, 0xC9, 0xBD, 0x2B, 0xB9,
    0x75, 0x59, 0xA8, 0xAF, 0xE4, 0xC6, 0x65, 0xA1, 0xBE, 0x92, 0xDB, 0xE6, 0x85, 0x5E, 0x6D, 0x39,
    0x43, 0x1A, 0x6D, 0xF1, 0x2B, 0x0A, 0xF9, 0x79, 0x61, 0xDC, 0xB2, 0x92, 0x3B, 0x16, 0x86, 0xA9,
    0x9D, 0x7B, 0x56, 0x79, 0xEB, 0x88, 0xB7, 0x94, 0x46, 0xFC, 0x76, 0x35, 0xC1, 0xB1, 0x24, 0x40,
    0x68, 0x51, 0x46, 0x42, 0xD9, 0x4B, 0xC8, 0x5C, 0x52, 0x9F, 0xB1, 0x5C, 0x2D, 0x05, 0xCC, 0x4E,
    0xB1, 0xAC, 0x84, 0x45, 0x5A, 0x52, 0xC2, 0x21, 0x45, 0x4A, 0x18, 0xA4, 0xC8, 0xF2, 0x47, 0x91,
    0x65, 0x8F, 0x96, 0x2C, 0x77, 0x64, 0x9F, 0x3B, 0xD8, 0x7F, 0xC2, 0x5B, 0x4A, 0x5D, 0xB5, 0x84,
    0xC7, 0x30, 0x76, 0x59, 0x28, 0xC8, 0x22, 0x28, 0x7E, 0x6C, 0xF9, 0x93, 0x0D, 0x72, 0x41, 0x35,
    0x0C, 0xDB, 0xA7, 0x54, 0xF9, 0xA7, 0xE4, 0xBD, 0xAB, 0xED, 0x11, 0x1E, 0xE3, 0xAA, 0x92, 0xBD,
    0x0F, 0xF0, 0xE4, 0xD0, 0xC2, 0x69, 0x74, 0x7E, 0x28, 0x23, 0x00, 0xED, 0x1D, 0x65, 0xA0, 0xB6,
    0xF4, 0xD9, 0xBD, 0xD1, 0x35, 0xCC, 0x78, 0x8C, 0x26, 0x3E, 0x4E, 0x0B, 0xE7, 0x31, 0x78, 0x92,
    0xAB, 0x6F, 0x9F, 0x01, 0xED, 0xB5, 0xC9, 0x83, 0x58, 0xC6, 0xEC, 0x81, 0x75, 0x5B, 0x38, 0xEF,
    0xC0, 0xD8, 0xA9, 0xB6, 0xD7, 0xA7, 0x34, 0x96, 0x70, 0x58, 0xFC, 0x0E, 0x27, 0x10, 0x52, 0x42,
    0x5D, 0x09, 0x6F, 0xA5, 0x98, 0xB4, 0xF2, 0x98, 0xB1, 0xD2, 0x4C, 0x57, 0x69, 0xE6, 0xAA, 0x84,
    0xA8, 0x12, 0x96, 0xCA, 0x52, 0x54, 0x96, 0x9F, 0x12, 0x72, 0x2A, 0x2A, 0x2F, 0x2A, 0x9B, 0x83,
    0x44, 0x8F, 0xB1, 0xEE, 0x36, 0x87, 0xB4, 0xF5, 0xD3, 0xFC, 0x6E, 0xAE, 0xCF, 0x0B, 0x1E, 0x4A,
    0x2A, 0xA6, 0xC4, 0x78, 0x50, 0x1C, 0xC1, 0xB2, 0xBD, 0xA7, 0x04, 0x1D, 0x9B, 0x12, 0x9D, 0x1A,
    0xC6, 0xC7, 0xEF, 0xB7, 0x29, 0x86, 0xFC, 0x32, 0xCC, 0x82, 0xE7, 0x95, 0x1F, 0xE3, 0xC4, 0x18,
    0xB5, 0x80, 0xD4, 0x82, 0x52, 0xA7, 0x0C, 0x93, 0x3E, 0x09, 0x9C, 0x98, 0x88, 0x20, 0xA0, 0xE0,
    0x1E, 0x09, 0x29, 0xBF, 0x72, 0xA0, 0xE0, 0x21, 0xE6, 0xB0, 0xB8, 0xC8, 0x2F, 0x1D, 0x28, 0xEC,
    0x4B, 0x3B, 0x7A, 0x73, 0x71, 0xF1, 0xD9, 0x29, 0x35, 0xDF, 0x32, 0x31, 0xDF, 0x72, 0xF6, 0xD2,
    0xD7, 0xAC, 0x6D, 0x9A, 0xA7, 0xB0, 0xD1, 0x1D, 0x9D, 0xE0, 0x6F, 0xE2, 0xB2, 0xAF, 0xF9, 0x09,
    0x7B, 0x8D, 0x9C, 0x66, 0x85, 0x8E, 0x26, 0x4F, 0xAE, 0xE3, 0xB5, 0x91, 0x09, 0xB6, 0x7B, 0xD4,
    0xC7, 0x58, 0xB3, 0xDE, 0x4A, 0x90, 0x4B, 0xB7, 0x98, 0xA7, 0x3F, 0x4E, 0xF6, 0x19, 0x3E, 0x30,
    0xAC, 0xD8, 0xFC, 0x0A, 0xC1, 0x45, 0xFB, 0xE8, 0x4A, 0xBF, 0x9B, 0xA9, 0xF8, 0x3E, 0x7D, 0x6D,
    0x7D, 0x32, 0x2E, 0x46, 0x93, 0x25, 0x53, 0x35, 0xD1, 0x66, 0x39, 0xAC, 0xA9, 0xD2, 0xBB, 0xB4,
    0x45, 0xD1, 0x6D, 0xF8, 0x4A, 0x3C, 0xC1, 0x7B, 0x3E, 0x7F, 0x1C, 0x56, 0x71, 0x19, 0xAB, 0xE1,
    0xB6, 0x8A, 0xF3, 0x7E, 0x92, 0xC5, 0x7B, 0x4D, 0xDC, 0xD0, 0x87, 0xD5, 0xE8, 0x24, 0x95, 0x11,
    0xD1, 0xC7, 0x1C, 0x86, 0xBA, 0x97, 0x8C, 0xAE, 0xD8, 0x46, 0x7B, 0x6F, 0x12, 0xB4, 0x14, 0x60,
    0x76, 0x8D, 0xBA, 0xEC, 0x8F, 0x35, 0x1E, 0x4F, 0x8B, 0x54, 0x13, 0x14, 0xDB, 0x6A, 0x98, 0x94,
    0x23, 0xF5, 0x4F, 0xC7, 0x35, 0x21, 0xFD, 0x38, 0xD9, 0x54, 0xB1, 0xBE, 0x3E, 0x51, 0x27, 0xFD,
    0x8F, 0xCE, 0xAB, 0x18, 0xF3, 0x9D, 0x1A, 0x8F, 0xF0, 0x7B, 0xE7, 0x97, 0x2D, 0x48, 0xFD, 0x2E,
    0x62, 0x12, 0x6F, 0xF4, 0x09, 0xCE, 0x75, 0x22, 0x96, 0x9E, 0x9B, 0xA6, 0xEE, 0x71, 0x63, 0x36,
    0x32, 0x23, 0xC4, 0x06, 0x1F, 0x82, 0x1A, 0x62, 0x1D, 0xBC, 0xB9, 0x63, 0xAC, 0x8E, 0xAF, 0x61,
    0xA5, 0xFE, 0x3F, 0x69, 0xC9, 0xE5, 0xF4, 0xFD, 0x72, 0x7D, 0xA4, 0x96, 0xA8, 0x82, 0x99, 0xA8,
    0xC8, 0x7F, 0xF8, 0x68, 0x9B, 0x0C, 0xD3, 0xD4, 0x64, 0x96, 0xF9, 0xBF, 0x19, 0xE2, 0x1D, 0x6F,
    0x6A, 0x78, 0x09, 0xE3, 0x76, 0x78, 0x90, 0x6F, 0xF0, 0x2E, 0x1E, 0xD5, 0xD3, 0x86, 0x1D, 0xC0,
    0x45, 0xFB, 0x2A, 0x5A, 0x2A, 0x9F, 0x02, 0xF3, 0xA9, 0x01, 0x37, 0x64, 0xAE, 0xE2, 0xD5, 0xAD,
    0x23, 0x55, 0x11, 0xC8, 0xAD, 0x5E, 0x59, 0x27, 0x1B, 0xC3, 0x28, 0xAF, 0xA2, 0x6A, 0x8B, 0xD2,
    0x00, 0x6F, 0x63, 0xCB, 0xC3, 0x4B, 0x07, 0xE8, 0x5F, 0x93, 0x9B, 0x37, 0x46, 0x77, 0xAA, 0xC8,
    0x98, 0x7D, 0x53, 0x78, 0x6F, 0xBC, 0xDB, 0xF0, 0xB3, 0x51, 0xFC, 0xA6, 0xB6, 0x11, 0x06, 0xD4,
    0xC3, 0x86, 0xCA, 0x42, 0xB2, 0xB3, 0xBF, 0xBB, 0x8F, 0xB0, 0x3F, 0x34, 0x18, 0xF3, 0x1F, 0x26,
    0x9C, 0xBC, 0xC6, 0xD3, 0xBE, 0x1C, 0x2F, 0x1F, 0xA3, 0x6F, 0x4B, 0xEE, 0x0C, 0xAF, 0x3A, 0xAB,
    0x92, 0x6A, 0x0D, 0xEF, 0x0C, 0x23, 0x70, 0x78, 0xAA, 0x64, 0x8D, 0x90, 0x44, 0x7E, 0xFD, 0x3A,
    0x1F, 0xEB, 0xF8, 0xED, 0x28, 0x5D, 0xAB, 0x34, 0xDE, 0x9E, 0x57, 0x79, 0x1B, 0xD1, 0x5E, 0x8B,
    0x77, 0xB5, 0x8C, 0xEA, 0x2D, 0xB5, 0x18, 0x2D, 0xA4, 0xC9, 0xBB, 0x66, 0x17, 0xB7, 0xC5, 0x33,
    0x7B, 0x3F, 0x92, 0xA6, 0x8C, 0xE6, 0x54, 0xCD, 0xFC, 0x02, 0x16, 0x52, 0x23, 0xD6, 0xF8, 0x7C,
    0xEC, 0xF1, 0xDF, 0x48, 0x9D, 0xEA, 0x5E, 0x1C, 0x97, 0x4C, 0x55, 0x96, 0xF0, 0x7C, 0x44, 0xCE,
    0x15, 0x88, 0x7E, 0x67, 0x2C, 0x26, 0xF8, 0x07, 0xA0, 0xC2, 0x6B, 0x83, 0x80, 0x8B, 0xAB, 0xA4,
    0x08, 0x73, 0xD7, 0xAF, 0xDB, 0xB3, 0xA0, 0xA3, 0x40, 0xC0, 0xF8, 0xA8, 0xA0, 0x64, 0x84, 0x61,
    0x26, 0x18, 0x83, 0x5C, 0x50, 0x06, 0xB9, 0xE0, 0xA4, 0x4A, 0x92, 0x91, 0xD2, 0xF7, 0xFD, 0x88,
    0x5F, 0x6E, 0x2B, 0x69, 0xB4, 0x7B, 0xEF, 0xCD, 0x9C, 0x0D, 0x7D, 0xF3, 0xF2, 0xB9, 0xC4, 0x6B,
    0x5E, 0xE2, 0x65, 0xD7, 0x38, 0x8D, 0x4F, 0x6E, 0xBE, 0x03, 0x9F, 0x6C, 0xF0, 0x19, 0xF5, 0xC6,
    0xCD, 0x59, 0x99, 0xBC, 0x74, 0xD4, 0x6B, 0x07, 0xBB, 0xB7, 0x5F, 0x5A, 0x66, 0x1A, 0xD2, 0x74,
    0xCD, 0xE2, 0x37, 0x46, 0x07, 0xA2, 0xFA, 0x11, 0x6D, 0xC3, 0xDC, 0xB5, 0x0D, 0x73, 0x65, 0xDB,
    0x86, 0xF9, 0x0D, 0xDB, 0x36, 0xCC, 0x8D, 0xB2, 0x6D, 0xC3, 0xD5, 0xAB, 0xB6, 0x6D, 0x18, 0xDC,
    0xB5, 0xDD, 0xC2, 0xE0, 0x2D, 0xD7, 0x3F, 0x3C, 0x23, 0x6D, 0x43, 0x10, 0x32, 0x68, 0x1B, 0x22,
    0x63, 0x97, 0xB6, 0x21, 0x6C, 0x89, 0xFB, 0x24, 0x8B, 0x4F, 0x6C, 0x1B, 0x1E, 0x6C, 0x8C, 0xAD,
    0x1C, 0xB8, 0x97, 0xEE, 0x56, 0xF8, 0x4E, 0x9E, 0xB5, 0x37, 0x72, 0x44, 0x7B, 0x31, 0xB7, 0xED,
    0x45, 0xBC, 0xD7, 0x1A, 0xED, 0x45, 0xBA, 0x07, 0x6E, 0x2F, 0xE6, 0xA8, 0xB9, 0xF1, 0xE7, 0xD5,
    0x4C, 0xDA, 0x8B, 0x41, 0x2E, 0xED, 0xC5, 0x20, 0x93, 0xF6, 0xA2, 0x4E, 0x13, 0xE9, 0x7E, 0x72,
    0x7B, 0x91, 0x8B, 0x4E, 0xB4, 0x17, 0x4D, 0x29, 0xED, 0xC5, 0xC5, 0x2F, 0x6E, 0x2F, 0x7E, 0x35,
    0xFC, 0xAF, 0x58, 0xFC, 0x47, 0xB4, 0x21, 0x73, 0xDB, 0x86, 0xA4, 0xFB, 0xE0, 0x36, 0x64, 0x7E,
    0x43, 0xDA, 0x90, 0xB9, 0x09, 0xA4, 0x0D, 0xB9, 0x6A, 0xDB, 0x8F, 0xAE, 0x1D, 0x19, 0x64, 0xD2,
    0x86, 0x24, 0xFC, 0x99, 0xB4, 0x23, 0xD7, 0x2D, 0x05, 0xCA, 0x6D, 0x48, 0xF6, 0x63, 0x5F, 0xD6,
    0x8E, 0xFC, 0xB3, 0xAF, 0x88, 0x7F, 0xAA, 0x48, 0x87, 0x6A, 0x95, 0xDC, 0xB6, 0x2F, 0x73, 0xFB,
    0x0C, 0x50, 0x6E, 0xDB, 0x98, 0xB9, 0xF1, 0xA5, 0x7D, 0xB9, 0x7A, 0x45, 0xDA, 0x97, 0x41, 0x2E,
    0xED, 0xCB, 0xE0, 0x8A, 0xB4, 0x2F, 0xF5, 0x99, 0x4A, 0xDA, 0x98, 0x52, 0x9C, 0x13, 0x7E, 0x6E,
    0x5F, 0x12, 0x7E, 0x6E, 0x5F, 0x2E, 0x1E, 0xDD, 0xBE, 0xFC, 0x1A, 0xB8, 0xE7, 0xDB, 0x9E, 0xB9,
    0x6D, 0x7B, 0x62, 0x46, 0x02, 0x6D, 0xCF, 0xFC, 0x86, 0xB4, 0x3D, 0x73, 0x52, 0x26, 0x6E, 0x7B,
    0xAE, 0x5E, 0x97, 0xB6, 0x67, 0xF0, 0xBE, 0xB4, 0x3D, 0x83, 0x6B, 0xD2, 0xF6, 0xA4, 0x6C, 0x0B,
    0x6D, 0x4F, 0x92, 0x3B, 0xDA, 0x9E, 0xC0, 0xCD, 0x6D, 0x4F, 0xC2, 0xCD, 0x6D, 0xCF, 0xC5, 0xF9,
    0xB6, 0xE7, 0x17, 0xB7, 0x92, 0xC6, 0x73, 0x50, 0xF5, 0x11, 0xF5, 0x69, 0xCE, 0x93, 0xD9, 0x38,
    0xF1, 0x2C, 0xEE, 0x0D, 0x66, 0x05, 0x49, 0xB6, 0x20, 0x06, 0xF3, 0xD5, 0x6B, 0xE0, 0x06, 0x51,
    0xA6, 0xBE, 0x59, 0x01, 0xA0, 0x2B, 0x53, 0x3D, 0x94, 0xA9, 0xE0, 0xAF, 0xB8, 0x4C, 0x25, 0x50,
    0x98, 0xD0, 0xA2, 0xAC, 0x7A, 0x71, 0xB6, 0x9B, 0xF4, 0x35, 0x35, 0xA0, 0xE9, 0x68, 0x0E, 0xC1,
    0xC6, 0x18, 0xB9, 0x52, 0x24, 0x90, 0x5C, 0x2C, 0x12, 0x4A, 0xAE, 0x17, 0x09, 0x66, 0x21, 0x8D,
    0xFE, 0x1D, 0x14, 0x6D, 0x74, 0xBE, 0x8A, 0xAA, 0x0D, 0x1A, 0x8C, 0xB2, 0x0D, 0x92, 0x44, 0xDD,
    0x06, 0x49, 0x72, 0x05, 0xC9, 0x4F, 0xA0, 0x54, 0x76, 0x92, 0xCE, 0x7A, 0xB6, 0xEF, 0xB9, 0xB1,
    0x98, 0x55, 0xF7, 0x76, 0xB2, 0xEA, 0xF0, 0x2B, 0x3D, 0xA7, 0x57, 0x9D, 0x6B, 0x9C, 0xFA, 0xC6,
    0x19, 0xE7, 0x38, 0xE3, 0x1D, 0xBB, 0xA2, 0xE7, 0xC8, 0x36, 0x6E, 0xDE, 0xB5, 0x71, 0x73, 0x97,
    0xFC, 0xD3, 0xDD, 0xB9, 0x36, 0x2E, 0x69, 0x8A, 0x6B, 0xE3, 0xAE, 0xBE, 0xE5, 0xDA, 0xB8, 0xC1,
    0x8E, 0x6B, 0xE3, 0x06, 0xD7, 0x5C, 0x1B, 0x57, 0x9F, 0xB2, 0x6D, 0x5C, 0xBA, 0x53, 0x69, 0xE3,
    0xE2, 0x5E, 0x6D, 0x1B, 0x17, 0x45, 0xA2, 0xB4, 0x71, 0x17, 0x9F, 0xAE, 0x8D, 0xFB, 0xFB, 0x04,
    0x82, 0xD7, 0xDD, 0x9D, 0x1E, 0xD9, 0xF3, 0xCD, 0x5D, 0xCF, 0x37, 0xB7, 0x89, 0xB3, 0x04, 0x02,
    0xBE, 0x30, 0xCA, 0xF6, 0x7C, 0x57, 0xAF, 0xD8, 0x9E, 0x6F, 0x70, 0xD7, 0xF6, 0x7C, 0x83, 0xEB,
    0xB6, 0xE7, 0xAB, 0xCF, 0x4A, 0xCF, 0x97, 0x6E, 0x8F, 0xB3, 0x69, 0xDC, 0x9D, 0x24, 0xD4, 0x70,
    0x46, 0x9C, 0x53, 0x2F, 0x3E, 0xB1, 0xE7, 0xFB, 0x8D, 0x6D, 0x1F, 0x9E, 0x8C, 0x3B, 0xC5, 0xEF,
    0x7C, 0x2F, 0x29, 0x5B, 0x7B, 0xDF, 0x64, 0xF2, 0x5A, 0x12, 0xDF, 0x04, 0x72, 0x87, 0x0D, 0x66,
    0xDC, 0x71, 0x67, 0x5E, 0xE5, 0x31, 0x6D, 0x8F, 0x51, 0x1E, 0xAF, 0xC2, 0xF0, 0xEB, 0xEA, 0x4F,
    0xDD, 0x55, 0x70, 0xF7, 0xF4, 0x9E, 0x57, 0xE3, 0x5F, 0x83, 0xEB, 0xCA, 0xC8, 0x6F, 0x50, 0x34,
    0x59, 0xF4, 0xCC, 0x26, 0xF8, 0x52, 0xAA, 0x5C, 0xBD, 0x7D, 0xC3, 0x1C, 0x59, 0xEE, 0xFD, 0x7B,
    0xBC, 0xA4, 0xC1, 0x90, 0x8D, 0x8D, 0x26, 0x95, 0x7D, 0xE7, 0x80, 0x71, 0x6F, 0x79, 0x5E, 0xD8,
    0x98, 0xCE, 0x79, 0x7B, 0x76, 0x8A, 0xDE, 0x1E, 0x4A, 0x6E, 0x8B, 0xBE, 0xC3, 0xA3, 0x05, 0x78,
    0xF2, 0xF2, 0x26, 0x4B, 0xE5, 0x12, 0x6F, 0x0C, 0x47, 0xE7, 0x52, 0x38, 0x4D, 0x39, 0xE0, 0xA5,
    0x9A, 0x4B, 0x30, 0xFA, 0xA5, 0xDE, 0x88, 0x59, 0xE1, 0xEE, 0x10, 0xE1, 0xB0, 0x8C, 0xC3, 0x9A,
    0x7A, 0x36, 0xF2, 0x6A, 0xCA, 0x72, 0x77, 0x1B, 0x3C, 0x26, 0xBF, 0x46, 0x1E, 0xF9, 0xF5, 0xBE,
    0x3C, 0x79, 0xA9, 0xCC, 0xBB, 0x4C, 0x54, 0x14, 0x5D, 0x9E, 0xD9, 0x89, 0xFA, 0x4F, 0xED, 0x79,
    0xDD, 0x0A, 0xBC, 0xB1, 0xE2, 0xAE, 0xAD, 0xB0, 0x87, 0x56, 0xD4, 0x7D, 0x2B, 0xE8, 0x23, 0x3B,
    0xC8, 0xB9, 0xED, 0x53, 0xD0, 0x99, 0x3B, 0xC8, 0x50, 0x1C, 0x74, 0x90, 0x21, 0x5C, 0xEE, 0x20,
    0xAF, 0x66, 0xD2, 0x41, 0x0E, 0x72, 0xE9, 0x20, 0x07, 0x99, 0xF0, 0xFB, 0xFA, 0x87, 0xD2, 0xD8,
    0x4C, 0xB8, 0x83, 0x8C, 0x4E, 0x32, 0x77, 0x90, 0x4D, 0x29, 0x1D, 0xE4, 0xC5, 0x2F, 0xEE, 0x20,
    0x7F, 0x4D, 0xDF, 0x35, 0x25, 0x29, 0x73, 0x4B, 0x52, 0xC2, 0xBE, 0x2B, 0x6B, 0xDD, 0x20, 0x29,
    0xC9, 0xB6, 0x85, 0xA4, 0x5C, 0x7D, 0x4B, 0x48, 0x4A, 0xB2, 0x5F, 0x26, 0x29, 0xC9, 0xC9, 0x32,
    0x49, 0x09, 0x9B, 0xEE, 0x71, 0x14, 0x00, 0x49, 0x09, 0x8D, 0x67, 0x92, 0x12, 0xBA, 0x07, 0x92,
    0x72, 0x71, 0x9E, 0xA4, 0xFC, 0x06, 0xA2, 0x80, 0x24, 0x6A, 0x72, 0xBA, 0xC1, 0x2C, 0x25, 0xF9,
    0x57, 0x66, 0x29, 0xC9, 0xBD, 0x82, 0xA5, 0x24, 0xEF, 0xAA, 0x8E, 0x8A, 0x02, 0xDC, 0xA6, 0x9D,
    0x46, 0x01, 0x51, 0xD4, 0xF6, 0xF7, 0x8B, 0x02, 0x1B, 0x16, 0xDF, 0x11, 0x2D, 0xED, 0xDC, 0xB6,
    0xB4, 0x51, 0xC4, 0xA3, 0xA5, 0x0D, 0x49, 0xFA, 0x9C, 0x4A, 0x6A, 0x69, 0x69, 0xAF, 0xBE, 0x25,
    0x2D, 0xED, 0x60, 0x47, 0x76, 0x9E, 0xF2, 0x30, 0xDB, 0xDA, 0x56, 0x47, 0xB4, 0xB6, 0xD5, 0x53,
    0xB5, 0xB6, 0xDF, 0xFE, 0x66, 0x35, 0x41, 0x6C, 0x54, 0x5A, 0xE1, 0xC0, 0x9F, 0xB4, 0xA2, 0x09,
    0xDC, 0x0A, 0x27, 0x4D, 0xE0, 0x56, 0x38, 0x69, 0x02, 0xB7, 0xC2, 0x83, 0x6B, 0xD2, 0x0A, 0x27,
    0x4D, 0x90, 0x96, 0x38, 0xB7, 0xC2, 0xC5, 0xB3, 0xB3, 0xB0, 0xA5, 0x15, 0xBE, 0x38, 0xDF, 0x0A,
    0xFF, 0x6A, 0x78, 0xBF, 0x63, 0xF1, 0x1E, 0xD1, 0x32, 0xCF, 0x6D, 0xCB, 0x9C, 0xCE, 0xDC, 0x32,
    0x27, 0xBC, 0xDC, 0x32, 0xA7, 0xBC, 0x51, 0x5A, 0xE6, 0x94, 0x37, 0x72, 0xCB, 0x3C, 0xB8, 0x2D,
    0x2D, 0xF3, 0xE0, 0xAA, 0xB4, 0xCC, 0xF5, 0x29, 0xDB, 0x3A, 0xE7, 0x96, 0x39, 0x27, 0xED, 0xAD,
    0xCD, 0x1B, 0xD1, 0x32, 0x5F, 0xFC, 0xE2, 0x96, 0xF9, 0xD7, 0x94, 0xF7, 0xB4, 0xD5, 0x9E, 0x77,
    0x3E, 0x51, 0x5A, 0xED, 0xA4, 0xD4, 0xDC, 0x6A, 0x27, 0xAD, 0x96, 0x56, 0xFB, 0xEA, 0x35, 0x69,
    0xB5, 0x07, 0x3B, 0xD2, 0x6A, 0x0F, 0xAE, 0x49, 0xAB, 0x5D, 0x9F, 0x69, 0x6C, 0xCB, 0xBD, 0x94,
    0x96, 0xBB, 0xB4, 0xDA, 0x81, 0xBF, 0xE7, 0x5A, 0xEE, 0x4F, 0x6E, 0xB5, 0x7F, 0x9D, 0xFC, 0x71,
    0xAE, 0x45, 0x9F, 0xDB, 0x16, 0x3D, 0xDD, 0x04, 0xB7, 0xE8, 0xC9, 0xF3, 0x71, 0x8B, 0x1E, 0xA5,
    0x13, 0xB7, 0xE8, 0xA9, 0x72, 0xE2, 0x7F, 0xA7, 0x78, 0x29, 0xE7, 0xEB, 0xD2, 0xA2, 0xA7, 0x68,
    0x29, 0xAD, 0x7A, 0x6E, 0xD1, 0x73, 0xAC, 0x44, 0x8B, 0x1E, 0xF8, 0xD7, 0x6D, 0xAB, 0xFE, 0x88,
    0x16, 0xFD, 0x37, 0x28, 0x77, 0x96, 0xCB, 0xF4, 0x7C, 0xC3, 0x9E, 0x8D, 0x7A, 0x41, 0xEC, 0xF4,
    0xAA, 0xF9, 0x48, 0x46, 0x50, 0x1E, 0x88, 0xFC, 0xAF, 0x67, 0x31, 0xDB, 0xE9, 0xB9, 0x94, 0xF7,
    0x27, 0x41, 0xEB, 0x99, 0x47, 0x1D, 0xB8, 0xF3, 0x4A, 0xB8, 0xFF, 0xD6, 0xB3, 0x76, 0xEA, 0xE4,
    0x3D, 0x73, 0xFE, 0x6A, 0xB8, 0x17, 0x2C, 0xEE, 0x23, 0xC6, 0x05, 0x72, 0x3B, 0x2E, 0x00, 0x76,
    0x10, 0xE3, 0x02, 0x54, 0x27, 0xF1, 0xB8, 0x40, 0x6E, 0x42, 0x19, 0x17, 0x58, 0xBD, 0x22, 0xE3,
    0x02, 0x41, 0x2E, 0xE3, 0x02, 0x41, 0x26, 0xE3, 0x02, 0x3A, 0xE5, 0x71, 0x01, 0x92, 0x37, 0xC6,
    0x05, 0xC4, 0xBF, 0x50, 0x89, 0xF2, 0x54, 0x63, 0x03, 0x0B, 0xE9, 0x37, 0x54, 0x76, 0xCF, 0x4C,
    0x1B, 0xE4, 0x6E, 0xDA, 0x00, 0xFF, 0x7B, 0x23, 0x9E, 0x36, 0xA0, 0x2D, 0x90, 0x69, 0x03, 0xDA,
    0x03, 0x3B, 0x6D, 0xB0, 0x9A, 0xD9, 0x69, 0x83, 0xE0, 0x8E, 0x9D, 0x36, 0x20, 0xF5, 0xB1, 0x63,
    0x07, 0x67, 0x65, 0xDA, 0x00, 0x85, 0x13, 0xA6, 0x0D, 0xF8, 0x21, 0x3A, 0x9E, 0x36, 0xC0, 0x2D,
    0xDD, 0xAA, 0x5C, 0xD9, 0xFD, 0xC5, 0xD3, 0x06, 0x7D, 0xFB, 0xDF, 0x8A, 0xBD, 0x11, 0x1E, 0x6B,
    0xE3, 0x99, 0x36, 0x1E, 0x68, 0x93, 0x49, 0x84, 0xC2, 0x12, 0x04, 0xFC, 0xDF, 0x77, 0xE9, 0xBF,
    0x24, 0xF7, 0x31, 0xB8, 0xC6, 0x93, 0x08, 0xCA, 0x4E, 0x22, 0xE0, 0xB9, 0xCE, 0xF8, 0xA9, 0x27,
    0x11, 0xBE, 0xA6, 0x1E, 0x4F, 0x27, 0x18, 0xA6, 0xFE, 0x5A, 0x26, 0x18, 0xC8, 0xFF, 0xF1, 0x04,
    0x03, 0xF9, 0x6B, 0x99, 0x60, 0xA0, 0x9C, 0x5C, 0x22, 0xF6, 0x8E, 0x4C, 0x30, 0x90, 0xBF, 0xE6,
    0x09, 0x06, 0xCC, 0x19, 0xC8, 0x24, 0xC3, 0x96, 0x1D, 0x61, 0xE2, 0x09, 0x06, 0xF1, 0xD7, 0xA9,
    0xF8, 0xEB, 0xE9, 0x04, 0x43, 0x7F, 0x06, 0xED, 0xCA, 0x0C, 0xD2, 0x50, 0xFE, 0x77, 0x0C, 0x6F,
    0x6C, 0xDA, 0xF1, 0x96, 0xF9, 0x17, 0x74, 0x03, 0x5D, 0xAD, 0xDC, 0xF1, 0x06, 0x1F, 0xF1, 0x38,
    0x0D, 0xA1, 0x42, 0x1F, 0x2F, 0xF7, 0x67, 0x8E, 0xA0, 0xA7, 0xFC, 0x3C, 0xA6, 0xCF, 0xF4, 0xF6,
    0xD0, 0xED, 0x53, 0x66, 0x17, 0x84, 0xD5, 0x62, 0x88, 0xFF, 0xD7, 0x81, 0x1A, 0xA0, 0x7F, 0xA7,
    0x9A, 0x75, 0x1C, 0x6B, 0xEE, 0xDD, 0x6D, 0x71, 0xE7, 0x8E, 0xDF, 0x1D, 0xA4, 0x9E, 0xA1, 0xCC,
    0xFE, 0xC9, 0x08, 0xCD, 0xCC, 0x9C, 0x22, 0x5E, 0xE2, 0x34, 0x37, 0x0D, 0x51, 0xF0, 0x34, 0x44,
    0xC1, 0x0D, 0x77, 0x4E, 0xC3, 0xB1, 0xC3, 0x7D, 0xDE, 0x63, 0x1C, 0x4F, 0xCC, 0x4C, 0x43, 0xA8,
    0x99, 0x69, 0x88, 0x80, 0xA7, 0x21, 0xE2, 0x2F, 0x9D, 0x86, 0x38, 0xF8, 0xBF, 0x8C, 0x41, 0x65,
    0x48, 0xFA, 0xD1, 0xE0, 0x49, 0xE8, 0xAD, 0xE9, 0xDC, 0x80, 0x1B, 0x98, 0xE8, 0x36, 0x5A, 0x23,
    0x4D, 0xD5, 0x3D, 0x19, 0x98, 0x48, 0xE7, 0x06, 0x26, 0x64, 0x6A, 0x02, 0x1F, 0x49, 0xD4, 0x73,
    0xB3, 0x03, 0x13, 0x7F, 0xE3, 0x06, 0x26, 0xE8, 0x10, 0x3C, 0x78, 0x07, 0x9D, 0x36, 0xEC, 0xCE,
    0x4B, 0xEE, 0xE1, 0xA0, 0xAF, 0xA9, 0x73, 0xD3, 0x41, 0x8B, 0xDC, 0x0E, 0x5A, 0xE4, 0x32, 0x20,
    0x41, 0x3B, 0x2B, 0x83, 0x16, 0xE0, 0x6A, 0x78, 0xD7, 0x57, 0xAF, 0xCB, 0xA0, 0x45, 0x70, 0x57,
    0x06, 0x2D, 0xC8, 0x77, 0xF2, 0xA0, 0x85, 0x7E, 0x95, 0x07, 0x2D, 0x30, 0x26, 0x66, 0x73, 0x84,
    0xD6, 0x66, 0x8B, 0xC7, 0x6D, 0x6B, 0xFB, 0xA8, 0x41, 0x8B, 0xAF, 0x86, 0xFB, 0x5B, 0x16, 0xF7,
    0x11, 0x03, 0x19, 0xB9, 0x1D, 0xC8, 0x40, 0xC3, 0x00, 0xED, 0x97, 0xFC, 0x86, 0x0C, 0x64, 0x20,
    0x56, 0xF1, 0x40, 0xC6, 0xEA, 0x4F, 0x65, 0x20, 0x23, 0xB8, 0x2B, 0x03, 0x19, 0xC1, 0x4F, 0x64,
    0x20, 0x03, 0xB9, 0xD9, 0xE1, 0xC1, 0x0C, 0xF5, 0x54, 0x83, 0x19, 0x8B, 0xDF, 0x24, 0xC7, 0x24,
    0x83, 0x1C, 0xB9, 0xBC, 0x49, 0x86, 0x1D, 0x66, 0x29, 0xD5, 0xA9, 0x0C, 0x72, 0x90, 0xBB, 0xE4,
    0x41, 0x0E, 0xF2, 0x96, 0x3C, 0xC8, 0x01, 0x67, 0xC9, 0x03, 0x1D, 0x67, 0x1B, 0xC7, 0x31, 0xE5,
    0x52, 0x97, 0xF2, 0x20, 0x07, 0xC7, 0x5A, 0xCB, 0x31, 0x1D, 0x31, 0xC8, 0xF1, 0xFF, 0x00, 0xCD,
    0x7C, 0x4D, 0x8C, 0x1C, 0x47, 0x96, 0x5E, 0x64, 0x26, 0xD9, 0x29, 0x31, 0xED, 0x09, 0x1D, 0x5A,
    0x83, 0xE1, 0xD0, 0xCB, 0x14, 0x0C, 0x1D, 0x66, 0xA1, 0x99, 0x4E, 0x1F, 0xF6, 0xB0, 0x87, 0xAA,
    0xCE, 0x24, 0x09, 0xAF, 0x00, 0xEB, 0x40, 0x02, 0x9E, 0x3D, 0x0C, 0x16, 0xF0, 0xCC, 0x81, 0x07,
    0x7B, 0x05, 0x0C, 0xF7, 0xA8, 0x43, 0xB3, 0x2B, 0xC9, 0x3E, 0x08, 0xB0, 0x0E, 0x6C, 0x03, 0x7B,
    0x1F, 0xC1, 0xD0, 0x65, 0x24, 0xC0, 0x35, 0xF0, 0x12, 0xEB, 0x06, 0xA6, 0xD9, 0x95, 0x6C, 0xC2,
    0xAB, 0x03, 0x0F, 0x4C, 0x89, 0x07, 0xC1, 0xE0, 0x81, 0x39, 0x9A, 0x35, 0xC6, 0x20, 0x61, 0x75,
    0x8E, 0x36, 0x57, 0x4C, 0x75, 0x57, 0x55, 0xF8, 0x7D, 0xEF, 0x45, 0x64, 0xFD, 0x74, 0x73, 0xC4,
    0xB1, 0x81, 0x1D, 0x37, 0xD8, 0x11, 0xC1, 0xAA, 0xEA, 0x8A, 0x17, 0x2F, 0xDE, 0xEF, 0x17, 0x2F,
    0xB2, 0xA7, 0xE4, 0xA7, 0x67, 0xFB, 0x75, 0xDB, 0xC7, 0x4F, 0xB6, 0xB9, 0x8F, 0xCC, 0x44, 0x5E,
    0xF8, 0xCB, 0x91, 0x7D, 0x47, 0x73, 0x3B, 0x30, 0xFC, 0xD3, 0xB8, 0x3E, 0x28, 0x94, 0x6E, 0x54,
    0xAC, 0xA8, 0x5F, 0x31, 0xDC, 0x7F, 0xA0, 0xF4, 0x05, 0xF4, 0x46, 0x05, 0x8F, 0xE9, 0xB7, 0xB8,
    0x96, 0x07, 0x53, 0xF4, 0x61, 0xE1, 0xB7, 0x09, 0xFA, 0xDC, 0xAB, 0xF1, 0xBE, 0xBE, 0x1C, 0x94,
    0xE8, 0xD3, 0xE8, 0xA0, 0xA0, 0xFE, 0x70, 0xEC, 0xE3, 0xEF, 0x95, 0xA9, 0xD4, 0xEB, 0xE8, 0xCF,
    0x32, 0x35, 0x8E, 0xAA, 0xAE, 0xEF, 0x2D, 0x90, 0xBD, 0xBE, 0x40, 0xB4, 0xA3, 0xD9, 0x91, 0xAC,
    0x67, 0x04, 0xB7, 0xB6, 0x23, 0x32, 0xD5, 0xAE, 0x02, 0xB5, 0x6A, 0x33, 0x03, 0xB1, 0x81, 0x69,
    0x41, 0x6B, 0x70, 0x38, 0x02, 0xA9, 0xEF, 0x16, 0x3A, 0x23, 0x0A, 0xF7, 0xB3, 0x28, 0x07, 0xA1,
    0x0A, 0x9D, 0xCE, 0x54, 0x9C, 0x81, 0xCC, 0x0F, 0x0D, 0xA8, 0xD4, 0xF4, 0x07, 0x44, 0xA4, 0x67,
    0x72, 0xA6, 0x31, 0x6A, 0x65, 0xAE, 0x41, 0x26, 0x6C, 0xAB, 0xB8, 0xF3, 0x1A, 0x79, 0xF5, 0x95,
    0xDE, 0xFF, 0x1B, 0x9B, 0xC7, 0xAE, 0x07, 0xC1, 0xAA, 0x66, 0xC2, 0x3D, 0xE9, 0x3F, 0xD0, 0xAA,
    0xF6, 0x40, 0xBA, 0xCE, 0x6A, 0xD0, 0x77, 0xED, 0xBD, 0xBC, 0x1E, 0x14, 0x44, 0xF5, 0xBD, 0xE2,
    0xF0, 0x08, 0xFD, 0x56, 0x39, 0x78, 0x58, 0x12, 0xF9, 0x17, 0xEA, 0xD3, 0x7E, 0x45, 0xF4, 0xAB,
    0x56, 0xF9, 0x25, 0x2D, 0x40, 0xF5, 0xF1, 0x2D, 0xC4, 0xE6, 0x38, 0x8F, 0x73, 0x2C, 0x21, 0x34,
    0x46, 0xA6, 0x1E, 0x59, 0xAA, 0x97, 0x7F, 0x1C, 0xF1, 0x7B, 0xB6, 0xEF, 0x1F, 0x7B, 0xEB, 0xF7,
    0xDD, 0x8E, 0xA9, 0x74, 0x13, 0x22, 0x24, 0x28, 0x79, 0x55, 0xD2, 0x7D, 0x10, 0x94, 0xAF, 0xF2,
    0x76, 0x94, 0x58, 0xCA, 0xB5, 0xAD, 0xF2, 0x8D, 0x1A, 0x2B, 0x2A, 0x55, 0xCD, 0x0B, 0x42, 0xA7,
    0x2F, 0x95, 0x1E, 0x75, 0x29, 0xAD, 0x05, 0xAB, 0xF1, 0xCB, 0x08, 0x8B, 0xF1, 0xEB, 0x94, 0xB7,
    0xC3, 0x8C, 0x79, 0xAA, 0xB4, 0x3A, 0x61, 0x19, 0xCC, 0xC3, 0x6E, 0x8B, 0xEC, 0xFF, 0xE6, 0x96,
    0xF7, 0x7F, 0xB9, 0x47, 0x85, 0xEB, 0xE9, 0x1B, 0xA3, 0x46, 0x35, 0xF8, 0x66, 0x12, 0xE5, 0x86,
    0x55, 0x21, 0x2E, 0x1A, 0x56, 0x85, 0xB0, 0x6A, 0x58, 0x15, 0x06, 0x25, 0xFA, 0x70, 0x7F, 0xC2,
    0xEF, 0x87, 0xB7, 0x4A, 0xEE, 0xF5, 0x9B, 0x2D, 0xF7, 0xA9, 0x6F, 0xF0, 0x79, 0xDA, 0xA3, 0xA8,
    0x69, 0x58, 0x15, 0xD4, 0x5E, 0x23, 0xAA, 0xA0, 0x65, 0x6F, 0x76, 0x02, 0xE9, 0xC7, 0xCA, 0xFE,
    0xFF, 0xD8, 0x2A, 0xFF, 0x05, 0x9A, 0x4D, 0x34, 0x2C, 0x99, 0x4D, 0xF7, 0xA9, 0x9E, 0x53, 0x24,
    0xD0, 0x2B, 0x8D, 0x0A, 0xC0, 0x2E, 0xFF, 0x0B, 0x34, 0x8F, 0x49, 0x80, 0xFD, 0x87, 0xC4, 0x94,
    0xE0, 0x53, 0x9A, 0x36, 0xBC, 0x4B, 0x42, 0x16, 0xE7, 0x35, 0x94, 0xBA, 0x56, 0xBA, 0x45, 0x93,
    0xA1, 0xC9, 0xFD, 0x5A, 0x85, 0x65, 0x58, 0x29, 0x6F, 0x6A, 0x0A, 0x7C, 0x17, 0xE4, 0xE6, 0x80,
    0xFE, 0xAA, 0x25, 0xA6, 0xF8, 0x68, 0x94, 0x79, 0xC0, 0x4C, 0x63, 0x89, 0x42, 0x93, 0x9C, 0x40,
    0xA0, 0x50, 0x28, 0x24, 0x2E, 0x2C, 0xA5, 0x37, 0xD3, 0x77, 0xE6, 0x6B, 0xCD, 0x6D, 0x05, 0x4A,
    0x35, 0x93, 0xBA, 0xC6, 0xB4, 0xF6, 0x98, 0xD8, 0x1E, 0x53, 0xDB, 0x63, 0x72, 0x7B, 0x4C, 0x6F,
    0x9F, 0x09, 0x5E, 0x63, 0x8A, 0x63, 0x26, 0x39, 0x66, 0x9A, 0x63, 0x26, 0x7A, 0x8D, 0xA8, 0x1E,
    0x15, 0xA4, 0xFF, 0x83, 0x29, 0xF4, 0x76, 0xE5, 0x4A, 0x54, 0x76, 0x64, 0xBD, 0x82, 0x66, 0xC3,
    0x11, 0xE5, 0xD5, 0xAE, 0x51, 0x75, 0x47, 0x5C, 0x5F, 0x68, 0x62, 0xE1, 0x25, 0x91, 0x08, 0x41,
    0x37, 0x73, 0x30, 0x78, 0x4C, 0x4D, 0x78, 0x9F, 0x2C, 0x42, 0xB4, 0x45, 0x4C, 0x89, 0x2F, 0x81,
    0x3D, 0x3E, 0x69, 0x58, 0x4B, 0x4D, 0x92, 0xA3, 0x21, 0x01, 0xD7, 0xBA, 0x8C, 0x0B, 0x1D, 0x10,
    0xDF, 0xB5, 0x1A, 0xA1, 0xA1, 0x7F, 0x3A, 0x3F, 0xAD, 0x55, 0x78, 0x68, 0x0E, 0x94, 0x67, 0x0E,
    0x0D, 0xB6, 0x3A, 0x11, 0x01, 0xB3, 0x42, 0x65, 0x4C, 0xDE, 0x8D, 0x32, 0x91, 0x59, 0x5A, 0x94,
    0x3A, 0x13, 0x14, 0xAF, 0x11, 0x77, 0x89, 0x08, 0x1D, 0x14, 0x24, 0x2D, 0x24, 0x7D, 0x4A, 0x5F,
    0x22, 0xA9, 0x32, 0x3F, 0x7B, 0x93, 0xF6, 0xE7, 0xDE, 0xC1, 0x17, 0x51, 0xAB, 0xB3, 0x1D, 0x15,
    0x7C, 0x62, 0xCE, 0xA7, 0xB9, 0x26, 0x76, 0x79, 0xF5, 0xEB, 0x6B, 0x09, 0x8F, 0x48, 0x76, 0xFA,
    0xBA, 0xD5, 0x7F, 0x46, 0x84, 0xA7, 0x4F, 0xC6, 0x6A, 0xA4, 0x2F, 0x37, 0xD8, 0xAE, 0x4A, 0x45,
    0x8F, 0xFE, 0x0D, 0x8C, 0xD8, 0x8F, 0x88, 0xB5, 0x26, 0x73, 0x6C, 0x19, 0x74, 0xA3, 0xA4, 0x1B,
    0xE9, 0x6E, 0x44, 0xA6, 0xBA, 0x53, 0x1E, 0xD0, 0xF9, 0xBF, 0xBD, 0x2A, 0xE5, 0x1D, 0xBB, 0x13,
    0xB4, 0xA4, 0x83, 0x44, 0x6F, 0x3A, 0x1C, 0xF7, 0x98, 0x5C, 0x3D, 0xED, 0xF5, 0x98, 0x5A, 0x6F,
    0xBB, 0xDF, 0x13, 0x62, 0x15, 0xBD, 0x02, 0x5A, 0x95, 0xD7, 0xF6, 0x98, 0x54, 0x35, 0xAC, 0x84,
    0x52, 0x6F, 0xAA, 0x84, 0x50, 0x65, 0x40, 0x31, 0xE8, 0xBC, 0x86, 0x1D, 0x06, 0x99, 0xDE, 0xA4,
    0x27, 0x54, 0xAA, 0x64, 0xC3, 0x4E, 0x1E, 0x8D, 0xED, 0xC0, 0x77, 0x03, 0xD5, 0x0D, 0xBE, 0x67,
    0x7B, 0x2F, 0x73, 0x56, 0x00, 0xF4, 0xF9, 0xE6, 0x92, 0x41, 0xAF, 0xCD, 0xAF, 0x0D, 0xB6, 0x38,
    0xF5, 0x0E, 0x4B, 0xF4, 0x77, 0xAE, 0xA4, 0x25, 0x19, 0x56, 0xB2, 0x23, 0x1A, 0x7D, 0xBC, 0x39,
    0x0A, 0xCA, 0x08, 0x86, 0x55, 0x07, 0x65, 0x08, 0xC3, 0x1A, 0x93, 0xD5, 0x29, 0x07, 0xBF, 0x2E,
    0xD7, 0x83, 0xD2, 0x27, 0xC3, 0xFA, 0xF9, 0x98, 0x0C, 0x17, 0x19, 0xD6, 0x87, 0x35, 0xF5, 0xD7,
    0x55, 0x70, 0x37, 0xA7, 0x9E, 0x0D, 0x2B, 0xF5, 0x6C, 0x58, 0x61, 0xD8, 0x60, 0x58, 0x03, 0x2B,
    0x6A, 0xAE, 0xF7, 0xBA, 0x8D, 0xED, 0xF6, 0x9A, 0x8D, 0x52, 0xAC, 0x48, 0x5C, 0xC0, 0xB0, 0x35,
    0x0C, 0xC0, 0x30, 0x19, 0x10, 0xC3, 0xF4, 0xD3, 0xFD, 0x8A, 0x19, 0x16, 0x1A, 0x1A, 0x30, 0xC3,
    0xF6, 0xE8, 0x2D, 0x30, 0x2C, 0xAC, 0x69, 0xC0, 0x3B, 0x5B, 0x60, 0x40, 0x0C, 0x8B, 0x26, 0x18,
    0x10, 0xC3, 0x7C, 0x7C, 0x98, 0x19, 0x16, 0x7E, 0xE5, 0xCC, 0xE2, 0xC0, 0x0D, 0xB4, 0x1B, 0x04,
    0x15, 0x93, 0x71, 0x37, 0x4F, 0x4A, 0x1E, 0x6C, 0x55, 0xA6, 0x11, 0x23, 0x79, 0x58, 0xEF, 0x88,
    0xBC, 0xA5, 0xC5, 0x0E, 0xD3, 0xF3, 0x1D, 0x7D, 0xD8, 0x30, 0x3D, 0xBD, 0xC0, 0x08, 0x3D, 0xFD,
    0xE0, 0xBF, 0x9F, 0x62, 0x7A, 0x12, 0xE2, 0x2E, 0xD3, 0xA3, 0x83, 0xA7, 0x24, 0x43, 0x44, 0x4F,
    0x74, 0xC3, 0x7C, 0x9C, 0x83, 0x9E, 0xA0, 0x5C, 0x0D, 0x0B, 0xD0, 0x43, 0xBE, 0x31, 0xCA, 0x99,
    0x9E, 0x3D, 0x67, 0x1A, 0x12, 0x67, 0x61, 0x7D, 0x53, 0x39, 0x6E, 0xB4, 0x2E, 0xC2, 0x00, 0x11,
    0x3A, 0x17, 0x99, 0xD7, 0x85, 0x48, 0xBC, 0x26, 0xA5, 0x64, 0x8E, 0xEC, 0x7D, 0xC0, 0x04, 0xE8,
    0x1F, 0x9B, 0x0C, 0xF3, 0xEB, 0x0B, 0xC3, 0x82, 0xA7, 0x27, 0x87, 0xC8, 0xDC, 0xC8, 0x68, 0x4E,
    0x30, 0x83, 0x1C, 0x3A, 0xE6, 0x8E, 0xB2, 0x84, 0x59, 0x11, 0x15, 0x32, 0x61, 0x60, 0xAC, 0xCB,
    0x23, 0x6F, 0xEE, 0x76, 0xA1, 0x72, 0x83, 0x92, 0x67, 0x86, 0xCA, 0xF1, 0xD4, 0x87, 0x3F, 0xB7,
    0x73, 0x8F, 0x8C, 0xDD, 0x8E, 0x3F, 0xDB, 0x6B, 0x65, 0xF6, 0xAC, 0x27, 0xF2, 0xAB, 0xB3, 0xDD,
    0x1F, 0xF0, 0xF2, 0xA3, 0xA7, 0x4D, 0x9F, 0xB7, 0x23, 0x30, 0xA5, 0x95, 0xDF, 0xAB, 0x10, 0x49,
    0xC8, 0x6F, 0x76, 0xAE, 0x66, 0x1A, 0x3C, 0x28, 0x2D, 0x4B, 0x82, 0x99, 0x3A, 0x85, 0x1A, 0xB6,
    0x4E, 0x5A, 0x47, 0xB9, 0x93, 0xED, 0xCE, 0x4F, 0xCD, 0x6C, 0xC2, 0x78, 0x36, 0x12, 0x9B, 0x30,
    0x68, 0x84, 0xC8, 0x53, 0x7E, 0x73, 0x5D, 0xA8, 0xEC, 0x05, 0x65, 0xF2, 0x84, 0xC9, 0xEC, 0x47,
    0x79, 0x68, 0x0A, 0xD0, 0xB9, 0x16, 0xE5, 0xE3, 0x73, 0x05, 0x13, 0x1A, 0x3E, 0x9D, 0x46, 0x39,
    0x73, 0xEA, 0xA6, 0x79, 0xAC, 0x79, 0xA7, 0xC2, 0x62, 0x35, 0xD6, 0x4C, 0x2B, 0x99, 0xF8, 0x35,
    0x2D, 0xC4, 0x82, 0x87, 0x22, 0x3C, 0xF4, 0xBA, 0xB6, 0x14, 0x99, 0xCA, 0x59, 0x80, 0x1F, 0xF1,
    0x56, 0xAA, 0x25, 0x87, 0xDA, 0xFD, 0x78, 0xDD, 0x9B, 0x7E, 0xE9, 0xA8, 0xBF, 0x68, 0xE6, 0x46,
    0xD6, 0xA2, 0x5D, 0xAC, 0xAC, 0x45, 0x1B, 0x5C, 0xAC, 0x9C, 0x45, 0xBB, 0x28, 0x4C, 0x56, 0xA3,
    0xC7, 0x17, 0xAD, 0xD0, 0xB7, 0xF8, 0x1C, 0x5B, 0xB4, 0x02, 0x23, 0x50, 0x9F, 0x66, 0x7A, 0x5F,
    0xE4, 0x3E, 0x6E, 0xF4, 0x97, 0x22, 0xF8, 0x9E, 0xD1, 0x53, 0x91, 0x7C, 0xA5, 0xEF, 0x5F, 0xB3,
    0xA2, 0xEF, 0x1F, 0x5D, 0x76, 0x92, 0x3E, 0xBA, 0xE4, 0x46, 0xC9, 0x85, 0xED, 0x39, 0x8B, 0x06,
    0xAA, 0x48, 0x40, 0x27, 0x61, 0xCB, 0x43, 0x08, 0x44, 0x32, 0xB5, 0x14, 0x8E, 0xF5, 0x38, 0x16,
    0x12, 0x83, 0x2A, 0xAC, 0xB5, 0xD0, 0x18, 0x52, 0x48, 0x1B, 0x0B, 0x91, 0xC4, 0x62, 0x92, 0x28,
    0x50, 0xF9, 0x1D, 0x19, 0x82, 0xCC, 0x7E, 0xF4, 0xBF, 0x42, 0x8A, 0x70, 0x41, 0x67, 0x2F, 0x18,
    0xE3, 0xCF, 0x40, 0x68, 0x4F, 0x5D, 0x0D, 0xA7, 0x23, 0xA6, 0x94, 0x44, 0x24, 0x3C, 0x98, 0x30,
    0xA9, 0x89, 0x5A, 0x79, 0xF3, 0xEE, 0x36, 0xD3, 0xAA, 0x9F, 0x98, 0x23, 0xCB, 0xCA, 0xC0, 0x90,
    0xBB, 0xB2, 0x24, 0x7E, 0x37, 0xD3, 0x33, 0x06, 0x87, 0x76, 0x58, 0xAB, 0xC5, 0xDE, 0x89, 0xCF,
    0xE0, 0xC3, 0xCC, 0x2A, 0x96, 0xD8, 0x41, 0xEF, 0x43, 0x17, 0xBB, 0x9D, 0x3F, 0x59, 0xBF, 0xAC,
    0x4F, 0x41, 0xCF, 0x32, 0x9E, 0x59, 0xFD, 0xCA, 0xAC, 0x7E, 0x65, 0xC6, 0x0A, 0xF8, 0xB5, 0x25,
    0xFD, 0x0A, 0x96, 0xF4, 0x2B, 0xB6, 0xFA, 0x75, 0xE7, 0x98, 0x7E, 0x2D, 0xFC, 0xFC, 0x95, 0x15,
    0x90, 0xB6, 0xB3, 0x3E, 0x0B, 0xC6, 0xD1, 0xAF, 0x96, 0x16, 0xB6, 0x71, 0x3C, 0x24, 0xE6, 0x9D,
    0x21, 0x43, 0xC0, 0xDB, 0x12, 0xED, 0x58, 0xB9, 0xB9, 0x6E, 0x37, 0xE4, 0xB2, 0x78, 0x16, 0xFD,
    0x56, 0xCE, 0x76, 0x32, 0x0E, 0x99, 0x6E, 0xB5, 0x29, 0x74, 0x9F, 0x1B, 0x0B, 0xDD, 0x69, 0x15,
    0xB0, 0x4D, 0xE2, 0x90, 0x98, 0xE8, 0x5E, 0xB7, 0xEA, 0x16, 0x67, 0x31, 0x13, 0x1C, 0x1E, 0x1A,
    0xAB, 0xA2, 0x96, 0xD0, 0xB3, 0x99, 0xA3, 0xA3, 0x76, 0x3D, 0x47, 0xAF, 0x85, 0xF0, 0x2F, 0xB0,
    0xF6, 0x29, 0x28, 0x56, 0x41, 0x07, 0xF5, 0xBB, 0x4C, 0x47, 0x70, 0x77, 0x0A, 0xFE, 0xC5, 0xC1,
    0xC1, 0x01, 0xE4, 0x21, 0xF1, 0xCD, 0x65, 0xE8, 0x5C, 0x5A, 0xBC, 0x4E, 0x9C, 0x4E, 0x9F, 0x90,
    0xA9, 0x61, 0x7D, 0xFB, 0x55, 0xA3, 0x44, 0xDB, 0xF6, 0x6C, 0x7C, 0x94, 0xD8, 0x79, 0x7D, 0x53,
    0xBE, 0xE0, 0xBE, 0xFD, 0x50, 0xF6, 0xED, 0x82, 0xB1, 0xFB, 0x36, 0x14, 0x7D, 0xA7, 0x7D, 0x3A,
    0xD9, 0x2E, 0xD2, 0x5F, 0x2E, 0xD8, 0xC5, 0xB1, 0xDD, 0xB7, 0x7A, 0x69, 0xDF, 0xFC, 0x05, 0xF7,
    0xB9, 0x3F, 0x0D, 0xD8, 0x7D, 0xDE, 0x32, 0x0F, 0xA7, 0xEC, 0xE5, 0xBD, 0x67, 0x05, 0xE8, 0xE8,
    0xD3, 0x92, 0xD8, 0xFA, 0x90, 0xDD, 0x04, 0x1D, 0xEB, 0x50, 0x12, 0xA2, 0x23, 0xA1, 0x3C, 0x8A,
    0xE9, 0x18, 0x0B, 0x1D, 0xDE, 0x58, 0xE8, 0x60, 0xF5, 0x82, 0x75, 0x54, 0xB2, 0x0F, 0xCA, 0xEE,
    0xC3, 0xCC, 0x9A, 0x3C, 0xAF, 0xF7, 0x3B, 0xF7, 0x59, 0x77, 0x83, 0xEE, 0x4D, 0x90, 0xB2, 0xAA,
    0x5E, 0xB5, 0x96, 0x50, 0xD1, 0x3B, 0x6C, 0x08, 0x11, 0x58, 0xB3, 0x1D, 0x24, 0xDB, 0x28, 0xE2,
    0x4C, 0x41, 0x99, 0xB8, 0xAB, 0x5C, 0x39, 0x23, 0xA8, 0x78, 0x47, 0x60, 0x03, 0x3B, 0x13, 0x98,
    0x74, 0x16, 0xD0, 0x19, 0x40, 0x27, 0x96, 0xFF, 0xA1, 0x13, 0xE8, 0x4E, 0xBE, 0xC5, 0x81, 0x7D,
    0x3C, 0x55, 0x12, 0xB9, 0xFD, 0xCC, 0x14, 0x12, 0xB8, 0xAD, 0x07, 0xB5, 0xC8, 0x6A, 0x4F, 0xD1,
    0x00, 0x84, 0xAD, 0xF3, 0x80, 0x08, 0xFB, 0x23, 0xBF, 0x96, 0xA0, 0x4D, 0x45, 0x65, 0xCD, 0x84,
    0xAD, 0x8C, 0x28, 0xF4, 0x66, 0x47, 0x82, 0xC8, 0x9B, 0x09, 0xE3, 0x01, 0xCC, 0x1B, 0xDE, 0x92,
    0x78, 0xAD, 0xAE, 0x6D, 0x20, 0x34, 0x71, 0xF4, 0xA4, 0x6E, 0xA0, 0xDD, 0x20, 0x70, 0x03, 0xF5,
    0xBE, 0x93, 0xA0, 0x89, 0xEB, 0x59, 0x82, 0x9C, 0x7B, 0xA3, 0xBC, 0x92, 0x25, 0x48, 0x25, 0xBC,
    0x73, 0xDA, 0x33, 0x25, 0x4B, 0x50, 0xF4, 0x4C, 0x76, 0x2E, 0x7D, 0x4B, 0xFC, 0xC5, 0x58, 0x18,
    0xA5, 0x2B, 0xE1, 0x93, 0xCE, 0x45, 0x82, 0x3C, 0x96, 0x45, 0x10, 0x13, 0x59, 0x49, 0x71, 0x9E,
    0x21, 0x2C, 0x96, 0xFD, 0x03, 0x5B, 0xDA, 0x49, 0xC4, 0x9A, 0xBC, 0x45, 0x3D, 0xDE, 0x0A, 0x8B,
    0x28, 0x17, 0x0D, 0x1A, 0xE4, 0xAC, 0x41, 0x47, 0x26, 0x97, 0x88, 0xF6, 0x51, 0x2E, 0xF1, 0x6C,
    0x94, 0x8B, 0xED, 0x17, 0xBF, 0x95, 0xC2, 0xE2, 0xB0, 0xDD, 0x8F, 0x72, 0xB1, 0xFA, 0x62, 0x81,
    0x94, 0x7E, 0x24, 0xC1, 0x85, 0x77, 0x64, 0xE7, 0x1F, 0xD8, 0x3E, 0xB6, 0xBD, 0xCE, 0x4F, 0xE2,
    0x03, 0xE8, 0x14, 0x1F, 0x14, 0xB2, 0x04, 0x73, 0x8F, 0xF9, 0x7F, 0x28, 0x12, 0x1C, 0x99, 0x77,
    0x99, 0x0F, 0xC9, 0x47, 0xCF, 0x58, 0x82, 0xD7, 0xD5, 0x88, 0x25, 0xB8, 0x4F, 0xFC, 0xC2, 0xFC,
    0x09, 0x2C, 0x07, 0x3C, 0x63, 0x11, 0xB2, 0x04, 0xFB, 0x85, 0x5B, 0xF7, 0xF3, 0x7A, 0xF5, 0x1D,
    0xC7, 0x8F, 0x1F, 0x08, 0x47, 0x06, 0x55, 0xC2, 0xB2, 0x7C, 0xD3, 0x4C, 0x12, 0x96, 0x65, 0x5D,
    0x26, 0x3F, 0xE5, 0xCD, 0x49, 0x54, 0xF8, 0x05, 0xEF, 0xCE, 0xE6, 0x15, 0x3D, 0x65, 0x91, 0x49,
    0xDA, 0xCD, 0x3D, 0x16, 0x99, 0x95, 0x3B, 0xED, 0xBA, 0x84, 0x82, 0x09, 0xD2, 0x1B, 0xD8, 0xB8,
    0x34, 0x5F, 0x93, 0xD8, 0x79, 0x0F, 0xC9, 0x12, 0xA4, 0xF6, 0x4F, 0x31, 0x60, 0xF5, 0xC2, 0x80,
    0x77, 0x89, 0x07, 0xEA, 0x1B, 0x06, 0x67, 0x67, 0x21, 0x47, 0xD9, 0x8D, 0xD8, 0xDA, 0x25, 0xA5,
    0xD3, 0xB3, 0x68, 0x1C, 0x4C, 0x6D, 0x1A, 0x32, 0x08, 0x6C, 0x64, 0xA4, 0xE2, 0xAD, 0x7D, 0x09,
    0x8D, 0x3C, 0x73, 0xA9, 0xE8, 0x33, 0x7D, 0x51, 0x13, 0x14, 0xB1, 0x75, 0xDA, 0x18, 0xF1, 0xE6,
    0x55, 0xC1, 0xDD, 0x3D, 0x89, 0x56, 0xA7, 0xC1, 0x3D, 0x1B, 0x1F, 0x25, 0x0F, 0xF7, 0xB7, 0xAD,
    0xD3, 0x7E, 0x36, 0x13, 0x99, 0x6E, 0x14, 0x17, 0xCB, 0x4E, 0x70, 0x26, 0x54, 0x2C, 0x51, 0x63,
    0xF6, 0x1A, 0x8C, 0x92, 0x30, 0x44, 0xC2, 0xF8, 0x48, 0x24, 0xE0, 0x08, 0x90, 0x11, 0xC0, 0x22,
    0x1E, 0x30, 0x11, 0x06, 0x44, 0x04, 0x0D, 0xE1, 0x88, 0x5D, 0x70, 0x10, 0xFC, 0x7D, 0x38, 0xA1,
    0x7C, 0x2F, 0x2E, 0xA9, 0xD1, 0x68, 0xA2, 0xC9, 0x3B, 0x98, 0x00, 0xA6, 0x38, 0x6C, 0xE7, 0xDC,
    0xAC, 0x63, 0x49, 0xD3, 0x0D, 0x16, 0x2C, 0xD0, 0x29, 0x4F, 0x59, 0x0B, 0x14, 0xE5, 0xE2, 0x96,
    0xFA, 0xF0, 0xA3, 0x12, 0x89, 0x3D, 0x3D, 0xB0, 0x16, 0xC8, 0xBC, 0x27, 0x7A, 0x95, 0x5F, 0x0D,
    0x59, 0xA0, 0xA1, 0x0B, 0xB9, 0xB3, 0x40, 0xAC, 0x5A, 0x6A, 0x32, 0xB3, 0x40, 0x13, 0x67, 0x81,
    0x9A, 0x6E, 0x8B, 0x2C, 0x19, 0xD2, 0x32, 0xF8, 0x50, 0x62, 0x76, 0xBF, 0xC4, 0xD4, 0xD4, 0x92,
    0x1B, 0xF2, 0x59, 0x95, 0xFD, 0x12, 0x33, 0xFA, 0x25, 0xA6, 0xA3, 0x85, 0xD3, 0x5C, 0xD4, 0x62,
    0xA2, 0x92, 0xBE, 0x6F, 0x4A, 0xAD, 0xFA, 0x51, 0x8C, 0x56, 0xC5, 0x37, 0xD1, 0x9A, 0x2F, 0xA9,
    0xF5, 0x0F, 0x0D, 0x80, 0x99, 0x0A, 0xFB, 0xED, 0xB5, 0x9C, 0x2E, 0xFF, 0x95, 0x73, 0xD2, 0x83,
    0x79, 0xF8, 0x23, 0x67, 0xAE, 0xF7, 0x84, 0xEF, 0x3B, 0xC2, 0xF9, 0x5A, 0x78, 0x5F, 0x2B, 0xE6,
    0x3E, 0x44, 0x9A, 0xF8, 0x4F, 0x1D, 0x76, 0xA0, 0x51, 0xBC, 0x07, 0x3B, 0x8A, 0x77, 0x61, 0x43,
    0xF1, 0x3E, 0x6C, 0x28, 0xDE, 0x89, 0x0D, 0xC1, 0xA4, 0x76, 0x18, 0x92, 0xF2, 0xC5, 0x80, 0x25,
    0xD5, 0x52, 0x12, 0xFA, 0xFC, 0xFD, 0x56, 0x6E, 0xBF, 0x43, 0xBB, 0xDF, 0x9F, 0x9E, 0xB8, 0xDF,
    0xD1, 0xBB, 0x94, 0x52, 0x47, 0xF9, 0xC8, 0x70, 0xEC, 0x42, 0x0E, 0x71, 0xE5, 0xAD, 0x2C, 0x38,
    0x34, 0x47, 0x99, 0x32, 0x87, 0xA3, 0x4C, 0xAD, 0x64, 0x71, 0xC6, 0x91, 0xA1, 0xDB, 0xDC, 0xB6,
    0x1B, 0xD8, 0x5D, 0xD6, 0x12, 0x7A, 0x5C, 0x51, 0x12, 0x0F, 0x46, 0x86, 0x52, 0x79, 0xEC, 0x72,
    0x3C, 0x34, 0xB2, 0xCB, 0xEB, 0x0C, 0x7C, 0x22, 0x12, 0x04, 0x0C, 0x21, 0x56, 0xC3, 0x46, 0x81,
    0x09, 0x83, 0x48, 0xB0, 0x9F, 0x95, 0xF5, 0x33, 0x41, 0x6D, 0x7D, 0x3F, 0x7F, 0xE1, 0x02, 0xD0,
    0x74, 0xE2, 0xE0, 0x35, 0x37, 0xB8, 0x2D, 0x1B, 0x11, 0x4C, 0x06, 0xB2, 0x15, 0x8F, 0xCD, 0x88,
    0x55, 0xD4, 0x9B, 0x92, 0xB0, 0x32, 0x85, 0xBB, 0xB4, 0x72, 0x56, 0xD0, 0x5D, 0xEC, 0x0C, 0xF4,
    0x73, 0x4A, 0x03, 0x50, 0x78, 0xEE, 0xA0, 0xB2, 0x20, 0xC1, 0x56, 0xB3, 0xC3, 0x14, 0xAE, 0xAA,
    0x2B, 0x3B, 0x62, 0x3D, 0x18, 0xF4, 0x10, 0x9F, 0xB7, 0xE3, 0xAC, 0xC7, 0x8E, 0xB3, 0x1E, 0x1D,
    0xEE, 0xF4, 0x3B, 0x06, 0x57, 0xD5, 0xC9, 0x19, 0x6E, 0x52, 0xDA, 0x0C, 0x97, 0x53, 0x54, 0xB1,
    0x1C, 0x37, 0x9D, 0xE1, 0xF8, 0xAA, 0xB2, 0x76, 0x63, 0x54, 0x59, 0xB3, 0x11, 0xBB, 0x50, 0x3F,
    0xB0, 0x91, 0x7E, 0xE5, 0x32, 0x5C, 0x63, 0x33, 0x5C, 0x95, 0x7C, 0x6E, 0xC3, 0x7C, 0xEF, 0xD0,
    0x05, 0x8E, 0xE9, 0xF3, 0x32, 0xDC, 0x05, 0x63, 0xC6, 0x29, 0x5E, 0x5A, 0x52, 0x78, 0x09, 0x7A,
    0xCE, 0x8D, 0x69, 0xC0, 0xF4, 0xF4, 0x4F, 0x6D, 0x08, 0x3D, 0x7A, 0x30, 0xB6, 0x81, 0xE4, 0xD1,
    0x58, 0xCC, 0x6C, 0x54, 0xED, 0x8A, 0x99, 0x0D, 0x21, 0xAE, 0x08, 0xE8, 0x75, 0xB6, 0xC1, 0xF4,
    0x24, 0x23, 0x84, 0xA9, 0x88, 0xA6, 0xC6, 0x0C, 0x24, 0x11, 0x3D, 0xDB, 0xCA, 0x41, 0x14, 0x27,
    0x0E, 0x06, 0x8B, 0x19, 0x27, 0x03, 0x26, 0x90, 0x77, 0x10, 0xE3, 0x7D, 0x6D, 0x43, 0x3A, 0x97,
    0x6D, 0x3E, 0x11, 0x4A, 0x62, 0x25, 0xF6, 0xF4, 0x65, 0x65, 0xCD, 0xBD, 0xB2, 0xD6, 0x5E, 0x5D,
    0x67, 0x2A, 0xD6, 0x3E, 0x12, 0x3B, 0x9A, 0x1A, 0xE1, 0x49, 0x38, 0x75, 0xD9, 0x8E, 0x65, 0x84,
    0x37, 0x71, 0x2F, 0x38, 0x07, 0xED, 0x40, 0xB0, 0xEC, 0x39, 0x21, 0x95, 0x8B, 0x6E, 0x4F, 0xB9,
    0xF0, 0xB6, 0x17, 0x14, 0xA7, 0x6C, 0x48, 0x55, 0x5C, 0xB7, 0x21, 0xD5, 0x5D, 0x9B, 0x21, 0x04,
    0x4F, 0x0F, 0x24, 0xA4, 0xBA, 0x20, 0x31, 0x2E, 0xF2, 0x4A, 0x71, 0xD1, 0xB4, 0x01, 0x91, 0x18,
    0x34, 0x17, 0xE6, 0x52, 0x94, 0xBB, 0x69, 0xAD, 0xBA, 0x4D, 0x54, 0x38, 0xD2, 0x7D, 0xDE, 0x8F,
    0x0B, 0x65, 0x7C, 0x97, 0xE6, 0xA8, 0x66, 0xC9, 0x01, 0xFC, 0xE1, 0xE2, 0xE3, 0xA5, 0x1F, 0xBD,
    0xC4, 0x63, 0x7D, 0x8C, 0x4E, 0xD3, 0xE9, 0x04, 0xAB, 0x44, 0x50, 0x5A, 0x67, 0x5A, 0x5A, 0x57,
    0x5A, 0x5A, 0x47, 0x5A, 0x5A, 0x37, 0x5A, 0x5A, 0x27, 0x5A, 0x5A, 0x65, 0x28, 0xAD, 0x03, 0x2D,
    0x45, 0x15, 0x82, 0xD2, 0x3A, 0xCF, 0xD2, 0xE6, 0xBB, 0x96, 0x8D, 0x69, 0x29, 0xF9, 0x94, 0x2E,
    0x25, 0x1A, 0x0C, 0xCA, 0x85, 0xFC, 0x6A, 0x8E, 0x9E, 0x19, 0xEE, 0xC1, 0xE6, 0x4D, 0x00, 0xF9,
    0x55, 0xE4, 0x20, 0x19, 0x43, 0xD8, 0xBE, 0x88, 0xC3, 0x30, 0x4F, 0x7F, 0xF3, 0xC9, 0x98, 0x41,
    0xEC, 0x69, 0x50, 0xAE, 0x31, 0x8A, 0x5D, 0x21, 0x8E, 0x0E, 0x0A, 0xFD, 0x96, 0x1D, 0xA4, 0xC1,
    0x34, 0xF8, 0x64, 0xC4, 0x40, 0x76, 0x72, 0xEF, 0xE1, 0x84, 0xD2, 0xA7, 0x4A, 0xF9, 0x5F, 0x7D,
    0xBA, 0x2D, 0x50, 0xF6, 0xC8, 0xED, 0x70, 0xEC, 0x06, 0x1D, 0x0C, 0x1B, 0x74, 0x9B, 0xFF, 0x72,
    0xC7, 0x48, 0x22, 0xEB, 0x28, 0x7B, 0x47, 0xC3, 0xD6, 0x1F, 0x64, 0x53, 0x8D, 0x23, 0x1C, 0xFD,
    0xD4, 0x60, 0x9A, 0xD5, 0xC0, 0xDC, 0xD2, 0x4C, 0xDB, 0x55, 0x7D, 0x99, 0x49, 0x53, 0x5A, 0xF3,
    0x49, 0x93, 0xDA, 0xE4, 0x3E, 0x7F, 0xA3, 0x65, 0xBA, 0x32, 0x8A, 0x29, 0x41, 0x96, 0x02, 0xB8,
    0x07, 0xAA, 0xCE, 0x51, 0x9C, 0x0B, 0xA2, 0xD4, 0xE0, 0xB2, 0xD0, 0x14, 0x3D, 0x76, 0xE2, 0xE7,
    0x50, 0x02, 0x67, 0x47, 0x6C, 0x7F, 0x66, 0x09, 0xF0, 0x64, 0xBC, 0xB3, 0x4E, 0x04, 0xEE, 0xFC,
    0x95, 0x99, 0x70, 0x26, 0x19, 0x54, 0xF1, 0x06, 0xE8, 0xD2, 0xFF, 0x23, 0x00, 0x87, 0x4C, 0x6C,
    0x0A, 0xF4, 0xC3, 0x77, 0x9F, 0x56, 0x1B, 0x72, 0x02, 0x56, 0xF5, 0x98, 0x2E, 0xE9, 0x49, 0xCA,
    0xCA, 0x9E, 0xD0, 0x95, 0xF7, 0x98, 0xAE, 0x4D, 0x78, 0x50, 0x3E, 0x01, 0xEB, 0xD9, 0x13, 0xB0,
    0xDE, 0x73, 0x0E, 0x29, 0x7A, 0x1D, 0xBC, 0x79, 0xC2, 0x31, 0x04, 0x31, 0x60, 0x07, 0x74, 0x90,
    0xDE, 0xA1, 0x37, 0xB6, 0x1F, 0x6E, 0x01, 0xCB, 0xA3, 0xF9, 0xEF, 0x1A, 0xE9, 0xF3, 0x24, 0x47,
    0xAF, 0x2F, 0x8C, 0xF9, 0xFD, 0x94, 0x7C, 0xD0, 0x8E, 0x9C, 0xC4, 0x65, 0x3B, 0x4C, 0xC7, 0x88,
    0x3E, 0x07, 0x3A, 0xBC, 0x89, 0xB5, 0xEA, 0xB1, 0x4B, 0xD8, 0xDB, 0x0E, 0x71, 0x00, 0x1F, 0x7E,
    0x12, 0x35, 0xE8, 0xAB, 0x36, 0x95, 0x60, 0x7A, 0x7D, 0x77, 0x8D, 0x85, 0x47, 0xD7, 0xE8, 0xCD,
    0x4A, 0x30, 0xBD, 0x83, 0xF9, 0x6F, 0x29, 0x76, 0x9E, 0xE1, 0x83, 0xEC, 0xB7, 0x17, 0xD0, 0xBF,
    0x57, 0xD4, 0x71, 0x81, 0x23, 0x9D, 0xE2, 0x10, 0x52, 0x97, 0xFA, 0xD5, 0xE0, 0xB7, 0x15, 0xF8,
    0xD0, 0x9C, 0xF6, 0x6A, 0xCC, 0x7F, 0x1D, 0x92, 0x7A, 0x16, 0x6A, 0x24, 0x79, 0x79, 0x64, 0x2C,
    0x32, 0x3D, 0x6A, 0x4F, 0x38, 0x49, 0xE2, 0xF4, 0x71, 0x35, 0xE0, 0xE3, 0x31, 0x13, 0x70, 0x52,
    0x39, 0xDC, 0x3A, 0xF8, 0x39, 0x66, 0xBA, 0xF7, 0x19, 0x26, 0x08, 0xB7, 0xCA, 0xB7, 0xE5, 0x08,
    0x09, 0x27, 0x49, 0x29, 0x74, 0x89, 0x8F, 0x90, 0xFC, 0x8A, 0x26, 0xE3, 0x93, 0xA4, 0xB3, 0x64,
    0x7F, 0x53, 0x9E, 0xC2, 0x42, 0x92, 0xE9, 0x71, 0x40, 0x12, 0x53, 0xD5, 0x4A, 0xE6, 0x9A, 0x7E,
    0xC8, 0xCA, 0x11, 0x1C, 0xF0, 0xC2, 0x86, 0x5B, 0x9F, 0x0C, 0xF7, 0x78, 0xBA, 0x52, 0x04, 0x71,
    0xAB, 0x4C, 0x22, 0x32, 0x29, 0xFA, 0xE2, 0xE1, 0x04, 0xA6, 0x25, 0x55, 0xA6, 0x11, 0x01, 0x3C,
    0x4B, 0x82, 0x85, 0x05, 0xBE, 0xB2, 0x32, 0xB6, 0x31, 0x5C, 0x6D, 0x95, 0xD1, 0x42, 0x52, 0x6F,
    0x38, 0xB3, 0x7D, 0xCD, 0xAA, 0xAA, 0x5F, 0x1F, 0x83, 0x01, 0xE7, 0x46, 0xAC, 0xB2, 0xF1, 0x44,
    0xA8, 0xF2, 0xD4, 0x1D, 0xC4, 0x2E, 0x38, 0x1B, 0x54, 0x4D, 0x74, 0x98, 0x33, 0xEB, 0x2F, 0xD2,
    0x1A, 0xA1, 0xBF, 0xE1, 0xFD, 0x9B, 0x55, 0xBA, 0xC2, 0xA3, 0xAD, 0xBB, 0x87, 0xE6, 0x26, 0x9C,
    0x8E, 0xBE, 0x54, 0x8D, 0x9E, 0xDD, 0x83, 0x33, 0x4C, 0x29, 0x52, 0x0A, 0xEF, 0x15, 0x4C, 0xE3,
    0x2E, 0x9F, 0x66, 0x80, 0xCA, 0x94, 0x8C, 0x66, 0xC1, 0x74, 0xEA, 0xC3, 0x91, 0x0D, 0x71, 0x7D,
    0xD3, 0x3A, 0x6D, 0xFD, 0x76, 0x36, 0x67, 0x4F, 0xEA, 0xE3, 0xC6, 0xF0, 0x27, 0x4B, 0xA1, 0x8A,
    0x29, 0x47, 0x45, 0x37, 0xB0, 0xC6, 0x66, 0x47, 0x8C, 0x4D, 0xCC, 0x03, 0x18, 0x1B, 0x1E, 0x0C,
    0xF3, 0xE4, 0x59, 0x29, 0x22, 0x3B, 0x95, 0xCF, 0x84, 0xB7, 0x6A, 0x19, 0xE8, 0xCB, 0x65, 0xC0,
    0x52, 0x9C, 0x86, 0x93, 0x60, 0xCC, 0x62, 0xAB, 0x06, 0xF7, 0x8C, 0xC8, 0x6D, 0xF0, 0xE5, 0xA3,
    0x56, 0x14, 0x68, 0xEF, 0xA1, 0x95, 0xD4, 0xA4, 0x6C, 0x9D, 0xB1, 0xB9, 0x3A, 0x33, 0x36, 0x10,
    0x5E, 0x9A, 0xEC, 0xC2, 0x94, 0xC5, 0x97, 0xDC, 0xD0, 0x7D, 0x93, 0x33, 0x45, 0x69, 0x60, 0xC2,
    0x82, 0x49, 0x6A, 0x01, 0x56, 0x80, 0x26, 0x12, 0xC9, 0x1A, 0xAF, 0x0D, 0x49, 0x7D, 0xBD, 0x1A,
    0x59, 0x4C, 0xF8, 0x77, 0xDD, 0xE8, 0xD6, 0xC5, 0x43, 0xAF, 0xC1, 0xBB, 0x64, 0x89, 0x8C, 0xFC,
    0x45, 0xAA, 0xD5, 0x59, 0xCF, 0x90, 0x83, 0x39, 0x44, 0xCE, 0xEC, 0x1D, 0x99, 0x8C, 0x48, 0x8B,
    0x0A, 0xEF, 0x3F, 0xD5, 0x57, 0x41, 0x5B, 0x70, 0x38, 0x9A, 0x3A, 0x2F, 0x62, 0x86, 0x76, 0xB4,
    0xB2, 0x3D, 0x4B, 0xD8, 0xE5, 0xF8, 0xE9, 0x1B, 0x8E, 0x58, 0xC5, 0x5E, 0xFD, 0xE5, 0x50, 0xFC,
    0x4C, 0x98, 0x3F, 0xE7, 0x7C, 0x75, 0x55, 0x3A, 0x23, 0xDD, 0x70, 0xAB, 0xFC, 0x63, 0x11, 0xD3,
    0x54, 0x4E, 0x8A, 0xCF, 0x2D, 0x68, 0x85, 0x5A, 0xD0, 0x8A, 0x50, 0xB4, 0x22, 0x59, 0xD2, 0x8A,
    0xE3, 0x47, 0x7A, 0xEE, 0x50, 0x6F, 0x06, 0x43, 0x36, 0x4B, 0x21, 0x61, 0x6F, 0xEE, 0x38, 0x7F,
    0xB0, 0x28, 0xC3, 0x12, 0x68, 0x8C, 0xC5, 0xE7, 0xE0, 0x44, 0x92, 0xA5, 0xE0, 0x71, 0xC6, 0x42,
    0x80, 0x73, 0x49, 0x98, 0x4F, 0x1C, 0x4D, 0xC2, 0x6C, 0xE1, 0x74, 0x12, 0xE6, 0x13, 0x07, 0x94,
    0x44, 0x31, 0x9F, 0x51, 0x82, 0xCB, 0xC0, 0x48, 0x3C, 0x46, 0xA7, 0x6B, 0x70, 0x98, 0x0F, 0x2B,
    0x39, 0xC0, 0x09, 0x99, 0x5E, 0xCF, 0xA1, 0xA9, 0x03, 0xAB, 0x5C, 0x2B, 0x57, 0x7E, 0xD7, 0x49,
    0xFB, 0xAA, 0x3D, 0x69, 0x37, 0xF6, 0xA4, 0x7D, 0x78, 0x4B, 0x4E, 0xDA, 0xC3, 0xFB, 0xF6, 0xA4,
    0x7D, 0x4B, 0x4E, 0xDA, 0x89, 0x71, 0x7C, 0xD2, 0x9E, 0x72, 0x96, 0x01, 0x39, 0x44, 0xA2, 0x01,
    0x31, 0xE4, 0x5C, 0xE3, 0xAC, 0x24, 0x35, 0x4C, 0xC8, 0xDC, 0x49, 0xFB, 0x37, 0x6E, 0xD4, 0xAB,
    0xB2, 0x51, 0x72, 0xA6, 0x2F, 0x07, 0xE1, 0xDD, 0x09, 0xF8, 0xA2, 0xF9, 0x0A, 0xCA, 0x05, 0xF3,
    0x25, 0x22, 0xB5, 0x74, 0x10, 0xBE, 0xDD, 0xA9, 0x27, 0x44, 0x7E, 0x94, 0xB3, 0xBF, 0xF8, 0xB5,
    0x69, 0x58, 0xDC, 0x75, 0x71, 0xBD, 0x66, 0xBF, 0x95, 0xE9, 0x5A, 0x16, 0x1C, 0xB0, 0xAB, 0xBF,
    0x45, 0xA9, 0x29, 0x9B, 0x8C, 0x4A, 0x89, 0xC1, 0x60, 0x46, 0xC3, 0x9F, 0x72, 0x9F, 0xF2, 0xF7,
    0x61, 0xC1, 0x4A, 0x18, 0x2F, 0x9C, 0x3B, 0x7B, 0x12, 0x32, 0xBD, 0xDC, 0xBF, 0x7F, 0x32, 0xE3,
    0xC5, 0x80, 0x9D, 0x56, 0xA7, 0x33, 0xA1, 0x23, 0x1D, 0x0B, 0xE3, 0xA7, 0x23, 0xA6, 0x23, 0x6F,
    0x22, 0x61, 0x7C, 0x13, 0x30, 0xE3, 0x49, 0x1C, 0x84, 0xF1, 0x8A, 0x8B, 0x01, 0xC8, 0x64, 0x51,
    0x1C, 0xC7, 0x06, 0x8B, 0x99, 0x01, 0x73, 0x65, 0x8D, 0xD5, 0xD8, 0xA1, 0xE8, 0x4B, 0xE9, 0xD3,
    0x9F, 0x82, 0x8E, 0xDF, 0x9A, 0x3C, 0x45, 0xF8, 0xF3, 0x1B, 0x53, 0xA7, 0x25, 0x1F, 0x37, 0x8D,
    0x7B, 0xCC, 0x0F, 0x9C, 0x50, 0x82, 0x8E, 0x9C, 0xFB, 0xE1, 0xBB, 0xD9, 0x6E, 0x4F, 0xFC, 0x78,
    0xC3, 0xFD, 0x8D, 0xA1, 0xF8, 0xF1, 0x8B, 0x38, 0xAE, 0x04, 0x1D, 0xDC, 0x13, 0x1D, 0xD7, 0x2A,
    0xF1, 0xE3, 0xFE, 0xD8, 0xFA, 0xF1, 0xD4, 0x46, 0xFD, 0xDA, 0xD2, 0x11, 0x8C, 0x97, 0xCE, 0x29,
    0x3B, 0x3F, 0xEE, 0x82, 0xF0, 0xCC, 0xC2, 0xCA, 0x2C, 0x13, 0x85, 0x12, 0x37, 0x53, 0x44, 0xBC,
    0x2F, 0x5B, 0xC5, 0x80, 0xCB, 0x07, 0xEE, 0xED, 0x4F, 0x64, 0x5F, 0x1E, 0x7C, 0x2A, 0x66, 0x1C,
    0xFA, 0x0D, 0xC9, 0x80, 0x69, 0x26, 0x3A, 0x02, 0x84, 0x87, 0xA0, 0x03, 0xE1, 0x22, 0xD3, 0xE1,
    0x2F, 0x01, 0xEC, 0x5E, 0x7D, 0xCC, 0x6C, 0x43, 0x3E, 0x52, 0x39, 0xA5, 0xA9, 0x70, 0x46, 0x83,
    0x54, 0x12, 0xA7, 0x8B, 0x50, 0xCC, 0x3A, 0xAE, 0x58, 0x31, 0xA7, 0x9C, 0xAB, 0x50, 0x28, 0xF8,
    0x55, 0x25, 0x91, 0x20, 0xBF, 0x4F, 0xB6, 0x99, 0x7B, 0x32, 0xCD, 0xDC, 0x93, 0x65, 0x46, 0x0F,
    0xC3, 0xBC, 0x5F, 0x89, 0x5D, 0xC6, 0x09, 0x24, 0xE8, 0xD8, 0xB4, 0xF3, 0xC7, 0xB6, 0x0F, 0xAB,
    0xE5, 0x24, 0x6D, 0x9E, 0x0F, 0x4C, 0x27, 0x1B, 0x63, 0xEE, 0x8D, 0xED, 0x87, 0xF9, 0xAB, 0x22,
    0x9F, 0xFB, 0xE6, 0x57, 0xDC, 0xBF, 0xF7, 0x84, 0xF9, 0xA1, 0x2F, 0xE7, 0x0C, 0xA0, 0xA5, 0x3A,
    0x8B, 0x58, 0x3E, 0xA3, 0xC2, 0x67, 0xF9, 0x0C, 0x6A, 0x4F, 0xE4, 0xF3, 0x17, 0x6E, 0xDD, 0xCF,
    0xEB, 0xD5, 0x8A, 0x0B, 0x4D, 0x41, 0x47, 0x1D, 0xB7, 0x8C, 0x56, 0x56, 0x23, 0xF3, 0x16, 0xE4,
    0x34, 0x68, 0xA2, 0x47, 0x39, 0xE2, 0xAB, 0xC2, 0x3B, 0xCA, 0x11, 0xE7, 0xFD, 0x75, 0x00, 0x3D,
    0x1A, 0xBE, 0x37, 0x8D, 0x87, 0x28, 0x1C, 0xBA, 0x3B, 0xDC, 0xD4, 0x5C, 0x40, 0xC4, 0xA8, 0x25,
    0xE9, 0x8B, 0xAE, 0xD0, 0xA7, 0x88, 0x63, 0x72, 0xF0, 0xE3, 0x5B, 0x2A, 0xCA, 0x45, 0x5F, 0xA2,
    0x5C, 0xF4, 0xC5, 0xA1, 0xA5, 0xCF, 0xEB, 0x57, 0xB2, 0x63, 0x68, 0x53, 0x2D, 0x05, 0x27, 0x22,
    0x22, 0x14, 0xB8, 0x9A, 0x9C, 0x79, 0x13, 0x17, 0x12, 0x8B, 0xE4, 0x61, 0x55, 0x73, 0x30, 0x52,
    0x0C, 0xCA, 0x9A, 0xCB, 0x9A, 0x6E, 0x4E, 0x54, 0x2D, 0x2E, 0xAA, 0x94, 0x41, 0x0A, 0x54, 0xF9,
    0x5A, 0xCE, 0x11, 0x5F, 0x5E, 0x1B, 0xDE, 0xA2, 0xA8, 0xA9, 0x3F, 0x90, 0x3D, 0xBA, 0xE3, 0x78,
    0x11, 0xBB, 0x41, 0x58, 0xAB, 0x25, 0x36, 0x59, 0x81, 0x81, 0x19, 0x9B, 0xB0, 0xE5, 0xE2, 0xDF,
    0x57, 0x15, 0x17, 0xF0, 0xC0, 0x68, 0xC1, 0x54, 0xF1, 0x2F, 0xC9, 0x10, 0x19, 0x2A, 0x58, 0x29,
    0x36, 0x51, 0xB0, 0x84, 0x29, 0xFD, 0x8E, 0x6E, 0x71, 0xE9, 0x08, 0x7E, 0x3D, 0x73, 0xCB, 0xD6,
    0x8D, 0x8C, 0xBA, 0xAA, 0x91, 0x65, 0xA8, 0x76, 0xCE, 0x48, 0x78, 0xCA, 0xC6, 0x38, 0x7E, 0x05,
    0xAB, 0x3C, 0xBC, 0x75, 0x49, 0xBC, 0xD9, 0xFD, 0x9B, 0xB6, 0xFE, 0xA9, 0x30, 0x9F, 0x57, 0x6C,
    0x24, 0xCE, 0x7A, 0x5C, 0xFF, 0x44, 0x22, 0x50, 0x59, 0x23, 0xC1, 0xD6, 0x39, 0xCD, 0x3A, 0x23,
    0x91, 0x89, 0x91, 0x98, 0x38, 0x5E, 0x9F, 0x14, 0x54, 0xEB, 0x86, 0x8D, 0xDE, 0xEA, 0xCA, 0x44,
    0x89, 0x10, 0x26, 0x4A, 0x84, 0x50, 0x67, 0x2C, 0x7C, 0x85, 0x78, 0xA3, 0x30, 0x37, 0x25, 0x0B,
    0xE1, 0xA5, 0xC3, 0x96, 0x85, 0x30, 0x2C, 0xD6, 0x58, 0x08, 0xC3, 0x42, 0x8B, 0x10, 0x16, 0x01,
    0x0B, 0xA1, 0x08, 0x23, 0xF1, 0x72, 0xAC, 0x9C, 0xA3, 0xAF, 0xE7, 0x8D, 0x74, 0x57, 0xFB, 0x02,
    0x9E, 0x6A, 0xE6, 0xEC, 0x1A, 0xF3, 0xB6, 0xC7, 0xDC, 0x45, 0xFB, 0x46, 0x8D, 0x56, 0xD9, 0xB6,
    0x8F, 0x75, 0x51, 0xC0, 0x0D, 0x3E, 0xC7, 0x0A, 0x9C, 0x8E, 0xD9, 0x1D, 0xC4, 0xEC, 0x0D, 0xD6,
    0xD8, 0x19, 0xEC, 0xB2, 0x4C, 0xB5, 0x0B, 0x49, 0xD7, 0xC0, 0x4D, 0x25, 0x08, 0x94, 0x6D, 0x3C,
    0x92, 0x02, 0x8D, 0x74, 0x48, 0x7B, 0xC3, 0x8C, 0x5E, 0x23, 0x41, 0x74, 0x0D, 0xFE, 0xCB, 0xD5,
    0x2B, 0xEB, 0x94, 0x6F, 0xDD, 0x98, 0x2A, 0x1D, 0x1A, 0x6A, 0x3C, 0xF3, 0x53, 0xBC, 0xBA, 0x46,
    0xD6, 0xF3, 0xD5, 0x35, 0x9C, 0x9C, 0x7D, 0x81, 0x9A, 0x96, 0x29, 0x96, 0xBA, 0x29, 0x91, 0x8B,
    0x65, 0xE6, 0xD4, 0xF5, 0xB2, 0x99, 0x01, 0x87, 0x59, 0xAB, 0xDC, 0x1B, 0xDF, 0xDC, 0xBD, 0x54,
    0x70, 0xC6, 0xC4, 0x4C, 0x0F, 0x1F, 0xE4, 0x06, 0x21, 0x62, 0x78, 0x2B, 0xEB, 0x89, 0xE4, 0xE6,
    0x3D, 0x0E, 0xAD, 0x22, 0x18, 0x47, 0x58, 0xB8, 0xD6, 0x5A, 0xFC, 0xB1, 0x75, 0xB5, 0xAB, 0xDF,
    0x78, 0x72, 0xF4, 0xD2, 0x22, 0xEA, 0x6E, 0x7E, 0xCC, 0x6B, 0x7F, 0x66, 0x0E, 0xA0, 0x4F, 0x6A,
    0x70, 0x63, 0xCA, 0x96, 0x26, 0x21, 0x7A, 0x65, 0x93, 0xD7, 0xC4, 0xD2, 0xE5, 0x9C, 0xEA, 0xFE,
    0xDD, 0x51, 0x6B, 0x53, 0xDE, 0x09, 0x7A, 0xFD, 0xAF, 0xD5, 0xEA, 0x9A, 0xF5, 0x84, 0x6B, 0xD6,
    0x13, 0xAE, 0x59, 0x4F, 0xB8, 0x66, 0x3D, 0xE1, 0xDA, 0x12, 0xAA, 0xBE, 0xDC, 0x9F, 0x7D, 0x4E,
    0x21, 0xD9, 0x8E, 0xA8, 0x75, 0x26, 0x01, 0x71, 0x5C, 0x49, 0x3C, 0x0C, 0x68, 0x9A, 0x75, 0xFA,
    0x80, 0x33, 0xA9, 0x9B, 0x38, 0xAE, 0x16, 0x8D, 0x6E, 0x95, 0x28, 0xB4, 0xCD, 0xE0, 0x0A, 0x89,
    0x84, 0xA3, 0x76, 0xC7, 0x5A, 0x5C, 0x1B, 0x84, 0xE9, 0x13, 0x33, 0xB8, 0xE7, 0xD4, 0x74, 0xAE,
    0xDA, 0x9A, 0x4E, 0x63, 0x6B, 0x3A, 0xC9, 0xBA, 0x3D, 0x96, 0x5A, 0x4E, 0x5B, 0xD3, 0x99, 0x4B,
    0x4D, 0xA7, 0xCE, 0xA4, 0xA6, 0x33, 0xD5, 0x5C, 0xD3, 0x49, 0x16, 0x17, 0x35, 0x9D, 0x88, 0x4A,
    0x8C, 0xAD, 0xE5, 0x7C, 0xFD, 0x84, 0x5A, 0x4E, 0xD7, 0x3F, 0xA7, 0x44, 0x73, 0x55, 0x4A, 0x34,
    0x4D, 0x60, 0x73, 0x2B, 0x2E, 0xD1, 0x0C, 0x3F, 0x96, 0x12, 0xCD, 0x9B, 0x99, 0xAD, 0xCD, 0x14,
    0xC3, 0x8A, 0x12, 0x4D, 0x9A, 0xF5, 0x43, 0xB6, 0x61, 0x5C, 0xA2, 0x79, 0x56, 0x79, 0x16, 0x9C,
    0xF9, 0x86, 0x12, 0xCD, 0x3F, 0x54, 0x00, 0xF8, 0xFB, 0x96, 0x5A, 0xFE, 0x13, 0x07, 0x8C, 0x2F,
    0x52, 0x39, 0xF9, 0xFC, 0x0A, 0xC8, 0x55, 0x5B, 0x01, 0x69, 0x6C, 0x05, 0x24, 0xBC, 0x51, 0x63,
    0x9D, 0x51, 0x23, 0x82, 0x2B, 0x95, 0x8F, 0x97, 0xA5, 0x02, 0x12, 0x82, 0xDB, 0x58, 0xC1, 0x6D,
    0xAC, 0x1F, 0xB2, 0x95, 0x8F, 0x7B, 0x96, 0x55, 0x2F, 0x50, 0x01, 0xA9, 0x45, 0x86, 0x28, 0x94,
    0xE3, 0xBE, 0x1C, 0x93, 0x8D, 0x03, 0x7B, 0x6A, 0xBF, 0x61, 0x18, 0xAB, 0x56, 0xBF, 0x60, 0x14,
    0x0B, 0xA5, 0x6F, 0x00, 0xB1, 0x06, 0xA5, 0xCF, 0x18, 0x56, 0x5C, 0x69, 0x46, 0xAE, 0xBC, 0xED,
    0x88, 0x7B, 0x5A, 0x23, 0x03, 0x58, 0x70, 0x43, 0xC0, 0xAF, 0xE0, 0x1C, 0x18, 0xBE, 0x9A, 0x43,
    0xAF, 0x1C, 0x78, 0x15, 0x2D, 0xD5, 0x75, 0x39, 0xE4, 0x8A, 0x4C, 0x64, 0x1B, 0x09, 0x6E, 0xA5,
    0x01, 0x5B, 0x8D, 0xA3, 0xC7, 0x40, 0xAD, 0x6A, 0xFF, 0x19, 0x40, 0x2B, 0xA2, 0x04, 0x98, 0x15,
    0x78, 0xAE, 0x35, 0xD1, 0xA1, 0x80, 0x58, 0x51, 0x30, 0x04, 0xC0, 0xCA, 0xDB, 0x56, 0xC0, 0xAB,
    0x18, 0xBC, 0xE3, 0xEE, 0x9C, 0xAD, 0xBC, 0x01, 0x58, 0x35, 0xC3, 0xAA, 0x1C, 0x54, 0x35, 0x5A,
    0x00, 0xAA, 0xCE, 0x2C, 0xC0, 0x54, 0x3D, 0xA8, 0xBB, 0x80, 0x54, 0x1E, 0x30, 0xAA, 0x71, 0xF4,
    0x10, 0x10, 0x55, 0xED, 0x1B, 0x20, 0x54, 0xB5, 0x1A, 0x01, 0xA0, 0x1A, 0xAB, 0x10, 0xF8, 0x14,
    0x11, 0x01, 0x58, 0x8A, 0x88, 0x40, 0x47, 0x44, 0x00, 0x9C, 0xC2, 0x17, 0xE7, 0x3D, 0xC9, 0xED,
    0x7A, 0xF2, 0xC5, 0xBD, 0x93, 0x2A, 0x7F, 0x17, 0xBB, 0xEF, 0xD9, 0x9D, 0x28, 0x64, 0x23, 0x8A,
    0x71, 0xF4, 0x19, 0x10, 0xA9, 0xDA, 0x3F, 0x02, 0x10, 0x55, 0xAB, 0x5F, 0xA2, 0x23, 0x8B, 0x0D,
    0x38, 0x6A, 0x40, 0xB2, 0x48, 0x5D, 0x8C, 0x42, 0x49, 0x32, 0x59, 0xDB, 0xDE, 0x98, 0xB7, 0x94,
    0xA1, 0x28, 0xAE, 0x44, 0xE4, 0x0D, 0x66, 0x20, 0x6A, 0x86, 0x43, 0x59, 0x18, 0xCA, 0xD9, 0xB0,
    0x16, 0xCB, 0x14, 0x0C, 0x4A, 0x01, 0x82, 0xA2, 0x7D, 0x07, 0x02, 0x45, 0xDB, 0x0E, 0x00, 0xAA,
    0x56, 0x7F, 0x0B, 0xFC, 0x09, 0x05, 0xA4, 0x64, 0x18, 0x06, 0xA5, 0x06, 0xFA, 0x14, 0x53, 0x26,
    0x5E, 0xC7, 0x85, 0xB7, 0x1D, 0x14, 0x7C, 0xC4, 0xC5, 0xD0, 0x13, 0x52, 0xD6, 0xD3, 0xEC, 0x95,
    0xAF, 0x4B, 0x84, 0x6C, 0x71, 0x27, 0x07, 0x3B, 0x8D, 0x5A, 0x59, 0xD8, 0x94, 0xD7, 0x35, 0x01,
    0x37, 0x21, 0x5C, 0xCF, 0x6A, 0x18, 0x8C, 0xBF, 0x19, 0x43, 0x28, 0x83, 0x83, 0x9F, 0xD3, 0x14,
    0xC1, 0x67, 0xA6, 0x04, 0x36, 0xFB, 0x76, 0x4D, 0x13, 0x94, 0x6C, 0x45, 0x4A, 0x7C, 0x2F, 0x92,
    0x6A, 0xC5, 0xAE, 0x59, 0x39, 0xA0, 0x49, 0x82, 0x0E, 0x52, 0x3B, 0x61, 0x59, 0x2B, 0x2C, 0x6B,
    0xE8, 0xBB, 0x41, 0x07, 0x7D, 0x39, 0x20, 0x26, 0xFA, 0x76, 0x20, 0x4C, 0x38, 0x82, 0x18, 0xEE,
    0xE1, 0xFB, 0x81, 0x2F, 0x61, 0x82, 0x24, 0xCA, 0xBC, 0x6D, 0x1F, 0xE8, 0x12, 0xBE, 0xAA, 0xD1,
    0xE2, 0x50, 0x58, 0x16, 0x18, 0x5A, 0xEA, 0x90, 0x25, 0x07, 0x2C, 0x39, 0x5C, 0xC9, 0xC2, 0x4A,
    0x1D, 0xAA, 0x64, 0x55, 0x07, 0x61, 0xBF, 0x1D, 0x40, 0x79, 0x18, 0x51, 0xAA, 0xFD, 0x7F, 0x14,
    0x40, 0x89, 0xE4, 0x45, 0xF0, 0xA4, 0x31, 0x4A, 0xB6, 0x00, 0x27, 0x0D, 0xCA, 0x48, 0xD0, 0x24,
    0x9C, 0xE4, 0x32, 0x98, 0x44, 0xEB, 0x15, 0x2C, 0x09, 0x41, 0x22, 0x43, 0x49, 0x4A, 0x59, 0x24,
    0x89, 0x85, 0x94, 0x81, 0xA4, 0x39, 0x1C, 0x69, 0x06, 0x23, 0xCD, 0xA3, 0x48, 0xF5, 0xF3, 0x20,
    0xA4, 0xDB, 0x42, 0x28, 0x03, 0x48, 0xD2, 0x8B, 0x8E, 0xEF, 0xB0, 0x8E, 0x03, 0x3D, 0x62, 0x1D,
    0x2F, 0x21, 0x5E, 0x8A, 0xB1, 0x23, 0x92, 0x2F, 0x86, 0x8E, 0x48, 0xC7, 0x19, 0x39, 0xF2, 0xB6,
    0x35, 0x03, 0x47, 0x38, 0xE5, 0x05, 0x6E, 0x04, 0xDE, 0x00, 0x36, 0x82, 0x38, 0x31, 0x6A, 0x34,
    0x07, 0x1A, 0x39, 0xCC, 0xC8, 0x41, 0x46, 0x1C, 0x89, 0xB5, 0xCA, 0x01, 0x46, 0x4A, 0xF0, 0x22,
    0x50, 0xC0, 0x70, 0x11, 0x48, 0x60, 0xB4, 0xA8, 0x46, 0x82, 0x01, 0xB0, 0x68, 0x0C, 0xC1, 0x02,
    0x42, 0x34, 0x28, 0x57, 0x64, 0x40, 0x64, 0x08, 0x52, 0x44, 0x74, 0x08, 0x50, 0x04, 0x53, 0xC1,
    0x38, 0x11, 0x97, 0xA1, 0x01, 0x26, 0x42, 0xD1, 0x9F, 0xA0, 0x44, 0x73, 0x20, 0x51, 0x87, 0x11,
    0xCD, 0x41, 0x44, 0x2C, 0xAA, 0x61, 0x3E, 0xCB, 0x13, 0xE4, 0x48, 0x3C, 0x40, 0xA9, 0x22, 0xFE,
    0x02, 0x8C, 0xFD, 0xF6, 0x47, 0xB5, 0x65, 0xA9, 0x86, 0x83, 0x17, 0xBE, 0x15, 0x63, 0x4E, 0x44,
    0x6B, 0x5F, 0x52, 0xF7, 0x31, 0xEB, 0xD0, 0xC6, 0x19, 0x8A, 0x7B, 0xF3, 0x0D, 0xB6, 0x18, 0x1B,
    0x2B, 0xBB, 0x7C, 0x2C, 0xDB, 0xE7, 0x73, 0x2A, 0x69, 0x7B, 0xAC, 0xE0, 0xE0, 0x48, 0x8F, 0x13,
    0x81, 0x84, 0xFD, 0x6B, 0x34, 0xE9, 0xBC, 0x04, 0xFE, 0xCB, 0x45, 0x6A, 0xBA, 0xF3, 0xEF, 0x12,
    0x4B, 0xE6, 0x96, 0x77, 0xF1, 0x97, 0x30, 0xCE, 0x13, 0x00, 0xC5, 0x31, 0xC5, 0xDC, 0x75, 0x60,
    0x0A, 0xB2, 0xE2, 0xB4, 0xC0, 0x89, 0xEA, 0xB5, 0x2A, 0x2D, 0x28, 0xCB, 0x8E, 0x8A, 0x9D, 0x3E,
    0xC4, 0x72, 0x0D, 0x22, 0x8A, 0x10, 0x22, 0xA3, 0x20, 0xB6, 0xE1, 0xB3, 0x2E, 0xC5, 0x25, 0x95,
    0x14, 0x1A, 0xA4, 0x1F, 0x91, 0xE9, 0xD7, 0xBC, 0xBA, 0xAB, 0xEC, 0x18, 0x7E, 0x40, 0xAF, 0x4D,
    0x46, 0xEA, 0xD4, 0x46, 0x6C, 0xF2, 0xDE, 0x86, 0xFE, 0xB8, 0xE8, 0x6D, 0x84, 0x6F, 0x16, 0x6B,
    0xA8, 0x15, 0x89, 0xA3, 0x22, 0x21, 0xBE, 0x5E, 0x30, 0xF4, 0xCD, 0x94, 0xE4, 0x10, 0x15, 0xEF,
    0x22, 0x19, 0xE4, 0x63, 0x1E, 0x9C, 0xF1, 0xC0, 0x31, 0x0B, 0x8A, 0x46, 0x2E, 0x99, 0x65, 0xEB,
    0x44, 0x0E, 0xED, 0x7A, 0x38, 0xCB, 0x02, 0x6F, 0x06, 0xE5, 0xC6, 0x99, 0x5D, 0x92, 0x26, 0x70,
    0xC5, 0xDB, 0x9E, 0xE7, 0xCD, 0x06, 0x1F, 0xED, 0xF5, 0x38, 0xB0, 0xE8, 0xB1, 0xAF, 0xB4, 0x1C,
    0x62, 0x21, 0xFA, 0x23, 0x2E, 0xBE, 0x8B, 0xDB, 0x98, 0x76, 0xE1, 0xC7, 0x4D, 0x1B, 0x1D, 0x50,
    0x4C, 0x01, 0x1F, 0x39, 0xE0, 0xE3, 0xFD, 0x94, 0xD6, 0x1A, 0x61, 0xBD, 0xEF, 0xC7, 0x4A, 0x4F,
    0x63, 0x95, 0x0C, 0x1F, 0xAB, 0x3E, 0x59, 0xF8, 0x1E, 0xA9, 0x5C, 0x9F, 0xDE, 0x4F, 0xF0, 0x3E,
    0x85, 0x58, 0xEA, 0x17, 0xF1, 0x9C, 0xBA, 0x8E, 0x45, 0x59, 0xC7, 0x63, 0x71, 0x42, 0x50, 0xD4,
    0xD3, 0x19, 0xAB, 0x69, 0x0A, 0xB3, 0xAE, 0x01, 0x9B, 0x90, 0x8A, 0x02, 0x35, 0x21, 0x05, 0x05,
    0x68, 0x02, 0xF5, 0xE4, 0xAD, 0x60, 0xC8, 0x84, 0x55, 0x53, 0xE0, 0x4E, 0x29, 0x7C, 0xB3, 0x78,
    0x89, 0x83, 0x4B, 0x1C, 0x5A, 0xF2, 0x9A, 0xC3, 0x4A, 0x74, 0xEB, 0x09, 0x54, 0x12, 0x02, 0x29,
    0x21, 0x97, 0x06, 0xA0, 0xA4, 0x06, 0x9D, 0x48, 0x5E, 0x46, 0x80, 0x49, 0x88, 0xAD, 0x40, 0x49,
    0xE0, 0x4D, 0x1A, 0x78, 0x13, 0x8F, 0x6B, 0xBA, 0xB7, 0x7D, 0xAE, 0xE8, 0x56, 0x52, 0xD8, 0xAD,
    0x18, 0x20, 0xE1, 0x7A, 0x6D, 0xF1, 0x18, 0x16, 0x1E, 0xB1, 0xE8, 0x88, 0x03, 0x47, 0xC6, 0x8B,
    0xDE, 0x24, 0x93, 0xD5, 0x66, 0x64, 0x1A, 0x0B, 0x31, 0x8D, 0x80, 0x45, 0xC8, 0x34, 0x02, 0x15,
    0x41, 0xFC, 0x3F, 0x68, 0x60, 0x1A, 0x81, 0x89, 0xD0, 0x6A, 0x01, 0x89, 0xD0, 0x6A, 0x19, 0xF1,
    0x54, 0x81, 0x18, 0x19, 0xC6, 0x43, 0x70, 0xD0, 0x69, 0x4D, 0x8E, 0x45, 0x43, 0xAC, 0xDD, 0x71,
    0x49, 0x6D, 0x3D, 0x0B, 0x27, 0x94, 0x00, 0x21, 0x0A, 0x38, 0xC8, 0x38, 0xFA, 0x04, 0xF0, 0x06,
    0x29, 0x39, 0x50, 0x10, 0x52, 0xF1, 0x29, 0xA7, 0x1D, 0x0A, 0x18, 0x08, 0x02, 0x09, 0xD4, 0xFB,
    0x93, 0x8D, 0x41, 0x41, 0x36, 0x99, 0x18, 0xFE, 0x4E, 0xC6, 0x3F, 0x60, 0x60, 0xB8, 0x02, 0x5B,
    0xD0, 0x8F, 0x19, 0xF8, 0x61, 0xB1, 0x0F, 0x0B, 0x7D, 0x70, 0x09, 0xE4, 0x4B, 0x2C, 0x24, 0xBA,
    0x81, 0x90, 0xC4, 0xE4, 0x03, 0x1E, 0x33, 0x73, 0xB1, 0xA1, 0x63, 0xDA, 0xA2, 0xC1, 0x76, 0x4C,
    0x7F, 0x44, 0x42, 0x42, 0xBD, 0x77, 0x65, 0x51, 0x50, 0xD6, 0xE8, 0x33, 0x9A, 0x02, 0xE1, 0x90,
    0x2B, 0x30, 0x5F, 0x5E, 0x00, 0x31, 0xA2, 0x8C, 0x56, 0x22, 0x10, 0x86, 0x02, 0x82, 0x41, 0x0C,
    0x04, 0x80, 0x41, 0xEE, 0x18, 0xF8, 0x05, 0x7D, 0x3B, 0xE0, 0x8B, 0xB1, 0x8A, 0x80, 0x5E, 0x90,
    0xB9, 0x04, 0x78, 0x11, 0x23, 0x73, 0x88, 0x72, 0x8A, 0x02, 0x00, 0x5D, 0x88, 0x27, 0x44, 0xF7,
    0x2D, 0x07, 0x48, 0xBC, 0x40, 0xB7, 0x92, 0x59, 0xA7, 0xD2, 0x58, 0x9F, 0x52, 0x8F, 0xA3, 0x47,
    0x8D, 0x08, 0xEA, 0x57, 0x0C, 0x57, 0x10, 0x13, 0x19, 0xAD, 0x40, 0xC9, 0x0D, 0xC0, 0x0A, 0x12,
    0x1A, 0xC6, 0x2A, 0xE2, 0xCA, 0x67, 0xA8, 0x02, 0x8C, 0x44, 0xCF, 0x75, 0x37, 0xF5, 0xB5, 0x1C,
    0x92, 0x09, 0x9C, 0x02, 0x73, 0x30, 0x4C, 0x31, 0x87, 0x52, 0x38, 0x90, 0x22, 0xAC, 0x4F, 0x80,
    0x28, 0xD8, 0x0E, 0x21, 0x22, 0xD3, 0xE3, 0xD4, 0xDC, 0x6A, 0xC7, 0x21, 0x98, 0x8A, 0x5F, 0xDC,
    0x8A, 0xA2, 0xF8, 0x8B, 0x6C, 0x71, 0x5C, 0x53, 0xE4, 0xF5, 0x7E, 0x82, 0x18, 0x9D, 0x36, 0xEC,
    0xB1, 0xF2, 0x27, 0x9A, 0x24, 0x98, 0xFE, 0x6E, 0x01, 0x95, 0x98, 0xD7, 0xBE, 0x89, 0x2C, 0x6B,
    0x32, 0xA7, 0x7D, 0xE2, 0x24, 0x01, 0x48, 0x90, 0xF6, 0x01, 0x8F, 0x80, 0x83, 0xC4, 0xAD, 0x01,
    0xD2, 0x3E, 0xF3, 0x79, 0x05, 0xED, 0x3B, 0xEB, 0x09, 0x4C, 0xCA, 0xDD, 0xAE, 0x28, 0x21, 0x23,
    0x11, 0x1D, 0x10, 0xE1, 0x70, 0x88, 0x95, 0xAC, 0xDB, 0x49, 0xCD, 0x66, 0x44, 0x93, 0x59, 0x4A,
    0xCD, 0x65, 0x2E, 0x9E, 0x7B, 0x4C, 0xA6, 0xA3, 0x61, 0x03, 0x82, 0x45, 0x20, 0xE8, 0x8E, 0xE9,
    0x77, 0x8F, 0x3E, 0x49, 0xA1, 0x6E, 0x8D, 0x36, 0xE4, 0x56, 0xA9, 0xF9, 0x36, 0xDE, 0x46, 0x3B,
    0x18, 0xDF, 0x86, 0xC1, 0x4F, 0x30, 0x6E, 0x19, 0x41, 0xBA, 0xEE, 0xA3, 0xFD, 0xFE, 0xDC, 0x79,
    0xFA, 0x89, 0xF3, 0xE6, 0xE3, 0xF0, 0x31, 0xE9, 0x6F, 0xA3, 0x0C, 0x87, 0x71, 0x80, 0x54, 0x48,
    0xB0, 0xA8, 0xC5, 0xBC, 0xF4, 0xFF, 0x1A, 0xED, 0x6C, 0xDE, 0x1D, 0x6E, 0x37, 0x8E, 0xB5, 0xFC,
    0x3A, 0x47, 0x1E, 0x9A, 0x8B, 0x12, 0xCE, 0xCC, 0xAA, 0x7A, 0x54, 0xC4, 0xF2, 0x1A, 0x4D, 0x22,
    0xDA, 0xA8, 0xFB, 0xE3, 0xEB, 0xC1, 0x11, 0x05, 0x85, 0x23, 0xFA, 0x4D, 0xF2, 0x0D, 0x92, 0xAB,
    0xF4, 0xFD, 0x28, 0xD7, 0xA8, 0xF8, 0xFB, 0x45, 0x94, 0xBF, 0x8F, 0xB2, 0x22, 0xFB, 0xDB, 0xD2,
    0xEF, 0xE0, 0xF0, 0x2F, 0xF2, 0x18, 0x85, 0x48, 0xA7, 0x51, 0x3B, 0xCF, 0x3E, 0xC7, 0x6E, 0x94,
    0x84, 0x6B, 0x66, 0xCA, 0x1B, 0x15, 0xC0, 0x4D, 0x03, 0x25, 0xA8, 0xD5, 0x7F, 0x05, 0xD8, 0x80,
    0xE8, 0x17, 0x46, 0xBF, 0xD4, 0x80, 0x1A, 0x48, 0x83, 0x81, 0x34, 0x90, 0xE0, 0x01, 0x68, 0xE0,
    0xEA, 0x7B, 0x3E, 0x98, 0xB0, 0x35, 0x3F, 0xB6, 0xDC, 0xBE, 0x03, 0x19, 0x4E, 0xEC, 0x5E, 0x72,
    0xF8, 0x82, 0x6E, 0x53, 0x81, 0x17, 0x52, 0xA0, 0x0B, 0x34, 0x3B, 0xC0, 0x05, 0x9A, 0x1D, 0xD8,
    0x02, 0x89, 0x3E, 0xA0, 0x05, 0xD8, 0x8F, 0x7C, 0x8D, 0xA4, 0x7E, 0x05, 0xC0, 0x02, 0xF2, 0x90,
    0x09, 0xB9, 0xBA, 0xED, 0xD3, 0x80, 0x15, 0xE6, 0x51, 0x82, 0x17, 0xEF, 0xCE, 0x1E, 0x8B, 0xBD,
    0x1F, 0x35, 0x1C, 0x7B, 0x7F, 0x85, 0x50, 0x1A, 0x1A, 0x57, 0x71, 0x70, 0x04, 0x20, 0x01, 0xFA,
    0x76, 0x40, 0x3B, 0x48, 0xEA, 0x46, 0x0A, 0xC6, 0xDA, 0x66, 0x8B, 0xDC, 0x24, 0xF6, 0x2E, 0x76,
    0x24, 0x7F, 0x96, 0xA0, 0xDB, 0x22, 0x08, 0xFA, 0x78, 0xEC, 0x3D, 0x98, 0x29, 0x39, 0x8C, 0x16,
    0x64, 0x91, 0x55, 0x1C, 0xA2, 0xF1, 0x0B, 0x20, 0x07, 0x38, 0xD7, 0x79, 0x6C, 0x30, 0x1F, 0x70,
    0x03, 0xA4, 0x18, 0x6D, 0x82, 0x14, 0x03, 0xA8, 0x01, 0x2A, 0x33, 0x4A, 0x74, 0x8C, 0x19, 0x70,
    0x5E, 0x13, 0x4B, 0xA6, 0x11, 0x2F, 0x00, 0x05, 0x5D, 0xC7, 0xF3, 0x49, 0x9C, 0x4C, 0x59, 0x55,
    0xB9, 0xCB, 0xF9, 0xDD, 0x26, 0x7B, 0x02, 0x89, 0x91, 0x0F, 0xE1, 0xF5, 0xC2, 0x82, 0xED, 0x48,
    0xC6, 0x46, 0xCC, 0x9A, 0x24, 0x04, 0xB1, 0xC0, 0x08, 0x10, 0x3D, 0xF0, 0x2D, 0x2F, 0x41, 0x08,
    0x2C, 0x40, 0x20, 0xF8, 0x80, 0x24, 0xB9, 0x16, 0x1D, 0x78, 0xE5, 0xB8, 0x9F, 0xAD, 0x45, 0xD3,
    0x6B, 0x09, 0x87, 0x6B, 0x8F, 0xFD, 0x6C, 0x1D, 0x67, 0x03, 0xB9, 0x27, 0x04, 0x4D, 0x27, 0x85,
    0x47, 0xD8, 0x3F, 0x78, 0xC8, 0x7E, 0xF6, 0x34, 0xFB, 0x80, 0x56, 0x9C, 0x4D, 0xDF, 0x9E, 0xD4,
    0x0A, 0x1E, 0xE0, 0xE0, 0x80, 0x13, 0xD1, 0x80, 0xDE, 0x02, 0x12, 0xD0, 0x5F, 0x4C, 0x72, 0x67,
    0x19, 0x08, 0xA7, 0xB7, 0xCF, 0xF8, 0xF2, 0xD2, 0xDF, 0x94, 0xAF, 0x62, 0xF9, 0xE5, 0xA0, 0x40,
    0x86, 0xF0, 0x46, 0xCD, 0xD5, 0x21, 0xC7, 0x32, 0x10, 0x58, 0x9C, 0x2E, 0x03, 0x99, 0x65, 0xFE,
    0xC7, 0x13, 0x7F, 0x11, 0x67, 0xE1, 0x47, 0x97, 0xF3, 0x9F, 0x20, 0x5C, 0x8D, 0x6C, 0x76, 0x23,
    0xE6, 0xBC, 0x11, 0x6B, 0xDE, 0x88, 0x31, 0x6F, 0x58, 0xB8, 0xE8, 0x3D, 0x16, 0xAE, 0x46, 0x84,
    0xAB, 0x11, 0xE1, 0x6A, 0xC4, 0x8E, 0xCB, 0xDA, 0x6D, 0x96, 0x2F, 0x49, 0xBE, 0xCD, 0xF1, 0xC7,
    0x73, 0xB7, 0x17, 0x67, 0x80, 0xC3, 0xC4, 0x5E, 0xBF, 0xF3, 0x7E, 0xC8, 0x11, 0x16, 0x16, 0x30,
    0x2C, 0xC8, 0x9C, 0x04, 0xA8, 0xDB, 0x0D, 0x8A, 0x68, 0x0B, 0x35, 0xB8, 0xFB, 0xF5, 0x88, 0x3C,
    0xEA, 0x15, 0x53, 0xD0, 0x9A, 0x2F, 0x95, 0x62, 0x67, 0x71, 0x4E, 0x0B, 0x1B, 0x8B, 0x33, 0xED,
    0x29, 0x07, 0xD2, 0x9D, 0xA1, 0xD3, 0x14, 0x60, 0xFD, 0x7B, 0xDD, 0x8E, 0xC6, 0x13, 0xDD, 0xB6,
    0xE9, 0x01, 0x19, 0x30, 0x4D, 0x49, 0xFA, 0xEE, 0x19, 0xCA, 0xB2, 0xFA, 0x48, 0xD0, 0x5F, 0x42,
    0x7A, 0xCE, 0xC9, 0x39, 0xFB, 0x0A, 0xD2, 0x59, 0x6A, 0xCE, 0xF1, 0x6D, 0xC7, 0x11, 0xBB, 0x96,
    0x07, 0x5D, 0x42, 0x3E, 0xEA, 0x92, 0xF1, 0x33, 0x33, 0x64, 0x95, 0x78, 0x78, 0x1A, 0xA8, 0xE9,
    0x00, 0x95, 0x4F, 0x87, 0x77, 0x14, 0x72, 0x4F, 0xE2, 0x69, 0xA5, 0x95, 0xD4, 0x99, 0x73, 0x8D,
    0x39, 0xD7, 0xDA, 0x45, 0xBC, 0x1B, 0x67, 0x37, 0x60, 0xFE, 0x51, 0x56, 0xD6, 0x52, 0xB3, 0x37,
    0x22, 0x19, 0x6F, 0x70, 0xC9, 0xED, 0x0E, 0x65, 0xC7, 0x64, 0x3C, 0x88, 0x23, 0xA7, 0xE6, 0x81,
    0xDB, 0x8A, 0x9D, 0x85, 0x46, 0x89, 0x2A, 0xC5, 0x7C, 0xEE, 0xEB, 0x4B, 0x7C, 0x3D, 0x97, 0x5A,
    0x8D, 0xB2, 0x81, 0xBD, 0x0B, 0xE2, 0xF3, 0xAD, 0x2E, 0xD4, 0x8B, 0x27, 0x25, 0xEA, 0xC9, 0x33,
    0x5C, 0xF3, 0x6C, 0x6B, 0xCE, 0xB0, 0xB1, 0x1B, 0xF5, 0x9C, 0xE7, 0x5C, 0xA8, 0x2B, 0x55, 0x40,
    0x97, 0x28, 0x63, 0x01, 0x9B, 0xFD, 0xC3, 0x16, 0x7C, 0x2E, 0x01, 0xC5, 0xEE, 0xE7, 0x3F, 0x08,
    0x10, 0x50, 0xA3, 0x6E, 0xB5, 0x55, 0xB0, 0x99, 0xE9, 0x47, 0x63, 0x2E, 0xE6, 0x67, 0x78, 0xF7,
    0xCF, 0x13, 0xB4, 0x9E, 0x41, 0x1E, 0x18, 0x1C, 0x3D, 0xE3, 0x62, 0x32, 0xD4, 0xF2, 0x06, 0x35,
    0x27, 0x0A, 0xEC, 0xDB, 0xD5, 0x6B, 0x41, 0xB1, 0x5C, 0x4B, 0xCA, 0xF2, 0xCF, 0xC7, 0x80, 0xA8,
    0x25, 0x4D, 0xC7, 0x5C, 0x4B, 0x4A, 0xD1, 0x2C, 0x8C, 0x3D, 0x45, 0xB3, 0x08, 0xE0, 0x1B, 0x98,
    0x70, 0x8E, 0x66, 0x1B, 0x89, 0x66, 0x77, 0x24, 0x9A, 0xDD, 0x90, 0x68, 0x76, 0x43, 0xA2, 0xD9,
    0x0D, 0x89, 0x66, 0x77, 0x38, 0x9A, 0x7D, 0x91, 0x5A, 0x52, 0xEF, 0x0A, 0xF4, 0x13, 0xF2, 0x31,
    0x18, 0x66, 0x60, 0x7B, 0x4E, 0xF1, 0x21, 0x79, 0x9D, 0x4B, 0xA4, 0xDF, 0x3A, 0x38, 0xA4, 0x06,
    0xA5, 0xE6, 0x3A, 0x5B, 0x8D, 0x72, 0xCA, 0xD2, 0xDE, 0xCA, 0xC9, 0xDA, 0x1C, 0xE5, 0x24, 0x50,
    0xE4, 0x74, 0x28, 0xE0, 0xE1, 0x78, 0x3F, 0x9F, 0x43, 0xD4, 0x67, 0x1B, 0xA3, 0xA6, 0x2F, 0xB0,
    0xEF, 0x38, 0x2E, 0xF4, 0xA8, 0x31, 0x07, 0xA4, 0xC8, 0x47, 0x53, 0xF8, 0x9B, 0x9D, 0x1E, 0xAD,
    0xF2, 0x4F, 0xF8, 0x3A, 0x64, 0x6F, 0x76, 0x9D, 0xB1, 0xBB, 0x73, 0x50, 0x21, 0x60, 0x31, 0x79,
    0x82, 0x7B, 0x06, 0x7D, 0xDC, 0x31, 0xE0, 0xFB, 0x05, 0x7C, 0xB7, 0xE0, 0x9F, 0xE1, 0xBF, 0x2A,
    0x26, 0x36, 0x71, 0xBC, 0x13, 0xE0, 0x78, 0xDC, 0xC7, 0xE9, 0x84, 0x5A, 0x39, 0x04, 0x27, 0x06,
    0xB0, 0x07, 0xA0, 0x31, 0xA9, 0x6A, 0xC5, 0x3E, 0x89, 0xAC, 0x00, 0xDE, 0xE5, 0xFB, 0x04, 0x1C,
    0x50, 0x49, 0xAA, 0x99, 0xDB, 0x9B, 0x0D, 0x28, 0x26, 0x24, 0x26, 0xC5, 0x34, 0x97, 0x69, 0x71,
    0xA1, 0x21, 0x28, 0x30, 0x5B, 0x94, 0x63, 0x3A, 0xAD, 0x70, 0x8F, 0x01, 0xC5, 0xAC, 0x14, 0xC2,
    0x29, 0xDC, 0x60, 0xD0, 0xB0, 0xAC, 0x14, 0xCE, 0x21, 0x78, 0x23, 0x33, 0x4C, 0xAF, 0xE0, 0x06,
    0x60, 0xCD, 0x9B, 0x3E, 0xE1, 0x36, 0xAD, 0x61, 0x98, 0x75, 0x9D, 0x70, 0xF6, 0xCD, 0xD0, 0xC4,
    0x7F, 0x6E, 0x16, 0xAF, 0x8F, 0x91, 0xD9, 0x0C, 0xA7, 0xA4, 0x5A, 0x89, 0xD9, 0x37, 0x24, 0x65,
    0x9F, 0x57, 0x6A, 0xC3, 0xFB, 0xB2, 0x52, 0x7D, 0x34, 0xDF, 0xF7, 0x51, 0xF8, 0x19, 0x51, 0x74,
    0xBD, 0xC2, 0xF7, 0xC5, 0x70, 0xDD, 0x36, 0x42, 0xE3, 0x8D, 0x6E, 0xE2, 0x8D, 0xDF, 0x22, 0x4E,
    0x9F, 0xA2, 0xA1, 0x2D, 0x6F, 0xBD, 0xBF, 0xA8, 0xD4, 0xE6, 0x10, 0x45, 0x72, 0x66, 0x28, 0x40,
    0x85, 0xC4, 0xFE, 0xC7, 0x0A, 0x7C, 0x1B, 0xB1, 0x76, 0x7C, 0xFF, 0x91, 0x6F, 0x15, 0xE0, 0x50,
    0x95, 0x52, 0xD5, 0x11, 0x2E, 0x1D, 0xDD, 0x3F, 0x2A, 0xF4, 0xD7, 0xCD, 0x40, 0xA1, 0x70, 0x7B,
    0x44, 0xB2, 0x98, 0x07, 0xE3, 0x68, 0x8B, 0x6C, 0x1A, 0xE9, 0x42, 0x15, 0xDD, 0xE4, 0x01, 0x44,
    0xC0, 0xE4, 0xCD, 0x35, 0x1E, 0x44, 0x75, 0x63, 0xF8, 0xA0, 0x4A, 0xDD, 0xB9, 0xFD, 0x81, 0x58,
    0xD2, 0xC4, 0x2D, 0x31, 0x74, 0x03, 0xBF, 0x39, 0x56, 0xD1, 0xB8, 0x70, 0xE1, 0xE6, 0xB0, 0x3C,
    0xCF, 0x17, 0x6E, 0x8E, 0xCA, 0x74, 0x0B, 0x7A, 0x15, 0x1C, 0x92, 0x46, 0x81, 0x38, 0xF3, 0x6B,
    0xF4, 0xA6, 0x38, 0x1B, 0x3C, 0x2C, 0x40, 0x9A, 0x0A, 0xE8, 0xFF, 0x44, 0x99, 0x8A, 0xB7, 0x0A,
    0x22, 0x2C, 0x3F, 0x33, 0x65, 0xBA, 0x72, 0xB8, 0x25, 0x50, 0xA3, 0x2D, 0x79, 0x2B, 0xC6, 0x16,
    0x76, 0xC6, 0x0F, 0xA5, 0xEF, 0x6A, 0xED, 0xDD, 0x85, 0xB3, 0xC4, 0xF6, 0xBA, 0xBB, 0x70, 0x23,
    0xFD, 0x95, 0xF9, 0x33, 0xAA, 0x62, 0x54, 0xB2, 0xD2, 0x6E, 0x99, 0x56, 0xCE, 0xC8, 0x8A, 0x4D,
    0xAE, 0xBB, 0x4C, 0xAE, 0x6A, 0x46, 0x79, 0x8D, 0x09, 0x18, 0xDD, 0x35, 0xC3, 0x9C, 0xFA, 0xFD,
    0x29, 0x6D, 0x3A, 0xF5, 0xF7, 0x3F, 0xAF, 0xB8, 0x37, 0x17, 0xCB, 0x18, 0xAF, 0x8F, 0x83, 0x72,
    0x04, 0xF4, 0xB7, 0x0E, 0x4A, 0x36, 0xF9, 0x94, 0xA5, 0x6F, 0x8B, 0x93, 0x28, 0x85, 0x21, 0xF0,
    0xA0, 0x8D, 0xB5, 0x4C, 0x8D, 0x4D, 0xD1, 0xB8, 0xCF, 0x80, 0x0C, 0x9D, 0x70, 0x60, 0x8C, 0xF3,
    0x08, 0xD0, 0xF1, 0x63, 0x39, 0x28, 0x8E, 0x8C, 0xF4, 0x03, 0xF3, 0x14, 0x95, 0x23, 0xFB, 0x93,
    0x7F, 0x30, 0x9F, 0x50, 0x4F, 0x29, 0xE2, 0x1E, 0x5E, 0x37, 0xC1, 0xC3, 0x06, 0x7D, 0x1B, 0x3C,
    0x82, 0xBF, 0xA0, 0x2C, 0xF1, 0xDE, 0x14, 0x53, 0x65, 0xC1, 0xA7, 0xF8, 0x1C, 0xC3, 0x76, 0x5F,
    0xD7, 0x42, 0x47, 0x6A, 0x2D, 0x64, 0x64, 0xEF, 0x86, 0x07, 0x0B, 0x07, 0xE7, 0xED, 0x77, 0xC8,
    0xD9, 0xA1, 0x5F, 0xD7, 0x72, 0x70, 0xAD, 0x87, 0x38, 0x9F, 0x60, 0x21, 0xC1, 0x41, 0xF1, 0xDD,
    0xDC, 0x0C, 0x33, 0xDA, 0xA7, 0x7B, 0x45, 0x3A, 0x85, 0x04, 0x91, 0x0D, 0xBD, 0x92, 0xD1, 0x7B,
    0x37, 0xEB, 0x5E, 0x58, 0x63, 0x9F, 0xEA, 0x75, 0xC4, 0x02, 0x51, 0xBE, 0x13, 0x8F, 0xDF, 0x41,
    0xDF, 0xF7, 0xE0, 0x05, 0x82, 0x22, 0x86, 0x21, 0xC4, 0x4A, 0x2A, 0xB1, 0x61, 0xBE, 0xB1, 0x75,
    0xB2, 0xC9, 0xD4, 0xAD, 0x3F, 0x9F, 0x3F, 0x30, 0x6F, 0x95, 0x08, 0x2F, 0xDF, 0x4E, 0x27, 0xF9,
    0x80, 0x6B, 0x82, 0x7C, 0x1C, 0x3D, 0xC9, 0x58, 0x72, 0xFF, 0x11, 0xF5, 0xB1, 0x44, 0x53, 0xF3,
    0x5D, 0x12, 0x69, 0x9A, 0xB7, 0xE1, 0x70, 0x03, 0xFD, 0x06, 0xF7, 0xB7, 0x05, 0x84, 0x2D, 0x6E,
    0xFB, 0x52, 0xE9, 0xB6, 0x2B, 0xF5, 0xA3, 0x2A, 0xB5, 0xF5, 0x77, 0x08, 0x02, 0x97, 0x8E, 0xF3,
    0xF8, 0x6C, 0x76, 0x6C, 0xE7, 0x35, 0x1F, 0x6E, 0xF3, 0xBC, 0x47, 0xE4, 0x69, 0x31, 0x6F, 0xF3,
    0xF6, 0x41, 0x8E, 0x79, 0x1B, 0xC8, 0x27, 0xE6, 0x8D, 0xF6, 0x4B, 0xCC, 0xBB, 0x37, 0x22, 0xEF,
    0x8C, 0xC0, 0x7E, 0x62, 0xE5, 0x92, 0x6F, 0x39, 0x06, 0xC5, 0x29, 0x6F, 0xC4, 0xDF, 0xE4, 0xEA,
    0x82, 0x63, 0xF3, 0xF7, 0x16, 0xDF, 0x76, 0x15, 0xB7, 0xE7, 0xDC, 0xF9, 0xD5, 0xEE, 0xB1, 0xBA,
    0xB8, 0x62, 0x36, 0x92, 0x9B, 0x3D, 0xA2, 0x80, 0x51, 0x9E, 0x25, 0x6F, 0xCA, 0x61, 0xC9, 0xBD,
    0xA2, 0xEF, 0x4F, 0xDF, 0x07, 0x65, 0xF7, 0x00, 0x11, 0x8E, 0xC1, 0x93, 0x9B, 0xD5, 0x8E, 0xBE,
    0xBB, 0xCB, 0x5C, 0xA9, 0x37, 0x47, 0x38, 0x6E, 0x23, 0xFA, 0xDA, 0x64, 0x52, 0x37, 0xCC, 0x91,
    0x0D, 0xEF, 0x02, 0xDF, 0xB7, 0x8A, 0xF2, 0x84, 0xE4, 0x40, 0xB8, 0xA2, 0x8B, 0xA0, 0x94, 0x51,
    0x30, 0x1D, 0x16, 0x56, 0x12, 0x46, 0x53, 0xA7, 0xC4, 0xA7, 0xB7, 0xE7, 0x62, 0x97, 0xDE, 0xF1,
    0x08, 0x6F, 0xE9, 0x02, 0x10, 0x19, 0x9E, 0xA4, 0xEE, 0x06, 0xD6, 0x06, 0xAD, 0x89, 0x0D, 0x0A,
    0x79, 0x00, 0x1B, 0x84, 0x01, 0x31, 0x34, 0x9A, 0x60, 0x40, 0x1C, 0x1D, 0xE4, 0x18, 0x90, 0x0D,
    0x1A, 0xF3, 0x87, 0xAB, 0x68, 0x8B, 0x22, 0x30, 0xE4, 0x02, 0xD1, 0x0D, 0x93, 0x19, 0x1E, 0xE4,
    0x71, 0x6D, 0xBE, 0x10, 0xD3, 0x33, 0xFE, 0xDB, 0xA9, 0xB5, 0x41, 0xB7, 0x2D, 0x10, 0x1C, 0x35,
    0xEB, 0xCE, 0x06, 0x9D, 0x9D, 0xD9, 0x20, 0xC8, 0x30, 0xCE, 0x3A, 0x06, 0x39, 0x8F, 0x42, 0xF3,
    0xA5, 0xA9, 0xE4, 0xAE, 0x2E, 0x09, 0x71, 0xCD, 0x24, 0xAD, 0xAB, 0x01, 0x4E, 0x95, 0x88, 0xA6,
    0x0D, 0x32, 0xC9, 0x35, 0x5B, 0x9F, 0x1D, 0xB5, 0xA1, 0x4B, 0xA2, 0xEA, 0x46, 0x2E, 0x23, 0x22,
    0xAB, 0xDC, 0xCB, 0xAF, 0x7B, 0x90, 0xED, 0xAD, 0x82, 0xD2, 0x61, 0x68, 0x2E, 0x8D, 0x56, 0xB2,
    0xC1, 0x53, 0x1E, 0xE1, 0xE0, 0x83, 0x6F, 0x98, 0xEC, 0xD7, 0xEA, 0xEA, 0xC6, 0x59, 0xA6, 0x6D,
    0x3A, 0x34, 0x76, 0x4F, 0x53, 0xF3, 0xD4, 0x62, 0x40, 0xDE, 0x07, 0xB3, 0x1B, 0xFD, 0xB6, 0x82,
    0x5E, 0x2F, 0x95, 0x5A, 0x6B, 0x57, 0xCE, 0x7E, 0xF8, 0x81, 0x3D, 0x1F, 0xB1, 0xF7, 0xAB, 0xBF,
    0xFB, 0x91, 0x2B, 0x76, 0xA9, 0x4E, 0xD4, 0x95, 0xC6, 0xCA, 0x6C, 0x63, 0x75, 0xA5, 0xB1, 0xBA,
    0xD2, 0x9C, 0x11, 0x5D, 0x69, 0x50, 0x14, 0x05, 0x99, 0x5D, 0x59, 0xD6, 0x95, 0xDE, 0xA2, 0xAE,
    0x78, 0x56, 0x57, 0xA2, 0xE3, 0xBA, 0x32, 0xFF, 0x13, 0xAA, 0xC5, 0x0B, 0x69, 0xEB, 0x4B, 0x67,
    0x7D, 0x6B, 0x4B, 0x0B, 0x0B, 0x8B, 0x13, 0x4F, 0xDA, 0x28, 0x48, 0xB0, 0x0E, 0xEA, 0x97, 0xB9,
    0xC8, 0xC6, 0x7F, 0x2B, 0x99, 0x6E, 0x75, 0xBB, 0x66, 0xBA, 0x55, 0xB3, 0xC3, 0x74, 0x7B, 0xF5,
    0x06, 0xD3, 0x1D, 0x32, 0xE6, 0x16, 0xDD, 0x18, 0x15, 0xDC, 0x6F, 0x09, 0x14, 0x17, 0xDC, 0x2B,
    0x6D, 0x6F, 0xAB, 0x03, 0xBC, 0xC6, 0xDE, 0xCA, 0x1D, 0x58, 0xC0, 0x39, 0xB6, 0x2A, 0xE7, 0xFD,
    0xB5, 0x3A, 0xE1, 0x46, 0x07, 0x53, 0xD2, 0xB3, 0x2C, 0xCC, 0x64, 0x40, 0xFA, 0xD5, 0x43, 0xC5,
    0x12, 0xD4, 0xAB, 0x17, 0x96, 0xA2, 0x5D, 0xBD, 0x58, 0xD8, 0x58, 0xAF, 0xEF, 0xD5, 0xC2, 0xC7,
    0xB8, 0x71, 0xAA, 0xC5, 0x87, 0x3C, 0x08, 0x23, 0xD4, 0x6D, 0x51, 0x2C, 0xAE, 0xE0, 0x83, 0x07,
    0xA9, 0x2C, 0x3C, 0xD6, 0xDD, 0x96, 0x57, 0xC9, 0x44, 0xBD, 0xD8, 0x36, 0x9E, 0xCE, 0x64, 0x1B,
    0x63, 0x61, 0x47, 0x73, 0x66, 0x2C, 0xDB, 0x88, 0x02, 0x8A, 0x13, 0x4D, 0x5E, 0xB3, 0x64, 0xF2,
    0x0A, 0xBB, 0x8D, 0x6A, 0x69, 0x1B, 0x17, 0x6A, 0xC0, 0x5B, 0x5B, 0x03, 0xDE, 0xBA, 0x1A, 0xF0,
    0x9A, 0x6B, 0xC0, 0x49, 0xB4, 0xA5, 0x06, 0xFC, 0x1E, 0x90, 0x66, 0x70, 0x82, 0x02, 0x17, 0x66,
    0x44, 0x8B, 0xF9, 0x89, 0x0E, 0x53, 0x08, 0x1D, 0xB1, 0x6C, 0x47, 0xAE, 0xD4, 0x7C, 0x8F, 0x15,
    0xCD, 0xF7, 0x2F, 0x54, 0x03, 0xDE, 0xDD, 0x29, 0x98, 0xD5, 0x3C, 0x44, 0x37, 0x32, 0x8A, 0x68,
    0x99, 0x0E, 0x6D, 0x64, 0x47, 0xD2, 0x61, 0xC1, 0x1B, 0xD2, 0xA7, 0x9C, 0x09, 0xFB, 0xD1, 0x57,
    0xEC, 0x7A, 0x5A, 0x66, 0x61, 0x84, 0xDB, 0x57, 0x8D, 0x98, 0x39, 0x39, 0xFD, 0xD6, 0x08, 0xEF,
    0xAD, 0x89, 0x13, 0x03, 0x67, 0x5C, 0xAD, 0xAA, 0x5A, 0xAC, 0xA8, 0xF8, 0x16, 0xF3, 0x63, 0x50,
    0x71, 0x8E, 0xF8, 0xB5, 0x19, 0x73, 0xB0, 0x11, 0x54, 0xA9, 0x66, 0x7E, 0x14, 0x5C, 0x12, 0x6D,
    0xEE, 0x55, 0xE8, 0xEF, 0x1F, 0xDD, 0x2D, 0x13, 0x2D, 0x62, 0x7A, 0x47, 0x33, 0x3F, 0xDE, 0x46,
    0x19, 0x10, 0xD1, 0x31, 0xE2, 0xB3, 0x4F, 0x0A, 0xA2, 0x6D, 0x2F, 0x69, 0x16, 0x7D, 0xD3, 0xC8,
    0xF6, 0xFA, 0xB1, 0xBB, 0x1D, 0x6F, 0xE7, 0x35, 0xC7, 0x6A, 0xF5, 0xE7, 0xCA, 0x67, 0x6A, 0x57,
    0x65, 0x12, 0x71, 0x8B, 0xF0, 0x26, 0xF8, 0xD8, 0xE4, 0xA7, 0x54, 0xF0, 0xF8, 0x41, 0xB6, 0xA7,
    0x82, 0xA9, 0xA6, 0xE0, 0x38, 0x68, 0x34, 0x39, 0x52, 0xBF, 0xD0, 0x93, 0x3E, 0x5F, 0x9E, 0xE5,
    0x9D, 0x28, 0x7A, 0x73, 0x5C, 0xEE, 0xCF, 0xA9, 0xE6, 0xF9, 0x79, 0x87, 0x23, 0x2A, 0x99, 0xBB,
    0x59, 0xA4, 0x28, 0x29, 0x62, 0x8E, 0x21, 0xBE, 0x0E, 0xF6, 0xC7, 0x68, 0x1F, 0xC0, 0x4F, 0x10,
    0xC1, 0xF5, 0x2B, 0x08, 0xC3, 0x71, 0x97, 0xA8, 0xF2, 0xE0, 0xDA, 0xB2, 0xA4, 0xC5, 0xA3, 0x6C,
    0xA6, 0xA4, 0xA2, 0x88, 0xC2, 0x39, 0x77, 0xA9, 0xC9, 0xF3, 0xC7, 0x0D, 0x68, 0xF0, 0x46, 0x42,
    0x09, 0xB7, 0x7E, 0xBD, 0x6A, 0xEF, 0x89, 0x76, 0xF3, 0xD9, 0xBA, 0x40, 0x2E, 0x0A, 0x1C, 0xD4,
    0x32, 0x17, 0x4F, 0x15, 0x74, 0xF1, 0x7E, 0x80, 0xE8, 0x97, 0x61, 0x72, 0x4A, 0xA7, 0x6A, 0xA4,
    0x79, 0xD4, 0x1C, 0x4E, 0x70, 0xBB, 0x38, 0x46, 0x83, 0xF8, 0x65, 0x0C, 0xC3, 0xF5, 0xBD, 0x0E,
    0xF7, 0xEE, 0x9E, 0xDA, 0x20, 0x0F, 0x6D, 0x68, 0x39, 0xFC, 0x66, 0x49, 0x37, 0x9F, 0x8A, 0xBE,
    0x4F, 0x7C, 0xAE, 0xFB, 0xA3, 0xB0, 0x05, 0x58, 0x36, 0x6D, 0xEA, 0xC7, 0xFF, 0x13, 0x0F, 0x2B,
    0xA2, 0x5D, 0xDD, 0x37, 0xEF, 0x3E, 0xAD, 0x78, 0x5B, 0xDF, 0x7E, 0xBC, 0x55, 0xF1, 0xBE, 0x32,
    0x32, 0x8E, 0x8D, 0x0D, 0x5A, 0x5F, 0x2A, 0xDE, 0xA2, 0xCA, 0x0E, 0x82, 0x9C, 0x07, 0xF8, 0xCA,
    0xC5, 0xC1, 0xC2, 0x1D, 0x95, 0xE3, 0x03, 0x9C, 0x90, 0x9B, 0xC5, 0xCA, 0x30, 0xAE, 0xDB, 0xF0,
    0x27, 0x76, 0xAB, 0xF3, 0x51, 0xC1, 0x8F, 0x9F, 0x31, 0x45, 0x58, 0xA7, 0x12, 0x81, 0x78, 0x6D,
    0x2F, 0xE1, 0x10, 0x24, 0x6E, 0x7A, 0x01, 0x3C, 0x53, 0x3E, 0xCA, 0x7A, 0xE2, 0x98, 0xC8, 0x12,
    0x80, 0x03, 0xD1, 0x0D, 0xB2, 0x88, 0xE7, 0x90, 0x37, 0xE4, 0xA3, 0xAA, 0x97, 0x72, 0x1C, 0xE2,
    0x4F, 0x7A, 0x7F, 0x6C, 0x1D, 0xA6, 0xBB, 0xB7, 0x15, 0x3A, 0x47, 0xE4, 0x8D, 0x8F, 0x5D, 0xE9,
    0x72, 0x97, 0x9B, 0x7F, 0xCF, 0x2D, 0x82, 0x82, 0x65, 0x49, 0xCD, 0x82, 0x60, 0xB3, 0x31, 0x60,
    0xAB, 0x90, 0x02, 0x16, 0x02, 0x97, 0x99, 0xFB, 0xF5, 0xFC, 0x03, 0x88, 0x7A, 0x22, 0x9D, 0x64,
    0x31, 0x7B, 0x38, 0x38, 0xE9, 0x01, 0x25, 0x48, 0x1B, 0x5C, 0xDA, 0x03, 0x6E, 0x77, 0xFE, 0xB5,
    0xDB, 0x00, 0x5C, 0x7F, 0x49, 0xB6, 0x74, 0x63, 0x54, 0x46, 0xC5, 0xFA, 0x88, 0xC2, 0xEB, 0xA4,
    0xAD, 0xFD, 0xDA, 0xCB, 0x70, 0x5C, 0x42, 0x2B, 0xE6, 0x2B, 0x75, 0xFA, 0x70, 0x88, 0xE7, 0x55,
    0x19, 0x51, 0xE8, 0xC1, 0xAC, 0x10, 0x88, 0x15, 0xE7, 0x3C, 0x2F, 0xE0, 0x3C, 0xAF, 0xE0, 0x3C,
    0x2F, 0xE1, 0x3C, 0xE2, 0x67, 0xB4, 0x14, 0x3D, 0x53, 0x6B, 0x7C, 0xB4, 0x2D, 0xB7, 0x15, 0x5A,
    0x45, 0xE9, 0xDE, 0x79, 0x46, 0xD8, 0xFE, 0x1D, 0x8C, 0x75, 0x34, 0x65, 0xCC, 0x6E, 0xCA, 0xA1,
    0x03, 0x3C, 0x5D, 0x90, 0xD9, 0x47, 0x50, 0x48, 0xC1, 0x4D, 0x2B, 0x79, 0x08, 0x66, 0xE1, 0x48,
    0xB9, 0xD6, 0x7C, 0x90, 0xA3, 0x79, 0x16, 0xCD, 0xB3, 0xC0, 0x4C, 0x04, 0xA5, 0xCE, 0x70, 0x88,
    0x43, 0x9F, 0xA9, 0xF0, 0x24, 0x1E, 0x1C, 0xE1, 0xC0, 0x2F, 0xFA, 0xD2, 0xF2, 0x19, 0x85, 0xC7,
    0x69, 0xA4, 0x92, 0x34, 0xB2, 0xCB, 0xA8, 0xE6, 0x20, 0x23, 0x5B, 0xDD, 0xE6, 0x31, 0xDE, 0x53,
    0xA0, 0x62, 0xAD, 0x54, 0x5A, 0xFF, 0x86, 0x46, 0xE9, 0x5B, 0xB9, 0xE2, 0x9B, 0xED, 0x9A, 0x66,
    0xD3, 0x97, 0xC9, 0xF2, 0x68, 0x5C, 0x24, 0xD5, 0x52, 0xF8, 0x16, 0x3F, 0xC6, 0xC5, 0x50, 0x43,
    0x59, 0x7E, 0x93, 0xA0, 0x5C, 0x93, 0x41, 0x0B, 0xAF, 0x13, 0xC1, 0xEE, 0x49, 0x04, 0xD6, 0x08,
    0x70, 0x59, 0x60, 0x94, 0x9F, 0x96, 0x01, 0xE5, 0x48, 0xF5, 0x95, 0x9A, 0x2D, 0xDE, 0x21, 0xDF,
    0xA0, 0xA2, 0xA8, 0xBF, 0x4A, 0x0F, 0xD8, 0x17, 0x6E, 0x95, 0x9A, 0xF3, 0x0D, 0x60, 0x56, 0xAC,
    0x7E, 0xD0, 0x28, 0x19, 0xE4, 0x53, 0x65, 0x5D, 0x60, 0xEA, 0x06, 0xA7, 0xE7, 0x8E, 0xA6, 0x9E,
    0x3F, 0xF0, 0xE7, 0x0B, 0x57, 0x4D, 0x9D, 0x7E, 0xC6, 0x7C, 0x9E, 0x98, 0x23, 0x3E, 0x6A, 0x8E,
    0xAB, 0x01, 0xE7, 0x23, 0x51, 0x81, 0x02, 0x55, 0x53, 0x44, 0xC8, 0x4D, 0x90, 0xD2, 0x42, 0x3F,
    0x29, 0x6E, 0xDB, 0x9B, 0xDA, 0x84, 0x96, 0x38, 0x42, 0x74, 0xDD, 0xC8, 0x4E, 0x83, 0xB3, 0xCB,
    0xBF, 0x12, 0xAB, 0xCF, 0xFA, 0x17, 0x2A, 0x5C, 0xED, 0x1E, 0x98, 0x21, 0x8A, 0x2A, 0x81, 0xED,
    0xA8, 0x94, 0xB8, 0x36, 0x6C, 0x25, 0xAC, 0x45, 0x11, 0x21, 0x2B, 0xE9, 0xD1, 0x94, 0x8D, 0xC7,
    0xE8, 0xC2, 0xD4, 0xC6, 0xB4, 0xEB, 0x4A, 0x34, 0x54, 0x22, 0xDA, 0x11, 0x0E, 0x88, 0xA1, 0x9F,
    0x53, 0xE9, 0x55, 0xFC, 0x5F, 0xAC, 0x53, 0x70, 0xF7, 0x66, 0xA6, 0xDD, 0xD3, 0xDC, 0x4E, 0xA8,
    0x21, 0x0D, 0x26, 0x0A, 0xE5, 0x84, 0x88, 0x85, 0x42, 0xCE, 0x9F, 0x83, 0xF2, 0x4D, 0xC9, 0x9F,
    0x9F, 0x19, 0xC9, 0x9F, 0x51, 0x76, 0x48, 0xF3, 0xAB, 0xBD, 0x88, 0xF3, 0x67, 0xB5, 0x81, 0x4D,
    0x27, 0x27, 0xD6, 0x70, 0x7F, 0xF3, 0x88, 0xE1, 0x0B, 0xB8, 0x13, 0xE9, 0x5F, 0x56, 0xCF, 0xBF,
    0xEE, 0xBF, 0x50, 0xB8, 0xC5, 0xA8, 0x58, 0x22, 0x46, 0x2A, 0x96, 0x1C, 0xC9, 0xA6, 0x48, 0x53,
    0x76, 0xCB, 0x37, 0x6A, 0x31, 0x4E, 0xDB, 0x7E, 0xC5, 0xF3, 0xF2, 0x15, 0xD7, 0x9C, 0xEF, 0x68,
    0x46, 0x37, 0x9F, 0xB0, 0xF7, 0xBA, 0x67, 0x24, 0x86, 0xB7, 0x0F, 0x71, 0xF2, 0xA7, 0x0B, 0x05,
    0x49, 0xEE, 0x72, 0xE4, 0x75, 0xE9, 0x4E, 0xFD, 0x7F, 0x12, 0xB1, 0xA9, 0xDF, 0x7D, 0x4F, 0xB2,
    0xBB, 0x28, 0x39, 0xFF, 0x70, 0xB1, 0x3F, 0x74, 0x9C, 0x77, 0xF2, 0xF5, 0xD3, 0xEE, 0xF6, 0x69,
    0x7D, 0x8C, 0xCE, 0x25, 0x11, 0xEF, 0x5B, 0x57, 0xD4, 0xB7, 0x9E, 0xA8, 0x6F, 0x1D, 0x51, 0x5F,
    0x44, 0xBC, 0xE9, 0x8B, 0x88, 0x67, 0x7D, 0x2B, 0xE2, 0x7D, 0x2B, 0xE2, 0x7D, 0x2B, 0xE2, 0x7D,
    0x11, 0xF1, 0x49, 0xDF, 0x7A, 0xA0, 0x3B, 0x56, 0xC4, 0x27, 0x36, 0x16, 0xB1, 0x77, 0x71, 0x16,
    0x62, 0x13, 0xF7, 0x1C, 0x34, 0xDD, 0x86, 0xF4, 0x4B, 0x32, 0x46, 0x62, 0x43, 0x5B, 0x8E, 0x1B,
    0xE9, 0x53, 0xAD, 0x52, 0xB2, 0x33, 0x69, 0xA6, 0x55, 0x4C, 0x31, 0x95, 0xEF, 0x0E, 0x36, 0xAF,
    0x18, 0xEA, 0x12, 0x15, 0x0F, 0x1F, 0xA8, 0x35, 0x0F, 0x15, 0xAF, 0x29, 0x99, 0xEA, 0x58, 0xCA,
    0x39, 0xF0, 0x33, 0x89, 0x38, 0xE3, 0x90, 0x0E, 0xCF, 0xE9, 0x60, 0xBB, 0x36, 0xC8, 0xE1, 0xD3,
    0x8E, 0xCC, 0x0D, 0x00, 0x88, 0xE6, 0xD1, 0xCF, 0xDA, 0x1A, 0x27, 0xC6, 0x26, 0x27, 0xB7, 0x52,
    0x44, 0x7C, 0x2A, 0x99, 0x45, 0x88, 0x3D, 0xE2, 0x26, 0x32, 0x7C, 0x3B, 0x24, 0x3A, 0x80, 0x5F,
    0xD3, 0x8F, 0x6E, 0x22, 0x20, 0xF2, 0x8E, 0xF2, 0x75, 0x86, 0x20, 0x73, 0x7E, 0x52, 0x49, 0x9C,
    0x33, 0x8E, 0xA2, 0x71, 0xDF, 0x84, 0x68, 0xC7, 0x3C, 0xDC, 0x82, 0xFE, 0x9A, 0x57, 0x50, 0xF3,
    0x1A, 0x6A, 0x5E, 0x45, 0xCD, 0xEB, 0xC0, 0xF9, 0x23, 0xDA, 0x98, 0x4F, 0x1D, 0x57, 0xF8, 0x75,
    0x95, 0x3C, 0x50, 0x0C, 0x6A, 0xF2, 0xE6, 0x8C, 0xB8, 0x4D, 0x39, 0x45, 0x1F, 0x61, 0x56, 0xD5,
    0x0C, 0xB8, 0x65, 0x67, 0xBA, 0xCB, 0xFB, 0xFF, 0xFD, 0xD9, 0x36, 0x62, 0x81, 0xB2, 0xCC, 0x1C,
    0xAB, 0xEC, 0xF1, 0x22, 0x77, 0xB0, 0xC6, 0x9C, 0x97, 0x98, 0xF3, 0x0A, 0x65, 0x81, 0x39, 0xAF,
    0x8F, 0x64, 0x0A, 0xCF, 0x1F, 0x41, 0xA5, 0x2D, 0xC7, 0xCD, 0xFA, 0x11, 0x5A, 0x5A, 0xDB, 0x06,
    0x2F, 0x6D, 0x87, 0x9F, 0xA5, 0xC0, 0x0B, 0x1B, 0x56, 0x4B, 0x88, 0x73, 0x60, 0x3C, 0x43, 0xCE,
    0x93, 0xB4, 0xDD, 0xC7, 0xC3, 0x15, 0x8E, 0xF0, 0x80, 0x9F, 0xDF, 0x70, 0x39, 0x22, 0x4E, 0x6D,
    0xC8, 0x38, 0x97, 0x11, 0x0A, 0xEA, 0x47, 0x94, 0x9D, 0x85, 0xFF, 0x40, 0x2B, 0x18, 0xD1, 0x6F,
    0x52, 0x36, 0xDE, 0x5B, 0xE5, 0xE6, 0xF0, 0xA8, 0x4C, 0xA6, 0xC3, 0xD2, 0xDB, 0x0E, 0xB9, 0xD8,
    0xFE, 0xD8, 0xBD, 0x67, 0x07, 0x23, 0xAE, 0x2A, 0x81, 0x2E, 0xE9, 0x17, 0xC8, 0x65, 0xF4, 0xB4,
    0x65, 0xE0, 0x52, 0x67, 0x9B, 0x8C, 0x5B, 0xEA, 0x2C, 0x62, 0xB4, 0x32, 0x2A, 0x7D, 0x81, 0x2F,
    0x6B, 0x25, 0xA0, 0xE5, 0xB6, 0xB2, 0x98, 0xA5, 0xB2, 0x90, 0xA5, 0xEA, 0x10, 0x4B, 0x07, 0x58,
    0x76, 0xDE, 0xB5, 0x59, 0x44, 0x2B, 0x01, 0xB1, 0x59, 0xAC, 0x92, 0xA1, 0x4A, 0x25, 0x48, 0x25,
    0x91, 0xC2, 0x40, 0xA5, 0x29, 0x81, 0x53, 0x12, 0x21, 0x80, 0x29, 0x89, 0x0E, 0xA0, 0x94, 0x3A,
    0x7B, 0x09, 0x20, 0x25, 0x8A, 0xCD, 0xA4, 0x34, 0x9E, 0xB3, 0x86, 0x6D, 0xB5, 0x62, 0x93, 0x18,
    0x06, 0x28, 0x67, 0xCF, 0x02, 0xB1, 0xF0, 0xA4, 0x45, 0x27, 0xAD, 0xEA, 0x5A, 0x6C, 0xF2, 0xE5,
    0xD9, 0x95, 0xE1, 0x36, 0x6A, 0x51, 0x79, 0x49, 0x4C, 0xB9, 0x0C, 0x75, 0x6D, 0x43, 0xCA, 0x19,
    0x56, 0x83, 0xAF, 0xF0, 0x18, 0x2B, 0xF3, 0x19, 0x79, 0x45, 0xE2, 0xC6, 0xD7, 0x87, 0x2D, 0x9E,
    0x10, 0xB9, 0xA9, 0x76, 0xE0, 0xE8, 0x5F, 0x42, 0x47, 0x44, 0x78, 0x0D, 0x5F, 0x7E, 0x42, 0x1C,
    0x40, 0x44, 0xC4, 0x52, 0x87, 0xF9, 0xB2, 0xB3, 0x53, 0xBF, 0xAB, 0xB3, 0x59, 0x87, 0x33, 0x02,
    0x35, 0xC3, 0x84, 0xA4, 0x94, 0xAB, 0x64, 0xC2, 0x01, 0xD5, 0x7C, 0x8A, 0x8E, 0xD6, 0x3E, 0xDD,
    0x5D, 0xC3, 0xB4, 0x83, 0x31, 0xBA, 0x97, 0xA2, 0x6A, 0x0D, 0xD3, 0x0E, 0xF0, 0x11, 0x84, 0x65,
    0x6B, 0x98, 0x16, 0x5E, 0x11, 0x8B, 0x1C, 0x8B, 0x4E, 0x0F, 0x7E, 0x2A, 0xCC, 0x9F, 0x2E, 0x78,
    0x36, 0x38, 0x36, 0x8B, 0x37, 0x32, 0xDC, 0xA8, 0x04, 0x6D, 0xC4, 0xE1, 0x34, 0xC0, 0x46, 0xF3,
    0x09, 0xB0, 0xC6, 0xE8, 0xE9, 0x11, 0xA0, 0x46, 0x9D, 0x0D, 0x80, 0x34, 0xEA, 0xEC, 0x0C, 0x80,
    0x46, 0x9C, 0x62, 0xAE, 0x8F, 0x1A, 0x94, 0x58, 0x02, 0x66, 0xDC, 0x56, 0x82, 0x32, 0x2A, 0x01,
    0x19, 0x95, 0xC5, 0x18, 0x1D, 0xC4, 0xD8, 0x21, 0x8C, 0xD6, 0x0A, 0x67, 0xEE, 0x82, 0xDF, 0xAA,
    0xA0, 0x7D, 0xA6, 0x84, 0xE1, 0xA4, 0x85, 0x01, 0x5B, 0xA4, 0x85, 0x01, 0x5A, 0xA4, 0x85, 0x01,
    0x59, 0x8C, 0x70, 0xE4, 0xD7, 0xC3, 0xC2, 0xD8, 0xF8, 0x6E, 0x2B, 0x81, 0x4A, 0x94, 0x98, 0x5E,
    0x65, 0x41, 0x45, 0x8B, 0x93, 0xCC, 0x20, 0x45, 0x57, 0xE3, 0xEC, 0x4A, 0x80, 0x48, 0x7A, 0x00,
    0x27, 0x9A, 0x12, 0x68, 0x22, 0x4D, 0x04, 0x30, 0x91, 0x26, 0x6A, 0x58, 0x88, 0x5E, 0x02, 0x94,
    0x48, 0x13, 0x01, 0x49, 0xA4, 0x89, 0x18, 0x48, 0xDC, 0x56, 0x82, 0x23, 0x2A, 0x81, 0x11, 0xDD,
    0xD3, 0x05, 0x1C, 0x88, 0xE8, 0x30, 0x44, 0x07, 0x21, 0xEE, 0x2E, 0x01, 0x88, 0x1D, 0x7E, 0x58,
    0x28, 0x87, 0x1E, 0x12, 0x0D, 0x16, 0x3C, 0x34, 0x0F, 0x05, 0x3B, 0x24, 0xCE, 0x0A, 0x74, 0x48,
    0x94, 0x08, 0x72, 0x48, 0xB4, 0x08, 0x70, 0x48, 0xD4, 0x08, 0x6E, 0x48, 0xF4, 0x58, 0xD8, 0x70,
    0x5B, 0x39, 0xD4, 0x50, 0x39, 0xD0, 0x50, 0xCD, 0x30, 0xC3, 0x0E, 0x32, 0x9C, 0x47, 0x0C, 0x7B,
    0xCF, 0x83, 0x0B, 0x2D, 0x5A, 0xE8, 0xC0, 0xC2, 0x26, 0x91, 0x2F, 0x69, 0xD6, 0x58, 0xE5, 0x19,
    0x29, 0x84, 0xCA, 0x37, 0x2C, 0x6D, 0x8C, 0x13, 0x42, 0xDC, 0x72, 0xEE, 0x23, 0x46, 0x09, 0xA3,
    0x32, 0x60, 0x90, 0x30, 0xA8, 0x3D, 0xC1, 0x08, 0x49, 0xD2, 0x05, 0x22, 0x54, 0x16, 0x21, 0x54,
    0x1D, 0x40, 0xE8, 0xF0, 0xC1, 0x0E, 0x1E, 0x64, 0x74, 0xB0, 0x03, 0x07, 0x2D, 0x36, 0xA8, 0x1C,
    0x34, 0x08, 0x12, 0x04, 0x19, 0x34, 0xA5, 0x00, 0x83, 0x50, 0x77, 0x46, 0x03, 0x89, 0x8A, 0xDC,
    0x0E, 0x22, 0x41, 0x05, 0x23, 0x14, 0xCD, 0x03, 0x14, 0x0C, 0xC8, 0x63, 0x0A, 0x26, 0x88, 0xC3,
    0x6A, 0x81, 0x04, 0x7D, 0x87, 0x08, 0xAA, 0x0E, 0x10, 0xEC, 0xF0, 0xC0, 0x79, 0x38, 0x70, 0x63,
    0xE6, 0x8B, 0xEB, 0xB9, 0xDB, 0xA7, 0xF2, 0x08, 0x3C, 0x79, 0x00, 0x9E, 0x7B, 0xFC, 0x9D, 0xCD,
    0x3C, 0xC4, 0x54, 0xB6, 0x2E, 0xD6, 0xE0, 0x76, 0x15, 0x8F, 0xAD, 0x0A, 0xCC, 0xFD, 0xEC, 0x03,
    0xE2, 0x1A, 0x31, 0x05, 0x2A, 0x93, 0x5D, 0xC3, 0xD5, 0xAD, 0x0C, 0xC6, 0x09, 0x6D, 0x50, 0x6B,
    0x3C, 0x2A, 0x66, 0x5B, 0x1E, 0x72, 0x27, 0x8F, 0xB8, 0x93, 0x07, 0xDC, 0x79, 0xB3, 0xC7, 0x40,
    0x7C, 0xBF, 0x13, 0xA8, 0xA6, 0xA3, 0xA8, 0xEE, 0xC8, 0x5C, 0xB7, 0x42, 0xC6, 0x59, 0x9C, 0xD4,
    0x50, 0x5C, 0x25, 0x77, 0x1E, 0x98, 0xAD, 0x07, 0x4A, 0x3F, 0x7D, 0x76, 0xBF, 0xD0, 0x64, 0xF1,
    0x0B, 0xF2, 0xBE, 0xFB, 0x55, 0x58, 0x26, 0x17, 0x6A, 0xF5, 0x1F, 0xA7, 0x5C, 0xB8, 0x09, 0x37,
    0x87, 0x23, 0x0D, 0x20, 0x24, 0x34, 0x33, 0xAA, 0x52, 0x70, 0xE0, 0xC8, 0x4F, 0x80, 0xC5, 0x2D,
    0xD6, 0xC1, 0xEC, 0x01, 0x0E, 0x95, 0x0D, 0xBD, 0xAF, 0x72, 0x80, 0x4E, 0x5E, 0xEB, 0x15, 0x3C,
    0x2E, 0x21, 0x87, 0x9C, 0x0E, 0xB6, 0x26, 0x78, 0x2E, 0xDB, 0xC1, 0x17, 0x2A, 0xBC, 0x15, 0x18,
    0xDC, 0xE0, 0xC9, 0x7F, 0xA2, 0x39, 0x52, 0xD5, 0xCC, 0x6E, 0x58, 0x9B, 0x09, 0x13, 0x9F, 0xF0,
    0xB2, 0x56, 0xBA, 0xA7, 0x62, 0xCE, 0xA9, 0x7E, 0x23, 0x1A, 0xD9, 0x88, 0xEA, 0x23, 0xF8, 0x82,
    0x46, 0xC6, 0x38, 0x9F, 0xDD, 0x44, 0xE8, 0x05, 0x8D, 0x24, 0xD9, 0x3D, 0x41, 0xF5, 0x9B, 0x05,
    0xD5, 0x2F, 0xE6, 0x62, 0xAE, 0x2E, 0xE4, 0x7A, 0x7D, 0x06, 0xAC, 0x59, 0x5C, 0x8D, 0x61, 0x35,
    0x25, 0xA8, 0x1A, 0x59, 0x70, 0x06, 0xD5, 0x48, 0x05, 0x15, 0xFC, 0xD9, 0x11, 0x20, 0x35, 0x9A,
    0x16, 0x88, 0x1A, 0x4D, 0x0B, 0x40, 0x0D, 0x6E, 0xA4, 0xE8, 0xC9, 0xA9, 0x4C, 0x4F, 0x6E, 0xBD,
    0xBE, 0x40, 0xBD, 0x7A, 0x6F, 0x1E, 0x47, 0x73, 0xF5, 0x05, 0xE0, 0xCB, 0x4A, 0xC6, 0xC7, 0x75,
    0x24, 0x93, 0xEB, 0x86, 0xFE, 0xBB, 0x11, 0x93, 0x49, 0xE8, 0x53, 0xE6, 0x7E, 0x66, 0x0D, 0xCF,
    0xE1, 0x3A, 0x95, 0xE8, 0x9C, 0xEB, 0x84, 0xC2, 0xA2, 0xE7, 0x93, 0xF1, 0x59, 0xE5, 0x67, 0x0C,
    0xD1, 0x87, 0x37, 0xF1, 0xB7, 0xF1, 0x21, 0xED, 0x90, 0xD4, 0x72, 0x7D, 0xFB, 0xCA, 0x1C, 0x2C,
    0x20, 0x02, 0x71, 0x05, 0x4F, 0xE0, 0x99, 0xAA, 0x77, 0x94, 0x3E, 0x28, 0xF1, 0x74, 0x1E, 0x18,
    0x4D, 0xCA, 0x86, 0x10, 0xDD, 0xE3, 0x44, 0xF4, 0x66, 0x6D, 0x0B, 0xA5, 0xA4, 0x66, 0x8A, 0x4F,
    0xFC, 0xC1, 0xB9, 0x04, 0x9A, 0x11, 0xF1, 0x46, 0x9C, 0x6B, 0xBA, 0x72, 0x83, 0x7F, 0x3E, 0x7F,
    0x56, 0x3F, 0x75, 0x12, 0xAD, 0x33, 0x2F, 0xF3, 0xCD, 0x7B, 0x59, 0x5C, 0xB2, 0x44, 0xD7, 0xF4,
    0xFD, 0x6F, 0x3E, 0x23, 0x49, 0x8E, 0xAF, 0x6D, 0x91, 0x04, 0xE9, 0x49, 0x08, 0x89, 0xC6, 0xC1,
    0x6C, 0x85, 0x2C, 0x10, 0x19, 0x6D, 0x38, 0x5F, 0x44, 0x3C, 0xDF, 0xCE, 0x3F, 0xF1, 0x49, 0x64,
    0x21, 0x57, 0x57, 0x19, 0x1E, 0xE4, 0xD8, 0x28, 0x7A, 0x5A, 0xD7, 0xAF, 0xD1, 0xAC, 0xBB, 0x47,
    0xB4, 0xFF, 0x39, 0x74, 0x2E, 0x2C, 0xE2, 0x76, 0x43, 0xF9, 0x37, 0x51, 0xDA, 0x4F, 0xB6, 0x05,
    0x2D, 0xA9, 0xF9, 0x6D, 0x54, 0x4E, 0xF0, 0x2B, 0x6D, 0xCD, 0x8F, 0xD4, 0xB2, 0xF0, 0xD6, 0xEB,
    0xB6, 0x12, 0x7D, 0xE0, 0x8E, 0xF1, 0x32, 0x39, 0xEB, 0x5B, 0xE5, 0xD3, 0xB9, 0x4F, 0x6A, 0x78,
    0x6B, 0x08, 0xD8, 0x00, 0x0F, 0xA0, 0xA6, 0x80, 0x31, 0xC4, 0xD3, 0x92, 0x50, 0x4F, 0xAD, 0xD4,
    0x9F, 0xA3, 0xC1, 0xF5, 0x4F, 0x1F, 0xA0, 0x56, 0x50, 0x91, 0x31, 0xF4, 0x6B, 0xC4, 0x77, 0x63,
    0xC8, 0xC0, 0x9F, 0x2C, 0x54, 0x01, 0x3A, 0x60, 0x8B, 0x71, 0x2D, 0x07, 0x6B, 0x09, 0xAA, 0xA5,
    0x2C, 0xA8, 0x45, 0xDE, 0x5A, 0x30, 0x2D, 0xF3, 0x19, 0x43, 0x5A, 0xD1, 0xD3, 0x43, 0x46, 0xB4,
    0x48, 0xCA, 0x18, 0xD0, 0x22, 0x31, 0x63, 0x3C, 0x0B, 0x45, 0xE7, 0x80, 0xB3, 0x68, 0x12, 0x41,
    0xB3, 0xC8, 0x3F, 0xE5, 0x0E, 0x9F, 0x7A, 0xD1, 0x7E, 0x06, 0x63, 0x4D, 0xBA, 0x87, 0x5A, 0x5A,
    0x0C, 0x8B, 0x34, 0x4C, 0x20, 0x2C, 0x53, 0x32, 0x82, 0x45, 0x3A, 0xC6, 0x00, 0x16, 0xD1, 0xC1,
    0xF8, 0x15, 0xD1, 0xC1, 0xF0, 0x15, 0x5B, 0x72, 0xC0, 0x58, 0xB5, 0x27, 0xE0, 0x15, 0x05, 0x0F,
    0x82, 0x5D, 0x29, 0x0B, 0x5D, 0xCD, 0x1E, 0x93, 0xEC, 0x80, 0xAB, 0x0E, 0xB7, 0xDA, 0x58, 0x4C,
    0x60, 0xF2, 0x41, 0xB7, 0xAF, 0xBC, 0xAD, 0xD8, 0x55, 0x6C, 0x2A, 0x98, 0x4E, 0x6C, 0xA5, 0x2D,
    0xAD, 0x79, 0x47, 0x79, 0x43, 0x79, 0x3F, 0x79, 0x3B, 0x5D, 0x01, 0xC9, 0x60, 0x19, 0xA6, 0x9A,
    0x3F, 0x93, 0xED, 0x26, 0x22, 0x3F, 0xFA, 0x8A, 0x12, 0x37, 0xBA, 0x43, 0xF1, 0x2B, 0xBC, 0x28,
    0xCE, 0x57, 0xE0, 0x44, 0xF7, 0xF6, 0x6A, 0xF6, 0xA1, 0x69, 0x2B, 0x2E, 0x74, 0x25, 0x7B, 0x07,
    0xFC, 0x25, 0x11, 0x79, 0x47, 0x1C, 0xA8, 0x58, 0x10, 0x5D, 0xFA, 0xCE, 0x7D, 0x96, 0x16, 0x8F,
    0xCE, 0x1C, 0x3B, 0xE7, 0x0D, 0x61, 0x09, 0x49, 0xA6, 0x3F, 0x5E, 0x45, 0xEB, 0x9B, 0x77, 0x61,
    0x1D, 0x9E, 0x3E, 0xA3, 0x96, 0xF4, 0x00, 0x6D, 0x96, 0xF0, 0x58, 0x53, 0x4B, 0x39, 0x2B, 0x3E,
    0x53, 0xF3, 0xE7, 0xC9, 0xDC, 0xA2, 0x4D, 0xA7, 0x5C, 0xD3, 0x1D, 0x83, 0x59, 0x3D, 0xAE, 0x48,
    0x4E, 0xD9, 0xE7, 0x9C, 0xB1, 0x8F, 0xBA, 0x76, 0xF8, 0x15, 0x24, 0x95, 0x6B, 0x5C, 0x6A, 0xC1,
    0xA0, 0xC8, 0x94, 0xBE, 0x8A, 0xD6, 0x27, 0xA1, 0xA4, 0x88, 0xF2, 0x09, 0x50, 0x2C, 0xF0, 0x0F,
    0x9E, 0x24, 0xAA, 0x81, 0xBC, 0x60, 0x9E, 0x80, 0xAF, 0x07, 0xE0, 0x9A, 0x40, 0x38, 0xF7, 0xB7,
    0xC0, 0xAF, 0xBC, 0x13, 0xF0, 0x2B, 0x57, 0x4B, 0xC2, 0x99, 0xDE, 0x15, 0x6A, 0xF4, 0x94, 0x9A,
    0x64, 0x48, 0xA2, 0xD2, 0x87, 0xBC, 0xF4, 0xF8, 0xD9, 0x4F, 0xF4, 0xEE, 0x69, 0x4D, 0xC9, 0xA6,
    0x0E, 0x28, 0xA3, 0xD4, 0xF8, 0xB0, 0xCE, 0x57, 0x91, 0x6B, 0x1A, 0xF2, 0x54, 0x46, 0x1E, 0x1D,
    0x77, 0x5D, 0xB0, 0xEC, 0xA5, 0xBC, 0x3A, 0xEF, 0x12, 0xDA, 0x55, 0x25, 0xB0, 0x95, 0x29, 0x19,
    0xB5, 0x42, 0x94, 0xCC, 0xF7, 0x42, 0xB3, 0x01, 0x63, 0x56, 0xF0, 0xDC, 0x80, 0xAC, 0x48, 0xEC,
    0x38, 0x03, 0x0B, 0x6A, 0x5F, 0x00, 0xAB, 0x6D, 0x65, 0xF1, 0x2A, 0x65, 0xE1, 0x2A, 0x75, 0xFA,
    0x1B, 0x9F, 0x01, 0xE0, 0xCF, 0xDF, 0xB0, 0x16, 0x9C, 0x0A, 0x30, 0x95, 0x12, 0x94, 0x8A, 0x48,
    0x61, 0x90, 0xCA, 0x94, 0xB0, 0x4E, 0x48, 0x5E, 0x50, 0x85, 0x93, 0x6D, 0x02, 0xA1, 0x42, 0xEA,
    0x92, 0xBE, 0x95, 0x47, 0xA5, 0x07, 0x7C, 0x2A, 0x10, 0xC0, 0x8C, 0x8D, 0xFD, 0xEF, 0x53, 0x9D,
    0xBC, 0x1C, 0xAE, 0x33, 0x28, 0x05, 0xC5, 0x2B, 0x39, 0x82, 0x02, 0x24, 0x05, 0xB5, 0xC3, 0xB5,
    0x56, 0xD2, 0xBA, 0x23, 0x44, 0xD1, 0x2F, 0x01, 0x8F, 0x62, 0x9D, 0x5B, 0x57, 0xAC, 0x72, 0x12,
    0xAE, 0x33, 0x18, 0xA5, 0x04, 0x8B, 0x52, 0x0E, 0x8A, 0x0A, 0x8E, 0x87, 0xEB, 0x5D, 0x6C, 0x3B,
    0xC1, 0xCB, 0x90, 0x9A, 0x21, 0x90, 0xCF, 0x57, 0xFD, 0xEA, 0xDF, 0x16, 0xBE, 0xA9, 0x9E, 0x51,
    0xC2, 0xFB, 0x64, 0x32, 0x1A, 0xD2, 0xB2, 0xE3, 0x69, 0x84, 0x7B, 0x8E, 0x63, 0x8A, 0x3D, 0xF6,
    0x8B, 0x96, 0x62, 0x8F, 0x2F, 0x8F, 0x20, 0x65, 0x95, 0x3C, 0x2F, 0xE5, 0xF4, 0xA2, 0x75, 0x2E,
    0x66, 0x0F, 0x66, 0xB5, 0xDF, 0x3F, 0xB5, 0x17, 0xA8, 0x57, 0x55, 0xCC, 0x81, 0xB3, 0xC4, 0xCD,
    0x14, 0x6F, 0xD2, 0x4A, 0x6A, 0xB6, 0x1E, 0xDB, 0x7E, 0x15, 0xF1, 0xB5, 0x27, 0x70, 0x8F, 0x14,
    0x71, 0xDB, 0x17, 0x70, 0x89, 0xFF, 0xD4, 0x3E, 0x1F, 0xDC, 0x22, 0x4B, 0x02, 0x2C, 0x59, 0xD8,
    0xE3, 0xFA, 0x02, 0xAA, 0xD4, 0x3D, 0xBD, 0xA3, 0xF3, 0xA2, 0xA4, 0xDF, 0x3D, 0xAB, 0xDF, 0x00,
    0x94, 0xA0, 0xDF, 0xC0, 0x93, 0xA0, 0xDF, 0xBD, 0x58, 0xF4, 0x1B, 0x68, 0x12, 0xC2, 0x03, 0x80,
    0x49, 0x1C, 0x21, 0x03, 0x4B, 0xDA, 0x56, 0x16, 0x4A, 0x52, 0x16, 0x49, 0x52, 0x0E, 0x48, 0xEA,
    0x70, 0xA4, 0xE7, 0xC1, 0x48, 0xC7, 0x9E, 0xB5, 0x95, 0x2D, 0x03, 0x33, 0xFF, 0x54, 0xE1, 0xCB,
    0x09, 0x70, 0x91, 0x43, 0x8B, 0xEA, 0x25, 0x92, 0x16, 0xC4, 0xAE, 0x2F, 0xF6, 0xBE, 0x2F, 0xE6,
    0xBE, 0x2F, 0xD6, 0xBE, 0xCF, 0x62, 0xD7, 0xF4, 0x59, 0xEC, 0x48, 0xA3, 0x59, 0xEC, 0xFA, 0x22,
    0x76, 0x7D, 0x11, 0x3B, 0x06, 0x7E, 0x04, 0x1F, 0x52, 0x0E, 0x1E, 0x12, 0x74, 0xC8, 0x82, 0x43,
    0x16, 0x1B, 0x9A, 0x87, 0x86, 0x46, 0x36, 0x4C, 0x0C, 0xAC, 0xD3, 0x29, 0xE3, 0x32, 0xC9, 0xE5,
    0x59, 0x38, 0x28, 0xD1, 0xC4, 0x35, 0xC9, 0xB4, 0x4D, 0x1B, 0xBE, 0x27, 0x79, 0x66, 0x77, 0xBC,
    0xC1, 0x17, 0x25, 0x55, 0x5A, 0xFD, 0x4B, 0xBE, 0x29, 0x89, 0xCA, 0x47, 0xB9, 0x22, 0x39, 0x51,
    0xF6, 0xAE, 0xE4, 0xBF, 0x9A, 0x5D, 0x96, 0xEC, 0x6E, 0x4B, 0xCE, 0xAE, 0x4B, 0x7E, 0xD3, 0xD3,
    0xBE, 0xFE, 0x0F, 0xCD, 0x7D, 0x4D, 0x8C, 0x1C, 0xD7, 0xB5, 0xDE, 0xAD, 0x2A, 0x71, 0xDA, 0x62,
    0x19, 0xBE, 0x5C, 0x50, 0x86, 0x68, 0xC5, 0x2C, 0x27, 0x11, 0xF2, 0x9E, 0x21, 0xAB, 0xCB, 0x0B,
    0x2F, 0xB4, 0xE8, 0x99, 0x2A, 0xCE, 0xC0, 0x26, 0x10, 0x2E, 0x86, 0x48, 0xDE, 0x2A, 0x6F, 0x21,
    0x2F, 0x94, 0x45, 0x9E, 0x11, 0x33, 0x0B, 0x05, 0x20, 0x82, 0x21, 0xBB, 0x28, 0x2D, 0xBC, 0xF0,
    0xC2, 0x93, 0xE0, 0xED, 0x23, 0x20, 0x0A, 0x10, 0xC9, 0x81, 0xC7, 0x0B, 0x22, 0x6F, 0x5E, 0xDE,
    0x70, 0xBA, 0x2C, 0x22, 0x0E, 0x02, 0x2F, 0x54, 0x92, 0x16, 0x46, 0xA0, 0x05, 0xCB, 0x96, 0x80,
    0x07, 0x90, 0x88, 0xA7, 0x24, 0x97, 0xC5, 0xD2, 0x4C, 0x75, 0xDD, 0x9C, 0xEF, 0x9C, 0x53, 0x3D,
    0xDD, 0x33, 0x23, 0x71, 0x64, 0x3B, 0x72, 0x5A, 0x60, 0xDD, 0x9A, 0x99, 0xEE, 0x3E, 0xE7, 0x9E,
    0x7B, 0x7E, 0xBF, 0x7B, 0x6E, 0xC9, 0x18, 0xBC, 0x1E, 0x37, 0xF2, 0xB2, 0xC6, 0x4C, 0xCA, 0x30,
    0xBD, 0x6E, 0xDB, 0xC0, 0x4D, 0x6D, 0xDA, 0xD9, 0x26, 0x2A, 0xE2, 0x1F, 0x3D, 0x70, 0xD6, 0x8C,
    0x37, 0xED, 0x3B, 0xEE, 0x47, 0xD6, 0x24, 0x4D, 0x52, 0xBF, 0x60, 0xD7, 0xCD, 0xD9, 0x9D, 0x76,
    0xC3, 0x58, 0x7A, 0x7F, 0x52, 0x7E, 0xCD, 0xDC, 0xC4, 0x98, 0x99, 0x67, 0x1A, 0x1A, 0xA7, 0xC6,
    0x8C, 0x33, 0x1A, 0xBF, 0x49, 0xBF, 0x2A, 0x2C, 0x7F, 0xEB, 0x53, 0xAD, 0x8C, 0x66, 0xBC, 0x2E,
    0x63, 0x78, 0x4F, 0x46, 0xDF, 0x29, 0xDD, 0x89, 0x8E, 0x89, 0x8E, 0x67, 0x75, 0x7C, 0x5A, 0xC7,
    0x11, 0xF8, 0x32, 0x71, 0x99, 0x54, 0xC4, 0x97, 0xE7, 0xA6, 0x49, 0x49, 0x7C, 0xBD, 0x5C, 0x46,
    0x1B, 0xE0, 0xEB, 0xDE, 0xFF, 0x0E, 0x5A, 0xF0, 0xE5, 0x5C, 0xDE, 0x82, 0xAF, 0xF1, 0x83, 0x72,
    0x83, 0xF9, 0xF2, 0xCB, 0x11, 0xF3, 0xC5, 0x23, 0xF1, 0x35, 0x28, 0x46, 0xC2, 0x57, 0x36, 0xE2,
    0x6F, 0xBD, 0x69, 0x46, 0x4A, 0x65, 0x74, 0x48, 0xE7, 0x53, 0xC7, 0x3F, 0x07, 0x1F, 0x63, 0x47,
    0x94, 0x88, 0x0F, 0x1E, 0x89, 0x8F, 0x1F, 0xE4, 0x66, 0x1B, 0x7C, 0xBC, 0x9B, 0xD1, 0x48, 0x7C,
    0x1C, 0x60, 0x04, 0x1F, 0xFB, 0xD5, 0x36, 0xF8, 0xF8, 0x87, 0x8E, 0xC7, 0xCC, 0xC4, 0xD9, 0x36,
    0xF8, 0xF0, 0x5A, 0xFA, 0x3B, 0xF1, 0x11, 0x54, 0x18, 0x21, 0x85, 0x74, 0x5B, 0xA4, 0x50, 0xC9,
    0xE8, 0x4D, 0x65, 0x34, 0x51, 0x23, 0x63, 0xA0, 0xA3, 0x69, 0x58, 0x0E, 0xDF, 0x0D, 0x6B, 0x43,
    0xF4, 0x4D, 0x93, 0x4C, 0x0D, 0xD1, 0xCF, 0x56, 0x76, 0x86, 0xA0, 0x5F, 0xD8, 0x6A, 0x08, 0xFA,
    0x1F, 0x05, 0xDD, 0x1D, 0xA6, 0x6F, 0x5C, 0x03, 0xFA, 0x71, 0xFA, 0xC1, 0x25, 0xD0, 0x0F, 0xF3,
    0x2A, 0xCA, 0x89, 0x7E, 0x90, 0xEF, 0xBB, 0x82, 0xE8, 0xFB, 0xE5, 0xF8, 0x83, 0x12, 0xDF, 0x5A,
    0x9F, 0xF1, 0x2A, 0x8C, 0x37, 0xE8, 0x57, 0x18, 0x63, 0x7A, 0x2B, 0x2F, 0x93, 0x73, 0xA9, 0x30,
    0xD6, 0xE8, 0xBC, 0x3B, 0x99, 0xF6, 0x94, 0xA5, 0x6F, 0x58, 0x29, 0xE8, 0x93, 0x44, 0xF3, 0x61,
    0x6B, 0x98, 0xE4, 0xDE, 0x6B, 0xA0, 0xF8, 0x8F, 0x7F, 0x49, 0x04, 0x92, 0x2C, 0x28, 0xBE, 0x57,
    0x81, 0x5E, 0x61, 0x2A, 0x4C, 0xB7, 0x60, 0x2A, 0x7E, 0xC1, 0x44, 0xFC, 0x82, 0x69, 0xF8, 0x55,
    0xC2, 0x24, 0x68, 0x36, 0xBC, 0xFE, 0x65, 0x2F, 0xE0, 0x46, 0x05, 0x5C, 0x83, 0x14, 0x3E, 0x07,
    0x5A, 0xDD, 0xEB, 0x29, 0x13, 0xDB, 0xA3, 0x89, 0x81, 0xDA, 0x5B, 0x5B, 0xBB, 0x4C, 0xAE, 0x60,
    0x45, 0x24, 0x7A, 0x71, 0x98, 0x12, 0x41, 0x7F, 0x9F, 0x74, 0x17, 0x0B, 0xED, 0x6A, 0x51, 0xBC,
    0x0B, 0xAA, 0x58, 0xE7, 0x96, 0x5A, 0xD1, 0x43, 0x57, 0xE9, 0xB8, 0x29, 0x72, 0x7D, 0xA6, 0x53,
    0x01, 0x5F, 0x2B, 0x55, 0x33, 0x2B, 0xD3, 0xBF, 0x84, 0x1F, 0xE7, 0x8C, 0x72, 0x44, 0x77, 0x10,
    0xBA, 0x89, 0xA6, 0xC2, 0xD5, 0x5B, 0xE6, 0x4E, 0x94, 0xB2, 0x10, 0x9C, 0xA9, 0xC3, 0xFD, 0x8C,
    0x39, 0x5B, 0x2D, 0x3D, 0xD0, 0x48, 0xCA, 0x67, 0x5E, 0x2A, 0x93, 0xA5, 0x8A, 0xB9, 0xFB, 0xD9,
    0xBE, 0x7B, 0xA9, 0x84, 0x02, 0x04, 0xE5, 0xE4, 0xE1, 0xDD, 0x02, 0x2A, 0xE0, 0x55, 0x67, 0x06,
    0x77, 0x59, 0xD6, 0x66, 0xC7, 0x84, 0x2F, 0xE7, 0x6A, 0x04, 0x76, 0x4D, 0xEE, 0xEC, 0xFE, 0x24,
    0xC8, 0xD5, 0x52, 0x1A, 0x12, 0x23, 0xBF, 0xBE, 0x9C, 0xFA, 0xE5, 0x8C, 0xB9, 0x43, 0x36, 0x67,
    0xAF, 0xEF, 0xF6, 0x37, 0xB7, 0x95, 0xF7, 0x62, 0xA2, 0xDA, 0x4A, 0x37, 0xCC, 0x79, 0x50, 0xB0,
    0xBE, 0x16, 0x34, 0x0F, 0x56, 0xD8, 0xDA, 0x77, 0x05, 0x6B, 0xEC, 0x46, 0xFC, 0xB0, 0x10, 0x95,
    0xED, 0x02, 0xBE, 0xC9, 0x6C, 0xC5, 0x37, 0x53, 0x63, 0x8B, 0xA0, 0x62, 0xAD, 0x1D, 0x4C, 0x83,
    0x56, 0xD4, 0x73, 0x7C, 0xD7, 0xC9, 0x4D, 0xF0, 0xE1, 0xBB, 0xAA, 0xA0, 0xBB, 0xEF, 0xE8, 0x4D,
    0x5C, 0xE8, 0x4D, 0x58, 0xBC, 0xA0, 0x3A, 0x5C, 0xB0, 0x2C, 0x31, 0x95, 0x4B, 0x1D, 0xAB, 0xAF,
    0x89, 0xDC, 0x2F, 0x5C, 0xC6, 0x1C, 0x25, 0x81, 0x1B, 0xE4, 0xCC, 0x52, 0xE3, 0xB5, 0x41, 0x0E,
    0x9E, 0xBC, 0xCA, 0xAB, 0x06, 0x39, 0x98, 0xF2, 0x4B, 0x0F, 0x5A, 0x92, 0x94, 0xFF, 0xA4, 0xBF,
    0xCB, 0xEC, 0xEA, 0xBE, 0x57, 0x0F, 0xA0, 0xCC, 0xD6, 0x38, 0x7C, 0x82, 0x18, 0xB3, 0xE6, 0x82,
    0xE7, 0xB6, 0x20, 0x2E, 0x5A, 0x7C, 0xEF, 0x80, 0x55, 0x37, 0xCC, 0xBD, 0x7F, 0x5F, 0x31, 0x03,
    0xC1, 0xFE, 0xA4, 0x53, 0x61, 0x39, 0xB7, 0xA5, 0x77, 0x4B, 0x9B, 0xC1, 0x4C, 0x80, 0x62, 0x02,
    0x2A, 0xEE, 0x7E, 0x10, 0x91, 0x7B, 0xFB, 0xAF, 0x89, 0x26, 0x88, 0xDA, 0x2C, 0xBD, 0x5E, 0xCB,
    0x47, 0xAE, 0x93, 0x0C, 0x4A, 0x72, 0x3B, 0x25, 0xCD, 0x86, 0x86, 0xC2, 0x16, 0xF1, 0x0D, 0xAC,
    0xDF, 0xA6, 0x85, 0x6A, 0x24, 0x4D, 0x8C, 0xE1, 0x4B, 0x3B, 0xED, 0x9D, 0x25, 0x52, 0xB3, 0xA4,
    0x5A, 0x1E, 0xB4, 0x10, 0xE9, 0xB2, 0x47, 0xDE, 0x6E, 0xD7, 0x2C, 0xC3, 0xD9, 0xBE, 0x48, 0x43,
    0x84, 0xAF, 0x5A, 0x36, 0x43, 0x19, 0x36, 0x58, 0x7A, 0x01, 0x53, 0xB0, 0x8E, 0xE9, 0x0F, 0xBA,
    0xC5, 0x05, 0xFE, 0x07, 0x3A, 0xDE, 0x3C, 0x74, 0x0A, 0xFC, 0x52, 0xAE, 0xCC, 0xF6, 0x11, 0xA7,
    0x15, 0x1D, 0x6A, 0x71, 0xAF, 0xC3, 0xAC, 0xC1, 0xE4, 0x35, 0x59, 0x0D, 0xFC, 0xDF, 0x18, 0xD1,
    0x82, 0x7B, 0x29, 0x2B, 0x81, 0xFF, 0x4E, 0xCE, 0xEE, 0x33, 0x78, 0xBB, 0x64, 0xB7, 0x35, 0xF8,
    0x59, 0xC5, 0xEE, 0x33, 0xCA, 0x2A, 0x28, 0xC0, 0x92, 0x13, 0xAD, 0xB3, 0x8D, 0x8E, 0xA9, 0x8E,
    0x99, 0x18, 0xCD, 0xA0, 0x18, 0xB0, 0x7E, 0x7A, 0xDD, 0x44, 0xA4, 0x38, 0x56, 0xFE, 0x97, 0xAE,
    0xCE, 0xF8, 0x68, 0x95, 0x8F, 0x96, 0x57, 0xBF, 0x52, 0x3B, 0xAA, 0xD4, 0x8A, 0x2A, 0x8F, 0x6D,
    0x28, 0xAD, 0x22, 0xAC, 0xFA, 0x33, 0x59, 0x35, 0xCE, 0x61, 0x3F, 0xF9, 0xFE, 0x01, 0xBB, 0xAF,
    0x62, 0xFC, 0x4E, 0x21, 0xB6, 0x23, 0x86, 0xD0, 0x90, 0x33, 0x11, 0xE1, 0xC9, 0xB2, 0x45, 0x59,
    0x94, 0x31, 0x23, 0x4E, 0xC3, 0xCB, 0xA4, 0x3E, 0xC1, 0x7D, 0x15, 0xE2, 0x52, 0x0A, 0x71, 0x5F,
    0xC5, 0x13, 0x4C, 0xB2, 0x00, 0x25, 0xF2, 0x27, 0xCF, 0x54, 0xEC, 0x4E, 0xCC, 0x49, 0xEE, 0x8B,
    0x95, 0xE2, 0xD0, 0x7D, 0x89, 0x4A, 0xB5, 0x33, 0xF7, 0xC5, 0xAF, 0xCD, 0x43, 0xF3, 0x24, 0x95,
    0x9F, 0x64, 0x1C, 0x2F, 0x02, 0x57, 0xB3, 0xBA, 0xFF, 0x28, 0xBF, 0x51, 0x71, 0xDC, 0x4A, 0x6D,
    0x25, 0x13, 0x26, 0x2D, 0x04, 0xF5, 0xCC, 0x13, 0x97, 0x51, 0x1A, 0x71, 0x18, 0x2C, 0x68, 0xC4,
    0x53, 0xC3, 0x82, 0x9F, 0x33, 0xF7, 0xCF, 0x3A, 0xBE, 0x82, 0xCB, 0x93, 0xB8, 0x3C, 0x0B, 0x8E,
    0x62, 0x78, 0xD7, 0x18, 0xAE, 0xF5, 0xFB, 0xD0, 0xD6, 0xDF, 0x80, 0x8B, 0x0E, 0x2C, 0xB0, 0x3B,
    0x5D, 0x01, 0x71, 0x52, 0xC7, 0xA9, 0xF7, 0x7D, 0xF3, 0xF8, 0xB7, 0x6C, 0x67, 0x62, 0x93, 0x6C,
    0xD1, 0x32, 0x8F, 0x06, 0x79, 0x98, 0x8F, 0x82, 0x3C, 0xA8, 0xCE, 0x05, 0x58, 0x08, 0x92, 0x40,
    0x72, 0x7F, 0x92, 0x92, 0x9C, 0xA1, 0xE7, 0x5F, 0x49, 0x95, 0xD6, 0xD7, 0x74, 0x7C, 0x0E, 0x94,
    0x3C, 0x97, 0x25, 0x30, 0x8F, 0x81, 0xAB, 0x92, 0x02, 0x73, 0xCF, 0xDA, 0x11, 0xCF, 0xDD, 0x8C,
    0x46, 0x3C, 0xF7, 0x8C, 0x46, 0x5E, 0xEC, 0x9D, 0x91, 0xC4, 0xEC, 0x9A, 0x63, 0xB6, 0xB7, 0x25,
    0x31, 0xDB, 0xEF, 0x0C, 0xC7, 0x6C, 0xAF, 0x53, 0x75, 0xBE, 0x56, 0xCA, 0xE8, 0xB7, 0xAA, 0xDE,
    0xC9, 0x86, 0xA6, 0x2E, 0xAD, 0xFA, 0x19, 0x1D, 0x4D, 0x7B, 0x34, 0x66, 0xA7, 0xAA, 0x74, 0x29,
    0x96, 0x3F, 0xD7, 0x90, 0x92, 0x1B, 0x09, 0x29, 0x79, 0x28, 0x6B, 0x90, 0x8F, 0x6B, 0x0E, 0x29,
    0x6F, 0x4C, 0x65, 0x0D, 0xDE, 0x7C, 0x5B, 0x5C, 0xB6, 0x0B, 0xD8, 0x61, 0x07, 0xEA, 0x86, 0x83,
    0x52, 0x7D, 0x43, 0xDA, 0xBB, 0x65, 0xBF, 0x1F, 0xCB, 0x79, 0x7F, 0xB2, 0xE8, 0xA2, 0x49, 0x17,
    0x92, 0x55, 0x36, 0x42, 0xE3, 0x56, 0xD9, 0x08, 0x6F, 0x55, 0xF4, 0x7E, 0x18, 0x61, 0x15, 0x95,
    0x6C, 0x84, 0x9D, 0x2B, 0xD9, 0x08, 0x93, 0x8F, 0x60, 0x7C, 0xE5, 0x3F, 0xEA, 0xFC, 0x52, 0xFC,
    0xB0, 0x5F, 0x8A, 0x1B, 0xC6, 0x08, 0x2F, 0xAC, 0x74, 0xC6, 0x6F, 0xC8, 0x18, 0x7C, 0xA4, 0x74,
    0x6F, 0xEA, 0x18, 0xE9, 0x38, 0xD0, 0x31, 0x28, 0x8F, 0xE8, 0x00, 0x52, 0xA9, 0xB8, 0x7A, 0x94,
    0x0E, 0xC0, 0x2F, 0xFD, 0xDB, 0xAB, 0x74, 0xB1, 0x53, 0xBA, 0x24, 0x5B, 0x3F, 0x21, 0xBF, 0x12,
    0x90, 0x41, 0xAF, 0x98, 0x0E, 0x96, 0x46, 0xEF, 0x1B, 0xA4, 0x43, 0x89, 0xB1, 0x70, 0x76, 0xB3,
    0x24, 0xD2, 0x36, 0x03, 0x47, 0xE9, 0x63, 0x9C, 0x45, 0x3F, 0xA2, 0xAF, 0x8F, 0xF6, 0x4C, 0xD4,
    0xDE, 0x71, 0xC6, 0x9B, 0xC0, 0x60, 0x92, 0x3C, 0x82, 0x07, 0xA4, 0xF7, 0xFD, 0xED, 0x55, 0xBA,
    0xC4, 0x94, 0x5E, 0x1A, 0xB7, 0x75, 0x8F, 0x84, 0xEB, 0x43, 0x38, 0x57, 0xC8, 0x6C, 0x7F, 0xEC,
    0x9E, 0xC7, 0x52, 0xD2, 0x1F, 0x06, 0x95, 0x85, 0x6F, 0xA1, 0x8B, 0x37, 0x17, 0x8D, 0xEB, 0x3E,
    0x18, 0x63, 0x02, 0x3F, 0x64, 0xCF, 0x47, 0x52, 0x7C, 0xDB, 0x19, 0x97, 0xB1, 0x18, 0xA3, 0x5C,
    0x52, 0x84, 0x8D, 0x41, 0x59, 0xF1, 0x84, 0xBE, 0x36, 0x2E, 0x2A, 0x8B, 0xD0, 0xE1, 0x4F, 0x4D,
    0x25, 0x91, 0xA3, 0xE0, 0x1B, 0x92, 0x25, 0x39, 0xB2, 0x6B, 0x19, 0x07, 0xD9, 0xAC, 0x12, 0x97,
    0x11, 0xD6, 0xD5, 0xAB, 0x22, 0xB6, 0x3B, 0xFD, 0xF2, 0x45, 0xFD, 0xCD, 0xA0, 0x32, 0x47, 0x56,
    0x58, 0x5F, 0xBD, 0x6C, 0xC7, 0x24, 0x5B, 0x1F, 0xB2, 0xB5, 0x90, 0x6D, 0x6C, 0x06, 0xBF, 0x31,
    0x37, 0xAF, 0x46, 0x64, 0x46, 0xCD, 0xCD, 0x5D, 0xB3, 0x74, 0xA7, 0x21, 0x99, 0xC5, 0xE5, 0x50,
    0x05, 0xBC, 0x0B, 0x01, 0x3F, 0x27, 0xDE, 0x1F, 0x17, 0x1F, 0xCE, 0x32, 0xEE, 0x70, 0x43, 0x3F,
    0x86, 0x78, 0x5F, 0xD0, 0xD0, 0xC5, 0x9B, 0xFC, 0x64, 0x16, 0x0A, 0x76, 0x55, 0xDE, 0x22, 0x8B,
    0xA9, 0x8A, 0x62, 0xCA, 0xBE, 0xB4, 0xCF, 0x49, 0x34, 0x23, 0xF1, 0xCB, 0x28, 0x85, 0x5A, 0xAF,
    0x15, 0x49, 0xCE, 0xD9, 0x08, 0x7C, 0x28, 0x7C, 0xA9, 0xFB, 0x75, 0xC9, 0x99, 0xC8, 0x05, 0xAF,
    0x84, 0x6B, 0xA9, 0x8C, 0x57, 0x4A, 0x16, 0x22, 0xFA, 0x9C, 0xA4, 0x92, 0x02, 0x52, 0x06, 0x92,
    0x4A, 0xFE, 0x31, 0x55, 0x27, 0x9E, 0xCE, 0xA6, 0xCA, 0x93, 0xE5, 0xE9, 0x92, 0x4D, 0x61, 0xC2,
    0x34, 0xD8, 0x32, 0xFE, 0x3E, 0xC9, 0x05, 0x93, 0xA6, 0x01, 0xD3, 0xC6, 0x4F, 0x34, 0x71, 0x1A,
    0x30, 0x75, 0xC8, 0x8C, 0x26, 0xCF, 0x8E, 0x2E, 0xE3, 0x81, 0x04, 0x80, 0xE1, 0x39, 0x19, 0xE8,
    0xD7, 0xB7, 0x78, 0x70, 0xBF, 0xAB, 0x58, 0xC4, 0xBB, 0x32, 0x58, 0xFE, 0x65, 0x2B, 0xE1, 0xFA,
    0xB9, 0x05, 0xC9, 0x3F, 0x39, 0x63, 0x85, 0x39, 0x61, 0x46, 0x3A, 0x16, 0x7D, 0x05, 0x36, 0xFC,
    0xF2, 0xE6, 0x55, 0xDB, 0x05, 0x39, 0x98, 0x08, 0x72, 0xF0, 0x40, 0xCE, 0x8B, 0x58, 0x08, 0x20,
    0x87, 0x21, 0xCD, 0x96, 0x18, 0x20, 0x5B, 0xEA, 0xE9, 0x2F, 0x5C, 0xD9, 0xC6, 0x86, 0x2C, 0x89,
    0xE1, 0x04, 0xB2, 0xBD, 0x70, 0xE7, 0x90, 0xEE, 0x37, 0xE6, 0x96, 0x3B, 0x70, 0x1D, 0x96, 0x3B,
    0xFA, 0x09, 0x25, 0x6F, 0x61, 0x47, 0x0A, 0x4F, 0x2B, 0x68, 0xDB, 0x76, 0x05, 0x0A, 0x4F, 0x8B,
    0x17, 0xE7, 0x43, 0xF3, 0x4A, 0x42, 0xEB, 0x5B, 0xED, 0xE0, 0xF2, 0x35, 0xBA, 0xD4, 0x58, 0xEE,
    0x3B, 0xB8, 0x24, 0xEE, 0xB5, 0x21, 0x52, 0x6D, 0x2C, 0xED, 0xBF, 0xE0, 0xF5, 0x5D, 0x39, 0xA6,
    0x52, 0x9F, 0xC9, 0x5C, 0x5F, 0xC4, 0xE5, 0x0C, 0x39, 0x6F, 0x33, 0xD9, 0xEB, 0x28, 0x79, 0x71,
    0xBB, 0xA8, 0x80, 0x86, 0x24, 0xC5, 0x51, 0xFF, 0x96, 0x6F, 0x88, 0xB9, 0xF6, 0xAF, 0x2F, 0x98,
    0xD9, 0x7A, 0x4E, 0xCA, 0x24, 0x77, 0xCF, 0x83, 0x58, 0xF2, 0xD0, 0xED, 0x81, 0x5E, 0x36, 0xBE,
    0xD5, 0xB1, 0x8B, 0x8A, 0x89, 0x31, 0xD8, 0x56, 0x4C, 0xDF, 0xC0, 0x2E, 0x0A, 0x14, 0x29, 0x2B,
    0x3B, 0x68, 0x58, 0x99, 0x6D, 0x39, 0xE5, 0xAF, 0x3F, 0x63, 0xCE, 0x0F, 0x35, 0x5C, 0x0D, 0xF5,
    0x7B, 0x3F, 0xEB, 0x78, 0xE1, 0xA4, 0x32, 0x8B, 0xAC, 0x7C, 0x5B, 0x8C, 0x3C, 0x95, 0xAC, 0x35,
    0x2A, 0x25, 0x69, 0x1D, 0x4C, 0xB7, 0xC5, 0xC2, 0xF7, 0x50, 0xEE, 0x90, 0x81, 0x93, 0x41, 0x8B,
    0x7D, 0x37, 0x46, 0xCC, 0x5B, 0xCB, 0xAC, 0x5C, 0x32, 0xA3, 0xB0, 0xD1, 0x0C, 0xE9, 0xA6, 0x8E,
    0xF6, 0x78, 0x99, 0x25, 0x89, 0xBE, 0x9B, 0x8D, 0xF0, 0x3C, 0x9C, 0x77, 0x7B, 0x57, 0xAF, 0x95,
    0x18, 0xC7, 0x2E, 0xAD, 0xFE, 0x59, 0x49, 0x56, 0xBA, 0x55, 0xFD, 0x3B, 0x72, 0xD9, 0xE1, 0xFB,
    0x83, 0x69, 0xB2, 0x57, 0x1A, 0xDB, 0xC5, 0xCF, 0x4F, 0xD6, 0x4A, 0x13, 0x6C, 0xDD, 0x09, 0xD8,
    0x75, 0xDB, 0xBA, 0xDA, 0xE1, 0x31, 0xEF, 0x1A, 0x8C, 0x14, 0x4B, 0xF9, 0xF3, 0x5F, 0x24, 0x4B,
    0xEA, 0x43, 0xC5, 0x49, 0x23, 0xCF, 0x5F, 0x8B, 0x20, 0x14, 0xE1, 0xD9, 0x8E, 0x24, 0x6B, 0x37,
    0x25, 0x5C, 0x69, 0x01, 0xB4, 0x3F, 0xC1, 0xCC, 0xFF, 0x2C, 0x17, 0xCF, 0x96, 0x86, 0x19, 0xD2,
    0x05, 0x43, 0x03, 0xC4, 0x1F, 0x71, 0x06, 0xFC, 0xBA, 0x93, 0x54, 0x92, 0xE7, 0x46, 0xE1, 0x58,
    0x45, 0xA0, 0x05, 0xB9, 0x04, 0xED, 0x50, 0x08, 0x7B, 0x9A, 0x41, 0x9E, 0xFB, 0x93, 0x65, 0x69,
    0x27, 0xBD, 0xFA, 0x34, 0x76, 0x57, 0xC7, 0x65, 0x63, 0x16, 0x6B, 0xB3, 0xCF, 0x2D, 0xAB, 0x9B,
    0x7F, 0x69, 0x85, 0xA0, 0x92, 0xD3, 0x9F, 0x0E, 0x03, 0xD4, 0x11, 0xC5, 0xAD, 0x35, 0x3A, 0xD5,
    0x1A, 0x9C, 0x6A, 0x8D, 0x4D, 0xB5, 0x86, 0xA6, 0x5A, 0x14, 0x17, 0x5E, 0x81, 0x15, 0xB7, 0x56,
    0xC5, 0xAD, 0x55, 0x71, 0x6B, 0x8D, 0x4A, 0x2A, 0xA2, 0x5D, 0x1D, 0xAD, 0x8C, 0xDB, 0x52, 0x2E,
    0x50, 0xC6, 0x53, 0x2F, 0x14, 0x00, 0xF3, 0xF9, 0x47, 0x35, 0x57, 0x22, 0xEC, 0xBE, 0x8E, 0x65,
    0x8F, 0x79, 0x7A, 0xDE, 0xEB, 0xE2, 0xD2, 0x2E, 0x8A, 0xAA, 0xD7, 0x72, 0x95, 0x2F, 0x1E, 0x74,
    0x6C, 0x11, 0xF1, 0xCB, 0xD0, 0x9A, 0xF8, 0xEE, 0x5E, 0x41, 0x69, 0x58, 0x40, 0xC5, 0x40, 0x58,
    0x06, 0x79, 0x65, 0x06, 0x1F, 0x07, 0x3F, 0xAF, 0x88, 0xB9, 0x77, 0xDE, 0x24, 0x19, 0x0C, 0x0E,
    0x7E, 0x8E, 0x32, 0x8B, 0xD2, 0xA7, 0x14, 0x55, 0x57, 0x9C, 0x43, 0x26, 0x01, 0x5F, 0x07, 0x7C,
    0xB5, 0x19, 0xAE, 0x09, 0x57, 0x62, 0x2C, 0x56, 0x57, 0xAA, 0xA5, 0xCF, 0xD1, 0xAD, 0x42, 0x9D,
    0x30, 0xC2, 0xB8, 0xE1, 0x18, 0x6E, 0x24, 0x80, 0x73, 0xF4, 0x96, 0xD0, 0x2D, 0x71, 0x5B, 0x82,
    0xB6, 0x46, 0x6C, 0x0D, 0xD7, 0x12, 0xAB, 0x25, 0x50, 0x87, 0x95, 0x20, 0x2A, 0xAC, 0xEC, 0xB8,
    0x26, 0xA8, 0x5E, 0x4C, 0xCC, 0x57, 0xDB, 0x1E, 0xFE, 0x55, 0xDF, 0x79, 0x58, 0xF0, 0xAB, 0xC9,
    0xCB, 0xD0, 0x09, 0x47, 0x15, 0xB3, 0x44, 0x8A, 0x0C, 0x9E, 0x68, 0x5A, 0x60, 0x8A, 0x06, 0x70,
    0xB5, 0x96, 0x33, 0x5B, 0x77, 0x85, 0xAF, 0xBB, 0x05, 0x33, 0xF6, 0x52, 0xC9, 0x9C, 0x91, 0x6E,
    0x81, 0x35, 0xA8, 0x18, 0xF1, 0x86, 0x81, 0x98, 0x83, 0x39, 0x50, 0x0E, 0x01, 0x4D, 0xA3, 0xDF,
    0x4C, 0xC4, 0x20, 0xEF, 0x2C, 0x52, 0xE7, 0x6B, 0x47, 0x29, 0xD6, 0x59, 0x12, 0xE7, 0xB5, 0x02,
    0x50, 0x83, 0xDF, 0x44, 0x10, 0x4A, 0x7B, 0x31, 0x2A, 0x68, 0x46, 0x17, 0xE9, 0xA3, 0xE3, 0xEC,
    0x22, 0x2D, 0x68, 0x6B, 0x70, 0x75, 0xE9, 0xC5, 0xB3, 0xF4, 0x9B, 0xE6, 0x62, 0x5C, 0x9E, 0xF1,
    0xDC, 0xC5, 0x0B, 0x94, 0x5C, 0x51, 0x8C, 0xA0, 0x2B, 0xF2, 0x09, 0x9B, 0x3D, 0x41, 0xB5, 0xE2,
    0xE0, 0xBE, 0xFB, 0x0D, 0x64, 0xBB, 0xDF, 0xB1, 0xDC, 0x57, 0xCC, 0xBC, 0xFC, 0x2B, 0xB9, 0x52,
    0xF2, 0x0C, 0x41, 0x8E, 0x6F, 0xA1, 0xF2, 0x1C, 0xBC, 0x05, 0xF9, 0xC7, 0x6F, 0x7D, 0x40, 0x41,
    0x84, 0xC2, 0x78, 0x64, 0x02, 0x2A, 0xCA, 0x43, 0x92, 0xF9, 0x2D, 0xBA, 0x9A, 0x6B, 0xD3, 0x6A,
    0x0B, 0x6F, 0xA5, 0xBF, 0x9A, 0xBF, 0xB0, 0x1F, 0x6C, 0x52, 0xE2, 0x36, 0xA6, 0x09, 0xDA, 0xBD,
    0x03, 0x5C, 0xFD, 0x5F, 0xE1, 0x9A, 0xE1, 0x4A, 0x31, 0x7B, 0x73, 0x31, 0x0D, 0x56, 0x09, 0xBB,
    0xB2, 0xBF, 0x29, 0xB8, 0x8A, 0x64, 0x13, 0xF4, 0xA8, 0x6E, 0x8F, 0x51, 0xBB, 0xC7, 0xC8, 0x29,
    0xA8, 0xE0, 0xF6, 0xBB, 0xF5, 0x34, 0xF9, 0xFB, 0xB7, 0x5A, 0x63, 0x4B, 0xBB, 0xDA, 0x05, 0x05,
    0xC5, 0xCA, 0xC6, 0xAE, 0x53, 0xFA, 0x6D, 0x89, 0xE2, 0xFA, 0x15, 0xBE, 0x31, 0xD1, 0xDE, 0x5A,
    0x17, 0xBC, 0x35, 0xE1, 0x8F, 0xC7, 0x77, 0xDF, 0xE1, 0xF2, 0x3B, 0xF5, 0x3F, 0x7A, 0x7B, 0x53,
    0xEA, 0xD3, 0x49, 0xD1, 0x27, 0x71, 0xFD, 0x4D, 0xD8, 0xDF, 0xF4, 0xE9, 0xFB, 0x3C, 0x06, 0x4A,
    0x6C, 0x1D, 0x00, 0x03, 0xE5, 0x62, 0xA1, 0x43, 0x74, 0xB0, 0xEB, 0xC0, 0x40, 0xE9, 0xDB, 0xD7,
    0x80, 0x81, 0x82, 0x37, 0x60, 0xA0, 0x60, 0x0D, 0x18, 0x28, 0x71, 0x96, 0x02, 0x03, 0x25, 0xC6,
    0x52, 0x60, 0xA0, 0xC4, 0x57, 0xCA, 0x18, 0x68, 0xB4, 0x97, 0x32, 0x06, 0x4A, 0x5C, 0x09, 0x06,
    0x9A, 0xA4, 0x82, 0x81, 0xD2, 0xFB, 0x7F, 0x0F, 0x0C, 0x94, 0xF8, 0xA9, 0x80, 0x81, 0xD2, 0xF8,
    0x01, 0x30, 0x50, 0xFA, 0x9E, 0x35, 0x60, 0xA0, 0xF4, 0xFD, 0xEB, 0xC0, 0x40, 0x89, 0xAF, 0xE7,
    0x81, 0x81, 0x12, 0x5F, 0x97, 0x81, 0x81, 0x82, 0x2F, 0x60, 0x9F, 0xE0, 0x0B, 0x23, 0xF8, 0x62,
    0x0C, 0x14, 0x7C, 0x01, 0x03, 0x25, 0xBE, 0x04, 0x03, 0x4D, 0x52, 0xC1, 0x40, 0x89, 0xAF, 0x53,
    0x60, 0xA0, 0xBA, 0x6C, 0x79, 0x3F, 0xD2, 0xE7, 0x2E, 0x03, 0x03, 0xA5, 0xEF, 0xBB, 0x02, 0xEC,
    0x93, 0xF8, 0xE0, 0x91, 0xF8, 0x58, 0x03, 0x06, 0x4A, 0x7C, 0x5C, 0x02, 0x06, 0x0A, 0x3E, 0x80,
    0x81, 0x12, 0x1F, 0x97, 0x18, 0x03, 0xA5, 0x65, 0xAB, 0xE4, 0x73, 0xAB, 0x82, 0x81, 0x26, 0xA9,
    0x60, 0xA0, 0x36, 0xFD, 0x34, 0x0C, 0x14, 0x72, 0x00, 0x06, 0x8A, 0x11, 0x18, 0x28, 0xDE, 0x0F,
    0x0C, 0x14, 0xF3, 0xB1, 0x9C, 0x6F, 0xB9, 0xEF, 0x00, 0x03, 0x25, 0xFA, 0xEB, 0xC0, 0x40, 0x89,
    0xFE, 0x3A, 0x30, 0x50, 0xA2, 0x7F, 0x05, 0x18, 0x28, 0xD1, 0x5F, 0x63, 0x0C, 0x34, 0xDA, 0x5B,
    0x65, 0x0C, 0x94, 0x3E, 0x27, 0x18, 0x68, 0x92, 0x0A, 0x06, 0x0A, 0x3E, 0x8F, 0x63, 0xA0, 0xEA,
    0x12, 0x64, 0x98, 0xB2, 0xF4, 0x59, 0x63, 0xD7, 0xD8, 0xB3, 0xB8, 0xB5, 0xD6, 0xF0, 0x94, 0xF7,
    0x5E, 0x03, 0xC5, 0xB5, 0x5F, 0xBA, 0x82, 0x08, 0xAE, 0x15, 0xDF, 0xAB, 0x40, 0x0F, 0xE1, 0x86,
    0xA6, 0x8B, 0x70, 0x43, 0xB3, 0xE5, 0x2A, 0x2E, 0x59, 0xE5, 0x70, 0x63, 0x57, 0x8F, 0x61, 0xA0,
    0x2A, 0xD8, 0x46, 0xC7, 0x1A, 0xA4, 0x2A, 0x89, 0xDF, 0x6B, 0xC0, 0x40, 0x41, 0x0C, 0x18, 0x28,
    0xA8, 0x01, 0x03, 0x05, 0x39, 0x60, 0xA0, 0x4C, 0x2F, 0x0E, 0xA9, 0xD0, 0x5D, 0x5F, 0x65, 0x0C,
    0x94, 0x16, 0x9A, 0x31, 0x50, 0x9A, 0xA0, 0x60, 0xA0, 0x49, 0x2A, 0x18, 0xA8, 0x4D, 0x3F, 0x0B,
    0x06, 0x2A, 0x7C, 0x54, 0x3A, 0x18, 0xF3, 0x94, 0x00, 0x3C, 0xC2, 0x70, 0xF4, 0x9E, 0xDB, 0xFF,
    0xAF, 0xC6, 0x46, 0xC1, 0xCF, 0xC9, 0x63, 0xD9, 0xF5, 0xDF, 0xE6, 0x4B, 0xBB, 0xE4, 0xDC, 0x26,
    0x79, 0x45, 0x0A, 0x57, 0x84, 0x0F, 0x9A, 0x11, 0x7D, 0x91, 0xE7, 0x9A, 0x0D, 0xAC, 0xDC, 0xD3,
    0xD7, 0x37, 0x00, 0x33, 0x9B, 0xED, 0x0D, 0x24, 0x00, 0x94, 0x90, 0x22, 0xC8, 0x70, 0xA9, 0x6F,
    0x26, 0x2E, 0xC5, 0x70, 0x66, 0x53, 0xAA, 0x8A, 0x93, 0x01, 0x4D, 0xE1, 0xA0, 0x98, 0xE4, 0xB3,
    0x1B, 0xF5, 0x1C, 0xDB, 0xE2, 0x39, 0x00, 0x68, 0x8A, 0xE7, 0x28, 0x58, 0xFD, 0x52, 0x06, 0x34,
    0xA1, 0x7F, 0x0C, 0x68, 0xC2, 0x73, 0x30, 0xA0, 0x49, 0x02, 0x5A, 0x17, 0x40, 0x33, 0xDA, 0xBB,
    0x2C, 0x80, 0x26, 0x7D, 0x5C, 0x01, 0xCD, 0x24, 0x55, 0x40, 0x93, 0xBE, 0xF9, 0x11, 0x80, 0xE6,
    0x98, 0x3D, 0x14, 0x00, 0x4D, 0xBE, 0x63, 0x40, 0x93, 0x3F, 0xC7, 0x80, 0x26, 0xB3, 0xC4, 0x80,
    0x26, 0x78, 0x12, 0x40, 0x13, 0x4C, 0x09, 0x8C, 0x49, 0x5C, 0x7D, 0x47, 0xEE, 0xC0, 0x96, 0x00,
    0x9A, 0xE0, 0x4B, 0x01, 0xCD, 0x68, 0x6F, 0x5D, 0x01, 0x4D, 0xB2, 0xEE, 0x1E, 0xD0, 0x4C, 0xAE,
    0xF4, 0x80, 0xA6, 0x5D, 0x3B, 0x1D, 0xA0, 0xD9, 0x9B, 0xAD, 0x0E, 0x5A, 0x5A, 0x44, 0xF7, 0x37,
    0x55, 0xB9, 0xF9, 0xC7, 0xBF, 0xDA, 0x92, 0x28, 0x34, 0xC8, 0x8E, 0xAB, 0xB8, 0x38, 0x65, 0x1E,
    0x62, 0x1E, 0xA0, 0x74, 0xC5, 0xD7, 0x45, 0xE7, 0x92, 0x9C, 0x55, 0xEE, 0xA9, 0x05, 0x15, 0x37,
    0x0B, 0x2A, 0x3E, 0x10, 0x15, 0x8F, 0x8F, 0xC2, 0xFC, 0x7F, 0x20, 0xA0, 0x79, 0x3C, 0x41, 0xB7,
    0x29, 0x43, 0x3F, 0x24, 0x73, 0x00, 0x9A, 0xAC, 0x05, 0xF7, 0x52, 0x56, 0x02, 0x00, 0x9A, 0xF0,
    0x85, 0x00, 0x34, 0xE1, 0x83, 0x00, 0x68, 0xC2, 0x17, 0x32, 0xA0, 0x19, 0xED, 0x7D, 0x87, 0x71,
    0x36, 0x92, 0xB2, 0x00, 0x9A, 0xC9, 0xBA, 0x00, 0x9A, 0x76, 0xFD, 0x34, 0x80, 0xA6, 0xD2, 0x6F,
    0xFB, 0x71, 0x86, 0x87, 0x7A, 0xEE, 0x92, 0x11, 0xBF, 0xB0, 0x8E, 0x54, 0x19, 0xBE, 0x08, 0xA9,
    0x32, 0xF1, 0x71, 0x05, 0xA9, 0x32, 0xE4, 0x86, 0x54, 0x99, 0x05, 0x87, 0x54, 0x39, 0xDA, 0xBB,
    0xC4, 0xA9, 0x32, 0xF1, 0x2F, 0xA9, 0x72, 0x92, 0x4A, 0xAA, 0x6C, 0xD3, 0x93, 0x52, 0xE5, 0x47,
    0x2E, 0xD4, 0x13, 0xB2, 0x50, 0xE3, 0x9C, 0x17, 0xEA, 0x99, 0x8A, 0x17, 0xCA, 0x9C, 0xE4, 0x8B,
    0xA0, 0xC8, 0x73, 0xBE, 0xE8, 0x11, 0x80, 0x26, 0x14, 0x1D, 0x80, 0x26, 0x8D, 0xBF, 0x05, 0xA0,
    0x09, 0x41, 0x01, 0xD0, 0x64, 0x35, 0x45, 0x99, 0x8E, 0x09, 0x07, 0x1C, 0xB7, 0xD7, 0x01, 0x68,
    0x62, 0xC2, 0x00, 0x34, 0x41, 0x1F, 0x82, 0xE6, 0xE0, 0x68, 0x58, 0xF0, 0xA9, 0x11, 0xC1, 0xCB,
    0x88, 0xE0, 0x28, 0x82, 0x4F, 0x4F, 0x03, 0x68, 0x9E, 0x28, 0x78, 0x71, 0x4B, 0xDF, 0x36, 0x67,
    0x52, 0xE1, 0x23, 0x69, 0x45, 0xF0, 0xDD, 0x84, 0xF9, 0xC8, 0xEA, 0x50, 0x04, 0x5F, 0x07, 0x2C,
    0xF8, 0x12, 0x46, 0x0C, 0xC1, 0x63, 0x24, 0x3E, 0x76, 0x58, 0xE0, 0x49, 0x9A, 0x70, 0x76, 0x66,
    0x53, 0xBB, 0x3F, 0xD1, 0x18, 0xAD, 0x60, 0xE2, 0x09, 0x20, 0x27, 0x07, 0xE3, 0x2C, 0x41, 0x2E,
    0xF3, 0x10, 0x20, 0x27, 0x2B, 0x4E, 0xCB, 0xC1, 0x75, 0x1D, 0x20, 0x27, 0xF8, 0x00, 0xC8, 0x89,
    0xA0, 0x0C, 0x90, 0x93, 0x83, 0x72, 0xCD, 0x41, 0xF9, 0xD2, 0x96, 0x04, 0xE5, 0x55, 0x06, 0x37,
    0x89, 0x0F, 0x1E, 0x89, 0x0F, 0x01, 0x39, 0x29, 0x83, 0x69, 0x35, 0x28, 0x9F, 0x02, 0xE4, 0x1C,
    0x1F, 0x4A, 0xA3, 0xD5, 0x64, 0x22, 0x72, 0x86, 0x14, 0xCF, 0xFD, 0x47, 0x13, 0xE7, 0xF6, 0x7D,
    0x4B, 0x65, 0x44, 0x58, 0x5A, 0xFB, 0x80, 0x66, 0x6E, 0x13, 0xC4, 0x86, 0x7B, 0x0D, 0x47, 0x86,
    0x52, 0x12, 0x13, 0xCB, 0x29, 0x90, 0xED, 0xB7, 0x81, 0x4D, 0x2F, 0xCF, 0x50, 0x54, 0x2F, 0x3B,
    0x8C, 0x04, 0x4C, 0xA4, 0x95, 0xBF, 0x78, 0xC8, 0x5F, 0x63, 0xD2, 0x02, 0x1F, 0x21, 0xDF, 0xD6,
    0x61, 0x96, 0x86, 0x65, 0xB8, 0x55, 0x10, 0x0D, 0x4A, 0xF0, 0x23, 0xF7, 0x36, 0xC9, 0xD7, 0xBD,
    0x9C, 0x1B, 0x17, 0xBE, 0x9C, 0x7B, 0x35, 0x76, 0xB8, 0xDC, 0x0F, 0xE9, 0x12, 0x1E, 0xBC, 0x44,
    0x82, 0x9A, 0x60, 0x3B, 0xCC, 0x66, 0xEA, 0x74, 0xC8, 0xFF, 0xEA, 0x28, 0x3B, 0x38, 0xAA, 0x1A,
    0x8C, 0x18, 0xC9, 0x08, 0x5B, 0x7E, 0x42, 0x54, 0x6A, 0xD5, 0xFD, 0x8A, 0x55, 0xEA, 0xCA, 0xFD,
    0x29, 0xAB, 0xD4, 0x7A, 0x16, 0xB3, 0x4A, 0xAD, 0xA7, 0x21, 0x7F, 0xEE, 0x4A, 0xCE, 0xB6, 0x9B,
    0xAC, 0x55, 0x9E, 0xA8, 0xD4, 0x4F, 0x7B, 0xCC, 0xE8, 0x93, 0x46, 0xB3, 0xD4, 0xA7, 0x86, 0xE0,
    0xA3, 0x8A, 0x9A, 0xB0, 0x65, 0x55, 0x77, 0x57, 0xA0, 0x5A, 0x6B, 0x75, 0xF8, 0x6E, 0xC6, 0xDF,
    0xEB, 0x1D, 0x64, 0xC8, 0xB3, 0xFE, 0x3A, 0xA0, 0x7A, 0xA0, 0x5B, 0xBF, 0xD2, 0x45, 0x5B, 0x19,
    0xE2, 0xCB, 0xD6, 0x4D, 0x9B, 0xC1, 0xB7, 0x84, 0x4D, 0x98, 0x41, 0xC5, 0x6D, 0x49, 0xE2, 0x21,
    0x15, 0xA7, 0x3C, 0x02, 0x9F, 0x4B, 0xBF, 0xC4, 0xE2, 0x82, 0x8A, 0x87, 0x12, 0x21, 0x54, 0xB0,
    0x9F, 0x3C, 0x2E, 0xF5, 0xF2, 0xD0, 0xE2, 0x48, 0x42, 0xAF, 0xBD, 0x52, 0xAB, 0x96, 0xAF, 0x4A,
    0x95, 0x44, 0xB2, 0xE1, 0x42, 0x09, 0xC2, 0xE1, 0x5A, 0x09, 0x0A, 0xC6, 0xE5, 0x12, 0xB1, 0xB3,
    0xCA, 0x15, 0x13, 0x47, 0x3B, 0x06, 0x3B, 0x29, 0xDA, 0x09, 0xD8, 0x89, 0x8F, 0x0B, 0xD8, 0x49,
    0xE1, 0x47, 0xAA, 0x27, 0xE2, 0xE9, 0xB4, 0x60, 0xE7, 0x42, 0x3E, 0x50, 0x32, 0x60, 0x01, 0x45,
    0x8D, 0x4B, 0xEC, 0x70, 0x0D, 0x5C, 0x39, 0xC1, 0xCE, 0xD2, 0xAF, 0x1F, 0x4C, 0x49, 0xBB, 0x3B,
    0x0A, 0xC5, 0x50, 0x7A, 0xBF, 0xA5, 0xB7, 0x84, 0xA5, 0xFF, 0xB1, 0x99, 0xFD, 0xD2, 0xC4, 0x6F,
    0xFF, 0x3D, 0x14, 0xDC, 0xFF, 0xA8, 0x1C, 0x8F, 0x18, 0xB9, 0x66, 0xF5, 0x8E, 0x4A, 0xD6, 0x6E,
    0xF2, 0xB9, 0xAD, 0xC0, 0xD6, 0xA3, 0x05, 0xAD, 0x5B, 0xAA, 0x15, 0x2B, 0x88, 0xA6, 0xD8, 0xD6,
    0x49, 0x6B, 0xA0, 0x18, 0x74, 0x89, 0xB9, 0x38, 0xA6, 0xCA, 0x78, 0xC9, 0xFC, 0x65, 0x4D, 0x1A,
    0xFC, 0x91, 0x23, 0x23, 0x26, 0x47, 0x1B, 0xE4, 0x9D, 0x23, 0x65, 0x18, 0xFF, 0xB6, 0x30, 0xED,
    0x12, 0xB9, 0xBE, 0xC4, 0x90, 0x1C, 0xC8, 0xB0, 0xA1, 0xB2, 0x1D, 0x87, 0xCC, 0x93, 0xF2, 0xD9,
    0xF5, 0x5A, 0x5C, 0xD3, 0x77, 0xA6, 0x46, 0xF4, 0x2F, 0x36, 0xA2, 0x7F, 0x36, 0x65, 0xFD, 0xE3,
    0xD8, 0x81, 0xF5, 0x76, 0x05, 0xEB, 0xDF, 0xDA, 0x7E, 0xC3, 0xFA, 0x77, 0x39, 0x1F, 0xF2, 0xE7,
    0x2E, 0xE7, 0x56, 0xF4, 0x2F, 0xE7, 0x80, 0x6C, 0x55, 0x0F, 0xB1, 0xF7, 0xDF, 0x87, 0xE5, 0x6A,
    0xDE, 0xA5, 0xF6, 0xD2, 0x64, 0x61, 0x5A, 0xA3, 0x08, 0x31, 0x89, 0x72, 0x04, 0x49, 0x96, 0x2C,
    0xB3, 0x92, 0xE5, 0x58, 0xB2, 0x18, 0xCB, 0x65, 0xFE, 0x0D, 0x72, 0xDD, 0xB7, 0xCB, 0x88, 0x65,
    0x18, 0xB1, 0x08, 0x23, 0x96, 0xE0, 0x90, 0x05, 0xB8, 0x03, 0xF9, 0x3D, 0x68, 0x16, 0xEA, 0x9D,
    0x71, 0x4F, 0xAA, 0x52, 0x28, 0x65, 0x80, 0x90, 0x3C, 0xA1, 0x4B, 0xD8, 0x2D, 0xA3, 0xCE, 0x5E,
    0x36, 0xDE, 0x14, 0x7F, 0xE0, 0xCB, 0x84, 0xE8, 0x98, 0xA5, 0x76, 0xD9, 0x9C, 0x31, 0xC9, 0x0D,
    0x12, 0x6A, 0x88, 0x0D, 0x57, 0xFA, 0xBB, 0xCD, 0xCE, 0xDF, 0x41, 0x41, 0x49, 0x39, 0xB6, 0xBB,
    0x3F, 0x45, 0x19, 0x79, 0x43, 0xA0, 0x99, 0x71, 0x6F, 0xC7, 0xA9, 0xAA, 0x0C, 0xCC, 0x72, 0x00,
    0x62, 0x63, 0x32, 0x58, 0x7F, 0x8A, 0x90, 0x83, 0x8B, 0x81, 0xFD, 0xD2, 0xCF, 0x2C, 0xA4, 0x0A,
    0x15, 0x64, 0x25, 0x05, 0x24, 0xD7, 0x8F, 0x5C, 0x3E, 0x72, 0xF5, 0x18, 0xB0, 0xDC, 0x8E, 0x00,
    0xED, 0x87, 0x70, 0x25, 0x43, 0x2C, 0xEE, 0x79, 0x9E, 0x10, 0xE0, 0x4A, 0x4E, 0x6C, 0x6F, 0x75,
    0x52, 0x07, 0x22, 0xD9, 0xE1, 0x95, 0x1B, 0x4A, 0x11, 0x99, 0x0D, 0xB1, 0x72, 0xDF, 0x01, 0x5C,
    0xC9, 0x25, 0xE4, 0x74, 0x88, 0x95, 0xFB, 0x36, 0xC3, 0x95, 0x1C, 0x8C, 0x86, 0x1A, 0x8C, 0x86,
    0x1A, 0x8C, 0x86, 0xEA, 0x04, 0x1F, 0x0D, 0x57, 0x9E, 0xA0, 0x41, 0x57, 0xEA, 0xF9, 0xCA, 0x06,
    0x56, 0x5A, 0x4A, 0x4A, 0x0A, 0xB8, 0x92, 0x6D, 0x74, 0xAF, 0x31, 0x6C, 0xA2, 0x83, 0x46, 0xF2,
    0x51, 0xE4, 0x3D, 0x6C, 0xA0, 0xFA, 0xB9, 0x5C, 0x92, 0x51, 0x81, 0x2B, 0x51, 0x61, 0x3E, 0x12,
    0xAE, 0xAC, 0xE7, 0x0A, 0x06, 0xD2, 0xE0, 0x88, 0x35, 0xD8, 0x61, 0x24, 0xFA, 0xF6, 0x52, 0xC4,
    0xF4, 0x83, 0x7B, 0x4E, 0xB2, 0xA1, 0xCE, 0x49, 0x65, 0xD8, 0xC4, 0x1C, 0x94, 0x51, 0xE1, 0xC3,
    0x83, 0x06, 0x05, 0x7F, 0xEE, 0xCA, 0x1E, 0x76, 0x69, 0x78, 0xBF, 0x2A, 0x62, 0xFA, 0x4F, 0xCB,
    0x46, 0x72, 0xBF, 0xA1, 0xBC, 0x30, 0x8E, 0xE7, 0xEB, 0x15, 0xD4, 0xCB, 0xE9, 0x8E, 0xA4, 0x62,
    0x37, 0xA5, 0x58, 0xD1, 0x5A, 0x65, 0x9F, 0xC3, 0x30, 0xD9, 0x06, 0xFB, 0xA6, 0x54, 0x3C, 0xA5,
    0x11, 0x47, 0x09, 0xB8, 0x92, 0xA8, 0x32, 0x5C, 0x99, 0xAC, 0x33, 0x5C, 0x49, 0x55, 0xE3, 0xA9,
    0xE0, 0xCA, 0x3F, 0x55, 0x0E, 0xF6, 0x59, 0xE1, 0xCA, 0xCF, 0x39, 0x67, 0x3B, 0x0D, 0x5C, 0x79,
    0xB2, 0xE2, 0xD6, 0x1A, 0x5F, 0x6A, 0x0D, 0x2F, 0xB5, 0x46, 0x97, 0x5A, 0x83, 0x4B, 0x2D, 0x8A,
    0x6B, 0x6A, 0x55, 0xDC, 0x5A, 0x15, 0x57, 0x3F, 0xC7, 0x70, 0x25, 0xE2, 0x4A, 0xAD, 0x45, 0xD4,
    0xE9, 0xE1, 0x4A, 0xDE, 0xC8, 0x1A, 0x8B, 0x78, 0x20, 0x1B, 0xEC, 0x63, 0x59, 0x6C, 0x62, 0x49,
    0xB1, 0x81, 0xED, 0x2B, 0xDE, 0xBB, 0x92, 0x8D, 0x2B, 0xDE, 0xB5, 0xE2, 0x2D, 0x2B, 0xDE, 0xAF,
    0xE2, 0xCD, 0x2A, 0xD9, 0xA9, 0x4A, 0xB8, 0x16, 0xA7, 0xB5, 0xB0, 0x08, 0x34, 0xB6, 0xE4, 0x42,
    0x93, 0x63, 0x54, 0x3B, 0x4B, 0x9F, 0x76, 0x4E, 0x0E, 0x66, 0x9C, 0xFF, 0x30, 0xE1, 0xA1, 0x90,
    0x1E, 0x19, 0x26, 0x4E, 0x7E, 0x17, 0xE4, 0xC9, 0x15, 0x83, 0x81, 0x91, 0xEC, 0x9D, 0x2D, 0xCB,
    0xD6, 0xD9, 0x50, 0x76, 0xCE, 0x22, 0xD9, 0x38, 0x8B, 0x64, 0xDF, 0x2C, 0x92, 0x6D, 0xB3, 0xA1,
    0xEC, 0x9A, 0xED, 0xCC, 0x6B, 0xF2, 0xCC, 0x1D, 0x2F, 0x84, 0x36, 0x99, 0x31, 0xAF, 0x0F, 0xB9,
    0x9F, 0x41, 0x4E, 0xB3, 0x09, 0x1E, 0x90, 0xE1, 0xAE, 0xBA, 0x37, 0x29, 0x3D, 0x7B, 0xC2, 0x22,
    0x47, 0xA3, 0x4B, 0x4A, 0x97, 0x30, 0x3F, 0x43, 0x96, 0xBC, 0x4F, 0x45, 0xB3, 0xE7, 0x3A, 0x7A,
    0xDF, 0x97, 0x53, 0x46, 0xFB, 0x2D, 0xFB, 0xDE, 0x5A, 0xFC, 0xBB, 0x97, 0x3E, 0x66, 0x6C, 0x50,
    0x92, 0xDF, 0x0E, 0x0A, 0x32, 0xF5, 0x97, 0x0E, 0xF6, 0xC0, 0xFA, 0x8F, 0x52, 0xBF, 0x7A, 0xD2,
    0x42, 0xFA, 0xE0, 0x16, 0xCE, 0x7B, 0xC0, 0xB4, 0x2F, 0x90, 0x74, 0x2E, 0x78, 0x74, 0x71, 0x7B,
    0xAD, 0x09, 0x0E, 0x3A, 0xBA, 0xE4, 0xDB, 0x98, 0xE5, 0x73, 0x23, 0xBC, 0x79, 0x74, 0xA8, 0xD9,
    0x33, 0xFC, 0xAE, 0xEB, 0x6F, 0xA6, 0xB4, 0x86, 0x95, 0xA8, 0xFA, 0x06, 0x2D, 0xAA, 0x4F, 0x0E,
    0x68, 0x00, 0x80, 0x27, 0x26, 0x63, 0xB1, 0x7B, 0xE9, 0x76, 0xD0, 0xDD, 0x88, 0x72, 0x3B, 0xD8,
    0xAF, 0xE2, 0x72, 0x99, 0xC2, 0x5B, 0xE6, 0xCA, 0x8E, 0xDE, 0x5C, 0x0D, 0xB2, 0xC7, 0xB9, 0x11,
    0xA6, 0xF2, 0x58, 0x6D, 0x97, 0x9F, 0x12, 0x24, 0xB6, 0x5D, 0x4E, 0x44, 0x3C, 0xF1, 0xBF, 0xFE,
    0xBA, 0xA6, 0x44, 0xD3, 0x3E, 0x0B, 0xE9, 0x6F, 0x0E, 0x01, 0xD3, 0x43, 0xFB, 0xDA, 0x34, 0xF3,
    0x11, 0xB5, 0xBB, 0x3D, 0x90, 0x2A, 0xA5, 0xAB, 0x6D, 0xE9, 0x00, 0x47, 0x55, 0xDD, 0xA4, 0xAA,
    0x98, 0xC3, 0xA4, 0xA1, 0x1B, 0x70, 0xB8, 0x94, 0xD6, 0x15, 0x73, 0x48, 0x1F, 0xA2, 0x1B, 0xE2,
    0x10, 0xD0, 0xAE, 0x01, 0x87, 0xFE, 0x84, 0x22, 0x3C, 0x38, 0x04, 0xA0, 0xCB, 0xCB, 0x12, 0x4C,
    0x35, 0x10, 0x79, 0x93, 0x5C, 0x23, 0xD2, 0xA0, 0xEE, 0x43, 0xD3, 0x2C, 0x75, 0x8A, 0xFB, 0x9B,
    0xB0, 0xBF, 0x39, 0x2C, 0xC9, 0x5F, 0xD1, 0xD1, 0x4F, 0x7B, 0xAB, 0x04, 0x7F, 0x7E, 0x17, 0x00,
    0xF0, 0xED, 0x22, 0xF7, 0x4E, 0x07, 0x36, 0x57, 0xBC, 0x87, 0x39, 0xB8, 0x9C, 0x6E, 0x26, 0x39,
    0x31, 0xF9, 0xB7, 0xAE, 0xB5, 0x39, 0x78, 0xBC, 0xB9, 0x3B, 0x60, 0x21, 0x9A, 0x21, 0xE0, 0x74,
    0x52, 0x55, 0x1A, 0xC1, 0xA0, 0xB9, 0x11, 0xE4, 0xCC, 0x5F, 0x23, 0x76, 0x3D, 0x28, 0x65, 0xF4,
    0xD3, 0xDE, 0xCE, 0x1F, 0x35, 0xFA, 0xD9, 0x31, 0x17, 0x4A, 0x7C, 0x6C, 0xC0, 0x33, 0x13, 0x1F,
    0xDB, 0x34, 0x42, 0x58, 0x18, 0xC1, 0x47, 0xB2, 0x45, 0x23, 0xF1, 0x11, 0x39, 0x1A, 0x21, 0x29,
    0x4A, 0x79, 0xC1, 0x47, 0x94, 0x87, 0x19, 0xAF, 0xA4, 0xA6, 0xB0, 0x71, 0x2D, 0x63, 0xE8, 0x34,
    0xA5, 0x8D, 0xDE, 0xCD, 0xCC, 0xFC, 0x2E, 0x14, 0x9A, 0x8B, 0xC4, 0xDE, 0x40, 0xBF, 0x5B, 0xA2,
    0x6C, 0x0E, 0xA3, 0x7D, 0xD9, 0x15, 0xA0, 0x1F, 0x3C, 0x78, 0xA3, 0x64, 0x7D, 0x72, 0x3E, 0x12,
    0xCB, 0xED, 0xEF, 0x26, 0x0F, 0x0A, 0xD0, 0xAF, 0xAC, 0x63, 0xFA, 0xB5, 0x3D, 0x7F, 0x0E, 0xF4,
    0x77, 0xAC, 0xD7, 0x82, 0xFE, 0xC8, 0x6E, 0x4D, 0x41, 0x7F, 0x38, 0x70, 0x17, 0xA5, 0x7E, 0xB9,
    0x1A, 0x49, 0xFD, 0x2E, 0x91, 0xDA, 0x6F, 0xD4, 0x08, 0x27, 0x4E, 0xF7, 0x53, 0x5C, 0x3F, 0xEF,
    0x1E, 0x89, 0x66, 0xBA, 0x8C, 0x91, 0x40, 0x4B, 0xF0, 0x59, 0xA2, 0x9B, 0xC0, 0x2B, 0x12, 0xDD,
    0x95, 0xFD, 0x4D, 0x56, 0x91, 0xE5, 0xF1, 0x94, 0x35, 0x64, 0x79, 0x69, 0xC2, 0x0A, 0xB2, 0xCC,
    0xFE, 0xC2, 0xF4, 0xAD, 0x5C, 0x94, 0x96, 0x0C, 0x75, 0x14, 0x72, 0xDA, 0xCD, 0xD5, 0xB7, 0x73,
    0x19, 0xB4, 0x4F, 0xF4, 0x96, 0xD3, 0x33, 0x40, 0x69, 0x07, 0x51, 0x16, 0x3F, 0x0E, 0xD2, 0xF7,
    0x5F, 0x15, 0xDA, 0x2B, 0xF4, 0x16, 0x26, 0xBE, 0xFC, 0x95, 0x83, 0x52, 0xA8, 0xB3, 0xA6, 0x82,
    0xBC, 0x5F, 0xDD, 0x66, 0xFA, 0xF1, 0x16, 0x39, 0x64, 0x8F, 0x09, 0xA4, 0xAA, 0xA0, 0x3D, 0x0C,
    0xE4, 0x99, 0x6B, 0xB2, 0xC4, 0xB3, 0xB0, 0x35, 0x70, 0x1F, 0xF7, 0x4A, 0x38, 0xE9, 0x03, 0xC5,
    0xD2, 0xAC, 0xC1, 0x2C, 0x3E, 0x0E, 0xD2, 0xF7, 0x9E, 0x91, 0x5D, 0xCA, 0x36, 0x63, 0x3B, 0x85,
    0x30, 0x79, 0x2E, 0x7C, 0xAB, 0x16, 0x2E, 0xA9, 0xD8, 0x98, 0xFC, 0x17, 0x66, 0xB3, 0x1E, 0xA2,
    0xEA, 0x04, 0x9F, 0xDB, 0xC3, 0xA0, 0xBA, 0xC6, 0x8C, 0x8E, 0xA2, 0x2D, 0x4A, 0xB9, 0xC0, 0xE9,
    0x4A, 0xE8, 0x36, 0x96, 0x99, 0xD5, 0xC8, 0x5C, 0xDD, 0x10, 0x7F, 0x42, 0x7E, 0x7B, 0x7B, 0xD4,
    0xDB, 0x49, 0xAD, 0x3E, 0xC6, 0xFD, 0xB8, 0xD2, 0x3B, 0xAA, 0x2D, 0xD5, 0xC2, 0xBD, 0x17, 0x66,
    0x09, 0x57, 0x5F, 0xA1, 0x2E, 0xBC, 0xFA, 0xFA, 0x4D, 0x0A, 0x38, 0x78, 0xA5, 0xB0, 0x9D, 0xDD,
    0xA8, 0x83, 0x12, 0x85, 0x26, 0x37, 0x22, 0x1A, 0x6D, 0xE2, 0xA9, 0xA8, 0xB4, 0xEF, 0x6E, 0xA8,
    0x4E, 0x97, 0xCB, 0xA2, 0xD4, 0x0E, 0x6F, 0x06, 0xCF, 0x53, 0x93, 0x88, 0x5A, 0x8F, 0x8B, 0xE4,
    0x17, 0x92, 0x02, 0xB4, 0x68, 0xF1, 0x65, 0xFD, 0x7D, 0x56, 0xB7, 0x6F, 0xC2, 0xFF, 0xA3, 0xAA,
    0xEC, 0x4F, 0xAD, 0xEA, 0xF4, 0x9D, 0xA5, 0x74, 0xE6, 0xA0, 0xC6, 0xBC, 0xBB, 0x1F, 0xD7, 0x11,
    0x6F, 0x57, 0x92, 0x04, 0xDB, 0x49, 0xC3, 0x1C, 0x05, 0x55, 0x42, 0x66, 0x06, 0x96, 0x6C, 0x16,
    0xE5, 0x23, 0xE6, 0x29, 0xA2, 0xFF, 0x36, 0xD8, 0x27, 0x91, 0x2C, 0x83, 0x1A, 0x5C, 0x7D, 0x57,
    0xEE, 0x88, 0xAD, 0x3A, 0x7E, 0x25, 0x4A, 0x37, 0xC0, 0x57, 0x65, 0x2B, 0xFA, 0x04, 0x18, 0xAB,
    0xBC, 0xCD, 0x48, 0xF6, 0xD4, 0x10, 0x87, 0x25, 0x2F, 0xD9, 0x31, 0x17, 0x22, 0x61, 0x20, 0xF9,
    0xB1, 0xDB, 0x53, 0x99, 0xB9, 0xFD, 0x7E, 0xAF, 0xE1, 0x5F, 0xCD, 0x76, 0x19, 0xFA, 0x2C, 0xEE,
    0x98, 0x6B, 0xE8, 0xDB, 0x98, 0xBA, 0xD7, 0xCC, 0x7C, 0xF3, 0xA3, 0x59, 0x7A, 0xBD, 0x4F, 0x3B,
    0xAF, 0x9B, 0x93, 0xAC, 0x67, 0x59, 0x55, 0x78, 0x59, 0xAD, 0x07, 0x23, 0x2B, 0xB0, 0xAF, 0xD6,
    0x43, 0xC1, 0x97, 0xD5, 0xD7, 0x3B, 0x6A, 0x3D, 0xF6, 0x88, 0xF5, 0x08, 0xE6, 0x11, 0xFB, 0xC7,
    0xAD, 0x67, 0xFE, 0xE5, 0xE5, 0x8B, 0x7D, 0x4E, 0xBD, 0xFC, 0x15, 0x0D, 0x9A, 0x95, 0xD3, 0xFD,
    0xC4, 0x50, 0x4F, 0x8C, 0x17, 0x35, 0x5B, 0xF4, 0x1A, 0x66, 0x8E, 0x95, 0x18, 0x96, 0x12, 0xBC,
    0x9E, 0xAD, 0x25, 0x32, 0x3C, 0x3B, 0x92, 0xC0, 0xB0, 0x3C, 0x64, 0xBE, 0xCD, 0x46, 0xC4, 0x7C,
    0x7B, 0x8D, 0xF0, 0x7D, 0xAD, 0x12, 0xBE, 0x5D, 0x66, 0x15, 0xB4, 0xB4, 0x9A, 0x94, 0x8B, 0x31,
    0xDD, 0x50, 0x58, 0x33, 0x7A, 0xD0, 0xAA, 0x01, 0x2A, 0xA3, 0xFF, 0xF2, 0xD0, 0xC6, 0xF2, 0xD9,
    0x0D, 0x73, 0x62, 0x55, 0x84, 0xE7, 0xAC, 0xE9, 0xED, 0xCB, 0x9C, 0x13, 0xF3, 0xB2, 0x94, 0xF4,
    0xB2, 0x75, 0xD9, 0x81, 0x88, 0x91, 0x9C, 0xDE, 0x8E, 0xC8, 0x71, 0x30, 0x9D, 0x99, 0xD6, 0xB0,
    0x97, 0xC4, 0xB3, 0x3D, 0x52, 0x2D, 0xD6, 0xE4, 0x35, 0x5E, 0x9F, 0x49, 0xEB, 0x6A, 0x92, 0x0F,
    0x4C, 0x4F, 0xB7, 0x8C, 0xDE, 0x55, 0x59, 0x46, 0xD0, 0xC5, 0x32, 0xFA, 0x13, 0x59, 0x46, 0xE2,
    0xF6, 0x64, 0x27, 0xB8, 0x7C, 0xC4, 0x09, 0x56, 0xBA, 0x8C, 0xF9, 0x91, 0x65, 0x5C, 0xD8, 0x77,
    0xEB, 0x28, 0xB1, 0x84, 0xD5, 0x76, 0x09, 0xE0, 0x58, 0xE2, 0xA3, 0x1D, 0xDC, 0x63, 0x3E, 0x28,
    0x0A, 0x88, 0x28, 0xD0, 0x1E, 0x4D, 0x7C, 0x34, 0x44, 0x07, 0x7C, 0xA0, 0x8D, 0x0C, 0x7C, 0x24,
    0x95, 0xF0, 0x81, 0x76, 0x31, 0x6F, 0xC1, 0x45, 0x7C, 0xD6, 0xF1, 0xEC, 0x61, 0x12, 0xDA, 0x62,
    0x07, 0x23, 0x33, 0x4B, 0x08, 0xA8, 0x71, 0x45, 0x97, 0x95, 0x6E, 0x40, 0xA1, 0x39, 0xA6, 0x39,
    0x2C, 0x0F, 0x9C, 0x39, 0xFB, 0x6C, 0xD8, 0x19, 0xFB, 0xD8, 0xD0, 0x92, 0xC7, 0x18, 0x61, 0xA3,
    0x7B, 0xE4, 0x17, 0x41, 0x75, 0x9E, 0x0A, 0x88, 0x06, 0x32, 0xBF, 0x09, 0xA4, 0x21, 0x12, 0xA4,
    0x01, 0x79, 0xCB, 0x97, 0xAF, 0xF6, 0x9E, 0xB7, 0x4F, 0x0C, 0x38, 0xEC, 0x45, 0x4D, 0x80, 0x44,
    0x8A, 0xFE, 0x05, 0x9C, 0x47, 0x35, 0xF6, 0x2E, 0x87, 0xFF, 0x2A, 0xB8, 0x8B, 0xF0, 0xBF, 0xDD,
    0xD0, 0x88, 0x19, 0xBF, 0x18, 0xDE, 0x95, 0xF0, 0x1F, 0xAF, 0x71, 0xF8, 0xFF, 0x4A, 0x27, 0xE1,
    0x3F, 0x2E, 0x25, 0xFC, 0x47, 0x1A, 0xF6, 0x97, 0x3A, 0x55, 0xF5, 0x58, 0x3B, 0xCB, 0x83, 0x87,
    0xAA, 0xFA, 0x2A, 0x7A, 0xD6, 0x74, 0x9E, 0xF1, 0x91, 0xF0, 0x3F, 0xDB, 0xE0, 0xD9, 0x46, 0x6B,
    0x33, 0xC4, 0x7E, 0xDD, 0x3C, 0x06, 0xA9, 0x5F, 0x37, 0x1D, 0x0B, 0x3D, 0x64, 0xD7, 0xDE, 0x24,
    0x3F, 0x81, 0xC8, 0x3F, 0x6E, 0x97, 0x21, 0xF1, 0x31, 0xA5, 0xC2, 0x1E, 0x4A, 0xB3, 0x91, 0x38,
    0x3B, 0x1E, 0x1E, 0x3B, 0xB2, 0xED, 0x30, 0x9A, 0xEB, 0x17, 0x43, 0xAF, 0xC1, 0x61, 0x8C, 0xE9,
    0x82, 0x3A, 0xAE, 0x38, 0xEA, 0xD3, 0x88, 0xE9, 0x47, 0xB0, 0x7F, 0x9A, 0xBE, 0xF5, 0x3A, 0x5E,
    0x70, 0xBB, 0x27, 0xB4, 0x03, 0xF7, 0x7D, 0x23, 0x29, 0xA4, 0xD8, 0xA1, 0x33, 0x12, 0x53, 0x90,
    0x60, 0x8B, 0x7B, 0x16, 0xAD, 0x1F, 0xB4, 0x1A, 0x25, 0x92, 0xEF, 0xAB, 0x63, 0xF8, 0x4D, 0xEF,
    0xC9, 0x8E, 0x6C, 0x33, 0xAC, 0xF0, 0x42, 0xF3, 0xDC, 0x33, 0x89, 0x0F, 0x30, 0x7F, 0xB6, 0x7D,
    0x36, 0x7C, 0x16, 0x36, 0x91, 0x42, 0x1A, 0xB8, 0x44, 0x71, 0xEF, 0x09, 0xBC, 0xC5, 0x51, 0x7A,
    0xE8, 0xEF, 0x03, 0x74, 0x2C, 0x89, 0x5F, 0xBF, 0x42, 0x96, 0xD7, 0x02, 0x6B, 0xFC, 0xD6, 0x0C,
    0xA5, 0x78, 0x72, 0x7E, 0xC3, 0x36, 0x1F, 0xCB, 0x86, 0xED, 0x7B, 0xAE, 0x4D, 0x30, 0x3F, 0x57,
    0xC4, 0xCF, 0x82, 0x90, 0x4B, 0x29, 0xA9, 0x25, 0x5A, 0x93, 0x2A, 0x9A, 0x82, 0xDC, 0x6E, 0x7B,
    0x63, 0x2A, 0x86, 0x45, 0x26, 0x47, 0x44, 0x8B, 0xA4, 0x20, 0xF1, 0xE6, 0x8F, 0x73, 0x09, 0x0A,
    0x85, 0x99, 0xAA, 0x41, 0xBD, 0x38, 0xCB, 0x78, 0x4F, 0x3B, 0x3E, 0xD9, 0x1B, 0x78, 0x9F, 0x6C,
    0xF0, 0x6C, 0x39, 0x3A, 0xD0, 0x84, 0x49, 0x85, 0x79, 0xCE, 0x21, 0xD9, 0x3D, 0xAF, 0xF1, 0x65,
    0x49, 0x84, 0x43, 0x2A, 0xE1, 0x89, 0x8F, 0x69, 0x48, 0x0B, 0x4B, 0x72, 0x8E, 0x31, 0x7A, 0xD8,
    0x81, 0x5A, 0x6D, 0x39, 0xCE, 0x85, 0xEB, 0x35, 0x17, 0x32, 0xE1, 0x3F, 0x4D, 0x39, 0xF7, 0x0C,
    0x53, 0x49, 0x8D, 0x7F, 0x98, 0x2A, 0x64, 0xAE, 0xFE, 0x37, 0x49, 0x0F, 0xB7, 0xB3, 0x8F, 0xCB,
    0xFB, 0xF6, 0xBC, 0xBC, 0x03, 0x40, 0x3F, 0xD9, 0x84, 0xE4, 0xFD, 0x52, 0x47, 0xF2, 0x8E, 0x48,
    0xD4, 0xB4, 0x48, 0x95, 0x76, 0x6D, 0x48, 0x1B, 0xC7, 0xB8, 0xEA, 0x53, 0x6B, 0xBF, 0x9A, 0xAF,
    0x16, 0x8F, 0x1A, 0x2A, 0xB6, 0xD0, 0x36, 0xE2, 0x2D, 0x32, 0xD4, 0x3F, 0x23, 0xA5, 0x7D, 0x76,
    0xFB, 0x5A, 0x6A, 0x1F, 0xAB, 0x63, 0x32, 0x9C, 0x5D, 0x57, 0x0C, 0xF2, 0xE4, 0xA3, 0x32, 0xA8,
    0x96, 0x2E, 0x55, 0xE8, 0x4A, 0x2A, 0x49, 0x21, 0xB0, 0x0D, 0x70, 0x08, 0x09, 0x92, 0xA1, 0x2E,
    0xA0, 0xE9, 0xC4, 0x2B, 0xCD, 0x0E, 0xB2, 0x4A, 0x59, 0x52, 0x29, 0xB1, 0x7B, 0x9B, 0xAE, 0x2C,
    0x25, 0x28, 0x08, 0xFD, 0x3E, 0x3B, 0x4B, 0x7F, 0x25, 0xF9, 0x6C, 0x43, 0x0E, 0x7E, 0x87, 0xEB,
    0x60, 0xEF, 0x5D, 0x86, 0x79, 0x1D, 0xB7, 0xC4, 0x40, 0x0E, 0x41, 0xC9, 0x51, 0x29, 0xD7, 0x0C,
    0x45, 0xBE, 0xBF, 0xA1, 0xB2, 0x98, 0x58, 0x5E, 0xA2, 0xEA, 0x82, 0xA6, 0x10, 0x1B, 0xEE, 0x77,
    0x4D, 0x71, 0x8D, 0x32, 0x5C, 0x5D, 0x41, 0xD7, 0x60, 0xBF, 0xA1, 0x24, 0x6B, 0x90, 0x0F, 0xE9,
    0x3D, 0x54, 0x05, 0x00, 0xD4, 0xCD, 0x03, 0x5C, 0x79, 0x53, 0x11, 0xA8, 0x22, 0x7D, 0x76, 0x84,
    0x8E, 0x47, 0x7A, 0x7D, 0xC8, 0x9A, 0xEE, 0xD7, 0x47, 0x21, 0xBF, 0x92, 0xBE, 0x7D, 0x19, 0x01,
    0x62, 0x88, 0x70, 0x15, 0x19, 0xFF, 0xA0, 0xBC, 0x48, 0x3C, 0x61, 0xA7, 0xBC, 0x42, 0x5D, 0x5C,
    0x79, 0x1B, 0xA2, 0xB7, 0xF6, 0xF0, 0x92, 0x9D, 0xC7, 0x16, 0x85, 0xA3, 0x3F, 0xB8, 0x07, 0x87,
    0x55, 0xB3, 0x40, 0xB2, 0x1C, 0xB6, 0xD8, 0x57, 0x21, 0xCC, 0x6D, 0xC0, 0xA7, 0x53, 0x91, 0xBC,
    0x97, 0x51, 0xE1, 0xF0, 0xF2, 0x7E, 0x83, 0x4D, 0xE0, 0x9A, 0xC2, 0x2E, 0x00, 0xDB, 0xBF, 0xA0,
    0x85, 0x0E, 0xDC, 0xB7, 0x6F, 0x9B, 0xF0, 0x01, 0xE5, 0xDE, 0xF6, 0xD2, 0x7E, 0x4D, 0x72, 0xA1,
    0xF4, 0x95, 0xB2, 0x8C, 0xDB, 0x88, 0xC8, 0xB7, 0xD1, 0x74, 0x36, 0x7B, 0x65, 0x66, 0xD6, 0x52,
    0xCD, 0x5E, 0xD8, 0xFE, 0x4E, 0xF7, 0xF9, 0xC6, 0x9D, 0x03, 0x5C, 0x50, 0x0D, 0x1A, 0x74, 0x37,
    0x13, 0x5D, 0xBF, 0x0A, 0x24, 0x5A, 0xFB, 0xE8, 0x8F, 0x66, 0x37, 0x81, 0x2E, 0x3B, 0xAC, 0xCC,
    0x35, 0xEC, 0x2E, 0x70, 0xA9, 0x69, 0xDF, 0x2E, 0xD9, 0x53, 0x5C, 0xF5, 0x56, 0x4B, 0x8D, 0x0D,
    0xB3, 0x13, 0x34, 0xBF, 0xDF, 0x8D, 0xB7, 0x69, 0x4E, 0x2A, 0x98, 0x26, 0xA9, 0xE4, 0x97, 0x28,
    0x7C, 0xC0, 0x94, 0xD7, 0x49, 0x76, 0x69, 0xC6, 0xEF, 0x72, 0x72, 0x39, 0xE8, 0x1C, 0xE7, 0x96,
    0x71, 0x31, 0xD6, 0xD4, 0xD2, 0x4A, 0x66, 0x99, 0x69, 0xC1, 0xD4, 0x6A, 0xB2, 0x32, 0xF9, 0xA1,
    0xEE, 0xC7, 0x3E, 0x50, 0x51, 0x9C, 0x58, 0x30, 0xCD, 0x9B, 0x34, 0xCA, 0x07, 0x97, 0x8A, 0x4D,
    0x91, 0xC3, 0x92, 0xEA, 0xB6, 0x39, 0x2F, 0xC5, 0xED, 0xB2, 0x13, 0x93, 0x8E, 0x0F, 0xA4, 0x72,
    0x88, 0x5E, 0x92, 0xCA, 0x36, 0x92, 0xC2, 0xF6, 0xA7, 0x2B, 0xE2, 0xBA, 0x76, 0x15, 0x9B, 0x8E,
    0x2B, 0x19, 0xBD, 0xF4, 0x53, 0xB6, 0xE1, 0x4E, 0x72, 0x29, 0xDC, 0x31, 0x41, 0xF3, 0x1F, 0xBC,
    0xAF, 0x85, 0x93, 0xD6, 0x2E, 0xC9, 0x8F, 0x85, 0xBE, 0xE4, 0xB9, 0xAE, 0x7C, 0x9A, 0xDE, 0xCC,
    0x85, 0x2B, 0x8D, 0xDE, 0x1C, 0x92, 0xF7, 0xDF, 0x75, 0x1B, 0xDB, 0xE9, 0x74, 0xFB, 0xD6, 0x8F,
    0xBE, 0x49, 0x8A, 0xCA, 0xED, 0x23, 0xE0, 0x5A, 0x94, 0xF6, 0xA8, 0xC9, 0xFF, 0x27, 0xA9, 0xD4,
    0x27, 0xBC, 0x66, 0x80, 0x5B, 0x58, 0x1E, 0xEB, 0x3B, 0x3A, 0xAC, 0xB5, 0xFE, 0x44, 0x09, 0xD8,
    0x23, 0x00, 0xCC, 0xD1, 0x31, 0x3E, 0x8F, 0x28, 0xBD, 0x65, 0xDF, 0x18, 0xC3, 0x3F, 0x41, 0xE9,
    0x5B, 0x9B, 0xB2, 0xD2, 0xDF, 0xB4, 0xEC, 0x21, 0x07, 0x53, 0x9B, 0x8A, 0xD2, 0xD3, 0xDF, 0x45,
    0xE9, 0x53, 0x51, 0x7A, 0xC9, 0xD0, 0xE3, 0x56, 0x33, 0xF5, 0xC9, 0xBA, 0xA2, 0xBB, 0x7B, 0x2A,
    0x46, 0xA7, 0xFB, 0x8F, 0x12, 0x41, 0x6C, 0x3E, 0xBF, 0x1F, 0x79, 0xC8, 0x8F, 0x38, 0xA1, 0xB0,
    0x66, 0xDC, 0x89, 0x2B, 0x20, 0xC0, 0x8F, 0xDC, 0x5A, 0x09, 0xA0, 0x92, 0x9B, 0x2A, 0xB9, 0xA3,
    0x92, 0xDB, 0x29, 0xA5, 0x97, 0x32, 0xEC, 0xF7, 0x8A, 0x14, 0x93, 0x44, 0xC3, 0xB0, 0x19, 0xA3,
    0xD9, 0x10, 0x7B, 0x4A, 0x71, 0x86, 0x6F, 0xD9, 0x04, 0x88, 0x3E, 0xBD, 0x8D, 0x3F, 0xD4, 0xBD,
    0xEA, 0xF5, 0x88, 0xF3, 0xBC, 0xF7, 0x06, 0xE5, 0x20, 0x07, 0x69, 0xE0, 0xD8, 0x39, 0xBA, 0x6D,
    0x88, 0xB8, 0x65, 0xEA, 0x96, 0xC9, 0x5B, 0xA6, 0x4F, 0xB3, 0x6F, 0xF0, 0x1E, 0x70, 0x40, 0x79,
    0x21, 0xB1, 0x80, 0xCE, 0x88, 0x5D, 0xBE, 0x5A, 0x46, 0x4A, 0x28, 0x13, 0xC2, 0x97, 0x7F, 0x74,
    0xDC, 0x7B, 0x33, 0xB0, 0x5E, 0x23, 0x09, 0x43, 0x37, 0xA0, 0x05, 0x94, 0x01, 0x7D, 0x46, 0x4B,
    0x59, 0x88, 0x3B, 0x6E, 0x36, 0x6B, 0xF1, 0x57, 0xAE, 0x42, 0xC6, 0xF4, 0xBB, 0x33, 0xDE, 0xC4,
    0x62, 0xC3, 0xE6, 0x1E, 0xD4, 0xC2, 0xA1, 0x05, 0x70, 0x8C, 0x0D, 0x9B, 0x3D, 0x34, 0x00, 0xBA,
    0xD9, 0x89, 0xC8, 0x1E, 0xC1, 0x5F, 0x40, 0x87, 0x45, 0xDE, 0x7E, 0x3B, 0x7F, 0x8C, 0x24, 0x99,
    0x9D, 0xA5, 0xD1, 0xD6, 0x44, 0x1D, 0xA0, 0xA2, 0xAC, 0xDC, 0x2B, 0x00, 0x9B, 0xAC, 0x71, 0x35,
    0x0F, 0xFB, 0x53, 0x1A, 0xC8, 0xC3, 0xC7, 0x34, 0x04, 0x79, 0x69, 0x69, 0x80, 0x5B, 0xC6, 0x3B,
    0x6B, 0x19, 0x6E, 0x18, 0x3E, 0x83, 0x13, 0xDF, 0x77, 0xBF, 0xCD, 0x51, 0x14, 0xD5, 0x07, 0xB9,
    0x1C, 0xD4, 0xCC, 0xE7, 0x53, 0xD3, 0x41, 0x7E, 0xC8, 0x9E, 0x70, 0xC7, 0xCC, 0x09, 0x6F, 0xC2,
    0x5A, 0xD2, 0x33, 0x26, 0x2C, 0x89, 0x0D, 0x15, 0xBD, 0x81, 0x71, 0x2B, 0x21, 0xF7, 0x11, 0x1A,
    0x6E, 0x22, 0xF4, 0xB9, 0x83, 0xD0, 0x72, 0xD7, 0x60, 0x28, 0x4D, 0x84, 0xD2, 0x38, 0x28, 0x5D,
    0x83, 0xDA, 0x32, 0x28, 0xFD, 0x82, 0xD2, 0x2C, 0x28, 0x50, 0xAD, 0x9A, 0x6B, 0x20, 0xC7, 0x63,
    0x39, 0x1D, 0xD3, 0x34, 0x64, 0x8C, 0x9F, 0x5A, 0x7C, 0xEA, 0x15, 0x8A, 0x63, 0xC0, 0x1C, 0x19,
    0x6F, 0x64, 0xAC, 0x91, 0x71, 0x46, 0xC6, 0x18, 0x19, 0x5F, 0x64, 0x6C, 0x51, 0x70, 0x45, 0x60,
    0x8A, 0x8C, 0x27, 0x0A, 0x96, 0x28, 0x38, 0xE2, 0x9D, 0x7E, 0xC3, 0x4C, 0xBE, 0x59, 0x0C, 0xF6,
    0x95, 0xD3, 0xD0, 0xE5, 0x23, 0x66, 0x03, 0xB4, 0x63, 0xD8, 0xEC, 0x06, 0xD1, 0x7D, 0xC1, 0xC2,
    0x43, 0xD3, 0x17, 0x44, 0x5B, 0x38, 0x4E, 0x11, 0x66, 0xFD, 0x25, 0x02, 0x42, 0xD4, 0x81, 0x2E,
    0x37, 0xBB, 0x6C, 0x8A, 0x47, 0x3F, 0xE9, 0x22, 0x58, 0xE5, 0x37, 0x05, 0x37, 0x03, 0x8E, 0xAE,
    0x2D, 0x8A, 0x6C, 0x2B, 0xBC, 0x3C, 0x67, 0xE7, 0x0D, 0x70, 0x00, 0x7F, 0x1B, 0x66, 0xFD, 0x25,
    0x40, 0xDF, 0x9F, 0xC7, 0x07, 0x9F, 0xD1, 0xF1, 0xC7, 0x47, 0x9E, 0xF9, 0xBC, 0xB3, 0x1C, 0x76,
    0xE6, 0x2E, 0x3F, 0x69, 0xF1, 0x63, 0x27, 0x2F, 0x5B, 0x59, 0x7C, 0xF9, 0x62, 0xEF, 0x7B, 0x18,
    0x35, 0x43, 0x23, 0x31, 0x27, 0xEE, 0x2C, 0x0C, 0x1F, 0x1D, 0x07, 0x59, 0x5C, 0x50, 0xDE, 0x00,
    0x08, 0x4F, 0xCE, 0x57, 0xE7, 0xDB, 0xE6, 0x49, 0x4B, 0x09, 0xC5, 0x28, 0xA0, 0x04, 0x67, 0x39,
    0xF8, 0x1F, 0x8F, 0x91, 0xAB, 0xCB, 0xC7, 0xA4, 0x65, 0x0F, 0x28, 0xC7, 0xBE, 0xE5, 0xFE, 0x67,
    0x16, 0x14, 0xE7, 0x29, 0x45, 0x42, 0xC6, 0x41, 0xDF, 0x1B, 0x43, 0x27, 0xB0, 0xD2, 0x52, 0x86,
    0xE7, 0xA2, 0x57, 0xA4, 0x55, 0xD0, 0x29, 0x68, 0x54, 0x32, 0x53, 0x73, 0x54, 0x65, 0x53, 0xE0,
    0x20, 0xA0, 0x8D, 0x2D, 0x83, 0x60, 0xEF, 0x35, 0x13, 0xFC, 0xD2, 0x15, 0x38, 0xD7, 0x8C, 0xFE,
    0x71, 0x34, 0x8F, 0xE3, 0x38, 0x33, 0xDA, 0xC6, 0xF9, 0x20, 0x33, 0xBE, 0x58, 0xB6, 0x5F, 0x1E,
    0x35, 0x8B, 0x43, 0xAB, 0xE6, 0x5F, 0x05, 0xE8, 0xEA, 0x0B, 0xD0, 0xD2, 0x17, 0xA0, 0x9F, 0x2F,
    0x40, 0x33, 0x1F, 0x9F, 0x66, 0x96, 0xA3, 0xCC, 0xDC, 0xC3, 0xC7, 0x26, 0xCB, 0xDD, 0x7B, 0x1C,
    0x71, 0xA4, 0x6F, 0x4F, 0x9A, 0xF6, 0xB8, 0x63, 0x6F, 0xEE, 0xC8, 0xB2, 0x90, 0xEF, 0x5D, 0xB8,
    0xC2, 0x8F, 0x71, 0x3E, 0x57, 0x05, 0x69, 0x30, 0xE8, 0x59, 0x99, 0x35, 0x52, 0x61, 0x41, 0xA6,
    0x1C, 0x50, 0xF9, 0x50, 0xB3, 0x95, 0x13, 0xCD, 0x56, 0x8E, 0x33, 0x87, 0x72, 0x96, 0x59, 0x0F,
    0x32, 0xEB, 0x29, 0xE6, 0xFE, 0x08, 0xB3, 0x9E, 0x5F, 0xD6, 0xC3, 0xCB, 0x7A, 0x72, 0xB9, 0x3F,
    0xB6, 0x7C, 0x78, 0x66, 0x79, 0x61, 0x2B, 0x37, 0x30, 0x33, 0xBD, 0x66, 0xC5, 0x56, 0xCC, 0x9C,
    0x55, 0xDB, 0xB4, 0xDC, 0xF7, 0xF7, 0x0A, 0x37, 0xFD, 0x49, 0xC7, 0x1F, 0xB7, 0xFB, 0x71, 0xAF,
    0x9F, 0x34, 0xFA, 0x71, 0x97, 0x9F, 0xE1, 0x16, 0x3F, 0x8F, 0xFB, 0xFB, 0xE4, 0xB4, 0xB2, 0x1C,
    0x55, 0xD6, 0x73, 0xCA, 0xD2, 0xD3, 0xA7, 0x0D, 0x7D, 0xD2, 0xCD, 0x27, 0xAD, 0x7C, 0xD2, 0xC7,
    0xD7, 0x87, 0xE1, 0x2F, 0x1E, 0xCA, 0x4B, 0xC4, 0xC5, 0xD2, 0x12, 0x61, 0x89, 0xAC, 0x7C, 0xC5,
    0xB4, 0xA3, 0x52, 0xF1, 0x3B, 0xC1, 0xEE, 0x18, 0xB7, 0x13, 0xCC, 0x4E, 0xF0, 0x3A, 0xC1, 0xEA,
    0x04, 0xA7, 0x13, 0x8C, 0x4E, 0xF0, 0x39, 0xC1, 0xE6, 0x04, 0x97, 0x13, 0x4C, 0x4E, 0xF1, 0xB8,
    0x1E, 0x8B, 0x8B, 0x24, 0xD4, 0xD2, 0xB7, 0x91, 0x4A, 0xE2, 0x40, 0x4F, 0x1A, 0xDD, 0xFF, 0x0F,
    0x2D, 0x7A, 0xF4, 0x48, 0x74, 0x7F, 0xC5, 0x29, 0xD0, 0x33, 0x99, 0x40, 0x89, 0x63, 0xA9, 0x78,
    0x7A, 0xFE, 0xF5, 0xF2, 0x75, 0x5C, 0xC8, 0x7F, 0x06, 0xC5, 0x53, 0x95, 0x9C, 0x6F, 0xE0, 0x0B,
    0x1F, 0xB8, 0xF7, 0xD1, 0x87, 0xE7, 0x73, 0x17, 0x9E, 0xEC, 0x8F, 0x95, 0x73, 0xCD, 0x77, 0x39,
    0x55, 0x40, 0x21, 0x40, 0x0B, 0x52, 0xE1, 0x1A, 0x76, 0xB0, 0x0D, 0x43, 0x18, 0x81, 0xAD, 0x48,
    0x3D, 0xBE, 0x5C, 0x64, 0xE3, 0x8C, 0xDB, 0xEB, 0xD0, 0x5B, 0x67, 0xF8, 0xA4, 0x30, 0x1F, 0x13,
    0xE6, 0x33, 0xC2, 0xE8, 0x89, 0xE0, 0xD3, 0xC1, 0x7C, 0x34, 0x98, 0xF7, 0x60, 0xF9, 0x50, 0x30,
    0x37, 0xD0, 0x49, 0xF7, 0x1C, 0xB7, 0xCE, 0x2D, 0x5D, 0x35, 0xA7, 0xB5, 0x91, 0x7E, 0x6B, 0x0C,
    0x4D, 0x15, 0xB8, 0x58, 0x6C, 0x16, 0x59, 0x6C, 0xE2, 0x86, 0x19, 0x37, 0x77, 0x60, 0x43, 0x10,
    0x7B, 0xB7, 0x72, 0xCE, 0x84, 0x77, 0x6D, 0x79, 0xCB, 0x96, 0xF7, 0x6B, 0x05, 0xF5, 0x16, 0x44,
    0xF4, 0xD1, 0x96, 0xAE, 0x41, 0x23, 0x28, 0x9E, 0xC0, 0xE9, 0x15, 0xFA, 0xDA, 0x67, 0xD4, 0xCA,
    0x7B, 0x4B, 0x0F, 0x0A, 0xB5, 0x74, 0xD9, 0x6B, 0x15, 0x19, 0x7E, 0x53, 0x1C, 0x24, 0xFC, 0xE3,
    0x44, 0xBC, 0xA3, 0xFD, 0x5F, 0xE4, 0x1B, 0xB9, 0x19, 0xB7, 0x05, 0x8A, 0x05, 0x04, 0x0B, 0xE8,
    0x15, 0x90, 0x2B, 0xA0, 0x56, 0x40, 0xAC, 0x18, 0xAD, 0x62, 0xE0, 0xF0, 0xD3, 0xFE, 0x9D, 0xFD,
    0x54, 0xD7, 0xAF, 0x4E, 0xFA, 0xC8, 0x06, 0xE2, 0x19, 0xF4, 0xBE, 0x59, 0xEC, 0x7F, 0x5A, 0x74,
    0xBD, 0x85, 0x68, 0x79, 0x0B, 0xB8, 0xDF, 0xAD, 0x94, 0xC3, 0x2E, 0x34, 0x1D, 0x6E, 0x73, 0xE3,
    0x1E, 0x37, 0x6E, 0x70, 0x93, 0xEE, 0x36, 0x69, 0x6D, 0xFB, 0x44, 0x6A, 0xB8, 0xBC, 0x52, 0xE2,
    0x00, 0x22, 0x55, 0x8E, 0x2E, 0x77, 0xE9, 0x4A, 0x40, 0x11, 0x6D, 0x84, 0xB0, 0xB6, 0x82, 0xCB,
    0x57, 0x7D, 0x04, 0xB8, 0xB0, 0x20, 0x0D, 0x98, 0x70, 0x6B, 0x8C, 0xD1, 0x28, 0xE7, 0x4D, 0x38,
    0xF8, 0xE0, 0xAF, 0x66, 0xD6, 0xEE, 0x61, 0xEC, 0x91, 0x00, 0xF7, 0x88, 0x38, 0x33, 0xD7, 0x57,
    0xC2, 0xD9, 0x46, 0x80, 0x63, 0xBB, 0x01, 0xCE, 0xEC, 0x06, 0x38, 0xB0, 0x1B, 0xE0, 0xB4, 0x2E,
    0x1F, 0xD5, 0xE5, 0x73, 0xBA, 0x7C, 0x48, 0x57, 0x4E, 0xE8, 0xA6, 0x7A, 0xAE, 0xA7, 0xAF, 0xDE,
    0xBC, 0x6A, 0xD1, 0x09, 0x3D, 0x4A, 0xBA, 0x06, 0x7B, 0x07, 0x01, 0x2E, 0x83, 0x9C, 0xE2, 0x07,
    0x51, 0xA3, 0xCB, 0x01, 0xEA, 0x13, 0xF7, 0x6E, 0x66, 0xD0, 0xEC, 0x45, 0x01, 0x08, 0x17, 0x94,
    0x7E, 0x51, 0xCD, 0xBD, 0x5E, 0xDC, 0xE0, 0x85, 0xAD, 0x2E, 0x8F, 0xB7, 0x09, 0xF8, 0xFB, 0xB8,
    0x79, 0x40, 0xA1, 0xE9, 0x53, 0xC4, 0xD4, 0x85, 0x16, 0x9A, 0xD9, 0x05, 0xBD, 0x6F, 0x3E, 0x37,
    0xBE, 0xA1, 0xEB, 0xCD, 0xA2, 0xE5, 0xCD, 0xA2, 0xDF, 0x0D, 0x3A, 0xA9, 0x9D, 0x32, 0x3F, 0x5D,
    0xFC, 0x44, 0xDF, 0xB6, 0x95, 0xF7, 0xF9, 0x13, 0xD2, 0x27, 0xBF, 0xED, 0x93, 0xA7, 0x04, 0x50,
    0xD5, 0x9F, 0x7F, 0xD2, 0x91, 0x55, 0x7B, 0xCA, 0x23, 0xAB, 0x27, 0x5E, 0x2E, 0x7C, 0xD6, 0xC4,
    0xED, 0x8F, 0x7E, 0x02, 0x48, 0x5A, 0xD7, 0x16, 0x0F, 0xE9, 0x7E, 0x92, 0x1C, 0xE6, 0x72, 0x5B,
    0xF5, 0x74, 0xA2, 0x2E, 0x71, 0xA9, 0x80, 0xFD, 0xF8, 0xD7, 0x25, 0x37, 0x5C, 0x71, 0x07, 0x16,
    0x37, 0x60, 0xC9, 0x8F, 0x68, 0xBF, 0xE2, 0xEE, 0xAB, 0xFE, 0xE4, 0x35, 0x7F, 0x1F, 0xEF, 0x45,
    0xC8, 0x0E, 0xCA, 0x69, 0xCC, 0xF7, 0x8F, 0xD1, 0xF0, 0xA0, 0xBB, 0x4D, 0xA7, 0xCE, 0xD7, 0x00,
    0x3A, 0x99, 0x25, 0xE9, 0x6E, 0x63, 0xC7, 0x9A, 0xAA, 0x03, 0x37, 0xDC, 0xD1, 0x86, 0x76, 0x36,
    0xA0, 0x4D, 0x06, 0x60, 0x13, 0x8E, 0x72, 0xA9, 0x82, 0x49, 0xFF, 0xDA, 0x68, 0x2E, 0x4F, 0x3C,
    0x3D, 0xC9, 0x3F, 0xAC, 0x46, 0x93, 0xB0, 0x5C, 0x7F, 0x8E, 0xCB, 0xB8, 0x8D, 0x65, 0x6C, 0xB1,
    0x8C, 0x3B, 0xE6, 0xA8, 0x12, 0x3D, 0x52, 0xA9, 0xC7, 0xB3, 0x2A, 0xA9, 0xEB, 0x01, 0x80, 0xF3,
    0xB8, 0xFA, 0xEE, 0x67, 0x94, 0x1F, 0x0D, 0x1E, 0x00, 0xA0, 0xA0, 0xB2, 0x98, 0x62, 0x22, 0x3F,
    0x58, 0xC1, 0xF0, 0x0E, 0x02, 0x5C, 0x32, 0x2A, 0xA6, 0x86, 0xDF, 0xDF, 0x1E, 0x7E, 0x6A, 0x06,
    0x21, 0xCC, 0x5F, 0x3F, 0x51, 0x0C, 0x5F, 0x10, 0xAB, 0xE6, 0x83, 0xBC, 0x7C, 0x8A, 0xD7, 0x70,
    0x4F, 0x9C, 0x34, 0xC4, 0x19, 0x35, 0xE3, 0x25, 0xF4, 0xC1, 0xF1, 0x99, 0x5D, 0x39, 0xB0, 0x6B,
    0xCC, 0x29, 0x2E, 0x17, 0x3E, 0xF3, 0x8A, 0xF7, 0x19, 0x3F, 0xBA, 0xDF, 0x0C, 0x9F, 0xD4, 0x45,
    0xDF, 0x1B, 0x9F, 0xD1, 0xE5, 0x03, 0xBA, 0x7C, 0x3A, 0x57, 0x8E, 0xE6, 0x4A, 0xA3, 0x1B, 0x77,
    0xB9, 0xD9, 0x23, 0x45, 0xC1, 0x23, 0x32, 0x45, 0x33, 0x67, 0x4C, 0xB5, 0x5E, 0x2D, 0xF7, 0xBF,
    0x2D, 0x69, 0xF7, 0xDA, 0x25, 0x5C, 0xD1, 0xF9, 0x86, 0x5C, 0x9B, 0xF5, 0xA2, 0x89, 0xD9, 0x3B,
    0xA0, 0x57, 0x87, 0x1B, 0x77, 0x42, 0xEE, 0x77, 0xF3, 0xE5, 0xFD, 0x7D, 0xAF, 0xDB, 0xB1, 0x6B,
    0xA0, 0x5C, 0x4C, 0x85, 0x03, 0xD0, 0x6F, 0x67, 0xB4, 0x91, 0xD0, 0x4B, 0x8F, 0xC1, 0x4D, 0x8A,
    0x4E, 0x48, 0xE6, 0x29, 0xBC, 0x92, 0x01, 0xA5, 0x7C, 0x32, 0x97, 0x91, 0x0B, 0xCA, 0x5B, 0x5E,
    0x77, 0x7C, 0x1A, 0x97, 0x9B, 0x20, 0xB8, 0x1D, 0x88, 0x8F, 0x4C, 0x96, 0x8A, 0x2E, 0x9C, 0xFB,
    0xDC, 0x13, 0xA3, 0x45, 0xE0, 0x67, 0xF7, 0x48, 0xCF, 0xDA, 0xFF, 0xAB, 0xB4, 0xE9, 0x10, 0x17,
    0xC3, 0xD7, 0xCF, 0x9D, 0x9F, 0xFD, 0x7C, 0xDC, 0x09, 0xF7, 0xA0, 0x71, 0x03, 0xDA, 0xF6, 0x02,
    0xB8, 0xD5, 0xCD, 0x70, 0x0D, 0x40, 0x0F, 0x4F, 0x78, 0x97, 0x61, 0xB1, 0xF7, 0x0E, 0x72, 0x00,
    0xD7, 0x6C, 0xAB, 0x3B, 0xB6, 0xB7, 0x58, 0xB2, 0xD5, 0x10, 0xB9, 0x86, 0x99, 0x90, 0x2C, 0x1B,
    0x7B, 0xB0, 0x87, 0x0C, 0xF0, 0xF2, 0x1B, 0xB4, 0x16, 0xCD, 0x00, 0xEA, 0x3C, 0xF9, 0x01, 0xAE,
    0x83, 0x83, 0x9F, 0x83, 0xE6, 0xF8, 0x4D, 0xCE, 0x7A, 0x7E, 0x9E, 0x9E, 0xD4, 0x00, 0x54, 0x5C,
    0xE4, 0x06, 0xA0, 0x83, 0x22, 0x79, 0x99, 0xD7, 0x79, 0xDF, 0x51, 0x41, 0x75, 0xDE, 0x4B, 0xDD,
    0x7B, 0x77, 0x73, 0xDF, 0xBD, 0x59, 0x5F, 0x08, 0xDE, 0xC9, 0xC3, 0x07, 0xDD, 0x1D, 0x83, 0x9D,
    0xC0, 0xB4, 0xBD, 0x68, 0xA2, 0x97, 0x69, 0xBC, 0x6E, 0xCE, 0x76, 0x94, 0x02, 0xE5, 0xE7, 0x78,
    0xE7, 0x0F, 0xC6, 0x62, 0x01, 0xBE, 0x34, 0x50, 0x7A, 0x1A, 0xA1, 0x48, 0xD1, 0x3B, 0xFA, 0xF4,
    0xA8, 0x7E, 0x07, 0x50, 0x0F, 0xB0, 0x68, 0x2D, 0x78, 0x6C, 0x07, 0x70, 0xAC, 0x25, 0x20, 0xE9,
    0xCA, 0x13, 0xDE, 0x6A, 0x41, 0x33, 0x77, 0x05, 0x26, 0x5E, 0xD0, 0xBC, 0x43, 0xBA, 0x3C, 0x47,
    0x0B, 0x59, 0x9C, 0xC1, 0x26, 0xE7, 0xE4, 0xC3, 0xC2, 0xFC, 0x27, 0x1C, 0xA1, 0xB3, 0xEF, 0x47,
    0x74, 0x41, 0x0B, 0x63, 0xB0, 0xF5, 0x06, 0x0E, 0x8D, 0xE2, 0x62, 0xB9, 0xBB, 0x1F, 0x59, 0x57,
    0xB3, 0x88, 0x1C, 0x1E, 0xEE, 0xB8, 0x73, 0x64, 0x26, 0x9F, 0x72, 0x1E, 0xA0, 0xFC, 0x90, 0x84,
    0xFC, 0xE6, 0x47, 0x18, 0x31, 0xCD, 0x6E, 0x87, 0x1C, 0x13, 0x4D, 0x73, 0xDC, 0x62, 0xBC, 0xCE,
    0x0F, 0xC1, 0xC0, 0x34, 0xC7, 0xF4, 0x77, 0x4C, 0xB3, 0xC5, 0xE7, 0xF0, 0x44, 0x32, 0xEC, 0xF8,
    0x9D, 0x03, 0x82, 0xA8, 0x3B, 0x7E, 0xE3, 0x7E, 0xC7, 0xAF, 0x87, 0x36, 0xBB, 0xF9, 0x9D, 0xBE,
    0xF6, 0x49, 0x52, 0x0C, 0x58, 0xE8, 0x8A, 0x15, 0x64, 0xD1, 0x6E, 0x91, 0x45, 0x92, 0x98, 0x83,
    0x16, 0xA8, 0xDC, 0x9B, 0xBF, 0xCB, 0xDC, 0x56, 0x4A, 0xF4, 0x27, 0x79, 0xD2, 0x81, 0x7E, 0x54,
    0x8C, 0xAE, 0xA6, 0x44, 0xDF, 0xAF, 0x46, 0x83, 0x0A, 0xF4, 0xAB, 0x95, 0x49, 0x0D, 0xFA, 0xDB,
    0x51, 0x7B, 0x1D, 0xF4, 0x97, 0xBD, 0x74, 0x03, 0xF4, 0xA3, 0x54, 0x94, 0x88, 0xC2, 0x89, 0x54,
    0x8A, 0x4E, 0x5B, 0x15, 0xE2, 0xCE, 0x1C, 0x83, 0xE9, 0x7B, 0x8F, 0x46, 0x74, 0xB9, 0x96, 0xA2,
    0xE5, 0x85, 0xC4, 0x31, 0xEF, 0x83, 0xFB, 0x29, 0xCF, 0xFB, 0x77, 0xF0, 0x5E, 0x34, 0xEF, 0xFA,
    0x2B, 0x2D, 0xCF, 0xBB, 0x46, 0xCB, 0x7C, 0x83, 0xD8, 0xC7, 0x67, 0xE8, 0xCC, 0x6D, 0x90, 0x23,
    0xBA, 0xB7, 0xB5, 0xE2, 0xDF, 0xB1, 0x42, 0x2E, 0x51, 0xFC, 0x19, 0xCE, 0x73, 0xBC, 0xD8, 0xA1,
    0x37, 0x9D, 0xB9, 0x49, 0xA8, 0xD5, 0xEB, 0x9B, 0x4C, 0xF7, 0x80, 0xF4, 0x1C, 0x74, 0xEB, 0xEF,
    0xED, 0x65, 0xA0, 0x5B, 0xB3, 0x7A, 0x11, 0xDD, 0xF0, 0x8D, 0x02, 0x74, 0x77, 0x27, 0x6B, 0x05,
    0xE8, 0x26, 0x53, 0x55, 0xAB, 0xD4, 0xB2, 0x5A, 0x3D, 0xE6, 0xC9, 0xA9, 0x98, 0x48, 0x4B, 0x8E,
    0xC8, 0xBD, 0xAF, 0x5B, 0x7C, 0xFD, 0x36, 0xC5, 0x53, 0xFD, 0xB2, 0xEF, 0x1C, 0xEB, 0x26, 0xCA,
    0x0F, 0xEF, 0xB4, 0x1D, 0x22, 0x15, 0xAE, 0xD2, 0xF8, 0x72, 0xC1, 0xF2, 0x78, 0x98, 0x2F, 0xFB,
    0xDD, 0x2B, 0xE0, 0x6C, 0x82, 0xE7, 0x94, 0xB5, 0x2C, 0x93, 0x72, 0xDB, 0xFE, 0x6C, 0x87, 0xA5,
    0x52, 0xDD, 0x9C, 0x50, 0x28, 0x01, 0x7F, 0x4D, 0x3C, 0xAD, 0x6A, 0x96, 0xCC, 0x86, 0x77, 0x09,
    0xF5, 0x05, 0x4E, 0x2B, 0x53, 0xC0, 0xAF, 0x58, 0x3A, 0x96, 0x3C, 0x51, 0xA5, 0x48, 0xF7, 0x56,
    0xDF, 0xAF, 0x37, 0xE9, 0xFA, 0x43, 0x65, 0x67, 0x36, 0xE7, 0xFA, 0x4E, 0x47, 0xC7, 0x51, 0xF0,
    0x7E, 0x13, 0x57, 0x9B, 0xCC, 0x29, 0xA2, 0xC4, 0xD5, 0xEC, 0x46, 0x8F, 0xA7, 0xB1, 0xFA, 0xA6,
    0x66, 0x50, 0xB3, 0xFE, 0xD6, 0xE4, 0x4F, 0x45, 0x81, 0xC3, 0x69, 0xAD, 0x1A, 0x9C, 0xF1, 0xCD,
    0x75, 0x2A, 0x9B, 0x6B, 0xD6, 0x61, 0xF2, 0x3A, 0x2D, 0x2B, 0xB1, 0xE7, 0x52, 0x27, 0x5A, 0x1C,
    0x55, 0x38, 0x96, 0x0D, 0x6B, 0x6D, 0xFF, 0x9B, 0xEA, 0x6B, 0x7C, 0x5B, 0x6F, 0xC2, 0x5A, 0xCF,
    0xEB, 0xF9, 0xF5, 0x85, 0xC3, 0x33, 0x71, 0x63, 0x39, 0xE1, 0x53, 0x8C, 0x33, 0x8E, 0x37, 0x03,
    0xF7, 0x61, 0xDF, 0xB6, 0x9A, 0x3B, 0x2A, 0xC3, 0xC1, 0xD2, 0x0A, 0x9E, 0x19, 0xC5, 0x3C, 0x6D,
    0x90, 0x70, 0x2A, 0x76, 0x1E, 0xDB, 0x66, 0xC3, 0x16, 0xE0, 0x2A, 0xD3, 0xBB, 0xEB, 0x41, 0xB1,
    0x9B, 0xDD, 0xF0, 0xA0, 0xDB, 0x41, 0x9E, 0xE4, 0xF4, 0x09, 0x4E, 0x3C, 0x96, 0xD2, 0xF1, 0x83,
    0x4A, 0x3A, 0x18, 0xCC, 0x4D, 0xD2, 0xE4, 0x73, 0x40, 0x96, 0x5E, 0xD8, 0x10, 0x06, 0xBA, 0x2D,
    0xA7, 0x6B, 0x9A, 0xE8, 0x7E, 0x20, 0x19, 0xF2, 0xAB, 0xB3, 0x63, 0x48, 0x46, 0x9B, 0x76, 0xAA,
    0x05, 0xB0, 0xA7, 0x7F, 0x6A, 0xC1, 0xEB, 0x02, 0xF8, 0x8B, 0xDA, 0xF4, 0x0F, 0x1E, 0xE8, 0x9F,
    0x3C, 0xD0, 0x37, 0xAF, 0xD7, 0x7D, 0xEF, 0xCE, 0x79, 0x1E, 0x7C, 0x77, 0x0B, 0xFB, 0x02, 0xE4,
    0x85, 0xDC, 0xA5, 0x57, 0x29, 0x4B, 0xEA, 0x26, 0x97, 0x1C, 0x44, 0x6A, 0xD3, 0x6B, 0xB9, 0xCD,
    0x9E, 0xB6, 0x54, 0x0F, 0x0E, 0x50, 0x06, 0x0D, 0x72, 0x1F, 0x9A, 0x42, 0x16, 0xFD, 0x2D, 0x9C,
    0xDE, 0x95, 0x9D, 0x02, 0x56, 0xFB, 0x40, 0xBA, 0xFD, 0x66, 0x4D, 0x87, 0xFD, 0xC9, 0x96, 0x7E,
    0x0B, 0x29, 0x5B, 0x38, 0x19, 0x39, 0x8B, 0x7D, 0xC3, 0x23, 0x6D, 0x21, 0x88, 0x07, 0xC7, 0xBB,
    0xA5, 0xB1, 0x4D, 0x21, 0xFA, 0x6B, 0xFE, 0x2E, 0x13, 0x2D, 0xF8, 0x9B, 0x82, 0x95, 0xC0, 0xDC,
    0xAE, 0x58, 0x07, 0xD0, 0x3F, 0x09, 0xBD, 0xF5, 0xD0, 0x4F, 0x49, 0x5A, 0x3B, 0x28, 0xD9, 0x9A,
    0xBD, 0x09, 0x80, 0x9E, 0x46, 0xF6, 0x4C, 0x49, 0xC6, 0xFD, 0xC6, 0x52, 0x50, 0x8A, 0xD1, 0x78,
    0xB5, 0xEE, 0x2F, 0x8D, 0x75, 0x53, 0x2C, 0x52, 0xFE, 0xBD, 0xBF, 0xEE, 0xF9, 0x50, 0xA7, 0x92,
    0xF5, 0xCC, 0x3E, 0x81, 0x47, 0xBE, 0x20, 0x5C, 0x75, 0xE2, 0x50, 0x76, 0xA9, 0x56, 0xB0, 0x69,
    0x33, 0x0C, 0xC0, 0xC8, 0xD3, 0x43, 0x72, 0x0B, 0x14, 0xAF, 0xA2, 0xDD, 0x0D, 0x13, 0xB4, 0x23,
    0xDB, 0x10, 0xB5, 0xED, 0x15, 0x8F, 0x9F, 0x84, 0x69, 0xF9, 0xD0, 0x36, 0xE9, 0xB1, 0x38, 0x14,
    0x75, 0x5F, 0xD1, 0x61, 0x9B, 0xE2, 0x82, 0xFB, 0xAA, 0xD5, 0x8D, 0xD4, 0xEA, 0xBE, 0xEA, 0x33,
    0xA9, 0xB8, 0x91, 0x48, 0x26, 0x5C, 0x9F, 0x6D, 0xC5, 0x7D, 0x61, 0x33, 0xF8, 0x44, 0xF7, 0x55,
    0x1F, 0x71, 0x5F, 0xFA, 0xD8, 0x43, 0xB7, 0x78, 0xBC, 0xE1, 0xC8, 0xC9, 0xF7, 0x56, 0x4F, 0xBE,
    0x37, 0x72, 0xF2, 0x9D, 0xB2, 0x21, 0x9C, 0x7C, 0x3F, 0xEF, 0x91, 0x8F, 0x6A, 0xC5, 0x6D, 0x90,
    0x16, 0xC2, 0x69, 0xA0, 0x67, 0x14, 0x7C, 0x34, 0xD8, 0xBE, 0x26, 0x3E, 0x5C, 0x2E, 0x7C, 0x00,
    0xA7, 0x93, 0x94, 0x72, 0xA4, 0x3E, 0x78, 0xA4, 0xBB, 0xCE, 0xA7, 0x7F, 0xFA, 0xE7, 0x02, 0xD8,
    0x62, 0x41, 0x7E, 0x9D, 0xF4, 0x8B, 0xD2, 0x4A, 0x10, 0x26, 0x39, 0xB6, 0x11, 0x5D, 0xAE, 0x5B,
    0x14, 0x80, 0xCF, 0x93, 0xD1, 0x86, 0x34, 0xA5, 0x7F, 0x13, 0x51, 0x54, 0xC9, 0xD0, 0xAA, 0x9B,
    0x0F, 0x7D, 0x8A, 0x10, 0x5F, 0xF0, 0x4B, 0x79, 0xFC, 0x48, 0x7C, 0x9F, 0xA2, 0xF1, 0xA0, 0x6F,
    0x38, 0x58, 0x3C, 0xD9, 0xF2, 0x25, 0x9E, 0xF1, 0xB8, 0xB4, 0x48, 0x29, 0x3F, 0x76, 0xAD, 0x54,
    0x40, 0x65, 0xC2, 0x24, 0xD7, 0x72, 0x6B, 0x79, 0xC6, 0x25, 0x8E, 0x7C, 0x93, 0xE4, 0x8B, 0xD8,
    0x8A, 0xAA, 0xDD, 0xB1, 0x3C, 0xE3, 0xEF, 0x35, 0x96, 0x67, 0x3C, 0xC9, 0x2C, 0xCF, 0x98, 0xB7,
    0x87, 0x1A, 0xB8, 0x65, 0x2B, 0x33, 0x9E, 0xA8, 0x52, 0x5B, 0x7D, 0x06, 0x41, 0xD0, 0xF7, 0x05,
    0xBA, 0x63, 0xCF, 0x20, 0x18, 0xCF, 0xEF, 0xF8, 0xB5, 0xBD, 0xAA, 0x9D, 0x27, 0x55, 0xC3, 0xD1,
    0xC2, 0x37, 0x29, 0xC2, 0x21, 0x66, 0xEE, 0x06, 0x0E, 0x99, 0xC9, 0x30, 0xBA, 0x87, 0x88, 0x39,
    0xDC, 0x05, 0x7D, 0x60, 0xA5, 0x20, 0x1F, 0x23, 0xAF, 0x6E, 0x18, 0x22, 0x95, 0xA4, 0x64, 0xC1,
    0xAE, 0x16, 0x87, 0x30, 0x3D, 0x9E, 0x8C, 0x4D, 0x3F, 0x35, 0x19, 0x4B, 0x91, 0x8C, 0xED, 0x95,
    0x48, 0xC6, 0x1C, 0xFC, 0xD7, 0xE4, 0x57, 0x25, 0x92, 0x31, 0x3C, 0x15, 0x8D, 0x92, 0x31, 0x64,
    0x20, 0x9C, 0x91, 0x4C, 0x7E, 0xC0, 0xC9, 0xC9, 0xC1, 0xCF, 0x4A, 0x7E, 0x4A, 0x09, 0x27, 0x63,
    0xF9, 0x66, 0xBF, 0xDF, 0x3A, 0xDB, 0x77, 0xED, 0x5D, 0x18, 0xEC, 0x99, 0x46, 0xB6, 0x67, 0x1A,
    0x21, 0xE4, 0x33, 0xA9, 0xA8, 0xD5, 0xA4, 0xC1, 0x78, 0xDD, 0xDF, 0x9F, 0xB0, 0x3D, 0x07, 0x25,
    0x00, 0x22, 0x78, 0x4B, 0xE4, 0xC7, 0x0D, 0x7C, 0xE5, 0x0E, 0xCF, 0xB3, 0x55, 0x57, 0xF8, 0x0D,
    0x1D, 0xCD, 0x09, 0xE3, 0xE9, 0x93, 0x2E, 0x3C, 0xA1, 0xA6, 0xBA, 0x40, 0x6F, 0xF9, 0x81, 0xFB,
    0x35, 0x54, 0xA7, 0x2B, 0xCC, 0x6E, 0x9A, 0x14, 0x26, 0xA9, 0x88, 0xEB, 0xB3, 0x0F, 0xDF, 0xC3,
    0x14, 0x57, 0x0B, 0x2A, 0xCF, 0xFD, 0xE2, 0x10, 0xF2, 0x38, 0xB2, 0xAD, 0x5C, 0xCE, 0xBC, 0x1A,
    0x79, 0x0A, 0x3C, 0x17, 0x04, 0xAE, 0xC2, 0x07, 0xAE, 0x4F, 0xCA, 0xBB, 0xFA, 0x2B, 0x0E, 0xB4,
    0xE1, 0x1B, 0x65, 0x0C, 0x6F, 0x11, 0xBD, 0x5D, 0x5A, 0xB8, 0x0B, 0xB7, 0x4A, 0x63, 0xD0, 0x92,
    0x6B, 0x28, 0x27, 0xC8, 0x9A, 0xDF, 0xF7, 0xDF, 0x9B, 0xB2, 0xC2, 0xBC, 0xF4, 0x6B, 0x6E, 0xB7,
    0x8F, 0x3E, 0x2C, 0x67, 0x8F, 0xB6, 0x3B, 0xF1, 0xB1, 0x73, 0xC7, 0x0E, 0x75, 0xD0, 0x52, 0x62,
    0x25, 0x79, 0x21, 0x79, 0x1D, 0x79, 0x19, 0xF5, 0xE9, 0x82, 0x24, 0x51, 0xAC, 0x61, 0x8E, 0x25,
    0xCC, 0xB1, 0x82, 0x39, 0x67, 0xD3, 0x9C, 0x4C, 0x63, 0xF9, 0xF8, 0xA9, 0x7D, 0xFC, 0x88, 0xCF,
    0x59, 0x1E, 0x91, 0x1E, 0x76, 0x50, 0xCF, 0x5E, 0x48, 0x27, 0xCE, 0x19, 0xCD, 0x26, 0xB6, 0x07,
    0x85, 0x24, 0x13, 0xB5, 0x15, 0x07, 0x55, 0xEE, 0xEE, 0x56, 0x92, 0x4A, 0x24, 0x8D, 0x66, 0x12,
    0x4B, 0xF4, 0x13, 0x2C, 0x65, 0xC4, 0x0F, 0xF5, 0xE4, 0x3C, 0x42, 0xBD, 0x94, 0x2D, 0xFC, 0x59,
    0x16, 0x51, 0xF4, 0x9D, 0xB0, 0xE9, 0xAC, 0x0D, 0x44, 0x65, 0xAC, 0xDC, 0xC8, 0xC3, 0x47, 0xB7,
    0x25, 0x76, 0x6D, 0x4B, 0xEC, 0x22, 0x0A, 0x0F, 0xF6, 0x50, 0x02, 0x23, 0x76, 0xA5, 0xDB, 0x12,
    0xBB, 0xF0, 0xD3, 0xB7, 0x30, 0x0C, 0x4A, 0x79, 0x67, 0x2B, 0x9F, 0x7B, 0xD1, 0xC4, 0x25, 0xA7,
    0x25, 0x63, 0x79, 0xFC, 0x45, 0x13, 0xB3, 0xA3, 0xDA, 0xE6, 0x12, 0xC8, 0xAC, 0x78, 0xBA, 0x43,
    0x76, 0xFB, 0xF8, 0xA1, 0x95, 0x20, 0xB7, 0x82, 0x15, 0x0C, 0x05, 0x62, 0x18, 0x09, 0xC6, 0x30,
    0x12, 0x90, 0x61, 0x24, 0x35, 0xCB, 0x48, 0x60, 0x86, 0x65, 0xC1, 0x19, 0x86, 0x02, 0x34, 0x44,
    0x82, 0x34, 0x44, 0xF2, 0x71, 0xA9, 0x72, 0xF3, 0xA1, 0x0C, 0x1C, 0x8A, 0x82, 0x5F, 0x9C, 0x74,
    0x68, 0x65, 0x61, 0x41, 0xCD, 0xE5, 0xDC, 0x73, 0xBF, 0x74, 0x79, 0x70, 0x40, 0xC4, 0xC2, 0xFC,
    0x46, 0x48, 0xB1, 0x99, 0x17, 0xF4, 0xC9, 0x01, 0x80, 0x67, 0x0E, 0xCE, 0xE8, 0x9C, 0x04, 0x8A,
    0x9A, 0x72, 0x49, 0xCC, 0x78, 0xEA, 0x99, 0xCB, 0xF9, 0x60, 0xDF, 0x1D, 0xE4, 0x38, 0xC3, 0x92,
    0x9B, 0x0B, 0x29, 0x47, 0x82, 0x01, 0x0B, 0xB3, 0xEB, 0xA1, 0x93, 0x00, 0xFA, 0xB2, 0x46, 0xFA,
    0xF2, 0xEE, 0xA1, 0xBE, 0x84, 0xD0, 0x17, 0xD4, 0x3E, 0x8F, 0x71, 0xE1, 0x43, 0x6F, 0xF9, 0x1D,
    0x70, 0xE1, 0xA8, 0xF9, 0xE7, 0xB9, 0x49, 0x26, 0xB4, 0x0C, 0x23, 0xBB, 0x47, 0x97, 0x70, 0x8D,
    0x7E, 0x5C, 0xC5, 0x86, 0x34, 0x1E, 0x45, 0xE4, 0xCF, 0x14, 0xC4, 0x5F, 0x68, 0x14, 0xAF, 0x92,
    0x5F, 0xB2, 0x7B, 0x9B, 0xBA, 0x03, 0x05, 0x72, 0xC6, 0x5C, 0x16, 0x60, 0x0E, 0x70, 0x00, 0x21,
    0x31, 0x0A, 0x07, 0x80, 0x13, 0xBD, 0x50, 0x9F, 0x5D, 0x74, 0xF5, 0x50, 0xF2, 0xD4, 0x24, 0x57,
    0x32, 0x52, 0x1E, 0x2F, 0x3D, 0x13, 0x66, 0x12, 0x57, 0x28, 0xF9, 0xE8, 0xC7, 0x73, 0x9F, 0x76,
    0xB2, 0xF7, 0x13, 0x4F, 0xFA, 0xCE, 0x97, 0x47, 0xFE, 0x54, 0xCA, 0xA3, 0x14, 0x65, 0x0E, 0xF8,
    0x18, 0x34, 0x92, 0x5D, 0x7A, 0x68, 0x84, 0x24, 0x3E, 0xA2, 0x83, 0x8E, 0xB5, 0x78, 0x72, 0xA9,
    0xD3, 0xD4, 0x72, 0x85, 0x13, 0x8B, 0xAE, 0x2F, 0x8F, 0x2A, 0x29, 0x8F, 0xF8, 0x41, 0x82, 0x3C,
    0xB1, 0x9F, 0x98, 0xC5, 0xCE, 0x8F, 0x85, 0xF2, 0xC8, 0xF5, 0x6B, 0xAA, 0xCB, 0x1A, 0x4C, 0xB1,
    0x62, 0xE7, 0xBD, 0x4B, 0x13, 0x8A, 0x5C, 0xA0, 0x1F, 0x14, 0x97, 0xA5, 0x0A, 0x7D, 0xE8, 0xA4,
    0x0A, 0xE5, 0xB5, 0x20, 0x73, 0xD9, 0x0D, 0xB9, 0x0A, 0x35, 0x1B, 0x03, 0x59, 0x0C, 0xB4, 0x34,
    0x90, 0x23, 0x3C, 0xC0, 0x81, 0xE3, 0x73, 0xA8, 0x39, 0x65, 0x17, 0xFF, 0xF1, 0x7E, 0x37, 0xFF,
    0x84, 0x71, 0xE1, 0x64, 0x5C, 0xD7, 0x9F, 0x44, 0xA0, 0xC9, 0x47, 0x52, 0xAA, 0x68, 0xA5, 0x42,
    0x89, 0x3C, 0x28, 0x57, 0x01, 0xB2, 0x57, 0xB3, 0xE9, 0x97, 0x4C, 0xD7, 0x2F, 0x59, 0xFC, 0x03,
    0xC0, 0x49, 0x3E, 0x82, 0x2A, 0x65, 0x53, 0xF2, 0x25, 0x66, 0x2C, 0x5E, 0xC8, 0xEF, 0x16, 0x1E,
    0xFF, 0xE3, 0x6B, 0x86, 0x71, 0x43, 0x86, 0xC7, 0x7A, 0x0F, 0x32, 0xAB, 0x52, 0xE6, 0xC2, 0x3E,
    0x5C, 0xC9, 0xA8, 0x77, 0x25, 0x23, 0x93, 0x8A, 0x2B, 0x19, 0x11, 0x31, 0x76, 0x25, 0xA3, 0x48,
    0x5D, 0xC9, 0xCA, 0x6E, 0x25, 0xD9, 0x4E, 0x54, 0xF7, 0x35, 0x09, 0x0C, 0xBA, 0xE1, 0xC4, 0x52,
    0xDA, 0xDB, 0xFA, 0x07, 0xE5, 0x92, 0xD1, 0xAB, 0x77, 0xF4, 0xFA, 0x1C, 0xD2, 0xC4, 0xD3, 0x4F,
    0x6A, 0x1D, 0x3A, 0x3C, 0xEA, 0x10, 0xF7, 0x09, 0xAC, 0x4D, 0x8F, 0xF7, 0x0E, 0xFD, 0x89, 0x52,
    0xB4, 0x23, 0x2F, 0x8D, 0x3C, 0xBD, 0x80, 0x4F, 0x78, 0xE8, 0xD3, 0x11, 0x15, 0x5F, 0x16, 0x15,
    0x27, 0x97, 0xC4, 0x2A, 0x5E, 0x2D, 0x8B, 0x8A, 0x37, 0xCB, 0xA2, 0xE2, 0xE8, 0x85, 0x85, 0x8A,
    0xA7, 0xCB, 0xAA, 0xE2, 0xCB, 0xAA, 0xE2, 0xCB, 0xAA, 0xE2, 0xCB, 0xA2, 0xE2, 0x53, 0xCD, 0xDA,
    0x63, 0xAD, 0x29, 0x82, 0xA9, 0xE6, 0xF0, 0xFA, 0xBC, 0x11, 0xCD, 0xEA, 0x87, 0x73, 0xAC, 0x02,
    0x1D, 0xE5, 0x06, 0x1E, 0x20, 0xA4, 0x52, 0x78, 0x8C, 0x6F, 0x35, 0x22, 0x3B, 0xB4, 0x49, 0xA2,
    0x1F, 0x96, 0x6E, 0xBE, 0x4A, 0xEE, 0x9E, 0x1F, 0xDB, 0x6C, 0xEC, 0xC7, 0xF5, 0x18, 0xA8, 0x29,
    0xA5, 0x55, 0x75, 0x88, 0xA7, 0x1D, 0x12, 0x27, 0x75, 0x90, 0x9F, 0x31, 0xE7, 0x7D, 0xBE, 0x91,
    0x3E, 0xBD, 0x5A, 0x0E, 0xDC, 0x84, 0x55, 0xAD, 0x51, 0xE2, 0xCE, 0x6D, 0x7D, 0x92, 0x68, 0xDC,
    0xA3, 0x6D, 0xB3, 0x2E, 0xB6, 0x59, 0x8F, 0xCF, 0xEC, 0x49, 0x27, 0x73, 0xC0, 0x10, 0xF1, 0xB7,
    0x0A, 0x60, 0x88, 0xD8, 0x7B, 0x8F, 0x81, 0xA1, 0xF1, 0xAD, 0x03, 0x06, 0x86, 0x88, 0x39, 0x00,
    0x43, 0xE0, 0x0D, 0xC0, 0x10, 0xF7, 0x04, 0x52, 0xE5, 0x0E, 0xCE, 0x18, 0x18, 0x2A, 0xA7, 0x0C,
    0x0C, 0x11, 0x5F, 0xB3, 0x96, 0x70, 0xAB, 0xEC, 0x31, 0x30, 0x64, 0x3E, 0x1B, 0x30, 0x74, 0xB4,
    0x49, 0x9F, 0xF8, 0x4A, 0x79, 0x6B, 0xF3, 0x21, 0x12, 0x8B, 0xF5, 0x06, 0x52, 0x6B, 0xD0, 0xA4,
    0x1F, 0x9B, 0xE4, 0xA3, 0xD4, 0x61, 0x8C, 0x1C, 0x3F, 0xE5, 0x35, 0xF3, 0xF6, 0x9B, 0x88, 0x25,
    0x66, 0xB6, 0xF1, 0x90, 0xAC, 0x29, 0x8F, 0xE0, 0xCB, 0xD3, 0xE7, 0xB2, 0xDB, 0xD2, 0x6A, 0x0D,
    0x66, 0x95, 0xCA, 0xE9, 0x9B, 0xF4, 0x75, 0xFD, 0x2A, 0x5D, 0x3E, 0x60, 0xDC, 0x1F, 0x33, 0xA2,
    0x14, 0x9B, 0x95, 0x52, 0xC6, 0x8B, 0xA5, 0x80, 0xDD, 0x06, 0x88, 0x12, 0xF8, 0x60, 0x44, 0x89,
    0xF8, 0x00, 0xA2, 0x04, 0x3E, 0xC6, 0xAA, 0x11, 0xAD, 0x8E, 0x13, 0xED, 0x21, 0x3F, 0x0D, 0xA2,
    0x04, 0x39, 0x00, 0x51, 0x82, 0x1C, 0x18, 0x51, 0x22, 0x39, 0x30, 0xA2, 0x44, 0xEB, 0x03, 0x44,
    0x09, 0xEB, 0x03, 0x44, 0x89, 0x9F, 0x89, 0x98, 0x74, 0xA0, 0x1F, 0x30, 0xA2, 0x54, 0x4E, 0x19,
    0x51, 0x02, 0x7D, 0x20, 0x4A, 0x1C, 0xDF, 0x81, 0x28, 0x19, 0x45, 0x94, 0xCC, 0xA7, 0x23, 0x4A,
    0x32, 0x6F, 0x4C, 0x9B, 0x23, 0xFF, 0xF8, 0x96, 0x13, 0x77, 0xC9, 0x5B, 0x11, 0xB1, 0x2C, 0x60,
    0x92, 0x45, 0xDD, 0x26, 0x28, 0x5E, 0x04, 0x94, 0x55, 0x4E, 0x2F, 0x7A, 0x5B, 0x98, 0xEF, 0x45,
    0x11, 0xDF, 0x6C, 0x88, 0x04, 0xD6, 0x66, 0xDB, 0xB0, 0x62, 0xB3, 0x56, 0xA0, 0x04, 0x38, 0x4C,
    0x22, 0x74, 0x0D, 0x39, 0x8D, 0x50, 0xA2, 0x32, 0x53, 0x49, 0x81, 0xD6, 0xFE, 0x7F, 0x16, 0x62,
    0xEC, 0xBF, 0x92, 0x6C, 0xB8, 0x44, 0xF2, 0xE7, 0x0D, 0x85, 0xED, 0x86, 0xE9, 0x99, 0xFA, 0x3A,
    0x08, 0xDA, 0xAD, 0x6A, 0x43, 0x0F, 0xDA, 0x09, 0xD8, 0xF2, 0x42, 0xEF, 0x11, 0xC4, 0x01, 0x06,
    0xF7, 0xA5, 0xA8, 0x0D, 0xFA, 0xD3, 0xAF, 0x4B, 0xFD, 0xE1, 0x98, 0x99, 0xC0, 0xFB, 0x13, 0x69,
    0xDE, 0xCC, 0x60, 0x99, 0xA3, 0x3D, 0xCD, 0xB7, 0x60, 0xB2, 0x02, 0x21, 0x91, 0xD8, 0x05, 0x42,
    0x82, 0x02, 0x0A, 0x84, 0xC4, 0x4F, 0x7B, 0x64, 0x08, 0x89, 0x78, 0xF3, 0x15, 0x42, 0xA2, 0xE5,
    0x17, 0x08, 0x09, 0x0B, 0x20, 0x10, 0x12, 0x27, 0xE3, 0x02, 0x21, 0x99, 0x19, 0x84, 0x64, 0xFE,
    0x98, 0x10, 0x92, 0xF0, 0x5E, 0xC7, 0xAA, 0xAD, 0x80, 0x90, 0xC4, 0xD9, 0x0C, 0xC5, 0xD9, 0x0C,
    0xE4, 0xE6, 0xAB, 0x0C, 0x21, 0x41, 0x63, 0x19, 0x42, 0x62, 0x95, 0x65, 0x08, 0x89, 0x9C, 0x0D,
    0x43, 0x48, 0xC4, 0xB3, 0x40, 0x48, 0x72, 0xBA, 0xDE, 0x0D, 0xF5, 0x69, 0x1D, 0x4E, 0xCF, 0x38,
    0x9C, 0x16, 0x42, 0x82, 0xF2, 0x0A, 0x84, 0x04, 0xF5, 0x55, 0x08, 0x09, 0x1C, 0x09, 0x84, 0x04,
    0x96, 0x18, 0x42, 0x62, 0x9E, 0x18, 0x42, 0x62, 0x37, 0xC3, 0xC0, 0x11, 0x71, 0xE5, 0x29, 0x84,
    0x44, 0x6C, 0x09, 0x84, 0x04, 0xBE, 0x04, 0x42, 0x62, 0xDF, 0x25, 0x10, 0x92, 0x99, 0x41, 0x48,
    0xE6, 0xF7, 0x80, 0x90, 0x8E, 0x59, 0x7E, 0xDF, 0x03, 0xBC, 0xFF, 0xAA, 0x1E, 0x30, 0xD0, 0xD8,
    0xF9, 0x95, 0x1F, 0xF7, 0x47, 0xD5, 0xCA, 0x5E, 0x47, 0x32, 0xD5, 0x10, 0x36, 0x4A, 0x69, 0xE7,
    0x31, 0xCB, 0x3A, 0x7E, 0xB5, 0xD6, 0x46, 0xEA, 0xFA, 0x6C, 0xCA, 0x12, 0xE6, 0xB2, 0x80, 0xB4,
    0xA2, 0x5E, 0x6A, 0x59, 0x27, 0x6A, 0x5D, 0xCB, 0x7E, 0xBC, 0xAD, 0xAB, 0x7C, 0x5B, 0xEB, 0xAA,
    0x9D, 0xF0, 0x38, 0xDC, 0xFA, 0x87, 0x02, 0x4B, 0xCA, 0x77, 0xAF, 0xD9, 0xA2, 0xD7, 0x4E, 0x23,
    0xD1, 0xDF, 0x65, 0xA2, 0x1B, 0x7F, 0x53, 0x48, 0x03, 0xF8, 0xED, 0x4A, 0x9C, 0x2A, 0x80, 0x25,
    0xE2, 0x1B, 0xC0, 0x12, 0xF8, 0x1E, 0xC8, 0x93, 0xD1, 0x05, 0x58, 0x32, 0x0A, 0x2C, 0x99, 0xCF,
    0x06, 0x2C, 0xF5, 0x36, 0x66, 0x7A, 0x13, 0x33, 0xCC, 0xC9, 0x48, 0x45, 0x98, 0xEA, 0x4D, 0xC4,
    0x99, 0x10, 0x9B, 0x17, 0x32, 0x21, 0xB6, 0x2E, 0xCE, 0x84, 0x60, 0x5C, 0xC8, 0x84, 0x58, 0x8E,
    0x51, 0xDD, 0x9B, 0x96, 0xFE, 0xFF, 0x4D, 0x24, 0x13, 0x32, 0x8F, 0xCE, 0x84, 0xFE, 0x2F, 0xCD,
    0x7D, 0x4D, 0x8C, 0x1C, 0xC7, 0x95, 0x66, 0x64, 0xA5, 0xD8, 0x35, 0x56, 0x02, 0x0E, 0x01, 0x4B,
    0x6A, 0xD5, 0xA3, 0x15, 0xD3, 0x07, 0x1F, 0x6C, 0x68, 0x55, 0x75, 0xD5, 0xA1, 0x9A, 0x95, 0x24,
    0xB1, 0x63, 0x60, 0x75, 0x20, 0x0F, 0x36, 0x16, 0x3A, 0xC9, 0x07, 0x0D, 0xB0, 0x3B, 0x02, 0xCC,
    0x39, 0xFA, 0xD0, 0x64, 0xA5, 0x44, 0x60, 0x74, 0xD0, 0x81, 0x5C, 0x60, 0xCE, 0x2B, 0x1F, 0x7C,
    0xB1, 0x0C, 0x4C, 0xCF, 0xC1, 0xD8, 0x2D, 0xEC, 0xB4, 0xBA, 0x92, 0x24, 0xC6, 0x3E, 0xE8, 0xA0,
    0x94, 0x75, 0x30, 0x16, 0x3A, 0x30, 0xED, 0xF1, 0xCE, 0xEC, 0x92, 0x58, 0x77, 0xCA, 0x93, 0x16,
    0xCB, 0xDD, 0x55, 0x15, 0xFB, 0xBE, 0xEF, 0x45, 0x64, 0x55, 0xF5, 0x0F, 0x49, 0xCD, 0x00, 0x33,
    0x2E, 0x43, 0x15, 0xC1, 0xEE, 0xEA, 0x8A, 0x2F, 0x5E, 0xBC, 0xFF, 0x78, 0xF9, 0x3C, 0x2C, 0xDC,
    0x1B, 0xCE, 0xB9, 0x7C, 0xF8, 0xC8, 0xED, 0xCB, 0x98, 0x99, 0xD1, 0xDB, 0xD3, 0xC6, 0xC8, 0xAB,
    0x6F, 0xB6, 0xFC, 0xF8, 0x52, 0x73, 0x26, 0x33, 0x66, 0x98, 0x9B, 0x26, 0xAD, 0xCD, 0xC6, 0xE1,
    0xD4, 0x34, 0xCF, 0xCE, 0x8C, 0xAD, 0xE6, 0xA6, 0x31, 0x03, 0x73, 0xC6, 0x9C, 0xE5, 0x88, 0x57,
    0x63, 0xB6, 0x39, 0xFE, 0xC4, 0x34, 0x3A, 0x76, 0x6A, 0x8E, 0xBB, 0xB6, 0xE0, 0x38, 0x74, 0x1C,
    0x8C, 0x9D, 0x1A, 0xFF, 0xFA, 0xBA, 0x1F, 0x07, 0x66, 0x58, 0xB8, 0xAC, 0x5F, 0x0D, 0x6B, 0xC1,
    0x51, 0xB9, 0xF9, 0xB0, 0x12, 0x1C, 0x87, 0x75, 0xBA, 0x8D, 0xF5, 0x87, 0x65, 0x3C, 0xC3, 0x98,
    0x16, 0x66, 0x06, 0x1C, 0x71, 0x25, 0xEB, 0x08, 0x8E, 0xCE, 0x54, 0xFE, 0x0E, 0x38, 0x5C, 0xA1,
    0x38, 0xD2, 0x62, 0xD0, 0x7E, 0xDF, 0x3F, 0x6D, 0xFC, 0x06, 0xDE, 0x5E, 0xC0, 0xDB, 0xBF, 0x97,
    0x65, 0x5D, 0xBF, 0x11, 0x38, 0xAE, 0x36, 0xC3, 0x8B, 0x73, 0x00, 0xB8, 0x2E, 0xAB, 0x67, 0x5B,
    0x66, 0xC3, 0x4D, 0x5F, 0x31, 0xC9, 0x6F, 0x67, 0xAF, 0xC8, 0xA2, 0x2F, 0xBC, 0x22, 0x9F, 0x8D,
    0xAE, 0x9B, 0x8E, 0x49, 0xE7, 0xC6, 0xE6, 0xC3, 0x89, 0xE9, 0x16, 0x83, 0x44, 0x20, 0x0E, 0xE2,
    0x22, 0x6A, 0x9E, 0x8B, 0x0B, 0xB3, 0x27, 0x3F, 0x36, 0xE9, 0x83, 0x89, 0x31, 0xB1, 0x13, 0xF8,
    0xE6, 0xF9, 0xCC, 0xAF, 0xF5, 0x47, 0x7E, 0xFC, 0x2A, 0xF7, 0x3E, 0xAA, 0xEC, 0x54, 0x16, 0xFB,
    0xA5, 0x9B, 0xD9, 0x06, 0x7B, 0xAF, 0x86, 0x96, 0x7B, 0x2F, 0x2C, 0xC7, 0xB4, 0xC2, 0x38, 0xCC,
    0xA3, 0xB2, 0x6F, 0x79, 0x06, 0xE6, 0x43, 0xCB, 0xBD, 0xBF, 0x35, 0xB5, 0xDC, 0xFB, 0x24, 0xB7,
    0xFC, 0xB6, 0x91, 0x1F, 0x5F, 0x9C, 0xEA, 0x68, 0x26, 0x7E, 0xB4, 0xF7, 0x75, 0x8C, 0xFD, 0x21,
    0x98, 0x30, 0x0E, 0xFD, 0xF8, 0x2C, 0x70, 0x80, 0x17, 0x4A, 0xCF, 0x0B, 0x25, 0x78, 0xA1, 0xF6,
    0xBC, 0x50, 0x9B, 0xE7, 0xC8, 0x0B, 0x75, 0x87, 0x67, 0x60, 0x6A, 0xD9, 0x2F, 0x70, 0xD4, 0x93,
    0x6D, 0xE2, 0xF8, 0xC7, 0x66, 0x4C, 0x1C, 0xAE, 0xD0, 0xB3, 0x5F, 0x78, 0x1E, 0x98, 0xFA, 0xF1,
    0x39, 0x3F, 0x82, 0x3B, 0xF4, 0x35, 0xF6, 0xE3, 0xF6, 0x91, 0x33, 0x30, 0xA4, 0x87, 0x2D, 0x27,
    0x05, 0x78, 0x61, 0x28, 0x23, 0x70, 0x6C, 0xE3, 0xF3, 0x82, 0x63, 0xD0, 0x9D, 0x12, 0xC7, 0x70,
    0x32, 0x25, 0x0E, 0x3B, 0x1F, 0x13, 0xC7, 0x24, 0x1F, 0x03, 0x87, 0x70, 0x0A, 0x71, 0xC4, 0x8D,
    0x7E, 0x7F, 0xE4, 0x32, 0x5D, 0x27, 0xAD, 0xFD, 0x7A, 0x73, 0x3F, 0xA6, 0x7E, 0xEC, 0x7A, 0x66,
    0x8C, 0x02, 0x53, 0x4E, 0xDB, 0xC3, 0x79, 0x85, 0x14, 0x01, 0x4B, 0xEE, 0xD7, 0x82, 0x61, 0x81,
    0x85, 0x2F, 0xE0, 0xAD, 0x87, 0xA5, 0x7B, 0x58, 0xB7, 0x87, 0x45, 0x7B, 0x58, 0x51, 0x7E, 0x16,
    0x5D, 0x95, 0x37, 0x2B, 0xFF, 0x34, 0xFD, 0x9D, 0xFF, 0x66, 0xCC, 0x56, 0x2C, 0x7F, 0x71, 0x41,
    0x28, 0x61, 0xD2, 0x5C, 0xFE, 0xAC, 0x9B, 0xF5, 0xF0, 0xA5, 0x9B, 0x7E, 0x99, 0x28, 0xF7, 0x93,
    0x4E, 0xC9, 0x0D, 0x77, 0x17, 0x1D, 0x67, 0xB0, 0xE3, 0xBE, 0xFB, 0xB9, 0x1C, 0x8D, 0x6C, 0x79,
    0xDE, 0xF9, 0xA2, 0xE2, 0x92, 0xB5, 0xB9, 0xC1, 0x49, 0xFA, 0xBF, 0x8D, 0xAB, 0xB0, 0x74, 0xC7,
    0xBD, 0xFB, 0xB0, 0xE2, 0xB6, 0xDF, 0xBA, 0x7F, 0xB3, 0x22, 0xFD, 0x3B, 0x8B, 0x4E, 0xC5, 0x03,
    0x88, 0xA7, 0x32, 0xC1, 0x2B, 0xA9, 0xFC, 0x24, 0xCE, 0xFD, 0x44, 0xD6, 0xFA, 0x32, 0x93, 0xE8,
    0x76, 0xE0, 0x08, 0x11, 0x48, 0x65, 0x09, 0xE1, 0xE0, 0xD1, 0xDB, 0x07, 0x73, 0xE3, 0x99, 0x42,
    0x8E, 0x88, 0xC0, 0x5E, 0xEA, 0xD6, 0xC3, 0x05, 0x8F, 0x23, 0x9A, 0x0E, 0xFA, 0x39, 0x80, 0xA5,
    0xCD, 0x20, 0x2E, 0x01, 0x6C, 0x92, 0x0D, 0xA2, 0x5A, 0x4F, 0x44, 0x26, 0xF8, 0xDA, 0x85, 0x19,
    0xBC, 0xC8, 0x35, 0x26, 0xD5, 0x60, 0x48, 0xCD, 0xD0, 0x99, 0x0F, 0xBE, 0xA9, 0x6B, 0xF6, 0x03,
    0x37, 0x74, 0x67, 0x01, 0x45, 0x98, 0xB4, 0x8C, 0xE2, 0x5F, 0x2F, 0xE1, 0xED, 0xBC, 0x19, 0x7E,
    0xE2, 0xDE, 0x68, 0x86, 0x87, 0xCE, 0x89, 0xD8, 0xE4, 0x8E, 0x32, 0x43, 0x5A, 0x01, 0x4E, 0x6A,
    0x36, 0x1E, 0x4D, 0x53, 0x63, 0xCB, 0x79, 0x2A, 0xB4, 0x79, 0x66, 0x04, 0xAA, 0x80, 0xED, 0x27,
    0x3B, 0x42, 0x15, 0xF9, 0x85, 0x89, 0x2B, 0x79, 0xEB, 0xB8, 0x37, 0xC0, 0x0F, 0x8E, 0xEC, 0xB2,
    0x22, 0x11, 0x61, 0xF3, 0x59, 0xD8, 0x3C, 0x95, 0xA3, 0x09, 0x9B, 0xCF, 0x9E, 0xD3, 0x49, 0x5A,
    0x8C, 0xBB, 0x25, 0xF5, 0x52, 0xD9, 0x58, 0x2A, 0xC8, 0x4E, 0xB5, 0xB7, 0x57, 0xF3, 0x54, 0xEA,
    0xE1, 0x54, 0xC5, 0x62, 0xBA, 0x91, 0x7D, 0x3F, 0x70, 0xF9, 0xF7, 0xFD, 0x37, 0x78, 0x89, 0xB0,
    0xA5, 0x57, 0x93, 0xF1, 0x62, 0xA7, 0xF4, 0x32, 0xEB, 0xB2, 0xF6, 0x08, 0x5A, 0x8D, 0x04, 0x7E,
    0x0C, 0xA0, 0x00, 0x89, 0x80, 0x26, 0x77, 0x17, 0x20, 0xAA, 0x30, 0x89, 0x0E, 0x3D, 0x0C, 0xC2,
    0x9B, 0x32, 0x24, 0xC2, 0x9D, 0x11, 0x61, 0x60, 0xD8, 0x30, 0x2F, 0xF0, 0x77, 0xC6, 0xAC, 0x0F,
    0xC3, 0xB7, 0x39, 0xB8, 0xDF, 0xF1, 0x68, 0xEA, 0x3D, 0x1D, 0x2C, 0x7F, 0x38, 0x8B, 0x39, 0xBC,
    0xAA, 0x9F, 0x5C, 0x53, 0x5B, 0xAF, 0x04, 0x24, 0xA4, 0xCD, 0x82, 0xD2, 0x51, 0x03, 0x86, 0x70,
    0x8F, 0xA0, 0x10, 0xBD, 0x27, 0x20, 0xE2, 0x02, 0x12, 0x12, 0x17, 0x80, 0x10, 0x17, 0x90, 0x91,
    0x18, 0x1B, 0xEC, 0x91, 0xC3, 0x74, 0xFD, 0xB5, 0x77, 0xFD, 0x79, 0x02, 0x96, 0xE8, 0x4D, 0x20,
    0x1E, 0x9B, 0x1F, 0x2E, 0xD7, 0xFD, 0x2A, 0x69, 0x65, 0x86, 0xD5, 0xE4, 0xD6, 0x74, 0x28, 0x7B,
    0x9F, 0x0A, 0x80, 0x09, 0x44, 0x4B, 0x08, 0x69, 0x33, 0x28, 0xC9, 0xC2, 0x9A, 0xCE, 0xEF, 0x7F,
    0x6F, 0x4D, 0xB7, 0xDA, 0xB3, 0x26, 0x32, 0x67, 0xA0, 0x18, 0xE5, 0x2F, 0x6C, 0x16, 0xDE, 0xE4,
    0x9B, 0xAD, 0xE8, 0xBF, 0xFF, 0x7B, 0x05, 0x14, 0xC6, 0x49, 0x3F, 0xCF, 0xE3, 0x4E, 0xD7, 0xF7,
    0xF6, 0x65, 0xA5, 0xFE, 0x0C, 0x7E, 0x31, 0xF9, 0xE4, 0x7B, 0x26, 0x3A, 0x10, 0x42, 0x74, 0xAA,
    0xD1, 0x9E, 0x10, 0x70, 0x20, 0x3F, 0x9B, 0xE2, 0xB7, 0xD7, 0xF1, 0xDB, 0x3F, 0x6A, 0xA5, 0xBE,
    0xE3, 0xC7, 0x24, 0x93, 0x45, 0xAE, 0xD4, 0xC3, 0x5F, 0xCC, 0xB0, 0xCE, 0xDC, 0x1D, 0x42, 0xB0,
    0xA6, 0x69, 0x35, 0xCA, 0xC1, 0x5A, 0x49, 0x61, 0x31, 0xBE, 0x94, 0x14, 0x49, 0x4E, 0x25, 0x57,
    0x25, 0x10, 0xAA, 0x68, 0x6F, 0x91, 0xE4, 0x50, 0x72, 0xD3, 0xE1, 0x6B, 0xB9, 0x2C, 0x1E, 0x65,
    0x67, 0x12, 0xAF, 0x45, 0xFE, 0xA9, 0xE3, 0x46, 0xE6, 0xB9, 0xBC, 0xF6, 0x4C, 0x5E, 0xAB, 0x80,
    0xF7, 0x54, 0xBE, 0xCB, 0x9E, 0x8A, 0xF7, 0xB4, 0xA7, 0xD2, 0xED, 0xBE, 0x47, 0xAD, 0x93, 0x1E,
    0x2E, 0xC8, 0xDE, 0x93, 0x8B, 0x0B, 0xAF, 0x6C, 0x2F, 0x18, 0x95, 0xEC, 0x9E, 0xF2, 0x6F, 0xAD,
    0x63, 0x67, 0xD1, 0xF3, 0xCA, 0xF6, 0xAF, 0xBC, 0xF1, 0x59, 0xF8, 0xFD, 0x87, 0xF1, 0x42, 0x90,
    0xB2, 0xA0, 0x61, 0xE6, 0x30, 0x7E, 0x73, 0xB1, 0xA2, 0xAA, 0x5F, 0x38, 0xBE, 0x14, 0x97, 0xDF,
    0x02, 0x43, 0x19, 0xF3, 0xC8, 0x15, 0x34, 0x7E, 0x6E, 0x02, 0xA6, 0x32, 0x66, 0x2F, 0x01, 0x5B,
    0x89, 0x6A, 0xE8, 0x82, 0x69, 0xE2, 0xA2, 0xE1, 0xD8, 0x39, 0xAC, 0x39, 0x1A, 0xFE, 0xBD, 0xBC,
    0xBE, 0x62, 0x74, 0x34, 0x27, 0x8C, 0xBA, 0xFE, 0x42, 0x97, 0x07, 0x23, 0x4F, 0xFB, 0x2A, 0xDF,
    0xE9, 0x6D, 0xEE, 0xDD, 0xA9, 0x62, 0x5B, 0xEC, 0x60, 0xE5, 0xA8, 0x56, 0xA5, 0x76, 0xBB, 0x53,
    0x71, 0x5D, 0xAF, 0x2B, 0x21, 0xFF, 0xA6, 0xF3, 0x60, 0x42, 0x10, 0x4E, 0xF7, 0x36, 0xAA, 0x3C,
    0x09, 0x3C, 0x05, 0x54, 0xB4, 0x3B, 0x5E, 0x7F, 0x5C, 0xD7, 0xE1, 0x99, 0xA0, 0x63, 0x4C, 0xD0,
    0x31, 0xD4, 0xFC, 0x6A, 0x0B, 0xA1, 0x63, 0x06, 0x41, 0xC7, 0x0C, 0x4C, 0xA6, 0x3A, 0x66, 0x20,
    0x8B, 0x51, 0xC7, 0x0C, 0x52, 0xAF, 0x63, 0x2E, 0x88, 0xD0, 0xD2, 0x0D, 0x4B, 0x1B, 0xD5, 0x28,
    0xDB, 0x91, 0x37, 0x7A, 0x17, 0x82, 0xB5, 0x15, 0xF6, 0x57, 0x19, 0xEE, 0x56, 0x5D, 0xC5, 0x15,
    0x39, 0xE7, 0x49, 0xD0, 0x9F, 0x9B, 0xD3, 0x5E, 0x36, 0x4C, 0xFA, 0xC1, 0x58, 0xD9, 0x6C, 0xE5,
    0xD7, 0xC3, 0x7F, 0x55, 0xDF, 0xF1, 0xC8, 0xCB, 0xEB, 0xA8, 0x40, 0x60, 0x53, 0x1F, 0xC3, 0x79,
    0x84, 0xC5, 0xB7, 0xBC, 0x09, 0xDB, 0xF2, 0x16, 0x6C, 0xCB, 0x1B, 0xB0, 0x2D, 0x65, 0xF1, 0x66,
    0x4B, 0x59, 0x5C, 0x1C, 0x3E, 0x65, 0xF1, 0x2D, 0xCF, 0xE2, 0x5B, 0x9E, 0xC5, 0x75, 0xEC, 0xCC,
    0xB7, 0x3C, 0x89, 0xBC, 0xAE, 0x8A, 0x95, 0x9C, 0x3D, 0x33, 0xF7, 0xDE, 0xD5, 0x96, 0xFF, 0xF7,
    0xF2, 0x35, 0x82, 0x21, 0xE5, 0x9B, 0xFC, 0x1A, 0xDC, 0x5C, 0x09, 0x0D, 0x3E, 0x9F, 0xCB, 0x5B,
    0xDD, 0x17, 0x6B, 0xB7, 0x2B, 0x8B, 0x99, 0xE1, 0x8E, 0x6C, 0xC0, 0x0A, 0x3F, 0x44, 0xEE, 0xFD,
    0xB4, 0xB0, 0x8D, 0xED, 0x54, 0xB6, 0xB2, 0xA6, 0xEE, 0x2E, 0x6C, 0x22, 0x1B, 0xF8, 0xB8, 0x5F,
    0x08, 0xA7, 0x41, 0xAB, 0x4C, 0x5A, 0x8B, 0xF5, 0x6C, 0xF8, 0xFE, 0xAF, 0xB4, 0xC7, 0x27, 0x8B,
    0x1C, 0x66, 0xDF, 0xB7, 0x5C, 0x2C, 0x5B, 0xD8, 0x69, 0x5C, 0xDB, 0x5B, 0x0F, 0x9D, 0xA8, 0xC3,
    0x45, 0x7C, 0xCF, 0xDD, 0x92, 0x31, 0xFD, 0xB4, 0x78, 0xD3, 0x5E, 0x31, 0xB6, 0x23, 0xDC, 0x60,
    0xA1, 0x21, 0x85, 0x04, 0x37, 0x44, 0x49, 0x1E, 0x38, 0xF3, 0xB2, 0x78, 0x90, 0x91, 0xA8, 0x59,
    0x7A, 0x94, 0xE2, 0xB5, 0x0E, 0x4B, 0xEF, 0x59, 0xCE, 0x3C, 0x5B, 0x8C, 0xAE, 0x78, 0x5D, 0xE2,
    0x3D, 0xCB, 0x4E, 0xF0, 0x28, 0x27, 0xC7, 0x3C, 0xCB, 0xA3, 0xDE, 0xBE, 0xE0, 0xA9, 0xE1, 0xED,
    0xCB, 0xF8, 0x39, 0xBC, 0x7D, 0xC1, 0x75, 0xB3, 0x12, 0x6F, 0x5F, 0x70, 0x7D, 0xFC, 0xBF, 0xC4,
    0x87, 0x13, 0x5C, 0xF7, 0x5D, 0x31, 0x03, 0xAE, 0x9F, 0x3D, 0xAC, 0xB6, 0x89, 0x4B, 0x38, 0x9E,
    0xB8, 0x30, 0x02, 0x57, 0xB7, 0x1C, 0x28, 0xAE, 0x5C, 0x39, 0xE8, 0x86, 0xE7, 0xA4, 0xAF, 0x7F,
    0x09, 0x6F, 0x1F, 0x74, 0x91, 0x57, 0x11, 0x46, 0xC1, 0xF1, 0x6E, 0x21, 0x9E, 0xA3, 0xE0, 0xF8,
    0x28, 0xC7, 0x98, 0x7E, 0xAA, 0x63, 0xC7, 0xDD, 0x3B, 0x10, 0x0F, 0x52, 0x70, 0xBC, 0xED, 0x64,
    0x04, 0x8E, 0xBE, 0x78, 0x9C, 0x82, 0x23, 0x82, 0xC7, 0x29, 0x38, 0xC4, 0x56, 0x8E, 0x95, 0x0A,
    0x5E, 0xF8, 0x26, 0xDE, 0xE3, 0x8C, 0x5A, 0x8F, 0xD3, 0xB3, 0x66, 0xBC, 0xF4, 0x34, 0x41, 0x87,
    0xEF, 0x26, 0x0D, 0xC7, 0xE9, 0x70, 0x6E, 0x64, 0xFD, 0xFC, 0xC2, 0x6E, 0x0F, 0xEB, 0x17, 0x56,
    0x94, 0xA8, 0xAC, 0xFF, 0xD3, 0x78, 0xF1, 0x21, 0xD6, 0xFF, 0xD8, 0xC8, 0x9E, 0x65, 0xFD, 0x5B,
    0xD9, 0xE7, 0x17, 0xB1, 0x7E, 0x52, 0xD4, 0x69, 0x21, 0xEB, 0xC7, 0xC5, 0x81, 0x78, 0xEA, 0xCF,
    0x67, 0x62, 0x78, 0x3E, 0xA7, 0x68, 0x37, 0x67, 0xD4, 0x5E, 0x5F, 0xF7, 0xDA, 0xA9, 0x9F, 0xD3,
    0xA2, 0x8A, 0xE7, 0xE3, 0xBD, 0x8A, 0xC9, 0xD4, 0xEF, 0x7B, 0xA1, 0xC3, 0x9C, 0xD4, 0x37, 0x64,
    0x0A, 0x30, 0x5D, 0xFA, 0xE9, 0x3D, 0xE1, 0x42, 0x6C, 0x79, 0xFF, 0x47, 0x58, 0xF1, 0xE6, 0x2F,
    0x5C, 0x29, 0x0B, 0xC6, 0xE5, 0x5B, 0x35, 0xD6, 0x2B, 0x45, 0xB4, 0x64, 0xBB, 0x25, 0x57, 0xE9,
    0x94, 0x5C, 0xA4, 0x53, 0x72, 0x8D, 0x4E, 0x3D, 0xE4, 0x12, 0xCE, 0xF3, 0x7E, 0x15, 0x08, 0x3C,
    0xF5, 0x63, 0x83, 0xA5, 0xF0, 0x77, 0x58, 0x6B, 0xF1, 0x41, 0xC6, 0xC5, 0xF6, 0x65, 0x63, 0x58,
    0xED, 0x93, 0x9D, 0x3D, 0x2E, 0x57, 0x5A, 0x32, 0x60, 0x5C, 0xF6, 0x93, 0x4C, 0x16, 0xEC, 0x1C,
    0xCC, 0x45, 0xEB, 0xC8, 0x41, 0xBB, 0x46, 0x19, 0x6F, 0xD3, 0x33, 0xD6, 0x73, 0x1B, 0x33, 0x2F,
    0x4E, 0xB5, 0x1F, 0xD5, 0x5B, 0x32, 0x2F, 0x07, 0xEB, 0x72, 0xCD, 0xBB, 0xB2, 0x9D, 0x7A, 0x55,
    0xF4, 0xF8, 0x5A, 0x99, 0x81, 0xE8, 0x08, 0xDF, 0x88, 0xEA, 0x8E, 0xF9, 0x30, 0xCD, 0x48, 0x84,
    0x8F, 0x4D, 0x93, 0x1C, 0xE4, 0x24, 0xFD, 0xA5, 0x2A, 0x92, 0x35, 0x04, 0xDB, 0x7B, 0xEF, 0x54,
    0xC3, 0x8D, 0x9A, 0xE8, 0xEE, 0x1C, 0xB8, 0x77, 0x2A, 0x30, 0x40, 0x5C, 0x4D, 0x1E, 0xDD, 0x2B,
    0xC1, 0x02, 0xE2, 0xE7, 0x76, 0xEF, 0xA9, 0xBA, 0xDA, 0x35, 0xC9, 0x4D, 0xAF, 0xB8, 0x8C, 0xBD,
    0xAC, 0x33, 0x7B, 0x30, 0x89, 0x0B, 0x2F, 0x29, 0xD3, 0xD8, 0xBB, 0x7A, 0x38, 0xB8, 0xA3, 0x3A,
    0x6C, 0xF5, 0xF5, 0x5D, 0xD3, 0x86, 0x4D, 0x8A, 0x58, 0xE2, 0xA1, 0x76, 0x42, 0xE4, 0x71, 0x49,
    0x7E, 0x2D, 0xC4, 0xC4, 0x90, 0x61, 0x8B, 0x8E, 0x2B, 0xC9, 0xB1, 0x45, 0xFF, 0x51, 0xA9, 0x2C,
    0xBB, 0xC0, 0x67, 0x04, 0xB4, 0xAD, 0x31, 0x11, 0xCC, 0xB6, 0x8C, 0x6B, 0x72, 0x6D, 0x57, 0x22,
    0x26, 0x65, 0xCF, 0xD1, 0x3D, 0xA7, 0x93, 0xF8, 0xB7, 0x9F, 0x79, 0x06, 0xDD, 0xFB, 0x34, 0x78,
    0xBB, 0xA5, 0x9F, 0x24, 0xE5, 0x9B, 0x9E, 0x87, 0x4B, 0xD2, 0xB2, 0x96, 0xAD, 0x88, 0x0F, 0xC0,
    0x59, 0xEA, 0x3E, 0x72, 0x39, 0x11, 0x0D, 0x63, 0xD7, 0x2D, 0x08, 0x49, 0xA4, 0x43, 0x18, 0x59,
    0x30, 0x45, 0x75, 0x24, 0x36, 0x19, 0xA0, 0x3A, 0x55, 0x24, 0x5C, 0x22, 0xA8, 0xFE, 0x42, 0x67,
    0x80, 0x75, 0xE9, 0x20, 0x12, 0xCB, 0x0D, 0x5C, 0xC6, 0xE1, 0x2F, 0x04, 0x98, 0x35, 0x9B, 0x91,
    0xDB, 0x29, 0xD4, 0xE4, 0x44, 0x87, 0x64, 0xDD, 0xA4, 0x88, 0xFE, 0x6B, 0x4D, 0x00, 0xF1, 0xC1,
    0x64, 0xE1, 0x89, 0xE5, 0xDC, 0x8E, 0x9F, 0x6D, 0xDC, 0x8E, 0x5B, 0x02, 0x82, 0x39, 0xA1, 0x78,
    0xB7, 0xBC, 0xEA, 0x4D, 0x1F, 0xDC, 0x36, 0x5D, 0x58, 0xD7, 0x3F, 0xDB, 0x91, 0x6F, 0xEA, 0xE6,
    0x23, 0xE5, 0x7E, 0xB0, 0x7E, 0x9E, 0xCC, 0x04, 0xD9, 0xE8, 0x66, 0x61, 0xBB, 0x8F, 0x0A, 0x5B,
    0x4C, 0x24, 0x12, 0x5B, 0x08, 0x8D, 0x1A, 0xB5, 0x7A, 0x5B, 0xA6, 0x30, 0xC2, 0xB5, 0x86, 0xFF,
    0x13, 0x3E, 0xDA, 0x13, 0x1F, 0xBD, 0x2F, 0x68, 0xBC, 0x67, 0x2E, 0xAF, 0xBF, 0xC6, 0x81, 0x36,
    0x9E, 0x26, 0x86, 0x27, 0xCC, 0x99, 0x4A, 0xE1, 0xEE, 0xAA, 0xBA, 0x97, 0xD5, 0x2A, 0x93, 0x88,
    0x1E, 0x96, 0x73, 0xFA, 0x6C, 0x60, 0x6C, 0xE4, 0x52, 0x9C, 0x8F, 0x15, 0x22, 0x4C, 0x44, 0x80,
    0x04, 0x4E, 0x21, 0x81, 0x3B, 0x9C, 0xE7, 0x52, 0xDE, 0xAE, 0xC3, 0x4B, 0xD9, 0x82, 0xD7, 0x9A,
    0x66, 0xC2, 0x93, 0xC9, 0xC1, 0x82, 0x9C, 0x03, 0x09, 0xC8, 0x02, 0xFB, 0xCE, 0xC2, 0x48, 0xC2,
    0xD7, 0x9E, 0x85, 0x6B, 0xCF, 0xC0, 0x75, 0x44, 0xF6, 0xCD, 0xEA, 0x14, 0x04, 0x7F, 0x2F, 0xAF,
    0x47, 0x05, 0x58, 0xB7, 0x38, 0x38, 0xA4, 0xE6, 0x28, 0x47, 0x9F, 0x96, 0xCA, 0xB6, 0xCA, 0x83,
    0x53, 0xC4, 0xA2, 0x24, 0x9A, 0xF2, 0x69, 0x9A, 0xA7, 0xB4, 0xFB, 0x24, 0x1C, 0x35, 0x47, 0x73,
    0x82, 0xE6, 0x28, 0x55, 0x9A, 0x4B, 0xD5, 0x1C, 0xE5, 0x39, 0xCA, 0x72, 0x39, 0x2A, 0x28, 0xCA,
    0x2F, 0xD7, 0x94, 0x64, 0x73, 0x92, 0xE6, 0x20, 0x95, 0x96, 0x9A, 0x43, 0x4F, 0x73, 0xB6, 0xA2,
    0x39, 0xA6, 0x93, 0x0C, 0x06, 0xCC, 0x95, 0xA2, 0x21, 0x27, 0xEF, 0xD4, 0xA2, 0x59, 0xF7, 0xE4,
    0x1B, 0xD2, 0x6A, 0x37, 0xAE, 0x4C, 0x77, 0x3E, 0x4E, 0x0B, 0x33, 0xDA, 0x9F, 0xA5, 0x65, 0x67,
    0xDE, 0x9D, 0x49, 0xC8, 0x52, 0x1A, 0x27, 0xE6, 0x71, 0x6A, 0x26, 0x0F, 0xE5, 0x93, 0xC5, 0xFF,
    0x14, 0x83, 0x96, 0x4C, 0xC7, 0xB0, 0x90, 0x37, 0xC6, 0x4B, 0xC7, 0xC1, 0xEB, 0xDE, 0xA9, 0x39,
    0x99, 0x80, 0xAA, 0x03, 0xFE, 0xD6, 0x9C, 0xC9, 0x94, 0x80, 0xC3, 0x99, 0x12, 0x70, 0x31, 0xA1,
    0xF4, 0xE7, 0x4D, 0xA2, 0x04, 0x6C, 0x62, 0x12, 0xB0, 0xC2, 0x49, 0x83, 0x80, 0x7A, 0xE2, 0x72,
    0xD8, 0x4A, 0xB8, 0xA1, 0x51, 0x95, 0x2B, 0x12, 0xEF, 0xE5, 0xDD, 0x07, 0xB1, 0x7F, 0x1C, 0xDC,
    0xA7, 0xAF, 0xF9, 0xF1, 0x55, 0x43, 0x13, 0x98, 0x0F, 0x2B, 0x19, 0x1F, 0x89, 0x8B, 0x52, 0xC2,
    0x44, 0xE7, 0xB3, 0x01, 0x4D, 0xA1, 0x19, 0x0C, 0x88, 0x23, 0xC7, 0x28, 0xA6, 0x30, 0xDB, 0x1D,
    0xA8, 0x29, 0x6C, 0x68, 0x0A, 0xA3, 0x1D, 0x35, 0x85, 0xE2, 0x63, 0xD2, 0x14, 0x46, 0x0B, 0x6F,
    0xDA, 0xAE, 0x55, 0x3A, 0x76, 0x66, 0xDE, 0xD4, 0x0D, 0x7D, 0xEC, 0x6C, 0x3D, 0x8E, 0x38, 0x04,
    0xD5, 0xB3, 0xA3, 0xA6, 0x30, 0x0B, 0x23, 0x8E, 0xB6, 0xF0, 0x9A, 0xBA, 0x30, 0xAA, 0xA9, 0x0B,
    0x71, 0x3D, 0x70, 0xBA, 0xC5, 0xA8, 0xA1, 0xA6, 0xBE, 0x3B, 0x57, 0x5D, 0xF8, 0xF1, 0xCF, 0x55,
    0x13, 0xE2, 0xA4, 0x71, 0xC2, 0x5E, 0xBB, 0xC5, 0x95, 0xD7, 0x72, 0x59, 0xD0, 0x76, 0x9D, 0x72,
    0x3D, 0xC7, 0xD0, 0x46, 0x96, 0xF5, 0xAA, 0x73, 0x54, 0x0F, 0x2F, 0x51, 0x3F, 0xD7, 0xEE, 0x12,
    0xB5, 0xF3, 0xDB, 0xB5, 0x7C, 0x1E, 0xFA, 0xA4, 0x4E, 0x2B, 0x6A, 0xB8, 0x85, 0xAB, 0xA8, 0xE0,
    0x86, 0x5F, 0x54, 0xC0, 0xF1, 0x0E, 0x72, 0x1F, 0x54, 0x6F, 0x9D, 0x4A, 0xB5, 0x1B, 0xBE, 0x1F,
    0xCA, 0xCD, 0xAF, 0x33, 0xBA, 0xEB, 0x33, 0x21, 0x5F, 0xF8, 0x75, 0x6F, 0xF8, 0x31, 0xF5, 0xA3,
    0x77, 0x8A, 0x05, 0xF1, 0x49, 0x74, 0xC8, 0x81, 0x93, 0xFA, 0x0C, 0xA3, 0xAC, 0xCF, 0x51, 0xD6,
    0x3F, 0x17, 0xD1, 0x2A, 0xBC, 0xE3, 0x7E, 0x49, 0x3A, 0x24, 0x0F, 0x84, 0x1E, 0x58, 0x3F, 0xEF,
    0xD7, 0x58, 0xDF, 0x66, 0x09, 0xF7, 0x95, 0x14, 0x6A, 0x80, 0xE2, 0xDA, 0xEF, 0xF7, 0xAF, 0xC3,
    0xBE, 0x4F, 0x1D, 0xF3, 0x96, 0x5E, 0x23, 0x37, 0x65, 0x6A, 0x48, 0xF0, 0x30, 0x33, 0x24, 0x78,
    0x98, 0x18, 0x4A, 0xE6, 0xC2, 0xEB, 0xB2, 0x0F, 0x7B, 0xED, 0x9E, 0xBB, 0x08, 0x7A, 0xC4, 0x87,
    0x0F, 0xC5, 0x57, 0x92, 0xC8, 0x6E, 0x14, 0x23, 0x29, 0x14, 0x1F, 0xEC, 0x31, 0x27, 0x24, 0x9A,
    0x4C, 0x53, 0x42, 0xE7, 0xB2, 0x90, 0x11, 0xEA, 0xB6, 0x36, 0xE7, 0x69, 0x47, 0xD1, 0x76, 0xA3,
    0x55, 0x71, 0x81, 0x23, 0x99, 0xFF, 0x29, 0x99, 0xA3, 0x98, 0x28, 0x4D, 0x26, 0x0B, 0x92, 0x64,
    0x3C, 0x82, 0xAA, 0xC9, 0xC7, 0x14, 0x94, 0x72, 0x0C, 0x39, 0xF9, 0x7D, 0x33, 0x86, 0x98, 0x5C,
    0x9A, 0x8E, 0xC5, 0x69, 0x35, 0xFD, 0x6A, 0x3C, 0xC9, 0xE0, 0xAD, 0x8D, 0xA1, 0xC9, 0xE5, 0x93,
    0xA4, 0xD0, 0x54, 0x6D, 0x4F, 0x7F, 0xBC, 0xE6, 0x21, 0xFD, 0x50, 0xC5, 0x94, 0x06, 0xAF, 0x48,
    0x90, 0xD2, 0x53, 0xEF, 0x2A, 0xAD, 0xE4, 0xAD, 0x0B, 0xBF, 0x6A, 0xB4, 0x2F, 0x4A, 0x0B, 0x94,
    0x10, 0xF1, 0x9F, 0x22, 0x97, 0x87, 0x8F, 0x14, 0xE3, 0xF0, 0x8D, 0x14, 0x7D, 0x4A, 0x3E, 0xF3,
    0x49, 0xA3, 0x99, 0xFF, 0xB3, 0x3E, 0x3E, 0x62, 0x4B, 0x7C, 0x8E, 0xDE, 0xD9, 0x68, 0xDA, 0x66,
    0x02, 0xA7, 0x6B, 0x8E, 0xC2, 0x3C, 0x8C, 0x2B, 0xEA, 0xE1, 0x8E, 0xF1, 0x0E, 0x42, 0xA7, 0x4A,
    0x33, 0xA8, 0x87, 0xCB, 0xE5, 0xB0, 0xA0, 0x73, 0x20, 0x7A, 0x95, 0xEA, 0xC1, 0xFD, 0xAA, 0xA2,
    0x7A, 0xD8, 0x8C, 0x2A, 0x38, 0x2E, 0xC2, 0x14, 0x95, 0x57, 0x0F, 0xE4, 0x7F, 0x98, 0x3F, 0xAF,
    0x1E, 0x32, 0x55, 0x0F, 0xF3, 0x10, 0x8D, 0xEB, 0xBA, 0xA5, 0xBE, 0x63, 0x4D, 0xFA, 0xC4, 0xC5,
    0x36, 0x49, 0xBC, 0x4D, 0x0A, 0xD3, 0x1B, 0xCE, 0xB6, 0xC1, 0x70, 0xF2, 0x1E, 0xB9, 0x43, 0xF9,
    0x89, 0x79, 0xFE, 0x5B, 0x78, 0x37, 0xFD, 0x06, 0xEF, 0x37, 0xF6, 0xF0, 0xBE, 0x9D, 0x60, 0xCB,
    0x5B, 0xC8, 0xD7, 0x8A, 0x42, 0x9A, 0x31, 0x2E, 0xD8, 0xD6, 0xEF, 0xD7, 0x53, 0x9C, 0x82, 0xA2,
    0x71, 0x01, 0x92, 0x26, 0x39, 0x68, 0x6A, 0x49, 0x1D, 0x4B, 0xAA, 0x5A, 0x92, 0xD5, 0x92, 0xAE,
    0x36, 0x03, 0x61, 0x93, 0x1C, 0x94, 0xED, 0x52, 0xAD, 0x22, 0x7C, 0xBE, 0xC1, 0x77, 0x3B, 0x45,
    0x2A, 0x21, 0x66, 0xD0, 0x6C, 0x0E, 0xE8, 0x78, 0x75, 0x9A, 0x15, 0x67, 0x8B, 0x9E, 0xDF, 0x54,
    0xE2, 0x7D, 0x0B, 0xB5, 0x64, 0x11, 0x30, 0xC1, 0x8B, 0x9B, 0xDC, 0x12, 0xD2, 0x1F, 0x22, 0xDA,
    0xCD, 0x27, 0xD0, 0x42, 0xF2, 0xE7, 0x0E, 0x71, 0xC6, 0x08, 0xE9, 0xEC, 0x68, 0x72, 0x05, 0xD9,
    0x9A, 0xFB, 0x06, 0x01, 0x88, 0xB1, 0xF9, 0x99, 0x91, 0xE9, 0x3E, 0x70, 0xFB, 0x42, 0x27, 0x71,
    0xBB, 0xC5, 0xFD, 0xEB, 0xB7, 0xC1, 0xCD, 0x8A, 0x2D, 0x72, 0x0B, 0x3D, 0xA2, 0x98, 0x9E, 0xC7,
    0x59, 0x43, 0xBF, 0xE3, 0xAE, 0xBB, 0x73, 0xB9, 0x60, 0x10, 0x01, 0x06, 0x12, 0xE7, 0x39, 0x77,
    0x13, 0x1C, 0x91, 0xCD, 0x06, 0xEA, 0x6F, 0xE4, 0x03, 0x7A, 0x1B, 0x72, 0x1E, 0x6A, 0xB8, 0xA7,
    0x5E, 0x83, 0xCF, 0xFC, 0x78, 0xD6, 0x8F, 0xE6, 0xD4, 0x31, 0xA4, 0xF1, 0x5F, 0x51, 0x56, 0x75,
    0x6F, 0x20, 0xA8, 0x71, 0x48, 0x1E, 0x01, 0x0F, 0xF2, 0x47, 0xC0, 0x83, 0x14, 0x12, 0x8E, 0x10,
    0x59, 0x24, 0x6A, 0xAE, 0xBC, 0x87, 0x63, 0xFC, 0x0B, 0xE4, 0x92, 0x80, 0x07, 0xE9, 0x24, 0xC1,
    0xA3, 0x19, 0x25, 0x5E, 0x11, 0x84, 0x80, 0xF1, 0xCB, 0x8E, 0x9B, 0x27, 0x05, 0x35, 0xEF, 0x35,
    0x1A, 0xD4, 0xDC, 0x85, 0xF8, 0x00, 0x07, 0x24, 0x08, 0x38, 0x20, 0x0D, 0x90, 0x57, 0xC8, 0x91,
    0xE0, 0xA0, 0x28, 0x51, 0x83, 0x42, 0x0E, 0x9E, 0xE7, 0xB9, 0x2B, 0x87, 0x16, 0x2A, 0x99, 0x41,
    0x50, 0xBD, 0x51, 0x5D, 0xC6, 0xE3, 0xEB, 0x41, 0x0D, 0x7D, 0xFD, 0x15, 0x9F, 0xFF, 0x56, 0x63,
    0x52, 0xAC, 0xFF, 0x53, 0x87, 0x51, 0xD6, 0xB7, 0x17, 0x53, 0xAE, 0x1F, 0xDF, 0x77, 0x5C, 0x3F,
    0x5E, 0x38, 0x0D, 0xEE, 0x84, 0x91, 0x10, 0xDC, 0x45, 0x75, 0x4A, 0x0D, 0x1A, 0x97, 0xCC, 0xCE,
    0x25, 0xFB, 0x45, 0xEA, 0x43, 0xCC, 0xD4, 0x07, 0x79, 0x21, 0x6B, 0x77, 0x7C, 0x1C, 0xAD, 0x86,
    0x1C, 0xD4, 0x54, 0xBB, 0xAA, 0xA9, 0x6E, 0xA8, 0x15, 0xF3, 0xE1, 0xC6, 0x01, 0x6D, 0xFA, 0xBB,
    0x05, 0xBC, 0x2F, 0xD7, 0xC9, 0x92, 0x1C, 0xEB, 0x22, 0x31, 0x06, 0xF2, 0xA7, 0xF4, 0x37, 0x3F,
    0xA0, 0xDF, 0x63, 0xE9, 0x73, 0x09, 0xAC, 0xDC, 0x93, 0xC0, 0x73, 0x77, 0xE6, 0xD3, 0xEC, 0xAA,
    0x21, 0x3D, 0xD3, 0x3F, 0xF7, 0xAF, 0xE5, 0x98, 0x9D, 0xF8, 0x0A, 0x91, 0xEE, 0x9E, 0x1F, 0xB7,
    0xD6, 0x93, 0x10, 0xFF, 0x22, 0x8E, 0xDC, 0xF1, 0x97, 0x17, 0x1D, 0x4F, 0xB9, 0x20, 0x48, 0xE6,
    0x14, 0xC6, 0x6D, 0x94, 0x71, 0x31, 0x82, 0x71, 0x8B, 0x46, 0x19, 0xB7, 0x6A, 0x94, 0x71, 0xCB,
    0x46, 0x19, 0x57, 0x7E, 0xAF, 0x8C, 0xDB, 0x78, 0xC6, 0x6D, 0x3C, 0xE3, 0x2A, 0x69, 0x12, 0x9F,
    0x1B, 0x33, 0x7B, 0x7E, 0xB4, 0x3A, 0x8E, 0xE3, 0xC6, 0x3B, 0x42, 0xCD, 0xDA, 0xAD, 0x54, 0x8B,
    0xA7, 0xD2, 0x77, 0xE1, 0x48, 0xEC, 0x2F, 0xAA, 0xE1, 0x05, 0x74, 0x40, 0x02, 0x1B, 0xC3, 0x5D,
    0xEF, 0xEE, 0xBF, 0x2F, 0x51, 0x4A, 0xE4, 0x78, 0xAD, 0x76, 0x36, 0xC1, 0xFD, 0x4C, 0xE4, 0x16,
    0x73, 0xAA, 0xE2, 0x3E, 0x14, 0xEF, 0xB6, 0x70, 0x54, 0xBF, 0xC2, 0x7B, 0xB2, 0xD8, 0x86, 0x3B,
    0xD8, 0x9F, 0xCD, 0xDB, 0xFB, 0x0D, 0x7F, 0xB9, 0xF1, 0x9F, 0xC3, 0xDE, 0xBD, 0xCC, 0xD4, 0x5C,
    0xED, 0xBC, 0x2E, 0x77, 0x5E, 0xD7, 0x3B, 0xAF, 0x0B, 0x9E, 0xD7, 0x15, 0xE5, 0x87, 0x2E, 0x71,
    0xB5, 0x7C, 0xE4, 0x6C, 0xFA, 0xA7, 0xD3, 0xF3, 0xE0, 0x89, 0x78, 0x86, 0xC1, 0xEE, 0xFC, 0x15,
    0x86, 0x64, 0xD1, 0xC3, 0x60, 0xAE, 0x0E, 0xCE, 0xEB, 0xE5, 0x16, 0x87, 0x7E, 0x75, 0x5E, 0xB7,
    0xCE, 0xE1, 0x59, 0x77, 0x5E, 0x25, 0xE6, 0x37, 0xC6, 0xA7, 0xB6, 0x42, 0xD2, 0x70, 0x3D, 0x8D,
    0xE4, 0x55, 0x6D, 0x93, 0x4C, 0x35, 0x91, 0x24, 0x20, 0xAF, 0x4C, 0x89, 0x70, 0xDA, 0xBD, 0x4F,
    0x8C, 0xF7, 0xBE, 0xC8, 0x1C, 0x51, 0xFE, 0x42, 0x7C, 0x37, 0xE2, 0xBC, 0x73, 0x30, 0x4D, 0x3D,
    0x6D, 0xC6, 0xD0, 0xE2, 0x5D, 0x09, 0x99, 0x60, 0x59, 0xCE, 0x9A, 0x37, 0x45, 0x54, 0xC2, 0x95,
    0x64, 0xE5, 0x27, 0xA9, 0xBF, 0xB4, 0x94, 0x25, 0xED, 0xB1, 0xDC, 0xE3, 0x63, 0x26, 0xCF, 0xB6,
    0x51, 0x7C, 0xDD, 0x4E, 0x00, 0xEC, 0x4E, 0x0D, 0x75, 0x28, 0xC0, 0xC4, 0xEF, 0xEB, 0x11, 0xD8,
    0xCF, 0x31, 0x21, 0x01, 0x17, 0xBB, 0x3D, 0x05, 0x36, 0x9A, 0xF5, 0x14, 0x58, 0x52, 0xF5, 0x14,
    0xD8, 0x28, 0x28, 0xD1, 0x59, 0x98, 0x30, 0x01, 0x4E, 0xCA, 0xCD, 0x82, 0x7E, 0x1D, 0x7D, 0x2F,
    0xDC, 0x50, 0x85, 0x2C, 0x43, 0x9B, 0xCC, 0x16, 0xD2, 0x91, 0x3E, 0x2F, 0x08, 0x37, 0x72, 0x72,
    0xC1, 0x22, 0x52, 0x14, 0x42, 0xD9, 0x9D, 0x24, 0xE7, 0x61, 0xC6, 0x33, 0xD1, 0x33, 0x82, 0xE7,
    0x93, 0xDC, 0xED, 0x64, 0xC0, 0x73, 0xAF, 0x18, 0x2E, 0x88, 0xE7, 0x5E, 0x39, 0xB8, 0x9A, 0x01,
    0xCF, 0xA5, 0x7A, 0xD0, 0xAD, 0x89, 0xA7, 0xBE, 0xE0, 0xE5, 0x7A, 0x9C, 0xCE, 0xF4, 0xD2, 0x68,
    0x2B, 0xCA, 0xD4, 0x93, 0x17, 0xFD, 0x34, 0x0E, 0xB7, 0x7C, 0xB5, 0x8F, 0x31, 0x9C, 0x77, 0xAE,
    0xFB, 0x8B, 0x96, 0x2C, 0x79, 0x98, 0x28, 0x0C, 0xD5, 0x63, 0x02, 0x03, 0x6C, 0x47, 0xAE, 0x02,
    0xD7, 0x92, 0x2C, 0x87, 0x0F, 0x32, 0x25, 0xCB, 0xEF, 0x5C, 0xA3, 0x64, 0x69, 0xFE, 0x78, 0xA6,
    0x64, 0x09, 0x29, 0xDA, 0x36, 0x47, 0x6B, 0x7E, 0x12, 0xC4, 0x24, 0x64, 0x69, 0xCD, 0xAE, 0xF5,
    0x8B, 0x0F, 0xC3, 0xD5, 0x95, 0x5D, 0xC6, 0x58, 0xAD, 0x89, 0x16, 0x3F, 0x07, 0x30, 0x66, 0x01,
    0x86, 0xFB, 0xE0, 0xB6, 0xC2, 0x38, 0x74, 0x0B, 0x85, 0xD1, 0xBC, 0xB5, 0x9F, 0x13, 0x46, 0x23,
    0x94, 0x51, 0x18, 0xC9, 0xDD, 0x92, 0x30, 0xF6, 0x26, 0x97, 0x75, 0x8D, 0xE1, 0xDC, 0xAB, 0x8C,
    0x8D, 0xCC, 0x27, 0x87, 0x9F, 0x89, 0x7C, 0xCA, 0x31, 0x0D, 0x81, 0x56, 0xEA, 0x7E, 0x1D, 0x78,
    0xC4, 0x85, 0xDC, 0xF5, 0x8B, 0x6D, 0xEA, 0x78, 0xD7, 0x1C, 0xCB, 0x07, 0xB5, 0x5A, 0x07, 0x53,
    0x15, 0xF6, 0x2E, 0xB7, 0x02, 0x9C, 0x59, 0xFF, 0x5B, 0xA5, 0x12, 0xEC, 0xD3, 0x62, 0xAB, 0xB3,
    0xF8, 0x01, 0xB1, 0xDE, 0x13, 0xF7, 0x51, 0x1C, 0x4A, 0xA0, 0xBD, 0x2B, 0xBE, 0xD3, 0x9D, 0x5D,
    0x25, 0x5B, 0x7D, 0x63, 0x02, 0xEF, 0x14, 0x88, 0xA7, 0xFD, 0x79, 0xED, 0xB5, 0xCD, 0x76, 0x74,
    0xB1, 0xAE, 0xC3, 0xD5, 0x61, 0xA7, 0xF2, 0x53, 0x5B, 0xC4, 0x65, 0x1D, 0x6E, 0x46, 0x76, 0x8A,
    0x10, 0x04, 0x4D, 0x16, 0xED, 0x65, 0xF9, 0x99, 0xDB, 0xAB, 0x1A, 0x69, 0x70, 0x92, 0x8E, 0x7F,
    0xA1, 0x9D, 0xBD, 0xD2, 0x9A, 0xDE, 0x7E, 0xBD, 0x9C, 0x79, 0xCD, 0xD5, 0xF4, 0xBC, 0xF6, 0xEA,
    0x36, 0x3D, 0xAF, 0xC1, 0x26, 0x8D, 0x97, 0x89, 0x64, 0xDE, 0x04, 0xA1, 0xC8, 0x1B, 0x95, 0x8A,
    0xCB, 0x33, 0xFE, 0x85, 0x6C, 0x43, 0x14, 0xA4, 0x67, 0xFE, 0xC8, 0x65, 0x2E, 0x5C, 0xE8, 0xD4,
    0xEE, 0x37, 0x21, 0x84, 0xFC, 0xEF, 0x81, 0xFF, 0xFB, 0x3F, 0x09, 0xB3, 0xA4, 0x09, 0x5A, 0xA4,
    0xD3, 0x84, 0xAB, 0x2F, 0xEC, 0x89, 0x52, 0x01, 0xB1, 0x1A, 0xE5, 0x3A, 0xED, 0xBA, 0xDF, 0x06,
    0xDD, 0x6A, 0x0B, 0x77, 0xA7, 0x56, 0x88, 0x22, 0x47, 0x62, 0x68, 0x88, 0x71, 0x5B, 0x48, 0x57,
    0xAB, 0xAA, 0x1D, 0x9B, 0x6D, 0x5B, 0x02, 0xE5, 0x9D, 0x9C, 0x53, 0xC2, 0x2C, 0xF7, 0xF2, 0xEB,
    0x11, 0xC5, 0x25, 0x2E, 0x86, 0xC5, 0x48, 0x03, 0xC9, 0xB8, 0xD8, 0xC8, 0x46, 0x0F, 0xEB, 0x90,
    0xA8, 0xBA, 0xA1, 0x92, 0x21, 0xBC, 0xFA, 0xE6, 0xB6, 0x47, 0xB3, 0xD8, 0x71, 0x81, 0x09, 0x86,
    0xEE, 0x61, 0x7B, 0xD7, 0xFC, 0xC3, 0x36, 0x20, 0x0E, 0xF7, 0xCD, 0x3E, 0x02, 0xF2, 0x43, 0x88,
    0xCF, 0x90, 0xBA, 0xE4, 0x9F, 0xF2, 0x9C, 0xCE, 0x7C, 0x30, 0x5B, 0x49, 0x6C, 0x2F, 0xB5, 0x51,
    0x6D, 0x1B, 0xBA, 0x25, 0xCF, 0x2E, 0xD4, 0x3B, 0x49, 0x2F, 0x72, 0x88, 0xDF, 0xDF, 0xEF, 0xDC,
    0xC6, 0x89, 0x3B, 0x5C, 0x87, 0x75, 0xA6, 0xC3, 0x68, 0xC7, 0xD0, 0xE1, 0xB1, 0xD9, 0x86, 0x84,
    0x14, 0xB8, 0xCD, 0x8C, 0xC5, 0xDD, 0xB1, 0x72, 0x22, 0x79, 0x2A, 0xB4, 0x10, 0xA7, 0xC7, 0x46,
    0x94, 0x45, 0xEB, 0x2A, 0x9F, 0x62, 0x3E, 0xC2, 0x03, 0xDD, 0x30, 0x49, 0x73, 0x73, 0x44, 0x8B,
    0xB7, 0x26, 0xBF, 0x77, 0x4C, 0x7D, 0xC2, 0x7F, 0x1F, 0x1D, 0x65, 0x7F, 0xCF, 0xFC, 0xCE, 0xB3,
    0xBE, 0xF9, 0x9B, 0xDC, 0x73, 0xCB, 0xFF, 0x08, 0x26, 0xEF, 0x27, 0xB5, 0xD7, 0xEC, 0xCD, 0x58,
    0x59, 0x3E, 0xAA, 0xB7, 0x95, 0xE1, 0xBB, 0x3E, 0xEF, 0x10, 0x4D, 0x7C, 0x25, 0x4E, 0x1C, 0x32,
    0x12, 0xF2, 0xF7, 0x83, 0x10, 0x61, 0xEF, 0x7A, 0x87, 0x29, 0x54, 0x5C, 0x8C, 0x42, 0x02, 0x2F,
    0x0D, 0xA2, 0x1A, 0xFD, 0xE5, 0xC9, 0x99, 0x5A, 0x85, 0x36, 0x08, 0xEA, 0x83, 0xB7, 0x63, 0x2A,
    0x95, 0xB8, 0x1E, 0x53, 0xA1, 0xC4, 0xFD, 0x98, 0xCA, 0x24, 0x2E, 0xC8, 0x54, 0x24, 0x71, 0x43,
    0xA6, 0xAA, 0x2C, 0x5C, 0x91, 0x2D, 0xEF, 0xC8, 0x96, 0x97, 0x64, 0xCB, 0x5B, 0xB2, 0xE5, 0x35,
    0xD9, 0xCA, 0x3D, 0x19, 0x2F, 0xCA, 0x4E, 0x51, 0xAC, 0x4D, 0x80, 0xD4, 0x04, 0xC5, 0x8A, 0x7B,
    0x2F, 0xD5, 0x68, 0xA9, 0x27, 0x17, 0x6E, 0xBE, 0x54, 0xA3, 0x61, 0x07, 0xA7, 0x29, 0xD6, 0xE6,
    0x98, 0x62, 0x2D, 0xCC, 0xDA, 0x05, 0xD8, 0xEA, 0x0D, 0xD8, 0xD7, 0xCD, 0xEA, 0x8D, 0x8A, 0x08,
    0xBB, 0x5E, 0xA9, 0xB8, 0x86, 0x15, 0x54, 0x02, 0xEC, 0x1E, 0x4B, 0xA8, 0x60, 0xA1, 0x51, 0x43,
    0xA5, 0xA4, 0x12, 0x16, 0x27, 0xA5, 0x50, 0x45, 0x45, 0x42, 0xE1, 0xBA, 0x91, 0xC0, 0x50, 0x47,
    0x45, 0x60, 0xCB, 0x42, 0x2A, 0xF3, 0xCF, 0x9C, 0x68, 0x5E, 0x89, 0xFA, 0x5F, 0x78, 0x1D, 0xD7,
    0xB2, 0xB8, 0x42, 0xED, 0x74, 0xA6, 0x9D, 0xD2, 0x5E, 0x9E, 0xC7, 0x65, 0xBC, 0x7F, 0xEB, 0x61,
    0xA1, 0xDE, 0xD3, 0xD9, 0x64, 0x61, 0x92, 0x2C, 0x45, 0x9C, 0xD6, 0x93, 0x5F, 0x94, 0xBD, 0x8E,
    0x98, 0xB6, 0xB3, 0x22, 0x71, 0x33, 0x48, 0xDF, 0x10, 0x2C, 0x64, 0x0F, 0x84, 0xEB, 0x3A, 0xBC,
    0x60, 0xDD, 0xD0, 0x8C, 0x04, 0xE3, 0x73, 0xB5, 0x2A, 0xA4, 0x3F, 0x69, 0x4F, 0xBA, 0x93, 0xE6,
    0xD8, 0x16, 0x5C, 0x24, 0xFC, 0xC5, 0x10, 0x25, 0x05, 0xBC, 0x28, 0x7E, 0xB5, 0xCD, 0xD4, 0x5E,
    0x4D, 0x0B, 0x64, 0x90, 0x91, 0x32, 0xA3, 0x08, 0x8F, 0x18, 0x04, 0xF2, 0x0C, 0xFE, 0x3C, 0x9C,
    0x70, 0xD9, 0x4E, 0xB8, 0x4C, 0x1D, 0x8E, 0x1A, 0x15, 0x51, 0x5C, 0x0E, 0x25, 0x51, 0x5C, 0x12,
    0x35, 0x51, 0x5C, 0x16, 0x45, 0x51, 0xA4, 0x28, 0xAA, 0xA2, 0x48, 0xD1, 0xE0, 0x86, 0xB6, 0x75,
    0x51, 0x6D, 0x61, 0xD4, 0x4A, 0x65, 0x54, 0x5B, 0x1A, 0xB5, 0xD4, 0xF9, 0xDB, 0x27, 0xA8, 0x7E,
    0x9E, 0xB0, 0xF5, 0xF7, 0x00, 0x0D, 0x0B, 0xA4, 0x00, 0x8C, 0x15, 0x52, 0x00, 0x86, 0x12, 0x29,
    0x02, 0x43, 0x8D, 0x14, 0x81, 0xA1, 0x48, 0x8A, 0xC0, 0x26, 0xF9, 0x38, 0x68, 0xF7, 0x71, 0x50,
    0xEE, 0x63, 0xB3, 0x56, 0x28, 0xB5, 0xAC, 0x94, 0x6A, 0x4B, 0xA5, 0xDA, 0x5A, 0xA9, 0xB6, 0x58,
    0x6A, 0x59, 0x2D, 0xE5, 0xE3, 0xBD, 0xB9, 0x5E, 0x67, 0x3E, 0xEE, 0x1C, 0x32, 0x59, 0xEF, 0x0D,
    0x51, 0x5C, 0xDF, 0x4E, 0xC4, 0xD3, 0x70, 0xAF, 0x89, 0x78, 0x3C, 0x7C, 0x88, 0xAA, 0x0C, 0xF9,
    0x85, 0xCD, 0x87, 0xF2, 0xB3, 0x12, 0x99, 0xFE, 0x22, 0x09, 0xBA, 0xED, 0xF6, 0xF2, 0x56, 0x04,
    0xD9, 0xFA, 0x0E, 0xF8, 0x13, 0xAB, 0x58, 0x57, 0x3B, 0x38, 0x53, 0x89, 0x33, 0xB3, 0x9A, 0x3B,
    0x9E, 0x9B, 0x61, 0xCD, 0x1D, 0x3B, 0x26, 0xA3, 0x64, 0xD5, 0xC3, 0x5F, 0x3D, 0xF2, 0x52, 0x77,
    0x58, 0xE0, 0x8E, 0x42, 0xB8, 0xC0, 0x19, 0xD5, 0x01, 0xA2, 0x49, 0x7D, 0xB9, 0x4D, 0xED, 0x27,
    0x9D, 0x62, 0x99, 0x7E, 0xFC, 0x52, 0x93, 0x1F, 0x1C, 0xCB, 0x12, 0x91, 0x00, 0xDF, 0xF4, 0x0C,
    0x32, 0x0C, 0xC7, 0xE0, 0xF4, 0x14, 0x06, 0x7D, 0x25, 0xC6, 0x20, 0xAE, 0x40, 0x8F, 0x7A, 0xA0,
    0x76, 0x6B, 0x36, 0xE0, 0x37, 0x46, 0x33, 0xAD, 0x8A, 0xB2, 0x8D, 0x16, 0x45, 0x0D, 0x33, 0xAD,
    0x89, 0x4A, 0xBD, 0x4E, 0xDD, 0x58, 0x78, 0x16, 0x48, 0x66, 0x47, 0x0A, 0xA3, 0xBE, 0x61, 0x9E,
    0x56, 0x14, 0x72, 0x11, 0xB2, 0x43, 0x91, 0x82, 0xC9, 0x6B, 0x42, 0xC0, 0x06, 0x89, 0x9B, 0x05,
    0xDE, 0xFA, 0x9F, 0xE5, 0x30, 0x2A, 0x39, 0xF3, 0x71, 0x80, 0xD0, 0x6A, 0xB7, 0x36, 0x0D, 0x1A,
    0x14, 0x5D, 0x48, 0x53, 0x8A, 0xF2, 0x7D, 0xAE, 0x55, 0xBE, 0xA8, 0x7F, 0x52, 0xE5, 0x8B, 0x02,
    0x28, 0x55, 0xBE, 0xA8, 0x80, 0x52, 0xE5, 0x8B, 0x12, 0x28, 0x75, 0x87, 0x42, 0x0D, 0xD4, 0xB2,
    0x08, 0x6A, 0x59, 0x05, 0xB5, 0x2C, 0x83, 0x5A, 0xA9, 0x83, 0x5A, 0x16, 0x42, 0xF1, 0xBE, 0x65,
    0xCD, 0xB8, 0xAA, 0xD7, 0x30, 0xF0, 0x2C, 0xAF, 0x94, 0x1E, 0x78, 0x42, 0xEB, 0xD1, 0xAB, 0x56,
    0xCB, 0xA9, 0xD3, 0xDE, 0x52, 0x8D, 0x86, 0x8F, 0x30, 0x84, 0xD7, 0xBA, 0x8A, 0x09, 0x87, 0x81,
    0xC6, 0x62, 0x17, 0x94, 0xA0, 0xA9, 0x7A, 0xD8, 0x1B, 0xAD, 0x31, 0xF7, 0x96, 0x31, 0xA7, 0x31,
    0x1F, 0x98, 0x0D, 0xA4, 0x20, 0x90, 0x3D, 0x14, 0x63, 0x2E, 0x80, 0x91, 0xC0, 0xA8, 0x69, 0xCC,
    0x31, 0x20, 0x7D, 0x51, 0xAB, 0x31, 0x97, 0x30, 0x15, 0xC9, 0x8B, 0xB1, 0xE6, 0x2E, 0xB6, 0x35,
    0x75, 0xB1, 0xAD, 0x99, 0x8B, 0x6D, 0x4D, 0x54, 0x50, 0xAA, 0x52, 0xDD, 0x76, 0xDA, 0x57, 0x83,
    0xD3, 0xCF, 0x4E, 0xA8, 0x12, 0x78, 0xB2, 0x58, 0x45, 0x28, 0x29, 0x42, 0x8C, 0xA9, 0x6F, 0xDD,
    0xE2, 0x5C, 0x92, 0xC5, 0xCE, 0x89, 0x80, 0x4D, 0x34, 0xC9, 0xC8, 0x84, 0x86, 0xCD, 0x46, 0x21,
    0xC8, 0x6C, 0xC4, 0x8C, 0xA4, 0xB2, 0x99, 0x48, 0x5C, 0x92, 0xE4, 0xFD, 0x7D, 0xDD, 0x81, 0x78,
    0x6B, 0x43, 0xB3, 0xD1, 0x81, 0x2B, 0x02, 0x0F, 0xA4, 0xBB, 0x9F, 0xA5, 0x70, 0x36, 0x50, 0x4B,
    0xF7, 0xB9, 0xF8, 0x28, 0x7B, 0xD0, 0x94, 0xF5, 0x50, 0x66, 0xF5, 0x79, 0xF9, 0xD9, 0xDE, 0x33,
    0xA9, 0xAF, 0xB4, 0x3B, 0xB3, 0x54, 0x4E, 0xA1, 0xC0, 0x49, 0x40, 0x90, 0x6E, 0x28, 0x71, 0xE2,
    0x84, 0x35, 0x4E, 0xD8, 0x08, 0x8B, 0x9C, 0xB0, 0x19, 0x54, 0x39, 0x71, 0x43, 0x28, 0x73, 0x52,
    0x3D, 0x55, 0x25, 0xF4, 0xFE, 0xEF, 0xA0, 0xD0, 0x89, 0x7A, 0x0A, 0x95, 0x4E, 0x94, 0xDA, 0x65,
    0xA9, 0x93, 0xF9, 0x67, 0x4E, 0x36, 0xB2, 0x93, 0x83, 0xC6, 0xBB, 0x73, 0x1F, 0x34, 0x16, 0x88,
    0xFA, 0x08, 0x0C, 0x75, 0x4F, 0x04, 0x86, 0xC2, 0x27, 0x52, 0x1C, 0x95, 0x4F, 0xA4, 0x3A, 0x4A,
    0x9F, 0xBC, 0x02, 0xBD, 0x60, 0xD6, 0x8A, 0x9F, 0xDA, 0xEA, 0xA7, 0x65, 0xF9, 0x53, 0x5B, 0xFF,
    0xB4, 0x2C, 0x80, 0x3A, 0x1A, 0x34, 0xAE, 0xAA, 0x11, 0x95, 0xE2, 0x7B, 0xAC, 0x82, 0x12, 0x3C,
    0x77, 0x50, 0xC6, 0x44, 0x3C, 0xA8, 0x83, 0x52, 0x1F, 0xEC, 0x91, 0x53, 0x0E, 0x40, 0x25, 0x94,
    0x72, 0xC1, 0x9E, 0xB0, 0x08, 0xA4, 0xCC, 0xD7, 0x42, 0xB5, 0xC5, 0x50, 0xCB, 0x6A, 0xA8, 0xB6,
    0x1C, 0x6A, 0xA5, 0x1E, 0xEA, 0xC4, 0xC9, 0xD1, 0xC4, 0x2A, 0x8F, 0xAD, 0xEF, 0xE5, 0x3E, 0xF5,
    0x21, 0x5B, 0x88, 0xD8, 0x24, 0x6E, 0xE1, 0x91, 0x89, 0x59, 0x27, 0x90, 0xDB, 0x62, 0xAC, 0x89,
    0x23, 0xDC, 0x1D, 0x74, 0xD5, 0xF9, 0xD6, 0xEA, 0xA8, 0xB6, 0x3C, 0x2A, 0xD4, 0x47, 0xB5, 0x05,
    0x52, 0xA1, 0x42, 0x6A, 0x59, 0xC1, 0xE3, 0x6B, 0xA4, 0xCC, 0x33, 0x7F, 0x98, 0xAE, 0xA0, 0x79,
    0x72, 0xD9, 0xD4, 0xB2, 0x6E, 0x6A, 0xBD, 0x70, 0xEA, 0x0F, 0xCC, 0x8D, 0x3C, 0xAD, 0x96, 0x6A,
    0x79, 0x14, 0x6B, 0x95, 0x09, 0xA7, 0x8A, 0xCF, 0x96, 0x17, 0x9F, 0x62, 0xCB, 0x8B, 0x4F, 0xBD,
    0xE5, 0xC5, 0x67, 0xBA, 0xE5, 0xC5, 0xA7, 0xD9, 0xF2, 0xE2, 0x93, 0x6D, 0x05, 0xF1, 0xD9, 0x32,
    0x6B, 0x85, 0x55, 0x6D, 0x65, 0xD5, 0xB2, 0xB4, 0xAA, 0xAD, 0xAD, 0x0A, 0xC5, 0x55, 0x6D, 0x75,
    0x55, 0x5B, 0x5E, 0xB5, 0x56, 0x5F, 0x45, 0x84, 0xF8, 0x8F, 0x54, 0xB7, 0x2C, 0x55, 0xC8, 0x0C,
    0xAC, 0x4A, 0x23, 0xF4, 0xF8, 0x2E, 0x37, 0x43, 0x2D, 0x6D, 0x6E, 0x27, 0xC2, 0xB4, 0x42, 0x91,
    0x6B, 0x8D, 0xD6, 0xFE, 0x7E, 0xDB, 0x56, 0x5D, 0x77, 0x6B, 0x66, 0x1F, 0xEE, 0x5F, 0x4B, 0x8D,
    0x13, 0xFD, 0x36, 0x14, 0x63, 0x68, 0x45, 0x97, 0x6D, 0x98, 0x28, 0xEC, 0xDC, 0xBF, 0xFB, 0x30,
    0xE6, 0x46, 0x66, 0x42, 0x65, 0x7F, 0x7C, 0x30, 0x79, 0x36, 0x37, 0xA8, 0x7C, 0x10, 0x97, 0x23,
    0x4B, 0x68, 0xB7, 0x69, 0xA1, 0x44, 0x45, 0xEE, 0x9A, 0xE4, 0x83, 0x45, 0x57, 0x6C, 0x82, 0x6B,
    0x84, 0x29, 0x23, 0x97, 0x47, 0xCB, 0x4C, 0xB2, 0x26, 0x92, 0x35, 0x1B, 0x1A, 0x85, 0x6A, 0x79,
    0x4F, 0x65, 0xCF, 0x20, 0x39, 0x57, 0xAB, 0xB9, 0x9C, 0x30, 0x82, 0xAC, 0xD7, 0x71, 0xB8, 0x72,
    0x9C, 0xF4, 0x9B, 0x1A, 0x2B, 0xC2, 0xF8, 0x74, 0x70, 0xDB, 0x88, 0xAD, 0x25, 0xBF, 0xE6, 0x90,
    0x0A, 0xB7, 0x63, 0xD5, 0xB4, 0xAA, 0x91, 0xC2, 0x8E, 0x66, 0x35, 0x53, 0xD8, 0x17, 0x6A, 0x2E,
    0xCC, 0x0A, 0xDF, 0x51, 0xC6, 0x8A, 0x89, 0xA4, 0xD2, 0xC2, 0xEC, 0xD6, 0x21, 0x3D, 0xBA, 0x3A,
    0xAE, 0x39, 0x33, 0x32, 0x58, 0x92, 0x65, 0xF8, 0x96, 0xE4, 0x35, 0x59, 0xF6, 0xA1, 0x04, 0xD1,
    0xF2, 0x45, 0x97, 0x9C, 0x9B, 0xCA, 0x0A, 0x59, 0xFD, 0xC6, 0x45, 0x94, 0x19, 0x37, 0xC9, 0x25,
    0xEC, 0x64, 0xC1, 0x21, 0x76, 0x1F, 0x61, 0x48, 0xEE, 0xBA, 0x8B, 0x18, 0xF2, 0x89, 0x7C, 0xC4,
    0x74, 0xF3, 0x7E, 0x56, 0xAB, 0x4C, 0xE8, 0xF5, 0x68, 0x76, 0x55, 0xD7, 0x53, 0xC5, 0xC3, 0xBD,
    0x0E, 0xB8, 0xD5, 0xB1, 0x7C, 0xC1, 0xD4, 0x70, 0xA3, 0x86, 0xFB, 0xCC, 0xB8, 0xCD, 0x9C, 0xA0,
    0xF3, 0x86, 0x66, 0x6D, 0xCC, 0x34, 0xFD, 0x36, 0xB3, 0xF4, 0xDB, 0xDC, 0xE1, 0x36, 0x37, 0xC8,
    0x6B, 0xBD, 0x4B, 0xFC, 0xE4, 0x7E, 0xA5, 0x0E, 0xEE, 0x0A, 0x65, 0xF5, 0x4A, 0x11, 0xD1, 0xA8,
    0xF0, 0xD9, 0xEF, 0x98, 0xE4, 0x17, 0x36, 0xE9, 0xFF, 0x78, 0x0A, 0x4E, 0xDA, 0x46, 0x52, 0x65,
    0xAB, 0x0D, 0x9E, 0xE5, 0x9F, 0xDF, 0xFC, 0x4F, 0x28, 0xC9, 0x93, 0x8F, 0x9C, 0x79, 0x71, 0x01,
    0xF9, 0xEE, 0x8B, 0xC3, 0x63, 0xE0, 0xF6, 0x9B, 0xAB, 0x2E, 0xB3, 0x0F, 0xE7, 0x87, 0x45, 0xEC,
    0x76, 0x3E, 0x37, 0xE6, 0x4D, 0x95, 0xB7, 0x7A, 0x75, 0x0D, 0x2A, 0xD6, 0x2E, 0xC1, 0x42, 0x7F,
    0x0C, 0x7F, 0x5C, 0x63, 0x7B, 0x53, 0xF8, 0x6D, 0x83, 0xD6, 0xB3, 0x17, 0xB4, 0x5F, 0xDF, 0xA8,
    0xE1, 0xF0, 0x14, 0xA8, 0xB0, 0xD3, 0x27, 0x39, 0x4C, 0x74, 0x15, 0x37, 0x9B, 0xF3, 0x7F, 0x2B,
    0xAE, 0xC3, 0x8E, 0xBB, 0x9F, 0xF7, 0xBA, 0x0F, 0xEF, 0x98, 0x1E, 0xAE, 0xE3, 0x6D, 0x81, 0x44,
    0x4E, 0x81, 0x6B, 0xE2, 0x6C, 0x2D, 0x8B, 0x95, 0xAF, 0x4C, 0x55, 0x6A, 0x53, 0x0C, 0x11, 0xA7,
    0xF6, 0xB6, 0x0C, 0xD6, 0xD4, 0x91, 0xF8, 0xA6, 0x73, 0xC3, 0x33, 0x4B, 0x2F, 0x17, 0x17, 0x26,
    0xE0, 0x93, 0xBC, 0x1E, 0x89, 0x9A, 0x44, 0x78, 0xC3, 0x5B, 0x88, 0xFA, 0x55, 0x04, 0x38, 0xBC,
    0x88, 0x90, 0x43, 0x28, 0x20, 0xE1, 0x67, 0x3A, 0xD5, 0x16, 0xA7, 0xBC, 0x8E, 0x48, 0x85, 0xC1,
    0x6B, 0xBD, 0x91, 0x48, 0x0E, 0x26, 0x70, 0xC4, 0x71, 0x29, 0x11, 0xB9, 0x39, 0xF8, 0x8B, 0xF7,
    0x12, 0x1B, 0x19, 0x79, 0x4C, 0x53, 0x98, 0xCB, 0xCA, 0x1C, 0xE6, 0x50, 0xD2, 0x68, 0x59, 0x9C,
    0x99, 0xB4, 0xF9, 0xFF, 0x7E, 0x77, 0x45, 0xCD, 0xAC, 0x68, 0xD8, 0xA5, 0x16, 0xF5, 0xC6, 0x44,
    0x5F, 0xF9, 0x91, 0x14, 0xDE, 0x8A, 0xD7, 0xAA, 0x97, 0x0A, 0x90, 0xFE, 0x67, 0xE3, 0xE2, 0x6B,
    0x02, 0x62, 0x8E, 0x34, 0x67, 0x31, 0x43, 0x11, 0x9C, 0x50, 0xEF, 0xB2, 0x28, 0x2B, 0xF7, 0xFE,
    0xB7, 0x84, 0xA5, 0xEE, 0xED, 0xFF, 0x26, 0x99, 0x5A, 0x61, 0xA2, 0xF8, 0x13, 0x77, 0x7E, 0x98,
    0x5B, 0xB1, 0x23, 0x51, 0xFD, 0xF5, 0x5E, 0x9F, 0x33, 0x89, 0x3C, 0xB7, 0xEC, 0xD4, 0xFE, 0x09,
    0x9E, 0x78, 0x79, 0x30, 0x33, 0x13, 0x7B, 0xA5, 0x41, 0x19, 0x5D, 0x65, 0x92, 0xCF, 0xFE, 0x23,
    0xC8, 0xFE, 0xFA, 0x5A, 0x2A, 0x46, 0xC5, 0xB8, 0x09, 0x3E, 0x1C, 0x23, 0x24, 0xDB, 0xFE, 0xEC,
    0xC4, 0xD7, 0x91, 0xF8, 0xFD, 0xFF, 0x45, 0x3E, 0x7E, 0xFF, 0x30, 0x9E, 0x4A, 0xFC, 0x8E, 0x3A,
    0xA0, 0x1D, 0x89, 0x0E, 0xB0, 0x05, 0xBB, 0x40, 0x09, 0x88, 0xEC, 0x20, 0xBA, 0xBD, 0x35, 0xD0,
    0x0D, 0xA0, 0x38, 0x04, 0xF8, 0xF1, 0xCC, 0x05, 0xE1, 0x1B, 0x96, 0x83, 0x08, 0x7A, 0xAD, 0x03,
    0x11, 0xF0, 0x12, 0x5B, 0x0D, 0x14, 0xFB, 0xB5, 0x7A, 0xA0, 0xD0, 0x23, 0x94, 0x99, 0x02, 0xF9,
    0xF2, 0x51, 0x0B, 0x06, 0x14, 0x0D, 0xCB, 0x45, 0x42, 0x60, 0x17, 0x7E, 0xA2, 0x0F, 0x44, 0xAD,
    0xBE, 0xD6, 0x6A, 0x4B, 0xA7, 0xFE, 0x4A, 0x60, 0xCA, 0x1B, 0x01, 0xD4, 0x7B, 0x75, 0xEF, 0x9B,
    0x33, 0x71, 0xF1, 0x6F, 0x70, 0x1F, 0x20, 0x68, 0x1D, 0xAF, 0x03, 0x04, 0x2C, 0x6E, 0x03, 0x12,
    0x60, 0xDD, 0xB5, 0x26, 0xBE, 0x23, 0x50, 0xC7, 0x22, 0x3E, 0x40, 0x8A, 0xAB, 0x00, 0x50, 0x19,
    0x37, 0x01, 0x82, 0x93, 0x17, 0x01, 0x02, 0x53, 0xEF, 0x01, 0x5E, 0x5F, 0xB1, 0xA5, 0xD6, 0x23,
    0xB2, 0x81, 0xB2, 0xFE, 0xDF, 0xCF, 0x1E, 0x33, 0x4B, 0xCB, 0x09, 0x10, 0xA5, 0xF0, 0x43, 0x40,
    0xC1, 0x1E, 0x26, 0xA0, 0xA0, 0x4E, 0x04, 0x94, 0x7D, 0x78, 0xB7, 0x22, 0x05, 0xBB, 0x4E, 0x26,
    0xA4, 0xE0, 0x1E, 0x0A, 0x26, 0x04, 0x57, 0x17, 0x95, 0x24, 0x04, 0x56, 0x60, 0x22, 0xC8, 0x12,
    0xD6, 0x92, 0x08, 0xB4, 0x8E, 0x63, 0x31, 0x89, 0x60, 0xEB, 0x86, 0x6A, 0x12, 0xF5, 0x65, 0x88,
    0xAE, 0xF2, 0xF0, 0xE2, 0xEA, 0x84, 0x73, 0x07, 0xB0, 0x3B, 0x79, 0xBF, 0xE4, 0xE4, 0x66, 0x85,
    0xE4, 0x21, 0xF8, 0x14, 0x85, 0xA5, 0x64, 0xD3, 0x61, 0x31, 0x26, 0xC2, 0x17, 0xEC, 0x41, 0x43,
    0x84, 0x83, 0xD8, 0x29, 0xC2, 0xAD, 0xF8, 0x6F, 0x9F, 0x21, 0xC2, 0x7E, 0x5C, 0x8C, 0x88, 0xD0,
    0xC6, 0x0F, 0x85, 0xF5, 0x04, 0x61, 0xF2, 0xB6, 0xFB, 0x59, 0x0E, 0x84, 0x71, 0x79, 0x16, 0x97,
    0xF3, 0xAE, 0x12, 0x3D, 0x0E, 0x67, 0xF7, 0x75, 0x5C, 0xFB, 0xF5, 0xBD, 0x04, 0xB1, 0xC2, 0xA0,
    0x01, 0xBF, 0x56, 0xAB, 0xC1, 0xFB, 0x49, 0x08, 0x57, 0xCB, 0x35, 0x81, 0x0F, 0x97, 0xEA, 0x64,
    0xC1, 0x42, 0x65, 0x08, 0x52, 0x4D, 0xF2, 0xED, 0xFD, 0x90, 0xD8, 0xEC, 0x1B, 0x2E, 0x03, 0x34,
    0x7B, 0x51, 0x02, 0x12, 0x20, 0xCB, 0xE2, 0x82, 0xA4, 0x93, 0x28, 0x84, 0x94, 0x63, 0x48, 0xE2,
    0xAA, 0x24, 0xEB, 0x93, 0x6E, 0x49, 0x31, 0xF7, 0x0F, 0xA2, 0x35, 0x8A, 0x00, 0x9A, 0xAA, 0x85,
    0xD4, 0x9C, 0x84, 0xC7, 0x5F, 0xC2, 0x31, 0x07, 0x03, 0x44, 0x10, 0x6E, 0x42, 0x3A, 0xF8, 0x91,
    0xC7, 0x34, 0x71, 0xFE, 0x4C, 0xFF, 0x64, 0x6F, 0xAA, 0xA8, 0xB2, 0x81, 0x4A, 0x85, 0xCD, 0x76,
    0x5F, 0x21, 0xC5, 0x92, 0x87, 0xE2, 0x7C, 0x00, 0x58, 0xEC, 0x4A, 0x2F, 0x15, 0x6F, 0x82, 0xD1,
    0x21, 0x15, 0xD9, 0x8B, 0x35, 0xB1, 0xB5, 0x2E, 0x5E, 0xE4, 0x16, 0x99, 0x47, 0xB3, 0x33, 0xF5,
    0xF0, 0x22, 0x24, 0x90, 0x1A, 0x2D, 0xE8, 0x39, 0x7E, 0x81, 0x30, 0x5B, 0xCE, 0x54, 0xFB, 0x8C,
    0x1A, 0x05, 0xF9, 0x4C, 0xA7, 0xB9, 0xAE, 0x28, 0x07, 0x71, 0xD9, 0x7F, 0x40, 0x98, 0x5B, 0x12,
    0xE7, 0x88, 0x07, 0x2F, 0x38, 0x7B, 0x49, 0x3E, 0x7B, 0xB1, 0x20, 0x50, 0x31, 0xA8, 0x12, 0xF5,
    0x80, 0x82, 0xEF, 0xB8, 0xFB, 0x96, 0x87, 0xDB, 0x2D, 0xCE, 0xA6, 0x2A, 0x19, 0x62, 0x58, 0x7A,
    0x2A, 0x1B, 0xA4, 0xAD, 0x72, 0xA0, 0xFC, 0xDC, 0xCB, 0x87, 0xFC, 0x1C, 0xBA, 0xA6, 0x51, 0x0A,
    0xE7, 0x81, 0x9E, 0x00, 0x72, 0xAA, 0xF6, 0x69, 0x9F, 0x40, 0xD3, 0x32, 0x23, 0xBE, 0x2E, 0xB9,
    0x95, 0x99, 0xD7, 0xA2, 0x97, 0x2A, 0xAF, 0x45, 0x47, 0x97, 0xAA, 0xA0, 0x45, 0x2F, 0x29, 0xB9,
    0xCD, 0xE4, 0xFE, 0x25, 0x2F, 0x43, 0x53, 0x7C, 0x8E, 0x5A, 0xB4, 0xC0, 0x0C, 0xFB, 0x18, 0x66,
    0xF6, 0xAE, 0x8A, 0x51, 0xDA, 0xD8, 0xDF, 0xAA, 0x1C, 0x45, 0xCE, 0x2E, 0x54, 0x90, 0x8C, 0xFD,
    0xE8, 0x9A, 0x97, 0xA4, 0xCE, 0xE1, 0x95, 0x20, 0x4A, 0x93, 0xCB, 0x41, 0x72, 0xFA, 0x17, 0x6F,
    0x3F, 0x41, 0x8B, 0xAA, 0x7D, 0x65, 0x21, 0xD4, 0x88, 0x06, 0x6F, 0xE4, 0xFA, 0x0B, 0x8F, 0x7A,
    0x66, 0x67, 0xA9, 0xC2, 0x8E, 0xAB, 0x6E, 0x6D, 0x15, 0x77, 0x57, 0x02, 0xA0, 0x54, 0x81, 0xCB,
    0x01, 0x08, 0x1F, 0x02, 0xF9, 0x0B, 0x3A, 0x05, 0xF4, 0xAD, 0xE4, 0xFF, 0x74, 0x25, 0x66, 0x07,
    0xF6, 0x41, 0x3C, 0xC3, 0x9F, 0x01, 0xFC, 0xC0, 0xBC, 0xD9, 0x5D, 0x4C, 0x88, 0x5E, 0x18, 0xA8,
    0xBB, 0x3F, 0x27, 0xFC, 0xBE, 0xD9, 0xF8, 0xD6, 0x9D, 0xDB, 0xC4, 0x6F, 0x1F, 0xB8, 0xC3, 0x50,
    0x15, 0xE2, 0x16, 0x1A, 0xE7, 0x34, 0x28, 0xF6, 0x23, 0xA3, 0xEA, 0x51, 0x74, 0x8B, 0xC7, 0x59,
    0x82, 0xA3, 0x65, 0x70, 0x41, 0x1A, 0x46, 0x7A, 0xCF, 0x20, 0xF2, 0xAB, 0xC9, 0x9E, 0xE8, 0x83,
    0x70, 0x93, 0x7F, 0xFE, 0x64, 0x59, 0xF5, 0x16, 0x8F, 0x7E, 0x2F, 0xE4, 0x22, 0xF3, 0xB2, 0x9A,
    0x79, 0x59, 0x15, 0xBD, 0xAC, 0x42, 0x71, 0xED, 0x88, 0xAC, 0xC6, 0x47, 0x64, 0x35, 0xF5, 0xB2,
    0xFA, 0xE1, 0x53, 0xCB, 0xEA, 0xDA, 0xEB, 0xCF, 0xD7, 0xD3, 0x84, 0x71, 0xB5, 0x2C, 0x1B, 0x5E,
    0x7B, 0xC6, 0xB0, 0x5E, 0xE6, 0x39, 0x8F, 0x16, 0x4E, 0xF0, 0x1C, 0x45, 0xD9, 0xF0, 0x10, 0x93,
    0xB1, 0xE7, 0xBC, 0xEB, 0xFE, 0xF8, 0xAE, 0xA8, 0xED, 0xB3, 0xAF, 0xE5, 0x54, 0xDC, 0x69, 0x97,
    0xFB, 0x31, 0x37, 0x74, 0x3F, 0x2F, 0xCE, 0x74, 0x3F, 0xC3, 0x2A, 0xA6, 0x4A, 0xD4, 0xC2, 0x89,
    0xD7, 0x25, 0xC0, 0x53, 0xD1, 0x4D, 0xB3, 0x94, 0xB2, 0xDC, 0x45, 0x41, 0x51, 0xC4, 0x92, 0x17,
    0xDD, 0xCF, 0x66, 0xF6, 0xB8, 0x30, 0x07, 0x5F, 0x82, 0xFF, 0x28, 0xD6, 0x71, 0x11, 0xA4, 0xBA,
    0x78, 0x46, 0x85, 0x3A, 0x2E, 0xAE, 0x13, 0x55, 0x4F, 0x4C, 0x9C, 0x92, 0x39, 0x7E, 0xB8, 0xAF,
    0xDA, 0xFA, 0xA2, 0xBB, 0x12, 0x04, 0x3A, 0x51, 0x6D, 0x5D, 0xC1, 0xA5, 0x86, 0x18, 0x34, 0xC1,
    0xD6, 0xDD, 0x90, 0xFF, 0xAD, 0xDC, 0x62, 0x52, 0x5B, 0x97, 0x5F, 0x5A, 0x5B, 0x1F, 0xE3, 0x80,
    0x6F, 0x2B, 0x07, 0x5C, 0x74, 0x9E, 0x03, 0x76, 0x54, 0xDB, 0xC8, 0x89, 0x9F, 0xAC, 0xAD, 0x6D,
    0xB6, 0xAE, 0xAD, 0x67, 0x9E, 0x03, 0xEA, 0xA7, 0xE4, 0x80, 0x4E, 0x16, 0xAA, 0x3C, 0x80, 0xEB,
    0xEE, 0x22, 0x66, 0x28, 0x76, 0xCB, 0x7D, 0xBA, 0xA0, 0x47, 0x13, 0x3D, 0x2A, 0x80, 0x6F, 0x0B,
    0x8F, 0x36, 0x83, 0x7A, 0xA2, 0xCD, 0x81, 0xEF, 0x02, 0x84, 0x53, 0xF0, 0xF5, 0xF3, 0x58, 0xF1,
    0xCD, 0x14, 0x1F, 0xCB, 0xC1, 0xE1, 0xCA, 0x18, 0x3D, 0x51, 0x8E, 0x2C, 0xB3, 0xD0, 0x13, 0x5D,
    0x2F, 0xC8, 0x6A, 0x74, 0x54, 0x13, 0xEC, 0xFF, 0xDD, 0xC9, 0x9F, 0x70, 0xA2, 0xC6, 0x5B, 0x93,
    0xB3, 0xE6, 0x9C, 0x3F, 0x51, 0x23, 0xBF, 0xD1, 0x13, 0x3D, 0x98, 0xF9, 0x13, 0x2D, 0xFB, 0xFE,
    0x44, 0x4B, 0xAB, 0x27, 0x9A, 0x9B, 0xA0, 0xA2, 0x31, 0x51, 0x0D, 0xDD, 0x2A, 0xE8, 0x7E, 0xAB,
    0x9F, 0x83, 0x7A, 0xF6, 0xD4, 0x33, 0xFF, 0xC5, 0x3C, 0xEE, 0x44, 0xD7, 0x3D, 0x5B, 0x63, 0xB4,
    0x1C, 0xF5, 0x67, 0x0B, 0xA3, 0xCE, 0xED, 0xFB, 0xAE, 0x50, 0xDF, 0xF6, 0x42, 0x5C, 0xAB, 0x60,
    0x0C, 0x4C, 0x5D, 0x13, 0xF3, 0x05, 0x4E, 0x04, 0xF3, 0x4B, 0x9D, 0x5A, 0xFD, 0x5A, 0x93, 0x94,
    0x35, 0x31, 0x6F, 0x4C, 0xF2, 0x5A, 0x2D, 0x20, 0x62, 0x29, 0x62, 0xE6, 0x04, 0xDA, 0x18, 0xBF,
    0x52, 0x97, 0xB6, 0xAE, 0xBD, 0xC7, 0x35, 0x0F, 0x32, 0x39, 0x0C, 0x98, 0x61, 0xF1, 0x95, 0xA4,
    0xE1, 0x27, 0xE6, 0x07, 0xC7, 0xB8, 0x70, 0x99, 0x03, 0x07, 0x17, 0x06, 0x03, 0x2D, 0x91, 0x07,
    0xB9, 0x10, 0x4F, 0x67, 0x82, 0x0B, 0x23, 0x57, 0x92, 0x0B, 0x93, 0x47, 0x7A, 0xCA, 0xC3, 0xD7,
    0xD4, 0xE2, 0xCD, 0x94, 0x98, 0xB6, 0x52, 0x5A, 0x4A, 0xD0, 0x4D, 0x2E, 0x8C, 0xC8, 0xCF, 0xAF,
    0x33, 0x48, 0x5C, 0xA6, 0xF1, 0x1A, 0xD5, 0xA7, 0x6B, 0xA7, 0x7C, 0xC4, 0x2A, 0xCC, 0x13, 0xEA,
    0x91, 0x9B, 0x32, 0x1A, 0x86, 0x4A, 0x49, 0x0E, 0x3C, 0xC2, 0x93, 0x39, 0xF0, 0xC4, 0x87, 0x2E,
    0xD7, 0x28, 0xE0, 0xB3, 0x5C, 0x63, 0x80, 0x24, 0x57, 0xDB, 0xA5, 0x16, 0x78, 0x08, 0x3D, 0x48,
    0xBB, 0xA5, 0xD2, 0x1A, 0x39, 0xD5, 0x8B, 0xC6, 0x7E, 0xA6, 0x9E, 0x55, 0x74, 0x18, 0xA2, 0x0F,
    0x8F, 0x27, 0xF5, 0x36, 0xD7, 0xE6, 0xA7, 0xF8, 0x30, 0x6B, 0xF4, 0x01, 0x7E, 0xB5, 0xA9, 0x5D,
    0x4A, 0x01, 0x47, 0xE0, 0xF9, 0xB6, 0x4A, 0x41, 0xE2, 0xDE, 0x25, 0x7D, 0xFA, 0x3F, 0x7E, 0x44,
    0x29, 0xB8, 0x60, 0x26, 0x94, 0x82, 0x2D, 0xA1, 0x23, 0xF0, 0xF4, 0xA1, 0xC7, 0x60, 0xF3, 0x99,
    0xD1, 0x7B, 0xDD, 0x74, 0x8A, 0xD5, 0x07, 0x1B, 0x57, 0xE9, 0xD3, 0x2D, 0x1E, 0xAB, 0xA7, 0x9D,
    0x37, 0x2C, 0xBF, 0xFB, 0xCE, 0x36, 0x53, 0xCD, 0xB5, 0x19, 0x84, 0x91, 0xCA, 0x59, 0xC6, 0xC8,
    0x8F, 0x08, 0x1C, 0x39, 0xA2, 0x6A, 0x4D, 0x46, 0x84, 0x8C, 0x12, 0x0D, 0x0E, 0x34, 0x5E, 0x94,
    0x11, 0xC1, 0x22, 0x3E, 0x8F, 0x48, 0xB1, 0x66, 0x88, 0xDB, 0xC1, 0xBF, 0x8D, 0x46, 0x8D, 0x03,
    0x06, 0x88, 0x18, 0x11, 0x1D, 0xF2, 0xFB, 0x25, 0x34, 0xAC, 0x7D, 0xEE, 0x0A, 0x38, 0x10, 0x14,
    0x9E, 0xFB, 0xCE, 0xD5, 0x36, 0x22, 0x5C, 0x86, 0x83, 0xF3, 0x23, 0x81, 0x60, 0x1B, 0x05, 0xE6,
    0x27, 0x94, 0x41, 0xF8, 0x42, 0xCC, 0x51, 0xA5, 0x45, 0x10, 0xEF, 0xB8, 0x79, 0x9F, 0x72, 0x6E,
    0xCB, 0xFE, 0xF7, 0xC8, 0x94, 0x7D, 0xD3, 0xFD, 0x0D, 0xB9, 0xF2, 0xC6, 0x55, 0xBB, 0xA0, 0xCC,
    0xF4, 0xA7, 0x37, 0xF6, 0x28, 0x33, 0x1B, 0x1F, 0x4E, 0x2F, 0x68, 0x24, 0xD0, 0xAF, 0x7A, 0x94,
    0x19, 0x3E, 0xF2, 0x4B, 0x05, 0xB4, 0xC7, 0x07, 0x80, 0x45, 0xA2, 0x5F, 0xC5, 0x84, 0x2A, 0x88,
    0x59, 0xA7, 0xD7, 0xD7, 0xD2, 0x4F, 0xBD, 0x20, 0x21, 0xBD, 0x20, 0xE7, 0xED, 0x4F, 0x36, 0x8F,
    0xFB, 0xB5, 0xCB, 0xCB, 0x45, 0xC7, 0x0A, 0xD4, 0x7E, 0x19, 0x94, 0x51, 0x32, 0x43, 0xAA, 0x98,
    0xBC, 0x31, 0x8A, 0xBD, 0x73, 0x6B, 0xD2, 0x9B, 0x77, 0xD5, 0xBB, 0x8D, 0xDC, 0xE5, 0x62, 0x8B,
    0x40, 0x93, 0x06, 0x99, 0x7A, 0xE5, 0x59, 0xCC, 0xC8, 0xB5, 0x55, 0x7C, 0x67, 0x4F, 0xA3, 0x96,
    0x45, 0x7C, 0xCF, 0xBB, 0xB8, 0xFD, 0x4F, 0xEF, 0xDE, 0xF6, 0xDE, 0xD6, 0xA3, 0x65, 0xC5, 0x5D,
    0xEB, 0x95, 0xA4, 0xAD, 0xAB, 0x72, 0x9A, 0xA7, 0xB2, 0x72, 0x1F, 0xC1, 0xEC, 0x19, 0x8B, 0x19,
    0x59, 0xC9, 0xC8, 0x32, 0x46, 0xD6, 0x30, 0x82, 0x15, 0xC8, 0x07, 0x5A, 0xBA, 0xC8, 0xBA, 0x45,
    0xDA, 0x5E, 0x56, 0x2C, 0xE2, 0xE0, 0x3B, 0xD5, 0x04, 0x35, 0xEC, 0xEE, 0x0D, 0x81, 0xD1, 0xE0,
    0x09, 0xFC, 0x86, 0x4F, 0xE0, 0xBF, 0x1F, 0x1E, 0xCD, 0x37, 0xAB, 0x4F, 0xE0, 0x07, 0xE2, 0x34,
    0xED, 0x64, 0x4D, 0x61, 0x3F, 0x13, 0x19, 0xAF, 0xB0, 0x93, 0x5C, 0xFD, 0x82, 0x2D, 0x38, 0x38,
    0xEA, 0x56, 0x8B, 0xE5, 0x55, 0x85, 0xED, 0xDE, 0x53, 0x15, 0x93, 0xBF, 0xD9, 0xA5, 0x4C, 0x43,
    0x1D, 0xE4, 0x41, 0x61, 0xAB, 0x09, 0x9E, 0x2F, 0x15, 0xF6, 0x3C, 0x28, 0x6C, 0xEF, 0xF0, 0xF0,
    0xD4, 0x9E, 0x68, 0x82, 0x5D, 0x1B, 0x73, 0xFA, 0x87, 0x77, 0x00, 0xEF, 0x45, 0x39, 0x1A, 0x1E,
    0xE0, 0x6E, 0xAC, 0xC2, 0x2D, 0x4B, 0x53, 0x31, 0xDF, 0x50, 0x13, 0x17, 0xCB, 0x21, 0x12, 0xD9,
    0xC3, 0xBF, 0xA3, 0x70, 0xA7, 0xE6, 0x6F, 0x28, 0xDC, 0xA9, 0x98, 0x46, 0x0A, 0x37, 0x03, 0x1D,
    0x71, 0x2F, 0xBD, 0x70, 0x77, 0x6B, 0xAF, 0xEC, 0xEA, 0xF8, 0xB1, 0xCA, 0x6F, 0x79, 0x65, 0xC5,
    0x83, 0x1A, 0xE8, 0x51, 0x8D, 0x8D, 0x17, 0x60, 0x2F, 0xBF, 0x5E, 0x7C, 0xBD, 0xF4, 0xF2, 0xD0,
    0x1A, 0xCD, 0xF2, 0x8C, 0x35, 0xC3, 0xB3, 0xAD, 0xD9, 0x9D, 0x6D, 0xCD, 0xEC, 0x6C, 0x6B, 0x56,
    0x67, 0xCC, 0x8C, 0x8E, 0xCF, 0x2A, 0xAF, 0x5E, 0x59, 0x0D, 0xD6, 0x0A, 0x4D, 0xB7, 0x9E, 0xCC,
    0x37, 0x78, 0x26, 0xBF, 0xEE, 0xE7, 0x02, 0x63, 0x02, 0xBE, 0xF9, 0xC7, 0x32, 0xAE, 0x46, 0x77,
    0xC9, 0x37, 0xA5, 0x16, 0xCA, 0xF3, 0x21, 0x1A, 0x96, 0xC8, 0x77, 0x9C, 0xCB, 0x36, 0xB2, 0x8D,
    0xD7, 0x84, 0xC9, 0x1A, 0xF1, 0x50, 0x2F, 0x4E, 0x13, 0x9D, 0x75, 0x8B, 0x33, 0x09, 0x8A, 0x77,
    0x0F, 0x33, 0xE3, 0xF0, 0xB9, 0x8D, 0x6C, 0xE5, 0x96, 0x6B, 0xD5, 0x33, 0x72, 0xA1, 0xAC, 0xDB,
    0xAA, 0x37, 0x79, 0xD5, 0x68, 0x40, 0x90, 0xB8, 0x33, 0x96, 0x7C, 0x93, 0xEE, 0x38, 0xE5, 0x9B,
    0x0B, 0x2C, 0x44, 0x46, 0x28, 0x60, 0x6A, 0x15, 0xAB, 0x0B, 0xC6, 0x87, 0x01, 0x7D, 0x26, 0x1D,
    0x60, 0x9C, 0x2A, 0x6F, 0xE8, 0xE3, 0x3A, 0xB8, 0x6E, 0x57, 0xD7, 0x8B, 0x13, 0x1B, 0xB3, 0x92,
    0xA9, 0x58, 0xFE, 0xE4, 0xF8, 0xEB, 0x6B, 0x47, 0x9E, 0xEE, 0x8B, 0xE7, 0x23, 0x3D, 0xBB, 0xFB,
    0x6E, 0x42, 0x85, 0x10, 0x2D, 0xC4, 0x56, 0x13, 0xF3, 0xAE, 0x99, 0xAA, 0x3A, 0xD8, 0xC5, 0x51,
    0x82, 0x9D, 0x16, 0x32, 0x01, 0xE6, 0x17, 0xF7, 0x2B, 0x9F, 0xBF, 0xBA, 0x89, 0x8A, 0x1C, 0xC1,
    0x7C, 0xD6, 0x5C, 0x1D, 0xAB, 0xD2, 0x62, 0x66, 0x51, 0xDD, 0x90, 0x71, 0x50, 0x5A, 0xE3, 0xA0,
    0xB4, 0xC6, 0xAB, 0xE5, 0x06, 0x8D, 0x9F, 0x28, 0xE6, 0xF6, 0x27, 0x6F, 0x9A, 0x27, 0x24, 0x58,
    0xFA, 0xA5, 0x4F, 0xB0, 0x30, 0x43, 0xA2, 0x0A, 0xEB, 0x9D, 0xA0, 0xAF, 0xBE, 0xA8, 0xBC, 0xBA,
    0x9A, 0x54, 0x5E, 0x5B, 0xA5, 0x21, 0x34, 0x8C, 0x7D, 0x64, 0x58, 0x85, 0x04, 0x8B, 0xF3, 0x09,
    0x16, 0xD3, 0xFF, 0x95, 0x0F, 0x0B, 0xA3, 0x83, 0x10, 0x26, 0x0C, 0x9F, 0x3E, 0xC1, 0x72, 0xA4,
    0x64, 0x83, 0xF2, 0x28, 0xE1, 0x05, 0x05, 0x72, 0x86, 0x3C, 0x31, 0x10, 0x6E, 0x3D, 0xB3, 0xAD,
    0x08, 0xED, 0x68, 0xE6, 0x03, 0x89, 0xC3, 0x99, 0x2A, 0xFE, 0xA4, 0xDA, 0x55, 0xC5, 0xDF, 0x05,
    0xEB, 0x23, 0xFC, 0xB3, 0xB8, 0x11, 0x86, 0xD1, 0x9D, 0x30, 0xB5, 0x2C, 0xBE, 0xF1, 0x8C, 0x17,
    0x2D, 0xAF, 0xA3, 0x46, 0x61, 0x7B, 0xB5, 0x52, 0xA3, 0xF1, 0x13, 0xA5, 0xE1, 0xF6, 0xE9, 0x08,
    0x43, 0x3E, 0x83, 0x49, 0x3E, 0x48, 0x13, 0xE0, 0x45, 0xBF, 0xF7, 0x2E, 0x7B, 0xC8, 0x65, 0x3C,
    0x50, 0x6C, 0xA9, 0x51, 0x55, 0xFF, 0x15, 0xE3, 0x4D, 0x92, 0xF1, 0x16, 0x89, 0x0D, 0x89, 0x1E,
    0xCC, 0x7A, 0x3F, 0x56, 0x15, 0x3F, 0x74, 0x4A, 0xB7, 0xB6, 0x30, 0xB5, 0xEF, 0x69, 0x14, 0xCD,
    0x3D, 0xA4, 0x7E, 0x70, 0x9E, 0x82, 0xFD, 0xCC, 0xFE, 0xC0, 0x83, 0x9C, 0xE3, 0x17, 0x51, 0xCD,
    0x1F, 0x6A, 0xFC, 0x63, 0x8F, 0xF8, 0x28, 0xF6, 0xF1, 0x46, 0xA2, 0x5F, 0xC6, 0xA5, 0xB7, 0xF3,
    0xA5, 0xB7, 0xF2, 0xA5, 0xB7, 0xF1, 0xA5, 0xB7, 0xF0, 0xA5, 0xB7, 0xEF, 0xA5, 0x17, 0x98, 0xD2,
    0xDB, 0xF6, 0x52, 0xC5, 0x45, 0x46, 0xB5, 0xEB, 0xA5, 0xCF, 0xA1, 0x84, 0x0A, 0xDC, 0x12, 0xB8,
    0x3A, 0x95, 0x2D, 0x81, 0x33, 0xAE, 0x63, 0xFF, 0xEF, 0x13, 0xBC, 0x8F, 0x6A, 0x39, 0x63, 0x64,
    0xDE, 0xC5, 0x8D, 0xAA, 0x16, 0x47, 0xFD, 0x9A, 0xB3, 0x73, 0xA2, 0xFC, 0x90, 0x43, 0x16, 0xF3,
    0x50, 0xD4, 0x76, 0xA7, 0xC4, 0xEC, 0xE5, 0x7A, 0x6C, 0x3B, 0x35, 0x3F, 0x57, 0x0F, 0xBE, 0x6A,
    0xFC, 0x4C, 0x58, 0x92, 0xB3, 0xA8, 0xC6, 0xD5, 0xE9, 0x80, 0x4F, 0x05, 0x74, 0xCB, 0xCE, 0x74,
    0xC0, 0x07, 0x03, 0x3A, 0x8B, 0x1D, 0x37, 0xD0, 0x67, 0x03, 0x46, 0xEE, 0xCA, 0xAE, 0x3E, 0x1E,
    0x10, 0xDD, 0xC6, 0x63, 0x88, 0xFE, 0x09, 0x81, 0xD9, 0x5A, 0xD9, 0x65, 0x7B, 0x3D, 0x90, 0xBC,
    0x1B, 0x7C, 0x15, 0x7B, 0x2F, 0x10, 0xDB, 0xE6, 0x7B, 0xED, 0x87, 0xD3, 0xD6, 0x95, 0x89, 0xAB,
    0x23, 0xE1, 0xD3, 0xF1, 0xDC, 0x61, 0xFB, 0x6C, 0x2E, 0x9E, 0x0F, 0xE2, 0x53, 0xBC, 0x71, 0xE1,
    0x60, 0x5D, 0xC0, 0xF4, 0x3B, 0xF9, 0xF0, 0x1F, 0x3E, 0x41, 0xB0, 0xD0, 0x95, 0x90, 0xB5, 0xEC,
    0x61, 0x72, 0xAB, 0x42, 0xB4, 0x27, 0xC6, 0xFB, 0x35, 0x3F, 0x19, 0xC6, 0x8B, 0xF8, 0x93, 0x89,
    0x41, 0x54, 0xD8, 0xBF, 0xF7, 0xE9, 0xDC, 0x44, 0x42, 0xFF, 0xCE, 0x17, 0x3F, 0xBF, 0xAD, 0x5E,
    0xC2, 0xA4, 0x3C, 0x72, 0x93, 0x2D, 0x11, 0x98, 0xCF, 0x5E, 0x91, 0xA6, 0xE9, 0x89, 0x4D, 0x34,
    0x4E, 0x49, 0xAD, 0x87, 0xB6, 0x0D, 0xFB, 0x6C, 0xDB, 0x20, 0x7C, 0x8D, 0xB6, 0x0D, 0x82, 0x3B,
    0x46, 0xDB, 0x06, 0xC0, 0x46, 0xDB, 0x06, 0xA0, 0x46, 0xDB, 0x86, 0x18, 0x1E, 0xC2, 0x0D, 0x8E,
    0x39, 0xDA, 0x36, 0x08, 0xE4, 0x0C, 0x6D, 0x1B, 0x04, 0x31, 0xDB, 0x36, 0x00, 0x30, 0xDA, 0x36,
    0x00, 0x2F, 0xDB, 0x36, 0x6C, 0x9E, 0xD2, 0xB6, 0x81, 0xC8, 0x86, 0x1E, 0xEA, 0xB3, 0xA7, 0x20,
    0x3D, 0xB1, 0x8D, 0xC3, 0x2F, 0xD9, 0xC6, 0x01, 0x37, 0x6A, 0xE9, 0x36, 0x70, 0x5A, 0xB4, 0x71,
    0x10, 0x9C, 0x29, 0xDA, 0x38, 0x08, 0xCE, 0x77, 0xD1, 0xC6, 0x01, 0x38, 0xD9, 0xC6, 0x41, 0x70,
    0xEA, 0x28, 0x62, 0x07, 0xA6, 0x02, 0xCE, 0x7C, 0x40, 0x9C, 0x37, 0x58, 0x8D, 0x58, 0x69, 0x1B,
    0x87, 0xCD, 0x53, 0xDA, 0x37, 0x58, 0xEF, 0x72, 0x10, 0xE7, 0x37, 0x8E, 0xE1, 0x3C, 0xF6, 0x20,
    0x09, 0x6F, 0xE1, 0x70, 0x91, 0x05, 0xC5, 0x84, 0xD1, 0xF9, 0x71, 0xE7, 0x26, 0xB2, 0xEF, 0x82,
    0xE7, 0x8E, 0xD3, 0x31, 0x47, 0x5B, 0x07, 0xC1, 0x75, 0x71, 0xC6, 0xDF, 0x0F, 0xD9, 0xD6, 0x41,
    0x70, 0xF1, 0xC1, 0x43, 0xE0, 0x62, 0x5B, 0x87, 0xCD, 0x53, 0xDA, 0x3A, 0x10, 0xC7, 0x74, 0x79,
    0xD4, 0xC7, 0x71, 0x85, 0x76, 0x0F, 0x15, 0xDB, 0x3D, 0x08, 0x43, 0xA2, 0xDD, 0x03, 0xF8, 0x11,
    0xED, 0x1E, 0x04, 0xD7, 0x06, 0xDA, 0x3D, 0x08, 0xAE, 0x5B, 0x86, 0x4E, 0x4B, 0xF7, 0x63, 0xB6,
    0x7B, 0x28, 0xBA, 0xEF, 0xA1, 0xDD, 0x03, 0xFC, 0x48, 0xB4, 0x7B, 0x10, 0x5C, 0x6C, 0xF7, 0x00,
    0x7A, 0xA1, 0xDD, 0x03, 0x70, 0xB1, 0xDD, 0xC3, 0xE6, 0xC9, 0xED, 0x1E, 0x5A, 0x1C, 0xA7, 0xE3,
    0x5A, 0x7D, 0x16, 0x48, 0xEF, 0x45, 0xC1, 0x6C, 0xA8, 0x6C, 0x2A, 0x5C, 0xCC, 0xAC, 0xCB, 0xCE,
    0xCD, 0xFD, 0x1F, 0x01, 0xC9, 0x3D, 0xB4, 0x83, 0x28, 0xBA, 0x37, 0xCB, 0xB7, 0x6A, 0xE0, 0x29,
    0xE1, 0x8E, 0x0E, 0x21, 0xF8, 0xA0, 0x92, 0x38, 0x03, 0x02, 0x86, 0xCF, 0x02, 0x6D, 0x9E, 0xD0,
    0x0E, 0x22, 0x2C, 0xEC, 0x71, 0xAC, 0xC1, 0x38, 0xD6, 0x2A, 0xA2, 0xD0, 0x7C, 0x03, 0x70, 0xA0,
    0xDE, 0x1A, 0x40, 0xF6, 0x49, 0x94, 0x9D, 0x9B, 0x68, 0x15, 0x01, 0x28, 0xA5, 0x32, 0xFF, 0x4D,
    0xB4, 0x8A, 0x10, 0x30, 0x97, 0xD0, 0x2A, 0x02, 0xCC, 0x84, 0x56, 0x11, 0x20, 0x0E, 0x5A, 0x45,
    0x80, 0x38, 0x6C, 0x15, 0xB1, 0x79, 0x4A, 0xAB, 0x08, 0xA2, 0xB8, 0x56, 0x29, 0x28, 0x0D, 0x0A,
    0x4E, 0x72, 0x2A, 0xD6, 0x5A, 0x46, 0x80, 0xC4, 0x6C, 0x19, 0x21, 0xE8, 0x22, 0x6D, 0x19, 0x21,
    0xF8, 0xAC, 0xB6, 0x8C, 0xC0, 0xF1, 0x69, 0xCB, 0x08, 0xC1, 0xF6, 0x91, 0x6F, 0x19, 0x21, 0x28,
    0xB5, 0x65, 0x04, 0x88, 0xA6, 0x2D, 0x23, 0x04, 0xA9, 0x6F, 0x19, 0x01, 0xAC, 0xDA, 0x32, 0x02,
    0x68, 0x7D, 0xCB, 0x88, 0xCD, 0xC7, 0xB6, 0x8C, 0xF0, 0x28, 0xEB, 0x15, 0xBD, 0x72, 0x9A, 0x62,
    0x79, 0x62, 0x1B, 0x09, 0xD5, 0x8B, 0x63, 0xD5, 0x8B, 0x29, 0x27, 0xD0, 0x8B, 0x9C, 0xEC, 0xE4,
    0x6C, 0x23, 0x01, 0x11, 0xD1, 0x36, 0x12, 0xA2, 0x17, 0x6B, 0x9D, 0xD8, 0x2B, 0x6C, 0x23, 0x21,
    0xDB, 0xD0, 0x36, 0x12, 0xD8, 0x05, 0xDB, 0x48, 0x60, 0x13, 0xDA, 0x46, 0x62, 0xF3, 0xF4, 0x36,
    0x12, 0x4F, 0xA1, 0x17, 0xD7, 0x3A, 0x4C, 0x54, 0xBE, 0xC3, 0x04, 0x8B, 0x23, 0xD1, 0x61, 0x82,
    0x68, 0xD9, 0x61, 0x02, 0x70, 0xB5, 0xC3, 0x04, 0xF0, 0xFA, 0xBE, 0x12, 0x45, 0xF7, 0xA7, 0xED,
    0xEC, 0x96, 0x76, 0x98, 0x00, 0x64, 0xED, 0x30, 0x21, 0x98, 0x7D, 0x87, 0x09, 0x01, 0xED, 0x3B,
    0x4C, 0x08, 0xEA, 0xD0, 0x61, 0x62, 0xF3, 0xB1, 0x1D, 0x26, 0x6C, 0x16, 0x1E, 0x05, 0x78, 0x12,
    0xE9, 0x07, 0x6B, 0x83, 0xAF, 0xC9, 0x47, 0x2F, 0x0A, 0x15, 0x50, 0xFE, 0xF3, 0xCF, 0x76, 0xF4,
    0x4B, 0xBA, 0xF9, 0x71, 0x31, 0x54, 0x5B, 0xA5, 0x83, 0xD3, 0x61, 0xE7, 0x66, 0xF9, 0x4D, 0xE5,
    0xFD, 0x61, 0x41, 0xD6, 0x7F, 0x71, 0x4D, 0x0C, 0xCD, 0x9A, 0x18, 0x76, 0x55, 0x0C, 0xFB, 0x5F,
    0x42, 0x0C, 0x57, 0x5F, 0xFF, 0xCE, 0x8F, 0x37, 0x8E, 0x5C, 0x4B, 0x34, 0x47, 0xCA, 0x94, 0x07,
    0x2B, 0xCF, 0x60, 0x8E, 0xD6, 0x85, 0x45, 0xDD, 0xC9, 0x99, 0xDA, 0xDC, 0xCE, 0x6F, 0x8C, 0xB2,
    0xD6, 0xFD, 0x8C, 0x9C, 0xD5, 0xF9, 0xB4, 0xA0, 0x4D, 0xC0, 0xE3, 0x59, 0xD0, 0xBD, 0xDD, 0x3B,
    0x35, 0x6D, 0x02, 0xF2, 0x44, 0xB2, 0x9B, 0x0D, 0xC7, 0xDA, 0x8F, 0x99, 0x45, 0xBA, 0x32, 0xE2,
    0x0D, 0x57, 0x8D, 0xB3, 0xB1, 0xB9, 0x06, 0xA0, 0xDD, 0x52, 0x4B, 0xB3, 0x22, 0xDE, 0xB9, 0xC8,
    0x6F, 0x47, 0x0B, 0xDD, 0xD4, 0xC6, 0xD5, 0xD3, 0x74, 0xDC, 0xCA, 0x73, 0x99, 0x85, 0x4A, 0x0F,
    0x05, 0xB8, 0xF6, 0xE2, 0x2B, 0x01, 0x32, 0x84, 0x17, 0x11, 0x32, 0x44, 0x57, 0x73, 0x1A, 0xDD,
    0x9B, 0x4C, 0x6B, 0x80, 0xC8, 0x12, 0x24, 0xAB, 0xD0, 0x76, 0xA8, 0x7B, 0x11, 0x26, 0x83, 0xD7,
    0x99, 0xE2, 0xD8, 0x3C, 0xE5, 0xB9, 0xCC, 0x2F, 0xAD, 0x7B, 0x8F, 0x1C, 0xFA, 0x39, 0x3D, 0x74,
    0x22, 0xB9, 0x87, 0xE7, 0x30, 0x71, 0xE8, 0xE6, 0x24, 0xDD, 0x8B, 0x0A, 0xBC, 0x15, 0xDD, 0x7B,
    0xF4, 0x39, 0xCC, 0x27, 0x1E, 0xFA, 0xED, 0xD5, 0x82, 0xEB, 0x7A, 0x92, 0xD3, 0x80, 0xFE, 0x9D,
    0x6B, 0x28, 0x74, 0xB6, 0xB8, 0x5E, 0xD3, 0xB0, 0xA3, 0xAC, 0x83, 0xC4, 0x8A, 0xE9, 0x36, 0xDD,
    0x42, 0x75, 0x10, 0x88, 0x55, 0x19, 0xD5, 0x72, 0x3C, 0x34, 0x38, 0x20, 0x1C, 0x87, 0xFC, 0x3E,
    0x10, 0xCB, 0xE8, 0x21, 0x2A, 0xD5, 0x37, 0x4F, 0xBA, 0xF5, 0xAA, 0x3D, 0xAA, 0xA0, 0xD3, 0x7E,
    0xF0, 0x74, 0x87, 0xA8, 0x5A, 0xF8, 0x0C, 0x9A, 0x76, 0x10, 0xD7, 0x70, 0xA6, 0x87, 0xB8, 0x98,
    0x10, 0x17, 0x9B, 0x76, 0xE0, 0x10, 0x9B, 0x98, 0x87, 0x88, 0xA6, 0x1D, 0x3C, 0x44, 0x8C, 0xD4,
    0xBB, 0xA8, 0xEF, 0xAC, 0x34, 0xDF, 0xB0, 0x79, 0x4A, 0xD3, 0x8E, 0x27, 0x1C, 0xE2, 0x63, 0x9A,
    0x7A, 0xFC, 0x03, 0x9B, 0x7A, 0xE0, 0x1A, 0x7D, 0x36, 0x20, 0xFD, 0x50, 0xB7, 0x01, 0x9C, 0x39,
    0xC7, 0x9D, 0x77, 0xD1, 0xD4, 0x83, 0x8E, 0x51, 0xC3, 0xF1, 0xED, 0x1D, 0x75, 0x8C, 0x2E, 0xA1,
    0x88, 0x03, 0x38, 0x39, 0x0A, 0xCE, 0x6B, 0x95, 0x3A, 0x46, 0x6C, 0xEA, 0xB1, 0x79, 0x4A, 0x53,
    0x0F, 0xE2, 0x9A, 0x3D, 0xC9, 0x31, 0x5A, 0x36, 0xB7, 0x08, 0xCF, 0xBD, 0x0B, 0xBF, 0xA1, 0xC9,
    0x07, 0x18, 0x0E, 0x4D, 0x3E, 0xC0, 0x71, 0x68, 0xF2, 0x01, 0x96, 0x63, 0x93, 0x0F, 0xA1, 0xDF,
    0xC7, 0x3F, 0x57, 0xDB, 0x05, 0x3D, 0x04, 0xAE, 0x83, 0x3D, 0x12, 0x5C, 0x6C, 0xF2, 0x01, 0x5C,
    0x6C, 0xF2, 0xB1, 0x79, 0x4A, 0x93, 0x8F, 0xB5, 0x73, 0x3D, 0xD9, 0x31, 0xF2, 0x4D, 0x3F, 0x2A,
    0x36, 0xFD, 0x40, 0xE1, 0x2B, 0x9A, 0x7A, 0x88, 0xD2, 0x40, 0xD3, 0x0F, 0x28, 0x8D, 0x05, 0xA3,
    0x65, 0x71, 0xD3, 0xBF, 0xA8, 0xD4, 0x4B, 0xE7, 0xEF, 0xC5, 0x18, 0x71, 0x14, 0x5B, 0xC4, 0x71,
    0xC8, 0xA6, 0x1F, 0xB4, 0x44, 0x77, 0x2B, 0x35, 0x44, 0x28, 0xD3, 0xD8, 0x3C, 0xA5, 0xE9, 0x07,
    0x8D, 0x50, 0xF5, 0x04, 0xE1, 0x5C, 0xA3, 0x17, 0xF7, 0x43, 0xD3, 0xC3, 0xD1, 0xF9, 0x71, 0x27,
    0x3F, 0xA7, 0x72, 0x70, 0x97, 0xCD, 0x40, 0xC4, 0x61, 0x7B, 0x40, 0xBA, 0xD9, 0x2B, 0x39, 0xD3,
    0xCF, 0x43, 0x36, 0x03, 0x11, 0x5C, 0x6C, 0x06, 0x12, 0x21, 0x79, 0x14, 0xA9, 0x1C, 0x9C, 0xD8,
    0x0C, 0x04, 0x38, 0xA2, 0xFA, 0x09, 0xFC, 0xE6, 0x0B, 0x3A, 0xA9, 0x6B, 0xB6, 0xBE, 0xF3, 0x06,
    0x9E, 0x92, 0x18, 0x18, 0x8B, 0xB6, 0x46, 0xA8, 0x15, 0x2A, 0xA1, 0x97, 0x97, 0xC3, 0x39, 0x1D,
    0x46, 0x05, 0x87, 0x97, 0x6B, 0xFD, 0xDD, 0xDA, 0x10, 0x61, 0x80, 0x1A, 0xE1, 0x80, 0xD2, 0x45,
    0x0B, 0x35, 0x32, 0xC0, 0x43, 0x1A, 0x33, 0x0E, 0xA2, 0x46, 0x06, 0x1A, 0xD9, 0x72, 0xD9, 0xC8,
    0x9C, 0xF9, 0xCE, 0xB7, 0x43, 0x8C, 0xE6, 0x03, 0xB4, 0x36, 0x3A, 0xF3, 0xA1, 0x59, 0x88, 0xCB,
    0x5A, 0x4B, 0xB9, 0xB1, 0x5A, 0x20, 0x5E, 0xA7, 0x53, 0xDE, 0xD4, 0x54, 0x13, 0xF7, 0x1A, 0xA4,
    0x39, 0x6E, 0x92, 0xCF, 0x72, 0xB8, 0xE9, 0x45, 0x74, 0x98, 0x23, 0x7C, 0xF8, 0xCB, 0x18, 0xDA,
    0x67, 0xE7, 0xBD, 0x45, 0xBA, 0x93, 0xC3, 0x07, 0xD9, 0xB9, 0x61, 0x31, 0xE6, 0xBC, 0xB1, 0x11,
    0x2D, 0x83, 0x92, 0x71, 0x68, 0x19, 0x64, 0x12, 0x71, 0xEA, 0x5F, 0x35, 0xA8, 0x1C, 0xAF, 0xF4,
    0xA6, 0x68, 0x73, 0xB5, 0xF0, 0x7B, 0x65, 0x24, 0x35, 0xD1, 0xF3, 0x22, 0xD7, 0xA6, 0x1B, 0xA7,
    0x78, 0x7C, 0x6D, 0xDA, 0x19, 0x09, 0xD7, 0xA4, 0xF1, 0x8A, 0x46, 0xE2, 0x25, 0x97, 0xF3, 0xE4,
    0xD3, 0x42, 0xDD, 0xD1, 0xBC, 0x5B, 0xD5, 0xF4, 0x47, 0x8B, 0x51, 0x59, 0xC3, 0x01, 0xED, 0xBE,
    0x33, 0x37, 0xB5, 0xBA, 0x1B, 0xA5, 0x4E, 0x86, 0xB8, 0x72, 0xBB, 0x96, 0x33, 0x90, 0xC8, 0x6B,
    0x47, 0xC6, 0x4C, 0x9A, 0xFA, 0x87, 0xCA, 0x99, 0x1F, 0x06, 0x0D, 0x98, 0x86, 0x49, 0x37, 0xF8,
    0x19, 0xEB, 0x6E, 0xC6, 0x49, 0x1E, 0x12, 0xD3, 0x0A, 0x90, 0x35, 0xFD, 0xEF, 0x9B, 0xF2, 0xDF,
    0x50, 0x64, 0xE1, 0x65, 0xC8, 0xC5, 0xCA, 0x7F, 0x71, 0xD5, 0x81, 0x7B, 0x03, 0x97, 0x1C, 0x8E,
    0xC0, 0xF0, 0xEF, 0x1B, 0x51, 0xD1, 0x4D, 0x7A, 0x6F, 0xD1, 0xD8, 0x6B, 0x65, 0x63, 0xFA, 0x59,
    0x63, 0x2C, 0xBA, 0x37, 0xC2, 0x64, 0x61, 0xAF, 0x5A, 0x0D, 0x7A, 0xAC, 0x0D, 0xCA, 0x52, 0xE1,
    0x46, 0xC6, 0x3B, 0xBD, 0x68, 0x83, 0x02, 0x85, 0x7B, 0x59, 0x3D, 0x92, 0x8F, 0xD8, 0x06, 0x05,
    0x0A, 0xD7, 0xFD, 0xAA, 0xA2, 0xC2, 0xDD, 0x8C, 0x2A, 0x1C, 0x11, 0xDA, 0xA0, 0x78, 0x85, 0x4B,
    0xAB, 0xC9, 0x36, 0x28, 0x9B, 0x27, 0xB7, 0x41, 0x79, 0x3A, 0xAB, 0xB9, 0x16, 0xE1, 0xD9, 0x86,
    0x06, 0xE7, 0xEC, 0xC6, 0xDC, 0xA8, 0x60, 0xF6, 0x8D, 0x0A, 0x26, 0xAA, 0x46, 0x71, 0x38, 0xEA,
    0x55, 0x74, 0x73, 0x57, 0x52, 0x30, 0x2F, 0x1F, 0x4C, 0x29, 0x98, 0xDD, 0xA2, 0x47, 0xC1, 0xEC,
    0x16, 0x56, 0x05, 0xB3, 0x88, 0x29, 0x98, 0xA1, 0x5B, 0x4F, 0xFB, 0xC0, 0xD0, 0xC0, 0x3C, 0x95,
    0x22, 0x0B, 0xC9, 0x34, 0xA6, 0x54, 0x2C, 0xCD, 0x79, 0xCF, 0xA8, 0xFC, 0xA9, 0xF8, 0xA9, 0xF4,
    0xA9, 0xD4, 0xE1, 0x7D, 0x8B, 0x69, 0x93, 0x1E, 0x53, 0x26, 0x29, 0xD3, 0x25, 0x29, 0xCD, 0x77,
    0x4A, 0xEB, 0xDD, 0xA3, 0xF1, 0xDE, 0x5D, 0x76, 0x9E, 0x48, 0xCA, 0x70, 0xE7, 0xAD, 0x25, 0xC3,
    0xF1, 0x7A, 0x31, 0x12, 0x17, 0xD7, 0xC4, 0xB4, 0x7F, 0x8B, 0x7E, 0x88, 0x54, 0x18, 0x02, 0x9D,
    0x68, 0x87, 0x6D, 0x70, 0xF3, 0xF0, 0x66, 0x59, 0xCB, 0x8A, 0xB7, 0x0F, 0xE5, 0xED, 0xE1, 0x1C,
    0x69, 0xAE, 0x0F, 0xE5, 0x5F, 0x6F, 0x6E, 0xC9, 0x67, 0x59, 0xBC, 0x8D, 0xB7, 0x0E, 0xDE, 0xB2,
    0x73, 0x5B, 0x68, 0xC2, 0x32, 0x47, 0x13, 0x96, 0x39, 0xC8, 0x73, 0x5D, 0xF3, 0xFC, 0xC7, 0x9A,
    0xB0, 0xF8, 0x87, 0x0F, 0xA0, 0x21, 0xCF, 0x72, 0x74, 0x1D, 0x34, 0x61, 0x61, 0x0A, 0x80, 0x07,
    0xD5, 0xFD, 0x98, 0x4D, 0x58, 0x44, 0x73, 0xA3, 0x09, 0x0B, 0x35, 0xE4, 0x80, 0x0E, 0x39, 0x9B,
    0xB0, 0xC0, 0xA2, 0x4C, 0xBD, 0x45, 0x9E, 0x79, 0xB7, 0xEA, 0xC4, 0x26, 0x2C, 0x24, 0x3C, 0x6F,
    0x96, 0x1E, 0xA3, 0x21, 0x1F, 0xD3, 0x9C, 0x05, 0xCF, 0xBE, 0xBE, 0xBD, 0xA0, 0x26, 0x47, 0x73,
    0x16, 0x65, 0x98, 0x9E, 0x5A, 0x98, 0x9C, 0xE9, 0x9F, 0x9F, 0xB2, 0x39, 0x0B, 0xD2, 0x40, 0x73,
    0x8C, 0xF6, 0x3F, 0xA0, 0x39, 0x8B, 0x7A, 0x34, 0x3D, 0xEF, 0xD1, 0xF4, 0xBC, 0x47, 0xD3, 0xF3,
    0x1E, 0xCD, 0x09, 0x4D, 0x59, 0xAC, 0x6F, 0xE6, 0x42, 0x9C, 0x9B, 0x4F, 0xC3, 0xC8, 0x6C, 0x74,
    0x44, 0x45, 0x93, 0x69, 0x24, 0x86, 0x66, 0x2D, 0x54, 0x33, 0xF3, 0xB1, 0x6A, 0x99, 0x7D, 0xA6,
    0x06, 0xDE, 0x41, 0xE1, 0x93, 0xEA, 0x98, 0xA9, 0x51, 0x15, 0xE3, 0x53, 0x15, 0x85, 0x86, 0x60,
    0x6C, 0xD6, 0xB2, 0x79, 0x4A, 0xB3, 0x96, 0x27, 0xA7, 0x2A, 0xD6, 0x9B, 0xB8, 0x50, 0xC0, 0x52,
    0x0A, 0x98, 0xE3, 0xE8, 0xF8, 0x08, 0x14, 0x70, 0xE1, 0x19, 0x28, 0xBA, 0xF1, 0x0B, 0xA7, 0xA9,
    0x9D, 0x69, 0x9F, 0x1E, 0x20, 0x1E, 0x83, 0x82, 0xE5, 0x03, 0x5B, 0xC3, 0xF2, 0xE1, 0x41, 0x28,
    0x78, 0xA8, 0x6C, 0xE2, 0xB2, 0x79, 0x4A, 0x13, 0x17, 0xE2, 0x48, 0x9F, 0x80, 0xAB, 0x6D, 0xEE,
    0x52, 0xB0, 0x0E, 0x1F, 0x87, 0x78, 0x43, 0xBD, 0x17, 0x9F, 0x20, 0x38, 0xA0, 0xEF, 0xF7, 0xB3,
    0x42, 0xB5, 0x71, 0xA6, 0xB6, 0xC2, 0xA8, 0xA9, 0x30, 0xA2, 0xAE, 0x04, 0xCD, 0x07, 0xD4, 0xC2,
    0x6C, 0xEE, 0xB2, 0x79, 0x52, 0x73, 0x17, 0x2C, 0x9C, 0x68, 0x56, 0x40, 0x74, 0x21, 0x61, 0x3C,
    0xF7, 0x87, 0x18, 0x4B, 0x3C, 0x7D, 0x8F, 0x97, 0x7F, 0xC9, 0xD8, 0xE2, 0xA9, 0x7B, 0xBC, 0x90,
    0xDF, 0x1B, 0x6F, 0x58, 0x1B, 0x6F, 0x57, 0x1B, 0x6F, 0x56, 0x1B, 0x6F, 0x55, 0x1B, 0xE5, 0x77,
    0xFE, 0x1E, 0xFC, 0xDE, 0x78, 0x7E, 0x6F, 0x3C, 0xBF, 0x37, 0xDE, 0xA0, 0x36, 0x3E, 0xE3, 0x70,
    0x42, 0x8F, 0x17, 0x16, 0x98, 0x34, 0x84, 0x38, 0x3E, 0x85, 0xAF, 0xDA, 0x3E, 0x63, 0x8D, 0x21,
    0x16, 0x02, 0x31, 0x40, 0x61, 0x00, 0x81, 0x3D, 0x66, 0xD8, 0x60, 0x86, 0x2B, 0x6B, 0x6B, 0x19,
    0xED, 0x2B, 0xC3, 0x05, 0xB1, 0xDA, 0x18, 0x4F, 0xC8, 0xCE, 0xD0, 0x4E, 0x6C, 0x32, 0x67, 0x07,
    0x49, 0x7C, 0xCB, 0x6D, 0x2C, 0x3F, 0xFF, 0x89, 0xAF, 0x09, 0xD5, 0x67, 0x01, 0xC2, 0xC3, 0x16,
    0x47, 0xFA, 0x71, 0x35, 0xE8, 0xC7, 0x65, 0x50, 0x75, 0x22, 0x6B, 0x5B, 0x2E, 0x6E, 0xB9, 0xBA,
    0xE5, 0xF2, 0xEC, 0xC7, 0xD5, 0xB0, 0x1F, 0x57, 0xC3, 0x7E, 0x5C, 0x78, 0xC6, 0x4B, 0x20, 0xE0,
    0x82, 0x78, 0x8F, 0xEF, 0x16, 0x7F, 0x2B, 0x1B, 0xEE, 0x23, 0x0C, 0xF8, 0x62, 0x81, 0x18, 0xFD,
    0x78, 0x3F, 0xAE, 0xC6, 0xF7, 0xE3, 0x42, 0x47, 0xDF, 0x0E, 0xFF, 0x8F, 0x22, 0x50, 0x47, 0x9A,
    0x60, 0xC6, 0x6E, 0xBF, 0x78, 0xB0, 0x61, 0xD9, 0x8F, 0xCB, 0x44, 0x13, 0x6B, 0xCE, 0x24, 0xB7,
    0xEE, 0x1B, 0x6B, 0xEF, 0x8A, 0xD4, 0x27, 0xF9, 0x44, 0xBC, 0xBC, 0x73, 0x7D, 0xD8, 0x83, 0xFB,
    0x6D, 0x53, 0xAE, 0xA1, 0xCA, 0xEF, 0xFF, 0x07,
};

static const EpdGlyph notobengali_12_regularGlyphs[] = {
    { 0, 0, 0, 0, 0, 0, 0 }, // U+0000
    { 0, 0, 104, 0, 0, 0, 0 }, // U+000D
    { 0, 0, 104, 0, 0, 0, 0 }, // U+0020
    { 4, 18, 153, 3, 18, 18, 0 }, // !
    { 9, 7, 201, 2, 19, 16, 18 }, // "
    { 16, 17, 261, 0, 16, 68, 34 }, // #
    { 19, 18, 331, 1, 17, 86, 102 }, // %
    { 4, 7, 130, 2, 19, 7, 188 }, // '
    { 7, 23, 168, 2, 20, 41, 195 }, // (
    { 6, 23, 168, 2, 20, 35, 236 }, // )
    { 13, 12, 243, 1, 19, 39, 271 }, // *
    { 13, 12, 237, 1, 14, 39, 310 }, // +
    { 4, 6, 105, 1, 3, 6, 349 }, // ,
    { 7, 3, 136, 1, 9, 6, 355 }, // -
    { 4, 4, 107, 1, 4, 4, 361 }, // .
    { 9, 23, 180, 1, 20, 52, 365 }, // /
    { 12, 18, 220, 1, 18, 54, 417 }, // 0
    { 7, 18, 220, 2, 18, 32, 471 }, // 1
    { 12, 18, 220, 1, 18, 54, 503 }, // 2
    { 12, 18, 220, 1, 18, 54, 557 }, // 3
    { 14, 18, 220, 0, 18, 63, 611 }, // 4
    { 12, 19, 220, 1, 19, 57, 674 }, // 5
    { 12, 18, 220, 1, 18, 54, 731 }, // 6
    { 12, 19, 220, 1, 19, 57, 785 }, // 7
    { 12, 18, 220, 1, 18, 54, 842 }, // 8
    { 12, 18, 220, 1, 18, 54, 896 }, // 9
    { 4, 14, 118, 2, 14, 14, 950 }, // :
    { 5, 17, 118, 1, 14, 22, 964 }, // ;
    { 13, 14, 237, 1, 15, 46, 986 }, // <
    { 13, 7, 237, 1, 12, 23, 1032 }, // =
    { 13, 14, 237, 1, 15, 46, 1055 }, // >
    { 11, 18, 207, 1, 18, 50, 1101 }, // ?
    { 6, 23, 166, 3, 20, 35, 1151 }, // [
    { 9, 23, 180, 1, 20, 52, 1186 }, // <backslash>
    { 5, 23, 166, 2, 20, 29, 1238 }, // ]
    { 13, 12, 237, 1, 19, 39, 1267 }, // ^
    { 12, 2, 164, -1, -2, 6, 1306 }, // _
    { 8, 23, 156, 1, 20, 46, 1312 }, // {
    { 3, 23, 216, 5, 20, 18, 1358 }, // |
    { 8, 23, 182, 2, 20, 46, 1376 }, // }
    { 13, 5, 237, 1, 10, 17, 1422 }, // ~
    { 0, 0, 104, 0, 0, 0, 0 }, // U+00A0
    { 7, 3, 136, 1, 9, 6, 0 }, // U+00AD
    { 11, 12, 237, 2, 14, 33, 6 }, // U+00D7
    { 13, 12, 237, 1, 14, 39, 39 }, // U+00F7
    { 13, 19, 216, 1, 18, 62, 0 }, // U+0980
    { 10, 6, 0, -8, 23, 15, 62 }, // U+0981
    { 10, 18, 175, 1, 16, 45, 77 }, // U+0982
    { 8, 17, 175, 1, 16, 34, 122 }, // U+0983
    { 24, 16, 357, -1, 16, 96, 156 }, // U+0985
    { 31, 19, 463, -1, 18, 148, 252 }, // U+0986
    { 15, 25, 212, -1, 23, 94, 400 }, // U+0987
    { 19, 24, 276, -1, 23, 114, 494 }, // U+0988
    { 20, 22, 285, -1, 23, 110, 608 }, // U+0989
    { 23, 22, 341, -1, 23, 127, 718 }, // U+098A
    { 19, 19, 341, 1, 18, 91, 845 }, // U+098B
    { 14, 19, 256, 1, 19, 67, 936 }, // U+098C
    { 16, 16, 303, 1, 16, 64, 1003 }, // U+098F
    { 20, 24, 349, 1, 23, 120, 1067 }, // U+0990
    { 18, 16, 295, 0, 16, 72, 1187 }, // U+0993
    { 21, 23, 350, 0, 23, 121, 1259 }, // U+0994
    { 22, 16, 323, -1, 16, 88, 1380 }, // U+0995
    { 17, 19, 278, 1, 18, 81, 1468 }, // U+0996
    { 17, 19, 262, 0, 18, 81, 1549 }, // U+0997
    { 18, 16, 252, -1, 16, 72, 1630 }, // U+0998
    { 17, 15, 289, 0, 16, 64, 1702 }, // U+0999
    { 16, 15, 227, -1, 16, 60, 1766 }, // U+099A
    { 19, 18, 275, -1, 16, 86, 1826 }, // U+099B
    { 25, 17, 367, -1, 16, 107, 1912 }, // U+099C
    { 22, 18, 318, -1, 18, 99, 2019 }, // U+099D
    { 24, 16, 408, 1, 16, 96, 2118 }, // U+099E
    { 16, 22, 227, -1, 23, 88, 2214 }, // U+099F
    { 17, 25, 236, -1, 24, 107, 2302 }, // U+09A0
    { 20, 15, 285, -1, 16, 75, 2409 }, // U+09A1
    { 16, 15, 227, -1, 16, 60, 2484 }, // U+09A2
    { 15, 19, 248, 1, 18, 72, 2544 }, // U+09A3
    { 19, 15, 283, -1, 16, 72, 2616 }, // U+09A4
    { 17, 19, 258, 0, 18, 81, 2688 }, // U+09A5
    { 17, 17, 241, -1, 16, 73, 2769 }, // U+09A6
    { 16, 16, 238, 0, 16, 64, 2842 }, // U+09A7
    { 17, 16, 242, -1, 16, 68, 2906 }, // U+09A8
    { 19, 19, 286, 0, 18, 91, 2974 }, // U+09AA
    { 23, 17, 335, -1, 16, 98, 3065 }, // U+09AB
    { 17, 16, 238, -1, 16, 68, 3163 }, // U+09AC
    { 20, 15, 288, -1, 16, 75, 3231 }, // U+09AD
    { 17, 16, 249, -1, 16, 68, 3306 }, // U+09AE
    { 17, 16, 250, -1, 16, 68, 3374 }, // U+09AF
    { 17, 18, 238, -1, 16, 77, 3442 }, // U+09B0
    { 20, 16, 292, -1, 16, 80, 3519 }, // U+09B2
    { 19, 19, 271, -1, 18, 91, 3599 }, // U+09B6
    { 18, 16, 253, -1, 16, 72, 3690 }, // U+09B7
    { 19, 16, 273, -1, 16, 76, 3762 }, // U+09B8
    { 15, 18, 212, -1, 16, 68, 3838 }, // U+09B9
    { 4, 4, 0, -8, -2, 4, 3906 }, // U+09BC
    { 15, 18, 212, -1, 16, 68, 3910 }, // U+09BD
    { 8, 19, 106, -1, 18, 38, 3978 }, // U+09BE
    { 19, 24, 106, -1, 23, 114, 4016 }, // U+09BF
    { 21, 24, 106, -14, 23, 126, 4130 }, // U+09C0
    { 14, 8, 0, -11, 1, 28, 4256 }, // U+09C1
    { 13, 8, 0, -8, 1, 26, 4284 }, // U+09C2
    { 10, 8, 0, -9, 1, 20, 4310 }, // U+09C3
    { 10, 11, 0, -9, 1, 28, 4330 }, // U+09C4
    { 11, 17, 138, -1, 16, 47, 4358 }, // U+09C7
    { 11, 24, 138, -1, 23, 66, 4405 }, // U+09C8
    { 26, 19, 381, -1, 18, 124, 4471 }, // U+09CB
    { 26, 24, 381, -1, 23, 156, 4595 }, // U+09CC
    { 8, 7, 0, -5, 0, 14, 4751 }, // U+09CD
    { 13, 17, 210, 1, 16, 56, 4765 }, // U+09CE
    { 17, 24, 106, -10, 23, 102, 4821 }, // U+09D7
    { 20, 21, 285, -1, 16, 105, 4923 }, // U+09DC
    { 16, 21, 227, -1, 16, 84, 5028 }, // U+09DD
    { 17, 18, 250, -1, 16, 77, 5112 }, // U+09DF
    { 19, 25, 341, 1, 18, 119, 5189 }, // U+09E0
    { 14, 26, 256, 1, 19, 91, 5308 }, // U+09E1
    { 10, 9, 0, -9, 1, 23, 5399 }, // U+09E2
    { 17, 11, 0, -14, 1, 47, 5422 }, // U+09E3
    { 12, 13, 237, 1, 15, 39, 5469 }, // U+09E6
    { 10, 17, 237, 3, 16, 43, 5508 }, // U+09E7
    { 13, 18, 237, 1, 17, 59, 5551 }, // U+09E8
    { 14, 14, 237, 0, 15, 49, 5610 }, // U+09E9
    { 13, 17, 237, 1, 16, 56, 5659 }, // U+09EA
    { 14, 17, 237, 1, 16, 60, 5715 }, // U+09EB
    { 14, 15, 237, 0, 16, 53, 5775 }, // U+09EC
    { 13, 16, 237, 1, 16, 52, 5828 }, // U+09ED
    { 15, 17, 237, 0, 16, 64, 5880 }, // U+09EE
    { 14, 17, 237, 0, 17, 60, 5944 }, // U+09EF
    { 17, 16, 238, -1, 16, 68, 6004 }, // U+09F0
    { 17, 16, 238, -1, 16, 68, 6072 }, // U+09F1
    { 12, 11, 236, 1, 13, 33, 6140 }, // U+09F2
    { 15, 20, 254, 0, 20, 75, 6173 }, // U+09F3
    { 12, 11, 236, 1, 13, 33, 6248 }, // U+09F4
    { 16, 12, 283, 1, 14, 48, 6281 }, // U+09F5
    { 16, 17, 291, 1, 16, 68, 6329 }, // U+09F6
    { 3, 16, 119, 2, 16, 12, 6397 }, // U+09F7
    { 15, 17, 272, 1, 16, 64, 6409 }, // U+09F8
    { 10, 10, 193, 1, 13, 25, 6473 }, // U+09F9
    { 15, 11, 270, 1, 20, 42, 6498 }, // U+09FA
    { 9, 15, 116, 1, 11, 34, 6540 }, // U+09FB
    { 12, 15, 215, 1, 13, 45, 6574 }, // U+09FC
    { 9, 8, 170, 1, 14, 18, 6619 }, // U+09FD
    { 8, 9, 0, -4, 23, 18, 6637 }, // U+09FE
    { 0, 0, 0, 0, 0, 0, 0 }, // U+200B
    { 2, 24, 0, -1, 20, 12, 0 }, // U+200C
    { 8, 24, 0, -4, 20, 48, 12 }, // U+200D
    { 7, 3, 136, 1, 9, 6, 60 }, // U+2010
    { 11, 3, 200, 1, 10, 9, 66 }, // U+2013
    { 23, 3, 400, 1, 10, 18, 75 }, // U+2014
    { 4, 6, 125, 2, 18, 6, 93 }, // U+2018
    { 4, 6, 125, 2, 18, 6, 99 }, // U+2019
    { 9, 6, 200, 2, 18, 14, 105 }, // U+201C
    { 9, 6, 200, 2, 18, 14, 119 }, // U+201D
    { 18, 4, 322, 1, 4, 18, 133 }, // U+2026
    { 11, 17, 237, 2, 16, 47, 0 }, // U+20B9
    { 13, 2, 237, 1, 9, 7, 0 }, // U+2212
    { 24, 24, 368, -1, 16, 144, 0 }, // U+E000
    { 30, 18, 464, -1, 16, 135, 144 }, // U+E001
    { 24, 22, 368, -1, 16, 132, 279 }, // U+E002
    { 21, 17, 306, -1, 16, 90, 411 }, // U+E003
    { 36, 19, 560, -1, 18, 171, 501 }, // U+E004
    { 35, 19, 544, -1, 18, 167, 672 }, // U+E005
    { 35, 16, 544, -1, 16, 140, 839 }, // U+E006
    { 35, 15, 562, -1, 16, 132, 979 }, // U+E007
    { 33, 15, 512, -1, 16, 124, 1111 }, // U+E008
    { 36, 18, 560, -1, 16, 162, 1235 }, // U+E009
    { 42, 17, 656, -1, 16, 179, 1397 }, // U+E00A
    { 39, 18, 608, -1, 18, 176, 1576 }, // U+E00B
    { 43, 16, 680, -1, 16, 172, 1752 }, // U+E00C
    { 20, 24, 289, -1, 23, 120, 1924 }, // U+E00D
    { 34, 25, 528, -1, 24, 213, 2044 }, // U+E00E
    { 37, 15, 576, -1, 16, 139, 2257 }, // U+E00F
    { 33, 15, 512, -1, 16, 124, 2396 }, // U+E010
    { 34, 19, 528, -1, 18, 162, 2520 }, // U+E011
    { 25, 16, 372, -1, 16, 100, 2682 }, // U+E012
    { 35, 19, 544, -1, 18, 167, 2782 }, // U+E013
    { 34, 17, 528, -1, 16, 145, 2949 }, // U+E014
    { 34, 16, 528, -1, 16, 136, 3094 }, // U+E015
    { 21, 19, 300, -1, 16, 100, 3230 }, // U+E016
    { 37, 19, 576, -1, 18, 176, 3330 }, // U+E017
    { 40, 17, 624, -1, 16, 170, 3506 }, // U+E018
    { 20, 17, 298, -1, 16, 85, 3676 }, // U+E019
    { 37, 15, 576, -1, 16, 139, 3761 }, // U+E01A
    { 24, 18, 358, -1, 16, 108, 3900 }, // U+E01B
    { 28, 18, 432, -1, 16, 126, 4008 }, // U+E01C
    { 25, 16, 372, -1, 16, 100, 4134 }, // U+E01D
    { 22, 19, 318, -1, 16, 105, 4234 }, // U+E01E
    { 36, 19, 560, -1, 18, 171, 4339 }, // U+E01F
    { 25, 16, 368, -1, 16, 100, 4510 }, // U+E020
    { 25, 17, 365, -1, 16, 107, 4610 }, // U+E021
    { 32, 18, 496, -1, 16, 144, 4717 }, // U+E022
    { 37, 21, 576, -1, 16, 195, 4861 }, // U+E023
    { 33, 21, 512, -1, 16, 174, 5056 }, // U+E024
    { 34, 18, 528, -1, 16, 153, 5230 }, // U+E025
    { 17, 26, 278, 1, 18, 111, 5383 }, // U+E026
    { 23, 20, 384, 1, 18, 115, 5494 }, // U+E027
    { 17, 21, 278, 1, 18, 90, 5609 }, // U+E028
    { 33, 16, 528, 0, 16, 132, 5699 }, // U+E029
    { 30, 19, 480, 0, 18, 143, 5831 }, // U+E02A
    { 18, 21, 275, 0, 18, 95, 5974 }, // U+E02B
    { 29, 16, 464, 0, 16, 116, 6069 }, // U+E02C
    { 29, 15, 487, 0, 16, 109, 6185 }, // U+E02D
    { 27, 15, 432, 0, 16, 102, 6294 }, // U+E02E
    { 30, 18, 480, 0, 16, 135, 6396 }, // U+E02F
    { 36, 17, 576, 0, 16, 153, 6531 }, // U+E030
    { 33, 18, 528, 0, 18, 149, 6684 }, // U+E031
    { 37, 16, 605, 0, 16, 148, 6833 }, // U+E032
    { 27, 22, 432, 0, 23, 149, 6981 }, // U+E033
    { 28, 25, 448, 0, 24, 175, 7130 }, // U+E034
    { 31, 15, 496, 0, 16, 117, 7305 }, // U+E035
    { 27, 15, 432, 0, 16, 102, 7422 }, // U+E036
    { 28, 19, 448, 0, 18, 133, 7524 }, // U+E037
    { 30, 15, 480, 0, 16, 113, 7657 }, // U+E038
    { 29, 19, 464, 0, 18, 138, 7770 }, // U+E039
    { 26, 17, 402, 0, 16, 111, 7908 }, // U+E03A
    { 21, 20, 328, 0, 18, 105, 8019 }, // U+E03B
    { 17, 20, 262, 0, 18, 85, 8124 }, // U+E03C
    { 31, 19, 496, 0, 18, 148, 8209 }, // U+E03D
    { 34, 17, 544, 0, 16, 145, 8357 }, // U+E03E
    { 17, 20, 262, 0, 18, 85, 8502 }, // U+E03F
    { 31, 15, 496, 0, 16, 117, 8587 }, // U+E040
    { 23, 20, 361, 0, 18, 115, 8704 }, // U+E041
    { 23, 20, 368, 0, 18, 115, 8819 }, // U+E042
    { 18, 20, 291, 1, 18, 90, 8934 }, // U+E043
    { 17, 20, 262, 0, 18, 85, 9024 }, // U+E044
    { 30, 19, 480, 0, 18, 143, 9109 }, // U+E045
    { 29, 16, 464, 0, 16, 116, 9252 }, // U+E046
    { 30, 16, 480, 0, 16, 120, 9368 }, // U+E047
    { 26, 18, 416, 0, 16, 117, 9488 }, // U+E048
    { 31, 21, 496, 0, 16, 163, 9605 }, // U+E049
    { 27, 21, 432, 0, 16, 142, 9768 }, // U+E04A
    { 28, 18, 448, 0, 16, 126, 9910 }, // U+E04B
    { 17, 19, 247, -1, 16, 81, 10036 }, // U+E04C
    { 18, 24, 252, -1, 16, 108, 10117 }, // U+E04D
    { 23, 18, 355, -1, 16, 104, 10225 }, // U+E04E
    { 19, 19, 276, -1, 16, 91, 10329 }, // U+E04F
    { 17, 19, 247, -1, 16, 81, 10420 }, // U+E050
    { 19, 16, 272, -1, 16, 76, 10501 }, // U+E051
    { 28, 21, 421, -1, 18, 147, 10577 }, // U+E052
    { 20, 17, 290, -1, 16, 85, 10724 }, // U+E053
    { 31, 16, 471, -1, 16, 124, 10809 }, // U+E054
    { 33, 15, 539, -1, 16, 124, 10933 }, // U+E055
    { 31, 15, 480, -1, 16, 117, 11057 }, // U+E056
    { 34, 18, 528, -1, 16, 153, 11174 }, // U+E057
    { 40, 17, 624, -1, 16, 170, 11327 }, // U+E058
    { 37, 18, 576, -1, 18, 167, 11497 }, // U+E059
    { 41, 16, 658, -1, 16, 164, 11664 }, // U+E05A
    { 31, 22, 480, -1, 23, 171, 11828 }, // U+E05B
    { 32, 25, 496, -1, 24, 200, 11999 }, // U+E05C
    { 35, 15, 544, -1, 16, 132, 12199 }, // U+E05D
    { 31, 15, 480, -1, 16, 117, 12331 }, // U+E05E
    { 32, 19, 498, -1, 18, 152, 12448 }, // U+E05F
    { 34, 15, 533, -1, 16, 128, 12600 }, // U+E060
    { 33, 19, 512, -1, 18, 157, 12728 }, // U+E061
    { 32, 17, 496, -1, 16, 136, 12885 }, // U+E062
    { 32, 16, 496, -1, 16, 128, 13021 }, // U+E063
    { 32, 16, 496, -1, 16, 128, 13149 }, // U+E064
    { 35, 19, 544, -1, 18, 167, 13277 }, // U+E065
    { 38, 17, 592, -1, 16, 162, 13444 }, // U+E066
    { 17, 23, 289, 0, 16, 98, 13606 }, // U+E067
    { 35, 15, 544, -1, 16, 132, 13704 }, // U+E068
    { 25, 20, 367, -1, 16, 125, 13836 }, // U+E069
    { 25, 18, 400, 0, 16, 113, 13961 }, // U+E06A
    { 17, 23, 289, 0, 16, 98, 14074 }, // U+E06B
    { 35, 16, 544, -1, 16, 140, 14172 }, // U+E06C
    { 34, 19, 528, -1, 18, 162, 14312 }, // U+E06D
    { 33, 16, 512, -1, 16, 132, 14474 }, // U+E06E
    { 34, 16, 528, -1, 16, 136, 14606 }, // U+E06F
    { 30, 18, 464, -1, 16, 135, 14742 }, // U+E070
    { 35, 21, 544, -1, 16, 184, 14877 }, // U+E071
    { 31, 21, 480, -1, 16, 163, 15061 }, // U+E072
    { 32, 18, 501, -1, 16, 144, 15224 }, // U+E073
    { 34, 16, 528, -1, 16, 136, 15368 }, // U+E074
    { 31, 19, 480, -1, 18, 148, 15504 }, // U+E075
    { 30, 19, 464, -1, 18, 143, 15652 }, // U+E076
    { 30, 16, 464, -1, 16, 120, 15795 }, // U+E077
    { 30, 15, 487, -1, 16, 113, 15915 }, // U+E078
    { 23, 15, 345, -1, 16, 87, 16028 }, // U+E079
    { 26, 18, 394, -1, 16, 117, 16115 }, // U+E07A
    { 37, 17, 576, -1, 16, 158, 16232 }, // U+E07B
    { 34, 18, 528, -1, 18, 153, 16390 }, // U+E07C
    { 28, 19, 415, -1, 16, 133, 16543 }, // U+E07D
    { 28, 22, 432, -1, 23, 154, 16676 }, // U+E07E
    { 29, 25, 448, -1, 24, 182, 16830 }, // U+E07F
    { 32, 15, 496, -1, 16, 120, 17012 }, // U+E080
    { 28, 15, 432, -1, 16, 105, 17132 }, // U+E081
    { 29, 19, 448, -1, 18, 138, 17237 }, // U+E082
    { 31, 15, 481, -1, 16, 117, 17375 }, // U+E083
    { 30, 19, 464, -1, 18, 143, 17492 }, // U+E084
    { 29, 17, 448, -1, 16, 124, 17635 }, // U+E085
    { 29, 16, 448, -1, 16, 116, 17759 }, // U+E086
    { 15, 21, 216, -1, 16, 79, 17875 }, // U+E087
    { 32, 19, 496, -1, 18, 152, 17954 }, // U+E088
    { 35, 17, 544, -1, 16, 149, 18106 }, // U+E089
    { 16, 23, 227, -1, 16, 92, 18255 }, // U+E08A
    { 32, 15, 496, -1, 16, 120, 18347 }, // U+E08B
    { 29, 16, 448, -1, 16, 116, 18467 }, // U+E08C
    { 22, 18, 336, -1, 16, 99, 18583 }, // U+E08D
    { 19, 21, 270, -1, 16, 100, 18682 }, // U+E08E
    { 32, 16, 496, -1, 16, 128, 18782 }, // U+E08F
    { 31, 19, 480, -1, 18, 148, 18910 }, // U+E090
    { 30, 16, 464, -1, 16, 120, 19058 }, // U+E091
    { 31, 16, 480, -1, 16, 124, 19178 }, // U+E092
    { 27, 18, 416, -1, 16, 122, 19302 }, // U+E093
    { 32, 21, 496, -1, 16, 168, 19424 }, // U+E094
    { 28, 21, 432, -1, 16, 147, 19592 }, // U+E095
    { 29, 18, 449, -1, 16, 131, 19739 }, // U+E096
    { 19, 23, 275, -1, 16, 110, 19870 }, // U+E097
    { 25, 18, 384, -1, 16, 113, 19980 }, // U+E098
    { 21, 20, 303, -1, 16, 105, 20093 }, // U+E099
    { 35, 17, 529, -1, 16, 149, 20198 }, // U+E09A
    { 31, 19, 474, -1, 16, 148, 20347 }, // U+E09B
    { 26, 15, 390, -1, 16, 98, 20495 }, // U+E09C
    { 26, 19, 390, -1, 16, 124, 20593 }, // U+E09D
    { 30, 18, 469, -1, 16, 135, 20717 }, // U+E09E
    { 25, 20, 368, -1, 16, 125, 20852 }, // U+E09F
    { 22, 26, 318, -1, 18, 143, 20977 }, // U+E0A0
    { 27, 20, 420, -1, 18, 135, 21120 }, // U+E0A1
    { 23, 21, 344, -1, 18, 121, 21255 }, // U+E0A2
    { 19, 19, 339, 1, 18, 91, 21376 }, // U+E0A3
    { 17, 20, 298, 1, 16, 85, 21467 }, // U+E0A4
    { 21, 17, 344, 0, 16, 90, 21552 }, // U+E0A5
    { 22, 21, 390, 1, 16, 116, 21642 }, // U+E0A6
    { 24, 24, 408, 1, 16, 144, 21758 }, // U+E0A7
    { 31, 18, 512, 1, 16, 140, 21902 }, // U+E0A8
    { 24, 22, 408, 1, 16, 132, 22042 }, // U+E0A9
    { 34, 23, 528, -1, 23, 196, 22174 }, // U+E0AA
    { 31, 24, 480, -1, 23, 186, 22370 }, // U+E0AB
    { 30, 24, 464, -1, 23, 180, 22556 }, // U+E0AC
    { 30, 23, 464, -1, 23, 173, 22736 }, // U+E0AD
    { 30, 22, 487, -1, 23, 165, 22909 }, // U+E0AE
    { 28, 22, 432, -1, 23, 154, 23074 }, // U+E0AF
    { 31, 25, 480, -1, 23, 194, 23228 }, // U+E0B0
    { 37, 24, 576, -1, 23, 222, 23422 }, // U+E0B1
    { 34, 23, 528, -1, 23, 196, 23644 }, // U+E0B2
    { 38, 23, 606, -1, 23, 219, 23840 }, // U+E0B3
    { 18, 27, 259, -1, 23, 122, 24059 }, // U+E0B4
    { 29, 25, 448, -1, 24, 182, 24181 }, // U+E0B5
    { 32, 22, 496, -1, 23, 176, 24363 }, // U+E0B6
    { 28, 22, 432, -1, 23, 154, 24539 }, // U+E0B7
    { 29, 24, 448, -1, 23, 174, 24693 }, // U+E0B8
    { 31, 22, 481, -1, 23, 171, 24867 }, // U+E0B9
    { 30, 24, 464, -1, 23, 180, 25038 }, // U+E0BA
    { 29, 24, 448, -1, 23, 174, 25218 }, // U+E0BB
    { 29, 23, 448, -1, 23, 167, 25392 }, // U+E0BC
    { 29, 23, 448, -1, 23, 167, 25559 }, // U+E0BD
    { 32, 24, 496, -1, 23, 192, 25726 }, // U+E0BE
    { 35, 24, 544, -1, 23, 210, 25918 }, // U+E0BF
    { 16, 30, 227, -1, 23, 120, 26128 }, // U+E0C0
    { 32, 22, 496, -1, 23, 176, 26248 }, // U+E0C1
    { 21, 27, 313, -1, 23, 142, 26424 }, // U+E0C2
    { 22, 25, 336, -1, 23, 138, 26566 }, // U+E0C3
    { 19, 28, 270, -1, 23, 133, 26704 }, // U+E0C4
    { 32, 23, 496, -1, 23, 184, 26837 }, // U+E0C5
    { 31, 24, 480, -1, 23, 186, 27021 }, // U+E0C6
    { 30, 23, 464, -1, 23, 173, 27207 }, // U+E0C7
    { 31, 23, 480, -1, 23, 179, 0 }, // U+E0C8
    { 27, 25, 416, -1, 23, 169, 179 }, // U+E0C9
    { 32, 28, 496, -1, 23, 224, 348 }, // U+E0CA
    { 28, 28, 432, -1, 23, 196, 572 }, // U+E0CB
    { 29, 25, 449, -1, 23, 182, 768 }, // U+E0CC
    { 17, 32, 236, -1, 24, 136, 950 }, // U+E0CD
    { 22, 26, 339, -1, 24, 143, 1086 }, // U+E0CE
    { 20, 29, 291, -1, 24, 145, 1229 }, // U+E0CF
    { 37, 16, 576, -1, 16, 148, 1374 }, // U+E0D0
    { 34, 19, 528, -1, 18, 162, 1522 }, // U+E0D1
    { 32, 19, 490, -1, 18, 152, 1684 }, // U+E0D2
    { 33, 16, 512, -1, 16, 132, 1836 }, // U+E0D3
    { 33, 15, 535, -1, 16, 124, 1968 }, // U+E0D4
    { 31, 15, 480, -1, 16, 117, 2092 }, // U+E0D5
    { 34, 18, 528, -1, 16, 153, 2209 }, // U+E0D6
    { 40, 17, 624, -1, 16, 170, 2362 }, // U+E0D7
    { 37, 18, 576, -1, 18, 167, 2532 }, // U+E0D8
    { 41, 16, 654, -1, 16, 164, 2699 }, // U+E0D9
    { 31, 22, 480, -1, 23, 171, 2863 }, // U+E0DA
    { 32, 25, 496, -1, 24, 200, 3034 }, // U+E0DB
    { 30, 15, 459, -1, 16, 113, 3234 }, // U+E0DC
    { 31, 15, 480, -1, 16, 117, 3347 }, // U+E0DD
    { 32, 19, 496, -1, 18, 152, 3464 }, // U+E0DE
    { 34, 15, 529, -1, 16, 128, 3616 }, // U+E0DF
    { 33, 19, 512, -1, 18, 157, 3744 }, // U+E0E0
    { 32, 17, 496, -1, 16, 136, 3901 }, // U+E0E1
    { 32, 16, 496, -1, 16, 128, 4037 }, // U+E0E2
    { 32, 16, 496, -1, 16, 128, 4165 }, // U+E0E3
    { 35, 19, 544, -1, 18, 167, 4293 }, // U+E0E4
    { 38, 17, 592, -1, 16, 162, 4460 }, // U+E0E5
    { 20, 23, 285, -1, 16, 115, 4622 }, // U+E0E6
    { 35, 15, 544, -1, 16, 132, 4737 }, // U+E0E7
    { 24, 20, 364, -1, 16, 120, 4869 }, // U+E0E8
    { 25, 18, 387, -1, 16, 113, 4989 }, // U+E0E9
    { 20, 21, 285, -1, 16, 105, 5102 }, // U+E0EA
    { 35, 16, 544, -1, 16, 140, 5207 }, // U+E0EB
    { 34, 19, 528, -1, 18, 162, 5347 }, // U+E0EC
    { 33, 16, 512, -1, 16, 132, 5509 }, // U+E0ED
    { 34, 16, 528, -1, 16, 136, 5641 }, // U+E0EE
    { 30, 18, 464, -1, 16, 135, 5777 }, // U+E0EF
    { 35, 21, 544, -1, 16, 184, 5912 }, // U+E0F0
    { 31, 21, 480, -1, 16, 163, 6096 }, // U+E0F1
    { 32, 18, 497, -1, 16, 144, 6259 }, // U+E0F2
    { 34, 16, 528, -1, 16, 136, 6403 }, // U+E0F3
    { 31, 19, 480, -1, 18, 148, 6539 }, // U+E0F4
    { 30, 19, 464, -1, 18, 143, 6687 }, // U+E0F5
    { 30, 16, 464, -1, 16, 120, 6830 }, // U+E0F6
    { 30, 15, 487, -1, 16, 113, 6950 }, // U+E0F7
    { 28, 15, 432, -1, 16, 105, 7063 }, // U+E0F8
    { 31, 18, 480, -1, 16, 140, 7168 }, // U+E0F9
    { 37, 17, 576, -1, 16, 158, 7308 }, // U+E0FA
    { 34, 18, 528, -1, 18, 153, 7466 }, // U+E0FB
    { 38, 16, 606, -1, 16, 152, 7619 }, // U+E0FC
    { 28, 22, 432, -1, 23, 154, 7771 }, // U+E0FD
    { 29, 25, 448, -1, 24, 182, 7925 }, // U+E0FE
    { 32, 15, 496, -1, 16, 120, 8107 }, // U+E0FF
    { 28, 15, 432, -1, 16, 105, 8227 }, // U+E100
    { 29, 19, 448, -1, 18, 138, 8332 }, // U+E101
    { 31, 15, 481, -1, 16, 117, 8470 }, // U+E102
    { 30, 19, 464, -1, 18, 143, 8587 }, // U+E103
    { 29, 17, 448, -1, 16, 124, 8730 }, // U+E104
    { 29, 16, 448, -1, 16, 116, 8854 }, // U+E105
    { 29, 16, 448, -1, 16, 116, 8970 }, // U+E106
    { 32, 19, 496, -1, 18, 152, 9086 }, // U+E107
    { 35, 17, 544, -1, 16, 149, 9238 }, // U+E108
    { 16, 23, 227, -1, 16, 92, 9387 }, // U+E109
    { 32, 15, 496, -1, 16, 120, 9479 }, // U+E10A
    { 29, 16, 448, -1, 16, 116, 9599 }, // U+E10B
    { 22, 18, 336, -1, 16, 99, 9715 }, // U+E10C
    { 19, 21, 270, -1, 16, 100, 9814 }, // U+E10D
    { 32, 16, 496, -1, 16, 128, 9914 }, // U+E10E
    { 31, 19, 480, -1, 18, 148, 10042 }, // U+E10F
    { 30, 16, 464, -1, 16, 120, 10190 }, // U+E110
    { 31, 16, 480, -1, 16, 124, 10310 }, // U+E111
    { 27, 18, 416, -1, 16, 122, 10434 }, // U+E112
    { 32, 21, 496, -1, 16, 168, 10556 }, // U+E113
    { 28, 21, 432, -1, 16, 147, 10724 }, // U+E114
    { 29, 18, 449, -1, 16, 131, 10871 }, // U+E115
    { 30, 16, 496, 1, 16, 120, 11002 }, // U+E116
    { 27, 19, 448, 1, 18, 129, 11122 }, // U+E117
    { 26, 19, 432, 1, 18, 124, 11251 }, // U+E118
    { 26, 16, 432, 1, 16, 104, 11375 }, // U+E119
    { 26, 15, 455, 1, 16, 98, 11479 }, // U+E11A
    { 24, 15, 400, 1, 16, 90, 11577 }, // U+E11B
    { 27, 18, 448, 1, 16, 122, 11667 }, // U+E11C
    { 33, 17, 544, 1, 16, 141, 11789 }, // U+E11D
    { 30, 18, 496, 1, 18, 135, 11930 }, // U+E11E
    { 34, 16, 573, 1, 16, 136, 12065 }, // U+E11F
    { 21, 22, 346, 1, 23, 116, 12201 }, // U+E120
    { 18, 25, 293, 1, 24, 113, 12317 }, // U+E121
    { 18, 15, 295, 0, 16, 68, 12430 }, // U+E122
    { 21, 15, 346, 1, 16, 79, 12498 }, // U+E123
    { 15, 20, 241, 1, 18, 75, 12577 }, // U+E124
    { 27, 15, 448, 1, 16, 102, 12652 }, // U+E125
    { 26, 19, 432, 1, 18, 124, 12754 }, // U+E126
    { 25, 17, 416, 1, 16, 107, 12878 }, // U+E127
    { 25, 16, 416, 1, 16, 100, 12985 }, // U+E128
    { 15, 19, 241, 1, 18, 72, 13085 }, // U+E129
    { 28, 19, 464, 1, 18, 133, 13157 }, // U+E12A
    { 31, 17, 512, 1, 16, 132, 13290 }, // U+E12B
    { 15, 20, 248, 1, 18, 75, 13422 }, // U+E12C
    { 28, 15, 464, 1, 16, 105, 13497 }, // U+E12D
    { 21, 20, 347, 1, 18, 105, 13602 }, // U+E12E
    { 21, 20, 352, 1, 18, 105, 13707 }, // U+E12F
    { 16, 20, 254, 1, 18, 80, 13812 }, // U+E130
    { 28, 16, 464, 1, 16, 112, 13892 }, // U+E131
    { 27, 19, 448, 1, 18, 129, 14004 }, // U+E132
    { 26, 16, 432, 1, 16, 104, 14133 }, // U+E133
    { 27, 16, 448, 1, 16, 108, 14237 }, // U+E134
    { 23, 18, 384, 1, 16, 104, 14345 }, // U+E135
    { 28, 21, 464, 1, 16, 147, 14449 }, // U+E136
    { 24, 21, 400, 1, 16, 126, 14596 }, // U+E137
    { 25, 18, 416, 1, 16, 113, 14722 }, // U+E138
    { 20, 16, 289, -1, 16, 80, 14835 }, // U+E139
    { 19, 19, 308, 1, 18, 91, 14915 }, // U+E13A
    { 18, 19, 264, -1, 16, 86, 15006 }, // U+E13B
    { 18, 19, 264, -1, 16, 86, 15092 }, // U+E13C
    { 24, 18, 360, -1, 16, 108, 15178 }, // U+E13D
    { 25, 18, 385, -1, 16, 113, 15286 }, // U+E13E
    { 20, 16, 286, -1, 16, 80, 15399 }, // U+E13F
    { 19, 20, 269, -1, 16, 95, 15479 }, // U+E140
    { 17, 21, 258, 0, 18, 90, 15574 }, // U+E141
    { 23, 20, 368, 0, 18, 115, 15664 }, // U+E142
    { 17, 21, 271, 1, 18, 90, 15779 }, // U+E143
    { 35, 16, 544, -1, 16, 140, 15869 }, // U+E144
    { 32, 19, 496, -1, 18, 152, 16009 }, // U+E145
    { 29, 19, 442, -1, 18, 138, 16161 }, // U+E146
    { 29, 17, 432, -1, 16, 124, 16299 }, // U+E147
    { 31, 15, 501, -1, 16, 117, 16423 }, // U+E148
    { 29, 15, 448, -1, 16, 109, 16540 }, // U+E149
    { 32, 18, 496, -1, 16, 144, 16649 }, // U+E14A
    { 38, 17, 592, -1, 16, 162, 16793 }, // U+E14B
    { 35, 18, 544, -1, 18, 158, 16955 }, // U+E14C
    { 39, 16, 619, -1, 16, 156, 17113 }, // U+E14D
    { 29, 22, 448, -1, 23, 160, 17269 }, // U+E14E
    { 30, 25, 464, -1, 24, 188, 17429 }, // U+E14F
    { 33, 15, 512, -1, 16, 124, 17617 }, // U+E150
    { 29, 15, 448, -1, 16, 109, 17741 }, // U+E151
    { 30, 19, 464, -1, 18, 143, 17850 }, // U+E152
    { 32, 15, 496, -1, 16, 120, 17993 }, // U+E153
    { 31, 19, 480, -1, 18, 148, 18113 }, // U+E154
    { 23, 17, 333, -1, 16, 98, 18261 }, // U+E155
    { 21, 19, 312, -1, 16, 100, 18359 }, // U+E156
    { 17, 19, 247, -1, 16, 81, 18459 }, // U+E157
    { 33, 19, 512, -1, 18, 157, 18540 }, // U+E158
    { 36, 17, 560, -1, 16, 153, 18697 }, // U+E159
    { 17, 19, 247, -1, 16, 81, 18850 }, // U+E15A
    { 20, 19, 290, -1, 16, 95, 18931 }, // U+E15B
    { 23, 17, 336, -1, 16, 98, 19026 }, // U+E15C
    { 23, 18, 352, -1, 16, 104, 19124 }, // U+E15D
    { 20, 18, 288, -1, 16, 90, 19228 }, // U+E15E
    { 33, 16, 512, -1, 16, 132, 19318 }, // U+E15F
    { 32, 19, 496, -1, 18, 152, 19450 }, // U+E160
    { 31, 16, 480, -1, 16, 124, 19602 }, // U+E161
    { 32, 16, 496, -1, 16, 128, 19726 }, // U+E162
    { 28, 18, 432, -1, 16, 126, 19854 }, // U+E163
    { 33, 21, 512, -1, 16, 174, 19980 }, // U+E164
    { 29, 21, 448, -1, 16, 153, 20154 }, // U+E165
    { 30, 18, 464, -1, 16, 135, 20307 }, // U+E166
    { 15, 19, 229, 0, 16, 72, 20442 }, // U+E167
    { 25, 16, 391, 0, 16, 100, 20514 }, // U+E168
    { 21, 20, 327, 0, 16, 105, 20614 }, // U+E169
    { 21, 18, 341, 0, 16, 95, 20719 }, // U+E16A
    { 16, 19, 265, 1, 16, 76, 20814 }, // U+E16B
    { 31, 16, 480, -1, 16, 124, 20890 }, // U+E16C
    { 28, 19, 432, -1, 18, 133, 21014 }, // U+E16D
    { 27, 19, 416, -1, 18, 129, 21147 }, // U+E16E
    { 27, 16, 416, -1, 16, 108, 21276 }, // U+E16F
    { 27, 15, 437, -1, 16, 102, 21384 }, // U+E170
    { 25, 15, 384, -1, 16, 94, 21486 }, // U+E171
    { 28, 18, 432, -1, 16, 126, 21580 }, // U+E172
    { 34, 17, 528, -1, 16, 145, 21706 }, // U+E173
    { 31, 18, 480, -1, 18, 140, 21851 }, // U+E174
    { 35, 16, 555, -1, 16, 140, 21991 }, // U+E175
    { 23, 22, 339, -1, 23, 127, 22131 }, // U+E176
    { 20, 25, 296, -1, 24, 125, 22258 }, // U+E177
    { 22, 15, 324, -1, 16, 83, 22383 }, // U+E178
    { 25, 15, 384, -1, 16, 94, 22466 }, // U+E179
    { 26, 19, 400, -1, 18, 124, 22560 }, // U+E17A
    { 20, 18, 288, -1, 16, 90, 22684 }, // U+E17B
    { 17, 19, 246, -1, 16, 81, 22774 }, // U+E17C
    { 24, 17, 358, -1, 16, 102, 22855 }, // U+E17D
    { 21, 16, 310, -1, 16, 84, 22957 }, // U+E17E
    { 17, 18, 242, -1, 16, 77, 23041 }, // U+E17F
    { 29, 19, 448, -1, 18, 138, 23118 }, // U+E180
    { 32, 17, 496, -1, 16, 136, 23256 }, // U+E181
    { 17, 16, 245, -1, 16, 68, 23392 }, // U+E182
    { 29, 15, 448, -1, 16, 109, 23460 }, // U+E183
    { 22, 17, 323, -1, 16, 94, 23569 }, // U+E184
    { 23, 18, 352, -1, 16, 104, 23663 }, // U+E185
    { 18, 17, 265, -1, 16, 77, 23767 }, // U+E186
    { 29, 16, 448, -1, 16, 116, 23844 }, // U+E187
    { 28, 19, 432, -1, 18, 133, 23960 }, // U+E188
    { 27, 16, 416, -1, 16, 108, 24093 }, // U+E189
    { 24, 16, 355, -1, 16, 96, 24201 }, // U+E18A
    { 24, 18, 368, -1, 16, 108, 24297 }, // U+E18B
    { 29, 21, 448, -1, 16, 153, 24405 }, // U+E18C
    { 25, 21, 384, -1, 16, 132, 24558 }, // U+E18D
    { 26, 18, 400, -1, 16, 117, 24690 }, // U+E18E
    { 34, 16, 544, 0, 16, 136, 24807 }, // U+E18F
    { 31, 19, 500, 0, 18, 148, 0 }, // U+E190
    { 30, 19, 484, 0, 18, 143, 148 }, // U+E191
    { 30, 16, 480, 0, 16, 120, 291 }, // U+E192
    { 30, 15, 511, 0, 16, 113, 411 }, // U+E193
    { 28, 15, 448, 0, 16, 105, 524 }, // U+E194
    { 31, 18, 496, 0, 16, 140, 629 }, // U+E195
    { 37, 17, 592, 0, 16, 158, 769 }, // U+E196
    { 34, 18, 544, 0, 18, 153, 927 }, // U+E197
    { 38, 16, 629, 0, 16, 152, 1080 }, // U+E198
    { 26, 22, 402, 0, 23, 143, 1232 }, // U+E199
    { 29, 25, 464, 0, 24, 182, 1375 }, // U+E19A
    { 32, 15, 512, 0, 16, 120, 1557 }, // U+E19B
    { 28, 15, 448, 0, 16, 105, 1677 }, // U+E19C
    { 29, 19, 470, 0, 18, 138, 1782 }, // U+E19D
    { 19, 20, 290, 0, 18, 95, 1920 }, // U+E19E
    { 30, 19, 480, 0, 18, 143, 2015 }, // U+E19F
    { 29, 17, 464, 0, 16, 124, 2158 }, // U+E1A0
    { 29, 16, 464, 0, 16, 116, 2282 }, // U+E1A1
    { 19, 19, 286, 0, 18, 91, 2398 }, // U+E1A2
    { 19, 20, 292, 0, 18, 95, 2489 }, // U+E1A3
    { 35, 17, 560, 0, 16, 149, 2584 }, // U+E1A4
    { 19, 23, 286, 0, 18, 110, 2733 }, // U+E1A5
    { 32, 15, 512, 0, 16, 120, 2843 }, // U+E1A6
    { 25, 20, 385, 0, 18, 125, 2963 }, // U+E1A7
    { 24, 20, 389, 0, 18, 120, 3088 }, // U+E1A8
    { 19, 20, 302, 1, 18, 95, 3208 }, // U+E1A9
    { 19, 20, 286, 0, 18, 95, 3303 }, // U+E1AA
    { 31, 19, 496, 0, 18, 148, 3398 }, // U+E1AB
    { 30, 16, 480, 0, 16, 120, 3546 }, // U+E1AC
    { 29, 16, 428, -1, 16, 116, 3666 }, // U+E1AD
    { 27, 18, 434, 0, 16, 122, 3782 }, // U+E1AE
    { 32, 21, 512, 0, 16, 168, 3904 }, // U+E1AF
    { 28, 21, 448, 0, 16, 147, 4072 }, // U+E1B0
    { 29, 18, 472, 0, 16, 131, 4219 }, // U+E1B1
    { 23, 27, 337, -1, 23, 156, 4350 }, // U+E1B2
    { 23, 24, 335, -1, 16, 138, 4506 }, // U+E1B3
    { 28, 18, 437, -1, 16, 126, 4644 }, // U+E1B4
    { 24, 19, 360, -1, 16, 114, 4770 }, // U+E1B5
    { 22, 19, 330, -1, 16, 105, 4884 }, // U+E1B6
    { 34, 16, 528, -1, 16, 136, 4989 }, // U+E1B7
    { 31, 19, 483, -1, 18, 148, 5125 }, // U+E1B8
    { 30, 19, 467, -1, 18, 143, 5273 }, // U+E1B9
    { 30, 16, 464, -1, 16, 120, 5416 }, // U+E1BA
    { 30, 15, 493, -1, 16, 113, 5536 }, // U+E1BB
    { 28, 15, 432, -1, 16, 105, 5649 }, // U+E1BC
    { 31, 18, 480, -1, 16, 140, 5754 }, // U+E1BD
    { 26, 17, 392, -1, 16, 111, 5894 }, // U+E1BE
    { 34, 18, 528, -1, 18, 153, 6005 }, // U+E1BF
    { 38, 16, 612, -1, 16, 152, 6158 }, // U+E1C0
    { 28, 22, 432, -1, 23, 154, 6310 }, // U+E1C1
    { 29, 25, 448, -1, 24, 182, 6464 }, // U+E1C2
    { 32, 15, 496, -1, 16, 120, 6646 }, // U+E1C3
    { 28, 15, 432, -1, 16, 105, 6766 }, // U+E1C4
    { 29, 19, 452, -1, 18, 138, 6871 }, // U+E1C5
    { 31, 15, 487, -1, 16, 117, 7009 }, // U+E1C6
    { 30, 19, 464, -1, 18, 143, 7126 }, // U+E1C7
    { 24, 17, 350, -1, 16, 102, 7269 }, // U+E1C8
    { 20, 17, 286, -1, 16, 85, 7371 }, // U+E1C9
    { 29, 16, 448, -1, 16, 116, 7456 }, // U+E1CA
    { 32, 19, 496, -1, 18, 152, 7572 }, // U+E1CB
    { 35, 17, 544, -1, 16, 149, 7724 }, // U+E1CC
    { 26, 16, 391, -1, 16, 104, 7873 }, // U+E1CD
    { 19, 19, 280, -1, 16, 91, 7977 }, // U+E1CE
    { 29, 16, 453, -1, 16, 116, 8068 }, // U+E1CF
    { 22, 18, 341, -1, 16, 99, 8184 }, // U+E1D0
    { 18, 19, 265, -1, 16, 86, 8283 }, // U+E1D1
    { 17, 19, 241, -1, 16, 81, 8369 }, // U+E1D2
    { 31, 19, 480, -1, 18, 148, 8450 }, // U+E1D3
    { 30, 16, 464, -1, 16, 120, 8598 }, // U+E1D4
    { 31, 16, 480, -1, 16, 124, 8718 }, // U+E1D5
    { 27, 18, 416, -1, 16, 122, 8842 }, // U+E1D6
    { 32, 21, 496, -1, 16, 168, 8964 }, // U+E1D7
    { 28, 21, 432, -1, 16, 147, 9132 }, // U+E1D8
    { 29, 18, 455, -1, 16, 131, 9279 }, // U+E1D9
    { 20, 23, 288, -1, 16, 115, 9410 }, // U+E1DA
    { 26, 18, 400, -1, 16, 117, 9525 }, // U+E1DB
    { 19, 16, 282, -1, 16, 76, 9642 }, // U+E1DC
    { 19, 20, 272, -1, 16, 95, 9718 }, // U+E1DD
    { 36, 16, 560, -1, 16, 144, 9813 }, // U+E1DE
    { 33, 19, 512, -1, 18, 157, 9957 }, // U+E1DF
    { 32, 19, 496, -1, 18, 152, 10114 }, // U+E1E0
    { 32, 16, 496, -1, 16, 128, 10266 }, // U+E1E1
    { 32, 15, 517, -1, 16, 120, 10394 }, // U+E1E2
    { 30, 15, 464, -1, 16, 113, 10514 }, // U+E1E3
    { 33, 18, 512, -1, 16, 149, 10627 }, // U+E1E4
    { 39, 17, 608, -1, 16, 166, 10776 }, // U+E1E5
    { 36, 18, 560, -1, 18, 162, 10942 }, // U+E1E6
    { 40, 16, 636, -1, 16, 160, 11104 }, // U+E1E7
    { 30, 22, 464, -1, 23, 165, 11264 }, // U+E1E8
    { 31, 25, 480, -1, 24, 194, 11429 }, // U+E1E9
    { 34, 15, 528, -1, 16, 128, 11623 }, // U+E1EA
    { 30, 15, 464, -1, 16, 113, 11751 }, // U+E1EB
    { 31, 19, 480, -1, 18, 148, 11864 }, // U+E1EC
    { 20, 18, 287, -1, 16, 90, 12012 }, // U+E1ED
    { 32, 19, 496, -1, 18, 152, 12102 }, // U+E1EE
    { 26, 17, 395, -1, 16, 111, 12254 }, // U+E1EF
    { 31, 16, 480, -1, 16, 124, 12365 }, // U+E1F0
    { 17, 16, 244, -1, 16, 68, 12489 }, // U+E1F1
    { 30, 19, 459, -1, 18, 143, 12557 }, // U+E1F2
    { 29, 17, 436, -1, 16, 124, 12700 }, // U+E1F3
    { 17, 16, 245, -1, 16, 68, 12824 }, // U+E1F4
    { 20, 18, 290, -1, 16, 90, 12892 }, // U+E1F5
    { 23, 16, 348, -1, 16, 92, 12982 }, // U+E1F6
    { 23, 18, 352, -1, 16, 104, 13074 }, // U+E1F7
    { 18, 17, 263, -1, 16, 77, 13178 }, // U+E1F8
    { 17, 17, 252, -1, 16, 73, 13255 }, // U+E1F9
    { 33, 19, 512, -1, 18, 157, 13328 }, // U+E1FA
    { 32, 16, 496, -1, 16, 128, 13485 }, // U+E1FB
    { 29, 16, 435, -1, 16, 116, 13613 }, // U+E1FC
    { 29, 18, 448, -1, 16, 131, 13729 }, // U+E1FD
    { 34, 21, 528, -1, 16, 179, 13860 }, // U+E1FE
    { 30, 21, 464, -1, 16, 158, 14039 }, // U+E1FF
    { 31, 18, 480, -1, 16, 140, 14197 }, // U+E200
    { 17, 24, 250, -1, 16, 102, 14337 }, // U+E201
    { 23, 18, 353, -1, 16, 104, 14439 }, // U+E202
    { 19, 19, 275, -1, 16, 91, 14543 }, // U+E203
    { 26, 23, 400, -1, 23, 150, 14634 }, // U+E204
    { 22, 23, 336, -1, 23, 127, 14784 }, // U+E205
    { 17, 24, 288, 1, 23, 102, 14911 }, // U+E206
    { 17, 24, 272, 0, 23, 102, 15013 }, // U+E207
    { 19, 23, 288, -1, 23, 110, 15115 }, // U+E208
    { 17, 22, 289, 0, 23, 94, 15225 }, // U+E209
    { 16, 22, 240, -1, 23, 88, 15319 }, // U+E20A
    { 19, 25, 288, -1, 23, 119, 15407 }, // U+E20B
    { 25, 24, 384, -1, 23, 150, 15526 }, // U+E20C
    { 22, 23, 336, -1, 23, 127, 15676 }, // U+E20D
    { 24, 23, 408, 1, 23, 138, 15803 }, // U+E20E
    { 18, 22, 272, -1, 23, 99, 15941 }, // U+E20F
    { 18, 25, 272, -1, 24, 113, 16040 }, // U+E210
    { 20, 22, 304, -1, 23, 110, 16153 }, // U+E211
    { 16, 22, 240, -1, 23, 88, 16263 }, // U+E212
    { 15, 24, 256, 1, 23, 90, 16351 }, // U+E213
    { 19, 22, 288, -1, 23, 105, 16441 }, // U+E214
    { 17, 24, 272, 0, 23, 102, 16546 }, // U+E215
    { 17, 24, 256, -1, 23, 102, 16648 }, // U+E216
    { 17, 23, 272, 0, 23, 98, 16750 }, // U+E217
    { 19, 23, 288, -1, 23, 110, 16848 }, // U+E218
    { 19, 24, 304, 0, 23, 114, 16958 }, // U+E219
    { 23, 24, 352, -1, 23, 138, 17072 }, // U+E21A
    { 18, 23, 272, -1, 23, 104, 17210 }, // U+E21B
    { 20, 22, 304, -1, 23, 110, 17314 }, // U+E21C
    { 19, 23, 288, -1, 23, 110, 17424 }, // U+E21D
    { 19, 23, 288, -1, 23, 110, 17534 }, // U+E21E
    { 18, 25, 272, -1, 23, 113, 17644 }, // U+E21F
    { 22, 23, 336, -1, 23, 127, 17757 }, // U+E220
    { 19, 24, 288, -1, 23, 114, 17884 }, // U+E221
    { 19, 23, 288, -1, 23, 110, 17998 }, // U+E222
    { 21, 23, 320, -1, 23, 121, 18108 }, // U+E223
    { 15, 25, 224, -1, 23, 94, 18229 }, // U+E224
    { 20, 28, 304, -1, 23, 140, 18323 }, // U+E225
    { 16, 28, 240, -1, 23, 112, 18463 }, // U+E226
    { 19, 25, 288, -1, 23, 119, 18575 }, // U+E227
    { 24, 17, 356, -1, 16, 102, 18694 }, // U+E228
    { 32, 19, 496, -1, 18, 152, 18796 }, // U+E229
    { 20, 19, 299, -1, 16, 95, 18948 }, // U+E22A
    { 31, 16, 480, -1, 16, 124, 19043 }, // U+E22B
    { 31, 15, 504, -1, 16, 117, 19167 }, // U+E22C
    { 29, 15, 448, -1, 16, 109, 19284 }, // U+E22D
    { 32, 18, 496, -1, 16, 144, 19393 }, // U+E22E
    { 38, 17, 592, -1, 16, 162, 19537 }, // U+E22F
    { 35, 18, 544, -1, 18, 158, 19699 }, // U+E230
    { 39, 16, 622, -1, 16, 156, 19857 }, // U+E231
    { 27, 22, 402, -1, 23, 149, 20013 }, // U+E232
    { 30, 25, 464, -1, 24, 188, 20162 }, // U+E233
    { 25, 15, 373, -1, 16, 94, 20350 }, // U+E234
    { 29, 15, 448, -1, 16, 109, 20444 }, // U+E235
    { 30, 19, 464, -1, 18, 143, 20553 }, // U+E236
    { 19, 18, 282, -1, 16, 86, 20696 }, // U+E237
    { 31, 19, 480, -1, 18, 148, 20782 }, // U+E238
    { 27, 17, 408, -1, 16, 115, 20930 }, // U+E239
    { 24, 17, 355, -1, 16, 102, 21045 }, // U+E23A
    { 30, 16, 464, -1, 16, 120, 21147 }, // U+E23B
    { 20, 19, 299, -1, 16, 95, 21267 }, // U+E23C
    { 30, 17, 452, -1, 16, 128, 21362 }, // U+E23D
    { 20, 17, 290, -1, 16, 85, 21490 }, // U+E23E
    { 33, 15, 512, -1, 16, 124, 21575 }, // U+E23F
    { 25, 17, 380, -1, 16, 107, 21699 }, // U+E240
    { 26, 18, 400, -1, 16, 117, 21806 }, // U+E241
    { 20, 19, 290, -1, 16, 95, 21923 }, // U+E242
    { 20, 18, 292, -1, 16, 90, 22018 }, // U+E243
    { 32, 19, 496, -1, 18, 152, 22108 }, // U+E244
    { 31, 16, 480, -1, 16, 124, 22260 }, // U+E245
    { 32, 16, 496, -1, 16, 128, 22384 }, // U+E246
    { 28, 18, 432, -1, 16, 126, 22512 }, // U+E247
    { 33, 21, 512, -1, 16, 174, 22638 }, // U+E248
    { 29, 21, 448, -1, 16, 153, 22812 }, // U+E249
    { 30, 18, 465, -1, 16, 135, 22965 }, // U+E24A
    { 35, 16, 544, -1, 16, 140, 23100 }, // U+E24B
    { 32, 19, 496, -1, 18, 152, 23240 }, // U+E24C
    { 31, 19, 480, -1, 18, 148, 23392 }, // U+E24D
    { 31, 16, 480, -1, 16, 124, 23540 }, // U+E24E
    { 31, 15, 501, -1, 16, 117, 23664 }, // U+E24F
    { 26, 15, 392, -1, 16, 98, 23781 }, // U+E250
    { 29, 18, 440, -1, 16, 131, 23879 }, // U+E251
    { 38, 17, 592, -1, 16, 162, 24010 }, // U+E252
    { 35, 18, 544, -1, 18, 158, 24172 }, // U+E253
    { 39, 16, 619, -1, 16, 156, 24330 }, // U+E254
    { 29, 22, 448, -1, 23, 160, 24486 }, // U+E255
    { 30, 25, 464, -1, 24, 188, 24646 }, // U+E256
    { 33, 15, 512, -1, 16, 124, 24834 }, // U+E257
    { 29, 15, 448, -1, 16, 109, 0 }, // U+E258
    { 30, 19, 464, -1, 18, 143, 109 }, // U+E259
    { 19, 20, 271, -1, 18, 95, 252 }, // U+E25A
    { 31, 19, 480, -1, 18, 148, 347 }, // U+E25B
    { 30, 17, 464, -1, 16, 128, 495 }, // U+E25C
    { 30, 16, 464, -1, 16, 120, 623 }, // U+E25D
    { 19, 19, 271, -1, 18, 91, 743 }, // U+E25E
    { 33, 19, 512, -1, 18, 157, 834 }, // U+E25F
    { 36, 17, 560, -1, 16, 153, 991 }, // U+E260
    { 19, 20, 273, -1, 18, 95, 1144 }, // U+E261
    { 33, 15, 512, -1, 16, 124, 1239 }, // U+E262
    { 25, 20, 370, -1, 18, 125, 1363 }, // U+E263
    { 24, 20, 373, -1, 18, 120, 1488 }, // U+E264
    { 19, 20, 277, -1, 18, 95, 1608 }, // U+E265
    { 19, 19, 271, -1, 18, 91, 1703 }, // U+E266
    { 32, 19, 496, -1, 18, 152, 1794 }, // U+E267
    { 31, 16, 480, -1, 16, 124, 1946 }, // U+E268
    { 32, 16, 496, -1, 16, 128, 2070 }, // U+E269
    { 28, 18, 432, -1, 16, 126, 2198 }, // U+E26A
    { 33, 21, 512, -1, 16, 174, 2324 }, // U+E26B
    { 29, 21, 448, -1, 16, 153, 2498 }, // U+E26C
    { 30, 18, 464, -1, 16, 135, 2651 }, // U+E26D
    { 19, 18, 282, -1, 16, 86, 2786 }, // U+E26E
    { 31, 19, 481, -1, 18, 148, 2872 }, // U+E26F
    { 30, 19, 465, -1, 18, 143, 3020 }, // U+E270
    { 30, 16, 464, -1, 16, 120, 3163 }, // U+E271
    { 30, 15, 491, -1, 16, 113, 3283 }, // U+E272
    { 28, 15, 432, -1, 16, 105, 3396 }, // U+E273
    { 31, 18, 480, -1, 16, 140, 3501 }, // U+E274
    { 37, 17, 576, -1, 16, 158, 3641 }, // U+E275
    { 34, 18, 528, -1, 18, 153, 3799 }, // U+E276
    { 38, 16, 610, -1, 16, 152, 3952 }, // U+E277
    { 16, 24, 226, -1, 23, 96, 4104 }, // U+E278
    { 19, 25, 282, -1, 24, 119, 4200 }, // U+E279
    { 32, 15, 496, -1, 16, 120, 4319 }, // U+E27A
    { 28, 15, 432, -1, 16, 105, 4439 }, // U+E27B
    { 22, 16, 356, -1, 16, 88, 4544 }, // U+E27C
    { 31, 15, 485, -1, 16, 117, 4632 }, // U+E27D
    { 30, 19, 464, -1, 18, 143, 4749 }, // U+E27E
    { 29, 17, 448, -1, 16, 124, 4892 }, // U+E27F
    { 29, 16, 448, -1, 16, 116, 5016 }, // U+E280
    { 29, 16, 448, -1, 16, 116, 5132 }, // U+E281
    { 29, 19, 430, -1, 18, 138, 5248 }, // U+E282
    { 27, 17, 406, -1, 16, 115, 5386 }, // U+E283
    { 18, 24, 253, -1, 16, 108, 5501 }, // U+E284
    { 32, 15, 496, -1, 16, 120, 5609 }, // U+E285
    { 22, 16, 320, -1, 16, 88, 5729 }, // U+E286
    { 23, 18, 355, -1, 16, 104, 5817 }, // U+E287
    { 19, 19, 278, -1, 16, 91, 5921 }, // U+E288
    { 32, 16, 496, -1, 16, 128, 6012 }, // U+E289
    { 31, 19, 480, -1, 18, 148, 6140 }, // U+E28A
    { 30, 16, 464, -1, 16, 120, 6288 }, // U+E28B
    { 31, 16, 480, -1, 16, 124, 6408 }, // U+E28C
    { 27, 18, 416, -1, 16, 122, 6532 }, // U+E28D
    { 32, 21, 496, -1, 16, 168, 6654 }, // U+E28E
    { 28, 21, 432, -1, 16, 147, 6822 }, // U+E28F
    { 29, 18, 453, -1, 16, 131, 6969 }, // U+E290
    { 22, 18, 325, -1, 16, 99, 7100 }, // U+E291
    { 27, 20, 399, -1, 16, 135, 7199 }, // U+E292
    { 35, 19, 544, -1, 18, 167, 7334 }, // U+E293
    { 35, 16, 544, -1, 16, 140, 7501 }, // U+E294
    { 35, 15, 562, -1, 16, 132, 7641 }, // U+E295
    { 33, 15, 512, -1, 16, 124, 7773 }, // U+E296
    { 36, 18, 560, -1, 16, 162, 7897 }, // U+E297
    { 42, 17, 656, -1, 16, 179, 8059 }, // U+E298
    { 39, 18, 608, -1, 18, 176, 8238 }, // U+E299
    { 43, 16, 680, -1, 16, 172, 8414 }, // U+E29A
    { 26, 22, 393, -1, 23, 143, 8586 }, // U+E29B
    { 34, 25, 528, -1, 24, 213, 8729 }, // U+E29C
    { 37, 15, 576, -1, 16, 139, 8942 }, // U+E29D
    { 33, 15, 512, -1, 16, 124, 9081 }, // U+E29E
    { 34, 19, 528, -1, 18, 162, 9205 }, // U+E29F
    { 20, 18, 291, -1, 16, 90, 9367 }, // U+E2A0
    { 20, 19, 288, -1, 16, 95, 9457 }, // U+E2A1
    { 34, 17, 528, -1, 16, 145, 9552 }, // U+E2A2
    { 34, 16, 528, -1, 16, 136, 9697 }, // U+E2A3
    { 20, 16, 287, -1, 16, 80, 9833 }, // U+E2A4
    { 33, 19, 503, -1, 18, 157, 9913 }, // U+E2A5
    { 32, 17, 480, -1, 16, 136, 10070 }, // U+E2A6
    { 20, 16, 288, -1, 16, 80, 10206 }, // U+E2A7
    { 37, 15, 576, -1, 16, 139, 10286 }, // U+E2A8
    { 26, 16, 392, -1, 16, 104, 10425 }, // U+E2A9
    { 25, 18, 384, -1, 16, 113, 10529 }, // U+E2AA
    { 20, 17, 287, -1, 16, 85, 10642 }, // U+E2AB
    { 19, 18, 273, -1, 16, 86, 10727 }, // U+E2AC
    { 36, 19, 560, -1, 18, 171, 10813 }, // U+E2AD
    { 35, 16, 544, -1, 16, 140, 10984 }, // U+E2AE
    { 36, 16, 560, -1, 16, 144, 11124 }, // U+E2AF
    { 32, 18, 496, -1, 16, 144, 11268 }, // U+E2B0
    { 37, 21, 576, -1, 16, 195, 11412 }, // U+E2B1
    { 33, 21, 512, -1, 16, 174, 11607 }, // U+E2B2
    { 34, 18, 528, -1, 16, 153, 11781 }, // U+E2B3
    { 16, 22, 236, -1, 16, 88, 11934 }, // U+E2B4
    { 21, 18, 300, -1, 16, 95, 12022 }, // U+E2B5
    { 25, 18, 373, -1, 16, 113, 12117 }, // U+E2B6
    { 25, 16, 373, -1, 16, 100, 12230 }, // U+E2B7
    { 21, 18, 320, -1, 16, 95, 12330 }, // U+E2B8
    { 18, 20, 255, -1, 16, 90, 12425 }, // U+E2B9
    { 17, 22, 249, -1, 16, 94, 12515 }, // U+E2BA
    { 41, 23, 642, -1, 16, 236, 12609 }, // U+E2BB
    { 37, 18, 576, -1, 16, 167, 12845 }, // U+E2BC
    { 34, 20, 528, -1, 18, 170, 13012 }, // U+E2BD
    { 31, 20, 471, -1, 18, 155, 13182 }, // U+E2BE
    { 33, 18, 512, -1, 16, 149, 13337 }, // U+E2BF
    { 33, 18, 535, -1, 16, 149, 13486 }, // U+E2C0
    { 31, 18, 480, -1, 16, 140, 13635 }, // U+E2C1
    { 34, 18, 528, -1, 16, 153, 13775 }, // U+E2C2
    { 40, 18, 624, -1, 16, 180, 13928 }, // U+E2C3
    { 37, 20, 576, -1, 18, 185, 14108 }, // U+E2C4
    { 41, 18, 654, -1, 16, 185, 14293 }, // U+E2C5
    { 31, 25, 480, -1, 23, 194, 14478 }, // U+E2C6
    { 32, 26, 496, -1, 24, 208, 14672 }, // U+E2C7
    { 35, 18, 544, -1, 16, 158, 14880 }, // U+E2C8
    { 31, 18, 480, -1, 16, 140, 15038 }, // U+E2C9
    { 32, 20, 496, -1, 18, 160, 15178 }, // U+E2CA
    { 34, 18, 529, -1, 16, 153, 15338 }, // U+E2CB
    { 33, 20, 512, -1, 18, 165, 15491 }, // U+E2CC
    { 32, 18, 496, -1, 16, 144, 15656 }, // U+E2CD
    { 32, 18, 496, -1, 16, 144, 15800 }, // U+E2CE
    { 32, 18, 496, -1, 16, 144, 15944 }, // U+E2CF
    { 31, 26, 525, -1, 19, 202, 16088 }, // U+E2D0
    { 35, 20, 544, -1, 18, 175, 16290 }, // U+E2D1
    { 38, 18, 592, -1, 16, 171, 16465 }, // U+E2D2
    { 20, 23, 285, -1, 16, 115, 16636 }, // U+E2D3
    { 35, 18, 544, -1, 16, 158, 16751 }, // U+E2D4
    { 32, 18, 496, -1, 16, 144, 16909 }, // U+E2D5
    { 25, 21, 387, -1, 16, 132, 17053 }, // U+E2D6
    { 20, 23, 285, -1, 16, 115, 17185 }, // U+E2D7
    { 35, 18, 544, -1, 16, 158, 17300 }, // U+E2D8
    { 34, 20, 528, -1, 18, 170, 17458 }, // U+E2D9
    { 33, 18, 512, -1, 16, 149, 17628 }, // U+E2DA
    { 34, 18, 528, -1, 16, 153, 17777 }, // U+E2DB
    { 30, 18, 464, -1, 16, 135, 17930 }, // U+E2DC
    { 35, 21, 544, -1, 16, 184, 18065 }, // U+E2DD
    { 31, 21, 480, -1, 16, 163, 18249 }, // U+E2DE
    { 32, 18, 497, -1, 16, 144, 18412 }, // U+E2DF
    { 38, 23, 592, -1, 16, 219, 18556 }, // U+E2E0
    { 34, 19, 528, -1, 16, 162, 18775 }, // U+E2E1
    { 31, 21, 480, -1, 18, 163, 18937 }, // U+E2E2
    { 30, 21, 464, -1, 18, 158, 19100 }, // U+E2E3
    { 30, 19, 464, -1, 16, 143, 19258 }, // U+E2E4
    { 30, 19, 487, -1, 16, 143, 19401 }, // U+E2E5
    { 28, 19, 432, -1, 16, 133, 19544 }, // U+E2E6
    { 31, 19, 480, -1, 16, 148, 19677 }, // U+E2E7
    { 37, 19, 576, -1, 16, 176, 19825 }, // U+E2E8
    { 34, 21, 528, -1, 18, 179, 20001 }, // U+E2E9
    { 38, 19, 606, -1, 16, 181, 20180 }, // U+E2EA
    { 28, 26, 432, -1, 23, 182, 20361 }, // U+E2EB
    { 29, 27, 448, -1, 24, 196, 20543 }, // U+E2EC
    { 32, 19, 496, -1, 16, 152, 20739 }, // U+E2ED
    { 28, 19, 432, -1, 16, 133, 20891 }, // U+E2EE
    { 29, 21, 448, -1, 18, 153, 21024 }, // U+E2EF
    { 31, 19, 481, -1, 16, 148, 21177 }, // U+E2F0
    { 30, 21, 464, -1, 18, 158, 21325 }, // U+E2F1
    { 29, 19, 448, -1, 16, 138, 21483 }, // U+E2F2
    { 29, 19, 448, -1, 16, 138, 21621 }, // U+E2F3
    { 29, 19, 448, -1, 16, 138, 21759 }, // U+E2F4
    { 28, 26, 467, -1, 19, 182, 21897 }, // U+E2F5
    { 32, 21, 496, -1, 18, 168, 22079 }, // U+E2F6
    { 35, 19, 544, -1, 16, 167, 22247 }, // U+E2F7
    { 16, 24, 235, -1, 16, 96, 22414 }, // U+E2F8
    { 32, 19, 496, -1, 16, 152, 22510 }, // U+E2F9
    { 29, 19, 448, -1, 16, 138, 22662 }, // U+E2FA
    { 22, 21, 336, -1, 16, 116, 22800 }, // U+E2FB
    { 18, 23, 268, -1, 16, 104, 22916 }, // U+E2FC
    { 32, 19, 496, -1, 16, 152, 23020 }, // U+E2FD
    { 31, 21, 480, -1, 18, 163, 23172 }, // U+E2FE
    { 30, 19, 464, -1, 16, 143, 23335 }, // U+E2FF
    { 31, 19, 480, -1, 16, 148, 23478 }, // U+E300
    { 27, 19, 416, -1, 16, 129, 23626 }, // U+E301
    { 32, 21, 496, -1, 16, 168, 23755 }, // U+E302
    { 28, 21, 432, -1, 16, 147, 23923 }, // U+E303
    { 29, 19, 449, -1, 16, 138, 24070 }, // U+E304
    { 17, 24, 250, -1, 16, 102, 24208 }, // U+E305
    { 23, 18, 353, -1, 16, 104, 24310 }, // U+E306
    { 19, 20, 275, -1, 16, 95, 24414 }, // U+E307
};

static const EpdUnicodeInterval notobengali_12_regularIntervals[] = {
    { 0x0, 0x0, 0x0 },
    { 0xD, 0xD, 0x1 },
    { 0x20, 0x23, 0x2 },
    { 0x25, 0x25, 0x6 },
    { 0x27, 0x3F, 0x7 },
    { 0x5B, 0x5F, 0x20 },
    { 0x7B, 0x7E, 0x25 },
    { 0xA0, 0xA0, 0x29 },
    { 0xAD, 0xAD, 0x2A },
    { 0xD7, 0xD7, 0x2B },
    { 0xF7, 0xF7, 0x2C },
    { 0x980, 0x983, 0x2D },
    { 0x985, 0x98C, 0x31 },
    { 0x98F, 0x990, 0x39 },
    { 0x993, 0x9A8, 0x3B },
    { 0x9AA, 0x9B0, 0x51 },
    { 0x9B2, 0x9B2, 0x58 },
    { 0x9B6, 0x9B9, 0x59 },
    { 0x9BC, 0x9C4, 0x5D },
    { 0x9C7, 0x9C8, 0x66 },
    { 0x9CB, 0x9CE, 0x68 },
    { 0x9D7, 0x9D7, 0x6C },
    { 0x9DC, 0x9DD, 0x6D },
    { 0x9DF, 0x9E3, 0x6F },
    { 0x9E6, 0x9FE, 0x74 },
    { 0x200B, 0x200D, 0x8D },
    { 0x2010, 0x2010, 0x90 },
    { 0x2013, 0x2014, 0x91 },
    { 0x2018, 0x2019, 0x93 },
    { 0x201C, 0x201D, 0x95 },
    { 0x2026, 0x2026, 0x97 },
    { 0x20B9, 0x20B9, 0x98 },
    { 0x2212, 0x2212, 0x99 },
    { 0xE000, 0xE307, 0x9A },
};

static const EpdFontGroup notobengali_12_regularGroups[] = {
    { 0, 826, 1615, 41, 0 },
    { 826, 61, 90, 4, 41 },
    { 887, 3456, 7252, 96, 45 },
    { 4343, 110, 173, 11, 141 },
    { 4453, 50, 51, 1, 152 },
    { 4503, 8, 8, 1, 153 },
    { 4511, 11696, 28846, 200, 154 },
    { 16207, 11156, 26248, 200, 354 },
    { 27363, 10556, 26261, 200, 554 },
    { 37919, 10105, 25680, 176, 754 },
};

static const EpdKernClassEntry notobengali_12_regularKernLeftClasses[] = {
    { 0x0982, 1 }, // U+0982
    { 0x098B, 2 }, // U+098B
    { 0x098C, 2 }, // U+098C
    { 0x098F, 2 }, // U+098F
    { 0x0993, 2 }, // U+0993
    { 0x0999, 2 }, // U+0999
    { 0x099E, 2 }, // U+099E
    { 0x09CE, 2 }, // U+09CE
    { 0x09E0, 2 }, // U+09E0
    { 0x09E1, 2 }, // U+09E1
};

static const EpdKernClassEntry notobengali_12_regularKernRightClasses[] = {
    { 0x098B, 1 }, // U+098B
    { 0x098C, 2 }, // U+098C
    { 0x098F, 3 }, // U+098F
    { 0x0990, 3 }, // U+0990
    { 0x0993, 2 }, // U+0993
    { 0x0994, 2 }, // U+0994
    { 0x0996, 1 }, // U+0996
    { 0x0997, 4 }, // U+0997
    { 0x0999, 2 }, // U+0999
    { 0x099E, 3 }, // U+099E
    { 0x09A3, 5 }, // U+09A3
    { 0x09A5, 6 }, // U+09A5
    { 0x09A7, 7 }, // U+09A7
    { 0x09AA, 6 }, // U+09AA
    { 0x09B6, 8 }, // U+09B6
    { 0x09CE, 2 }, // U+09CE
    { 0x09E0, 1 }, // U+09E0
    { 0x09E1, 2 }, // U+09E1
};

static const int8_t notobengali_12_regularKernMatrix[] = {
     -20,    0,  -14,  -12,  -16,  -13,  -18,   -5,
      -7,   -7,   -7,   -7,   -7,   -7,   -7,    0,
};

static const EpdFontData notobengali_12_regular = {
    notobengali_12_regularBitmaps,
    notobengali_12_regularGlyphs,
    notobengali_12_regularIntervals,
    34,
    33,
    23,
    -11,
    true,
    notobengali_12_regularGroups,
    10,
    nullptr,
    notobengali_12_regularKernLeftClasses,
    notobengali_12_regularKernRightClasses,
    notobengali_12_regularKernMatrix,
    10,
    18,
    2,
    8,
    nullptr,
    0,
};
