/**
 * generated by fontconvert.py
 * name: notobengali_18_regular
 * size: 18
 * mode: 2-bit  compressed: true
 * Command used: fontconvert.py notobengali_18_regular 18 ../builtinFonts/source/NotoSansBengali/NotoSansBengali-Regular.ttf --additional-intervals 0x0980,0x09FF --bangla --bangla-clusters-out ../../../lib/BanglaShaper/bangla_clusters.h --2bit --compress --darken-aa
 */
#pragma once
#include "EpdFontData.h"

static const uint8_t notobengali_18_regularBitmaps[75503] = {
    0x9D, 0x56, 0x3D, 0x8F, 0xDE, 0x44, 0x10, 0x1E, 0xDB, 0x28, 0x16, 0x72, 0xE1, 0x0E, 0x45, 0x8A,
    0x84, 0x69, 0xF9, 0x90, 0xFC, 0x0B, 0xB8, 0x5D, 0x41, 0x91, 0x96, 0x1F, 0x41, 0x75, 0x45, 0xD2,
    0xD0, 0x26, 0x36, 0x35, 0x05, 0x14, 0xF4, 0x5C, 0x41, 0x81, 0x44, 0x11, 0x0A, 0x0A, 0x90, 0x72,
    0x59, 0x0B, 0x7E, 0x00, 0xAF, 0xC4, 0x1F, 0x70, 0x91, 0x9E, 0x2D, 0x2C, 0xC5, 0x27, 0xD9, 0x5E,
    0x9E, 0x67, 0xD6, 0x7E, 0x7D, 0xC9, 0xBD, 0x47, 0xD0, 0x79, 0xF7, 0xC6, 0xEF, 0x79, 0x77, 0x66,
    0x9F, 0x9D, 0x79, 0x66, 0x76, 0x3F, 0x6A, 0x4D, 0xB7, 0xB6, 0xF6, 0x5A, 0xB3, 0x35, 0x9B, 0xB0,
    0x55, 0xDA, 0xE2, 0x53, 0xDB, 0xA6, 0x73, 0x5D, 0xD3, 0xD5, 0xF6, 0xFC, 0xB3, 0x9F, 0xDC, 0xE7,
    0x13, 0x7B, 0x36, 0x35, 0xE8, 0xE9, 0x68, 0xD8, 0x07, 0x93, 0x0C, 0x67, 0x89, 0x17, 0x99, 0xD0,
    0x44, 0x46, 0x34, 0x49, 0xC6, 0x64, 0x10, 0x49, 0x87, 0x14, 0x9F, 0x53, 0x9F, 0x41, 0x66, 0xBB,
    0xAC, 0x03, 0x9E, 0x21, 0x4A, 0x29, 0xBA, 0xB2, 0x13, 0x29, 0x37, 0xD9, 0x42, 0xB6, 0x95, 0x15,
    0xA9, 0x00, 0x85, 0x8B, 0x1B, 0x11, 0x4E, 0x0C, 0x5D, 0x94, 0x72, 0x26, 0x4F, 0xF0, 0xFD, 0x89,
    0x3C, 0x87, 0x7C, 0xAE, 0x0B, 0x4E, 0xAB, 0x1C, 0xB9, 0x38, 0x97, 0x95, 0x8B, 0xE4, 0x42, 0x24,
    0x0F, 0x16, 0x4B, 0x4B, 0x15, 0x7A, 0x29, 0x7A, 0x31, 0x0F, 0x07, 0x98, 0x97, 0xCB, 0x64, 0x12,
    0x63, 0x55, 0xA5, 0x89, 0x9A, 0x93, 0xBE, 0xD2, 0x51, 0x5F, 0x59, 0xDC, 0x05, 0xB1, 0x5C, 0xCA,
    0x54, 0x01, 0x0C, 0xF4, 0x80, 0x80, 0x56, 0x2E, 0x8B, 0x60, 0xF3, 0xF0, 0xF5, 0x54, 0x87, 0x03,
    0xF7, 0xD1, 0xE4, 0x98, 0x5B, 0xF4, 0x53, 0x32, 0x12, 0xB7, 0xDA, 0x31, 0x56, 0x5F, 0x4F, 0x8F,
    0x56, 0xD1, 0xD2, 0x41, 0x5F, 0x30, 0x7C, 0x89, 0x99, 0x30, 0x6C, 0x1E, 0xC2, 0x01, 0xAD, 0xD0,
    0x4A, 0xAD, 0x20, 0xCF, 0xAD, 0x63, 0x03, 0x9E, 0x46, 0x8C, 0xB6, 0x33, 0x9A, 0x12, 0x47, 0x13,
    0xD9, 0x48, 0xD5, 0xC2, 0x4B, 0x79, 0x90, 0xAA, 0x93, 0x1A, 0xFA, 0x2D, 0x66, 0x10, 0xBC, 0xD3,
    0xBE, 0x9C, 0xEA, 0x71, 0x08, 0x73, 0x30, 0x13, 0xF3, 0xA1, 0x05, 0x5D, 0x58, 0x80, 0x1D, 0x58,
    0x8B, 0x7B, 0xE5, 0x0C, 0x63, 0x17, 0x9D, 0x53, 0x1F, 0x47, 0x07, 0xC9, 0x26, 0x81, 0x8F, 0x64,
    0xDE, 0x0C, 0xAD, 0x56, 0xAC, 0x2E, 0x7C, 0xB3, 0x5B, 0xF6, 0x66, 0x83, 0x32, 0x53, 0x37, 0x9D,
    0x68, 0x27, 0x62, 0x26, 0x60, 0x2B, 0x2F, 0xE0, 0xC1, 0x64, 0xDE, 0x84, 0x86, 0xEB, 0x28, 0x3E,
    0x84, 0xF8, 0xC5, 0xBC, 0x9C, 0x1E, 0x7B, 0x43, 0x3E, 0xA8, 0x90, 0x2C, 0x08, 0x7D, 0x43, 0x32,
    0xFC, 0x85, 0x58, 0x98, 0x6F, 0xE0, 0x6B, 0x47, 0x64, 0x21, 0x5D, 0x68, 0x04, 0x4B, 0x7D, 0x22,
    0x17, 0xA4, 0x99, 0xBC, 0x45, 0x34, 0xB0, 0xD7, 0xBB, 0xA3, 0xF8, 0x1F, 0x1A, 0xC5, 0x50, 0x7A,
    0xB4, 0xBE, 0xEA, 0xEA, 0xCE, 0x58, 0x46, 0xC3, 0x04, 0x1F, 0x3B, 0x3C, 0x85, 0xD4, 0x69, 0x0E,
    0xA6, 0x43, 0x04, 0x25, 0xBD, 0x20, 0x01, 0x84, 0xDB, 0x64, 0x60, 0xE9, 0x63, 0x46, 0x96, 0xEE,
    0xA2, 0x47, 0x74, 0xD7, 0x73, 0xDC, 0x24, 0x3D, 0x4A, 0xB7, 0x93, 0x5F, 0x91, 0x37, 0x27, 0xD4,
    0xEC, 0xED, 0x6A, 0xC3, 0xAA, 0xE6, 0x4F, 0xAB, 0x49, 0xF2, 0x23, 0x73, 0x85, 0xC4, 0x0C, 0x01,
    0x8C, 0x59, 0xD2, 0x99, 0x73, 0x9D, 0x94, 0x20, 0x7E, 0xAB, 0xBC, 0x61, 0x88, 0x91, 0xEE, 0x50,
    0xA7, 0xE8, 0xA1, 0x55, 0x7A, 0x88, 0x22, 0x8A, 0x46, 0x85, 0x6C, 0xFF, 0x5E, 0x13, 0x2D, 0xE7,
    0x51, 0x43, 0x39, 0x52, 0x91, 0x49, 0x1A, 0x56, 0x98, 0x37, 0x16, 0xEC, 0x0C, 0x88, 0xC9, 0xB3,
    0x89, 0x7E, 0x06, 0xC6, 0x82, 0x11, 0x03, 0xD0, 0xDA, 0x4B, 0xF0, 0x59, 0xF0, 0xD5, 0x2B, 0xEF,
    0xFE, 0xF4, 0x26, 0xF3, 0xF7, 0xB1, 0xF1, 0xFC, 0xAE, 0xBD, 0x5E, 0x90, 0xC8, 0x01, 0xDE, 0x2F,
    0x43, 0x40, 0xF6, 0x0E, 0xD9, 0x22, 0xA5, 0x15, 0x32, 0x44, 0x1A, 0x6E, 0xDE, 0xBC, 0x2E, 0xE8,
    0x43, 0x1D, 0x55, 0xB2, 0x65, 0xE4, 0x19, 0xFD, 0x26, 0x75, 0xCF, 0x41, 0x00, 0x4C, 0xC2, 0xF6,
    0xBD, 0xE4, 0x77, 0xD3, 0xAD, 0xF3, 0xE3, 0x27, 0xD6, 0x8F, 0xFA, 0x20, 0x2B, 0x73, 0x76, 0x21,
    0x1F, 0x2F, 0xA4, 0x24, 0x60, 0x18, 0x85, 0xF1, 0x32, 0x0F, 0xF2, 0x7E, 0x54, 0x64, 0x22, 0xDC,
    0x10, 0x8E, 0x08, 0x16, 0x2E, 0xAE, 0xDE, 0xC1, 0xE2, 0x0E, 0xFB, 0x10, 0x47, 0x3F, 0xC9, 0x03,
    0x0E, 0x88, 0xE3, 0xBC, 0x9A, 0xCB, 0x33, 0xA8, 0xD7, 0x44, 0x75, 0xD0, 0x01, 0x12, 0xA2, 0x7D,
    0x21, 0xF7, 0x02, 0xB4, 0xC2, 0x4C, 0x40, 0x1E, 0xFF, 0xD0, 0x4A, 0x5C, 0x37, 0x55, 0xD4, 0x14,
    0x25, 0x45, 0xCD, 0x25, 0x0D, 0xD9, 0xB7, 0x40, 0xA4, 0x93, 0x21, 0xDF, 0x20, 0x10, 0x6D, 0x5A,
    0xD3, 0x44, 0x6E, 0x98, 0xA6, 0x0D, 0x53, 0xB4, 0x21, 0x19, 0x1B, 0xAE, 0xD7, 0x10, 0x03, 0xAB,
    0x0F, 0x3A, 0x93, 0x24, 0xEC, 0x62, 0x73, 0xE7, 0xAD, 0x82, 0x4B, 0x83, 0x71, 0x2A, 0x2A, 0x15,
    0xDD, 0xB6, 0xA7, 0x28, 0x76, 0xA7, 0xEC, 0x51, 0x72, 0x57, 0x42, 0x27, 0x1E, 0x28, 0x46, 0x79,
    0xD7, 0x56, 0xF3, 0xB6, 0x19, 0x71, 0xF6, 0x16, 0x77, 0xAA, 0xA6, 0x13, 0x4B, 0x9F, 0xFE, 0x4E,
    0x9F, 0x3A, 0xD6, 0x09, 0xC7, 0x13, 0xA1, 0x08, 0x57, 0x54, 0x7D, 0xEF, 0x7B, 0x12, 0x90, 0x65,
    0x38, 0xB0, 0x50, 0x1C, 0xDE, 0xB9, 0x16, 0x63, 0x75, 0xA8, 0x06, 0x7A, 0xA7, 0x88, 0x53, 0x41,
    0xCA, 0x2E, 0x06, 0xA6, 0x96, 0xE5, 0xD9, 0x2C, 0x08, 0x53, 0x90, 0xC0, 0xB2, 0x16, 0xB8, 0xEE,
    0xC2, 0x5D, 0x2C, 0xCC, 0x35, 0x15, 0x8E, 0xA2, 0xE1, 0x37, 0x2D, 0x87, 0xEA, 0xB5, 0xD2, 0x03,
    0x50, 0xB6, 0x30, 0x05, 0x18, 0x1E, 0xA9, 0x62, 0x78, 0x22, 0x7D, 0xFC, 0x2E, 0x88, 0x84, 0x04,
    0x54, 0xFF, 0xEC, 0x48, 0x14, 0x84, 0x6E, 0x9F, 0x58, 0x33, 0xD6, 0xA0, 0xDC, 0x6F, 0xA8, 0xCB,
    0xC3, 0xE6, 0xC6, 0x23, 0xA3, 0x58, 0xF9, 0xB4, 0x2C, 0xC4, 0xCD, 0xE5, 0xC3, 0x71, 0x6E, 0x7F,
    0x73, 0xEE, 0x39, 0x45, 0xF2, 0xA5, 0x96, 0x06, 0x54, 0x3E, 0xD2, 0x36, 0x9B, 0xE1, 0x67, 0x28,
    0x98, 0x56, 0xB3, 0xB8, 0xEC, 0x8E, 0x02, 0x95, 0xA2, 0xC3, 0x40, 0xD3, 0xE6, 0x9C, 0x92, 0x86,
    0x1F, 0x78, 0x44, 0xE8, 0x8E, 0x98, 0xD4, 0x24, 0x70, 0x1A, 0x1E, 0x4F, 0x52, 0x8C, 0x18, 0xAD,
    0x7A, 0x69, 0x70, 0x7B, 0x80, 0x5B, 0xB7, 0x62, 0x72, 0xAD, 0x5C, 0xB0, 0x52, 0x54, 0x87, 0x92,
    0x53, 0x8A, 0xE5, 0x67, 0xD6, 0x07, 0x04, 0x19, 0x08, 0x60, 0xA5, 0x20, 0x7A, 0x07, 0x53, 0x19,
    0xB1, 0x14, 0x73, 0xBE, 0x10, 0x8B, 0xB3, 0x3C, 0x25, 0x58, 0x9C, 0x2A, 0x3A, 0x16, 0x15, 0xCA,
    0x46, 0xCE, 0xBE, 0x56, 0x83, 0x60, 0xD4, 0x73, 0x5D, 0x5F, 0x5E, 0xDD, 0x63, 0x71, 0x09, 0xFF,
    0xA0, 0xC8, 0x84, 0x6F, 0x7B, 0x79, 0x30, 0xEA, 0xDE, 0x63, 0xE2, 0xBC, 0xEE, 0x5D, 0xCD, 0x0F,
    0x7A, 0xB7, 0x1E, 0xB9, 0xA4, 0xAE, 0x6B, 0x21, 0x5E, 0x6A, 0xD2, 0x0A, 0xEE, 0x14, 0x68, 0x46,
    0x4E, 0x3F, 0xFB, 0x78, 0xE6, 0xCB, 0x89, 0x8D, 0xD5, 0xFB, 0xD4, 0x73, 0xF3, 0xC4, 0xD8, 0x9E,
    0x44, 0x43, 0x4E, 0xC1, 0x02, 0xA0, 0x59, 0xEA, 0xFA, 0xCD, 0x0F, 0xDB, 0x8F, 0x86, 0xE3, 0x4E,
    0x41, 0xCF, 0x7A, 0xEC, 0x69, 0xD8, 0x17, 0xCD, 0x09, 0x8D, 0x2A, 0x30, 0xC3, 0x8B, 0x47, 0x53,
    0xA2, 0x42, 0xF6, 0x43, 0x2D, 0xD6, 0xA7, 0x13, 0xCF, 0x9B, 0x87, 0x1F, 0x9F, 0x5F, 0x8F, 0x69,
    0xD6, 0x90, 0x3C, 0x45, 0x50, 0x1A, 0x7A, 0xFD, 0x29, 0x2B, 0xAC, 0x88, 0x4B, 0xDC, 0x61, 0x2D,
    0x9B, 0x29, 0x21, 0x35, 0x33, 0xA7, 0xE0, 0x87, 0x1B, 0x37, 0x52, 0x8C, 0x9B, 0xA9, 0xAF, 0xF6,
    0x1D, 0x63, 0x14, 0x37, 0x3B, 0xCB, 0xFC, 0x36, 0xDF, 0xD5, 0xFE, 0xBE, 0x72, 0x94, 0xC4, 0x26,
    0xC3, 0xF9, 0x97, 0xAD, 0x07, 0x1A, 0x8B, 0x32, 0x0B, 0x2D, 0xAA, 0x20, 0x0E, 0x75, 0x10, 0x2B,
    0x92, 0x78, 0x3B, 0x41, 0xF9, 0x77, 0xF6, 0x66, 0x48, 0x6C, 0x74, 0x14, 0x92, 0x5E, 0xDF, 0x98,
    0xE3, 0xE6, 0xB0, 0x84, 0x65, 0x96, 0xBB, 0xB6, 0xA0, 0xFA, 0x66, 0xCD, 0x9B, 0xAA, 0x8B, 0x87,
    0x2B, 0xC9, 0xC4, 0x33, 0x3A, 0xF7, 0xF1, 0xCC, 0x26, 0xE6, 0x64, 0x5A, 0x6F, 0x2D, 0xF3, 0x7A,
    0x48, 0x37, 0x2B, 0x4A, 0x2A, 0xD6, 0xB7, 0x29, 0x0E, 0x6B, 0x6A, 0x9F, 0x54, 0xB4, 0x71, 0xBB,
    0xE5, 0xAA, 0x1C, 0x15, 0xB1, 0x23, 0xB4, 0x3B, 0x6F, 0x68, 0x5E, 0xF5, 0xE5, 0xD3, 0x63, 0x91,
    0x63, 0x88, 0x53, 0xFA, 0x2C, 0x7B, 0x45, 0x78, 0x7F, 0xF3, 0x16, 0xF1, 0xC7, 0xC0, 0xCB, 0x35,
    0xAB, 0x25, 0x6E, 0xBA, 0xE8, 0x86, 0x10, 0x6B, 0xDE, 0x36, 0xCA, 0x0E, 0xC0, 0xCB, 0x0E, 0x60,
    0xF2, 0x1E, 0xA8, 0x32, 0x0F, 0x88, 0xC9, 0x48, 0xBC, 0x13, 0x2F, 0x67, 0xED, 0x2E, 0x44, 0x1E,
    0xF1, 0xF8, 0x01, 0xAD, 0xEB, 0x7E, 0xBF, 0x0C, 0x9E, 0xEE, 0xAC, 0xDB, 0xE0, 0x4B, 0xD3, 0x51,
    0x32, 0xDE, 0x8D, 0xFC, 0xE7, 0xFC, 0x96, 0xDC, 0x28, 0x17, 0x64, 0x03, 0x36, 0xF1, 0xF4, 0xED,
    0xCF, 0x95, 0xB2, 0x22, 0xF8, 0xED, 0x16, 0x3B, 0x9E, 0xEE, 0xD8, 0x1F, 0xC3, 0x01, 0x8F, 0x98,
    0x49, 0x72, 0xEC, 0x78, 0x42, 0xB9, 0xE7, 0x9D, 0x55, 0x87, 0x6E, 0xD3, 0x2A, 0x06, 0x5A, 0x86,
    0xFD, 0x79, 0xCB, 0x78, 0x18, 0xF8, 0xC0, 0x84, 0x31, 0x8D, 0x89, 0xF5, 0x1B, 0xAE, 0x27, 0xDD,
    0x17, 0xEB, 0xA9, 0x2E, 0xF2, 0x2F, 0x75, 0x8C, 0x31, 0x0E, 0x80, 0x20, 0x14, 0x43, 0x0B, 0x9A,
    0x60, 0xC2, 0xEA, 0xCE, 0x11, 0xB8, 0x81, 0x9C, 0xCC, 0x7C, 0x6E, 0xC6, 0x55, 0xFE, 0x11, 0x1C,
    0x1C, 0xFE, 0x60, 0x3E, 0x02, 0x93, 0x9A, 0xD8, 0xB4, 0x6F, 0x69, 0xDA, 0x54, 0x8F, 0x34, 0xBC,
    0x00, 0xEB, 0x06, 0xEC, 0x94, 0xAD, 0x06, 0xF6, 0xE2, 0x24, 0xB2, 0xD1, 0x92, 0x41, 0x0A, 0x04,
    0x01, 0x62, 0x4B, 0x51, 0x58, 0xA5, 0xEC, 0x25, 0x70, 0x64, 0x27, 0x94, 0x8D, 0xF6, 0xCD, 0xDC,
    0xB6, 0x30, 0xAD, 0xC7, 0x74, 0xBD, 0x60, 0x4E, 0x7C, 0x55, 0x6A, 0xAD, 0x3C, 0x40, 0x1D, 0x8F,
    0xE6, 0xEF, 0xE0, 0x06, 0xD5, 0x5B, 0xBF, 0x8F, 0xED, 0xC6, 0x75, 0x1E, 0x92, 0xF2, 0x32, 0x09,
    0x01, 0x53, 0x08, 0x52, 0x48, 0x5A, 0x20, 0x74, 0xA1, 0x22, 0xB1, 0x13, 0x30, 0x45, 0x1A, 0x03,
    0x86, 0x86, 0x2F, 0x8D, 0x8B, 0x14, 0xFA, 0x03, 0x52, 0xA4, 0x49, 0x11, 0x24, 0xC5, 0xA6, 0x70,
    0xE1, 0x00, 0xD2, 0x23, 0x23, 0x03, 0x76, 0xE1, 0xC2, 0xDB, 0xA7, 0x79, 0x45, 0x8A, 0x38, 0x29,
    0x9E, 0x8B, 0x14, 0x2A, 0xDE, 0x5E, 0x12, 0xF0, 0x1F, 0xF0, 0xAE, 0x91, 0x3F, 0x40, 0x8C, 0xB3,
    0x80, 0x61, 0xA4, 0x30, 0x85, 0x30, 0x30, 0x57, 0x22, 0x39, 0xF9, 0xBE, 0x73, 0x66, 0x78, 0x79,
    0xF7, 0xED, 0x53, 0x24, 0xC3, 0xB1, 0xAD, 0x2B, 0xBD, 0x39, 0x73, 0xEF, 0xE5, 0x25, 0xE7, 0xFC,
    0xFE, 0xCE, 0x99, 0x59, 0x73, 0xB1, 0x56, 0xC6, 0x58, 0x37, 0x98, 0xD8, 0xB9, 0xD9, 0xA4, 0x4B,
    0xB4, 0x98, 0x7C, 0x30, 0x07, 0x53, 0x76, 0xA6, 0x35, 0xB6, 0x31, 0xB5, 0xB1, 0xE6, 0x7C, 0xA8,
    0x30, 0x94, 0xFD, 0x17, 0x6A, 0x93, 0x3B, 0x57, 0x9B, 0x84, 0x83, 0xB9, 0xBA, 0xC3, 0xC0, 0x6F,
    0xFF, 0xCF, 0xC1, 0xCA, 0x30, 0x61, 0x28, 0x38, 0xC4, 0xD3, 0x5F, 0x17, 0xC9, 0xF5, 0x4D, 0xF9,
    0x9D, 0xBE, 0x2E, 0xDE, 0xEE, 0x6C, 0x63, 0xBB, 0xC2, 0xB9, 0x2A, 0x75, 0x8B, 0x31, 0x6D, 0x6F,
    0x22, 0xD7, 0xE0, 0x29, 0xA3, 0x29, 0xB1, 0x34, 0x6B, 0x16, 0xF3, 0x16, 0xFE, 0xB3, 0xE6, 0x31,
    0xD6, 0xB0, 0x98, 0x02, 0x9F, 0x65, 0x58, 0x77, 0xD4, 0x36, 0xBC, 0xA5, 0x79, 0x85, 0xB7, 0x24,
    0x2F, 0x3D, 0xE8, 0x6C, 0xB0, 0x30, 0x7C, 0xD0, 0x76, 0x78, 0x33, 0x18, 0x93, 0xE2, 0x59, 0xE0,
    0x0C, 0x1F, 0xF0, 0xE9, 0xF8, 0x30, 0xC7, 0x55, 0x29, 0xFE, 0x45, 0x7C, 0x06, 0x1E, 0x81, 0x27,
    0xE0, 0x01, 0xB8, 0x3F, 0x6E, 0x8F, 0xBB, 0xE3, 0xE6, 0xB8, 0x77, 0xB8, 0xB5, 0xBC, 0xDA, 0x0A,
    0x9F, 0xF0, 0xB2, 0x6A, 0xC1, 0x35, 0x6F, 0xC9, 0x65, 0x65, 0xB8, 0xAC, 0x75, 0xFA, 0x9A, 0xB7,
    0x49, 0xED, 0x27, 0x93, 0x7F, 0xE8, 0x2C, 0x7C, 0xDF, 0x85, 0x89, 0xEB, 0x30, 0xC9, 0x3A, 0xE3,
    0xC0, 0x01, 0x26, 0x7D, 0x32, 0x63, 0x89, 0x90, 0xFF, 0x90, 0x8C, 0x20, 0xB3, 0x49, 0x46, 0x4C,
    0x0E, 0x98, 0xC4, 0x73, 0x3C, 0x82, 0x63, 0xFC, 0x6A, 0x11, 0xE9, 0xCD, 0x9E, 0x07, 0x4E, 0xA0,
    0x1E, 0xFD, 0xAA, 0x38, 0x1A, 0xE3, 0x38, 0xC9, 0x46, 0xF0, 0x73, 0xC4, 0x24, 0x76, 0x58, 0xEE,
    0xC8, 0x67, 0x61, 0x45, 0x3F, 0x9E, 0x39, 0xA1, 0x60, 0x5B, 0x79, 0x7A, 0x7B, 0x6B, 0xCA, 0xD9,
    0xB3, 0x95, 0x85, 0x49, 0x12, 0x26, 0xD1, 0x7C, 0x62, 0x3A, 0x37, 0xBB, 0x79, 0x63, 0x02, 0x77,
    0xEE, 0x6D, 0xD7, 0x6D, 0xF3, 0x0F, 0x5C, 0x17, 0x98, 0xC5, 0x8B, 0x12, 0x73, 0xC2, 0x2F, 0x65,
    0x1F, 0x58, 0xB6, 0x32, 0x2F, 0x85, 0xEB, 0xBC, 0x33, 0x51, 0x60, 0x1C, 0xF3, 0xFC, 0x18, 0x2B,
    0xEF, 0x98, 0x67, 0x43, 0x32, 0x09, 0xFB, 0x98, 0x27, 0x14, 0xC5, 0x8D, 0xCE, 0xE3, 0x29, 0x51,
    0x21, 0x60, 0x6E, 0xE6, 0xE8, 0x89, 0xB0, 0xCF, 0x79, 0x10, 0x05, 0xE7, 0x30, 0xCC, 0xED, 0x1A,
    0x0A, 0x64, 0xF5, 0x73, 0x91, 0x49, 0xA7, 0xF3, 0x84, 0x62, 0x19, 0x74, 0x4E, 0x6E, 0x7E, 0x3E,
    0xFB, 0x39, 0x84, 0xD3, 0xAC, 0x7E, 0x1E, 0x41, 0x3E, 0xD6, 0xCF, 0x85, 0xF1, 0xDD, 0x3C, 0xD9,
    0xCD, 0xA3, 0xDD, 0x5C, 0x5F, 0x8F, 0x5F, 0x18, 0xC5, 0xE6, 0x3D, 0xFB, 0x78, 0xC6, 0x2D, 0xAC,
    0xCE, 0xB9, 0x15, 0x6F, 0xAE, 0xA0, 0x0D, 0x91, 0x89, 0x7C, 0x95, 0x87, 0x51, 0xA4, 0x7A, 0xD4,
    0x51, 0xA4, 0xDA, 0xD1, 0x1D, 0x0D, 0x7F, 0x76, 0x2D, 0x76, 0xC3, 0xDF, 0x8A, 0x98, 0x61, 0xCE,
    0x65, 0xCF, 0x35, 0x64, 0x03, 0x47, 0x08, 0xC8, 0x3C, 0x31, 0xB0, 0x15, 0x2E, 0x52, 0x47, 0xF9,
    0x1D, 0x7E, 0x1D, 0x5F, 0x47, 0xD0, 0x05, 0x1C, 0x15, 0x4F, 0x4C, 0xBC, 0x45, 0xCA, 0xC3, 0x23,
    0x27, 0x17, 0x66, 0x4E, 0x0D, 0xBC, 0x97, 0x37, 0x8B, 0xB0, 0x26, 0x7A, 0xF4, 0x8B, 0x4B, 0x4D,
    0x22, 0x5F, 0x89, 0xC3, 0x90, 0x0C, 0xE6, 0x74, 0x7F, 0x93, 0x2C, 0x2A, 0x0C, 0x6F, 0xEB, 0x5C,
    0x34, 0xC8, 0x85, 0x2C, 0x5D, 0x16, 0x70, 0xDC, 0xFF, 0x16, 0x77, 0x52, 0xC3, 0x59, 0x3C, 0x51,
    0xD3, 0x09, 0x16, 0x62, 0xF2, 0x5B, 0x5D, 0x0B, 0x9E, 0xFF, 0x0D, 0xDE, 0x73, 0x48, 0x56, 0x43,
    0xFB, 0x28, 0x5C, 0x15, 0xC3, 0x34, 0x5A, 0x07, 0x5B, 0x30, 0xED, 0x72, 0x30, 0xA6, 0x37, 0x76,
    0x50, 0x5F, 0xEA, 0xD4, 0xA8, 0xD5, 0x6E, 0x17, 0x7C, 0x6F, 0x5E, 0x49, 0x26, 0x92, 0x9B, 0x6C,
    0x20, 0xA9, 0x5D, 0x17, 0x4D, 0x14, 0x7F, 0xC5, 0x4B, 0xF8, 0x89, 0xB7, 0x70, 0x4F, 0x94, 0x01,
    0x78, 0x9B, 0xBC, 0xBE, 0xBA, 0x7D, 0xCE, 0x1F, 0x9D, 0x39, 0x44, 0xA0, 0xAA, 0x39, 0xE1, 0x75,
    0xF5, 0x8A, 0x75, 0x47, 0x31, 0x1C, 0x5A, 0xB5, 0xF2, 0x39, 0x9D, 0xDF, 0x43, 0xFC, 0x56, 0x3D,
    0x64, 0xA3, 0xDE, 0x6B, 0x18, 0x05, 0x45, 0x0F, 0xA6, 0x52, 0x9A, 0x75, 0x9E, 0xF6, 0xA0, 0x7F,
    0x48, 0x79, 0x83, 0x3A, 0x0A, 0x3C, 0x1E, 0x63, 0xEA, 0x70, 0x8C, 0xA7, 0x14, 0xD2, 0x8D, 0xE6,
    0x78, 0x2E, 0x3F, 0xA0, 0x47, 0xC0, 0x22, 0xFE, 0xFC, 0x48, 0x0E, 0xDA, 0x85, 0x72, 0xB6, 0xA6,
    0xE8, 0x49, 0xA9, 0x3E, 0x52, 0xAA, 0x20, 0xEB, 0x55, 0x71, 0xB4, 0xB4, 0x78, 0xF1, 0xAA, 0x85,
    0x94, 0x9D, 0x3A, 0xA6, 0x5B, 0xD4, 0xC8, 0xD4, 0x22, 0x60, 0x9D, 0x64, 0x31, 0x1E, 0x82, 0xD5,
    0x6F, 0x93, 0xD1, 0x4F, 0xE2, 0xC0, 0x57, 0xB4, 0x6E, 0x01, 0xD2, 0x7B, 0x3F, 0xEF, 0x26, 0xA6,
    0xC0, 0x94, 0xE2, 0x96, 0xED, 0xEB, 0x30, 0xB1, 0xBB, 0x49, 0x08, 0x22, 0xC7, 0x6D, 0x12, 0x42,
    0xC9, 0xF1, 0xE4, 0x43, 0x2F, 0x4C, 0xB2, 0xE3, 0x63, 0x4C, 0x7E, 0xA7, 0x01, 0x53, 0xCC, 0x06,
    0x25, 0x83, 0x05, 0x27, 0x75, 0x0F, 0xB9, 0x97, 0x4D, 0x6D, 0xA8, 0x85, 0x39, 0xEF, 0x6C, 0xFA,
    0x73, 0xAC, 0xF7, 0x80, 0x89, 0xFB, 0x0F, 0x2C, 0xC8, 0x7E, 0xBD, 0x2F, 0x5C, 0x03, 0x45, 0x94,
    0x3F, 0xA4, 0x5D, 0x60, 0x92, 0x7F, 0x38, 0xA9, 0x6A, 0x92, 0x69, 0xF6, 0x7A, 0x76, 0xD6, 0x2B,
    0xCF, 0x42, 0xB2, 0x62, 0xE9, 0x92, 0x80, 0x7A, 0xCF, 0x8E, 0xF3, 0x81, 0xCC, 0xAD, 0x81, 0x69,
    0xB5, 0x6B, 0xF3, 0x35, 0xF3, 0x0E, 0xC9, 0x5B, 0xE6, 0xDD, 0xD7, 0x4D, 0x74, 0x2D, 0x59, 0x24,
    0xE3, 0xA2, 0x2C, 0xC2, 0x87, 0x10, 0xBB, 0x92, 0x3C, 0x72, 0xB6, 0x06, 0x71, 0x73, 0xEE, 0xCC,
    0xE3, 0xDC, 0x0D, 0x24, 0xF1, 0xFA, 0x08, 0x56, 0xF0, 0x58, 0xEC, 0x08, 0x24, 0x72, 0x13, 0x99,
    0x81, 0xB9, 0x82, 0x44, 0xB8, 0x3F, 0xC9, 0xCA, 0x68, 0xFF, 0x98, 0x0A, 0xB3, 0xC3, 0x63, 0xA8,
    0x19, 0x01, 0xEA, 0xB1, 0xB9, 0x74, 0x9D, 0x6D, 0xF1, 0xBB, 0x72, 0xB4, 0x25, 0x2E, 0x88, 0x57,
    0x9B, 0x71, 0x59, 0x75, 0x9D, 0xAC, 0xB2, 0x6E, 0x43, 0x82, 0x3C, 0x28, 0x96, 0xED, 0xEE, 0xA9,
    0x01, 0xA9, 0xCF, 0x47, 0xF5, 0xCD, 0xD1, 0xED, 0xCE, 0x0F, 0x0E, 0xBB, 0xAB, 0xAD, 0xF0, 0x58,
    0x12, 0x29, 0xC0, 0x44, 0xEE, 0x4E, 0x7C, 0x5F, 0x04, 0xFB, 0x17, 0x6D, 0xB5, 0x93, 0x0F, 0x20,
    0xC0, 0x14, 0x91, 0x13, 0x50, 0x51, 0xE3, 0x42, 0xA6, 0x6E, 0x07, 0x06, 0x98, 0xB4, 0x6B, 0x19,
    0x2D, 0xE8, 0x37, 0xF1, 0x8F, 0x4B, 0x5A, 0x98, 0x77, 0x92, 0xB9, 0x1E, 0x44, 0xAA, 0x0C, 0xDD,
    0x62, 0x3B, 0xF9, 0x4F, 0x75, 0x91, 0x17, 0x7A, 0x6B, 0x08, 0x4C, 0x63, 0x0C, 0x9F, 0x97, 0x2E,
    0xB2, 0x2E, 0x44, 0x36, 0xAB, 0xB1, 0xD5, 0xEA, 0xDA, 0xAD, 0xC6, 0x5B, 0xAB, 0xAB, 0xB7, 0xE6,
    0xCB, 0xFA, 0x0E, 0xFF, 0x2D, 0x42, 0x8A, 0x55, 0x9E, 0x1C, 0x2B, 0x31, 0xFA, 0xDD, 0x19, 0xE9,
    0x84, 0x14, 0xA3, 0xB9, 0x82, 0x0A, 0x32, 0xAA, 0xBB, 0x96, 0xC0, 0x46, 0x27, 0xBD, 0x74, 0xD7,
    0xF1, 0xB9, 0x0C, 0xAD, 0x98, 0xA2, 0x4F, 0xA3, 0x81, 0x7A, 0x73, 0x48, 0x43, 0x1C, 0x58, 0xAB,
    0x10, 0x1E, 0x35, 0xB2, 0x59, 0xEF, 0x62, 0xB1, 0x7A, 0x3E, 0x5E, 0x7F, 0xE1, 0x03, 0xA5, 0x1A,
    0x19, 0xEF, 0x31, 0x08, 0xE3, 0xBD, 0x78, 0x1D, 0x38, 0x27, 0x25, 0xEB, 0xA4, 0xE4, 0x5D, 0xDC,
    0x18, 0xCC, 0x13, 0xC3, 0x90, 0xFB, 0xBA, 0x53, 0xF6, 0x9D, 0xE7, 0x7F, 0xF2, 0x02, 0xE8, 0x94,
    0x4F, 0x91, 0x8C, 0x88, 0x00, 0xEF, 0x44, 0x06, 0x14, 0xC2, 0x12, 0x24, 0x76, 0x46, 0x1B, 0xA5,
    0xC5, 0xA8, 0x94, 0x22, 0xB8, 0xB3, 0xDE, 0xF2, 0xC9, 0xF5, 0xA5, 0xDB, 0x96, 0x1D, 0x84, 0xB1,
    0x59, 0x94, 0x5A, 0x4F, 0xEA, 0x6D, 0x41, 0xB4, 0x98, 0xA8, 0xC2, 0x72, 0x84, 0x6C, 0xF3, 0xCC,
    0x94, 0x47, 0x5C, 0xB3, 0xEA, 0xF3, 0x6A, 0x55, 0x91, 0x25, 0x21, 0xCE, 0x6C, 0x1B, 0xAC, 0xA8,
    0xE8, 0xEC, 0xB1, 0x9C, 0x10, 0xAE, 0xF2, 0x0E, 0x3F, 0x87, 0x18, 0xAA, 0x76, 0x95, 0x90, 0xF3,
    0xA7, 0x2D, 0x92, 0x80, 0x91, 0x14, 0xCF, 0xFB, 0x95, 0x80, 0xA5, 0x95, 0x10, 0xDC, 0x92, 0x1F,
    0xE6, 0x93, 0x70, 0x9E, 0xB8, 0x26, 0x5E, 0x35, 0x12, 0xCD, 0xE2, 0x00, 0xEA, 0x9C, 0x57, 0x77,
    0xE6, 0xB3, 0x69, 0xEA, 0xA7, 0xE7, 0x9A, 0x6A, 0x03, 0xCB, 0x97, 0x0F, 0x6A, 0x0A, 0x1C, 0x8B,
    0xA6, 0x5A, 0xD5, 0x54, 0x22, 0x9A, 0x7A, 0x4D, 0x98, 0x4E, 0x86, 0x45, 0xD4, 0x90, 0xF7, 0x07,
    0xD1, 0x84, 0xED, 0x94, 0x6F, 0x38, 0x47, 0x05, 0xB1, 0x81, 0xC9, 0xB2, 0xAB, 0x8F, 0x14, 0x59,
    0xDE, 0x95, 0x1D, 0xBC, 0x1A, 0xB8, 0x34, 0xED, 0xB8, 0x78, 0xAE, 0xEA, 0xE0, 0x14, 0x95, 0xBD,
    0x4A, 0x64, 0x23, 0xE8, 0xAF, 0x51, 0x69, 0x83, 0x71, 0xB1, 0x55, 0xBE, 0xCF, 0x47, 0x05, 0x19,
    0x81, 0xF7, 0xC0, 0x3C, 0x83, 0x89, 0xAE, 0xF2, 0xE9, 0x9D, 0x39, 0x05, 0xDA, 0x40, 0x7D, 0x98,
    0x5D, 0x77, 0x89, 0x2F, 0x76, 0x21, 0xF7, 0x4A, 0x18, 0xA7, 0xEE, 0x47, 0x8A, 0x63, 0x3D, 0x5C,
    0x2E, 0xBC, 0x5D, 0x83, 0xF4, 0x52, 0x71, 0xCD, 0x2C, 0x0E, 0x52, 0x5C, 0x73, 0x80, 0xA6, 0x08,
    0xAC, 0x0F, 0xC4, 0xAF, 0xF2, 0x3E, 0xEB, 0x23, 0xF9, 0x1E, 0x09, 0xE7, 0xD2, 0x55, 0x87, 0x8C,
    0xF2, 0x6A, 0xFB, 0x43, 0xCE, 0x6C, 0x92, 0xCD, 0x07, 0xAA, 0x09, 0x09, 0xC3, 0x3F, 0xCF, 0xFA,
    0x10, 0x9A, 0xAF, 0x41, 0x01, 0xF7, 0x32, 0x4A, 0xA0, 0xA9, 0x4A, 0x3D, 0x3D, 0x22, 0x19, 0xC6,
    0x4D, 0xEA, 0x7A, 0x5B, 0xE5, 0x03, 0x09, 0x50, 0x2C, 0x64, 0x07, 0x51, 0x32, 0xEB, 0x01, 0x1A,
    0xD5, 0x20, 0x88, 0xD6, 0x16, 0x04, 0x79, 0xD2, 0x2A, 0xE4, 0xA8, 0x95, 0xAC, 0x42, 0xD2, 0x59,
    0x40, 0x7F, 0x3B, 0x90, 0x00, 0x64, 0x90, 0xD4, 0x93, 0x24, 0x49, 0x3B, 0x0A, 0x29, 0xF5, 0x43,
    0x53, 0x8F, 0x42, 0x92, 0xD5, 0xDF, 0xE5, 0x3B, 0x42, 0xF2, 0x9F, 0xF4, 0x2A, 0xAA, 0x7E, 0x07,
    0x99, 0x82, 0x39, 0xE4, 0xFD, 0x1E, 0x0B, 0xE6, 0x6A, 0x4E, 0xCC, 0xB7, 0x29, 0x4B, 0x0C, 0x98,
    0x81, 0x9B, 0x40, 0x18, 0x4F, 0x72, 0xD7, 0x40, 0xB1, 0xF5, 0x73, 0x01, 0x77, 0xFC, 0xAA, 0xFC,
    0xAF, 0xDB, 0x44, 0xAE, 0x58, 0x0D, 0x11, 0x1F, 0x90, 0x1A, 0xF4, 0x9B, 0x5C, 0xA3, 0x1A, 0xEA,
    0xE4, 0x1E, 0xF9, 0x8E, 0x94, 0x4A, 0xDA, 0x4A, 0xC0, 0xED, 0xAA, 0xD8, 0x77, 0x52, 0xD8, 0xDB,
    0x2B, 0xE2, 0x0D, 0x80, 0xF2, 0x33, 0x90, 0xCD, 0x46, 0x3C, 0xB0, 0xF7, 0x98, 0xBE, 0x63, 0x52,
    0x24, 0x1A, 0x9F, 0x94, 0x28, 0x82, 0xA0, 0x4F, 0x12, 0x96, 0xCF, 0xE6, 0x07, 0xFC, 0xB9, 0x7B,
    0x3A, 0x93, 0x94, 0x6E, 0x24, 0x61, 0x41, 0xD5, 0x49, 0x61, 0x21, 0x2B, 0xD3, 0x25, 0xC1, 0x02,
    0x04, 0xAF, 0xDF, 0xEA, 0x87, 0x7A, 0xC9, 0x25, 0x04, 0xD2, 0x89, 0xA9, 0xE9, 0x22, 0x28, 0x10,
    0x79, 0xDB, 0xA9, 0x23, 0x76, 0x3B, 0xF0, 0x6C, 0x28, 0x89, 0x2F, 0x99, 0x92, 0x85, 0xDC, 0x1C,
    0x89, 0x47, 0xBA, 0x44, 0x2C, 0xB5, 0x7E, 0x3E, 0x08, 0xEF, 0xAE, 0x53, 0x84, 0x0F, 0x4F, 0x32,
    0x7F, 0x44, 0x66, 0x2A, 0x38, 0x4D, 0x29, 0x95, 0xA4, 0x29, 0x9E, 0x2A, 0x2C, 0x6A, 0x62, 0xD4,
    0x0E, 0x55, 0xD1, 0x60, 0x71, 0x65, 0x57, 0x34, 0xE5, 0x22, 0x42, 0x75, 0xB0, 0x5C, 0x64, 0x62,
    0xE4, 0xE9, 0x64, 0x4C, 0x1D, 0xB2, 0x36, 0x18, 0x3B, 0x20, 0xFB, 0x4A, 0x82, 0xB2, 0xBA, 0x82,
    0x55, 0x0A, 0xD6, 0x54, 0x0A, 0x4B, 0x0D, 0x0C, 0xAD, 0x82, 0x81, 0x0B, 0x46, 0xBA, 0xF6, 0x54,
    0xFC, 0x69, 0xE5, 0x37, 0x85, 0x04, 0x2A, 0x56, 0xD0, 0xEE, 0xF2, 0xE3, 0x41, 0xFC, 0xF2, 0x60,
    0xB9, 0xB0, 0x43, 0x4C, 0x46, 0x0E, 0x12, 0xC3, 0xEE, 0x8F, 0xF2, 0x79, 0x2D, 0xE3, 0xCA, 0x91,
    0x01, 0xB0, 0x66, 0x31, 0xC3, 0xB0, 0xD9, 0x4B, 0x78, 0xA2, 0xFB, 0x8B, 0xB3, 0xC7, 0x2C, 0x0E,
    0xDA, 0x7D, 0x05, 0x3A, 0x07, 0x5C, 0xED, 0xA3, 0xB3, 0xB7, 0xD4, 0x56, 0x5D, 0xFE, 0xC6, 0xC9,
    0x22, 0x6E, 0x32, 0x01, 0x6A, 0x37, 0x26, 0xF9, 0x70, 0x11, 0x32, 0xB4, 0x7C, 0x52, 0xDE, 0x13,
    0x99, 0x99, 0xBA, 0x93, 0xA4, 0xE2, 0xB8, 0x94, 0x12, 0xD7, 0xD5, 0xE4, 0xB5, 0xF1, 0x5E, 0xE9,
    0xAB, 0xC5, 0x12, 0xCB, 0xC9, 0x3E, 0x7A, 0x4A, 0x41, 0x64, 0x8A, 0xF5, 0x00, 0x21, 0x25, 0xDC,
    0x02, 0x0B, 0x8F, 0x1B, 0x94, 0x3F, 0xD5, 0x1A, 0x1A, 0x32, 0xF1, 0x7A, 0xB2, 0xD5, 0x8F, 0xDB,
    0x44, 0x96, 0xFC, 0xB1, 0x4F, 0x19, 0xCE, 0x03, 0xCC, 0xFA, 0x47, 0x7C, 0x7B, 0x81, 0x82, 0x51,
    0xA4, 0x98, 0x1F, 0xF1, 0xE4, 0x12, 0x97, 0xA0, 0x54, 0x1C, 0xA8, 0x0A, 0x2C, 0x1A, 0xB1, 0xF2,
    0xFA, 0x2B, 0xF0, 0x28, 0x78, 0x6C, 0x42, 0x98, 0x11, 0x21, 0x0E, 0x17, 0x8E, 0xEB, 0x5D, 0xA8,
    0xAB, 0x46, 0x52, 0x8C, 0x73, 0x45, 0xB3, 0x50, 0xB8, 0xE5, 0x6D, 0x41, 0x0C, 0x48, 0x73, 0x92,
    0x09, 0xCB, 0x2B, 0xDB, 0xCC, 0xCA, 0x52, 0x2D, 0x18, 0x5F, 0x42, 0xE9, 0xAC, 0x29, 0x60, 0x86,
    0x5C, 0x84, 0xB9, 0x5E, 0x35, 0x7A, 0xB5, 0x86, 0xA2, 0xEE, 0x1E, 0x94, 0x3D, 0x7F, 0x4D, 0xF7,
    0x4A, 0x86, 0x59, 0xD4, 0x03, 0xEF, 0x9E, 0x03, 0xAD, 0x3D, 0xD5, 0x88, 0xB7, 0x28, 0xC2, 0x32,
    0x2A, 0x42, 0xA5, 0x35, 0x22, 0xE5, 0xC2, 0xB7, 0xBD, 0xD0, 0x7A, 0x31, 0xA4, 0x09, 0xB2, 0x05,
    0x29, 0x0B, 0x35, 0x79, 0x4F, 0x03, 0x07, 0xA8, 0x62, 0x4C, 0x6A, 0x7B, 0xBC, 0xC1, 0xAF, 0xDB,
    0x69, 0xA1, 0xB2, 0xBA, 0xC3, 0xBA, 0x88, 0x92, 0x0E, 0x56, 0xEE, 0xBB, 0x1C, 0x72, 0x79, 0x8E,
    0x3B, 0xA4, 0x8B, 0x46, 0xE0, 0x78, 0xF1, 0x11, 0x78, 0xF9, 0xA4, 0x08, 0xEC, 0x41, 0x98, 0x80,
    0x91, 0x98, 0x69, 0x12, 0xFE, 0xB7, 0x94, 0xCE, 0xC3, 0x11, 0xB1, 0x21, 0xE2, 0x91, 0x85, 0x26,
    0xCA, 0x74, 0x37, 0x48, 0x73, 0x82, 0xF3, 0x68, 0xF6, 0x90, 0xEC, 0x72, 0xF4, 0xA0, 0xAC, 0xED,
    0x03, 0x2C, 0x1B, 0x14, 0x95, 0x34, 0xBF, 0x3B, 0x2B, 0x34, 0xEB, 0xCC, 0xAC, 0xE0, 0x6C, 0xE0,
    0x84, 0x4F, 0x5B, 0xA2, 0x59, 0x91, 0x49, 0x4B, 0x48, 0xCC, 0x09, 0x1E, 0xAA, 0x20, 0x0D, 0xF1,
    0xDD, 0xC3, 0x34, 0x13, 0x80, 0x9A, 0xD9, 0xA0, 0xDA, 0x19, 0x58, 0xBB, 0x57, 0x79, 0xD8, 0x9D,
    0xBE, 0x74, 0x2C, 0xC5, 0x3E, 0x0B, 0x8D, 0xEF, 0x62, 0xBD, 0xB1, 0xE2, 0xFC, 0xD2, 0x57, 0x73,
    0x8A, 0x10, 0xB4, 0x26, 0x43, 0x3D, 0xF7, 0x52, 0x5F, 0x3F, 0x1F, 0x99, 0x14, 0x90, 0x31, 0x67,
    0x8E, 0xB5, 0xDB, 0x79, 0xB3, 0xFA, 0x77, 0xF9, 0x69, 0x7D, 0xBD, 0x3E, 0x8A, 0x1D, 0x56, 0x67,
    0xBE, 0x1E, 0x5E, 0x3F, 0x90, 0x95, 0x89, 0x91, 0xA5, 0xD3, 0x29, 0x07, 0xE5, 0xDD, 0xFD, 0x51,
    0x51, 0x8F, 0xD6, 0x71, 0x7A, 0xBD, 0x59, 0x43, 0xC8, 0x5F, 0x75, 0x14, 0x5E, 0x96, 0x90, 0x8F,
    0x53, 0x71, 0xDB, 0xF4, 0x03, 0xFE, 0x2E, 0xF9, 0x77, 0xC1, 0x39, 0x3F, 0x9E, 0x05, 0x36, 0x89,
    0x7B, 0x1E, 0x6B, 0xB9, 0x35, 0x91, 0x89, 0xED, 0x20, 0xC1, 0x08, 0xFA, 0xE8, 0xE8, 0x1C, 0x45,
    0x97, 0xC0, 0xD3, 0x0B, 0x01, 0x08, 0x65, 0x27, 0x2C, 0x34, 0x14, 0x60, 0x5D, 0xD1, 0xBF, 0x1C,
    0x9D, 0x8B, 0x2D, 0x27, 0x05, 0x57, 0x99, 0x86, 0xD0, 0xF6, 0xEE, 0x53, 0x14, 0xC7, 0x9E, 0x5E,
    0xF8, 0xE2, 0x38, 0x3F, 0x82, 0xBE, 0xE2, 0x8B, 0xE4, 0x83, 0x16, 0xC7, 0x11, 0x01, 0x93, 0x14,
    0xC7, 0x0D, 0xFB, 0x66, 0x73, 0xF9, 0x33, 0x5F, 0x1C, 0x7F, 0xD7, 0x17, 0xC7, 0xD9, 0xAE, 0x38,
    0x26, 0x78, 0xDA, 0x17, 0xC7, 0x0C, 0x4C, 0x9C, 0x27, 0xFB, 0xE2, 0xB8, 0xD2, 0x20, 0xB0, 0xBE,
    0x58, 0x1C, 0x7F, 0x4A, 0x2B, 0xD0, 0xB1, 0x15, 0x5B, 0xA8, 0xC5, 0x63, 0xAD, 0xB7, 0x85, 0xEA,
    0x93, 0x6C, 0x41, 0xFE, 0x57, 0xE7, 0xA1, 0x5E, 0xCF, 0x23, 0xFE, 0x22, 0x56, 0xA0, 0x2E, 0x19,
    0x0D, 0xA1, 0xCB, 0xD0, 0x82, 0xFD, 0x19, 0x02, 0xC5, 0x08, 0xE8, 0xF7, 0x23, 0x78, 0x4C, 0x97,
    0xA1, 0xAA, 0x45, 0x01, 0xB3, 0x4A, 0x16, 0xB0, 0x33, 0xEF, 0x5A, 0xC8, 0x1C, 0x69, 0xCC, 0x52,
    0x44, 0x04, 0x3D, 0xEC, 0x62, 0xB9, 0x23, 0x3B, 0x48, 0x32, 0x9A, 0x2B, 0x71, 0x5A, 0x53, 0x69,
    0xD7, 0xE3, 0x17, 0x1B, 0x4F, 0x80, 0xB3, 0xDD, 0xC3, 0xCD, 0xF5, 0x64, 0xB8, 0x6C, 0x3B, 0x5F,
    0x74, 0x52, 0x23, 0xE6, 0xBD, 0x14, 0x89, 0x90, 0xFF, 0x1A, 0x31, 0x9C, 0xB3, 0x5D, 0xD8, 0x48,
    0x1F, 0xB0, 0xE0, 0x52, 0x04, 0x46, 0x2C, 0xE6, 0x9F, 0x68, 0xC2, 0xAD, 0x5A, 0x32, 0x55, 0x07,
    0xC2, 0x10, 0x9E, 0x6B, 0x7F, 0x0C, 0xD3, 0xC4, 0x37, 0x44, 0xBD, 0xE7, 0x5B, 0x85, 0xC1, 0x69,
    0xA8, 0x01, 0xFC, 0xB3, 0xA5, 0x48, 0x37, 0xEF, 0x42, 0x7E, 0x23, 0xE2, 0x6B, 0x4E, 0x43, 0x5B,
    0x2D, 0xD1, 0xCE, 0x52, 0x57, 0x45, 0x4F, 0x74, 0x9E, 0x0E, 0x1C, 0x13, 0x8C, 0xB5, 0x8C, 0xB6,
    0xE2, 0x27, 0x5F, 0xC4, 0x32, 0x69, 0xF2, 0x35, 0x10, 0x3C, 0x1B, 0x66, 0xD0, 0x8B, 0x9B, 0x65,
    0x64, 0x8B, 0x3C, 0x71, 0x6C, 0x8A, 0xC7, 0x9A, 0x24, 0x53, 0x57, 0xD5, 0x52, 0x34, 0xD7, 0x02,
    0x38, 0x25, 0x94, 0x49, 0x78, 0x42, 0x40, 0x39, 0xB5, 0xDB, 0x7C, 0x78, 0x72, 0x67, 0xE2, 0x6A,
    0x4F, 0xC2, 0x5A, 0x7D, 0xEA, 0xD8, 0xC6, 0x3F, 0xE6, 0xC8, 0xF6, 0xCF, 0xAC, 0x7D, 0xD4, 0x88,
    0xBE, 0x33, 0x67, 0x2B, 0xCC, 0x66, 0x66, 0x2C, 0x35, 0xB3, 0x3C, 0xD7, 0x89, 0x9A, 0xC1, 0xF4,
    0x8D, 0x58, 0xF0, 0x22, 0x2D, 0x93, 0x45, 0xDA, 0xE3, 0x37, 0x3B, 0x9B, 0x3C, 0xEB, 0x4E, 0xEA,
    0xA8, 0xED, 0x48, 0xDF, 0xDA, 0x32, 0xE5, 0x90, 0x40, 0x37, 0x8E, 0x63, 0xEC, 0x9E, 0x24, 0x1F,
    0x5D, 0x03, 0xF3, 0x31, 0xE3, 0x0E, 0xEC, 0xA7, 0xD3, 0xC5, 0x20, 0x75, 0x04, 0x0E, 0x26, 0x4F,
    0xF7, 0x13, 0x8C, 0xED, 0x82, 0xAF, 0x32, 0x64, 0xE1, 0x81, 0x80, 0x9A, 0xA3, 0xA0, 0x45, 0xD8,
    0x2D, 0xC6, 0xD2, 0x55, 0xF2, 0x2D, 0x73, 0x36, 0x62, 0xBD, 0x16, 0xB4, 0xDF, 0xA2, 0xE9, 0x96,
    0xFF, 0x2D, 0xA1, 0xE5, 0x63, 0x31, 0x63, 0x0D, 0xB7, 0xB5, 0x8C, 0x45, 0xE8, 0x5E, 0x52, 0x56,
    0x4F, 0xBC, 0x7C, 0x02, 0xA9, 0xB7, 0x40, 0x1F, 0x32, 0xEF, 0x8B, 0x24, 0xBB, 0xD3, 0x86, 0x00,
    0xEB, 0x04, 0x66, 0x06, 0xA6, 0x92, 0x64, 0x89, 0xA5, 0xBF, 0x33, 0x88, 0x2A, 0xD2, 0x41, 0x74,
    0x91, 0x0E, 0xA2, 0x0C, 0x22, 0xDC, 0x96, 0x4D, 0x14, 0xFD, 0xB9, 0xF3, 0x6D, 0x85, 0x4A, 0xC8,
    0xC5, 0x27, 0x3C, 0x68, 0x97, 0xFE, 0xDF, 0x57, 0xF2, 0x4C, 0xE1, 0x0E, 0xEA, 0x39, 0x1A, 0x18,
    0x48, 0xCD, 0x0E, 0x17, 0x34, 0x56, 0xE5, 0xE3, 0x0D, 0x9D, 0x2F, 0x5E, 0x6E, 0x24, 0xE1, 0xB8,
    0x1B, 0x42, 0xE1, 0xC4, 0x71, 0x37, 0x63, 0x28, 0x3E, 0x5E, 0x60, 0x3B, 0x63, 0xFD, 0xC3, 0xC5,
    0x44, 0xD1, 0xE2, 0x24, 0x25, 0x7B, 0xF8, 0xA1, 0xEA, 0x64, 0x53, 0xF6, 0x46, 0xB3, 0xF4, 0x8D,
    0xB4, 0xB5, 0xE5, 0xC3, 0x63, 0x50, 0xEC, 0x67, 0x27, 0xA7, 0xB2, 0x70, 0xEB, 0xE6, 0x6F, 0xAD,
    0xFC, 0x26, 0x71, 0x7E, 0xF3, 0x43, 0xE2, 0xF9, 0x9D, 0xB7, 0xDC, 0x42, 0x75, 0xD4, 0x76, 0x85,
    0x7A, 0x73, 0x3E, 0x14, 0xDF, 0x96, 0x18, 0x5E, 0x0F, 0x80, 0xD3, 0xBD, 0x54, 0xC3, 0x85, 0x06,
    0xFC, 0x99, 0x70, 0x7B, 0x82, 0x6C, 0x3B, 0x4C, 0x18, 0x5F, 0x88, 0xBA, 0x38, 0x61, 0x06, 0x2B,
    0xE8, 0xE1, 0x86, 0x8C, 0xFF, 0x03, 0xEF, 0x78, 0x85, 0x5F, 0xBD, 0x27, 0x21, 0xAD, 0x9E, 0x8A,
    0xF7, 0x56, 0x75, 0x90, 0xC2, 0x2F, 0xC0, 0x7E, 0xE0, 0x27, 0x59, 0x58, 0x52, 0x1C, 0x26, 0x66,
    0xDB, 0xA1, 0xB1, 0xCD, 0x1E, 0x7E, 0x3D, 0xE0, 0x4E, 0x41, 0x4D, 0x17, 0x4E, 0x2F, 0xD0, 0x12,
    0x99, 0x52, 0x5D, 0xAC, 0x94, 0xB7, 0xC4, 0xFB, 0x23, 0xAE, 0x81, 0xFF, 0x72, 0x94, 0xB0, 0x4B,
    0x21, 0x58, 0x76, 0xE4, 0x14, 0x04, 0xF3, 0x1A, 0xD3, 0x0E, 0x62, 0x5E, 0x0A, 0x4D, 0x9C, 0xE2,
    0x12, 0xA7, 0xE0, 0x41, 0xC5, 0xB5, 0x73, 0xEC, 0x36, 0x48, 0x38, 0xEC, 0x10, 0x35, 0x5E, 0xBE,
    0xD5, 0x7D, 0xC0, 0x78, 0xD1, 0x25, 0xD7, 0xE6, 0x35, 0xA6, 0x20, 0x04, 0x42, 0xC7, 0x74, 0xC4,
    0x62, 0xBA, 0x82, 0xAD, 0xE6, 0x3D, 0x9B, 0xBD, 0xC9, 0x98, 0x0D, 0x05, 0xB2, 0x71, 0x3C, 0x03,
    0xD3, 0x7E, 0x17, 0x82, 0x9E, 0x63, 0xED, 0x08, 0x11, 0x69, 0x90, 0x5A, 0x9F, 0xDF, 0x99, 0xBB,
    0xA4, 0x4C, 0xF3, 0x0D, 0xDF, 0x74, 0xD4, 0xBC, 0x46, 0xC3, 0x96, 0xBC, 0xD6, 0xCA, 0x7D, 0x4F,
    0x4D, 0xCC, 0x24, 0xE4, 0xB5, 0xAF, 0xAC, 0xD5, 0xC3, 0x45, 0x60, 0x93, 0x6A, 0xF9, 0xC6, 0xED,
    0x36, 0x29, 0xF4, 0xE6, 0xD0, 0x46, 0x16, 0x70, 0xE1, 0x94, 0xD4, 0x4A, 0xAC, 0x7E, 0xA7, 0x15,
    0x5E, 0xA9, 0x15, 0x1E, 0xEE, 0x96, 0x4B, 0x0D, 0xD5, 0x3E, 0x97, 0xAA, 0x11, 0xB5, 0x1A, 0x3B,
    0xC8, 0x2C, 0x79, 0x09, 0x46, 0x9C, 0xD6, 0x57, 0xEC, 0x63, 0x01, 0xE3, 0x73, 0x91, 0x56, 0x1F,
    0x94, 0x69, 0xF1, 0x68, 0xAE, 0x77, 0xC5, 0xEA, 0x83, 0x0B, 0xA4, 0x9E, 0x58, 0x97, 0x82, 0x13,
    0xF9, 0x9D, 0x5F, 0x52, 0xEB, 0x0B, 0xE7, 0x41, 0x17, 0x38, 0x68, 0x31, 0x7E, 0x24, 0xA9, 0x75,
    0x63, 0xC9, 0xFF, 0x4E, 0x8B, 0xDC, 0x58, 0x1A, 0x31, 0x82, 0xA0, 0x49, 0xAE, 0x5C, 0xAF, 0x05,
    0xB7, 0x54, 0xB7, 0xF8, 0xF6, 0x6D, 0xED, 0x92, 0x7E, 0xA0, 0xBB, 0x22, 0xE7, 0x55, 0x6A, 0xAD,
    0xA4, 0xEC, 0x7E, 0xB5, 0xB6, 0x17, 0x37, 0xB4, 0xBD, 0x9C, 0x7D, 0x64, 0x84, 0xCC, 0x44, 0xE6,
    0x34, 0x9F, 0xB8, 0x39, 0xD9, 0x5E, 0x70, 0xEE, 0xE0, 0xDB, 0xCD, 0x59, 0xDD, 0xBF, 0xA7, 0xD9,
    0xCA, 0x6E, 0x39, 0x83, 0xE6, 0x7F, 0x3A, 0x60, 0x27, 0xC5, 0xD3, 0x14, 0x0F, 0x34, 0xE5, 0x24,
    0x9E, 0xB7, 0xC4, 0xE9, 0xE9, 0xA0, 0x5A, 0x66, 0x1C, 0x0D, 0xCD, 0x01, 0x95, 0x9F, 0xBF, 0x0F,
    0x73, 0xAE, 0xA8, 0xDF, 0x6F, 0x38, 0xA4, 0xC7, 0x87, 0x9F, 0xF7, 0x49, 0x74, 0x08, 0x85, 0x94,
    0x05, 0xE4, 0x3E, 0x12, 0x64, 0xA5, 0x6E, 0x42, 0x14, 0x77, 0xCF, 0x05, 0x6C, 0x41, 0x52, 0x76,
    0x16, 0xAB, 0xCE, 0x67, 0xA9, 0x58, 0x12, 0x25, 0x91, 0xDF, 0xFA, 0x9D, 0xB5, 0x2D, 0x4D, 0x58,
    0xF3, 0xDC, 0x55, 0x24, 0x89, 0x90, 0x5B, 0x73, 0x55, 0x9D, 0x6F, 0xFF, 0xFC, 0x72, 0xC8, 0x4B,
    0xDA, 0x27, 0x9B, 0x61, 0x6A, 0x83, 0xE6, 0x52, 0xDD, 0xC2, 0xD4, 0xA3, 0x36, 0x3E, 0x56, 0x7D,
    0xE7, 0x9E, 0x8B, 0x61, 0x7E, 0xE0, 0xC4, 0x30, 0x19, 0x31, 0x69, 0x98, 0xB5, 0x1A, 0x66, 0xF1,
    0x82, 0x61, 0xFE, 0xED, 0xC3, 0x86, 0x29, 0x70, 0xF7, 0x05, 0xC3, 0x3C, 0xB5, 0x4F, 0x1E, 0x6A,
    0x10, 0x08, 0x56, 0xE6, 0x0E, 0xB4, 0xD3, 0x6D, 0xB1, 0xCB, 0x55, 0x39, 0xAA, 0x63, 0xD9, 0x3C,
    0x2E, 0xBE, 0xB7, 0x4A, 0x27, 0xF5, 0xA9, 0x80, 0xA9, 0xCC, 0xC9, 0x6E, 0x71, 0x2A, 0x85, 0x9E,
    0x11, 0x88, 0x66, 0x14, 0xB0, 0x25, 0x47, 0x84, 0x9B, 0x19, 0xB1, 0xA6, 0xEC, 0x04, 0xA5, 0xA8,
    0x02, 0xD8, 0xD0, 0x9C, 0x15, 0x5D, 0x7F, 0x2A, 0x41, 0xBE, 0x74, 0xF3, 0x33, 0x91, 0x9A, 0xA7,
    0x10, 0xE4, 0xAB, 0xED, 0x49, 0x94, 0x89, 0xC7, 0xB0, 0xF9, 0x39, 0x49, 0x3F, 0x6A, 0xF2, 0x05,
    0xC2, 0x7E, 0x0B, 0x54, 0x9B, 0x0D, 0xE5, 0xD1, 0x24, 0x1F, 0xFD, 0x2B, 0x7E, 0x95, 0x48, 0x7D,
    0x13, 0xAB, 0x07, 0xF8, 0x46, 0x75, 0xB9, 0xEC, 0x84, 0x55, 0x4C, 0x3B, 0x68, 0xA6, 0x1E, 0xED,
    0xDB, 0x78, 0xE6, 0x75, 0x14, 0xD9, 0x50, 0x6E, 0x05, 0xEA, 0x97, 0x21, 0x25, 0xBA, 0xDF, 0xDF,
    0xD2, 0x84, 0x2A, 0x1D, 0xE4, 0xC2, 0x6F, 0xB0, 0x32, 0xC6, 0xAE, 0xAC, 0xDE, 0x4E, 0xAB, 0x1C,
    0xB8, 0xCA, 0xE4, 0x65, 0xAB, 0xEC, 0x7F, 0x09, 0xAB, 0x24, 0xF4, 0x78, 0x66, 0xDE, 0x6F, 0x97,
    0xB6, 0x5D, 0xB0, 0x36, 0x40, 0x05, 0xD6, 0xF2, 0xEB, 0xA9, 0xA6, 0xF8, 0x0C, 0xFF, 0x6B, 0xA9,
    0x73, 0x7D, 0x6A, 0xE3, 0xFB, 0x6D, 0x4E, 0x40, 0xBA, 0x52, 0x4B, 0x39, 0xA0, 0x51, 0xE9, 0x03,
    0xD9, 0x5E, 0x1B, 0xE1, 0xB3, 0x56, 0x9F, 0x6A, 0x95, 0xE6, 0x4D, 0xBF, 0x6B, 0xE8, 0xB7, 0x40,
    0x55, 0x60, 0x81, 0x04, 0xC1, 0x1D, 0xCC, 0x6F, 0x0E, 0xB9, 0x72, 0xEB, 0xB5, 0x6F, 0x27, 0xAC,
    0x92, 0xD4, 0xFF, 0x45, 0x8A, 0x07, 0x6E, 0x35, 0x5C, 0xCD, 0x7A, 0x15, 0x85, 0x0E, 0xCB, 0xBC,
    0xA6, 0x57, 0x95, 0xAC, 0x30, 0xC0, 0xF1, 0x85, 0x93, 0x76, 0x94, 0xE2, 0x69, 0xE5, 0xB9, 0xF4,
    0x9A, 0x2D, 0x2A, 0xBF, 0x4F, 0x1A, 0x9F, 0x76, 0x7D, 0x46, 0xBF, 0xC9, 0x30, 0x9E, 0xED, 0xA3,
    0xFE, 0x46, 0xD2, 0x2F, 0xF8, 0xF6, 0x48, 0xBC, 0x5E, 0x35, 0x64, 0xB7, 0x21, 0xEF, 0x1D, 0xAD,
    0x9A, 0xAE, 0x5F, 0x03, 0xA2, 0x46, 0x4B, 0x0D, 0x4F, 0x9D, 0xB2, 0xA9, 0x74, 0x7D, 0x24, 0xBD,
    0xA1, 0x3F, 0xD1, 0xDF, 0x87, 0x9F, 0x2A, 0x54, 0x93, 0xC2, 0xA7, 0x5E, 0x45, 0xD4, 0x05, 0xCA,
    0x5C, 0xA2, 0x63, 0xD9, 0x3C, 0x2F, 0xDD, 0xD8, 0x1E, 0xF1, 0x33, 0x71, 0xF3, 0x28, 0x74, 0xA2,
    0xBF, 0x21, 0xDD, 0x63, 0x14, 0xB2, 0xDC, 0x04, 0xD5, 0xD2, 0x17, 0x77, 0xA6, 0x63, 0x45, 0x4F,
    0x79, 0x3B, 0x36, 0x52, 0xD9, 0x89, 0x35, 0xDF, 0x7C, 0xE9, 0xF5, 0x77, 0x34, 0xD7, 0x5B, 0xEA,
    0xB4, 0x81, 0xAC, 0xA7, 0x72, 0x8D, 0x67, 0x04, 0x8C, 0x2F, 0x71, 0xCF, 0x81, 0xFB, 0xB9, 0xAC,
    0x48, 0xB0, 0xA2, 0x86, 0xC8, 0x1E, 0xAE, 0x3A, 0xF2, 0x5F, 0xBD, 0xE2, 0x0B, 0xA2, 0x24, 0x6E,
    0xA9, 0x10, 0x84, 0xD4, 0xDA, 0x24, 0x91, 0x8C, 0x32, 0x29, 0xA8, 0x7A, 0xF0, 0xDF, 0xE8, 0x5B,
    0x2A, 0xB2, 0xF7, 0xDA, 0xBC, 0x2A, 0xCD, 0xD2, 0x8C, 0x01, 0xB3, 0xBD, 0xB5, 0xA7, 0x23, 0x4F,
    0xA7, 0xE1, 0x28, 0x58, 0x11, 0x1C, 0xA5, 0x4E, 0xB1, 0xEF, 0xB4, 0x15, 0xCE, 0xB3, 0x06, 0x13,
    0xD9, 0x8F, 0x97, 0xA1, 0xD0, 0xAE, 0x2A, 0xB9, 0x96, 0x83, 0x16, 0x22, 0x28, 0x81, 0x71, 0x02,
    0x78, 0xDB, 0xAD, 0x4B, 0x37, 0x7F, 0xE2, 0xB0, 0x6C, 0x7D, 0x30, 0xF9, 0x59, 0xD1, 0xFF, 0xB6,
    0xD8, 0xB9, 0xD1, 0x50, 0x2D, 0x5D, 0x75, 0xB3, 0xDB, 0x0E, 0x3E, 0x41, 0x2D, 0x36, 0x69, 0xBE,
    0x27, 0x49, 0x8D, 0xB3, 0x9F, 0x21, 0xAF, 0xAD, 0x5B, 0xE3, 0x46, 0xF7, 0x9B, 0x18, 0x80, 0xF2,
    0x31, 0x6C, 0x22, 0x9F, 0x8E, 0xB3, 0xD4, 0x5B, 0x36, 0x5F, 0xC3, 0x8C, 0x3C, 0x46, 0x4D, 0x40,
    0x0C, 0xD9, 0xB8, 0xED, 0x28, 0x4C, 0x61, 0x76, 0xFA, 0x2C, 0xBA, 0x0E, 0x33, 0x63, 0x5E, 0x3A,
    0x1B, 0xC3, 0xCC, 0xB7, 0xB4, 0xCE, 0x9E, 0x26, 0xBA, 0xF0, 0x38, 0xC4, 0x4D, 0x01, 0xE1, 0xE8,
    0xCE, 0x60, 0xA7, 0xA7, 0xA0, 0xCC, 0xFD, 0x03, 0x3C, 0xBB, 0x46, 0xEE, 0x83, 0xB3, 0x4D, 0x3A,
    0xE5, 0xB6, 0xD7, 0x83, 0x12, 0xCF, 0x6F, 0x9C, 0x25, 0xA7, 0x16, 0x47, 0xB9, 0xC1, 0xAC, 0x6D,
    0x73, 0xFD, 0x7C, 0xAF, 0x25, 0xDB, 0xA4, 0xEB, 0x36, 0xE9, 0xBA, 0x07, 0xA4, 0x9B, 0x6F, 0xD2,
    0xCD, 0x3F, 0x87, 0xD2, 0xBD, 0x68, 0xF4, 0x68, 0x04, 0xB7, 0x41, 0xEA, 0x9E, 0x48, 0x4D, 0x02,
    0xE8, 0x91, 0x6B, 0xE2, 0x4D, 0xFF, 0x4E, 0x7B, 0xB5, 0xEC, 0xDA, 0x80, 0xEF, 0x44, 0x02, 0xEA,
    0x88, 0x67, 0x80, 0xCF, 0x5A, 0x4B, 0x6F, 0xFB, 0x2A, 0x87, 0x77, 0x99, 0xEF, 0xE5, 0x24, 0x41,
    0xCD, 0xC3, 0x18, 0xEF, 0x11, 0x54, 0x51, 0x01, 0xD9, 0xB4, 0x15, 0x83, 0xB2, 0xB9, 0x92, 0x73,
    0x1A, 0xC9, 0x72, 0x0A, 0xA9, 0x71, 0x64, 0xDB, 0x43, 0xB6, 0x1D, 0xE3, 0x93, 0x1F, 0x48, 0xEF,
    0xE3, 0xCD, 0x9B, 0x33, 0xF0, 0x71, 0x73, 0x96, 0x09, 0xBC, 0x9E, 0xA9, 0xC5, 0x6B, 0x4D, 0x08,
    0xFE, 0x24, 0x9D, 0x6F, 0xD7, 0xF8, 0x0D, 0x00, 0xDF, 0x2C, 0x29, 0x2A, 0x7F, 0x71, 0x75, 0x22,
    0x45, 0x38, 0xDE, 0xD5, 0x98, 0x5F, 0x3F, 0x79, 0xA3, 0xFA, 0xDC, 0xB5, 0x57, 0x1F, 0x78, 0xBD,
    0xEE, 0x69, 0xED, 0x1D, 0xAB, 0xED, 0xCE, 0xDF, 0xBF, 0xBE, 0x81, 0xF0, 0x5F, 0x7F, 0x5B, 0x76,
    0x5F, 0xD8, 0x57, 0xA7, 0xED, 0x05, 0x3B, 0x9C, 0x62, 0xC7, 0xC5, 0xCB, 0x8A, 0xED, 0x5F, 0x5D,
    0x2D, 0x1B, 0x57, 0x52, 0xCB, 0x72, 0x33, 0x5D, 0x8A, 0x35, 0xC1, 0x97, 0x85, 0xB4, 0xEE, 0xF0,
    0x5D, 0x88, 0x5B, 0x9F, 0xB3, 0x93, 0x4D, 0x6F, 0xEC, 0x4F, 0xA7, 0x48, 0x9A, 0xE7, 0x0E, 0x9A,
    0xD8, 0xF4, 0x9D, 0x39, 0x9D, 0xA4, 0x64, 0xB4, 0xA9, 0x34, 0xFC, 0xA8, 0xD9, 0x15, 0xEE, 0xAC,
    0xA3, 0x94, 0x7F, 0x8E, 0x8E, 0x49, 0x69, 0x82, 0x48, 0x76, 0xA5, 0xC2, 0x1B, 0x8F, 0xB8, 0xF1,
    0xEC, 0x46, 0xD6, 0x8E, 0x1F, 0xCD, 0x12, 0xD6, 0xBF, 0xC6, 0x14, 0x71, 0xFD, 0x8E, 0x62, 0x32,
    0xE7, 0xFB, 0x7A, 0x60, 0xEF, 0xFB, 0xFC, 0x51, 0xA3, 0x87, 0xFD, 0x64, 0xE3, 0x8F, 0xEB, 0xCB,
    0x00, 0x9B, 0x9E, 0x94, 0x7D, 0xB9, 0x26, 0x43, 0xDD, 0x3E, 0x1A, 0xDF, 0xC9, 0xDF, 0x1B, 0xFF,
    0x20, 0xFF, 0x3A, 0x16, 0x8A, 0x67, 0xB4, 0xB8, 0xE8, 0xCB, 0x22, 0xBA, 0xB8, 0xDA, 0x9F, 0xCF,
    0x60, 0xD6, 0x89, 0x2A, 0x43, 0xBD, 0x6A, 0x9B, 0x97, 0xBE, 0x7E, 0x71, 0x0D, 0x63, 0x02, 0xBE,
    0x9A, 0xB3, 0x23, 0x6E, 0xBA, 0x1E, 0x92, 0xFE, 0xE2, 0xBA, 0x1C, 0xCB, 0xB4, 0xB7, 0x4B, 0x32,
    0xBC, 0x55, 0x74, 0x87, 0x36, 0x1E, 0xA0, 0x88, 0x67, 0x79, 0xF2, 0x21, 0x18, 0xFA, 0xAB, 0x22,
    0xEB, 0xBF, 0x2F, 0x7E, 0x21, 0xB7, 0xF4, 0xD9, 0xF4, 0x6F, 0xF4, 0x31, 0x99, 0xB6, 0xA7, 0x46,
    0x2D, 0x47, 0xF2, 0x89, 0x5B, 0x4E, 0x47, 0x00, 0x71, 0x4B, 0xB3, 0xB7, 0x8C, 0x2E, 0x3C, 0xB1,
    0xC4, 0xAE, 0xBB, 0x0C, 0xB2, 0x8B, 0x8D, 0xCF, 0x00, 0x1C, 0x79, 0x22, 0xC0, 0x36, 0x39, 0x03,
    0x58, 0x4A, 0x3C, 0x15, 0x09, 0xEE, 0xBA, 0xC4, 0xFD, 0xE4, 0xD0, 0x78, 0xA3, 0xD1, 0xCA, 0x1F,
    0x1F, 0xD3, 0x79, 0xAF, 0x69, 0x23, 0x91, 0xAD, 0x9E, 0x17, 0x4E, 0x94, 0x4B, 0x3C, 0x4B, 0xBB,
    0x64, 0x2C, 0xFA, 0x78, 0xB2, 0xF8, 0x57, 0x57, 0xC9, 0x58, 0x73, 0xEB, 0xA0, 0x2A, 0x7B, 0x6E,
    0x27, 0x00, 0xDE, 0x99, 0x88, 0xBF, 0x6B, 0x02, 0x96, 0x96, 0xBC, 0x2A, 0x3B, 0x89, 0x89, 0x06,
    0x8A, 0xBB, 0x60, 0x1E, 0x17, 0x12, 0x39, 0xB4, 0x35, 0xA4, 0xE8, 0xAC, 0x0B, 0x83, 0xC4, 0xEF,
    0xBA, 0xFA, 0x2A, 0x4C, 0x85, 0x11, 0x7B, 0xD2, 0xE2, 0xF7, 0xC2, 0x17, 0xE3, 0xF2, 0xE5, 0xB4,
    0xB5, 0x1C, 0xEB, 0xE3, 0x96, 0xEB, 0x24, 0xCC, 0xF0, 0x84, 0xD4, 0xAD, 0x9C, 0x16, 0x16, 0x63,
    0xEF, 0x9E, 0x25, 0x53, 0x31, 0x2C, 0x3C, 0x61, 0x7E, 0x40, 0x34, 0x9F, 0x6B, 0x9E, 0x34, 0xB7,
    0x71, 0x6F, 0x0E, 0x72, 0x70, 0x5A, 0x00, 0xAF, 0x04, 0x13, 0x46, 0xE9, 0x9A, 0xE1, 0xFA, 0x31,
    0x11, 0xC0, 0x81, 0x89, 0x13, 0x41, 0x9E, 0x09, 0xB4, 0x3E, 0x02, 0x41, 0xC8, 0xB9, 0xA2, 0x54,
    0x62, 0xDE, 0xD5, 0x24, 0x9D, 0x5B, 0xAD, 0x58, 0x89, 0x83, 0x2A, 0x94, 0xDA, 0xF5, 0x4E, 0x17,
    0x3A, 0xE3, 0x46, 0x60, 0x01, 0xE1, 0x57, 0xA9, 0x7B, 0xBA, 0x78, 0xA6, 0x5B, 0xC1, 0xC8, 0xFF,
    0xE8, 0x18, 0x0C, 0x5B, 0x6E, 0x23, 0xF2, 0x88, 0x14, 0xE4, 0xB3, 0x52, 0x52, 0x32, 0x53, 0x15,
    0xF6, 0xB8, 0x5F, 0xAE, 0x51, 0x91, 0x62, 0xFA, 0x8A, 0xFA, 0xEE, 0x2B, 0xA7, 0x9C, 0xAD, 0xBB,
    0x29, 0x52, 0x5B, 0xC4, 0x22, 0xC8, 0x7C, 0x79, 0x2C, 0xBE, 0x48, 0xAE, 0xB0, 0x20, 0xD9, 0x20,
    0x67, 0x0C, 0xA5, 0xDD, 0x50, 0x73, 0xC5, 0x28, 0xF0, 0xA2, 0x61, 0x60, 0x5F, 0xA4, 0xCF, 0xA6,
    0xDD, 0xB6, 0xE1, 0xDE, 0x58, 0xF1, 0xF3, 0xB2, 0x8B, 0xDC, 0x3F, 0x13, 0x74, 0xB7, 0xB3, 0x49,
    0x57, 0xF6, 0xC7, 0x22, 0x4D, 0x9B, 0x56, 0x76, 0xBD, 0x55, 0x8B, 0xD9, 0xF5, 0xE9, 0x20, 0xBD,
    0x1E, 0x9F, 0x96, 0xF0, 0x14, 0xA9, 0x35, 0x61, 0x7C, 0xCD, 0x1F, 0x78, 0xB3, 0x88, 0x7B, 0xE0,
    0xB8, 0xE1, 0xEE, 0x35, 0x4C, 0x16, 0x1A, 0x84, 0x74, 0xDC, 0xF3, 0x2E, 0xEB, 0x0B, 0x97, 0x77,
    0x50, 0xCA, 0x94, 0x77, 0xB1, 0x1E, 0xB4, 0xD1, 0x20, 0xDE, 0x8A, 0x09, 0xC8, 0x5F, 0x61, 0x80,
    0x01, 0x22, 0xC2, 0x44, 0xA1, 0x88, 0xEE, 0x4C, 0x8B, 0x47, 0x64, 0xBA, 0x1B, 0xD9, 0xEB, 0xD1,
    0xEE, 0x7C, 0x82, 0x9E, 0xCA, 0xA3, 0xEC, 0xA1, 0x99, 0x45, 0xCE, 0x40, 0xEC, 0x06, 0x2B, 0xC3,
    0x31, 0xF6, 0x75, 0x85, 0x38, 0x83, 0xB9, 0xBA, 0x5B, 0x36, 0x68, 0xF4, 0xD0, 0x20, 0x21, 0xAE,
    0xEE, 0x43, 0xFA, 0x82, 0x56, 0x9B, 0x53, 0xB4, 0xD3, 0x8C, 0x96, 0xEC, 0xBA, 0x19, 0xF1, 0xBD,
    0x31, 0x92, 0x11, 0x78, 0xE2, 0x23, 0x1E, 0x3A, 0xD1, 0x33, 0xB4, 0x1C, 0xEF, 0xD8, 0x3F, 0x46,
    0x94, 0x8A, 0x45, 0x1F, 0xF1, 0x28, 0x7D, 0xAE, 0xF3, 0x91, 0x7B, 0x94, 0x3C, 0x3A, 0xC8, 0x93,
    0xCE, 0x7A, 0xEE, 0x5D, 0x0E, 0xE6, 0x4A, 0x4C, 0x95, 0x7C, 0xF0, 0x5B, 0x5B, 0x38, 0x3E, 0x15,
    0x42, 0xED, 0x69, 0xB9, 0xB4, 0xD1, 0x4C, 0x82, 0x48, 0xAD, 0xDA, 0xA2, 0xA8, 0x2E, 0xE4, 0xE7,
    0xE5, 0x74, 0xC1, 0xF8, 0xC4, 0x7B, 0xAD, 0xB4, 0xC5, 0x76, 0x45, 0x5A, 0xAF, 0x67, 0x85, 0x03,
    0x40, 0x06, 0xEF, 0xC3, 0xBA, 0xD8, 0xBD, 0x42, 0x99, 0x99, 0x4E, 0xED, 0xA0, 0x49, 0x5E, 0x80,
    0x2E, 0x43, 0xEE, 0x67, 0x6A, 0xF1, 0xDE, 0x9D, 0x5A, 0xBC, 0xEE, 0xC8, 0x16, 0xEF, 0x5F, 0xCE,
    0xD2, 0xE2, 0x75, 0x2D, 0xC3, 0x0B, 0xD2, 0x0E, 0xD2, 0x22, 0x3D, 0x18, 0xB9, 0xAA, 0xFD, 0x05,
    0xB7, 0x17, 0xFE, 0x1F, 0x9B, 0xCD, 0xB7, 0xB2, 0x12, 0xD7, 0x38, 0x7E, 0x3B, 0x72, 0x25, 0xC5,
    0x2A, 0x2B, 0x69, 0xBF, 0x25, 0x77, 0x3E, 0x4A, 0x2A, 0xA9, 0xDA, 0x3D, 0xE4, 0x11, 0x5C, 0x6C,
    0xA7, 0xA0, 0x02, 0xD9, 0x2B, 0xD4, 0xBF, 0x38, 0xD1, 0xD5, 0x4B, 0x74, 0x2F, 0x87, 0x00, 0xE0,
    0xF5, 0x2C, 0x91, 0xDB, 0x8E, 0x4B, 0xD9, 0x2D, 0xFE, 0xF9, 0x6A, 0xF4, 0x72, 0xDA, 0x38, 0x91,
    0xBF, 0x9C, 0x31, 0xE6, 0xD5, 0xA2, 0x3B, 0xFD, 0x6D, 0x81, 0x8E, 0xD9, 0xFD, 0x91, 0xE5, 0x98,
    0x1B, 0x53, 0x19, 0x75, 0xFE, 0xE2, 0x35, 0x18, 0x19, 0x31, 0x31, 0x3A, 0x1D, 0x3B, 0x7E, 0x5E,
    0xCA, 0x98, 0xEF, 0x46, 0x78, 0x21, 0xF7, 0x9D, 0x69, 0xFD, 0xCC, 0x91, 0xE9, 0x90, 0xE9, 0x41,
    0x30, 0x3D, 0x99, 0x2B, 0xB8, 0xFF, 0x76, 0x77, 0xF4, 0x6F, 0x63, 0xC0, 0x76, 0x81, 0x29, 0x17,
    0x18, 0x95, 0x08, 0x2D, 0xCC, 0x3B, 0x41, 0x70, 0x46, 0xB6, 0xE6, 0x55, 0x48, 0x96, 0xB7, 0x12,
    0xC1, 0x95, 0x0F, 0x60, 0x60, 0xFD, 0x2B, 0x8C, 0x54, 0xF1, 0xF9, 0xC0, 0x1D, 0xF4, 0xE2, 0xC8,
    0x53, 0x38, 0x16, 0xC8, 0x71, 0x66, 0x7B, 0x32, 0x5A, 0xE5, 0x24, 0x51, 0x9B, 0xD2, 0x8E, 0x2D,
    0x80, 0xDC, 0xDF, 0x9B, 0xC7, 0x72, 0xF4, 0x4C, 0x44, 0x17, 0xFB, 0x43, 0xB1, 0x92, 0x26, 0x96,
    0xFD, 0x51, 0xD8, 0xF0, 0xFA, 0xBD, 0x87, 0x36, 0x35, 0xEB, 0xB3, 0xCA, 0x68, 0x3D, 0xFD, 0x35,
    0x83, 0x74, 0x75, 0x13, 0xB7, 0xEA, 0x09, 0x02, 0xC7, 0x78, 0x99, 0x1F, 0xCB, 0x8E, 0x3B, 0xC4,
    0x80, 0xAA, 0x29, 0x77, 0x70, 0xF2, 0x23, 0x74, 0xF3, 0xC5, 0x26, 0xD7, 0x63, 0x8C, 0x2D, 0x53,
    0x75, 0xD4, 0xCA, 0xC9, 0x2C, 0x9E, 0x65, 0x59, 0xA5, 0xAF, 0x23, 0xFB, 0xF6, 0x95, 0xD4, 0x07,
    0x56, 0x9B, 0x23, 0xB6, 0xB9, 0xA0, 0x1C, 0xFC, 0x1F, 0x25, 0x64, 0x7E, 0x07, 0xBF, 0x15, 0x40,
    0x35, 0x3F, 0xFC, 0xD2, 0xCD, 0xEB, 0xB3, 0x90, 0x74, 0x2F, 0x30, 0xBD, 0xCA, 0x31, 0x92, 0xE3,
    0xC4, 0xDC, 0x8D, 0x1E, 0xA9, 0xB6, 0x64, 0xE4, 0xF6, 0x39, 0x32, 0xF7, 0x80, 0xF1, 0x7F, 0x60,
    0xF4, 0x55, 0xF2, 0xF1, 0xCC, 0xC8, 0x4F, 0x68, 0x5A, 0x89, 0x4B, 0x54, 0xB1, 0x1C, 0x1A, 0x33,
    0xFF, 0x16, 0x36, 0xC8, 0xF7, 0xDB, 0xE4, 0xE5, 0xAE, 0x1D, 0x9B, 0xCF, 0xBE, 0xD7, 0x79, 0xD5,
    0xCB, 0x01, 0x2E, 0xFE, 0x41, 0x91, 0xE5, 0xA1, 0x5E, 0x98, 0x0C, 0x72, 0xD0, 0x00, 0x51, 0x0D,
    0x8B, 0x9C, 0xB0, 0x63, 0x00, 0x2D, 0xF9, 0x67, 0x6E, 0x0D, 0xAF, 0x0B, 0x27, 0xF3, 0xF4, 0x55,
    0xEC, 0x61, 0x66, 0x13, 0xB4, 0xF0, 0x26, 0xB7, 0x5D, 0xB0, 0xF6, 0x95, 0xE7, 0x9E, 0x20, 0x6D,
    0xFB, 0x68, 0x4D, 0x78, 0x74, 0xF8, 0x4D, 0x08, 0x0D, 0x02, 0x46, 0xB8, 0x87, 0x1F, 0x69, 0xE7,
    0x78, 0xDD, 0xCE, 0x5E, 0x67, 0xFE, 0x3C, 0x73, 0x2C, 0x4D, 0x74, 0x08, 0xA5, 0x95, 0x3F, 0xF6,
    0x58, 0xE4, 0x7F, 0x3D, 0x6E, 0x84, 0x27, 0x00, 0x41, 0xE1, 0x5B, 0xE8, 0x80, 0x66, 0x8D, 0x2B,
    0x20, 0x7F, 0x66, 0xCA, 0x45, 0x34, 0x2D, 0xED, 0xB5, 0x18, 0xCB, 0x78, 0x96, 0x23, 0x14, 0x2C,
    0x1C, 0x0E, 0x39, 0xB2, 0xB3, 0x8D, 0x9B, 0x05, 0x4F, 0x4D, 0x45, 0xEF, 0xF2, 0x97, 0x83, 0x2C,
    0x1F, 0xEE, 0x5E, 0xB4, 0xD8, 0x78, 0xF3, 0x06, 0x1E, 0x14, 0xD4, 0x98, 0xAD, 0x4D, 0x6C, 0x51,
    0x92, 0x9E, 0x42, 0x53, 0xF7, 0xD1, 0xB4, 0x1E, 0x1D, 0xAA, 0xDC, 0x01, 0x41, 0x4D, 0xF6, 0xD1,
    0x7C, 0x63, 0x1E, 0x3F, 0x33, 0x6F, 0xDD, 0xB0, 0xB4, 0x98, 0xE5, 0xE8, 0xEC, 0x80, 0x6F, 0x81,
    0x77, 0xF0, 0x3F, 0x77, 0x7D, 0x50, 0xFA, 0xFC, 0xD9, 0x90, 0x9B, 0xC1, 0x44, 0xC3, 0xEF, 0x3F,
    0xED, 0xA1, 0x53, 0xFE, 0xB5, 0x1E, 0xAD, 0x08, 0x8A, 0x78, 0xED, 0x7F, 0x01, 0xAD, 0x4D, 0x21,
    0x12, 0x83, 0x30, 0x10, 0x5C, 0x40, 0x20, 0x2A, 0x62, 0xF0, 0xB1, 0x38, 0x3E, 0xC0, 0xCC, 0xA5,
    0xFD, 0x17, 0x4D, 0xFA, 0x30, 0xC8, 0x3D, 0x21, 0xAE, 0x36, 0x4F, 0x88, 0x40, 0x54, 0x00, 0xD7,
    0x40, 0x6B, 0x3A, 0x15, 0x35, 0xDD, 0xD9, 0xB9, 0xBB, 0x9D, 0x9D, 0xDD, 0x4B, 0xE9, 0x37, 0x1A,
    0x34, 0x03, 0x86, 0xEE, 0xFC, 0x38, 0xDD, 0x63, 0x29, 0x0E, 0x13, 0x0A, 0x31, 0xB5, 0x04, 0x3D,
    0xCD, 0xD7, 0x7E, 0x6C, 0xFB, 0x16, 0x3D, 0xFE, 0x45, 0x92, 0xF4, 0xA2, 0x17, 0x11, 0xF3, 0x39,
    0x76, 0x2C, 0xDF, 0x47, 0x95, 0xEA, 0xA8, 0x82, 0xE6, 0x8E, 0xC9, 0x59, 0xE7, 0x8D, 0x40, 0x27,
    0x1D, 0xB3, 0xCA, 0x9A, 0xE0, 0x31, 0x62, 0x41, 0x95, 0x14, 0xD7, 0x51, 0x3B, 0x15, 0xC8, 0x28,
    0x26, 0x74, 0xEC, 0x41, 0x2C, 0xB0, 0xB7, 0x0D, 0xFE, 0xB2, 0x42, 0xAA, 0x25, 0xA7, 0x88, 0x75,
    0xB4, 0x2E, 0x7B, 0x66, 0xF7, 0xC8, 0x6D, 0xA0, 0x9C, 0xF5, 0xC5, 0x82, 0xB1, 0x9C, 0x91, 0x1F,
    0xE1, 0x8D, 0xCE, 0x95, 0x8F, 0xDC, 0x41, 0xA1, 0x5A, 0x41, 0xC1, 0x86, 0x3A, 0xAF, 0x48, 0x7C,
    0xA8, 0xC3, 0xD3, 0xEE, 0x09, 0x5D, 0x8A, 0xA1, 0x15, 0x80, 0x30, 0x10, 0xC5, 0x42, 0x91, 0x15,
    0x0C, 0x80, 0xC0, 0x63, 0x18, 0x01, 0x36, 0x2B, 0xF3, 0xB0, 0xC4, 0x75, 0x14, 0x46, 0x40, 0x20,
    0x10, 0xF0, 0x8E, 0xFB, 0x06, 0x81, 0x89, 0x48, 0x62, 0xEE, 0xBE, 0xD8, 0x07, 0xFA, 0x03, 0x48,
    0x17, 0xD8, 0x2F, 0x34, 0x77, 0x84, 0x36, 0x02, 0x39, 0x96, 0xD1, 0x76, 0x28, 0xBE, 0xC6, 0x27,
    0x55, 0x6A, 0x60, 0x0A, 0x45, 0x77, 0x6A, 0xD3, 0x8B, 0x0B, 0xB3, 0xCA, 0xA0, 0x92, 0x35, 0xA6,
    0x47, 0x72, 0x83, 0x17, 0xAB, 0xFF, 0xFF, 0xFF, 0xFF, 0x83, 0xFD, 0x70, 0x02, 0x00, 0xED, 0x7D,
    0x3D, 0xAC, 0x25, 0xC9, 0x75, 0x5E, 0xFF, 0xC8, 0xD3, 0xAB, 0x6D, 0x48, 0x4D, 0x18, 0x30, 0x60,
    0x7B, 0x6C, 0x5C, 0x07, 0x32, 0x20, 0x51, 0x82, 0x3A, 0x71, 0x60, 0x03, 0x26, 0xFB, 0x8A, 0x0E,
    0x36, 0x60, 0x40, 0x47, 0x4A, 0x14, 0x58, 0x81, 0x03, 0xDB, 0x32, 0x30, 0xA9, 0x03, 0x71, 0xFA,
    0x92, 0x0B, 0x98, 0x01, 0x03, 0x8E, 0x0D, 0x38, 0xF6, 0x06, 0x0C, 0x64, 0x0A, 0xF0, 0x32, 0x70,
    0xA0, 0x40, 0xEF, 0x76, 0x93, 0x1B, 0x30, 0x50, 0xC0, 0x4B, 0x0A, 0xB0, 0x02, 0x05, 0xEA, 0xE5,
    0x0E, 0x20, 0x43, 0x1B, 0x6C, 0x2F, 0xB7, 0xC5, 0xED, 0x99, 0xE9, 0xDB, 0xE5, 0x73, 0xBE, 0x73,
    0x4E, 0x55, 0xF5, 0x7B, 0xF7, 0xCD, 0xBC, 0x19, 0xAE, 0xC4, 0x15, 0xA4, 0x01, 0xB9, 0x5D, 0xF5,
    0xDE, 0x7D, 0xF7, 0xDE, 0xFA, 0xEA, 0x54, 0x9D, 0x9F, 0xFA, 0xCE, 0xA9, 0xCE, 0xC9, 0xBF, 0xA5,
    0xB3, 0x46, 0xAB, 0x8D, 0x39, 0x49, 0x92, 0x8E, 0xFE, 0xBF, 0xD0, 0xFF, 0x93, 0xE6, 0x89, 0x35,
    0x5C, 0x4F, 0x8D, 0xB2, 0x4F, 0x9C, 0x1B, 0xB9, 0x31, 0xE4, 0x4B, 0x31, 0x53, 0xA3, 0x18, 0xF3,
    0x89, 0x1E, 0x4B, 0x92, 0x4F, 0xD4, 0x38, 0x52, 0x23, 0x5B, 0xB2, 0x29, 0x79, 0xC8, 0x7F, 0x75,
    0xE6, 0xBF, 0xE3, 0x46, 0x67, 0x8D, 0xE6, 0x90, 0xC8, 0xAF, 0x76, 0xA7, 0x24, 0x71, 0xDC, 0x28,
    0xA7, 0x24, 0x75, 0x27, 0x6A, 0x64, 0x6E, 0x5F, 0xBA, 0x89, 0x3F, 0x8B, 0xBE, 0xD1, 0x8F, 0x16,
    0x6E, 0xEC, 0x9C, 0xDB, 0x77, 0xF8, 0xF4, 0xEE, 0x71, 0x52, 0xA3, 0x41, 0xFF, 0x4A, 0x6B, 0xB4,
    0xDA, 0x28, 0x9D, 0x36, 0xBA, 0xA7, 0xB3, 0xFE, 0xE0, 0xAB, 0xD2, 0x68, 0xA6, 0x4C, 0x1B, 0x27,
    0x6D, 0x54, 0xAB, 0x36, 0xEE, 0xB9, 0x1F, 0x49, 0x23, 0x29, 0xD6, 0xD9, 0xDE, 0xD0, 0x1A, 0xA5,
    0x35, 0xB2, 0x6F, 0x26, 0x86, 0x0F, 0xFD, 0x8B, 0x9A, 0xAD, 0x6F, 0xAD, 0x1E, 0xAE, 0x72, 0xF4,
    0x80, 0x55, 0xBD, 0x87, 0xAC, 0xDE, 0x7B, 0xD0, 0x9A, 0x00, 0x5B, 0x13, 0x80, 0x6B, 0x02, 0x74,
    0x4D, 0x00, 0xAF, 0x09, 0xF0, 0xD5, 0x7B, 0x0F, 0x60, 0x7D, 0xF0, 0x10, 0xD2, 0x47, 0x18, 0x88,
    0xD4, 0x34, 0x18, 0xA9, 0x69, 0x40, 0xF2, 0x77, 0x50, 0x28, 0xB9, 0xA9, 0x60, 0xE2, 0x9B, 0x09,
    0x9C, 0xBB, 0xDE, 0x03, 0xCA, 0x6F, 0xCA, 0xFF, 0xF2, 0x25, 0x73, 0x3A, 0xF4, 0x74, 0x69, 0x0C,
    0x68, 0xFA, 0xEC, 0xD1, 0x37, 0x7F, 0x3D, 0xF1, 0x90, 0xFC, 0x0D, 0x95, 0x9D, 0x6F, 0x62, 0xA0,
    0xFA, 0x2D, 0x33, 0xDF, 0x98, 0xE3, 0xC6, 0xD9, 0x1A, 0xDD, 0x21, 0xEB, 0xFE, 0xFB, 0x8C, 0x41,
    0xD0, 0x5C, 0x73, 0xA3, 0xB2, 0x81, 0x26, 0xDD, 0x93, 0x64, 0x67, 0x92, 0x52, 0x58, 0x23, 0xB7,
    0x46, 0xF2, 0x6F, 0x0D, 0xA8, 0xD1, 0x9E, 0x0A, 0x13, 0x83, 0x99, 0x2B, 0xA2, 0xB5, 0x7B, 0x24,
    0x22, 0xEB, 0xF8, 0x23, 0x53, 0xFE, 0x35, 0x26, 0xEB, 0x8F, 0xC7, 0x7A, 0xA4, 0xEE, 0x94, 0x8F,
    0xF4, 0x55, 0x0B, 0xC7, 0xAF, 0x3F, 0x27, 0xF9, 0x99, 0x9F, 0x47, 0x1A, 0xEF, 0x40, 0xCF, 0x2B,
    0xFA, 0x06, 0x6B, 0xB9, 0xFE, 0x26, 0x7D, 0xE9, 0x94, 0x3F, 0x61, 0xC1, 0xDB, 0x39, 0x37, 0x30,
    0x20, 0xEF, 0x8D, 0x1D, 0xC1, 0x54, 0xAF, 0xF9, 0xC8, 0x62, 0xD9, 0x9E, 0xF2, 0x91, 0x87, 0xD3,
    0xF0, 0xDF, 0x2D, 0xFC, 0xB2, 0x7F, 0x83, 0xE7, 0x3D, 0xF7, 0xD1, 0x08, 0x04, 0x0A, 0xFA, 0x92,
    0xF8, 0xE2, 0xED, 0x88, 0xAF, 0x97, 0x54, 0x63, 0x0B, 0x99, 0xC8, 0xDE, 0x4A, 0x36, 0xFF, 0x76,
    0xDB, 0xDE, 0x5E, 0xC7, 0xB8, 0x7C, 0x33, 0x79, 0x9D, 0xBE, 0xF5, 0x41, 0x7B, 0xE7, 0xA4, 0xE9,
    0xA9, 0x27, 0xE3, 0x9D, 0x97, 0xA4, 0x1B, 0x77, 0x6E, 0xCF, 0xC3, 0xA4, 0xEF, 0x76, 0xCE, 0xDC,
    0xB4, 0xC3, 0x7B, 0x77, 0xF4, 0x33, 0xE7, 0x9E, 0x2C, 0xE8, 0xED, 0x18, 0xD4, 0x86, 0xA6, 0x93,
    0x7B, 0x19, 0xFF, 0x5D, 0x52, 0x9E, 0x13, 0xF4, 0x1A, 0xF7, 0xF5, 0xA1, 0xED, 0x59, 0x24, 0xA9,
    0x97, 0xBB, 0xA1, 0x1C, 0xAA, 0x91, 0x81, 0xA6, 0x5E, 0xB1, 0xB2, 0x38, 0x51, 0x6F, 0x37, 0xF2,
    0xEF, 0xD6, 0x3D, 0xF5, 0x26, 0x1A, 0x56, 0x4F, 0x3D, 0xFA, 0x1C, 0xFE, 0x5D, 0x46, 0x4B, 0x94,
    0xDF, 0xE5, 0x81, 0x2B, 0x07, 0x37, 0xA6, 0x04, 0x0F, 0x3E, 0xAF, 0xFB, 0xD3, 0x77, 0xDD, 0x29,
    0xA1, 0xFF, 0xA1, 0x57, 0xBA, 0x77, 0x57, 0x86, 0x53, 0x7A, 0xFC, 0x22, 0xFE, 0xEF, 0x49, 0xBE,
    0x67, 0x33, 0x00, 0x91, 0x59, 0x7A, 0x15, 0x7A, 0xE9, 0x2A, 0xBD, 0x7B, 0x8F, 0x64, 0x81, 0xFC,
    0xCF, 0x43, 0x04, 0x4B, 0xE9, 0xE2, 0x5E, 0xB6, 0xE9, 0x91, 0x44, 0xC5, 0xBD, 0xE6, 0x90, 0xDC,
    0xFA, 0x6F, 0x8A, 0x3B, 0x8B, 0x21, 0xCD, 0xDB, 0x94, 0x2D, 0xBD, 0x25, 0x77, 0xEE, 0x60, 0xCB,
    0x6F, 0x26, 0x08, 0x47, 0x48, 0x26, 0xC3, 0xDC, 0xF4, 0xC5, 0xB2, 0x78, 0x94, 0x69, 0xC5, 0xE8,
    0xAA, 0x98, 0xB3, 0xF5, 0xB8, 0x6F, 0x16, 0xC5, 0x98, 0xFE, 0x7E, 0xA8, 0x16, 0x83, 0xD8, 0x91,
    0xBC, 0x2D, 0x86, 0xF0, 0xBF, 0xCA, 0x97, 0x74, 0x09, 0x00, 0x63, 0x9D, 0x2A, 0xBE, 0xE8, 0x28,
    0xBC, 0xBC, 0x82, 0x16, 0x43, 0x97, 0x97, 0xE4, 0xE2, 0xC1, 0xED, 0x06, 0x74, 0x80, 0x6D, 0x4E,
    0x20, 0x2C, 0x06, 0x6D, 0xBA, 0xDA, 0xCE, 0xC0, 0x58, 0x7E, 0x5B, 0x3B, 0x02, 0xAC, 0x76, 0x14,
    0xD7, 0x64, 0xD9, 0x62, 0xF0, 0xF2, 0x9D, 0x24, 0xDE, 0xC1, 0xFD, 0x52, 0xDC, 0xAC, 0x47, 0xBF,
    0x28, 0x19, 0xB7, 0xD6, 0xD6, 0x26, 0xE3, 0xB6, 0x6A, 0x07, 0xC2, 0xB9, 0x48, 0x47, 0x64, 0xF3,
    0x2C, 0x1D, 0xC1, 0xAD, 0x4B, 0x7E, 0x8D, 0x3A, 0x8A, 0x5B, 0xF3, 0xBE, 0xA3, 0x8E, 0xE2, 0x56,
    0xBA, 0x33, 0xFF, 0x46, 0x71, 0x6B, 0x81, 0x97, 0x89, 0x25, 0xDE, 0x40, 0x70, 0xAB, 0x66, 0xF9,
    0x1C, 0xE0, 0xD6, 0x9C, 0xA4, 0x03, 0xDC, 0xEA, 0x27, 0xD2, 0x01, 0x6E, 0x15, 0xD6, 0xBD, 0xE2,
    0x76, 0xCF, 0xAD, 0xD2, 0x01, 0x6E, 0x99, 0x7B, 0x67, 0x0C, 0xB8, 0xED, 0x3E, 0x1A, 0x63, 0xF9,
    0x8B, 0x3A, 0xB4, 0xC0, 0xA3, 0x4E, 0x15, 0x77, 0x8A, 0xD1, 0x8B, 0xD8, 0x81, 0xE7, 0x4E, 0x3B,
    0xC5, 0x58, 0xB0, 0xD0, 0x89, 0x88, 0xE5, 0x4B, 0x05, 0x8D, 0x07, 0xA8, 0x52, 0xD7, 0xF4, 0x8D,
    0x41, 0x45, 0xAF, 0x60, 0xA5, 0x25, 0x50, 0xD1, 0x37, 0xE5, 0x8D, 0x5B, 0xA0, 0xFA, 0x76, 0x86,
    0xCD, 0x0D, 0x50, 0xBD, 0x33, 0xD1, 0x8B, 0x27, 0x85, 0xEA, 0xC7, 0x4B, 0xF2, 0xB0, 0xF3, 0x6B,
    0x98, 0x3A, 0xC9, 0xEB, 0x07, 0x85, 0xEA, 0x4C, 0x9D, 0x7A, 0x54, 0xA8, 0x3A, 0xEA, 0x74, 0x93,
    0x42, 0xD5, 0x24, 0x4D, 0xCE, 0xFB, 0x30, 0xA0, 0xAA, 0xFB, 0xC6, 0x8D, 0x8B, 0x42, 0x55, 0x9D,
    0x76, 0xAE, 0x5F, 0x14, 0xAA, 0x72, 0xCC, 0x9E, 0x40, 0x10, 0x18, 0x2A, 0xBF, 0xDB, 0x03, 0x2A,
    0xA7, 0x9B, 0x34, 0xA0, 0x6A, 0x69, 0x3B, 0xF0, 0x20, 0xF0, 0xD6, 0x7E, 0x0A, 0xB0, 0x39, 0x17,
    0xC0, 0xB9, 0xEF, 0x86, 0x8D, 0x20, 0xC5, 0xED, 0x48, 0x8C, 0x56, 0x85, 0xA6, 0x3E, 0x98, 0xEC,
    0xED, 0x93, 0x5A, 0xDE, 0x12, 0xC0, 0xD4, 0x93, 0xBD, 0xB5, 0xA3, 0xCD, 0x59, 0x94, 0x23, 0x4B,
    0x50, 0xDD, 0xD1, 0x2F, 0x55, 0x80, 0xEA, 0x6F, 0x90, 0xEE, 0x52, 0x50, 0x6A, 0xDA, 0x51, 0x7B,
    0xC5, 0x84, 0xDE, 0xB3, 0x3A, 0x29, 0x24, 0x68, 0x2B, 0x22, 0xD2, 0x56, 0x40, 0x0E, 0xD0, 0xF0,
    0x22, 0x3A, 0x07, 0xA8, 0x78, 0xC0, 0xA1, 0x86, 0x03, 0xD0, 0xA0, 0x76, 0x67, 0x72, 0xB3, 0xEB,
    0xB3, 0xB3, 0x89, 0x4D, 0xD5, 0x57, 0x73, 0x84, 0xC4, 0x60, 0xED, 0x3C, 0xC6, 0x81, 0xB4, 0xE9,
    0x06, 0x07, 0x77, 0xAD, 0xD7, 0x6E, 0x7A, 0x86, 0x46, 0x1F, 0xD6, 0x22, 0xE1, 0x61, 0x9F, 0x22,
    0x88, 0xD0, 0xEB, 0x0E, 0x01, 0x93, 0x56, 0x74, 0xAB, 0xA2, 0xF2, 0x05, 0x20, 0x6A, 0xB8, 0xEC,
    0x93, 0xA5, 0xDD, 0x9B, 0xB8, 0x70, 0x8F, 0xDE, 0xD7, 0x63, 0x93, 0xCF, 0xB0, 0x7D, 0x04, 0x9D,
    0x7E, 0x37, 0x32, 0x0C, 0xBA, 0xB8, 0x48, 0xA5, 0x8A, 0xD9, 0xC3, 0x08, 0x95, 0xAC, 0x0E, 0x7A,
    0x5B, 0x5E, 0x29, 0xC9, 0x79, 0x13, 0xB6, 0x7C, 0x91, 0x0E, 0xBF, 0xE5, 0xB3, 0x06, 0x32, 0xA4,
    0xB2, 0xF5, 0xF7, 0x75, 0x1D, 0x31, 0x56, 0xFC, 0x6D, 0xF7, 0x1E, 0x14, 0x52, 0xDB, 0xEB, 0x3E,
    0x5A, 0x49, 0x0F, 0xDC, 0x39, 0xDE, 0x80, 0xEA, 0x80, 0x25, 0x56, 0xE0, 0xE6, 0x97, 0xD9, 0x76,
    0xB7, 0xFA, 0xE5, 0x2D, 0x9E, 0xF4, 0xD5, 0xAF, 0xF7, 0x63, 0x69, 0x53, 0xEC, 0xCA, 0x41, 0xE6,
    0x69, 0x8D, 0x50, 0x26, 0x78, 0x27, 0x51, 0xE1, 0xC0, 0x39, 0xFD, 0x36, 0x69, 0x84, 0x48, 0xFA,
    0x68, 0x37, 0x72, 0x6C, 0x75, 0x98, 0x7A, 0xFD, 0x2E, 0x76, 0x71, 0x36, 0x3E, 0x14, 0x6D, 0xDE,
    0xFC, 0x7F, 0xE9, 0x75, 0xFA, 0xE6, 0x8A, 0xF7, 0x39, 0x25, 0xB5, 0x73, 0x20, 0x41, 0x53, 0xC4,
    0xDB, 0x64, 0x29, 0x48, 0xCD, 0x7A, 0xCC, 0x9B, 0x3D, 0x9B, 0x1E, 0xB5, 0x57, 0xB4, 0xBC, 0x34,
    0xBF, 0x37, 0x34, 0x7B, 0xC3, 0xBD, 0x3A, 0x95, 0x4F, 0x8A, 0xA1, 0x49, 0x0C, 0x79, 0xDA, 0x6D,
    0x12, 0xED, 0x03, 0x7B, 0x5E, 0xA3, 0x95, 0xF4, 0x05, 0x7D, 0xC7, 0xD2, 0xD9, 0x78, 0xFC, 0xF9,
    0x87, 0xDD, 0xA1, 0xF1, 0x33, 0x80, 0xC5, 0xCA, 0xB6, 0x71, 0xB4, 0x5E, 0x67, 0xBF, 0xEE, 0x64,
    0xC9, 0x1E, 0xBC, 0x8D, 0xEB, 0xE5, 0xFA, 0x05, 0xFD, 0x6B, 0xFF, 0x3E, 0xBF, 0xED, 0x36, 0x37,
    0xBA, 0xD1, 0xE4, 0x1C, 0x1A, 0x77, 0xBD, 0xDB, 0x6E, 0xBB, 0x7E, 0xA6, 0x92, 0xF6, 0x00, 0x60,
    0x74, 0xA2, 0xC8, 0x5C, 0x40, 0x57, 0xB6, 0xCE, 0xD4, 0x49, 0x57, 0x16, 0x04, 0xFD, 0xF0, 0x6D,
    0x74, 0x65, 0x45, 0xA4, 0x6E, 0xAE, 0xB9, 0xAB, 0x93, 0x44, 0x56, 0x15, 0xBA, 0x3A, 0x47, 0xB4,
    0xB3, 0xCA, 0x6F, 0x31, 0x45, 0x3F, 0xE1, 0xB5, 0xC6, 0x5D, 0x9D, 0x21, 0x6C, 0x45, 0xFC, 0x56,
    0x32, 0x41, 0x64, 0xEF, 0xD5, 0x73, 0x98, 0x9F, 0xC6, 0x1D, 0xEA, 0xB5, 0xD9, 0x87, 0x85, 0x31,
    0xD6, 0x5D, 0xB7, 0xF7, 0x2B, 0xA3, 0x3C, 0xD3, 0xB6, 0xB4, 0xF7, 0x93, 0x93, 0xBA, 0x07, 0x6F,
    0x4A, 0x57, 0xB4, 0x76, 0xF3, 0xC1, 0x57, 0xA4, 0x2B, 0xFA, 0xA7, 0x22, 0x4B, 0x30, 0x5A, 0x10,
    0xB9, 0x0E, 0xD0, 0xFE, 0x6D, 0x0D, 0xA2, 0xA4, 0xDD, 0x76, 0xB1, 0x1E, 0x4D, 0x13, 0xF1, 0x34,
    0xEE, 0x37, 0x7D, 0x52, 0xD5, 0xE5, 0x13, 0xD3, 0x47, 0x6C, 0xB9, 0xBA, 0xA9, 0x73, 0xBD, 0xC7,
    0x76, 0x37, 0x65, 0x62, 0x03, 0x2B, 0xB8, 0x0D, 0xB9, 0x1D, 0x13, 0xDB, 0xC0, 0x82, 0x2E, 0x4C,
    0xA1, 0x1E, 0x6A, 0x58, 0x36, 0x28, 0x96, 0x7A, 0x16, 0x46, 0x35, 0x32, 0x49, 0xEA, 0xE9, 0x47,
    0x0F, 0x4E, 0x66, 0x66, 0xB2, 0xD5, 0x4C, 0x4E, 0xD1, 0x41, 0x11, 0xFE, 0x3D, 0xF9, 0xBD, 0xDF,
    0x93, 0xA9, 0x39, 0x91, 0x95, 0xF0, 0x45, 0x53, 0x55, 0x62, 0x9D, 0xB1, 0xCA, 0x06, 0xC8, 0x1F,
    0x2E, 0xEC, 0x4B, 0xE2, 0xF3, 0x80, 0xF2, 0x0F, 0xB0, 0xD8, 0xDD, 0xC4, 0xC2, 0x0F, 0x98, 0xD1,
    0x5F, 0xF1, 0x7D, 0x81, 0x33, 0xFA, 0x8B, 0x8C, 0x87, 0x81, 0x86, 0xD0, 0x2C, 0xB2, 0x0D, 0x31,
    0xD2, 0xED, 0x89, 0x76, 0x2C, 0xDD, 0x31, 0x18, 0x6A, 0xDE, 0x3D, 0xCF, 0xD1, 0x0E, 0x52, 0x18,
    0x4A, 0x7E, 0x2B, 0xA2, 0xEF, 0x79, 0xCD, 0x1E, 0xBA, 0xB6, 0xE3, 0xE8, 0x87, 0xDA, 0x4A, 0x32,
    0x19, 0xB7, 0xBE, 0xAD, 0x28, 0xB3, 0xCE, 0x68, 0xCF, 0x80, 0xCB, 0x92, 0xD9, 0x07, 0xD5, 0xCE,
    0xEF, 0x3B, 0x6D, 0x72, 0xE3, 0x3D, 0x74, 0x45, 0x1C, 0xEC, 0xA9, 0x4B, 0x02, 0x72, 0x36, 0xD9,
    0xBA, 0x85, 0x82, 0x6C, 0xE5, 0xFD, 0xE8, 0xFD, 0xFF, 0x9C, 0x47, 0x4D, 0xAE, 0xCD, 0x40, 0x73,
    0x57, 0xB8, 0x03, 0xCD, 0xC3, 0x29, 0x29, 0xC8, 0x75, 0x3D, 0x15, 0x03, 0x89, 0xD2, 0xA3, 0xAA,
    0xA7, 0x99, 0x4E, 0xDD, 0xD2, 0x7C, 0x95, 0xFF, 0xB0, 0x74, 0x5D, 0x06, 0xB8, 0xEA, 0x73, 0xBA,
    0x8A, 0x0F, 0x9B, 0xE4, 0x07, 0xF1, 0xB0, 0x58, 0x2D, 0xB2, 0x58, 0xC0, 0xCC, 0x29, 0x4F, 0xE2,
    0xA1, 0x73, 0x9F, 0xC7, 0x52, 0x90, 0x3D, 0xD6, 0x8B, 0x7A, 0x73, 0xBA, 0x18, 0x97, 0x0B, 0xD6,
    0x7B, 0xFC, 0xEF, 0xD7, 0x36, 0x66, 0x65, 0xD4, 0x4E, 0xD7, 0xA8, 0x13, 0x3C, 0xC0, 0xC8, 0xCF,
    0x7B, 0x41, 0x27, 0x9B, 0x6E, 0x35, 0x60, 0xBB, 0x5B, 0xD6, 0xC6, 0x16, 0xD8, 0x0D, 0xBA, 0x01,
    0xE2, 0x41, 0x56, 0x5F, 0xD0, 0x0A, 0xAA, 0xE7, 0x74, 0xAB, 0xF9, 0x78, 0xF2, 0x9A, 0x97, 0xDC,
    0x8D, 0xC5, 0x2B, 0xDE, 0x24, 0x9D, 0x3B, 0xAF, 0x77, 0x69, 0x0D, 0x34, 0xC1, 0xD3, 0xCA, 0xA7,
    0x9D, 0xD7, 0xBA, 0x34, 0x06, 0x82, 0xD8, 0x1C, 0x81, 0x6A, 0xE4, 0x8F, 0x53, 0x47, 0xA0, 0x3D,
    0x15, 0xDE, 0xA0, 0xA5, 0x8D, 0xB8, 0xF0, 0x06, 0x2D, 0xA9, 0xC6, 0xC2, 0x0C, 0x5A, 0xFE, 0x7F,
    0x69, 0x06, 0x2D, 0x1B, 0x22, 0x22, 0x64, 0xF4, 0xDF, 0x54, 0xFD, 0x7C, 0x91, 0x72, 0x87, 0x65,
    0x6C, 0x10, 0x0C, 0x59, 0xB0, 0x47, 0x2A, 0x17, 0xA9, 0xDA, 0xCC, 0xC5, 0x96, 0x6E, 0xCD, 0x2A,
    0xB9, 0xBB, 0x5D, 0x95, 0xF6, 0x1B, 0x53, 0x25, 0x6C, 0x20, 0x57, 0x1B, 0x25, 0x7A, 0x95, 0xC4,
    0x2A, 0xF4, 0x2A, 0x89, 0x15, 0xE8, 0x55, 0x92, 0x1A, 0x62, 0xDF, 0x9D, 0xA9, 0x57, 0x7B, 0xEF,
    0x74, 0xA1, 0x1E, 0xA1, 0x68, 0xAA, 0x33, 0x39, 0xF2, 0x48, 0x15, 0xB4, 0x2E, 0xE9, 0xCA, 0x67,
    0xDE, 0x0D, 0x20, 0x73, 0xD6, 0xFD, 0x68, 0xF2, 0x4A, 0xF3, 0x50, 0xBB, 0x2F, 0xCC, 0x5E, 0x65,
    0xF6, 0xC5, 0x9C, 0xCE, 0x06, 0x1C, 0x63, 0x83, 0x9E, 0xA8, 0xCB, 0x49, 0x03, 0x14, 0xD8, 0x26,
    0x78, 0x49, 0xE7, 0x93, 0x5F, 0xA6, 0xF4, 0xCD, 0xCB, 0xE0, 0x0D, 0xD0, 0x0B, 0x9A, 0x53, 0x8C,
    0x58, 0x24, 0xDF, 0xA9, 0xDB, 0x98, 0x2A, 0xF7, 0x79, 0x45, 0xBD, 0xAA, 0x99, 0x7B, 0x88, 0x8C,
    0xBA, 0x43, 0x64, 0xE6, 0x1E, 0x22, 0x33, 0xF7, 0x50, 0x07, 0x33, 0xF7, 0xB0, 0x8B, 0xCC, 0xDC,
    0x2A, 0x36, 0x73, 0x77, 0xB7, 0x98, 0xB9, 0x65, 0x6C, 0xE6, 0x9E, 0x82, 0x99, 0x5B, 0x45, 0x66,
    0x6E, 0x1D, 0x99, 0xB9, 0x6D, 0x30, 0x73, 0x65, 0x85, 0xBE, 0xC0, 0xCC, 0x0D, 0x3A, 0xAA, 0xDB,
    0xAC, 0xC7, 0x22, 0xB6, 0x12, 0x0A, 0xEF, 0x19, 0x65, 0xEE, 0x54, 0x98, 0x47, 0xB9, 0xD4, 0xE4,
    0x29, 0x99, 0x47, 0x39, 0xD3, 0xE3, 0x0D, 0x51, 0x9B, 0xD8, 0xC3, 0xEB, 0xF7, 0xCC, 0xA3, 0x64,
    0x8F, 0xFA, 0x99, 0x79, 0x94, 0x3C, 0x6B, 0xCE, 0x3C, 0x4A, 0x9E, 0xCC, 0x76, 0x0C, 0xD6, 0x18,
    0xBB, 0x25, 0x8A, 0xD4, 0xCA, 0xEE, 0x8C, 0xD7, 0xF1, 0x27, 0x5E, 0x3F, 0x8A, 0x55, 0x43, 0x08,
    0x7A, 0x51, 0xAA, 0xD0, 0xB1, 0x38, 0x47, 0x97, 0x84, 0x05, 0x48, 0x72, 0x1A, 0x16, 0xA0, 0x78,
    0x7A, 0xC1, 0xE2, 0x2D, 0xC6, 0xC8, 0xE0, 0x2D, 0xC6, 0x68, 0xAF, 0x2F, 0x22, 0x8F, 0x52, 0x3B,
    0xC1, 0x55, 0x7C, 0xE9, 0x4E, 0xBC, 0x71, 0xED, 0x43, 0xAB, 0x8D, 0x9D, 0x05, 0x76, 0x3B, 0x6D,
    0xC1, 0x05, 0x63, 0xD6, 0x7D, 0x61, 0x15, 0x71, 0xDA, 0x37, 0xDF, 0xA7, 0x85, 0x5A, 0xD2, 0xB2,
    0xE0, 0x99, 0xA3, 0x1D, 0x87, 0x35, 0x43, 0x75, 0x26, 0xC9, 0x2F, 0xD8, 0xDE, 0xAF, 0x38, 0xC6,
    0x85, 0x2D, 0xA9, 0xE9, 0x69, 0xA5, 0x90, 0x47, 0x30, 0xB3, 0x97, 0x3D, 0xD1, 0x6E, 0x52, 0x4C,
    0xE4, 0x6D, 0xB1, 0x1A, 0x58, 0x93, 0x6F, 0xD7, 0x6E, 0xCF, 0x62, 0x4E, 0xC2, 0x51, 0xD5, 0x3D,
    0xCF, 0x39, 0x6F, 0xAA, 0xD5, 0xE9, 0x0F, 0x78, 0xE0, 0x27, 0xDB, 0x05, 0x58, 0x39, 0x09, 0x0C,
    0xD9, 0x2A, 0x3F, 0x97, 0x6F, 0xD7, 0xF5, 0x6A, 0xD2, 0x9B, 0x53, 0x94, 0x05, 0x7D, 0x7B, 0xFF,
    0xBA, 0xE2, 0x48, 0xE3, 0xF1, 0xA7, 0x93, 0xC9, 0x4D, 0xE9, 0x4E, 0x64, 0xC7, 0x69, 0xA7, 0x71,
    0x4B, 0x0A, 0x81, 0x61, 0xB9, 0xA1, 0xFF, 0xA7, 0x6E, 0x12, 0xB9, 0x49, 0xCF, 0x49, 0xFB, 0x15,
    0x8B, 0xE0, 0xD0, 0xC0, 0x76, 0xDF, 0xF1, 0x11, 0x1C, 0x1A, 0xFE, 0x77, 0x2C, 0x82, 0x43, 0x12,
    0x85, 0x8E, 0x2C, 0xB0, 0x33, 0x5E, 0xA6, 0x72, 0xF3, 0x2F, 0x93, 0xE6, 0x2B, 0x21, 0x82, 0x93,
    0xF2, 0x4B, 0x6D, 0xE3, 0xAE, 0xD9, 0xBC, 0x57, 0xB9, 0xD9, 0x91, 0xB4, 0xF8, 0x08, 0xCE, 0x6E,
    0xC5, 0xDE, 0xAB, 0x1B, 0xD0, 0x59, 0x3A, 0x90, 0x9B, 0xD2, 0x0D, 0xA9, 0x8F, 0xE0, 0x24, 0xBB,
    0x73, 0x1A, 0x22, 0x38, 0x89, 0xFB, 0x4A, 0x14, 0xC1, 0xD9, 0x7D, 0x18, 0x45, 0x70, 0xF2, 0xD8,
    0x3A, 0x49, 0xBA, 0xB8, 0x53, 0xC7, 0x9D, 0x8D, 0x91, 0x92, 0x3F, 0x27, 0x82, 0xB3, 0xD9, 0xC4,
    0x37, 0x7B, 0xB8, 0x79, 0x42, 0x4D, 0xEC, 0x6C, 0x36, 0xB1, 0xAF, 0x49, 0x9D, 0xD2, 0x5B, 0xD6,
    0x6C, 0xBD, 0x9F, 0x0C, 0xB7, 0x86, 0x86, 0x17, 0x22, 0x38, 0x64, 0x8B, 0xF8, 0xF5, 0xD6, 0x64,
    0xEE, 0x1B, 0xDE, 0xE9, 0x69, 0xAA, 0x25, 0x78, 0x99, 0x4D, 0x73, 0xDA, 0x79, 0x27, 0xB3, 0xD1,
    0x8D, 0x4E, 0x6C, 0xE9, 0x59, 0xCC, 0x27, 0xE0, 0xC6, 0xDB, 0xAF, 0xB7, 0xA3, 0x77, 0x07, 0xE9,
    0x00, 0xB7, 0xD4, 0xAC, 0x2C, 0x5D, 0x6F, 0x75, 0x1C, 0x51, 0xDC, 0xC5, 0xB2, 0xB4, 0x71, 0x63,
    0x36, 0x3E, 0x4B, 0x75, 0x8A, 0x41, 0x3C, 0x5D, 0xC2, 0x6D, 0x21, 0xA1, 0xAD, 0x0C, 0xB7, 0x25,
    0x77, 0xDC, 0x51, 0x79, 0x2B, 0xD7, 0x43, 0xF5, 0x17, 0x66, 0x28, 0xF0, 0x5A, 0xEA, 0x0D, 0x37,
    0x6A, 0xC1, 0x3A, 0x02, 0x6E, 0xE5, 0xB0, 0x63, 0x05, 0x29, 0xB8, 0xE5, 0x4F, 0xA1, 0x2D, 0xD5,
    0x50, 0x70, 0xEE, 0x7F, 0x7A, 0x97, 0x91, 0x70, 0xA9, 0xBC, 0xD2, 0xE3, 0xF5, 0x66, 0x86, 0xC2,
    0x5F, 0xD2, 0xD0, 0x3D, 0x6E, 0x1F, 0x3A, 0x19, 0x82, 0xE0, 0xE6, 0x0E, 0x49, 0xF0, 0xCD, 0xBB,
    0xB3, 0x74, 0x64, 0x5F, 0x57, 0xAF, 0x5D, 0xE4, 0xAD, 0x9D, 0xE5, 0xBB, 0x41, 0xDE, 0x8A, 0x55,
    0x3A, 0x82, 0x5B, 0xF7, 0xFD, 0x3E, 0x8A, 0x7C, 0x7D, 0xD0, 0xC7, 0x7E, 0x47, 0xD4, 0x49, 0xE3,
    0x8E, 0x0C, 0xCE, 0x9B, 0x14, 0x71, 0xE7, 0xF5, 0x83, 0xC9, 0xDB, 0x60, 0x4F, 0x95, 0xB2, 0x53,
    0x64, 0xA8, 0xD5, 0x62, 0xB4, 0x16, 0x6A, 0xFC, 0x76, 0x62, 0x42, 0x54, 0xA4, 0xCB, 0x11, 0xB7,
    0x9F, 0x33, 0x89, 0xA4, 0xEE, 0xE9, 0xF5, 0x67, 0x42, 0x81, 0xFF, 0xEE, 0x28, 0x3F, 0xA7, 0x27,
    0xBD, 0xFC, 0x0B, 0xFC, 0x73, 0xF2, 0xB2, 0x7E, 0x34, 0xE1, 0x18, 0xAB, 0x5C, 0x27, 0x51, 0x39,
    0xE4, 0xCC, 0x60, 0xE2, 0xC5, 0x55, 0xAF, 0x1F, 0x57, 0xF2, 0x53, 0xF7, 0xE6, 0x24, 0x2A, 0xEA,
    0x27, 0x13, 0xF6, 0xD5, 0xC2, 0xC9, 0x33, 0x69, 0xF1, 0xF3, 0x29, 0xA9, 0xE4, 0xF7, 0x6A, 0x05,
    0xD0, 0x22, 0x7E, 0xEB, 0x86, 0xC1, 0x2A, 0x22, 0xB2, 0xD9, 0xA2, 0xCA, 0xDE, 0xCB, 0xC8, 0x8E,
    0xCF, 0x50, 0x4E, 0xD6, 0x63, 0x27, 0xCB, 0x9D, 0x54, 0x4A, 0x68, 0x90, 0xE7, 0xD2, 0x5B, 0x48,
    0xBB, 0x29, 0x71, 0x5F, 0x3C, 0x99, 0x9C, 0x10, 0x8E, 0xF5, 0x9F, 0x9E, 0xCC, 0x42, 0xE2, 0xAD,
    0xF2, 0xD9, 0xC9, 0xC7, 0x96, 0x11, 0xD0, 0x57, 0x51, 0xF9, 0x0E, 0x6F, 0x6D, 0xB4, 0xE0, 0x54,
    0x56, 0x5A, 0xF7, 0xC6, 0x42, 0x56, 0x89, 0x0A, 0xCB, 0x67, 0x76, 0x7F, 0x36, 0x86, 0xD0, 0x02,
    0xC1, 0xD8, 0x97, 0x91, 0x5D, 0xB9, 0x42, 0xB0, 0xD5, 0xB0, 0xDC, 0xCD, 0x22, 0xE6, 0xA2, 0xD8,
    0x48, 0x1C, 0xD0, 0xD3, 0xF8, 0xFD, 0x5E, 0x7A, 0x22, 0x32, 0xFF, 0xD4, 0x16, 0x44, 0x33, 0xC4,
    0xCB, 0xA3, 0xDA, 0xF4, 0x2C, 0xCE, 0xBC, 0x5D, 0x3A, 0xAF, 0xDA, 0xBB, 0xB6, 0x57, 0x5D, 0x8B,
    0x37, 0x5F, 0x8B, 0x38, 0xBB, 0x60, 0x21, 0x0C, 0x49, 0xBC, 0x67, 0xB1, 0x89, 0x2C, 0xF1, 0x24,
    0xAC, 0x3E, 0x72, 0x6F, 0x0A, 0xE8, 0x18, 0x35, 0xD4, 0x6B, 0x9A, 0x7D, 0x17, 0x8E, 0x45, 0xF2,
    0xA5, 0x78, 0xB7, 0xF3, 0x7B, 0x57, 0xB2, 0x5B, 0x8A, 0x81, 0x7C, 0x4E, 0x05, 0x96, 0xB4, 0x49,
    0x31, 0x84, 0x7D, 0x7F, 0xE7, 0xD8, 0x7C, 0x39, 0x1A, 0xB4, 0xF4, 0x67, 0xD4, 0x6D, 0xFD, 0x5A,
    0x4C, 0xB4, 0xAB, 0xAB, 0xF1, 0x31, 0x77, 0x57, 0xBF, 0x8F, 0x91, 0x79, 0x31, 0xB4, 0x5E, 0x03,
    0xDC, 0xE7, 0x77, 0x16, 0x99, 0x05, 0xBE, 0xBB, 0x95, 0xBA, 0xD1, 0x01, 0x49, 0xF7, 0xBD, 0x21,
    0xB8, 0xA9, 0xF4, 0xC3, 0x8F, 0x37, 0x31, 0xB0, 0x6C, 0x1B, 0x12, 0x0B, 0x7A, 0x5F, 0x57, 0xD7,
    0xB6, 0x5B, 0x0D, 0x37, 0x7D, 0x31, 0x05, 0xF6, 0x64, 0xCF, 0x36, 0xD8, 0xF1, 0x2F, 0x3E, 0x5B,
    0x6B, 0xF5, 0x6C, 0x8D, 0x0C, 0x09, 0x9C, 0xAD, 0x31, 0x42, 0x38, 0x5B, 0x5B, 0xF4, 0x6C, 0xED,
    0x0C, 0x07, 0x14, 0x7A, 0x31, 0xED, 0x68, 0x16, 0xE5, 0x6C, 0x6D, 0x14, 0x6B, 0xED, 0x3D, 0xDE,
    0xB5, 0x70, 0xB6, 0x86, 0x9D, 0xE4, 0x64, 0x31, 0x79, 0x79, 0xE2, 0x6C, 0x2D, 0x91, 0xB3, 0x35,
    0xF5, 0xC9, 0xC7, 0x6D, 0xE8, 0xDD, 0xA2, 0xEE, 0x38, 0x5B, 0xDB, 0x08, 0xC8, 0xB0, 0xED, 0x6D,
    0xA4, 0xE5, 0x14, 0xC2, 0x47, 0x1B, 0x0F, 0x25, 0xD9, 0x78, 0x28, 0x8F, 0x93, 0x7B, 0xC1, 0x43,
    0x21, 0x03, 0xB3, 0xE9, 0xBD, 0x49, 0x49, 0x66, 0x43, 0xEB, 0xD7, 0xDF, 0x92, 0xCF, 0x69, 0x50,
    0x72, 0xE7, 0x6C, 0x29, 0xC8, 0x17, 0xF4, 0x1E, 0x8A, 0xE3, 0xD3, 0x71, 0xEF, 0xA1, 0x74, 0xEE,
    0xB0, 0x04, 0x0F, 0xA5, 0x9C, 0xC3, 0x11, 0x0F, 0xB6, 0xE1, 0x60, 0x21, 0x8C, 0xDA, 0x13, 0x0F,
    0x85, 0x1D, 0x4C, 0x6F, 0x23, 0xA4, 0xE7, 0x8D, 0x87, 0x42, 0x92, 0x12, 0x79, 0x28, 0x35, 0xBE,
    0x59, 0x38, 0x3D, 0x8B, 0x3D, 0x94, 0x64, 0xEB, 0xA1, 0xBC, 0xCE, 0x73, 0xFA, 0xFC, 0x03, 0xE8,
    0xD2, 0xE2, 0x28, 0x8C, 0xCF, 0x12, 0x9D, 0xDE, 0xC8, 0xFA, 0xC1, 0xF1, 0x27, 0xAF, 0x1C, 0xB5,
    0x93, 0xCA, 0x61, 0x09, 0x47, 0x10, 0x82, 0xC0, 0xE8, 0x6D, 0x23, 0x19, 0xF7, 0xBB, 0x38, 0x64,
    0xC0, 0x90, 0x7B, 0x3F, 0x5A, 0x09, 0xE5, 0x0C, 0xFE, 0x8C, 0xFB, 0x91, 0x9E, 0x62, 0xB9, 0xD5,
    0x1A, 0x38, 0x9B, 0xE6, 0xE8, 0xF7, 0x6E, 0x96, 0xC6, 0x21, 0x5B, 0xD1, 0x20, 0xCF, 0x56, 0x0E,
    0xD7, 0x69, 0xD7, 0xAE, 0x16, 0x0D, 0x06, 0xA8, 0xD1, 0x43, 0xC3, 0xFB, 0xBD, 0x48, 0x28, 0x22,
    0x73, 0x27, 0x32, 0x76, 0x00, 0xCF, 0xD1, 0xC7, 0x72, 0x32, 0xF7, 0x38, 0x9C, 0x5A, 0xB9, 0x83,
    0x6D, 0x89, 0x8E, 0x94, 0x84, 0xB8, 0x46, 0xEB, 0xF1, 0xFE, 0x59, 0x59, 0x00, 0x87, 0x23, 0x6D,
    0x93, 0xDC, 0x24, 0x4C, 0x8E, 0xF4, 0xDD, 0x2A, 0xC4, 0x58, 0xA8, 0x59, 0xF1, 0x6C, 0xF2, 0x31,
    0xF6, 0x91, 0xB0, 0x28, 0x4F, 0x08, 0x1B, 0xA0, 0xC9, 0x7E, 0xFA, 0x8C, 0x17, 0xF0, 0x47, 0xDC,
    0x77, 0xFB, 0x63, 0x29, 0x11, 0x2D, 0x5A, 0xB5, 0x47, 0x72, 0x3A, 0xE4, 0xB0, 0x6A, 0x39, 0xDA,
    0x21, 0x56, 0xBA, 0x1E, 0xFD, 0x22, 0x6C, 0x56, 0xDF, 0xAC, 0x56, 0xEF, 0x11, 0xE4, 0x6B, 0x74,
    0x8E, 0xCA, 0xEF, 0x23, 0xFA, 0x77, 0xC5, 0xB9, 0x91, 0x5F, 0xF4, 0xCB, 0x46, 0x69, 0xDD, 0xC1,
    0x77, 0x38, 0x25, 0xD7, 0x08, 0x21, 0x7C, 0x68, 0xEF, 0x43, 0x8E, 0xAD, 0xB7, 0x2D, 0x9B, 0xCC,
    0xBC, 0xA0, 0xE6, 0xDF, 0x99, 0x5A, 0x6B, 0x3A, 0xB6, 0xFF, 0xE0, 0x3B, 0x9C, 0x25, 0xB0, 0x41,
    0x3F, 0x63, 0x7F, 0xA2, 0x20, 0x45, 0xD8, 0x37, 0xA7, 0x94, 0x5B, 0x64, 0x4F, 0x34, 0x07, 0x78,
    0x1B, 0x88, 0xE0, 0xB2, 0x87, 0x06, 0xCE, 0x07, 0xFB, 0x13, 0x88, 0xFA, 0x50, 0x6B, 0xCF, 0x0E,
    0xC3, 0x3F, 0x3E, 0x37, 0xFB, 0xFF, 0x03, 0xD9, 0xB5, 0xE0, 0x52, 0xED, 0x5B, 0x34, 0x59, 0x69,
    0x58, 0xB8, 0xAD, 0x6F, 0x35, 0x21, 0xCC, 0xE9, 0xCE, 0xF6, 0xD4, 0x11, 0x2E, 0x51, 0x54, 0x2D,
    0x73, 0x4F, 0x6C, 0x03, 0x3C, 0xC1, 0xE9, 0xC0, 0xAF, 0x53, 0x77, 0x6E, 0x0A, 0x84, 0x8B, 0x0F,
    0x0D, 0x07, 0x54, 0xC9, 0x2E, 0x68, 0xD8, 0x6C, 0x24, 0x1D, 0xDB, 0xF0, 0xCC, 0x93, 0xD3, 0x83,
    0x67, 0xC9, 0x27, 0x68, 0x6C, 0x4E, 0xDE, 0x5F, 0x1B, 0xD1, 0xE9, 0x9D, 0x13, 0xD0, 0x2B, 0xC7,
    0x7E, 0x71, 0xAD, 0xD1, 0x15, 0x77, 0xDE, 0x75, 0x62, 0x71, 0x74, 0x0E, 0x16, 0xC6, 0x0E, 0x50,
    0x92, 0xE5, 0x31, 0xB5, 0x78, 0xF2, 0xC6, 0xC0, 0x8B, 0x3C, 0xC3, 0x33, 0x25, 0x61, 0x69, 0x34,
    0x96, 0xFB, 0x59, 0xCC, 0xC1, 0xAD, 0x31, 0xF5, 0x7F, 0xBD, 0x0D, 0xB0, 0x77, 0x16, 0x51, 0xA8,
    0xC9, 0x9B, 0xB5, 0xA9, 0xFD, 0x8E, 0x5B, 0x1B, 0x1F, 0x6F, 0xF8, 0x28, 0x0A, 0x38, 0xA4, 0xB4,
    0xE7, 0x38, 0xBF, 0xF7, 0x75, 0x87, 0xDC, 0xF9, 0x60, 0x16, 0x7D, 0xB2, 0xF3, 0x3A, 0xB2, 0x85,
    0xF3, 0x6F, 0x36, 0x6A, 0xCF, 0x24, 0x1B, 0xD9, 0xF7, 0xD8, 0x70, 0x6A, 0xBC, 0x2F, 0xFD, 0x11,
    0xD9, 0xEA, 0xB6, 0xEB, 0xB9, 0x9E, 0x3B, 0xBA, 0xEE, 0x9F, 0x24, 0xF7, 0xA9, 0x63, 0x36, 0x87,
    0x82, 0x2F, 0x26, 0x87, 0x76, 0xCC, 0x97, 0x4E, 0x9A, 0xF8, 0xF4, 0xA8, 0x89, 0xED, 0x8D, 0x26,
    0xD6, 0x5D, 0x4D, 0x6C, 0x6D, 0x34, 0xB7, 0x9E, 0x2A, 0xDC, 0xB1, 0x13, 0xAD, 0x87, 0xEE, 0x7A,
    0x7C, 0x66, 0xC5, 0x8C, 0x37, 0x12, 0x80, 0x2D, 0xE5, 0x48, 0x65, 0x77, 0x28, 0x26, 0xF9, 0x6E,
    0x73, 0x8E, 0xC3, 0x2A, 0xD2, 0x86, 0x7B, 0xEC, 0x97, 0xD4, 0x3D, 0xDD, 0x87, 0x5D, 0x3F, 0x91,
    0x5E, 0x6A, 0xD2, 0x8E, 0x96, 0x76, 0xCE, 0xAE, 0x52, 0x35, 0x40, 0x2F, 0x32, 0x53, 0x29, 0x4D,
    0x84, 0xA7, 0x34, 0xF2, 0x7A, 0xDD, 0x4B, 0xA3, 0x74, 0x53, 0x23, 0x31, 0x20, 0x92, 0xBC, 0x1C,
    0x66, 0xDE, 0xFF, 0x75, 0x2D, 0x62, 0x8D, 0xCD, 0xBE, 0x76, 0x39, 0x08, 0x3C, 0xFB, 0x42, 0xD6,
    0xDF, 0xAF, 0xEF, 0x53, 0x77, 0x23, 0x9E, 0xD9, 0xC4, 0x0D, 0x1B, 0xC5, 0xEA, 0x1B, 0x6D, 0x14,
    0x6B, 0x2A, 0x06, 0x0D, 0x2E, 0x73, 0x50, 0xAF, 0x15, 0xBB, 0x7B, 0x12, 0x4B, 0x05, 0x87, 0x8E,
    0xFC, 0x75, 0xDE, 0x1F, 0xBA, 0x9E, 0x1A, 0xDD, 0xB9, 0x18, 0xAA, 0xA1, 0xE5, 0x4D, 0xAD, 0xA0,
    0x11, 0xB4, 0xBC, 0xA5, 0x49, 0x83, 0xE6, 0xB9, 0x18, 0x32, 0x6A, 0x64, 0x6E, 0x94, 0x9F, 0x24,
    0x0F, 0xC8, 0x68, 0x71, 0xDC, 0x48, 0xDD, 0xD7, 0x68, 0x6F, 0xE7, 0x37, 0xDC, 0x7D, 0x3C, 0x1C,
    0xF1, 0xCE, 0xB9, 0xB3, 0x0F, 0x25, 0xB5, 0x8C, 0xDD, 0x63, 0xDF, 0xBC, 0x4F, 0x9E, 0x3A, 0xEF,
    0x67, 0x1C, 0x44, 0xE3, 0xC6, 0x5C, 0xEA, 0xC1, 0x0E, 0x23, 0x89, 0xB1, 0x32, 0xD7, 0x09, 0x63,
    0x05, 0x21, 0xE8, 0x61, 0xAC, 0xDE, 0xA7, 0xB8, 0xDD, 0xDE, 0x64, 0x1E, 0x98, 0xD7, 0x0B, 0xD1,
    0xE6, 0x1D, 0x5D, 0x25, 0xBB, 0xC0, 0xC6, 0xA1, 0xC1, 0x34, 0x18, 0x8D, 0xEA, 0xB3, 0x1E, 0xAA,
    0xC9, 0x9B, 0xD3, 0xAC, 0x09, 0x54, 0xAA, 0x1F, 0x26, 0x70, 0x39, 0x20, 0xD4, 0x9F, 0xE7, 0x08,
    0xA6, 0x19, 0xD2, 0x88, 0x66, 0x7A, 0x91, 0x3E, 0x07, 0x89, 0xCE, 0x96, 0x20, 0xD0, 0x88, 0xCA,
    0x43, 0x9E, 0xD7, 0x6F, 0x89, 0x54, 0xE3, 0x1C, 0xC2, 0x85, 0xD3, 0x9E, 0x4E, 0x85, 0x9D, 0x85,
    0x59, 0xA2, 0x15, 0x7E, 0xDF, 0xDD, 0x5F, 0xE6, 0x19, 0x14, 0x71, 0x78, 0xBC, 0x8B, 0x9C, 0xAD,
    0x5D, 0xF4, 0xA2, 0xFC, 0x74, 0xAB, 0x19, 0xFD, 0x77, 0x81, 0xDB, 0x3B, 0x05, 0x6E, 0xEF, 0xF4,
    0xEF, 0xDE, 0x7E, 0x43, 0xE0, 0xDA, 0x18, 0x94, 0xF5, 0x78, 0xFB, 0xEF, 0xEE, 0xED, 0x93, 0xBF,
    0x0B, 0x0D, 0xDF, 0x0C, 0x0D, 0x5F, 0xFE, 0x97, 0x3E, 0x8A, 0x84, 0x3F, 0x3A, 0x0E, 0x8A, 0x6C,
    0x9A, 0x40, 0x32, 0xD5, 0xD7, 0xDF, 0x8D, 0xA6, 0x14, 0xB9, 0x8C, 0x81, 0xA6, 0xE4, 0xCE, 0x11,
    0x4D, 0x29, 0x13, 0xE3, 0xCC, 0x3B, 0x8B, 0x81, 0xA6, 0x44, 0x3B, 0x4C, 0x1E, 0x3B, 0x8A, 0x81,
    0xA6, 0x04, 0x67, 0x28, 0x72, 0x12, 0x03, 0x4D, 0xA9, 0x1B, 0x22, 0x9A, 0x92, 0x4B, 0x22, 0x9A,
    0x52, 0x37, 0x45, 0x34, 0xA5, 0xC6, 0x1D, 0x02, 0x4D, 0xE9, 0xBE, 0x9B, 0x03, 0x4D, 0x89, 0x7E,
    0x1F, 0xD1, 0x94, 0x92, 0xEE, 0x8F, 0x83, 0x7C, 0x3F, 0xAA, 0x3E, 0x1E, 0x43, 0xC8, 0x2F, 0x0D,
    0x87, 0x37, 0xE5, 0x12, 0x6D, 0x1F, 0xC5, 0x12, 0x6F, 0x13, 0x8F, 0x74, 0x81, 0x58, 0x4C, 0xBE,
    0x38, 0x25, 0xBF, 0x92, 0x64, 0x87, 0xC2, 0x0D, 0xCD, 0x9E, 0xB5, 0x3B, 0xA9, 0xBB, 0x7A, 0x29,
    0x48, 0x93, 0xEF, 0x59, 0x11, 0xD0, 0xF7, 0x5A, 0x5B, 0x7A, 0x54, 0xA4, 0xAC, 0xE8, 0xC1, 0x11,
    0xE4, 0x02, 0x5F, 0xA3, 0x95, 0xC7, 0x8A, 0x47, 0xB1, 0xF0, 0x23, 0xED, 0xC6, 0x02, 0xBB, 0xDB,
    0x01, 0xDA, 0x66, 0x86, 0xD2, 0x69, 0x26, 0x3C, 0x6A, 0xF9, 0x21, 0x59, 0x55, 0x78, 0xE4, 0xAB,
    0xBE, 0xCB, 0xD7, 0xE4, 0xBC, 0xEA, 0xCF, 0x87, 0xD8, 0xA7, 0xED, 0x46, 0x59, 0xA0, 0xEA, 0x0D,
    0x8E, 0xF8, 0xD5, 0xB3, 0x01, 0xDA, 0x0B, 0x7F, 0xE7, 0x4E, 0x78, 0x74, 0x7B, 0x3C, 0x9A, 0x19,
    0x8F, 0xFB, 0x4E, 0x1C, 0xE6, 0xDD, 0x33, 0x79, 0x17, 0x7D, 0xB3, 0x7A, 0x48, 0xE2, 0x20, 0xBC,
    0xED, 0x9D, 0x05, 0x2F, 0x77, 0x19, 0x38, 0xC7, 0x90, 0x31, 0x74, 0x6E, 0x60, 0xF0, 0x24, 0x05,
    0x3A, 0x7C, 0x26, 0x61, 0x00, 0x80, 0xC6, 0x20, 0xB8, 0x32, 0x10, 0x16, 0x83, 0x61, 0x31, 0x20,
    0x16, 0x83, 0x62, 0x31, 0x30, 0x16, 0x83, 0xE3, 0xCA, 0x00, 0x39, 0x1A, 0x24, 0x8D, 0x81, 0xD2,
    0x18, 0x2C, 0x8D, 0x01, 0xD3, 0x18, 0x34, 0x8D, 0x81, 0xD3, 0x18, 0x3C, 0xAD, 0x39, 0xFB, 0xAB,
    0x0E, 0x4E, 0xC3, 0xBE, 0xD5, 0xE0, 0x27, 0xDF, 0x47, 0xE9, 0xFE, 0x40, 0xCD, 0xDD, 0xFD, 0xB5,
    0xE9, 0x26, 0xA3, 0x62, 0xC0, 0x3C, 0x57, 0x33, 0x1E, 0x8D, 0x4C, 0xB7, 0xC3, 0x47, 0x13, 0x04,
    0x98, 0xEE, 0x11, 0xD3, 0xBD, 0xDA, 0x74, 0x1F, 0xF1, 0x48, 0x31, 0xCF, 0xC9, 0x0E, 0x80, 0xFF,
    0x8E, 0xCC, 0x42, 0xB7, 0x8A, 0x71, 0x31, 0xC8, 0x74, 0x4B, 0xAF, 0x74, 0x03, 0x5E, 0x59, 0xF3,
    0x1F, 0xFC, 0x73, 0x9A, 0xCA, 0x37, 0x64, 0xC0, 0x7F, 0x82, 0x11, 0x14, 0xCF, 0xF0, 0x60, 0x51,
    0x6F, 0x74, 0x97, 0xEE, 0xEF, 0xAD, 0xB4, 0x5B, 0xD2, 0xF2, 0x23, 0x2B, 0x44, 0xCE, 0xE0, 0xF9,
    0x24, 0xF4, 0x89, 0x85, 0x35, 0x74, 0x27, 0x55, 0x53, 0x30, 0x7B, 0x84, 0x33, 0xE6, 0xDA, 0x2B,
    0xB0, 0xD6, 0xCD, 0xBE, 0xC3, 0x51, 0x8A, 0x9D, 0x79, 0x79, 0x24, 0xFA, 0xF0, 0x8B, 0xB1, 0x71,
    0x91, 0x60, 0x40, 0x37, 0x77, 0x4F, 0xB0, 0x67, 0x2E, 0x19, 0x1C, 0x59, 0x04, 0x95, 0x69, 0xA1,
    0x3B, 0x2C, 0x78, 0x76, 0xB2, 0xC9, 0x54, 0xE1, 0x00, 0xF6, 0xDB, 0xFF, 0x55, 0xE8, 0x0F, 0xC9,
    0x6B, 0x05, 0xD3, 0x72, 0x40, 0x42, 0x6B, 0x31, 0x42, 0x72, 0xE1, 0x61, 0xC8, 0x61, 0x04, 0x35,
    0xFB, 0x33, 0xB4, 0x17, 0xC0, 0x11, 0x23, 0x07, 0x75, 0x16, 0xB2, 0x37, 0x7E, 0xC3, 0x1D, 0xFE,
    0xE8, 0x76, 0xD5, 0x97, 0xBD, 0x86, 0xB0, 0xC6, 0xA9, 0xFE, 0xAA, 0x9F, 0xAD, 0x7A, 0xAE, 0xDF,
    0xF4, 0xAA, 0x27, 0x73, 0xF5, 0x9B, 0x41, 0xD3, 0xB7, 0x6F, 0x47, 0x4E, 0x7C, 0x15, 0x7B, 0xF4,
    0xF9, 0xE6, 0x9C, 0x64, 0xD3, 0xD9, 0x50, 0x41, 0xB6, 0xDC, 0xD8, 0xDD, 0x96, 0x77, 0x8C, 0x63,
    0x7A, 0x65, 0x1D, 0x33, 0x82, 0x89, 0x72, 0x8E, 0x53, 0xF1, 0xF1, 0xC1, 0x38, 0x06, 0x7E, 0xCA,
    0x37, 0x06, 0x7C, 0xCA, 0x36, 0x06, 0x7A, 0xCA, 0x35, 0x06, 0x78, 0xCA, 0x34, 0x16, 0xEC, 0x84,
    0x67, 0x0C, 0xE8, 0x94, 0x65, 0xAC, 0x76, 0x20, 0x38, 0xC6, 0xE2, 0xB1, 0x0A, 0xC3, 0x98, 0x71,
    0x4B, 0x8C, 0x5F, 0xCC, 0xB0, 0x19, 0xBB, 0x18, 0x13, 0xA6, 0xDC, 0xE2, 0xD7, 0x20, 0xF2, 0x6B,
    0x08, 0xE8, 0x7B, 0x5E, 0x71, 0xCC, 0x2A, 0x8E, 0x39, 0xC5, 0x37, 0x18, 0xC5, 0x31, 0x23, 0x61,
    0xC3, 0x26, 0x8E, 0xB9, 0xC4, 0x17, 0x98, 0xC4, 0xF9, 0xE0, 0x99, 0x06, 0x85, 0x7B, 0x94, 0xF3,
    0xB1, 0x3C, 0x1F, 0x00, 0x8C, 0x8C, 0xD1, 0xBF, 0x21, 0x23, 0x78, 0x49, 0xEA, 0xF7, 0x38, 0xDA,
    0x3A, 0x14, 0xCF, 0x26, 0x06, 0x85, 0xC9, 0x2C, 0x35, 0x1F, 0x8D, 0xD0, 0x12, 0x27, 0x28, 0x76,
    0x13, 0x50, 0x80, 0xD4, 0xB5, 0x30, 0x53, 0x68, 0xEC, 0xFC, 0x28, 0x17, 0x3C, 0xDA, 0x9F, 0x3C,
    0xE1, 0x07, 0xB9, 0xCE, 0xEF, 0xD0, 0xE3, 0x17, 0x9C, 0x63, 0x3A, 0x41, 0xCE, 0x78, 0x83, 0xAA,
    0xDA, 0x4C, 0x90, 0x53, 0x8E, 0x4C, 0xEF, 0x68, 0x75, 0xF2, 0xEF, 0x0E, 0x9D, 0x18, 0x3B, 0xAD,
    0x3C, 0x8E, 0x78, 0x64, 0x67, 0x3C, 0x76, 0x33, 0x1E, 0x1D, 0x08, 0xC6, 0x36, 0x9A, 0x7F, 0x62,
    0xE3, 0xAF, 0xD5, 0x54, 0xF6, 0x6B, 0x65, 0x0C, 0x2B, 0x65, 0xC4, 0x3C, 0x0B, 0x71, 0x17, 0xD3,
    0x2C, 0xB4, 0x5D, 0xCC, 0xB2, 0x90, 0x76, 0x31, 0xC9, 0x42, 0xD9, 0xC5, 0x1C, 0x0B, 0x61, 0x17,
    0x53, 0x2C, 0x74, 0xDD, 0x44, 0x7C, 0x88, 0xB3, 0xB8, 0x38, 0xE0, 0x85, 0x82, 0x55, 0x8E, 0xF9,
    0x15, 0xA6, 0xEF, 0xC8, 0x93, 0x85, 0x26, 0xCF, 0xAE, 0x92, 0x74, 0x79, 0x72, 0x8D, 0xA2, 0x9B,
    0x44, 0x04, 0xDD, 0x88, 0x9E, 0x1B, 0x91, 0x73, 0xAF, 0x51, 0x73, 0x63, 0x62, 0x6E, 0x64, 0x2E,
    0x47, 0xA4, 0x5C, 0xE1, 0x09, 0xD1, 0xC7, 0x81, 0x90, 0x0B, 0x31, 0x17, 0x3A, 0x2E, 0xA4, 0x5C,
    0xC8, 0xB8, 0x18, 0xBC, 0x50, 0x71, 0x65, 0x8B, 0x00, 0x11, 0x57, 0x36, 0x08, 0xD0, 0x70, 0x31,
    0x78, 0x21, 0xE1, 0x62, 0xF0, 0x42, 0xC1, 0xE5, 0xC1, 0xBF, 0x2E, 0x04, 0x5C, 0x0C, 0x5E, 0xE8,
    0xB7, 0x18, 0xBC, 0x90, 0x6F, 0x31, 0x78, 0xA5, 0xDE, 0xF2, 0xE0, 0x95, 0x78, 0xCB, 0x83, 0x57,
    0xDA, 0xED, 0x6B, 0x38, 0x7F, 0x12, 0xD2, 0x6D, 0x12, 0x51, 0x6E, 0x23, 0xC2, 0x6D, 0x44, 0xB7,
    0xDD, 0x92, 0x6D, 0x23, 0xAA, 0x6D, 0x4C, 0xB4, 0xBD, 0x0F, 0xEE, 0xAE, 0x4D, 0x77, 0x98, 0x6D,
    0x3F, 0xD9, 0x2B, 0x86, 0x1B, 0x36, 0x44, 0xEC, 0x6B, 0x18, 0x2C, 0x4E, 0x4C, 0x30, 0x56, 0x10,
    0x6B, 0x31, 0x54, 0xD0, 0x6A, 0x31, 0xCD, 0x20, 0xD5, 0x62, 0xA0, 0xA0, 0xD4, 0xEA, 0x76, 0xC7,
    0xA6, 0x22, 0x0F, 0x53, 0x5A, 0xCD, 0x68, 0xAD, 0x5A, 0xD6, 0x30, 0x19, 0x8F, 0xAF, 0xC9, 0xF6,
    0xAB, 0x07, 0x70, 0x46, 0xA3, 0x0D, 0x24, 0xDA, 0x40, 0xA1, 0x8D, 0xCD, 0xC7, 0x60, 0x3C, 0x46,
    0xE4, 0x59, 0xA6, 0xCE, 0x46, 0x1B, 0x7F, 0x12, 0xED, 0xFB, 0x49, 0xB4, 0xED, 0xCB, 0x84, 0x2A,
    0x65, 0x56, 0xC6, 0xA8, 0x49, 0x4C, 0x18, 0xA5, 0x78, 0x01, 0x32, 0x4E, 0x21, 0xCB, 0xCA, 0x48,
    0xBF, 0xA0, 0x27, 0x51, 0x3C, 0x56, 0x21, 0xCA, 0xCA, 0x68, 0x85, 0x26, 0xAB, 0xE3, 0x05, 0x49,
    0x56, 0x46, 0xAC, 0x14, 0x59, 0x88, 0xB5, 0x12, 0x64, 0x79, 0xD4, 0x46, 0x8F, 0xE5, 0x71, 0x7B,
    0x72, 0x6C, 0x12, 0x53, 0x63, 0x63, 0x62, 0x6C, 0x4C, 0x8B, 0xDD, 0x92, 0x62, 0xB7, 0x94, 0xD8,
    0x0D, 0x21, 0x76, 0x43, 0x87, 0x8D, 0xC9, 0xB0, 0x1B, 0x62, 0xDA, 0x2F, 0x6F, 0x94, 0xE4, 0x56,
    0x4B, 0x46, 0x6A, 0x72, 0x8D, 0xF4, 0xA4, 0x12, 0x60, 0x55, 0x51, 0x2A, 0xFD, 0x95, 0x51, 0x3B,
    0x7B, 0xF2, 0x2B, 0x70, 0xF3, 0xD4, 0x57, 0x20, 0xE7, 0x89, 0xAF, 0xC0, 0xCE, 0xD3, 0x5E, 0x81,
    0x9E, 0x27, 0xBD, 0x02, 0x3F, 0x4F, 0x79, 0x05, 0x82, 0x81, 0xF0, 0x0A, 0xB9, 0xF1, 0x74, 0xD7,
    0x1A, 0x6C, 0x02, 0x23, 0xBB, 0xBE, 0xA6, 0xAB, 0x58, 0xA9, 0xAE, 0xC9, 0x96, 0xE8, 0xBA, 0xA5,
    0xB9, 0x6E, 0x49, 0xAE, 0x37, 0x28, 0xAE, 0xD7, 0x08, 0xAE, 0x37, 0xE9, 0xAD, 0x55, 0x7F, 0x47,
    0x6A, 0xEB, 0xE7, 0x9F, 0x1B, 0x64, 0x32, 0xD8, 0x11, 0xD9, 0x30, 0xD4, 0xB9, 0xE3, 0x41, 0xE7,
    0x8E, 0xD9, 0x26, 0xA0, 0xB2, 0x2A, 0xE4, 0x42, 0x64, 0x95, 0xAD, 0x47, 0x69, 0xAC, 0x62, 0x9B,
    0x28, 0x89, 0x15, 0x78, 0x1B, 0x85, 0x15, 0x70, 0x1B, 0x81, 0x15, 0x68, 0x1B, 0x7D, 0x95, 0xC1,
    0xCE, 0x8C, 0xBC, 0x0A, 0xAC, 0x3D, 0x75, 0x95, 0xA1, 0xF6, 0xC4, 0x55, 0x60, 0x6F, 0xB4, 0x55,
    0x11, 0x58, 0x23, 0xAD, 0x26, 0x1B, 0xCA, 0xEA, 0x86, 0xB0, 0xBA, 0xA1, 0xAB, 0xDE, 0x20, 0xAB,
    0x6E, 0xA9, 0xAA, 0x2F, 0xB2, 0x4D, 0x54, 0x31, 0x0B, 0x45, 0x15, 0xDB, 0xB3, 0x27, 0xA8, 0xA6,
    0xB2, 0xAB, 0x29, 0x3D, 0x55, 0xD1, 0x52, 0x72, 0xAA, 0xC2, 0xA5, 0xD4, 0x54, 0xB5, 0xE5, 0x94,
    0x98, 0x2A, 0x80, 0x19, 0x2D, 0x55, 0x2C, 0x12, 0x23, 0xA5, 0x8A, 0x4D, 0x62, 0x94, 0x54, 0x60,
    0xE6, 0x09, 0xA9, 0x9A, 0x54, 0xA3, 0x74, 0x54, 0xA0, 0x16, 0xC8, 0xA8, 0x04, 0x5B, 0x1A, 0xA8,
    0xA8, 0x84, 0x5B, 0x1A, 0x88, 0xA8, 0xAF, 0xD9, 0x56, 0xBD, 0xDA, 0xA6, 0x15, 0x93, 0x50, 0xB7,
    0x14, 0xD4, 0x2D, 0x01, 0xF5, 0x3A, 0xFD, 0xF4, 0x1A, 0xF9, 0xF4, 0x06, 0xF5, 0xF4, 0x1A, 0xF1,
    0x74, 0xB9, 0x21, 0xA8, 0x97, 0x5A, 0xE1, 0xC8, 0x2B, 0x38, 0xD2, 0x79, 0xD8, 0x5C, 0x3A, 0xCF,
    0xF9, 0x2B, 0xA3, 0xCF, 0x4E, 0xC3, 0x27, 0x5D, 0xF9, 0xD6, 0xC3, 0x97, 0xD4, 0x2C, 0x07, 0xBF,
    0xE7, 0x1E, 0xBC, 0x66, 0xE1, 0xD3, 0x2F, 0xD9, 0x6F, 0xE9, 0x8D, 0x74, 0xB7, 0x3D, 0x80, 0x1C,
    0xD1, 0x9A, 0x9E, 0xB8, 0xA1, 0x59, 0xCA, 0x4F, 0x42, 0xB3, 0xEC, 0x26, 0xBF, 0x25, 0x9C, 0x2E,
    0x6B, 0x96, 0xE7, 0x90, 0x55, 0xBB, 0x4B, 0x44, 0xD5, 0x88, 0xA6, 0x1A, 0x51, 0x51, 0x2F, 0x37,
    0x63, 0x7A, 0xEA, 0x72, 0x91, 0x9A, 0xEA, 0xD7, 0x43, 0xAD, 0x07, 0x54, 0x1E, 0xE0, 0x43, 0xD0,
    0x6D, 0x62, 0x90, 0x8B, 0xFD, 0x2F, 0x6B, 0x20, 0x95, 0x70, 0x26, 0x36, 0x8C, 0x8F, 0x27, 0x73,
    0x65, 0x40, 0x45, 0x55, 0xD1, 0x9F, 0x3B, 0xD5, 0x6A, 0x42, 0x43, 0x15, 0x53, 0x1C, 0x24, 0x54,
    0x19, 0x0C, 0xCE, 0x6C, 0x00, 0xB5, 0x12, 0x50, 0x91, 0xAB, 0x2A, 0xF4, 0x53, 0x06, 0x5B, 0xC9,
    0xA7, 0xAF, 0xE1, 0x4C, 0xC3, 0x18, 0x69, 0x81, 0x78, 0x1A, 0xD1, 0x4E, 0x23, 0xD2, 0xE9, 0x86,
    0x72, 0x1A, 0x11, 0x4E, 0x23, 0xBA, 0x69, 0x4C, 0x36, 0x05, 0xD5, 0x34, 0x52, 0x57, 0xB1, 0xB2,
    0x8A, 0x3D, 0x3A, 0xDB, 0x06, 0xAE, 0x22, 0x35, 0x75, 0x95, 0x04, 0x25, 0x75, 0x95, 0x04, 0x15,
    0x85, 0x18, 0x25, 0x30, 0xD0, 0x08, 0xA5, 0xA8, 0x27, 0x89, 0x4F, 0x8A, 0x72, 0x92, 0xE8, 0x24,
    0x60, 0xD0, 0xD8, 0xA4, 0x28, 0x26, 0x8D, 0x4C, 0x8A, 0xD0, 0x49, 0x5C, 0x12, 0x4A, 0x49, 0xA3,
    0x92, 0xAF, 0xA9, 0x2B, 0x9A, 0xAA, 0x00, 0x84, 0x88, 0x64, 0x1C, 0x8F, 0x8C, 0xA3, 0x91, 0xD7,
    0x62, 0x91, 0x71, 0x24, 0x72, 0x13, 0x87, 0x94, 0x28, 0xE4, 0x4F, 0xBF, 0xC8, 0xBC, 0xF9, 0x76,
    0xA8, 0xE7, 0xB0, 0xC8, 0xCC, 0x7C, 0xAB, 0x82, 0xF9, 0xB6, 0xBB, 0x60, 0xBE, 0x95, 0x61, 0x91,
    0x9D, 0x6C, 0x91, 0x55, 0x7E, 0x91, 0xD5, 0x7E, 0x91, 0xB5, 0xB6, 0xC8, 0x6C, 0x4D, 0xDC, 0x62,
    0xBE, 0xED, 0x2F, 0xC4, 0xFD, 0x22, 0x42, 0xA8, 0xC4, 0x0B, 0x38, 0xDB, 0x94, 0xC9, 0xA0, 0xD0,
    0x01, 0x42, 0x05, 0x4D, 0x35, 0x1D, 0xEA, 0x0D, 0x72, 0xAF, 0x78, 0xD0, 0x42, 0x03, 0xE5, 0x51,
    0xFF, 0xA5, 0x90, 0x40, 0x79, 0xD8, 0xAB, 0x50, 0x40, 0x31, 0x6E, 0x21, 0x80, 0xAA, 0x4D, 0x22,
    0x86, 0x32, 0x8D, 0x5C, 0xC8, 0x9F, 0xA2, 0x1F, 0x41, 0xFD, 0xC4, 0xD8, 0x85, 0xF8, 0x89, 0xC1,
    0x2B, 0xED, 0x13, 0xEE, 0xA7, 0x90, 0x3E, 0x31, 0x46, 0xA1, 0x7C, 0xBE, 0x76, 0x83, 0x88, 0xF9,
    0x57, 0xD5, 0x4C, 0xEE, 0xB4, 0x02, 0x7C, 0x48, 0x23, 0x5A, 0x01, 0x69, 0xF7, 0xC8, 0xAF, 0x80,
    0x8A, 0xF7, 0x70, 0x45, 0x83, 0x3D, 0x51, 0x83, 0xA3, 0x39, 0xB4, 0x66, 0xA0, 0xE1, 0x68, 0x4A,
    0x00, 0x59, 0x71, 0x3A, 0x65, 0xC6, 0x99, 0x9C, 0x4B, 0x89, 0x69, 0xF6, 0x2B, 0xD8, 0xB2, 0xC4,
    0x30, 0x93, 0xED, 0x0B, 0x2B, 0x60, 0x90, 0xB6, 0x19, 0x65, 0xB6, 0xC3, 0xB1, 0x49, 0xE6, 0x87,
    0xE2, 0x22, 0xBE, 0x49, 0xF3, 0x38, 0x1C, 0x57, 0x54, 0x91, 0x9B, 0x92, 0x6A, 0x06, 0xF8, 0x4D,
    0xDA, 0x67, 0x44, 0xF9, 0x4C, 0xC5, 0x22, 0x4A, 0x84, 0xEE, 0x09, 0xC9, 0x10, 0xB2, 0x27, 0x24,
    0x43, 0xA8, 0x9E, 0x0C, 0xC7, 0x0F, 0x84, 0xE8, 0xC9, 0x68, 0xFC, 0x44, 0x68, 0x9E, 0x90, 0x0C,
    0x21, 0x79, 0x02, 0x0B, 0xA1, 0x78, 0x02, 0x8A, 0xB3, 0xF2, 0x40, 0x09, 0x09, 0xA1, 0x77, 0xCA,
    0x86, 0x08, 0x72, 0xA7, 0x6C, 0x88, 0xA0, 0x76, 0x02, 0x06, 0x25, 0x76, 0x32, 0x0A, 0x4A, 0xEB,
    0x04, 0x08, 0x42, 0xEA, 0x7C, 0x0D, 0xF3, 0x35, 0x78, 0x4D, 0x69, 0x84, 0xCE, 0x88, 0xCE, 0x19,
    0x91, 0x39, 0xAF, 0x53, 0x39, 0x23, 0x22, 0x67, 0x44, 0xE3, 0x8C, 0xD4, 0xFD, 0x35, 0x0A, 0x67,
    0x41, 0x56, 0xB4, 0x38, 0xF0, 0x8D, 0x9B, 0x2B, 0xEF, 0xBF, 0x57, 0xDE, 0x7D, 0x17, 0x0E, 0x1F,
    0xB9, 0xBE, 0x72, 0x28, 0x4D, 0x16, 0xDA, 0x84, 0xB4, 0x8E, 0x47, 0x1C, 0xC2, 0x65, 0xF3, 0x66,
    0xC7, 0x81, 0x0A, 0x32, 0xCE, 0x48, 0x9A, 0x96, 0x24, 0xA3, 0x27, 0x2D, 0x57, 0x28, 0x7C, 0x7A,
    0xF6, 0xED, 0x4F, 0x66, 0x69, 0x7D, 0x57, 0xC8, 0x37, 0xF4, 0xDB, 0xEF, 0x2F, 0x98, 0x5D, 0x47,
    0x7F, 0x05, 0x5D, 0x50, 0xAE, 0xBC, 0x52, 0xA0, 0x20, 0x66, 0x8E, 0xC3, 0x83, 0xCA, 0x86, 0x94,
    0x10, 0x6E, 0xBD, 0x4E, 0xE0, 0x1D, 0x22, 0x5B, 0x23, 0xB2, 0x3A, 0x86, 0x9B, 0xFA, 0x30, 0x6A,
    0xF9, 0x4D, 0x21, 0x0B, 0x02, 0x21, 0xE2, 0x50, 0xED, 0x23, 0x53, 0x46, 0xC6, 0xCF, 0x69, 0xB4,
    0x3C, 0xFA, 0x45, 0xC7, 0xBE, 0xD8, 0xC8, 0xAB, 0x67, 0x43, 0x25, 0xA4, 0xCA, 0x05, 0x9C, 0x45,
    0x16, 0x7D, 0x7E, 0x72, 0x14, 0x46, 0xD4, 0x50, 0xA3, 0x86, 0x42, 0x2B, 0xEF, 0x97, 0x32, 0xBB,
    0xF2, 0x08, 0xC4, 0xAB, 0x0F, 0xF8, 0xEC, 0x7D, 0x84, 0x17, 0xC7, 0xC4, 0x67, 0xB7, 0x3E, 0x38,
    0x24, 0xBF, 0xC0, 0x04, 0xC5, 0x5A, 0x8E, 0x0D, 0xE1, 0x5D, 0xD4, 0x2B, 0x8E, 0x84, 0xF9, 0xFC,
    0x1C, 0xFD, 0x55, 0x8F, 0x88, 0x99, 0xB2, 0x89, 0x28, 0xA6, 0xFB, 0x92, 0xE6, 0xF2, 0x7E, 0xD0,
    0xC3, 0xE3, 0x28, 0x24, 0xC2, 0xC5, 0xE7, 0x75, 0x95, 0x30, 0x12, 0xFB, 0x9F, 0xDB, 0x92, 0xB2,
    0xF6, 0x7E, 0x78, 0x18, 0x5D, 0x2F, 0x83, 0xEB, 0x65, 0x6C, 0x07, 0x1D, 0x9A, 0x8E, 0x4C, 0x07,
    0xA6, 0xE3, 0xF2, 0xC3, 0xD2, 0x51, 0xC9, 0xA0, 0x30, 0x26, 0x19, 0x92, 0x38, 0xA6, 0x78, 0xF4,
    0x78, 0xFC, 0x82, 0x37, 0x09, 0x85, 0x2D, 0xFA, 0x48, 0x3E, 0xF6, 0x5C, 0x81, 0x74, 0xE9, 0xBE,
    0xC1, 0x98, 0xF5, 0xF5, 0x07, 0x70, 0x62, 0x05, 0x41, 0x1C, 0xFB, 0x73, 0xC4, 0x86, 0x3F, 0x28,
    0x17, 0x22, 0x4C, 0xF2, 0xED, 0x4B, 0x5E, 0x51, 0x4C, 0x89, 0x2C, 0x7B, 0x35, 0xEA, 0x85, 0x0E,
    0x29, 0x26, 0xBD, 0x90, 0x21, 0xB1, 0x6A, 0x95, 0x0A, 0x89, 0x5D, 0x4C, 0x89, 0x90, 0xD8, 0xC5,
    0x94, 0x06, 0x89, 0x5D, 0x4C, 0x49, 0x90, 0x58, 0xB9, 0x4A, 0x81, 0xC4, 0xD2, 0x55, 0x02, 0x24,
    0xD6, 0xAE, 0xD2, 0x1F, 0xB1, 0x78, 0x95, 0xFC, 0x28, 0xAB, 0x57, 0xA8, 0x8F, 0x6A, 0xCF, 0x08,
    0xF1, 0x11, 0x06, 0x8D, 0xD2, 0x1E, 0xED, 0x08, 0x8B, 0xDB, 0x12, 0x58, 0xDC, 0x07, 0x0A, 0xE2,
    0x3F, 0xDD, 0xD2, 0x11, 0xFF, 0x2A, 0xDA, 0xDB, 0x5D, 0x3E, 0x8E, 0xC7, 0x6D, 0x22, 0x72, 0xCE,
    0x74, 0xDE, 0x10, 0xED, 0xF4, 0x46, 0x6B, 0x84, 0xBA, 0x37, 0x52, 0xA3, 0x18, 0x7C, 0x4A, 0x69,
    0x14, 0x93, 0x4F, 0x09, 0x8D, 0x62, 0xF4, 0x29, 0x9D, 0x31, 0x91, 0x88, 0xBB, 0x90, 0x19, 0x81,
    0x94, 0x51, 0x19, 0x25, 0x4C, 0x65, 0x44, 0x46, 0xC4, 0xAE, 0x8D, 0xC6, 0xC8, 0x60, 0x79, 0x12,
    0xE3, 0x6B, 0x49, 0x12, 0x51, 0x18, 0x93, 0x0D, 0x81, 0x71, 0x43, 0x5F, 0xDC, 0x90, 0x17, 0x6F,
    0x50, 0x17, 0xB7, 0xC4, 0xC5, 0x0D, 0x6D, 0x71, 0x43, 0x5A, 0xBC, 0x44, 0x59, 0xFC, 0xEB, 0x5B,
    0x33, 0xE0, 0x3A, 0xF3, 0x1E, 0xD0, 0xE3, 0x2B, 0x83, 0x13, 0x5D, 0xAF, 0x72, 0x16, 0x2A, 0xA4,
    0x3D, 0xF9, 0x3B, 0x2C, 0x7F, 0x5D, 0xFD, 0xBA, 0xF8, 0x65, 0xB7, 0xEE, 0xE3, 0xA3, 0xFA, 0x90,
    0xBE, 0x1D, 0xCD, 0xFD, 0x10, 0x4D, 0xFD, 0x10, 0xCD, 0xFC, 0xE9, 0x82, 0x86, 0x4F, 0x22, 0x1B,
    0x17, 0x04, 0x45, 0xB1, 0x71, 0x85, 0x9E, 0x28, 0x1A, 0x3E, 0x53, 0x0A, 0x20, 0x6B, 0x78, 0xA1,
    0x26, 0x8A, 0x8D, 0x2B, 0xC4, 0x44, 0xB5, 0x71, 0x41, 0x4B, 0x54, 0x1B, 0x57, 0x48, 0x89, 0x62,
    0xF3, 0x09, 0x25, 0x51, 0x6C, 0x5C, 0xF1, 0x50, 0xA0, 0xDD, 0xC6, 0xE0, 0xAD, 0x04, 0x32, 0x62,
    0x4C, 0x45, 0x8C, 0x89, 0x88, 0xD7, 0x68, 0x88, 0x1B, 0x12, 0x62, 0x6C, 0xE3, 0xBE, 0xEE, 0x1E,
    0x6D, 0xE6, 0xD2, 0x36, 0x26, 0xD5, 0x70, 0x93, 0x29, 0xB8, 0xC9, 0xF4, 0x1B, 0x17, 0x70, 0xA1,
    0x59, 0x25, 0xBB, 0xA3, 0xE2, 0x4D, 0x9A, 0x1B, 0xF5, 0xFB, 0x53, 0x8E, 0x86, 0xE8, 0xB6, 0xCC,
    0x54, 0x1B, 0x35, 0x72, 0x7A, 0xEC, 0x7A, 0xF8, 0x5B, 0xAC, 0xD8, 0xB6, 0x8D, 0xDA, 0x1A, 0x6E,
    0x2F, 0x0D, 0x56, 0x6A, 0x68, 0xB0, 0x4E, 0x43, 0x63, 0x37, 0x68, 0xA3, 0xE4, 0xB6, 0xFA, 0x6D,
    0xA0, 0x9B, 0x43, 0x6B, 0x74, 0x3F, 0x9A, 0x44, 0x6D, 0xE5, 0x4F, 0xB5, 0xA1, 0x76, 0x2D, 0xCD,
    0x85, 0x50, 0xCE, 0x59, 0x63, 0x4E, 0xEA, 0x2F, 0x2B, 0x4A, 0xAF, 0x99, 0xFF, 0x77, 0x79, 0xC8,
    0x5E, 0xA7, 0x7B, 0x95, 0x3E, 0xC8, 0x90, 0x69, 0xC6, 0x64, 0xC8, 0x5C, 0xB9, 0xE8, 0xFD, 0xC7,
    0xF1, 0x90, 0x73, 0xE8, 0xAB, 0x7D, 0xC3, 0x8D, 0xFC, 0x11, 0x0F, 0x19, 0x3A, 0x95, 0x47, 0xBA,
    0x6D, 0xF8, 0x21, 0x33, 0x69, 0x91, 0x75, 0x2C, 0x86, 0x8C, 0x7A, 0x40, 0xB3, 0x36, 0x30, 0x64,
    0xD4, 0x03, 0x4A, 0xB4, 0x91, 0x5C, 0x6E, 0xA4, 0xD6, 0x50, 0xD7, 0xB7, 0xEA, 0x95, 0xF0, 0x50,
    0xBD, 0x63, 0xA7, 0x8E, 0xB9, 0x99, 0x78, 0x99, 0xAD, 0x5F, 0x75, 0x18, 0xC1, 0xED, 0x98, 0xD8,
    0xF6, 0xA0, 0x9D, 0xEA, 0x37, 0xE8, 0xC1, 0x47, 0x6F, 0xB4, 0xBB, 0x77, 0x24, 0x7C, 0x72, 0x78,
    0xB6, 0x32, 0x7B, 0x74, 0x65, 0x63, 0x95, 0x5E, 0x71, 0xAA, 0x10, 0x01, 0x63, 0xD3, 0x26, 0xF9,
    0x97, 0x39, 0x32, 0xBD, 0xC8, 0x42, 0x48, 0xA3, 0x47, 0x3E, 0xE1, 0xB1, 0x13, 0x8E, 0x55, 0x77,
    0xA2, 0x47, 0x9B, 0x23, 0x41, 0xAC, 0xA5, 0x2F, 0x8C, 0x1F, 0xFE, 0xB6, 0x3C, 0x20, 0xB9, 0xAC,
    0x2C, 0x38, 0xD5, 0x87, 0xD0, 0x7D, 0x17, 0x9F, 0x80, 0xB8, 0x4B, 0xEB, 0x03, 0x2E, 0xBB, 0x25,
    0x36, 0xBB, 0xD2, 0xE5, 0x67, 0xAD, 0xA9, 0xEF, 0x3F, 0xD6, 0x02, 0x54, 0xBB, 0x3F, 0xEB, 0x85,
    0x8B, 0xD0, 0x73, 0x42, 0x16, 0x1E, 0x63, 0x3E, 0x73, 0x0E, 0xE9, 0x98, 0x71, 0x04, 0x9A, 0xA0,
    0x41, 0x20, 0xDA, 0xF5, 0xF6, 0x2E, 0x58, 0x7E, 0xFB, 0x17, 0x50, 0x07, 0x3F, 0x8F, 0xBD, 0xA8,
    0x12, 0xDA, 0x20, 0x8F, 0x67, 0x27, 0xA4, 0x41, 0x19, 0xD3, 0x47, 0xDE, 0xD5, 0x14, 0xC2, 0xA0,
    0xEC, 0x43, 0xA0, 0x0B, 0x4A, 0xB0, 0x01, 0x64, 0x41, 0xD1, 0x3D, 0xA0, 0x0A, 0x8A, 0xE6, 0x01,
    0x51, 0x50, 0xCF, 0x4C, 0x27, 0x39, 0xD9, 0xA6, 0x2F, 0x06, 0x92, 0x20, 0xA6, 0x58, 0x28, 0x82,
    0xC0, 0x5A, 0x09, 0x82, 0x56, 0x18, 0xAB, 0x09, 0x84, 0x97, 0xC6, 0x7B, 0x5D, 0x71, 0x68, 0xF5,
    0xAF, 0xAA, 0x79, 0xD7, 0xD3, 0x31, 0xE1, 0x8B, 0x88, 0x1E, 0x5E, 0xFD, 0xE9, 0xD8, 0x3D, 0x9C,
    0x57, 0x69, 0x8C, 0xF6, 0x6C, 0xA7, 0x63, 0x34, 0x5F, 0x6F, 0x7A, 0xFD, 0x2B, 0x2C, 0x76, 0x68,
    0xDF, 0x8F, 0xDD, 0xE8, 0x75, 0x6F, 0xA7, 0xAE, 0x56, 0x27, 0x47, 0x3A, 0xA6, 0x77, 0xD5, 0xFB,
    0x54, 0x6E, 0x88, 0xE8, 0xDC, 0x83, 0x99, 0xCB, 0xFF, 0xD8, 0x78, 0x21, 0x11, 0x2B, 0x24, 0xE2,
    0x84, 0xE0, 0xC7, 0xCF, 0xC6, 0xE0, 0x63, 0xDD, 0xF1, 0x74, 0xAC, 0x76, 0xD7, 0xA2, 0x0D, 0x21,
    0xDC, 0x20, 0x42, 0xF0, 0x03, 0x04, 0x99, 0xC4, 0xC1, 0xE2, 0x23, 0x82, 0xC6, 0x06, 0xCF, 0x9C,
    0x55, 0x1D, 0x7C, 0x7F, 0xD5, 0xE8, 0xE0, 0x8B, 0xF7, 0x5C, 0xA7, 0x83, 0xCF, 0xDF, 0x87, 0xCB,
    0xD7, 0x42, 0x89, 0x7E, 0xD7, 0xA9, 0x89, 0x96, 0xBA, 0x7D, 0x67, 0x0B, 0x8E, 0x3D, 0x50, 0x15,
    0x82, 0xC5, 0x84, 0x60, 0x02, 0x7D, 0x92, 0x07, 0x9F, 0x9E, 0x49, 0xB7, 0x34, 0x16, 0xA8, 0xEC,
    0xAD, 0x59, 0x87, 0xBC, 0x34, 0x9C, 0xB7, 0xBF, 0xB2, 0x10, 0xD8, 0xE0, 0x27, 0x3F, 0xF6, 0xC9,
    0x0F, 0x5D, 0xA6, 0x1D, 0xFB, 0x81, 0x48, 0x3F, 0x33, 0x0A, 0x31, 0x6E, 0xF0, 0x09, 0x25, 0xD2,
    0xC2, 0x6A, 0x1C, 0xA3, 0x06, 0x97, 0x50, 0x2C, 0x53, 0x09, 0xD3, 0xB6, 0x88, 0x97, 0x9E, 0x65,
    0xC8, 0x60, 0x11, 0xDA, 0x16, 0x73, 0xE5, 0xA5, 0xFE, 0x6C, 0x42, 0x9F, 0x2D, 0x26, 0xF3, 0xA6,
    0xED, 0x8D, 0x3B, 0x18, 0x98, 0x83, 0x81, 0x37, 0xB8, 0x61, 0x0D, 0x46, 0x9C, 0xC1, 0x88, 0xF2,
    0xB3, 0x5E, 0x60, 0x0B, 0x06, 0x12, 0xD0, 0x86, 0x29, 0xF8, 0x77, 0x51, 0xB7, 0xBB, 0x70, 0xFF,
    0x62, 0xD6, 0x5F, 0xCC, 0xEB, 0x8B, 0x19, 0x7F, 0xF1, 0xCF, 0xE5, 0xF5, 0x7F, 0x0B, 0x22, 0x79,
    0xCF, 0xE3, 0xEE, 0x85, 0x03, 0x87, 0xC0, 0xDB, 0x0B, 0xAC, 0x3D, 0xBC, 0xEE, 0x05, 0x7B, 0xEF,
    0x70, 0x63, 0xEF, 0x3D, 0xFB, 0xBD, 0x57, 0x78, 0x7A, 0xE6, 0xFF, 0xF8, 0xBD, 0x37, 0x5F, 0xF2,
    0xE0, 0xFB, 0xE4, 0x7E, 0xEF, 0x9D, 0xF2, 0xB0, 0xF7, 0xE6, 0x61, 0xEF, 0xCD, 0xC3, 0xDE, 0x9B,
    0x3F, 0x77, 0xEF, 0xBD, 0xFF, 0xC2, 0xBD, 0x37, 0xB0, 0xF1, 0x22, 0x2E, 0x5E, 0xC4, 0xC4, 0x8B,
    0x79, 0x78, 0x60, 0xE1, 0x75, 0x71, 0x01, 0x0A, 0x2D, 0x3D, 0xB1, 0x67, 0xD3, 0x8A, 0x99, 0x34,
    0xA3, 0x3D, 0x7E, 0x9B, 0x2B, 0xF1, 0x9D, 0x0B, 0x50, 0x67, 0x9C, 0x54, 0xFE, 0xDB, 0xB9, 0x03,
    0x3F, 0xE8, 0xBD, 0xF9, 0xD1, 0x09, 0x4D, 0x86, 0x1C, 0x35, 0xA9, 0xF5, 0x77, 0x92, 0xC7, 0x19,
    0xD1, 0x87, 0xDF, 0x71, 0x42, 0x83, 0x69, 0x45, 0xF4, 0x39, 0x53, 0x85, 0x73, 0x0D, 0xD8, 0x53,
    0xAB, 0x9C, 0x16, 0x07, 0xC4, 0x4B, 0x9A, 0x3D, 0x5E, 0xD2, 0xC8, 0x4B, 0x9A, 0x03, 0x8E, 0xEE,
    0x48, 0xBA, 0xF9, 0xC8, 0x80, 0xBE, 0xEB, 0xEB, 0x7C, 0xAA, 0x78, 0x0A, 0xC4, 0x62, 0x65, 0x14,
    0x2B, 0x95, 0x18, 0x96, 0x21, 0x67, 0xAB, 0xCE, 0xF2, 0x18, 0xE5, 0x31, 0xE1, 0x41, 0x8B, 0xF3,
    0xDB, 0x30, 0x50, 0xDE, 0x5E, 0x70, 0x48, 0x2E, 0x2E, 0x13, 0x7D, 0x89, 0xD8, 0x04, 0x82, 0x09,
    0x9A, 0x48, 0xDE, 0x2C, 0x0F, 0x05, 0x3F, 0x94, 0x97, 0x10, 0xF2, 0x9A, 0xD4, 0x2A, 0xB2, 0xAB,
    0xA1, 0x2E, 0x8D, 0x73, 0x69, 0x56, 0x6A, 0x26, 0x6B, 0x58, 0x1C, 0xB6, 0x42, 0x1C, 0xB6, 0xE6,
    0x2C, 0x1F, 0xD4, 0xC7, 0x0E, 0x5B, 0x27, 0x6F, 0x76, 0x1F, 0x21, 0x0F, 0xFB, 0x83, 0x24, 0x53,
    0xFB, 0x55, 0xAD, 0xA7, 0x90, 0xC2, 0x1A, 0x98, 0xA4, 0x9E, 0x45, 0x3A, 0xE8, 0x60, 0x3B, 0x1B,
    0xEE, 0xA2, 0x03, 0x66, 0xEF, 0x03, 0x43, 0x96, 0xA2, 0x7E, 0xDF, 0x16, 0x0B, 0x1C, 0xC3, 0x86,
    0x6C, 0xF1, 0xC0, 0x21, 0x85, 0x3C, 0x2E, 0xA4, 0x00, 0x2C, 0xE6, 0x7D, 0xC0, 0xE9, 0x98, 0x0D,
    0x80, 0xC5, 0x20, 0x58, 0x0C, 0x84, 0xC5, 0x60, 0x58, 0x0C, 0x88, 0xC5, 0xA0, 0x58, 0x14, 0x0C,
    0x31, 0x59, 0x69, 0xB4, 0x6A, 0x9C, 0x37, 0x66, 0x9C, 0xEF, 0x2E, 0x1B, 0xE7, 0x5D, 0x9C, 0x28,
    0xA3, 0x79, 0x32, 0x0B, 0xA8, 0xBF, 0x57, 0xE2, 0xB1, 0x5E, 0xC9, 0xA1, 0xD4, 0x95, 0xAC, 0x0A,
    0xD6, 0x5F, 0x7D, 0xB9, 0xBF, 0x62, 0x07, 0xA2, 0xEB, 0xAF, 0xA4, 0xCC, 0xD2, 0x15, 0x08, 0x58,
    0x50, 0x00, 0xA4, 0x20, 0xAE, 0x24, 0x31, 0xE9, 0x4A, 0xB4, 0xD8, 0x95, 0xF0, 0xD4, 0xF0, 0x38,
    0xF3, 0x23, 0x7D, 0xDB, 0xD1, 0xDF, 0x71, 0x65, 0x9F, 0xF9, 0x8A, 0x4D, 0x8F, 0x6C, 0xC5, 0x83,
    0x43, 0xB2, 0x00, 0xE3, 0xCC, 0xC6, 0xF7, 0x83, 0x1F, 0x9D, 0x71, 0xF2, 0x7B, 0x3E, 0x8B, 0x71,
    0x7E, 0x66, 0x22, 0xD0, 0x23, 0x3D, 0x3C, 0xB5, 0xD3, 0x3C, 0x7D, 0xFC, 0x87, 0x4F, 0x7A, 0x05,
    0x3D, 0xD1, 0x15, 0x34, 0xC8, 0x43, 0xD8, 0x64, 0xBF, 0xE5, 0x3E, 0x90, 0xF0, 0x1D, 0x2F, 0x88,
    0xF2, 0x31, 0xCE, 0x8D, 0x3B, 0x57, 0xD2, 0x0A, 0x4A, 0x99, 0xC3, 0x4D, 0x9F, 0xB0, 0x08, 0x17,
    0x62, 0xCA, 0x97, 0x86, 0x1F, 0xE9, 0x8C, 0xCF, 0x4B, 0xF0, 0x41, 0x1C, 0x78, 0x3D, 0x40, 0xAE,
    0x78, 0x05, 0x15, 0x87, 0x9B, 0xC9, 0xE5, 0x5D, 0x9C, 0x80, 0x37, 0x93, 0x12, 0xD9, 0x71, 0x56,
    0x7C, 0x3E, 0x95, 0xAC, 0x90, 0x2B, 0xF7, 0x43, 0xB6, 0xA0, 0xC8, 0x3F, 0xE4, 0xED, 0xDF, 0xC9,
    0xFE, 0xBC, 0xC8, 0x86, 0xAD, 0x55, 0x67, 0xFF, 0x20, 0x15, 0xD6, 0xC6, 0x03, 0x9C, 0xA7, 0x95,
    0x82, 0x59, 0xB7, 0xD6, 0x5F, 0x71, 0xD8, 0x5C, 0x0F, 0x75, 0x9F, 0x73, 0xDD, 0x5B, 0x92, 0x38,
    0xD7, 0xD3, 0xE3, 0x04, 0xFA, 0x00, 0x92, 0xC9, 0xEB, 0x37, 0x11, 0xE8, 0xFB, 0xE0, 0x6B, 0xBC,
    0xB1, 0x17, 0xEE, 0x6B, 0x73, 0x74, 0x62, 0x1F, 0xD3, 0x56, 0x5E, 0xBF, 0xE1, 0x09, 0xA9, 0x37,
    0xD4, 0x69, 0xC2, 0xA0, 0x25, 0xC7, 0x4B, 0x93, 0x46, 0x72, 0x86, 0xE2, 0xE6, 0xB7, 0x2A, 0xC6,
    0xCA, 0xA2, 0x0A, 0xE4, 0x2D, 0x6A, 0x93, 0xBD, 0x5E, 0x79, 0x87, 0xAA, 0x97, 0x3A, 0x15, 0x9C,
    0x58, 0x35, 0xEC, 0xDE, 0x1E, 0xDE, 0xD2, 0xFD, 0x63, 0x77, 0x28, 0xE6, 0xB2, 0xC7, 0x1E, 0x52,
    0xF5, 0xED, 0x02, 0xAA, 0x4D, 0xBA, 0x70, 0xC4, 0xB7, 0xC1, 0xEE, 0x71, 0xCE, 0xDD, 0x7C, 0xE5,
    0xB0, 0x9F, 0xB4, 0xE4, 0x96, 0x74, 0x0B, 0x9A, 0xFC, 0xA5, 0xDD, 0x88, 0x26, 0x57, 0xDD, 0x71,
    0x07, 0x34, 0x49, 0x26, 0xEF, 0x4F, 0xC9, 0x22, 0xE1, 0x1A, 0x5E, 0xBE, 0xB2, 0x03, 0xD4, 0x7C,
    0x9C, 0x3A, 0x4A, 0x30, 0xB8, 0x7B, 0xFC, 0x7A, 0xD7, 0x5B, 0x64, 0xB3, 0x3A, 0xFB, 0x20, 0x67,
    0x29, 0x3B, 0x90, 0xEC, 0x9C, 0xB3, 0x0F, 0x7D, 0x3E, 0xD0, 0x68, 0x4F, 0x14, 0xF1, 0x11, 0x5D,
    0xD9, 0x5F, 0xCA, 0x95, 0x8F, 0x92, 0xE3, 0xC3, 0xBE, 0x72, 0xBD, 0x9E, 0x13, 0x59, 0xD2, 0x7D,
    0x03, 0xE6, 0x04, 0x13, 0xC2, 0x24, 0x11, 0xE6, 0x0D, 0xD8, 0x28, 0x9C, 0xD4, 0x8A, 0x44, 0x87,
    0x82, 0xD9, 0x1D, 0x6C, 0xF2, 0x30, 0x5F, 0x97, 0x9F, 0x7F, 0xD8, 0x70, 0x09, 0xA0, 0x39, 0x79,
    0xC8, 0x25, 0x04, 0x12, 0x32, 0x89, 0x97, 0x5A, 0x53, 0xFC, 0x85, 0x81, 0xD1, 0x2A, 0x11, 0x46,
    0xEA, 0x4A, 0xFE, 0x13, 0xF5, 0x85, 0xDB, 0x42, 0x3C, 0xB3, 0x5A, 0xE9, 0xB7, 0x95, 0x66, 0x9E,
    0x71, 0x54, 0xC7, 0x98, 0x1B, 0xBE, 0x66, 0x55, 0x7F, 0x83, 0x0A, 0xD3, 0x5D, 0x4E, 0xB6, 0x1D,
    0x30, 0xEB, 0x3E, 0xD1, 0x96, 0xA7, 0x7D, 0xD5, 0xD8, 0x3F, 0xCD, 0x3B, 0x1F, 0x87, 0x70, 0x7B,
    0x4F, 0x33, 0x98, 0x49, 0x1B, 0x33, 0x9F, 0x4A, 0x5B, 0xA6, 0xFE, 0x9C, 0xFC, 0x97, 0x62, 0xD0,
    0xB9, 0x6F, 0xDF, 0x67, 0xF6, 0xB5, 0x4E, 0xBE, 0x63, 0xBE, 0xB1, 0xCC, 0x3E, 0xAD, 0x27, 0x7E,
    0x1F, 0xF2, 0xB0, 0x97, 0xAB, 0x42, 0x99, 0xC7, 0x34, 0xFF, 0x57, 0xF5, 0x28, 0xF4, 0x63, 0xFA,
    0xDE, 0x0B, 0xF9, 0xA3, 0xDC, 0x26, 0x5B, 0x31, 0x5B, 0x1A, 0x61, 0xA1, 0x33, 0x4B, 0x9F, 0x8C,
    0x0B, 0xA1, 0x8D, 0xF3, 0xB7, 0x2D, 0x9D, 0x50, 0x99, 0x6B, 0x46, 0x9E, 0x44, 0x7F, 0x10, 0x29,
    0xE0, 0x9F, 0xFC, 0xF9, 0x10, 0x1D, 0xBA, 0x44, 0x16, 0x5D, 0xDC, 0x8E, 0x23, 0x95, 0x95, 0x95,
    0xB3, 0xE9, 0x5F, 0xE3, 0xD8, 0x8A, 0x75, 0x5A, 0xDA, 0xBE, 0xD8, 0xA0, 0x66, 0x54, 0x0E, 0x4D,
    0x2F, 0x66, 0x14, 0x56, 0xC3, 0xEE, 0xA3, 0x45, 0x43, 0x34, 0x35, 0x7F, 0x36, 0xF2, 0x0B, 0xF6,
    0xB2, 0x22, 0x1C, 0x17, 0x1B, 0x96, 0x35, 0x51, 0xF2, 0x77, 0x3B, 0x29, 0x34, 0xCD, 0xBE, 0x64,
    0xEB, 0x4B, 0xB0, 0xA9, 0xFB, 0xE2, 0x7D, 0x66, 0xAD, 0x01, 0x9C, 0x8A, 0xF1, 0xF8, 0x3D, 0x45,
    0x87, 0x0B, 0x7C, 0xF1, 0x51, 0x3B, 0xE0, 0x29, 0xC7, 0x62, 0x60, 0xE7, 0x00, 0xF8, 0xE4, 0x9C,
    0x6E, 0xF8, 0x81, 0x50, 0x24, 0xC8, 0x74, 0x22, 0x5B, 0x8E, 0x17, 0x1F, 0x23, 0x94, 0x9C, 0x53,
    0xAC, 0x23, 0x40, 0x44, 0x3A, 0xAD, 0xC6, 0xC9, 0x00, 0xE2, 0x93, 0x2C, 0xB8, 0xA2, 0xB1, 0xB9,
    0xC8, 0xC4, 0x28, 0xF0, 0x02, 0xA5, 0x62, 0x4D, 0x42, 0x3E, 0x5A, 0xE2, 0x62, 0x63, 0xBA, 0x8E,
    0x6B, 0x48, 0xA5, 0xDD, 0xBA, 0x91, 0x98, 0x38, 0x2D, 0x63, 0x8C, 0x24, 0x66, 0x10, 0x68, 0xCC,
    0x9C, 0x67, 0x64, 0x74, 0xAF, 0x07, 0x30, 0x19, 0x2C, 0x4F, 0xC1, 0x25, 0xD3, 0x0C, 0x0E, 0x86,
    0x25, 0x7B, 0x86, 0x8D, 0x17, 0xA8, 0x64, 0x33, 0xBB, 0x71, 0x02, 0x4A, 0x36, 0x73, 0x06, 0xAB,
    0x60, 0xC2, 0xEF, 0x79, 0x56, 0x48, 0xB4, 0x0D, 0x44, 0xB4, 0x2D, 0x80, 0xCC, 0x88, 0x73, 0x02,
    0x0F, 0x6A, 0x43, 0x2A, 0x19, 0x0E, 0xAE, 0x86, 0x33, 0xAB, 0xC4, 0x50, 0x1B, 0x5E, 0x05, 0x83,
    0x41, 0x2F, 0x00, 0x6D, 0x12, 0x58, 0x2C, 0x49, 0x1C, 0xE7, 0x0C, 0x8E, 0x57, 0x13, 0xE1, 0x50,
    0x5E, 0x2F, 0xA5, 0x75, 0x23, 0x3F, 0xE5, 0x1C, 0x4E, 0x04, 0x04, 0x8A, 0x40, 0xEE, 0x21, 0x2C,
    0xF4, 0x13, 0x14, 0x0C, 0x29, 0x10, 0x2B, 0x68, 0x7C, 0x8C, 0xBD, 0x43, 0xE1, 0x98, 0xC4, 0x1F,
    0x15, 0x3C, 0xA6, 0xA4, 0xFA, 0x9E, 0x07, 0x84, 0x3A, 0xDF, 0x8D, 0x10, 0x69, 0x38, 0xF4, 0x2B,
    0x90, 0x90, 0xA9, 0xCA, 0x63, 0x07, 0x26, 0x09, 0xAF, 0x30, 0xAD, 0x14, 0xCE, 0xE5, 0x92, 0xC5,
    0xD2, 0x81, 0x94, 0xDC, 0x5F, 0x01, 0x85, 0x48, 0x89, 0x45, 0x11, 0x34, 0x9D, 0x46, 0x12, 0x87,
    0x21, 0x25, 0xF5, 0x5F, 0x20, 0xDB, 0x55, 0x90, 0xA9, 0x5D, 0x94, 0xDC, 0x46, 0x9B, 0x5A, 0x44,
    0xB2, 0xB9, 0xE7, 0x62, 0x9F, 0x2B, 0x73, 0xEB, 0xE6, 0xA8, 0x33, 0x76, 0xC7, 0xEA, 0xF8, 0xBC,
    0x29, 0x3B, 0x6C, 0xCB, 0x41, 0x2C, 0xD7, 0xBA, 0x11, 0x90, 0x1F, 0x48, 0x71, 0x43, 0xA8, 0x1F,
    0x56, 0xE9, 0x1E, 0x4C, 0xDE, 0x9C, 0xDF, 0x98, 0x3D, 0x9C, 0xF7, 0x51, 0xB3, 0x7D, 0x6F, 0x80,
    0x72, 0x26, 0x48, 0xD2, 0x49, 0xC9, 0x16, 0x82, 0x14, 0xE9, 0xDD, 0x7C, 0x4C, 0x2A, 0xA0, 0x56,
    0x1C, 0x5A, 0xDE, 0xBF, 0xBD, 0xDA, 0xE2, 0x23, 0x53, 0xBB, 0x62, 0xE2, 0xBC, 0x00, 0xCB, 0xDA,
    0xA4, 0xC5, 0xE1, 0x31, 0xA0, 0xA5, 0xD7, 0x90, 0x3C, 0xA0, 0x2C, 0x15, 0x04, 0x8E, 0x7F, 0xF8,
    0x10, 0x7C, 0x6F, 0xC0, 0x7B, 0x4E, 0xBA, 0x47, 0x0F, 0x61, 0x38, 0x02, 0x60, 0x56, 0xE9, 0xE8,
    0x0A, 0xC4, 0xBC, 0xF6, 0x84, 0xFF, 0x0C, 0x90, 0x2B, 0xE6, 0x9F, 0xE5, 0x26, 0x7F, 0xAC, 0xD2,
    0x4A, 0x71, 0x47, 0x64, 0xD3, 0x62, 0xB9, 0x89, 0x28, 0x46, 0xFC, 0x9A, 0xE8, 0x38, 0x35, 0xED,
    0xE6, 0x6B, 0x01, 0xCD, 0x1B, 0x25, 0x9E, 0x97, 0xE7, 0xF8, 0x73, 0xF9, 0xE6, 0x24, 0x66, 0x53,
    0x75, 0x8F, 0x7B, 0x61, 0x0A, 0xE6, 0x3C, 0x96, 0x6B, 0xEE, 0x85, 0xF9, 0xE0, 0x9E, 0x9F, 0x8E,
    0x42, 0x98, 0xEA, 0x32, 0x1B, 0x64, 0x91, 0x73, 0x4F, 0x77, 0x40, 0xDA, 0xEC, 0x71, 0xD6, 0x08,
    0xB3, 0x20, 0x75, 0x4F, 0xB9, 0xA7, 0x96, 0xC1, 0xCE, 0x7D, 0x75, 0x46, 0x66, 0x39, 0xCF, 0x04,
    0x39, 0x74, 0x19, 0x7A, 0x32, 0x11, 0x5C, 0xE0, 0x09, 0x75, 0xAA, 0x78, 0x1E, 0xEA, 0x29, 0x41,
    0x4F, 0xA6, 0xA1, 0x9A, 0x94, 0x20, 0x8F, 0x59, 0x20, 0x8D, 0x9E, 0xA1, 0x16, 0x0C, 0x26, 0x81,
    0xAC, 0x88, 0xCC, 0xBD, 0x37, 0x79, 0x21, 0x77, 0xD9, 0xB3, 0x67, 0x93, 0x97, 0xF2, 0xEE, 0x87,
    0x33, 0x04, 0x58, 0xC4, 0x7C, 0xF7, 0x93, 0xB9, 0x99, 0x6C, 0x02, 0x68, 0x06, 0x66, 0x30, 0xCA,
    0x04, 0xFF, 0xC4, 0xCD, 0x65, 0xE4, 0x13, 0x37, 0x73, 0x1E, 0xF5, 0xAA, 0x79, 0x73, 0x90, 0xBF,
    0xE9, 0x61, 0x7B, 0xE9, 0x2C, 0x0F, 0x33, 0x15, 0xC7, 0xDA, 0xF7, 0x19, 0x92, 0xEE, 0x91, 0x29,
    0x11, 0x18, 0xC4, 0x5F, 0x44, 0xB8, 0x5A, 0x70, 0x4C, 0xDD, 0x5E, 0x6B, 0x47, 0x0A, 0x92, 0x39,
    0x87, 0xB7, 0x39, 0xB4, 0xA6, 0x58, 0xF2, 0xD9, 0x01, 0xD8, 0x1E, 0xC1, 0xC8, 0xA2, 0x1F, 0xB5,
    0xDE, 0xD2, 0xDA, 0xB1, 0xFD, 0x75, 0xEF, 0xAC, 0x88, 0x6A, 0x74, 0x80, 0x93, 0x08, 0x81, 0xE9,
    0xEB, 0x07, 0xFC, 0xBE, 0xB2, 0x6D, 0x83, 0xE9, 0x02, 0xFB, 0x6A, 0xF8, 0xB9, 0xCE, 0x70, 0xED,
    0x39, 0x16, 0x8E, 0xF0, 0x1C, 0x90, 0xA5, 0x57, 0x77, 0x07, 0x7C, 0x9E, 0x60, 0x8B, 0x70, 0x37,
    0xFD, 0x49, 0xAB, 0xE8, 0x8A, 0x0D, 0xF8, 0x01, 0x7F, 0x13, 0xE0, 0x2B, 0xFD, 0x3F, 0xD2, 0x92,
    0xA4, 0x0E, 0x25, 0xE9, 0xE9, 0xF3, 0xFC, 0x5E, 0x52, 0x9C, 0x69, 0xD3, 0x51, 0xC3, 0x83, 0x51,
    0x46, 0x0C, 0xFC, 0xCF, 0xA2, 0xDD, 0xA0, 0xB5, 0xEC, 0x55, 0xBF, 0xA7, 0x3C, 0xDE, 0xE4, 0xC6,
    0xDE, 0xD8, 0x3D, 0xB6, 0x86, 0xCC, 0x72, 0x8B, 0xF8, 0xC7, 0xED, 0xE3, 0x2D, 0xEC, 0xD5, 0x26,
    0xDA, 0xCC, 0xCA, 0xB8, 0xCC, 0x75, 0xB7, 0xF9, 0x46, 0x31, 0xBB, 0x38, 0x3E, 0x04, 0x2E, 0x86,
    0x57, 0x55, 0x8A, 0x73, 0xA4, 0x07, 0xE6, 0x24, 0x28, 0xC5, 0x19, 0xE7, 0x70, 0xA2, 0x05, 0xE6,
    0x0C, 0x95, 0x18, 0x44, 0x29, 0xF2, 0x81, 0x8B, 0x29, 0x45, 0xDE, 0x04, 0x2E, 0x2B, 0xC5, 0xAB,
    0x4F, 0x5C, 0x29, 0x46, 0x15, 0x1A, 0x62, 0xEB, 0xE0, 0x86, 0x52, 0xBC, 0xF0, 0x2F, 0x8B, 0x51,
    0xBB, 0x25, 0xBC, 0x16, 0xBB, 0x27, 0x4D, 0xF2, 0xE2, 0x76, 0x54, 0xE6, 0x78, 0xC3, 0x60, 0x88,
    0xDF, 0x3F, 0x5A, 0x8B, 0xB2, 0x65, 0xC5, 0xED, 0x68, 0x5E, 0x26, 0x5B, 0x7F, 0xCD, 0x1C, 0x74,
    0xCA, 0x6E, 0x4D, 0xC2, 0x1E, 0xD6, 0xEE, 0xC3, 0x9A, 0xFB, 0x52, 0xF0, 0x6C, 0x76, 0x5F, 0x1F,
    0xC3, 0x5A, 0x7B, 0xD3, 0xD6, 0x19, 0xBD, 0xCF, 0x6F, 0xD8, 0xBC, 0xF0, 0x97, 0xB6, 0x79, 0x61,
    0xBB, 0xFD, 0x68, 0x8A, 0x99, 0x16, 0x43, 0xAB, 0xF3, 0xC2, 0xBB, 0xB9, 0x5F, 0x53, 0xCC, 0xB0,
    0xD0, 0x79, 0xD9, 0xAD, 0xC2, 0x27, 0x05, 0xA9, 0xFE, 0x84, 0x62, 0x20, 0x98, 0x17, 0x66, 0xD4,
    0x9E, 0x75, 0x5E, 0xAA, 0x31, 0xF0, 0x8A, 0x48, 0x87, 0x84, 0xE0, 0x65, 0x5C, 0xB7, 0xBD, 0x8E,
    0xE4, 0x19, 0x85, 0x51, 0xBA, 0xDB, 0x34, 0x6E, 0xAC, 0x6F, 0xDD, 0x62, 0xB0, 0xA8, 0xA4, 0x0B,
    0x2E, 0xD2, 0x51, 0x4D, 0x8B, 0x8E, 0xE9, 0x59, 0xEA, 0x7C, 0xC6, 0xB4, 0xEC, 0xA1, 0x3C, 0xA1,
    0xF2, 0xA0, 0xE8, 0xD8, 0x92, 0x8F, 0xC0, 0x4D, 0xC3, 0xD2, 0x2B, 0x56, 0x45, 0xA7, 0x24, 0xEB,
    0xB8, 0xB3, 0xED, 0x87, 0x2C, 0x5A, 0xB7, 0xD6, 0x7B, 0x93, 0xDB, 0xCC, 0x4D, 0xCA, 0x00, 0x66,
    0x0B, 0xA6, 0x65, 0xEF, 0x5E, 0xF6, 0x74, 0x86, 0x41, 0xEF, 0xB9, 0x98, 0x13, 0x23, 0xBD, 0x63,
    0x75, 0xF1, 0xDE, 0x80, 0x1F, 0xC0, 0xBC, 0x9D, 0x04, 0x3D, 0x48, 0x2F, 0x41, 0x93, 0x9F, 0x63,
    0xF3, 0x76, 0x8E, 0xCD, 0x98, 0x53, 0xA4, 0x58, 0xCF, 0xC9, 0x27, 0xBF, 0x92, 0x83, 0x79, 0x3B,
    0x67, 0x91, 0x79, 0x9B, 0x46, 0xE6, 0x6D, 0x12, 0x9B, 0xB7, 0xE9, 0x6D, 0xE6, 0xED, 0x55, 0xB4,
    0x92, 0xCF, 0x61, 0x25, 0x27, 0xD1, 0x4A, 0xCE, 0xA2, 0x95, 0x5C, 0x44, 0x2B, 0x79, 0x37, 0xBC,
    0xD8, 0xBC, 0x9D, 0x92, 0x0B, 0x67, 0x10, 0xFC, 0xEF, 0x77, 0xA3, 0xB6, 0x15, 0x70, 0xE8, 0x6B,
    0x92, 0x60, 0x4D, 0x79, 0xFF, 0x2E, 0xE2, 0x86, 0x82, 0xCF, 0xD7, 0xB8, 0x94, 0xC3, 0x2A, 0xF8,
    0x54, 0x63, 0xB6, 0x36, 0x8A, 0x0F, 0x49, 0x6D, 0x6B, 0x9A, 0xAC, 0x66, 0x13, 0x4C, 0xF1, 0x81,
    0xCB, 0xE4, 0x8D, 0x33, 0xF6, 0x42, 0x54, 0x6A, 0x38, 0xA2, 0x65, 0x42, 0x03, 0x10, 0x04, 0x9F,
    0x5C, 0xCA, 0x5C, 0xC8, 0x8A, 0x92, 0xB6, 0xAC, 0xA8, 0xFB, 0xA3, 0x5F, 0x51, 0x09, 0x09, 0xA2,
    0xAD, 0x28, 0xA1, 0x88, 0x05, 0x3B, 0xB7, 0x8D, 0xCC, 0xDC, 0xD6, 0x6B, 0x7F, 0xE5, 0x0C, 0x2A,
    0x6D, 0xBC, 0x8D, 0xB5, 0xC4, 0x4B, 0xB6, 0xEF, 0xBA, 0xBA, 0x82, 0x2D, 0x9B, 0x44, 0xAB, 0x2B,
    0xB9, 0xFF, 0x24, 0xAC, 0x2E, 0xE4, 0xE0, 0xE8, 0xEA, 0x3A, 0x80, 0x5D, 0x6D, 0x30, 0xE5, 0x73,
    0x11, 0x2C, 0x58, 0x32, 0xD9, 0xBC, 0xFD, 0xCA, 0x87, 0x97, 0xAD, 0xB7, 0x5E, 0x73, 0x28, 0x73,
    0xB5, 0x5D, 0xB3, 0x47, 0x89, 0x5F, 0x5D, 0x8B, 0xEC, 0xA0, 0x02, 0xD6, 0x2A, 0x9D, 0x60, 0xB5,
    0x36, 0xB1, 0xCD, 0xDA, 0x46, 0x16, 0xAB, 0xDF, 0x82, 0x90, 0x18, 0xBF, 0x6C, 0xAC, 0xD5, 0x78,
    0x41, 0x1D, 0x36, 0x96, 0xEA, 0x2D, 0x19, 0xAB, 0xE1, 0xAA, 0x9C, 0x9E, 0x56, 0x9D, 0xBF, 0x29,
    0xE7, 0x1D, 0xEA, 0xCB, 0x45, 0x39, 0x04, 0xD5, 0x37, 0xE8, 0x8D, 0x71, 0x38, 0xC2, 0x50, 0xED,
    0x4E, 0xC5, 0xBC, 0xB3, 0xB8, 0x53, 0x4D, 0x42, 0xCD, 0x1D, 0x91, 0xA7, 0x03, 0xAC, 0x13, 0x81,
    0x8A, 0x1A, 0xDC, 0x11, 0xA8, 0xAA, 0x13, 0x5E, 0x26, 0x50, 0xE5, 0x07, 0x39, 0x66, 0xD7, 0x5D,
    0x7A, 0x37, 0xEE, 0x2C, 0x06, 0xC5, 0xE1, 0x62, 0x7E, 0x37, 0x40, 0x95, 0x3A, 0x07, 0x45, 0x0F,
    0xA8, 0x90, 0xBF, 0xDA, 0x9B, 0x5C, 0x71, 0x02, 0x6B, 0x6F, 0x82, 0xD5, 0x49, 0x5E, 0x98, 0x40,
    0xC5, 0x29, 0xAC, 0xBD, 0x17, 0xAD, 0x4A, 0xBE, 0xA8, 0xC8, 0x56, 0xEA, 0x76, 0x7D, 0x10, 0xAE,
    0x26, 0xB6, 0x78, 0xCA, 0xD8, 0xB8, 0xC8, 0x36, 0xE5, 0x18, 0x37, 0x86, 0x4F, 0x73, 0xCD, 0xEA,
    0xE9, 0x2E, 0x4B, 0x58, 0x2C, 0x60, 0x2A, 0x5F, 0x3E, 0x0F, 0x93, 0x30, 0xD3, 0x36, 0x20, 0xE3,
    0xF6, 0xFF, 0x51, 0xC4, 0xA8, 0x5D, 0x9E, 0x15, 0x30, 0xD8, 0xFF, 0x86, 0x17, 0x73, 0xD0, 0x14,
    0xAE, 0x7C, 0xAC, 0x67, 0x73, 0x8B, 0xF2, 0x11, 0x09, 0x8E, 0x22, 0x57, 0x1F, 0x81, 0x25, 0x2B,
    0x31, 0x09, 0x27, 0x57, 0x2A, 0x89, 0x21, 0x7E, 0xC8, 0xCC, 0x0C, 0xCF, 0x25, 0x47, 0x16, 0x40,
    0x71, 0x15, 0x5A, 0x6F, 0x82, 0x7F, 0x46, 0x68, 0x34, 0xBA, 0x04, 0xB1, 0x75, 0x29, 0x4A, 0x69,
    0x5C, 0x0A, 0xE2, 0x36, 0x63, 0x2E, 0x2E, 0xF7, 0x71, 0x75, 0x01, 0x9F, 0x9E, 0x44, 0xD4, 0xF0,
    0xE9, 0x1B, 0x6E, 0xAB, 0xE1, 0xDD, 0xFD, 0xBF, 0x64, 0xFD, 0xA6, 0xAE, 0xBF, 0xB3, 0xDE, 0x83,
    0xC2, 0xCB, 0x6F, 0xE1, 0x23, 0x1D, 0x55, 0xFA, 0x47, 0x36, 0xB4, 0x54, 0xE9, 0x37, 0x6F, 0xBB,
    0xC5, 0x94, 0x7E, 0xE5, 0x9E, 0xD8, 0xD2, 0xE3, 0x63, 0x6B, 0x6F, 0x8C, 0xB9, 0x21, 0xB1, 0x2D,
    0x7C, 0x27, 0x97, 0xF9, 0x00, 0x9F, 0x1D, 0x2E, 0x0A, 0x12, 0x7C, 0x2A, 0xD9, 0xAA, 0x81, 0x0F,
    0x53, 0x29, 0xBD, 0x31, 0x26, 0x4E, 0xBA, 0x08, 0x52, 0x01, 0x16, 0x97, 0xCA, 0x51, 0x3B, 0x2C,
    0x1E, 0x9F, 0x72, 0x09, 0x0B, 0x2E, 0x5D, 0x23, 0x1C, 0xA2, 0x5B, 0xC9, 0xEC, 0x44, 0xDA, 0x8E,
    0xA7, 0x2E, 0x93, 0x8F, 0x7F, 0xEF, 0x2E, 0xF2, 0xB3, 0x84, 0xFD, 0x69, 0x09, 0xDB, 0x53, 0xE2,
    0xF1, 0x49, 0xE4, 0x56, 0x37, 0xAB, 0x4A, 0xEC, 0xF1, 0xA9, 0x1F, 0x27, 0x8B, 0x77, 0xE9, 0x78,
    0x2C, 0x82, 0x0F, 0x49, 0xD2, 0xE8, 0x1D, 0x8F, 0x09, 0x63, 0x51, 0xA7, 0x03, 0xCC, 0x69, 0x73,
    0x38, 0xEA, 0x25, 0x38, 0x1B, 0xA5, 0xE1, 0xA3, 0xFB, 0x38, 0xF0, 0x29, 0x05, 0x43, 0xE0, 0x93,
    0x4B, 0x56, 0x98, 0xE0, 0xA3, 0xF3, 0x08, 0x7C, 0xFE, 0xE1, 0xDD, 0x9C, 0x81, 0xDB, 0xDA, 0x56,
    0x68, 0x41, 0xFE, 0xFD, 0xA1, 0x49, 0x13, 0xEB, 0xEB, 0x4E, 0x8F, 0x57, 0x7A, 0x78, 0x72, 0x67,
    0x95, 0xA7, 0x96, 0xAB, 0x2E, 0x2A, 0x60, 0x64, 0x27, 0x57, 0xD3, 0x95, 0x22, 0x46, 0x53, 0x90,
    0x9D, 0xAF, 0x14, 0x32, 0x56, 0xC1, 0xEE, 0xCA, 0x36, 0x74, 0x77, 0xE0, 0x53, 0x14, 0x01, 0x6D,
    0x47, 0xBB, 0xDC, 0x33, 0x73, 0xDB, 0x0A, 0xD2, 0x9F, 0xEF, 0x9C, 0x15, 0xB6, 0x34, 0x3D, 0x3B,
    0x1F, 0x8E, 0xC0, 0x95, 0x55, 0x57, 0xC1, 0x9A, 0x1C, 0xBC, 0x99, 0x8F, 0x6A, 0x63, 0x66, 0x1D,
    0xD8, 0x99, 0x8D, 0xC0, 0xA6, 0x27, 0x37, 0xBA, 0x4B, 0xE9, 0xA1, 0xBF, 0x29, 0x40, 0x74, 0x4C,
    0x03, 0xA2, 0x63, 0x2A, 0x70, 0xBB, 0xA0, 0x5E, 0xA5, 0x73, 0xBD, 0xF0, 0xE7, 0xB6, 0x17, 0xAB,
    0x42, 0x67, 0xE6, 0xC2, 0x1A, 0x2B, 0x43, 0x98, 0xC2, 0x8F, 0xBD, 0x11, 0x5E, 0x2F, 0x88, 0xBF,
    0xAA, 0xC4, 0x65, 0x38, 0x80, 0xF7, 0x86, 0x78, 0xD3, 0x3F, 0xBC, 0x6F, 0xBB, 0x16, 0x87, 0xEA,
    0x1F, 0x32, 0xB3, 0x49, 0xB6, 0x79, 0x52, 0x1F, 0x0F, 0xF9, 0x20, 0x7C, 0x11, 0x96, 0xF9, 0x48,
    0x06, 0x4C, 0x39, 0x68, 0x40, 0xD5, 0xB1, 0x39, 0xC3, 0xA5, 0xEB, 0xB0, 0x3A, 0x47, 0xED, 0xC9,
    0xFA, 0x24, 0x5F, 0xE6, 0x21, 0x43, 0x28, 0x3B, 0x18, 0x4D, 0xFD, 0x43, 0xE6, 0x80, 0xCA, 0x1E,
    0xD6, 0xD1, 0x7B, 0xC2, 0x44, 0x02, 0x8E, 0xA4, 0x22, 0x1E, 0xC2, 0xB6, 0xB0, 0x75, 0xFA, 0xD0,
    0xBB, 0xB8, 0x0C, 0xF5, 0xC3, 0x8D, 0xFB, 0xBA, 0x6E, 0x78, 0x4A, 0x9B, 0x5E, 0xB6, 0xE9, 0x25,
    0xEB, 0x4D, 0x47, 0xEA, 0x9F, 0xE1, 0xA6, 0xA0, 0x94, 0xC9, 0xF2, 0xFC, 0xCE, 0x39, 0x3E, 0xAF,
    0xFD, 0xFE, 0x28, 0x75, 0x0C, 0x71, 0xDE, 0xC1, 0x67, 0x42, 0x7D, 0xF2, 0x6B, 0x8C, 0xFD, 0x9E,
    0x04, 0xA7, 0xC6, 0xD9, 0x51, 0x42, 0x28, 0x81, 0xEF, 0x73, 0xC8, 0xDE, 0x22, 0x0B, 0x79, 0x77,
    0xA0, 0xA5, 0x55, 0xF7, 0xBB, 0x43, 0x7D, 0x06, 0xAD, 0xD0, 0x1D, 0xC9, 0x6D, 0xAA, 0xB8, 0x56,
    0x4A, 0x3E, 0x15, 0x5C, 0x0D, 0x8F, 0xC4, 0xE6, 0xB8, 0x6F, 0x24, 0xD1, 0xB1, 0x11, 0xED, 0xB3,
    0x82, 0x70, 0xCD, 0x5B, 0x4A, 0x2E, 0x1E, 0x93, 0x79, 0xC6, 0x85, 0xDE, 0xAB, 0xE0, 0x90, 0x31,
    0xEA, 0xA6, 0x06, 0x47, 0x4F, 0x7B, 0x7E, 0x70, 0x61, 0x41, 0x10, 0xEE, 0xE5, 0xF8, 0xE2, 0xC1,
    0x1A, 0x5F, 0xF1, 0xC2, 0x2F, 0x32, 0x76, 0x07, 0xFF, 0xFB, 0xEC, 0x56, 0x5E, 0xD6, 0x4D, 0x27,
    0x96, 0x96, 0xF3, 0x65, 0xC3, 0x29, 0x89, 0xDC, 0x92, 0x5F, 0xDC, 0x27, 0xBF, 0xED, 0xDD, 0x12,
    0x1C, 0x97, 0x99, 0xE1, 0x54, 0x73, 0x14, 0xC2, 0x0C, 0xA7, 0xE6, 0xB0, 0x73, 0xDE, 0x2D, 0xA9,
    0xFB, 0xB6, 0xDD, 0x9B, 0x5B, 0x52, 0x91, 0x27, 0x72, 0x30, 0xB7, 0xA4, 0xC4, 0x41, 0x91, 0x19,
    0xE1, 0x1D, 0x1F, 0x20, 0x99, 0x5B, 0x22, 0x21, 0x18, 0xB1, 0x06, 0xA4, 0xA3, 0x86, 0xD3, 0x41,
    0x62, 0x05, 0x90, 0x0F, 0x4E, 0xA0, 0xF3, 0x6E, 0x09, 0xC2, 0x50, 0x26, 0x1D, 0x19, 0x82, 0x22,
    0xD1, 0x72, 0x09, 0x5A, 0xAF, 0xDA, 0xC4, 0x53, 0xDF, 0x7E, 0x72, 0x4B, 0x79, 0x3B, 0xA0, 0xA2,
    0xCB, 0x27, 0x31, 0x53, 0x9B, 0x1B, 0xB2, 0x68, 0x7C, 0xA8, 0xA8, 0xB1, 0xA5, 0xD2, 0xD8, 0x2A,
    0x69, 0xCC, 0x0E, 0x6A, 0x6C, 0x77, 0x31, 0x53, 0xD1, 0x07, 0x80, 0x7C, 0xE4, 0x87, 0x1B, 0x32,
    0xCA, 0x60, 0x1A, 0xCA, 0x2E, 0xB2, 0xE8, 0xC9, 0xD3, 0xBA, 0xCA, 0x91, 0x53, 0x37, 0xB4, 0xEA,
    0xA6, 0x67, 0x4E, 0x0F, 0xAB, 0x76, 0x6E, 0xD2, 0x3B, 0x8C, 0xDC, 0xDA, 0xA8, 0xB9, 0xDC, 0x75,
    0xDA, 0xD8, 0xE9, 0xE5, 0x52, 0x27, 0x3D, 0xC9, 0xA6, 0x3D, 0xD2, 0x59, 0x3E, 0x99, 0x77, 0xF7,
    0x3F, 0xAB, 0x92, 0x5F, 0x73, 0x6D, 0xF7, 0x54, 0x6A, 0xBE, 0x89, 0xF4, 0xF3, 0xD8, 0x44, 0xFE,
    0xCB, 0x51, 0x57, 0x00, 0x1F, 0x31, 0x62, 0x0D, 0xD4, 0x7B, 0x5D, 0x05, 0x8D, 0xAD, 0x83, 0x26,
    0xAC, 0x04, 0x5B, 0x0B, 0xB6, 0x1A, 0x1A, 0x5B, 0x0F, 0xF5, 0x5E, 0x57, 0x04, 0xD7, 0x84, 0xC1,
    0x9A, 0x20, 0x03, 0x5B, 0x56, 0x45, 0xD5, 0xEB, 0xBA, 0xA0, 0x8F, 0x90, 0x95, 0xC1, 0x92, 0xD0,
    0x2B, 0x11, 0x41, 0x56, 0x07, 0x3E, 0x9D, 0xD7, 0xC7, 0xAE, 0xD7, 0x15, 0xC2, 0x00, 0xDE, 0x43,
    0x11, 0xAA, 0xEB, 0xEA, 0xDA, 0x5F, 0x21, 0xFA, 0xEB, 0x9F, 0xC8, 0xD2, 0x4E, 0xB7, 0x4B, 0x7B,
    0xB9, 0xF3, 0xD2, 0x76, 0xB2, 0xB4, 0xCF, 0x49, 0x93, 0xEB, 0x8C, 0x42, 0x12, 0x5B, 0x8E, 0xE9,
    0xCF, 0x42, 0xF5, 0x93, 0xF9, 0x0E, 0x8F, 0xFA, 0x94, 0xF2, 0x1D, 0xA0, 0x95, 0xDC, 0x00, 0x9A,
    0xAB, 0xBD, 0xF9, 0xE0, 0x89, 0xDD, 0x64, 0xA6, 0x9C, 0x20, 0x25, 0x2E, 0xA4, 0xDF, 0xDC, 0xAA,
    0x82, 0xEE, 0x36, 0x45, 0xB0, 0x46, 0x4B, 0xBB, 0x89, 0x97, 0x76, 0x13, 0x59, 0x1D, 0x41, 0xA8,
    0x6B, 0x72, 0x78, 0x4D, 0xB0, 0x09, 0xB7, 0x6F, 0xB8, 0xCE, 0xAB, 0x50, 0xE7, 0xBC, 0xE5, 0x5A,
    0xD1, 0xF8, 0x49, 0xBA, 0x2C, 0xE6, 0x49, 0x00, 0xD8, 0x81, 0x1A, 0x7B, 0x0A, 0x5E, 0xD8, 0x09,
    0xE1, 0x3F, 0xF4, 0x02, 0x2F, 0xD7, 0x6B, 0xA9, 0xD0, 0x97, 0x4B, 0xE4, 0x13, 0x49, 0x39, 0x47,
    0x53, 0xA1, 0x6C, 0xA4, 0x37, 0xB6, 0xF3, 0x73, 0x09, 0x9E, 0x26, 0x56, 0xA1, 0x3F, 0x6D, 0x4D,
    0xCB, 0xBC, 0xDF, 0x06, 0xED, 0xAD, 0xF8, 0x7A, 0xC6, 0xA5, 0x6A, 0xB4, 0xB3, 0xEC, 0xDC, 0x7B,
    0x21, 0x34, 0xD1, 0x84, 0xD8, 0x44, 0xB2, 0x3B, 0xE3, 0x2A, 0x0D, 0x01, 0x91, 0x57, 0xAC, 0x3F,
    0x95, 0xE4, 0xCB, 0x22, 0xEC, 0x54, 0x12, 0xC5, 0x20, 0x47, 0x6F, 0xDC, 0x82, 0xF9, 0xA2, 0x3B,
    0x44, 0x8B, 0x42, 0xB6, 0x16, 0x8F, 0x6F, 0x98, 0x0C, 0xAB, 0x20, 0x92, 0x43, 0x8E, 0x0B, 0x30,
    0x61, 0xC0, 0x3D, 0x4A, 0xAF, 0xB8, 0x23, 0x3B, 0x86, 0x9E, 0x27, 0xA8, 0x17, 0x2E, 0x1D, 0xEF,
    0x86, 0x87, 0xC3, 0x10, 0x3B, 0x76, 0x30, 0x3B, 0x24, 0x1C, 0x84, 0x58, 0xC7, 0x40, 0xBC, 0xE3,
    0x6D, 0x41, 0xB7, 0x77, 0xAE, 0xD9, 0x21, 0xDB, 0x4E, 0x2C, 0x7C, 0x49, 0x30, 0x42, 0x9A, 0x60,
    0x83, 0xC8, 0x91, 0xBA, 0xE0, 0xF6, 0x00, 0x9B, 0x9C, 0x3F, 0xCA, 0x60, 0xB6, 0xB3, 0x19, 0x20,
    0x35, 0x09, 0x62, 0xB0, 0x3F, 0x5C, 0x63, 0xA7, 0xB9, 0xB4, 0x76, 0x5B, 0x66, 0xC9, 0x9A, 0xF5,
    0x51, 0xE2, 0x82, 0x2D, 0x18, 0x1F, 0x7A, 0xE2, 0xEA, 0x6D, 0x8F, 0x36, 0xF1, 0xAE, 0x81, 0x90,
    0x61, 0xD5, 0xF2, 0x90, 0x45, 0x27, 0x86, 0xC7, 0xDB, 0xBA, 0xA9, 0x0A, 0x6E, 0xDD, 0xD8, 0x24,
    0xC1, 0xEC, 0x38, 0x37, 0x91, 0xD5, 0xD1, 0xC5, 0x77, 0x24, 0xED, 0xDC, 0xE6, 0x30, 0x2E, 0x86,
    0x66, 0xD3, 0x69, 0xEF, 0x7A, 0xA4, 0xA9, 0x22, 0xB6, 0xB3, 0xCB, 0x40, 0xE1, 0x90, 0x6B, 0xFD,
    0x3D, 0x85, 0x0A, 0x75, 0x81, 0x0C, 0xAA, 0xA5, 0xFC, 0x63, 0x2F, 0x62, 0xC9, 0xC3, 0xE6, 0x59,
    0x88, 0x9A, 0x7E, 0x1E, 0x45, 0x86, 0xD5, 0x21, 0xAF, 0x97, 0x7A, 0xF4, 0xA6, 0xEE, 0x0E, 0x57,
    0x94, 0xA9, 0xA9, 0x8B, 0xB8, 0x86, 0x89, 0x98, 0x50, 0xAD, 0x64, 0x9D, 0xEE, 0x9B, 0x83, 0x17,
    0xB1, 0xDD, 0xA9, 0x0B, 0x22, 0x56, 0xBA, 0x25, 0x88, 0x18, 0xD7, 0x5F, 0x0A, 0x22, 0x56, 0x1F,
    0x3E, 0x11, 0x11, 0x8B, 0xD0, 0xD9, 0xC7, 0xED, 0x08, 0x28, 0x3B, 0xD8, 0x69, 0xFA, 0x60, 0xA9,
    0x54, 0x08, 0x92, 0x0B, 0x4A, 0x2D, 0xEA, 0x42, 0xE9, 0x29, 0x38, 0x23, 0xA5, 0x3E, 0xF8, 0x9C,
    0x78, 0x6E, 0x00, 0xAD, 0xCD, 0xDA, 0x42, 0x16, 0x4C, 0xB2, 0x38, 0x99, 0x0F, 0x2E, 0x19, 0x6F,
    0x8A, 0x0F, 0xDA, 0xB6, 0x02, 0x99, 0xF1, 0x65, 0x0B, 0xB0, 0xEE, 0xC3, 0xFA, 0x63, 0x03, 0x4D,
    0x0E, 0x6A, 0xFE, 0xE2, 0xED, 0xD5, 0xA4, 0xA8, 0xD2, 0x23, 0x5D, 0x46, 0xA6, 0x54, 0x5F, 0x0E,
    0xC0, 0xEC, 0xE2, 0x10, 0xE0, 0x26, 0xD3, 0x3B, 0x96, 0x99, 0x36, 0x0A, 0xE1, 0xC7, 0xA5, 0x2D,
    0xD2, 0xF8, 0x45, 0x9F, 0x7B, 0x85, 0xF0, 0xD8, 0xDF, 0xD6, 0xE0, 0xF3, 0x1D, 0xFE, 0xFD, 0xFB,
    0x98, 0x9A, 0x1B, 0x7B, 0x09, 0x99, 0xBB, 0xED, 0x37, 0xF8, 0x9B, 0xBF, 0x8B, 0x6B, 0x5F, 0x8F,
    0x6B, 0x5F, 0xFE, 0xF7, 0x8F, 0x6E, 0x39, 0x23, 0x8C, 0xC3, 0x73, 0x71, 0x99, 0xB9, 0x7F, 0x94,
    0x3C, 0xB7, 0x0C, 0xAC, 0x61, 0xBB, 0x6E, 0xF5, 0x8B, 0xB9, 0xB8, 0x4D, 0xE4, 0xE0, 0x36, 0x91,
    0x7B, 0xDB, 0x44, 0xCE, 0x6D, 0x13, 0xB9, 0xB6, 0x4D, 0xD0, 0x2C, 0xFB, 0x26, 0x28, 0x16, 0x6F,
    0xBD, 0x97, 0xF2, 0xFE, 0x5E, 0xAD, 0x34, 0x5B, 0xAD, 0x12, 0x2B, 0x15, 0x73, 0x66, 0x0F, 0xCD,
    0x35, 0x95, 0x12, 0x6B, 0x14, 0x60, 0xFB, 0xF3, 0x89, 0x6B, 0x43, 0x2C, 0x32, 0xE8, 0x93, 0xAE,
    0x0F, 0xBB, 0x01, 0x5F, 0xC5, 0x69, 0xED, 0x9F, 0x47, 0x26, 0xC0, 0x1D, 0xCB, 0xB7, 0x2E, 0x71,
    0x82, 0xB9, 0x8B, 0xEB, 0x87, 0x88, 0x71, 0x50, 0xEA, 0x35, 0x95, 0x4E, 0x88, 0x9A, 0xF0, 0x37,
    0x17, 0x87, 0x1A, 0x11, 0xEF, 0xBF, 0xCB, 0xA7, 0xCB, 0xCB, 0x7D, 0xCE, 0xF2, 0x98, 0x4B, 0xE4,
    0x31, 0x2C, 0x48, 0xAA, 0x3A, 0x94, 0x43, 0x86, 0x7A, 0x3F, 0xD9, 0xDC, 0x72, 0x98, 0x40, 0xC2,
    0x43, 0xD4, 0x41, 0x4A, 0xFB, 0x11, 0x2F, 0x9B, 0x9A, 0xD9, 0x77, 0xCA, 0x71, 0xC7, 0x7F, 0x23,
    0x2F, 0x63, 0xEB, 0x76, 0x2A, 0x07, 0x8E, 0xE8, 0xAC, 0x1C, 0x58, 0x29, 0xD7, 0x72, 0x60, 0x21,
    0xEA, 0x20, 0x55, 0xDD, 0x1F, 0x0D, 0x72, 0xD7, 0x08, 0x92, 0x90, 0xDF, 0x1F, 0x24, 0x3D, 0x63,
    0x9F, 0x68, 0x7D, 0xEC, 0x8B, 0xF4, 0x32, 0x5F, 0x00, 0xFD, 0xC6, 0xB9, 0xE7, 0xB5, 0xB4, 0xD8,
    0xF8, 0x5E, 0xB5, 0xE2, 0x24, 0x10, 0x6A, 0x35, 0x57, 0xB4, 0xB5, 0xA4, 0x2B, 0x03, 0xB8, 0x6A,
    0x5D, 0x57, 0xB9, 0xD3, 0x59, 0xAA, 0x9B, 0x8A, 0x59, 0x2F, 0x05, 0x4E, 0x13, 0xB9, 0x1F, 0x1B,
    0x35, 0x4E, 0x01, 0x9E, 0xD5, 0x7A, 0x5D, 0x24, 0x5A, 0x8F, 0xD7, 0x30, 0x74, 0x89, 0x56, 0x7D,
    0x5D, 0x84, 0x10, 0xB4, 0x48, 0x9B, 0xD7, 0xAB, 0xD4, 0x7F, 0x45, 0x5B, 0x8B, 0xC0, 0xA2, 0xCC,
    0xA1, 0x56, 0x82, 0x65, 0xD4, 0xAC, 0x1C, 0x2C, 0x8E, 0x8A, 0xB5, 0x26, 0x2C, 0x30, 0xD3, 0xC2,
    0xB0, 0x02, 0x99, 0x54, 0x87, 0xD5, 0xA3, 0x62, 0x94, 0x88, 0xD5, 0xDB, 0x5C, 0xAA, 0x88, 0x9B,
    0xB7, 0xC9, 0x23, 0xEE, 0x6E, 0xE7, 0xE6, 0x5D, 0xFC, 0xF7, 0xB9, 0xD8, 0x82, 0x16, 0xEA, 0xEA,
    0x8E, 0x83, 0x6C, 0xD2, 0x24, 0x29, 0x93, 0xE2, 0xF9, 0x6B, 0xC1, 0x84, 0x53, 0xB9, 0x8E, 0xA2,
    0x1A, 0x53, 0x67, 0x8E, 0x10, 0x27, 0xF9, 0x09, 0x60, 0xDD, 0xDB, 0x8F, 0xB8, 0x9C, 0x3E, 0xE3,
    0x05, 0x8E, 0x8B, 0xC0, 0xD5, 0x90, 0xAF, 0xE5, 0x04, 0xAD, 0x5F, 0xDC, 0x3B, 0x29, 0x0E, 0x98,
    0xCF, 0xE2, 0x48, 0x0A, 0x3E, 0x71, 0xB3, 0x93, 0x66, 0xCE, 0x3C, 0x15, 0x69, 0x12, 0x50, 0xF5,
    0x2C, 0x4D, 0xC2, 0x49, 0x8C, 0x4A, 0xC0, 0xD4, 0x1E, 0xE4, 0xCE, 0xDC, 0x15, 0xD5, 0x89, 0x9A,
    0x70, 0x9E, 0xDE, 0x78, 0x8C, 0x5E, 0x3D, 0x0F, 0xAE, 0xBB, 0xA4, 0x67, 0x97, 0xB0, 0xF8, 0x24,
    0x82, 0x81, 0x73, 0x0F, 0xC5, 0x41, 0xAC, 0x06, 0x49, 0x0E, 0x93, 0xA6, 0x5E, 0xBD, 0xBB, 0x08,
    0x0E, 0x75, 0x5F, 0xA2, 0x49, 0x38, 0x54, 0x4F, 0xE5, 0x10, 0x80, 0x2F, 0x3C, 0x70, 0x1C, 0x07,
    0x97, 0xC1, 0xEF, 0x90, 0x78, 0x2C, 0x22, 0xD3, 0x4B, 0x33, 0x9F, 0x72, 0x0D, 0x88, 0xB3, 0x2F,
    0x3A, 0x69, 0xB3, 0x3E, 0x71, 0x88, 0x4D, 0x97, 0x58, 0x2E, 0xD7, 0x91, 0x30, 0x0E, 0xA9, 0xA6,
    0x31, 0x03, 0x87, 0x6E, 0x5C, 0x0C, 0x87, 0x62, 0xB9, 0x58, 0x6B, 0x63, 0x77, 0xB1, 0xC0, 0x46,
    0xBA, 0xA8, 0x10, 0x88, 0x5B, 0xDD, 0xC9, 0xB5, 0x70, 0xA9, 0xD8, 0x5C, 0xBC, 0x15, 0xAB, 0x83,
    0xAD, 0x9C, 0x7B, 0x49, 0xB7, 0x14, 0x85, 0x0C, 0x57, 0x1B, 0xA2, 0x28, 0xFE, 0x36, 0x20, 0x50,
    0xA7, 0x1B, 0x18, 0xA8, 0xE7, 0x0D, 0x10, 0xD4, 0xFD, 0x06, 0x0A, 0x1A, 0x52, 0xC0, 0xD8, 0xD5,
    0x11, 0x47, 0x5B, 0x03, 0x0B, 0x89, 0x18, 0x21, 0x70, 0xC9, 0x81, 0x84, 0xFA, 0xE5, 0x80, 0x42,
    0x9D, 0x73, 0x60, 0x61, 0x1E, 0x3A, 0x84, 0xC2, 0xDC, 0x74, 0x46, 0x43, 0xC3, 0x70, 0x80, 0x43,
    0x63, 0x71, 0x96, 0xC7, 0x13, 0x54, 0x5C, 0xCC, 0x57, 0xE1, 0xB0, 0xC3, 0xF3, 0xD2, 0x1E, 0xF8,
    0xEB, 0x2D, 0xEA, 0x06, 0x28, 0x3B, 0x93, 0x6D, 0xE5, 0xBD, 0x9A, 0x29, 0xC2, 0x88, 0xA1, 0x21,
    0x3F, 0x13, 0xAC, 0xEE, 0xF3, 0x6D, 0x7C, 0xB3, 0x0C, 0x16, 0x17, 0x8A, 0x88, 0xB4, 0x9F, 0xAD,
    0x71, 0xB4, 0x55, 0x21, 0x03, 0xB4, 0x5F, 0xD5, 0xA2, 0xC8, 0x57, 0xAE, 0xF8, 0x92, 0xE3, 0x0B,
    0xAD, 0x42, 0x32, 0x69, 0x38, 0x6F, 0x97, 0x89, 0x0D, 0xA4, 0x87, 0xCE, 0xA6, 0xBC, 0xBD, 0xE6,
    0xF6, 0x6A, 0x1B, 0x3A, 0xBB, 0xBB, 0x79, 0x65, 0x40, 0xB8, 0x30, 0x60, 0xE2, 0x2F, 0x70, 0x36,
    0x87, 0xC6, 0xB8, 0x95, 0x3C, 0x14, 0xAF, 0x39, 0x9E, 0x8A, 0xF6, 0xA0, 0xC1, 0xCC, 0xC2, 0x67,
    0xE5, 0xD1, 0x24, 0xD5, 0xF7, 0x74, 0x38, 0x72, 0x61, 0x20, 0x86, 0xD1, 0x88, 0x54, 0x83, 0x46,
    0x29, 0xB3, 0xC6, 0x21, 0x47, 0x91, 0x5E, 0xFE, 0x4B, 0x11, 0xDE, 0x3F, 0x5A, 0x01, 0xDD, 0x0A,
    0x95, 0xC7, 0x83, 0xE9, 0x20, 0x13, 0x0D, 0xEE, 0xF6, 0x1A, 0x77, 0xFF, 0xE3, 0xB7, 0x9C, 0x18,
    0xDB, 0x3B, 0x6F, 0xED, 0x45, 0x74, 0xC9, 0x88, 0x2B, 0x09, 0x3E, 0xAD, 0xFD, 0xD4, 0xEF, 0x6D,
    0xB5, 0x37, 0x0A, 0xD3, 0x2D, 0x3F, 0x72, 0x7B, 0x79, 0x56, 0xA4, 0x47, 0xBB, 0x48, 0x91, 0xAA,
    0x1B, 0xAD, 0x71, 0xB4, 0xB3, 0x68, 0x1B, 0x7E, 0xF3, 0xFF, 0xCC, 0xF5, 0xC0, 0xCE, 0x3A, 0xBB,
    0x07, 0xAE, 0x0E, 0x9C, 0x41, 0xE9, 0xB3, 0x54, 0x77, 0x5E, 0xCC, 0x58, 0xAE, 0x1B, 0xDA, 0xE2,
    0x7E, 0x3E, 0xEB, 0x14, 0x9D, 0x66, 0xFF, 0x90, 0xEF, 0x72, 0x9A, 0x04, 0xA1, 0x5D, 0xDF, 0x90,
    0xBD, 0x51, 0x8C, 0xD2, 0xAB, 0x4E, 0x0D, 0xDF, 0x9A, 0xA7, 0xAA, 0x81, 0x65, 0xFA, 0xC3, 0x99,
    0x1D, 0x10, 0x96, 0xF0, 0x7C, 0xCA, 0xD6, 0xDF, 0x00, 0x2D, 0x0C, 0x3A, 0x95, 0xCB, 0x54, 0xA0,
    0x87, 0x9D, 0x0F, 0x45, 0x50, 0x25, 0x21, 0x7A, 0x85, 0x6C, 0x0B, 0x75, 0x1F, 0x5F, 0xA1, 0x9A,
    0x69, 0xD3, 0x47, 0x72, 0x36, 0xCB, 0x7A, 0x8E, 0xA3, 0xBC, 0x53, 0x90, 0xF0, 0x35, 0x2A, 0x46,
    0xC3, 0xA8, 0x15, 0xE3, 0x73, 0xF9, 0x8C, 0xB7, 0xFD, 0xAB, 0x0E, 0x97, 0x79, 0x64, 0x3E, 0x13,
    0x42, 0x56, 0x49, 0x15, 0x5D, 0xB6, 0x30, 0x54, 0xD1, 0x5D, 0x0B, 0x83, 0xE4, 0xF1, 0xAB, 0x4A,
    0xE7, 0x41, 0x3B, 0x53, 0x64, 0xE8, 0x08, 0xC5, 0x40, 0x3B, 0x42, 0x4B, 0x7F, 0x1F, 0x1D, 0x28,
    0xE0, 0x76, 0x2D, 0xA5, 0xC3, 0x55, 0x37, 0xDC, 0x49, 0x3B, 0x8C, 0x36, 0x9F, 0x0A, 0x49, 0x27,
    0x9B, 0xBB, 0x53, 0xD4, 0x21, 0xE9, 0x2A, 0x27, 0x7D, 0x19, 0xDF, 0xDE, 0x59, 0xAE, 0x86, 0x74,
    0xC5, 0x04, 0xF8, 0x6F, 0x9C, 0x54, 0xBF, 0x3C, 0x58, 0xCA, 0x0F, 0x3E, 0x38, 0x29, 0xCE, 0x99,
    0xFB, 0xE2, 0x7B, 0x72, 0x87, 0x2D, 0x8A, 0xF8, 0xFE, 0xE9, 0x20, 0xF7, 0xCF, 0xC1, 0x6D, 0x7F,
    0x36, 0xB4, 0xA7, 0xC8, 0x78, 0x09, 0x62, 0x97, 0xC8, 0xB7, 0xBE, 0x9B, 0xF1, 0xD2, 0x5D, 0xF2,
    0x83, 0xC3, 0x4D, 0x44, 0x7A, 0xE5, 0xD4, 0xCD, 0x80, 0x43, 0xA4, 0xEF, 0xA3, 0x44, 0xCE, 0x25,
    0x70, 0x09, 0x08, 0x9A, 0xA7, 0xEE, 0x70, 0xEF, 0x9C, 0xE8, 0x32, 0x9C, 0xF8, 0x2A, 0x11, 0x5C,
    0x48, 0xE6, 0xCE, 0x22, 0xB8, 0x49, 0xC6, 0xDB, 0x8A, 0xC8, 0x22, 0x17, 0x6E, 0xC0, 0x7D, 0x4C,
    0xC8, 0x79, 0xEA, 0xF6, 0x15, 0x5E, 0x40, 0x82, 0x75, 0x84, 0xE5, 0xEE, 0x7E, 0xD3, 0x59, 0xB3,
    0xC5, 0x57, 0x4D, 0x7E, 0x7F, 0xC0, 0xD5, 0x67, 0xEE, 0xD0, 0x21, 0xA0, 0xC0, 0x7F, 0xBF, 0xEF,
    0x40, 0xDE, 0x97, 0x92, 0xFE, 0xF8, 0x22, 0x68, 0x1E, 0x51, 0xF9, 0x91, 0xB6, 0x98, 0xFB, 0xD3,
    0x71, 0x67, 0xAE, 0xB3, 0x3B, 0x06, 0xD6, 0xE2, 0xEA, 0x09, 0x8B, 0xF9, 0x7A, 0xF1, 0x04, 0x27,
    0x6A, 0xFE, 0xC7, 0x0B, 0xA2, 0x79, 0x4B, 0x8D, 0xC1, 0xF9, 0xA2, 0x37, 0xA7, 0xD7, 0x8D, 0xAB,
    0xD7, 0xBE, 0x78, 0xF3, 0x29, 0x62, 0x79, 0xC5, 0x8C, 0x94, 0x88, 0x29, 0xB7, 0x3B, 0xDC, 0xE1,
    0x1E, 0xAD, 0xC5, 0xDB, 0xE2, 0x98, 0x2C, 0x6B, 0x0E, 0xA1, 0xE9, 0x60, 0x5E, 0xAF, 0x3A, 0x59,
    0x64, 0x76, 0x63, 0x5A, 0xEE, 0xF3, 0xF5, 0x08, 0xB8, 0xD9, 0x0D, 0x0A, 0x42, 0x96, 0x25, 0x8B,
    0x6D, 0x39, 0x24, 0xB6, 0x77, 0x50, 0x33, 0x9B, 0x74, 0xAB, 0xB0, 0x9F, 0x96, 0x5C, 0xA3, 0x50,
    0xE6, 0x8D, 0x6C, 0x02, 0xF9, 0x33, 0x96, 0x5C, 0xBD, 0x95, 0x5C, 0x97, 0x7B, 0xAD, 0x7B, 0x03,
    0xFD, 0x56, 0xE2, 0x18, 0x1C, 0x20, 0xF1, 0x87, 0x27, 0x79, 0xA4, 0x01, 0x23, 0x05, 0x58, 0x3F,
    0xB9, 0xB4, 0xEE, 0xCB, 0x8B, 0x6C, 0xD2, 0xC8, 0xD3, 0x5B, 0x2F, 0x1E, 0x0B, 0x5F, 0x6E, 0x5E,
    0x5D, 0xB4, 0xBD, 0xA2, 0xF7, 0xBD, 0xB6, 0x44, 0xA2, 0x14, 0x9B, 0xE8, 0x32, 0xBB, 0x93, 0xBE,
    0x25, 0x96, 0x84, 0x4C, 0x63, 0x3B, 0xFB, 0x25, 0xF2, 0xE5, 0xB3, 0x5F, 0x22, 0x9F, 0x6B, 0xFC,
    0x12, 0x79, 0x58, 0xF7, 0x66, 0xBF, 0x1F, 0x2B, 0x6F, 0xBE, 0x9F, 0x0D, 0x75, 0x76, 0x07, 0x15,
    0x75, 0x26, 0xC4, 0xCF, 0xBA, 0x44, 0x76, 0x53, 0xAA, 0x96, 0xD8, 0x3D, 0xC9, 0x06, 0x60, 0xD4,
    0x1B, 0x54, 0xD9, 0x00, 0xEA, 0xF4, 0xB1, 0x99, 0x5A, 0x62, 0x84, 0x33, 0x6C, 0x5C, 0x07, 0x62,
    0x55, 0x31, 0x09, 0xEA, 0x4D, 0xEF, 0x0B, 0x0E, 0x54, 0xB3, 0x67, 0xA9, 0xE4, 0x51, 0xA1, 0xE3,
    0x2E, 0x54, 0x1D, 0x2D, 0xDD, 0xA3, 0xE7, 0xC6, 0x1D, 0xC2, 0x85, 0x3F, 0x4B, 0x24, 0xAB, 0x2E,
    0x6E, 0x43, 0x6F, 0xD5, 0xFB, 0xA0, 0xB5, 0xA8, 0xAD, 0x96, 0xD8, 0x11, 0xB7, 0x39, 0x99, 0xC6,
    0xAA, 0xF7, 0xBB, 0xD1, 0xF4, 0x55, 0xCD, 0xE3, 0x50, 0xEB, 0xAB, 0xFE, 0xEE, 0xAA, 0xBA, 0x9D,
    0x09, 0xCF, 0xF3, 0x95, 0x89, 0x5F, 0xE9, 0x4E, 0x6A, 0x89, 0xE5, 0x23, 0x2D, 0xAF, 0x87, 0x6A,
    0x89, 0xC9, 0x25, 0x45, 0xB2, 0x77, 0x9E, 0x85, 0x31, 0x8C, 0xAD, 0xB3, 0x13, 0xC2, 0x89, 0x58,
    0x62, 0x27, 0x25, 0x24, 0xEC, 0x01, 0x42, 0x35, 0x45, 0x96, 0xD8, 0x10, 0xB1, 0x99, 0xF7, 0x41,
    0x4B, 0x4D, 0xC9, 0x27, 0xB7, 0xF4, 0xFC, 0x3E, 0x49, 0x83, 0x58, 0x93, 0xB0, 0xF4, 0x4E, 0xB6,
    0xF4, 0x72, 0x17, 0x96, 0x5E, 0x31, 0x5D, 0x5B, 0x85, 0x58, 0x7A, 0x59, 0xB4, 0xF4, 0x26, 0xBF,
    0xF4, 0xF2, 0xB0, 0xF4, 0xCA, 0xB0, 0xF4, 0x76, 0x61, 0xE9, 0xF1, 0x22, 0x91, 0xA5, 0xE7, 0xF7,
    0xB9, 0x3C, 0x8A, 0x67, 0xC5, 0x9C, 0xD3, 0x38, 0x96, 0x15, 0x97, 0x00, 0x9C, 0xD5, 0x32, 0x47,
    0xE9, 0x18, 0x34, 0x4B, 0xCE, 0xA1, 0x87, 0x5B, 0xB2, 0x92, 0x91, 0xF4, 0x03, 0x71, 0x05, 0x48,
    0xCE, 0xB8, 0x8C, 0x4C, 0x22, 0x21, 0x72, 0xF0, 0x5D, 0xE0, 0x9E, 0xC9, 0xF9, 0x19, 0xE3, 0xA0,
    0x85, 0xAE, 0xC4, 0x78, 0x81, 0x35, 0x0C, 0x39, 0x38, 0x24, 0x99, 0xBA, 0x25, 0xCD, 0xA4, 0x65,
    0x82, 0x69, 0xE6, 0xDD, 0xC9, 0x9A, 0xB9, 0x35, 0x69, 0xDC, 0x0F, 0x7A, 0x5B, 0x0C, 0x49, 0xB2,
    0xB7, 0xC5, 0xA0, 0x8C, 0x23, 0xF1, 0x62, 0xD1, 0x14, 0xD5, 0x89, 0xA6, 0xBA, 0x67, 0xA9, 0x77,
    0x4B, 0x62, 0x76, 0xD2, 0xCB, 0x34, 0x93, 0x3B, 0xAD, 0x8B, 0x61, 0xC3, 0x4B, 0xD1, 0xFD, 0xFD,
    0xC1, 0x63, 0xBF, 0x2E, 0xA4, 0xE2, 0x2D, 0xA3, 0xC1, 0xB7, 0x51, 0x63, 0x1B, 0x06, 0x1C, 0xD5,
    0xB0, 0xF3, 0x96, 0x9C, 0x14, 0xF7, 0x01, 0x20, 0x87, 0xAA, 0x37, 0x18, 0x76, 0x7D, 0xD5, 0x9B,
    0xA7, 0x56, 0x9D, 0x5E, 0xDF, 0x27, 0xB6, 0x2E, 0xF4, 0x52, 0x2C, 0xAC, 0x8B, 0xD9, 0xDA, 0x62,
    0xBD, 0x99, 0xB7, 0x96, 0xB8, 0x08, 0x97, 0xA6, 0xF7, 0xBB, 0x44, 0x52, 0x3D, 0x01, 0x03, 0x39,
    0x58, 0x6D, 0x61, 0x2D, 0xAC, 0xC9, 0x05, 0x3B, 0x77, 0x4B, 0x2D, 0xFD, 0xB2, 0x20, 0xC2, 0xC1,
    0xFA, 0x56, 0x8E, 0xFF, 0x39, 0x2E, 0xD6, 0xAE, 0x12, 0xEC, 0xE0, 0xA5, 0x02, 0x3B, 0x3C, 0x69,
    0xF7, 0xBB, 0xA1, 0x15, 0x34, 0x8E, 0x24, 0x94, 0xAD, 0x80, 0x71, 0x4C, 0x70, 0x7F, 0x19, 0x32,
    0x30, 0xA5, 0x09, 0xC7, 0x7D, 0x8F, 0x17, 0xC0, 0x71, 0x4F, 0xF8, 0x12, 0x34, 0xDD, 0x26, 0xDB,
    0xBE, 0xD5, 0xBD, 0xB1, 0x54, 0x77, 0x3E, 0x9B, 0xB9, 0xFA, 0x9A, 0xBC, 0x60, 0xE2, 0x94, 0xF9,
    0x56, 0x41, 0x40, 0xC6, 0x1D, 0x30, 0xC8, 0xE4, 0x38, 0x14, 0x10, 0x14, 0xC8, 0x83, 0x10, 0xC9,
    0x68, 0x86, 0xD6, 0x24, 0xA3, 0x58, 0x5A, 0x2F, 0x19, 0x21, 0x64, 0x96, 0xD4, 0x2E, 0x0A, 0x41,
    0x5E, 0x8C, 0xD7, 0xBA, 0xCB, 0x92, 0x11, 0x09, 0x46, 0x24, 0x17, 0x83, 0x51, 0x0F, 0xEC, 0x2F,
    0xAD, 0x39, 0x48, 0x7E, 0xBE, 0x1A, 0x9C, 0x7C, 0xC9, 0xE1, 0x24, 0x38, 0x54, 0x7D, 0xE6, 0xCC,
    0x71, 0xEF, 0x77, 0x4E, 0x57, 0x48, 0xD5, 0x77, 0xEF, 0xE9, 0xF6, 0x50, 0xBD, 0xE3, 0x72, 0x33,
    0xE9, 0xBF, 0x3F, 0x99, 0x45, 0xC5, 0xB5, 0xF7, 0x34, 0xD2, 0xA3, 0xA5, 0xF7, 0x18, 0x07, 0xDE,
    0xF2, 0xD4, 0xBC, 0x94, 0x23, 0x09, 0xC1, 0x41, 0xEA, 0xEE, 0xE9, 0x0A, 0x29, 0x43, 0x90, 0xA7,
    0x18, 0x36, 0xF5, 0x69, 0x2E, 0x98, 0x3C, 0x21, 0x40, 0x9B, 0x4D, 0x37, 0x70, 0xE0, 0x52, 0x10,
    0x8A, 0x43, 0xE2, 0x46, 0xC9, 0x41, 0x72, 0x6B, 0xE6, 0xDE, 0xCA, 0x9F, 0xCA, 0x05, 0xA3, 0xB9,
    0x1C, 0xEE, 0x38, 0x79, 0xD3, 0x9D, 0xDC, 0xD5, 0x82, 0xF9, 0x1C, 0x55, 0x6D, 0xAE, 0x1D, 0x36,
    0x44, 0x29, 0xCC, 0xF5, 0xE7, 0xBA, 0x32, 0x92, 0x4E, 0x0E, 0x31, 0xE5, 0xCE, 0x3A, 0x1B, 0x7C,
    0x3B, 0x27, 0xBE, 0xD9, 0x6B, 0x33, 0x9F, 0x1A, 0xB3, 0x50, 0xCA, 0xB1, 0x96, 0xEB, 0x3D, 0xB1,
    0x63, 0x4A, 0xAA, 0x27, 0xE4, 0x61, 0x87, 0xDC, 0xAE, 0x4E, 0x4E, 0x06, 0xDF, 0x1C, 0x0D, 0x87,
    0xFA, 0xA3, 0xD1, 0x07, 0x30, 0x42, 0x21, 0x9F, 0xE4, 0x72, 0x21, 0x9F, 0xDD, 0xC5, 0x9A, 0x3E,
    0xD9, 0x5B, 0x82, 0x83, 0x40, 0x20, 0x52, 0x60, 0xF7, 0x06, 0xC9, 0x9D, 0xDD, 0xED, 0xA4, 0xFA,
    0x86, 0x94, 0x6D, 0xDB, 0xA0, 0x6A, 0x2E, 0x2A, 0x09, 0xB6, 0x1A, 0x65, 0xD7, 0xFF, 0x2E, 0xE1,
    0xBF, 0x48, 0x5A, 0x93, 0x0C, 0xD0, 0x7D, 0x8B, 0xD0, 0x9C, 0x04, 0x0B, 0xF9, 0xA6, 0xA5, 0x6C,
    0x7D, 0x83, 0xFE, 0xFB, 0x59, 0x56, 0x02, 0x24, 0x33, 0xAC, 0x0A, 0x9C, 0xFB, 0x22, 0xDB, 0x62,
    0x0F, 0xFE, 0x94, 0x93, 0x7C, 0x73, 0xB9, 0xB9, 0x5C, 0x08, 0xC1, 0x84, 0x4B, 0x81, 0x18, 0x7C,
    0x2A, 0xE5, 0x43, 0xFF, 0xC5, 0xE6, 0x3E, 0xDE, 0x2C, 0x6E, 0xEB, 0x81, 0x19, 0x27, 0x03, 0x66,
    0xEA, 0xC5, 0xA3, 0xEA, 0x87, 0xF8, 0xF1, 0x2B, 0x97, 0x08, 0xF8, 0x82, 0xDA, 0x01, 0x4C, 0x45,
    0xF8, 0xE1, 0x24, 0x33, 0x4A, 0x98, 0x94, 0x7C, 0xC3, 0x37, 0xD8, 0x90, 0xCC, 0x3B, 0x9E, 0x34,
    0x38, 0xC7, 0xC5, 0x4B, 0x55, 0xB8, 0x5B, 0xDA, 0x1A, 0x3E, 0x98, 0x64, 0x56, 0x77, 0xA4, 0x40,
    0x2A, 0x0D, 0x03, 0xFF, 0x5C, 0xF1, 0x71, 0x64, 0x03, 0x49, 0x42, 0x9D, 0xB6, 0x0F, 0x66, 0x86,
    0xB2, 0x93, 0x6E, 0xCA, 0x90, 0x75, 0x79, 0x36, 0x59, 0x30, 0xF3, 0x84, 0xB6, 0x2C, 0xF6, 0x3D,
    0xDA, 0xAA, 0x07, 0xA4, 0x90, 0xAE, 0x4E, 0x61, 0x36, 0x85, 0x40, 0x5D, 0x2C, 0xBC, 0x2F, 0xDB,
    0x7E, 0xD1, 0xC1, 0x58, 0x48, 0x5C, 0x11, 0xED, 0x38, 0x47, 0xFB, 0x06, 0x9B, 0x6F, 0x70, 0x09,
    0xB0, 0xB3, 0x76, 0x63, 0xEA, 0xB5, 0x42, 0x52, 0x72, 0xD0, 0xCB, 0xC7, 0x7C, 0x5D, 0x3A, 0x3F,
    0xD0, 0x5D, 0x80, 0xE6, 0x21, 0x9D, 0xB3, 0x55, 0xF7, 0xC3, 0x96, 0xAF, 0x75, 0xF0, 0xDB, 0x60,
    0x9F, 0xE2, 0x56, 0x05, 0x98, 0x4F, 0x0B, 0x6B, 0x6C, 0x10, 0x25, 0x68, 0x15, 0xF4, 0xBE, 0x43,
    0xEB, 0xE0, 0x09, 0x77, 0x9A, 0x83, 0xEC, 0x08, 0xA4, 0x54, 0x67, 0x3E, 0x16, 0x60, 0xB8, 0xEE,
    0x39, 0x7A, 0xB7, 0xFA, 0xAC, 0x78, 0x15, 0xEE, 0x2B, 0x73, 0xED, 0xA3, 0xBF, 0xF5, 0x87, 0x73,
    0x14, 0x2F, 0x3F, 0xC7, 0xE4, 0xF0, 0x0D, 0x53, 0xBC, 0x8E, 0x3B, 0xF1, 0xBD, 0x70, 0x71, 0x91,
    0xF6, 0x18, 0x37, 0x01, 0x4C, 0x90, 0x9A, 0x35, 0xCD, 0x4B, 0xEE, 0x30, 0x90, 0x4B, 0x70, 0xE5,
    0xDD, 0x8F, 0x00, 0xE3, 0xC8, 0xE1, 0xDC, 0xE4, 0x98, 0x81, 0xE6, 0x8B, 0x53, 0xBB, 0xEB, 0xFF,
    0x4D, 0x24, 0x51, 0x87, 0xFF, 0xBB, 0xF2, 0x7F, 0x33, 0xAC, 0x1A, 0xDC, 0x50, 0x00, 0x6F, 0xD8,
    0xD6, 0x0B, 0xAE, 0x2F, 0xC4, 0x7F, 0xEB, 0x15, 0x77, 0xD0, 0x9D, 0xF0, 0x5F, 0x58, 0xA5, 0x2D,
    0xA2, 0x22, 0xF7, 0xDD, 0xD7, 0x87, 0xC4, 0xEE, 0x30, 0x4B, 0xC3, 0xF5, 0x91, 0x49, 0xF2, 0xFA,
    0xA3, 0xE7, 0xE5, 0x26, 0xC5, 0xB1, 0xAD, 0xCB, 0x5A, 0x42, 0x2C, 0x80, 0x7F, 0xC5, 0x55, 0x7A,
    0xD5, 0x32, 0x46, 0x71, 0x41, 0xB5, 0x00, 0x8E, 0xB8, 0xAB, 0x48, 0x2C, 0x80, 0x35, 0x69, 0xCD,
    0x24, 0xDA, 0x77, 0xE9, 0xF9, 0x6C, 0x96, 0x31, 0x6D, 0x15, 0x47, 0xB3, 0x8C, 0x6B, 0xBE, 0x38,
    0x4C, 0xAD, 0xC3, 0x6C, 0xB5, 0xA8, 0xB5, 0x16, 0xDE, 0x11, 0xED, 0xA7, 0x34, 0x18, 0xAC, 0x88,
    0xD5, 0xE8, 0x02, 0xAB, 0x5C, 0xD8, 0x6B, 0x96, 0x71, 0x3D, 0x04, 0xCB, 0x98, 0x6C, 0x53, 0xAB,
    0xD1, 0x0F, 0xEF, 0x74, 0x88, 0x92, 0xED, 0xBC, 0x65, 0x9C, 0x75, 0x8F, 0x5F, 0x1C, 0xA8, 0x16,
    0x99, 0x6F, 0x27, 0x1F, 0xA8, 0xEE, 0x9C, 0x0F, 0x54, 0x67, 0x12, 0x84, 0x81, 0xB4, 0xD7, 0x27,
    0x0B, 0x54, 0x33, 0x12, 0x5E, 0xD2, 0x35, 0x68, 0x97, 0xCF, 0x72, 0x9F, 0xB9, 0xEC, 0x01, 0xB5,
    0x0F, 0x54, 0x67, 0xA0, 0x29, 0xCB, 0xD8, 0xC1, 0x52, 0x16, 0x7D, 0x37, 0x08, 0x49, 0x99, 0xDE,
    0xB4, 0x46, 0x85, 0x65, 0x0C, 0x9C, 0x4F, 0x85, 0xD5, 0xF2, 0xE1, 0x24, 0x16, 0xB5, 0x08, 0x2B,
    0x6C, 0x83, 0x18, 0x75, 0x79, 0xF6, 0x97, 0x3A, 0x18, 0x3D, 0x59, 0xF3, 0x0E, 0x97, 0x70, 0x36,
    0xB6, 0x71, 0x25, 0xBB, 0x6B, 0xC7, 0x86, 0xAD, 0x1D, 0x17, 0x1E, 0x35, 0x9F, 0xAD, 0xDB, 0x6B,
    0x48, 0xEA, 0x24, 0x5E, 0x51, 0x27, 0x75, 0xA3, 0x44, 0x98, 0x1B, 0x15, 0xE7, 0x46, 0x05, 0xBA,
    0x51, 0x91, 0xB6, 0x67, 0xAD, 0x62, 0x5D, 0x1F, 0x44, 0xB0, 0xAB, 0x5E, 0x44, 0x5B, 0x9E, 0xAB,
    0x3C, 0x33, 0x10, 0xD7, 0x20, 0xE0, 0x4C, 0x69, 0xD3, 0xE2, 0x3D, 0x8D, 0x93, 0xFB, 0x54, 0x50,
    0x54, 0x9A, 0xED, 0x6A, 0xDA, 0x63, 0xCC, 0x64, 0x31, 0x12, 0x9B, 0x71, 0xD8, 0x7E, 0xFD, 0xB6,
    0xEA, 0x27, 0x76, 0x23, 0x82, 0x1E, 0x98, 0xEA, 0xB9, 0x8E, 0x9E, 0x74, 0x1F, 0x25, 0x26, 0x7A,
    0xAC, 0xB1, 0xB1, 0xCA, 0x82, 0xC4, 0xD7, 0xDB, 0xE3, 0xC1, 0x67, 0xEB, 0xB2, 0x26, 0x75, 0x51,
    0xEA, 0xAA, 0xE4, 0x87, 0xB8, 0x66, 0x39, 0x4D, 0xDA, 0x5B, 0x2D, 0xEF, 0xDB, 0x05, 0x99, 0x7A,
    0x38, 0xE9, 0xAB, 0x1D, 0x78, 0xC1, 0x95, 0x7B, 0xC2, 0x8F, 0x94, 0x76, 0x1F, 0x29, 0x88, 0x2E,
    0x7A, 0x9D, 0x1F, 0x4B, 0xF2, 0xE0, 0x5D, 0xD4, 0x30, 0xE6, 0x40, 0x34, 0xC2, 0x37, 0xF4, 0xB8,
    0xB7, 0xEE, 0x77, 0x1B, 0xD2, 0x5A, 0x36, 0x3F, 0x8F, 0x25, 0xBF, 0x95, 0x4C, 0x0B, 0x0A, 0xB8,
    0xB8, 0x3D, 0x44, 0x6D, 0x46, 0xB2, 0xC3, 0xBD, 0xEA, 0x90, 0xCE, 0x82, 0xEC, 0xD9, 0x75, 0x31,
    0x85, 0x25, 0x6C, 0x07, 0x2C, 0xCF, 0xBE, 0x59, 0x2A, 0x95, 0xCA, 0x86, 0x97, 0x9F, 0x1D, 0x61,
    0x7A, 0xC1, 0xA5, 0x4D, 0x98, 0x55, 0xA9, 0xCA, 0x28, 0x92, 0x26, 0x4D, 0x48, 0xC7, 0x60, 0xA0,
    0x83, 0x48, 0xAD, 0x62, 0x8A, 0x19, 0x33, 0xCF, 0xE5, 0xCB, 0x89, 0x1E, 0xAA, 0xEF, 0x5F, 0x8D,
    0x19, 0x1F, 0xB5, 0xAB, 0x6D, 0x24, 0x55, 0x2B, 0xF6, 0x94, 0x67, 0x1F, 0x2E, 0x25, 0xB5, 0xFC,
    0x0D, 0x73, 0x6F, 0x97, 0xE0, 0xDF, 0xD2, 0x32, 0x46, 0x39, 0x6A, 0xA7, 0x47, 0x7B, 0xCE, 0x8E,
    0x5B, 0x76, 0x52, 0x9F, 0x02, 0x2F, 0xDC, 0x89, 0xD7, 0x29, 0x16, 0x9B, 0x14, 0xD3, 0x94, 0x43,
    0x5E, 0xA9, 0xE4, 0x02, 0xAC, 0x16, 0x29, 0x3B, 0x05, 0xAC, 0xC6, 0xC6, 0xB7, 0x3F, 0xBF, 0xBF,
    0xA7, 0x6D, 0xBD, 0x45, 0xB6, 0x37, 0x0F, 0xCF, 0xDA, 0x12, 0xE6, 0xF4, 0x81, 0x68, 0x6D, 0x9B,
    0x72, 0xF7, 0x41, 0x68, 0x6D, 0x1B, 0x56, 0x71, 0x80, 0xF8, 0x65, 0xDB, 0x77, 0x3E, 0x8B, 0x6B,
    0xE6, 0x70, 0x16, 0x27, 0x78, 0xA1, 0xB0, 0x5E, 0x37, 0x7B, 0x29, 0x2A, 0xE4, 0xA8, 0x0D, 0xEA,
    0x1C, 0xD7, 0xCE, 0xA8, 0x32, 0x5F, 0x16, 0xAF, 0xCA, 0xED, 0x68, 0x86, 0x14, 0x79, 0x6D, 0x67,
    0x50, 0x72, 0x5C, 0x64, 0x4A, 0x5C, 0xC5, 0x47, 0x4E, 0xA5, 0x54, 0x81, 0x0F, 0x26, 0x3C, 0xF7,
    0xBA, 0xD5, 0x64, 0x87, 0x37, 0x57, 0xEF, 0xF4, 0xD6, 0x93, 0x97, 0x9C, 0x2C, 0x4A, 0x3F, 0x69,
    0xEF, 0x7A, 0x16, 0x77, 0xF3, 0xE2, 0xE2, 0xF8, 0xDA, 0x62, 0x11, 0x8E, 0x56, 0xEA, 0x6F, 0xE9,
    0x1E, 0x2F, 0xB5, 0xED, 0x04, 0x01, 0x2D, 0x27, 0x06, 0x08, 0xC6, 0xFA, 0x4B, 0x26, 0x1C, 0xE9,
    0x8C, 0xCA, 0x60, 0x12, 0x06, 0x7B, 0x2A, 0x1E, 0xB0, 0x9C, 0x32, 0x8D, 0x5D, 0x6F, 0x81, 0x30,
    0xB9, 0x3B, 0x4C, 0x8F, 0x69, 0x0F, 0x41, 0x38, 0x1A, 0x2F, 0x1C, 0x9F, 0xD3, 0x62, 0x62, 0x0C,
    0x45, 0xFB, 0x85, 0xC5, 0x0B, 0x07, 0xDF, 0x55, 0x6A, 0xC2, 0xC1, 0x19, 0x3B, 0x5E, 0x38, 0x8E,
    0x3F, 0xB5, 0x70, 0x78, 0x1C, 0xCE, 0xA1, 0xD5, 0x6E, 0xA5, 0x41, 0xD6, 0x08, 0xFE, 0xD3, 0x3C,
    0x51, 0x8D, 0x9F, 0x22, 0xC6, 0x82, 0xA5, 0x26, 0x87, 0x71, 0xEC, 0xDC, 0x0D, 0xCC, 0x2F, 0xC2,
    0x66, 0xC2, 0x45, 0xCC, 0x80, 0x00, 0xDF, 0xE9, 0xB8, 0x17, 0xDD, 0x7E, 0xC0, 0x95, 0x67, 0x12,
    0x4D, 0x46, 0x4B, 0xAE, 0x13, 0xDC, 0xDB, 0xB2, 0xE8, 0x6C, 0x51, 0xF0, 0x19, 0x1A, 0x8F, 0xBA,
    0xF9, 0x56, 0x27, 0xE7, 0x74, 0xAC, 0x02, 0xD4, 0xA5, 0xAB, 0x11, 0xE5, 0xC1, 0x78, 0xC3, 0x05,
    0x65, 0x59, 0x88, 0xF7, 0x84, 0xB9, 0x4F, 0x03, 0x0D, 0xA7, 0x1E, 0x2F, 0xE4, 0x22, 0x4D, 0x2F,
    0x15, 0x01, 0xF9, 0x5B, 0x11, 0x19, 0x7C, 0xC1, 0xBF, 0xDB, 0xEE, 0x4E, 0x8E, 0x09, 0x77, 0xC5,
    0xB5, 0xBB, 0x93, 0xFF, 0x16, 0x47, 0x1B, 0x5F, 0x40, 0x9A, 0x8B, 0x2F, 0x7C, 0x72, 0x17, 0x93,
    0x6F, 0xFE, 0x7D, 0x72, 0x57, 0x93, 0x74, 0xB3, 0x5F, 0xEF, 0xBD, 0xDA, 0xEF, 0x46, 0xBF, 0x5F,
    0x97, 0x8B, 0x37, 0x49, 0x13, 0x17, 0x4C, 0x52, 0x97, 0x84, 0xFD, 0x3A, 0x09, 0xFB, 0x75, 0x12,
    0xF6, 0xEB, 0x24, 0xEC, 0xD7, 0xC9, 0xF3, 0xF7, 0x6B, 0xF7, 0xA2, 0xFD, 0xFA, 0x97, 0xC2, 0x3D,
    0x25, 0xCE, 0xEF, 0xD7, 0x64, 0x17, 0xD8, 0x9A, 0x4D, 0x5D, 0x58, 0x9F, 0xBF, 0x84, 0x5C, 0x96,
    0x0B, 0xA6, 0xDC, 0xE2, 0x2D, 0xB9, 0xC1, 0xD6, 0x2E, 0x43, 0x76, 0x25, 0x82, 0x7D, 0x25, 0xBB,
    0xD1, 0x55, 0x92, 0x7F, 0x78, 0xC6, 0x83, 0x63, 0xB2, 0x47, 0xB9, 0xD5, 0xAF, 0x4B, 0xDA, 0x1E,
    0x87, 0xCB, 0x4E, 0xEE, 0x48, 0x86, 0xA7, 0x79, 0x4F, 0x9D, 0x08, 0xAF, 0x2A, 0x38, 0x52, 0x55,
    0x3E, 0x7D, 0x9B, 0x77, 0xF0, 0x52, 0x0A, 0x4C, 0x14, 0xCE, 0xE1, 0xFC, 0x26, 0x7D, 0x5B, 0xD6,
    0x48, 0x2A, 0x87, 0x84, 0x52, 0x84, 0xA8, 0x70, 0x1F, 0xFC, 0x11, 0x53, 0x82, 0xCF, 0x55, 0xFF,
    0x16, 0x1F, 0xF9, 0x47, 0x45, 0xB8, 0xAD, 0x84, 0xFF, 0x83, 0x17, 0x95, 0xF0, 0xBF, 0x98, 0x51,
    0xA3, 0xC6, 0x77, 0x67, 0xD5, 0x24, 0x64, 0xB8, 0xB2, 0x61, 0xAF, 0xD8, 0x7B, 0x64, 0xC8, 0x8D,
    0x0D, 0xBA, 0xB1, 0x61, 0x37, 0x36, 0xF0, 0xC6, 0x86, 0xEE, 0x07, 0xCF, 0xB9, 0xD6, 0x18, 0x3E,
    0x57, 0x69, 0x05, 0x00, 0xF4, 0x86, 0x02, 0x81, 0xA8, 0x85, 0x7C, 0xD1, 0x46, 0x0D, 0x13, 0x5C,
    0x80, 0xE0, 0x06, 0xA0, 0xE0, 0xBC, 0x22, 0x80, 0x81, 0x3B, 0xBE, 0xF8, 0xAE, 0x52, 0x29, 0x97,
    0xD1, 0xB9, 0xAF, 0x3A, 0x9D, 0x41, 0x3B, 0x73, 0x29, 0x7D, 0x68, 0xE9, 0x7F, 0x7B, 0x21, 0xB6,
    0xBD, 0xD5, 0xF6, 0xD5, 0xC1, 0x3B, 0xD1, 0xB9, 0x6E, 0x44, 0xB9, 0xB2, 0x3D, 0xF2, 0x8F, 0xE5,
    0x1C, 0x27, 0x1F, 0x1F, 0x60, 0x75, 0xF1, 0xD5, 0x78, 0x5F, 0x97, 0x53, 0xD0, 0x9A, 0x6B, 0xEC,
    0x70, 0x76, 0x39, 0xA7, 0xE6, 0xE6, 0x73, 0x86, 0x52, 0x6F, 0x19, 0x93, 0x0F, 0x85, 0x62, 0x31,
    0xE0, 0x3D, 0xEB, 0x27, 0x3E, 0xC6, 0xA7, 0xB4, 0x2D, 0xF6, 0xCF, 0xF2, 0xB7, 0x1A, 0x80, 0x97,
    0x8F, 0x8D, 0x72, 0x4C, 0x6B, 0x7D, 0x32, 0x17, 0xE2, 0xA0, 0xD7, 0xF1, 0x4A, 0xD5, 0xC8, 0xEC,
    0x99, 0xEB, 0x49, 0x9D, 0x3D, 0xF8, 0x21, 0xDF, 0x20, 0x02, 0x0F, 0x38, 0x07, 0x78, 0x90, 0x01,
    0xB6, 0xD2, 0x75, 0xBF, 0x2C, 0xA6, 0x10, 0x3C, 0xBC, 0x6B, 0xE4, 0x84, 0x84, 0xF0, 0xE3, 0xF8,
    0x2C, 0x7A, 0x6F, 0xAA, 0xEA, 0x1E, 0xE7, 0x88, 0xB5, 0x7A, 0x88, 0x58, 0x9D, 0x4A, 0xD4, 0xE2,
    0x27, 0x77, 0xE7, 0x33, 0xEC, 0x08, 0x9E, 0x2C, 0xC4, 0xC0, 0x37, 0xAB, 0xF5, 0x05, 0x39, 0xC2,
    0xF7, 0x79, 0x34, 0xF9, 0x5C, 0x0D, 0x35, 0xC7, 0x97, 0x7E, 0x95, 0x6F, 0x2B, 0xE5, 0x92, 0x91,
    0x7C, 0xF6, 0xC6, 0x99, 0x39, 0x5C, 0xCC, 0x70, 0xBD, 0x2A, 0x08, 0x11, 0x44, 0xC9, 0x93, 0x76,
    0x78, 0xC8, 0xB7, 0x18, 0x66, 0x9A, 0xDB, 0x7A, 0x64, 0xB4, 0x59, 0x1B, 0xEF, 0x40, 0x19, 0x70,
    0xAE, 0xC1, 0xED, 0x04, 0x7C, 0xF5, 0xDB, 0xA1, 0x1E, 0xD0, 0xC9, 0xE5, 0xAE, 0x95, 0xA4, 0xC9,
    0x34, 0xD3, 0x0E, 0x9E, 0x14, 0x34, 0x38, 0xF9, 0x0B, 0x6F, 0xBA, 0x7D, 0x76, 0x96, 0x0C, 0xE9,
    0x6E, 0x96, 0x64, 0x9D, 0x25, 0x10, 0x8A, 0xC3, 0x99, 0x01, 0xC8, 0x25, 0xE7, 0xBB, 0x25, 0x68,
    0x6E, 0xF4, 0xEF, 0x7F, 0xFA, 0xD6, 0xB7, 0x7E, 0xDF, 0x3D, 0xFD, 0x16, 0xFD, 0xF7, 0xE9, 0x5B,
    0xC8, 0x45, 0x9B, 0x7D, 0xC0, 0xB6, 0xFD, 0x81, 0x5C, 0x31, 0x47, 0x90, 0xD1, 0x77, 0xEF, 0x44,
    0x46, 0x2A, 0xAE, 0xAA, 0xCD, 0xA4, 0x51, 0xCE, 0x24, 0x47, 0xE1, 0x5E, 0x92, 0x1E, 0x24, 0x92,
    0x10, 0x22, 0x8F, 0x7E, 0x15, 0x61, 0xD2, 0x7C, 0x22, 0x40, 0x38, 0xD7, 0x3C, 0x97, 0xCA, 0x57,
    0xA8, 0xDA, 0xCB, 0xEF, 0x79, 0x66, 0x38, 0x0E, 0xD2, 0xE6, 0x0B, 0x2D, 0x76, 0xDA, 0x26, 0x5D,
    0xFD, 0xD8, 0xDA, 0xB8, 0x61, 0x54, 0xDB, 0x12, 0xB5, 0xAC, 0xE5, 0xA0, 0x7E, 0x41, 0xAC, 0x53,
    0x2A, 0x67, 0xB9, 0x43, 0xC6, 0x67, 0x05, 0x12, 0xB3, 0xE0, 0x71, 0xFC, 0xB1, 0x5C, 0x32, 0x5C,
    0x4A, 0xB5, 0x2A, 0xB9, 0x65, 0xF8, 0xC1, 0x93, 0xF6, 0x90, 0xFF, 0xD8, 0x42, 0xB1, 0x0D, 0xFD,
    0x65, 0x37, 0x1A, 0x74, 0x6F, 0x8E, 0xE6, 0xCE, 0xA6, 0xDD, 0xC7, 0xA3, 0x0F, 0xC1, 0x16, 0xC2,
    0x76, 0xB9, 0x11, 0xAE, 0x8D, 0x83, 0xB4, 0x1C, 0xA5, 0x8D, 0xF0, 0x0C, 0x68, 0x06, 0x5B, 0x66,
    0x90, 0xEA, 0x49, 0xF6, 0x3E, 0x1F, 0x1C, 0x52, 0xF2, 0x89, 0x19, 0x45, 0x0E, 0xC8, 0x4F, 0xC0,
    0xB0, 0x1A, 0xF8, 0xEC, 0x94, 0x11, 0xCC, 0x7F, 0xCC, 0x9C, 0x28, 0xC6, 0x2F, 0x43, 0x0D, 0x6E,
    0xA0, 0x87, 0x63, 0x62, 0xC1, 0x8E, 0x33, 0x8B, 0x81, 0xDC, 0x07, 0xFB, 0x46, 0x70, 0x5B, 0x77,
    0x07, 0xD6, 0x46, 0x84, 0xCC, 0xB0, 0xEB, 0xFF, 0xC1, 0xA2, 0x98, 0x81, 0xDE, 0x0A, 0xC4, 0x26,
    0xB6, 0x5D, 0x80, 0xD7, 0x8A, 0x8D, 0x97, 0xD0, 0x22, 0x7B, 0x73, 0x11, 0xAC, 0xE6, 0x1D, 0x44,
    0xBF, 0x44, 0xAE, 0x04, 0xD6, 0xC4, 0x83, 0xA7, 0x5B, 0x09, 0xB9, 0x3E, 0xA2, 0x67, 0x7E, 0x44,
    0xA6, 0x8F, 0x45, 0x32, 0x82, 0x5C, 0x04, 0xA9, 0x08, 0x32, 0x11, 0x24, 0x22, 0xC8, 0x43, 0x90,
    0x86, 0x20, 0x0B, 0x41, 0x12, 0x82, 0x1C, 0x04, 0x29, 0x08, 0x32, 0xE0, 0x25, 0x20, 0xCC, 0x7F,
    0x98, 0xFD, 0x30, 0xF7, 0x61, 0xE6, 0xA3, 0x79, 0x0F, 0xB3, 0x1E, 0xE6, 0x3C, 0xCC, 0xF8, 0xCD,
    0xF9, 0x0E, 0xB3, 0x6D, 0x11, 0xF9, 0xDB, 0x3C, 0x9A, 0x67, 0x6A, 0x60, 0x19, 0x3A, 0x5A, 0x84,
    0xE4, 0xC6, 0xCA, 0x29, 0x4F, 0x86, 0x11, 0xD4, 0x80, 0xA1, 0x24, 0x05, 0x53, 0x05, 0xA7, 0x03,
    0x2A, 0xA6, 0x02, 0xA9, 0x66, 0x8F, 0x92, 0xA9, 0xC0, 0x4A, 0x2E, 0x9D, 0x10, 0xB4, 0x8E, 0x38,
    0x76, 0x11, 0xBC, 0xCE, 0xB0, 0xA4, 0x04, 0x31, 0xC9, 0x7F, 0x11, 0xCC, 0xB4, 0xA0, 0x31, 0xD2,
    0x66, 0xA4, 0x0D, 0xDC, 0x12, 0xCB, 0x91, 0x21, 0xE4, 0xAC, 0xDD, 0x38, 0x24, 0x99, 0xE7, 0x8A,
    0xDE, 0x80, 0x33, 0x36, 0xE0, 0x87, 0x2B, 0xE5, 0x02, 0x01, 0xB7, 0x89, 0x4A, 0x54, 0x34, 0x55,
    0x14, 0x99, 0xAC, 0xA2, 0x2D, 0xB6, 0x3C, 0x24, 0xB7, 0xA9, 0xD9, 0x55, 0x0C, 0x88, 0xDC, 0x8E,
    0x06, 0x2B, 0x26, 0x67, 0x27, 0xA9, 0x5D, 0x4C, 0xCC, 0xF1, 0x17, 0xFE, 0x02, 0x7C, 0x2E, 0x8B,
    0x9B, 0x43, 0xC8, 0x38, 0xE2, 0x9B, 0x88, 0x79, 0x5F, 0x64, 0xDD, 0x83, 0x3C, 0x5C, 0xDC, 0x3F,
    0xCC, 0xDE, 0x9D, 0x5C, 0x3D, 0x4C, 0x3E, 0x8D, 0xDE, 0x3A, 0xCC, 0xBC, 0x8B, 0xF2, 0x09, 0x8E,
    0x01, 0xE5, 0xAE, 0xE1, 0xA3, 0x4C, 0x43, 0x39, 0x9C, 0x13, 0xBD, 0x61, 0x98, 0xC7, 0x8B, 0xDB,
    0xEC, 0xB0, 0xAF, 0xF3, 0x71, 0x04, 0x37, 0x52, 0xD9, 0x4D, 0x69, 0xF8, 0xF7, 0x61, 0x22, 0xAB,
    0xA6, 0x5C, 0x60, 0x20, 0xFE, 0x27, 0x77, 0x12, 0xBB, 0x4E, 0xEE, 0x1A, 0xA9, 0x2D, 0x1F, 0x39,
    0xEB, 0x9E, 0x3E, 0xE2, 0x7C, 0xBB, 0xEB, 0xA6, 0xE4, 0xF1, 0xBA, 0x15, 0x3A, 0x5F, 0x8B, 0xA3,
    0x88, 0xA9, 0xB5, 0x6A, 0x95, 0x8A, 0x35, 0xD1, 0x63, 0xF0, 0x04, 0xEB, 0x32, 0x5D, 0x65, 0xF3,
    0xAE, 0xE5, 0x59, 0x38, 0x79, 0xB6, 0xEB, 0x91, 0x9F, 0x85, 0x1B, 0xF0, 0x24, 0xFB, 0x91, 0x9F,
    0xBC, 0x39, 0xF0, 0x93, 0xF9, 0x7D, 0xE8, 0x73, 0xFC, 0x7D, 0x7F, 0x06, 0xAB, 0xBA, 0xE3, 0x41,
    0xB3, 0x4D, 0x33, 0xA3, 0xF8, 0x72, 0x7F, 0x5C, 0xCF, 0xB0, 0x34, 0x8E, 0x0D, 0xDE, 0xF7, 0x7C,
    0xAC, 0x84, 0x14, 0x78, 0x14, 0x3E, 0x4D, 0xB3, 0x0A, 0x99, 0xB2, 0xD2, 0xCF, 0x37, 0x2B, 0x79,
    0x67, 0xF4, 0x36, 0xF5, 0xC2, 0xD6, 0xA3, 0xB2, 0xDD, 0xF0, 0xAC, 0xCE, 0x32, 0x5C, 0x72, 0x79,
    0x8E, 0xF2, 0x57, 0x87, 0xA3, 0x56, 0x80, 0x39, 0xAA, 0x8D, 0xA2, 0x70, 0xEC, 0xD6, 0x6B, 0x38,
    0xFD, 0xAF, 0x1B, 0xF8, 0xC4, 0x91, 0xA6, 0x45, 0xB7, 0xA1, 0x35, 0x31, 0x19, 0x92, 0x56, 0x6B,
    0xAD, 0xD5, 0xB0, 0x92, 0xCA, 0x65, 0xDC, 0x92, 0x8B, 0x5D, 0xB8, 0xC5, 0xFE, 0xA1, 0x20, 0xD6,
    0x78, 0xCC, 0x1A, 0x8F, 0x5A, 0xE3, 0x71, 0x6B, 0x3C, 0x72, 0x8D, 0xC7, 0xAE, 0xDE, 0x1B, 0x7A,
    0x64, 0xB6, 0x29, 0x7E, 0xB0, 0xDB, 0x80, 0x20, 0x0A, 0xA9, 0x02, 0x43, 0x7C, 0x1A, 0x50, 0x14,
    0xF3, 0x93, 0x71, 0x94, 0x4B, 0xA4, 0x18, 0x49, 0x29, 0x8B, 0xC7, 0xDF, 0x05, 0x65, 0x60, 0xE0,
    0xCA, 0xC0, 0x7C, 0x4B, 0x57, 0x7F, 0x04, 0xBC, 0xC6, 0x55, 0x3C, 0x7C, 0x5E, 0x30, 0x12, 0x83,
    0xB7, 0x69, 0x01, 0x85, 0xB9, 0x3C, 0x85, 0xA6, 0x83, 0x8E, 0x85, 0x1D, 0x0C, 0x16, 0xBA, 0x33,
    0x8F, 0x5A, 0xE4, 0xB6, 0x54, 0xAD, 0x95, 0x99, 0xFA, 0xAA, 0xB5, 0x91, 0xBB, 0x67, 0xD2, 0x68,
    0x56, 0x6C, 0x33, 0x3C, 0x85, 0xD2, 0xA8, 0x57, 0xD9, 0x78, 0x12, 0x9C, 0x77, 0xE2, 0x27, 0x8F,
    0xF9, 0xF2, 0x31, 0xDC, 0x88, 0x7E, 0xC8, 0x9D, 0x5C, 0x2F, 0x32, 0xE5, 0xEE, 0x7B, 0xC8, 0x7D,
    0x58, 0xF3, 0x67, 0xB2, 0x65, 0xBA, 0x77, 0x7E, 0x8C, 0x0A, 0x75, 0xC9, 0xEE, 0x23, 0x56, 0xA7,
    0x05, 0x6F, 0x63, 0xAC, 0x4B, 0xF9, 0xF5, 0x8E, 0x15, 0xA9, 0x5C, 0xC7, 0x59, 0x8E, 0x7E, 0x1B,
    0xE2, 0x8A, 0xFA, 0xDD, 0xD7, 0x46, 0x31, 0x5D, 0x9D, 0xBC, 0x4B, 0x6B, 0x65, 0x84, 0xCA, 0x75,
    0xEF, 0x31, 0x08, 0x5A, 0x78, 0x8C, 0x35, 0x6D, 0x84, 0x09, 0x20, 0xC9, 0xDC, 0x23, 0x1C, 0x33,
    0xEF, 0xB8, 0x0C, 0xF0, 0x83, 0x81, 0x77, 0xB1, 0x37, 0xDE, 0x43, 0x58, 0xBC, 0xFD, 0x13, 0x24,
    0x7A, 0x26, 0xE5, 0x33, 0x77, 0xE2, 0x7A, 0xCC, 0x19, 0x6A, 0x4E, 0xF1, 0x45, 0xD3, 0x9C, 0xC0,
    0x55, 0xED, 0x39, 0xC4, 0xD3, 0x25, 0x29, 0x33, 0x61, 0x79, 0x19, 0xD4, 0xEE, 0x0D, 0x3E, 0xEA,
    0x26, 0x48, 0x8A, 0xF1, 0x5E, 0xBB, 0x27, 0x44, 0xF8, 0x80, 0x93, 0xEC, 0x32, 0x3E, 0x28, 0xC4,
    0x2D, 0x0A, 0x85, 0x3B, 0x34, 0x7C, 0x4F, 0x43, 0x81, 0x5B, 0xEA, 0xBB, 0xB9, 0x78, 0x0F, 0x5B,
    0x80, 0xC3, 0xE7, 0xD2, 0x30, 0xFF, 0x44, 0x76, 0xC8, 0xF2, 0xD9, 0xA0, 0x62, 0x3F, 0x6C, 0x53,
    0xE5, 0x8C, 0x40, 0xB9, 0x4D, 0x65, 0xA0, 0x45, 0x51, 0x23, 0x75, 0x94, 0xCB, 0x83, 0x97, 0xC2,
    0xB9, 0xAE, 0x59, 0xE5, 0xEF, 0x7A, 0xFE, 0xCE, 0x24, 0x3B, 0xB8, 0x86, 0xA4, 0xDB, 0xB7, 0xFB,
    0x62, 0xE2, 0x4B, 0x7B, 0x7A, 0xB2, 0x3D, 0xE9, 0xC7, 0xA9, 0x3B, 0xA7, 0x1C, 0xA3, 0x5F, 0x11,
    0xCC, 0x6A, 0x1D, 0xD7, 0x1A, 0xCF, 0xCE, 0xCD, 0xD7, 0xA1, 0x46, 0xAB, 0x0F, 0xF9, 0xC0, 0x75,
    0xC8, 0xB9, 0x80, 0x66, 0x89, 0x72, 0x29, 0xCC, 0xB2, 0x75, 0xC8, 0x25, 0x47, 0xB9, 0xFC, 0xD4,
    0xAD, 0x20, 0xD6, 0xD6, 0x83, 0xF2, 0x6B, 0x71, 0x37, 0xE8, 0xD3, 0xDF, 0x77, 0x28, 0xDB, 0x00,
    0x2F, 0x2C, 0x53, 0x76, 0x23, 0x79, 0x61, 0xB2, 0x3A, 0x1F, 0xA8, 0xD1, 0xAC, 0x39, 0x81, 0xD9,
    0x18, 0x97, 0x33, 0xDA, 0xD7, 0x52, 0x73, 0xEF, 0x5D, 0xDC, 0x54, 0x8A, 0x61, 0xF4, 0x9C, 0xC0,
    0x85, 0x3B, 0xD6, 0xB8, 0x54, 0x39, 0x7F, 0x4B, 0x54, 0x64, 0x68, 0xF9, 0x6C, 0xA1, 0x44, 0x86,
    0x05, 0xB9, 0x4A, 0x34, 0x96, 0xFD, 0x1F, 0x16, 0xDF, 0xA1, 0xC1, 0x7C, 0xA9, 0x67, 0xC8, 0x79,
    0x34, 0x1D, 0x97, 0x4E, 0x1F, 0xF8, 0x2A, 0xF8, 0x86, 0x83, 0x5D, 0x5C, 0x4D, 0x3B, 0x91, 0xDA,
    0x4C, 0x4D, 0xBA, 0xD6, 0x6E, 0x5F, 0x9D, 0x6A, 0x51, 0x7F, 0xBC, 0x7B, 0xF7, 0x67, 0x24, 0x22,
    0x7C, 0x89, 0x76, 0xF3, 0x14, 0x1E, 0xD3, 0x82, 0xF3, 0xBF, 0x1A, 0xB9, 0x04, 0xCC, 0xEC, 0x5C,
    0xA0, 0xCE, 0xD6, 0xE4, 0x4A, 0xEF, 0x2A, 0xE5, 0xB2, 0x1C, 0xF7, 0xB5, 0x52, 0x36, 0xFF, 0xFB,
    0x4C, 0x5C, 0x9E, 0x83, 0xD5, 0xCD, 0xFD, 0x59, 0x34, 0xE0, 0x87, 0xD8, 0xEF, 0xC8, 0xDE, 0xC4,
    0x58, 0xE8, 0xBB, 0xE4, 0x6E, 0x40, 0x76, 0x3F, 0x57, 0x31, 0xAE, 0x4E, 0xBF, 0x42, 0x0B, 0x1B,
    0xAB, 0x9C, 0xCF, 0xD9, 0x50, 0x1F, 0x82, 0x14, 0xE3, 0x92, 0xF1, 0x1C, 0xC9, 0x2D, 0x6E, 0x39,
    0xE7, 0x69, 0x15, 0x4B, 0xB6, 0xA4, 0x72, 0xAB, 0x7D, 0xC6, 0x44, 0x0A, 0xA9, 0x8B, 0xB1, 0x2F,
    0x07, 0x12, 0xAC, 0xB7, 0xFF, 0x3B, 0xB3, 0x6D, 0x59, 0x03, 0x3D, 0xE5, 0x8F, 0x40, 0x59, 0xCC,
    0xBF, 0x64, 0x37, 0xAC, 0x66, 0x6F, 0xA7, 0x36, 0xF7, 0x58, 0x4E, 0x8B, 0xC9, 0xD8, 0xCD, 0xF4,
    0xB8, 0x7F, 0x45, 0xA3, 0x20, 0x89, 0xF9, 0x2E, 0x02, 0x7A, 0x34, 0xFC, 0x1F, 0xA3, 0xD1, 0x67,
    0x3F, 0x59, 0x51, 0x57, 0xE9, 0x9C, 0x4D, 0x98, 0xA5, 0xCA, 0xFD, 0x70, 0x92, 0xBB, 0xCC, 0xEA,
    0xA7, 0x93, 0xD6, 0x35, 0xA5, 0x65, 0x2C, 0x0D, 0x7F, 0x46, 0x67, 0x1E, 0xD5, 0x3D, 0x8B, 0xAB,
    0xE0, 0xD2, 0xD5, 0xBD, 0xDC, 0xAD, 0x52, 0xA3, 0xDA, 0xEB, 0x59, 0x8B, 0x54, 0xF0, 0xD1, 0xFF,
    0x19, 0xFE, 0x4C, 0xCF, 0xDB, 0xD5, 0xA2, 0xB5, 0x04, 0xA4, 0x12, 0x14, 0xB5, 0xEF, 0x4F, 0x7A,
    0x64, 0xD3, 0x0D, 0x9F, 0x95, 0x9F, 0x34, 0x63, 0xC3, 0xF7, 0x02, 0x34, 0x87, 0xBF, 0x4F, 0x73,
    0xCB, 0xA9, 0x39, 0xA4, 0xCE, 0x5B, 0xC6, 0x82, 0xFF, 0x1C, 0x64, 0x86, 0xE6, 0x9C, 0x2E, 0x98,
    0x8C, 0xA6, 0x73, 0xB3, 0x34, 0xE8, 0x43, 0xE5, 0xAA, 0x2D, 0x82, 0x8A, 0xBE, 0xE6, 0x03, 0xFC,
    0xB8, 0xC4, 0xE6, 0xAF, 0x3B, 0x87, 0xE8, 0xA2, 0xFB, 0xEE, 0x91, 0xE7, 0xD2, 0x78, 0x7E, 0x8D,
    0xF3, 0x6A, 0xAB, 0xD3, 0x39, 0xD5, 0x3A, 0x14, 0xC5, 0xAA, 0x93, 0x2E, 0xB7, 0x12, 0x89, 0x0E,
    0x53, 0x31, 0x78, 0x70, 0x6E, 0xBC, 0x6F, 0x74, 0x83, 0xB0, 0xE3, 0xA2, 0x82, 0x14, 0x01, 0xA8,
    0x4E, 0x8D, 0x68, 0xC6, 0x0A, 0x6D, 0x85, 0x0B, 0x17, 0x65, 0x1A, 0x62, 0xC8, 0xC3, 0x55, 0xD0,
    0x9A, 0x24, 0xE0, 0x76, 0x95, 0x04, 0xE8, 0xF4, 0x92, 0x21, 0xA0, 0xB7, 0x24, 0x1E, 0x40, 0x6A,
    0x7B, 0x0C, 0x51, 0xAF, 0x40, 0x61, 0x44, 0x5B, 0x91, 0xE4, 0xDB, 0x78, 0x0C, 0x4C, 0xFA, 0x3B,
    0x8F, 0xA7, 0x64, 0x25, 0x09, 0xA4, 0xBE, 0x5D, 0x23, 0x5B, 0xD0, 0x03, 0xCB, 0xEF, 0x62, 0xD8,
    0xB2, 0x1A, 0x34, 0x78, 0x93, 0x26, 0x42, 0xB8, 0x8D, 0x40, 0xD6, 0x35, 0xD2, 0x45, 0x11, 0xC8,
    0x66, 0xCB, 0x69, 0xD9, 0xA4, 0x4A, 0xFE, 0xC1, 0xDF, 0x70, 0xA1, 0xFA, 0x79, 0x1B, 0xAC, 0xDE,
    0x7D, 0x74, 0xA9, 0x01, 0xCD, 0xDE, 0x88, 0xF5, 0x23, 0x6F, 0x88, 0x12, 0x14, 0xDD, 0xAD, 0x52,
    0x1A, 0x2E, 0x8A, 0xF7, 0xAC, 0xE1, 0xBF, 0x77, 0xF7, 0x22, 0x11, 0xF5, 0xE1, 0x56, 0x42, 0x7E,
    0x9C, 0x5D, 0x9C, 0x45, 0xA4, 0x5C, 0x58, 0xAB, 0xFD, 0x6D, 0x79, 0x87, 0xC5, 0x70, 0x31, 0x65,
    0xE2, 0x95, 0x32, 0x38, 0x97, 0x38, 0x83, 0x73, 0x49, 0xC1, 0x04, 0x90, 0x6F, 0x85, 0x22, 0x69,
    0x3E, 0x83, 0x93, 0x1D, 0x5B, 0x9F, 0xC1, 0x99, 0xF0, 0x0D, 0x97, 0x3E, 0x83, 0x33, 0xBD, 0x35,
    0x83, 0x33, 0x9F, 0xA2, 0x0C, 0xCE, 0x72, 0x8C, 0x32, 0x38, 0xEB, 0x93, 0xCF, 0xE0, 0xE4, 0xA8,
    0xA8, 0xCF, 0xE0, 0x44, 0x5C, 0xD4, 0x32, 0x38, 0x25, 0xA9, 0x48, 0x33, 0x38, 0xE5, 0xF0, 0x46,
    0x33, 0x38, 0x2D, 0x1E, 0xF6, 0xAA, 0x19, 0x9C, 0x77, 0xAA, 0x59, 0x7B, 0xB8, 0xFC, 0x0E, 0xF1,
    0xA4, 0x6D, 0xE6, 0x6C, 0x3B, 0x65, 0xF1, 0x8C, 0xC9, 0x84, 0x89, 0x09, 0x24, 0xF3, 0xF5, 0x2A,
    0xD9, 0xA2, 0x4B, 0x94, 0x2D, 0xCA, 0x33, 0x65, 0xD9, 0xA2, 0x3C, 0x51, 0x3E, 0x5B, 0x34, 0x03,
    0x66, 0x6D, 0xC8, 0x10, 0xB5, 0x6C, 0xD1, 0xF4, 0x96, 0x6C, 0x51, 0x4E, 0xA4, 0xB0, 0x6C, 0x51,
    0x32, 0xF9, 0x7C, 0xB6, 0x68, 0x7D, 0xB2, 0x6C, 0x51, 0x1C, 0xA1, 0x68, 0xB6, 0xA8, 0xE6, 0xA5,
    0x4C, 0x92, 0x21, 0x3A, 0xF9, 0x6C, 0x51, 0x3D, 0x5A, 0x43, 0xB6, 0xA8, 0x01, 0xF0, 0x53, 0x66,
    0x8B, 0xBE, 0x30, 0x65, 0x32, 0x9A, 0xA0, 0x68, 0x7E, 0xA2, 0xE9, 0x89, 0x67, 0x67, 0x33, 0x39,
    0xD1, 0x27, 0xC9, 0xD4, 0x7C, 0x2E, 0xCC, 0xCC, 0x4B, 0x26, 0xA4, 0x2E, 0x21, 0x21, 0x95, 0xE7,
    0x44, 0x13, 0x52, 0x79, 0x4A, 0x2C, 0x21, 0x35, 0xE3, 0x4C, 0x18, 0x49, 0x48, 0xA5, 0x09, 0xF1,
    0x09, 0xA9, 0xE9, 0xC5, 0x84, 0x54, 0xC4, 0x47, 0x7D, 0x16, 0xAA, 0x25, 0xA4, 0x32, 0xC1, 0x6D,
    0xF6, 0x6C, 0x1E, 0x09, 0x67, 0x0B, 0x99, 0xE7, 0x20, 0x89, 0x60, 0x93, 0x25, 0xA4, 0xFE, 0x94,
    0x59, 0xA8, 0xCD, 0xCF, 0x6A, 0x02, 0x36, 0x5B, 0xD9, 0x4B, 0x65, 0xC2, 0x2E, 0x21, 0x13, 0x96,
    0x27, 0x40, 0x33, 0x61, 0x17, 0x2D, 0x63, 0x26, 0xCD, 0xC9, 0x32, 0x61, 0x39, 0x0C, 0x6C, 0x99,
    0xB0, 0xE9, 0xC5, 0x4C, 0x58, 0x5E, 0x0E, 0xBD, 0x1D, 0xE1, 0xF8, 0x4C, 0xD8, 0xFA, 0xA4, 0x99,
    0xB0, 0x38, 0x01, 0x93, 0x4C, 0x58, 0x9E, 0x00, 0xCD, 0x84, 0xE5, 0x09, 0xD0, 0x4C, 0x58, 0x99,
    0x00, 0x64, 0xC2, 0xDA, 0x59, 0xEA, 0xCB, 0x65, 0xC2, 0xFE, 0x4C, 0xB6, 0xA6, 0x6B, 0xAA, 0xE4,
    0xA5, 0xB3, 0x71, 0x97, 0x28, 0x1B, 0x17, 0x4A, 0x44, 0xB3, 0x71, 0x79, 0x1A, 0x7C, 0x36, 0x2E,
    0xCD, 0x83, 0xCF, 0xC6, 0xA5, 0x89, 0x08, 0xD9, 0xB8, 0xE9, 0x2D, 0xD9, 0xB8, 0xF9, 0x14, 0xB2,
    0x71, 0xC9, 0x6D, 0xF0, 0xD9, 0xB8, 0xF5, 0xC9, 0xB2, 0x71, 0x91, 0x8D, 0xAC, 0xD9, 0xB8, 0xA0,
    0xCF, 0x68, 0x36, 0x2E, 0x56, 0x84, 0x8B, 0x12, 0xB3, 0x35, 0x1B, 0x57, 0x10, 0xBB, 0x73, 0x36,
    0xEE, 0xA7, 0x60, 0x05, 0xDC, 0xE1, 0x38, 0x18, 0x4D, 0x19, 0x04, 0x63, 0xAF, 0x97, 0x75, 0x31,
    0xF4, 0xA5, 0x38, 0x7F, 0x8C, 0x7C, 0x89, 0xCA, 0xFF, 0x72, 0x06, 0xFC, 0x9E, 0x93, 0xE3, 0xE0,
    0x74, 0x66, 0x02, 0xD6, 0x78, 0xE9, 0x0C, 0x38, 0x7F, 0xD1, 0x19, 0x70, 0x31, 0xFA, 0x33, 0xE0,
    0x4A, 0x75, 0x81, 0xE6, 0x7D, 0x31, 0xDE, 0x9A, 0xF7, 0x25, 0x43, 0xBA, 0xE5, 0x38, 0x78, 0x9B,
    0xF7, 0xF5, 0xA9, 0x11, 0xFB, 0xE7, 0x13, 0x5F, 0xF4, 0x06, 0xB8, 0x31, 0x04, 0xBB, 0xAC, 0x2A,
    0x24, 0xA0, 0xD7, 0x30, 0x3B, 0xB0, 0xFF, 0x33, 0x71, 0xC5, 0x01, 0xFE, 0xA9, 0xD3, 0x25, 0x43,
    0xE8, 0x93, 0x5E, 0xDD, 0x19, 0xFC, 0xD4, 0x2E, 0x03, 0xFE, 0xAB, 0x11, 0xD8, 0xCB, 0xB1, 0x58,
    0x8C, 0xC1, 0x9E, 0x3B, 0xE1, 0xAD, 0x4B, 0x4A, 0x03, 0x69, 0x61, 0xE3, 0xB0, 0x3F, 0x98, 0x7D,
    0xC6, 0x9D, 0x14, 0xFA, 0xF0, 0x59, 0xD8, 0x99, 0xD3, 0x9C, 0xBB, 0xA4, 0xFB, 0x56, 0xC8, 0xEE,
    0xEA, 0xA2, 0x13, 0xF8, 0x36, 0x24, 0x25, 0xB2, 0xA5, 0x1B, 0xD9, 0x9D, 0x65, 0x64, 0x91, 0x5E,
    0xAB, 0x2A, 0x14, 0xCD, 0xC4, 0xEB, 0xD7, 0xAE, 0xF0, 0x7D, 0x5E, 0x6F, 0x63, 0xFE, 0x6E, 0x6D,
    0xB1, 0xAD, 0x01, 0x7C, 0xCD, 0x02, 0xBE, 0x6E, 0x02, 0x5F, 0xAF, 0xBD, 0x31, 0xDC, 0x92, 0x38,
    0xFC, 0xCA, 0x29, 0xD8, 0xCB, 0x26, 0x05, 0x9B, 0xE7, 0x33, 0xA4, 0x60, 0xF3, 0x8C, 0x46, 0x29,
    0xD8, 0xCC, 0x89, 0x0F, 0x29, 0xD8, 0x28, 0x27, 0x10, 0x52, 0xB0, 0xD3, 0xE7, 0xA4, 0x60, 0xE7,
    0x53, 0x9C, 0x82, 0x2D, 0x65, 0x05, 0x2C, 0x05, 0x9B, 0x0B, 0x0B, 0x58, 0x0A, 0x36, 0x8C, 0x62,
    0x9F, 0x82, 0x6D, 0xC5, 0x05, 0x24, 0x05, 0x1B, 0xB3, 0xEC, 0x53, 0xB0, 0x8D, 0xBC, 0x22, 0x29,
    0xD8, 0x7E, 0x53, 0xFB, 0xE4, 0x52, 0xB0, 0xFF, 0xFA, 0xBD, 0x1C, 0x49, 0xF5, 0xD6, 0x09, 0xAE,
    0x22, 0xAB, 0xF9, 0x95, 0x53, 0xBD, 0x97, 0x38, 0xD5, 0x5B, 0xBC, 0x1C, 0x4D, 0xF5, 0x86, 0x97,
    0xE3, 0x53, 0xBD, 0x25, 0x9B, 0x29, 0x64, 0x77, 0x47, 0xA9, 0xDE, 0xE9, 0xAD, 0xA9, 0xDE, 0xF9,
    0x14, 0xA5, 0x7A, 0x97, 0x63, 0x94, 0xEA, 0x0D, 0xE6, 0x87, 0xA4, 0x7A, 0xCB, 0x92, 0xD5, 0x54,
    0x6F, 0x65, 0x7F, 0x48, 0xAA, 0xB7, 0x2C, 0x5A, 0x4D, 0xF5, 0x16, 0xF3, 0x41, 0x53, 0xBD, 0xBD,
    0x97, 0xF3, 0x8A, 0xA9, 0xDE, 0x9F, 0xF2, 0x35, 0x1A, 0xC5, 0x64, 0x9C, 0x5E, 0xB9, 0xC7, 0xC1,
    0x06, 0xCD, 0xD0, 0xB6, 0x88, 0x83, 0xAD, 0xCA, 0xF8, 0xE4, 0xDC, 0x62, 0x0F, 0x32, 0x93, 0x16,
    0x80, 0x10, 0x87, 0xD5, 0xC7, 0x67, 0xE0, 0x09, 0x85, 0x08, 0x8D, 0x96, 0xBA, 0xD0, 0x18, 0x4D,
    0x3A, 0xC7, 0x51, 0x1A, 0xE6, 0xEF, 0x86, 0x38, 0x0D, 0xB3, 0x76, 0x2D, 0x52, 0xC3, 0x13, 0x1A,
    0x62, 0x35, 0x20, 0x1C, 0xFA, 0x68, 0x0D, 0xC8, 0x77, 0x3E, 0x5E, 0x03, 0x02, 0x5E, 0x88, 0xD8,
    0x30, 0xEB, 0xC3, 0xC7, 0x6C, 0x78, 0x56, 0x43, 0xD4, 0x26, 0x89, 0x23, 0x18, 0x16, 0xC0, 0x8C,
    0xF3, 0xC1, 0x37, 0xA1, 0x87, 0x1B, 0x7B, 0xAF, 0xCE, 0xDD, 0xB2, 0x39, 0x79, 0x59, 0x36, 0x47,
    0x58, 0x9A, 0x1D, 0xAD, 0xD7, 0xE4, 0xD8, 0x0D, 0x39, 0xDE, 0xBC, 0xD1, 0x7B, 0x71, 0x74, 0x87,
    0xB0, 0xB3, 0x09, 0xDB, 0x2B, 0x75, 0x93, 0x1C, 0x6E, 0xF9, 0x88, 0x45, 0x18, 0x83, 0x4B, 0x02,
    0xB1, 0x5D, 0xE4, 0xF0, 0x6B, 0x11, 0xE6, 0xC2, 0x22, 0x9C, 0x85, 0xF0, 0x58, 0xE2, 0x07, 0x08,
    0x11, 0x8B, 0x6C, 0x3E, 0x8B, 0xDC, 0x7E, 0xB4, 0xA6, 0x20, 0xCE, 0x70, 0x45, 0x6E, 0x12, 0x9D,
    0x9A, 0x96, 0x21, 0xFD, 0xFA, 0xDE, 0x5A, 0xC8, 0x3D, 0x29, 0xB9, 0xDC, 0x61, 0x50, 0x48, 0x32,
    0x11, 0xCB, 0x3D, 0x19, 0xA4, 0x6D, 0x2F, 0xE1, 0x1A, 0xD9, 0xB8, 0x17, 0xD9, 0xD2, 0x1E, 0x5D,
    0x90, 0xED, 0x32, 0x34, 0xEB, 0xDE, 0x37, 0x01, 0x8D, 0x88, 0xFB, 0x1A, 0x64, 0x7D, 0x09, 0x82,
    0xBE, 0x04, 0x29, 0x5F, 0x82, 0x88, 0x5F, 0x05, 0xF9, 0x6E, 0x82, 0x70, 0x5B, 0xE2, 0x78, 0x3E,
    0xBE, 0x42, 0xE2, 0xF8, 0x12, 0x12, 0xC7, 0x45, 0x8E, 0x91, 0x38, 0x2E, 0x42, 0x2C, 0x89, 0xE3,
    0x90, 0x60, 0x49, 0x1C, 0x17, 0xF1, 0xAD, 0xBC, 0x27, 0x7F, 0x33, 0x71, 0x9C, 0xF3, 0xEA, 0x34,
    0x71, 0x9C, 0xAB, 0xEB, 0x4E, 0x96, 0x20, 0xAB, 0x89, 0xE3, 0x10, 0x56, 0x49, 0x1C, 0x67, 0x49,
    0xD5, 0xC4, 0x71, 0x16, 0x53, 0x4D, 0x1C, 0x67, 0x19, 0x6D, 0x43, 0x58, 0xF9, 0xE5, 0x13, 0xC7,
    0x3F, 0x65, 0x16, 0xDC, 0xDD, 0x28, 0xAA, 0x9B, 0x36, 0x34, 0xBE, 0xB6, 0xA1, 0xEF, 0x95, 0xA2,
    0x4A, 0xF3, 0xE0, 0x29, 0xAA, 0xD0, 0xF5, 0x46, 0x51, 0x4D, 0x6F, 0xA1, 0xA8, 0xA2, 0x74, 0x90,
    0x52, 0x54, 0xCB, 0x31, 0x50, 0x54, 0x49, 0xC3, 0x2B, 0x45, 0x15, 0x8E, 0x8B, 0x52, 0x54, 0xA1,
    0x0D, 0x94, 0xA2, 0x0A, 0x65, 0xA0, 0x14, 0x55, 0x71, 0x5C, 0x4E, 0x49, 0xB8, 0x8B, 0xF0, 0xCE,
    0x14, 0xD5, 0xBF, 0x41, 0x8E, 0xCB, 0x10, 0xAC, 0xE7, 0x21, 0x38, 0x2E, 0xBE, 0x39, 0x19, 0x8F,
    0x15, 0xE4, 0xD5, 0x22, 0x38, 0x2E, 0x37, 0x79, 0xAC, 0xD7, 0x1D, 0x97, 0x2C, 0x72, 0x5C, 0x26,
    0xEF, 0xB8, 0xE4, 0xC1, 0x71, 0x29, 0x83, 0xE3, 0xB2, 0x0B, 0x8E, 0x8B, 0x95, 0x96, 0xB8, 0x23,
    0x8F, 0xF5, 0xAF, 0x11, 0x6A, 0x49, 0xCC, 0x97, 0x6A, 0xA8, 0x2F, 0x99, 0x98, 0xBF, 0x84, 0xC4,
    0x7C, 0x84, 0xA9, 0xE4, 0x04, 0x7B, 0x11, 0x3A, 0xC0, 0x6E, 0x31, 0x93, 0xD6, 0xF2, 0x0E, 0x66,
    0x9F, 0x98, 0x9F, 0x5E, 0x4C, 0xCC, 0xCF, 0x27, 0x9F, 0x98, 0x4F, 0x9B, 0x8D, 0x25, 0xE6, 0xB3,
    0x99, 0xB2, 0x7F, 0x5E, 0x36, 0xFE, 0xF4, 0xC9, 0x64, 0xE3, 0x6F, 0x13, 0xF3, 0xFF, 0x86, 0xEC,
    0x3B, 0xC3, 0xA5, 0xD4, 0x1C, 0x14, 0x07, 0x90, 0x7D, 0x47, 0x8A, 0x03, 0xF0, 0x8C, 0xF8, 0xE2,
    0x00, 0x98, 0x12, 0x2D, 0x0E, 0x80, 0x7D, 0xC7, 0x8A, 0x03, 0xA4, 0xB7, 0x14, 0x07, 0x60, 0xEF,
    0xC2, 0x8A, 0x03, 0xB0, 0x6F, 0x91, 0xF8, 0x82, 0x00, 0x56, 0x1C, 0xC0, 0xFC, 0x0A, 0xCF, 0x41,
    0x76, 0xD1, 0xDC, 0x68, 0x71, 0x00, 0xF1, 0x28, 0x9E, 0x84, 0x7C, 0x80, 0xE7, 0x17, 0x07, 0xF8,
    0xEB, 0xDC, 0x6B, 0x7E, 0x37, 0xA0, 0xFE, 0x92, 0xF5, 0x07, 0xE4, 0x88, 0x4E, 0xCA, 0x0B, 0x10,
    0xDE, 0x5A, 0x7F, 0x80, 0xE1, 0x6E, 0x7D, 0x73, 0xB2, 0xFA, 0x03, 0x1C, 0xA7, 0xB5, 0xFA, 0x03,
    0xE9, 0xC5, 0xFA, 0x03, 0x1C, 0x74, 0x5A, 0xAC, 0xE8, 0x80, 0xAF, 0x3F, 0x40, 0x38, 0x4B, 0xFD,
    0x01, 0x54, 0x86, 0x13, 0xEA, 0xB4, 0xA6, 0xD5, 0xEE, 0x5B, 0x5B, 0x00, 0xA8, 0x3F, 0x60, 0x55,
    0xF2, 0x42, 0xD1, 0x81, 0x57, 0xAF, 0x3F, 0xF0, 0x29, 0xD8, 0xEC, 0xEF, 0x50, 0xF8, 0x20, 0x6E,
    0xF2, 0xE1, 0x85, 0x14, 0x3E, 0xE0, 0x09, 0xB0, 0xC2, 0x07, 0x19, 0x33, 0xC1, 0xB3, 0x50, 0xED,
    0x40, 0x0B, 0x1F, 0xA4, 0x17, 0x0B, 0x1F, 0x90, 0xA8, 0x5B, 0xE1, 0x03, 0xF6, 0xA1, 0xB5, 0xF0,
    0x01, 0x39, 0x5C, 0x52, 0xF8, 0x00, 0x79, 0x75, 0xB3, 0xAF, 0x76, 0x50, 0x48, 0xE1, 0x03, 0x4C,
    0x80, 0x14, 0x3E, 0xD0, 0x1D, 0xA8, 0xBC, 0x38, 0xC0, 0x97, 0x2C, 0x7C, 0xF0, 0xB3, 0x9D, 0x80,
    0xBB, 0x56, 0x5C, 0x58, 0x12, 0x5F, 0x71, 0x81, 0x27, 0x40, 0x2B, 0x2E, 0xC0, 0xDE, 0xD4, 0x8A,
    0x0B, 0xBC, 0x96, 0xB4, 0xE2, 0x02, 0x6F, 0x04, 0x56, 0x71, 0x21, 0xBD, 0x58, 0x71, 0x21, 0x9F,
    0x7C, 0xC5, 0x85, 0x72, 0x6C, 0x42, 0x4D, 0x28, 0xAD, 0xB8, 0x00, 0x6D, 0x2B, 0x91, 0x2B, 0xAC,
    0x00, 0xA9, 0xB8, 0x80, 0x09, 0x90, 0x8A, 0x0B, 0x32, 0x01, 0xF5, 0x47, 0x21, 0xE9, 0xE8, 0xD5,
    0x2B, 0x2E, 0x7C, 0x6A, 0x57, 0x80, 0x19, 0x9B, 0x7E, 0x02, 0xAC, 0x99, 0x4A, 0x4A, 0xBD, 0x4D,
    0x80, 0x6F, 0x92, 0x39, 0xFE, 0xC8, 0xEA, 0x5C, 0x14, 0x6E, 0xB5, 0x09, 0x20, 0x85, 0xFE, 0xCE,
    0x68, 0x65, 0xE5, 0x80, 0x99, 0x26, 0x97, 0x3A, 0x9D, 0x80, 0x16, 0x69, 0x2C, 0xE6, 0xA0, 0xD6,
    0x3A, 0x01, 0xCD, 0x41, 0xAB, 0x1D, 0xAE, 0x7C, 0xD0, 0x66, 0x13, 0x20, 0xD7, 0x06, 0x48, 0xAE,
    0xCE, 0x14, 0x04, 0xFC, 0xB7, 0x5F, 0x5C, 0xE2, 0x6C, 0xDB, 0xFC, 0x99, 0x28, 0x5E, 0xA9, 0x52,
    0x21, 0x5F, 0xE4, 0x55, 0xAA, 0x54, 0x2C, 0x49, 0xA8, 0x52, 0xC1, 0xB3, 0x60, 0x55, 0x2A, 0x70,
    0x62, 0x67, 0x55, 0x2A, 0xF0, 0x06, 0x5A, 0xA5, 0x82, 0xB3, 0xF3, 0x7C, 0x95, 0x8A, 0xF4, 0x96,
    0x2A, 0x15, 0x8C, 0xA3, 0x55, 0xA9, 0x20, 0xC4, 0x7D, 0x95, 0x0A, 0xB2, 0x88, 0xB4, 0x4A, 0x85,
    0x1C, 0xA2, 0x9E, 0x42, 0x65, 0x0A, 0xAD, 0x52, 0x61, 0x85, 0x33, 0x3F, 0xA9, 0xCA, 0x14, 0xD7,
    0xAA, 0x54, 0x7C, 0x8A, 0x29, 0x0A, 0x77, 0x2E, 0x9A, 0x21, 0xE7, 0xDE, 0x5A, 0x34, 0x03, 0x2B,
    0xC7, 0x8A, 0x66, 0x60, 0xED, 0xF8, 0xA2, 0x19, 0x70, 0x97, 0xAD, 0x68, 0x06, 0x6F, 0x60, 0xA1,
    0x68, 0x46, 0x7A, 0x6B, 0xD1, 0x8C, 0x7C, 0x8A, 0x8A, 0x66, 0x94, 0x63, 0x54, 0x34, 0x83, 0xB6,
    0x32, 0x2B, 0x9A, 0x01, 0x6D, 0x62, 0x45, 0x33, 0x78, 0xF6, 0x7C, 0xD1, 0x8C, 0x46, 0xB2, 0x9B,
    0xA4, 0x68, 0x86, 0x6E, 0x69, 0x1F, 0x46, 0xE1, 0xB2, 0x4F, 0xA8, 0x68, 0x46, 0x73, 0xE3, 0xBF,
    0x32, 0x63, 0x32, 0x55, 0x15, 0xB2, 0x8D, 0x32, 0xB1, 0xD2, 0x6A, 0xA5, 0x65, 0x2A, 0x9D, 0x54,
    0x4C, 0xEE, 0xF9, 0xF6, 0xB2, 0x1B, 0xDB, 0xFF, 0xF2, 0x30, 0x8E, 0x38, 0xA7, 0x3C, 0x26, 0xAD,
    0x8B, 0x0A, 0x6B, 0x48, 0xA9, 0x8D, 0xFA, 0xAE, 0x65, 0x37, 0xE2, 0x32, 0x35, 0x3F, 0x65, 0xD9,
    0x8D, 0x4F, 0x99, 0x7D, 0x7F, 0xB7, 0xD2, 0x1F, 0x9B, 0x36, 0xEC, 0x7B, 0x29, 0xFD, 0x21, 0x71,
    0x05, 0x2D, 0xFD, 0x01, 0xFB, 0x5E, 0x4B, 0x7F, 0xC0, 0xBE, 0xB7, 0xD2, 0x1F, 0xE9, 0x2D, 0xA5,
    0x3F, 0x38, 0xAE, 0x60, 0xA5, 0x3F, 0xD8, 0xC5, 0xB5, 0xD2, 0x1F, 0xF5, 0xC9, 0x4A, 0x7F, 0x68,
    0x49, 0xE2, 0xC4, 0x33, 0x04, 0xB4, 0xF4, 0x07, 0xE4, 0x54, 0x4B, 0x7F, 0x40, 0x4C, 0xEB, 0x21,
    0xC4, 0x15, 0xEE, 0x5E, 0xFA, 0xA3, 0xB9, 0x86, 0x7D, 0x73, 0x0D, 0x7F, 0xCF, 0x96, 0x55, 0xDC,
    0x33, 0x2B, 0x15, 0x5A, 0x7B, 0xB7, 0xD9, 0xCE, 0xCE, 0xF2, 0xF8, 0xD9, 0x6D, 0xB7, 0x04, 0xDB,
    0x0D, 0x34, 0xDE, 0xAB, 0xFE, 0xAB, 0x1C, 0xF1, 0x4B, 0x08, 0x61, 0xC9, 0xB4, 0xB8, 0x6F, 0xEA,
    0xAC, 0x32, 0xC8, 0xA2, 0xAF, 0xBB, 0xF6, 0xB4, 0x9F, 0xE7, 0x93, 0x3C, 0x77, 0xF8, 0xBB, 0x4E,
    0x4F, 0xF9, 0x5B, 0x0D, 0xCA, 0xD5, 0xAA, 0xAB, 0xB3, 0xF5, 0x4D, 0x9D, 0xC8, 0x4C, 0x3F, 0x1C,
    0xB7, 0x46, 0x4A, 0xCE, 0x1C, 0x9E, 0x67, 0x39, 0xD0, 0xE7, 0x9C, 0x06, 0x7D, 0x0A, 0xE7, 0xD3,
    0x1D, 0x84, 0x5E, 0xD7, 0xEC, 0xE5, 0x3C, 0xBF, 0x8A, 0x85, 0xE0, 0x25, 0x70, 0x7B, 0x62, 0xB8,
    0xF5, 0x8A, 0xDB, 0xB8, 0xB5, 0x49, 0x6D, 0x83, 0x4F, 0xE3, 0xEB, 0xB2, 0x6F, 0xAD, 0x46, 0x72,
    0xD4, 0x53, 0x93, 0xA3, 0x86, 0xB9, 0xB0, 0xC2, 0x1B, 0x5D, 0xE3, 0x8D, 0xAE, 0x72, 0x5B, 0xC9,
    0xDB, 0x6A, 0x24, 0xF5, 0xAB, 0x55, 0x23, 0x69, 0x4F, 0x5A, 0x8D, 0x64, 0xFF, 0x12, 0xD5, 0x48,
    0x0C, 0x90, 0xED, 0x43, 0xD1, 0x51, 0x70, 0x14, 0x1B, 0x83, 0xC6, 0x23, 0x53, 0x8C, 0x31, 0x2E,
    0xB6, 0xD5, 0xDD, 0x2C, 0x6D, 0x72, 0xDC, 0x84, 0xC8, 0xFD, 0x03, 0x44, 0xEF, 0xA3, 0xA4, 0xC9,
    0x1F, 0xC1, 0xE3, 0x89, 0x6A, 0x9A, 0x68, 0x31, 0x93, 0x7A, 0x7F, 0xA1, 0xB4, 0x09, 0x8A, 0xA0,
    0xC8, 0x22, 0x6A, 0x79, 0xFF, 0xCE, 0xA5, 0xA6, 0x49, 0x31, 0x34, 0x56, 0xD3, 0x64, 0x95, 0x9A,
    0x26, 0xFF, 0x0D, 0xB4, 0x37, 0xFE, 0x66, 0x85, 0xAF, 0x69, 0xC2, 0x0F, 0x36, 0x4F, 0xDE, 0x95,
    0x9A, 0x26, 0x5C, 0xDA, 0xE4, 0x9E, 0xBF, 0x6B, 0xA4, 0xDA, 0x94, 0x36, 0x49, 0xBE, 0xF9, 0x69,
    0xDB, 0x02, 0xEF, 0x56, 0x5E, 0x65, 0xD3, 0x4E, 0xD5, 0xB4, 0xD1, 0xA0, 0x93, 0x2F, 0xAF, 0x92,
    0x71, 0x39, 0x65, 0x2D, 0xAF, 0x02, 0x4B, 0xCB, 0xCA, 0xAB, 0xA4, 0xB7, 0x94, 0x57, 0x21, 0xB7,
    0xC3, 0x97, 0x57, 0x29, 0xC7, 0x50, 0x5E, 0xA5, 0x3E, 0x59, 0x79, 0x15, 0x54, 0x82, 0x18, 0x43,
    0x88, 0xC3, 0xCA, 0xAB, 0xF0, 0x16, 0x68, 0xE5, 0x55, 0xB0, 0x05, 0x7E, 0x39, 0xF9, 0xE9, 0x2E,
    0x1E, 0xFD, 0x19, 0x71, 0x75, 0xAA, 0x68, 0x5E, 0x5E, 0xA5, 0x94, 0xCB, 0xA2, 0xBC, 0x3B, 0x67,
    0x5C, 0x1D, 0x2D, 0xE5, 0x82, 0x79, 0xB1, 0x52, 0x2E, 0x70, 0x05, 0x47, 0x5F, 0xBE, 0x25, 0x94,
    0x72, 0x49, 0x6F, 0x29, 0xE5, 0x92, 0x4F, 0xA1, 0x94, 0xCB, 0xCB, 0x96, 0x6F, 0x99, 0x7C, 0xFB,
    0x93, 0x28, 0xDF, 0x72, 0xAD, 0x94, 0xCB, 0xA7, 0x9C, 0xC5, 0xD6, 0xCC, 0x81, 0xC5, 0xA6, 0xAA,
    0x8D, 0xE6, 0x44, 0x6B, 0xC8, 0xE8, 0xE1, 0xF4, 0x7E, 0x31, 0xEB, 0x56, 0x6A, 0xC8, 0x88, 0x6D,
    0xBB, 0x2C, 0xDE, 0xB2, 0xBD, 0x51, 0x43, 0x86, 0xAC, 0x5A, 0xAB, 0x21, 0x23, 0x36, 0xAD, 0x95,
    0x1D, 0x3A, 0x87, 0xAA, 0x43, 0x12, 0x9E, 0x81, 0x35, 0x2B, 0x35, 0x64, 0x30, 0x11, 0x52, 0x93,
    0x40, 0x2D, 0xD9, 0xC9, 0x8B, 0xFB, 0xCB, 0xD6, 0x90, 0xF9, 0xFF, 0xED, 0x7D, 0xBD, 0x93, 0x25,
    0xD7, 0x75, 0x5F, 0xBF, 0xEE, 0xDD, 0x79, 0x16, 0xBA, 0xCC, 0x46, 0x39, 0xB2, 0xB8, 0x96, 0x5B,
    0x81, 0x5C, 0x45, 0xC9, 0x94, 0x3B, 0x95, 0xAA, 0x44, 0xDC, 0x27, 0x32, 0x60, 0xC0, 0x80, 0xFE,
    0x13, 0x14, 0x28, 0xB0, 0xAB, 0x54, 0xB5, 0x0E, 0x14, 0x8A, 0xD3, 0x4D, 0xA2, 0xCA, 0xAC, 0xB2,
    0x02, 0x6C, 0xEE, 0x40, 0x08, 0x10, 0xB0, 0xA8, 0x00, 0x0C, 0x14, 0x28, 0xE0, 0x4C, 0x37, 0xC8,
    0x80, 0x81, 0x02, 0x3C, 0x92, 0x99, 0x15, 0xE0, 0x91, 0x40, 0x99, 0x2A, 0x22, 0xD8, 0xA6, 0xF0,
    0x24, 0xF4, 0x02, 0xFD, 0xFA, 0xFA, 0x9C, 0xDF, 0x39, 0xE7, 0xDE, 0xDB, 0xB3, 0x6F, 0xF6, 0x03,
    0x58, 0x52, 0x2A, 0x4B, 0x53, 0xC0, 0xF4, 0xE9, 0x9D, 0xF7, 0xD1, 0xF7, 0xDC, 0xF3, 0x7D, 0xCF,
    0x87, 0xCB, 0xE2, 0x8F, 0xBB, 0x05, 0x6E, 0xBA, 0x08, 0xD7, 0x87, 0x08, 0x57, 0xDE, 0x4F, 0x06,
    0xE7, 0xDE, 0xFB, 0x5D, 0x78, 0x83, 0xF7, 0x43, 0xF2, 0xB2, 0xE4, 0x2D, 0xDB, 0x04, 0x2E, 0x46,
    0x05, 0x7A, 0x1F, 0x7E, 0x86, 0x14, 0x6E, 0x23, 0xDC, 0x65, 0x33, 0xBD, 0xB0, 0xA5, 0xAF, 0xAB,
    0xE8, 0x93, 0x67, 0xBC, 0xA9, 0x13, 0x78, 0xB3, 0xEC, 0x36, 0xFD, 0x41, 0xE0, 0xDC, 0x1F, 0xB2,
    0xED, 0xD8, 0x7C, 0x55, 0xE0, 0x63, 0xB6, 0x99, 0xFC, 0x43, 0xBC, 0xBE, 0xA0, 0x77, 0x7E, 0x84,
    0xA7, 0x9A, 0xE9, 0x1F, 0xE9, 0xDD, 0x63, 0x0F, 0x38, 0x27, 0xB8, 0xDD, 0x37, 0xF2, 0x9A, 0x23,
    0x2D, 0xBB, 0x93, 0xCF, 0x2F, 0x47, 0x46, 0x81, 0xC0, 0xCD, 0xFE, 0x0B, 0xD9, 0x02, 0x78, 0xD9,
    0xF8, 0xAE, 0xFD, 0xE2, 0x0C, 0xB8, 0xF7, 0x0B, 0xAD, 0x73, 0x04, 0xEC, 0xE8, 0xAB, 0x4A, 0xBF,
    0x07, 0xBC, 0x5D, 0x08, 0x0D, 0xD7, 0xF2, 0x9C, 0x01, 0x03, 0xCF, 0x0F, 0xBB, 0x33, 0x3B, 0xE1,
    0xCE, 0xEC, 0x48, 0xDC, 0x8F, 0xB8, 0x1B, 0xC9, 0x5E, 0xA4, 0x3B, 0x11, 0xF7, 0x21, 0xEE, 0x82,
    0xEE, 0x41, 0xC0, 0xFA, 0x29, 0x42, 0x01, 0xFB, 0x33, 0xF0, 0x9D, 0x79, 0xFE, 0x05, 0xC8, 0x3D,
    0xCA, 0x14, 0xEF, 0x9E, 0x16, 0x0D, 0xAC, 0x97, 0xF8, 0x72, 0xC6, 0x79, 0x75, 0x28, 0x4E, 0x82,
    0xF1, 0x7A, 0xC8, 0x7A, 0xC1, 0x77, 0xDD, 0x65, 0x6E, 0x07, 0x6C, 0x57, 0x5D, 0xD6, 0xEC, 0x14,
    0xD7, 0x02, 0x31, 0xA6, 0xE5, 0xAF, 0xCD, 0x9E, 0x9F, 0x44, 0xB0, 0x4C, 0x8B, 0x38, 0x09, 0x8E,
    0xDD, 0xB7, 0xFB, 0x49, 0x30, 0xEC, 0xF0, 0x6D, 0x8C, 0xDF, 0x26, 0xD2, 0x5D, 0x7B, 0x8A, 0x14,
    0xB8, 0x0F, 0x48, 0x99, 0x0D, 0xC2, 0x47, 0x29, 0x2A, 0xC6, 0xB0, 0xFC, 0xF0, 0xE7, 0xEC, 0xF8,
    0x74, 0xEA, 0xFF, 0x27, 0xE2, 0x84, 0x31, 0x85, 0x13, 0x4E, 0x18, 0x65, 0x0F, 0x18, 0x79, 0xB6,
    0x1F, 0x06, 0xD3, 0x8E, 0xFC, 0x89, 0xC1, 0xB4, 0x27, 0x27, 0x86, 0x77, 0xB2, 0x2B, 0xD7, 0x04,
    0x97, 0x07, 0xD9, 0x17, 0x47, 0x70, 0x3D, 0xCA, 0xCE, 0xB8, 0x5D, 0xD3, 0x31, 0x57, 0xF1, 0xDE,
    0x34, 0x43, 0xF3, 0xBD, 0x65, 0x16, 0x4E, 0xA8, 0x86, 0xCA, 0x4F, 0x57, 0xC2, 0x09, 0x25, 0xED,
    0xEE, 0xFE, 0x5A, 0x38, 0xA1, 0x18, 0x37, 0x4B, 0x76, 0x29, 0x7B, 0xC4, 0x3C, 0xC5, 0x30, 0xEF,
    0x52, 0xC6, 0xDB, 0x70, 0x2D, 0xFB, 0xC4, 0x7B, 0xC8, 0xF7, 0xE0, 0x04, 0xB7, 0xCF, 0x72, 0x43,
    0x77, 0x35, 0x65, 0x95, 0x21, 0xBC, 0xA0, 0xA5, 0x04, 0x0C, 0xB4, 0x09, 0xC6, 0x2E, 0x7C, 0xB2,
    0x27, 0xB7, 0xFC, 0x6C, 0x1E, 0x24, 0x78, 0x9C, 0x22, 0x5C, 0xCE, 0xE7, 0xFF, 0x1D, 0xAF, 0x77,
    0x67, 0xB7, 0xD4, 0x9D, 0xDD, 0xDC, 0x64, 0x6F, 0x93, 0xAD, 0x4D, 0x77, 0x76, 0xB5, 0xB1, 0xC9,
    0xBE, 0x26, 0xDB, 0x6A, 0xBB, 0xDA, 0x9F, 0x93, 0x6E, 0x89, 0x70, 0x13, 0xD9, 0x56, 0xCA, 0x1B,
    0x53, 0x90, 0xF6, 0xD3, 0x40, 0x66, 0xB1, 0x00, 0x1E, 0x69, 0x47, 0x96, 0x4C, 0x36, 0xB3, 0x3C,
    0x6C, 0xC1, 0x83, 0xB4, 0x97, 0xE5, 0xA1, 0xF0, 0xA3, 0x6C, 0x25, 0xBD, 0x76, 0x7B, 0x94, 0x9D,
    0x24, 0xB0, 0x38, 0xDA, 0x46, 0x66, 0xF9, 0x51, 0xF6, 0x51, 0xFF, 0x95, 0xB7, 0x91, 0xC1, 0x51,
    0x76, 0x91, 0x40, 0xFE, 0x16, 0x88, 0xB3, 0x43, 0x56, 0xAB, 0x34, 0xDB, 0x8E, 0x59, 0xDB, 0xD9,
    0x92, 0x8A, 0x25, 0x6E, 0x60, 0xC0, 0xB0, 0x8F, 0xAC, 0xD7, 0x9C, 0x9E, 0xB6, 0x79, 0x7F, 0x1C,
    0xB7, 0x65, 0x89, 0xB8, 0xF2, 0x01, 0xCC, 0x97, 0xF5, 0x6B, 0xFF, 0x19, 0xEC, 0xDB, 0x9C, 0x80,
    0x71, 0xDF, 0x26, 0x6C, 0x96, 0x03, 0xF7, 0x08, 0xE8, 0x77, 0x00, 0x69, 0xDF, 0x48, 0xC1, 0x00,
    0x64, 0x85, 0x54, 0xCE, 0x0A, 0x1E, 0x59, 0x88, 0xCE, 0xAA, 0x8E, 0xB6, 0x0A, 0x92, 0x36, 0x22,
    0x19, 0x36, 0xCB, 0xBE, 0x6D, 0xE9, 0xE1, 0x94, 0x03, 0x1B, 0xFB, 0xDC, 0x72, 0x74, 0x83, 0x82,
    0xCD, 0xBE, 0x81, 0x6C, 0xC5, 0xBE, 0x55, 0xF4, 0xD1, 0xB3, 0xEC, 0xDB, 0x05, 0xFD, 0x3F, 0x2B,
    0xF3, 0xE5, 0x7E, 0x98, 0x95, 0xF7, 0xB2, 0xE6, 0x68, 0x0C, 0xF1, 0x5B, 0xC5, 0xC9, 0x40, 0x9F,
    0xB5, 0xB3, 0xE1, 0x25, 0x48, 0xCA, 0x8D, 0x8F, 0x52, 0xF1, 0xB7, 0x22, 0xC7, 0x66, 0xD9, 0x77,
    0xF0, 0xC2, 0x39, 0x72, 0x94, 0xE0, 0x4C, 0xB4, 0x55, 0xFA, 0xBB, 0xDC, 0x47, 0xDC, 0xE9, 0xFB,
    0x17, 0x43, 0xE2, 0x22, 0xBF, 0x81, 0x3A, 0x5A, 0x40, 0x85, 0x1D, 0xDE, 0x42, 0x34, 0x6F, 0xDF,
    0xE1, 0xF7, 0x15, 0x3F, 0xE6, 0xF7, 0x6D, 0x7F, 0x2A, 0xD4, 0xCF, 0x7F, 0xAE, 0xF6, 0x2D, 0x3E,
    0xDA, 0xB1, 0x0C, 0x19, 0x68, 0x8B, 0x37, 0x7E, 0x47, 0x04, 0x79, 0x7F, 0x21, 0xB2, 0x2C, 0x68,
    0x9D, 0xF5, 0xC0, 0xEF, 0x6F, 0x86, 0x12, 0x4A, 0x9B, 0x48, 0x34, 0x6B, 0x77, 0xC5, 0x0C, 0x2D,
    0x45, 0xA8, 0x01, 0x32, 0x18, 0x1B, 0x25, 0x0B, 0x4C, 0x26, 0x00, 0x7A, 0xEA, 0x66, 0xE1, 0x4D,
    0xF6, 0x7B, 0xFE, 0xDD, 0xEF, 0xF8, 0xB7, 0x9B, 0xF8, 0xF7, 0x3D, 0xFF, 0x03, 0x5E, 0x53, 0xFD,
    0x31, 0x56, 0x26, 0x52, 0xA9, 0xC1, 0xEF, 0x8B, 0x07, 0x29, 0xE1, 0x7E, 0xC7, 0xC8, 0x69, 0xBE,
    0x29, 0x62, 0x02, 0x1D, 0x05, 0x25, 0xFE, 0x38, 0x50, 0xEE, 0x6F, 0x0A, 0xFB, 0x88, 0xE5, 0x65,
    0x4D, 0x70, 0x41, 0x4C, 0x04, 0x21, 0xD1, 0x09, 0xD2, 0xF0, 0x0E, 0x5E, 0x37, 0x3E, 0x83, 0x51,
    0x57, 0x1A, 0xF6, 0xF0, 0x3D, 0x8C, 0x40, 0x00, 0x8C, 0x43, 0x00, 0x8C, 0x46, 0x01, 0x08, 0x93,
    0x00, 0x18, 0x99, 0xFC, 0x2E, 0xE0, 0x93, 0xB9, 0x5D, 0x50, 0x3A, 0x66, 0x82, 0x55, 0x02, 0x04,
    0xB1, 0x04, 0x08, 0x6E, 0xF9, 0x5F, 0x04, 0xBD, 0xF4, 0x1A, 0x60, 0x98, 0xBF, 0x9D, 0xE4, 0xC6,
    0x8C, 0x7F, 0x07, 0x9E, 0x19, 0x01, 0x25, 0x73, 0x16, 0x5B, 0x55, 0x59, 0xFF, 0x88, 0xB8, 0xCF,
    0xD6, 0x6F, 0x8B, 0x2C, 0x85, 0x4B, 0xFF, 0x83, 0x69, 0xBA, 0x40, 0x77, 0x82, 0x94, 0x79, 0x8D,
    0x9C, 0x9B, 0xD7, 0xDC, 0x50, 0x3D, 0xAF, 0xDF, 0x4F, 0xCF, 0x17, 0x11, 0x67, 0x78, 0x33, 0xB4,
    0x75, 0xA0, 0xF1, 0x41, 0xBF, 0x48, 0x3F, 0xE9, 0x43, 0xFD, 0xA4, 0x49, 0x91, 0x3E, 0x39, 0xFD,
    0x82, 0x06, 0x2F, 0x24, 0xD5, 0x87, 0x8D, 0x82, 0xB4, 0x04, 0x21, 0xF0, 0x22, 0x89, 0x46, 0x06,
    0x3C, 0x0A, 0x31, 0x9A, 0x5C, 0x8F, 0x58, 0x3C, 0xCB, 0x2A, 0x36, 0x60, 0x36, 0x27, 0x10, 0x41,
    0xF1, 0xBA, 0x67, 0x04, 0xD3, 0x9F, 0xDC, 0x81, 0xF0, 0x4B, 0xDB, 0x40, 0x52, 0x88, 0x5F, 0x72,
    0xC8, 0xF5, 0x9A, 0xFD, 0xE7, 0x85, 0xB4, 0x24, 0x3E, 0xF2, 0x5A, 0x57, 0xC7, 0xD7, 0x53, 0x76,
    0x9F, 0x54, 0x34, 0x0B, 0x52, 0xEF, 0xAF, 0x21, 0x49, 0xF0, 0x7A, 0x62, 0xEC, 0x07, 0xDB, 0x65,
    0x4D, 0x24, 0xFC, 0xFA, 0xC4, 0x34, 0x58, 0x09, 0xA7, 0xB5, 0x7C, 0x82, 0x88, 0x32, 0x02, 0x54,
    0x04, 0xEA, 0x5D, 0xE9, 0x89, 0xB2, 0xCB, 0xA1, 0x1A, 0xCA, 0x01, 0xDC, 0x81, 0x67, 0xAB, 0x06,
    0x16, 0x9F, 0x24, 0x20, 0x49, 0x9A, 0x6F, 0x47, 0x22, 0x18, 0x26, 0x85, 0x8F, 0xA6, 0xFB, 0x47,
    0x7A, 0xCE, 0xEA, 0x2D, 0xFA, 0xAC, 0x76, 0xC9, 0x27, 0x32, 0xCB, 0x48, 0xBD, 0xF8, 0x69, 0x2E,
    0xFC, 0x81, 0x3E, 0x93, 0x0D, 0x3C, 0x82, 0xE6, 0x7A, 0xE1, 0x6F, 0x20, 0x66, 0xED, 0xE9, 0xF9,
    0x66, 0xFA, 0x1C, 0xBA, 0x23, 0xA6, 0xE5, 0xDD, 0x99, 0xAB, 0x45, 0xEF, 0x2A, 0x22, 0x20, 0x12,
    0x71, 0x07, 0x79, 0x25, 0x2D, 0x8C, 0xAC, 0x90, 0xFB, 0x27, 0xC2, 0xBC, 0xE7, 0xFD, 0xE1, 0xAF,
    0xCD, 0xFD, 0x37, 0x26, 0x77, 0x12, 0x31, 0xCD, 0xBF, 0xFF, 0x7E, 0x72, 0xBC, 0x0B, 0x79, 0xFF,
    0x1E, 0x53, 0xF7, 0x47, 0x53, 0xCA, 0x8E, 0x7E, 0x75, 0xE7, 0x56, 0x77, 0xD5, 0xEA, 0x6E, 0xBB,
    0xBA, 0x2B, 0xA6, 0xB5, 0x2D, 0x31, 0xA6, 0x37, 0x47, 0xC5, 0xED, 0xFF, 0xDA, 0x65, 0xAF, 0x6F,
    0xFC, 0x24, 0x37, 0xAF, 0xED, 0x8B, 0x99, 0x6E, 0x04, 0xB3, 0x5F, 0x1D, 0x4A, 0xBF, 0x61, 0xD1,
    0xC2, 0xA8, 0xAC, 0xF6, 0x8D, 0xFF, 0xC3, 0x49, 0xF1, 0x4A, 0x7B, 0xFD, 0x17, 0x6F, 0x4D, 0x8A,
    0xD6, 0xC2, 0x9F, 0x2A, 0xBE, 0x11, 0xAC, 0xF6, 0x7B, 0xBE, 0x51, 0xA4, 0x92, 0xA8, 0xA1, 0x1B,
    0xC5, 0x29, 0x3D, 0xF9, 0xD7, 0x27, 0x45, 0x29, 0x63, 0x81, 0x9D, 0x13, 0x60, 0x94, 0x18, 0x73,
    0x86, 0xA7, 0xC2, 0x08, 0x25, 0x7C, 0x1C, 0xF8, 0x06, 0xF8, 0xCC, 0x08, 0xD9, 0x7C, 0x03, 0x74,
    0x66, 0xD5, 0x09, 0x37, 0x82, 0xCD, 0x52, 0x5E, 0x26, 0xC8, 0xCC, 0xEA, 0x13, 0xDF, 0x28, 0x2E,
    0x33, 0xFF, 0xF5, 0x29, 0xA0, 0x32, 0xAB, 0x7F, 0x92, 0x60, 0xA1, 0x78, 0x94, 0xA2, 0xA4, 0x4F,
    0x6F, 0x9A, 0xF4, 0xA6, 0x9C, 0x6E, 0x47, 0x63, 0xF2, 0xF3, 0xDD, 0x15, 0x2C, 0x28, 0xCC, 0x9A,
    0x47, 0x59, 0xAF, 0xCE, 0x45, 0xCE, 0x9C, 0x2A, 0xEE, 0xC5, 0x42, 0x38, 0x3B, 0xF6, 0xB4, 0xE1,
    0x6C, 0x97, 0xB8, 0x43, 0x7E, 0x62, 0xE2, 0x67, 0xB8, 0xDF, 0x65, 0x2D, 0xC1, 0x1D, 0xC3, 0x4B,
    0xDF, 0xD1, 0x8A, 0xAB, 0x3D, 0xC1, 0xF4, 0xD6, 0xB1, 0x64, 0x3B, 0x85, 0xE0, 0xAF, 0xF5, 0x7E,
    0x26, 0xFE, 0xDB, 0x8E, 0x04, 0xFB, 0xDF, 0xD8, 0xCC, 0x19, 0xB3, 0x66, 0x3E, 0x15, 0xC4, 0xF6,
    0x27, 0xC2, 0x19, 0x91, 0xEA, 0xDC, 0x10, 0xF3, 0x33, 0x4C, 0x38, 0xF3, 0xFE, 0xED, 0x3D, 0xBD,
    0xE6, 0x9A, 0xF9, 0xA8, 0x5F, 0xC8, 0x6A, 0x9A, 0x18, 0x6E, 0xC9, 0x62, 0xD8, 0x1E, 0xDA, 0x11,
    0xA6, 0x6B, 0xC7, 0x02, 0x94, 0xDE, 0x41, 0x30, 0x9B, 0x3E, 0xE5, 0xC1, 0x83, 0xD9, 0x98, 0xBF,
    0xAB, 0xFD, 0x9F, 0x0A, 0xA3, 0xD2, 0xB6, 0x40, 0x4E, 0x80, 0x59, 0xBB, 0x0C, 0x66, 0x85, 0x32,
    0xEC, 0xA2, 0xCC, 0xC9, 0x82, 0xF0, 0x68, 0x70, 0x76, 0x5F, 0x1C, 0x90, 0xEB, 0x04, 0x27, 0xD7,
    0x2B, 0x6C, 0xA5, 0xDC, 0xBB, 0xBE, 0x49, 0x39, 0x59, 0x49, 0x0C, 0x02, 0xD7, 0xF8, 0x98, 0x85,
    0xAE, 0x33, 0x36, 0x86, 0x1B, 0x6A, 0x5C, 0xCC, 0x22, 0xCC, 0x65, 0x4A, 0x6F, 0xE5, 0x98, 0x0F,
    0x2E, 0x53, 0x7A, 0x2B, 0x96, 0x7E, 0x74, 0x99, 0xD1, 0x5B, 0xEF, 0xF7, 0xFC, 0x69, 0x42, 0x6F,
    0x44, 0x41, 0x2E, 0x0B, 0xF4, 0x36, 0xE2, 0x46, 0xE8, 0x8D, 0x96, 0xC0, 0x37, 0xA0, 0x37, 0x76,
    0xEE, 0xF8, 0x06, 0xF4, 0x96, 0x93, 0x18, 0x71, 0x99, 0xD1, 0x9B, 0x97, 0x0F, 0x10, 0x7A, 0xBB,
    0xEF, 0x0F, 0xB8, 0x11, 0x7A, 0x6B, 0xE6, 0xC4, 0x5E, 0xDB, 0xF8, 0x95, 0x4B, 0xE5, 0x53, 0x4E,
    0xF5, 0x2B, 0x0E, 0x4F, 0x6F, 0x5A, 0x43, 0x55, 0xF7, 0x6F, 0x32, 0xB6, 0x7E, 0xF5, 0xA6, 0x25,
    0x34, 0x0D, 0x8A, 0xAA, 0x9D, 0x1B, 0xC4, 0xA9, 0x80, 0x94, 0xAB, 0x3F, 0x98, 0x21, 0x5F, 0x45,
    0x33, 0xFA, 0x91, 0x15, 0x9A, 0x4A, 0x3C, 0x22, 0xA2, 0x51, 0x51, 0x55, 0xF2, 0xE3, 0x9A, 0xBC,
    0x73, 0xBB, 0x92, 0x2D, 0x45, 0x41, 0x55, 0x33, 0x6C, 0xDF, 0x9F, 0x0C, 0x55, 0xD5, 0x40, 0x96,
    0xC2, 0xB7, 0x14, 0x55, 0x15, 0x99, 0x10, 0x64, 0x3B, 0x09, 0xAA, 0xCA, 0x71, 0x4B, 0xFE, 0xD1,
    0x4E, 0x50, 0x45, 0xF6, 0xF1, 0xE8, 0x1E, 0xAA, 0xA4, 0xCB, 0xE9, 0xC5, 0x9E, 0xBE, 0x5D, 0x58,
    0xF3, 0xB4, 0xF1, 0xF4, 0x29, 0x8A, 0xAA, 0x3E, 0x6B, 0x1E, 0xF0, 0x73, 0x01, 0x55, 0x6C, 0xDE,
    0xF1, 0x0D, 0x50, 0x55, 0x8D, 0xAA, 0xD3, 0x32, 0x41, 0xF2, 0x26, 0x22, 0x41, 0x8C, 0xA7, 0x68,
    0xC7, 0x46, 0xC1, 0xB5, 0xE9, 0x97, 0x67, 0xF2, 0x1D, 0x0F, 0xFA, 0x45, 0x53, 0xB4, 0x4D, 0x72,
    0x7C, 0xA4, 0x20, 0x26, 0x07, 0x39, 0x0B, 0x5E, 0x72, 0x20, 0x52, 0xD0, 0x92, 0x7F, 0xEC, 0x61,
    0x73, 0x30, 0x56, 0xF2, 0x89, 0xA9, 0x5B, 0x90, 0xC2, 0xBF, 0x67, 0xC5, 0x09, 0x7F, 0xE6, 0x49,
    0x51, 0xA2, 0x30, 0x30, 0xA2, 0xB0, 0x20, 0x44, 0x4C, 0x5A, 0x21, 0x9D, 0x29, 0xDB, 0xCC, 0x4A,
    0x39, 0x04, 0x17, 0x26, 0xA8, 0x08, 0x46, 0x44, 0x80, 0x91, 0xB1, 0xD1, 0x98, 0x80, 0x2A, 0xFE,
    0xE8, 0xCA, 0x2B, 0xB3, 0x89, 0xE0, 0x4F, 0xF0, 0x50, 0xB2, 0xD5, 0x9B, 0xF2, 0xD0, 0xB8, 0xBA,
    0x49, 0x19, 0x6A, 0xD4, 0xE5, 0xCF, 0x89, 0x9D, 0x96, 0xCB, 0x37, 0x18, 0x32, 0xA0, 0x3E, 0x15,
    0x1B, 0x1F, 0xC2, 0x9C, 0x50, 0x74, 0x1C, 0x1B, 0x46, 0xA5, 0xE2, 0x83, 0x8C, 0x9F, 0x1F, 0x04,
    0x84, 0xD0, 0xCD, 0xF7, 0x12, 0x8C, 0xB8, 0x6E, 0x36, 0x94, 0x90, 0x02, 0x81, 0x89, 0x2E, 0x0C,
    0x25, 0x31, 0x15, 0x11, 0xE0, 0x3D, 0xC9, 0x6C, 0xC3, 0x4A, 0x76, 0x6F, 0x01, 0x2A, 0x54, 0x80,
    0x0B, 0x39, 0x98, 0x00, 0x27, 0x2D, 0x62, 0x0C, 0xD5, 0xFC, 0xBC, 0xF7, 0x29, 0x29, 0x44, 0x97,
    0xB9, 0xF6, 0xFE, 0xBD, 0xC8, 0x34, 0x17, 0x89, 0x67, 0xC6, 0xEB, 0x5B, 0x56, 0xBC, 0xB6, 0x4F,
    0xD9, 0x30, 0x09, 0x53, 0x64, 0x79, 0xB7, 0xB2, 0x29, 0x6E, 0x98, 0x18, 0x2B, 0x1B, 0xE3, 0x61,
    0x6A, 0x64, 0x38, 0x75, 0xE9, 0xE5, 0x76, 0xE3, 0xBF, 0x3C, 0x05, 0x74, 0xDE, 0x23, 0xD9, 0x09,
    0xFA, 0x12, 0x84, 0x92, 0x31, 0x3A, 0xD2, 0xCA, 0x4D, 0x27, 0x36, 0x2C, 0xBF, 0x2A, 0xC2, 0x8A,
    0x20, 0x95, 0x5E, 0x31, 0xE4, 0xBB, 0x37, 0x17, 0x63, 0xBE, 0x7D, 0xDD, 0x91, 0x46, 0x3F, 0x29,
    0x62, 0xF9, 0x2D, 0xED, 0xBC, 0x31, 0xD4, 0x92, 0xC5, 0x46, 0xF4, 0x90, 0x9B, 0x76, 0x64, 0xAE,
    0x9B, 0x2F, 0xD9, 0xB9, 0x15, 0xF4, 0x9E, 0xB2, 0xFE, 0xC1, 0x25, 0x0B, 0x02, 0x41, 0x30, 0x7B,
    0x15, 0xB8, 0x15, 0x14, 0x33, 0xEF, 0x2D, 0x45, 0x40, 0x32, 0xBD, 0x65, 0x23, 0x52, 0x03, 0x68,
    0x26, 0x67, 0xB7, 0x9C, 0x8A, 0x31, 0xE5, 0x40, 0xD6, 0x36, 0x09, 0xE2, 0xBB, 0x7C, 0x4A, 0xB8,
    0x50, 0x68, 0x3A, 0xFD, 0x79, 0xF2, 0xED, 0xEA, 0xA7, 0x38, 0xAC, 0xEE, 0xC6, 0x1B, 0x77, 0x71,
    0x0B, 0x48, 0xC5, 0x8D, 0xEB, 0xBB, 0x76, 0x75, 0x17, 0xB6, 0x63, 0x3B, 0x21, 0xCC, 0xA6, 0x77,
    0x3D, 0xDF, 0x99, 0x04, 0xAC, 0x3D, 0xEE, 0xC4, 0x3A, 0xD9, 0x90, 0x95, 0x57, 0x1C, 0xCD, 0x3C,
    0xA9, 0xC9, 0x06, 0x2B, 0xCC, 0xE6, 0x23, 0x4B, 0x27, 0xE7, 0x3B, 0xDD, 0x08, 0xBF, 0xC3, 0x9D,
    0xEC, 0x43, 0xC3, 0xFF, 0x5C, 0x1C, 0x75, 0x1B, 0x2A, 0xBA, 0x3B, 0x49, 0x08, 0x95, 0xFE, 0x5E,
    0x12, 0x66, 0xFC, 0xAB, 0xB6, 0x09, 0x05, 0xF1, 0x89, 0x7F, 0xF7, 0x18, 0x88, 0xDC, 0xE7, 0x1F,
    0x7F, 0x7C, 0x0C, 0x54, 0xDE, 0xFF, 0x68, 0x02, 0x01, 0x0B, 0x99, 0xD7, 0xFF, 0x38, 0xB9, 0x63,
    0x50, 0x1C, 0xC5, 0x32, 0xD5, 0xC7, 0xD4, 0xE6, 0x2B, 0xD3, 0x88, 0x9D, 0xAC, 0xEF, 0x59, 0x6D,
    0xBE, 0xDE, 0x9C, 0x82, 0x4D, 0x7F, 0xCC, 0xD2, 0xFB, 0x8A, 0x35, 0xEF, 0x03, 0x53, 0x22, 0x08,
    0x47, 0x7D, 0x85, 0x05, 0x5B, 0xA0, 0xE3, 0x5D, 0x23, 0x12, 0x47, 0xEE, 0xC9, 0x08, 0x20, 0x44,
    0xF4, 0x01, 0x97, 0xB4, 0x44, 0xF2, 0x72, 0x5C, 0xB0, 0xA0, 0x99, 0x94, 0x99, 0xD0, 0xCC, 0xDC,
    0x23, 0x63, 0xA2, 0x1A, 0x2E, 0x4E, 0xC1, 0xE2, 0x63, 0x4B, 0x78, 0x68, 0xCC, 0xE8, 0x7B, 0xA9,
    0xC3, 0xDF, 0x2B, 0x13, 0x1B, 0x1C, 0x79, 0xDB, 0x55, 0x87, 0x3B, 0xBD, 0xE1, 0x95, 0x1D, 0xDD,
    0x0A, 0xEA, 0x18, 0x98, 0xE5, 0xA8, 0x6A, 0x87, 0xEF, 0x13, 0xDC, 0xD6, 0xF0, 0xEE, 0xFC, 0xAE,
    0x55, 0xEC, 0x8A, 0xB7, 0xF7, 0x90, 0x9F, 0x17, 0xF8, 0x95, 0xFB, 0xBF, 0xC1, 0x7A, 0x18, 0xC3,
    0x95, 0xE8, 0xC4, 0x20, 0x4B, 0xB6, 0x27, 0x12, 0x3A, 0x49, 0xF0, 0x99, 0xE5, 0x9E, 0x7F, 0x27,
    0x91, 0x06, 0x40, 0xCB, 0x90, 0xCA, 0x94, 0xF7, 0xC4, 0xCD, 0xBB, 0x4D, 0x7A, 0xAC, 0x83, 0xD9,
    0xF3, 0x2D, 0xE4, 0x3F, 0xDF, 0x62, 0x11, 0xB5, 0x49, 0x88, 0xD5, 0x25, 0xC2, 0xAC, 0xF4, 0xDE,
    0xA7, 0x46, 0x53, 0xF2, 0x8D, 0x75, 0x02, 0x97, 0xFB, 0x55, 0x88, 0xF5, 0x13, 0x2A, 0xC5, 0x29,
    0xD1, 0x03, 0x02, 0x8B, 0x1A, 0x20, 0x69, 0x1D, 0xB4, 0x00, 0x91, 0xF4, 0x18, 0x94, 0x22, 0x29,
    0xF7, 0xA0, 0x14, 0x21, 0x04, 0xCE, 0x2A, 0xC5, 0xAB, 0x17, 0xAE, 0x14, 0x37, 0x31, 0x70, 0x9A,
    0x5A, 0x07, 0x8F, 0x29, 0xC5, 0x33, 0x3F, 0x79, 0x8A, 0xB5, 0xF1, 0x7C, 0x5C, 0xDB, 0x75, 0xCF,
    0x19, 0x1F, 0xDF, 0x9D, 0x3F, 0xD0, 0x48, 0x3F, 0x3F, 0xE1, 0x45, 0x11, 0x59, 0x29, 0x9C, 0xEC,
    0xCB, 0xD1, 0x3E, 0x42, 0x5C, 0x3B, 0x81, 0xEB, 0x25, 0xFA, 0xAD, 0x75, 0xBB, 0x8B, 0x3C, 0xF7,
    0xD5, 0x21, 0xF2, 0xDB, 0x9F, 0x8F, 0x91, 0xD7, 0x5E, 0x8D, 0xCE, 0x95, 0xFB, 0xC3, 0x39, 0xF8,
    0x56, 0x2E, 0xEC, 0x0B, 0x9B, 0x99, 0xD7, 0xA6, 0x98, 0x89, 0x19, 0x5A, 0xDD, 0x17, 0x96, 0xE6,
    0x81, 0xA7, 0x48, 0x4C, 0xB5, 0xBA, 0x2F, 0xFC, 0x04, 0xBD, 0xEE, 0x0B, 0x6F, 0xC4, 0xA2, 0xFB,
    0x42, 0x44, 0xB8, 0xB1, 0x0D, 0xA8, 0xC6, 0x10, 0xD0, 0x60, 0x1D, 0x12, 0x4F, 0x1E, 0x7C, 0x1A,
    0x29, 0x4D, 0xE8, 0x39, 0x67, 0x3A, 0x4F, 0xF0, 0x90, 0xEA, 0xDF, 0x2E, 0xC1, 0xC9, 0x4E, 0xF0,
    0x60, 0x5A, 0x26, 0xC2, 0x82, 0x13, 0x85, 0x81, 0x13, 0x82, 0xEF, 0x98, 0x01, 0x47, 0x70, 0x6B,
    0x1E, 0x80, 0x18, 0x52, 0x8A, 0x13, 0xC2, 0xC6, 0x00, 0x9C, 0xEC, 0x09, 0xAE, 0x21, 0x8C, 0x09,
    0x19, 0x27, 0x7A, 0xCE, 0x1F, 0xA8, 0x1D, 0xEA, 0x33, 0x07, 0xFD, 0xC8, 0x4B, 0xF2, 0xBB, 0xF2,
    0x60, 0x9A, 0x94, 0xDF, 0x67, 0x6A, 0xF4, 0xED, 0x83, 0xEA, 0x2B, 0x5A, 0x12, 0x4B, 0xE4, 0x52,
    0x7C, 0xF6, 0x03, 0xC7, 0x77, 0x03, 0x6F, 0x92, 0xC0, 0xE9, 0xBB, 0xB8, 0x74, 0x9F, 0x9D, 0x89,
    0x23, 0xD3, 0x1F, 0xBA, 0xEC, 0xC5, 0xF3, 0x6C, 0x34, 0x64, 0xA7, 0x3C, 0x31, 0x64, 0x37, 0x89,
    0x21, 0x9B, 0xA5, 0x86, 0xEC, 0xE6, 0x36, 0x43, 0xF6, 0x2A, 0xE1, 0xD9, 0x53, 0xE4, 0xD9, 0x2C,
    0xE1, 0xD9, 0x3C, 0xE1, 0xD9, 0x6D, 0xC2, 0xB3, 0x91, 0xAB, 0x6E, 0x37, 0x64, 0xA3, 0x32, 0x2B,
    0xFD, 0x8A, 0x67, 0xFF, 0x2C, 0x81, 0x2F, 0x4D, 0x6F, 0x35, 0x44, 0xAB, 0x5E, 0xE0, 0x6F, 0x20,
    0xE6, 0x25, 0xF8, 0xF9, 0x32, 0x71, 0x4E, 0xBB, 0xA8, 0x87, 0x38, 0xE6, 0x8B, 0x53, 0xFC, 0xD0,
    0x46, 0xB4, 0xA6, 0xB3, 0x1A, 0x36, 0xB6, 0x14, 0x3F, 0xA4, 0x8D, 0xC8, 0xEB, 0x32, 0x33, 0x8C,
    0xFD, 0x0D, 0xB5, 0xC1, 0x38, 0x4A, 0x6A, 0x7A, 0xFF, 0x04, 0xFF, 0x0B, 0xF8, 0xE1, 0x30, 0x61,
    0x6B, 0xBC, 0x23, 0xB0, 0xF0, 0xCE, 0xBD, 0x31, 0xF0, 0x4E, 0x96, 0xBD, 0x1C, 0x78, 0x47, 0x7D,
    0xB7, 0x60, 0xD1, 0xB6, 0x09, 0xE9, 0xB7, 0x31, 0x20, 0x01, 0x38, 0xF1, 0xF5, 0x3E, 0x31, 0xBC,
    0x76, 0x00, 0x56, 0x96, 0xEB, 0x2A, 0x36, 0x36, 0xAD, 0x25, 0x94, 0xDD, 0xDC, 0x7B, 0x14, 0x2D,
    0xD6, 0x8C, 0xB5, 0x8C, 0xDA, 0xAB, 0x1D, 0x87, 0x1E, 0x02, 0x9A, 0x8A, 0x69, 0x1B, 0x6D, 0x55,
    0x22, 0xFD, 0x60, 0xA9, 0x32, 0x7F, 0xB4, 0xC1, 0x4E, 0x2D, 0xA0, 0xB6, 0xD5, 0x4A, 0xCD, 0x1F,
    0xB0, 0x78, 0x54, 0x1B, 0x55, 0x64, 0xA5, 0x20, 0x6B, 0x91, 0x9B, 0x68, 0x9F, 0xBA, 0xD4, 0x3A,
    0x6D, 0x13, 0xDB, 0x34, 0x08, 0x1B, 0x92, 0x2A, 0xBB, 0xE4, 0xB0, 0xCB, 0xA7, 0xCE, 0x60, 0xED,
    0x23, 0x7D, 0xC1, 0x26, 0x4D, 0x7E, 0xEA, 0xD5, 0xCD, 0xCE, 0x48, 0xA9, 0x3F, 0xD1, 0xBB, 0x54,
    0xE6, 0xBC, 0x4A, 0x8B, 0xAE, 0x4D, 0xE8, 0x7C, 0x95, 0x3E, 0xB8, 0x36, 0xA9, 0x53, 0xEF, 0xB7,
    0x6A, 0x6D, 0xB0, 0xE7, 0xDA, 0x6D, 0xD8, 0x14, 0x51, 0x7A, 0xEA, 0x60, 0x97, 0x08, 0xAA, 0x08,
    0xE0, 0x1B, 0x41, 0x55, 0xB5, 0xC7, 0xCB, 0x34, 0xF8, 0xD0, 0xC1, 0x5C, 0x31, 0x79, 0x5C, 0x8F,
    0xF5, 0x60, 0x02, 0x39, 0xA7, 0x2F, 0x1D, 0x14, 0x55, 0xB4, 0x76, 0x88, 0x0D, 0xA0, 0x6A, 0xE3,
    0xE5, 0x20, 0x4A, 0x50, 0x45, 0x38, 0x91, 0x53, 0x29, 0x46, 0x55, 0xBF, 0xE0, 0x46, 0x50, 0xB5,
    0x21, 0xC9, 0x3C, 0x04, 0xD2, 0xAA, 0xE4, 0x41, 0x85, 0xB6, 0x36, 0x3E, 0x35, 0x10, 0x5C, 0x6A,
    0xDB, 0x94, 0xA9, 0x19, 0x91, 0xA7, 0x37, 0x6B, 0x13, 0xC7, 0xDD, 0xB0, 0x6F, 0xFA, 0xF3, 0x14,
    0x96, 0x12, 0x98, 0xD2, 0x97, 0xD9, 0xF1, 0x11, 0xD6, 0xF8, 0x20, 0xC1, 0x7F, 0xA5, 0x18, 0xE3,
    0xC8, 0xC4, 0x49, 0x11, 0x06, 0x4B, 0xDF, 0xF0, 0x35, 0x6E, 0x21, 0x48, 0x10, 0x6E, 0x1D, 0x9B,
    0xC9, 0x1C, 0xA0, 0x62, 0xC4, 0x19, 0x8F, 0xD0, 0xD5, 0x07, 0xA7, 0x8D, 0xF9, 0x95, 0x64, 0xFB,
    0xE7, 0x53, 0x30, 0xB9, 0x11, 0x3B, 0x03, 0xA6, 0x48, 0x05, 0x15, 0x66, 0x6E, 0x6F, 0x26, 0x3D,
    0x7B, 0x67, 0x3C, 0xBD, 0x8C, 0x58, 0x9B, 0xB1, 0x60, 0x9E, 0x9E, 0x98, 0xA6, 0xF0, 0x6D, 0x66,
    0x5B, 0x7A, 0xD4, 0x77, 0x75, 0x06, 0x3F, 0x7C, 0x44, 0x60, 0xF8, 0xE9, 0x1C, 0xC3, 0x6A, 0x62,
    0xF7, 0x7F, 0x97, 0x2D, 0x6F, 0x28, 0xCB, 0xC9, 0x81, 0x96, 0xC0, 0x33, 0x1F, 0x42, 0xA9, 0x7A,
    0xBF, 0x66, 0x93, 0x4A, 0xD5, 0xBB, 0x7B, 0xD3, 0xCF, 0xA6, 0xDE, 0x2B, 0xFF, 0xC8, 0x58, 0x8F,
    0x16, 0xB1, 0x0B, 0x66, 0x97, 0x9C, 0x86, 0x59, 0x30, 0x3A, 0x33, 0xFC, 0xC8, 0x41, 0xB7, 0x06,
    0xA2, 0x45, 0x54, 0x03, 0x3F, 0x9C, 0xAE, 0x11, 0xCC, 0x2E, 0x71, 0xC7, 0x85, 0x90, 0xC8, 0xDA,
    0x9E, 0x03, 0x1D, 0xB5, 0x6C, 0x2B, 0x28, 0x7E, 0xCA, 0x79, 0x4E, 0x4E, 0x2E, 0x13, 0x3C, 0xB8,
    0x04, 0xAE, 0xD3, 0x13, 0xE8, 0x04, 0x2E, 0x52, 0xBC, 0x7D, 0xEB, 0x59, 0xE8, 0x67, 0x8E, 0xF2,
    0x69, 0xCE, 0x52, 0xD8, 0xCC, 0x1F, 0xC0, 0x6A, 0xFE, 0x00, 0x75, 0x82, 0x9F, 0xE6, 0xBD, 0x6C,
    0x0E, 0xCE, 0x1B, 0xAF, 0x45, 0xF0, 0x43, 0x94, 0x34, 0x06, 0x17, 0xE3, 0x88, 0xB5, 0xA8, 0x7B,
    0x91, 0xF5, 0x73, 0x74, 0x2D, 0x9A, 0x39, 0xBA, 0x15, 0xA5, 0xE1, 0x87, 0x54, 0x41, 0x6E, 0xF8,
    0x29, 0x05, 0x87, 0xC0, 0x0F, 0x1F, 0xDA, 0x06, 0xFC, 0x9C, 0x12, 0xDA, 0xF8, 0xF7, 0xCF, 0x66,
    0xF6, 0xDF, 0x06, 0x67, 0x7F, 0x9D, 0x9D, 0x09, 0x21, 0x77, 0xAC, 0xAF, 0x2D, 0x86, 0xDC, 0xC1,
    0x67, 0xD3, 0x1C, 0x95, 0x1D, 0x5D, 0xF6, 0xBD, 0x22, 0x8C, 0x2C, 0xE2, 0xEA, 0x78, 0x65, 0xF1,
    0x52, 0x5A, 0xFE, 0xE9, 0x4A, 0x51, 0xC6, 0x88, 0xF2, 0x57, 0x26, 0xD0, 0x7D, 0x57, 0x78, 0x63,
    0xBA, 0x9A, 0xA4, 0xDC, 0xC7, 0xE6, 0xA0, 0x6D, 0x49, 0x7F, 0x7E, 0xDF, 0x4E, 0x39, 0x36, 0x9B,
    0x93, 0x0F, 0x81, 0x87, 0x8C, 0xAD, 0x84, 0xAB, 0x68, 0x37, 0x1E, 0x82, 0x41, 0x8F, 0x3C, 0x13,
    0xB3, 0x0E, 0xD8, 0xE4, 0xE3, 0x1B, 0x0D, 0xC9, 0x1F, 0x71, 0xA3, 0x52, 0x6A, 0x2F, 0x9C, 0x12,
    0x6C, 0xBF, 0xAB, 0x44, 0x03, 0xAE, 0x79, 0xE8, 0x53, 0xDF, 0xDC, 0x38, 0x26, 0xF2, 0xEB, 0xBB,
    0xD5, 0x31, 0x91, 0x99, 0x0B, 0x4B, 0xAA, 0x0C, 0x61, 0xF4, 0xBE, 0x17, 0xCC, 0x6D, 0xA2, 0x8C,
    0x36, 0xA8, 0x43, 0x3E, 0x3A, 0x6E, 0x7D, 0x3C, 0xD1, 0x70, 0xC3, 0xE5, 0x3D, 0x93, 0x5A, 0xB4,
    0xD4, 0x81, 0x8C, 0x94, 0x4E, 0xC5, 0x3C, 0xA9, 0x8F, 0x4B, 0x96, 0xD3, 0xC0, 0x20, 0x9F, 0xC2,
    0x5D, 0xB2, 0x7D, 0x28, 0xA1, 0x53, 0xCF, 0xE6, 0x0C, 0x59, 0x49, 0xC2, 0x9D, 0xA3, 0xDE, 0x09,
    0x7F, 0x92, 0xD7, 0x72, 0xC9, 0x21, 0x6E, 0x91, 0x60, 0xB4, 0xF5, 0x97, 0x7C, 0x38, 0x2E, 0x32,
    0xAC, 0xA7, 0xCF, 0x84, 0x89, 0x04, 0x3C, 0x92, 0x8A, 0xB8, 0x2C, 0xA7, 0x84, 0x4F, 0x2F, 0x57,
    0x41, 0xE4, 0xD5, 0x5D, 0x93, 0x46, 0xC0, 0x10, 0x47, 0xCE, 0xCE, 0x26, 0x1E, 0x24, 0xE7, 0x6D,
    0x8F, 0xE1, 0x33, 0x5C, 0xDB, 0x10, 0x9B, 0xB7, 0xA0, 0x90, 0x5C, 0x2F, 0x06, 0xB9, 0xE2, 0xC8,
    0xE2, 0x4E, 0x26, 0xC7, 0x15, 0x38, 0xEE, 0xCB, 0x8F, 0x1C, 0xCF, 0x25, 0x5B, 0x60, 0xE2, 0x43,
    0xD6, 0x9C, 0x0C, 0x81, 0x46, 0xF2, 0xD3, 0xBC, 0xFF, 0xF3, 0x3D, 0xFB, 0xC1, 0xFD, 0x09, 0x09,
    0x18, 0x38, 0x96, 0xD0, 0x23, 0x09, 0xB6, 0x75, 0xF7, 0x62, 0x54, 0xCB, 0x51, 0x04, 0xCE, 0x0B,
    0xC5, 0xE5, 0xB6, 0x23, 0x08, 0x3B, 0x7E, 0xD8, 0x5A, 0x28, 0xB0, 0x17, 0x63, 0x2B, 0xF7, 0x0F,
    0xF7, 0x92, 0x95, 0x21, 0x7E, 0x31, 0xF1, 0xAF, 0x5C, 0x77, 0x72, 0x6D, 0x27, 0xB9, 0xDE, 0xC3,
    0xD7, 0x83, 0x30, 0xF7, 0x1A, 0xA3, 0x57, 0x3F, 0xC5, 0xE9, 0xF5, 0xA5, 0xB5, 0x61, 0xAE, 0x47,
    0xFA, 0x76, 0x93, 0x52, 0xD3, 0xE9, 0xBC, 0x61, 0x95, 0x25, 0xA1, 0xC0, 0xCF, 0xEC, 0xB2, 0x3F,
    0x0A, 0x81, 0x40, 0xB2, 0xA6, 0xE6, 0x60, 0x58, 0x35, 0xDD, 0xF6, 0x14, 0x0C, 0x2B, 0xD7, 0xD5,
    0x3E, 0x84, 0x00, 0x9B, 0xA1, 0x25, 0x7F, 0x0F, 0x54, 0x54, 0x92, 0x43, 0xB6, 0x90, 0xCD, 0x21,
    0x0A, 0x70, 0x2C, 0xF9, 0xB5, 0xC1, 0x48, 0xEF, 0x3B, 0x89, 0xBF, 0x14, 0x93, 0xC9, 0x4D, 0xB5,
    0x16, 0xE4, 0x46, 0x0D, 0xAB, 0x4E, 0x3C, 0x13, 0xD0, 0x4F, 0xBD, 0x47, 0x02, 0x9A, 0x90, 0x4F,
    0x39, 0xC5, 0xB3, 0x65, 0x0E, 0x08, 0x6F, 0x4F, 0xE9, 0xF6, 0x4F, 0x69, 0x7A, 0x49, 0x12, 0x69,
    0x78, 0xF3, 0x51, 0xC4, 0x4E, 0xC0, 0x4C, 0xC0, 0x8A, 0x61, 0xE4, 0x32, 0x0B, 0x80, 0x32, 0xD5,
    0xA5, 0xF1, 0xD3, 0xA5, 0xB1, 0xD2, 0x25, 0xAF, 0xFE, 0x87, 0xF4, 0x45, 0x97, 0x66, 0x27, 0x5D,
    0x9A, 0xF4, 0xB9, 0x34, 0xC9, 0x73, 0x69, 0x52, 0xE7, 0xD2, 0x24, 0xCE, 0xA5, 0x49, 0x9B, 0x4B,
    0x91, 0x34, 0x00, 0x78, 0x75, 0x78, 0x0D, 0xAF, 0x4C, 0x00, 0xC4, 0x5A, 0x2E, 0x35, 0x8C, 0xB3,
    0xBB, 0xD4, 0x2D, 0x1F, 0x2F, 0x35, 0xD0, 0x73, 0x12, 0xA0, 0xDF, 0xF8, 0x6B, 0x7D, 0xAD, 0xF2,
    0x4B, 0xDB, 0xE9, 0x31, 0xB4, 0x1B, 0x34, 0x69, 0xA7, 0xEC, 0x62, 0xD4, 0xE6, 0xB7, 0x23, 0x65,
    0xC4, 0x0C, 0xA7, 0x98, 0xE0, 0xD4, 0x29, 0x5F, 0xC0, 0xEA, 0x05, 0x44, 0x46, 0x8E, 0xF2, 0x08,
    0x91, 0x9F, 0x72, 0x49, 0x35, 0x18, 0x9F, 0x54, 0x83, 0x71, 0x0A, 0x43, 0xC2, 0x2B, 0x04, 0x29,
    0xB7, 0x54, 0x81, 0x5F, 0xCA, 0xC0, 0x31, 0x91, 0x67, 0x8A, 0xD1, 0xB8, 0xA6, 0x18, 0x8D, 0x6F,
    0x18, 0x12, 0xCE, 0x61, 0x48, 0x78, 0x47, 0x0E, 0xF1, 0x99, 0x7B, 0x00, 0x81, 0x7F, 0xE0, 0xAE,
    0x6D, 0x2D, 0x9D, 0x81, 0x8F, 0xB0, 0x76, 0xD1, 0x0A, 0x0C, 0x09, 0x0D, 0x31, 0xA3, 0x01, 0x29,
    0x0D, 0x2F, 0x46, 0x26, 0xEC, 0x74, 0x9D, 0xC3, 0x5A, 0x26, 0xBC, 0x86, 0xF8, 0x42, 0x7F, 0xDA,
    0x3E, 0x49, 0x26, 0x1C, 0xE3, 0x41, 0x0E, 0x99, 0xA9, 0xF9, 0xEB, 0x24, 0x1F, 0x59, 0xC6, 0x8C,
    0xE2, 0x64, 0xC3, 0x86, 0xC4, 0x95, 0xF6, 0xD2, 0xA9, 0x0D, 0xEA, 0x34, 0x0A, 0xE3, 0x90, 0x83,
    0x75, 0x0F, 0x29, 0x10, 0xBC, 0x00, 0xF5, 0x35, 0xE4, 0xF1, 0xFD, 0x83, 0xDC, 0xDF, 0x4C, 0xB6,
    0xB8, 0xA1, 0x53, 0xFA, 0xDB, 0x34, 0xCA, 0x92, 0xB0, 0xBD, 0xCB, 0x56, 0x37, 0xD1, 0x7C, 0x89,
    0x21, 0xD3, 0x86, 0x3C, 0x6A, 0x67, 0xB1, 0x0A, 0x5A, 0xB6, 0xEF, 0x83, 0x2E, 0xC6, 0xD3, 0xA8,
    0x0C, 0x20, 0xB6, 0x87, 0xC9, 0x21, 0x61, 0x52, 0x22, 0x27, 0x3B, 0x83, 0x63, 0xF5, 0x12, 0x02,
    0xA4, 0xF4, 0x5D, 0xDF, 0x0D, 0xD1, 0x51, 0xEC, 0xA4, 0x53, 0xEE, 0x80, 0xC7, 0x64, 0xCE, 0x15,
    0x9F, 0x13, 0xE3, 0xD9, 0x20, 0x03, 0x7A, 0x39, 0x3E, 0x15, 0x19, 0x50, 0xEF, 0xD6, 0x51, 0xAD,
    0x4F, 0x7D, 0x53, 0x0C, 0xEB, 0x38, 0xBF, 0xE2, 0xED, 0x90, 0xFB, 0x2F, 0x85, 0x10, 0xC7, 0x5C,
    0xFB, 0x77, 0x63, 0x8C, 0xC3, 0xC5, 0x20, 0x47, 0x56, 0x9F, 0x32, 0x1F, 0x0E, 0x32, 0x49, 0x3E,
    0xB9, 0x70, 0x90, 0xB9, 0x9D, 0x78, 0x95, 0x8A, 0xC4, 0x2D, 0x02, 0x0E, 0x66, 0x25, 0xB3, 0x0D,
    0x18, 0xF2, 0x36, 0x40, 0xE5, 0x16, 0xC2, 0x77, 0x27, 0xA6, 0x01, 0x41, 0x22, 0x79, 0xF6, 0xC8,
    0xFD, 0x83, 0x25, 0xF8, 0x60, 0x73, 0x65, 0xEC, 0x33, 0xDB, 0x11, 0x84, 0xBA, 0xF3, 0x72, 0x13,
    0xFC, 0xF9, 0x78, 0x7E, 0x92, 0xC5, 0xC8, 0x4F, 0x3C, 0xB6, 0x30, 0x83, 0x66, 0x75, 0x86, 0xF1,
    0xA9, 0x6F, 0x9E, 0xF7, 0xAC, 0x9C, 0xAD, 0x99, 0x78, 0x56, 0x4E, 0xD8, 0x0C, 0x67, 0xE5, 0x9C,
    0xF2, 0x14, 0xCE, 0xCA, 0x59, 0xD5, 0x85, 0xB3, 0x72, 0x4E, 0x78, 0x08, 0x67, 0xE5, 0xBC, 0xC4,
    0x78, 0x56, 0x5E, 0x13, 0x81, 0xDB, 0x59, 0x39, 0x99, 0x31, 0x6C, 0xBB, 0xA8, 0x15, 0xA3, 0x87,
    0xB4, 0xC1, 0x88, 0x69, 0xB3, 0xE0, 0x63, 0xEC, 0xE2, 0x59, 0x79, 0x41, 0x1F, 0x18, 0xCE, 0xCA,
    0x37, 0x6F, 0x92, 0x43, 0x14, 0x83, 0x80, 0x38, 0x93, 0x0F, 0xF6, 0xCB, 0x29, 0x25, 0x9D, 0xBE,
    0x4F, 0x3D, 0xF6, 0xE7, 0x3D, 0x2B, 0x7F, 0xDA, 0x29, 0xA8, 0x92, 0x18, 0x3B, 0x4C, 0xE1, 0xAC,
    0xBC, 0xC1, 0xD9, 0x66, 0x40, 0xD5, 0x84, 0x1B, 0x45, 0xD5, 0x5C, 0xFE, 0x38, 0x90, 0x58, 0x76,
    0xE9, 0x3E, 0x8E, 0x81, 0xD6, 0x57, 0x7A, 0x3F, 0x06, 0xCF, 0xBE, 0x99, 0x9B, 0x31, 0xD8, 0xCC,
    0xF5, 0xB1, 0x1C, 0x83, 0xCD, 0x5C, 0x1D, 0x12, 0x12, 0x43, 0xE8, 0x44, 0xF9, 0x74, 0x87, 0x44,
    0x33, 0x41, 0x55, 0xBD, 0xEF, 0x23, 0x89, 0x95, 0x38, 0x15, 0xB4, 0xA0, 0x9A, 0x3F, 0x26, 0x24,
    0xD6, 0x74, 0x2F, 0x84, 0xC4, 0x12, 0xEC, 0xEC, 0x52, 0xB8, 0x7D, 0x8C, 0xA4, 0x2C, 0x0E, 0x20,
    0x67, 0x2A, 0x1C, 0x57, 0x57, 0x2C, 0xB5, 0xC8, 0x35, 0xD4, 0x83, 0x73, 0x96, 0x7E, 0xEA, 0xCC,
    0x4F, 0x59, 0x48, 0x27, 0x20, 0xDE, 0x6C, 0x2C, 0xF6, 0x41, 0xF2, 0x9B, 0xC5, 0xB7, 0x38, 0xF3,
    0x07, 0x9C, 0x59, 0x28, 0x7E, 0x00, 0x1B, 0x07, 0xF2, 0x6B, 0x8C, 0x01, 0x9B, 0x21, 0xF2, 0x5F,
    0xBF, 0xB3, 0xB3, 0x9D, 0x9F, 0xBF, 0xB9, 0x18, 0x15, 0x55, 0x6A, 0xFA, 0x31, 0x66, 0xCA, 0xF4,
    0xA0, 0xB7, 0x4E, 0x63, 0x89, 0xFD, 0xF1, 0x16, 0x02, 0x6A, 0x0F, 0xE7, 0xD3, 0xA8, 0x37, 0xE9,
    0x8B, 0xBE, 0xF0, 0x09, 0xE2, 0x6C, 0xF3, 0x3A, 0x41, 0x34, 0xBD, 0x31, 0x73, 0x50, 0x6E, 0xD4,
    0x1C, 0xA4, 0x9B, 0x97, 0xCD, 0x1C, 0xEC, 0x4A, 0x1C, 0x83, 0xA8, 0x39, 0x58, 0xEE, 0xB7, 0x73,
    0x30, 0x07, 0xCB, 0x03, 0xBC, 0x7C, 0x31, 0x07, 0xCB, 0xB1, 0xB7, 0xE3, 0xB2, 0x82, 0x18, 0x6D,
    0x09, 0x71, 0xB6, 0x89, 0x08, 0xC6, 0x12, 0xCF, 0x08, 0xA5, 0x6D, 0x57, 0x77, 0x8A, 0x45, 0x46,
    0x50, 0xDD, 0x99, 0x39, 0xB8, 0x93, 0x2C, 0x62, 0x70, 0x23, 0x63, 0x3A, 0x98, 0x83, 0xD5, 0x31,
    0x31, 0x07, 0x39, 0x8E, 0x72, 0x4A, 0x83, 0x6E, 0x53, 0x1A, 0x74, 0xDB, 0x27, 0x41, 0xB7, 0xA7,
    0x26, 0x41, 0xDF, 0xC8, 0x84, 0x5E, 0xE5, 0x42, 0x23, 0x31, 0xF7, 0x96, 0xBF, 0xE0, 0x3D, 0xFF,
    0x1A, 0x20, 0xBF, 0x19, 0x20, 0x3F, 0xFF, 0xF3, 0xEB, 0xB7, 0x1C, 0x2B, 0xA6, 0x71, 0xBE, 0xBE,
    0x5B, 0xBF, 0xBE, 0xBF, 0xC5, 0xBC, 0x69, 0xCF, 0x7A, 0xCB, 0x2E, 0xF1, 0x95, 0x5D, 0xE2, 0x29,
    0xBB, 0xC4, 0x4F, 0x76, 0x89, 0x97, 0xEC, 0x12, 0x1F, 0xD9, 0x45, 0xCD, 0xB2, 0x73, 0x51, 0xB1,
    0x84, 0x88, 0x71, 0x29, 0x9F, 0x1F, 0xD4, 0x8A, 0x5B, 0x6B, 0x95, 0x54, 0xA9, 0x98, 0x57, 0xDC,
    0xB9, 0x1B, 0x2A, 0xE5, 0x31, 0x8D, 0xF2, 0x6B, 0x99, 0x6F, 0x63, 0x50, 0x33, 0xEA, 0x93, 0x7E,
    0x88, 0xD2, 0xA0, 0x1D, 0x22, 0xD3, 0xFF, 0x1A, 0x3F, 0xCC, 0xB3, 0xEA, 0x12, 0x15, 0x1B, 0xE5,
    0x21, 0x09, 0xE8, 0x34, 0x38, 0x7D, 0x9C, 0x21, 0xB3, 0xA4, 0x48, 0x08, 0x2B, 0x15, 0x44, 0x6B,
    0x71, 0x0A, 0x61, 0xE0, 0xFD, 0x9F, 0xF4, 0x7B, 0x49, 0x8C, 0xDF, 0xF8, 0x89, 0x0C, 0xFA, 0xA3,
    0xA4, 0xC6, 0x57, 0x5C, 0x9E, 0x90, 0x6B, 0x72, 0x7C, 0xCB, 0xE9, 0x94, 0x12, 0x67, 0xA2, 0x9B,
    0x8E, 0x6F, 0x90, 0xDA, 0x57, 0x8C, 0x6E, 0x0A, 0x37, 0xD5, 0x58, 0xA3, 0xA4, 0x01, 0x2F, 0x23,
    0x6F, 0xA5, 0x3F, 0x96, 0x87, 0x5E, 0x32, 0xE6, 0x77, 0xE4, 0xEF, 0x97, 0x07, 0x14, 0xA8, 0xE0,
    0xA8, 0xB4, 0xFF, 0x9B, 0x03, 0x6C, 0x40, 0x18, 0x57, 0xF5, 0xFB, 0x07, 0xCD, 0xB8, 0xC2, 0x99,
    0x54, 0x9A, 0x8B, 0xB1, 0xBA, 0x71, 0xE9, 0x4D, 0x7A, 0x54, 0xBA, 0x2A, 0xEE, 0xA1, 0x0F, 0x4A,
    0x68, 0x6C, 0xBB, 0x17, 0x14, 0xFE, 0x76, 0x96, 0x77, 0x5B, 0x7F, 0x00, 0xCC, 0x09, 0x30, 0x04,
    0x33, 0x02, 0xC9, 0x2C, 0x6F, 0xE6, 0xAD, 0xC4, 0x23, 0x49, 0xF2, 0x88, 0xB9, 0x2F, 0xF5, 0x04,
    0x4B, 0x2B, 0x70, 0xBF, 0xAB, 0xFC, 0xD1, 0x01, 0xE6, 0xBC, 0x5B, 0x22, 0x18, 0xC0, 0x28, 0x29,
    0xC8, 0xF4, 0x35, 0x50, 0x13, 0x8B, 0xC0, 0xC8, 0x08, 0x9D, 0x05, 0x66, 0x7E, 0xED, 0xC7, 0x00,
    0x13, 0x95, 0xE8, 0xEB, 0x47, 0xAE, 0xA7, 0x13, 0x98, 0xF3, 0x0B, 0x8E, 0x0A, 0x93, 0x8E, 0x6B,
    0xE4, 0x35, 0xC0, 0x59, 0xD6, 0x1E, 0x91, 0x30, 0x0F, 0x94, 0x15, 0xF8, 0x7C, 0x3D, 0x5D, 0x6E,
    0xBF, 0x79, 0x30, 0x84, 0x65, 0xD5, 0xCF, 0x0E, 0x89, 0xF4, 0x4A, 0x30, 0xD1, 0x27, 0x70, 0x73,
    0xB8, 0x0D, 0x5B, 0x67, 0x55, 0x8C, 0x13, 0xAC, 0xB1, 0x75, 0xE2, 0x84, 0x17, 0x49, 0x1C, 0x1C,
    0x1C, 0x58, 0x71, 0x21, 0xCF, 0x60, 0x76, 0x8B, 0xA8, 0xC9, 0x11, 0x19, 0x85, 0xB3, 0xE8, 0x67,
    0xE7, 0x05, 0x61, 0xFD, 0x9B, 0x0F, 0x2A, 0x75, 0x16, 0x90, 0x16, 0x23, 0xE8, 0x72, 0xB4, 0x0C,
    0x2F, 0xD8, 0xFA, 0xCC, 0xCE, 0xE3, 0xA8, 0x06, 0xC8, 0x72, 0x99, 0xB3, 0x72, 0xC0, 0x04, 0xEC,
    0x05, 0x64, 0xE3, 0xF9, 0x24, 0x20, 0x21, 0xAA, 0x99, 0x04, 0xA4, 0xEF, 0x12, 0xA3, 0x12, 0x68,
    0x6A, 0x3B, 0xF1, 0x8E, 0x08, 0x4B, 0x9F, 0x17, 0xBE, 0xD5, 0x23, 0x19, 0x17, 0x70, 0xF4, 0xF4,
    0x4A, 0x16, 0x77, 0x8B, 0x2F, 0xF1, 0xB4, 0x4A, 0x14, 0xA9, 0xD0, 0xAB, 0x87, 0x58, 0x89, 0xD2,
    0x29, 0xD8, 0xEF, 0x9C, 0xF0, 0x22, 0xE3, 0x81, 0xB5, 0x9A, 0x56, 0xA2, 0x34, 0x43, 0x69, 0x95,
    0x28, 0xD5, 0x47, 0x38, 0x4D, 0x60, 0x3C, 0x90, 0xED, 0xB2, 0x53, 0x66, 0xCB, 0xEA, 0xC9, 0x8A,
    0x52, 0xD8, 0x39, 0x92, 0xD7, 0xA2, 0xFA, 0x67, 0x16, 0x3C, 0x54, 0x47, 0x05, 0xDD, 0xC0, 0xB1,
    0x3A, 0x65, 0xB1, 0x42, 0xAA, 0x62, 0x18, 0x0F, 0x2C, 0x8F, 0x66, 0xC3, 0x43, 0x3F, 0xCE, 0x86,
    0x87, 0x6D, 0x12, 0x47, 0xEF, 0xE7, 0x73, 0x91, 0xF3, 0x24, 0x58, 0xBE, 0x99, 0x95, 0x08, 0x7E,
    0x13, 0xA9, 0xC8, 0x80, 0x37, 0x38, 0x21, 0x82, 0xC9, 0xBF, 0x64, 0xE4, 0x11, 0x7A, 0x73, 0x58,
    0xDA, 0xB7, 0x47, 0xAB, 0x0E, 0xE5, 0x03, 0x6A, 0x81, 0x49, 0xF0, 0x14, 0x7E, 0x68, 0xF4, 0xA4,
    0xE9, 0xF3, 0xFC, 0x11, 0x2A, 0x76, 0x4E, 0x44, 0xE7, 0x27, 0x2D, 0xA3, 0xEA, 0xB3, 0xFA, 0xCD,
    0x43, 0xA6, 0x35, 0x71, 0x64, 0x18, 0xE4, 0xAF, 0xCB, 0xDA, 0xDD, 0xAE, 0xE6, 0x53, 0x0C, 0xAD,
    0x8F, 0xAB, 0x3B, 0xA9, 0xBF, 0x21, 0x21, 0x4E, 0x9F, 0xEE, 0x55, 0xE0, 0x70, 0x38, 0x6A, 0x56,
    0x92, 0x28, 0x8E, 0x5B, 0x3F, 0x2A, 0x4D, 0x90, 0xDC, 0xBA, 0xDE, 0x19, 0x51, 0xF8, 0x2C, 0x52,
    0x05, 0x92, 0xCE, 0x14, 0x1D, 0x84, 0xE6, 0x70, 0x4E, 0x50, 0xF8, 0x24, 0x93, 0x2F, 0x4D, 0x71,
    0xB9, 0xF0, 0xD3, 0x27, 0x29, 0x23, 0x3B, 0x2A, 0xD8, 0xEF, 0x4A, 0x31, 0x48, 0x18, 0x03, 0xA5,
    0x28, 0x57, 0x94, 0x91, 0x21, 0x4B, 0x48, 0xCA, 0xC8, 0xDE, 0xF5, 0xB1, 0x8C, 0xAC, 0x49, 0xCA,
    0xC8, 0xA4, 0x76, 0x2C, 0x01, 0x8B, 0x31, 0x80, 0xD5, 0xA8, 0xB5, 0x63, 0x20, 0x82, 0x03, 0xD4,
    0x39, 0x2F, 0x9C, 0xC0, 0x4A, 0x45, 0x06, 0x81, 0xB0, 0xA7, 0x70, 0x76, 0x0A, 0x25, 0xB0, 0x5D,
    0x9E, 0x50, 0x46, 0x16, 0x56, 0xDC, 0x3C, 0x7A, 0xB6, 0xBA, 0xE0, 0x41, 0x56, 0x3A, 0xC6, 0x43,
    0x04, 0x8B, 0xE9, 0x62, 0xD9, 0x5A, 0x64, 0x88, 0x75, 0xBF, 0x23, 0xB6, 0x04, 0x16, 0xBE, 0xEF,
    0x95, 0x6A, 0x0A, 0x0E, 0x80, 0xBA, 0xDA, 0x96, 0x4E, 0x70, 0x19, 0xD7, 0xBE, 0x14, 0x06, 0x8F,
    0xDB, 0x59, 0x60, 0x36, 0x2F, 0x91, 0x4A, 0x8C, 0xE5, 0x13, 0xBF, 0xA0, 0xF4, 0x08, 0xC2, 0x80,
    0x3C, 0xA5, 0x2A, 0x08, 0x4D, 0xD9, 0x64, 0x11, 0x9A, 0x19, 0xF2, 0x1E, 0xB1, 0xF3, 0xFD, 0xB7,
    0x91, 0x87, 0xB5, 0xD5, 0xCA, 0xA8, 0x7D, 0x92, 0x63, 0x15, 0x4B, 0x8D, 0xEE, 0x25, 0xD5, 0x90,
    0xA4, 0x33, 0xA7, 0xDB, 0x4C, 0xF9, 0x44, 0x40, 0xBC, 0xB4, 0x8E, 0xCB, 0x8C, 0xEB, 0xBB, 0x36,
    0xB5, 0x68, 0x82, 0x9A, 0xD6, 0x63, 0x62, 0xB9, 0xDB, 0x9E, 0xEC, 0x18, 0xA9, 0xDF, 0xFD, 0x09,
    0x6F, 0xEC, 0xC9, 0xE8, 0x85, 0x04, 0xDF, 0x20, 0xF5, 0x53, 0x8C, 0xB9, 0x3E, 0x10, 0xB1, 0x54,
    0x92, 0xB6, 0xD9, 0xAF, 0xE5, 0xFD, 0x64, 0xB5, 0xA4, 0x97, 0xA4, 0x1E, 0x8D, 0x60, 0xEA, 0xC1,
    0x91, 0x35, 0xB3, 0x55, 0x0C, 0x56, 0x7B, 0xE7, 0x59, 0xB1, 0x2B, 0x05, 0x11, 0xC7, 0xFC, 0x62,
    0x82, 0x0B, 0x44, 0xDF, 0x55, 0x1C, 0xF3, 0xE5, 0x0F, 0x27, 0xE1, 0x56, 0x87, 0x1C, 0x96, 0xCD,
    0xA4, 0xD5, 0xD6, 0x3B, 0xE6, 0x9B, 0x62, 0xAA, 0x0C, 0x97, 0x4E, 0xCE, 0x95, 0xF5, 0x11, 0xAA,
    0x89, 0x54, 0x8A, 0xD4, 0x5C, 0x2B, 0xF7, 0x0C, 0x31, 0xFD, 0x4B, 0xEB, 0x19, 0x03, 0x07, 0x09,
    0x79, 0x3E, 0x21, 0xC1, 0xF2, 0xB6, 0x9F, 0xAA, 0x3B, 0x1F, 0xCC, 0xC6, 0x4D, 0x40, 0xF4, 0xA1,
    0x4A, 0x68, 0x94, 0x6F, 0xDA, 0xF4, 0xC6, 0x70, 0x2E, 0xA9, 0xF9, 0xB3, 0xA9, 0x49, 0xB9, 0xE9,
    0x91, 0x72, 0x78, 0x30, 0x8F, 0x90, 0xFC, 0xB2, 0xF7, 0xE5, 0x86, 0xD5, 0x7B, 0x4B, 0x26, 0x4B,
    0xA5, 0xA6, 0x11, 0xD9, 0x08, 0x76, 0xB3, 0xE1, 0x32, 0x19, 0xBB, 0xC9, 0x27, 0x32, 0x9E, 0xE2,
    0x8D, 0xA3, 0x9B, 0xA3, 0xBE, 0x67, 0x6C, 0x08, 0x0B, 0x8B, 0x61, 0xBA, 0x62, 0xF6, 0x7F, 0x6D,
    0x6F, 0x04, 0x3B, 0x97, 0x0F, 0xF9, 0x78, 0x00, 0x78, 0xCE, 0xFD, 0x57, 0xDE, 0x45, 0xFE, 0x0F,
    0x48, 0xB6, 0xFD, 0xDB, 0x03, 0xDF, 0x88, 0xEC, 0xAE, 0x3E, 0x3E, 0xB4, 0xFB, 0xC4, 0x34, 0x8A,
    0xE9, 0x67, 0x99, 0x3C, 0xF5, 0xB3, 0x99, 0x46, 0xBD, 0x3A, 0xD2, 0x17, 0x20, 0x7B, 0xBB, 0x73,
    0x5C, 0xC4, 0xB1, 0x13, 0x59, 0xCE, 0x76, 0xEC, 0xA9, 0x09, 0x15, 0xCE, 0xDB, 0x93, 0x84, 0xDC,
    0x67, 0xCB, 0xA9, 0x72, 0xA7, 0x7C, 0x56, 0x7C, 0xB1, 0xA2, 0xE7, 0xD7, 0x89, 0x2D, 0xE9, 0x32,
    0x21, 0x1C, 0x31, 0x88, 0x38, 0x23, 0x25, 0xBB, 0x77, 0x54, 0x93, 0xE8, 0x1A, 0x86, 0xC4, 0x01,
    0x38, 0xFB, 0x1D, 0xF9, 0x1B, 0xDE, 0xC9, 0x11, 0x47, 0xC2, 0xA1, 0xEB, 0xFE, 0xDD, 0xAC, 0x77,
    0x6C, 0x67, 0xF0, 0x4E, 0x31, 0xDA, 0x5A, 0x3E, 0x0D, 0x92, 0x6F, 0xA0, 0x6F, 0x86, 0xC9, 0xEC,
    0xF8, 0xA0, 0x7D, 0x86, 0x11, 0xCF, 0x77, 0x9C, 0xBC, 0xCC, 0x98, 0x93, 0x3B, 0x7E, 0x6A, 0x46,
    0x1D, 0x02, 0x04, 0x8E, 0x19, 0x9E, 0x71, 0x57, 0x1F, 0x49, 0x2A, 0x38, 0xB3, 0x2B, 0x4B, 0xAF,
    0x21, 0x56, 0x75, 0xAC, 0x7D, 0x9A, 0xD1, 0x78, 0x2F, 0x09, 0xB7, 0x3E, 0xCE, 0xDF, 0xD1, 0x1E,
    0x48, 0x08, 0xF5, 0x3C, 0x98, 0x26, 0x24, 0x27, 0x9E, 0xA3, 0x8F, 0x12, 0x06, 0xC7, 0x02, 0x31,
    0xD9, 0xF3, 0x6C, 0x1A, 0x4D, 0x92, 0xC8, 0x47, 0x5E, 0xF2, 0x27, 0xAE, 0x60, 0x66, 0x19, 0x7C,
    0x88, 0xAA, 0xE7, 0x90, 0x2F, 0xB1, 0x82, 0x59, 0x9A, 0x31, 0x48, 0x05, 0xF3, 0x68, 0xAA, 0x27,
    0xDB, 0x9E, 0x55, 0x3D, 0xF9, 0x0B, 0x54, 0x3D, 0xE1, 0x44, 0xA7, 0x48, 0xB4, 0xED, 0x4D, 0xD5,
    0xF3, 0xD8, 0x4F, 0x79, 0x36, 0xD9, 0x35, 0xF1, 0x2A, 0x97, 0xB3, 0x67, 0xD9, 0xE7, 0xC1, 0xAB,
    0xF3, 0x75, 0xCC, 0xC3, 0x19, 0x86, 0x11, 0x11, 0x92, 0x80, 0x11, 0xEB, 0x7B, 0xFD, 0x48, 0x51,
    0x71, 0xF2, 0x3C, 0x53, 0x70, 0xB6, 0xBE, 0x76, 0x0A, 0xAE, 0xD6, 0x17, 0x5C, 0x66, 0xCE, 0xC2,
    0xA5, 0xB6, 0xBA, 0x60, 0xC6, 0xA8, 0x82, 0xAB, 0x70, 0x32, 0xAC, 0xF3, 0x3B, 0x14, 0xEB, 0x9C,
    0xAF, 0x3F, 0xA9, 0xF5, 0x5B, 0x1F, 0x37, 0x6A, 0xF5, 0x5D, 0x48, 0xB1, 0x02, 0xD8, 0xC0, 0xEF,
    0x36, 0x6A, 0xF5, 0xD1, 0xD7, 0xE6, 0x6A, 0xF5, 0xB1, 0xB9, 0x35, 0x09, 0xD6, 0x39, 0x03, 0x4C,
    0x52, 0x50, 0x98, 0x2D, 0xAA, 0x31, 0xA4, 0x69, 0xDB, 0xA1, 0x4A, 0x91, 0xD4, 0x65, 0xF7, 0x3E,
    0x1E, 0xAB, 0x30, 0xA5, 0x7E, 0xBA, 0x4E, 0x08, 0xD0, 0x62, 0x0A, 0x17, 0x9F, 0xA6, 0x13, 0x02,
    0x69, 0xAE, 0xD0, 0x09, 0xA1, 0x48, 0x3A, 0x21, 0x90, 0xD6, 0xD2, 0x4E, 0x08, 0xB0, 0xFA, 0xB4,
    0x13, 0x02, 0x24, 0xE9, 0xC9, 0x6A, 0x34, 0x4F, 0xA1, 0x13, 0x82, 0x58, 0x7D, 0xD2, 0x09, 0x01,
    0x62, 0xF4, 0xD9, 0x3B, 0x21, 0xBC, 0x30, 0xD6, 0xFB, 0x04, 0xCD, 0x03, 0x6E, 0x5A, 0x7D, 0x79,
    0xC2, 0x7A, 0xC7, 0xC0, 0x7A, 0x45, 0x64, 0xBD, 0x32, 0xB2, 0x5E, 0x1D, 0x59, 0x8F, 0x99, 0xE4,
    0x89, 0x56, 0xDF, 0xF9, 0xE6, 0x01, 0x49, 0x61, 0xE6, 0x66, 0x52, 0x7D, 0xD1, 0x1F, 0x37, 0xEA,
    0x02, 0x91, 0x30, 0xDD, 0x88, 0x0B, 0xB4, 0xD4, 0xDE, 0xFF, 0xD0, 0x8A, 0xF1, 0x87, 0x72, 0x52,
    0x17, 0xA8, 0x95, 0x24, 0x1D, 0xB8, 0x82, 0x92, 0xA3, 0xC3, 0x78, 0xB8, 0x16, 0x47, 0x43, 0x4C,
    0x19, 0x58, 0xDE, 0xA0, 0x83, 0x2E, 0xCB, 0xD5, 0x05, 0x22, 0x37, 0x78, 0x63, 0x3B, 0xEF, 0xF7,
    0x06, 0x16, 0x06, 0xD2, 0x62, 0xEF, 0x0F, 0xC6, 0x0C, 0x59, 0xB6, 0x33, 0x66, 0xD0, 0x34, 0x29,
    0x35, 0xFE, 0x36, 0x73, 0xB0, 0xFD, 0x36, 0xC1, 0x05, 0xCA, 0x36, 0xC1, 0x05, 0x4A, 0x53, 0xAA,
    0x9E, 0x07, 0x7C, 0xD6, 0xD8, 0xDF, 0x99, 0xC4, 0x9A, 0xFB, 0xEF, 0x05, 0xBE, 0x28, 0xBC, 0x1D,
    0x64, 0x2C, 0x52, 0xB4, 0xAD, 0xE8, 0xA8, 0x0E, 0x75, 0xB0, 0xEB, 0x2A, 0xD0, 0x34, 0x10, 0xD2,
    0x55, 0x83, 0xA1, 0xA1, 0x66, 0x9F, 0xCA, 0xB0, 0xB3, 0x7F, 0x69, 0x97, 0x19, 0x5F, 0x8C, 0x22,
    0xD4, 0xC0, 0x17, 0x93, 0xC1, 0x62, 0xCB, 0x99, 0x67, 0xC8, 0x96, 0x5C, 0xC0, 0x0B, 0x21, 0xCC,
    0xA4, 0x44, 0x56, 0x3D, 0x42, 0x82, 0x74, 0xB4, 0xE1, 0x22, 0x2F, 0x2C, 0x59, 0x6A, 0xBF, 0x9D,
    0xCD, 0x87, 0xFD, 0x9A, 0x60, 0x44, 0x4C, 0x25, 0x80, 0x9C, 0x19, 0xD4, 0x2E, 0x12, 0x58, 0x61,
    0x56, 0x39, 0x09, 0x39, 0xEC, 0xEA, 0x43, 0x2B, 0xD8, 0xB8, 0x26, 0xA2, 0x6C, 0x05, 0x19, 0xD7,
    0x50, 0xF5, 0xC0, 0x45, 0xAB, 0x20, 0x07, 0x09, 0x76, 0xFA, 0x82, 0x62, 0xFA, 0x0C, 0x61, 0x25,
    0x04, 0x09, 0xDA, 0xA1, 0x55, 0xD9, 0x58, 0x6A, 0xE8, 0x80, 0xCF, 0x6C, 0x67, 0x01, 0xF9, 0xA0,
    0xB5, 0x13, 0x90, 0x90, 0xC0, 0x11, 0x01, 0xC1, 0x41, 0xEE, 0x91, 0x47, 0x0E, 0x14, 0x6C, 0x51,
    0xA6, 0x21, 0x94, 0xE1, 0xF8, 0x73, 0x85, 0x32, 0xB6, 0x73, 0x1B, 0x28, 0x23, 0x1A, 0x08, 0x69,
    0x65, 0x64, 0xE9, 0xCF, 0xC6, 0x86, 0xFD, 0x79, 0xCA, 0x48, 0x08, 0x23, 0xA1, 0x8B, 0x43, 0x9A,
    0x47, 0xB6, 0x02, 0x7B, 0xEE, 0x0C, 0x90, 0xAB, 0xF9, 0x49, 0x60, 0x73, 0xD4, 0x56, 0x3E, 0x43,
    0xEE, 0x2D, 0x48, 0x30, 0xD4, 0x5E, 0x39, 0xA4, 0x1A, 0xFA, 0x77, 0x55, 0x3C, 0x54, 0xDF, 0xF7,
    0xE6, 0x22, 0x55, 0x6F, 0x1F, 0xB7, 0xEA, 0x21, 0x91, 0xBD, 0x5B, 0x6A, 0x54, 0xA9, 0x5A, 0x10,
    0xDC, 0x67, 0x3C, 0xB0, 0xC8, 0x53, 0x63, 0x53, 0x8F, 0x3F, 0x80, 0x87, 0x9D, 0x9C, 0x78, 0x08,
    0x87, 0x94, 0x31, 0xA0, 0x94, 0xF4, 0xE3, 0xD8, 0x9E, 0x37, 0x79, 0x62, 0x30, 0x38, 0x3F, 0x3E,
    0x86, 0x07, 0x22, 0x29, 0xAB, 0x92, 0xCA, 0xFC, 0xA8, 0x25, 0x52, 0x4B, 0xEE, 0x5F, 0x2F, 0x3E,
    0x7A, 0x80, 0xC5, 0x17, 0x47, 0x35, 0x1F, 0xF0, 0xA1, 0x42, 0xF8, 0xFD, 0x8E, 0xF7, 0x53, 0x4F,
    0xAE, 0xB2, 0xA5, 0x07, 0x98, 0xA3, 0xF3, 0xD0, 0xCF, 0x94, 0x33, 0xB2, 0x5E, 0x4E, 0x4F, 0x59,
    0x62, 0xFA, 0xCE, 0x16, 0xDF, 0x4E, 0x59, 0x00, 0x87, 0xCC, 0x3C, 0x45, 0x67, 0x16, 0x4A, 0x35,
    0x36, 0x92, 0x67, 0x00, 0x89, 0x29, 0xEE, 0x23, 0xE8, 0xA1, 0x5E, 0xA4, 0xF3, 0xCA, 0x89, 0xCD,
    0xC1, 0x57, 0x47, 0xC3, 0x43, 0xF3, 0xC1, 0x18, 0x82, 0x25, 0x1F, 0x27, 0xD5, 0x67, 0x11, 0x6C,
    0x93, 0x74, 0xDF, 0x08, 0x56, 0x89, 0x15, 0xF8, 0xFA, 0x53, 0xE9, 0xC1, 0xD4, 0x67, 0xC0, 0x43,
    0x00, 0xD9, 0x7C, 0xC8, 0xEC, 0x90, 0xD8, 0x40, 0xC6, 0x43, 0xFF, 0x40, 0xD7, 0x46, 0x68, 0x5A,
    0x0C, 0x0F, 0x24, 0x7E, 0xBF, 0x3F, 0x9A, 0xE7, 0x81, 0x47, 0x17, 0x73, 0x3A, 0x57, 0x2F, 0x91,
    0x59, 0xA9, 0x57, 0x3C, 0xB4, 0xD2, 0x86, 0x09, 0xE6, 0x43, 0x07, 0xB7, 0x9D, 0xF1, 0xD0, 0x58,
    0x07, 0x9A, 0x93, 0x9E, 0x5B, 0x03, 0x0F, 0xBA, 0x43, 0xC0, 0xC3, 0x1F, 0x3D, 0xDD, 0xEE, 0x3D,
    0x0F, 0x66, 0x79, 0x22, 0x37, 0x72, 0x3D, 0xEB, 0xE3, 0xD2, 0x47, 0x96, 0x78, 0x80, 0xD9, 0x01,
    0xF1, 0x47, 0x90, 0x07, 0x9B, 0xE4, 0x5F, 0x54, 0xBC, 0x90, 0x95, 0xE8, 0x7E, 0x24, 0x21, 0x2E,
    0x64, 0xF1, 0xFD, 0xE3, 0x51, 0x30, 0x43, 0xCA, 0xAC, 0x58, 0xB4, 0x02, 0x8E, 0xE4, 0x53, 0xE5,
    0x95, 0x57, 0x5A, 0x92, 0x34, 0x0F, 0x8F, 0xDA, 0xF8, 0x8A, 0xF4, 0x51, 0xA5, 0x11, 0xEC, 0x3B,
    0xDB, 0x0F, 0x13, 0x93, 0x4A, 0xCA, 0x07, 0x15, 0xEE, 0xCC, 0xAA, 0xE5, 0x35, 0x9A, 0x6E, 0x65,
    0xD3, 0x20, 0x3F, 0x5A, 0x1C, 0x76, 0x0F, 0x58, 0x64, 0xC7, 0x4E, 0x0A, 0xE3, 0xB5, 0xCA, 0x07,
    0x05, 0xF3, 0x4A, 0x11, 0x9A, 0xE8, 0xFB, 0x18, 0x2F, 0x3C, 0x2F, 0xFC, 0x1C, 0xB9, 0xF3, 0x73,
    0xDA, 0x72, 0x41, 0x7B, 0xDF, 0x6C, 0xE0, 0x61, 0x80, 0x7C, 0xFA, 0x71, 0x13, 0x94, 0x4C, 0x56,
    0x72, 0xBC, 0x2E, 0x84, 0xAB, 0xFD, 0x66, 0xBA, 0x1F, 0x7B, 0xE0, 0x6C, 0xA6, 0x7C, 0x09, 0x5D,
    0x70, 0x36, 0x53, 0x94, 0xAA, 0xC3, 0x06, 0x2D, 0x23, 0x60, 0x8D, 0xE1, 0xCF, 0xC8, 0xF1, 0x28,
    0xB8, 0x17, 0x8E, 0xDD, 0x10, 0x5B, 0x3D, 0xE2, 0x1B, 0xD7, 0x89, 0x80, 0xE1, 0xE4, 0x66, 0x3E,
    0xD1, 0x60, 0x74, 0x5D, 0x78, 0xFA, 0xB4, 0xE6, 0xA4, 0xF8, 0xDA, 0xFA, 0xAF, 0x4F, 0x4D, 0x08,
    0x5C, 0x37, 0xBF, 0x98, 0x92, 0x50, 0xFF, 0xE9, 0x85, 0xF4, 0x3E, 0xE8, 0x23, 0xC2, 0x04, 0x53,
    0x53, 0x76, 0x9D, 0x94, 0xB6, 0xAD, 0x7F, 0x73, 0x4C, 0xFC, 0x1A, 0x9D, 0xCB, 0xAE, 0x11, 0xAE,
    0xE6, 0x46, 0x04, 0x3B, 0x38, 0xAA, 0xF8, 0xDD, 0x24, 0xB0, 0xC3, 0x5F, 0xF1, 0x1F, 0x2B, 0xCF,
    0x16, 0x75, 0x8D, 0xF0, 0x60, 0x39, 0x67, 0xE9, 0x80, 0x3C, 0xB4, 0x03, 0xF4, 0x26, 0xB7, 0xEE,
    0x58, 0x58, 0x80, 0x72, 0x90, 0x00, 0x19, 0x7E, 0x07, 0xE4, 0xF7, 0x1D, 0x90, 0xDD, 0xC7, 0x5C,
    0x20, 0x0D, 0x6E, 0x36, 0xA2, 0x49, 0xC5, 0x59, 0x7F, 0xE9, 0xC1, 0xB3, 0x55, 0x62, 0xDD, 0x9E,
    0xB5, 0xCB, 0x06, 0xC5, 0xEF, 0x67, 0x9B, 0xCE, 0x0C, 0xED, 0x1E, 0x52, 0x48, 0x0C, 0x8A, 0x6B,
    0x76, 0x80, 0xD5, 0xA0, 0x58, 0xD0, 0x75, 0x48, 0x0C, 0xED, 0x7E, 0x73, 0x3A, 0x99, 0xA1, 0xED,
    0xFC, 0x74, 0x6D, 0x86, 0x76, 0x83, 0x9E, 0x01, 0x62, 0x6C, 0xE6, 0x8B, 0x05, 0xDC, 0x2D, 0x63,
    0x09, 0xCA, 0x54, 0x33, 0x78, 0xC0, 0x11, 0x8B, 0x65, 0x3A, 0x9C, 0x80, 0xBF, 0x60, 0x68, 0x37,
    0x87, 0x68, 0x68, 0x93, 0xA9, 0x1B, 0xEA, 0x47, 0xF3, 0xD4, 0xD0, 0x76, 0x89, 0xA1, 0x8D, 0x53,
    0xB2, 0x67, 0xEB, 0xF6, 0xD4, 0x1E, 0x43, 0x8C, 0xBD, 0xF7, 0x21, 0xC6, 0x9E, 0x6B, 0xDB, 0x26,
    0xA6, 0xF6, 0x66, 0x1F, 0xBA, 0x3D, 0x55, 0x63, 0xEC, 0xF6, 0x34, 0x86, 0x6E, 0x4F, 0xC5, 0x18,
    0x02, 0xEB, 0x4D, 0x88, 0xB1, 0xE7, 0x48, 0xD5, 0x96, 0xB5, 0x6B, 0xA6, 0x36, 0xAB, 0xCF, 0x03,
    0x12, 0xB5, 0x79, 0xE5, 0xCD, 0xC0, 0xF9, 0xF0, 0x22, 0x2E, 0x3B, 0x98, 0xB3, 0xBC, 0x6E, 0x2E,
    0xE4, 0x51, 0x03, 0x93, 0x53, 0x65, 0x75, 0xD5, 0xE5, 0x29, 0xD4, 0xB5, 0x5B, 0x8A, 0xB6, 0x92,
    0xDF, 0x1C, 0x8F, 0xF5, 0x56, 0x9E, 0x69, 0x7F, 0xE3, 0xC4, 0xB3, 0xB5, 0x93, 0xCE, 0x6B, 0xAD,
    0xDE, 0xBB, 0xD6, 0x78, 0xD7, 0xB5, 0x3A, 0x59, 0xD7, 0xEA, 0xBB, 0x82, 0x98, 0x9D, 0x92, 0xB3,
    0x53, 0x82, 0x76, 0x4A, 0xD2, 0x72, 0x25, 0xC7, 0x4A, 0xC9, 0xBA, 0xE9, 0xE4, 0x5E, 0x3E, 0xC7,
    0xE9, 0xE7, 0x5D, 0xCB, 0x75, 0x83, 0xD6, 0x45, 0x20, 0x70, 0xB4, 0x3F, 0x74, 0x68, 0xE9, 0xE8,
    0xD8, 0xC3, 0xE1, 0x02, 0x59, 0x2F, 0xC7, 0xCC, 0x39, 0x9A, 0xC4, 0xAC, 0xF3, 0xEE, 0x9D, 0x8A,
    0xFB, 0xFF, 0x62, 0x9B, 0xA8, 0x1B, 0xA8, 0x9B, 0x37, 0x85, 0xFA, 0xD2, 0x9B, 0x97, 0xFB, 0x07,
    0x61, 0x47, 0xF1, 0xD8, 0x90, 0xDE, 0x23, 0xAC, 0xA8, 0xFC, 0x87, 0xA7, 0xEE, 0xD2, 0x3B, 0xA7,
    0x2F, 0x91, 0x8B, 0xBC, 0xAF, 0xA0, 0x4D, 0x7B, 0xBD, 0x65, 0xB9, 0xBD, 0x1D, 0xDD, 0x0E, 0x87,
    0x94, 0x0D, 0x7F, 0x2B, 0x37, 0xFF, 0x79, 0xC4, 0x97, 0x0D, 0x77, 0x5E, 0x61, 0x23, 0x46, 0x36,
    0x1F, 0x97, 0x39, 0xBB, 0xCF, 0x1D, 0x58, 0x18, 0xC7, 0x93, 0x1C, 0x65, 0xD0, 0xE5, 0x62, 0xD9,
    0xD5, 0x53, 0x2A, 0x60, 0xF2, 0xE9, 0xD9, 0x2A, 0x4D, 0xE6, 0x84, 0x37, 0xD7, 0x70, 0xBF, 0x0B,
    0x30, 0x13, 0x67, 0x4F, 0x8E, 0xA0, 0x52, 0x27, 0x69, 0x70, 0xA7, 0xDD, 0xFE, 0x58, 0x85, 0x7B,
    0x33, 0xEF, 0x48, 0x33, 0xCF, 0xD5, 0x6C, 0x4A, 0xBC, 0x1C, 0x0B, 0x3B, 0x7D, 0x0D, 0x84, 0x4B,
    0x42, 0x98, 0x55, 0xA9, 0xD2, 0x28, 0x4A, 0x44, 0x8D, 0x48, 0xC7, 0x68, 0xEF, 0x57, 0xE2, 0x64,
    0x82, 0x4C, 0xB1, 0x63, 0xE6, 0x08, 0x7D, 0x2D, 0xB3, 0x82, 0xD7, 0x4F, 0x56, 0x1D, 0x90, 0xC0,
    0xD5, 0x3A, 0x4C, 0x6B, 0x55, 0x27, 0xA7, 0x10, 0x8B, 0x25, 0x73, 0xE7, 0x35, 0xF3, 0x96, 0xE7,
    0xE8, 0x2E, 0x13, 0x1B, 0x4B, 0xE1, 0xA3, 0x9E, 0x4A, 0x7A, 0x3B, 0x29, 0xE2, 0x5A, 0x13, 0x3D,
    0x29, 0x62, 0xB8, 0x1E, 0xCC, 0x00, 0x1C, 0xB5, 0x17, 0x28, 0x9F, 0x4F, 0x9F, 0x14, 0x26, 0x5C,
    0xCD, 0x6C, 0x24, 0x2B, 0xAE, 0x46, 0x17, 0xE0, 0x57, 0x76, 0x17, 0x0A, 0x8B, 0x29, 0x22, 0x70,
    0x95, 0xC0, 0x92, 0x48, 0x14, 0xA2, 0xDC, 0x0A, 0x9B, 0x72, 0x0F, 0x11, 0x6E, 0x2B, 0x63, 0x58,
    0x1E, 0x8F, 0x3E, 0x3F, 0x2F, 0xFC, 0xCC, 0xC7, 0x88, 0xAB, 0x86, 0x76, 0x9D, 0x91, 0x11, 0x17,
    0x92, 0xCD, 0x21, 0x40, 0xBD, 0x0B, 0x0D, 0xED, 0xFA, 0x43, 0x54, 0xE6, 0x73, 0x6C, 0x68, 0xE7,
    0x63, 0x43, 0xBB, 0xC6, 0x8E, 0xCF, 0x26, 0xF3, 0xB7, 0xA1, 0xC4, 0x95, 0x7C, 0xB4, 0xA1, 0x9D,
    0x28, 0xF0, 0x83, 0x11, 0xCF, 0x45, 0xBF, 0x18, 0xED, 0x68, 0x43, 0x3B, 0x55, 0xDD, 0xC7, 0x40,
    0x39, 0x79, 0x52, 0x82, 0xD3, 0x3E, 0xEB, 0x31, 0xE2, 0x27, 0x6E, 0x32, 0x0B, 0x0C, 0x68, 0x93,
    0xD9, 0xE2, 0xD3, 0x34, 0x99, 0x95, 0x3E, 0x15, 0x91, 0x38, 0x5C, 0x20, 0x0E, 0x6B, 0x32, 0xCB,
    0xA8, 0xB0, 0x26, 0xB3, 0x10, 0xF7, 0xDA, 0x64, 0x16, 0x81, 0x15, 0x6D, 0x32, 0x0B, 0x6C, 0x5C,
    0x7F, 0x6A, 0xE2, 0xF8, 0x24, 0x6D, 0x5F, 0x19, 0x13, 0x72, 0x56, 0x58, 0x3C, 0x7F, 0xDB, 0x57,
    0x49, 0xFE, 0xD9, 0x19, 0x63, 0xE0, 0xAF, 0x60, 0x8B, 0xDE, 0x98, 0x82, 0xD3, 0x98, 0x11, 0x56,
    0x47, 0xDB, 0x57, 0x84, 0xD4, 0xBD, 0x1D, 0x45, 0x48, 0xDB, 0x57, 0xAC, 0xF7, 0xC5, 0xB5, 0x7D,
    0xFD, 0xD7, 0x40, 0xE3, 0x2F, 0xAF, 0xE5, 0xEA, 0xBF, 0xDC, 0xE0, 0xE5, 0x53, 0xF2, 0xFD, 0x9E,
    0xAD, 0xF3, 0xE9, 0x27, 0x6E, 0x40, 0x2A, 0x2E, 0x58, 0x90, 0xD7, 0x9F, 0xA4, 0x01, 0x29, 0xE4,
    0x75, 0x16, 0xE5, 0x75, 0xF6, 0x64, 0x79, 0xED, 0x9F, 0x26, 0xAF, 0x9F, 0xBB, 0x01, 0x29, 0xF9,
    0x29, 0x8D, 0x51, 0x4C, 0xE9, 0x97, 0x00, 0x13, 0xF0, 0x8E, 0x91, 0x8F, 0xEB, 0x60, 0xDC, 0xA3,
    0x01, 0x6C, 0x2B, 0xB9, 0x99, 0xFD, 0x23, 0xE5, 0x0A, 0x9C, 0x73, 0xA1, 0x86, 0x3D, 0x7B, 0x05,
    0xA6, 0xBF, 0xD4, 0xB0, 0xDF, 0x21, 0xCA, 0x7F, 0xF3, 0x7F, 0xF2, 0xF9, 0x1C, 0x1F, 0x69, 0xD2,
    0x77, 0x74, 0x64, 0xB0, 0xD7, 0xDC, 0xE1, 0x6C, 0xA1, 0xCF, 0x29, 0xB9, 0xE5, 0xE1, 0xC0, 0x2E,
    0x52, 0xD3, 0xA1, 0xB3, 0x0D, 0xCA, 0x5D, 0x1A, 0x74, 0xF9, 0xB9, 0xD8, 0x65, 0xF8, 0x77, 0x3D,
    0x60, 0x6B, 0x17, 0x7D, 0x8D, 0x1C, 0x69, 0x36, 0xDF, 0xB0, 0xF0, 0x4C, 0x33, 0x35, 0xAF, 0x1A,
    0x55, 0xE4, 0xBE, 0x79, 0x35, 0x6C, 0x6A, 0xFB, 0x66, 0x97, 0x94, 0x0F, 0x75, 0x09, 0x05, 0xA4,
    0xB9, 0x89, 0xDD, 0x2D, 0xAD, 0x50, 0xBA, 0xF3, 0x65, 0xDC, 0xF5, 0x0E, 0x1E, 0xDD, 0x1B, 0xD9,
    0x4B, 0xBC, 0x0A, 0x4E, 0xFC, 0x3D, 0x21, 0xB1, 0xAF, 0xE3, 0x46, 0xB7, 0x44, 0x08, 0x5C, 0xBE,
    0xCD, 0x68, 0x3A, 0xD1, 0xEE, 0xD7, 0x1D, 0xB0, 0xE4, 0xFD, 0xA3, 0xB9, 0x86, 0x29, 0xDE, 0x3B,
    0xBF, 0x67, 0x90, 0x71, 0x44, 0x4E, 0xC3, 0x8C, 0x17, 0x70, 0x75, 0xCA, 0x86, 0x41, 0x29, 0xFD,
    0x2A, 0x58, 0x8C, 0xD7, 0x78, 0xAC, 0x7A, 0xE4, 0xF4, 0x59, 0xD6, 0x6F, 0x17, 0x7E, 0xA8, 0x3B,
    0x54, 0x4D, 0x70, 0x4F, 0x29, 0x06, 0x2F, 0xE4, 0x39, 0x6A, 0x7D, 0x4C, 0x2E, 0xD4, 0x56, 0xB0,
    0x5F, 0x02, 0xC8, 0x45, 0xDA, 0xB6, 0x8E, 0x6A, 0x0A, 0xE0, 0x66, 0x09, 0x60, 0xE6, 0xFE, 0xA2,
    0x8B, 0x41, 0xCF, 0x2E, 0x29, 0xC4, 0x3A, 0x97, 0xB1, 0xB9, 0x42, 0xCA, 0x19, 0xE1, 0x3E, 0x8B,
    0xB7, 0xDB, 0x72, 0xF6, 0x2A, 0xA3, 0x86, 0x73, 0x85, 0xFC, 0xDC, 0xA0, 0xC2, 0xDD, 0x8F, 0x7E,
    0x62, 0xC4, 0xB8, 0x81, 0x13, 0x92, 0x80, 0x17, 0xD4, 0x77, 0x32, 0x5A, 0x96, 0xEB, 0x1D, 0x39,
    0x17, 0xBD, 0xF8, 0xD8, 0x15, 0x02, 0xBC, 0x77, 0xC8, 0x0D, 0x26, 0x83, 0x82, 0x71, 0xF2, 0xFB,
    0x05, 0x37, 0x9F, 0x12, 0x94, 0x30, 0x67, 0x01, 0x23, 0x80, 0x70, 0xB2, 0x85, 0x33, 0x6A, 0xC6,
    0x07, 0x27, 0xE0, 0xCC, 0x21, 0x0B, 0x6E, 0x0E, 0x7B, 0x3D, 0x07, 0x11, 0xA0, 0x7F, 0xFD, 0x4E,
    0x6A, 0xD4, 0x7E, 0x1A, 0x28, 0x8B, 0x5C, 0x33, 0x06, 0x9E, 0x19, 0x03, 0xC7, 0x8C, 0xBC, 0x5E,
    0x34, 0x02, 0xC1, 0x7A, 0x25, 0xE9, 0xFF, 0x5A, 0xB2, 0xB0, 0x0A, 0x54, 0xC8, 0xBD, 0x72, 0xD2,
    0xBF, 0x66, 0x77, 0xFA, 0xEC, 0xF3, 0xDC, 0xBE, 0x80, 0x55, 0xEF, 0xFB, 0x1C, 0xE5, 0xE5, 0xF5,
    0x96, 0xFE, 0x84, 0xFE, 0xB0, 0xDC, 0x96, 0x00, 0x89, 0xFC, 0x20, 0x00, 0x08, 0x51, 0x5A, 0x6F,
    0x35, 0x59, 0xE4, 0x8D, 0xDE, 0xA5, 0x50, 0xF3, 0xC8, 0x20, 0x92, 0x16, 0x0A, 0x5D, 0x48, 0xEC,
    0x50, 0xF6, 0xF5, 0xFB, 0xA6, 0x9E, 0xEB, 0x0F, 0x42, 0x5F, 0xDC, 0x18, 0xE8, 0x8C, 0x71, 0xCE,
    0x18, 0xDB, 0x24, 0xA1, 0x8C, 0x5D, 0xED, 0x18, 0xAB, 0x25, 0xEA, 0xB6, 0x38, 0x08, 0xCF, 0xBB,
    0x5A, 0xCC, 0x15, 0x37, 0x21, 0xA4, 0x55, 0x6E, 0x3C, 0x9F, 0xD3, 0x43, 0x26, 0xB4, 0xEC, 0x90,
    0x42, 0x22, 0x54, 0x9E, 0x93, 0x59, 0x69, 0x95, 0xDF, 0xC9, 0x59, 0x1C, 0xC8, 0xF9, 0x64, 0xCF,
    0xE6, 0x3D, 0x34, 0xE6, 0x65, 0x2F, 0x84, 0xCE, 0xA5, 0x72, 0x2F, 0x75, 0x5B, 0xF4, 0x8E, 0xBC,
    0x64, 0xFB, 0xA1, 0x67, 0x8B, 0xE6, 0x92, 0x73, 0xE7, 0x2F, 0x38, 0xF5, 0xD6, 0x15, 0xCB, 0x24,
    0xE7, 0xB5, 0x0E, 0x9E, 0x3A, 0x27, 0xEA, 0xD7, 0x10, 0x7A, 0xEC, 0x2A, 0xE7, 0x8F, 0xB4, 0x7A,
    0x66, 0x0E, 0x5B, 0xE3, 0x83, 0x43, 0xD7, 0x1E, 0x2C, 0x5E, 0x5B, 0x85, 0x56, 0x30, 0xC9, 0x19,
    0xFC, 0x3D, 0x7F, 0x88, 0x3B, 0x18, 0x36, 0xD0, 0xF6, 0x6F, 0xE1, 0x85, 0x05, 0x59, 0x87, 0x2C,
    0x0C, 0x5E, 0x16, 0x47, 0xEB, 0xB1, 0xAA, 0x46, 0x03, 0x22, 0x77, 0x1A, 0xCE, 0x4D, 0xE0, 0x9D,
    0x6B, 0x5E, 0x23, 0x2D, 0xCF, 0x4B, 0x6A, 0xBA, 0xDE, 0x0F, 0xBC, 0x22, 0x4E, 0x86, 0xDF, 0xF3,
    0x82, 0x04, 0xA0, 0xF5, 0x08, 0x90, 0x69, 0x5B, 0x2A, 0x05, 0x6A, 0x03, 0x84, 0xC3, 0x50, 0x6B,
    0x89, 0x4D, 0x1A, 0x72, 0xF3, 0x50, 0xB4, 0xDD, 0x56, 0x65, 0x36, 0x45, 0x11, 0x56, 0xC1, 0xD1,
    0x94, 0x28, 0xBD, 0xB3, 0x28, 0xBC, 0xB3, 0x28, 0xBB, 0xB1, 0x49, 0x7A, 0xE0, 0x8D, 0xD5, 0x4C,
    0xE6, 0x9A, 0xF7, 0x8D, 0x94, 0x0C, 0x62, 0x45, 0x2D, 0x54, 0x2D, 0xD6, 0xF4, 0x45, 0x64, 0x88,
    0x60, 0x55, 0xA4, 0xE4, 0xC8, 0x49, 0xC7, 0xBA, 0x08, 0xA4, 0x4F, 0x91, 0x95, 0x69, 0x9E, 0x10,
    0x81, 0x83, 0xB4, 0xC1, 0x62, 0x9A, 0xF4, 0x92, 0x07, 0x08, 0x71, 0xB2, 0x58, 0x37, 0x1A, 0x36,
    0xE5, 0x13, 0xD9, 0x91, 0x9C, 0xB3, 0x9C, 0x4C, 0x13, 0xFF, 0xA5, 0x1F, 0x63, 0xD4, 0x68, 0x17,
    0x52, 0x36, 0x62, 0x2F, 0xA5, 0xFB, 0xAB, 0x66, 0x8C, 0x31, 0xCA, 0x1C, 0x2D, 0xD3, 0xB4, 0x8D,
    0x76, 0xF6, 0xB9, 0x54, 0xA1, 0xAD, 0x34, 0x5A, 0x54, 0x69, 0x4B, 0xD4, 0x69, 0x85, 0x9C, 0x7D,
    0x89, 0x52, 0x23, 0xA6, 0xED, 0x14, 0x39, 0xDF, 0x61, 0x2F, 0x5B, 0x37, 0xDC, 0x1D, 0x33, 0xC6,
    0xAE, 0x9C, 0x3A, 0x5D, 0x40, 0xEA, 0xB0, 0xF3, 0xC1, 0x28, 0x62, 0x01, 0xF5, 0x5B, 0x2F, 0xB1,
    0x3C, 0xE6, 0x6E, 0xA8, 0xA4, 0xE1, 0x7D, 0x57, 0xED, 0x81, 0xA6, 0x36, 0x9B, 0xB7, 0xDA, 0x6B,
    0x83, 0x5E, 0xBA, 0x63, 0x93, 0xB0, 0x11, 0xF1, 0xCD, 0xE4, 0xFC, 0x03, 0xE4, 0x88, 0x82, 0xA2,
    0xCB, 0x47, 0xDB, 0x83, 0x8B, 0x07, 0x30, 0xE1, 0xA6, 0x40, 0x15, 0x8F, 0x8B, 0xA8, 0xAB, 0x07,
    0x17, 0x13, 0x80, 0xFA, 0xCE, 0xC5, 0x02, 0x59, 0x1F, 0xD2, 0x48, 0x72, 0xDE, 0xC7, 0xD0, 0xA7,
    0xFD, 0x9E, 0xEF, 0x56, 0x3D, 0xBB, 0x6E, 0xAD, 0x17, 0x5E, 0xFF, 0xBC, 0x72, 0x4B, 0x75, 0x9D,
    0x8B, 0xE4, 0xD6, 0xB9, 0x48, 0x6F, 0x0C, 0x1B, 0x66, 0x19, 0x56, 0x63, 0xA1, 0xED, 0xDC, 0x4E,
    0xF1, 0x4A, 0x0A, 0x46, 0xA2, 0xAC, 0x3D, 0x6F, 0x6D, 0x87, 0xEE, 0xC5, 0xF4, 0x2D, 0xB5, 0x7F,
    0x53, 0x5E, 0x93, 0xDD, 0xD9, 0xF8, 0xA9, 0x61, 0x98, 0x71, 0x5A, 0x73, 0xE4, 0xCD, 0x09, 0xDD,
    0x91, 0xCC, 0x00, 0x4C, 0xA8, 0xE4, 0x5C, 0x1F, 0xC0, 0x8C, 0x50, 0x86, 0xF7, 0x0C, 0x13, 0x3E,
    0x7B, 0x8E, 0xEF, 0x29, 0x3A, 0xC9, 0x91, 0x6E, 0x16, 0x85, 0x37, 0xFD, 0xD8, 0xF4, 0x1A, 0x97,
    0x21, 0x82, 0x23, 0x1E, 0x0D, 0xE4, 0x75, 0xFF, 0xD5, 0x60, 0x94, 0xBB, 0x87, 0x5F, 0x0F, 0x30,
    0x19, 0x0B, 0xF6, 0x7A, 0x56, 0x20, 0x6E, 0xF7, 0x4C, 0xC6, 0x82, 0x06, 0x7A, 0xEF, 0x49, 0x53,
    0x4F, 0xA1, 0x27, 0xD6, 0x0B, 0x8F, 0xB4, 0x07, 0x3E, 0x57, 0xBA, 0x92, 0x54, 0x10, 0xB4, 0xD4,
    0x47, 0x44, 0x47, 0x05, 0x2F, 0x9C, 0xD9, 0x7C, 0x2C, 0x47, 0xB1, 0xA2, 0x58, 0x2B, 0x0E, 0xC5,
    0x08, 0xCC, 0x48, 0xB7, 0x2C, 0x1C, 0x8E, 0xDE, 0x51, 0x0F, 0xFE, 0xFE, 0x1E, 0x66, 0x42, 0x2E,
    0x6E, 0x60, 0xC7, 0xC8, 0xF9, 0x96, 0xFC, 0x45, 0x04, 0x0E, 0x7A, 0x04, 0x2D, 0xD9, 0x57, 0x46,
    0xC9, 0x22, 0x66, 0x55, 0x8C, 0xF2, 0x5F, 0x3E, 0x39, 0x2F, 0xA7, 0x4C, 0xDB, 0x6A, 0xCB, 0x19,
    0xB7, 0x3F, 0xCA, 0x51, 0x1F, 0x6E, 0x16, 0x15, 0x2C, 0xB8, 0x21, 0xFB, 0x77, 0x88, 0xCE, 0xA8,
    0x72, 0x69, 0xBB, 0xDF, 0x20, 0xFA, 0x60, 0x49, 0x4D, 0x3E, 0x58, 0x98, 0x5B, 0x8D, 0x67, 0x29,
    0xA7, 0xAE, 0x7A, 0xE5, 0xAC, 0xD9, 0xD2, 0x44, 0xB4, 0xE5, 0x0D, 0x3E, 0x76, 0x3D, 0xAC, 0x23,
    0xFE, 0x5C, 0xDD, 0xD5, 0xA9, 0xDB, 0x28, 0x47, 0x96, 0xF1, 0x8B, 0x8C, 0xF1, 0x2F, 0x03, 0xBD,
    0x6E, 0xFC, 0x7B, 0xB5, 0x1E, 0x49, 0xD7, 0x2A, 0xC9, 0x1F, 0xAA, 0x20, 0xF7, 0x22, 0xC7, 0xC5,
    0xB0, 0xB9, 0xD6, 0xED, 0xEB, 0x39, 0xDB, 0xAA, 0x44, 0x77, 0xEC, 0xBA, 0x63, 0xC3, 0x6D, 0xA2,
    0x6B, 0x45, 0x12, 0x8C, 0xCD, 0xAD, 0x3B, 0xF5, 0x3E, 0x87, 0xD9, 0x45, 0xCF, 0x74, 0xAF, 0x93,
    0x2B, 0xB2, 0xB3, 0xEC, 0x0A, 0x31, 0x5E, 0xAB, 0x14, 0xAF, 0x55, 0x76, 0x8B, 0x37, 0x1E, 0x25,
    0x77, 0xB5, 0x17, 0xC1, 0x5D, 0x2A, 0x7A, 0x0B, 0x93, 0x6E, 0x69, 0x65, 0x58, 0xB6, 0x19, 0xD2,
    0x93, 0x57, 0xD5, 0xBD, 0x2A, 0xAE, 0x8D, 0xA4, 0xB3, 0xF4, 0x4E, 0xFF, 0xA6, 0xD9, 0x80, 0x9A,
    0x8F, 0x0B, 0x15, 0x48, 0x2B, 0xE4, 0xCD, 0xA8, 0x70, 0xBA, 0x30, 0x3B, 0x94, 0xB6, 0x92, 0xE1,
    0xD5, 0x3C, 0x44, 0x07, 0x12, 0x6E, 0x70, 0xC3, 0xC1, 0x5F, 0xDF, 0x43, 0xC5, 0xB4, 0xAF, 0x41,
    0x30, 0x37, 0x3F, 0x18, 0x39, 0xDA, 0xC0, 0xBD, 0x54, 0x2B, 0xEE, 0x05, 0x84, 0x08, 0xA2, 0xEB,
    0x08, 0x4D, 0xF7, 0x08, 0x67, 0xAD, 0xB8, 0x4A, 0xA8, 0x75, 0x41, 0xD9, 0x6F, 0x29, 0x55, 0x33,
    0x95, 0xF4, 0x29, 0xAE, 0xDF, 0x03, 0x22, 0x2B, 0xE9, 0xCD, 0x46, 0x36, 0x18, 0x3F, 0x46, 0xA1,
    0xE7, 0x00, 0xEA, 0x02, 0x37, 0xB2, 0xEA, 0x8D, 0x14, 0xAA, 0xB6, 0x87, 0x1C, 0x67, 0x28, 0x27,
    0x46, 0x0D, 0x21, 0xE6, 0xFE, 0x29, 0xBB, 0x53, 0x91, 0x40, 0xE9, 0xB9, 0x98, 0xB8, 0x9A, 0x5D,
    0xB6, 0x54, 0xC3, 0xF6, 0xE8, 0xB2, 0xBE, 0x3A, 0x14, 0x24, 0xF9, 0x1C, 0xE7, 0xBB, 0xD3, 0xE5,
    0x8B, 0x44, 0x93, 0xE4, 0x04, 0x0C, 0x7D, 0xC7, 0x1D, 0x21, 0x87, 0x8B, 0x5D, 0x23, 0x19, 0xC0,
    0x68, 0x2B, 0x82, 0xF3, 0x01, 0xFE, 0xE6, 0x3F, 0x75, 0xE2, 0xA9, 0xAB, 0x0E, 0x65, 0x9D, 0x3A,
    0x80, 0x43, 0x2B, 0x49, 0x55, 0x2C, 0xFC, 0x0E, 0xE1, 0x51, 0xA5, 0xD8, 0x5A, 0x1E, 0x10, 0x1D,
    0x7D, 0x89, 0x83, 0x6B, 0xB5, 0x04, 0xEA, 0xC4, 0x10, 0x48, 0xC8, 0xA7, 0x30, 0xF2, 0xF1, 0x4A,
    0x3E, 0x4E, 0xFE, 0x9D, 0xC9, 0x07, 0x26, 0x00, 0xC8, 0x88, 0x5E, 0x0D, 0x32, 0xDA, 0x82, 0x7C,
    0xA0, 0xFF, 0x85, 0x6C, 0x2E, 0x76, 0xE7, 0xC8, 0x48, 0xC9, 0x07, 0x5B, 0xCA, 0x5D, 0xC3, 0x76,
    0xB8, 0x8A, 0xCB, 0x4A, 0x7A, 0x61, 0x4E, 0xD5, 0xFE, 0x4D, 0xF2, 0x29, 0xAC, 0x24, 0x98, 0x9E,
    0xBD, 0x80, 0x11, 0x5A, 0xC0, 0x00, 0xFD, 0xBE, 0x3F, 0xD0, 0x53, 0x7F, 0x00, 0xC3, 0xD3, 0xC3,
    0xE8, 0xF4, 0x30, 0x38, 0x9D, 0x35, 0x0D, 0x13, 0x93, 0x51, 0xCE, 0xC9, 0x4B, 0x91, 0x0A, 0xF2,
    0xFB, 0x02, 0xA7, 0xEC, 0xCD, 0x7B, 0xF8, 0x4C, 0x8F, 0x39, 0x05, 0xFE, 0xDD, 0x91, 0xB0, 0x57,
    0x7E, 0x3C, 0xF2, 0x5A, 0x24, 0x3A, 0x26, 0x01, 0xDA, 0x0A, 0xCD, 0x43, 0xB8, 0x0A, 0x7A, 0xC1,
    0xB4, 0x02, 0x39, 0x6A, 0xEF, 0xA5, 0x03, 0xC0, 0x21, 0x1C, 0x0B, 0x47, 0x4D, 0x9C, 0xE8, 0xE1,
    0xC4, 0xB1, 0x34, 0xBF, 0x32, 0x6A, 0xE0, 0x4D, 0xFF, 0xC0, 0xF4, 0x2F, 0x77, 0xA9, 0xC5, 0x93,
    0x4F, 0x52, 0x69, 0x25, 0xBA, 0xD7, 0x75, 0xAD, 0x6A, 0x5E, 0x8E, 0xE8, 0x89, 0xDE, 0x5D, 0x50,
    0xFA, 0xA5, 0x5A, 0xD7, 0x65, 0x6A, 0x2F, 0xBB, 0xDD, 0x6F, 0x23, 0x16, 0x01, 0x8D, 0x1B, 0xCE,
    0x5F, 0x99, 0x6E, 0x14, 0x64, 0xDA, 0x29, 0x22, 0x03, 0x59, 0xF6, 0x83, 0x8F, 0x35, 0x33, 0x2E,
    0x36, 0xE0, 0xAC, 0xA2, 0xF1, 0xB8, 0x49, 0xC2, 0x12, 0xF7, 0xD2, 0x16, 0x60, 0xC1, 0x72, 0xDE,
    0x1C, 0xA1, 0x14, 0x4A, 0xEE, 0x10, 0x30, 0xB1, 0x46, 0x70, 0x9E, 0xFB, 0xDA, 0xB3, 0x3A, 0xE0,
    0xB2, 0x0A, 0x7F, 0xA4, 0x75, 0xFF, 0x03, 0xD9, 0xC5, 0x5F, 0x87, 0x3F, 0x44, 0x46, 0x6E, 0xFD,
    0x96, 0xF8, 0x43, 0x44, 0xD7, 0x6F, 0xC1, 0x1F, 0x7A, 0x65, 0x06, 0xC4, 0xF2, 0xFF, 0x84, 0xBF,
    0xF2, 0x92, 0x7F, 0x2F, 0x73, 0x5F, 0x57, 0x7F, 0x68, 0xE3, 0x37, 0xEA, 0x0F, 0x35, 0xD2, 0xA0,
    0x77, 0xA0, 0x7F, 0xE7, 0xF6, 0x83, 0xBC, 0x5C, 0x6E, 0x5B, 0xAF, 0xB9, 0xBC, 0x27, 0x83, 0x4A,
    0xC9, 0x27, 0x84, 0x84, 0x3A, 0x85, 0x4C, 0x27, 0xFF, 0x75, 0x83, 0xEA, 0x5F, 0x84, 0xE2, 0x88,
    0x20, 0xDD, 0x93, 0xAA, 0x91, 0x66, 0x7E, 0x3C, 0x0E, 0x55, 0x9C, 0xF5, 0x87, 0xE2, 0x4E, 0xC7,
    0x8D, 0xC6, 0x3E, 0xBB, 0xB0, 0xCD, 0x2E, 0x98, 0xA0, 0x2C, 0x53, 0xC4, 0x18, 0x70, 0x68, 0x5C,
    0xC8, 0xEB, 0x75, 0x22, 0x66, 0xD0, 0x59, 0xBD, 0xF5, 0xE2, 0x0F, 0xB9, 0x9C, 0xB3, 0xA9, 0x79,
    0xBD, 0xAE, 0x9A, 0xD5, 0xF8, 0x74, 0x0E, 0x8D, 0xC8, 0xD8, 0x53, 0xF0, 0x66, 0xF2, 0x30, 0xAD,
    0xEC, 0xCC, 0x44, 0x52, 0x89, 0x29, 0xC1, 0x51, 0x3C, 0x63, 0x9A, 0x6E, 0x9B, 0x4C, 0xF6, 0x8A,
    0xD0, 0xF0, 0xB8, 0x6D, 0x14, 0xF3, 0xAE, 0xD3, 0x8E, 0xA7, 0xA2, 0xF4, 0x7B, 0x56, 0x18, 0xE2,
    0xEF, 0x32, 0xC4, 0xFB, 0x5B, 0x2E, 0x5D, 0xF5, 0x73, 0x04, 0x02, 0xAA, 0xBD, 0x9C, 0xB3, 0x15,
    0x27, 0xBE, 0xE0, 0x04, 0xAE, 0x2F, 0x0F, 0xDC, 0xCF, 0x91, 0xD7, 0x5B, 0x20, 0x7E, 0x0D, 0xFD,
    0xEE, 0xFD, 0x5F, 0x08, 0x49, 0x23, 0x13, 0x48, 0xCC, 0x6D, 0x44, 0xA8, 0x35, 0x42, 0x22, 0xEB,
    0xE5, 0x52, 0x41, 0xB5, 0xB5, 0x7D, 0x17, 0x5A, 0x0D, 0x9F, 0x0C, 0x6A, 0x82, 0xF9, 0x4D, 0xAA,
    0xDF, 0xA0, 0x6D, 0xEC, 0x37, 0xDB, 0xBF, 0x6D, 0x50, 0xFD, 0x70, 0x08, 0x26, 0xCE, 0x10, 0x56,
    0x13, 0x93, 0xC1, 0x86, 0x58, 0xB6, 0x18, 0xAA, 0x1E, 0xBA, 0x5F, 0xA6, 0xC8, 0x11, 0x2E, 0x6C,
    0x0E, 0xA9, 0xE0, 0xF9, 0xF1, 0xC8, 0x83, 0x41, 0x3E, 0x1C, 0x71, 0xAA, 0xC7, 0x30, 0x7F, 0x1A,
    0x09, 0x08, 0xFA, 0xB4, 0x5C, 0x1A, 0x88, 0xFC, 0x19, 0xDE, 0x75, 0x67, 0x95, 0x3A, 0xDC, 0x25,
    0x0D, 0x70, 0x64, 0x87, 0x48, 0x28, 0x97, 0x5C, 0xDA, 0xBE, 0x88, 0x49, 0xE6, 0xF7, 0xBC, 0x47,
    0xA4, 0x0B, 0x4F, 0xA5, 0x18, 0x64, 0x24, 0x7E, 0xFC, 0x57, 0xF6, 0xD8, 0x25, 0x5A, 0x78, 0xF3,
    0xB7, 0x7B, 0x09, 0x4B, 0x70, 0x2E, 0xFE, 0x5E, 0xE2, 0x12, 0x24, 0xDD, 0xA5, 0x29, 0xE9, 0x5D,
    0xE6, 0x5C, 0xA2, 0x51, 0xDE, 0xA9, 0xD6, 0x7F, 0x79, 0x76, 0x12, 0xCE, 0x7A, 0xB9, 0x7E, 0x67,
    0x54, 0x93, 0x3F, 0xAB, 0xA4, 0x2E, 0xA2, 0x97, 0xA2, 0x55, 0x06, 0x39, 0x3A, 0x41, 0x0A, 0xC2,
    0x48, 0xC7, 0x1D, 0x02, 0xD8, 0xEF, 0x02, 0xF8, 0x1B, 0x2B, 0xDA, 0x7A, 0xA1, 0xE0, 0x4A, 0x08,
    0x27, 0xB1, 0x8A, 0x34, 0x5A, 0xE1, 0xB1, 0x7F, 0x47, 0x73, 0xAD, 0x10, 0xA1, 0x39, 0x85, 0xF1,
    0x7A, 0x7D, 0xCE, 0x08, 0x9B, 0x35, 0xBE, 0xD7, 0x70, 0x97, 0x13, 0x0D, 0x5E, 0x15, 0xF3, 0xF6,
    0x27, 0xBD, 0x70, 0x6A, 0x56, 0xCF, 0xDB, 0x03, 0xD9, 0x53, 0x8C, 0x10, 0x12, 0x6F, 0xDB, 0x83,
    0x4A, 0xA7, 0xDA, 0x73, 0x7E, 0xD9, 0x35, 0x50, 0x42, 0x2F, 0x25, 0xB8, 0x15, 0x0A, 0xCE, 0x14,
    0x16, 0x2F, 0x96, 0x60, 0xED, 0x7A, 0xC3, 0x39, 0x6B, 0x1A, 0xB4, 0xBC, 0xC7, 0x9F, 0x63, 0xC6,
    0x52, 0xBD, 0x10, 0x6C, 0xDB, 0xDB, 0xFF, 0x20, 0x7A, 0x81, 0xD5, 0x87, 0x2F, 0xA0, 0x1E, 0x52,
    0x24, 0x37, 0x4E, 0x92, 0x38, 0xEF, 0x55, 0x52, 0x5E, 0x25, 0xDB, 0x55, 0x12, 0x5D, 0x25, 0xC7,
    0x55, 0xD2, 0x5B, 0x25, 0xB3, 0x55, 0x92, 0x5A, 0x25, 0x9F, 0x55, 0x52, 0x59, 0x25, 0x8B, 0x55,
    0x13, 0x58, 0x25, 0x77, 0x35, 0xDB, 0x41, 0x6E, 0x16, 0x30, 0x38, 0x5A, 0x3E, 0x7F, 0xD8, 0xFA,
    0x1F, 0x72, 0xDB, 0x86, 0x89, 0xFF, 0xDA, 0xE0, 0x95, 0xD5, 0x82, 0x74, 0x55, 0x74, 0x70, 0xC8,
    0xEE, 0xC9, 0x59, 0x9B, 0xC8, 0xDD, 0x6A, 0x5E, 0x49, 0xD9, 0xB8, 0x8F, 0x87, 0xB8, 0x8D, 0x87,
    0xB8, 0x8B, 0xFB, 0xC7, 0x94, 0x69, 0x10, 0xB3, 0xDF, 0xC9, 0xDE, 0xCB, 0x2E, 0xD4, 0x95, 0xCD,
    0x71, 0xFC, 0x03, 0x65, 0x4A, 0xBE, 0x44, 0x2B, 0xF4, 0x3C, 0xF3, 0x71, 0xAB, 0x88, 0xDA, 0x53,
    0x3E, 0x6F, 0x3F, 0x3C, 0x62, 0xF7, 0x7A, 0xE2, 0x99, 0x9F, 0x4E, 0x22, 0x6C, 0x33, 0x29, 0x32,
    0x44, 0x1C, 0xA3, 0x0C, 0xA5, 0x22, 0x43, 0xB4, 0xEB, 0xC7, 0x00, 0xA2, 0xAF, 0xBE, 0xC6, 0xDE,
    0x4E, 0x31, 0x7F, 0xB0, 0xEF, 0x42, 0xF9, 0x58, 0x83, 0x2F, 0x56, 0xBD, 0x14, 0xBB, 0x68, 0x26,
    0x8D, 0x95, 0x5F, 0xD2, 0x22, 0x0A, 0xD3, 0xA9, 0xD2, 0x26, 0x91, 0x77, 0xC7, 0x52, 0x92, 0x3D,
    0x4C, 0xFD, 0x1F, 0xC2, 0x4C, 0xC3, 0x1E, 0x39, 0xDD, 0x25, 0xA7, 0xFB, 0xE4, 0x74, 0xA7, 0x9C,
    0xED, 0x95, 0xED, 0x96, 0xEE, 0x97, 0xD3, 0x1D, 0x73, 0xBA, 0x67, 0x4E, 0x77, 0x8D, 0xB5, 0xD3,
    0x4E, 0xAF, 0xD9, 0xCD, 0xAB, 0x94, 0xA7, 0x22, 0xC8, 0x26, 0xF5, 0x28, 0xEF, 0x8B, 0x36, 0xA3,
    0x2F, 0x97, 0xDA, 0x15, 0xED, 0x5F, 0xE4, 0x3A, 0x39, 0x6E, 0x68, 0x46, 0x71, 0xA5, 0xCA, 0xBD,
    0x50, 0xFB, 0xA6, 0xD3, 0xCF, 0x7B, 0xF6, 0x75, 0x95, 0xA3, 0xAC, 0xAB, 0x1A, 0x64, 0x5D, 0xCD,
    0xEE, 0xF9, 0xD6, 0x45, 0x2A, 0x0F, 0xEB, 0x62, 0x85, 0xB7, 0xDB, 0xE8, 0xDC, 0xAA, 0xE7, 0xB8,
    0xD6, 0x7A, 0x15, 0x5F, 0x77, 0x96, 0xA4, 0x90, 0xCD, 0x7C, 0x26, 0x29, 0x84, 0x7F, 0xA4, 0xA3,
    0xE0, 0x77, 0x11, 0x0B, 0xEE, 0x4F, 0x05, 0x7A, 0x9E, 0x56, 0x7C, 0xE2, 0x37, 0xD7, 0x87, 0xED,
    0x7C, 0xC5, 0x9F, 0xD2, 0x5F, 0xB1, 0x42, 0x6E, 0x4E, 0xFC, 0xBB, 0xE4, 0xC2, 0x20, 0x26, 0x56,
    0x36, 0xD1, 0x4E, 0x68, 0x2D, 0x7F, 0xC5, 0x33, 0x44, 0xE8, 0xF7, 0x06, 0xBF, 0x19, 0x83, 0x5C,
    0xC5, 0xF1, 0x5F, 0xE9, 0xF7, 0xEF, 0x23, 0xE1, 0xD9, 0xE1, 0x77, 0x9B, 0xC0, 0xAC, 0xDE, 0xAF,
    0x30, 0x9D, 0xE1, 0x0A, 0x76, 0xDA, 0x09, 0x35, 0x3F, 0x27, 0x2D, 0x6D, 0x52, 0x32, 0x4C, 0xFC,
    0xC6, 0xC8, 0x49, 0x89, 0x40, 0x4C, 0xE4, 0xE1, 0xC1, 0x38, 0x49, 0xE3, 0xB7, 0x0A, 0x5E, 0x6B,
    0xA9, 0x90, 0x46, 0x70, 0xC9, 0xDF, 0x6A, 0x5E, 0x95, 0x10, 0x6E, 0xED, 0x27, 0xFF, 0xF1, 0xA8,
    0x9A, 0x01, 0xE7, 0x98, 0x88, 0x5D, 0x90, 0x1E, 0x74, 0x62, 0x96, 0x12, 0xF6, 0x87, 0x0A, 0x66,
    0x29, 0x10, 0xAB, 0x71, 0x5C, 0x6E, 0x31, 0xA9, 0x06, 0xE8, 0x12, 0xB3, 0x29, 0x59, 0x7B, 0x58,
    0x78, 0x77, 0x0A, 0x60, 0x39, 0x07, 0x70, 0x73, 0xCC, 0x3E, 0x69, 0x96, 0x66, 0x02, 0xFE, 0x41,
    0x12, 0xEE, 0x21, 0x84, 0x90, 0xBE, 0x6A, 0x8E, 0x4E, 0x3C, 0xA0, 0xB7, 0x38, 0xA1, 0x9B, 0xD0,
    0xF1, 0xB6, 0xFF, 0xC0, 0xA2, 0xA1, 0x1B, 0xBF, 0xAF, 0xBC, 0x20, 0xA3, 0x67, 0xD2, 0x06, 0x2E,
    0x5A, 0x5E, 0x23, 0xD4, 0x42, 0xDB, 0x89, 0xBB, 0x78, 0x87, 0x33, 0x3C, 0x9C, 0x1E, 0xF9, 0x1C,
    0xB9, 0x95, 0x16, 0xE3, 0xE1, 0x03, 0x6E, 0xFC, 0xC3, 0x68, 0x20, 0xF3, 0x97, 0x5B, 0x00, 0xD1,
    0x0A, 0x1F, 0x65, 0xF7, 0x18, 0xBA, 0xD8, 0xDD, 0x08, 0x32, 0xFD, 0x2A, 0xA0, 0x67, 0x09, 0xDE,
    0x4B, 0x6B, 0x1E, 0xA8, 0xC2, 0xC5, 0xF6, 0xFE, 0x02, 0x81, 0x75, 0x89, 0x5C, 0x9D, 0x34, 0x78,
    0x4F, 0x3A, 0xE7, 0x55, 0x53, 0x81, 0xFE, 0x83, 0x51, 0x15, 0xE0, 0x87, 0x7E, 0x34, 0xF5, 0xD7,
    0x8B, 0x33, 0xD2, 0x4B, 0x3C, 0x5A, 0x55, 0xDF, 0x68, 0x9E, 0x9C, 0xED, 0xB3, 0x57, 0x43, 0x28,
    0xFB, 0xAC, 0x0F, 0x63, 0x30, 0x4A, 0x1F, 0xA7, 0x95, 0xFE, 0xD8, 0xA0, 0xF2, 0xE3, 0xE8, 0x5B,
    0x3D, 0x43, 0xF0, 0x5E, 0x69, 0x3B, 0x52, 0x79, 0x58, 0x25, 0xEF, 0xEA, 0x3F, 0x48, 0x49, 0x1F,
    0xBB, 0x20, 0x08, 0xF9, 0xEA, 0x2A, 0x3B, 0x11, 0x2D, 0xB4, 0xCA, 0xE1, 0xCA, 0xC9, 0x2A, 0xB7,
    0xEF, 0x92, 0x8F, 0x8E, 0x55, 0x16, 0xEF, 0x73, 0xA3, 0x00, 0xB4, 0x9A, 0xF3, 0xDF, 0xF3, 0x62,
    0xF6, 0x6C, 0x78, 0x48, 0x83, 0x78, 0x4A, 0x88, 0x16, 0x5C, 0x48, 0x27, 0x0A, 0xC1, 0xF8, 0xB1,
    0x98, 0x54, 0xE4, 0x9D, 0xCA, 0x51, 0xFF, 0xAD, 0xF7, 0x36, 0x77, 0xB7, 0xD1, 0xCE, 0x4D, 0x99,
    0x76, 0x04, 0x78, 0xFE, 0x5D, 0xB5, 0x55, 0x1E, 0x6D, 0x91, 0x47, 0x5B, 0x23, 0x36, 0xB2, 0x98,
    0x4D, 0x1D, 0x72, 0xE7, 0x77, 0x5E, 0xE0, 0x96, 0x3D, 0x69, 0x04, 0xBD, 0xD9, 0xB5, 0x86, 0xC7,
    0xD1, 0x55, 0x47, 0x61, 0x5E, 0x96, 0xA3, 0xBC, 0xB8, 0x4B, 0x16, 0x16, 0xBC, 0xB6, 0x57, 0x50,
    0x62, 0x21, 0x4E, 0xE0, 0x95, 0xD1, 0xEB, 0xE9, 0x66, 0x7C, 0x4B, 0x0B, 0xC0, 0x97, 0x6F, 0xAB,
    0x01, 0x12, 0x22, 0xD9, 0xBD, 0x59, 0x24, 0x9B, 0x70, 0xF2, 0x1F, 0x1B, 0xAA, 0x84, 0x6D, 0x0B,
    0x19, 0x5A, 0xB1, 0x0B, 0x5E, 0x48, 0x36, 0x2F, 0xF6, 0x67, 0x0C, 0xB9, 0xF3, 0xDE, 0xB4, 0x46,
    0x18, 0xAF, 0xA2, 0x01, 0x70, 0x15, 0x0D, 0x80, 0xAB, 0x2C, 0xC4, 0xB2, 0xAF, 0xD8, 0x11, 0x62,
    0x03, 0x60, 0x62, 0xA9, 0xD9, 0xA9, 0x37, 0x7D, 0xC5, 0x96, 0x7F, 0x2D, 0x33, 0xBD, 0x36, 0xC8,
    0x3D, 0x62, 0x03, 0xA0, 0x07, 0xC1, 0xC1, 0x00, 0x70, 0xFE, 0xA7, 0xEA, 0x4D, 0x77, 0x8D, 0xFF,
    0xA2, 0x4D, 0xB9, 0xDB, 0x4E, 0xDA, 0xC1, 0x98, 0xED, 0x2A, 0x05, 0x59, 0xE3, 0xEB, 0xE1, 0x2D,
    0xA3, 0xC8, 0x0C, 0x00, 0xEE, 0x0B, 0x32, 0x06, 0x3B, 0xD8, 0xFA, 0x5D, 0x56, 0xD1, 0x00, 0xD8,
    0x24, 0x06, 0xC0, 0xBD, 0xD5, 0xD0, 0x9C, 0x33, 0x3F, 0x17, 0xBB, 0x73, 0x25, 0xB0, 0xCD, 0x78,
    0xEE, 0x5F, 0xF1, 0xDA, 0x67, 0x3E, 0xEF, 0xB1, 0x23, 0x80, 0xA6, 0xB3, 0xF3, 0x9E, 0xCE, 0xCE,
    0x7B, 0xBA, 0x46, 0xCF, 0x7B, 0x34, 0xDA, 0x43, 0x40, 0x15, 0xCE, 0x7B, 0xEA, 0xC7, 0xCE, 0x7B,
    0xCA, 0x70, 0xDE, 0xF3, 0xD8, 0xC1, 0x4F, 0x63, 0xE7, 0x3D, 0xAD, 0x7A, 0x9E, 0x9A, 0xA9, 0x70,
    0xF6, 0xBC, 0x47, 0x97, 0xDA, 0x1F, 0x9F, 0x9E, 0x35, 0x12, 0x47, 0x65, 0xCE, 0x37, 0x13, 0xAA,
    0xF9, 0x35, 0x4F, 0x94, 0x7C, 0x87, 0x1B, 0x92, 0xEF, 0x64, 0x92, 0x2F, 0x87, 0xBB, 0xA6, 0x0E,
    0x80, 0x49, 0xBE, 0x62, 0x2E, 0x82, 0xF1, 0x5F, 0x98, 0xE4, 0x3B, 0x16, 0x41, 0xF2, 0x15, 0x41,
    0xF2, 0x15, 0x41, 0xF2, 0x15, 0xB7, 0x4B, 0xBE, 0x7B, 0x4F, 0x96, 0x7C, 0x0F, 0xAA, 0x0F, 0x2D,
    0x54, 0x63, 0x92, 0x8F, 0x54, 0xA2, 0xB2, 0x10, 0x59, 0x41, 0xC6, 0x30, 0x0F, 0x98, 0xC6, 0xFA,
    0xF5, 0x70, 0x07, 0x1B, 0xEC, 0xB0, 0x4B, 0xFC, 0x82, 0x5A, 0x6B, 0x9E, 0x7A, 0x9B, 0x5E, 0xB9,
    0x73, 0xDC, 0x64, 0x5D, 0x92, 0x62, 0xAB, 0x83, 0x38, 0xEF, 0x28, 0x81, 0x47, 0x97, 0xCC, 0x6A,
    0x2F, 0xA5, 0x54, 0xD5, 0x94, 0xA3, 0xBC, 0x6A, 0x7B, 0xC4, 0x21, 0xE0, 0x92, 0x7D, 0xA7, 0x41,
    0xEB, 0x16, 0xC2, 0x77, 0x23, 0xD1, 0x46, 0x69, 0x26, 0x96, 0xF6, 0x8C, 0x3C, 0x48, 0xC2, 0x09,
    0x68, 0x80, 0xBE, 0x1D, 0x3C, 0x6E, 0x83, 0x19, 0x72, 0x8B, 0x6A, 0xC7, 0x40, 0x52, 0x13, 0xAF,
    0xF4, 0x54, 0x17, 0x2C, 0x22, 0x2B, 0x92, 0x65, 0xC4, 0xE8, 0x3B, 0xE7, 0x67, 0xDE, 0x3F, 0x62,
    0x46, 0xDE, 0x36, 0x3E, 0x39, 0x71, 0x7F, 0x3F, 0x71, 0x0F, 0xAE, 0xAC, 0x79, 0x6B, 0xE6, 0xEB,
    0xF0, 0x52, 0xC6, 0xD7, 0x9A, 0x3B, 0xC4, 0x35, 0x70, 0x30, 0x8B, 0x23, 0x5D, 0xC9, 0xEA, 0xAC,
    0x47, 0x84, 0x3E, 0x2E, 0x48, 0x60, 0xEC, 0x64, 0x40, 0x95, 0x5C, 0x0F, 0xB8, 0x72, 0x45, 0x01,
    0xFE, 0xEE, 0x4F, 0x72, 0xCD, 0xE5, 0x75, 0x7C, 0x5E, 0x21, 0xD7, 0x7C, 0xB1, 0xC0, 0xCA, 0x9B,
    0x7A, 0x70, 0xA5, 0x54, 0x59, 0x18, 0x75, 0xDA, 0x35, 0x9E, 0x9A, 0xE8, 0x3E, 0x8C, 0x7D, 0x9A,
    0xE8, 0xC5, 0xFB, 0x54, 0x3E, 0xE2, 0x3E, 0x9D, 0x68, 0x73, 0x5C, 0x91, 0x7F, 0x8F, 0x04, 0x20,
    0xEE, 0xC7, 0x49, 0x4F, 0x4B, 0xC2, 0x82, 0x63, 0x56, 0xF9, 0x51, 0xB2, 0xAF, 0x0E, 0xE8, 0xC1,
    0x2A, 0x9E, 0x28, 0x33, 0xF4, 0x09, 0x99, 0xE6, 0x5B, 0x6D, 0x73, 0xA5, 0xFD, 0xD5, 0x25, 0x8E,
    0xAB, 0xEC, 0x82, 0xE8, 0x6A, 0xFB, 0xA0, 0x94, 0x40, 0x33, 0x36, 0xC1, 0x23, 0x2D, 0xBF, 0x3A,
    0x34, 0xDC, 0x7A, 0x88, 0xAC, 0x2F, 0x6D, 0xDA, 0x85, 0xCB, 0x11, 0x09, 0xFA, 0xF4, 0x81, 0x2A,
    0xBF, 0xF0, 0xF6, 0xDF, 0x7C, 0x86, 0x87, 0x67, 0x1D, 0x56, 0xED, 0xC3, 0xC3, 0x17, 0xE1, 0xE1,
    0xF3, 0xF5, 0xC3, 0x73, 0x54, 0xF7, 0x32, 0xC3, 0x04, 0x93, 0x13, 0xD2, 0xC4, 0x58, 0x24, 0xE6,
    0xFE, 0xE7, 0x60, 0xE6, 0x56, 0xCE, 0xA6, 0x2F, 0xA4, 0x18, 0xAF, 0xF4, 0x9C, 0xEA, 0x48, 0xDC,
    0x81, 0x1E, 0xF6, 0x92, 0xA4, 0x98, 0x2F, 0x32, 0x4D, 0x56, 0xF2, 0x5F, 0x89, 0x4C, 0xBE, 0x2A,
    0x12, 0x44, 0x82, 0x38, 0xD6, 0x49, 0x5F, 0x83, 0x36, 0x9F, 0x8D, 0x15, 0xE4, 0x21, 0x91, 0x29,
    0xA4, 0x31, 0xA1, 0x99, 0x38, 0xFA, 0x87, 0x5F, 0x0C, 0x28, 0x1A, 0x39, 0x71, 0xA3, 0x56, 0x8F,
    0xD3, 0xF7, 0x2D, 0x77, 0x8A, 0x18, 0x09, 0xE0, 0x31, 0xD6, 0xC5, 0x88, 0x55, 0xA0, 0x71, 0x2A,
    0x3D, 0xF2, 0xA9, 0x78, 0xB0, 0xC1, 0x4C, 0xB0, 0x16, 0x52, 0xFD, 0x84, 0xB5, 0x60, 0xA5, 0x1C,
    0x5E, 0x6C, 0xF8, 0xC5, 0x9A, 0xF1, 0x7F, 0x92, 0x15, 0xE1, 0x4F, 0xF4, 0x4F, 0xFF, 0x77, 0x36,
    0x4D, 0x69, 0x40, 0xB9, 0x28, 0xE0, 0x38, 0x83, 0x4F, 0xAB, 0x91, 0x05, 0x58, 0x72, 0x6F, 0x46,
    0xBA, 0xD3, 0x3F, 0x59, 0x33, 0x15, 0x37, 0xA8, 0x33, 0x5B, 0xED, 0xF4, 0xED, 0xA4, 0xBF, 0xFE,
    0xDB, 0x53, 0x5B, 0xE1, 0x26, 0x2A, 0xFA, 0x62, 0xD9, 0x49, 0x2B, 0x5C, 0x64, 0x4B, 0x71, 0x2B,
    0xDC, 0x03, 0xEA, 0xA0, 0xB9, 0x15, 0xEE, 0xC8, 0x79, 0x55, 0xC2, 0xE4, 0x6C, 0xB3, 0x70, 0xC6,
    0x28, 0x5A, 0xD8, 0xA1, 0x04, 0x13, 0x8D, 0x08, 0x2A, 0x44, 0xD6, 0x4E, 0xD9, 0x1B, 0xF4, 0x4E,
    0xE9, 0x20, 0xC8, 0xFE, 0x1C, 0x5A, 0xE1, 0x76, 0x0C, 0x15, 0x32, 0x7A, 0x2A, 0x76, 0x59, 0x94,
    0xE9, 0xBE, 0xF0, 0xDC, 0xA5, 0xD9, 0x62, 0x86, 0x9E, 0x03, 0xD6, 0x00, 0x57, 0x73, 0x32, 0xB7,
    0x3E, 0xB4, 0xCA, 0xB8, 0xBF, 0xA4, 0x71, 0x89, 0x67, 0x6D, 0x85, 0x6B, 0x3D, 0x14, 0x77, 0xB1,
    0x15, 0xAE, 0x8E, 0xAE, 0x63, 0x52, 0x9A, 0xAD, 0xFA, 0x42, 0x0F, 0x30, 0x5B, 0x0D, 0x26, 0x38,
    0xB5, 0x0E, 0xC1, 0xA6, 0x25, 0xA2, 0xA4, 0x22, 0xDE, 0x70, 0xC5, 0x3D, 0x51, 0x83, 0x1F, 0x70,
    0x2D, 0xF4, 0x2A, 0x87, 0xB9, 0x96, 0x4A, 0x2A, 0x2D, 0x6D, 0x77, 0x2C, 0xD5, 0x3E, 0x7B, 0xE2,
    0xCF, 0x31, 0xE9, 0xDA, 0xE8, 0x35, 0xF7, 0xEF, 0x85, 0x79, 0x49, 0x6D, 0x14, 0x0B, 0x7D, 0x5A,
    0xFC, 0x32, 0x85, 0xA2, 0x81, 0x15, 0x47, 0x1D, 0xCE, 0x70, 0xD4, 0x73, 0x8A, 0x03, 0x9C, 0x73,
    0xF6, 0x6A, 0x28, 0x43, 0xF7, 0x48, 0x6E, 0x4C, 0xE3, 0xBF, 0xC1, 0x3A, 0xA4, 0xF5, 0x0F, 0xF9,
    0x25, 0x4B, 0xE1, 0x25, 0x95, 0xD1, 0x4B, 0x39, 0xE5, 0x95, 0xF4, 0x67, 0xFD, 0x02, 0x72, 0x85,
    0x45, 0x67, 0xD5, 0x23, 0x2E, 0xC5, 0xCD, 0x88, 0xD1, 0xE7, 0x92, 0xDA, 0xD8, 0xCB, 0x0C, 0x75,
    0xA7, 0x8B, 0x14, 0xC3, 0x4A, 0x1D, 0x6C, 0x8F, 0x5A, 0x56, 0xA9, 0x7E, 0xED, 0x51, 0x97, 0xE7,
    0x76, 0xFC, 0x5B, 0x6B, 0x5C, 0xC9, 0x17, 0x6C, 0xD1, 0x16, 0x9A, 0xE3, 0xA5, 0x13, 0xA2, 0xA6,
    0x3B, 0x9C, 0x50, 0x4E, 0x52, 0x65, 0xC3, 0x7F, 0x25, 0xF7, 0xB9, 0x15, 0xF5, 0x90, 0x69, 0x05,
    0x0C, 0x8B, 0x31, 0x14, 0x4E, 0xB5, 0xB0, 0x21, 0x5B, 0xC8, 0x2E, 0xCE, 0xAC, 0x01, 0x5C, 0x78,
    0xCE, 0x37, 0xE2, 0xDE, 0xA9, 0xE1, 0xF5, 0x5A, 0xCB, 0xAA, 0x2D, 0xE6, 0xFE, 0xFB, 0xBA, 0x9E,
    0xF7, 0x6B, 0x22, 0x3D, 0x8E, 0xF0, 0x57, 0x87, 0x4A, 0x1B, 0xBB, 0x0E, 0x4E, 0x79, 0xA8, 0x93,
    0x2A, 0x5E, 0x6E, 0xAC, 0x84, 0x55, 0xC0, 0x0E, 0xE0, 0x25, 0x20, 0x8E, 0xC1, 0x00, 0x1F, 0x05,
    0xA1, 0x7A, 0x97, 0x00, 0x59, 0x17, 0xE4, 0x13, 0x57, 0xEE, 0x32, 0x80, 0xBA, 0x5D, 0x84, 0xB0,
    0x39, 0x78, 0x56, 0x62, 0xDA, 0x03, 0x03, 0x07, 0x5D, 0x2C, 0x77, 0xFA, 0x92, 0xB5, 0x8F, 0xBA,
    0x04, 0x21, 0xAE, 0x83, 0x02, 0x5C, 0xA9, 0x2B, 0x46, 0x80, 0x37, 0xA0, 0xF1, 0xCA, 0x2D, 0xF4,
    0xD9, 0xC2, 0x2C, 0xC4, 0x53, 0xCA, 0x2B, 0xFE, 0xD6, 0x31, 0xD8, 0xD9, 0x4B, 0x99, 0xC9, 0x0E,
    0xEB, 0x31, 0xD3, 0x72, 0x35, 0x21, 0x69, 0x01, 0x76, 0x69, 0x79, 0xE9, 0x63, 0xC5, 0x49, 0x1B,
    0x05, 0x9F, 0x2B, 0x70, 0xB9, 0x5B, 0xBC, 0xD0, 0xB7, 0xF0, 0x65, 0x4B, 0x4E, 0x3B, 0xCB, 0x82,
    0x9D, 0xE4, 0xBD, 0x90, 0xC8, 0xE3, 0xCB, 0x7D, 0x09, 0xB8, 0x6B, 0x91, 0x82, 0x1F, 0xE4, 0x32,
    0x69, 0x67, 0x57, 0x09, 0xC6, 0xB7, 0x2C, 0xB4, 0xFF, 0x13, 0x89, 0x72, 0x14, 0xDA, 0x64, 0xED,
    0xDB, 0x08, 0xBC, 0x55, 0x0F, 0x07, 0x39, 0x8F, 0x14, 0x27, 0x88, 0x2F, 0xC3, 0xC5, 0xC9, 0xB1,
    0xD1, 0x84, 0x81, 0x70, 0x5B, 0x9D, 0x03, 0x77, 0x7F, 0xB2, 0x06, 0x8A, 0x1A, 0x89, 0xD7, 0xE3,
    0x89, 0x97, 0xBA, 0xE7, 0xAA, 0x1E, 0x0C, 0xAD, 0x4A, 0xE8, 0xE6, 0x75, 0xEB, 0xFA, 0xC0, 0x02,
    0x6E, 0xB2, 0x89, 0xD4, 0x3C, 0xFC, 0xE5, 0x64, 0x03, 0xA9, 0x79, 0x3C, 0xD5, 0x6C, 0xF3, 0xA8,
    0xB3, 0xB9, 0xFF, 0xE9, 0x6C, 0xE3, 0xA8, 0x33, 0x1E, 0x3A, 0x15, 0xA6, 0x51, 0x93, 0xA9, 0x77,
    0x0C, 0xC3, 0xA8, 0xD9, 0x8A, 0x0B, 0xB3, 0xA8, 0xAF, 0x58, 0x90, 0xD8, 0x28, 0x6A, 0x69, 0x8C,
    0xAD, 0x93, 0xA8, 0xE1, 0x0B, 0xD8, 0x20, 0x6A, 0x3C, 0x56, 0x98, 0x43, 0x0D, 0xDF, 0xC1, 0xC6,
    0x50, 0x4B, 0xDD, 0x4A, 0x98, 0x42, 0xFD, 0x46, 0x76, 0x63, 0x08, 0xF5, 0x6A, 0x06, 0xF5, 0x6A,
    0x1C, 0xE1, 0xF6, 0xF6, 0xEA, 0xC1, 0x74, 0xFE, 0xB4, 0x8D, 0x9F, 0xFE, 0x3F, 0xC9, 0xF4, 0xE9,
    0x77, 0x92, 0xE1, 0xD3, 0x6F, 0xEB, 0xEC, 0x69, 0x69, 0x0E, 0x2B, 0xA3, 0xA7, 0x19, 0x7D, 0x3A,
    0x79, 0x1A, 0xD8, 0xD3, 0xC1, 0xD3, 0x82, 0x3C, 0x99, 0x3B, 0x2D, 0xB8, 0x93, 0xB1, 0xD3, 0x82,
    0x3A, 0x99, 0x3A, 0x9D, 0xC9, 0xB8, 0x2E, 0x19, 0x3A, 0xCD, 0x88, 0xB3, 0x99, 0xD3, 0xB0, 0x7E,
    0x75, 0xE4, 0xF4, 0x15, 0xEA, 0xA3, 0x17, 0x75, 0xA2, 0x08, 0xD6, 0x81, 0xD3, 0x40, 0x9A, 0xCE,
    0x9B, 0x96, 0xAD, 0xD4, 0x71, 0xD3, 0xF2, 0x57, 0x99, 0x36, 0xAD, 0xF5, 0xB3, 0x3A, 0x6C, 0x9A,
    0x11, 0xB6, 0x9A, 0x35, 0x9D, 0x96, 0x5B, 0xA6, 0xD5, 0x96, 0x69, 0xB1, 0xE5, 0x6D, 0x73, 0xA6,
    0x13, 0xB4, 0x49, 0x95, 0xD4, 0xC4, 0x1F, 0x27, 0x64, 0xC7, 0x7D, 0xC3, 0x77, 0x42, 0x74, 0x47,
    0x3E, 0x50, 0xB7, 0xE2, 0x3D, 0xA4, 0x7A, 0x02, 0xE4, 0x32, 0x51, 0x01, 0x5F, 0x92, 0x64, 0x4F,
    0xE4, 0x8A, 0x4A, 0xB6, 0x27, 0xEB, 0x56, 0x2F, 0xE9, 0x9E, 0x28, 0x8D, 0xFB, 0x3B, 0x1E, 0xE5,
    0x9B, 0x71, 0xDE, 0xD4, 0xFD, 0x6E, 0x23, 0xA9, 0xD4, 0xDC, 0x25, 0x5A, 0xC1, 0x9E, 0x44, 0x8B,
    0xCC, 0x1A, 0x40, 0xB9, 0x9C, 0xD4, 0xFC, 0xF9, 0xA3, 0x54, 0xC6, 0xCD, 0xE0, 0xA3, 0x2B, 0xCD,
    0xFA, 0x64, 0xE3, 0x26, 0x97, 0xFC, 0xE9, 0xCF, 0x33, 0x62, 0x0F, 0x16, 0x9A, 0xBE, 0x8A, 0x89,
    0x28, 0xD7, 0x11, 0xBC, 0x8C, 0xA0, 0x3B, 0x0B, 0x36, 0x5D, 0x00, 0x7F, 0xFD, 0x79, 0x7A, 0x00,
    0xF4, 0xB1, 0xE6, 0xFB, 0x14, 0xC0, 0xDF, 0x9D, 0x0D, 0x44, 0xD1, 0xBF, 0x80, 0x7C, 0xC2, 0xFD,
    0x07, 0x00, 0x19, 0x39, 0xEF, 0x4B, 0xCD, 0x77, 0xB9, 0x38, 0x49, 0x04, 0xCD, 0x66, 0x37, 0x3A,
    0xCD, 0x04, 0x9D, 0xFD, 0xEE, 0x52, 0x8D, 0x09, 0x4E, 0xA2, 0xAD, 0x25, 0x17, 0x94, 0x47, 0xA4,
    0x38, 0xA9, 0x88, 0x67, 0x17, 0x5E, 0xB3, 0x41, 0x39, 0x8C, 0xA1, 0xE9, 0xA0, 0x77, 0x68, 0xF1,
    0xFA, 0x61, 0x58, 0x7C, 0x48, 0x08, 0xBD, 0xD4, 0x32, 0x78, 0x71, 0x71, 0xF3, 0xD8, 0x4C, 0xD1,
    0x9C, 0x2B, 0xE6, 0x5B, 0xF5, 0xAE, 0xD8, 0x05, 0x58, 0x37, 0xF7, 0xC2, 0xE2, 0xF7, 0xC9, 0xA0,
    0xE8, 0x7D, 0x32, 0x27, 0x7A, 0xD0, 0x31, 0xD1, 0xD2, 0x27, 0xF0, 0x03, 0xED, 0xEC, 0x46, 0x42,
    0x68, 0x6B, 0x9D, 0xDD, 0x58, 0x06, 0x61, 0x46, 0x34, 0xB8, 0x48, 0x47, 0x44, 0x83, 0x8B, 0x74,
    0x42, 0x34, 0xB8, 0x48, 0x07, 0x44, 0x83, 0x8B, 0x6C, 0x3E, 0x34, 0x73, 0x91, 0x8D, 0x87, 0x66,
    0x2E, 0xB2, 0xE9, 0xD0, 0xCC, 0x45, 0x36, 0x1C, 0x1A, 0x4D, 0xFF, 0x75, 0x36, 0x34, 0xB8, 0x48,
    0x47, 0x43, 0x4B, 0xBD, 0x9F, 0x4E, 0x86, 0x46, 0x61, 0xF3, 0x60, 0x27, 0xBE, 0x73, 0x32, 0x17,
    0xFA, 0x8D, 0xF5, 0x58, 0xE8, 0x74, 0x2A, 0x74, 0x3A, 0x14, 0xFA, 0xC6, 0x4C, 0xE8, 0x27, 0xD1,
    0x43, 0x1E, 0x58, 0xF5, 0x75, 0x4D, 0xEF, 0x64, 0x14, 0xC8, 0x34, 0x68, 0x60, 0x40, 0x4F, 0xB0,
    0x18, 0x01, 0x32, 0x0B, 0x1A, 0xEB, 0x97, 0x51, 0xD0, 0x58, 0xBE, 0x4E, 0x82, 0xE6, 0xD5, 0x6B,
    0xEB, 0x5F, 0x5E, 0xBC, 0x82, 0x57, 0x59, 0x00, 0x33, 0x05, 0xE5, 0x08, 0xE9, 0x98, 0xDB, 0xC0,
    0xDC, 0x7C, 0xB2, 0x71, 0x97, 0xDC, 0x85, 0x72, 0xB2, 0x80, 0xCC, 0x1C, 0x87, 0x5D, 0xBE, 0x91,
    0xB6, 0x05, 0x4E, 0xBA, 0x02, 0x27, 0x93, 0x2E, 0x6F, 0x4E, 0x7F, 0x7E, 0x72, 0x39, 0x8F, 0x45,
    0xC9, 0xB0, 0x6A, 0xFD, 0x64, 0x59, 0xB6, 0x76, 0xA9, 0xE5, 0x75, 0xCB, 0xD8, 0x67, 0x59, 0xB8,
    0x4C, 0x7D, 0x96, 0x95, 0xCB, 0xD0, 0x67, 0x59, 0xBA, 0xCE, 0x7C, 0xD6, 0xB5, 0x63, 0xE4, 0x33,
    0x16, 0xAF, 0x13, 0x9F, 0x21, 0x3F, 0x43, 0x35, 0x15, 0xDA, 0x8D, 0x6B, 0xCA, 0x03, 0xED, 0xBC,
    0x8E, 0x7B, 0xB6, 0x2D, 0xA8, 0xC6, 0xE4, 0xF0, 0x65, 0xAF, 0x8F, 0x14, 0x67, 0x3D, 0xBF, 0xB1,
    0x1A, 0xF5, 0xBC, 0x9A, 0xF4, 0xBC, 0x1A, 0xF4, 0xBC, 0x9A, 0xF3, 0xBC, 0x1A, 0xF3, 0x9C, 0xCE,
    0x69, 0xBD, 0x31, 0xE4, 0x79, 0x3D, 0xE3, 0x39, 0x51, 0xD8, 0x0F, 0x13, 0x8D, 0xED, 0x42, 0x4E,
    0xDE, 0xEB, 0x61, 0xBE, 0x33, 0xB0, 0x16, 0xC6, 0x3B, 0x03, 0x6F, 0x61, 0xBA, 0x33, 0x30, 0x17,
    0x86, 0x3B, 0x03, 0x77, 0x61, 0xB6, 0xB3, 0xF0, 0x4D, 0x18, 0xED, 0xCC, 0xF8, 0x8B, 0x93, 0x9D,
    0x19, 0x83, 0x71, 0xB0, 0xF3, 0x95, 0x72, 0x8C, 0xCC, 0x75, 0x06, 0x16, 0xC3, 0x58, 0x67, 0xE0,
    0x31, 0x4C, 0x75, 0x06, 0x26, 0xE3, 0x50, 0x67, 0xC6, 0x65, 0x9C, 0xE9, 0x8C, 0x62, 0x96, 0x64,
    0xA4, 0xF3, 0x1B, 0x37, 0x27, 0x3A, 0xAF, 0x07, 0x3A, 0x9F, 0x99, 0xE7, 0xFC, 0xA4, 0xBB, 0xF4,
    0x67, 0x65, 0x9B, 0xDF, 0xDA, 0x6F, 0x7E, 0x35, 0xC8, 0x79, 0x35, 0xC7, 0x19, 0x63, 0x9C, 0x67,
    0xB3, 0x1D, 0xA4, 0x5E, 0x09, 0x56, 0x52, 0xAF, 0x37, 0x2C, 0xA1, 0x64, 0x86, 0xB3, 0x28, 0x7A,
    0x1D, 0xE1, 0x2C, 0x9A, 0x5E, 0x27, 0x38, 0x03, 0xDD, 0x36, 0xC0, 0x59, 0xB0, 0x6D, 0xF3, 0x9B,
    0x19, 0xD9, 0x61, 0x7C, 0x33, 0xE3, 0x3A, 0x4C, 0x6F, 0xBE, 0x42, 0x05, 0xBA, 0x0E, 0x6F, 0x46,
    0xD9, 0x93, 0xCD, 0x6E, 0x16, 0x82, 0xD5, 0xD1, 0xCD, 0x42, 0xB1, 0x36, 0xB9, 0x19, 0x24, 0x6B,
    0x83, 0x9B, 0xF1, 0xAC, 0x71, 0x6E, 0xB3, 0x58, 0x49, 0xC9, 0xD8, 0xE6, 0xD5, 0xD4, 0xE6, 0xA7,
    0x58, 0x49, 0x22, 0xBB, 0xD7, 0x13, 0x9B, 0xF7, 0xEB, 0x81, 0xCD, 0x43, 0x9C, 0xD7, 0xAC, 0x87,
    0xBB, 0x36, 0xAE, 0x59, 0x50, 0x66, 0xD3, 0x9A, 0x15, 0x69, 0x36, 0xAC, 0x59, 0x8D, 0x4B, 0x9B,
    0xD5, 0xAC, 0x26, 0x92, 0x8D, 0x6A, 0x56, 0x2B, 0xC9, 0x26, 0x35, 0x03, 0x79, 0xC9, 0xA0, 0x66,
    0x48, 0xF9, 0x38, 0xA7, 0x19, 0x08, 0x8C, 0x63, 0x9A, 0x19, 0x85, 0xC9, 0x94, 0xE6, 0x4C, 0x6E,
    0x6D, 0x48, 0x33, 0xA3, 0x31, 0x99, 0xD1, 0x9C, 0xA1, 0xF2, 0x2F, 0x0B, 0x23, 0x9A, 0xB9, 0xC1,
    0x4E, 0x32, 0xA1, 0x99, 0xCD, 0x8E, 0xD5, 0x80, 0xE6, 0x37, 0x6E, 0xCE, 0x67, 0xBE, 0x31, 0x9E,
    0xF9, 0xCC, 0x74, 0xE6, 0x1B, 0xC3, 0x99, 0x63, 0x0E, 0xD1, 0x53, 0xFB, 0xD4, 0x5D, 0x9F, 0x4D,
    0x2F, 0x4E, 0xA6, 0x32, 0xA7, 0x43, 0x99, 0x57, 0x33, 0x99, 0x93, 0xF4, 0xEE, 0x24, 0xED, 0x63,
    0x7B, 0xF8, 0x04, 0x1A, 0x69, 0x8A, 0xA2, 0x59, 0x41, 0x96, 0xCC, 0x98, 0xC4, 0x2C, 0x82, 0x79,
    0x92, 0x4E, 0x33, 0xD0, 0x48, 0x68, 0x92, 0x20, 0x1A, 0x09, 0xBC, 0x7B, 0x46, 0x23, 0x5D, 0xBD,
    0x38, 0x8D, 0x14, 0xA7, 0x2F, 0x27, 0x4A, 0xF8, 0xA6, 0x46, 0x7A, 0xEC, 0x27, 0x19, 0xBC, 0x5C,
    0x9E, 0x3D, 0x17, 0x48, 0x4A, 0x13, 0x9E, 0xDA, 0x1C, 0x3A, 0x69, 0xD4, 0x58, 0x9D, 0xFD, 0xDC,
    0x1B, 0xE3, 0x96, 0x93, 0x1E, 0x1F, 0x49, 0x8B, 0x0F, 0x2B, 0x54, 0x72, 0x53, 0x90, 0xEE, 0xF5,
    0x12, 0xDC, 0x31, 0x1E, 0xB4, 0x6C, 0xFC, 0x82, 0xAA, 0x67, 0xE1, 0x95, 0x3F, 0x1F, 0x03, 0x9F,
    0xBC, 0x1A, 0x9C, 0x09, 0x0C, 0x59, 0x16, 0x5F, 0xC2, 0x19, 0xD6, 0x75, 0xC4, 0x32, 0x34, 0xA1,
    0x4C, 0x58, 0x66, 0xAC, 0xEB, 0x80, 0x65, 0xF0, 0x83, 0xD7, 0x3C, 0x84, 0x7C, 0xB2, 0xF1, 0xCA,
    0x84, 0x75, 0x9B, 0xAE, 0x2C, 0x93, 0x09, 0xF5, 0xB0, 0xFC, 0x8D, 0x64, 0xB6, 0x72, 0x3A, 0x5A,
    0x39, 0x99, 0xAC, 0x9C, 0x0C, 0x56, 0xBE, 0x39, 0x57, 0xF9, 0xF6, 0x61, 0x8B, 0x69, 0x1A, 0xB8,
    0x20, 0xC0, 0x60, 0x56, 0x6E, 0x0A, 0x43, 0xB5, 0x61, 0x40, 0x85, 0x28, 0x36, 0x99, 0x4F, 0xA1,
    0x6A, 0x0D, 0xE3, 0x29, 0x54, 0xA9, 0xC9, 0x74, 0x0A, 0x46, 0x83, 0x0D, 0xA7, 0x80, 0x42, 0xD3,
    0xD9, 0x14, 0x42, 0x7E, 0x32, 0x9A, 0x22, 0x93, 0x00, 0x1F, 0x26, 0x53, 0x40, 0xC2, 0x2E, 0x96,
    0xFA, 0xA7, 0xBE, 0x29, 0x5E, 0xC3, 0xCD, 0x70, 0x06, 0x8B, 0x61, 0xCF, 0xC9, 0x54, 0x8A, 0x37,
    0xD6, 0x43, 0x29, 0xD2, 0x99, 0x14, 0xE9, 0x48, 0x0A, 0x4C, 0xA4, 0x78, 0x71, 0xAC, 0x17, 0x8C,
    0x41, 0x8C, 0x8B, 0x08, 0xAC, 0x17, 0x8C, 0xC1, 0x2C, 0x31, 0x06, 0x37, 0xE7, 0x8D, 0xC1, 0xAB,
    0xC8, 0x7A, 0xA7, 0xC0, 0x7A, 0x59, 0x64, 0xBD, 0x3C, 0xB2, 0xDE, 0x36, 0xB2, 0x9E, 0x32, 0xC9,
    0xED, 0xC6, 0xE0, 0x31, 0x7B, 0xEC, 0x3C, 0x73, 0x15, 0x60, 0x0A, 0xF3, 0x93, 0xF7, 0x71, 0x7C,
    0xF2, 0x8F, 0xE2, 0xF4, 0xE4, 0x1F, 0xC8, 0xF0, 0x64, 0xE9, 0x2A, 0x8F, 0xD9, 0xC9, 0x8C, 0x07,
    0x19, 0x9D, 0x0C, 0x3C, 0xC8, 0xE4, 0x64, 0xE0, 0x41, 0x06, 0x27, 0xAB, 0x85, 0x03, 0x83, 0x1C,
    0x74, 0x20, 0x25, 0xA7, 0x20, 0x03, 0x09, 0x4E, 0x33, 0x1E, 0x74, 0x68, 0x32, 0x98, 0x41, 0x40,
    0x30, 0x83, 0x8C, 0x4C, 0x16, 0x0B, 0xE1, 0x65, 0x63, 0x06, 0x75, 0x79, 0x6C, 0x27, 0xDA, 0x68,
    0x12, 0xB6, 0x51, 0x3E, 0xB7, 0x41, 0xB7, 0xA6, 0x5D, 0x5B, 0x9F, 0x07, 0xCC, 0x9E, 0xB3, 0xB5,
    0x48, 0x8C, 0xD4, 0xDC, 0x7B, 0x14, 0xF8, 0x42, 0xFA, 0xA6, 0x82, 0x2F, 0x64, 0x40, 0xB2, 0xA2,
    0x03, 0xF3, 0x91, 0x95, 0x2F, 0x30, 0x1E, 0x59, 0x10, 0xA2, 0xD3, 0x91, 0xC5, 0xD4, 0x93, 0xE1,
    0xC8, 0x62, 0xE8, 0xC9, 0x6C, 0x64, 0x31, 0xF3, 0x4C, 0xA8, 0xC9, 0xFB, 0x14, 0x3E, 0xDA, 0x60,
    0xE4, 0x60, 0xE0, 0xB5, 0xD1, 0xBC, 0x33, 0x29, 0x91, 0x4C, 0x45, 0x7E, 0x63, 0x3D, 0x14, 0x39,
    0x9D, 0x89, 0xBC, 0x1E, 0x89, 0x9C, 0x4E, 0x44, 0xB6, 0x81, 0xC8, 0xFB, 0x64, 0x1E, 0xF2, 0x8F,
    0x93, 0x71, 0xC8, 0x6F, 0xEB, 0x34, 0x64, 0xC4, 0x34, 0x74, 0x18, 0x32, 0xE3, 0x44, 0x67, 0x21,
    0x0B, 0x81, 0xC8, 0x28, 0x64, 0xE0, 0x44, 0x27, 0x21, 0x03, 0x27, 0x3A, 0x08, 0x19, 0x38, 0xD1,
    0x39, 0xC8, 0x2A, 0x31, 0x65, 0x0C, 0x32, 0x44, 0xA6, 0x4E, 0x41, 0x66, 0x9C, 0xD8, 0x10, 0x64,
    0xC6, 0x89, 0xCD, 0x40, 0x06, 0x4E, 0x74, 0x04, 0x32, 0x70, 0xD2, 0x5B, 0x45, 0x1B, 0xF3, 0x99,
    0x0E, 0x40, 0x06, 0xAD, 0xE8, 0xFC, 0x63, 0x1D, 0xBC, 0xA2, 0x30, 0x53, 0x4B, 0x3A, 0xFD, 0x38,
    0x1D, 0x7E, 0xBC, 0x9A, 0x7D, 0x9C, 0xDA, 0x0F, 0xEE, 0x7C, 0x0B, 0x91, 0xE0, 0x3B, 0x84, 0xE9,
    0xF4, 0xBB, 0x55, 0xE7, 0x99, 0xE0, 0x4F, 0x99, 0xDD, 0xAD, 0x81, 0xFF, 0xD9, 0xFA, 0x99, 0xCF,
    0x8E, 0xB3, 0x68, 0x39, 0x02, 0xE1, 0xBF, 0x39, 0x22, 0xA0, 0xE8, 0x67, 0x0E, 0xF0, 0x1F, 0xE0,
    0x79, 0x1F, 0x5A, 0xFC, 0x4B, 0x57, 0xFE, 0xD4, 0xDF, 0xEF, 0x90, 0x7B, 0xF5, 0x90, 0x31, 0xCB,
    0x29, 0x1F, 0x7E, 0x2F, 0x52, 0xB0, 0xF0, 0xAA, 0x06, 0xED, 0xF0, 0x80, 0xBB, 0xC4, 0x05, 0xC5,
    0x18, 0x4E, 0xFB, 0x42, 0x3E, 0x75, 0xB0, 0x48, 0xAA, 0xE1, 0x4C, 0xA1, 0x59, 0xBF, 0xD6, 0x8E,
    0xA6, 0x1A, 0x23, 0xFD, 0x27, 0xD7, 0xDF, 0x95, 0xAB, 0xBA, 0x3B, 0x32, 0xB3, 0x1E, 0x01, 0x12,
    0x5C, 0x4B, 0x29, 0x66, 0x9E, 0xDD, 0x28, 0x57, 0xBF, 0xC3, 0x95, 0xCD, 0xF2, 0xEE, 0x4F, 0x10,
    0x11, 0xA9, 0xFF, 0x37, 0x82, 0x03, 0x42, 0x94, 0x3C, 0xD4, 0xD1, 0xF7, 0xBC, 0xB2, 0x5A, 0x72,
    0xF7, 0xB8, 0x13, 0x14, 0xA2, 0xF1, 0xF4, 0x39, 0x97, 0x38, 0x0A, 0xC5, 0x95, 0x64, 0x7C, 0xCD,
    0x05, 0x30, 0x1B, 0xFF, 0x00, 0xF7, 0x19, 0x91, 0x17, 0xAE, 0x5B, 0xFF, 0x8E, 0x8D, 0x12, 0x93,
    0x2B, 0x27, 0x80, 0x69, 0x66, 0xA3, 0x44, 0x85, 0x3E, 0x1B, 0xDC, 0x62, 0xDD, 0x35, 0xDD, 0xB3,
    0xB0, 0x63, 0xF3, 0x6A, 0x69, 0xBA, 0x32, 0x5D, 0x98, 0xAE, 0x4B, 0x97, 0xA5, 0xAB, 0xD2, 0x45,
    0x61, 0x4D, 0xB2, 0xA4, 0x4E, 0x56, 0xD4, 0x21, 0x70, 0x53, 0x63, 0xA7, 0x2C, 0x81, 0xBD, 0x46,
    0x5D, 0x00, 0xF4, 0x5B, 0xE5, 0x51, 0xF4, 0x4D, 0x0A, 0x9A, 0x2F, 0xAE, 0x6B, 0xDF, 0xE9, 0x30,
    0x05, 0x10, 0x63, 0x58, 0x76, 0xD0, 0x25, 0xCD, 0x01, 0x86, 0x1D, 0xCF, 0xD9, 0xE8, 0xD0, 0xBD,
    0x4F, 0x3F, 0xE5, 0xA5, 0x54, 0x9C, 0xA7, 0xF3, 0x81, 0x75, 0x3C, 0xF0, 0x3E, 0x99, 0x0E, 0xBC,
    0x4F, 0x86, 0x03, 0x0F, 0x3A, 0x1B, 0x78, 0xCE, 0xE2, 0x68, 0x60, 0xE6, 0x59, 0x9D, 0x0C, 0x0C,
    0x9E, 0xD5, 0xC1, 0xC0, 0x22, 0xC7, 0x64, 0x2E, 0x30, 0x78, 0x56, 0xC7, 0x02, 0x83, 0x67, 0x75,
    0x2A, 0x30, 0x78, 0xD6, 0x86, 0x02, 0x8B, 0x99, 0x23, 0x33, 0x81, 0xD5, 0xCE, 0x39, 0x98, 0x79,
    0x69, 0x13, 0x81, 0xC1, 0xB3, 0x3A, 0x10, 0x58, 0x42, 0xA6, 0x96, 0x0B, 0xC3, 0x3C, 0xAB, 0xE3,
    0x80, 0x2D, 0x43, 0xE5, 0x2A, 0xD9, 0x8E, 0xAB, 0x28, 0xE1, 0x57, 0x73, 0x7D, 0x9F, 0x17, 0x7E,
    0xF6, 0x91, 0x8D, 0xD0, 0x7A, 0x49, 0x57, 0xA6, 0xD7, 0x6D, 0x02, 0xB0, 0x98, 0x81, 0x3A, 0x00,
    0x58, 0x0C, 0x41, 0x9D, 0xFF, 0xAB, 0xA6, 0xA0, 0x8C, 0xFF, 0x15, 0x63, 0x50, 0xA7, 0xFF, 0x8A,
    0x70, 0xB3, 0xE1, 0xBF, 0x8C, 0xA9, 0x30, 0xFB, 0x17, 0x71, 0x31, 0x1B, 0xFD, 0x8B, 0xA8, 0xBC,
    0x4D, 0xFE, 0x65, 0x64, 0x85, 0xC1, 0xBF, 0x8C, 0xAD, 0x30, 0xF7, 0x97, 0xD1, 0x15, 0xC7, 0xFE,
    0x32, 0xBE, 0xC2, 0xD4, 0x5F, 0x3C, 0x6B, 0x1C, 0xFA, 0x0B, 0x7F, 0x33, 0x9D, 0xF9, 0xBB, 0x1A,
    0xF9, 0xBB, 0x9A, 0xF8, 0xBB, 0x1E, 0xF8, 0xFB, 0xD8, 0xBC, 0xDF, 0x5F, 0x25, 0xCF, 0x6C, 0x7A,
    0xF0, 0x4C, 0xA3, 0x59, 0x1F, 0xB8, 0x34, 0x78, 0x7B, 0x2E, 0x3D, 0x13, 0xC0, 0xFF, 0xCA, 0xFE,
    0xCA, 0xFD, 0xCA, 0xFC, 0xCA, 0xFB, 0x69, 0x9B, 0x04, 0x4D, 0x49, 0xFF, 0xEC, 0xEE, 0xF6, 0x94,
    0x13, 0x0B, 0x4A, 0xF0, 0x89, 0x97, 0x5A, 0xA1, 0x18, 0x01, 0xC7, 0x5B, 0x23, 0x23, 0x5A, 0x5B,
    0xA8, 0xCF, 0xE2, 0x03, 0x69, 0x1E, 0x58, 0x78, 0xCC, 0x6B, 0x40, 0x49, 0xC9, 0x90, 0x85, 0x3C,
    0x80, 0x2C, 0xFB, 0xAB, 0xDF, 0xAB, 0xDE, 0xC2, 0xB8, 0xA3, 0xB6, 0x7A, 0xBB, 0xE3, 0x7D, 0xBB,
    0xE6, 0x79, 0x07, 0xB4, 0x99, 0xD7, 0x2C, 0xCC, 0xB9, 0x63, 0x2A, 0xD7, 0xCD, 0x70, 0xA2, 0xAE,
    0xFF, 0x00, 0xFD, 0x47, 0x6A, 0xFF, 0x3D, 0xAE, 0x7C, 0xDB, 0xE5, 0x27, 0x0E, 0xBC, 0x58, 0x0D,
    0x54, 0xA5, 0x55, 0x4F, 0xA8, 0xCB, 0xC5, 0xD9, 0xF4, 0x41, 0x92, 0xB1, 0xB5, 0x1C, 0x9C, 0xF3,
    0x8D, 0x4E, 0x9A, 0x92, 0x92, 0xB4, 0x07, 0x0F, 0x87, 0xEC, 0xE1, 0x8C, 0x5D, 0xFB, 0x2B, 0x84,
    0x41, 0x30, 0x0A, 0x7C, 0x5E, 0x81, 0xDC, 0x2B, 0xA0, 0x87, 0x61, 0xD8, 0x2B, 0x00, 0xE5, 0xA2,
    0xBD, 0x98, 0x38, 0xA8, 0x0D, 0x80, 0xFD, 0x75, 0x1C, 0x9F, 0xCD, 0x99, 0x02, 0x07, 0x03, 0x3A,
    0x05, 0x2E, 0xAD, 0x83, 0xD3, 0x1D, 0x64, 0xAB, 0x0E, 0xA2, 0x57, 0x4F, 0x02, 0x54, 0x1F, 0xF9,
    0xD7, 0x04, 0x18, 0xB4, 0xBA, 0x85, 0xB3, 0x3C, 0x04, 0x38, 0xEA, 0x21, 0xDA, 0x76, 0x52, 0x15,
    0xBB, 0x19, 0xA3, 0x42, 0x4A, 0x8E, 0xD2, 0x6E, 0x5D, 0x60, 0x3E, 0x27, 0x63, 0x3A, 0x41, 0x86,
    0xD2, 0x69, 0x97, 0x08, 0xF1, 0xB1, 0x05, 0x0E, 0xB6, 0xC0, 0xDD, 0xE3, 0x0B, 0xE4, 0x77, 0xA1,
    0xED, 0x05, 0xBA, 0x46, 0x1E, 0x44, 0x78, 0x21, 0x5A, 0x1F, 0x62, 0xF5, 0x56, 0xD2, 0x72, 0x95,
    0x85, 0x38, 0x7D, 0x61, 0x51, 0xFA, 0xC2, 0x62, 0xF4, 0x5B, 0x8B, 0xD0, 0x6B, 0xC6, 0x80, 0xDB,
    0xA9, 0x19, 0xD1, 0x7C, 0xF5, 0xEC, 0x21, 0xE8, 0xED, 0xC9, 0x50, 0x57, 0x37, 0xA4, 0xD8, 0x95,
    0x5A, 0x69, 0x57, 0x5A, 0x0F, 0x74, 0xC5, 0xAA, 0x12, 0x57, 0x89, 0x38, 0x5C, 0x6D, 0x3D, 0x42,
    0x1C, 0x57, 0xCD, 0x11, 0x6A, 0xFF, 0x4A, 0x15, 0x61, 0xAF, 0x49, 0xF1, 0x3D, 0x8C, 0xCE, 0xFC,
    0x41, 0x2F, 0xE7, 0x9B, 0x3C, 0x9E, 0x87, 0x0F, 0xA8, 0xC7, 0x3B, 0x7A, 0x15, 0xBB, 0x38, 0x0C,
    0xC6, 0x3D, 0x65, 0x9F, 0xFD, 0x96, 0xCB, 0x34, 0x7B, 0x40, 0xC2, 0x1D, 0x78, 0xAC, 0x0B, 0xFF,
    0x46, 0x68, 0x43, 0x62, 0x56, 0x51, 0xDD, 0x9D, 0x95, 0xB2, 0xB7, 0x0E, 0x8E, 0x9B, 0x13, 0x0F,
    0x5E, 0xAD, 0x69, 0x85, 0xB5, 0xF1, 0x9F, 0x05, 0xA6, 0x64, 0x22, 0x2E, 0xC4, 0xAB, 0x0E, 0xC4,
    0x55, 0x2D, 0x24, 0x0F, 0x05, 0x6B, 0x5A, 0xC7, 0xE1, 0x4A, 0x30, 0x4A, 0xA6, 0xE1, 0xE2, 0xC0,
    0x53, 0x87, 0xE1, 0x42, 0xB2, 0xEA, 0x2C, 0xDC, 0x4C, 0x92, 0x28, 0xD4, 0x82, 0x26, 0xAF, 0x74,
    0x8E, 0xD6, 0x74, 0x18, 0x84, 0x8B, 0x36, 0xEB, 0x83, 0x45, 0x17, 0xE6, 0x64, 0x0C, 0xEE, 0x1B,
    0xE7, 0x6A, 0xEE, 0x9F, 0x07, 0x4E, 0x07, 0xE0, 0x86, 0xF9, 0xB7, 0xE9, 0xF8, 0xDB, 0xD5, 0xF4,
    0x5B, 0x17, 0x9B, 0x98, 0xEB, 0xEC, 0x5B, 0xE0, 0x4A, 0x46, 0xDF, 0x0A, 0xAE, 0x64, 0xF2, 0xAD,
    0xE0, 0x4A, 0x06, 0xDF, 0x8A, 0x2A, 0xD2, 0xFE, 0xC1, 0x72, 0x3E, 0x2C, 0x4D, 0x97, 0x25, 0xF0,
    0x29, 0x53, 0x6F, 0x81, 0x2B, 0x1D, 0x7A, 0x8B, 0xA8, 0x9D, 0xCE, 0xBC, 0x35, 0xCA, 0x3E, 0xF3,
    0xFB, 0x18, 0xE1, 0x7C, 0x8A, 0xF0, 0x26, 0x81, 0x23, 0x1F, 0x1A, 0xAE, 0xD2, 0x90, 0xEF, 0xF3,
    0xC2, 0x6B, 0x5A, 0x5A, 0xC1, 0xAB, 0x89, 0xA4, 0xA6, 0xAE, 0x5D, 0xD0, 0xD6, 0x07, 0x85, 0x09,
    0x3F, 0x32, 0xE1, 0xD6, 0x62, 0xC3, 0x7B, 0x97, 0x99, 0xAA, 0xC6, 0x7C, 0x5B, 0xD3, 0xD4, 0xDE,
    0xE9, 0xF1, 0x95, 0x4D, 0xB7, 0x55, 0x3D, 0x8D, 0x14, 0x0D, 0xA8, 0x69, 0x3D, 0x69, 0x32, 0x2D,
    0xDD, 0xEA, 0xD3, 0x96, 0x21, 0x3F, 0x9A, 0x75, 0xF4, 0x14, 0x72, 0xA5, 0xC3, 0x5C, 0x5B, 0xED,
    0x7F, 0xE7, 0x82, 0x96, 0x0C, 0x33, 0x08, 0x19, 0x3F, 0xE9, 0x50, 0xDB, 0x74, 0xA6, 0xED, 0x6A,
    0x22, 0xE9, 0x6A, 0x3A, 0xE9, 0x73, 0x34, 0xBE, 0xB7, 0x61, 0xB6, 0xF0, 0xCC, 0xBC, 0xF5, 0xE0,
    0x66, 0x9C, 0x68, 0x97, 0x6E, 0xE0, 0x04, 0x93, 0x6C, 0x15, 0x27, 0x18, 0x64, 0xAB, 0xA1, 0x2C,
    0xCC, 0xB1, 0x55, 0xCF, 0x4C, 0xC6, 0xD8, 0x8A, 0x95, 0x27, 0x53, 0x6C, 0xC5, 0xCA, 0x93, 0x21,
    0xB6, 0x42, 0x33, 0xD5, 0x60, 0xD4, 0x62, 0x23, 0x6C, 0x19, 0x27, 0x36, 0xC1, 0x56, 0xA6, 0x07,
    0xCF, 0x81, 0x66, 0xC2, 0xFC, 0x5A, 0x08, 0xE8, 0xEE, 0xD3, 0xD2, 0x4C, 0x7F, 0x6E, 0x70, 0x6D,
    0x32, 0xB7, 0xD6, 0x1A, 0xF7, 0x0D, 0xC1, 0x7B, 0xAF, 0x74, 0x1C, 0x63, 0x3D, 0xC9, 0xCC, 0x5A,
    0x3D, 0xDE, 0x93, 0x74, 0x0B, 0x42, 0x86, 0x4C, 0xAC, 0x15, 0x59, 0x83, 0x81, 0xB5, 0x40, 0xC5,
    0x56, 0x1A, 0xB6, 0x23, 0x92, 0x21, 0xA5, 0x82, 0x9A, 0x1F, 0x5B, 0xEE, 0x03, 0xEF, 0x54, 0xC9,
    0x30, 0xE8, 0x21, 0x70, 0x8E, 0xF4, 0xAD, 0xC8, 0x27, 0x9B, 0x54, 0x8B, 0x99, 0x8E, 0x16, 0xA5,
    0x99, 0xE3, 0x9C, 0xDA, 0x37, 0x56, 0xB3, 0xAD, 0x92, 0x8C, 0xE2, 0x94, 0x24, 0x92, 0x19, 0xB5,
    0x49, 0x43, 0x87, 0x74, 0x42, 0xED, 0x17, 0x9E, 0x33, 0xBE, 0xF1, 0x2F, 0x22, 0xEE, 0xF7, 0xB4,
    0x9F, 0x64, 0x0C, 0x6D, 0x3A, 0x31, 0x28, 0x1D, 0x34, 0xB0, 0x9A, 0x41, 0xFB, 0xC7, 0xD9, 0xBF,
    0xE8, 0x58, 0xE2, 0xB9, 0x9F, 0x5F, 0x3F, 0x7B, 0x50, 0x92, 0xC4, 0x54, 0x92, 0xA6, 0x65, 0x37,
    0xA6, 0xCC, 0xF6, 0xE7, 0x4C, 0x85, 0x25, 0x95, 0xEE, 0xE6, 0x8A, 0xB9, 0xE8, 0x88, 0xB9, 0xE8,
    0x86, 0xB9, 0xE8, 0x84, 0xB9, 0xE8, 0x82, 0xB9, 0x20, 0xD7, 0xB9, 0x0B, 0xB3, 0xB9, 0x5F, 0x2E,
    0x48, 0xF5, 0x60, 0x20, 0x8C, 0x66, 0x13, 0x44, 0x99, 0x9E, 0x88, 0x74, 0x38, 0x5D, 0x9D, 0xBB,
    0x29, 0xD0, 0x13, 0x79, 0xFE, 0x46, 0x3A, 0x52, 0x36, 0x99, 0x28, 0x9B, 0x0C, 0x94, 0x4D, 0xE6,
    0xC9, 0x62, 0x9C, 0x2C, 0xD9, 0xF5, 0x15, 0xF7, 0xCD, 0xE1, 0xDF, 0x05, 0xD7, 0xA5, 0x73, 0xDB,
    0x3D, 0xCE, 0x79, 0x3D, 0x70, 0x14, 0xAA, 0x18, 0x39, 0xE1, 0x32, 0x97, 0x43, 0x2D, 0xBF, 0xE0,
    0xE8, 0x78, 0xCF, 0xA5, 0xEA, 0xC8, 0x61, 0x6B, 0x51, 0xAB, 0xE0, 0x90, 0xDD, 0x56, 0xC3, 0xE0,
    0xDE, 0xF4, 0x38, 0x1C, 0xCB, 0x3D, 0x2A, 0xC9, 0x6B, 0xF1, 0x15, 0xF9, 0x77, 0xCF, 0x2D, 0x19,
    0x48, 0xF8, 0xD6, 0xC8, 0x60, 0x7B, 0x8D, 0xD3, 0xD9, 0x1A, 0x4E, 0x6A, 0xDB, 0x21, 0xC3, 0xAD,
    0x43, 0x6F, 0x82, 0x23, 0xB3, 0x17, 0x79, 0xE4, 0xFC, 0x39, 0xA9, 0x0A, 0xE6, 0xE9, 0x11, 0x6A,
    0x69, 0x19, 0x84, 0xD9, 0x11, 0xDF, 0xFE, 0x76, 0xFF, 0x6D, 0x1B, 0x4C, 0xE0, 0x6C, 0x72, 0xC4,
    0xA6, 0xCF, 0x32, 0x19, 0x1C, 0x81, 0xFC, 0x31, 0x9E, 0x1B, 0xB1, 0x55, 0xCB, 0xF1, 0x67, 0xC4,
    0x12, 0x2D, 0x4C, 0xD1, 0xE2, 0x63, 0x84, 0x77, 0x4A, 0x09, 0x2F, 0x38, 0x14, 0x22, 0x16, 0xB2,
    0xA9, 0x3C, 0x32, 0xE2, 0x24, 0x43, 0xCC, 0x0E, 0x1C, 0xC2, 0x64, 0xA8, 0x91, 0x51, 0x9A, 0xD2,
    0xDC, 0x84, 0x4B, 0x2D, 0x1C, 0x34, 0x5B, 0xF1, 0x0B, 0xD9, 0x02, 0x9E, 0x16, 0x51, 0xCE, 0x12,
    0xF6, 0xF9, 0x40, 0xC6, 0x9F, 0xCA, 0xAC, 0x08, 0xA7, 0x79, 0xB5, 0xA3, 0x65, 0xE9, 0xB6, 0xA3,
    0x75, 0x98, 0xAC, 0x47, 0xD3, 0xA9, 0x28, 0xF9, 0x13, 0x1E, 0x27, 0x79, 0xF7, 0x3B, 0x99, 0xEC,
    0x08, 0x9F, 0x84, 0x7B, 0xB9, 0x62, 0x57, 0xFE, 0xF2, 0xA3, 0xD7, 0x69, 0x5F, 0x90, 0x33, 0x8C,
    0x9D, 0xE1, 0x38, 0x06, 0x2D, 0x67, 0x40, 0x8E, 0xA4, 0xD7, 0x7A, 0xF9, 0x05, 0xFA, 0xAF, 0xE4,
    0x1D, 0x62, 0x0F, 0x52, 0xAB, 0x08, 0xDB, 0x41, 0xAE, 0xEE, 0x3D, 0xB9, 0x36, 0xEC, 0x62, 0x71,
    0xA6, 0x33, 0xA7, 0x8B, 0xA3, 0x19, 0xC7, 0xA2, 0x7A, 0xB3, 0x7F, 0x5B, 0xAE, 0xB5, 0x36, 0x02,
    0x2A, 0xF4, 0x4A, 0xBB, 0x23, 0xD7, 0x56, 0x0E, 0xEB, 0xC9, 0x56, 0x79, 0x15, 0x7F, 0x5F, 0xFA,
    0x0F, 0x46, 0x3D, 0x97, 0x1E, 0x55, 0x09, 0x8E, 0xE9, 0x51, 0x90, 0xD7, 0x24, 0x8A, 0x2F, 0xA8,
    0xAE, 0xBC, 0x83, 0x35, 0xCA, 0x7E, 0xCE, 0xBA, 0x9B, 0x33, 0xF6, 0xB2, 0xC7, 0xF1, 0x39, 0x3F,
    0xDD, 0x20, 0xFB, 0xE8, 0x74, 0x17, 0xAF, 0x64, 0x0F, 0xA5, 0x61, 0xF5, 0xCF, 0x70, 0xC5, 0xD4,
    0x8F, 0x39, 0x93, 0x91, 0x1F, 0xE8, 0x62, 0x24, 0x57, 0xA4, 0x36, 0x5D, 0x69, 0x62, 0xEE, 0xB5,
    0xF6, 0x12, 0x40, 0xA7, 0x08, 0x89, 0x6E, 0x63, 0xC0, 0x87, 0xD3, 0xE9, 0x1E, 0x4E, 0x76, 0x0B,
    0x57, 0xEC, 0x95, 0xEE, 0x54, 0xAB, 0xFB, 0xB4, 0xC8, 0x2E, 0x69, 0x83, 0x95, 0x51, 0xA2, 0xD7,
    0xF9, 0xEB, 0x26, 0x45, 0xFE, 0x1A, 0x68, 0xE8, 0xB8, 0xB0, 0xA3, 0x94, 0x4B, 0xF5, 0x51, 0xD6,
    0xFC, 0x1C, 0x91, 0x4D, 0x0E, 0x92, 0x73, 0x1F, 0xC7, 0x1D, 0x1B, 0x24, 0x28, 0xFD, 0x28, 0xFF,
    0x51, 0x53, 0x9E, 0x3D, 0x1F, 0xDE, 0x71, 0xA3, 0xCB, 0x1D, 0x7A, 0x93, 0x35, 0x3B, 0x74, 0xCC,
    0xA5, 0x0B, 0x07, 0xA5, 0xB8, 0x08, 0x83, 0x7B, 0x56, 0xED, 0x90, 0xC9, 0xC8, 0x97, 0xFB, 0xF4,
    0xD1, 0x3B, 0xA8, 0x60, 0x5C, 0xB6, 0x98, 0xA5, 0x4E, 0xB7, 0x6F, 0xA2, 0x21, 0x56, 0x2D, 0x73,
    0x6D, 0xB6, 0x22, 0x2A, 0xF8, 0xAD, 0x7C, 0x56, 0xC9, 0x8D, 0xB3, 0xBD, 0x7F, 0x84, 0x7E, 0x58,
    0xE2, 0x2B, 0xF5, 0x56, 0xD6, 0x62, 0x27, 0xA4, 0x1A, 0x8F, 0xFD, 0x6C, 0xF6, 0x6C, 0x7D, 0x98,
    0x6F, 0xF6, 0xC2, 0xD0, 0xBE, 0x9E, 0x48, 0xC9, 0xB6, 0xD2, 0x8A, 0x1E, 0xAD, 0xE0, 0xBD, 0xB4,
    0x1C, 0x65, 0x17, 0x5D, 0xFA, 0x7A, 0x16, 0x73, 0xE1, 0xAD, 0xAF, 0x27, 0x67, 0x88, 0x7B, 0xEB,
    0xEB, 0xC9, 0x2C, 0xA1, 0x7D, 0x3D, 0xE9, 0xBF, 0xD0, 0xD7, 0x93, 0xD1, 0x10, 0xFA, 0x7A, 0xF2,
    0xF2, 0xAC, 0xAF, 0xA7, 0x4B, 0xFA, 0x7A, 0xDE, 0xCD, 0xFE, 0x09, 0xFA, 0x7A, 0x12, 0x76, 0x4E,
    0xDA, 0xD7, 0x93, 0x41, 0xED, 0xEB, 0x49, 0x78, 0x9A, 0xB5, 0xAF, 0x27, 0xEA, 0x12, 0xA4, 0xAF,
    0xA7, 0x28, 0x2F, 0xF4, 0xF5, 0x64, 0x24, 0x69, 0x5F, 0x4F, 0xC6, 0x91, 0xF6, 0xF5, 0x94, 0x8A,
    0x1E, 0xF4, 0xF5, 0x64, 0x0C, 0x69, 0x5F, 0xCF, 0x2D, 0x78, 0x55, 0xFA, 0x7A, 0x12, 0x7E, 0xB4,
    0xAF, 0x27, 0x0A, 0xE5, 0xA4, 0xAF, 0x67, 0x21, 0x6D, 0x88, 0x24, 0x58, 0xB5, 0x0B, 0x7D, 0x3D,
    0x99, 0x74, 0xB5, 0xAF, 0xE7, 0xDD, 0xEC, 0x9F, 0xA2, 0xAF, 0x67, 0x8F, 0x06, 0x8E, 0x9A, 0xEF,
    0x79, 0x92, 0xBE, 0x9E, 0x2D, 0xDC, 0x48, 0xEE, 0xEB, 0x29, 0xBA, 0xC8, 0x06, 0x0D, 0x4B, 0x5F,
    0x4F, 0x42, 0x4B, 0xAE, 0xA9, 0x9E, 0x3D, 0x9F, 0xEA, 0x70, 0xA6, 0x67, 0x8E, 0xAE, 0xF0, 0x9C,
    0xE8, 0xC9, 0x38, 0x91, 0xBE, 0x9E, 0x82, 0x12, 0xF4, 0xF5, 0x64, 0x8C, 0xC8, 0x3C, 0xC8, 0x63,
    0xA6, 0x7D, 0x3D, 0xD1, 0x04, 0x58, 0xFA, 0x7A, 0x82, 0xCE, 0x61, 0xE7, 0xB8, 0xD0, 0xD7, 0xF3,
    0xEE, 0x2F, 0xAB, 0xAF, 0x67, 0xFF, 0xB8, 0xB9, 0x15, 0xAD, 0xAD, 0x31, 0x4B, 0x42, 0x18, 0x08,
    0x64, 0x42, 0xC6, 0xA2, 0x11, 0xA5, 0x0C, 0xD6, 0xD9, 0x4B, 0x9E, 0x27, 0xAF, 0x57, 0xFA, 0x7A,
    0xF2, 0x7A, 0xA5, 0xAF, 0x27, 0xAF, 0xF7, 0x6F, 0xA4, 0xAF, 0x27, 0xAF, 0x17, 0xD9, 0x9C, 0x42,
    0x00, 0x16, 0xB9, 0xD6, 0xBE, 0x9E, 0xD2, 0x33, 0x57, 0x35, 0x9F, 0x66, 0x72, 0xDE, 0x7D, 0xB1,
    0x7D, 0x3D, 0xB1, 0xAB, 0xE8, 0xEB, 0xC9, 0x90, 0xF4, 0xF5, 0xE4, 0x5D, 0x95, 0xBE, 0x9E, 0x22,
    0x4F, 0x9C, 0xB5, 0x1B, 0x44, 0x5F, 0x4F, 0x48, 0x04, 0xF4, 0xF5, 0xE4, 0x55, 0x4A, 0x5F, 0xCF,
    0x1C, 0x09, 0x0D, 0xDC, 0xD7, 0x93, 0x57, 0x29, 0x7D, 0x3D, 0xB7, 0x50, 0x4E, 0xE8, 0xEB, 0x89,
    0x0C, 0x66, 0xEE, 0xEB, 0x89, 0x06, 0xBF, 0xE8, 0xEB, 0x59, 0xC0, 0x20, 0x42, 0x5F, 0x4F, 0xBF,
    0xB3, 0xBE, 0x9E, 0x2E, 0xF4, 0xF5, 0xBC, 0xFB, 0x22, 0xFA, 0x7A, 0xF6, 0x8F, 0x19, 0x7C, 0x6D,
    0x30, 0xF6, 0x52, 0x59, 0x27, 0xD9, 0x25, 0xDC, 0xA5, 0x4F, 0x53, 0x9E, 0xF6, 0x08, 0x60, 0xF3,
    0xD6, 0xA1, 0xAF, 0x27, 0xAF, 0x09, 0x7D, 0x3D, 0x79, 0x49, 0x0F, 0xD1, 0xD7, 0x93, 0x56, 0x84,
    0x62, 0x4E, 0xF8, 0xAC, 0x00, 0x16, 0x2B, 0xEF, 0xF4, 0x3B, 0x2D, 0xEF, 0x74, 0xD6, 0xD7, 0xF3,
    0xEE, 0xA7, 0xEA, 0xEB, 0xD9, 0x9F, 0x0B, 0x4C, 0x64, 0xA9, 0xC7, 0xB9, 0x4E, 0x38, 0xB2, 0xAC,
    0x6E, 0xE9, 0x3A, 0x28, 0x5D, 0xCA, 0x68, 0x45, 0xD2, 0xD7, 0x13, 0x6B, 0x92, 0xBE, 0x9E, 0x58,
    0x95, 0xF4, 0xF5, 0xC4, 0xBA, 0xB4, 0xAF, 0x27, 0x56, 0x86, 0xFA, 0x06, 0xAC, 0x4D, 0xFA, 0x7A,
    0x82, 0x26, 0x35, 0xA8, 0x09, 0x65, 0x28, 0xA7, 0xA0, 0x2E, 0xF6, 0xF5, 0xBC, 0x7B, 0x33, 0x82,
    0xF0, 0xCB, 0xEC, 0xEB, 0x99, 0x06, 0xFB, 0x86, 0xD5, 0x4D, 0xD8, 0xE0, 0xA8, 0xD3, 0x8A, 0x34,
    0x35, 0x53, 0xFB, 0x7A, 0x12, 0x72, 0x36, 0xA1, 0xAF, 0x27, 0x0B, 0xA7, 0xD0, 0xD7, 0x93, 0x1D,
    0xF3, 0xD0, 0xD7, 0x13, 0xC4, 0x6C, 0x7D, 0x3D, 0x19, 0x49, 0xB1, 0xAF, 0x27, 0xA1, 0x29, 0xF4,
    0xF5, 0x84, 0xEA, 0xB2, 0xBE, 0x9E, 0x20, 0x84, 0xD0, 0xD7, 0x93, 0x4D, 0x86, 0xD0, 0xD7, 0xD3,
    0xA5, 0x7D, 0x3D, 0xEF, 0xFE, 0x33, 0xED, 0xEB, 0x19, 0x4E, 0x99, 0x9D, 0x5F, 0xC1, 0x6D, 0x02,
    0x07, 0xA5, 0x1A, 0xCE, 0x7C, 0xA5, 0xAF, 0x27, 0x44, 0x83, 0xF6, 0xF5, 0x84, 0xB1, 0xA0, 0x7D,
    0x3D, 0x99, 0xEA, 0xAC, 0xAF, 0x27, 0xE3, 0xD4, 0xFA, 0x7A, 0xC2, 0x58, 0xB0, 0xBE, 0x9E, 0x23,
    0x0A, 0x49, 0xE5, 0x35, 0xC7, 0x2C, 0xF4, 0xF5, 0x64, 0x7C, 0x86, 0xBE, 0x9E, 0x18, 0xF2, 0xAB,
    0x7D, 0x3D, 0x5D, 0xD2, 0xD7, 0xF3, 0x6E, 0xF6, 0x4B, 0xED, 0xEB, 0xD9, 0xCB, 0x41, 0x88, 0xF4,
    0xF5, 0xD4, 0x1B, 0xE9, 0xEB, 0xD9, 0x42, 0xC7, 0x6B, 0x5F, 0x4F, 0x23, 0xB1, 0x64, 0xEA, 0x91,
    0xF6, 0xF5, 0x14, 0x2B, 0x4A, 0xFB, 0x7A, 0x02, 0x33, 0xD6, 0xD7, 0x13, 0x46, 0x82, 0xF5, 0xF5,
    0x84, 0x99, 0x60, 0x7D, 0x3D, 0x19, 0x39, 0x7F, 0x17, 0xFA, 0x7A, 0x22, 0x87, 0x52, 0xFB, 0x7A,
    0x4A, 0x3E, 0xAA, 0xF6, 0xF5, 0x2C, 0xD0, 0xE2, 0xCD, 0xFA, 0x7A, 0xCA, 0x80, 0x58, 0xED, 0xEB,
    0xE9, 0xD2, 0xBE, 0x9E, 0x77, 0x7F, 0x55, 0x7D, 0x3D, 0x83, 0x12, 0xDD, 0x84, 0x72, 0xF3, 0xF9,
    0x31, 0xFD, 0x1A, 0x5B, 0x1F, 0x18, 0xAA, 0x6A, 0x0B, 0x04, 0x90, 0xFB, 0x1B, 0xFE, 0xDA, 0x9C,
    0xCB, 0x20, 0xB8, 0xFD, 0x9C, 0x66, 0x48, 0xE3, 0x75, 0xD6, 0x2E, 0xC5, 0x52, 0x8F, 0x7B, 0x72,
    0x08, 0x36, 0xD7, 0x20, 0xC6, 0x0F, 0x46, 0xAE, 0xFC, 0x65, 0x6C, 0x8F, 0x85, 0x84, 0x07, 0xDB,
    0x71, 0x53, 0x88, 0xF9, 0xA1, 0x13, 0xF4, 0x6C, 0xA4, 0xA0, 0x06, 0xB7, 0xD9, 0xAA, 0x66, 0x6D,
    0x8E, 0xD6, 0xC8, 0xAA, 0xAE, 0x3F, 0x93, 0x89, 0x06, 0xD7, 0x1A, 0x1D, 0x0B, 0xC6, 0x39, 0x4D,
    0x0F, 0xD1, 0x60, 0xCE, 0x26, 0xA0, 0x2F, 0xB4, 0x80, 0xA8, 0x6F, 0x9C, 0x7B, 0xFE, 0xDB, 0x1B,
    0x19, 0x14, 0x7E, 0x8D, 0x36, 0x4B, 0x8F, 0xBE, 0x79, 0x4D, 0xA7, 0x4C, 0xAD, 0xDE, 0x0F, 0x81,
    0xD0, 0xAF, 0x91, 0x64, 0x38, 0x1A, 0x42, 0x94, 0xA4, 0x7E, 0x4F, 0xC6, 0x1B, 0x12, 0xB6, 0x79,
    0xB7, 0xB9, 0x0A, 0xEE, 0xBB, 0x3D, 0x4E, 0x2A, 0xA6, 0x59, 0xF8, 0x71, 0x61, 0x47, 0x9E, 0xE9,
    0x88, 0x53, 0xAC, 0x68, 0xC5, 0x15, 0x07, 0x28, 0x39, 0x9B, 0xFB, 0xA8, 0xA5, 0x2A, 0xA0, 0xC4,
    0xCF, 0xDD, 0x23, 0xCA, 0x3B, 0x4A, 0xAD, 0x21, 0xAE, 0xFE, 0x28, 0x57, 0x35, 0x8A, 0xF8, 0x0A,
    0x93, 0x83, 0xD8, 0x0A, 0x9A, 0xB6, 0x39, 0x6E, 0xB4, 0xC8, 0xD9, 0x6B, 0x5D, 0xA2, 0x46, 0xD2,
    0xEE, 0xA5, 0xD5, 0x04, 0x8F, 0xCD, 0xC5, 0xB2, 0x1D, 0xAD, 0xDF, 0xD3, 0x72, 0x40, 0xFF, 0x25,
    0x71, 0x5F, 0xB9, 0xDB, 0xCA, 0x1D, 0xFA, 0x4A, 0x76, 0x24, 0xD1, 0x07, 0xB4, 0x27, 0xAE, 0x92,
    0xBD, 0x2C, 0x69, 0xD7, 0xF8, 0x69, 0xDC, 0xC3, 0xA1, 0x98, 0x3F, 0x4F, 0x5F, 0xF4, 0xD5, 0x21,
    0x1B, 0x97, 0x0C, 0xB5, 0x1F, 0x2F, 0xB7, 0x59, 0x8D, 0x2A, 0x5E, 0xA9, 0xDD, 0xD5, 0x72, 0xFD,
    0x41, 0xCE, 0x42, 0x51, 0x77, 0x3D, 0x2B, 0xFB, 0xFB, 0x4E, 0xA2, 0x29, 0x4E, 0xB7, 0xB2, 0xB4,
    0x34, 0x27, 0x62, 0x87, 0x67, 0x37, 0x32, 0x3A, 0x53, 0xCA, 0x9D, 0x19, 0x19, 0x9D, 0x19, 0x19,
    0xDC, 0x4C, 0x02, 0xEA, 0x98, 0x9B, 0x49, 0x88, 0x91, 0x51, 0x05, 0x23, 0xA3, 0x7E, 0xCC, 0xC8,
    0x28, 0x83, 0x91, 0xB1, 0x57, 0x23, 0xA3, 0x32, 0x23, 0xE3, 0x53, 0x36, 0x93, 0xD8, 0x0E, 0xEB,
    0xBC, 0x61, 0x72, 0x75, 0xF6, 0x5B, 0x18, 0xC0, 0xA7, 0xC6, 0x93, 0xB6, 0x63, 0x03, 0x98, 0x8D,
    0xFE, 0x2F, 0xCB, 0x87, 0x90, 0x56, 0x7A, 0xD7, 0xE6, 0xEC, 0x62, 0x6C, 0x26, 0x19, 0xFC, 0xB3,
    0x4C, 0xCD, 0xEC, 0xFD, 0x8F, 0x26, 0x18, 0x9D, 0xA2, 0x50, 0x51, 0x41, 0x3B, 0x43, 0x15, 0x8B,
    0x63, 0xD8, 0x7A, 0x28, 0x51, 0x5E, 0xA3, 0xC3, 0x9A, 0x79, 0x91, 0x95, 0x40, 0xEC, 0x00, 0xF5,
    0xE0, 0x2C, 0x7E, 0xC4, 0x0D, 0x20, 0x67, 0x06, 0xAB, 0x5A, 0x1A, 0xDB, 0xD4, 0x88, 0x7D, 0x01,
    0x50, 0x96, 0x3D, 0xB1, 0x57, 0x44, 0xD8, 0x47, 0xA9, 0xFB, 0x94, 0x3E, 0x1E, 0xB9, 0x97, 0x2E,
    0x01, 0x6C, 0xAF, 0x31, 0x01, 0x95, 0x63, 0xBB, 0x17, 0x02, 0xAA, 0x16, 0x3E, 0xD5, 0x83, 0x74,
    0xA7, 0x97, 0x7F, 0x69, 0x06, 0x8E, 0xAB, 0xE1, 0x58, 0x22, 0xA1, 0xF7, 0xF0, 0x72, 0xFD, 0x91,
    0x34, 0xFF, 0x71, 0x5D, 0x83, 0x22, 0x73, 0xC7, 0x9F, 0xC7, 0x07, 0xF6, 0xBB, 0xED, 0x01, 0x68,
    0xC5, 0x95, 0x89, 0x8F, 0xAF, 0xDC, 0xB4, 0x0E, 0xED, 0x0B, 0x26, 0xE1, 0xED, 0xDC, 0x3F, 0x10,
    0xD7, 0xAD, 0x55, 0x0E, 0x2A, 0x8D, 0x83, 0xEE, 0x2F, 0xB7, 0x26, 0x1E, 0xC5, 0x35, 0xA0, 0x2E,
    0x15, 0x2B, 0xD0, 0x05, 0xE0, 0xF9, 0xD9, 0xC0, 0xC1, 0xE3, 0x6F, 0xE5, 0xE9, 0x0B, 0x79, 0xF8,
    0x42, 0x66, 0x98, 0x64, 0xC7, 0x1A, 0x5A, 0xEF, 0x65, 0xF2, 0x60, 0xA0, 0x04, 0x45, 0x34, 0x5F,
    0x8B, 0xD8, 0xBB, 0xB4, 0xA6, 0xCD, 0x7A, 0xC1, 0x3F, 0xBE, 0xBE, 0xC1, 0x69, 0xB4, 0x3C, 0xE2,
    0x46, 0x4F, 0x20, 0xEE, 0x69, 0x1E, 0xFB, 0xBD, 0x75, 0x0F, 0x5B, 0x1B, 0x10, 0xFF, 0xDD, 0x9B,
    0xCE, 0xD7, 0xE3, 0xCD, 0x0B, 0xA6, 0x5B, 0x65, 0xFC, 0x5F, 0x89, 0x8C, 0xC7, 0x2C, 0x3E, 0x08,
    0x05, 0xB4, 0x03, 0xDE, 0x4A, 0x68, 0x10, 0x51, 0xAB, 0x66, 0x82, 0x7C, 0xA8, 0x47, 0x76, 0x31,
    0x58, 0x78, 0x7F, 0xC0, 0x0D, 0x50, 0x59, 0xC6, 0xFB, 0x11, 0xF9, 0x7C, 0x3B, 0x1D, 0x11, 0xDA,
    0x23, 0xD6, 0x4F, 0xC0, 0x7F, 0xC4, 0xE8, 0x38, 0x79, 0xC8, 0x97, 0xE3, 0xE4, 0xCE, 0x08, 0x3C,
    0x41, 0xC7, 0x9D, 0xCE, 0xE4, 0x06, 0xDD, 0x92, 0xF4, 0x76, 0x0C, 0xDB, 0x73, 0x4F, 0x8D, 0x3B,
    0xDA, 0x39, 0xBE, 0x16, 0xDC, 0xC5, 0xA8, 0xFB, 0x1C, 0x4B, 0xB7, 0xA5, 0xF9, 0x26, 0xFA, 0x5D,
    0xF6, 0x6F, 0x7A, 0xE8, 0x22, 0x52, 0x98, 0x3D, 0x3F, 0x7B, 0xC9, 0x05, 0xDF, 0x98, 0xB6, 0xC5,
    0xC9, 0x6A, 0xFF, 0x83, 0xAD, 0xD8, 0x2B, 0x94, 0xAD, 0x34, 0x1D, 0x4C, 0x93, 0x4E, 0xAE, 0xFC,
    0xB9, 0x10, 0xF3, 0x3B, 0x5C, 0x61, 0x8E, 0x5D, 0x61, 0x27, 0x1A, 0x24, 0xB5, 0x11, 0x31, 0x89,
    0xC1, 0x49, 0xA6, 0xDC, 0x2B, 0x22, 0x96, 0xBB, 0x68, 0x02, 0xF5, 0xA9, 0x03, 0xA2, 0xB6, 0x60,
    0x6A, 0x3D, 0x22, 0x56, 0xFA, 0x48, 0xAA, 0x98, 0x71, 0xF6, 0x59, 0x70, 0xE7, 0x69, 0x76, 0xD6,
    0x72, 0x2F, 0x66, 0xAF, 0x13, 0x8A, 0x2F, 0xC5, 0x83, 0x43, 0xEF, 0x14, 0x2F, 0x31, 0xD1, 0x5E,
    0xDE, 0xFE, 0x1B, 0x72, 0xC9, 0x17, 0x09, 0xBC, 0x7A, 0x44, 0x5D, 0x9D, 0x47, 0xD0, 0xBB, 0xCF,
    0x7A, 0x19, 0x00, 0x88, 0x60, 0x77, 0x2F, 0x47, 0x54, 0x6C, 0x5B, 0x21, 0x70, 0x0C, 0x61, 0x57,
    0x6A, 0x23, 0xA9, 0x1D, 0xA2, 0xAB, 0x37, 0x4A, 0xBF, 0xE5, 0xEF, 0xB0, 0xDC, 0xA4, 0x0F, 0x28,
    0x40, 0xE9, 0x03, 0xCA, 0x22, 0x4D, 0xFB, 0x80, 0x8A, 0xF9, 0x86, 0x3E, 0xA0, 0xDA, 0x4B, 0x83,
    0xFB, 0x80, 0xB2, 0xB3, 0xA0, 0x7D, 0x40, 0x11, 0xC7, 0x90, 0x3E, 0xA0, 0xEC, 0xF7, 0x6A, 0x1F,
    0x50, 0x16, 0x6C, 0xDA, 0x07, 0x94, 0x25, 0xDB, 0x5E, 0xFB, 0x80, 0xB2, 0x6F, 0x2F, 0x7D, 0x40,
    0x41, 0x40, 0xD2, 0x07, 0x14, 0xD1, 0x0C, 0xED, 0x03, 0xCA, 0x3C, 0xA0, 0x7D, 0x40, 0x5D, 0x16,
    0xFA, 0x80, 0xDE, 0xCD, 0x7E, 0xD9, 0x7D, 0x40, 0x9F, 0xE9, 0x5C, 0x57, 0xF2, 0x81, 0x62, 0x30,
    0x4D, 0xFB, 0x80, 0xB2, 0x06, 0xB3, 0x3E, 0xA0, 0x30, 0x64, 0xB5, 0x0F, 0x28, 0xEC, 0x58, 0xED,
    0x03, 0x0A, 0x33, 0x56, 0xFB, 0x80, 0x32, 0x42, 0xDE, 0xB2, 0x3E, 0xA0, 0x84, 0x11, 0xEB, 0x03,
    0x8A, 0x48, 0x80, 0xF6, 0x01, 0x45, 0x3C, 0xD0, 0xFA, 0x80, 0x72, 0x4B, 0x2E, 0xEB, 0x03, 0xEA,
    0x92, 0x3E, 0xA0, 0x77, 0x7F, 0x75, 0x7D, 0x40, 0xFB, 0xF4, 0x7C, 0x77, 0x77, 0x43, 0x80, 0x2A,
    0x83, 0x0A, 0x7F, 0x0A, 0x7B, 0x0A, 0x77, 0x76, 0xC2, 0x9C, 0x38, 0x61, 0xE6, 0x16, 0x48, 0x60,
    0xCD, 0x4E, 0x39, 0x53, 0x19, 0x53, 0xF9, 0x52, 0xD9, 0x52, 0xB9, 0x52, 0x99, 0x52, 0x79, 0x52,
    0x59, 0x52, 0x39, 0x32, 0x09, 0xDE, 0x19, 0x3F, 0xBA, 0xB4, 0xE8, 0xFF, 0x90, 0x80, 0x71, 0xFB,
    0x6E, 0x6B, 0x98, 0x05, 0xAF, 0x17, 0x0D, 0x40, 0xE1, 0xF3, 0x4A, 0x03, 0x50, 0x28, 0x68, 0x69,
    0x00, 0x0A, 0x7F, 0x57, 0x1A, 0x80, 0xC2, 0xDB, 0xD5, 0x06, 0xA0, 0xB4, 0x6D, 0xDA, 0x00, 0x54,
    0x82, 0xB4, 0x68, 0x00, 0x2A, 0xB6, 0x88, 0x34, 0x00, 0x65, 0x2F, 0x77, 0x10, 0xD1, 0xE7, 0x62,
    0x03, 0xD0, 0xBB, 0x2F, 0xB0, 0x01, 0xE8, 0x13, 0xAC, 0xC2, 0x7C, 0x0A, 0xB9, 0xFB, 0xC9, 0x95,
    0x2C, 0x11, 0x6D, 0xA2, 0xF1, 0xA3, 0x09, 0x2D, 0x35, 0xFC, 0x47, 0x68, 0x32, 0x31, 0x4B, 0xB3,
    0x09, 0x5E, 0x9E, 0x5E, 0x2B, 0xFC, 0xFB, 0x91, 0x9F, 0x15, 0xA4, 0x28, 0xEF, 0xE3, 0xB2, 0x3D,
    0xBE, 0x3A, 0xBD, 0xBF, 0xCB, 0xDB, 0xD0, 0x8A, 0x7B, 0x74, 0xD4, 0x86, 0x9F, 0x8B, 0x93, 0x28,
    0xA0, 0xE4, 0x56, 0xB4, 0xD6, 0xF0, 0x73, 0xAF, 0x0D, 0x3F, 0xF7, 0x62, 0xC8, 0x6F, 0x87, 0x50,
    0x03, 0xF0, 0xDB, 0x4F, 0xCC, 0x31, 0x83, 0x18, 0xCD, 0xAD, 0xE4, 0xDC, 0xDA, 0x62, 0x19, 0xEF,
    0x4A, 0xFE, 0x18, 0x07, 0x9A, 0x01, 0xB4, 0x7C, 0xB6, 0xC5, 0x67, 0x68, 0x90, 0xB3, 0x1C, 0xA2,
    0x39, 0xB1, 0xA4, 0x95, 0xEE, 0x35, 0x0D, 0xEC, 0x11, 0x91, 0xB6, 0x50, 0xEC, 0x16, 0x5A, 0x9C,
    0xA0, 0xDA, 0xD0, 0x39, 0x59, 0xBF, 0x02, 0xAD, 0x27, 0x10, 0x61, 0xDC, 0x29, 0x70, 0xB1, 0xFA,
    0xF6, 0xC7, 0x72, 0xCC, 0x2C, 0x55, 0xDD, 0x55, 0x4F, 0xC8, 0x31, 0x3B, 0xEA, 0x25, 0xF6, 0x4A,
    0x32, 0x95, 0x89, 0x0B, 0x6D, 0x8E, 0xF4, 0x3C, 0xFA, 0x9E, 0x0C, 0x08, 0xE0, 0x49, 0xDF, 0xF9,
    0x09, 0x86, 0x06, 0x6D, 0x84, 0x93, 0x0B, 0x9F, 0xBC, 0x17, 0x42, 0x72, 0xF9, 0x49, 0xDE, 0xE7,
    0x87, 0x9C, 0xBD, 0x35, 0xB7, 0xCB, 0x99, 0x2A, 0xCB, 0x0C, 0x17, 0x7C, 0x66, 0xA1, 0x97, 0x09,
    0x17, 0x76, 0xC0, 0x7F, 0x7A, 0x94, 0x87, 0x39, 0x0A, 0x61, 0x1D, 0xD5, 0x37, 0xCF, 0x62, 0x86,
    0x51, 0xB6, 0x79, 0xFD, 0x19, 0x0E, 0xD5, 0x1F, 0x4F, 0x03, 0xD1, 0x48, 0xAF, 0x81, 0x3D, 0x4F,
    0x36, 0x47, 0x03, 0xD0, 0x1C, 0xD1, 0x70, 0x34, 0x00, 0x15, 0x95, 0xE0, 0xBD, 0x72, 0x92, 0x35,
    0x00, 0x85, 0x17, 0x8F, 0x06, 0xA0, 0x85, 0x74, 0x0A, 0x1E, 0x34, 0xE0, 0x6B, 0x0D, 0x40, 0x75,
    0xC6, 0xB2, 0x86, 0x7C, 0xAD, 0x01, 0xE8, 0xDD, 0x5F, 0x5D, 0x03, 0xD0, 0x1E, 0x5C, 0xC5, 0x0D,
    0x40, 0x81, 0x0F, 0x34, 0x00, 0xC5, 0x42, 0x3E, 0x30, 0x8F, 0x46, 0x1A, 0x80, 0x2A, 0x1F, 0x33,
    0xA9, 0x33, 0x2E, 0xD0, 0x00, 0x14, 0xFA, 0x00, 0x0D, 0x40, 0xA1, 0x0D, 0x84, 0xB4, 0x70, 0x36,
    0x74, 0x14, 0x4A, 0x6A, 0xB5, 0x01, 0x28, 0x87, 0x7A, 0xD0, 0x00, 0x94, 0x37, 0x42, 0x1A, 0x80,
    0xDA, 0xA8, 0x3F, 0x17, 0x62, 0x03, 0x2E, 0x35, 0x2E, 0xEE, 0xDE, 0x8C, 0x55, 0xBD, 0xA8, 0x06,
    0xA0, 0x4F, 0x8F, 0xF2, 0x6B, 0x3E, 0x53, 0x86, 0x6E, 0x13, 0xBA, 0xF7, 0xD2, 0x00, 0x54, 0x42,
    0x5C, 0x27, 0x8D, 0xF2, 0x4B, 0x03, 0x50, 0xD1, 0x7D, 0x6C, 0x7D, 0x8A, 0xE6, 0xFB, 0x50, 0x28,
    0xA0, 0x92, 0x06, 0xA0, 0xD0, 0x7A, 0x08, 0x5C, 0x9B, 0xCE, 0x93, 0x3D, 0xEF, 0xC3, 0xF9, 0xB6,
    0xB6, 0xC1, 0xBB, 0xFB, 0x62, 0x1B, 0x80, 0x3E, 0xD1, 0x9C, 0xCE, 0x45, 0x4B, 0xA1, 0x75, 0x90,
    0x4A, 0xEB, 0x52, 0xA6, 0x05, 0x70, 0x80, 0xAB, 0x38, 0xE0, 0xF8, 0xE6, 0xD0, 0xD4, 0x27, 0x9C,
    0xDE, 0x2C, 0x55, 0x0F, 0x4D, 0xBF, 0xE9, 0xDF, 0xF6, 0x92, 0xFA, 0x57, 0xF1, 0x69, 0x81, 0x08,
    0x99, 0xE3, 0x46, 0x47, 0xAC, 0x8E, 0xB0, 0xAB, 0xB7, 0x43, 0xC5, 0x6D, 0x6E, 0x73, 0xFF, 0x95,
    0xD1, 0x75, 0x18, 0x4E, 0xF0, 0x25, 0x32, 0x1B, 0xD1, 0xF1, 0x3A, 0xD3, 0xB0, 0x17, 0xAA, 0x30,
    0x83, 0xF1, 0xFC, 0x2C, 0x40, 0x32, 0x3B, 0xFB, 0x18, 0x80, 0x36, 0xDD, 0xB1, 0x38, 0x8E, 0x00,
    0xDE, 0x06, 0xAD, 0x62, 0xAB, 0x47, 0xA4, 0x7B, 0x1C, 0x64, 0xF2, 0x6E, 0xA1, 0xD3, 0x27, 0xB8,
    0x94, 0x45, 0x2E, 0xEF, 0xD5, 0x92, 0x49, 0xF4, 0xA0, 0x42, 0xA7, 0x4F, 0x15, 0x11, 0x57, 0x46,
    0x98, 0x27, 0xA5, 0xCB, 0x7C, 0x56, 0xFA, 0xE1, 0xA2, 0x82, 0xBB, 0xBF, 0xF4, 0x4E, 0x9F, 0x4F,
    0x1B, 0xE7, 0x39, 0x3C, 0xE6, 0x61, 0x5C, 0x45, 0x4D, 0x7F, 0x95, 0x85, 0xE8, 0x36, 0x3A, 0x7D,
    0xE6, 0x18, 0x7D, 0x8D, 0x4E, 0x9F, 0x72, 0x4C, 0x83, 0x4E, 0x9F, 0xD0, 0xF4, 0xDA, 0xE9, 0x13,
    0x9A, 0x1E, 0x9D, 0x3E, 0x45, 0xD3, 0xA3, 0xD3, 0xA7, 0x68, 0x7A, 0xE9, 0xF4, 0x09, 0x4D, 0x2F,
    0x9D, 0x3E, 0x5D, 0xEC, 0xF4, 0x79, 0xF7, 0x9F, 0x6B, 0xA7, 0xCF, 0xFF, 0xAF, 0x82, 0x33, 0x37,
    0x7F, 0x9E, 0xB5, 0xD3, 0xE7, 0x13, 0x45, 0xDC, 0xE1, 0x86, 0x88, 0x3B, 0x99, 0x88, 0x93, 0xF4,
    0x13, 0x35, 0xF1, 0x4D, 0xC4, 0xA1, 0xD3, 0xA7, 0x9A, 0xF7, 0x85, 0x89, 0xB8, 0x63, 0x11, 0x44,
    0x5C, 0x11, 0x44, 0x5C, 0x11, 0x44, 0x5C, 0x71, 0xBB, 0x88, 0x7B, 0x91, 0x9D, 0x3E, 0x59, 0xFA,
    0xE4, 0x21, 0xC7, 0x90, 0xF8, 0xFC, 0x8B, 0xE1, 0x86, 0x7E, 0xFD, 0xC4, 0xC4, 0xDD, 0x76, 0x11,
    0xE4, 0x80, 0x56, 0x39, 0x93, 0x08, 0xA7, 0xCB, 0x6C, 0x62, 0xD2, 0x63, 0x6D, 0xF5, 0x00, 0x88,
    0x77, 0x62, 0x6C, 0x78, 0xE5, 0x30, 0xA6, 0x49, 0x2E, 0xF6, 0xDF, 0x1C, 0xAD, 0x11, 0xD6, 0xE6,
    0xE3, 0x53, 0x7E, 0xB4, 0x46, 0x58, 0x1C, 0xEC, 0x7C, 0xD5, 0x1A, 0x61, 0xB1, 0xC6, 0x0B, 0x8D,
    0xB0, 0x58, 0x33, 0x86, 0x46, 0x58, 0xFC, 0x95, 0xA1, 0x11, 0x56, 0x21, 0x63, 0x50, 0xAD, 0x11,
    0x16, 0x87, 0x6D, 0x42, 0x23, 0x2C, 0x10, 0x9D, 0x35, 0xC2, 0x02, 0xB5, 0x84, 0x46, 0x58, 0x59,
    0xDA, 0x08, 0x0B, 0x7B, 0xF5, 0x49, 0x1B, 0x61, 0xFD, 0x3F, 0xED, 0x7D, 0xBF, 0x8F, 0xEF, 0xD6,
    0x75, 0xE7, 0x25, 0x69, 0x3C, 0xDA, 0x22, 0x60, 0x6A, 0x93, 0x14, 0x1B, 0xCF, 0x02, 0x4C, 0xB1,
    0x85, 0x13, 0x27, 0x61, 0xBB, 0x0B, 0xC4, 0x26, 0x65, 0x17, 0x2A, 0x5C, 0x48, 0xFF, 0x41, 0xB2,
    0xC0, 0x16, 0x0B, 0xA4, 0x98, 0x76, 0x8B, 0xF5, 0x90, 0x92, 0x80, 0x08, 0x88, 0x0A, 0x0D, 0x90,
    0xED, 0xB6, 0xB0, 0x0A, 0x17, 0x46, 0x52, 0x3C, 0x17, 0x29, 0x52, 0x78, 0x86, 0x94, 0x55, 0xB8,
    0x70, 0x21, 0xDA, 0x02, 0x36, 0xC5, 0x16, 0x62, 0xA4, 0x87, 0xF5, 0x22, 0x2E, 0x1E, 0x23, 0x7D,
    0x63, 0x71, 0xDE, 0x23, 0x79, 0xF7, 0xFC, 0xBC, 0xF7, 0x72, 0xE6, 0x3B, 0xEF, 0x87, 0xFC, 0xA4,
    0xFC, 0x70, 0x06, 0x0F, 0x8F, 0x87, 0x33, 0xDF, 0x1F, 0xBC, 0xE7, 0x9E, 0x7B, 0x7E, 0x7E, 0xEE,
    0xB9, 0xC6, 0xC8, 0x4F, 0x34, 0x19, 0xF7, 0x13, 0x1D, 0x8C, 0x89, 0xED, 0xC1, 0x3C, 0x57, 0x9B,
    0xB7, 0x22, 0x3B, 0x9B, 0xD2, 0xDA, 0x3A, 0x1F, 0x92, 0x05, 0x69, 0x6B, 0xED, 0x98, 0xF7, 0x99,
    0x8D, 0xEC, 0x21, 0xDD, 0x4C, 0x36, 0xE7, 0x43, 0x69, 0x5F, 0x98, 0x4D, 0x31, 0x99, 0x68, 0xCB,
    0xAD, 0xFD, 0xEE, 0xDB, 0xB3, 0xA9, 0x6C, 0x9B, 0xDA, 0xD7, 0xEC, 0x9A, 0x03, 0x9D, 0xDB, 0xA9,
    0xB4, 0x43, 0x37, 0x20, 0x9D, 0xD8, 0x43, 0xF7, 0x3A, 0x7C, 0x4D, 0x01, 0xB4, 0x89, 0x1E, 0xAE,
    0x31, 0x7C, 0x4D, 0xF5, 0x0A, 0xD0, 0x06, 0xBE, 0xAB, 0x35, 0x91, 0x8D, 0x88, 0xEE, 0xE1, 0xBF,
    0xD3, 0x05, 0xE9, 0xC4, 0x02, 0x59, 0xDA, 0x11, 0xE9, 0x0C, 0xFF, 0x56, 0x6C, 0x86, 0x7E, 0x3F,
    0x00, 0x9D, 0xAF, 0x44, 0xD3, 0x4F, 0xC6, 0xAF, 0xE1, 0x9F, 0x62, 0xF5, 0xB4, 0xB1, 0xAF, 0x78,
    0xBA, 0xF8, 0x3B, 0x4F, 0x27, 0x57, 0x9E, 0x36, 0x5D, 0x40, 0x97, 0x01, 0x9D, 0x05, 0x74, 0x12,
    0xD0, 0xE1, 0x4F, 0x5E, 0x07, 0x74, 0xCF, 0x7C, 0x33, 0xA9, 0x6D, 0x73, 0x18, 0x07, 0xF2, 0x0D,
    0xB8, 0x31, 0x23, 0x8D, 0x7C, 0x8B, 0xE0, 0xBF, 0x1C, 0x98, 0x83, 0x7C, 0x4B, 0x16, 0xD3, 0xBC,
    0xDB, 0x0B, 0xDF, 0x26, 0x83, 0x2F, 0x21, 0xBE, 0xDD, 0xFD, 0xC5, 0xBD, 0x04, 0x68, 0xE2, 0x9B,
    0xB5, 0x1B, 0xB2, 0x83, 0xF8, 0x06, 0x37, 0x75, 0xD5, 0x33, 0xDF, 0x3E, 0x39, 0xAF, 0xFA, 0xA2,
    0x57, 0xBE, 0xE5, 0x7D, 0xDE, 0x2B, 0xDF, 0x98, 0x26, 0xBE, 0x99, 0x92, 0x68, 0x1E, 0x43, 0x57,
    0xD3, 0xEF, 0x91, 0x6F, 0xD9, 0x46, 0xCF, 0x49, 0x3F, 0xD5, 0xEC, 0xE9, 0x62, 0xF4, 0x74, 0x66,
    0x3C, 0x6D, 0x9E, 0x1D, 0x8D, 0x3F, 0xC0, 0x9F, 0xD8, 0xD2, 0x0F, 0x4E, 0xAD, 0xFD, 0xA6, 0xD2,
    0xF0, 0xDF, 0xDF, 0x09, 0x4D, 0xFC, 0x49, 0x41, 0x50, 0x2A, 0x23, 0xFC, 0x19, 0x89, 0x26, 0xFE,
    0xBC, 0xD9, 0x13, 0x4D, 0xFC, 0x79, 0x7F, 0x20, 0x9A, 0xF8, 0xF3, 0x70, 0x8A, 0xFB, 0xCA, 0x08,
    0x7F, 0xB6, 0x6E, 0xAA, 0x8C, 0xF0, 0xA7, 0xB3, 0x03, 0xD3, 0xF0, 0x46, 0xF8, 0x64, 0xA4, 0x59,
    0xAE, 0x26, 0xA2, 0x89, 0x3F, 0xB6, 0xE5, 0xDF, 0xC3, 0xE7, 0x25, 0x2B, 0x7D, 0xA6, 0x3C, 0xEB,
    0xB9, 0xA3, 0x8D, 0xDD, 0x3C, 0x7D, 0x6A, 0xC7, 0xCA, 0x4B, 0xCC, 0xE2, 0xE9, 0xC8, 0x56, 0x81,
    0x28, 0x59, 0x4F, 0xA7, 0x01, 0x6D, 0x42, 0xBA, 0x31, 0x22, 0x33, 0x5F, 0xC4, 0x99, 0x31, 0x2C,
    0x33, 0x8D, 0x69, 0xF0, 0x71, 0x51, 0x66, 0x4C, 0xD5, 0xE3, 0xFF, 0xC4, 0x13, 0x53, 0x7C, 0xBC,
    0x24, 0x13, 0xF3, 0x04, 0x3E, 0x71, 0x02, 0x9A, 0x78, 0xD2, 0x1A, 0x3B, 0x65, 0x13, 0xF3, 0xE4,
    0xFF, 0xE0, 0x27, 0x0C, 0x22, 0x33, 0x75, 0x86, 0x9F, 0x46, 0x3C, 0xB1, 0x7D, 0xFA, 0x8B, 0x59,
    0x78, 0xF2, 0x66, 0x9F, 0x8E, 0xE6, 0xFB, 0xCC, 0x93, 0x7C, 0x48, 0xC7, 0xD8, 0x32, 0x4F, 0xB2,
    0x29, 0x1D, 0x33, 0x78, 0x03, 0xF2, 0x24, 0x81, 0x4F, 0xAF, 0xEE, 0xB7, 0xC4, 0x93, 0x78, 0x49,
    0x40, 0x70, 0x65, 0x22, 0xD7, 0xC8, 0x2E, 0x4A, 0x77, 0xA6, 0x3C, 0x57, 0x1A, 0x85, 0x53, 0xE9,
    0x1C, 0x27, 0xAF, 0x95, 0x91, 0xC3, 0x9A, 0x75, 0x03, 0x86, 0x11, 0xAD, 0x9E, 0x3D, 0xD6, 0xE9,
    0x9C, 0xA8, 0xDB, 0x42, 0xD9, 0x98, 0xBC, 0x68, 0x4C, 0x5E, 0x32, 0x46, 0x62, 0x42, 0x4C, 0xA3,
    0x20, 0x1E, 0xC4, 0xF4, 0x59, 0xC4, 0x82, 0x57, 0x71, 0x9C, 0xCC, 0x81, 0x9F, 0x01, 0xBB, 0x44,
    0x28, 0x3E, 0x7A, 0x68, 0x81, 0x39, 0x34, 0xFE, 0x5F, 0xCE, 0x16, 0xB9, 0x8C, 0xC3, 0x7F, 0x75,
    0xCE, 0xEC, 0xC2, 0xA3, 0xC7, 0x0F, 0x5B, 0x79, 0xF0, 0x42, 0xE2, 0xD8, 0xF5, 0xB7, 0x03, 0x93,
    0x8B, 0x48, 0xC3, 0x6C, 0x22, 0x4F, 0xAA, 0x3E, 0x00, 0x32, 0x93, 0x61, 0xC0, 0x5F, 0xCB, 0x41,
    0x06, 0xB4, 0xA0, 0x4C, 0xE9, 0x98, 0x37, 0x1D, 0x66, 0xE5, 0x47, 0x9C, 0x6D, 0xF5, 0x6E, 0x35,
    0x04, 0x43, 0x0E, 0xC7, 0x6C, 0x27, 0x1E, 0x34, 0x7F, 0x31, 0x8F, 0x9A, 0x3F, 0x59, 0x86, 0x6D,
    0x41, 0x27, 0xCB, 0xB8, 0x3F, 0xB1, 0x38, 0x5A, 0x1E, 0xF8, 0xA1, 0x44, 0xA9, 0xE1, 0x91, 0x1F,
    0x4C, 0xFE, 0x63, 0x1D, 0x3A, 0xD0, 0x3F, 0xF2, 0x63, 0xAF, 0xDA, 0x45, 0x06, 0x0F, 0xBA, 0x1D,
    0xC7, 0xC9, 0xAB, 0x01, 0xB8, 0xB3, 0x88, 0xB6, 0xE8, 0x40, 0x6B, 0xC9, 0xA0, 0xCD, 0xC9, 0xB6,
    0xD3, 0x82, 0x79, 0x60, 0x31, 0x3A, 0x1D, 0x77, 0xF9, 0xF7, 0x9D, 0x0D, 0x26, 0xF8, 0xE0, 0x74,
    0xAF, 0xB5, 0xF7, 0xDC, 0xAB, 0xEF, 0xA0, 0x84, 0x7A, 0x85, 0xB0, 0x85, 0xCB, 0x64, 0x08, 0xD6,
    0x4F, 0xA0, 0x3A, 0xE2, 0x36, 0xE0, 0x15, 0x3E, 0xA0, 0xE7, 0x16, 0xDE, 0x39, 0x7E, 0xDD, 0x07,
    0x7E, 0xF0, 0x5A, 0x41, 0x0E, 0x8D, 0xCA, 0x33, 0x5C, 0x99, 0x2F, 0xCE, 0xCA, 0xB5, 0xFF, 0x65,
    0x92, 0x25, 0x46, 0x81, 0x61, 0x2D, 0x5B, 0xC3, 0x48, 0x3A, 0x2B, 0xF6, 0xC9, 0xA2, 0xD6, 0xCC,
    0x51, 0x3E, 0x78, 0xD5, 0x14, 0x7D, 0x5C, 0xDF, 0xDD, 0x64, 0xDD, 0x0C, 0x45, 0x9B, 0xCF, 0x28,
    0x1A, 0xC8, 0xBF, 0x74, 0xCA, 0xFB, 0x66, 0x89, 0x84, 0x83, 0xC9, 0x01, 0xAC, 0xDF, 0x16, 0x8B,
    0xA5, 0xC2, 0x15, 0xB3, 0x9C, 0x25, 0x07, 0xE1, 0xE2, 0x6A, 0xBA, 0xF3, 0xB3, 0x64, 0x0A, 0x96,
    0xBC, 0xBF, 0xC3, 0x75, 0xB3, 0xB9, 0x3B, 0x78, 0x94, 0x68, 0x71, 0x77, 0x09, 0x59, 0x8A, 0x29,
    0x58, 0x3D, 0x53, 0x7C, 0x08, 0xD8, 0xDB, 0xC6, 0xB3, 0x5F, 0x41, 0x5E, 0x3C, 0x9D, 0x0C, 0xDE,
    0x7E, 0x17, 0xFE, 0x24, 0x63, 0x78, 0x33, 0x5D, 0xBB, 0x51, 0xB6, 0xCF, 0x49, 0x20, 0xA3, 0x74,
    0xA3, 0x4C, 0xC7, 0x1B, 0xE5, 0x79, 0x3A, 0xC3, 0xA0, 0x85, 0xE5, 0x60, 0x57, 0xE1, 0x46, 0x34,
    0x54, 0x61, 0xF1, 0x86, 0xDD, 0x81, 0xC8, 0x3E, 0xC0, 0x1B, 0xF6, 0x07, 0x0A, 0xFB, 0x2A, 0xDE,
    0x10, 0xBB, 0xFF, 0x11, 0xBE, 0x8B, 0x6E, 0x88, 0xDB, 0xB6, 0xD6, 0x1B, 0x30, 0xA5, 0x07, 0xC3,
    0x37, 0xC8, 0xEB, 0x1C, 0x6E, 0x56, 0xBC, 0xC1, 0xAF, 0xCC, 0x80, 0x0B, 0xF6, 0x35, 0xE1, 0x74,
    0x62, 0xE7, 0xD8, 0x7E, 0xA8, 0x2C, 0x3A, 0xB1, 0xF1, 0xC3, 0x87, 0x8E, 0x5F, 0xDD, 0xCF, 0xE6,
    0x40, 0x1E, 0x7F, 0x39, 0x57, 0xEE, 0x26, 0xD9, 0xE6, 0xE2, 0xE0, 0xB5, 0xF3, 0x9C, 0xF9, 0x9B,
    0x8A, 0x9F, 0x40, 0x26, 0x27, 0xF4, 0x01, 0xD2, 0xF0, 0x86, 0xD7, 0x45, 0xCC, 0x9F, 0x1F, 0x75,
    0x07, 0x9D, 0x20, 0x56, 0x4A, 0x16, 0xA6, 0x5F, 0xB4, 0x39, 0xCC, 0xBE, 0xB5, 0xDF, 0x06, 0xF1,
    0x12, 0x86, 0x45, 0xB6, 0x2E, 0x51, 0x41, 0x08, 0xCB, 0xC0, 0x2B, 0xC8, 0x6D, 0xDD, 0x29, 0xD3,
    0xD0, 0x31, 0x58, 0xC0, 0xEC, 0x30, 0xDB, 0x50, 0xBD, 0xC2, 0x6F, 0x1A, 0x75, 0xA4, 0xC0, 0x05,
    0xC8, 0xFB, 0x3B, 0xAB, 0xFA, 0x52, 0x25, 0xBA, 0x02, 0xA5, 0xB8, 0x53, 0x7F, 0xDE, 0xD2, 0x5F,
    0x73, 0x59, 0xEB, 0x40, 0x81, 0x98, 0x8F, 0x5F, 0xE8, 0x84, 0x81, 0x3D, 0x7A, 0x28, 0x64, 0x00,
    0xF1, 0x21, 0xE0, 0xA5, 0x5D, 0x4B, 0x5F, 0x44, 0x4C, 0x24, 0xD7, 0x02, 0x5E, 0xDF, 0x04, 0x16,
    0x3C, 0xBF, 0xAF, 0xCB, 0x94, 0x6F, 0x7F, 0x62, 0x97, 0x40, 0x0B, 0xE4, 0xBD, 0x2A, 0x80, 0x74,
    0x05, 0x35, 0xE1, 0x6D, 0x3E, 0x49, 0xCE, 0xFB, 0x7E, 0x1D, 0x37, 0x78, 0xDF, 0x07, 0x8A, 0xE0,
    0x9E, 0xE9, 0xF6, 0x0E, 0x42, 0xB9, 0xBF, 0x75, 0x1F, 0x75, 0xE6, 0x7E, 0x75, 0x8C, 0xF2, 0x56,
    0xB7, 0xEA, 0x03, 0x95, 0x33, 0xAB, 0x56, 0xB1, 0xAA, 0x8D, 0x4F, 0x83, 0xAF, 0xCF, 0xC7, 0x9B,
    0x42, 0x2F, 0x12, 0x6F, 0x58, 0x0D, 0x57, 0x30, 0x83, 0x44, 0xE1, 0x38, 0x46, 0xA2, 0xC0, 0xED,
    0x4C, 0x97, 0x45, 0x14, 0x70, 0xC2, 0x5C, 0x28, 0xE0, 0xD7, 0x4C, 0xA5, 0xF6, 0xD0, 0xBC, 0x0B,
    0x9E, 0xDD, 0xB9, 0x89, 0xE2, 0x07, 0x16, 0x66, 0x93, 0x1E, 0x01, 0xFE, 0x03, 0x8A, 0xD4, 0xC6,
    0x08, 0x54, 0xBD, 0xE1, 0x77, 0xD4, 0xB8, 0x22, 0x81, 0xC5, 0xD9, 0x42, 0x6B, 0x13, 0x46, 0x80,
    0x2E, 0x0F, 0xFF, 0x2E, 0x6A, 0x89, 0xBA, 0x74, 0x2B, 0x77, 0x55, 0x4A, 0x0C, 0x01, 0x50, 0xE9,
    0x41, 0xA9, 0x42, 0xC6, 0xB1, 0x39, 0x5E, 0x36, 0xD6, 0x3A, 0x25, 0x31, 0x3B, 0xD5, 0xDA, 0x1E,
    0x59, 0xFB, 0xB1, 0x67, 0x77, 0xE6, 0x57, 0x7E, 0xE1, 0x35, 0x42, 0xD5, 0x1E, 0x61, 0xF2, 0x2D,
    0x64, 0x59, 0x1F, 0x73, 0xFB, 0x82, 0xCF, 0x75, 0xCB, 0x84, 0x15, 0xF9, 0xEC, 0xB5, 0xF8, 0xEC,
    0x55, 0xF8, 0x41, 0x96, 0x46, 0x35, 0x3B, 0xE5, 0x0D, 0x7E, 0xBF, 0xD3, 0x23, 0x4D, 0xED, 0x96,
    0xC3, 0x4B, 0xBD, 0x5B, 0x0A, 0x6F, 0x4C, 0x6E, 0x19, 0xBC, 0xE6, 0x22, 0x8A, 0xEA, 0x85, 0x45,
    0x1D, 0xE3, 0x4A, 0xCD, 0x3C, 0x7A, 0x5F, 0x97, 0x62, 0xE8, 0x40, 0x58, 0x1B, 0x16, 0x79, 0xD4,
    0x9E, 0x2A, 0xEE, 0xF0, 0xC9, 0x42, 0xE2, 0xD7, 0x76, 0x32, 0xB4, 0x01, 0xF9, 0xCB, 0xBF, 0xED,
    0x4D, 0xB4, 0x3A, 0xE1, 0x4F, 0x16, 0xA7, 0xAA, 0xCB, 0xC9, 0xEB, 0xE9, 0xC1, 0x2B, 0x69, 0xBF,
    0x16, 0xEE, 0xED, 0x2C, 0x7E, 0x68, 0xC3, 0x02, 0x0B, 0x66, 0x17, 0x19, 0x7F, 0x36, 0x78, 0xEB,
    0x45, 0xB4, 0xD8, 0x2E, 0xA2, 0xC5, 0x72, 0x01, 0xFD, 0xBC, 0xD8, 0xAD, 0x36, 0x1B, 0xE2, 0x59,
    0xAD, 0x56, 0x36, 0xA4, 0x8B, 0xDA, 0xAC, 0x6C, 0x2C, 0x36, 0x66, 0x43, 0x06, 0x5E, 0x62, 0x27,
    0x2A, 0x00, 0xFC, 0x3B, 0xBB, 0x95, 0xB5, 0xF8, 0x3B, 0xF0, 0x54, 0x25, 0xFB, 0x7A, 0x20, 0x4F,
    0x4D, 0x5B, 0xB4, 0x2A, 0x51, 0xF0, 0x04, 0x42, 0x57, 0x30, 0xB9, 0x65, 0xEB, 0x17, 0x69, 0x25,
    0x93, 0x0D, 0xCA, 0x58, 0x99, 0x84, 0x4C, 0x48, 0xD6, 0xC0, 0x5A, 0xCD, 0xC1, 0x5A, 0x1C, 0xBC,
    0xA5, 0x5A, 0x3F, 0x8D, 0xAF, 0x37, 0x7B, 0xA7, 0x67, 0x36, 0xCE, 0xD7, 0x23, 0x92, 0x5D, 0x9E,
    0x39, 0xF6, 0xBE, 0x5E, 0xE4, 0x7D, 0x3D, 0x13, 0xF8, 0x7A, 0xD1, 0x71, 0x5F, 0xEF, 0xC2, 0xFB,
    0x7A, 0xAB, 0xF3, 0xEA, 0x02, 0xB7, 0x2F, 0xF6, 0xBE, 0x5E, 0xEA, 0x7D, 0x3D, 0xB7, 0x48, 0x6E,
    0xF3, 0xF5, 0x9C, 0xE1, 0xC8, 0x6C, 0x10, 0x24, 0x9A, 0xFF, 0x61, 0x42, 0x05, 0x46, 0x36, 0xA3,
    0x04, 0x41, 0xB4, 0x64, 0x2F, 0x80, 0x27, 0x3D, 0x90, 0xC4, 0x01, 0x58, 0x0A, 0xCD, 0xC6, 0x41,
    0xF6, 0x14, 0x6F, 0x15, 0xF3, 0x01, 0xA4, 0xAF, 0x11, 0xFB, 0x70, 0x17, 0x1D, 0x15, 0xE6, 0x03,
    0x38, 0xEA, 0x10, 0x61, 0x88, 0x03, 0x43, 0xFE, 0x36, 0xC9, 0xC1, 0xC8, 0x53, 0x83, 0x62, 0xB0,
    0xB2, 0xDF, 0xC1, 0xE1, 0x24, 0x89, 0xBD, 0xE5, 0xBF, 0x34, 0xB2, 0x18, 0x4E, 0x26, 0x5D, 0x0C,
    0x06, 0x64, 0xAA, 0xD9, 0x47, 0x28, 0x9F, 0x31, 0x29, 0x3F, 0x7F, 0xC3, 0x97, 0x1F, 0xF2, 0x5A,
    0x81, 0x90, 0x00, 0x57, 0x0F, 0x5C, 0x70, 0x3D, 0x75, 0x2B, 0x08, 0x57, 0x7E, 0xB8, 0x40, 0x2E,
    0xC4, 0xEB, 0x05, 0x6B, 0xDF, 0x15, 0x55, 0x6F, 0x01, 0x17, 0xD0, 0xBB, 0xDD, 0x4F, 0x60, 0x88,
    0xF1, 0x83, 0x8D, 0x04, 0x10, 0xC6, 0x45, 0x97, 0x81, 0xE6, 0xD6, 0xD2, 0x14, 0xA3, 0x2D, 0x84,
    0xCB, 0xB7, 0x46, 0x03, 0x02, 0x98, 0x0D, 0x75, 0x0A, 0x73, 0x45, 0x51, 0x93, 0xAD, 0xC1, 0xC6,
    0x97, 0x7D, 0xD5, 0x83, 0x72, 0x2D, 0xDB, 0x7C, 0x00, 0xB1, 0x2F, 0xDA, 0x0C, 0x5E, 0x56, 0x7F,
    0xC1, 0x40, 0xA0, 0x84, 0x4B, 0x1F, 0xD6, 0x19, 0x1A, 0xFF, 0x1C, 0xB9, 0xD7, 0x82, 0xB1, 0x44,
    0xC7, 0x98, 0x56, 0x76, 0x26, 0x42, 0x7E, 0xBA, 0x05, 0xDA, 0xB5, 0x08, 0xC6, 0x54, 0xD4, 0x32,
    0xC7, 0x1D, 0x3E, 0x6C, 0x4B, 0x93, 0x0C, 0xD1, 0x54, 0x8F, 0x34, 0xE5, 0x52, 0x2C, 0x8E, 0xA0,
    0xA6, 0x69, 0x2E, 0x86, 0x74, 0x2E, 0x24, 0x27, 0x50, 0xB6, 0xD1, 0x52, 0x68, 0x4E, 0xA0, 0x35,
    0x48, 0x73, 0xCC, 0xDB, 0x13, 0xCD, 0x53, 0x3D, 0xD0, 0x6B, 0x38, 0xE6, 0x6D, 0x93, 0xD9, 0xE7,
    0x04, 0x8A, 0xA9, 0xD0, 0x9C, 0x00, 0xF9, 0xB0, 0xCC, 0x84, 0x08, 0x1E, 0xB9, 0x90, 0x9C, 0x40,
    0x04, 0xC2, 0x51, 0x68, 0x4E, 0x00, 0xF8, 0x54, 0xA8, 0xC2, 0x06, 0x7E, 0x3B, 0x3A, 0xB2, 0x43,
    0xE1, 0xCD, 0xE5, 0xEC, 0xE9, 0xC8, 0x7A, 0xDA, 0x54, 0x81, 0x81, 0xCF, 0x02, 0xEB, 0x1E, 0x07,
    0xF4, 0xCE, 0xCC, 0x57, 0xB7, 0xE5, 0x04, 0x02, 0x95, 0x18, 0x68, 0x44, 0x76, 0xE8, 0xD9, 0x46,
    0x13, 0x6F, 0x98, 0xE4, 0x34, 0x13, 0x90, 0x7F, 0xCD, 0x9C, 0x79, 0x6F, 0x32, 0xD9, 0xCA, 0x8C,
    0xF9, 0x18, 0x1D, 0x7A, 0xE1, 0xCB, 0x94, 0x5A, 0x91, 0xF4, 0xD7, 0xA6, 0x72, 0x16, 0xDF, 0x3D,
    0x99, 0x6C, 0xAF, 0x8E, 0xFB, 0xC7, 0x6B, 0x24, 0x91, 0x0F, 0xF8, 0xB1, 0xF1, 0xAC, 0x8E, 0x64,
    0xAB, 0x9E, 0x36, 0x2A, 0x35, 0x21, 0xA3, 0xD9, 0x91, 0xB0, 0x46, 0xBC, 0x2B, 0x6E, 0xBC, 0x1F,
    0x6E, 0x82, 0xE4, 0x53, 0xE8, 0x8F, 0x07, 0xE4, 0xEA, 0xC9, 0x8B, 0xEB, 0x7C, 0x20, 0x7F, 0x80,
    0xF9, 0x50, 0x9B, 0x8A, 0x48, 0xF2, 0x1B, 0xBB, 0xFF, 0x67, 0xB6, 0xEF, 0xB1, 0x61, 0x58, 0xC9,
    0xE6, 0x93, 0x5D, 0x00, 0x2F, 0x60, 0x11, 0xC3, 0x78, 0x09, 0x61, 0xB9, 0x18, 0xC6, 0xEA, 0x2E,
    0x90, 0x6C, 0x18, 0x73, 0x7B, 0x25, 0x91, 0x0C, 0x04, 0x84, 0xB5, 0x98, 0x84, 0x57, 0xC9, 0x0B,
    0x21, 0x3E, 0xA0, 0x65, 0x10, 0x3E, 0x14, 0xEC, 0x7D, 0x20, 0x1F, 0x72, 0xD6, 0x7E, 0xC8, 0x87,
    0x0C, 0x44, 0x43, 0x15, 0x21, 0x87, 0x85, 0xEA, 0x4C, 0xB8, 0x01, 0x35, 0xA3, 0x23, 0xB3, 0xC5,
    0x91, 0xD1, 0xE6, 0x47, 0x5C, 0x79, 0xB2, 0xF0, 0x64, 0xEA, 0xC9, 0x24, 0xE0, 0xCE, 0xF7, 0x8F,
    0xEA, 0x82, 0x95, 0x75, 0xC1, 0xCA, 0xBA, 0x60, 0x79, 0x2A, 0x5D, 0x30, 0xDF, 0xAA, 0x0B, 0x30,
    0xF2, 0xC1, 0x29, 0xF8, 0xF6, 0x15, 0x5D, 0x2A, 0x3B, 0x5C, 0x90, 0x12, 0x9F, 0xF1, 0xB2, 0xC6,
    0xDB, 0x05, 0xCD, 0x61, 0xB5, 0xD2, 0x25, 0xA7, 0x4F, 0x69, 0xE9, 0x33, 0x9B, 0x9E, 0x3E, 0x33,
    0xAF, 0xE9, 0x7D, 0x91, 0x7B, 0xF8, 0x3F, 0xE2, 0xCB, 0x37, 0xF8, 0xA9, 0x2B, 0xD2, 0xE9, 0x78,
    0xC1, 0xA7, 0xAE, 0x36, 0x7A, 0xEA, 0x8A, 0x9F, 0xBA, 0xE2, 0xA7, 0xAE, 0xF8, 0xA9, 0x2D, 0x3F,
    0x35, 0xC9, 0xEC, 0xA6, 0x9A, 0xD9, 0xF2, 0x1C, 0x35, 0x94, 0x43, 0xA1, 0xA4, 0xD7, 0x81, 0xF3,
    0x5D, 0xFF, 0x7B, 0xAB, 0x2B, 0x8A, 0xCD, 0x27, 0xCA, 0x7E, 0xD9, 0x15, 0x13, 0x65, 0xB3, 0xE9,
    0x1A, 0xC3, 0x4A, 0x13, 0x1D, 0xC0, 0x16, 0xA5, 0xBE, 0xB0, 0x3F, 0xDE, 0xE0, 0xF2, 0x85, 0xFC,
    0xFE, 0xA1, 0xA1, 0x59, 0xA3, 0x14, 0x59, 0xC6, 0x99, 0x2C, 0x08, 0x79, 0x2A, 0x5E, 0x8C, 0x78,
    0xC9, 0x8F, 0x27, 0xE9, 0xAC, 0xDD, 0x45, 0xDA, 0x81, 0x9B, 0x62, 0xC5, 0x34, 0xA9, 0x57, 0xC4,
    0x09, 0x60, 0xF0, 0x9D, 0xEE, 0xA9, 0xAF, 0x56, 0x2E, 0x94, 0xC6, 0x62, 0xA1, 0x8C, 0x2D, 0xDC,
    0xB8, 0x1C, 0x70, 0xD5, 0x9F, 0x9D, 0xC8, 0x02, 0x3D, 0x44, 0xB6, 0x3F, 0x23, 0x95, 0x8A, 0x9A,
    0x0B, 0x54, 0xE1, 0x19, 0xE9, 0x1F, 0x32, 0x63, 0x13, 0x58, 0x48, 0x50, 0xC4, 0x94, 0x9B, 0xB2,
    0x68, 0x2E, 0xC1, 0xFC, 0x92, 0x80, 0x4E, 0x72, 0x43, 0x22, 0xBA, 0xD5, 0x70, 0x23, 0xCE, 0x3C,
    0x1A, 0xB7, 0xB3, 0x54, 0x14, 0x4F, 0xD4, 0xC1, 0xA7, 0x39, 0xE3, 0x0B, 0x1A, 0xEF, 0xCC, 0x67,
    0x74, 0xB3, 0xE5, 0x2C, 0xCC, 0xC8, 0x85, 0x37, 0x65, 0x90, 0x90, 0xE0, 0xA4, 0x9C, 0xE3, 0x4B,
    0x78, 0x63, 0xB6, 0xA3, 0xD1, 0xB4, 0x17, 0x5C, 0x74, 0x42, 0x40, 0x62, 0x73, 0x16, 0xDC, 0x86,
    0x04, 0x17, 0xE2, 0x3D, 0x14, 0xDC, 0x14, 0x7D, 0x91, 0x0B, 0x72, 0x21, 0xEC, 0x4E, 0x7E, 0x1F,
    0x92, 0xFC, 0x36, 0xEF, 0xAC, 0x26, 0x8A, 0x56, 0x6B, 0x44, 0x7E, 0x2F, 0x38, 0x74, 0x40, 0x71,
    0x04, 0xB3, 0x71, 0x41, 0x3A, 0x09, 0x2F, 0x18, 0xA8, 0xE2, 0x2F, 0x07, 0xA7, 0x49, 0x2E, 0x34,
    0x0A, 0x23, 0x9D, 0xBB, 0xB2, 0x4A, 0x5E, 0x39, 0xC9, 0x7D, 0xC1, 0xAE, 0xC8, 0x05, 0x3B, 0x6D,
    0x17, 0x3C, 0xB8, 0x0B, 0x62, 0xDA, 0x48, 0xEF, 0x3B, 0x5D, 0x2F, 0x82, 0xF7, 0xB1, 0xC0, 0x1B,
    0xE7, 0xD1, 0x7D, 0x3F, 0x94, 0x8B, 0x2D, 0x10, 0x8B, 0x2D, 0x90, 0x8A, 0x55, 0x13, 0x01, 0xC6,
    0x3B, 0xAF, 0xC6, 0x78, 0xE7, 0xF5, 0xCB, 0xB5, 0xF9, 0x13, 0x75, 0x5E, 0xCB, 0x3E, 0x59, 0xD4,
    0x67, 0x29, 0xDB, 0x74, 0x55, 0xE7, 0xB5, 0x02, 0x29, 0x50, 0xE7, 0xB5, 0xEC, 0x1B, 0x70, 0xF8,
    0xD9, 0x79, 0xCD, 0xC1, 0x61, 0x6D, 0xC5, 0x79, 0xCD, 0xEC, 0x0C, 0xC6, 0x58, 0x1C, 0x38, 0x08,
    0x5E, 0x7B, 0x75, 0x5E, 0x7D, 0xE8, 0xD1, 0x05, 0x34, 0x46, 0x31, 0x6A, 0xB1, 0x8A, 0xC1, 0x3B,
    0xAF, 0xF8, 0x01, 0x9D, 0x13, 0xFA, 0x36, 0x75, 0xAA, 0xB9, 0x0B, 0x9C, 0xD7, 0x3C, 0x4C, 0x57,
    0xDD, 0xBD, 0xDA, 0xCF, 0x33, 0x4F, 0xB5, 0x91, 0xD9, 0xA6, 0x40, 0x93, 0x26, 0x9C, 0x28, 0x9A,
    0x73, 0xCC, 0xDC, 0xCB, 0xB4, 0x83, 0x2F, 0x0D, 0x5A, 0x8F, 0x66, 0xBE, 0xD5, 0xC9, 0x07, 0x4A,
    0xE7, 0xBF, 0x55, 0x11, 0xC0, 0xD7, 0xB1, 0x14, 0x00, 0x25, 0x82, 0x40, 0x7E, 0x38, 0xC9, 0x02,
    0x53, 0xA3, 0x50, 0x2C, 0x11, 0x48, 0xB1, 0x50, 0x20, 0xC5, 0x72, 0x41, 0x7F, 0x1D, 0x94, 0x22,
    0x31, 0xAF, 0x85, 0x82, 0x4F, 0x17, 0x2A, 0x7F, 0x68, 0x85, 0x2A, 0xDB, 0xF2, 0x7D, 0xA5, 0x34,
    0x58, 0x2C, 0x86, 0x48, 0x28, 0x90, 0x98, 0xAE, 0xD5, 0x10, 0x59, 0x83, 0xC2, 0x73, 0xF7, 0xC9,
    0x7F, 0xB3, 0x63, 0x86, 0xF2, 0xC2, 0xB1, 0x42, 0x39, 0xB1, 0x09, 0x23, 0xB2, 0x09, 0xF8, 0x80,
    0xAA, 0x3B, 0xEF, 0x85, 0x0D, 0x65, 0x2D, 0x5C, 0xA8, 0x94, 0x09, 0x95, 0xF2, 0xA0, 0x52, 0x16,
    0xA0, 0x9E, 0x02, 0x23, 0x74, 0xC1, 0x04, 0x32, 0x00, 0x02, 0x18, 0x1E, 0x3F, 0x0A, 0x06, 0x0D,
    0x1F, 0xA5, 0xE2, 0x20, 0x04, 0x0F, 0x5E, 0x64, 0xE0, 0x91, 0x44, 0xA1, 0x84, 0x8C, 0xEC, 0x22,
    0x96, 0xB0, 0xED, 0xC2, 0xD9, 0xAE, 0x4A, 0xA3, 0xBB, 0x3F, 0xBC, 0xA1, 0xEB, 0xB1, 0x80, 0x04,
    0x4A, 0x1E, 0x7C, 0xC1, 0xB6, 0x42, 0x75, 0x6F, 0xC7, 0x0A, 0xD6, 0x44, 0x9B, 0x2D, 0x15, 0x2D,
    0x1E, 0x70, 0xDD, 0x51, 0x61, 0x41, 0xE4, 0x55, 0x62, 0xAE, 0x0A, 0xB9, 0x72, 0x00, 0xB6, 0x83,
    0x24, 0x2F, 0xD5, 0x4F, 0xE1, 0x7B, 0xEA, 0x05, 0x53, 0x3E, 0xB4, 0xEC, 0x48, 0xAD, 0x73, 0x61,
    0x02, 0x0B, 0x42, 0xA6, 0xC2, 0xE7, 0xA8, 0x4C, 0x93, 0x50, 0x86, 0xA0, 0x31, 0x13, 0x5F, 0x28,
    0xA0, 0xAD, 0xE4, 0x42, 0xA1, 0x21, 0x72, 0xDA, 0xCE, 0x15, 0x5A, 0x03, 0x6B, 0x1B, 0xCA, 0x73,
    0x48, 0xE4, 0x99, 0xD8, 0x5D, 0xD1, 0xA1, 0x79, 0x94, 0xC7, 0xFD, 0xD9, 0x5A, 0xD9, 0x9A, 0x2F,
    0x5D, 0xFB, 0x43, 0x54, 0x5D, 0xF6, 0x97, 0xA8, 0x97, 0x0A, 0xAE, 0x08, 0x54, 0x7D, 0xF7, 0x23,
    0xBC, 0xD4, 0x55, 0x8B, 0x97, 0x36, 0x47, 0x2D, 0x55, 0x8C, 0xCF, 0x05, 0x9F, 0xA2, 0x99, 0x8F,
    0xAF, 0xEE, 0x73, 0x97, 0xFD, 0x3E, 0x8F, 0x49, 0xB9, 0x9B, 0x31, 0xB6, 0xDF, 0xE2, 0xB8, 0xF2,
    0x05, 0xBB, 0x14, 0xF6, 0x43, 0x0E, 0x2C, 0x47, 0x6B, 0x2B, 0x17, 0x59, 0x9A, 0x02, 0x06, 0xA9,
    0xA5, 0x14, 0xB8, 0xAD, 0xB4, 0x94, 0x02, 0x9A, 0x39, 0x97, 0x52, 0x0A, 0x78, 0xE3, 0x64, 0x63,
    0xD8, 0x93, 0x5A, 0x28, 0x37, 0x44, 0x16, 0xAB, 0x01, 0x17, 0x7E, 0xD2, 0x24, 0x65, 0xB5, 0x32,
    0x0D, 0x86, 0x6E, 0xC9, 0x89, 0xA6, 0x0C, 0xDB, 0x79, 0x74, 0x81, 0xB4, 0xEA, 0x42, 0xFA, 0xFD,
    0x70, 0x33, 0xC5, 0xFA, 0x79, 0xD2, 0x4F, 0x53, 0x7E, 0xCB, 0xB7, 0xA0, 0xFC, 0x86, 0x55, 0x28,
    0x35, 0xEA, 0xA7, 0x9B, 0x2B, 0xBF, 0x81, 0x6E, 0x18, 0xB4, 0xFC, 0x06, 0xDC, 0x9E, 0xB5, 0xFC,
    0x06, 0x16, 0xDD, 0xBA, 0xF2, 0x5B, 0x61, 0x1B, 0x2B, 0xE5, 0x37, 0xB0, 0xE7, 0x68, 0xC5, 0xD9,
    0x9C, 0x4B, 0x55, 0x48, 0xAD, 0x79, 0x63, 0xD4, 0xDF, 0xAC, 0x5D, 0x46, 0x29, 0x01, 0x99, 0x52,
    0x3A, 0xBA, 0x0B, 0x6B, 0xCB, 0x07, 0x13, 0x93, 0xA7, 0xB3, 0x35, 0xC8, 0x40, 0x75, 0x5D, 0x10,
    0x79, 0x3D, 0x61, 0xF9, 0xAD, 0x53, 0xE7, 0xC6, 0x8E, 0x01, 0xD9, 0x38, 0x92, 0x66, 0x0D, 0xF9,
    0x91, 0x8E, 0x2E, 0x41, 0x44, 0x64, 0x79, 0x85, 0x29, 0x1F, 0x24, 0x21, 0xC4, 0x18, 0xE3, 0xA5,
    0x78, 0x7D, 0x24, 0xA6, 0x6E, 0xE6, 0x87, 0xCD, 0x27, 0xA8, 0xD5, 0xCE, 0x81, 0x41, 0x5F, 0x47,
    0xEF, 0x3D, 0x41, 0x91, 0x9C, 0xAB, 0xB9, 0x1A, 0xE1, 0xA5, 0x4B, 0xFE, 0x8F, 0xF6, 0x74, 0x02,
    0x7F, 0x25, 0x02, 0xC7, 0xAD, 0x2F, 0x2D, 0x16, 0xE3, 0xCC, 0x9F, 0x9C, 0xA1, 0x0B, 0xD8, 0xD2,
    0xE7, 0x56, 0x4B, 0x01, 0xCF, 0xC8, 0xE4, 0x54, 0xF5, 0x2B, 0x93, 0x5D, 0x8F, 0x39, 0xC6, 0x94,
    0x64, 0x1C, 0x23, 0x15, 0xFE, 0x2D, 0xB0, 0xAF, 0x69, 0x99, 0x7C, 0x9E, 0x47, 0xEA, 0x53, 0x77,
    0x4F, 0x44, 0x3A, 0x81, 0xA8, 0xBD, 0x3C, 0xD4, 0x5E, 0x1C, 0x24, 0x4F, 0x4D, 0x11, 0x1B, 0x2F,
    0x96, 0x1C, 0x0B, 0x57, 0x2C, 0x0B, 0x0D, 0xC6, 0x2B, 0x52, 0x73, 0xC3, 0xC4, 0x07, 0xC7, 0x5E,
    0xB3, 0xD1, 0x9A, 0xE3, 0x27, 0x13, 0xA7, 0x73, 0xE1, 0x65, 0xC0, 0x9A, 0x7C, 0x90, 0xD8, 0x6B,
    0xA4, 0x14, 0x96, 0xE8, 0x25, 0x24, 0x65, 0x91, 0xE0, 0x0B, 0x64, 0x8D, 0x04, 0x59, 0xE0, 0x4E,
    0xF3, 0x4C, 0x7F, 0x7F, 0x77, 0xF3, 0x06, 0xF9, 0xE0, 0xE2, 0xCD, 0x2D, 0x98, 0x70, 0x9F, 0x66,
    0xE9, 0x0E, 0x47, 0xE7, 0xBE, 0xF1, 0x83, 0xCF, 0x96, 0xA0, 0x6A, 0xEB, 0x5F, 0xF1, 0xF5, 0x5B,
    0x96, 0xCB, 0xAF, 0x77, 0xB6, 0xEE, 0x31, 0x3F, 0xFF, 0x35, 0xC0, 0x8E, 0x6C, 0x21, 0xF7, 0x8E,
    0xFF, 0x9E, 0x5F, 0xFF, 0xEB, 0x9B, 0x01, 0x3C, 0xF6, 0xF3, 0xDB, 0x81, 0x90, 0xFA, 0x54, 0x52,
    0x90, 0x41, 0xE9, 0xDA, 0xFD, 0x6B, 0x03, 0x4D, 0x1E, 0x28, 0x72, 0xC7, 0xBE, 0x2D, 0x50, 0xE3,
    0x2E, 0x36, 0xAB, 0x7C, 0x64, 0x56, 0xF9, 0xB8, 0xAC, 0xF2, 0x51, 0x59, 0xE5, 0x63, 0xB2, 0xCA,
    0x29, 0xF0, 0xBA, 0x72, 0xFA, 0x9B, 0xE1, 0x16, 0x1C, 0x15, 0x55, 0x5E, 0x7B, 0x57, 0x37, 0x94,
    0x77, 0xA0, 0xBB, 0x21, 0x0A, 0xF3, 0xAA, 0x3B, 0xD0, 0xDC, 0x5E, 0x71, 0x7F, 0xC9, 0xD8, 0xC6,
    0xA5, 0x86, 0x9C, 0xDA, 0xEE, 0x7A, 0xB7, 0x72, 0x9B, 0xDE, 0x2D, 0xD1, 0x2F, 0xB1, 0xFC, 0xBA,
    0x2C, 0x8B, 0x4B, 0xC2, 0xB8, 0x14, 0x8C, 0xCF, 0xBA, 0xD8, 0xC0, 0x9B, 0x1F, 0x35, 0x1D, 0xBF,
    0xBA, 0xC2, 0xD4, 0x8D, 0x12, 0x87, 0x2B, 0x5A, 0x00, 0xA1, 0xA6, 0xA0, 0x77, 0x84, 0x5A, 0x04,
    0xF0, 0x82, 0x06, 0x0F, 0x16, 0xE2, 0x89, 0x87, 0xC7, 0x93, 0x0F, 0x6E, 0x5A, 0xAE, 0x35, 0x61,
    0x86, 0x04, 0x53, 0x2A, 0xA6, 0x59, 0xCD, 0x92, 0x10, 0xA0, 0xAA, 0x35, 0x5C, 0x57, 0xC7, 0x04,
    0x0E, 0x3E, 0x24, 0x8A, 0xE8, 0xD2, 0x70, 0xC5, 0xBD, 0x5D, 0x9A, 0x89, 0x0A, 0x62, 0x87, 0x85,
    0xA7, 0x1F, 0xEC, 0x84, 0x08, 0x42, 0xB3, 0xA0, 0x4B, 0xC8, 0x1A, 0x8B, 0x5E, 0x8D, 0x23, 0x94,
    0x41, 0x2E, 0x2A, 0xA4, 0xC1, 0x6F, 0xA4, 0x46, 0xBF, 0xA8, 0xA4, 0x3A, 0x54, 0xC2, 0xA6, 0xBE,
    0x7C, 0xA7, 0x32, 0x5A, 0xAA, 0x84, 0xDE, 0x41, 0xA5, 0xFE, 0xC8, 0x21, 0xB7, 0xC6, 0xC5, 0xD7,
    0xC5, 0x15, 0x8B, 0x34, 0xBA, 0x82, 0x3C, 0x51, 0x05, 0x7F, 0x60, 0x3E, 0x15, 0x7F, 0x46, 0x12,
    0xDB, 0x4C, 0x45, 0x5B, 0x92, 0x5D, 0x1C, 0x8A, 0x16, 0x1F, 0x03, 0xC6, 0x50, 0x60, 0xB1, 0x1A,
    0x53, 0x82, 0x45, 0x0B, 0x8F, 0x8A, 0x0E, 0x2D, 0x11, 0x88, 0xB1, 0x29, 0x5A, 0x7C, 0x66, 0xF4,
    0x2D, 0x5F, 0xC1, 0x4F, 0x3C, 0x85, 0x77, 0xBD, 0x4A, 0x3C, 0x6E, 0xE6, 0xE2, 0xD5, 0x8D, 0xA7,
    0xCB, 0x29, 0x36, 0x89, 0x51, 0xB0, 0xEE, 0x7B, 0x2D, 0xCD, 0xA8, 0x61, 0x3F, 0x83, 0x67, 0xE8,
    0x25, 0xF7, 0x65, 0xC0, 0x33, 0xBF, 0x1D, 0x86, 0xC1, 0x44, 0xBC, 0xAA, 0xA6, 0xB4, 0xF7, 0x84,
    0x38, 0x75, 0x5F, 0xD1, 0xDC, 0x77, 0x83, 0x6D, 0xAF, 0x2F, 0xBE, 0xAF, 0xD4, 0x26, 0xF4, 0x18,
    0xA6, 0x80, 0xF4, 0x1E, 0xC3, 0xE8, 0xDE, 0xD8, 0x79, 0x86, 0x2D, 0x8E, 0x65, 0x24, 0xB2, 0xCC,
    0x34, 0x72, 0xCF, 0x98, 0x6D, 0x44, 0x32, 0xE3, 0x90, 0x14, 0xD6, 0x25, 0x9E, 0x79, 0x40, 0x2A,
    0xFB, 0xE0, 0x13, 0x94, 0x81, 0xC4, 0x54, 0x61, 0xE1, 0xE2, 0x99, 0xB8, 0x78, 0x36, 0x2E, 0x9E,
    0x91, 0x8B, 0x67, 0xE5, 0xE2, 0x99, 0xB9, 0x38, 0x76, 0xB2, 0x0C, 0x91, 0x16, 0x15, 0x29, 0xC2,
    0x81, 0x4B, 0x5D, 0xAB, 0xC2, 0xD8, 0xDB, 0xE9, 0xA3, 0xC4, 0xEB, 0xF6, 0x78, 0xF4, 0x2C, 0x59,
    0x1C, 0xD1, 0x78, 0xA8, 0xC6, 0xEC, 0x8A, 0x61, 0x2D, 0x38, 0x45, 0x62, 0x9E, 0xB9, 0x38, 0x9E,
    0x62, 0xAC, 0x31, 0xF1, 0x62, 0x5D, 0x4E, 0x17, 0x36, 0xD7, 0x0B, 0xAD, 0xF6, 0x06, 0xF3, 0x9B,
    0x60, 0xB7, 0x12, 0x1A, 0x03, 0x44, 0x68, 0x25, 0x65, 0x3E, 0x61, 0x6D, 0x62, 0xC8, 0x43, 0x44,
    0x41, 0xBF, 0x29, 0x31, 0xC7, 0x34, 0x9A, 0x25, 0x87, 0x4F, 0x44, 0x34, 0xC9, 0x82, 0x30, 0xC1,
    0x3A, 0xB6, 0xC3, 0x52, 0x1C, 0x90, 0xC3, 0xC5, 0x4C, 0x9F, 0x0B, 0xEC, 0xDB, 0x84, 0xE0, 0x8C,
    0x24, 0xF2, 0x96, 0x0A, 0xE4, 0xC0, 0xCB, 0xD3, 0xF7, 0x16, 0x5A, 0xC6, 0xA0, 0x1F, 0x16, 0x2D,
    0x54, 0x2F, 0xB2, 0x32, 0xF2, 0xE5, 0x46, 0x9A, 0x72, 0x07, 0xA6, 0xD0, 0x21, 0xD7, 0x8E, 0xD0,
    0xB1, 0x93, 0xCA, 0x94, 0xC2, 0xF3, 0x66, 0x7E, 0xB7, 0x66, 0x55, 0xD1, 0x57, 0x2C, 0x1E, 0xC5,
    0x58, 0xB1, 0xCD, 0xED, 0xC6, 0x2A, 0xE3, 0x62, 0x02, 0x28, 0xCA, 0xA6, 0xC7, 0xE9, 0x42, 0xFD,
    0x3C, 0x0A, 0x30, 0x0D, 0x9F, 0x13, 0x23, 0x4C, 0x22, 0x2A, 0xF4, 0xB9, 0x91, 0xF8, 0x0A, 0xA6,
    0xFD, 0x32, 0x56, 0x1A, 0x36, 0x61, 0xFD, 0x56, 0x5A, 0x9A, 0xA1, 0x12, 0xBC, 0xCD, 0x84, 0xBC,
    0x88, 0xB5, 0xE8, 0x78, 0xB2, 0x2C, 0xC3, 0x72, 0x92, 0x43, 0xC1, 0x7A, 0x2F, 0x9D, 0x52, 0x4A,
    0x09, 0x1A, 0x14, 0xB1, 0x8A, 0x6B, 0xB3, 0x31, 0x13, 0x91, 0xA0, 0xE1, 0xC8, 0x10, 0xFD, 0x9E,
    0xE2, 0x01, 0xF7, 0x3F, 0x5E, 0xEC, 0x83, 0x29, 0xDF, 0x4D, 0xBB, 0x15, 0x87, 0x82, 0xC4, 0x5A,
    0x75, 0xF3, 0xE9, 0x44, 0xA3, 0x3C, 0x67, 0x70, 0x06, 0x95, 0xDA, 0x2D, 0x03, 0xBF, 0xF0, 0xA6,
    0x64, 0x67, 0xBB, 0xB4, 0x7F, 0x01, 0xCE, 0xAD, 0x7D, 0x30, 0x9F, 0x22, 0x44, 0xE4, 0x1E, 0x7C,
    0x40, 0x03, 0xB6, 0x1F, 0x56, 0x6C, 0xBA, 0x91, 0x1F, 0x34, 0x62, 0xC6, 0x07, 0x9C, 0x17, 0x88,
    0xC1, 0x60, 0xA2, 0x11, 0xC5, 0x04, 0x73, 0x0D, 0xAB, 0x03, 0xAC, 0x31, 0xDC, 0x80, 0xD3, 0x73,
    0x6A, 0xBF, 0x35, 0xE5, 0x9B, 0xDC, 0x98, 0xEE, 0xC3, 0x29, 0xA5, 0xF7, 0xA0, 0x0B, 0x94, 0xC2,
    0xF7, 0x9C, 0xAE, 0xF1, 0xCC, 0xD0, 0x3C, 0x5C, 0x8B, 0xE0, 0x4B, 0x54, 0xAB, 0xC6, 0xF7, 0xE5,
    0x47, 0xE8, 0xA2, 0x0B, 0xAA, 0x21, 0x7D, 0xA0, 0x46, 0xFF, 0x2D, 0x8E, 0x6F, 0x83, 0x02, 0x46,
    0x78, 0xF3, 0x38, 0x54, 0xC8, 0x2D, 0x08, 0x5B, 0xE2, 0xDA, 0x9F, 0x33, 0xC2, 0x96, 0xE8, 0x37,
    0x19, 0x61, 0x4B, 0x0C, 0x7C, 0x89, 0x11, 0xB6, 0xC4, 0x3F, 0x41, 0xD8, 0x12, 0xFB, 0x04, 0x61,
    0x4B, 0xDC, 0x4B, 0x18, 0x61, 0xCB, 0xCC, 0x63, 0x84, 0x2D, 0xF3, 0x8E, 0x11, 0xB6, 0xCC, 0x3A,
    0x46, 0xD8, 0xA6, 0xAC, 0x69, 0x08, 0x61, 0x4B, 0x8C, 0x13, 0x84, 0x2D, 0xF1, 0x4D, 0x11, 0xB6,
    0xC8, 0x36, 0x45, 0xD8, 0x22, 0xD7, 0x1C, 0xC2, 0x16, 0x99, 0xE6, 0x10, 0xB6, 0x38, 0x51, 0x8A,
    0xB0, 0xA5, 0x94, 0x88, 0x20, 0x6C, 0x09, 0x07, 0x22, 0x08, 0x5B, 0x62, 0xD8, 0x67, 0x85, 0xB0,
    0x25, 0x5E, 0xB5, 0x8C, 0xB0, 0x65, 0x9A, 0x11, 0xB6, 0xC4, 0xB7, 0x17, 0x18, 0x61, 0x4B, 0x7C,
    0x13, 0x84, 0x2D, 0xF3, 0x8D, 0x11, 0xB6, 0xC4, 0xB7, 0x92, 0x11, 0xB6, 0xC4, 0xB7, 0x8A, 0x11,
    0xB6, 0xC4, 0xB7, 0x9C, 0x11, 0xB6, 0xC4, 0xB7, 0x84, 0x11, 0xB6, 0xC2, 0x37, 0x42, 0xD5, 0x0A,
    0xDF, 0x88, 0x66, 0xBE, 0x09, 0xC2, 0x96, 0xF8, 0x26, 0x08, 0x5B, 0xE2, 0x9B, 0x22, 0x6C, 0x91,
    0x6F, 0x0E, 0x61, 0x8B, 0xC9, 0x06, 0x45, 0xD8, 0x02, 0xDF, 0x1C, 0xC2, 0x96, 0x51, 0x74, 0x4C,
    0x13, 0xDF, 0x7E, 0x55, 0x84, 0x6D, 0xB0, 0x1A, 0x77, 0x74, 0xB0, 0x30, 0x39, 0x31, 0x20, 0x08,
    0x5B, 0xE6, 0xCF, 0x28, 0x34, 0xF0, 0x27, 0x67, 0x84, 0x2D, 0xF1, 0x27, 0x67, 0x84, 0x2D, 0xF1,
    0x27, 0x63, 0x84, 0x2D, 0xF3, 0x87, 0x11, 0xB6, 0xCC, 0x1F, 0x46, 0xD8, 0x32, 0x7F, 0x18, 0x61,
    0x2B, 0x72, 0xC5, 0x89, 0x2C, 0xE2, 0x8F, 0xEA, 0x14, 0xE0, 0x8F, 0x43, 0xD8, 0xA6, 0x88, 0xAB,
    0x51, 0x84, 0x2D, 0xBA, 0xFE, 0x8A, 0xB0, 0x05, 0xFE, 0x38, 0x84, 0x2D, 0xF2, 0x47, 0x11, 0xB6,
    0xC8, 0x9F, 0x4F, 0x85, 0xB0, 0x65, 0x39, 0x61, 0x84, 0x2D, 0xD3, 0x8C, 0xB0, 0x25, 0x9E, 0xD4,
    0x8C, 0xB0, 0x65, 0x5D, 0xC5, 0x08, 0x5B, 0x56, 0x55, 0x8C, 0xB0, 0x15, 0x4D, 0x45, 0x08, 0x5B,
    0xE2, 0x49, 0xC6, 0x08, 0x5B, 0xE2, 0x49, 0xC5, 0x08, 0x5B, 0xE2, 0x49, 0xC9, 0x08, 0x5B, 0xE2,
    0x49, 0xCE, 0x08, 0x5B, 0xE2, 0x89, 0x20, 0x6C, 0x89, 0x27, 0x8A, 0xB0, 0x45, 0x9E, 0x28, 0xC2,
    0x16, 0x79, 0xE2, 0x10, 0xB6, 0x28, 0x33, 0x0E, 0x61, 0x8B, 0xEB, 0x5A, 0x11, 0xB6, 0x98, 0xA0,
    0x52, 0x84, 0x2D, 0x4A, 0xB3, 0x22, 0x6C, 0x81, 0x27, 0x4F, 0x8E, 0xB0, 0x7D, 0xAC, 0xE3, 0x42,
    0x4C, 0x70, 0x9E, 0xF4, 0xE9, 0x14, 0xAF, 0x8A, 0xA4, 0x9B, 0x62, 0x0E, 0x61, 0x62, 0x42, 0x43,
    0x89, 0xB5, 0xF9, 0x8B, 0x29, 0x7E, 0xC8, 0x98, 0xD3, 0x7B, 0xF8, 0x36, 0x0C, 0xCB, 0x69, 0xF8,
    0x31, 0x21, 0x6C, 0x69, 0xF4, 0x1C, 0x52, 0xD1, 0xE0, 0x25, 0xBA, 0xC2, 0xB1, 0x6B, 0xA0, 0x85,
    0x43, 0x97, 0x40, 0x2B, 0xA5, 0xE2, 0x2B, 0x7B, 0x20, 0x44, 0x26, 0xA2, 0x63, 0x1C, 0xC2, 0x36,
    0x9F, 0x1C, 0xC2, 0x16, 0x46, 0xFD, 0x64, 0x08, 0xDB, 0x60, 0x05, 0x4C, 0x21, 0x1D, 0xAC, 0x86,
    0x89, 0x07, 0xED, 0x4C, 0x3A, 0x8C, 0x5A, 0x3F, 0xF9, 0x84, 0x91, 0x5F, 0xB3, 0x8E, 0x9B, 0x11,
    0xB6, 0x3C, 0x70, 0x46, 0xD8, 0xF2, 0xC8, 0x19, 0x61, 0xCB, 0x43, 0x67, 0x84, 0xAD, 0x8E, 0x1D,
    0x11, 0xB6, 0x3C, 0x78, 0x41, 0xD8, 0xF2, 0x6A, 0x90, 0x52, 0x2A, 0x6A, 0x0B, 0x45, 0xD8, 0xE2,
    0xCC, 0x3B, 0x84, 0xAD, 0x9D, 0xBC, 0x6E, 0xE0, 0xC4, 0x33, 0x03, 0xEC, 0xE0, 0x37, 0x0E, 0x61,
    0x0B, 0x3C, 0x78, 0xB6, 0x08, 0xDB, 0xEE, 0x26, 0xA7, 0x3C, 0x9F, 0x26, 0x86, 0x72, 0x3B, 0x25,
    0x33, 0xA8, 0x17, 0x6E, 0xB7, 0x5A, 0x32, 0x2E, 0x1B, 0xBD, 0x2C, 0x7E, 0x1B, 0xC6, 0x59, 0x22,
    0xD3, 0xB2, 0x11, 0x4B, 0xCE, 0x7F, 0x8A, 0x59, 0xAB, 0xA9, 0x43, 0x1F, 0x0C, 0x78, 0x9C, 0x1C,
    0x4E, 0xEC, 0x12, 0xDD, 0x83, 0x80, 0x08, 0x6E, 0x9A, 0x25, 0xA1, 0xD5, 0x86, 0xA6, 0x3D, 0x5F,
    0x50, 0x1F, 0x75, 0x38, 0x99, 0x6B, 0x36, 0x92, 0x70, 0x57, 0xDB, 0x25, 0x52, 0x05, 0x66, 0xF4,
    0x2F, 0x90, 0x22, 0x7E, 0xD0, 0x5F, 0xC9, 0x13, 0x5B, 0x28, 0x95, 0x85, 0xCB, 0x8F, 0x76, 0x0B,
    0xA0, 0xAE, 0x2D, 0x79, 0xC5, 0x66, 0x18, 0xBC, 0xF0, 0x3A, 0x86, 0xA1, 0x88, 0xFB, 0x71, 0x07,
    0xA6, 0x2B, 0x9A, 0x9F, 0x1E, 0x01, 0xEB, 0x98, 0x81, 0x38, 0xD7, 0xDD, 0x4D, 0x13, 0xDE, 0xE8,
    0x3B, 0x53, 0x41, 0x8C, 0x92, 0xAF, 0xD3, 0xF1, 0x0D, 0x69, 0x10, 0x46, 0xC0, 0xB2, 0xB9, 0x16,
    0x04, 0x2C, 0xDB, 0x6B, 0x41, 0xC0, 0x92, 0x28, 0x45, 0x82, 0x80, 0x65, 0x2D, 0x22, 0x08, 0x58,
    0x12, 0x26, 0x45, 0xC0, 0x92, 0x34, 0x39, 0x04, 0x2C, 0x8A, 0x93, 0x43, 0xC0, 0x92, 0x76, 0x75,
    0x08, 0x58, 0x12, 0x28, 0x87, 0x80, 0xC5, 0x27, 0x70, 0x08, 0x58, 0x14, 0x29, 0x87, 0x80, 0x45,
    0xAE, 0x3A, 0x04, 0xAC, 0xF8, 0x3A, 0x9F, 0x12, 0x01, 0xCB, 0xBA, 0xD5, 0x21, 0x60, 0xF5, 0x56,
    0x10, 0xB0, 0xAC, 0x6D, 0x1D, 0x02, 0x56, 0x18, 0xA6, 0x08, 0x58, 0x61, 0x99, 0x22, 0x60, 0x85,
    0x69, 0x8A, 0x80, 0x15, 0x17, 0x51, 0x11, 0xB0, 0xE2, 0xE8, 0x28, 0x02, 0x56, 0x7C, 0x1D, 0x45,
    0xC0, 0x12, 0xF3, 0x9E, 0x73, 0x08, 0x58, 0xD6, 0xC2, 0x0E, 0x01, 0xCB, 0x0C, 0xF4, 0x08, 0x58,
    0x64, 0x61, 0x80, 0x80, 0x45, 0x26, 0x86, 0x08, 0xD8, 0x94, 0x2D, 0xA2, 0x43, 0xC0, 0xEA, 0xAD,
    0x20, 0x60, 0xAB, 0x69, 0x87, 0x80, 0xCD, 0xA7, 0x1D, 0x02, 0x36, 0x7E, 0xEB, 0xD9, 0x21, 0x60,
    0xCD, 0x71, 0x34, 0x49, 0x40, 0x5E, 0x1E, 0xCD, 0x21, 0x55, 0x5E, 0x31, 0x64, 0x41, 0xD6, 0xA3,
    0x0B, 0x1F, 0x23, 0x40, 0xF3, 0x64, 0x43, 0x98, 0x1F, 0x7E, 0x7A, 0x8B, 0x31, 0x7B, 0xD5, 0x39,
    0x1B, 0x67, 0x31, 0x66, 0x8E, 0x24, 0x51, 0x71, 0x82, 0x7C, 0x4E, 0x6A, 0x31, 0x22, 0x46, 0x42,
    0x27, 0xA2, 0xFA, 0x8F, 0x59, 0x8C, 0x8B, 0x67, 0x67, 0x31, 0x22, 0x97, 0x85, 0x0B, 0x8C, 0xE4,
    0x8D, 0x3D, 0x19, 0xFF, 0x0C, 0x20, 0xB2, 0x9E, 0xD5, 0x73, 0x40, 0x7A, 0xAE, 0x1F, 0x64, 0xED,
    0x48, 0x1C, 0x82, 0xEB, 0x86, 0xB2, 0xC6, 0xA2, 0x68, 0x9A, 0xDA, 0xAD, 0x97, 0x97, 0x7A, 0xB7,
    0x56, 0xDE, 0x98, 0xDC, 0x3A, 0x79, 0xCD, 0x85, 0x04, 0x08, 0x91, 0x15, 0xCF, 0xB6, 0x52, 0xAE,
    0x0B, 0x44, 0x96, 0x2C, 0x15, 0x43, 0x64, 0x91, 0xEB, 0x0A, 0x91, 0xC5, 0xF5, 0xA0, 0x10, 0x59,
    0x3B, 0x39, 0x88, 0x6C, 0x35, 0x39, 0x88, 0x6C, 0x3E, 0x39, 0x88, 0x6C, 0xFC, 0xD6, 0xD3, 0x43,
    0x64, 0xBB, 0xE3, 0xA1, 0x65, 0x18, 0x59, 0x6A, 0xF4, 0xAE, 0xB2, 0x7A, 0xEA, 0x69, 0xE0, 0xC0,
    0x89, 0xD0, 0xE4, 0xE0, 0x73, 0xD2, 0x9D, 0x78, 0x50, 0x72, 0xD2, 0x9D, 0x98, 0x90, 0x73, 0xD2,
    0x9D, 0xD5, 0x2C, 0x27, 0xDD, 0x89, 0x0D, 0x92, 0x74, 0x27, 0x3E, 0x68, 0xD2, 0x9D, 0xC5, 0x8F,
    0x93, 0xEE, 0x64, 0xB2, 0x35, 0xE9, 0x8E, 0x1A, 0xD6, 0x25, 0xDD, 0xD1, 0xD9, 0xD7, 0xA4, 0x7B,
    0x35, 0xF9, 0xA4, 0x3B, 0x6A, 0x30, 0x4D, 0xBA, 0x83, 0x10, 0x3E, 0x79, 0xD2, 0xFD, 0xD9, 0x2D,
    0x3D, 0xE7, 0xAC, 0x51, 0x82, 0xDC, 0x2D, 0x3D, 0xE7, 0xAC, 0x99, 0xC0, 0x59, 0x8B, 0x8E, 0x3B,
    0x6B, 0x17, 0x7E, 0xE9, 0xAD, 0x6E, 0xE9, 0x19, 0xBF, 0xF4, 0x62, 0xBF, 0xF4, 0x52, 0xBF, 0xF4,
    0x78, 0x91, 0x3C, 0xC2, 0x59, 0x7B, 0x12, 0x88, 0x2C, 0x5B, 0x11, 0x82, 0xC8, 0x12, 0xF9, 0x2A,
    0x25, 0x26, 0x89, 0x0F, 0x2F, 0x12, 0x44, 0x96, 0xA3, 0x64, 0x82, 0xC8, 0x12, 0x1F, 0x18, 0x22,
    0xCB, 0xB1, 0x1E, 0x41, 0x64, 0x89, 0x0F, 0x25, 0x41, 0x64, 0x59, 0x10, 0x08, 0x22, 0xCB, 0x72,
    0x40, 0x10, 0x59, 0x16, 0x03, 0x82, 0xC8, 0x12, 0x1F, 0x18, 0x22, 0xCB, 0x8B, 0x81, 0x21, 0xB2,
    0xB4, 0x18, 0x18, 0x22, 0x4B, 0x22, 0x20, 0x10, 0xD9, 0x94, 0x95, 0x47, 0xE3, 0x7D, 0xB6, 0xC6,
    0xBB, 0x6C, 0x8D, 0xF7, 0xE1, 0x1A, 0x1F, 0xDE, 0x7D, 0x6A, 0x88, 0xEC, 0x13, 0xAC, 0x8B, 0xF9,
    0x9A, 0xFB, 0x42, 0x3E, 0xC8, 0xC9, 0x95, 0x5B, 0x17, 0xC6, 0xBA, 0xC0, 0xB7, 0xD5, 0x9C, 0x0B,
    0xB2, 0x03, 0x1C, 0xA8, 0x45, 0xD7, 0x45, 0x82, 0x32, 0xCD, 0x0C, 0xC1, 0x44, 0xA4, 0x70, 0x84,
    0x32, 0x91, 0x95, 0xAC, 0x8B, 0x43, 0x7C, 0x6E, 0x74, 0x5D, 0x2C, 0xA2, 0xD4, 0x90, 0x29, 0x9B,
    0xD0, 0xC8, 0x95, 0x46, 0xF5, 0x9E, 0xE5, 0xC0, 0x45, 0xF9, 0x82, 0xFC, 0xD8, 0x14, 0x3B, 0xBF,
    0xD5, 0x5C, 0x85, 0x43, 0xCE, 0xD8, 0x20, 0x58, 0x29, 0xAC, 0xDF, 0xAC, 0x10, 0x85, 0xB9, 0x83,
    0xEB, 0xD0, 0x5A, 0x96, 0x0D, 0x86, 0xD6, 0x12, 0xFD, 0x1A, 0x43, 0x6B, 0x39, 0x89, 0xC2, 0xD0,
    0x5A, 0xE2, 0x89, 0x40, 0x6B, 0x89, 0x27, 0x02, 0xAD, 0x65, 0x01, 0x61, 0x68, 0x2D, 0xF1, 0xA4,
    0x60, 0x68, 0x2D, 0x27, 0x03, 0x18, 0x5A, 0xCB, 0xC1, 0x2E, 0x43, 0x6B, 0x45, 0x63, 0x12, 0xB4,
    0x96, 0x55, 0x26, 0x43, 0x6B, 0x89, 0x27, 0x0A, 0xAD, 0x45, 0x9E, 0x28, 0xB4, 0x96, 0x78, 0xA2,
    0xD0, 0x5A, 0xE4, 0x89, 0x83, 0xD6, 0x92, 0x07, 0x28, 0xD0, 0x5A, 0x94, 0x15, 0x85, 0xD6, 0xE6,
    0x93, 0x87, 0xD6, 0x92, 0xB4, 0xFC, 0xAA, 0xD0, 0x5A, 0x95, 0x93, 0x83, 0x23, 0x9A, 0xC0, 0x9F,
    0xD7, 0x37, 0x16, 0xF2, 0x69, 0x08, 0x3E, 0x37, 0xD1, 0x88, 0x4E, 0xCA, 0x9B, 0x3D, 0xE6, 0x69,
    0x52, 0xDC, 0xEB, 0x1D, 0x23, 0xDA, 0x63, 0xA5, 0x2D, 0x44, 0x28, 0x24, 0x2D, 0xB8, 0x3A, 0x1F,
    0x50, 0xEA, 0x28, 0x7F, 0xC7, 0x22, 0x43, 0x4E, 0xEC, 0x4B, 0xEF, 0x33, 0x3A, 0xB7, 0xB9, 0x6F,
    0x7B, 0x5A, 0xFD, 0x08, 0xB9, 0xCD, 0x46, 0xDE, 0x4C, 0x25, 0x44, 0x39, 0x0A, 0xF1, 0x5C, 0x2D,
    0x44, 0x58, 0x8B, 0xF6, 0x3B, 0xDE, 0x6E, 0x10, 0xBE, 0xAE, 0x33, 0xDF, 0x18, 0x97, 0x66, 0x5C,
    0x35, 0xE1, 0x1A, 0xBE, 0x51, 0x4C, 0x4D, 0xC6, 0x52, 0x15, 0x89, 0x74, 0x15, 0x08, 0x13, 0xA6,
    0xD2, 0x0B, 0x3B, 0xEB, 0x88, 0xE4, 0x88, 0x6A, 0x54, 0xC9, 0xC9, 0x04, 0x1E, 0x5C, 0x8C, 0xB9,
    0x7B, 0x72, 0x95, 0xB7, 0x8C, 0xAE, 0x51, 0x67, 0xB7, 0x17, 0xA9, 0xD8, 0x0F, 0x81, 0x3F, 0x56,
    0x08, 0xED, 0xCF, 0xC9, 0xFF, 0x2B, 0xB6, 0x84, 0xAE, 0xCD, 0xC8, 0xD7, 0x4A, 0xAE, 0x05, 0xE6,
    0x1E, 0x11, 0x92, 0xDD, 0x7D, 0x4C, 0xAF, 0xC7, 0x79, 0xE7, 0x51, 0x36, 0x1C, 0x9A, 0xC0, 0x1C,
    0x27, 0x83, 0x9B, 0xDF, 0xEE, 0xD8, 0x92, 0x0E, 0x56, 0xF4, 0xE2, 0x06, 0xB4, 0xB8, 0xF5, 0x4C,
    0xE4, 0x89, 0x55, 0x32, 0xB6, 0x8E, 0x24, 0x43, 0x5F, 0xDE, 0x33, 0x8B, 0xC6, 0x12, 0x88, 0xD2,
    0x25, 0xB1, 0x85, 0x09, 0x99, 0xD4, 0x11, 0x3E, 0x20, 0x4A, 0x57, 0x9C, 0x60, 0xD3, 0x2D, 0xCE,
    0x01, 0x2E, 0x17, 0xE7, 0xFC, 0x66, 0xE2, 0x5E, 0x81, 0x76, 0x8C, 0x45, 0xC7, 0x67, 0xAA, 0xEE,
    0xAB, 0x09, 0x53, 0xFF, 0x8B, 0x88, 0xEB, 0x2A, 0x24, 0x8C, 0xE6, 0xDF, 0x3F, 0x81, 0x87, 0x7A,
    0x9C, 0x0C, 0xB0, 0x74, 0x88, 0x45, 0xE2, 0x45, 0xCD, 0xE8, 0x49, 0xA6, 0x19, 0x42, 0xD9, 0xE8,
    0x54, 0x0F, 0x1D, 0xF3, 0x45, 0xC0, 0x64, 0xC4, 0x18, 0xC1, 0x93, 0x11, 0x67, 0x04, 0x52, 0x26,
    0x19, 0x3E, 0x42, 0x2D, 0x11, 0x6F, 0x04, 0x58, 0x46, 0xCC, 0x11, 0x6C, 0x19, 0x71, 0x47, 0xE0,
    0x65, 0xE2, 0x07, 0x11, 0xC2, 0x4C, 0x1D, 0xA1, 0x51, 0xFD, 0x4F, 0x45, 0x5E, 0xD2, 0xA2, 0x16,
    0xF8, 0x25, 0x67, 0x46, 0x0F, 0x82, 0xBA, 0xC4, 0x45, 0xAD, 0x40, 0x4C, 0x01, 0x8B, 0x5D, 0x04,
    0xFB, 0x64, 0x2F, 0xBC, 0x09, 0xD8, 0xC1, 0xBE, 0x9F, 0x96, 0xDE, 0x27, 0xDF, 0xED, 0xEE, 0x26,
    0x4C, 0xBE, 0x8B, 0x59, 0xDC, 0x02, 0x63, 0xA0, 0xF0, 0x5C, 0x16, 0x1F, 0x81, 0xE7, 0xB2, 0x00,
    0x09, 0x3C, 0x57, 0x7C, 0x45, 0x86, 0xE7, 0xB2, 0xB7, 0x28, 0xF0, 0x5C, 0xD6, 0x7E, 0x02, 0xCF,
    0x25, 0x4E, 0x29, 0x3C, 0x97, 0x13, 0x5B, 0x0A, 0xCF, 0xA5, 0xE4, 0xBB, 0xC2, 0x73, 0x91, 0x59,
    0x1E, 0x9E, 0x8B, 0xF9, 0x34, 0x0F, 0xCF, 0xB5, 0x53, 0x00, 0xCF, 0xAD, 0xA6, 0x00, 0x9E, 0x8B,
    0x6F, 0x77, 0xF0, 0x5C, 0x0E, 0x48, 0x9F, 0x09, 0x3C, 0xF7, 0xB1, 0xF9, 0x0D, 0xAA, 0x63, 0x4F,
    0x1C, 0x96, 0xA9, 0x02, 0xE9, 0xAC, 0x18, 0xF9, 0x82, 0xF2, 0xA9, 0xA4, 0xA0, 0xD7, 0x2A, 0xB3,
    0x1F, 0x52, 0x44, 0x8F, 0xB9, 0x67, 0x92, 0x13, 0xDA, 0xE7, 0x8A, 0xF9, 0x4F, 0x2C, 0x81, 0xCF,
    0xF8, 0x29, 0x18, 0x1D, 0x63, 0x3A, 0x79, 0xA2, 0x32, 0x22, 0xFF, 0x0E, 0x1B, 0x68, 0x54, 0x9C,
    0x99, 0x28, 0xE1, 0xBD, 0x1D, 0xAB, 0xCD, 0x6E, 0xAA, 0x52, 0xCB, 0x79, 0x8B, 0xA5, 0x32, 0xCD,
    0x7B, 0x5C, 0x0E, 0xAB, 0x4C, 0xFE, 0x89, 0xEC, 0x73, 0x30, 0xB1, 0xE4, 0x83, 0xAC, 0x91, 0x52,
    0x70, 0xE2, 0x9E, 0x0F, 0x53, 0x9D, 0x22, 0x61, 0x5D, 0x98, 0xAE, 0xE8, 0x42, 0x89, 0xD8, 0xBC,
    0x99, 0x28, 0x2D, 0x5B, 0x23, 0xBA, 0x74, 0x1B, 0xC6, 0x07, 0x99, 0xA5, 0x14, 0x63, 0xCE, 0xA9,
    0x6A, 0x18, 0x01, 0xF7, 0x90, 0x38, 0xE4, 0x6C, 0x23, 0x39, 0x4E, 0x69, 0xD0, 0x12, 0xB5, 0x54,
    0x63, 0x05, 0xF5, 0x3D, 0xD3, 0xFE, 0xE7, 0x68, 0x81, 0x67, 0x4B, 0xE6, 0x78, 0xBE, 0x63, 0xEB,
    0x78, 0x89, 0x17, 0xB4, 0x50, 0x08, 0x06, 0xBE, 0x8F, 0xE1, 0x41, 0x67, 0xDF, 0xC0, 0xE6, 0x05,
    0xD9, 0x0C, 0xEA, 0x2F, 0x67, 0xFF, 0x1C, 0x1D, 0x5F, 0x0C, 0x0D, 0x40, 0x0C, 0x31, 0x1A, 0xAC,
    0x58, 0x63, 0xA7, 0xE2, 0x04, 0x7F, 0x6D, 0x6B, 0x43, 0xD1, 0xEE, 0x8E, 0x89, 0x35, 0x0B, 0x75,
    0xA1, 0x19, 0x64, 0xB0, 0xE5, 0x96, 0xE1, 0xEB, 0x28, 0xD0, 0x0C, 0x9C, 0x24, 0x71, 0xCE, 0x08,
    0xDB, 0x4E, 0xC2, 0x9C, 0x2C, 0x04, 0x70, 0x20, 0x51, 0x46, 0x52, 0xCC, 0x38, 0xFD, 0x96, 0x16,
    0x3C, 0xC1, 0xE1, 0x79, 0xBD, 0x77, 0x94, 0x75, 0x26, 0xBF, 0x06, 0x74, 0xAF, 0x24, 0x03, 0x60,
    0x80, 0x94, 0x73, 0x4E, 0x29, 0x05, 0x2C, 0x68, 0xB6, 0x09, 0x98, 0x90, 0x5B, 0x5E, 0xEA, 0xD9,
    0x24, 0xD5, 0x50, 0x50, 0xED, 0xB3, 0xA4, 0x62, 0x31, 0xF0, 0xAF, 0x1D, 0xD2, 0x46, 0x1E, 0x92,
    0xB1, 0xB5, 0xBE, 0xBD, 0x44, 0xBD, 0x0F, 0x12, 0x1F, 0x51, 0x7F, 0xE7, 0x17, 0xB0, 0x2E, 0x06,
    0xD9, 0xD4, 0xD4, 0x96, 0xA0, 0x8E, 0x10, 0x52, 0xDA, 0xB3, 0x60, 0x1A, 0x36, 0x42, 0x2D, 0x13,
    0x28, 0x96, 0x48, 0x90, 0x54, 0x12, 0x81, 0x42, 0x49, 0x53, 0x41, 0x09, 0xF9, 0x6C, 0x64, 0x91,
    0x34, 0x2A, 0x91, 0x46, 0x05, 0xD2, 0x38, 0x79, 0x4C, 0x54, 0x1C, 0x75, 0xD7, 0x8D, 0x10, 0x30,
    0xFA, 0x54, 0x65, 0x51, 0xC0, 0xF7, 0x56, 0x3D, 0x8A, 0x2E, 0xD7, 0x90, 0xCE, 0xD5, 0x4E, 0xB3,
    0x56, 0x17, 0xA0, 0xF8, 0x22, 0xE2, 0x89, 0x4C, 0x01, 0x88, 0xA3, 0x3C, 0x08, 0x36, 0x99, 0x47,
    0x77, 0x20, 0xF3, 0xFD, 0x01, 0x25, 0xB6, 0xA8, 0x59, 0x4C, 0xC6, 0x9B, 0x72, 0x60, 0x2D, 0xD1,
    0xA5, 0xA7, 0x4B, 0x71, 0x45, 0x17, 0xD0, 0x6D, 0x78, 0x89, 0xF8, 0x95, 0x58, 0xD7, 0x3B, 0x18,
    0x30, 0xEC, 0xD5, 0x47, 0x54, 0x02, 0x4E, 0x1F, 0x1C, 0xE8, 0x69, 0x2D, 0x5F, 0xAA, 0x03, 0xD7,
    0x75, 0xA8, 0x8C, 0xDE, 0xBD, 0x7E, 0xA0, 0xC2, 0xEF, 0x27, 0x07, 0xCE, 0xCE, 0x1C, 0x28, 0x11,
    0xC0, 0xCF, 0x62, 0x24, 0x11, 0x26, 0x29, 0xB0, 0xE8, 0x2D, 0x19, 0x43, 0x17, 0xC8, 0xA5, 0x8B,
    0xF0, 0x19, 0xEE, 0x44, 0xD9, 0xD9, 0x13, 0x6B, 0x65, 0x3E, 0x78, 0x32, 0x4C, 0x43, 0x02, 0x59,
    0x0D, 0x2C, 0x96, 0x88, 0xA8, 0xC9, 0x68, 0xF7, 0x86, 0x39, 0xE1, 0xA8, 0x85, 0x73, 0xBA, 0xC8,
    0xB6, 0x92, 0xDA, 0x71, 0xD8, 0xB5, 0xB0, 0x52, 0xB6, 0xE5, 0x9A, 0x2D, 0x17, 0x6C, 0xB9, 0x5A,
    0xCB, 0xA5, 0x5A, 0xA9, 0xD3, 0x72, 0x91, 0x36, 0x3B, 0x96, 0xD5, 0xDC, 0x63, 0x63, 0xF9, 0x99,
    0x19, 0x1B, 0xCB, 0x34, 0x63, 0x63, 0x45, 0xC8, 0x2A, 0x17, 0x52, 0x0A, 0x36, 0x96, 0xFD, 0x0D,
    0xC6, 0xC6, 0xF2, 0x02, 0x63, 0x6C, 0x2C, 0xAF, 0x30, 0xC6, 0xC6, 0xF2, 0x12, 0x63, 0x6C, 0xAC,
    0xD4, 0x6A, 0xAD, 0x94, 0x81, 0x30, 0x7D, 0x49, 0xD8, 0x58, 0xF6, 0x3A, 0x18, 0x1B, 0xCB, 0x6E,
    0x87, 0x60, 0x63, 0xB9, 0x70, 0x26, 0x2A, 0x97, 0x82, 0x2A, 0x4D, 0xA1, 0x5A, 0x4F, 0x9B, 0x90,
    0xAE, 0x02, 0x3A, 0x0F, 0x68, 0x36, 0xAB, 0xBF, 0x22, 0x36, 0xF6, 0x89, 0x0B, 0x67, 0x82, 0x8D,
    0x15, 0x93, 0x3A, 0xBA, 0xC2, 0x99, 0x61, 0x6C, 0xAC, 0x66, 0x78, 0x07, 0x2D, 0x9C, 0x19, 0xC6,
    0xC6, 0xAA, 0x39, 0xB5, 0xAE, 0x70, 0xC6, 0xD8, 0x58, 0x35, 0xA6, 0x99, 0x95, 0xC2, 0x99, 0x62,
    0x63, 0xD5, 0x94, 0x36, 0x52, 0x38, 0x73, 0xF0, 0x2A, 0x32, 0xA4, 0xB3, 0x2B, 0x9C, 0x79, 0x6C,
    0x2C, 0xF2, 0x47, 0x11, 0x56, 0xA4, 0x73, 0x57, 0x5F, 0x38, 0xFB, 0x15, 0xB1, 0xB1, 0xB7, 0x96,
    0x4F, 0x58, 0x66, 0x30, 0x0F, 0xA4, 0x85, 0xB3, 0x12, 0xEB, 0x22, 0x2A, 0x33, 0xA7, 0xB3, 0xEC,
    0xA9, 0x47, 0x9E, 0x2C, 0xD9, 0x7B, 0x2A, 0x33, 0xE6, 0xAC, 0x7A, 0xE8, 0x12, 0x52, 0xDF, 0x40,
    0xC3, 0x2A, 0x8A, 0xB9, 0x5C, 0xCA, 0x49, 0x5D, 0xB1, 0xE2, 0x90, 0x4D, 0xEA, 0x8A, 0x51, 0x34,
    0x2A, 0x32, 0x93, 0xF7, 0x2A, 0x33, 0x79, 0x5D, 0xB5, 0x2A, 0x33, 0xC5, 0xD0, 0x39, 0x99, 0xA1,
    0xFA, 0x93, 0xC8, 0x0C, 0x62, 0xC2, 0x9D, 0xCC, 0x20, 0x70, 0xF2, 0x57, 0x93, 0x19, 0xCF, 0x87,
    0x3A, 0x20, 0x9B, 0x6B, 0x42, 0xE2, 0x22, 0x31, 0x58, 0x43, 0x39, 0xE7, 0x15, 0x91, 0x1D, 0x04,
    0x99, 0x95, 0x22, 0x9A, 0xDD, 0x44, 0x40, 0x12, 0x82, 0xCC, 0xB2, 0x5B, 0x4A, 0x99, 0x23, 0xF6,
    0xD9, 0x09, 0x32, 0xCB, 0xF9, 0x08, 0x82, 0xCC, 0x0A, 0x23, 0x48, 0xE9, 0xCB, 0xDA, 0x21, 0x4C,
    0x2D, 0x2F, 0x9D, 0xB2, 0x77, 0x2B, 0x87, 0x21, 0xB3, 0xE0, 0xBE, 0x2B, 0x64, 0xB6, 0x9A, 0x1C,
    0x64, 0x36, 0x9F, 0x1C, 0x64, 0x16, 0x38, 0xF0, 0xEC, 0x21, 0xB3, 0xFF, 0x96, 0xBD, 0xFB, 0xEC,
    0x20, 0xB3, 0xBF, 0xC6, 0x19, 0xC1, 0x67, 0x01, 0x99, 0x7D, 0x32, 0xE7, 0xD2, 0x69, 0x77, 0x8E,
    0x97, 0x2A, 0x1F, 0x2D, 0x55, 0x3E, 0x56, 0xAA, 0x7C, 0xA4, 0x54, 0xF9, 0x38, 0xA9, 0x72, 0x7A,
    0xBD, 0xAE, 0x9C, 0x5A, 0x57, 0xE7, 0x52, 0x20, 0xB3, 0xAA, 0xD4, 0xAB, 0xBD, 0x4E, 0x0F, 0x55,
    0x3A, 0x45, 0x46, 0xAC, 0xD1, 0x03, 0x85, 0x1E, 0xE8, 0x73, 0x60, 0xDF, 0x53, 0x43, 0x66, 0x65,
    0xC4, 0x5A, 0xE4, 0x6D, 0x65, 0xD8, 0x37, 0x78, 0x7C, 0xA7, 0x4F, 0xCE, 0x31, 0x94, 0x87, 0x65,
    0x35, 0x19, 0xEA, 0x09, 0x96, 0x8D, 0x58, 0x37, 0xC1, 0x74, 0x20, 0x3A, 0xFF, 0x09, 0xA8, 0xE4,
    0xE2, 0xFD, 0x81, 0x7B, 0x82, 0x81, 0x87, 0x6F, 0x96, 0xD8, 0xD2, 0x86, 0xEC, 0x4B, 0xC3, 0xC0,
    0xC5, 0x4A, 0x56, 0x37, 0x2E, 0x21, 0xD6, 0xDB, 0x0C, 0xB9, 0xC3, 0x7E, 0x25, 0xA8, 0xAE, 0x30,
    0x48, 0x23, 0x5D, 0xD5, 0x8D, 0x3C, 0xC5, 0x5A, 0xFD, 0x4B, 0x44, 0x45, 0x69, 0x42, 0xA3, 0x90,
    0x7D, 0xDE, 0x76, 0xE4, 0x6B, 0x53, 0x8B, 0x42, 0xE7, 0x0D, 0x37, 0x20, 0x20, 0x1C, 0x29, 0x99,
    0x93, 0x87, 0xA2, 0xA0, 0x35, 0x81, 0x58, 0xC8, 0xF5, 0xCE, 0x5B, 0x8F, 0x09, 0xFA, 0x9C, 0x6A,
    0xEB, 0x82, 0xB4, 0x84, 0x70, 0x00, 0x0B, 0xF9, 0xCC, 0x03, 0x8C, 0x11, 0x98, 0x0B, 0xE8, 0xCD,
    0x30, 0x1F, 0x90, 0x62, 0x4E, 0xA0, 0x57, 0xC3, 0xBC, 0xA0, 0xB0, 0x82, 0xB8, 0x81, 0x2E, 0x28,
    0xF3, 0x23, 0x9E, 0x1D, 0x47, 0x16, 0xC7, 0x93, 0xC5, 0x71, 0x65, 0x71, 0x7C, 0x59, 0x1C, 0x67,
    0x28, 0x0D, 0x43, 0x3C, 0x5F, 0x94, 0x3B, 0x54, 0xE3, 0x22, 0xFE, 0x24, 0x12, 0x2A, 0xD5, 0xBE,
    0x94, 0xE2, 0x41, 0x99, 0x1E, 0x93, 0x19, 0x40, 0x32, 0x6F, 0x06, 0x82, 0xE1, 0xCF, 0x97, 0x6B,
    0x73, 0x4E, 0xB5, 0x28, 0x52, 0x3C, 0x65, 0xCF, 0xAD, 0xF1, 0x7A, 0xF2, 0xDF, 0x8B, 0xBE, 0xE9,
    0xC8, 0x8D, 0x23, 0xE7, 0x3F, 0xC5, 0xED, 0x65, 0xF0, 0xC8, 0xDD, 0x79, 0xC5, 0x0B, 0xDA, 0x5D,
    0x12, 0xB9, 0xCC, 0x1C, 0xA4, 0x6C, 0xE6, 0xE4, 0xAA, 0x22, 0xED, 0x68, 0x3B, 0x06, 0xF5, 0x91,
    0x63, 0x73, 0x4F, 0x55, 0x5B, 0xB7, 0x8F, 0x77, 0xC4, 0x4A, 0x88, 0x81, 0x40, 0x3C, 0x1B, 0x8B,
    0x61, 0x86, 0xFC, 0x44, 0xE5, 0x9E, 0xA3, 0x02, 0xC9, 0xA6, 0x6A, 0xE1, 0x3C, 0xD6, 0x25, 0x96,
    0xC1, 0x29, 0x38, 0x5B, 0xCD, 0x29, 0xFA, 0x58, 0x1D, 0xFB, 0xDF, 0x92, 0x64, 0xCE, 0x09, 0x4F,
    0x00, 0x0B, 0xB1, 0xE6, 0x3D, 0x15, 0x2C, 0x54, 0x02, 0x94, 0x88, 0xBA, 0xFF, 0x8B, 0x15, 0xF8,
    0x2B, 0xC3, 0xB5, 0xF7, 0x57, 0xD9, 0xE5, 0xBF, 0x8F, 0x7F, 0xB3, 0x2C, 0x7E, 0xA0, 0x96, 0xD0,
    0xE5, 0x5F, 0xCD, 0x45, 0x42, 0x6A, 0xFF, 0xEB, 0x78, 0xA9, 0x86, 0xE7, 0xF1, 0x52, 0x4C, 0xBC,
    0x8D, 0x4B, 0xA4, 0xA6, 0xBE, 0x91, 0x8B, 0xE9, 0xF7, 0x77, 0x61, 0x36, 0x06, 0xB7, 0x85, 0x0E,
    0x5C, 0x29, 0xE4, 0x6D, 0x19, 0x38, 0x38, 0x5A, 0x05, 0x57, 0x92, 0xAC, 0xCC, 0x29, 0xF3, 0x6C,
    0x65, 0x0F, 0x5B, 0x3E, 0x10, 0x44, 0x9D, 0x76, 0x2B, 0x10, 0x9C, 0xAC, 0xB1, 0x77, 0xFF, 0x0C,
    0x44, 0x22, 0x9D, 0x9A, 0xA1, 0x84, 0x55, 0x3E, 0x96, 0x6D, 0x39, 0x60, 0x0B, 0x32, 0xC4, 0xBF,
    0x6D, 0xF0, 0x99, 0x20, 0xA9, 0x29, 0xFA, 0x14, 0x98, 0x7C, 0x2E, 0xDB, 0x84, 0x22, 0x9B, 0xF2,
    0x80, 0x26, 0xA4, 0xA4, 0x2E, 0x61, 0x0C, 0x02, 0x18, 0xE5, 0xEE, 0x65, 0xC3, 0x00, 0x5B, 0x7A,
    0xA5, 0x56, 0xA2, 0x87, 0xF2, 0x55, 0x9F, 0x82, 0x2F, 0xE7, 0xF2, 0x35, 0x6F, 0xD2, 0x62, 0x5B,
    0xBE, 0x16, 0xC8, 0x4E, 0x73, 0xB7, 0x0D, 0x2B, 0xD4, 0xBB, 0xCE, 0x42, 0xC9, 0xBE, 0xCF, 0xD0,
    0xFE, 0xAE, 0xD9, 0xDD, 0x55, 0xBB, 0xBB, 0x5D, 0x6E, 0xDF, 0x25, 0xF7, 0x97, 0xEF, 0x99, 0xE7,
    0x5C, 0x76, 0x7F, 0x59, 0x49, 0xDB, 0xB1, 0xF2, 0x9A, 0x11, 0x17, 0x8F, 0x0E, 0x0C, 0x31, 0x76,
    0x8D, 0x79, 0x4B, 0x2B, 0xF1, 0xD5, 0xDA, 0xAB, 0xA5, 0x68, 0x85, 0xAD, 0x15, 0x02, 0x81, 0x5B,
    0xE1, 0x6A, 0xB6, 0x1A, 0xBC, 0x11, 0xA6, 0xC2, 0xC2, 0xC2, 0xAD, 0xB6, 0xC4, 0x53, 0x2C, 0xBD,
    0xD2, 0x4D, 0x4E, 0xF1, 0x76, 0x31, 0xD1, 0x0D, 0x6E, 0xD7, 0x04, 0xD6, 0xF4, 0xF8, 0x9E, 0x85,
    0xBA, 0x90, 0x61, 0xB3, 0xAE, 0x56, 0xF8, 0x49, 0x99, 0xFE, 0x56, 0xD8, 0x49, 0xA9, 0x7E, 0x37,
    0xA2, 0x6E, 0x0B, 0x6E, 0x30, 0xD9, 0xDF, 0x06, 0x20, 0x8A, 0xE0, 0x26, 0xDA, 0x82, 0x1B, 0x53,
    0x7D, 0x37, 0xB8, 0xC9, 0x42, 0xDE, 0xC5, 0x3B, 0x46, 0x76, 0xED, 0xED, 0x6C, 0x0C, 0x7E, 0x0E,
    0x26, 0xCC, 0xB7, 0x32, 0x0B, 0x11, 0x5C, 0x2C, 0x8B, 0x0E, 0xD5, 0x56, 0x2B, 0x2B, 0x6F, 0x06,
    0x0F, 0x66, 0x82, 0xE5, 0x47, 0xCC, 0xAC, 0x7A, 0xEA, 0x71, 0xC5, 0xBC, 0xA4, 0x8C, 0x28, 0xB1,
    0xF2, 0x47, 0xDB, 0x65, 0x5D, 0x2D, 0xCC, 0xC9, 0xF7, 0xB0, 0x77, 0xC9, 0x22, 0x8C, 0x84, 0xA5,
    0x93, 0x2C, 0xC2, 0xC7, 0xFF, 0x9C, 0xE0, 0xE6, 0x06, 0x65, 0xE3, 0x42, 0xFB, 0x10, 0x88, 0x8B,
    0x44, 0x33, 0x13, 0x31, 0x93, 0xB1, 0xE8, 0xE3, 0xC1, 0x7A, 0x5B, 0x94, 0x85, 0xDD, 0xE8, 0xF2,
    0xC2, 0x09, 0xED, 0x97, 0xF0, 0x9E, 0x90, 0xF3, 0x3D, 0x7F, 0xB0, 0xCF, 0x1D, 0x3F, 0x2B, 0xFA,
    0x09, 0xB1, 0x62, 0xC4, 0x9F, 0x46, 0x36, 0x74, 0x22, 0x7F, 0x24, 0xF0, 0x21, 0x51, 0x63, 0x9E,
    0xB1, 0xA4, 0xAD, 0x86, 0x83, 0x62, 0xE4, 0x4F, 0x67, 0x7E, 0x1F, 0x83, 0x62, 0xE2, 0x4F, 0xF5,
    0x0B, 0x4B, 0x34, 0xF2, 0x27, 0xB3, 0x6B, 0x32, 0x29, 0x7F, 0xB0, 0x94, 0xE0, 0x84, 0x8C, 0x3E,
    0xF3, 0x20, 0x90, 0x1B, 0xA4, 0x89, 0x3F, 0xD5, 0xE0, 0x83, 0x91, 0xF2, 0xCA, 0xD3, 0xB9, 0xDA,
    0x48, 0x5A, 0xC7, 0xBE, 0x9B, 0x20, 0x7C, 0xD0, 0x3B, 0x01, 0x64, 0xE1, 0xE3, 0x29, 0x10, 0xA7,
    0x20, 0xA8, 0x69, 0x02, 0x3A, 0xEC, 0xEA, 0x98, 0x4E, 0x2A, 0x33, 0x2D, 0xCE, 0x0C, 0xD3, 0xE9,
    0x44, 0x5B, 0x53, 0x18, 0xF6, 0xB4, 0xE4, 0x68, 0x52, 0x88, 0x27, 0x91, 0xA5, 0xED, 0x43, 0xAC,
    0xD7, 0x1A, 0x76, 0x91, 0x88, 0x06, 0x5B, 0xD2, 0x09, 0x4F, 0x7E, 0x10, 0xA3, 0x4A, 0x23, 0x9E,
    0xBC, 0x73, 0xA0, 0x0C, 0x0F, 0xF1, 0xE4, 0x47, 0x8B, 0x39, 0xEB, 0x74, 0xE9, 0x01, 0x6D, 0x9E,
    0x6B, 0x99, 0x27, 0x2B, 0xD0, 0xE5, 0xC4, 0x3C, 0xE9, 0xB0, 0x14, 0x7C, 0x60, 0x9E, 0x54, 0xA6,
    0x4A, 0xB6, 0x99, 0x79, 0x02, 0x1C, 0xC5, 0xDA, 0x86, 0xEC, 0x20, 0x2C, 0xA8, 0xAF, 0x0B, 0x63,
    0x2A, 0x40, 0xCF, 0x2F, 0x01, 0x70, 0x7F, 0xF1, 0x21, 0xAE, 0x83, 0x1A, 0x43, 0x70, 0x53, 0x78,
    0x26, 0x7A, 0x1F, 0x3E, 0xDC, 0x1E, 0x04, 0xEE, 0xDF, 0xF8, 0x04, 0xBE, 0x23, 0x31, 0x21, 0xD0,
    0xED, 0x0C, 0x3B, 0x21, 0x16, 0x94, 0x1C, 0xF3, 0x21, 0x07, 0x28, 0x79, 0xCD, 0x42, 0x51, 0x62,
    0xCF, 0x49, 0x96, 0x89, 0xF2, 0x4D, 0xF0, 0xC4, 0x78, 0xF8, 0x25, 0x68, 0xBA, 0x9E, 0x47, 0x8F,
    0x70, 0xA6, 0x81, 0x07, 0x4F, 0x24, 0x8F, 0x9D, 0xC9, 0x97, 0x95, 0xEC, 0x5D, 0x5A, 0xB1, 0xF0,
    0xA4, 0x6A, 0x04, 0x20, 0x3B, 0x87, 0xF0, 0x51, 0x2C, 0x27, 0x56, 0xF2, 0x66, 0x3F, 0x66, 0x57,
    0x82, 0x0B, 0x46, 0xDC, 0xED, 0x61, 0x18, 0x76, 0x7F, 0x13, 0xDA, 0x35, 0x99, 0x7C, 0xC5, 0x2C,
    0xF1, 0xC8, 0x67, 0x57, 0x81, 0x83, 0x1B, 0x4E, 0x5F, 0xCA, 0xE8, 0x1B, 0xB2, 0xF0, 0x32, 0xFE,
    0x6F, 0x92, 0x3F, 0x22, 0x1C, 0x00, 0x6F, 0xA7, 0xA9, 0x45, 0x04, 0xF0, 0x06, 0xA3, 0x60, 0xE1,
    0x42, 0x82, 0xAD, 0x1E, 0x84, 0x0F, 0x7D, 0x41, 0xE5, 0xB5, 0x83, 0x3C, 0x3C, 0x01, 0xB0, 0x5F,
    0xD6, 0x8D, 0xA0, 0xBE, 0x6F, 0x11, 0x48, 0xEB, 0x4E, 0x2B, 0x86, 0x69, 0x8D, 0x6C, 0xF5, 0xF5,
    0x82, 0xBF, 0xB2, 0xC1, 0x52, 0x09, 0xBC, 0xE1, 0xC8, 0xC1, 0x1A, 0x65, 0x6F, 0x50, 0x18, 0xD1,
    0x95, 0x36, 0x84, 0x0B, 0x36, 0xE1, 0x9F, 0xE2, 0x9D, 0x46, 0xF9, 0xEA, 0xDE, 0x3D, 0xB8, 0xE6,
    0x1F, 0x84, 0x0E, 0xC2, 0x16, 0x7A, 0x08, 0x89, 0xB8, 0x69, 0xE2, 0x22, 0x14, 0x07, 0xB6, 0x9A,
    0xC8, 0xCE, 0xB7, 0x7F, 0x00, 0x06, 0xD0, 0x8B, 0xD3, 0x7B, 0xD8, 0x24, 0x26, 0x63, 0x04, 0xEE,
    0x46, 0xB8, 0xD3, 0x85, 0x6B, 0xFC, 0xCC, 0x54, 0x54, 0xC4, 0xFF, 0xF1, 0x39, 0xEC, 0x1E, 0x4C,
    0x6C, 0x45, 0xD4, 0xBE, 0xC5, 0xFE, 0x56, 0xCC, 0xD8, 0xC6, 0x2C, 0x29, 0x15, 0xB0, 0x99, 0xB5,
    0x15, 0x76, 0x3A, 0x1C, 0x4B, 0x35, 0x6D, 0xB8, 0xAC, 0x7E, 0x3C, 0x62, 0x0C, 0xFC, 0x32, 0xAF,
    0xAC, 0xEC, 0x2A, 0xF5, 0x4D, 0x8F, 0xC9, 0xA1, 0xF7, 0xB7, 0x09, 0x79, 0xB4, 0x55, 0xC8, 0xEE,
    0xA2, 0x0F, 0x7A, 0x32, 0xC2, 0xFA, 0x09, 0x76, 0x6F, 0xE7, 0xB4, 0x67, 0xB1, 0x0E, 0x18, 0x3F,
    0xBB, 0xBD, 0xAA, 0xB4, 0xDC, 0xDA, 0x10, 0x8F, 0x76, 0x04, 0xE2, 0x7E, 0xBD, 0xA7, 0xF4, 0xEE,
    0xE7, 0x1B, 0xBB, 0xBB, 0xEA, 0xFA, 0x9D, 0x9F, 0x02, 0xEC, 0xD5, 0xB0, 0xBF, 0x6B, 0x76, 0x77,
    0xCE, 0x61, 0x6B, 0x5A, 0x64, 0x83, 0xCC, 0x06, 0xEE, 0xD1, 0xA9, 0x55, 0xB5, 0x61, 0x85, 0xB5,
    0xAA, 0xD5, 0x61, 0x2B, 0xEC, 0xDD, 0x96, 0xF6, 0x2B, 0xA1, 0x74, 0x47, 0x76, 0x2E, 0xF1, 0x8E,
    0x67, 0x02, 0xDC, 0x14, 0xB9, 0xC3, 0x89, 0xB0, 0xB8, 0xA0, 0xE9, 0x0E, 0xC6, 0x8E, 0x75, 0x02,
    0xBA, 0xE3, 0x69, 0xC0, 0xBB, 0x01, 0xBF, 0xE1, 0x20, 0xFB, 0x26, 0xCA, 0xD9, 0x4D, 0x42, 0x05,
    0x4B, 0x63, 0xD3, 0x9D, 0xBC, 0x20, 0xE4, 0x53, 0xD9, 0x75, 0xB5, 0x17, 0x6B, 0xD0, 0x22, 0x81,
    0x00, 0x9F, 0xBE, 0x16, 0x04, 0x77, 0xD5, 0xFD, 0x57, 0x82, 0x3B, 0x70, 0xD8, 0xFC, 0xFB, 0xD0,
    0xD0, 0x56, 0xF5, 0x53, 0x38, 0x6C, 0x9D, 0xE6, 0x70, 0x4E, 0x6C, 0x1D, 0xDE, 0x22, 0x34, 0xFE,
    0x4A, 0x0C, 0x03, 0x55, 0x75, 0x0E, 0x1D, 0xF5, 0x97, 0xE6, 0xE6, 0x2B, 0xB4, 0x59, 0x75, 0x54,
    0x2E, 0x82, 0xB3, 0x6E, 0x31, 0xB7, 0x27, 0x7E, 0x2F, 0xFA, 0x18, 0x10, 0x52, 0x09, 0x1F, 0x49,
    0x88, 0x31, 0xD5, 0xCD, 0x4E, 0x5A, 0x44, 0x9B, 0x1C, 0x4F, 0x07, 0x71, 0xD3, 0x28, 0xCB, 0x80,
    0xBD, 0x5A, 0x88, 0x95, 0xDF, 0xE7, 0xBF, 0xAA, 0xCA, 0x5C, 0x30, 0xC3, 0xBF, 0x99, 0x6F, 0x8B,
    0xCD, 0x60, 0x67, 0x07, 0xBF, 0xF4, 0xC0, 0xDB, 0x26, 0xB3, 0x99, 0xBE, 0x88, 0xD8, 0x29, 0xC0,
    0xC1, 0x83, 0x6E, 0xE8, 0xA5, 0xDB, 0xCD, 0x29, 0x44, 0xBA, 0x5D, 0x3A, 0x0D, 0xAE, 0x48, 0x83,
    0x2C, 0x4E, 0x77, 0x34, 0x03, 0xE8, 0x98, 0x25, 0x50, 0x09, 0xBA, 0x71, 0x4C, 0xF2, 0x67, 0xBA,
    0x7D, 0x4C, 0x37, 0x7F, 0xD5, 0xD9, 0xDE, 0xD7, 0x88, 0xAF, 0xB5, 0xE3, 0x5D, 0x8E, 0xC8, 0xF6,
    0x71, 0x32, 0x1B, 0x8F, 0x01, 0x70, 0x93, 0x40, 0x61, 0x75, 0x1E, 0x49, 0x93, 0x85, 0x8F, 0x11,
    0xB6, 0x23, 0xBB, 0xB8, 0x81, 0xB0, 0x7A, 0x3A, 0xE3, 0xD6, 0x7A, 0x05, 0xDF, 0x7A, 0xE3, 0xD6,
    0x66, 0xB3, 0x2A, 0xF7, 0xB6, 0xB4, 0xAA, 0xDA, 0xDB, 0x02, 0xA7, 0x87, 0x8D, 0x1B, 0xAC, 0xEC,
    0x63, 0xC6, 0x2D, 0x7B, 0x86, 0xC6, 0xCD, 0xB5, 0xF2, 0x0D, 0xFA, 0xF6, 0x5C, 0x37, 0x6E, 0x47,
    0x7E, 0x7E, 0x3F, 0xF4, 0x04, 0x8F, 0x27, 0xE1, 0xC2, 0x1D, 0x4A, 0x4F, 0x92, 0x2C, 0x8E, 0x0F,
    0xB7, 0xF8, 0x9A, 0xDD, 0xD1, 0x35, 0xB5, 0xCF, 0xD0, 0x84, 0x59, 0x1A, 0xCE, 0xD4, 0xF0, 0x52,
    0x4A, 0x64, 0x7B, 0x13, 0xEB, 0x9F, 0xD1, 0x05, 0x8F, 0xD1, 0x27, 0x07, 0x17, 0x3A, 0x9A, 0xC3,
    0xE2, 0x02, 0xC7, 0x68, 0xEE, 0xD4, 0xC8, 0xC2, 0xDA, 0xA9, 0x5C, 0x84, 0x93, 0x1C, 0x0A, 0x35,
    0xB1, 0x94, 0x45, 0x55, 0xD7, 0x3C, 0xC7, 0xD2, 0xA6, 0xB8, 0xE6, 0xCD, 0x90, 0xAA, 0xEB, 0x79,
    0x62, 0xDB, 0xD4, 0x81, 0x37, 0x57, 0xBF, 0x0B, 0x1E, 0x9E, 0x40, 0xD1, 0xAB, 0x38, 0x07, 0xDA,
    0x53, 0x17, 0x65, 0xAD, 0x18, 0xBC, 0x39, 0x70, 0xB8, 0xA4, 0x6A, 0xF4, 0x29, 0xCE, 0x3C, 0x80,
    0xE1, 0xC6, 0x01, 0xFC, 0xCB, 0x94, 0xD7, 0xB6, 0x6E, 0xEC, 0x2D, 0xE7, 0x2E, 0xB0, 0x76, 0x1A,
    0xE6, 0x22, 0xB4, 0x99, 0x17, 0x26, 0xB0, 0x98, 0x17, 0x26, 0xB0, 0x97, 0x17, 0xD8, 0xAD, 0x8D,
    0xAD, 0xE5, 0xCC, 0x7D, 0x83, 0xC4, 0x56, 0xC2, 0x4D, 0xD3, 0xAB, 0xA5, 0x34, 0x97, 0x11, 0x99,
    0x4D, 0xE4, 0x4E, 0x67, 0xBA, 0xEC, 0xA1, 0x7A, 0xE6, 0xB8, 0x83, 0x1E, 0x2B, 0x92, 0x22, 0xAD,
    0xA5, 0xFD, 0xA6, 0x46, 0xD3, 0x79, 0x9F, 0xCE, 0x0E, 0xA2, 0x84, 0x6C, 0x70, 0x37, 0x84, 0xFA,
    0x9F, 0x83, 0x85, 0xEF, 0x01, 0xF5, 0xD8, 0x6C, 0x7F, 0x0A, 0xCC, 0x64, 0x35, 0x84, 0x46, 0x32,
    0x88, 0x1F, 0x43, 0x07, 0xE4, 0x04, 0xC5, 0xFA, 0xD9, 0xAD, 0x59, 0xEF, 0x90, 0xB6, 0xE5, 0x1C,
    0xAC, 0x59, 0xE7, 0x90, 0xE6, 0x81, 0x43, 0x5A, 0x1C, 0x75, 0x48, 0xB3, 0x60, 0xCD, 0x0E, 0x6E,
    0x75, 0x06, 0xCB, 0xB7, 0xF4, 0x6B, 0xB6, 0x71, 0x6B, 0xD6, 0x2D, 0xAD, 0x5B, 0x1D, 0xD2, 0xFA,
    0x48, 0x6D, 0x02, 0x84, 0x39, 0x30, 0xFF, 0x0A, 0x51, 0x07, 0x8B, 0x30, 0xA4, 0x12, 0xB6, 0x2D,
    0x25, 0x44, 0x29, 0x12, 0xB6, 0x21, 0x68, 0xFA, 0x45, 0x3B, 0x32, 0x33, 0x60, 0x04, 0x1F, 0x4A,
    0xD8, 0xF6, 0x36, 0x84, 0xA5, 0x0F, 0x25, 0x6C, 0xC3, 0x86, 0xF8, 0x56, 0xC2, 0x36, 0x6C, 0x27,
    0xD1, 0x4C, 0xCE, 0x9D, 0xC2, 0xE8, 0x80, 0x39, 0xB2, 0x11, 0x4A, 0x5B, 0xEC, 0x37, 0xBA, 0x50,
    0x22, 0x1D, 0x15, 0xF2, 0x49, 0x84, 0x23, 0x27, 0x5A, 0x52, 0x03, 0x9D, 0x71, 0x6B, 0x07, 0x44,
    0x2E, 0xDD, 0x87, 0x55, 0x9F, 0x1B, 0xFD, 0x48, 0xAC, 0x1C, 0x2C, 0x50, 0xB2, 0xFC, 0xE9, 0xC4,
    0xFA, 0x55, 0xAC, 0x31, 0xC6, 0x86, 0x0C, 0x01, 0x59, 0xD9, 0xE5, 0x99, 0x9A, 0x96, 0xDA, 0x86,
    0x4E, 0xF9, 0x86, 0x32, 0xA9, 0xF1, 0xFC, 0xB7, 0x16, 0x9A, 0x97, 0xFC, 0xED, 0x89, 0x5A, 0xCC,
    0xE5, 0x63, 0x5D, 0x3C, 0xA0, 0x14, 0x15, 0x07, 0x04, 0x09, 0x6D, 0x62, 0x1E, 0x08, 0x75, 0x51,
    0x23, 0x06, 0x0E, 0x9D, 0xBE, 0x94, 0xB7, 0xF6, 0x10, 0xF2, 0x0F, 0x3B, 0x04, 0xA0, 0xAE, 0x91,
    0x16, 0xE4, 0xB4, 0x8F, 0x9D, 0x12, 0x1B, 0x8D, 0x44, 0x5F, 0xDA, 0x5C, 0x15, 0xED, 0xE7, 0x63,
    0x36, 0xD2, 0x2E, 0x19, 0xB6, 0x23, 0x62, 0xB4, 0xFC, 0x52, 0x59, 0xB7, 0x91, 0x76, 0xB6, 0x96,
    0x36, 0xD2, 0xE2, 0xFC, 0xBF, 0xB2, 0x9A, 0xE6, 0x15, 0x49, 0x6B, 0xC0, 0xE2, 0x2F, 0xDE, 0xD6,
    0xB4, 0xC6, 0x4C, 0xF2, 0x40, 0xF3, 0xFF, 0xD3, 0x85, 0x68, 0x5E, 0x10, 0x2B, 0xBD, 0x86, 0xE7,
    0xFF, 0x3F, 0xC1, 0xFB, 0x5D, 0x5A, 0x23, 0xB2, 0x91, 0x4B, 0x6B, 0x94, 0x4B, 0xA4, 0x69, 0x8D,
    0xC2, 0x62, 0x89, 0x83, 0xE7, 0xBF, 0xE0, 0xAC, 0x2D, 0xAB, 0x86, 0xD5, 0xDB, 0xDE, 0x2C, 0x38,
    0x50, 0x01, 0x37, 0xD2, 0x7A, 0xB3, 0x60, 0x5F, 0x09, 0xDA, 0x64, 0xFE, 0x43, 0xD0, 0x1C, 0x33,
    0x70, 0x2C, 0x08, 0xAF, 0xE7, 0xB4, 0x64, 0x40, 0x87, 0xEE, 0x45, 0x72, 0x4B, 0x5A, 0xC3, 0xEF,
    0x25, 0xF0, 0x5B, 0x09, 0x88, 0x33, 0xE2, 0x52, 0x60, 0x9E, 0x7B, 0x54, 0xC5, 0x89, 0xD0, 0x10,
    0x5E, 0x13, 0x40, 0x15, 0xCC, 0x11, 0xCC, 0x81, 0x6F, 0xC4, 0x8F, 0x62, 0xA4, 0x66, 0x44, 0xC8,
    0x8D, 0xB1, 0xF9, 0x07, 0xE1, 0xC5, 0x07, 0xF6, 0x5B, 0x33, 0x71, 0xE2, 0xFE, 0x2F, 0x66, 0x49,
    0x5F, 0xC0, 0xAC, 0x48, 0xF2, 0x22, 0x93, 0x9E, 0x59, 0xF4, 0xA8, 0x22, 0xA1, 0x94, 0xFB, 0xD0,
    0x64, 0xEA, 0xBE, 0x07, 0xFB, 0xED, 0x94, 0x37, 0xAA, 0x01, 0xEF, 0x96, 0xEB, 0xE3, 0x5D, 0xA8,
    0x5F, 0x52, 0xAF, 0x69, 0xAE, 0x5E, 0x37, 0x08, 0xCF, 0xD9, 0xD6, 0xE6, 0x7F, 0x2F, 0xB6, 0x34,
    0x1F, 0x58, 0xCE, 0x27, 0xDE, 0xD5, 0x8B, 0x3B, 0xEF, 0x69, 0x09, 0x64, 0x23, 0x22, 0x62, 0x59,
    0x3F, 0x26, 0x0F, 0x2C, 0xF5, 0x4C, 0x26, 0x5B, 0x6A, 0xED, 0x77, 0x35, 0xB6, 0x8A, 0x09, 0x1F,
    0x25, 0x2A, 0x92, 0xFE, 0xE8, 0xD2, 0xAF, 0x1A, 0xAD, 0x46, 0x96, 0x1D, 0xB7, 0x83, 0xB8, 0xD5,
    0x2E, 0x56, 0xED, 0x56, 0xEF, 0xD0, 0x95, 0x1C, 0xC3, 0x8A, 0x57, 0x39, 0x7B, 0x3A, 0x0D, 0xDA,
    0xE8, 0x9B, 0xEE, 0xDD, 0x60, 0xAF, 0xCE, 0xFD, 0x3E, 0x70, 0xFB, 0xFA, 0xA0, 0x24, 0x1B, 0xE8,
    0xC5, 0xE6, 0x16, 0x4C, 0xF0, 0x73, 0x8A, 0xB1, 0x12, 0x75, 0x50, 0x2B, 0x86, 0xA5, 0x90, 0xD8,
    0x53, 0x12, 0xD1, 0x74, 0x11, 0x6F, 0x22, 0x61, 0x63, 0x22, 0x3E, 0x84, 0x2C, 0x01, 0xF5, 0x1C,
    0x16, 0xDE, 0x84, 0xCB, 0x9D, 0x49, 0x71, 0x78, 0x84, 0x80, 0xE0, 0x06, 0xA5, 0x85, 0x3D, 0x50,
    0x87, 0x51, 0x4B, 0x18, 0x97, 0x8E, 0x41, 0x2E, 0x97, 0x8C, 0x9B, 0x6A, 0x6A, 0x2A, 0x35, 0x80,
    0xCD, 0xB3, 0x6C, 0x2F, 0x2B, 0xDE, 0x6A, 0x13, 0x06, 0x6C, 0xA5, 0xD9, 0x6D, 0x9C, 0xE9, 0xB8,
    0x65, 0x3C, 0x36, 0xA9, 0x23, 0x27, 0x69, 0x85, 0x27, 0x18, 0x4A, 0x71, 0x92, 0xB0, 0xC0, 0x5D,
    0x52, 0xF0, 0x64, 0xAA, 0x6E, 0x88, 0xB1, 0x53, 0x24, 0x77, 0x77, 0x86, 0xAF, 0x3A, 0x95, 0x81,
    0x61, 0x13, 0x3D, 0xDC, 0x70, 0x8B, 0x25, 0x79, 0x98, 0x27, 0x1C, 0x46, 0x4C, 0x5D, 0x73, 0x97,
    0x64, 0xA3, 0x18, 0xDA, 0xF6, 0xA5, 0xDD, 0xF2, 0x09, 0x94, 0x50, 0x36, 0x55, 0xE8, 0x68, 0x54,
    0x3D, 0x39, 0x4C, 0x29, 0x77, 0x71, 0x45, 0xEC, 0xC0, 0x8C, 0x88, 0x86, 0x0A, 0x1B, 0x45, 0xBB,
    0x0A, 0x27, 0x59, 0xB7, 0x51, 0x26, 0x59, 0x2D, 0x1D, 0x67, 0xDE, 0xE5, 0xE1, 0xFF, 0xBB, 0x09,
    0x03, 0xDC, 0xCF, 0x84, 0xDE, 0x39, 0x91, 0x87, 0x80, 0x6C, 0xAE, 0x27, 0x2F, 0x83, 0x4C, 0x4D,
    0xFC, 0x3F, 0x9D, 0x4B, 0x90, 0x50, 0xE9, 0x85, 0x45, 0xDE, 0x25, 0x14, 0x20, 0x54, 0xEA, 0xD4,
    0x00, 0x26, 0x08, 0xB1, 0xA5, 0xC9, 0x97, 0x2D, 0x02, 0x28, 0x00, 0xBC, 0x2B, 0x00, 0x85, 0xE0,
    0xE1, 0x42, 0x24, 0x09, 0xBB, 0x65, 0xF2, 0x65, 0xFC, 0x40, 0x04, 0x4C, 0x88, 0x4F, 0x97, 0x4C,
    0xD5, 0x26, 0x3E, 0x63, 0x32, 0x71, 0x5F, 0x45, 0xAC, 0xA7, 0x4F, 0xEC, 0xF4, 0x44, 0x5B, 0xED,
    0x16, 0xB9, 0xF5, 0x87, 0x9E, 0x9C, 0x52, 0x8B, 0x67, 0x11, 0x6A, 0x9F, 0xC0, 0x4C, 0x02, 0x6F,
    0x31, 0x48, 0x5F, 0x06, 0xD9, 0xCB, 0x00, 0x5F, 0xBD, 0x97, 0xF5, 0xFA, 0xD1, 0xB2, 0xBE, 0xF2,
    0x5A, 0x6E, 0x7A, 0x5E, 0xDE, 0x9B, 0xCA, 0x3A, 0x05, 0xE8, 0x1D, 0xBA, 0x24, 0x87, 0xCC, 0x9E,
    0x62, 0x48, 0xDE, 0x4C, 0x98, 0xC4, 0x48, 0x20, 0xB4, 0xAF, 0x29, 0x36, 0x28, 0x69, 0xDB, 0x55,
    0x4B, 0x99, 0x0D, 0x88, 0xFE, 0xC9, 0xB2, 0x5A, 0xCE, 0x73, 0x54, 0xEC, 0xCA, 0xA4, 0xE2, 0xD1,
    0xC8, 0xA5, 0xAA, 0x1F, 0x51, 0x96, 0x7D, 0xAC, 0x71, 0xDE, 0xD4, 0x38, 0x53, 0xF1, 0x22, 0x93,
    0x84, 0xBB, 0x37, 0xCE, 0x17, 0x98, 0x87, 0x03, 0xE3, 0xBC, 0x50, 0x59, 0x6C, 0xAC, 0x17, 0x3E,
    0xB4, 0xC6, 0xAC, 0xB8, 0x05, 0x18, 0x21, 0x27, 0xF6, 0xE1, 0x48, 0xC6, 0x99, 0x72, 0xC4, 0xD6,
    0x64, 0x57, 0x89, 0x6C, 0x2A, 0x27, 0xE8, 0x8D, 0x94, 0x6D, 0x33, 0x29, 0x56, 0x92, 0x71, 0xEE,
    0xF7, 0xC6, 0x79, 0x11, 0xE3, 0xDC, 0x7A, 0xD9, 0x73, 0x89, 0x73, 0x97, 0x35, 0x1F, 0x99, 0xDD,
    0x2E, 0x5F, 0xEE, 0x92, 0xE5, 0x2E, 0x53, 0xEE, 0xD2, 0xE4, 0x89, 0x97, 0x35, 0x51, 0x33, 0x2E,
    0x3B, 0x2E, 0xA9, 0x71, 0xFA, 0x0D, 0xCA, 0x58, 0xD1, 0xAB, 0x5D, 0x19, 0x44, 0x54, 0x0A, 0x4D,
    0x81, 0x5B, 0x2B, 0x00, 0x1F, 0x2B, 0x05, 0xE2, 0x64, 0x2E, 0x1E, 0x0A, 0x58, 0x4C, 0xFA, 0xB1,
    0x24, 0x02, 0x6A, 0x43, 0x18, 0x8B, 0x88, 0xCC, 0xA5, 0x9A, 0xA2, 0xFF, 0x10, 0x62, 0x7C, 0x8E,
    0x0C, 0x07, 0xE7, 0x10, 0x81, 0xF3, 0xB4, 0xB3, 0x20, 0xA7, 0x72, 0x6D, 0x89, 0xCD, 0x68, 0xD0,
    0x2E, 0xC5, 0xAB, 0x42, 0x93, 0xAC, 0x12, 0x8D, 0x12, 0x95, 0x10, 0x31, 0xEE, 0xA0, 0x60, 0xBC,
    0xE5, 0xCC, 0xEF, 0xEA, 0x70, 0xEB, 0x3F, 0x2A, 0x93, 0x8D, 0xF4, 0x3C, 0x1D, 0xF2, 0x81, 0x06,
    0x68, 0xA1, 0x73, 0xA6, 0xAC, 0xFC, 0xC6, 0x10, 0x81, 0x88, 0x95, 0x86, 0x88, 0x6E, 0x90, 0x62,
    0x31, 0x6E, 0xAA, 0xE9, 0xA9, 0x85, 0x39, 0x9A, 0x1E, 0x8A, 0x51, 0xCF, 0xD1, 0x9B, 0xE7, 0xE1,
    0xE4, 0xEF, 0xA8, 0x59, 0x70, 0xD5, 0x61, 0x5F, 0x1C, 0x96, 0xE1, 0x4D, 0x0A, 0xC5, 0x44, 0x4F,
    0xE6, 0x40, 0x0F, 0x8D, 0x9F, 0x77, 0xC7, 0xCA, 0xAE, 0x02, 0x3E, 0x96, 0x84, 0x5B, 0x09, 0x75,
    0xE9, 0x1A, 0xD3, 0xD1, 0x24, 0xE4, 0x9B, 0x61, 0x4B, 0x53, 0x12, 0x1A, 0xAA, 0x27, 0x14, 0x2C,
    0x3A, 0x5F, 0xE0, 0x2A, 0xC8, 0xCB, 0xCE, 0xC0, 0xFB, 0x8B, 0x48, 0x41, 0x32, 0x4B, 0xA1, 0xC4,
    0x12, 0x88, 0xA2, 0x63, 0x1C, 0x68, 0xE6, 0xB6, 0x00, 0xE9, 0xDE, 0x8D, 0x49, 0x57, 0x72, 0x17,
    0x46, 0x81, 0x12, 0xFF, 0x61, 0x87, 0x3C, 0xF6, 0x1B, 0x0F, 0x24, 0xA1, 0x25, 0x03, 0x4D, 0x18,
    0xF8, 0x15, 0x13, 0x64, 0x12, 0xBE, 0xA8, 0x1C, 0xE1, 0x6F, 0xC9, 0x81, 0x00, 0xCF, 0x24, 0xF4,
    0xB4, 0x35, 0xF1, 0x04, 0x99, 0xF2, 0x43, 0x36, 0xCF, 0xBF, 0xC3, 0x97, 0x93, 0x7B, 0x39, 0x9E,
    0x2D, 0x87, 0x40, 0xC8, 0x9E, 0xCF, 0xAD, 0xC1, 0x37, 0xE4, 0x33, 0x61, 0xB8, 0x69, 0xAF, 0x44,
    0x72, 0x88, 0xF0, 0x42, 0x61, 0x6E, 0x2F, 0xC7, 0xEA, 0xB8, 0x40, 0x27, 0xBE, 0x96, 0x4E, 0xF8,
    0xA3, 0x5D, 0x4A, 0xB2, 0xD3, 0xA6, 0xC9, 0x87, 0x4A, 0xC3, 0xB5, 0xB7, 0xC1, 0x2A, 0x6A, 0xBC,
    0xF6, 0xB1, 0x0F, 0xD8, 0x22, 0x3B, 0xE4, 0x56, 0x75, 0x53, 0xD7, 0x0A, 0xD0, 0x1B, 0xBD, 0x93,
    0xD6, 0x58, 0xD5, 0x52, 0x4D, 0x4B, 0xA7, 0x00, 0xB1, 0x4F, 0xD2, 0x53, 0x25, 0x9E, 0xCB, 0xC2,
    0x07, 0xA2, 0x29, 0x46, 0xF9, 0x18, 0x01, 0x88, 0xBC, 0x78, 0x6C, 0x4F, 0x4D, 0x83, 0xC8, 0x47,
    0xBD, 0x32, 0x27, 0x43, 0x15, 0x54, 0x06, 0x2B, 0x8D, 0x51, 0xAE, 0x25, 0x4B, 0x3F, 0x4F, 0xFA,
    0x69, 0x4A, 0x6F, 0x82, 0x2D, 0xE4, 0xD2, 0xE4, 0xE6, 0x4B, 0x6F, 0x77, 0xA8, 0x04, 0xA6, 0x99,
    0xD8, 0xD5, 0xE9, 0x14, 0xF8, 0xD5, 0x6B, 0xAA, 0x56, 0x60, 0x55, 0x7D, 0xAC, 0x9A, 0x25, 0xB2,
    0x9F, 0x58, 0x55, 0x2E, 0x85, 0x45, 0xEC, 0xB8, 0x94, 0x99, 0xB8, 0x22, 0x74, 0x90, 0xBC, 0x85,
    0x8B, 0xE1, 0xBA, 0x83, 0xF7, 0x41, 0x19, 0xEA, 0xCF, 0x3F, 0x5F, 0x09, 0x6C, 0x15, 0x48, 0x70,
    0x90, 0xFE, 0xE9, 0xDE, 0xF3, 0x74, 0xF6, 0x70, 0x0A, 0xFC, 0xB4, 0xA7, 0x28, 0xBD, 0x3D, 0x02,
    0xED, 0x35, 0x91, 0x62, 0xDD, 0x38, 0x9D, 0x90, 0xB0, 0x4B, 0x43, 0xB8, 0x06, 0x20, 0xEF, 0xD3,
    0x41, 0x05, 0x1C, 0xD1, 0xAC, 0xD9, 0x7B, 0x07, 0x61, 0xC6, 0x37, 0xAA, 0x87, 0x07, 0x2D, 0x43,
    0x36, 0x54, 0x7D, 0x43, 0x56, 0x14, 0x6B, 0x71, 0x10, 0x4E, 0xE4, 0x73, 0x7A, 0xD0, 0x60, 0x76,
    0x4A, 0x34, 0xCF, 0x01, 0x5A, 0xE5, 0xC0, 0xCA, 0xB6, 0x75, 0x80, 0x81, 0x1C, 0xC1, 0x96, 0x07,
    0xC9, 0x76, 0xAE, 0x0E, 0x20, 0x6D, 0xFD, 0x09, 0x09, 0xE0, 0x89, 0x05, 0x9D, 0x03, 0x9E, 0x92,
    0x7C, 0x42, 0x5F, 0x26, 0x59, 0x7C, 0xD2, 0x87, 0x76, 0xB9, 0x93, 0x2C, 0xA4, 0xD6, 0x6A, 0x52,
    0x5E, 0x9A, 0x74, 0xE0, 0xE0, 0xC1, 0xDF, 0xD7, 0xC1, 0x37, 0xA8, 0x50, 0x79, 0xF0, 0x67, 0xD4,
    0x7E, 0x82, 0x06, 0xFF, 0x0D, 0xCC, 0x1B, 0x49, 0x16, 0x8C, 0x52, 0x48, 0xFA, 0x44, 0xAB, 0x5B,
    0x23, 0x41, 0xDA, 0xD6, 0xB5, 0x48, 0xD8, 0xFE, 0xD2, 0xA5, 0x2C, 0x82, 0x12, 0x52, 0xE7, 0x8B,
    0x44, 0x91, 0x07, 0xB5, 0xED, 0x50, 0x6D, 0xC1, 0xDC, 0xA7, 0xDB, 0xD1, 0xED, 0x7C, 0x45, 0xB0,
    0x2F, 0x7C, 0xB8, 0x65, 0x07, 0xD0, 0xBF, 0xA5, 0xC6, 0xAE, 0xA7, 0xC6, 0x1E, 0xFF, 0x73, 0x27,
    0x4C, 0x27, 0x14, 0x61, 0x35, 0xAF, 0x9C, 0x6E, 0xFB, 0xCB, 0x9D, 0xDA, 0xFC, 0x5A, 0x67, 0xDD,
    0x8E, 0xFD, 0x44, 0xE7, 0xC7, 0x6A, 0x11, 0x79, 0xB0, 0x48, 0xE6, 0xDD, 0x6B, 0x9F, 0x08, 0x4E,
    0x7E, 0x53, 0xCD, 0xAF, 0x5E, 0xCD, 0xC7, 0xD6, 0xFB, 0x8D, 0xDC, 0xED, 0x45, 0xD4, 0x3C, 0x75,
    0x92, 0x51, 0x35, 0xBF, 0x24, 0x5E, 0xCD, 0x1F, 0x92, 0x40, 0xCD, 0x27, 0x81, 0x9A, 0x4F, 0x02,
    0x35, 0x9F, 0x3C, 0x4E, 0xCD, 0x9F, 0x3C, 0x89, 0x9A, 0x3F, 0x97, 0x1D, 0x5B, 0x94, 0x83, 0xF1,
    0x6A, 0x1E, 0xFB, 0x76, 0x2A, 0x9D, 0x2E, 0xC1, 0xA2, 0x3E, 0x47, 0x09, 0x3F, 0xE6, 0xDA, 0x50,
    0xBF, 0xCD, 0x9C, 0x8F, 0x6A, 0xE2, 0xA2, 0xA3, 0x80, 0xC5, 0x7A, 0xE9, 0xFF, 0x44, 0x97, 0x66,
    0xE2, 0xFD, 0x5A, 0x03, 0x6D, 0x44, 0x5D, 0xD8, 0xD8, 0xB5, 0x92, 0x7E, 0xE0, 0x3B, 0x4E, 0x70,
    0x48, 0xA8, 0x70, 0x8A, 0xBB, 0x79, 0x29, 0x6F, 0x44, 0x97, 0xD8, 0xBE, 0xC4, 0x1B, 0x90, 0x79,
    0x8F, 0xB1, 0x74, 0xCF, 0x94, 0x2C, 0x82, 0x6C, 0x30, 0x6E, 0x64, 0xB7, 0x18, 0xA5, 0x1C, 0x9A,
    0x95, 0x03, 0x90, 0x96, 0xDE, 0x2E, 0x4D, 0xCE, 0x64, 0x9B, 0xD8, 0xD7, 0xE4, 0xC3, 0xCA, 0xFB,
    0xE1, 0xDB, 0x35, 0x0D, 0xF1, 0x5C, 0xFB, 0x28, 0x8F, 0x5A, 0x06, 0xDB, 0xE9, 0x70, 0x17, 0x19,
    0xB0, 0xF4, 0xC9, 0x14, 0xFF, 0x39, 0x9F, 0xD4, 0xA3, 0x16, 0x82, 0x06, 0x2E, 0xFD, 0x31, 0x25,
    0x9A, 0x68, 0xF9, 0x5D, 0x3C, 0x7C, 0xEA, 0x8C, 0x39, 0xC8, 0x07, 0x32, 0x0B, 0x16, 0x65, 0xC2,
    0xA2, 0x6C, 0x58, 0x94, 0x11, 0x8B, 0xB2, 0x42, 0xCE, 0xF1, 0xEB, 0x39, 0xBB, 0x04, 0xEC, 0x90,
    0xAA, 0x4F, 0xA3, 0x1E, 0x75, 0xF9, 0x28, 0x8F, 0x7A, 0x8F, 0x66, 0xE4, 0xDE, 0x97, 0x2B, 0x77,
    0xBE, 0xA4, 0xEE, 0x25, 0x13, 0x83, 0xA5, 0x57, 0x6E, 0x33, 0x6C, 0x05, 0x3A, 0x4D, 0x97, 0x66,
    0xE3, 0x33, 0xEA, 0x06, 0x7A, 0xC3, 0x4A, 0xEF, 0x43, 0xA5, 0xB7, 0x72, 0x73, 0x0F, 0xF4, 0x3A,
    0xF9, 0x58, 0xAB, 0xB8, 0xC3, 0x37, 0x44, 0x35, 0xE8, 0xE1, 0x95, 0xF3, 0x1A, 0x54, 0x8F, 0x89,
    0xA4, 0x2C, 0x53, 0xF1, 0x72, 0xC1, 0xB3, 0x90, 0x16, 0x73, 0xFA, 0xE1, 0xCA, 0x5D, 0x2D, 0x57,
    0x8E, 0xDC, 0x56, 0x74, 0xEB, 0xCF, 0xA5, 0x8C, 0xA9, 0x45, 0x33, 0xB9, 0xFC, 0xB7, 0x23, 0x2B,
    0x3C, 0x1E, 0x6E, 0xDA, 0x22, 0xA7, 0x63, 0xFD, 0xE6, 0x4B, 0x77, 0x96, 0xA6, 0x87, 0xA9, 0x15,
    0xEB, 0xCD, 0x1D, 0x04, 0xBE, 0xCE, 0xFC, 0xC5, 0xA3, 0xEE, 0xDF, 0x12, 0x50, 0x4D, 0xD0, 0xD3,
    0x80, 0x52, 0x08, 0xAC, 0x55, 0xAA, 0x2B, 0x47, 0x71, 0x40, 0x94, 0xF5, 0xD4, 0x41, 0x94, 0xE2,
    0x9F, 0x64, 0x49, 0xA9, 0x0B, 0x6A, 0x8A, 0xBE, 0x0B, 0x37, 0xDB, 0x3D, 0x00, 0x75, 0x49, 0xE8,
    0x5A, 0xEC, 0x9A, 0x7A, 0x46, 0xEF, 0x5D, 0xC9, 0xFF, 0x5C, 0x8C, 0x62, 0x47, 0x17, 0x29, 0xC3,
    0xF1, 0x5F, 0xB1, 0x6C, 0x45, 0xAD, 0xBA, 0xD0, 0xC4, 0x83, 0x3B, 0xCE, 0x22, 0x52, 0x67, 0xF6,
    0xB0, 0xC8, 0xB3, 0x7E, 0xB0, 0xC8, 0xB1, 0x8F, 0xB6, 0x96, 0x7C, 0x6C, 0x77, 0x2F, 0xC8, 0xC6,
    0xFA, 0x5C, 0xAC, 0xCF, 0xC4, 0x46, 0xCB, 0x2D, 0x8C, 0x55, 0xB6, 0x0A, 0x53, 0x95, 0xA5, 0xC2,
    0x50, 0x65, 0xA7, 0x32, 0x53, 0x59, 0xA9, 0x8C, 0xFC, 0xE2, 0x31, 0x2E, 0x76, 0x7B, 0xB3, 0xB4,
    0x71, 0x78, 0x2B, 0x9F, 0x77, 0x4F, 0x5F, 0xDA, 0x72, 0x0C, 0x8F, 0xBE, 0x49, 0x64, 0xB7, 0xCB,
    0x13, 0x3A, 0x8C, 0xA1, 0xBD, 0xC4, 0xCD, 0x23, 0xC0, 0xF3, 0x4B, 0x83, 0xE1, 0x44, 0x8B, 0xD9,
    0x3A, 0x3C, 0x06, 0x01, 0xAE, 0x19, 0xAD, 0xD3, 0x4B, 0x4A, 0x02, 0xCF, 0xF4, 0x7B, 0x04, 0x00,
    0x5C, 0x52, 0x57, 0x82, 0x6E, 0xBC, 0xC4, 0xE6, 0xAB, 0x30, 0xF2, 0x4B, 0xB2, 0x29, 0xD1, 0x26,
    0xDF, 0x57, 0xE9, 0xA1, 0xA1, 0x72, 0x4D, 0xB6, 0x6B, 0x55, 0xD5, 0xED, 0x38, 0x5B, 0x84, 0x2B,
    0xCC, 0x14, 0xE1, 0x49, 0x75, 0x08, 0x38, 0x22, 0x0C, 0x11, 0x7E, 0x08, 0x3B, 0xBE, 0x28, 0x95,
    0xA1, 0x74, 0x30, 0xBF, 0x6B, 0xE2, 0x36, 0xB5, 0x63, 0x55, 0xE7, 0xD8, 0xFD, 0xB3, 0x82, 0xD9,
    0x01, 0x75, 0x51, 0xD5, 0xDD, 0x9A, 0x8E, 0x98, 0x8F, 0x6C, 0x70, 0x73, 0x8D, 0x3D, 0x54, 0x70,
    0x81, 0xA9, 0xAD, 0x64, 0x87, 0x3E, 0x5F, 0x36, 0xBA, 0xA4, 0xD4, 0x5D, 0x2C, 0xEA, 0x68, 0xF7,
    0x7E, 0xC7, 0x9D, 0xF9, 0x9B, 0x99, 0xEA, 0x16, 0xF0, 0x20, 0x54, 0xBE, 0x90, 0x76, 0xFD, 0xCD,
    0x81, 0x2E, 0xC9, 0x26, 0x9F, 0xF2, 0x3A, 0x5D, 0xF2, 0x9F, 0xF3, 0x4E, 0x07, 0x31, 0xAC, 0x9D,
    0x24, 0xD6, 0x47, 0xE7, 0x03, 0xDD, 0xFC, 0xC9, 0xEA, 0x40, 0x67, 0x26, 0x6C, 0x86, 0x05, 0x4B,
    0xB5, 0x63, 0x44, 0x23, 0xD8, 0xD3, 0x36, 0x5C, 0xBC, 0xBF, 0x23, 0x6D, 0x32, 0xD9, 0x24, 0xB4,
    0x7C, 0x9E, 0x3C, 0xF6, 0xC5, 0x94, 0x43, 0xE7, 0xA5, 0x1B, 0xA6, 0x34, 0xC2, 0x94, 0x1E, 0x98,
    0xD2, 0xFE, 0x52, 0x3B, 0x5F, 0xEA, 0xB1, 0xF2, 0x72, 0xA2, 0xBC, 0x5C, 0xB8, 0xCB, 0xA5, 0x34,
    0xB8, 0x94, 0xDE, 0x96, 0xD2, 0xD6, 0x52, 0x3A, 0x5A, 0xFA, 0xE3, 0xE2, 0x9F, 0xFC, 0x72, 0xE3,
    0xE7, 0x0F, 0xF6, 0x1B, 0x8B, 0xE4, 0xF0, 0x21, 0x65, 0x9C, 0xB0, 0x43, 0xF9, 0x11, 0xC9, 0x72,
    0x51, 0xBF, 0xD9, 0xB9, 0x8D, 0xED, 0x8D, 0xF5, 0xD0, 0xBB, 0xAB, 0xA6, 0x0D, 0x22, 0xB6, 0x8E,
    0x94, 0x85, 0xC8, 0x75, 0x97, 0x42, 0xCF, 0x1F, 0x42, 0x16, 0x6E, 0x31, 0x3F, 0x60, 0xDB, 0x76,
    0x97, 0x2D, 0x65, 0x29, 0x46, 0x2E, 0x12, 0xD3, 0x97, 0x2D, 0x3C, 0x8A, 0x4A, 0x1A, 0x7A, 0x72,
    0x46, 0x88, 0xB4, 0x00, 0xFF, 0x5E, 0x5E, 0x77, 0x62, 0x25, 0x9F, 0x9F, 0xE9, 0xE9, 0xE9, 0xD2,
    0x90, 0xD4, 0xF5, 0xF2, 0x70, 0x39, 0x7B, 0xCD, 0xD1, 0x5F, 0x03, 0x3E, 0x99, 0xBF, 0x56, 0xAF,
    0xE1, 0xC6, 0x0A, 0x10, 0x06, 0x31, 0x7F, 0x24, 0xB1, 0x58, 0xF8, 0x83, 0x14, 0xCC, 0xB5, 0x94,
    0xC4, 0xEF, 0x10, 0xEB, 0xA2, 0x25, 0xE2, 0xD3, 0xF0, 0x28, 0xC7, 0x0B, 0x8F, 0x23, 0x4D, 0x2B,
    0x7A, 0x4E, 0x29, 0xF6, 0xE0, 0x3C, 0xFD, 0x3E, 0xF2, 0xAB, 0x36, 0x98, 0x65, 0xC7, 0x26, 0x44,
    0xA6, 0xB8, 0x3B, 0x52, 0x0F, 0xF9, 0x36, 0x7E, 0x0B, 0xD6, 0x59, 0xD1, 0x66, 0xD8, 0x70, 0xB9,
    0xC0, 0x7E, 0x3C, 0x28, 0x1F, 0xF6, 0x92, 0x32, 0x8F, 0xB8, 0x4F, 0xF8, 0x90, 0xE2, 0x8E, 0x56,
    0x60, 0xDE, 0x25, 0x26, 0xFF, 0xAD, 0x47, 0xE5, 0x6F, 0xF4, 0x60, 0x29, 0x41, 0x12, 0x18, 0x87,
    0x2F, 0xBD, 0xC7, 0xEE, 0xEC, 0x9A, 0xEA, 0xB2, 0x04, 0xF0, 0xFC, 0xF3, 0xE0, 0x68, 0x6C, 0x3C,
    0xF3, 0x34, 0xEF, 0x3C, 0xEB, 0x3C, 0xE7, 0x32, 0xE3, 0xED, 0xB5, 0xB2, 0x4F, 0xE7, 0xAD, 0xEF,
    0x2C, 0x4A, 0x8F, 0xA1, 0x4E, 0xDC, 0x9E, 0x8D, 0x7B, 0xC9, 0x5C, 0x92, 0xBB, 0x7B, 0x59, 0xE1,
    0x00, 0x2F, 0x29, 0x5D, 0x7A, 0x49, 0x3A, 0xE4, 0xFA, 0xFF, 0xF4, 0xFB, 0x86, 0xFE, 0xDF, 0xF0,
    0xFF, 0x98, 0x4E, 0xE7, 0xCD, 0xA8, 0xD6, 0x81, 0x7D, 0x82, 0x2B, 0xE9, 0x6E, 0xC7, 0x16, 0xE2,
    0xFC, 0xB3, 0x99, 0xB9, 0xE3, 0x7E, 0x45, 0xB7, 0x5B, 0x1D, 0x1D, 0x6B, 0xF9, 0x0B, 0xDE, 0xD2,
    0x72, 0xC1, 0x75, 0x53, 0x88, 0x65, 0xFF, 0x61, 0xA5, 0xCB, 0xD4, 0x51, 0xD9, 0x65, 0xA4, 0xCD,
    0x12, 0x4D, 0x4F, 0x67, 0xB9, 0xC8, 0x1E, 0x26, 0xEA, 0xE9, 0x75, 0x07, 0x9E, 0x6B, 0x0B, 0x0D,
    0x16, 0x46, 0xC0, 0xD9, 0x83, 0xBB, 0x96, 0x5C, 0x4F, 0xCB, 0x3E, 0x8A, 0xBD, 0xE2, 0xB2, 0xB6,
    0x04, 0xB3, 0x9D, 0x36, 0xBE, 0x3F, 0x84, 0xA9, 0x3A, 0xF3, 0xD6, 0xAD, 0x0B, 0x3B, 0xDC, 0x33,
    0x98, 0xFB, 0x73, 0xB6, 0x7C, 0xDC, 0x51, 0xBB, 0x9D, 0x07, 0x1E, 0x35, 0x7F, 0x23, 0x3C, 0x0E,
    0xB2, 0x04, 0xB7, 0x14, 0x3F, 0x02, 0x8A, 0x98, 0xF5, 0x50, 0x2C, 0x60, 0xEE, 0x84, 0xAD, 0xF9,
    0xE9, 0xC6, 0x5B, 0x4C, 0x70, 0xC3, 0x3A, 0x1D, 0xCF, 0x41, 0xE1, 0x95, 0xA5, 0x12, 0x3F, 0x45,
    0x14, 0x56, 0xFA, 0xE3, 0x9E, 0x7F, 0x8D, 0x80, 0x32, 0xE9, 0x08, 0x76, 0x0B, 0x64, 0x02, 0x4F,
    0x66, 0x2F, 0x2C, 0xC5, 0x52, 0x2B, 0x8A, 0x72, 0x7B, 0x49, 0x2E, 0x84, 0xB5, 0x45, 0x4B, 0x2E,
    0x45, 0x5D, 0xDE, 0x2B, 0xE8, 0x5C, 0x44, 0x5C, 0xC5, 0x4C, 0x71, 0x9F, 0x56, 0x69, 0x32, 0x8E,
    0x90, 0x4B, 0x2E, 0x13, 0xC5, 0x9B, 0x38, 0x9C, 0x96, 0xBA, 0x8D, 0xB0, 0x29, 0x1E, 0x45, 0x60,
    0x4F, 0xB7, 0xB0, 0xF3, 0x53, 0x75, 0x4B, 0xCA, 0xEC, 0x98, 0xB4, 0xB9, 0x33, 0x15, 0xAF, 0xB9,
    0x0F, 0xD7, 0x94, 0xA9, 0x96, 0x21, 0x44, 0xE8, 0x60, 0xFC, 0xB2, 0x39, 0xD0, 0xD5, 0x51, 0xD9,
    0x11, 0xDB, 0x64, 0xA3, 0x00, 0x5E, 0x1B, 0xB9, 0xB2, 0xF1, 0x5E, 0xB9, 0xA2, 0x23, 0xEE, 0xEB,
    0x26, 0xFE, 0xEB, 0x25, 0xED, 0xBC, 0xB1, 0x23, 0x5D, 0x9B, 0xD5, 0xE0, 0x15, 0xFD, 0x59, 0xBC,
    0xA2, 0xCB, 0x49, 0xF7, 0xA8, 0x54, 0xEA, 0x95, 0x0C, 0x63, 0x07, 0xFE, 0x2B, 0x7A, 0xE6, 0xDD,
    0x4C, 0x6E, 0x69, 0x7F, 0xB9, 0xAD, 0x24, 0x7C, 0x97, 0x15, 0x3B, 0xC9, 0x97, 0xFC, 0xDC, 0xF6,
    0x92, 0xCF, 0x65, 0xAB, 0x36, 0x76, 0x58, 0x73, 0xF9, 0xFE, 0xC7, 0x3A, 0x13, 0x01, 0x63, 0xFC,
    0x69, 0x93, 0xEA, 0xAA, 0x3A, 0x4F, 0xD5, 0x09, 0xA3, 0xCA, 0xA2, 0xB2, 0xC7, 0xF1, 0xC7, 0x85,
    0xD7, 0x37, 0xB2, 0xBC, 0xB8, 0x6B, 0x46, 0x83, 0xC5, 0x25, 0x46, 0x94, 0x02, 0xE6, 0x23, 0x28,
    0x27, 0x0E, 0xCF, 0xCC, 0x87, 0xC8, 0x61, 0x97, 0x49, 0xCA, 0x99, 0xE3, 0x49, 0x8B, 0x93, 0x9C,
    0xF5, 0x5D, 0x51, 0x7C, 0xD1, 0x20, 0x7D, 0x72, 0x60, 0xFD, 0x03, 0xDF, 0xFF, 0x7B, 0xFC, 0x9B,
    0x0A, 0xF4, 0x28, 0xB0, 0xA0, 0x6A, 0x7F, 0x03, 0xF4, 0x2A, 0xF8, 0xFE, 0xF0, 0xC6, 0xA5, 0xC1,
    0x8D, 0x55, 0xF8, 0x76, 0x6E, 0xA4, 0xB5, 0x46, 0xDC, 0x13, 0xB9, 0xEA, 0xEC, 0xCC, 0x04, 0x7C,
    0x29, 0x19, 0x91, 0x0A, 0x1C, 0x9A, 0xE2, 0x60, 0x4E, 0xE9, 0xD7, 0x99, 0x1C, 0x07, 0x46, 0x31,
    0x00, 0xD7, 0x6D, 0x4E, 0xEC, 0xB9, 0x47, 0x60, 0x75, 0x47, 0x64, 0x8B, 0xB7, 0x18, 0xD2, 0xEE,
    0x75, 0xF0, 0xC3, 0x78, 0x47, 0x22, 0x25, 0x2C, 0xC0, 0xF6, 0x17, 0xEC, 0xFE, 0x80, 0xC3, 0xF0,
    0x80, 0x8A, 0xA7, 0xAC, 0x1C, 0x5C, 0x9F, 0x61, 0x69, 0x7B, 0xF3, 0x9C, 0x24, 0x03, 0x67, 0x5F,
    0x8C, 0x0F, 0x7C, 0xFA, 0xD9, 0x79, 0xA3, 0xD7, 0x2F, 0xE4, 0x1D, 0x5D, 0x32, 0xC6, 0xE1, 0x92,
    0x3B, 0x6D, 0xB0, 0x02, 0x16, 0x9D, 0x8C, 0x97, 0xB2, 0x0E, 0xEF, 0xAA, 0xDD, 0x4B, 0x36, 0xA3,
    0x5A, 0x5A, 0xD4, 0x34, 0x1E, 0x96, 0xC6, 0x67, 0xF1, 0xD0, 0x94, 0xCA, 0x21, 0xED, 0xD7, 0x54,
    0xF5, 0x0F, 0x48, 0x4A, 0xF0, 0x5D, 0x58, 0xE0, 0x9C, 0x79, 0x80, 0xA3, 0x86, 0xD2, 0x39, 0x67,
    0xFB, 0x51, 0x36, 0x30, 0xB1, 0x88, 0x4E, 0xEE, 0x50, 0x70, 0x9F, 0x35, 0x92, 0x0A, 0x08, 0x2B,
    0xBC, 0xEC, 0x75, 0xEC, 0x6F, 0xCB, 0x85, 0x46, 0xBB, 0x7A, 0xEF, 0x57, 0x0E, 0xD5, 0x4B, 0xDF,
    0x27, 0x91, 0x49, 0x38, 0x6F, 0x90, 0x7E, 0xC0, 0xC7, 0x2F, 0x8C, 0xAC, 0xA4, 0x06, 0x6E, 0x1A,
    0xD7, 0x93, 0x47, 0x5B, 0x51, 0xCA, 0x28, 0x82, 0xF9, 0xEC, 0x49, 0x2B, 0xF0, 0xB9, 0xBF, 0x78,
    0xC1, 0x8F, 0x2A, 0xF9, 0xA4, 0x3B, 0x2A, 0x50, 0x63, 0x3D, 0x9D, 0x34, 0x0C, 0x19, 0xF7, 0x96,
    0x22, 0x90, 0xCA, 0x4A, 0x07, 0x0D, 0xF6, 0x31, 0xBA, 0xAB, 0xCF, 0xDE, 0xE3, 0x52, 0xDD, 0xEB,
    0xAE, 0x1E, 0x6B, 0xA4, 0xB0, 0x0D, 0xBE, 0xDE, 0xE1, 0xE0, 0x1E, 0xC6, 0x0B, 0xD7, 0x2F, 0xE0,
    0xF0, 0x63, 0x0C, 0xD3, 0xA8, 0x7F, 0x32, 0x3E, 0x4F, 0x72, 0x88, 0x67, 0x1C, 0x23, 0x76, 0x95,
    0xA1, 0x94, 0x02, 0x1E, 0xB9, 0xF4, 0xC6, 0x40, 0xD2, 0xC1, 0xED, 0x81, 0x41, 0x14, 0x43, 0x2C,
    0x11, 0xCE, 0x05, 0x61, 0x89, 0x26, 0x39, 0x47, 0x6A, 0x95, 0x5D, 0xA6, 0x78, 0xE4, 0x44, 0xCD,
    0xDC, 0xD8, 0x04, 0x9A, 0x7B, 0x90, 0xC2, 0x72, 0xFD, 0x39, 0x38, 0x1F, 0xC7, 0xFE, 0xC7, 0x4F,
    0xBE, 0xA4, 0x7D, 0x03, 0x97, 0x88, 0x2A, 0x20, 0x01, 0x0E, 0xDC, 0x8E, 0xF2, 0x86, 0x0B, 0x42,
    0xFF, 0x58, 0x5F, 0x70, 0x03, 0x97, 0xD0, 0xF9, 0xE0, 0xC3, 0xD4, 0x87, 0x9B, 0x4A, 0x8F, 0x35,
    0x5E, 0x75, 0x70, 0xBA, 0x2E, 0x18, 0x17, 0xAB, 0x38, 0xD6, 0x6F, 0xAC, 0xDC, 0x62, 0x46, 0x55,
    0xD1, 0x9A, 0x85, 0x29, 0x58, 0x32, 0xC4, 0xB2, 0x2C, 0x10, 0xE2, 0xFE, 0x14, 0x14, 0x4C, 0x9F,
    0xCD, 0x58, 0x45, 0xC6, 0x33, 0x7D, 0x3B, 0x3A, 0x3C, 0xE3, 0x92, 0x4E, 0xF2, 0xED, 0xE8, 0x4B,
    0x2A, 0x9C, 0x26, 0xFC, 0x1E, 0x3C, 0x23, 0x17, 0x8F, 0xA4, 0x46, 0x9D, 0x8F, 0x4F, 0x7B, 0xCA,
    0x39, 0x94, 0x5A, 0x32, 0x29, 0x9F, 0xEA, 0xFF, 0x67, 0x1A, 0x22, 0xDD, 0x90, 0xD3, 0xDB, 0xF6,
    0xC6, 0xE2, 0x71, 0x38, 0x77, 0x7A, 0x6A, 0x0D, 0x9B, 0x23, 0xC0, 0x70, 0x41, 0xB9, 0xDA, 0x22,
    0xCB, 0x9B, 0x77, 0x2B, 0x3E, 0x6B, 0xA5, 0xC0, 0xE1, 0x51, 0x24, 0xB0, 0x9A, 0xEF, 0x61, 0x32,
    0x16, 0x95, 0x69, 0xC6, 0x19, 0xF7, 0x8C, 0xBB, 0xFE, 0x71, 0xBB, 0x62, 0xC3, 0x7B, 0x2C, 0xE8,
    0x0F, 0xA2, 0x7C, 0x2B, 0x2E, 0x9E, 0xA7, 0x92, 0x77, 0x3D, 0xDD, 0x8E, 0xAD, 0x4C, 0x59, 0x98,
    0x3B, 0x77, 0x71, 0x37, 0x66, 0x59, 0x93, 0xB2, 0x24, 0x75, 0x45, 0xB6, 0xD2, 0x3D, 0xF3, 0x3B,
    0x9C, 0x6C, 0x6E, 0x36, 0xEA, 0xBF, 0x0C, 0x17, 0x42, 0xB4, 0xAC, 0x20, 0x6B, 0xC5, 0xD8, 0x70,
    0xC1, 0x9B, 0x2E, 0x09, 0x5E, 0x1A, 0xBE, 0x54, 0x35, 0xFD, 0xF2, 0xCB, 0x30, 0xEC, 0x86, 0x19,
    0xDD, 0x90, 0x0A, 0xA1, 0x43, 0x88, 0xED, 0xC2, 0x97, 0x96, 0x8F, 0x8F, 0xAF, 0xF1, 0x12, 0x5B,
    0xED, 0x0A, 0x5B, 0xB3, 0x61, 0xE2, 0xF7, 0xA5, 0x6C, 0xA6, 0x74, 0x93, 0xBA, 0xF4, 0xE9, 0xCF,
    0xA4, 0x71, 0xB9, 0xBD, 0xB9, 0x29, 0x67, 0x1F, 0xFF, 0x73, 0xF8, 0x4F, 0xA3, 0xE3, 0x09, 0x0D,
    0xA4, 0x98, 0x23, 0x7F, 0x0E, 0xFC, 0x39, 0xEE, 0xFF, 0xE2, 0xB5, 0x69, 0x0D, 0x9A, 0xF3, 0x6C,
    0xEE, 0x78, 0x24, 0xF9, 0xFF, 0x0F, 0xF0, 0xFF, 0x98, 0xF6, 0x56, 0x63, 0xEB, 0x28, 0x0C, 0x87,
    0xE0, 0xFF, 0x0C, 0x77, 0x55, 0x2C, 0x68, 0x76, 0xCD, 0x42, 0x03, 0xB1, 0x24, 0xE2, 0xDC, 0xFD,
    0x8D, 0x53, 0x77, 0x54, 0x27, 0x42, 0x55, 0x75, 0x11, 0xAC, 0x65, 0x6E, 0x4B, 0xD6, 0x04, 0x16,
    0x94, 0x9F, 0xA8, 0xAC, 0x3F, 0x3B, 0xD1, 0xC5, 0xAC, 0x37, 0x1F, 0x48, 0x90, 0x10, 0x68, 0xF5,
    0xAD, 0xE4, 0xC1, 0x39, 0xCE, 0xBD, 0xA4, 0xCB, 0x91, 0x75, 0xA8, 0x3B, 0x91, 0x83, 0x1B, 0xF5,
    0x2B, 0x83, 0x79, 0xFF, 0x39, 0x75, 0x05, 0xA1, 0x7D, 0xF3, 0x19, 0x27, 0xB5, 0x1B, 0xDE, 0x55,
    0xD8, 0xF4, 0xDC, 0x05, 0x78, 0x94, 0x0E, 0x50, 0x35, 0xBF, 0x84, 0x5B, 0x15, 0xCA, 0x06, 0xFC,
    0x48, 0x10, 0x38, 0x25, 0xA3, 0x6F, 0x52, 0x29, 0x65, 0x8A, 0xC9, 0x97, 0xCC, 0xB6, 0x24, 0x6C,
    0xF2, 0xC9, 0x63, 0x6F, 0x3E, 0x83, 0x60, 0xA8, 0x0B, 0xAD, 0x8B, 0xF1, 0xED, 0x97, 0xD4, 0x7D,
    0xB9, 0x79, 0xC9, 0xAE, 0xE8, 0xD2, 0x50, 0x63, 0xAF, 0x88, 0x9B, 0x7A, 0x25, 0x2B, 0x35, 0xF4,
    0xA2, 0x93, 0x4F, 0xA8, 0xD2, 0x9A, 0xF1, 0x25, 0x96, 0x9D, 0x81, 0x1D, 0x6F, 0xC5, 0x77, 0x87,
    0xB0, 0xD2, 0xAC, 0xE2, 0xE5, 0xCE, 0x23, 0xBE, 0xE8, 0x88, 0x7F, 0xFE, 0xAB, 0x0D, 0xFA, 0xC9,
    0xCE, 0x91, 0xE6, 0xAE, 0x87, 0x4F, 0x76, 0x8E, 0xF4, 0xF2, 0xD4, 0xE7, 0x48, 0x3F, 0xC5, 0xE5,
    0xF3, 0x75, 0xBC, 0xFF, 0xC5, 0x1E, 0x55, 0xA6, 0x2E, 0x83, 0xDB, 0xC0, 0x7D, 0xFB, 0xE6, 0xED,
    0xCF, 0x70, 0xD1, 0x6C, 0x81, 0xBC, 0xDE, 0xB1, 0xF2, 0x2A, 0x49, 0x69, 0x1B, 0x6D, 0x5C, 0x26,
    0x9D, 0xCB, 0xB8, 0x89, 0x9C, 0xB4, 0x90, 0x13, 0xFF, 0x43, 0xDA, 0xC7, 0x49, 0xF3, 0x38, 0x69,
    0x1D, 0x67, 0x5C, 0xAB, 0x92, 0x4C, 0xCE, 0x6B, 0x91, 0xA3, 0x5A, 0x2A, 0xB1, 0x63, 0x47, 0xCF,
    0x23, 0xEE, 0x8E, 0xAB, 0x49, 0xAD, 0x1C, 0x5D, 0xF3, 0x42, 0xAF, 0xA7, 0xC9, 0x1B, 0x85, 0x1D,
    0xB4, 0xBB, 0x4A, 0xC6, 0x4E, 0x5F, 0xFE, 0xB3, 0x6C, 0x7D, 0x12, 0x1D, 0x6D, 0x7D, 0x42, 0x8D,
    0x3D, 0xFE, 0x89, 0xF2, 0xA2, 0xAD, 0x11, 0x64, 0x9B, 0x02, 0xDB, 0x04, 0xD7, 0x66, 0x04, 0xD6,
    0x66, 0x04, 0xD5, 0x66, 0x04, 0xD4, 0x66, 0x04, 0xD3, 0x66, 0x7C, 0x49, 0xB0, 0x94, 0x7C, 0x67,
    0xC7, 0x67, 0xD9, 0x08, 0x9E, 0x4D, 0xE1, 0x6C, 0x8A, 0x66, 0x53, 0x30, 0x9B, 0x62, 0xD9, 0x14,
    0xCA, 0x26, 0x48, 0x36, 0x23, 0x40, 0x36, 0x23, 0x38, 0x36, 0x73, 0x4B, 0xD6, 0xF8, 0xF3, 0xE3,
    0x8B, 0xD4, 0x27, 0x5D, 0x35, 0xD6, 0x95, 0x63, 0xB5, 0x1E, 0xAB, 0x05, 0x59, 0xA9, 0xC8, 0x6A,
    0x49, 0x56, 0x6A, 0xB2, 0x1A, 0x49, 0x6A, 0x55, 0xD6, 0x95, 0x65, 0xB5, 0x2E, 0xEB, 0x0A, 0xB3,
    0x5A, 0x99, 0x75, 0xA5, 0x59, 0xD7, 0xFF, 0x39, 0xBD, 0x9E, 0x2F, 0x56, 0x7C, 0x77, 0xD9, 0xFF,
    0xAB, 0x54, 0x1A, 0x31, 0x6D, 0xC0, 0x45, 0xBE, 0xD2, 0x3E, 0x15, 0x6A, 0x39, 0x8C, 0xCE, 0x05,
    0x45, 0x92, 0xED, 0x0D, 0xA5, 0x11, 0x64, 0x19, 0x5D, 0x92, 0xF1, 0x86, 0x75, 0x71, 0x19, 0x46,
    0xD5, 0x25, 0x2E, 0xBF, 0xE8, 0xD2, 0x8B, 0x3E, 0xBB, 0x78, 0x2C, 0xAA, 0xED, 0x3D, 0xD1, 0x04,
    0x7D, 0x39, 0xF7, 0xE7, 0x86, 0x06, 0x04, 0x28, 0xA9, 0x4B, 0x96, 0x03, 0xFB, 0x21, 0x55, 0xD0,
    0x23, 0x79, 0x37, 0x82, 0x15, 0x6C, 0x6F, 0x59, 0x4B, 0x74, 0x94, 0x23, 0xC7, 0x4D, 0x33, 0x5A,
    0x8C, 0x28, 0x5D, 0x75, 0x42, 0xC4, 0x45, 0x3F, 0xD0, 0x8E, 0x42, 0x94, 0x52, 0xB1, 0xC0, 0x4A,
    0xD7, 0x6D, 0xDF, 0xFE, 0x18, 0xE2, 0xD9, 0xC8, 0x8B, 0x64, 0x7D, 0x67, 0x2C, 0x08, 0x75, 0x03,
    0xC6, 0xBE, 0xA9, 0x9D, 0x71, 0x03, 0xCE, 0xBB, 0x14, 0x03, 0xC3, 0xBB, 0x2A, 0x6E, 0x6C, 0x84,
    0x98, 0x90, 0x68, 0xA3, 0x25, 0x10, 0xF1, 0xCE, 0x18, 0xE9, 0x22, 0x5D, 0x10, 0xAC, 0x34, 0x81,
    0x37, 0xD4, 0x78, 0x49, 0xE8, 0x72, 0xCF, 0x9C, 0xD6, 0xCB, 0x6E, 0x67, 0xC7, 0xB3, 0xB9, 0xFC,
    0xD3, 0xD5, 0x9C, 0xBC, 0x0E, 0x91, 0x03, 0xE1, 0x4E, 0x44, 0x67, 0x82, 0x09, 0x93, 0x1A, 0x91,
    0xEC, 0xF7, 0x68, 0xEC, 0xBB, 0xAC, 0x43, 0xDE, 0x67, 0xFF, 0x64, 0x89, 0xAD, 0xE8, 0x90, 0x46,
    0x74, 0x48, 0x71, 0x4C, 0x87, 0xFC, 0xE9, 0xAD, 0x3A, 0x44, 0x20, 0x19, 0x37, 0x75, 0xC8, 0x6D,
    0x35, 0xA7, 0xCF, 0xA2, 0x38, 0xDD, 0xED, 0xEA, 0xFB, 0x5A, 0xDD, 0x9F, 0x39, 0x27, 0x46, 0x80,
    0x0F, 0x69, 0x1E, 0x77, 0xA2, 0xAD, 0x5E, 0x9A, 0x98, 0xEB, 0xED, 0xC5, 0x9B, 0x1B, 0x37, 0x1B,
    0xBF, 0x6B, 0xE5, 0xA0, 0x52, 0xAE, 0xAF, 0x33, 0x0E, 0x99, 0xD6, 0x89, 0x82, 0x00, 0x51, 0xAA,
    0x86, 0x7C, 0xE4, 0xAE, 0x5A, 0x0C, 0x8E, 0xA6, 0xEA, 0xCE, 0xC2, 0x7B, 0x6E, 0xB8, 0xA6, 0x3F,
    0x9A, 0x20, 0xCB, 0xFD, 0x64, 0xD7, 0x4F, 0x9D, 0x53, 0xB9, 0x36, 0xFE, 0x81, 0xFF, 0x97, 0x23,
    0x80, 0xA4, 0x81, 0x29, 0x25, 0x23, 0x0B, 0x4A, 0xE3, 0x70, 0x55, 0x7E, 0x43, 0xD4, 0x47, 0x44,
    0x29, 0x87, 0x88, 0xD1, 0x94, 0xB3, 0x64, 0xCD, 0xF8, 0x7F, 0x96, 0x3B, 0x2E, 0xB8, 0x20, 0xC6,
    0xF2, 0xC1, 0x5F, 0xF1, 0xDE, 0x95, 0x95, 0x46, 0xDB, 0x1A, 0x77, 0xC6, 0x57, 0xB9, 0x06, 0xD3,
    0xCD, 0xCF, 0x25, 0xA1, 0x37, 0x5B, 0x8F, 0xBC, 0xFE, 0x5C, 0x96, 0xC4, 0xBF, 0xE0, 0xA4, 0xA0,
    0xFB, 0xD1, 0x56, 0x83, 0xDA, 0x0E, 0x41, 0x31, 0x9A, 0x7A, 0xFF, 0xDB, 0x47, 0x98, 0xF8, 0xAF,
    0x25, 0x99, 0xE8, 0xF0, 0x92, 0x0C, 0x87, 0xE4, 0x1C, 0x3F, 0x03, 0x19, 0xEE, 0xD4, 0xBF, 0x86,
    0x5E, 0x59, 0x5C, 0xB3, 0x57, 0x86, 0xC8, 0x12, 0x36, 0xC6, 0xBC, 0xC4, 0x40, 0x59, 0x36, 0xFC,
    0x77, 0x12, 0xB2, 0xDB, 0x4F, 0x44, 0xE6, 0xC1, 0xBB, 0xB6, 0x5F, 0x44, 0x64, 0xAB, 0xB9, 0x24,
    0xA2, 0xB3, 0x7F, 0x4B, 0xA7, 0x56, 0xC7, 0xEA, 0x60, 0xA0, 0xAF, 0xF0, 0x02, 0xEF, 0xEC, 0x41,
    0x5F, 0xA1, 0x15, 0x5F, 0x41, 0x7A, 0x9D, 0xFD, 0x16, 0x13, 0xAB, 0xC6, 0x42, 0x30, 0x08, 0x4E,
    0xF8, 0x57, 0x63, 0xC4, 0x5F, 0x95, 0x41, 0xC8, 0xFB, 0xDD, 0xD7, 0x71, 0x3E, 0x5E, 0xC0, 0x0E,
    0x69, 0x28, 0xB1, 0x09, 0xF6, 0x26, 0xA3, 0x31, 0x6F, 0x75, 0xD1, 0x92, 0xAE, 0xB2, 0x73, 0xD1,
    0x52, 0xDF, 0xD5, 0x13, 0xFB, 0xC7, 0xFC, 0x1B, 0xF0, 0xCF, 0x5E, 0xB3, 0x92, 0xAC, 0x7A, 0x5D,
    0xE6, 0xAD, 0x7B, 0x55, 0x5C, 0xA7, 0xAF, 0xEC, 0x26, 0x3E, 0x38, 0xAE, 0xC7, 0x7C, 0x87, 0x07,
    0xFE, 0xC1, 0xB9, 0xF9, 0xAA, 0x69, 0x36, 0xA2, 0x3F, 0xC4, 0x2E, 0x35, 0xCD, 0x46, 0xC3, 0x7F,
    0x6F, 0x8A, 0x29, 0x09, 0xC9, 0xD3, 0x9D, 0xD9, 0xE1, 0xCC, 0xC1, 0x4E, 0x7F, 0x3E, 0x9D, 0x21,
    0x60, 0x34, 0xBA, 0x82, 0x55, 0xFD, 0x2D, 0xA4, 0x3B, 0xFB, 0x86, 0xED, 0xCB, 0x43, 0x02, 0x74,
    0x2C, 0xAD, 0xC2, 0x53, 0xA0, 0x93, 0x25, 0xB5, 0xDC, 0x70, 0x86, 0xCE, 0x18, 0xD8, 0x0C, 0x6E,
    0xD9, 0xEE, 0x89, 0xBE, 0x30, 0xCF, 0xC3, 0x00, 0xCC, 0x19, 0x72, 0xE6, 0xEB, 0x6C, 0x54, 0xCE,
    0xA4, 0xA6, 0x8D, 0x8A, 0xE3, 0x4C, 0x24, 0x0E, 0xC5, 0xF0, 0x4C, 0xEC, 0x55, 0x4C, 0xAF, 0x11,
    0xC9, 0x49, 0xF1, 0x78, 0x03, 0x15, 0xBF, 0x6A, 0x3C, 0x0B, 0xD0, 0xAD, 0xC1, 0x09, 0x04, 0x5B,
    0x40, 0x87, 0x87, 0x11, 0x84, 0x67, 0x11, 0xEC, 0x8E, 0x22, 0xD8, 0x8E, 0xE5, 0x2E, 0x46, 0xBD,
    0x8A, 0x58, 0x88, 0x89, 0x1D, 0x19, 0x34, 0x9B, 0x11, 0xEA, 0xE8, 0x95, 0x4B, 0xEA, 0xD0, 0x6E,
    0x7F, 0x81, 0x5B, 0xB5, 0x50, 0x10, 0xA4, 0x85, 0x0A, 0x08, 0x04, 0x42, 0xB0, 0x61, 0x09, 0x97,
    0x74, 0x4F, 0x9D, 0xDC, 0xC9, 0x61, 0xCC, 0xB0, 0x70, 0x65, 0x4E, 0x66, 0x7C, 0x3F, 0xB8, 0x98,
    0xF6, 0xDB, 0x08, 0x54, 0x7A, 0x11, 0x3E, 0x01, 0xAE, 0x71, 0x71, 0x48, 0x29, 0xDF, 0x5C, 0x41,
    0x2C, 0x3C, 0x12, 0x5C, 0x7D, 0xA2, 0x75, 0xDC, 0x40, 0xDC, 0x86, 0xD7, 0x2F, 0xC7, 0x0B, 0x6F,
    0x00, 0x8E, 0xE4, 0x9A, 0xCC, 0x7C, 0xE5, 0x9E, 0x10, 0x18, 0xA8, 0x65, 0xCC, 0xB3, 0xFA, 0xCE,
    0x79, 0x68, 0x20, 0x9F, 0xBF, 0x06, 0x4A, 0x0F, 0x31, 0xE9, 0x21, 0x24, 0xBD, 0x77, 0x58, 0x38,
    0xF5, 0x43, 0x15, 0x83, 0x83, 0xF3, 0xAE, 0x38, 0x1C, 0x9C, 0xF7, 0x77, 0x0E, 0x82, 0x60, 0x85,
    0x9F, 0x8F, 0x18, 0x8F, 0xC3, 0xF3, 0xCE, 0x98, 0x1C, 0x9E, 0xF7, 0x52, 0xF6, 0xE0, 0xE2, 0xBC,
    0x33, 0x36, 0x47, 0xE6, 0x7D, 0x51, 0x10, 0xAC, 0x62, 0x74, 0x78, 0xDE, 0x25, 0xBE, 0xA5, 0x79,
    0x17, 0xAC, 0xCE, 0x0E, 0xAF, 0xD3, 0x86, 0x98, 0x9D, 0x1D, 0x6E, 0x27, 0xC4, 0xEE, 0x84, 0xF8,
    0x9D, 0x9D, 0x3F, 0x15, 0xFA, 0x54, 0xE2, 0x57, 0x75, 0xDC, 0x72, 0x9D, 0x94, 0x0D, 0xD3, 0x45,
    0x5F, 0x50, 0x1B, 0x68, 0x9C, 0xF1, 0x7C, 0xAA, 0x1C, 0x28, 0x21, 0x5D, 0xAC, 0x6F, 0x77, 0xC7,
    0xC7, 0x83, 0xD2, 0x5A, 0x30, 0xD5, 0x82, 0x7E, 0x0E, 0xF2, 0xE4, 0x47, 0x7D, 0x86, 0x76, 0x8A,
    0x35, 0xC3, 0x80, 0x9B, 0x5F, 0x99, 0x27, 0x76, 0x8A, 0x1E, 0x50, 0x23, 0x2D, 0xE0, 0xC9, 0xC3,
    0x09, 0x7C, 0x86, 0xDF, 0x63, 0x9E, 0xFC, 0xE6, 0x01, 0xE8, 0xAE, 0x27, 0x9E, 0xC4, 0x4B, 0x34,
    0x83, 0x86, 0x63, 0x9E, 0xC0, 0xA7, 0xE7, 0x0F, 0x47, 0xE6, 0x09, 0xC2, 0x17, 0xDE, 0x99, 0x98,
    0x27, 0x55, 0xDD, 0x58, 0xED, 0x4B, 0x59, 0xF6, 0x19, 0xB5, 0xE6, 0x6E, 0x25, 0xAB, 0xAB, 0x88,
    0xE7, 0x64, 0x09, 0x9A, 0x7C, 0x88, 0x53, 0x2A, 0x59, 0x1E, 0x9F, 0x52, 0xD9, 0xB5, 0x9D, 0x39,
    0xB5, 0xED, 0x63, 0xCF, 0xB9, 0x99, 0x77, 0x95, 0x60, 0x8F, 0xDA, 0x21, 0x16, 0x08, 0x74, 0x07,
    0xB5, 0x41, 0x27, 0x47, 0xB1, 0x82, 0xE4, 0x12, 0x88, 0x87, 0x65, 0x82, 0x90, 0x3C, 0x2C, 0x12,
    0x97, 0xB2, 0xF1, 0x0B, 0x24, 0x82, 0xEC, 0x1E, 0x0B, 0x04, 0x93, 0x8B, 0xD1, 0x4A, 0x32, 0x0F,
    0x9D, 0x4D, 0x62, 0x33, 0xBA, 0x1A, 0x32, 0x0D, 0x5C, 0xEA, 0xC8, 0xAD, 0xAF, 0x25, 0x1B, 0x5F,
    0x4F, 0xE6, 0x08, 0xB8, 0x1A, 0xFD, 0x98, 0x5B, 0x07, 0xA1, 0x77, 0x23, 0xA6, 0xFA, 0xF2, 0x13,
    0xF6, 0xC1, 0xBE, 0x96, 0x01, 0x13, 0x3B, 0xC9, 0xC3, 0x66, 0xE7, 0x84, 0xC6, 0xCD, 0xC8, 0x1E,
    0x1E, 0x38, 0xC3, 0x7B, 0x78, 0xE4, 0x8C, 0xF1, 0xE1, 0xA1, 0x33, 0xD0, 0x47, 0xC7, 0x8E, 0x68,
    0x1F, 0x1E, 0x3C, 0x43, 0x7E, 0x12, 0xC5, 0x9B, 0x98, 0x4A, 0x56, 0x83, 0x80, 0x7F, 0x68, 0xFC,
    0x82, 0x00, 0x72, 0xAB, 0x72, 0xF1, 0x46, 0xB8, 0xD4, 0x71, 0x0B, 0x20, 0x48, 0x27, 0xD8, 0x41,
    0x78, 0x14, 0x1A, 0x64, 0x76, 0xF8, 0xA0, 0x10, 0x24, 0x74, 0x63, 0x17, 0x4C, 0x78, 0xE0, 0xA1,
    0x31, 0x6F, 0xED, 0xDB, 0xA2, 0xED, 0xEF, 0x3C, 0xBF, 0x1E, 0x06, 0x25, 0xBA, 0x7C, 0x87, 0x1C,
    0x13, 0x40, 0x0F, 0x72, 0xCD, 0x83, 0x7A, 0x90, 0x6F, 0xEF, 0x2A, 0xB0, 0x87, 0x38, 0xF7, 0x50,
    0xC1, 0x3D, 0xB2, 0x6A, 0x04, 0xE0, 0xC3, 0xEB, 0x46, 0x41, 0x3E, 0xC4, 0xBF, 0x7F, 0xA7, 0x40,
    0x1F, 0xE6, 0xA0, 0x82, 0x7D, 0x98, 0x87, 0x0A, 0xF8, 0x61, 0x2E, 0x3A, 0xD0, 0x0F, 0xF1, 0xD1,
    0x01, 0x7F, 0xF4, 0x9C, 0x66, 0x01, 0xFF, 0xB4, 0x7B, 0x00, 0xD0, 0x1E, 0x04, 0xB4, 0x07, 0x02,
    0x5D, 0x03, 0x03, 0xDD, 0x04, 0x04, 0xDD, 0x2C, 0x35, 0x3C, 0x02, 0x18, 0xB4, 0x03, 0xD8, 0x2D,
    0xFB, 0x9B, 0xCE, 0xEF, 0x5A, 0x09, 0x64, 0x54, 0xC1, 0x3E, 0xEE, 0xC6, 0x4D, 0xE0, 0x66, 0xD6,
    0xD0, 0xEE, 0xAD, 0xAA, 0xA1, 0x04, 0x00, 0x44, 0x82, 0x2A, 0x28, 0x20, 0x96, 0x54, 0x81, 0x02,
    0xB1, 0xA8, 0x0A, 0x1E, 0x88, 0xB9, 0x2D, 0xA0, 0x20, 0x62, 0xF6, 0x89, 0x22, 0x83, 0x90, 0xD7,
    0x0A, 0x0F, 0x4A, 0x16, 0x01, 0xCF, 0x22, 0x46, 0x48, 0xB4, 0xB7, 0x00, 0x85, 0x44, 0x60, 0x19,
    0x2D, 0x24, 0x1E, 0x9A, 0x40, 0x86, 0x18, 0x5F, 0xA1, 0xB8, 0x21, 0x13, 0x82, 0x87, 0x4C, 0x88,
    0x20, 0x32, 0x21, 0x8C, 0x68, 0x07, 0x4C, 0xDE, 0x03, 0x8A, 0x9C, 0xF5, 0xEE, 0xB4, 0x5B, 0xF4,
    0xE9, 0x6A, 0x82, 0x5B, 0xEA, 0x18, 0x70, 0x4F, 0xB4, 0x39, 0x25, 0xC2, 0x7E, 0x16, 0x34, 0x9A,
    0x6A, 0x86, 0x2C, 0xDC, 0xA9, 0x84, 0xE7, 0x79, 0xE0, 0xEE, 0x14, 0x66, 0x5A, 0xB2, 0xD0, 0xC1,
    0x29, 0xBD, 0xB0, 0x8D, 0x37, 0xA6, 0x14, 0xBD, 0x38, 0x3A, 0xB8, 0x75, 0x75, 0x8A, 0xBA, 0x5A,
    0x7C, 0x1D, 0xB4, 0xEE, 0xD8, 0x40, 0x9C, 0x98, 0xF7, 0xE0, 0x2D, 0xFA, 0x6B, 0x22, 0x7A, 0xEE,
    0x37, 0x81, 0x1A, 0x92, 0x39, 0x2A, 0x59, 0xD1, 0xE3, 0x1E, 0xE7, 0x31, 0xA1, 0x1D, 0x11, 0x54,
    0x61, 0x9E, 0x30, 0x37, 0x6D, 0xA9, 0x21, 0xDD, 0x20, 0xAD, 0x61, 0x12, 0x3A, 0x7A, 0x0E, 0xD9,
    0x48, 0x4A, 0x3D, 0xA1, 0x23, 0xBC, 0x15, 0x08, 0x6B, 0x92, 0x8F, 0x68, 0x08, 0xAD, 0x68, 0x01,
    0x3A, 0x78, 0x58, 0x16, 0x70, 0x7D, 0x27, 0xD8, 0x8C, 0x4F, 0x4C, 0xF8, 0x24, 0xE8, 0x2E, 0x6A,
    0xC3, 0x13, 0xFC, 0x40, 0x11, 0x5C, 0xED, 0x37, 0x53, 0x5D, 0x5B, 0xF4, 0x41, 0x4B, 0x0F, 0xDF,
    0x00, 0xF7, 0x28, 0xE5, 0x2C, 0xAA, 0xDF, 0x1F, 0x99, 0x3A, 0x55, 0x10, 0xF9, 0xA6, 0x9D, 0x27,
    0xC1, 0xD7, 0x07, 0x9D, 0xBA, 0x96, 0x63, 0x12, 0xEF, 0xC5, 0xDD, 0xCB, 0xFA, 0x12, 0xAC, 0xA5,
    0x6C, 0x56, 0xAA, 0xB3, 0x2F, 0x5C, 0x55, 0xF2, 0x4D, 0xEF, 0xDB, 0x0E, 0x8F, 0x57, 0xC3, 0x49,
    0x41, 0x3D, 0x4A, 0xBB, 0x4F, 0x6D, 0x4C, 0xAD, 0x21, 0x80, 0xB1, 0x10, 0x8B, 0x99, 0xE7, 0x69,
    0xA3, 0xFB, 0x77, 0xF0, 0xBD, 0x05, 0x6E, 0x1C, 0xF9, 0x2A, 0x52, 0xD2, 0x5C, 0x9B, 0x7E, 0x47,
    0x39, 0xBC, 0x8A, 0x77, 0x67, 0x31, 0x85, 0x7D, 0x00, 0x7B, 0x6E, 0x4D, 0xA8, 0xAB, 0x39, 0x5A,
    0x95, 0xD2, 0x5D, 0x55, 0x55, 0xAB, 0xBC, 0x2C, 0xDC, 0xB1, 0xBD, 0x99, 0x53, 0xC1, 0x91, 0x3D,
    0x8A, 0x27, 0xFF, 0x81, 0xF7, 0x46, 0x83, 0xD6, 0x74, 0xC1, 0x3E, 0x2D, 0xFF, 0xAE, 0xC7, 0x77,
    0x9D, 0x1B, 0x6E, 0xCE, 0xDB, 0xBE, 0x8B, 0xDD, 0xB6, 0x73, 0x01, 0xB7, 0x80, 0xF4, 0x2A, 0x7C,
    0x35, 0xFB, 0xED, 0x00, 0x0A, 0x8A, 0x12, 0x3D, 0xF2, 0xFE, 0xA0, 0x5A, 0x04, 0xC1, 0x51, 0xBA,
    0x14, 0x3E, 0x58, 0x8C, 0x5B, 0x06, 0x9B, 0x7A, 0xFC, 0x08, 0x94, 0x12, 0x87, 0x1F, 0xC1, 0x52,
    0xAC, 0xA7, 0x09, 0x30, 0x95, 0xC8, 0xBE, 0x9D, 0xBA, 0x60, 0x91, 0x17, 0xE0, 0x14, 0x89, 0x3B,
    0x83, 0xA7, 0x04, 0x22, 0x4F, 0x51, 0x5A, 0x6B, 0x14, 0x44, 0x65, 0x78, 0xB5, 0x60, 0xF4, 0xAC,
    0x26, 0xD0, 0x3A, 0x55, 0xED, 0xB6, 0x74, 0x54, 0xFE, 0xC4, 0xF5, 0x2C, 0x38, 0x40, 0x19, 0xC1,
    0x55, 0xDD, 0xCD, 0x63, 0x41, 0xFC, 0xA9, 0x20, 0x75, 0x00, 0x69, 0xC9, 0xF4, 0xD0, 0x62, 0x78,
    0xCB, 0x37, 0x1F, 0x2C, 0x4E, 0xB8, 0x38, 0x8D, 0x85, 0xC2, 0xB5, 0x60, 0x42, 0x01, 0x57, 0x72,
    0xC2, 0x20, 0x1B, 0x18, 0x28, 0x22, 0xB7, 0xE9, 0xE8, 0x92, 0xEF, 0x44, 0x98, 0x3C, 0x66, 0x09,
    0x5F, 0x8A, 0xFB, 0x03, 0xA1, 0x19, 0xC0, 0x24, 0xBD, 0x4E, 0xC7, 0xD5, 0x95, 0xA0, 0x80, 0xA9,
    0x04, 0x35, 0x60, 0x4C, 0x40, 0xFD, 0x06, 0x7A, 0x2D, 0x47, 0xF9, 0x82, 0x94, 0x94, 0xA4, 0x46,
    0x8D, 0x54, 0xA4, 0x8A, 0xD0, 0x0D, 0x7A, 0x42, 0x72, 0xE1, 0x16, 0x58, 0xEC, 0x07, 0x7C, 0xB2,
    0xEF, 0xCA, 0xF6, 0xA4, 0x9E, 0xDC, 0xA5, 0x77, 0x69, 0x04, 0x90, 0x8D, 0x53, 0x7C, 0x69, 0xBC,
    0x27, 0x47, 0xBB, 0xF1, 0xD8, 0x93, 0xC3, 0x4C, 0x86, 0x78, 0x72, 0xB2, 0xAC, 0xD8, 0x93, 0x6B,
    0x8E, 0x7A, 0x72, 0x65, 0xE0, 0xC9, 0xD5, 0xCE, 0x93, 0xAB, 0xBC, 0x27, 0x77, 0xE9, 0x3C, 0xB9,
    0xC8, 0x7B, 0x72, 0x6E, 0x09, 0xDC, 0xE6, 0xC9, 0x05, 0x4D, 0xE9, 0xC2, 0x54, 0xC8, 0xEE, 0xEC,
    0x51, 0xF5, 0xE7, 0x33, 0x10, 0x34, 0x89, 0x77, 0x20, 0xA2, 0x03, 0xAF, 0x81, 0xE3, 0x9D, 0x9F,
    0x5A, 0x3C, 0xC1, 0xA9, 0x55, 0x51, 0xEA, 0xDE, 0x14, 0x51, 0xC1, 0x6E, 0x1E, 0xF7, 0x25, 0xDE,
    0xA1, 0x73, 0xC3, 0x24, 0xDE, 0xF9, 0xC9, 0x48, 0x71, 0x84, 0xF8, 0x29, 0x0C, 0xCC, 0x20, 0x2F,
    0x65, 0xA6, 0xD9, 0x11, 0xAB, 0x59, 0x13, 0xF6, 0x8F, 0x78, 0x82, 0x25, 0x68, 0x8D, 0x77, 0xAA,
    0x55, 0x21, 0x46, 0x60, 0x18, 0x17, 0x3D, 0x62, 0xCD, 0x20, 0x5C, 0xA5, 0xE8, 0x7D, 0x5E, 0xB6,
    0xE8, 0xFD, 0x92, 0x2E, 0x7A, 0xEF, 0xE1, 0x15, 0xFB, 0x98, 0xE5, 0x99, 0xD0, 0x8F, 0xC4, 0x58,
    0x79, 0xDC, 0x67, 0x76, 0x15, 0x5D, 0x5D, 0xE2, 0x4B, 0x7F, 0xA2, 0x4E, 0x1A, 0x28, 0xD5, 0x39,
    0xB5, 0x31, 0xE9, 0xD6, 0x8D, 0xD0, 0x49, 0xA0, 0x4E, 0xC9, 0xF5, 0xFA, 0x2A, 0xFA, 0xE3, 0xC8,
    0xD2, 0x4B, 0x2A, 0x1F, 0x76, 0x1B, 0x9F, 0x57, 0x00, 0x97, 0xFF, 0x52, 0xE3, 0x0E, 0x16, 0x04,
    0xBF, 0x60, 0xEF, 0x10, 0x64, 0x00, 0x88, 0x36, 0xD6, 0x2C, 0x29, 0x65, 0xF2, 0x25, 0x8A, 0x90,
    0x07, 0x4A, 0x09, 0xE2, 0xEE, 0xA4, 0x9C, 0x4F, 0x3F, 0x6B, 0x24, 0x47, 0x13, 0x84, 0x2B, 0xA7,
    0x61, 0xEF, 0xD3, 0x5D, 0x97, 0xB9, 0x41, 0x66, 0xBB, 0xB4, 0x75, 0x2A, 0x91, 0xFB, 0xC8, 0x0E,
    0x0E, 0x67, 0x35, 0xB0, 0x2F, 0xB6, 0x26, 0xB3, 0x0E, 0xD1, 0xA6, 0x5D, 0xAD, 0xC0, 0x6E, 0x37,
    0xD4, 0x44, 0x05, 0x67, 0x7B, 0x34, 0x15, 0x1D, 0x89, 0x08, 0xB3, 0xFD, 0xE3, 0x89, 0x68, 0x1A,
    0xF0, 0xC7, 0x07, 0x7A, 0x0D, 0xCB, 0xFF, 0x68, 0x36, 0xEA, 0x2C, 0x47, 0x3A, 0x2E, 0x5D, 0x98,
    0x46, 0x25, 0xD7, 0x4D, 0x64, 0xF4, 0x71, 0xB6, 0x1B, 0x3A, 0x64, 0x95, 0x67, 0xBB, 0x99, 0x79,
    0xE7, 0xDF, 0xC0, 0x59, 0x69, 0xD2, 0x5F, 0x23, 0xD7, 0xD6, 0x52, 0xAD, 0x11, 0xE1, 0x06, 0xA5,
    0x49, 0x67, 0x3B, 0xD9, 0x82, 0xEE, 0x70, 0xCD, 0x8F, 0x83, 0xCE, 0x39, 0x9F, 0xDC, 0xD2, 0x1C,
    0xBC, 0x9B, 0x42, 0xE8, 0x91, 0xA7, 0xF3, 0xDB, 0x4E, 0xCF, 0xEA, 0x6E, 0xFA, 0xEE, 0xDB, 0x1E,
    0xD0, 0xE7, 0xF4, 0x60, 0x74, 0xB5, 0x50, 0xE3, 0x4D, 0xE4, 0xC9, 0x82, 0xFB, 0x20, 0x63, 0x36,
    0xC4, 0x78, 0x46, 0x22, 0xF1, 0x03, 0x13, 0xDA, 0xC8, 0x8D, 0x68, 0xC9, 0xD7, 0x4A, 0xF4, 0x60,
    0x33, 0xD2, 0x31, 0x4F, 0x5F, 0x8D, 0x36, 0x3A, 0xB4, 0x73, 0xE1, 0x8A, 0xE2, 0x42, 0x5C, 0x88,
    0xB8, 0x49, 0x49, 0x83, 0xAB, 0x89, 0xCE, 0xCF, 0x90, 0x1D, 0xEF, 0xE2, 0x83, 0x3F, 0xBF, 0x77,
    0x07, 0x6E, 0x52, 0x1E, 0xCC, 0x72, 0xF6, 0x18, 0x00, 0xFE, 0x67, 0x95, 0xDE, 0xFB, 0x2D, 0x49,
    0xEF, 0xBD, 0xBE, 0x49, 0x7A, 0x0F, 0x21, 0x2D, 0x94, 0xDE, 0x43, 0x23, 0x42, 0xE9, 0xBD, 0x03,
    0x45, 0xAD, 0xD4, 0x7B, 0x58, 0xD2, 0x7B, 0xD8, 0xC5, 0xC0, 0xD4, 0x98, 0xDE, 0x3B, 0x33, 0x92,
    0xDE, 0xBB, 0x34, 0x92, 0xDE, 0xA3, 0x81, 0x60, 0x7A, 0xEF, 0xCC, 0x48, 0x7A, 0xAF, 0x12, 0x4C,
    0x9E, 0x10, 0x89, 0x12, 0xA6, 0x6B, 0xFF, 0xD0, 0xA7, 0xF7, 0x9E, 0xF0, 0x38, 0xB4, 0x9B, 0x9C,
    0xA9, 0x54, 0xDB, 0x0B, 0xCD, 0x16, 0xDD, 0xC8, 0xF1, 0x39, 0xDC, 0x25, 0xB8, 0x32, 0x1A, 0x15,
    0x10, 0x30, 0x8B, 0x04, 0xFE, 0x8A, 0xD1, 0x59, 0xEC, 0xD4, 0x3A, 0x88, 0xD6, 0xD7, 0x15, 0xA7,
    0xA5, 0xEE, 0x6C, 0x66, 0x25, 0x71, 0x2C, 0x88, 0x2D, 0xB6, 0xEC, 0x0C, 0xDB, 0xE2, 0x44, 0xAE,
    0x1E, 0xE0, 0xD3, 0x9A, 0xDD, 0xC9, 0x8B, 0x8A, 0xE2, 0xE2, 0x8C, 0xF6, 0xA7, 0xEA, 0x58, 0xF2,
    0x39, 0xA4, 0xEE, 0xF8, 0xFD, 0x16, 0x4F, 0xC7, 0x81, 0xEB, 0x1F, 0x66, 0x76, 0xCB, 0x38, 0x45,
    0x87, 0x26, 0x02, 0x6D, 0x7D, 0xF1, 0x70, 0xA4, 0xFC, 0x53, 0x42, 0xD5, 0x60, 0x4B, 0x27, 0xD0,
    0x61, 0x59, 0x91, 0x1B, 0x4E, 0xB4, 0xD6, 0xB2, 0x59, 0xB7, 0x92, 0xC2, 0xB3, 0xA3, 0xA6, 0xEC,
    0xE8, 0x9A, 0x2E, 0x86, 0x52, 0x77, 0xB1, 0x1A, 0xBE, 0xFA, 0x5A, 0xEA, 0xEE, 0xD6, 0x93, 0x91,
    0x5C, 0xD3, 0x06, 0x74, 0x5F, 0x66, 0x3E, 0x47, 0x16, 0xFC, 0x17, 0x4C, 0x22, 0xD8, 0x9E, 0x1D,
    0x98, 0x99, 0xCE, 0x90, 0x25, 0x0F, 0x66, 0x35, 0x74, 0x82, 0x2C, 0xB8, 0x30, 0x11, 0xE6, 0x54,
    0xBB, 0x96, 0x1C, 0xE4, 0x72, 0x38, 0xE3, 0xCE, 0x4D, 0xDF, 0x81, 0xD1, 0xE3, 0xD9, 0xB1, 0x09,
    0x35, 0x1D, 0x83, 0xDF, 0xA6, 0x23, 0xF5, 0xC1, 0xDE, 0xF8, 0xDC, 0x58, 0x4B, 0xC9, 0x29, 0x3A,
    0x35, 0xB6, 0x1C, 0x70, 0x3E, 0xE9, 0xCC, 0xD8, 0x98, 0xBC, 0x67, 0x39, 0x31, 0x16, 0x3C, 0x9E,
    0x5A, 0xCE, 0x8B, 0xC5, 0xF3, 0x99, 0xDC, 0x72, 0x2D, 0x56, 0xBF, 0x72, 0x03, 0x48, 0x6F, 0xB1,
    0x1D, 0x0D, 0xF5, 0xB6, 0xA3, 0xB0, 0xB2, 0xE3, 0x48, 0x21, 0x5D, 0xD1, 0x78, 0xD5, 0xF5, 0x2C,
    0xCB, 0x59, 0x57, 0xB3, 0x2E, 0x66, 0x4D, 0xD5, 0x6B, 0xA6, 0x5E, 0x13, 0xF5, 0xBC, 0x90, 0x5B,
    0x49, 0xD3, 0xB7, 0x92, 0xA5, 0x6F, 0x79, 0x15, 0xFF, 0x71, 0xAB, 0x39, 0x7A, 0x5D, 0xC3, 0xBA,
    0x84, 0x75, 0x05, 0xEB, 0x02, 0xD6, 0xF5, 0xAB, 0xCB, 0x77, 0x0F, 0x29, 0xFB, 0x4A, 0xBD, 0xEB,
    0x0F, 0xD2, 0xEE, 0x6E, 0xC2, 0xFE, 0x20, 0xF5, 0x23, 0xF6, 0x13, 0x71, 0x2E, 0x85, 0xF1, 0x50,
    0x92, 0x4A, 0x61, 0x50, 0x94, 0x78, 0x28, 0x82, 0x8C, 0xE2, 0x44, 0x0A, 0xC3, 0xA3, 0x24, 0x8F,
    0xC2, 0x18, 0x29, 0x5A, 0xC5, 0xBF, 0x21, 0x40, 0x29, 0xB6, 0x5B, 0x82, 0x96, 0x52, 0xE7, 0x8D,
    0x20, 0x53, 0x62, 0xB9, 0x24, 0xAA, 0x60, 0xD3, 0xD5, 0xFB, 0x1D, 0x99, 0xDE, 0x61, 0x6D, 0x8D,
    0x87, 0x51, 0x99, 0x6B, 0x6E, 0x6B, 0x00, 0xA8, 0x12, 0xCE, 0x04, 0x13, 0x9F, 0xD8, 0x30, 0xEF,
    0xF4, 0xB5, 0x9D, 0x0B, 0xEB, 0xD3, 0xD4, 0x3E, 0x49, 0x2D, 0xB8, 0x1B, 0xE7, 0x28, 0x5D, 0xA7,
    0xD0, 0x63, 0xA9, 0x24, 0x4D, 0xFD, 0x13, 0x88, 0x07, 0x35, 0x49, 0x4D, 0xB1, 0x3C, 0xB9, 0x2E,
    0xD6, 0x68, 0x82, 0xBA, 0x33, 0x9A, 0x9E, 0xA6, 0x77, 0xA0, 0xD1, 0x12, 0x6A, 0x73, 0x9F, 0xC7,
    0xF1, 0x20, 0x1F, 0x21, 0xEE, 0xBE, 0x83, 0x3A, 0x3B, 0xE7, 0x5A, 0xB6, 0xD7, 0x46, 0x90, 0xF9,
    0x03, 0x2B, 0x29, 0x68, 0x3C, 0x8B, 0x5D, 0x29, 0x6D, 0x01, 0x99, 0xCF, 0x5A, 0x95, 0xC4, 0x13,
    0x6F, 0xE5, 0x99, 0x27, 0xF7, 0xF4, 0xCF, 0x87, 0x4D, 0x18, 0x1E, 0x71, 0x18, 0x16, 0x35, 0x62,
    0x50, 0x4A, 0x8F, 0xD5, 0xA0, 0xC2, 0x2C, 0xC3, 0x59, 0x68, 0x9E, 0x08, 0xCF, 0xC2, 0x87, 0x59,
    0x5A, 0xEE, 0x07, 0x28, 0x88, 0x16, 0x6E, 0xF1, 0x85, 0x90, 0x16, 0xEE, 0xF9, 0x55, 0x49, 0x43,
    0x06, 0x06, 0xB5, 0x20, 0x00, 0x6C, 0xD6, 0x4F, 0x56, 0x58, 0xCB, 0xE2, 0x70, 0x2D, 0x8B, 0x03,
    0xB6, 0x2C, 0x0E, 0xD9, 0xB2, 0xDC, 0x7C, 0x96, 0xC8, 0x51, 0x1A, 0xE5, 0xBB, 0x66, 0x67, 0x41,
    0xB7, 0xB3, 0xE3, 0x87, 0x61, 0x3D, 0x7E, 0x65, 0xDF, 0x01, 0x15, 0x84, 0xD7, 0xCA, 0x7E, 0x40,
    0x86, 0x5A, 0x56, 0x76, 0x0C, 0x06, 0xA9, 0xEF, 0x70, 0x33, 0x20, 0x84, 0x22, 0x7C, 0x86, 0x24,
    0x6E, 0x86, 0x25, 0xC4, 0x75, 0xCD, 0x87, 0x03, 0x7D, 0x09, 0xDF, 0x1F, 0xE9, 0x89, 0x82, 0x38,
    0x26, 0x39, 0x82, 0x88, 0xAE, 0x29, 0x5F, 0xE3, 0x97, 0x5F, 0x36, 0xA2, 0x11, 0x8E, 0x5E, 0xE3,
    0xD5, 0x9C, 0xAC, 0x85, 0x7C, 0x2F, 0xE2, 0x47, 0x1B, 0xF1, 0x13, 0xEE, 0xD8, 0xEF, 0x39, 0x94,
    0x63, 0xD0, 0x01, 0x9D, 0xF7, 0x5B, 0xB9, 0x15, 0xAF, 0x12, 0xDD, 0xEF, 0x00, 0x4A, 0x21, 0x88,
    0x4E, 0x41, 0x49, 0x1D, 0xCC, 0xE1, 0xFB, 0x2A, 0xBB, 0x18, 0x3C, 0x80, 0x6B, 0xCD, 0x8B, 0x98,
    0x00, 0x49, 0x8A, 0x47, 0x52, 0x38, 0x12, 0x69, 0x2E, 0x92, 0x57, 0x41, 0x1C, 0x55, 0x12, 0x4C,
    0x64, 0xEF, 0xEB, 0x26, 0xE8, 0xB5, 0x78, 0x93, 0xCA, 0xA8, 0x96, 0x9A, 0x86, 0xD0, 0xA9, 0xB5,
    0xB4, 0x94, 0x09, 0x8A, 0xA1, 0x3D, 0xD4, 0xE8, 0xEC, 0x5A, 0xB1, 0xD2, 0xB5, 0xF4, 0x34, 0x91,
    0x82, 0x43, 0x8D, 0x12, 0x7A, 0x73, 0x8B, 0xDD, 0xB4, 0xCB, 0x66, 0x76, 0xE2, 0x62, 0x21, 0xD8,
    0x48, 0xC6, 0x4A, 0x88, 0x23, 0x19, 0xEF, 0xBB, 0x3E, 0x02, 0x15, 0xEC, 0x91, 0x2A, 0x8B, 0x5C,
    0x0B, 0x2A, 0x82, 0x42, 0x22, 0xAF, 0x84, 0xA1, 0x48, 0xEC, 0x95, 0x30, 0x1E, 0x89, 0xBD, 0x12,
    0x06, 0x25, 0x49, 0xD0, 0x45, 0xC8, 0x24, 0xF6, 0x4A, 0x04, 0x9E, 0x44, 0x5E, 0x09, 0x63, 0x94,
    0x7C, 0x87, 0x87, 0x25, 0xD8, 0xAF, 0xBA, 0x04, 0x4D, 0x2F, 0x82, 0x62, 0x97, 0x09, 0xD2, 0xEA,
    0x9F, 0xFD, 0x19, 0x46, 0x8F, 0x2E, 0xC2, 0x69, 0xF9, 0x9C, 0xE9, 0xD9, 0x15, 0xE1, 0x14, 0x98,
    0x24, 0xD9, 0xDC, 0x83, 0xEA, 0xB7, 0x89, 0x01, 0x4A, 0x92, 0x89, 0x21, 0x90, 0x12, 0x87, 0x29,
    0x0C, 0x54, 0xE2, 0x30, 0x85, 0xC1, 0x4A, 0x5C, 0x70, 0xE2, 0x10, 0x2B, 0xD1, 0xAD, 0xAF, 0x1A,
    0x94, 0x6A, 0x99, 0x9D, 0xF8, 0x23, 0xA5, 0xF6, 0x1D, 0x80, 0xA9, 0x0D, 0x4B, 0xEE, 0x3B, 0x20,
    0x53, 0x08, 0x66, 0x0A, 0x01, 0x4D, 0x4F, 0x54, 0x84, 0x7B, 0x74, 0x29, 0x66, 0xF6, 0xB9, 0x28,
    0x3D, 0x3E, 0x48, 0x00, 0x49, 0xCC, 0x13, 0x06, 0x25, 0x09, 0x4F, 0x10, 0x98, 0x24, 0x3C, 0x21,
    0x70, 0x92, 0xF0, 0x84, 0x00, 0x4A, 0x12, 0xBA, 0x11, 0x48, 0x49, 0x42, 0x37, 0x02, 0x2A, 0x49,
    0x82, 0x8A, 0xC0, 0x4A, 0x22, 0x33, 0x04, 0x58, 0x22, 0x9E, 0x28, 0x68, 0x09, 0x79, 0xA2, 0xC0,
    0x25, 0x86, 0x24, 0x58, 0x2F, 0x33, 0x0A, 0x60, 0x32, 0xD7, 0x40, 0x4C, 0x9F, 0x4E, 0x66, 0x3C,
    0x1F, 0x86, 0x80, 0x6C, 0xAE, 0x09, 0x49, 0x18, 0xE4, 0x31, 0x50, 0x89, 0xD8, 0xA1, 0x68, 0xA5,
    0x37, 0x48, 0xC6, 0xC4, 0xFD, 0x99, 0x08, 0xB7, 0x44, 0xBC, 0x58, 0x17, 0xEE, 0x95, 0x8E, 0x4E,
    0x3D, 0x21, 0x98, 0x98, 0x13, 0x04, 0x63, 0x12, 0x46, 0x18, 0x69, 0xD3, 0x23, 0xB0, 0x0F, 0x5D,
    0x3A, 0xD9, 0xE4, 0x56, 0x4E, 0x29, 0x8A, 0x86, 0xF1, 0x4D, 0x9C, 0x90, 0xF6, 0x19, 0xC4, 0x38,
    0x48, 0xAC, 0xA7, 0x41, 0x96, 0xA6, 0x5C, 0x8F, 0x8A, 0x44, 0x31, 0x07, 0xC1, 0x6D, 0x50, 0x38,
    0x0A, 0x72, 0x9D, 0xF5, 0xF1, 0x55, 0xF4, 0xC8, 0xB3, 0x8F, 0x42, 0xF4, 0xD2, 0xFE, 0x86, 0xFD,
    0xA7, 0xF8, 0xE0, 0x12, 0x5E, 0xEF, 0x0A, 0xA8, 0x89, 0xFD, 0x27, 0x45, 0x36, 0xB1, 0xFF, 0xC4,
    0xF0, 0x26, 0xF1, 0x9F, 0x18, 0xE3, 0x24, 0xFE, 0x13, 0x03, 0x9D, 0xC4, 0x7F, 0x62, 0xB4, 0x93,
    0xFA, 0x4F, 0x04, 0x79, 0x52, 0xFF, 0x89, 0x71, 0x4F, 0x5C, 0xC4, 0x55, 0xF0, 0x53, 0x6F, 0x3C,
    0x02, 0x8A, 0x24, 0x48, 0x61, 0x50, 0xCC, 0xF4, 0x35, 0xF4, 0x9F, 0x14, 0x10, 0xA5, 0xB9, 0xB0,
    0x30, 0x3F, 0x1B, 0xFA, 0x4F, 0xA7, 0x8F, 0x3D, 0x94, 0xF5, 0x26, 0x1C, 0x6A, 0x77, 0x84, 0x4C,
    0xD7, 0xDF, 0xF6, 0x97, 0xDF, 0xDE, 0x33, 0xFE, 0xD7, 0x2E, 0xBB, 0x78, 0xEC, 0x27, 0xC0, 0x57,
    0x05, 0xBD, 0xE8, 0xAA, 0xE0, 0xA0, 0x8C, 0x71, 0xF7, 0xDA, 0x27, 0xD0, 0xFE, 0xED, 0x11, 0xED,
    0x7F, 0xF0, 0xDA, 0x5F, 0x40, 0x54, 0xAC, 0xE9, 0x08, 0x48, 0x25, 0x9A, 0x8E, 0xC0, 0x54, 0xAA,
    0xFD, 0xA7, 0xDC, 0x6B, 0xFF, 0x21, 0xF7, 0xDA, 0xDF, 0xE4, 0x81, 0xF6, 0xCF, 0x03, 0xED, 0x9F,
    0x3F, 0x4E, 0xFB, 0x9F, 0x3E, 0x81, 0xF6, 0x57, 0xE0, 0x95, 0x09, 0xC0, 0x57, 0x26, 0x00, 0x60,
    0x99, 0x00, 0x84, 0x65, 0x1C, 0x10, 0xAB, 0x01, 0x67, 0xE1, 0x03, 0x2F, 0x49, 0x2F, 0xD2, 0x59,
    0x5B, 0x72, 0x4C, 0xC0, 0xBB, 0x81, 0x60, 0x81, 0xBF, 0x80, 0x2A, 0x87, 0xBB, 0x11, 0x82, 0xC3,
    0x90, 0xD1, 0x4E, 0xB8, 0x73, 0x2E, 0x07, 0xC6, 0xA4, 0xF1, 0x37, 0xA9, 0x0D, 0x1E, 0xE8, 0xBC,
    0x9F, 0x41, 0x7C, 0xCC, 0xD4, 0x3E, 0x98, 0x4F, 0x0F, 0x8C, 0x64, 0x36, 0xCD, 0x16, 0xCF, 0xF1,
    0xCA, 0x78, 0x66, 0x88, 0xD0, 0xE1, 0xD3, 0xB0, 0xAD, 0x19, 0x86, 0xED, 0x1B, 0x7E, 0x34, 0x48,
    0xD7, 0x3D, 0x90, 0x2B, 0x98, 0xCC, 0xD8, 0x9D, 0x79, 0x95, 0x6F, 0xC1, 0x4D, 0x4A, 0xEF, 0x51,
    0x04, 0xED, 0xE9, 0x1A, 0xCF, 0xA5, 0x6B, 0x32, 0x66, 0x5F, 0x9D, 0x2B, 0x27, 0x3C, 0xE5, 0x47,
    0xB3, 0x13, 0x2F, 0x93, 0x3E, 0x08, 0xEB, 0xBC, 0xBB, 0xDA, 0x78, 0x15, 0xDE, 0xE4, 0xE1, 0x4D,
    0x1A, 0xDE, 0x24, 0xBB, 0x42, 0xF1, 0xB5, 0x13, 0x16, 0x90, 0x85, 0x23, 0x38, 0x99, 0x6F, 0xD1,
    0xA9, 0x0A, 0x2F, 0xDA, 0x15, 0x1B, 0x66, 0x00, 0x4D, 0x0C, 0x7C, 0xA9, 0xCF, 0xE8, 0x84, 0x05,
    0xE4, 0xDF, 0xFB, 0x43, 0x69, 0x5F, 0x98, 0x99, 0x7D, 0xC0, 0xA1, 0xEF, 0xBE, 0x3D, 0x33, 0xF7,
    0x40, 0x6F, 0xE7, 0x42, 0x9B, 0x43, 0x37, 0x10, 0x2D, 0xFE, 0x79, 0x81, 0x74, 0xC1, 0x2B, 0xA1,
    0x7A, 0x65, 0x66, 0xCE, 0xA1, 0xF2, 0x46, 0xEC, 0x2B, 0x1D, 0x8E, 0x65, 0x4E, 0x17, 0xA4, 0x91,
    0x6F, 0x78, 0xF4, 0x9A, 0xEB, 0x1D, 0x89, 0x27, 0x2C, 0xCC, 0x1E, 0xEC, 0xEF, 0xE8, 0x2C, 0x78,
    0x0D, 0x9E, 0xB0, 0xE0, 0x47, 0x66, 0x5F, 0xF1, 0x74, 0xF1, 0x77, 0xC1, 0xE1, 0x49, 0x57, 0xC1,
    0xE8, 0xBB, 0x80, 0x2E, 0xE7, 0x30, 0x22, 0xBE, 0x8D, 0x5B, 0xE6, 0xA8, 0x11, 0xC9, 0x59, 0xF4,
    0x46, 0xE9, 0xC6, 0x44, 0x7C, 0x93, 0x96, 0x4C, 0xC4, 0xB7, 0x17, 0xB8, 0x2F, 0x13, 0xF1, 0xED,
    0x3D, 0x6E, 0xCE, 0xC4, 0x7C, 0xE3, 0x0E, 0x4D, 0xCC, 0x37, 0x6E, 0xD3, 0x44, 0x7C, 0xB3, 0xDC,
    0xAB, 0x89, 0xF8, 0x26, 0x0D, 0x9B, 0x88, 0x6F, 0xD2, 0xB5, 0x49, 0xF8, 0x46, 0x3D, 0x9B, 0x84,
    0x6F, 0x4C, 0x13, 0xDF, 0xB4, 0x89, 0x93, 0x40, 0x6B, 0x1C, 0x2D, 0xED, 0x9C, 0x54, 0x52, 0x1C,
    0x5D, 0x8C, 0x9E, 0xCE, 0xF6, 0xBB, 0x06, 0x9E, 0x15, 0xCD, 0xD9, 0x6B, 0x5D, 0x9A, 0x26, 0x58,
    0x99, 0x26, 0x58, 0x98, 0xE4, 0xC7, 0x97, 0x7F, 0x3B, 0xE9, 0xB9, 0x02, 0x38, 0xBB, 0x4C, 0x13,
    0x7F, 0x7A, 0x47, 0x53, 0x60, 0x52, 0x49, 0xDC, 0x97, 0x4D, 0x71, 0xCF, 0x9B, 0x51, 0x80, 0x3F,
    0x1B, 0x6D, 0x30, 0x61, 0xFE, 0x74, 0xD8, 0x08, 0x59, 0xF8, 0x93, 0x6E, 0x94, 0x86, 0x64, 0xB9,
    0x9A, 0x7C, 0xAA, 0x8F, 0x77, 0xA9, 0x38, 0x23, 0x59, 0x05, 0xA8, 0x9E, 0x2A, 0xC8, 0x2C, 0x55,
    0xDE, 0x26, 0x06, 0x27, 0xDF, 0x95, 0x4B, 0x15, 0x38, 0x20, 0x41, 0xFA, 0xB0, 0x0C, 0xDC, 0x8E,
    0x34, 0xDC, 0xF9, 0x1C, 0xD2, 0x8D, 0x11, 0x99, 0xF9, 0x22, 0x81, 0x09, 0x59, 0x66, 0x1A, 0x4A,
    0xB0, 0x11, 0x4F, 0x60, 0xD2, 0x29, 0x4E, 0x27, 0x5D, 0x55, 0x7C, 0xBC, 0x50, 0x7D, 0x0F, 0x55,
    0x55, 0xCA, 0x5B, 0x76, 0x59, 0x53, 0xD9, 0x29, 0x63, 0xDA, 0x3C, 0x44, 0x45, 0x25, 0x7A, 0xAA,
    0xAA, 0x33, 0xEE, 0x2B, 0x6F, 0x71, 0xB7, 0x55, 0xFA, 0x8B, 0x59, 0x78, 0x92, 0xF7, 0xE0, 0x2D,
    0x7C, 0x9F, 0x79, 0x92, 0x0F, 0x98, 0x87, 0x63, 0x9E, 0xC0, 0x87, 0x8E, 0xDA, 0xAD, 0x16, 0x83,
    0x37, 0x3A, 0x39, 0x81, 0x6A, 0xBE, 0x89, 0x75, 0xB0, 0xB8, 0x35, 0xB2, 0x4E, 0x57, 0x77, 0xA6,
    0x3C, 0xCF, 0x83, 0xAD, 0x05, 0x79, 0xE0, 0x43, 0x6A, 0xC4, 0x0A, 0x3C, 0xF7, 0x5D, 0x80, 0x82,
    0x82, 0xB0, 0x6F, 0x21, 0x42, 0xD0, 0x81, 0x8D, 0xF9, 0x30, 0x48, 0x82, 0xE2, 0x45, 0xBB, 0x10,
    0xE5, 0xE4, 0x62, 0x0A, 0xA2, 0x3B, 0x1C, 0xFF, 0xA6, 0xB0, 0x0D, 0x49, 0x86, 0x91, 0x3C, 0x1C,
    0x34, 0x0B, 0xA0, 0xE0, 0x8C, 0x01, 0x8F, 0x73, 0xD3, 0xBD, 0x26, 0x08, 0x5A, 0xA1, 0x31, 0xA3,
    0x5F, 0xCF, 0x23, 0x5E, 0xDC, 0x64, 0x2F, 0x0E, 0x6F, 0xB3, 0x38, 0x67, 0x63, 0x71, 0xBB, 0x0B,
    0x17, 0x67, 0xEE, 0x17, 0x07, 0x59, 0x5E, 0x9C, 0xAB, 0xBC, 0x79, 0x70, 0xB8, 0x73, 0x11, 0x4B,
    0x0F, 0xF3, 0xA3, 0xB6, 0x5B, 0x3A, 0x36, 0x36, 0x48, 0xCB, 0x75, 0x73, 0xC4, 0x1B, 0x67, 0x36,
    0x17, 0xBB, 0x66, 0xE2, 0x28, 0xD0, 0x00, 0x19, 0x6D, 0x85, 0x23, 0xDC, 0x64, 0x33, 0x11, 0x06,
    0x09, 0xCC, 0x3F, 0x8E, 0x5B, 0xB3, 0xBF, 0x75, 0x1B, 0x6A, 0xF2, 0x61, 0xD1, 0x51, 0x16, 0xE0,
    0x14, 0xD1, 0x30, 0x57, 0xD3, 0xB5, 0x97, 0x3A, 0x03, 0x9B, 0x0E, 0xAF, 0xE2, 0xDE, 0x92, 0xAC,
    0x14, 0xEA, 0xE8, 0x28, 0x60, 0x40, 0xBB, 0x98, 0xE6, 0x7F, 0xE9, 0x8E, 0xC5, 0x0B, 0x8E, 0xF0,
    0x0A, 0x9A, 0xC8, 0x9A, 0xAF, 0x58, 0xDF, 0x63, 0xE5, 0x4E, 0xE0, 0x4D, 0x66, 0x01, 0x52, 0x21,
    0x28, 0x26, 0xC5, 0xC3, 0x71, 0xAD, 0x70, 0xCD, 0x62, 0x87, 0x3C, 0xBA, 0x1F, 0xD8, 0xEC, 0xCA,
    0x8E, 0xDE, 0x68, 0x47, 0xF6, 0xC5, 0xD9, 0xA8, 0x7E, 0xA0, 0xBC, 0x46, 0xAD, 0x12, 0x51, 0xE7,
    0xD8, 0x6E, 0x55, 0x6C, 0x0F, 0x69, 0x44, 0x42, 0xED, 0x15, 0xE4, 0x94, 0x14, 0x7D, 0x5C, 0xDF,
    0xDD, 0x64, 0x4D, 0x0C, 0x45, 0x0B, 0xB6, 0x72, 0x65, 0xDE, 0xA5, 0xE0, 0xEE, 0x34, 0x74, 0xCA,
    0x0F, 0xB2, 0x2F, 0x39, 0xC0, 0x40, 0x37, 0x6D, 0x5A, 0x8C, 0xAB, 0x61, 0x39, 0x4B, 0x7C, 0xA7,
    0xE8, 0xEE, 0xFC, 0xCC, 0x01, 0x24, 0x50, 0x86, 0xFC, 0x1D, 0xB5, 0x42, 0xF3, 0x47, 0xF6, 0x4E,
    0xD4, 0x4E, 0xCA, 0xE7, 0xA4, 0xB3, 0xA0, 0xC1, 0x2C, 0x8A, 0xB8, 0x8F, 0x2A, 0x60, 0x6E, 0x5B,
    0xD7, 0x24, 0x19, 0x56, 0xC7, 0x7C, 0xBD, 0x37, 0xC6, 0xA3, 0xEE, 0x76, 0x88, 0x9B, 0xF1, 0x18,
    0xFC, 0x46, 0x6E, 0x1C, 0xDB, 0xE7, 0x84, 0xD7, 0xDC, 0xA6, 0x37, 0x8E, 0xE9, 0x78, 0xA3, 0x3C,
    0x4F, 0x67, 0xEA, 0xDD, 0xCC, 0x7E, 0x52, 0x47, 0x37, 0xAC, 0x7D, 0x0A, 0xAB, 0x37, 0x06, 0xC2,
    0x9A, 0x07, 0x74, 0x43, 0xB6, 0xBE, 0x00, 0xFF, 0x25, 0x11, 0x3F, 0x09, 0x1C, 0x86, 0x18, 0x6F,
    0x98, 0xDB, 0xB6, 0x96, 0x1B, 0x60, 0x36, 0x9E, 0x7E, 0x4C, 0x37, 0xC8, 0xEB, 0x1C, 0x6E, 0x56,
    0x65, 0x6E, 0x06, 0x5C, 0xB0, 0xAF, 0x1D, 0x5C, 0xCA, 0x22, 0x46, 0x60, 0xB9, 0x42, 0x7F, 0xE2,
    0x87, 0x0F, 0x1D, 0xBF, 0xBA, 0x9F, 0xCD, 0x3E, 0x66, 0x29, 0x7E, 0x39, 0xBB, 0xE6, 0xA4, 0xC0,
    0xE6, 0xB9, 0x38, 0x04, 0x7E, 0x52, 0x76, 0x08, 0xFC, 0xA4, 0xA0, 0xB5, 0xD8, 0x63, 0xFC, 0x24,
    0xD6, 0xD1, 0x38, 0x15, 0x07, 0x5E, 0xE7, 0x2F, 0x72, 0x9B, 0x1F, 0x0C, 0x16, 0xCF, 0x45, 0x53,
    0xD3, 0xF2, 0xFF, 0x36, 0x8A, 0x17, 0x33, 0x2C, 0x82, 0xFF, 0xC9, 0x83, 0x64, 0x96, 0x61, 0xBE,
    0xC0, 0xD6, 0x9D, 0x32, 0x2D, 0xA7, 0xD3, 0x69, 0x2A, 0x75, 0x2F, 0xB9, 0x6F, 0x48, 0xA3, 0x4E,
    0x12, 0x61, 0x56, 0xEE, 0xAC, 0xEA, 0x27, 0x51, 0x93, 0xE7, 0x52, 0x5C, 0xA5, 0xE7, 0x5A, 0xFA,
    0x6B, 0x2E, 0xEB, 0x1C, 0x33, 0xC3, 0x75, 0x3E, 0x7E, 0x41, 0x54, 0x1A, 0xB6, 0x2C, 0x6A, 0x73,
    0x67, 0xDC, 0x30, 0x19, 0xD2, 0xF2, 0x17, 0xB9, 0x82, 0x7D, 0x2E, 0x9D, 0x3B, 0x34, 0x62, 0xBC,
    0xAF, 0xCB, 0x95, 0x6F, 0x7F, 0xA2, 0x00, 0x40, 0xD2, 0x6F, 0x79, 0xDF, 0xE9, 0x9E, 0xC9, 0xD5,
    0x9C, 0x6C, 0xA1, 0x9B, 0x8E, 0xF9, 0xCA, 0x00, 0x2C, 0x1D, 0x24, 0x11, 0x48, 0x07, 0xDC, 0xDB,
    0x87, 0x7E, 0x37, 0x76, 0xAE, 0xFA, 0x8F, 0x5A, 0x8E, 0x8A, 0xF2, 0x72, 0x3D, 0xE4, 0xBB, 0x1E,
    0x41, 0x42, 0x8C, 0x75, 0xCF, 0x23, 0x73, 0x6C, 0x10, 0xCA, 0xF7, 0xC7, 0x10, 0x0A, 0x01, 0xA0,
    0x09, 0xEC, 0x9F, 0xD7, 0x39, 0x5E, 0xF4, 0x03, 0xC1, 0xC7, 0x92, 0x1D, 0xCC, 0xDF, 0xCF, 0x66,
    0xA7, 0x91, 0x3F, 0x9A, 0x55, 0x23, 0xC7, 0x9B, 0x23, 0xCD, 0x2F, 0x67, 0xAA, 0xC2, 0xE0, 0xAC,
    0x41, 0x18, 0xA0, 0x1A, 0x39, 0x9E, 0x23, 0x35, 0x3B, 0x31, 0xAD, 0x5D, 0x9A, 0xA9, 0x98, 0x3A,
    0x03, 0xD3, 0x2C, 0xC5, 0xB3, 0xAB, 0x3C, 0xF3, 0x6F, 0x1D, 0xB9, 0x38, 0x32, 0xF2, 0xA4, 0x7A,
    0x9F, 0x40, 0x2A, 0xA4, 0x0E, 0xFE, 0x5A, 0xBA, 0xE4, 0xA3, 0x2F, 0x85, 0x04, 0x06, 0xB6, 0xF2,
    0xF6, 0x35, 0xDB, 0x8E, 0x05, 0xF1, 0x71, 0x7F, 0x0C, 0xA8, 0x17, 0x86, 0x9D, 0xED, 0xB1, 0xB2,
    0xE8, 0x71, 0x32, 0x68, 0x80, 0x92, 0x1F, 0xFD, 0x5C, 0xB7, 0x8E, 0x3E, 0xD0, 0x03, 0xC9, 0x94,
    0xEB, 0xB3, 0xE7, 0xFA, 0x41, 0xD6, 0x0E, 0xC5, 0x30, 0xBC, 0x6E, 0x8A, 0xCD, 0x05, 0x64, 0x05,
    0x22, 0xB5, 0x64, 0xBD, 0xBC, 0xD4, 0xBB, 0xB5, 0xF2, 0xC6, 0xE4, 0xD6, 0xC9, 0x6B, 0x2E, 0x9C,
    0xA8, 0x5E, 0x58, 0xD4, 0x2B, 0xAE, 0x94, 0xEB, 0xE8, 0x7A, 0xA9, 0x28, 0xA5, 0xAB, 0x1A, 0x7C,
    0x54, 0xAF, 0xBA, 0x1E, 0xE0, 0x53, 0x1A, 0x5F, 0x3E, 0x94, 0xB2, 0x08, 0xF2, 0x79, 0x73, 0xE2,
    0xA4, 0x50, 0xBD, 0x7C, 0xF2, 0xE9, 0xAC, 0xCD, 0x9B, 0xB6, 0xE0, 0x48, 0xF1, 0x32, 0x48, 0x18,
    0xA1, 0xA4, 0x06, 0x66, 0x2E, 0x34, 0x72, 0x61, 0x54, 0xBA, 0xC8, 0xF8, 0x59, 0x56, 0x99, 0x01,
    0xD9, 0xE0, 0x8D, 0x9B, 0xA3, 0xC1, 0xB4, 0x01, 0xFD, 0xBC, 0x18, 0xB6, 0x36, 0x1B, 0xE2, 0x59,
    0xCD, 0x5A, 0x36, 0xA4, 0x8B, 0x1A, 0xB5, 0x6C, 0x2C, 0xC4, 0xE9, 0xC9, 0xC0, 0x45, 0xEC, 0x44,
    0x47, 0x20, 0x94, 0x74, 0x93, 0x09, 0x43, 0xA9, 0x3D, 0x68, 0x59, 0x01, 0x82, 0x92, 0x56, 0x4B,
    0x23, 0x5B, 0x50, 0x26, 0xA1, 0xF3, 0x8F, 0x5B, 0xBF, 0x8A, 0x35, 0x5A, 0xCD, 0x0F, 0x1E, 0xCC,
    0x8E, 0x07, 0x3B, 0xAD, 0x81, 0x39, 0x9B, 0x03, 0x98, 0xE8, 0xE0, 0x4D, 0x19, 0xBC, 0xE4, 0xFF,
    0x03, 0xED, 0x7D, 0xBD, 0xAF, 0x25, 0xC7, 0x75, 0x67, 0x75, 0xB7, 0x31, 0xBD, 0x64, 0x2F, 0xD4,
    0x82, 0x23, 0xD2, 0x03, 0x6C, 0x3B, 0x50, 0xA0, 0xB5, 0x05, 0x77, 0x6A, 0x01, 0x4B, 0x55, 0x8B,
    0x0A, 0x18, 0x28, 0xE0, 0xBF, 0x30, 0x01, 0x83, 0x35, 0xD6, 0xC0, 0xEC, 0x1F, 0xB0, 0x7A, 0xDD,
    0xA4, 0x02, 0x03, 0xEB, 0x80, 0x83, 0xFD, 0x07, 0xA4, 0xC0, 0x58, 0x08, 0x72, 0x30, 0x0A, 0x36,
    0x70, 0xE0, 0xF7, 0xBA, 0x29, 0x06, 0x0E, 0x1C, 0xF0, 0x8A, 0xC4, 0x46, 0x0E, 0xD8, 0xD4, 0x0C,
    0xC0, 0x85, 0x18, 0x4C, 0xCB, 0xBC, 0x2B, 0xF6, 0xCC, 0x74, 0x77, 0xED, 0xF9, 0xAC, 0xAA, 0x7E,
    0xEF, 0xBE, 0x79, 0xC3, 0x2F, 0x7B, 0x01, 0xEB, 0x11, 0x60, 0x9F, 0x7A, 0x73, 0xEF, 0x7D, 0xB7,
    0x7E, 0x75, 0xBE, 0xCF, 0xA9, 0xAA, 0x76, 0x36, 0xFD, 0xAF, 0x1D, 0xFE, 0x4C, 0xAD, 0x7B, 0xCD,
    0x6D, 0x4C, 0x5A, 0xF7, 0x9E, 0xE3, 0x9F, 0xD1, 0xE4, 0xAE, 0xA9, 0xDF, 0x9F, 0x0D, 0xFE, 0xA4,
    0x9B, 0x29, 0xFE, 0x99, 0xC9, 0x64, 0x83, 0x91, 0x27, 0xCD, 0xEF, 0x98, 0xCC, 0x1C, 0xBC, 0x68,
    0x4E, 0x5D, 0x67, 0x4C, 0xE5, 0x0E, 0x40, 0x26, 0xEE, 0x08, 0xBF, 0x7C, 0xCF, 0x35, 0xE9, 0x6C,
    0xDC, 0x02, 0x64, 0x4A, 0x64, 0xB2, 0x9A, 0xEC, 0xA1, 0xA9, 0x91, 0x34, 0xAB, 0xE1, 0xCF, 0x06,
    0xF2, 0x3C, 0x90, 0xD1, 0x6F, 0x17, 0x4F, 0xA6, 0xB3, 0x27, 0xF3, 0x89, 0xC9, 0x64, 0x31, 0xD5,
    0xC8, 0x24, 0xBC, 0x10, 0xFF, 0x30, 0xFD, 0x38, 0xB7, 0x09, 0x65, 0x2C, 0x7C, 0x05, 0xF9, 0x29,
    0x5C, 0x63, 0xC2, 0xCF, 0x7F, 0x0B, 0xE4, 0x99, 0x69, 0x01, 0x87, 0xD1, 0xD4, 0xAB, 0x69, 0x1D,
    0xE2, 0xB0, 0xA6, 0xCE, 0x0D, 0xAD, 0x23, 0x1C, 0x5E, 0x73, 0xEE, 0xD8, 0x6E, 0x84, 0xC3, 0x87,
    0x53, 0xBA, 0x59, 0xC6, 0xC1, 0x0D, 0xA6, 0xED, 0x19, 0x07, 0x20, 0x4B, 0xC7, 0x38, 0xC0, 0x17,
    0xC8, 0x1D, 0xE3, 0x50, 0x0F, 0x26, 0x71, 0x8C, 0x43, 0x09, 0xDF, 0xB0, 0x67, 0x1C, 0x4A, 0x98,
    0x58, 0xCB, 0x38, 0x64, 0xF0, 0xC5, 0x5A, 0xC6, 0xC1, 0x10, 0xC9, 0x3F, 0xB7, 0x27, 0x4F, 0x9A,
    0x6F, 0x06, 0xD2, 0xFC, 0x4B, 0x90, 0x02, 0x2F, 0x63, 0x9B, 0x1E, 0x8D, 0x85, 0x05, 0x7C, 0xCB,
    0x2D, 0xAD, 0xFB, 0xA1, 0xFB, 0x9D, 0x5B, 0xAC, 0xFB, 0x10, 0x38, 0x62, 0xC6, 0x19, 0xDA, 0x99,
    0x50, 0x28, 0x67, 0x9A, 0x76, 0x86, 0x23, 0x47, 0xCB, 0x03, 0xB8, 0xC0, 0x23, 0x73, 0x8F, 0xDC,
    0xAB, 0xF8, 0x78, 0xCD, 0xE1, 0x68, 0x36, 0x77, 0x65, 0xE9, 0xA2, 0xC7, 0x37, 0x01, 0x1E, 0xF8,
    0xB7, 0x09, 0xB0, 0x03, 0xC6, 0x80, 0xBF, 0x05, 0x4B, 0x96, 0x2E, 0xA6, 0x6D, 0x7A, 0x5C, 0xC9,
    0xD6, 0xD4, 0x1D, 0x60, 0x66, 0x4D, 0x35, 0x18, 0xDB, 0x7D, 0xD3, 0x94, 0x03, 0xAD, 0x73, 0xD5,
    0x99, 0x02, 0xDE, 0x6B, 0x1B, 0xF8, 0x7B, 0x1D, 0xC2, 0x0B, 0xEB, 0xE5, 0x16, 0x5A, 0x5A, 0x47,
    0xDF, 0xFA, 0xEE, 0x16, 0x4D, 0xA4, 0x8A, 0xE9, 0x46, 0xD6, 0xB8, 0x5F, 0x61, 0x4D, 0x3A, 0x5A,
    0xE4, 0x0C, 0x16, 0x19, 0x68, 0x5A, 0xE5, 0xD7, 0xE1, 0x03, 0x2A, 0xE0, 0x0F, 0x5A, 0xE6, 0x43,
    0x3E, 0xC3, 0xDF, 0xE5, 0x75, 0xEE, 0x92, 0x05, 0x69, 0x5A, 0xE8, 0xCE, 0x28, 0x6D, 0x60, 0xD1,
    0x89, 0xC6, 0xA5, 0x2E, 0x0F, 0xFC, 0x1A, 0x5C, 0xEB, 0xAC, 0xCB, 0xF0, 0xBD, 0xB4, 0xD8, 0xF0,
    0x9B, 0x89, 0x68, 0x58, 0x6D, 0x64, 0x13, 0xA4, 0x71, 0xB9, 0x13, 0xE7, 0x70, 0x5E, 0xCC, 0xC0,
    0x20, 0x62, 0x4A, 0x1B, 0x78, 0xBF, 0xA7, 0xFB, 0x2D, 0xD0, 0x89, 0x3B, 0x78, 0x1A, 0x40, 0x0F,
    0x74, 0xE2, 0x02, 0x6D, 0xEC, 0x87, 0x81, 0x46, 0xFE, 0xF4, 0xEB, 0x19, 0xD1, 0xA6, 0x8F, 0x68,
    0x3B, 0xEC, 0xD6, 0xBD, 0xF5, 0xBA, 0x60, 0x09, 0xBA, 0x60, 0x09, 0xBA, 0x60, 0x26, 0x70, 0x3E,
    0x98, 0xBC, 0x2E, 0xF8, 0x74, 0xF2, 0xBA, 0x00, 0xD1, 0xFF, 0x5F, 0x8C, 0xCC, 0x67, 0x93, 0x29,
    0x56, 0x06, 0x06, 0x56, 0xB7, 0x17, 0x19, 0xC8, 0xA6, 0x1C, 0x66, 0x4D, 0xB0, 0x64, 0x53, 0x3D,
    0xAF, 0x22, 0x03, 0x93, 0x1B, 0x16, 0x06, 0x25, 0xFB, 0x74, 0x4D, 0x44, 0xD4, 0x33, 0x37, 0xA9,
    0xA8, 0x67, 0xAE, 0x4B, 0x45, 0x7E, 0xB3, 0x0D, 0xD9, 0x84, 0xFF, 0xE2, 0xEC, 0x49, 0xE0, 0xA3,
    0xF4, 0x18, 0xA6, 0x3A, 0x7B, 0x32, 0x89, 0xC8, 0x25, 0x4C, 0x32, 0x22, 0xD7, 0x40, 0x9E, 0x5F,
    0xC6, 0x61, 0x34, 0x05, 0xA8, 0x13, 0xC2, 0x61, 0x35, 0x16, 0x49, 0xC2, 0xA1, 0xE9, 0xFF, 0x8F,
    0xD9, 0xFE, 0x86, 0x70, 0x38, 0xAC, 0xF4, 0x61, 0x88, 0xC3, 0xB4, 0x98, 0x7C, 0x61, 0x1C, 0x96,
    0x8B, 0xC4, 0x31, 0x69, 0x8E, 0xF6, 0x3E, 0x92, 0x88, 0x03, 0xF0, 0xF8, 0xE3, 0x85, 0x71, 0x30,
    0xB5, 0x6B, 0x16, 0xD1, 0x89, 0xB0, 0xF4, 0xA2, 0x13, 0xAB, 0x0D, 0x3F, 0x8C, 0x70, 0xA8, 0x26,
    0xFF, 0x25, 0xCB, 0xA0, 0xFD, 0x0A, 0x78, 0xAB, 0x2A, 0x42, 0xF8, 0x54, 0x9D, 0x45, 0xEE, 0x3A,
    0x3F, 0xA1, 0x76, 0xF4, 0x64, 0xB1, 0x78, 0x32, 0xD9, 0xC2, 0x8C, 0x6D, 0x20, 0xAB, 0x40, 0xE6,
    0x81, 0xCC, 0x22, 0x74, 0x7E, 0xC6, 0x0F, 0xD1, 0xB3, 0x33, 0x8A, 0x7C, 0x7F, 0x40, 0x44, 0x72,
    0x37, 0x2B, 0x57, 0x10, 0x47, 0x58, 0x46, 0xA1, 0xE4, 0x69, 0x67, 0xFC, 0x48, 0x64, 0xE6, 0x32,
    0x6B, 0x99, 0x31, 0x3E, 0x32, 0x7A, 0x3C, 0x34, 0x77, 0x9B, 0x65, 0xB7, 0x22, 0x24, 0xC5, 0x33,
    0x3D, 0x7A, 0x9A, 0x15, 0x48, 0xC9, 0x84, 0x9F, 0xB2, 0xE4, 0x2B, 0x3E, 0x8E, 0xA6, 0xC7, 0xC7,
    0x4C, 0x5F, 0x1D, 0x44, 0x9F, 0xBE, 0x76, 0xDF, 0xA4, 0xF8, 0xA8, 0x77, 0xEB, 0xAA, 0x3F, 0x7F,
    0x17, 0xD1, 0x7F, 0x2F, 0xAB, 0x8A, 0x06, 0xA9, 0x5F, 0x79, 0x59, 0x4B, 0x60, 0xC8, 0x7E, 0xE5,
    0x75, 0x05, 0x35, 0x72, 0x80, 0xCF, 0xC7, 0x85, 0xFD, 0x15, 0x68, 0xE9, 0xE3, 0x39, 0xAF, 0xEC,
    0x67, 0x8B, 0x49, 0xD7, 0x73, 0x61, 0x71, 0xD0, 0x3F, 0xEE, 0x5C, 0xA4, 0xDF, 0x75, 0x99, 0x13,
    0x26, 0xAF, 0x40, 0x71, 0x3C, 0x5D, 0x79, 0x9E, 0x39, 0x98, 0x8A, 0x77, 0x57, 0x9E, 0x6C, 0x92,
    0xAC, 0xCE, 0x08, 0x9F, 0x1B, 0xB4, 0x7E, 0xE7, 0xA2, 0xEC, 0x0D, 0x7C, 0xD2, 0xB9, 0x17, 0xE0,
    0xCE, 0xD3, 0xC0, 0xE0, 0x9E, 0x2E, 0x8E, 0x81, 0x4E, 0x0E, 0x7B, 0x06, 0xFD, 0x3A, 0xE8, 0x58,
    0xFA, 0xE1, 0x27, 0xC8, 0x3F, 0xFC, 0x04, 0x0D, 0x80, 0x66, 0x95, 0x14, 0xA4, 0x6A, 0x59, 0xD2,
    0x90, 0x30, 0xEF, 0xF6, 0xA1, 0xE8, 0x81, 0xA5, 0x06, 0xDD, 0xED, 0x44, 0x47, 0x1E, 0xC1, 0x28,
    0xB4, 0xC0, 0x24, 0x2C, 0x03, 0xA0, 0x6E, 0xCE, 0x6E, 0x8B, 0x36, 0x80, 0x79, 0x0F, 0x67, 0xA6,
    0xEF, 0x58, 0x4D, 0x82, 0xDE, 0x3D, 0x03, 0x65, 0x47, 0x48, 0x25, 0xA0, 0x49, 0xCE, 0x4C, 0x31,
    0x12, 0x54, 0x85, 0x43, 0xDB, 0x2C, 0xB6, 0xBE, 0x9C, 0xA2, 0x41, 0xB1, 0x35, 0x30, 0x28, 0x47,
    0x51, 0x12, 0x47, 0x73, 0x96, 0x8B, 0x96, 0x4B, 0x7A, 0xF8, 0x34, 0x6F, 0xE9, 0x41, 0xBD, 0x9E,
    0x15, 0x73, 0x90, 0x8B, 0xB3, 0x68, 0xC6, 0x2E, 0x1E, 0xD4, 0xB1, 0xE1, 0x28, 0xE2, 0x41, 0x1A,
    0x0F, 0xCC, 0x66, 0x4E, 0xFD, 0x1C, 0x95, 0x87, 0xAF, 0x4A, 0xC9, 0xF6, 0x55, 0x4A, 0x09, 0x8B,
    0x6D, 0x4A, 0x26, 0x0F, 0xBE, 0xF2, 0x42, 0x03, 0x92, 0xFB, 0x6A, 0xA5, 0x97, 0x94, 0x23, 0x3F,
    0x1C, 0xBD, 0x0F, 0x80, 0x59, 0x78, 0x3E, 0xFC, 0xF6, 0x76, 0x11, 0x18, 0x78, 0x62, 0xCB, 0x89,
    0xB5, 0xDF, 0xA2, 0xA5, 0xDF, 0xA2, 0x95, 0x5F, 0x59, 0xE9, 0x45, 0xEB, 0x3E, 0x79, 0x0D, 0x83,
    0xC6, 0xFF, 0x1B, 0x8D, 0xB9, 0x23, 0xB2, 0xD1, 0xD4, 0x43, 0xB6, 0xA8, 0x13, 0x54, 0x77, 0xB9,
    0xC8, 0x46, 0x39, 0xD8, 0xAE, 0x12, 0x13, 0x50, 0x1E, 0xEA, 0xA1, 0x6D, 0x1B, 0x5A, 0xF1, 0x62,
    0x2A, 0xDD, 0x56, 0x77, 0x6C, 0x04, 0xA6, 0xC2, 0xCD, 0xE5, 0xA0, 0xBA, 0xBC, 0xEF, 0x84, 0xE6,
    0x49, 0x09, 0xDD, 0x47, 0xB4, 0x45, 0x57, 0x53, 0xE8, 0xEA, 0x40, 0x9E, 0x01, 0x4F, 0x71, 0xE6,
    0xD7, 0x31, 0x5C, 0xF4, 0x1D, 0xE4, 0xCD, 0xA8, 0xB5, 0xD4, 0x92, 0x22, 0xEB, 0xEA, 0xCF, 0xFD,
    0xC7, 0x66, 0xA7, 0xF1, 0x48, 0xE9, 0xE1, 0x5F, 0xA0, 0x15, 0x85, 0x1F, 0xC3, 0x8B, 0x8A, 0x94,
    0xC7, 0xC5, 0xC8, 0xD2, 0x5A, 0xA3, 0xAB, 0x6B, 0x8D, 0x2E, 0xB0, 0x50, 0x09, 0x53, 0xBC, 0xCC,
    0x48, 0xF1, 0x4A, 0x5B, 0xA3, 0x8B, 0x4D, 0x54, 0xA6, 0x14, 0x2F, 0xB9, 0xF5, 0xD6, 0xEA, 0xB9,
    0x28, 0xF8, 0x33, 0x56, 0xA7, 0x34, 0x09, 0x55, 0x7F, 0xB2, 0x0A, 0x65, 0xC9, 0x53, 0x65, 0xAA,
    0x74, 0x6A, 0xFA, 0x33, 0xA1, 0xEA, 0xC9, 0x08, 0x55, 0x8C, 0xFE, 0xF3, 0x3A, 0xFF, 0x37, 0xA6,
    0x18, 0x0C, 0x8F, 0x85, 0x87, 0x42, 0x91, 0xD8, 0x04, 0x08, 0xE0, 0x0A, 0xC6, 0x01, 0x16, 0x88,
    0x61, 0x00, 0x85, 0xE7, 0x51, 0xF0, 0x20, 0x28, 0x06, 0x1E, 0x02, 0x8F, 0x80, 0x00, 0x50, 0x37,
    0x32, 0xC3, 0xBA, 0x13, 0x42, 0x56, 0xFC, 0x73, 0x12, 0x95, 0x12, 0x56, 0x3E, 0x27, 0x95, 0xC9,
    0x2E, 0xDE, 0x18, 0x5A, 0x9D, 0xE2, 0x9F, 0x79, 0x5B, 0x21, 0x0F, 0x0C, 0x07, 0x46, 0xB4, 0x10,
    0x6F, 0xB9, 0x15, 0x1F, 0x9F, 0x90, 0x1C, 0x64, 0xE0, 0xC8, 0xA1, 0x16, 0x70, 0xA4, 0xB0, 0xE1,
    0x91, 0xF0, 0x03, 0x55, 0x03, 0xAA, 0xF3, 0x0B, 0xB4, 0xD6, 0x23, 0x3C, 0x52, 0xF7, 0xB1, 0x1B,
    0xF0, 0xF1, 0x26, 0x3E, 0xC0, 0x1F, 0xB9, 0x0D, 0x0F, 0xFA, 0xF1, 0x8F, 0xA4, 0xA1, 0x47, 0x36,
    0x9D, 0x7A, 0xCC, 0xFC, 0x12, 0xF8, 0xA3, 0x0F, 0x2F, 0x88, 0x71, 0x1D, 0x7D, 0xB4, 0xC6, 0x36,
    0xA2, 0xA4, 0x92, 0xED, 0x94, 0x62, 0xFA, 0x97, 0x34, 0xDB, 0x09, 0x39, 0x2F, 0xC0, 0x5A, 0x1F,
    0xA1, 0x93, 0x63, 0x1D, 0x79, 0xE4, 0xF6, 0xFB, 0xF4, 0x68, 0x4D, 0xFB, 0x2A, 0x8E, 0xE0, 0x3F,
    0x7C, 0x74, 0x35, 0x7D, 0x34, 0xFB, 0x35, 0xB9, 0xB8, 0x37, 0xBF, 0x38, 0xA5, 0x51, 0xB3, 0xC8,
    0x37, 0xCD, 0x46, 0xB6, 0xDE, 0x6E, 0x4C, 0xDD, 0x0F, 0x38, 0x50, 0x5D, 0xDD, 0x52, 0xB9, 0x07,
    0x3E, 0x52, 0xB5, 0x3E, 0x54, 0x3D, 0x80, 0x22, 0x44, 0x67, 0x94, 0x34, 0x14, 0x68, 0x01, 0x5C,
    0x5D, 0x32, 0x4C, 0xF0, 0xD7, 0xCA, 0x49, 0xEC, 0x52, 0xCE, 0x01, 0x24, 0xBB, 0x66, 0x0B, 0x01,
    0x4E, 0x56, 0xA9, 0x45, 0x8F, 0x54, 0x34, 0x94, 0xB3, 0x2B, 0xD1, 0xA0, 0xA1, 0xCA, 0xA5, 0x24,
    0x1A, 0x35, 0x54, 0x79, 0x2F, 0x39, 0xCF, 0xA6, 0xE8, 0xBB, 0xFD, 0x7F, 0x40, 0xEF, 0x35, 0xB8,
    0x89, 0x34, 0xB8, 0x89, 0x34, 0xB8, 0xF1, 0xA6, 0xDB, 0x7A, 0xCB, 0x3D, 0xAA, 0x96, 0x4A, 0x97,
    0xBB, 0x9B, 0xD2, 0xE6, 0x08, 0xF1, 0x86, 0xEA, 0x2C, 0x50, 0x10, 0xB3, 0x6A, 0x2D, 0xE4, 0x45,
    0xD5, 0x5B, 0xF0, 0x8B, 0x96, 0x22, 0x5D, 0xB6, 0xD9, 0x68, 0xA9, 0xD9, 0x64, 0x6F, 0x14, 0xF6,
    0x7A, 0x8B, 0xDD, 0x46, 0xB1, 0xB7, 0xEA, 0x94, 0x0C, 0x38, 0x50, 0xE9, 0xE4, 0x3E, 0x04, 0x60,
    0x21, 0x3A, 0x99, 0x02, 0x5D, 0xAC, 0x36, 0x0A, 0x5B, 0xFA, 0x28, 0x94, 0x73, 0x81, 0xCE, 0x5D,
    0x6C, 0xD0, 0xCD, 0x2E, 0xAA, 0x8D, 0x30, 0x89, 0x92, 0x1B, 0x71, 0x76, 0x43, 0x78, 0x06, 0x31,
    0xC9, 0xA6, 0x80, 0x49, 0xA6, 0x3C, 0x73, 0x77, 0x56, 0x1A, 0x30, 0x59, 0x8A, 0x0F, 0x94, 0x67,
    0xCC, 0x99, 0x7D, 0xAA, 0x3C, 0x63, 0xBE, 0xD7, 0xBB, 0x49, 0xE3, 0xBD, 0x7A, 0xA9, 0x27, 0xF5,
    0xF8, 0xAA, 0x63, 0x31, 0xA9, 0xC7, 0x57, 0x8E, 0x61, 0xBD, 0xCA, 0x41, 0xE9, 0xB2, 0xB1, 0x9D,
    0xD2, 0xD5, 0xA1, 0xF7, 0x6B, 0x5A, 0xB8, 0xC5, 0xD3, 0x29, 0x66, 0x50, 0xF4, 0xBD, 0xA0, 0x0C,
    0xBF, 0x24, 0xCF, 0x04, 0x4C, 0x9A, 0x00, 0x49, 0x13, 0x10, 0x61, 0x26, 0x39, 0x70, 0x64, 0x48,
    0x32, 0x54, 0x6E, 0x8D, 0xB2, 0x48, 0x4B, 0xA9, 0x14, 0xCA, 0xF7, 0xB0, 0x12, 0xA2, 0x18, 0x6F,
    0x36, 0x34, 0x5B, 0xF4, 0x7E, 0x27, 0xCC, 0x7A, 0x10, 0x14, 0xF9, 0x08, 0x51, 0xB1, 0xC4, 0x78,
    0x10, 0x4B, 0x1D, 0x14, 0x08, 0x24, 0x3D, 0x10, 0x81, 0xAC, 0x83, 0xB4, 0xF7, 0x62, 0xC1, 0xCB,
    0xDF, 0xDC, 0xDF, 0x82, 0x9D, 0x3E, 0x7A, 0x36, 0xDA, 0x22, 0x3E, 0x08, 0xE9, 0x9C, 0xFE, 0x78,
    0x92, 0x25, 0xDA, 0x31, 0xB0, 0x53, 0x88, 0x10, 0x92, 0xE8, 0x15, 0xAF, 0x5C, 0x23, 0x45, 0x51,
    0x08, 0x1C, 0xC7, 0xC0, 0x6E, 0x11, 0x3F, 0x88, 0xE7, 0xC1, 0x7E, 0x10, 0xD3, 0xEC, 0x07, 0x79,
    0x1A, 0x50, 0x01, 0xFA, 0x9B, 0xE2, 0x07, 0x75, 0xC5, 0x01, 0x63, 0x53, 0xF6, 0x83, 0x8A, 0x43,
    0xBE, 0xA8, 0x1F, 0x54, 0x8C, 0x60, 0x4C, 0xC4, 0x0F, 0x2A, 0x26, 0x60, 0x73, 0xF1, 0x83, 0x32,
    0xF0, 0x89, 0x1A, 0xF1, 0x83, 0x80, 0x07, 0xC4, 0x0C, 0x62, 0x66, 0xA4, 0xAB, 0xBA, 0xA0, 0xF1,
    0x95, 0x46, 0xBF, 0x47, 0x5F, 0x83, 0x60, 0xAA, 0x1F, 0x54, 0x1E, 0x83, 0x1F, 0x84, 0x01, 0xB4,
    0xF7, 0x83, 0x5C, 0xE4, 0x07, 0x55, 0x91, 0x1F, 0x94, 0xF4, 0xAB, 0xB9, 0xF1, 0xE7, 0x8D, 0x40,
    0x26, 0x91, 0xDD, 0x49, 0xDD, 0xE9, 0xDF, 0xD3, 0xEB, 0xDB, 0x7F, 0xBB, 0x99, 0xC6, 0x53, 0x3F,
    0x2F, 0x47, 0x5C, 0xD7, 0x05, 0x0D, 0x16, 0xC9, 0x41, 0xB7, 0x7B, 0x6D, 0xC4, 0x9A, 0x11, 0x67,
    0x06, 0xF8, 0xB6, 0x58, 0xBB, 0x6B, 0x58, 0x66, 0x43, 0x50, 0x66, 0x43, 0x48, 0x66, 0x43, 0x40,
    0x66, 0x43, 0x38, 0x66, 0xBD, 0x5E, 0x6F, 0xAC, 0x57, 0xEB, 0xEC, 0x90, 0x91, 0x56, 0xF7, 0x1E,
    0xE6, 0xE4, 0xC9, 0x48, 0xA7, 0x47, 0x2A, 0x1D, 0x02, 0xB0, 0xA0, 0xD1, 0x23, 0x85, 0x1E, 0xF4,
    0xF9, 0x0B, 0xC6, 0xB5, 0x3E, 0x05, 0xE5, 0xB5, 0x79, 0x3F, 0x78, 0xC9, 0x6D, 0x07, 0x2F, 0xA2,
    0x2F, 0x20, 0xFF, 0xF6, 0x3C, 0xC7, 0x5E, 0xE7, 0x2F, 0x13, 0x5E, 0xC9, 0xE5, 0x2F, 0x1D, 0x08,
    0x11, 0x3C, 0x1E, 0x2D, 0x64, 0xC7, 0xDF, 0x72, 0x3F, 0xC0, 0xC7, 0x60, 0x3F, 0x9E, 0x50, 0xD7,
    0xE6, 0x18, 0xB6, 0xC3, 0x77, 0x76, 0x94, 0xAB, 0xFB, 0x5B, 0x27, 0xBC, 0x3F, 0xD2, 0xF7, 0xC4,
    0xB5, 0xAB, 0xDC, 0x3F, 0x7D, 0xE4, 0x06, 0x10, 0x31, 0x90, 0xC4, 0x11, 0xE6, 0x59, 0x8C, 0xF9,
    0x04, 0x62, 0x02, 0x11, 0xE8, 0x94, 0x82, 0x5D, 0x1B, 0x31, 0xF1, 0xB0, 0xE1, 0x08, 0xDE, 0xF0,
    0x8F, 0x1F, 0xA1, 0x6B, 0x51, 0x3C, 0xFD, 0x88, 0x22, 0x5C, 0x37, 0x92, 0x1F, 0x67, 0x99, 0x2B,
    0x84, 0x39, 0x6E, 0xDD, 0x8B, 0x16, 0x39, 0x8F, 0x9C, 0x98, 0xFC, 0xC0, 0xD3, 0xF8, 0x0B, 0x93,
    0x76, 0xF0, 0xA5, 0x88, 0x6E, 0x9B, 0x72, 0x02, 0xFA, 0x8C, 0x68, 0x30, 0x1E, 0xB9, 0x3B, 0x24,
    0xA0, 0x3B, 0x8F, 0xB6, 0xE9, 0x57, 0xD0, 0xA0, 0x19, 0x38, 0x3C, 0xB3, 0x85, 0x90, 0x0C, 0xE9,
    0xA7, 0x9B, 0x59, 0x4A, 0x77, 0xB4, 0x40, 0xE7, 0x63, 0x7F, 0x00, 0x47, 0xB6, 0x41, 0x3A, 0x9B,
    0x4A, 0xF4, 0xBA, 0x0C, 0xBD, 0x66, 0x4A, 0x88, 0x05, 0x37, 0xA0, 0xD3, 0x95, 0x5C, 0x9F, 0x7C,
    0xC9, 0x47, 0x9A, 0x30, 0xB8, 0xE3, 0xFD, 0x84, 0x34, 0xE6, 0x59, 0x31, 0xC3, 0x82, 0x74, 0xEA,
    0xEE, 0x11, 0x67, 0xE5, 0xCA, 0xD8, 0xF6, 0x18, 0xE8, 0x9A, 0x5F, 0x23, 0x2B, 0x72, 0x0C, 0x74,
    0xB6, 0x05, 0xDA, 0xB4, 0x7F, 0x15, 0xE8, 0xF2, 0xE3, 0x31, 0xD2, 0x05, 0x63, 0x64, 0xBD, 0x23,
    0xBA, 0x8E, 0xE8, 0x72, 0x3C, 0x2D, 0x1C, 0x91, 0x52, 0xB6, 0x8C, 0x1A, 0x66, 0xC8, 0x2C, 0x33,
    0x40, 0x03, 0xAB, 0x67, 0x1D, 0x61, 0xF6, 0x1A, 0xEA, 0xE6, 0x8D, 0x20, 0x2B, 0x61, 0xEE, 0x56,
    0x10, 0x1B, 0xE0, 0xA5, 0x0C, 0x58, 0x7F, 0xFF, 0x1E, 0x44, 0x3C, 0x84, 0x17, 0xE8, 0x3B, 0xE0,
    0x7A, 0x82, 0xCB, 0x82, 0x17, 0xEF, 0x18, 0xAD, 0x6F, 0x34, 0xE0, 0x2F, 0x29, 0x58, 0xE8, 0xA5,
    0x32, 0x56, 0x4C, 0x12, 0x54, 0x94, 0x85, 0x66, 0xA4, 0xF0, 0x65, 0x3A, 0x8B, 0xE0, 0xC1, 0x38,
    0x1F, 0x36, 0xA1, 0x24, 0x2B, 0xF9, 0x1D, 0x2F, 0x25, 0x3C, 0x8B, 0x2F, 0x4B, 0x1A, 0x15, 0x02,
    0xB4, 0x41, 0x11, 0x79, 0x16, 0x48, 0xC2, 0x01, 0x03, 0x9E, 0x45, 0x70, 0xE8, 0x88, 0x44, 0x1C,
    0x2C, 0x29, 0x2D, 0xC2, 0x01, 0x2D, 0xC3, 0xC2, 0x38, 0xD4, 0x43, 0x41, 0x24, 0xE0, 0x50, 0x3E,
    0xC1, 0x44, 0x2C, 0xE1, 0x90, 0x3A, 0x4A, 0x1E, 0x10, 0x0E, 0x15, 0x25, 0xE4, 0x98, 0x65, 0x06,
    0x4A, 0x77, 0x02, 0x0E, 0xD9, 0x16, 0x32, 0x94, 0xC7, 0x90, 0xA1, 0x04, 0x3F, 0x61, 0x09, 0xCA,
    0x60, 0x09, 0xCA, 0x60, 0x09, 0xCA, 0x60, 0x09, 0x49, 0xC7, 0x60, 0x8E, 0xFB, 0x93, 0x69, 0xC9,
    0x28, 0x17, 0x09, 0xAA, 0x97, 0x57, 0xFE, 0x8F, 0x11, 0x77, 0xA6, 0xBF, 0xBF, 0x60, 0x16, 0xDD,
    0x9C, 0x31, 0x47, 0x64, 0x0E, 0x14, 0x32, 0xCD, 0xDF, 0xB4, 0xEF, 0x4D, 0xE5, 0xC0, 0x00, 0x80,
    0x6C, 0x0F, 0x48, 0x23, 0x02, 0x18, 0xB6, 0x81, 0x61, 0x24, 0x08, 0xBE, 0x83, 0x1F, 0xD1, 0x30,
    0x06, 0x2B, 0xF0, 0x39, 0x26, 0xF2, 0x10, 0x84, 0xDE, 0x54, 0xF7, 0x47, 0x5E, 0x66, 0x50, 0x5B,
    0x55, 0x97, 0xFE, 0x94, 0x61, 0xB0, 0x4D, 0xD5, 0x15, 0x82, 0x43, 0x3D, 0x54, 0x1D, 0xC4, 0x85,
    0x04, 0x44, 0x09, 0x9F, 0xEE, 0x24, 0x96, 0xC3, 0x2C, 0xC6, 0xA2, 0xCA, 0xF0, 0x98, 0xFB, 0x30,
    0x3C, 0x5D, 0xCC, 0x45, 0x63, 0x23, 0x07, 0xD5, 0x46, 0xC9, 0x77, 0x35, 0x1D, 0x00, 0xB3, 0xCF,
    0xC2, 0xC2, 0x54, 0x82, 0x1D, 0xE9, 0x5D, 0xB0, 0x08, 0xB7, 0xDC, 0x1C, 0x33, 0xC1, 0x10, 0x91,
    0x81, 0x09, 0x3A, 0x02, 0xA1, 0x18, 0xF9, 0x93, 0x00, 0x83, 0x82, 0x3E, 0x8B, 0x20, 0x28, 0xC8,
    0xD4, 0x11, 0x02, 0x05, 0xD9, 0x2F, 0x02, 0xA0, 0x78, 0xE4, 0x36, 0x99, 0x7F, 0xF1, 0x00, 0x8D,
    0x06, 0x4D, 0xBF, 0x18, 0x6B, 0x54, 0x75, 0xF8, 0xE1, 0xF0, 0x61, 0x98, 0x6C, 0xC7, 0xC9, 0x0B,
    0x89, 0x73, 0x17, 0x52, 0xF2, 0x06, 0xDE, 0x73, 0x1D, 0xBD, 0xBD, 0x04, 0x52, 0xC5, 0x1B, 0x48,
    0x75, 0xF0, 0xE0, 0x5F, 0xD5, 0xC1, 0x03, 0x1F, 0x67, 0x0B, 0x73, 0x9E, 0x83, 0x63, 0xE2, 0x67,
    0x5C, 0x3F, 0xDE, 0xB1, 0x7D, 0x3C, 0xE5, 0x78, 0xCE, 0x6E, 0xE0, 0x49, 0x4F, 0x26, 0xCC, 0x9A,
    0x3F, 0x99, 0xA7, 0xCD, 0xEA, 0x9E, 0xE7, 0xFD, 0xA1, 0xE3, 0xD9, 0xE2, 0xC4, 0x0F, 0x3D, 0x72,
    0x0D, 0xCF, 0x1C, 0x6C, 0x65, 0xA5, 0x53, 0x07, 0xBA, 0x08, 0x73, 0xDF, 0x70, 0x6E, 0x34, 0xF9,
    0x29, 0x27, 0x0B, 0x43, 0x22, 0x00, 0xAE, 0x4B, 0xF0, 0xD0, 0x41, 0x51, 0xAA, 0x97, 0x0D, 0x11,
    0x43, 0xAC, 0xD4, 0x6C, 0x5C, 0x85, 0x51, 0x97, 0xA0, 0xFF, 0xB9, 0x5B, 0xA2, 0x05, 0xF6, 0xAE,
    0x17, 0xD8, 0xB5, 0x60, 0x3C, 0x6E, 0xBB, 0xC8, 0x85, 0x28, 0x02, 0x3C, 0x7B, 0xB7, 0xD7, 0x44,
    0x61, 0x91, 0x79, 0x31, 0xC6, 0x0A, 0xBE, 0xE0, 0x7E, 0x14, 0xF0, 0x82, 0xDF, 0x8F, 0x2C, 0x2B,
    0x94, 0xC8, 0x56, 0xCC, 0x00, 0xA2, 0x95, 0x8C, 0x18, 0xA1, 0xF6, 0x97, 0x60, 0x34, 0x89, 0x61,
    0x08, 0x37, 0xC0, 0x05, 0x4C, 0xA4, 0x13, 0x73, 0xD3, 0xB3, 0x72, 0x9C, 0x18, 0x3B, 0x0B, 0x0A,
    0xF4, 0x85, 0xB4, 0x9F, 0x45, 0x6E, 0x9A, 0x33, 0xB0, 0x88, 0xC8, 0x1A, 0x88, 0x1F, 0x98, 0x61,
    0xF0, 0x22, 0x72, 0x41, 0xB0, 0x3C, 0x40, 0x9C, 0x3E, 0x17, 0x62, 0x78, 0x50, 0x62, 0x7E, 0x3B,
    0x6B, 0x10, 0x90, 0x1D, 0xD3, 0xED, 0xFB, 0x9A, 0xFA, 0xA3, 0x3C, 0x44, 0xE2, 0x47, 0x86, 0xC2,
    0x0C, 0x3F, 0x02, 0x50, 0xF3, 0xC9, 0x8F, 0xCA, 0x19, 0x4C, 0x8A, 0x1F, 0x65, 0xB4, 0x6A, 0x87,
    0x00, 0x2F, 0x31, 0xAD, 0x97, 0xA0, 0xC0, 0x9E, 0xA7, 0xA2, 0xE8, 0x4B, 0x31, 0x75, 0xFC, 0x53,
    0x76, 0xF1, 0x60, 0xD8, 0x0F, 0x3C, 0xD0, 0x63, 0x19, 0xF1, 0x28, 0x0E, 0xCE, 0xE2, 0x81, 0x62,
    0x5E, 0x8D, 0x14, 0x1A, 0x11, 0xE4, 0x60, 0x26, 0x71, 0x40, 0x1A, 0x0A, 0x18, 0x00, 0x07, 0x04,
    0x38, 0x78, 0x73, 0x9F, 0xD0, 0xBF, 0x90, 0x79, 0x6F, 0xC1, 0x01, 0xA1, 0x01, 0xC0, 0x9D, 0xA3,
    0xBB, 0x53, 0x0A, 0xAF, 0x5A, 0x74, 0x54, 0x10, 0x42, 0x92, 0x8E, 0x83, 0x0C, 0x10, 0x6B, 0x0B,
    0x83, 0x23, 0x0E, 0x10, 0xEA, 0x1A, 0x50, 0xD8, 0x14, 0xE9, 0xD2, 0x8D, 0x85, 0x7B, 0x5B, 0x21,
    0xBA, 0x0B, 0x0A, 0xE0, 0x91, 0x4F, 0xEB, 0xBA, 0x1F, 0x3E, 0x88, 0xF8, 0xF1, 0x9F, 0xC6, 0x30,
    0x28, 0x9F, 0x8E, 0xAD, 0x1F, 0xC0, 0x97, 0xAF, 0x43, 0xF0, 0x46, 0xDF, 0xDA, 0x73, 0x7C, 0x6C,
    0xD2, 0xAB, 0x78, 0x40, 0x72, 0xC1, 0x7A, 0x1C, 0x97, 0xE2, 0x10, 0x8D, 0xAC, 0x5B, 0xD2, 0xAD,
    0x61, 0x5D, 0x8E, 0x49, 0x86, 0x15, 0x94, 0x8F, 0xA0, 0x05, 0x4E, 0x5E, 0x4F, 0xA6, 0x9B, 0xE0,
    0x02, 0x47, 0xCE, 0xAE, 0xE9, 0x22, 0x78, 0xA1, 0xA1, 0x9F, 0xCC, 0xC2, 0x80, 0x11, 0x4F, 0x0E,
    0xC9, 0x22, 0x0E, 0x51, 0x8B, 0xBF, 0xB8, 0x7D, 0x14, 0x97, 0xE8, 0x82, 0x1C, 0x89, 0x91, 0x30,
    0xFB, 0x13, 0xFE, 0x37, 0x78, 0x27, 0xE9, 0x76, 0xF8, 0x40, 0x63, 0xBB, 0x3F, 0x5C, 0x18, 0x35,
    0x83, 0x7E, 0x06, 0x5A, 0x3A, 0x84, 0xAD, 0x45, 0x47, 0x1A, 0xFF, 0x42, 0xA8, 0x93, 0x5B, 0x2D,
    0x52, 0x92, 0x1A, 0xB7, 0xBD, 0x08, 0x26, 0x8F, 0x6A, 0xAE, 0x41, 0xB3, 0xD4, 0x5B, 0x15, 0xF8,
    0xEA, 0x08, 0x5A, 0x21, 0x78, 0xC1, 0xEC, 0xEB, 0xF9, 0x48, 0x94, 0x83, 0x6E, 0x2F, 0xF4, 0xF7,
    0xE2, 0x18, 0xEA, 0x92, 0x7C, 0xF3, 0x9F, 0xE1, 0xA8, 0x70, 0xF7, 0xFF, 0x21, 0xF8, 0x52, 0xF0,
    0xF1, 0x8F, 0x49, 0x25, 0xA1, 0x16, 0xAD, 0xA5, 0x28, 0xCE, 0x3C, 0xCF, 0x65, 0xD2, 0x64, 0x66,
    0xD4, 0x67, 0xFE, 0x3F, 0x61, 0x7E, 0xC4, 0x0C, 0x39, 0x86, 0x4F, 0x33, 0x16, 0x56, 0x3F, 0x43,
    0xF3, 0x9F, 0x8F, 0x2D, 0x56, 0x35, 0xA7, 0x7C, 0xA3, 0x54, 0x04, 0x60, 0x28, 0x3E, 0x92, 0x7E,
    0xF2, 0xE6, 0x7D, 0x3C, 0x76, 0xD5, 0xE1, 0xFD, 0xAF, 0xB0, 0x30, 0x50, 0x20, 0x0A, 0xBE, 0x07,
    0x7C, 0x39, 0x20, 0x90, 0x6E, 0xE0, 0xCB, 0xE1, 0xBC, 0x0A, 0x4A, 0x09, 0x92, 0x1E, 0xB9, 0x54,
    0x70, 0x31, 0xFF, 0x35, 0x2E, 0xD4, 0x8A, 0xE9, 0x17, 0x85, 0x2E, 0xCC, 0x25, 0x42, 0x27, 0x0F,
    0x11, 0x6A, 0x31, 0x41, 0x5A, 0xE0, 0xED, 0x83, 0xBD, 0xB8, 0x14, 0x2B, 0x38, 0xAA, 0x25, 0x65,
    0xEE, 0x08, 0x6E, 0x00, 0x88, 0x9B, 0xCB, 0x1E, 0xA1, 0x1B, 0xDD, 0x3E, 0x78, 0x80, 0xD9, 0x95,
    0xC2, 0xFD, 0x96, 0x67, 0x39, 0xF5, 0xB8, 0xE2, 0xF5, 0xC8, 0x6E, 0xE0, 0x01, 0xBF, 0x3E, 0x29,
    0x31, 0xD2, 0xF1, 0xF8, 0x97, 0x6F, 0x39, 0xFC, 0x02, 0x29, 0xAC, 0x3A, 0xF9, 0x18, 0x1D, 0x3E,
    0x90, 0x4B, 0x31, 0xED, 0x71, 0xA4, 0x6A, 0x04, 0xC0, 0x44, 0x66, 0xDE, 0xDD, 0xA3, 0x9A, 0x83,
    0x65, 0xCB, 0x56, 0x88, 0x9A, 0xBF, 0xFB, 0x78, 0x67, 0xD0, 0x62, 0x15, 0x1D, 0x29, 0x68, 0xCF,
    0xFC, 0xB4, 0xBE, 0xC2, 0xFA, 0x4C, 0xB3, 0x6A, 0x26, 0x5A, 0x14, 0x33, 0xD0, 0xE2, 0xCA, 0x5C,
    0x60, 0xA0, 0x36, 0xAA, 0x52, 0xA6, 0x4A, 0xB2, 0xA8, 0xE4, 0xBA, 0x03, 0x27, 0x9F, 0x96, 0xAE,
    0x1E, 0xEA, 0x5F, 0x6E, 0xE2, 0xCA, 0x80, 0xFB, 0xE2, 0xE6, 0x73, 0x35, 0xE7, 0x85, 0x3B, 0x5C,
    0xA8, 0x1A, 0x84, 0x48, 0x51, 0x6A, 0x63, 0x94, 0x84, 0x3E, 0x8B, 0x0A, 0xE6, 0x17, 0x11, 0x63,
    0x6A, 0xA6, 0x00, 0x74, 0x8D, 0xAF, 0x25, 0x81, 0x3A, 0x2E, 0x8F, 0x91, 0x32, 0x1E, 0x23, 0xEB,
    0xD6, 0x04, 0x45, 0x7C, 0xFC, 0x22, 0xAE, 0xCC, 0x18, 0x6C, 0xFA, 0x18, 0x5C, 0x19, 0xFE, 0x2D,
    0x59, 0x74, 0x8C, 0xDF, 0xC4, 0xA0, 0x8F, 0x79, 0x70, 0x65, 0xB2, 0xC8, 0x95, 0xC9, 0x4F, 0xBA,
    0x32, 0x69, 0xE4, 0xCA, 0x9C, 0xF4, 0x6A, 0x8A, 0xE0, 0xCA, 0x54, 0xC1, 0x95, 0xD1, 0xC8, 0xFD,
    0x5A, 0x57, 0xC6, 0xEB, 0x45, 0x74, 0x19, 0x79, 0xC6, 0xC3, 0x5D, 0x09, 0x04, 0xDF, 0x75, 0x58,
    0x2A, 0x85, 0x9F, 0x0F, 0xDD, 0xC6, 0xBC, 0xE4, 0xBA, 0x96, 0x7C, 0xE7, 0x92, 0x52, 0xB1, 0xB7,
    0x81, 0xE5, 0x38, 0xCA, 0x68, 0x21, 0xBA, 0x21, 0xC0, 0x51, 0x89, 0x93, 0x51, 0x6E, 0xDD, 0x7B,
    0x03, 0x66, 0xEE, 0x73, 0x78, 0xF3, 0x08, 0x2F, 0x37, 0xED, 0x92, 0x52, 0xB4, 0x8E, 0x19, 0x11,
    0x58, 0xEB, 0xBA, 0x41, 0x19, 0xAA, 0x90, 0x3B, 0x52, 0x4C, 0x39, 0xC1, 0x27, 0x37, 0x06, 0x97,
    0xFC, 0x43, 0xD4, 0x36, 0xFF, 0x05, 0xDE, 0xF3, 0x0F, 0xE4, 0x83, 0xD4, 0x4B, 0x39, 0x50, 0x8E,
    0x2C, 0x75, 0xAF, 0xCB, 0xB4, 0xEA, 0x47, 0x3A, 0x3F, 0xE7, 0x5B, 0x54, 0x86, 0xCB, 0xEE, 0x0C,
    0x61, 0xF0, 0x1C, 0x8C, 0xEC, 0xFD, 0x0C, 0x13, 0x18, 0xD9, 0xDC, 0x7D, 0xE8, 0x19, 0x39, 0xA3,
    0x8C, 0x23, 0x2E, 0x23, 0x65, 0x2C, 0x06, 0xF5, 0x2F, 0xCA, 0xB1, 0xF2, 0xDE, 0x45, 0x39, 0x64,
    0xEA, 0x5B, 0x80, 0x0C, 0x26, 0x8B, 0x7A, 0x16, 0xE5, 0xA0, 0xB1, 0x49, 0x79, 0x78, 0xB1, 0x31,
    0xCA, 0xC8, 0x53, 0xA8, 0x6C, 0x13, 0xF3, 0x9E, 0x47, 0x3D, 0x20, 0x4B, 0xF0, 0x27, 0x7C, 0x4F,
    0x08, 0xCC, 0x29, 0xD3, 0x15, 0x2B, 0x1F, 0x63, 0x39, 0x2C, 0xF2, 0x24, 0x02, 0xF3, 0x06, 0x6D,
    0x75, 0x2B, 0x8E, 0x6C, 0xE3, 0x2E, 0xB2, 0x1F, 0x31, 0x22, 0xAF, 0x62, 0x33, 0xD7, 0x46, 0xE4,
    0xEB, 0x98, 0x8D, 0xDF, 0xCE, 0x44, 0x11, 0x0D, 0xED, 0x4A, 0x70, 0xB4, 0x4D, 0x35, 0xB6, 0x8C,
    0xC6, 0x05, 0x70, 0x51, 0xCB, 0x60, 0x60, 0xDD, 0xA7, 0x65, 0x2C, 0x5A, 0x22, 0x39, 0x54, 0x6D,
    0xE8, 0x05, 0x14, 0xAA, 0x02, 0x2A, 0x3E, 0x54, 0x6D, 0x87, 0x56, 0x74, 0x71, 0xE1, 0xC8, 0x9E,
    0x51, 0x02, 0x08, 0xFB, 0xA6, 0x08, 0x85, 0x1C, 0xD9, 0x40, 0xE7, 0xD1, 0x28, 0x89, 0x7A, 0xAB,
    0xF5, 0x59, 0xD2, 0xA6, 0x0D, 0x36, 0xBB, 0x0D, 0x71, 0x59, 0x68, 0x07, 0x0B, 0x66, 0x0A, 0xD4,
    0x60, 0xE4, 0x8B, 0x9E, 0xCC, 0xF7, 0xB9, 0xD3, 0xA1, 0x6A, 0xC4, 0x18, 0x11, 0x5F, 0x30, 0x5B,
    0xB0, 0x2A, 0x27, 0x1C, 0x84, 0xA4, 0x1C, 0x07, 0xE8, 0x57, 0x71, 0x82, 0x80, 0xAC, 0x8F, 0x8C,
    0x43, 0x39, 0xA4, 0x4E, 0x43, 0xD5, 0xA1, 0x72, 0x12, 0xAA, 0x96, 0x43, 0xFF, 0x40, 0x3C, 0xCD,
    0xF2, 0x5D, 0xA7, 0x8E, 0x7A, 0xF9, 0xDE, 0x31, 0x17, 0x3F, 0xBD, 0x24, 0x99, 0xE7, 0xB5, 0xDD,
    0x7C, 0xEE, 0x19, 0x75, 0x94, 0x90, 0x9C, 0xA7, 0xE6, 0x9F, 0x26, 0x4E, 0x4E, 0x07, 0xAF, 0xD1,
    0x44, 0xD9, 0x8E, 0xC8, 0x7B, 0x8C, 0x9C, 0xC5, 0x2C, 0x6A, 0x40, 0x3A, 0x5E, 0xC1, 0xA1, 0xA9,
    0xA7, 0x4C, 0x70, 0x68, 0x1C, 0x92, 0x67, 0xCC, 0x25, 0x3F, 0xCD, 0x9E, 0xDC, 0x23, 0x1C, 0x32,
    0xCA, 0xF0, 0x13, 0x0E, 0xF0, 0x44, 0xC6, 0x47, 0x1C, 0xD2, 0x19, 0x82, 0x48, 0x71, 0x06, 0x37,
    0x2A, 0x31, 0x90, 0x63, 0x63, 0xDD, 0xC7, 0x22, 0x19, 0xA6, 0xC7, 0xA2, 0x14, 0xAB, 0x38, 0x47,
    0x75, 0x04, 0xC4, 0xA1, 0xE5, 0x92, 0x05, 0xE2, 0xD0, 0x0E, 0x46, 0xE3, 0x15, 0x1B, 0x94, 0x59,
    0x4D, 0x35, 0x2E, 0x59, 0x4A, 0x1F, 0xC4, 0x80, 0xDF, 0xE3, 0xC9, 0xC4, 0xFD, 0xD8, 0xCF, 0xAD,
    0xFE, 0xD4, 0x93, 0xF9, 0xD3, 0x30, 0x63, 0x17, 0xC8, 0x36, 0x90, 0x55, 0x20, 0xCB, 0x40, 0x42,
    0x14, 0x7D, 0x13, 0x3F, 0xA8, 0xBD, 0xF3, 0x38, 0x08, 0xC9, 0x6E, 0x1E, 0x92, 0xE2, 0xE3, 0xD1,
    0x6F, 0x09, 0x87, 0xFE, 0x5E, 0x36, 0xA9, 0x43, 0xBC, 0x29, 0x0E, 0x15, 0x68, 0x55, 0xC1, 0xC1,
    0x1E, 0xE8, 0xAB, 0xB3, 0x53, 0x47, 0xED, 0x69, 0xEC, 0xD1, 0x99, 0x7E, 0xF2, 0x05, 0x22, 0x95,
    0x75, 0x30, 0xDB, 0xDA, 0xCD, 0x50, 0x07, 0xA0, 0xCA, 0x50, 0x84, 0xC9, 0xA2, 0x1A, 0xCC, 0x9D,
    0xDD, 0xCA, 0x7F, 0x1E, 0x72, 0x88, 0x0B, 0x9A, 0xD4, 0x87, 0x80, 0xEB, 0xC6, 0x90, 0x34, 0x2D,
    0xBA, 0x26, 0x13, 0xDA, 0x83, 0x0F, 0xC0, 0x5F, 0x01, 0x10, 0xC8, 0x65, 0x01, 0x67, 0x0D, 0x26,
    0x94, 0x62, 0x7E, 0x12, 0xB4, 0xF8, 0x03, 0x44, 0x67, 0x41, 0x51, 0x2B, 0x60, 0x2D, 0xF2, 0x7F,
    0x76, 0x1D, 0xBC, 0xA0, 0x26, 0x2E, 0xA9, 0x27, 0xE4, 0xAE, 0x1E, 0x21, 0x41, 0xC5, 0xF5, 0xEE,
    0x8A, 0x6C, 0x04, 0x2C, 0x72, 0x04, 0x61, 0xE0, 0x9A, 0x7C, 0x8B, 0x16, 0x5E, 0xB9, 0xA4, 0x70,
    0xF4, 0xCD, 0xD0, 0x8D, 0x93, 0x69, 0x52, 0x98, 0x30, 0xF9, 0xEF, 0x6B, 0x87, 0x80, 0x83, 0xF9,
    0xC2, 0x33, 0xBE, 0x89, 0x8C, 0x55, 0xC5, 0x16, 0x28, 0xCF, 0x18, 0x6B, 0x30, 0x1F, 0xCC, 0x16,
    0x7F, 0xA1, 0x5A, 0x02, 0x8D, 0x99, 0x30, 0x85, 0x0F, 0x4B, 0xCD, 0x5A, 0xB1, 0x8A, 0x98, 0x0D,
    0xE6, 0xF7, 0x58, 0x53, 0xAE, 0xE8, 0x81, 0x52, 0xDD, 0x66, 0x45, 0x67, 0x0D, 0x0B, 0xC5, 0xCD,
    0x8A, 0x82, 0x0E, 0xCE, 0x6B, 0x3D, 0xAC, 0x22, 0xFD, 0xED, 0xC0, 0xB9, 0x64, 0x34, 0x7A, 0x2B,
    0xF7, 0x4E, 0x5A, 0xF8, 0x14, 0xEE, 0x96, 0xE8, 0x3B, 0xA0, 0x66, 0x09, 0x6E, 0xC4, 0xE7, 0xB1,
    0x9B, 0x52, 0x85, 0x1B, 0xD5, 0x0F, 0xBA, 0xBD, 0xFA, 0x96, 0xAA, 0x50, 0x45, 0xA9, 0x3C, 0x15,
    0x8A, 0x2F, 0xD4, 0x5C, 0xD7, 0xC7, 0xBE, 0xCF, 0xC0, 0x8E, 0xEA, 0x20, 0x3E, 0x65, 0xC6, 0x1E,
    0x26, 0xF9, 0x00, 0x03, 0x7B, 0x00, 0x03, 0xDB, 0xFF, 0x41, 0xAC, 0x3F, 0xDB, 0xFE, 0x81, 0x2D,
    0xFF, 0xC0, 0x76, 0x7F, 0x20, 0xCF, 0x99, 0xDC, 0xD5, 0x03, 0xBD, 0x9D, 0x9C, 0x3C, 0xB6, 0xF7,
    0x83, 0x58, 0xFB, 0xC8, 0xD6, 0x8B, 0xA5, 0x17, 0x3B, 0x9F, 0xB0, 0xB3, 0x92, 0xF2, 0xA3, 0xA6,
    0x47, 0xE6, 0xE8, 0x25, 0x76, 0x2D, 0x29, 0xDF, 0x7D, 0xA0, 0xB7, 0x3B, 0xF6, 0xC1, 0x7B, 0x56,
    0xDA, 0xB7, 0xDD, 0xDB, 0xFC, 0x61, 0xFC, 0x29, 0xDA, 0x6B, 0x2A, 0x9E, 0xC2, 0x8B, 0x5D, 0xEC,
    0x25, 0xCC, 0x31, 0x1D, 0x79, 0x09, 0xC7, 0x53, 0x5E, 0x82, 0x09, 0xEE, 0xEE, 0x77, 0xB1, 0x21,
    0x45, 0xDC, 0xDD, 0x1E, 0x55, 0x8B, 0x78, 0x09, 0x17, 0x18, 0x5B, 0x89, 0x97, 0xB0, 0x61, 0x73,
    0x93, 0xB8, 0xBB, 0x7D, 0xB2, 0xAE, 0xEA, 0xEE, 0x5A, 0x37, 0x5F, 0xA8, 0xBB, 0x5B, 0xBB, 0xD1,
    0xAA, 0xCB, 0x97, 0xFA, 0x96, 0x19, 0xE2, 0xC7, 0x90, 0xAD, 0x0B, 0x19, 0xBA, 0x2D, 0x6A, 0x8E,
    0x06, 0xF7, 0xC9, 0xBB, 0xBB, 0xA0, 0x23, 0xBC, 0xBB, 0x0B, 0x0E, 0x67, 0x75, 0xF4, 0xE6, 0x30,
    0x72, 0x77, 0x6D, 0xE4, 0xEE, 0xA6, 0xFD, 0x43, 0xCF, 0xE8, 0xCA, 0xE6, 0x5B, 0x1B, 0x58, 0xBC,
    0x38, 0x62, 0xBB, 0x07, 0xCD, 0xFB, 0x42, 0xD8, 0xFB, 0x42, 0x98, 0xFB, 0x42, 0x58, 0xFB, 0x42,
    0x18, 0xFB, 0x42, 0xD8, 0xFA, 0x82, 0xE6, 0x47, 0x4F, 0x0A, 0x31, 0x2E, 0xF0, 0xCF, 0xFF, 0xCD,
    0x22, 0xEE, 0xF9, 0x39, 0x3F, 0xF3, 0x8D, 0x9F, 0xB5, 0xB8, 0xF6, 0xAD, 0x5B, 0xE8, 0xD9, 0x27,
    0x9C, 0xB5, 0xBC, 0x90, 0x20, 0xAC, 0x6D, 0x38, 0x5F, 0x66, 0x0F, 0xDC, 0xEB, 0x06, 0x0B, 0x4B,
    0xCF, 0xB4, 0x81, 0x97, 0xF4, 0x97, 0x35, 0xF7, 0xD4, 0xAA, 0x15, 0x17, 0x66, 0xED, 0x95, 0x5D,
    0x17, 0x61, 0x58, 0x32, 0x82, 0xC8, 0xB2, 0x04, 0x2D, 0x32, 0x2D, 0x11, 0xC8, 0xB6, 0x48, 0x10,
    0xE3, 0x22, 0x41, 0xAC, 0x8B, 0xBA, 0x9B, 0x98, 0x17, 0xDE, 0xC5, 0xEC, 0x8B, 0xF5, 0x37, 0x66,
    0xE0, 0x45, 0x59, 0x78, 0x51, 0x26, 0x56, 0xA7, 0xD5, 0x2C, 0xCA, 0xC8, 0x8B, 0xB2, 0xF2, 0x22,
    0xCC, 0xCC, 0x9E, 0x1D, 0x38, 0xAD, 0xE2, 0xD6, 0xD9, 0x41, 0xF4, 0x7C, 0xF5, 0xAE, 0x3A, 0x74,
    0xDA, 0xFB, 0x64, 0xD2, 0x51, 0x17, 0x46, 0xD6, 0x45, 0x96, 0x65, 0xA5, 0x44, 0xF3, 0x05, 0xB3,
    0xF5, 0x05, 0xE7, 0xA8, 0x2F, 0xB8, 0xDF, 0x96, 0x91, 0x9C, 0x2E, 0xE8, 0x63, 0x56, 0x7C, 0x80,
    0xB3, 0xB7, 0x91, 0xE0, 0x60, 0x5B, 0x10, 0x38, 0xFA, 0x18, 0x0B, 0x40, 0x48, 0x84, 0x18, 0xE2,
    0x6F, 0x2E, 0x30, 0xE5, 0x82, 0x2B, 0x4C, 0xAD, 0x89, 0xD8, 0xF3, 0x43, 0x95, 0x23, 0x98, 0x77,
    0xB1, 0xA0, 0xFF, 0x67, 0x70, 0x35, 0x28, 0x45, 0xB6, 0x11, 0x2F, 0x16, 0xD4, 0x8D, 0x73, 0xF7,
    0xD7, 0x1B, 0x65, 0x07, 0xB6, 0x0B, 0x0A, 0x9D, 0x50, 0xDD, 0xDD, 0x72, 0xF7, 0x4E, 0xF7, 0xFC,
    0xFC, 0x45, 0x2C, 0x64, 0x4B, 0x4C, 0x47, 0x42, 0x36, 0x07, 0x21, 0x5B, 0x22, 0x21, 0x5B, 0xBC,
    0x95, 0xF5, 0x15, 0x02, 0xD3, 0x8F, 0xC5, 0x28, 0x25, 0x02, 0x30, 0xAE, 0x76, 0x13, 0xC7, 0xAB,
    0xE2, 0xFA, 0x37, 0x0B, 0xD9, 0x60, 0x97, 0x52, 0x5C, 0x71, 0x0B, 0xD6, 0x33, 0x13, 0x57, 0x1C,
    0x7D, 0x55, 0xAD, 0x13, 0x58, 0xDC, 0x49, 0xB0, 0x84, 0x3E, 0x3D, 0xA5, 0x69, 0x39, 0x16, 0xEF,
    0x95, 0x85, 0xBA, 0xAB, 0x8B, 0x5C, 0xF4, 0x1F, 0xED, 0x7B, 0xB5, 0xBF, 0x0C, 0x5D, 0xEE, 0xF3,
    0x78, 0x8C, 0x4F, 0x57, 0xAC, 0x3E, 0x59, 0x07, 0x1C, 0xFD, 0xB6, 0x46, 0x9E, 0x4B, 0x08, 0x3D,
    0x81, 0x85, 0x29, 0x5B, 0x40, 0x58, 0x81, 0xD0, 0x3B, 0x2D, 0x25, 0x54, 0x23, 0xE5, 0x20, 0x09,
    0xAB, 0x8A, 0x02, 0x42, 0xF1, 0xCD, 0x26, 0xD2, 0xDD, 0x88, 0x55, 0xE2, 0xC8, 0xDC, 0x30, 0x56,
    0x8B, 0x23, 0xF5, 0x4D, 0x58, 0x4D, 0x96, 0x68, 0xC4, 0xEA, 0x7B, 0xCD, 0x2D, 0xA2, 0x53, 0x49,
    0xFB, 0xC6, 0x69, 0xC5, 0x7F, 0x2D, 0xFA, 0xB9, 0xEB, 0x4C, 0x76, 0x0E, 0x75, 0x26, 0xDC, 0x17,
    0xC1, 0xD0, 0x24, 0xFD, 0xEC, 0xB9, 0x28, 0xA7, 0x8E, 0x31, 0xCE, 0xC6, 0xF5, 0xA3, 0xF0, 0x10,
    0x06, 0x29, 0xC2, 0x42, 0xA6, 0x5D, 0x9D, 0x70, 0x10, 0x48, 0x6D, 0xAD, 0xF5, 0x15, 0x2E, 0x85,
    0x10, 0xFF, 0x0C, 0x3E, 0x4A, 0xAB, 0xD7, 0xC0, 0x31, 0x6E, 0x54, 0xF2, 0x56, 0xBF, 0xF9, 0x75,
    0x4E, 0xB1, 0x7E, 0xA5, 0x0A, 0xFA, 0xB8, 0x84, 0xE6, 0xDD, 0xC0, 0x08, 0xED, 0xF3, 0xD6, 0x99,
    0x9E, 0x5D, 0x6D, 0x60, 0xE6, 0xC0, 0x84, 0x8A, 0xD6, 0x99, 0x7A, 0x31, 0xDA, 0x8C, 0xC0, 0x48,
    0x49, 0x21, 0x86, 0x60, 0xAA, 0x5F, 0x57, 0xE6, 0x48, 0x66, 0x34, 0xA6, 0x92, 0x8F, 0x7C, 0x82,
    0x91, 0x9B, 0x84, 0x72, 0xFD, 0xD4, 0x0F, 0x9A, 0x57, 0x6B, 0x0F, 0xF5, 0xA0, 0x75, 0x47, 0xDB,
    0x05, 0xE6, 0xB0, 0x7E, 0x91, 0x5E, 0x31, 0x9B, 0xA7, 0xB1, 0xB5, 0x4E, 0x69, 0x74, 0x03, 0x95,
    0x2E, 0xC4, 0xFC, 0x6B, 0xAF, 0xE1, 0x97, 0x64, 0x0E, 0x8F, 0xC3, 0x1A, 0xA8, 0xB3, 0x3D, 0x37,
    0x50, 0xF8, 0xC7, 0x82, 0x62, 0x1F, 0x8B, 0xDD, 0x4E, 0x30, 0xFD, 0x21, 0xD5, 0x26, 0xDA, 0xE9,
    0x83, 0x61, 0xDC, 0x08, 0x4E, 0x10, 0x2B, 0x13, 0xB4, 0x1B, 0xEC, 0xB4, 0x53, 0x86, 0x90, 0x62,
    0x38, 0x4A, 0x1A, 0xF2, 0xEC, 0x91, 0x12, 0xC1, 0xB0, 0xCD, 0x95, 0x6C, 0x68, 0xAA, 0x6E, 0xD8,
    0xCF, 0xFB, 0xD9, 0xDB, 0xDB, 0x83, 0x22, 0xE1, 0x13, 0x30, 0xED, 0x1A, 0x42, 0xD5, 0xC3, 0xD5,
    0xB5, 0x4F, 0x7C, 0x17, 0x47, 0x08, 0xFB, 0xE3, 0xED, 0x10, 0xC7, 0x53, 0x42, 0xF1, 0x6F, 0x3B,
    0x69, 0x77, 0xC3, 0x4F, 0x12, 0x75, 0x3F, 0xE4, 0x51, 0xCD, 0x2A, 0x6A, 0xBE, 0xDA, 0xFD, 0x9E,
    0x5E, 0xFF, 0x6F, 0x2F, 0x11, 0xF8, 0x9C, 0xCD, 0x55, 0x51, 0x0F, 0x55, 0xE6, 0x4E, 0xEE, 0x47,
    0x78, 0xE3, 0x39, 0xF4, 0xF5, 0x7C, 0x55, 0x5F, 0x37, 0xDE, 0xEC, 0xF7, 0x93, 0xD7, 0xD7, 0xC5,
    0x62, 0xBC, 0xBE, 0x76, 0x26, 0xE8, 0x6B, 0x13, 0xF4, 0xB5, 0x09, 0xFA, 0xDA, 0x04, 0x7D, 0x6D,
    0x82, 0xBE, 0x36, 0xCF, 0xD6, 0xD7, 0xEE, 0x26, 0x7D, 0xFD, 0xAD, 0x6C, 0x0D, 0x39, 0xBA, 0x36,
    0xF8, 0x05, 0x2A, 0xB3, 0xBA, 0xEF, 0x87, 0x5E, 0x8B, 0xFC, 0xDB, 0xBB, 0x5D, 0xBA, 0x5F, 0xF2,
    0xFD, 0x5C, 0xE3, 0xE5, 0x86, 0x38, 0x58, 0x46, 0xD2, 0x67, 0xA0, 0xE7, 0x31, 0xD6, 0xC3, 0xAD,
    0x00, 0x05, 0xEA, 0x25, 0x88, 0xED, 0xB0, 0xA4, 0x76, 0xAC, 0xEF, 0xE3, 0xDE, 0x3A, 0x50, 0x56,
    0x05, 0xD5, 0x42, 0xDB, 0x35, 0x25, 0xFD, 0x53, 0x60, 0x12, 0xAF, 0x91, 0x4A, 0xEC, 0x2C, 0xDE,
    0xBD, 0x23, 0xF5, 0xF2, 0xD7, 0x63, 0x4F, 0x8A, 0xBF, 0x18, 0x31, 0x14, 0xE1, 0x56, 0x21, 0x04,
    0xA0, 0xE0, 0xB2, 0xE7, 0x4A, 0x63, 0x98, 0xEC, 0x5F, 0x8D, 0x94, 0x6B, 0xA8, 0x9E, 0x7E, 0x44,
    0xCB, 0x9F, 0xB8, 0x8F, 0x58, 0x98, 0xB4, 0x44, 0xA6, 0x85, 0x62, 0x6C, 0x02, 0xEF, 0xAF, 0xAE,
    0xE1, 0xD2, 0xFA, 0x15, 0xD4, 0xD9, 0x2C, 0x7E, 0x3E, 0x8B, 0x9F, 0xD1, 0xE2, 0xE7, 0xB4, 0xF8,
    0x59, 0xE1, 0x86, 0xCA, 0xFA, 0x27, 0x38, 0xAF, 0xC5, 0xCF, 0x6C, 0xE1, 0xB9, 0xB9, 0x5F, 0x20,
    0x55, 0x1C, 0x5F, 0xBC, 0xFF, 0x3B, 0xD9, 0x46, 0x06, 0xDE, 0xF9, 0xA6, 0x54, 0xE9, 0x84, 0x1A,
    0xED, 0x7D, 0xEE, 0xDB, 0x80, 0xF7, 0x96, 0x4C, 0x65, 0x6E, 0x11, 0x0A, 0xCD, 0x94, 0xEF, 0xEA,
    0x68, 0x75, 0x49, 0x6F, 0xAF, 0x42, 0x21, 0xDB, 0x2C, 0xBE, 0x9F, 0x4D, 0x29, 0xBF, 0x69, 0xAD,
    0x0D, 0x2B, 0xDF, 0xCE, 0xBE, 0xEB, 0x21, 0xD8, 0xE9, 0x60, 0xA6, 0xCB, 0x60, 0xC6, 0x97, 0x13,
    0xBB, 0x6D, 0xD4, 0xD1, 0xEB, 0xA5, 0x31, 0xB3, 0xC5, 0xCE, 0x3F, 0x19, 0x60, 0x43, 0x88, 0x22,
    0x38, 0x83, 0xE3, 0x3A, 0x79, 0x10, 0xED, 0xC0, 0xBD, 0x27, 0x84, 0xA3, 0xA3, 0x2F, 0xC6, 0x50,
    0xBE, 0xBF, 0x5D, 0x50, 0x53, 0x3C, 0xA1, 0xF9, 0x01, 0x96, 0x6C, 0x3D, 0xA0, 0x10, 0xA2, 0x66,
    0x1E, 0xD3, 0xEF, 0x66, 0x4B, 0x12, 0x60, 0x35, 0x8B, 0x47, 0xD6, 0xC8, 0x00, 0x58, 0xA7, 0x3E,
    0xD2, 0x77, 0x0E, 0xDF, 0xBA, 0x38, 0x46, 0x83, 0x7E, 0x0C, 0x83, 0x8C, 0x97, 0x26, 0x08, 0x7C,
    0x78, 0xD9, 0x2F, 0x2E, 0xED, 0x6A, 0xFB, 0x6A, 0x07, 0x3B, 0x9B, 0xB6, 0x6F, 0x16, 0xF0, 0x11,
    0x1E, 0x0D, 0x04, 0xB7, 0x56, 0x22, 0x65, 0xC2, 0x6D, 0xD3, 0x01, 0xB2, 0xE0, 0xC2, 0x03, 0xE6,
    0xC2, 0x55, 0xD2, 0x75, 0x84, 0x5B, 0x6F, 0xBE, 0x83, 0x59, 0x3A, 0xC6, 0xCD, 0x7E, 0x82, 0x19,
    0x5A, 0xC1, 0xAD, 0x70, 0x2B, 0x45, 0x80, 0x8C, 0x5B, 0x4B, 0x12, 0xC3, 0xB8, 0xA5, 0x2E, 0xCA,
    0x10, 0x95, 0x73, 0x34, 0xB0, 0x87, 0x68, 0x50, 0x3F, 0x8E, 0x5F, 0xE6, 0xA2, 0xFE, 0xEA, 0x5B,
    0x6E, 0x8B, 0x52, 0x4C, 0x29, 0x65, 0x04, 0xBD, 0xED, 0xFF, 0x74, 0x8A, 0xDB, 0x55, 0xE3, 0x4C,
    0x54, 0x1B, 0x0F, 0xCA, 0x78, 0x80, 0x3D, 0x2B, 0xC2, 0x62, 0x1D, 0xED, 0x20, 0xE6, 0x41, 0x3E,
    0xE5, 0x5A, 0xC1, 0x71, 0x73, 0xB6, 0x94, 0xDC, 0x11, 0x8D, 0x50, 0x25, 0x8E, 0x3A, 0x2B, 0x45,
    0x54, 0x5B, 0xC7, 0x1B, 0x80, 0x48, 0x5A, 0x01, 0x96, 0x5E, 0xA1, 0xFA, 0x45, 0x4A, 0xDB, 0xAA,
    0x08, 0xAA, 0x0F, 0x8E, 0xF0, 0xB1, 0x47, 0x81, 0xEA, 0x97, 0x8B, 0x39, 0xEB, 0x3B, 0x85, 0x0A,
    0x06, 0x98, 0x47, 0x61, 0xA8, 0x56, 0x18, 0x80, 0xAF, 0xC2, 0x50, 0xF5, 0x30, 0xF0, 0x8D, 0xCF,
    0xD6, 0xD8, 0x6C, 0x9B, 0x7D, 0x3F, 0xB5, 0x75, 0xBE, 0xD9, 0xAA, 0x3C, 0x54, 0x41, 0xE4, 0x8A,
    0x29, 0x7D, 0xEC, 0x19, 0x21, 0x8B, 0x8B, 0x22, 0xDC, 0x65, 0x11, 0x75, 0x4E, 0x57, 0x11, 0xBE,
    0x91, 0x05, 0x4B, 0xE3, 0x8A, 0x35, 0x68, 0xC7, 0x71, 0xC7, 0x48, 0x31, 0x1D, 0xB1, 0x91, 0x2A,
    0x64, 0xE9, 0x51, 0x26, 0x64, 0xA4, 0x85, 0x80, 0x80, 0xA9, 0x69, 0x1A, 0x8C, 0x0B, 0x25, 0x25,
    0x84, 0x83, 0x6A, 0xAC, 0xB0, 0x0B, 0x03, 0xD5, 0x6F, 0x3B, 0x6C, 0x4A, 0x25, 0x50, 0xEA, 0xAE,
    0xC7, 0x1D, 0xF8, 0x84, 0x09, 0x7C, 0x66, 0x79, 0x10, 0x48, 0x98, 0xF6, 0xDD, 0xF2, 0x3B, 0x7A,
    0x08, 0x74, 0x15, 0xD1, 0xB6, 0x0B, 0xB4, 0x77, 0x30, 0xAB, 0x21, 0x5D, 0x83, 0x0B, 0x5C, 0xC6,
    0x5B, 0xC6, 0x42, 0x1F, 0x64, 0x8C, 0x43, 0x94, 0xE2, 0x91, 0x4E, 0xFA, 0xFD, 0xA8, 0xDD, 0x8D,
    0x14, 0x8D, 0x21, 0x54, 0x10, 0x00, 0x8F, 0x39, 0x2C, 0x0B, 0xCC, 0xDC, 0x71, 0x6F, 0x8E, 0x60,
    0xD2, 0x92, 0x19, 0x50, 0x54, 0x5E, 0x65, 0x44, 0x05, 0x17, 0x30, 0xE7, 0x6D, 0xA3, 0xEC, 0x82,
    0x23, 0xFC, 0x5C, 0xC5, 0x86, 0x1B, 0x67, 0x04, 0x9D, 0xA1, 0x0A, 0x8D, 0x33, 0x38, 0x97, 0x21,
    0x8C, 0xB0, 0xB3, 0x3E, 0xDA, 0x58, 0x0E, 0x7C, 0x6E, 0xE3, 0x9E, 0x97, 0x7D, 0x81, 0xA7, 0x58,
    0x23, 0x77, 0xE4, 0x6F, 0x5D, 0x2C, 0x6E, 0x71, 0xDF, 0x12, 0x7C, 0xA5, 0x2D, 0x6E, 0x84, 0xBE,
    0xEB, 0x76, 0xDE, 0x4F, 0xBD, 0xAB, 0xA4, 0x45, 0xDE, 0xFA, 0x55, 0x95, 0x6F, 0xBE, 0xBD, 0xC7,
    0x73, 0x1F, 0x9E, 0x45, 0x19, 0x54, 0xE6, 0x36, 0xC6, 0x4E, 0x5C, 0x80, 0x4C, 0x8B, 0x77, 0xE2,
    0x0A, 0x54, 0x47, 0x71, 0xD7, 0x10, 0xE7, 0x5F, 0xFD, 0x02, 0x13, 0x44, 0x81, 0xFB, 0x3E, 0xC0,
    0x58, 0x86, 0x34, 0x3B, 0x63, 0xFD, 0xFE, 0xC2, 0x4E, 0xCF, 0xA0, 0x68, 0xA3, 0xF2, 0xFF, 0xD6,
    0x8B, 0x6E, 0x54, 0xBC, 0xD7, 0x04, 0xCC, 0x4E, 0x87, 0x8C, 0xC6, 0x88, 0x83, 0x3D, 0xCC, 0xA9,
    0x67, 0x40, 0x30, 0xB7, 0x0D, 0x3A, 0xD4, 0x75, 0x88, 0x34, 0x40, 0x34, 0xFF, 0x61, 0x0C, 0x31,
    0x4D, 0x79, 0x28, 0x1E, 0xE7, 0xA3, 0xDD, 0x95, 0x98, 0xE2, 0x31, 0xCA, 0x68, 0x19, 0x8D, 0x71,
    0x21, 0xAA, 0x21, 0x6E, 0x12, 0x05, 0x01, 0x8C, 0xB6, 0xD0, 0x90, 0xB0, 0xEA, 0xFE, 0x39, 0x59,
    0x92, 0xD9, 0xD4, 0x5D, 0x2C, 0xB2, 0x91, 0x00, 0x9C, 0xCE, 0x01, 0x5C, 0x19, 0x5F, 0xFA, 0xF9,
    0x9E, 0xB9, 0xD2, 0x97, 0xB2, 0x1F, 0x46, 0x8B, 0xD3, 0x59, 0x77, 0x79, 0xD8, 0xEE, 0x87, 0xC1,
    0x59, 0x6B, 0x3B, 0x02, 0x46, 0x16, 0xAA, 0x70, 0x32, 0x24, 0xD5, 0x99, 0x38, 0x1E, 0x8A, 0xB7,
    0x53, 0xB9, 0xFB, 0x38, 0x14, 0x89, 0x48, 0xDC, 0x5C, 0xE3, 0x50, 0x16, 0xA9, 0x72, 0x0D, 0x0D,
    0x65, 0x8D, 0x1C, 0x2A, 0x06, 0x7C, 0x2F, 0x2D, 0x11, 0x36, 0xE6, 0xF0, 0x90, 0x57, 0x08, 0x87,
    0x87, 0x28, 0xC8, 0x9C, 0x71, 0xCB, 0x53, 0x13, 0x12, 0xB9, 0x5D, 0xBD, 0x85, 0x61, 0xD2, 0x4F,
    0x75, 0xDF, 0x47, 0xAD, 0x79, 0x2B, 0xA8, 0xA5, 0x98, 0xE3, 0xEF, 0xFE, 0x38, 0xEE, 0xCF, 0xB3,
    0x8F, 0xDE, 0x8C, 0x87, 0xA5, 0xEB, 0xA2, 0xF7, 0xA2, 0xF1, 0xB7, 0xB1, 0x7C, 0xB8, 0x6E, 0xBF,
    0xA9, 0x6B, 0x3F, 0x24, 0x79, 0x54, 0x4B, 0x84, 0xCB, 0xD8, 0xEC, 0xC6, 0x60, 0xAA, 0x8B, 0xC7,
    0x6A, 0x8F, 0x30, 0x55, 0xE9, 0x8E, 0x3D, 0x75, 0xBD, 0x33, 0xB6, 0xD5, 0x51, 0xF2, 0xD3, 0x02,
    0x2E, 0x78, 0xEB, 0x8E, 0x7A, 0x26, 0xC5, 0x31, 0x46, 0x57, 0x08, 0x93, 0xB1, 0x02, 0x2F, 0x71,
    0x3D, 0x36, 0x00, 0x89, 0x4B, 0x89, 0x99, 0x98, 0xC5, 0xDC, 0x3D, 0xA8, 0x63, 0x49, 0xFB, 0x25,
    0xE8, 0x10, 0x0E, 0x42, 0xF8, 0x67, 0xFC, 0xEF, 0x5E, 0x27, 0x2F, 0xD8, 0x32, 0xB4, 0x99, 0x1F,
    0xAA, 0xA9, 0x62, 0xEF, 0xCC, 0x9B, 0x6C, 0x78, 0x75, 0x31, 0xF3, 0xDF, 0x8B, 0x1A, 0x78, 0xDC,
    0xD1, 0xD7, 0x57, 0x69, 0xBC, 0x05, 0x65, 0x4B, 0xE3, 0xA5, 0x77, 0x43, 0xAC, 0x8D, 0x96, 0xA0,
    0x86, 0xDA, 0x43, 0xD2, 0x8F, 0x4B, 0xAC, 0x5A, 0xC0, 0xB6, 0xC6, 0x41, 0xA7, 0xA2, 0xE4, 0x55,
    0xD1, 0xD6, 0x14, 0x97, 0xFC, 0xA1, 0xF4, 0xF2, 0x19, 0x02, 0xCB, 0x15, 0xF6, 0xBE, 0x81, 0x3A,
    0x44, 0x32, 0x38, 0x87, 0x3F, 0xDC, 0xA9, 0xF6, 0x0B, 0x46, 0xD4, 0xEF, 0x9E, 0x8E, 0xBC, 0x98,
    0x6C, 0x0A, 0x72, 0x72, 0x0C, 0x94, 0x17, 0x16, 0xF0, 0x37, 0xEE, 0x19, 0x4D, 0x73, 0xFB, 0xED,
    0x2A, 0x79, 0xF0, 0x19, 0xDB, 0xF4, 0x88, 0x4B, 0x84, 0xE6, 0xEB, 0x6D, 0xAC, 0x13, 0xCE, 0xFC,
    0x4D, 0xB8, 0x58, 0x06, 0xD2, 0x94, 0x2F, 0x0C, 0x5C, 0x4E, 0x4D, 0x6C, 0x96, 0x33, 0x05, 0x4C,
    0x75, 0x9C, 0xB6, 0xB5, 0x26, 0x3F, 0xF0, 0x16, 0xF2, 0x16, 0xF8, 0x84, 0x1A, 0xE1, 0x0C, 0xE5,
    0xA1, 0xF1, 0x6F, 0x24, 0x0B, 0xEB, 0xE8, 0x85, 0xDC, 0x04, 0x0C, 0x84, 0x57, 0xEF, 0x28, 0xF5,
    0xFE, 0x60, 0x11, 0xEB, 0xAD, 0x62, 0x48, 0xC4, 0xE4, 0x97, 0x18, 0x3B, 0xFC, 0x7C, 0xE7, 0xBA,
    0x66, 0xB7, 0xDD, 0xFE, 0xA1, 0x6C, 0xBE, 0xAE, 0x4B, 0xF3, 0xFA, 0x41, 0x7A, 0xBC, 0xD6, 0xF5,
    0xED, 0xAF, 0x91, 0x2A, 0xD1, 0x48, 0xBB, 0x41, 0x6C, 0xB7, 0x1B, 0x15, 0xA6, 0x8C, 0xE7, 0xC3,
    0x92, 0x94, 0x30, 0x93, 0x8A, 0x92, 0xFA, 0xEC, 0xE8, 0x6D, 0x36, 0x04, 0x2A, 0x8B, 0x37, 0xD9,
    0x26, 0x99, 0x7B, 0x6F, 0xB1, 0x0D, 0x35, 0xE7, 0x6B, 0x08, 0x91, 0x51, 0xD3, 0xBE, 0xB8, 0xC2,
    0x10, 0x80, 0x1F, 0x7C, 0x08, 0x51, 0x4E, 0x51, 0x1B, 0x42, 0x7B, 0x08, 0xDD, 0x07, 0xB7, 0xA3,
    0x96, 0x63, 0x83, 0x4E, 0x64, 0xA8, 0xDD, 0x8F, 0x81, 0xB7, 0xD0, 0x85, 0xF1, 0xDD, 0xC8, 0xB8,
    0x7A, 0xD5, 0x21, 0x32, 0x22, 0xA1, 0x37, 0xD9, 0x8E, 0x51, 0x27, 0x47, 0xE9, 0x22, 0x23, 0x9D,
    0xBA, 0xD8, 0x47, 0xAE, 0xB7, 0xE6, 0x92, 0x93, 0xB3, 0x37, 0xC2, 0xC3, 0xCE, 0xC9, 0x09, 0xAA,
    0xE7, 0x7C, 0x67, 0x7E, 0xCF, 0x4D, 0x6C, 0x7C, 0x79, 0xA4, 0xA6, 0xF7, 0xDC, 0x24, 0x8A, 0xD8,
    0xFB, 0x33, 0x8C, 0x10, 0x6B, 0x31, 0xBB, 0x30, 0x6A, 0x7D, 0x9C, 0xBE, 0x9A, 0x0B, 0x82, 0x9D,
    0x41, 0x03, 0xE6, 0xC3, 0x82, 0xB8, 0x1A, 0x5C, 0x60, 0xC1, 0x5F, 0xFB, 0xC5, 0x07, 0x27, 0x0B,
    0x8F, 0x22, 0xF2, 0x66, 0x2D, 0x9F, 0xC3, 0xC1, 0x30, 0x88, 0x4D, 0x18, 0x51, 0x16, 0x68, 0x8E,
    0x95, 0x41, 0xD4, 0xD7, 0x01, 0x6B, 0x1F, 0x44, 0x16, 0x4D, 0xAE, 0x3D, 0xEC, 0x0C, 0x6E, 0x17,
    0xFB, 0x3C, 0xB1, 0x1F, 0x73, 0x1B, 0x65, 0xFE, 0x8B, 0x3A, 0xC8, 0x5D, 0xE4, 0x0E, 0x76, 0x91,
    0x83, 0xDC, 0x45, 0x0E, 0x72, 0x57, 0x07, 0x07, 0xB9, 0xAB, 0x22, 0x07, 0xB9, 0x8C, 0x1D, 0xE4,
    0xEA, 0x1A, 0x07, 0xB9, 0x78, 0x0E, 0x67, 0xB9, 0x8E, 0x1C, 0xE4, 0x36, 0x38, 0xC8, 0x41, 0x42,
    0x9F, 0xE1, 0x20, 0x07, 0xEB, 0xD6, 0xEF, 0xE4, 0x31, 0xDE, 0x19, 0x85, 0x0D, 0x36, 0x62, 0xC6,
    0x52, 0x77, 0xC8, 0x35, 0x16, 0x5D, 0x6A, 0x88, 0xB1, 0x34, 0x16, 0x9D, 0x5B, 0xDC, 0xED, 0x33,
    0x0A, 0x48, 0x30, 0xA5, 0x07, 0x1A, 0x8B, 0xBE, 0xB3, 0x48, 0x67, 0x0A, 0xC5, 0xF0, 0x0B, 0xF7,
    0xA6, 0x10, 0x4E, 0xB8, 0x97, 0xB0, 0x9D, 0x82, 0x1F, 0x47, 0xAD, 0x35, 0x8C, 0xD4, 0x46, 0x1A,
    0x58, 0xBD, 0x03, 0xDA, 0xB9, 0x2A, 0x58, 0x59, 0xD7, 0xE4, 0x9E, 0x95, 0x4A, 0x1E, 0xA8, 0xE5,
    0x8F, 0xDB, 0x7F, 0x92, 0x7D, 0x27, 0xF9, 0xBF, 0xCA, 0x20, 0x28, 0x2E, 0x95, 0x43, 0x95, 0x40,
    0x71, 0x7E, 0x07, 0xD6, 0x9D, 0xB4, 0xB0, 0x00, 0x0F, 0x2A, 0x93, 0x2E, 0xDB, 0x0C, 0x6D, 0x15,
    0x2B, 0x1C, 0xE5, 0x9D, 0xE7, 0xEA, 0xC3, 0xB1, 0xA2, 0x06, 0xF2, 0x1F, 0xF2, 0xC6, 0xA7, 0x8D,
    0xB4, 0xBD, 0xA1, 0xF2, 0x97, 0xAC, 0x22, 0xF3, 0x66, 0xF9, 0x7F, 0x7B, 0x94, 0x46, 0x58, 0xF9,
    0x92, 0x52, 0xC7, 0x35, 0xA9, 0x20, 0x08, 0x1A, 0xA8, 0xF7, 0xA8, 0x37, 0x25, 0x3D, 0x2D, 0x8B,
    0x3D, 0x19, 0x06, 0x72, 0x65, 0x45, 0x07, 0x61, 0x7B, 0x41, 0x3B, 0xB0, 0x7D, 0x20, 0xAE, 0xC8,
    0xD5, 0x1E, 0xFF, 0x29, 0x7E, 0xDB, 0x7E, 0xAF, 0x7B, 0x55, 0xED, 0x36, 0x5F, 0x20, 0x8F, 0x57,
    0x72, 0x25, 0x45, 0x32, 0x32, 0xC5, 0x31, 0x91, 0xBC, 0x75, 0x25, 0x72, 0x69, 0xFF, 0x37, 0xBB,
    0x60, 0xBD, 0x38, 0xC1, 0x17, 0x22, 0x04, 0x67, 0x92, 0xDB, 0xFD, 0xA6, 0xCF, 0xF1, 0xB2, 0x10,
    0xDC, 0x4B, 0xD8, 0xB4, 0x49, 0xD8, 0x9B, 0xE8, 0xF6, 0x9C, 0xDB, 0x9A, 0x0F, 0xF7, 0x1B, 0x32,
    0x94, 0xC5, 0x7D, 0x8A, 0xF2, 0xEF, 0x4E, 0xE6, 0x5A, 0x76, 0x4A, 0x73, 0xA7, 0x33, 0x35, 0x66,
    0xB1, 0x71, 0x58, 0x68, 0xE3, 0xA8, 0x10, 0x06, 0x85, 0xF7, 0x81, 0xD1, 0xCF, 0xF6, 0x10, 0x58,
    0x6C, 0xE7, 0xF2, 0xB9, 0x16, 0xF0, 0x03, 0x3D, 0x7F, 0xDB, 0x94, 0xDA, 0xFD, 0x85, 0xBF, 0xCB,
    0x25, 0xC4, 0x83, 0xD6, 0x46, 0xE7, 0x8A, 0x59, 0x17, 0x45, 0x09, 0x76, 0x8E, 0x42, 0x08, 0x54,
    0x77, 0x7E, 0xC0, 0xE5, 0x1A, 0x2F, 0x05, 0x71, 0xA4, 0x61, 0x76, 0x61, 0x86, 0xDF, 0x9B, 0x1C,
    0x3A, 0x46, 0x4F, 0x6F, 0xA0, 0x38, 0xC4, 0x81, 0xE5, 0xE1, 0x14, 0x7F, 0x2F, 0xE0, 0x5D, 0xF8,
    0x6A, 0xED, 0x92, 0x39, 0x1C, 0x88, 0x5E, 0x28, 0xB6, 0xAE, 0xFC, 0x8D, 0xB2, 0x49, 0x29, 0x75,
    0x2F, 0xC2, 0x0D, 0x53, 0x2F, 0x9E, 0x61, 0x8A, 0xB1, 0x42, 0xAE, 0x60, 0xDC, 0x32, 0x2A, 0xBF,
    0x29, 0xEB, 0x38, 0xF7, 0x13, 0x1F, 0xDC, 0xA5, 0x54, 0xA9, 0x55, 0x15, 0xCA, 0x95, 0x36, 0xC2,
    0x0D, 0xAD, 0x8D, 0xC7, 0x0D, 0x3B, 0xDE, 0xC3, 0x14, 0x5C, 0xA4, 0x2D, 0xB1, 0xEF, 0x27, 0x0C,
    0xEA, 0x38, 0xBE, 0x06, 0x07, 0x38, 0x1A, 0xE4, 0x5B, 0x8C, 0x41, 0xFF, 0x5E, 0x34, 0xA8, 0x1E,
    0x0D, 0x71, 0x84, 0x10, 0x0D, 0x92, 0x78, 0xC0, 0x93, 0x3B, 0xB1, 0xD1, 0x28, 0xEE, 0xBA, 0x69,
    0xF4, 0xF9, 0x05, 0xE4, 0xE9, 0x27, 0x21, 0x2F, 0xBE, 0x93, 0xA7, 0xD0, 0x0C, 0x6A, 0xE3, 0x67,
    0xBA, 0xF1, 0x36, 0xB7, 0x0A, 0xEB, 0x58, 0xC4, 0x4E, 0x9B, 0x15, 0xCF, 0xD0, 0xB1, 0x98, 0x49,
    0x37, 0x95, 0x6E, 0x3E, 0x1E, 0xD9, 0x89, 0x2F, 0x0F, 0xF2, 0xFE, 0x61, 0x1F, 0x46, 0x56, 0xBB,
    0x41, 0x23, 0xBB, 0x16, 0xB0, 0x63, 0xA5, 0x12, 0x35, 0x81, 0xDF, 0xE8, 0x50, 0xA9, 0xAE, 0x28,
    0x29, 0xD1, 0x2B, 0x13, 0xEC, 0x0F, 0xE9, 0x56, 0xE9, 0x2C, 0xD1, 0xD7, 0xF9, 0x49, 0x27, 0x53,
    0x45, 0x27, 0xF7, 0x11, 0xD9, 0xCF, 0x95, 0x8E, 0x69, 0x41, 0xA1, 0x4B, 0x0F, 0x38, 0x69, 0x60,
    0xAC, 0x0D, 0xC3, 0xFE, 0x63, 0xFD, 0x08, 0x3E, 0xD5, 0x95, 0x47, 0x50, 0x77, 0x29, 0x7D, 0xEE,
    0xC1, 0xDA, 0x01, 0xDD, 0xC4, 0x76, 0xC3, 0x94, 0x0F, 0x4C, 0x1F, 0x3F, 0xBA, 0xC0, 0x6D, 0x1D,
    0xA6, 0x5E, 0x22, 0x36, 0xB7, 0x53, 0x34, 0x00, 0xA5, 0x11, 0x06, 0x2E, 0x96, 0x86, 0x3F, 0xBF,
    0x2C, 0x1A, 0x5F, 0xDF, 0x60, 0xAF, 0x79, 0x76, 0xFD, 0x57, 0x91, 0xDE, 0x39, 0x06, 0xAE, 0xF0,
    0x5A, 0x27, 0xF9, 0x9B, 0xA0, 0x74, 0x32, 0x72, 0xE4, 0x45, 0x76, 0x42, 0x6A, 0x04, 0x62, 0xC1,
    0xDE, 0x6B, 0x9C, 0x0C, 0x33, 0xE4, 0xC2, 0x2D, 0x19, 0x86, 0x7E, 0xCC, 0x31, 0x13, 0x9E, 0xEC,
    0xC8, 0x5C, 0xF3, 0x74, 0x45, 0x5A, 0xB4, 0x85, 0x0B, 0x74, 0x82, 0x74, 0xAB, 0xAA, 0x14, 0x3E,
    0xCE, 0xE9, 0xB6, 0x22, 0x88, 0x40, 0x16, 0x2D, 0x79, 0x01, 0x3D, 0xAA, 0x2B, 0x16, 0xFC, 0x32,
    0x37, 0x07, 0xBA, 0x76, 0x3F, 0x0E, 0x2E, 0xC6, 0xDD, 0xCF, 0x8E, 0x91, 0x0C, 0x45, 0xAE, 0x47,
    0x1B, 0xD1, 0x65, 0x44, 0xE3, 0x5E, 0xCF, 0xAF, 0xC9, 0x0A, 0x71, 0xA2, 0x41, 0x7C, 0xA1, 0xC2,
    0xB5, 0x0D, 0xA7, 0x9B, 0x39, 0xB5, 0xE1, 0x1A, 0x7E, 0xCE, 0x0C, 0x47, 0xAA, 0x19, 0x01, 0x27,
    0x29, 0x88, 0xDC, 0x89, 0x82, 0xB5, 0x62, 0x65, 0x72, 0xB5, 0x36, 0xFA, 0x6C, 0x9B, 0xBD, 0x4F,
    0x3E, 0xEE, 0x47, 0x3B, 0x9F, 0xFC, 0xB0, 0x5F, 0xE9, 0x30, 0x9F, 0x9D, 0x4F, 0xFE, 0xD0, 0xDC,
    0x0A, 0x3E, 0x39, 0x58, 0x7A, 0x3B, 0x78, 0x27, 0x0A, 0x1C, 0xE4, 0xD6, 0x6B, 0x87, 0x25, 0x9B,
    0x93, 0x60, 0x66, 0xD6, 0x74, 0xC9, 0x11, 0x75, 0xF5, 0xC9, 0x9D, 0xFB, 0xF5, 0x1C, 0x7C, 0xF2,
    0x78, 0x1F, 0x70, 0xDD, 0x15, 0x73, 0x88, 0xC8, 0xE8, 0xEF, 0x2F, 0xBB, 0xC0, 0x78, 0x89, 0x03,
    0xBF, 0x70, 0x7A, 0x63, 0xB2, 0xEE, 0x7C, 0xF2, 0xBE, 0x8B, 0x7D, 0xF2, 0x9A, 0xBE, 0x59, 0xBC,
    0xCD, 0x2A, 0x12, 0x84, 0xBD, 0x4F, 0xFE, 0x22, 0xC6, 0xD1, 0xFD, 0xD5, 0xD2, 0x47, 0xA8, 0x7B,
    0x68, 0xD1, 0x23, 0x54, 0x3C, 0x42, 0xB9, 0x23, 0xD4, 0x3A, 0x42, 0xA1, 0x23, 0x54, 0x39, 0x7C,
    0x89, 0x63, 0x08, 0xF5, 0x0D, 0x2D, 0x6E, 0x84, 0x7C, 0x47, 0x38, 0x03, 0xA6, 0xF0, 0x95, 0x8B,
    0xCA, 0x37, 0x63, 0xF7, 0x4E, 0x28, 0x78, 0xF3, 0x03, 0xD9, 0xD5, 0x3A, 0xDF, 0x96, 0xF6, 0x6B,
    0x2C, 0xCB, 0x4E, 0xBA, 0x5A, 0x72, 0x76, 0x15, 0x18, 0x24, 0x0D, 0xC4, 0xCF, 0x7C, 0x14, 0xFC,
    0xEF, 0x77, 0x09, 0x85, 0xFE, 0x72, 0xCC, 0xB1, 0xE5, 0x5C, 0xBD, 0x2A, 0xA6, 0x82, 0x93, 0x09,
    0xB0, 0x0E, 0xB7, 0x29, 0x97, 0x80, 0x0C, 0x47, 0xA9, 0x04, 0x3A, 0xF7, 0xE7, 0xED, 0x8D, 0x89,
    0x12, 0x4F, 0xB3, 0xB4, 0x04, 0x6D, 0xC1, 0x44, 0xBE, 0xA6, 0x4B, 0xC8, 0x22, 0xD4, 0x2C, 0x25,
    0xE8, 0x17, 0x66, 0x9C, 0x43, 0x80, 0x60, 0xEB, 0x58, 0x0F, 0x44, 0xA4, 0x9C, 0x41, 0xC0, 0x66,
    0x92, 0x55, 0x08, 0x74, 0xB2, 0xBE, 0x82, 0x13, 0xBB, 0xAE, 0x31, 0x74, 0xE6, 0xEB, 0x32, 0x74,
    0x94, 0x56, 0xB0, 0xC2, 0x87, 0xD1, 0x93, 0x22, 0x47, 0xCB, 0x3C, 0x4A, 0xAF, 0x87, 0x2F, 0xF1,
    0xD8, 0x8A, 0xBF, 0xEB, 0x34, 0x03, 0x75, 0x69, 0xDF, 0x84, 0x46, 0x53, 0x7F, 0xE2, 0x1D, 0x9D,
    0x3E, 0x2E, 0xFD, 0xCE, 0x92, 0xF0, 0xD1, 0x6C, 0x4F, 0xBE, 0xA5, 0x54, 0x29, 0xB7, 0x25, 0xA5,
    0xB6, 0xCA, 0x5E, 0x8E, 0xBE, 0xA5, 0x44, 0x56, 0xBE, 0x60, 0xC8, 0xDA, 0x65, 0x98, 0x6B, 0xCB,
    0xF1, 0x44, 0x0C, 0x2A, 0x58, 0x4A, 0x05, 0xD8, 0x18, 0x9F, 0xBB, 0xC1, 0xAC, 0xAA, 0xA1, 0x63,
    0xBE, 0x8E, 0x17, 0x74, 0x6A, 0xD7, 0xE6, 0xA8, 0xEB, 0x92, 0x3E, 0x0C, 0x4B, 0x12, 0xF4, 0x28,
    0xF1, 0x51, 0x1E, 0xA8, 0xE0, 0x5B, 0x52, 0x6A, 0x8F, 0xDA, 0x97, 0x17, 0xDE, 0xF1, 0xF2, 0xB3,
    0x13, 0x99, 0x9C, 0xFF, 0xB4, 0xCF, 0x0F, 0x6B, 0x9B, 0x2B, 0x48, 0xBF, 0xF5, 0xCC, 0xF7, 0x0E,
    0x1E, 0x29, 0xA8, 0x0C, 0xF8, 0x69, 0x14, 0xF5, 0x62, 0x6F, 0xB1, 0xF3, 0x6B, 0x85, 0xE7, 0x42,
    0xFA, 0x05, 0x6B, 0x3B, 0xB4, 0x9E, 0xB2, 0x6A, 0x2D, 0x46, 0xA0, 0xDE, 0x71, 0x43, 0x8F, 0x41,
    0xD6, 0x2F, 0x77, 0xA8, 0x64, 0x34, 0xA0, 0xFB, 0x94, 0xCE, 0xAF, 0xE2, 0x95, 0x74, 0x03, 0x0D,
    0x58, 0x0F, 0x3D, 0x36, 0xB7, 0x0F, 0xF6, 0xDA, 0xCC, 0xF5, 0xBF, 0xFE, 0xE0, 0xF3, 0x16, 0x65,
    0xE5, 0xB0, 0x2A, 0x29, 0x66, 0x6F, 0x51, 0x51, 0xF6, 0x16, 0x97, 0x44, 0x35, 0x59, 0xBE, 0x06,
    0x5D, 0x05, 0xEC, 0xF7, 0x63, 0xAF, 0xAE, 0xC0, 0xE2, 0x7E, 0xEA, 0x35, 0x78, 0xE2, 0x3E, 0x73,
    0x5E, 0x69, 0x55, 0x8E, 0xB6, 0x4A, 0x48, 0xA5, 0x31, 0xAE, 0x06, 0xBA, 0x38, 0x0C, 0xED, 0x8F,
    0x71, 0x85, 0xD6, 0x75, 0x61, 0xF0, 0x47, 0x6E, 0x8E, 0x12, 0x72, 0x85, 0x8B, 0xB3, 0x73, 0xFD,
    0x07, 0xD1, 0xA0, 0x88, 0x36, 0x96, 0x98, 0xE4, 0xF3, 0x16, 0x65, 0x4F, 0xA4, 0x55, 0xE2, 0xBC,
    0x8A, 0xB2, 0xD8, 0x9B, 0x98, 0x3C, 0xD0, 0xA2, 0xEC, 0x2F, 0x9D, 0x9C, 0x67, 0x23, 0x50, 0xD1,
    0xB1, 0x1D, 0x0A, 0xD5, 0x70, 0x6E, 0x3D, 0x54, 0xF9, 0x03, 0xD7, 0x7B, 0xA8, 0xB2, 0x4F, 0x00,
    0x16, 0x4D, 0xDA, 0xA5, 0xEE, 0x97, 0xCE, 0x2B, 0x8B, 0xC4, 0xE1, 0xA9, 0xD5, 0x92, 0xB4, 0x33,
    0x5B, 0xBC, 0xA6, 0xE1, 0xB4, 0x46, 0x73, 0xCC, 0xA2, 0x63, 0xCF, 0xD6, 0x62, 0x0A, 0xFF, 0xD2,
    0xBB, 0xC8, 0xF9, 0xAD, 0xA3, 0x93, 0xD2, 0x48, 0xAD, 0x7C, 0x05, 0x2C, 0x16, 0xA1, 0x73, 0x8C,
    0xE9, 0xF6, 0x2A, 0x4B, 0x49, 0x3F, 0x24, 0x4B, 0xA2, 0x7B, 0xE8, 0x9D, 0xC0, 0x9C, 0x1C, 0x18,
    0x49, 0x40, 0xD1, 0x71, 0x4D, 0x12, 0x77, 0x76, 0xA5, 0xD6, 0xAD, 0x87, 0x16, 0xF3, 0x02, 0x82,
    0xD0, 0x19, 0xB5, 0x9A, 0x31, 0x40, 0xDF, 0xA3, 0xAC, 0x9F, 0xE2, 0xB3, 0x3B, 0x78, 0x76, 0x3D,
    0x9D, 0x7F, 0x2F, 0xBC, 0x99, 0xDF, 0x7E, 0x1E, 0x12, 0x4A, 0x71, 0x71, 0xB1, 0x8F, 0x8A, 0x87,
    0x49, 0xEC, 0xE1, 0xED, 0xCE, 0x5E, 0x8A, 0x19, 0x28, 0x8F, 0x53, 0xCA, 0xF1, 0x39, 0xD8, 0x55,
    0x7C, 0x46, 0xDA, 0xE1, 0x3A, 0x69, 0xFC, 0x7D, 0xB2, 0xF3, 0xF9, 0x92, 0x9D, 0xCF, 0xF5, 0x73,
    0xAB, 0xD9, 0x85, 0x77, 0xBB, 0x3A, 0x70, 0x3D, 0x5D, 0xFF, 0x6F, 0xB7, 0x1A, 0xF3, 0xFB, 0x74,
    0xEA, 0xD5, 0x74, 0xEA, 0xE7, 0xEB, 0xC6, 0x2C, 0x63, 0x41, 0xBB, 0xD4, 0x8D, 0xF9, 0x7C, 0xF6,
    0x67, 0x3C, 0x69, 0x7F, 0xD6, 0xC8, 0xFE, 0xF0, 0xCE, 0x0E, 0x55, 0xAA, 0xF5, 0x14, 0xD9, 0x9F,
    0x6C, 0xC9, 0x22, 0xFB, 0xB3, 0x64, 0x91, 0xFD, 0x39, 0x66, 0xB1, 0xFD, 0xC9, 0x62, 0xFB, 0x93,
    0xC5, 0xF6, 0x27, 0x7B, 0x0E, 0xFB, 0x73, 0xFB, 0x39, 0xED, 0xCF, 0xBD, 0xF2, 0xB3, 0x50, 0x82,
    0x5B, 0x22, 0xFB, 0x03, 0x6E, 0x55, 0x1B, 0xB7, 0x05, 0x47, 0x6A, 0x82, 0xF6, 0x19, 0xF7, 0x61,
    0xDF, 0x08, 0x6F, 0x1B, 0x59, 0xB5, 0x4B, 0xC2, 0x3E, 0x61, 0xD9, 0x18, 0x35, 0xCD, 0x59, 0xE2,
    0x7E, 0x23, 0x6A, 0x06, 0xA2, 0xFF, 0x83, 0x6B, 0x5B, 0x2A, 0x23, 0xC4, 0xFF, 0xB7, 0x5A, 0xF9,
    0xB2, 0xFF, 0xF3, 0x3E, 0x1F, 0xA5, 0x3A, 0xA2, 0x3D, 0x78, 0xCC, 0x05, 0x4B, 0xAD, 0xEF, 0xE0,
    0x0A, 0xC2, 0x9F, 0xAA, 0x1F, 0x66, 0xB8, 0x2F, 0xD0, 0xFD, 0x00, 0xB7, 0x40, 0xBA, 0x07, 0x9F,
    0xAE, 0x25, 0x78, 0xF2, 0xD3, 0xDF, 0xA1, 0xD6, 0xA6, 0x56, 0x70, 0xDC, 0x8D, 0x30, 0xA2, 0xD1,
    0x2C, 0x66, 0xDE, 0x36, 0x69, 0xD2, 0x7B, 0xF8, 0xCD, 0x83, 0x00, 0x69, 0xA4, 0xA8, 0x31, 0xE2,
    0xC1, 0x9B, 0xD8, 0x4C, 0xB6, 0x24, 0x68, 0xCE, 0xB4, 0x17, 0xA1, 0xC7, 0x73, 0x45, 0xC0, 0x07,
    0xC3, 0xF2, 0xED, 0xA7, 0xE0, 0x94, 0xE2, 0x71, 0x11, 0x34, 0x6D, 0xDC, 0xB1, 0xD3, 0x6D, 0x12,
    0xAA, 0x5B, 0x89, 0xDC, 0xAC, 0xC4, 0x73, 0xBC, 0x07, 0x69, 0xC4, 0x0E, 0xBA, 0x27, 0x7F, 0x0B,
    0xF1, 0xAD, 0xBC, 0xA9, 0x46, 0x4F, 0x04, 0xFE, 0xCE, 0x7F, 0x20, 0xE7, 0xF8, 0xB0, 0x6F, 0x8F,
    0x4D, 0xF4, 0x17, 0xD5, 0x7C, 0xD9, 0x67, 0x16, 0x51, 0x2A, 0x9B, 0x13, 0x6A, 0xBA, 0x09, 0x54,
    0x1B, 0xAA, 0x76, 0x3C, 0x2B, 0x6E, 0x05, 0xB9, 0x47, 0x31, 0xB6, 0xCC, 0xAC, 0x95, 0xD4, 0x73,
    0x97, 0xD3, 0xFC, 0x70, 0x76, 0xFD, 0x56, 0xF3, 0xFC, 0x9E, 0xD2, 0xF9, 0x0F, 0x34, 0x43, 0x3E,
    0x85, 0x78, 0xA6, 0xCD, 0x6D, 0xBC, 0x50, 0x58, 0x59, 0x63, 0x0A, 0x3F, 0x91, 0xA9, 0xC2, 0xAD,
    0xBA, 0x98, 0x9F, 0x38, 0x54, 0x36, 0x34, 0xDB, 0x76, 0xA6, 0x7A, 0x21, 0xCA, 0x06, 0x7E, 0x72,
    0x4A, 0x7F, 0xA8, 0xBF, 0xDF, 0xC9, 0x9C, 0x2B, 0xC2, 0xB5, 0x5E, 0x8D, 0xD4, 0x14, 0x31, 0xC5,
    0x27, 0x6D, 0xE9, 0x38, 0x73, 0x3E, 0x04, 0x10, 0xE7, 0x2E, 0xD1, 0x50, 0x48, 0xFA, 0x95, 0xCD,
    0x35, 0x8E, 0xE3, 0x69, 0x0C, 0xAC, 0x77, 0x0A, 0x30, 0x50, 0xB3, 0x3E, 0x55, 0x64, 0x09, 0x7F,
    0xFB, 0xA4, 0xC1, 0x03, 0x4B, 0x3A, 0x39, 0x90, 0x04, 0x59, 0x21, 0xF3, 0x96, 0x2D, 0xC3, 0xD3,
    0xC1, 0xDC, 0x63, 0x3A, 0x7C, 0x94, 0x96, 0xD5, 0x52, 0x14, 0xBA, 0x30, 0x95, 0xB0, 0x8F, 0x23,
    0xAC, 0xDB, 0x58, 0xD6, 0x69, 0x05, 0x9F, 0x0B, 0x44, 0xEE, 0xCC, 0x2A, 0x94, 0x7D, 0xA7, 0x6F,
    0xE5, 0xA4, 0x94, 0xA6, 0x72, 0x4A, 0xE5, 0x42, 0xFD, 0x19, 0xA8, 0x5A, 0x9F, 0x4C, 0xEE, 0xBD,
    0x96, 0x0C, 0x3B, 0x1F, 0xAC, 0xF9, 0x03, 0x3F, 0x4B, 0xD5, 0x4C, 0xAA, 0x94, 0x46, 0x5E, 0xE3,
    0x5E, 0x56, 0x78, 0xE1, 0xF5, 0x4D, 0xF9, 0x94, 0x09, 0xD2, 0x09, 0xB8, 0xB6, 0xA8, 0x69, 0x30,
    0xE0, 0xC5, 0x27, 0x6A, 0x79, 0xFC, 0x3D, 0xAC, 0xEA, 0x31, 0x93, 0xF3, 0x51, 0xB8, 0x64, 0x9C,
    0x1D, 0xD9, 0x30, 0x16, 0xB2, 0x79, 0xA9, 0xA6, 0x7E, 0x5A, 0x5C, 0x4B, 0x6A, 0xA0, 0x76, 0x14,
    0x06, 0xA5, 0xD2, 0xFB, 0xC9, 0xAB, 0xB8, 0xF0, 0x1A, 0x52, 0xA6, 0xC2, 0x6F, 0x3C, 0xAB, 0x66,
    0x36, 0x64, 0xA9, 0x9E, 0x23, 0xD0, 0xBA, 0x7D, 0xDF, 0x6F, 0x58, 0xB5, 0x83, 0x3C, 0x5A, 0xF5,
    0x25, 0xCA, 0x29, 0x16, 0x43, 0x91, 0x42, 0x11, 0xC2, 0x0D, 0xBF, 0x11, 0x4F, 0x24, 0xDC, 0x84,
    0x31, 0x6B, 0xBD, 0x5B, 0x1E, 0x62, 0xCD, 0xC5, 0x8C, 0xE3, 0x1B, 0x32, 0xD7, 0x53, 0x7D, 0x81,
    0x2D, 0x36, 0x49, 0x9E, 0xC9, 0xEF, 0xD1, 0xD7, 0x2F, 0xE8, 0xE6, 0x1B, 0xEE, 0xB1, 0xE1, 0x93,
    0x4D, 0xC1, 0x08, 0x16, 0xA4, 0x7A, 0x4C, 0x7E, 0x4C, 0xB7, 0xBA, 0x1F, 0x90, 0x1B, 0x1E, 0xBD,
    0x4E, 0xDB, 0x34, 0xD0, 0x08, 0xDD, 0x7E, 0x9C, 0x88, 0x2D, 0xB2, 0xFE, 0x71, 0x6A, 0x3F, 0x6B,
    0xC7, 0x7F, 0xDB, 0x70, 0xD4, 0x49, 0x1A, 0x7A, 0x09, 0xB5, 0x14, 0xBC, 0xEE, 0x65, 0x60, 0xE3,
    0xC1, 0x89, 0xA9, 0x7C, 0x92, 0x1D, 0xDE, 0x71, 0x39, 0x7F, 0x7F, 0x0C, 0x0C, 0xBE, 0xA1, 0x78,
    0x72, 0xDF, 0x71, 0x8E, 0x67, 0x26, 0xDD, 0xB1, 0x35, 0xD1, 0x5F, 0xC0, 0xAC, 0x2C, 0xC3, 0xDE,
    0x91, 0xFC, 0xF4, 0x74, 0xB0, 0xCD, 0x45, 0xBF, 0x91, 0xEB, 0xB2, 0xF6, 0x1D, 0xB8, 0xA9, 0x6E,
    0xAD, 0x80, 0xC1, 0xAA, 0x01, 0x4F, 0xA6, 0x1F, 0x4A, 0x7C, 0x94, 0xD3, 0xAD, 0x66, 0x65, 0x17,
    0x71, 0xE5, 0x94, 0xD3, 0x7F, 0xA6, 0xA6, 0xB3, 0x2B, 0x4E, 0xE0, 0xB3, 0x1B, 0xCF, 0x64, 0xCE,
    0x69, 0x40, 0x9F, 0x77, 0xDC, 0x1E, 0xFD, 0x72, 0xC2, 0xF8, 0xD6, 0xE0, 0xC7, 0x94, 0xF7, 0x00,
    0x63, 0x79, 0x04, 0xDE, 0xFE, 0x7B, 0xBA, 0x90, 0x82, 0x32, 0x23, 0x29, 0x6E, 0x17, 0xBC, 0x30,
    0x76, 0x68, 0x3B, 0xDA, 0x50, 0x96, 0x62, 0xC9, 0x01, 0x64, 0xA7, 0xA1, 0xAA, 0x06, 0x32, 0x68,
    0x8E, 0x79, 0x42, 0xDB, 0x14, 0xB8, 0x27, 0x32, 0x85, 0xC8, 0xBF, 0x7E, 0x84, 0xBB, 0x44, 0x9A,
    0x9C, 0x36, 0xFA, 0xE2, 0x9E, 0xE8, 0xBF, 0x3E, 0x30, 0xA6, 0x38, 0xBE, 0x30, 0xFD, 0x5A, 0x8C,
    0xD4, 0xEB, 0x43, 0x63, 0x0B, 0x4E, 0x55, 0x3E, 0x66, 0xDC, 0x4F, 0x38, 0xB0, 0x6E, 0xC9, 0xC7,
    0x84, 0x60, 0xC0, 0x71, 0xC9, 0x3C, 0xD1, 0x37, 0x10, 0x37, 0x52, 0xD1, 0x63, 0xA2, 0xDF, 0xA1,
    0x1D, 0xA6, 0xAD, 0xC3, 0x98, 0x09, 0xA8, 0xF1, 0xE4, 0x09, 0xB7, 0xD5, 0x54, 0xB9, 0x80, 0x39,
    0xF3, 0xC1, 0x4D, 0x47, 0xD9, 0x3B, 0xCD, 0xA7, 0xA2, 0x16, 0x5B, 0xC3, 0xFB, 0x81, 0xF3, 0x70,
    0xA4, 0x1D, 0xFB, 0xDD, 0x77, 0xBD, 0x27, 0x73, 0xE9, 0x0E, 0x1A, 0x4E, 0xFF, 0xBC, 0x71, 0xC9,
    0x8F, 0xD9, 0xCC, 0xFE, 0x9C, 0x2E, 0x97, 0xED, 0xFA, 0x39, 0xD2, 0x2D, 0xDD, 0x9F, 0xB7, 0xFA,
    0x46, 0x7C, 0xF0, 0xEF, 0x15, 0x97, 0x67, 0x67, 0x4E, 0x42, 0x77, 0xC5, 0xA5, 0x37, 0x5C, 0xFA,
    0x80, 0xF4, 0xFA, 0x86, 0xB8, 0x1D, 0x3F, 0x2C, 0xFB, 0xD1, 0x8E, 0x37, 0x66, 0x5F, 0x36, 0x12,
    0xD7, 0x5B, 0x0F, 0x33, 0x42, 0x59, 0x2C, 0x60, 0x69, 0x8B, 0x81, 0x24, 0x13, 0xAB, 0xD3, 0xB0,
    0x30, 0xD5, 0xC8, 0x7D, 0x4C, 0x07, 0x3A, 0xEE, 0x0C, 0xCC, 0x79, 0xEE, 0x9E, 0xCC, 0x77, 0xE9,
    0x40, 0x8C, 0x77, 0xF0, 0x24, 0x8F, 0x2D, 0x9D, 0xC1, 0x0E, 0xA5, 0x73, 0xE1, 0xE6, 0x85, 0xF7,
    0x1B, 0xE1, 0xD5, 0x49, 0x40, 0x2D, 0xD5, 0x86, 0x7F, 0x01, 0x65, 0x12, 0xD6, 0x7E, 0x81, 0xCF,
    0x49, 0x67, 0xED, 0x74, 0x5D, 0xCA, 0x4D, 0x46, 0xB8, 0x79, 0x01, 0xF8, 0x68, 0xE4, 0x57, 0x02,
    0xE7, 0x83, 0x7F, 0x73, 0x77, 0x4D, 0xE7, 0xDA, 0xF1, 0xB9, 0x54, 0x68, 0x9E, 0xDF, 0x9A, 0xED,
    0xCA, 0xDD, 0x54, 0xF8, 0xFF, 0x7F, 0x9E, 0x29, 0x07, 0x4F, 0xDB, 0x99, 0x4D, 0xFE, 0x64, 0xDE,
    0xB5, 0x87, 0xEE, 0x46, 0x56, 0x46, 0x77, 0xB4, 0x8B, 0xDB, 0x77, 0x1B, 0x7B, 0x4F, 0x54, 0x36,
    0xCA, 0x64, 0xBB, 0x7F, 0xD3, 0x9F, 0x9F, 0x9E, 0x74, 0x67, 0x63, 0x26, 0x48, 0x8E, 0x82, 0xFB,
    0x7F, 0x6F, 0xCC, 0x4F, 0x13, 0x2D, 0x6D, 0xBC, 0x7D, 0x40, 0x0F, 0x4E, 0x6A, 0x1B, 0xAF, 0x0F,
    0x85, 0xA3, 0xC8, 0x90, 0x79, 0xBA, 0x76, 0xDF, 0x9F, 0x05, 0x73, 0x10, 0xB4, 0x9F, 0xBC, 0x33,
    0x0B, 0xE4, 0x99, 0x5B, 0x4B, 0x1C, 0x30, 0xE2, 0xFD, 0x01, 0x07, 0x02, 0x38, 0xB0, 0xE3, 0x3B,
    0xB3, 0xE2, 0x0D, 0xB3, 0x7A, 0x73, 0x16, 0xB8, 0x11, 0x21, 0x0C, 0xA6, 0x08, 0x6D, 0x3C, 0x44,
    0x2D, 0xA1, 0xFB, 0x26, 0x2E, 0x30, 0xFD, 0xE9, 0x46, 0x1C, 0xF0, 0xE1, 0x9B, 0xB0, 0x10, 0x09,
    0x1F, 0x5B, 0x86, 0x65, 0xF8, 0x95, 0x06, 0x8C, 0x74, 0xC1, 0x2F, 0x63, 0xA0, 0x41, 0xCE, 0x28,
    0x34, 0x63, 0x9C, 0x8D, 0x7B, 0x73, 0xF6, 0x30, 0x9B, 0xEA, 0xA3, 0x08, 0xD9, 0xEC, 0x71, 0x0C,
    0x33, 0xEF, 0x7D, 0xBB, 0xE3, 0xF3, 0xDF, 0x01, 0x46, 0xF2, 0xEA, 0x75, 0x2B, 0x52, 0x36, 0x5F,
    0x01, 0xF8, 0x04, 0xBE, 0xA7, 0xCE, 0xAA, 0x3D, 0x50, 0x3F, 0x06, 0xBB, 0x89, 0x80, 0xDF, 0x9A,
    0x8B, 0xAB, 0x88, 0xF6, 0xEA, 0x35, 0xFC, 0xDE, 0xA8, 0x7D, 0xC0, 0x1E, 0x7D, 0x3C, 0x32, 0xB0,
    0x78, 0xAE, 0xFE, 0xD3, 0x11, 0x14, 0x5C, 0x39, 0xA4, 0x6F, 0x3F, 0x9D, 0xF1, 0x68, 0xD4, 0xF2,
    0x80, 0xBB, 0x4A, 0xD0, 0x17, 0x19, 0x19, 0xD5, 0xA7, 0xB8, 0xA1, 0x6D, 0x64, 0x50, 0x1F, 0x8F,
    0x15, 0xA6, 0x8A, 0x11, 0xD3, 0x15, 0xDB, 0x13, 0xF2, 0x51, 0x21, 0x65, 0x1A, 0x10, 0x6D, 0x28,
    0xF7, 0x30, 0x2A, 0xA0, 0xED, 0x80, 0x74, 0x85, 0x8D, 0x0B, 0x29, 0x1E, 0xEC, 0x2A, 0x70, 0x56,
    0x2B, 0xD1, 0x84, 0x66, 0x39, 0x11, 0x4D, 0x3B, 0xF0, 0xB3, 0x8E, 0x69, 0xC1, 0x32, 0x1F, 0x77,
    0x4D, 0x27, 0x97, 0xE8, 0x3B, 0x81, 0x56, 0x56, 0x1D, 0x03, 0x8C, 0xF1, 0xEF, 0x2F, 0x81, 0xD8,
    0x5F, 0xD7, 0xF6, 0xBD, 0xEB, 0xFA, 0x16, 0xDE, 0xCB, 0xF5, 0xFC, 0x64, 0x62, 0x44, 0x4E, 0x4A,
    0x31, 0x23, 0xB2, 0x6A, 0x16, 0x46, 0xA4, 0x73, 0xFC, 0x8C, 0x30, 0x62, 0x31, 0xA5, 0x03, 0x39,
    0x5D, 0xC8, 0x88, 0xD9, 0x46, 0x87, 0x2A, 0x0B, 0x23, 0xF6, 0x7C, 0x54, 0x3F, 0xA3, 0x96, 0xB3,
    0xF3, 0x2D, 0x8C, 0xC8, 0x09, 0x26, 0xC6, 0x8D, 0x53, 0x5C, 0xCC, 0x88, 0xA8, 0xBE, 0xAD, 0x11,
    0xE4, 0x78, 0xA3, 0xB6, 0x32, 0xA2, 0x13, 0xEF, 0x9D, 0x18, 0xF1, 0xAE, 0xE3, 0xB6, 0x63, 0x06,
    0xAF, 0x5E, 0x6C, 0x9C, 0xA5, 0xB3, 0xBB, 0x3E, 0xEE, 0x48, 0xD8, 0xF9, 0x10, 0x67, 0x05, 0xCA,
    0x45, 0xA2, 0xCE, 0x5E, 0xE0, 0x75, 0x8C, 0x28, 0xDB, 0xB2, 0xFF, 0x1D, 0xDD, 0x6B, 0x21, 0x83,
    0x96, 0xEE, 0x12, 0x6A, 0xE5, 0x90, 0xFA, 0x81, 0x63, 0x61, 0x52, 0x9A, 0xD5, 0xA7, 0x74, 0x16,
    0x27, 0x0F, 0x72, 0x3A, 0xC7, 0x46, 0x15, 0xA8, 0x9B, 0xF0, 0x48, 0x76, 0x02, 0xB1, 0xC0, 0x89,
    0xA8, 0xFA, 0x04, 0x6B, 0x29, 0xA7, 0xBE, 0x02, 0x88, 0xF5, 0x90, 0x7F, 0x32, 0x2B, 0x88, 0x25,
    0x32, 0xD5, 0xCF, 0x04, 0x44, 0xE4, 0x36, 0xB4, 0x0E, 0x04, 0x62, 0x31, 0xE5, 0x23, 0x9D, 0x72,
    0x8D, 0x20, 0x82, 0xF7, 0x3B, 0x61, 0xED, 0x98, 0x40, 0x4C, 0x71, 0x8B, 0x11, 0xB2, 0x3C, 0x49,
    0xF3, 0x9A, 0xB8, 0x85, 0x1B, 0x07, 0xE0, 0xCF, 0x81, 0xF3, 0x7A, 0x0F, 0xBF, 0x17, 0x81, 0x88,
    0xF6, 0x8D, 0xF6, 0xF1, 0x22, 0x88, 0x74, 0x76, 0x76, 0x17, 0xD2, 0x51, 0xD1, 0x41, 0xF4, 0x4E,
    0x32, 0x29, 0x77, 0x04, 0xFE, 0xC9, 0x43, 0x95, 0xF4, 0x5B, 0x0C, 0xA2, 0xB9, 0x19, 0xC4, 0xAB,
    0xDB, 0x54, 0xDB, 0x5D, 0xE8, 0x4E, 0xDF, 0x67, 0x0E, 0xD5, 0x37, 0xDE, 0xEA, 0xC0, 0xF8, 0xB1,
    0x25, 0x65, 0xF8, 0xF8, 0x7C, 0x3F, 0x46, 0x2F, 0x7D, 0xCA, 0x87, 0xA5, 0x22, 0x78, 0xE9, 0x8C,
    0xF6, 0x9C, 0xB1, 0xC3, 0xFF, 0x2F, 0x02, 0x9D, 0x1C, 0xA7, 0x4E, 0xC8, 0x09, 0x4D, 0xC0, 0x09,
    0xCD, 0xB8, 0x69, 0x29, 0x03, 0x79, 0x6F, 0xE6, 0x83, 0x3E, 0x49, 0xD3, 0xCC, 0xAC, 0xA7, 0x10,
    0x34, 0xA0, 0xC9, 0xE9, 0x43, 0xCC, 0xE0, 0x05, 0xE1, 0xA8, 0xC9, 0xE8, 0xDC, 0x75, 0x7F, 0xF0,
    0xFA, 0x1D, 0xC3, 0x67, 0x91, 0x2A, 0x2A, 0x05, 0x7B, 0x83, 0x31, 0x5C, 0x37, 0x4B, 0xED, 0x33,
    0x33, 0xED, 0x04, 0xD1, 0x12, 0x55, 0x2B, 0x53, 0xFE, 0x16, 0x0A, 0x18, 0x19, 0x76, 0x41, 0xEC,
    0x33, 0x72, 0x00, 0x05, 0xB2, 0x63, 0x2D, 0x67, 0xD3, 0x20, 0x66, 0xE0, 0xE4, 0xFE, 0x83, 0x07,
    0x0D, 0x73, 0xD0, 0x11, 0x6A, 0x16, 0xCB, 0x2C, 0x0C, 0x1B, 0x98, 0x2F, 0xBE, 0x29, 0x85, 0xDD,
    0x38, 0xDA, 0x7D, 0xC0, 0xE6, 0xA3, 0x07, 0x8B, 0xA1, 0xC8, 0x61, 0xA5, 0x2E, 0x0B, 0xE6, 0x43,
    0x02, 0x06, 0x31, 0x1F, 0xD8, 0x14, 0x24, 0x0C, 0x57, 0xFF, 0xA6, 0x77, 0x71, 0x4F, 0x74, 0x48,
    0x1A, 0x55, 0x8E, 0x73, 0xBB, 0xCC, 0x70, 0xB7, 0xF8, 0x63, 0x04, 0x28, 0xDE, 0x01, 0xA9, 0x08,
    0x52, 0x88, 0xE0, 0x21, 0xA4, 0x9E, 0x32, 0xC5, 0x30, 0xED, 0xF6, 0xBE, 0xF0, 0x72, 0x69, 0x18,
    0x01, 0xF9, 0x28, 0x76, 0x7F, 0xAC, 0x24, 0xB5, 0x78, 0x98, 0xB8, 0xD7, 0x66, 0x0F, 0xE7, 0x6D,
    0xF8, 0x53, 0xC4, 0x83, 0x0C, 0x28, 0xB8, 0xBC, 0x98, 0x68, 0x51, 0x8B, 0x5C, 0xA3, 0x92, 0xA4,
    0x0B, 0x23, 0x09, 0x54, 0x78, 0xC5, 0x90, 0x36, 0xF7, 0x37, 0x95, 0xE3, 0x43, 0x85, 0x47, 0xE6,
    0xAD, 0x02, 0x2C, 0xBE, 0xA5, 0xC5, 0xED, 0x1A, 0x0C, 0x2D, 0x84, 0xB1, 0xC0, 0x33, 0xA9, 0xDA,
    0x66, 0x14, 0xE0, 0xE5, 0x2C, 0x3B, 0x2A, 0xBC, 0xAB, 0xE9, 0xEF, 0x9D, 0xD1, 0xF1, 0x24, 0x04,
    0x30, 0xEA, 0x2A, 0x1A, 0x32, 0xC4, 0x74, 0x5A, 0x73, 0xE6, 0x41, 0x2E, 0x31, 0x92, 0xCC, 0x94,
    0x47, 0x11, 0xAA, 0x22, 0x4E, 0x36, 0x21, 0xDF, 0x44, 0xFD, 0xC7, 0xF0, 0x96, 0x2E, 0x0D, 0xB6,
    0x1A, 0x0F, 0x49, 0x48, 0x96, 0x3D, 0x5F, 0x2E, 0x7B, 0x96, 0x5D, 0xAE, 0xBA, 0x44, 0xA7, 0x7D,
    0x22, 0x3A, 0x4B, 0xEA, 0xBA, 0x16, 0xE8, 0x5D, 0x01, 0x18, 0xCF, 0x50, 0x9D, 0xF6, 0xA3, 0x76,
    0x37, 0xF2, 0xAB, 0x93, 0x73, 0x53, 0x85, 0x8C, 0x7A, 0x1C, 0xA9, 0x6E, 0xAD, 0xA8, 0xE1, 0x42,
    0x5C, 0xA5, 0x04, 0xDC, 0x51, 0x18, 0x89, 0xAF, 0x54, 0x81, 0xB3, 0x98, 0xA9, 0x73, 0x0A, 0x6E,
    0x57, 0x8A, 0x23, 0x59, 0x17, 0xBC, 0x8A, 0x01, 0x3F, 0x93, 0x96, 0x05, 0xF7, 0xF8, 0xD1, 0x88,
    0x56, 0xA5, 0xC4, 0x93, 0x45, 0xE5, 0xEC, 0x4C, 0x3C, 0xAB, 0xB9, 0x4B, 0xA9, 0x8D, 0x83, 0x0D,
    0x15, 0x88, 0x8D, 0xC3, 0x03, 0xDE, 0x84, 0xE7, 0x5D, 0xFA, 0xF4, 0xE9, 0xD1, 0x33, 0x7D, 0xFF,
    0xFE, 0x4C, 0xFC, 0xCC, 0x5C, 0x5F, 0xFD, 0x6E, 0xB6, 0x47, 0x6F, 0xAC, 0xB2, 0x6D, 0xAE, 0x8E,
    0xB1, 0x73, 0x5A, 0x1C, 0x63, 0xE7, 0x94, 0xA3, 0xE3, 0xAF, 0xC0, 0x39, 0xED, 0x35, 0xE2, 0x4B,
    0x38, 0x1F, 0xEB, 0xC7, 0x74, 0xB7, 0xE0, 0x3D, 0x35, 0x5D, 0xB4, 0x91, 0xFE, 0x87, 0x6E, 0x89,
    0x58, 0xBE, 0xA9, 0x59, 0x81, 0xC9, 0xC9, 0x77, 0x0B, 0xF6, 0x9A, 0xF6, 0x1E, 0x67, 0x98, 0x3E,
    0xDD, 0x25, 0xA6, 0x61, 0x00, 0x72, 0x3D, 0xF2, 0xA4, 0xFA, 0xA5, 0x10, 0x25, 0x95, 0xC3, 0xAD,
    0xD5, 0xBB, 0xA6, 0x94, 0x62, 0xAE, 0xD5, 0x3B, 0x7D, 0xB1, 0xA3, 0x7F, 0x2F, 0x55, 0xC3, 0xA0,
    0x07, 0xD6, 0x94, 0xE3, 0x1F, 0xF4, 0x8A, 0xF9, 0x00, 0xE1, 0x63, 0x49, 0xEE, 0x01, 0xA1, 0x8E,
    0x67, 0x31, 0x74, 0x7C, 0x77, 0x19, 0xE1, 0x4E, 0x31, 0x58, 0x49, 0x07, 0x04, 0x12, 0xF2, 0xF4,
    0x1D, 0x4B, 0x3A, 0x27, 0x9C, 0x3D, 0x2C, 0x1A, 0xFF, 0x23, 0x9F, 0x20, 0xE9, 0xA4, 0xF7, 0xA0,
    0x1C, 0xBC, 0xDA, 0xC9, 0x57, 0xD0, 0x4F, 0x51, 0x5B, 0x09, 0x6D, 0x9D, 0x8E, 0x2E, 0x27, 0x65,
    0x58, 0x86, 0x10, 0x22, 0xDC, 0x02, 0x5D, 0x24, 0x05, 0x99, 0xBD, 0xA2, 0x89, 0x84, 0xA2, 0x1C,
    0x4E, 0xAD, 0xC5, 0x49, 0xB1, 0x78, 0x9E, 0xF3, 0x61, 0x2E, 0xAE, 0xD9, 0x67, 0x63, 0x55, 0x2F,
    0x4A, 0x13, 0x49, 0xBC, 0xD4, 0xC3, 0xE9, 0x76, 0xC6, 0xB8, 0x67, 0x31, 0x1F, 0xBF, 0xA8, 0x0D,
    0x9E, 0x23, 0x93, 0xC2, 0x34, 0x5B, 0x14, 0xBC, 0x05, 0x4F, 0x0D, 0xCA, 0x9C, 0xF2, 0x39, 0x80,
    0x64, 0x83, 0xF1, 0xA2, 0x51, 0xB5, 0xC1, 0xBC, 0x3D, 0xE7, 0x94, 0x0D, 0x3E, 0xFF, 0xCA, 0x6D,
    0x70, 0x12, 0x62, 0x6D, 0xAD, 0xFE, 0x7C, 0x61, 0x1B, 0x7C, 0xE2, 0x27, 0x0E, 0xB4, 0x8B, 0xE9,
    0x74, 0x1D, 0x28, 0xDE, 0x99, 0x68, 0xCD, 0xCD, 0x74, 0xDC, 0xA3, 0x5A, 0x5E, 0xF3, 0xF9, 0x34,
    0xF3, 0xE7, 0x6B, 0x96, 0xE3, 0x8F, 0xE0, 0x18, 0x97, 0x69, 0x3C, 0xE7, 0xC9, 0xEB, 0xC8, 0xB6,
    0x09, 0x72, 0xFB, 0xFA, 0x10, 0x64, 0xF6, 0xAF, 0xA7, 0x20, 0xAF, 0x3F, 0x0E, 0x91, 0xA4, 0xFD,
    0xFE, 0xE2, 0x03, 0x49, 0xEB, 0xD7, 0x0E, 0x5D, 0xE7, 0x0B, 0xF5, 0x03, 0x40, 0xA0, 0x5A, 0x59,
    0x3B, 0x34, 0x1E, 0x5E, 0x2E, 0xB1, 0xA7, 0x5A, 0xD6, 0x0E, 0xBF, 0x41, 0x2F, 0x6B, 0x57, 0xF3,
    0xE1, 0x53, 0xB4, 0x76, 0xD8, 0xDA, 0xB2, 0x86, 0x02, 0x7A, 0x16, 0x36, 0xDC, 0x4B, 0x9D, 0xED,
    0x0E, 0xDB, 0x2B, 0x6F, 0xFE, 0xC5, 0x89, 0xC8, 0xF8, 0x80, 0xE7, 0x87, 0xCF, 0xE7, 0x3F, 0xED,
    0x0C, 0xFF, 0x2E, 0xE9, 0xB1, 0x28, 0x44, 0x45, 0x7C, 0x8C, 0x33, 0x0D, 0xD4, 0xE0, 0xF3, 0x40,
    0xCC, 0x3D, 0xDD, 0x99, 0x24, 0xC6, 0x9E, 0x2F, 0x4D, 0x52, 0x53, 0x4F, 0xB7, 0x26, 0xA9, 0xA1,
    0xA7, 0x6B, 0x93, 0x18, 0x35, 0xB9, 0x37, 0x49, 0x8C, 0xBC, 0x5C, 0x9C, 0x24, 0x3C, 0xCF, 0x37,
    0x27, 0xB1, 0x81, 0x97, 0xAB, 0x93, 0xD8, 0x96, 0xC8, 0xDD, 0x49, 0x62, 0xDC, 0x1B, 0xCE, 0xE6,
    0xD3, 0xD4, 0xF5, 0xF6, 0x24, 0x76, 0xD8, 0xA3, 0xEB, 0x93, 0xF6, 0xF7, 0x27, 0xF9, 0x0B, 0x94,
    0xEE, 0x88, 0x37, 0x75, 0x88, 0x1C, 0xF6, 0xF5, 0xEB, 0x76, 0xD8, 0xAF, 0x57, 0x16, 0xC1, 0x61,
    0xA7, 0xDB, 0x91, 0x82, 0xB2, 0x08, 0x0E, 0xBB, 0x89, 0x1D, 0xF6, 0xE4, 0x3A, 0x87, 0xFD, 0x3C,
    0x52, 0x16, 0x6B, 0x50, 0x16, 0x26, 0x52, 0x16, 0x69, 0xA4, 0x2C, 0xF2, 0x48, 0x59, 0x04, 0x51,
    0xBD, 0xDE, 0x61, 0x3F, 0x06, 0x65, 0xE1, 0x3E, 0xB7, 0xB2, 0x88, 0x0E, 0xDD, 0xC5, 0x2D, 0xF0,
    0x6C, 0x74, 0xE9, 0xF2, 0x76, 0xA6, 0xDF, 0xA2, 0xAC, 0x2C, 0x63, 0x28, 0xD7, 0xB7, 0x73, 0xB8,
    0xCD, 0xF7, 0xB7, 0xF3, 0x2E, 0x60, 0xBA, 0xC0, 0x9D, 0x31, 0xAC, 0xE9, 0x06, 0x77, 0xC6, 0xB0,
    0xA6, 0x2B, 0xDC, 0xD5, 0xDD, 0xC4, 0x10, 0x4D, 0x18, 0x90, 0xF2, 0x11, 0xC2, 0x7F, 0x74, 0x8B,
    0x3B, 0x63, 0xC8, 0xD7, 0xB8, 0x8B, 0xD0, 0x32, 0xCD, 0x42, 0xCB, 0x17, 0xB9, 0x33, 0xEF, 0xF1,
    0x4D, 0xEE, 0xCC, 0x7A, 0x1C, 0x08, 0x7B, 0xCF, 0xBD, 0x8D, 0x1C, 0xF7, 0x36, 0xA4, 0x2A, 0x76,
    0xD7, 0xB2, 0x5F, 0xA1, 0xEF, 0x04, 0x5A, 0xB1, 0x6A, 0x2F, 0x05, 0xDA, 0x5F, 0x46, 0x68, 0xE7,
    0xAB, 0x77, 0x1C, 0x50, 0x45, 0xF5, 0x71, 0x10, 0x5A, 0xDA, 0x12, 0x2D, 0x42, 0xDB, 0xD1, 0x36,
    0x31, 0x85, 0x2C, 0x9B, 0xF3, 0xE0, 0x9F, 0x67, 0x28, 0x6A, 0x02, 0x1A, 0x36, 0x24, 0xB5, 0xDE,
    0x37, 0xCF, 0xC8, 0xFF, 0x10, 0xCF, 0x3C, 0xBD, 0x67, 0xBC, 0xD0, 0x2E, 0xAC, 0xB0, 0x19, 0xB8,
    0x8D, 0x07, 0xC1, 0x27, 0xB7, 0xB1, 0x47, 0xDE, 0x46, 0xFE, 0xB8, 0xD7, 0x78, 0x80, 0x42, 0xBC,
    0xB5, 0xD3, 0xC5, 0x5B, 0xD8, 0x2A, 0xA9, 0x63, 0x7A, 0x3F, 0xFC, 0x32, 0x50, 0xCF, 0x25, 0xB4,
    0x37, 0x34, 0xA9, 0xBB, 0x8E, 0xEF, 0x98, 0xE7, 0xC1, 0x8F, 0xF9, 0x92, 0x79, 0x49, 0x49, 0xCA,
    0x2D, 0xF3, 0xCC, 0x81, 0x72, 0xCD, 0x3C, 0x0D, 0x6A, 0xBE, 0x67, 0x5E, 0xF8, 0x91, 0x2F, 0x9A,
    0x67, 0x78, 0x2B, 0xBE, 0x69, 0x9E, 0xE1, 0x95, 0xAB, 0xE6, 0x25, 0x13, 0xC4, 0x77, 0xCD, 0xAB,
    0x21, 0xA1, 0xCB, 0xE6, 0xC5, 0x92, 0xF0, 0x6D, 0xF3, 0x0C, 0xAF, 0x5E, 0x37, 0x4F, 0xF0, 0xEA,
    0x7D, 0xF3, 0x0C, 0xAF, 0x5C, 0x38, 0xCF, 0xF0, 0xCA, 0x8D, 0xF3, 0x0C, 0xAF, 0x5E, 0x39, 0xCF,
    0xAC, 0x29, 0x77, 0xCE, 0x33, 0x6F, 0xEE, 0x2E, 0x9D, 0xDF, 0xDD, 0x3A, 0xAF, 0xD7, 0xCE, 0xDF,
    0x11, 0xB7, 0x6F, 0x88, 0x40, 0x24, 0xFF, 0x4E, 0xE1, 0xB5, 0xC3, 0xF3, 0xE9, 0xC4, 0xDD, 0x61,
    0x86, 0xED, 0x15, 0x06, 0x0D, 0xED, 0xB4, 0x4A, 0x4B, 0x4A, 0x97, 0x6E, 0xA3, 0x67, 0xF8, 0x32,
    0xBA, 0x8E, 0x9E, 0xD1, 0xE3, 0xFB, 0xE8, 0x05, 0x3C, 0xBA, 0x90, 0x5E, 0xB2, 0xE7, 0x74, 0x23,
    0xBD, 0xC8, 0x33, 0x5D, 0x49, 0x2F, 0x8C, 0xC9, 0x77, 0xD2, 0x73, 0xF6, 0x87, 0x2F, 0xA5, 0x97,
    0xC0, 0x84, 0x6E, 0xA5, 0x27, 0xD8, 0xE4, 0x5A, 0x7A, 0x42, 0x4D, 0xAB, 0x71, 0x04, 0x9A, 0x5C,
    0x4C, 0x2F, 0xF2, 0x9C, 0xC6, 0x7D, 0x16, 0x31, 0xBD, 0x44, 0xF2, 0x1C, 0x87, 0x7D, 0x6B, 0x04,
    0xD7, 0xF9, 0x0D, 0xF2, 0xDC, 0xD1, 0x65, 0xF5, 0x42, 0x5B, 0xBE, 0xB8, 0x9E, 0x4B, 0xC1, 0x74,
    0x5D, 0x3D, 0xCB, 0xEF, 0x1A, 0xDD, 0xA2, 0x4C, 0x17, 0xD6, 0x8B, 0xC3, 0x42, 0x37, 0xD6, 0x8B,
    0xC3, 0x42, 0x57, 0xD6, 0x8B, 0xC3, 0x42, 0x77, 0xD6, 0x8B, 0xC3, 0x42, 0x97, 0xD6, 0x8B, 0xFD,
    0xE0, 0xF3, 0x9C, 0xB4, 0xCE, 0x60, 0x14, 0x2B, 0xB9, 0xB7, 0x9E, 0x6B, 0x0C, 0x6C, 0x27, 0x08,
    0x2B, 0xB9, 0xB9, 0x5E, 0x92, 0x8D, 0x8B, 0xB7, 0x1F, 0x7A, 0x77, 0x3D, 0x33, 0x18, 0x5F, 0x5E,
    0xCF, 0x58, 0x45, 0xB7, 0xD7, 0xEF, 0xAE, 0xAF, 0x97, 0xFB, 0xEB, 0x19, 0xAB, 0x2A, 0xC2, 0x2A,
    0x8F, 0xA2, 0xE7, 0x2C, 0xC6, 0xF0, 0x67, 0xD7, 0xE9, 0xBE, 0xEB, 0xF8, 0x6A, 0x09, 0x8A, 0x2F,
    0xBE, 0x71, 0xDA, 0x63, 0xC5, 0xB4, 0x38, 0x77, 0x04, 0x23, 0x63, 0x55, 0x3F, 0x34, 0x8B, 0x0F,
    0x7D, 0x71, 0x5E, 0x8C, 0x55, 0xCE, 0x57, 0xD8, 0x73, 0x10, 0x76, 0xA4, 0x79, 0x49, 0x00, 0x46,
    0x97, 0x5E, 0x69, 0xF0, 0x55, 0x2F, 0x21, 0xF0, 0x2A, 0x14, 0xAB, 0x92, 0x4F, 0x99, 0x25, 0xAC,
    0x0A, 0xD9, 0xED, 0x8D, 0x58, 0xC9, 0xF5, 0xBC, 0x8C, 0xD5, 0x1A, 0x05, 0x35, 0x2F, 0x9D, 0x08,
    0x76, 0x4E, 0xF0, 0x55, 0x9C, 0x69, 0x58, 0x6E, 0xB2, 0xB5, 0x45, 0xA4, 0x3D, 0x77, 0x74, 0x17,
    0x6E, 0x86, 0x26, 0x5A, 0xF0, 0xBC, 0x42, 0xB7, 0x11, 0x2D, 0x75, 0xD0, 0x2B, 0xB4, 0xD4, 0x43,
    0x89, 0x96, 0x5A, 0x28, 0xD1, 0x52, 0x07, 0x25, 0x5A, 0x6A, 0xA0, 0x4C, 0x73, 0xFD, 0x93, 0x68,
    0xA9, 0x7D, 0xF2, 0x67, 0x72, 0xDD, 0x93, 0x69, 0xA9, 0x79, 0x12, 0xCD, 0xF5, 0x4E, 0xA1, 0xA9,
    0xD6, 0xC9, 0x34, 0xD7, 0x39, 0x99, 0xE6, 0x1A, 0x27, 0xD3, 0x5C, 0xDF, 0x94, 0xEF, 0x49, 0xB5,
    0x4D, 0xA1, 0xA9, 0xAE, 0x29, 0x34, 0xD5, 0x34, 0x15, 0x07, 0xAC, 0x67, 0x9E, 0xC0, 0xEA, 0x8D,
    0xD3, 0x35, 0xCC, 0xB8, 0x7E, 0xB9, 0xAB, 0x5D, 0xEE, 0xEB, 0x96, 0x71, 0xCD, 0x72, 0x57, 0xAF,
    0x8C, 0x6B, 0x95, 0x71, 0x9D, 0xF2, 0x19, 0x35, 0xCA, 0xDD, 0x66, 0x44, 0x83, 0x97, 0x5B, 0xF7,
    0x7A, 0xB6, 0x1E, 0x1E, 0x24, 0x2F, 0x03, 0xCA, 0x5A, 0xAC, 0xAD, 0x6F, 0x1E, 0x39, 0xF4, 0x22,
    0x10, 0x10, 0xF3, 0x95, 0xC7, 0x73, 0xAD, 0x60, 0xE0, 0x81, 0x70, 0xE7, 0x22, 0x12, 0x28, 0x08,
    0xEE, 0x5C, 0x3D, 0x01, 0x3C, 0xCF, 0x5C, 0x95, 0x6D, 0x05, 0xA6, 0xEE, 0xA9, 0xA6, 0x28, 0x72,
    0x70, 0xC2, 0xDE, 0xD5, 0x62, 0x65, 0x92, 0xAC, 0xCE, 0x67, 0xE9, 0xE8, 0x04, 0xAE, 0xF3, 0x10,
    0xF5, 0x8C, 0x3E, 0x64, 0xA5, 0x46, 0x18, 0x75, 0x43, 0x89, 0x67, 0xCF, 0x7D, 0xF5, 0xEC, 0x48,
    0x03, 0x31, 0x55, 0x07, 0xD6, 0x90, 0xEA, 0x45, 0xD1, 0x40, 0xDD, 0xA8, 0x5D, 0xB3, 0xE9, 0x89,
    0xC1, 0x1D, 0x73, 0x42, 0xC5, 0x9E, 0xC7, 0x9E, 0xC0, 0xF9, 0xF3, 0x99, 0xAA, 0xCB, 0x3D, 0xC8,
    0xBB, 0x26, 0x64, 0xA7, 0x0E, 0xE8, 0x16, 0xBB, 0x54, 0x14, 0xBF, 0x3D, 0xF4, 0x91, 0x63, 0xBD,
    0x50, 0xB9, 0x43, 0xD4, 0x4B, 0x8A, 0xD5, 0xA3, 0x50, 0x89, 0xB4, 0xC3, 0xD9, 0x6D, 0x35, 0x5D,
    0xD8, 0x63, 0x02, 0x6E, 0x6F, 0x27, 0x86, 0x1F, 0x1C, 0x8A, 0x33, 0xB4, 0xDC, 0x04, 0x27, 0xF6,
    0xAF, 0xD1, 0x4E, 0x56, 0xAE, 0x5F, 0xE0, 0x15, 0x79, 0xE8, 0x9B, 0xB3, 0x5A, 0x9E, 0x64, 0xC4,
    0x8A, 0x19, 0x82, 0xF4, 0x33, 0xE4, 0x1F, 0x36, 0x63, 0xC0, 0x07, 0x67, 0xB9, 0x93, 0x1A, 0x06,
    0x9E, 0x54, 0x7C, 0x46, 0x8E, 0x79, 0xCD, 0xFD, 0xCD, 0xE3, 0x59, 0x31, 0x47, 0x0A, 0xFA, 0x6C,
    0x57, 0xFA, 0xDD, 0x8D, 0xF4, 0x5E, 0x1F, 0x06, 0xB6, 0xD8, 0x62, 0x4F, 0x4A, 0x8E, 0x2E, 0xCC,
    0x76, 0xC7, 0x17, 0xDF, 0x94, 0x5D, 0xF3, 0x25, 0x35, 0x13, 0xF6, 0x76, 0x68, 0x72, 0x95, 0x9F,
    0xDA, 0x50, 0x21, 0xCA, 0x43, 0x1B, 0x28, 0xB4, 0x71, 0x42, 0x1B, 0x26, 0xB4, 0x51, 0x42, 0x1B,
    0x24, 0xB4, 0x31, 0x42, 0x1B, 0x22, 0xB4, 0x11, 0xC2, 0x37, 0x40, 0x68, 0xE3, 0x83, 0x36, 0x3C,
    0x68, 0xA3, 0x83, 0x6F, 0x70, 0x78, 0x59, 0x36, 0x31, 0xF7, 0xCD, 0x5D, 0x3E, 0x82, 0xA5, 0x6B,
    0xC9, 0x5E, 0xF5, 0xAF, 0x39, 0xBA, 0xAD, 0xE0, 0xE5, 0x7A, 0xD6, 0xF3, 0xF4, 0xE4, 0xE9, 0xF8,
    0xFA, 0xF4, 0xB4, 0x3F, 0x2A, 0x22, 0x7A, 0x62, 0xE2, 0x62, 0x82, 0x2D, 0x13, 0xDB, 0x15, 0xF3,
    0xD3, 0xB6, 0x1B, 0xC4, 0xBC, 0xB5, 0x9E, 0x76, 0xD6, 0x4D, 0x14, 0x61, 0x7F, 0xA3, 0x81, 0xE5,
    0xD0, 0x08, 0x1B, 0x3C, 0xF4, 0xC5, 0x3B, 0xEB, 0x35, 0x36, 0x68, 0xAA, 0xB3, 0x6E, 0xBB, 0xCA,
    0xF9, 0x08, 0xBB, 0x1E, 0xDA, 0xB6, 0xD1, 0x08, 0xBB, 0x74, 0x1B, 0x9D, 0x8E, 0x45, 0x11, 0x76,
    0x81, 0xAF, 0xF5, 0x81, 0x62, 0xDF, 0x71, 0x72, 0x92, 0x8F, 0x12, 0x31, 0xBE, 0x24, 0xD6, 0xF3,
    0x40, 0x9C, 0xF5, 0x8E, 0x53, 0x66, 0xC4, 0x4D, 0xB8, 0xDD, 0xDC, 0x47, 0xD8, 0xC5, 0x1C, 0x1F,
    0xEB, 0xEA, 0xBA, 0x7C, 0x8D, 0x97, 0x3F, 0x44, 0xD8, 0xE5, 0xAE, 0x42, 0x71, 0xFF, 0xF1, 0x17,
    0x89, 0xB0, 0x9F, 0xD1, 0x2C, 0x4C, 0xFE, 0xB8, 0xD4, 0x45, 0xB9, 0x76, 0x87, 0x1D, 0xF9, 0x22,
    0x98, 0xFD, 0x14, 0x52, 0xB1, 0x05, 0xF6, 0x5C, 0x8B, 0x50, 0xE2, 0x06, 0x2C, 0x2F, 0x92, 0x48,
    0xAB, 0x27, 0x4E, 0xA9, 0x54, 0x29, 0x64, 0x6F, 0x3E, 0xCC, 0xC1, 0x0A, 0x8E, 0xA6, 0x5C, 0x53,
    0x47, 0xB7, 0x45, 0xB2, 0x37, 0x09, 0x91, 0xBA, 0x15, 0xCD, 0x06, 0x1C, 0xD7, 0x6A, 0xFF, 0x05,
    0xDE, 0xA0, 0xE8, 0x44, 0xAF, 0xE1, 0x55, 0xE2, 0x4E, 0x04, 0x30, 0x9B, 0x43, 0xE1, 0x10, 0x8D,
    0x87, 0x87, 0x4F, 0x77, 0x11, 0xDC, 0xE1, 0x6E, 0x47, 0xAB, 0xA8, 0xA4, 0xDC, 0xFE, 0xE7, 0x9D,
    0xEF, 0x9B, 0xA3, 0xC3, 0xD0, 0xE3, 0x14, 0xBA, 0x9B, 0xB4, 0xAF, 0x89, 0x02, 0xB4, 0x54, 0x6E,
    0xEB, 0x50, 0xDB, 0x7D, 0x50, 0xE1, 0x0B, 0xFD, 0x4B, 0xA1, 0x73, 0x29, 0xF4, 0x2C, 0x85, 0x6E,
    0xA5, 0xD0, 0xA7, 0x54, 0x78, 0x41, 0x0C, 0xA2, 0x98, 0x4D, 0x2A, 0x8C, 0xD9, 0xA4, 0xE2, 0x48,
    0xDD, 0xC0, 0x34, 0x42, 0x8A, 0x45, 0x92, 0x9C, 0x7E, 0x12, 0x4A, 0x3E, 0xC5, 0x9F, 0xAE, 0x05,
    0x9E, 0xB4, 0xE3, 0x88, 0x6D, 0x23, 0xDA, 0x66, 0xDF, 0xED, 0x5F, 0xBA, 0x4B, 0xD6, 0xF5, 0x65,
    0x76, 0x3C, 0x76, 0x59, 0xE0, 0xB0, 0x37, 0x20, 0xFC, 0xEE, 0xE5, 0x2F, 0xA1, 0x92, 0x2E, 0xE8,
    0xD8, 0x3D, 0x56, 0x45, 0xF0, 0xCC, 0xE9, 0xCC, 0x17, 0x40, 0xC1, 0xD1, 0x01, 0xD7, 0x8E, 0x76,
    0xE7, 0xAF, 0x74, 0xCB, 0x30, 0x9D, 0x4A, 0xC0, 0xAA, 0xA8, 0x61, 0x55, 0x44, 0x07, 0x89, 0x8D,
    0xA1, 0x97, 0x8C, 0x8A, 0xF7, 0xA4, 0x8A, 0x0E, 0xCC, 0x04, 0x56, 0x92, 0xD4, 0xB9, 0x26, 0xAB,
    0xEB, 0x8D, 0xB7, 0xA5, 0xDD, 0xE1, 0x3E, 0x4D, 0x62, 0x52, 0x3E, 0x98, 0x76, 0x37, 0x86, 0x55,
    0x8F, 0xB7, 0xAD, 0x6D, 0xE6, 0x36, 0x5D, 0x52, 0xD7, 0xCB, 0xF5, 0x74, 0xB5, 0x4E, 0x2B, 0xBA,
    0x92, 0xAE, 0x0F, 0xA9, 0xD5, 0xE7, 0xDE, 0x7B, 0x13, 0x6E, 0x6D, 0x34, 0xBB, 0x41, 0x70, 0xA8,
    0x83, 0x6C, 0xD5, 0x73, 0x3A, 0xAB, 0x70, 0x81, 0x04, 0xBC, 0x8D, 0x7B, 0x6F, 0xC4, 0x7B, 0xA0,
    0x6F, 0x23, 0xAA, 0x09, 0xB4, 0x11, 0x39, 0xC1, 0x5C, 0xDA, 0x48, 0xE9, 0x42, 0x14, 0x0E, 0x41,
    0x06, 0x96, 0x3C, 0x36, 0x76, 0x03, 0x38, 0x39, 0x2A, 0x62, 0xC4, 0x09, 0x5E, 0xC6, 0x96, 0x28,
    0x8F, 0x40, 0x6D, 0xB7, 0x56, 0xBD, 0x87, 0x9E, 0x5B, 0x30, 0x58, 0x35, 0x55, 0xCD, 0x8D, 0x3B,
    0x6C, 0xEE, 0x98, 0x13, 0x22, 0x15, 0xCB, 0xDA, 0x55, 0x61, 0x3B, 0x99, 0x47, 0xC8, 0x86, 0x7D,
    0x45, 0x4F, 0x1B, 0xB3, 0x53, 0xF7, 0x03, 0x9F, 0x17, 0x5C, 0x2A, 0xF7, 0x20, 0x24, 0x06, 0x6D,
    0xC8, 0x0C, 0xA2, 0xE2, 0x72, 0xBE, 0x19, 0x02, 0x14, 0xAA, 0xF5, 0xCD, 0x10, 0xF9, 0x4C, 0x0D,
    0xE0, 0x0C, 0x6F, 0x4E, 0x59, 0x3A, 0x8D, 0xEE, 0x16, 0xB9, 0x4B, 0x87, 0x5A, 0xC9, 0x48, 0x7E,
    0xB4, 0x58, 0x67, 0xE9, 0x68, 0x4E, 0x86, 0x77, 0x29, 0x57, 0x3E, 0xDD, 0x03, 0xA3, 0x96, 0x7B,
    0xC9, 0xB9, 0x0A, 0xE6, 0xA2, 0xC5, 0x46, 0xC9, 0x6F, 0xF1, 0xC0, 0x27, 0xB8, 0x42, 0xE1, 0x54,
    0x6B, 0x92, 0xEA, 0x9C, 0x85, 0xA2, 0xA9, 0xB9, 0xF9, 0x28, 0xA7, 0x3B, 0xD1, 0x40, 0x41, 0xE4,
    0xC1, 0x76, 0xE2, 0x5F, 0x9E, 0xA5, 0xF9, 0x6F, 0x6C, 0xCB, 0x29, 0xB7, 0xB8, 0x2D, 0x87, 0xEF,
    0x74, 0x16, 0x10, 0xEF, 0x6E, 0xA1, 0x2D, 0x07, 0xF3, 0x22, 0xBE, 0x2D, 0x07, 0x9B, 0xAE, 0x7C,
    0x5B, 0x0E, 0xCE, 0x37, 0xB4, 0xE5, 0x54, 0x8E, 0xBA, 0x7D, 0xD5, 0x25, 0xA3, 0x4B, 0xB3, 0xD8,
    0x23, 0x93, 0xAE, 0x0F, 0xEF, 0x90, 0xB5, 0xC6, 0x07, 0xCA, 0x4D, 0x68, 0xCB, 0xD1, 0xFB, 0xD4,
    0xD9, 0x1B, 0xBB, 0x2F, 0x37, 0xAA, 0x33, 0x88, 0x72, 0xA7, 0xBA, 0xF8, 0x62, 0x6B, 0xCC, 0x95,
    0x7D, 0x7C, 0xB4, 0x55, 0xF5, 0xD5, 0xB5, 0xE5, 0x3C, 0xC7, 0x7E, 0x10, 0xB2, 0xA0, 0x7A, 0x2E,
    0x2C, 0x9B, 0x50, 0xDA, 0xB4, 0xA1, 0x20, 0xD2, 0x26, 0x04, 0x05, 0x71, 0x29, 0x3E, 0xF0, 0x9C,
    0x68, 0xCE, 0xEC, 0xD3, 0x50, 0x19, 0xF9, 0x1E, 0x5E, 0x75, 0xA5, 0x76, 0xB4, 0x5E, 0xEA, 0xC9,
    0x87, 0x09, 0x15, 0x9D, 0x56, 0x27, 0x61, 0x42, 0x39, 0x46, 0x9C, 0xC8, 0xBB, 0xA9, 0x59, 0xD0,
    0x1B, 0xDB, 0x79, 0x4E, 0xAC, 0x0E, 0x7D, 0xE0, 0xC4, 0xC2, 0x2D, 0x81, 0x13, 0x53, 0x77, 0x8C,
    0x38, 0x91, 0x3A, 0xDB, 0xFF, 0x85, 0x38, 0xB1, 0x89, 0xE9, 0xF6, 0x0A, 0x1B, 0x6A, 0x3F, 0x2C,
    0x97, 0x58, 0xB1, 0x8C, 0x26, 0xF8, 0xB5, 0x98, 0x31, 0xD7, 0xB6, 0x1C, 0xBA, 0xFC, 0x88, 0x33,
    0x5A, 0xB3, 0xF1, 0x3D, 0x4D, 0x39, 0x9D, 0xF8, 0x23, 0x99, 0x07, 0xBE, 0xD7, 0x8C, 0x33, 0x5A,
    0x23, 0x95, 0x58, 0x04, 0x39, 0xA2, 0x55, 0x84, 0xF1, 0x35, 0x2A, 0xC1, 0xF5, 0x10, 0x04, 0x18,
    0x4F, 0xC8, 0xE1, 0x52, 0xEF, 0x6F, 0xEE, 0x6F, 0xCA, 0x79, 0xA5, 0xF4, 0x8F, 0x20, 0x66, 0x45,
    0x74, 0x21, 0xDE, 0xA5, 0x1B, 0x89, 0x8F, 0x81, 0xEB, 0x76, 0x4C, 0xD7, 0x46, 0xCD, 0x74, 0x45,
    0x94, 0x79, 0x60, 0x33, 0x26, 0x60, 0xBD, 0x72, 0x6D, 0x67, 0xED, 0xEF, 0x4B, 0x4C, 0x5F, 0xA0,
    0xC4, 0xF4, 0xC6, 0xBE, 0x8B, 0xFA, 0x9A, 0x7C, 0xC2, 0xEE, 0x5F, 0x2E, 0x9D, 0x29, 0xFF, 0xFB,
    0xB2, 0xD4, 0xB3, 0xCA, 0x52, 0x2F, 0x5F, 0xD3, 0x45, 0x10, 0xB7, 0x0A, 0xF4, 0xD1, 0xEF, 0x5F,
    0xFE, 0x5C, 0x01, 0x89, 0xDA, 0x24, 0xCD, 0x15, 0xD8, 0x28, 0x53, 0x60, 0xA3, 0x3C, 0x81, 0x8D,
    0xB2, 0x04, 0x36, 0xCA, 0x11, 0xD8, 0x60, 0x8D, 0x1A, 0x1B, 0x8C, 0x91, 0x0F, 0x48, 0x0A, 0xFE,
    0x7C, 0x6F, 0x8A, 0xEC, 0xDE, 0x12, 0xC5, 0x86, 0x48, 0xB3, 0x02, 0x9D, 0xBD, 0x64, 0x86, 0xAE,
    0x58, 0xA1, 0x17, 0xA2, 0x7B, 0x23, 0xED, 0xC0, 0x36, 0xE8, 0x0E, 0x39, 0xD5, 0xB9, 0x53, 0x0C,
    0xDB, 0x81, 0x84, 0x9E, 0xB0, 0x7D, 0x81, 0xD9, 0xFF, 0xE6, 0x72, 0xD5, 0x0D, 0xF9, 0x95, 0x8B,
    0xD0, 0x36, 0x62, 0x7D, 0x7B, 0x07, 0x6A, 0xD0, 0x68, 0xC4, 0x73, 0xC7, 0x51, 0x3A, 0xD1, 0x56,
    0x14, 0x1A, 0xF5, 0xC8, 0xA0, 0x2E, 0xD9, 0x78, 0xD4, 0x62, 0xCA, 0x7F, 0xE5, 0x1D, 0x4D, 0x17,
    0x78, 0x28, 0xD6, 0x4A, 0x77, 0xC8, 0xF1, 0xFB, 0xDA, 0xA6, 0x07, 0x0E, 0xAC, 0x64, 0x64, 0xE9,
    0xEC, 0x16, 0x3A, 0xA1, 0x0B, 0xAF, 0x8A, 0x6A, 0xEA, 0x21, 0x8C, 0x6C, 0x83, 0x3E, 0xA7, 0x7F,
    0x25, 0x5F, 0x37, 0x21, 0xFF, 0x46, 0x97, 0x78, 0x99, 0xF6, 0x48, 0x23, 0xEA, 0x4F, 0x3B, 0xA4,
    0xB8, 0x4B, 0x0A, 0x1B, 0x7C, 0x66, 0x82, 0x77, 0xEE, 0x2D, 0x9D, 0xE8, 0xCD, 0x1B, 0x08, 0x0F,
    0xD8, 0x60, 0x6B, 0xB9, 0x74, 0x55, 0x3F, 0xA6, 0x1B, 0x38, 0x4B, 0xBF, 0xEF, 0x16, 0x25, 0x39,
    0xBA, 0xDD, 0x64, 0xBF, 0xAF, 0xA1, 0xBD, 0xE2, 0x69, 0xBE, 0xB0, 0xDB, 0x4A, 0xD1, 0xBE, 0x15,
    0x6F, 0xDF, 0xED, 0xDF, 0x89, 0xCF, 0x4C, 0x69, 0x3B, 0x3B, 0xC5, 0x9C, 0xBB, 0x3F, 0x2E, 0x35,
    0xD9, 0xEF, 0xB8, 0xD8, 0x5D, 0xFB, 0xBD, 0xEB, 0xAB, 0x80, 0x97, 0x0E, 0x37, 0x6E, 0x9B, 0x78,
    0x96, 0x67, 0xA1, 0x2D, 0xED, 0x63, 0xD4, 0xC2, 0x43, 0x27, 0x51, 0x62, 0x44, 0xDD, 0xF8, 0x6D,
    0x40, 0xC8, 0xDD, 0xFC, 0xA1, 0x0D, 0xC5, 0xD7, 0x47, 0xE0, 0xFA, 0x4F, 0x3E, 0xEA, 0x0F, 0x7C,
    0x5E, 0x69, 0x82, 0xF7, 0xCE, 0x63, 0xD6, 0x10, 0x2F, 0xE2, 0x29, 0x5D, 0x07, 0x31, 0x2A, 0xC5,
    0xE9, 0xE9, 0xDC, 0xD2, 0x56, 0xA7, 0x55, 0x06, 0x1D, 0x0E, 0x2E, 0xE8, 0x3D, 0x93, 0x9D, 0xFD,
    0xA0, 0x9C, 0x2A, 0x7C, 0x0F, 0xBF, 0xCC, 0x0E, 0x49, 0x7F, 0x2C, 0x46, 0xCC, 0x8D, 0x6E, 0x08,
    0x43, 0x01, 0x81, 0x1B, 0x5F, 0x68, 0x4C, 0x97, 0xFC, 0xFE, 0xE3, 0x48, 0x21, 0x05, 0x79, 0xE4,
    0xD5, 0x27, 0x63, 0xD8, 0x79, 0x9E, 0xED, 0x8E, 0xBB, 0x96, 0xC1, 0x4B, 0x31, 0x7C, 0x2E, 0xEE,
    0x74, 0xE1, 0xB5, 0x28, 0xC7, 0xAB, 0xCB, 0xFA, 0x6D, 0xF3, 0x7C, 0xED, 0xFB, 0xFF, 0xD1, 0xA4,
    0x9D, 0xB6, 0xEF, 0x63, 0x23, 0xA5, 0xB4, 0xEF, 0x43, 0x7C, 0x58, 0x2F, 0x39, 0x97, 0x65, 0x80,
    0x4F, 0xFB, 0x95, 0xDA, 0xEE, 0x49, 0xFD, 0x6D, 0x2D, 0xD3, 0x7D, 0x53, 0xBA, 0xA3, 0xD5, 0x76,
    0xFC, 0x14, 0xD4, 0x07, 0xD1, 0x29, 0xE9, 0x47, 0x79, 0x0D, 0x39, 0x0D, 0x1B, 0xD3, 0xB4, 0xAF,
    0x61, 0x61, 0x1A, 0xB5, 0x77, 0x3F, 0x79, 0x1A, 0x74, 0x86, 0xBC, 0x7E, 0xC2, 0x33, 0x80, 0x99,
    0xC6, 0xE6, 0xB3, 0xA3, 0xD0, 0xE0, 0xF1, 0xD4, 0xFC, 0x1A, 0x42, 0x13, 0xE4, 0x82, 0x5A, 0xFF,
    0x1D, 0x17, 0xC0, 0x28, 0x16, 0xE6, 0xBC, 0x7A, 0xFB, 0x57, 0xA3, 0xDF, 0xC4, 0x5F, 0x7E, 0x3C,
    0x46, 0xB6, 0x6C, 0xF4, 0x40, 0xE2, 0x4E, 0x61, 0x8F, 0x56, 0x3D, 0x7A, 0x18, 0x19, 0x47, 0xF7,
    0x6C, 0x10, 0x5F, 0x89, 0xA3, 0x3B, 0x42, 0x8D, 0xAE, 0x83, 0x67, 0xBD, 0x83, 0xF7, 0x4C, 0xF2,
    0xE1, 0x25, 0x1B, 0x66, 0xFD, 0x2C, 0xDF, 0x99, 0x51, 0x4E, 0xD4, 0x0A, 0xBF, 0xB0, 0xE7, 0x66,
    0x1D, 0x83, 0xD7, 0xDF, 0xBF, 0x57, 0x4A, 0x84, 0x4A, 0xBD, 0x95, 0x0C, 0x9D, 0x75, 0x78, 0x2D,
    0x25, 0x21, 0xF7, 0x8D, 0x86, 0x6E, 0xED, 0x65, 0xE0, 0x48, 0xD5, 0x2C, 0x72, 0xD4, 0x83, 0x27,
    0x7B, 0x26, 0xE5, 0x6A, 0x53, 0x01, 0xAD, 0x9E, 0x99, 0xC4, 0xC3, 0x9B, 0x29, 0x44, 0x21, 0xC8,
    0xDA, 0x8E, 0x43, 0xF2, 0x95, 0xCE, 0xD3, 0xB5, 0x1E, 0x30, 0x51, 0xE2, 0x97, 0x63, 0x57, 0x1B,
    0xD0, 0xB2, 0x01, 0x14, 0x1B, 0xB0, 0xB2, 0x7B, 0xA8, 0xBE, 0x7D, 0x55, 0x62, 0xE3, 0x9B, 0x66,
    0xDA, 0xC8, 0x11, 0x5B, 0xA4, 0x35, 0x6E, 0x11, 0x48, 0x3A, 0x21, 0x7B, 0x3A, 0x1B, 0x4E, 0xEC,
    0x3B, 0x2A, 0xCD, 0x85, 0x21, 0xA9, 0x87, 0x82, 0x5F, 0x00, 0x9E, 0xFB, 0x13, 0xAA, 0xBB, 0x22,
    0x24, 0x78, 0x66, 0x96, 0x48, 0x27, 0xEE, 0x82, 0x55, 0xB2, 0x1F, 0xE4, 0xB5, 0x74, 0xC9, 0xCE,
    0xC2, 0x90, 0x94, 0x47, 0x21, 0xED, 0x80, 0x09, 0x6D, 0x91, 0x49, 0xB4, 0x5A, 0x0B, 0x43, 0x92,
    0xF0, 0xC9, 0x53, 0x0C, 0x49, 0x3F, 0x2D, 0x0A, 0x49, 0x1E, 0x55, 0x19, 0x51, 0x94, 0x05, 0x12,
    0xAA, 0x2B, 0xBA, 0x60, 0xEE, 0x19, 0x92, 0x64, 0x79, 0x16, 0x24, 0xE6, 0x8F, 0x69, 0xF7, 0x0D,
    0xD1, 0x09, 0x95, 0xDB, 0xE5, 0xCA, 0x3E, 0x97, 0xE9, 0x36, 0x51, 0xF8, 0xCD, 0x7B, 0x13, 0xE7,
    0xBC, 0xC8, 0x97, 0x93, 0xFC, 0x17, 0xE8, 0xAF, 0x0C, 0xEF, 0x77, 0x62, 0x60, 0xBE, 0x83, 0x1F,
    0x21, 0xDA, 0x6B, 0xC5, 0x8D, 0xB3, 0x86, 0xA1, 0xE9, 0x4D, 0x75, 0x7F, 0x34, 0x8C, 0x8D, 0x05,
    0x9B, 0x82, 0x67, 0x95, 0x21, 0x22, 0xB6, 0xA9, 0xB0, 0xF2, 0x4B, 0x74, 0x3D, 0x54, 0x1D, 0xDF,
    0xBA, 0x83, 0x7B, 0xFC, 0xCA, 0xC1, 0x89, 0xDE, 0xC2, 0xDC, 0xED, 0x22, 0x3C, 0x93, 0x1D, 0x73,
    0x37, 0x09, 0xD3, 0x80, 0xFA, 0xBB, 0x68, 0x94, 0x6B, 0x9C, 0x09, 0x6C, 0x43, 0x9D, 0xCE, 0x02,
    0x52, 0x35, 0x87, 0x7C, 0x74, 0xC6, 0xBD, 0x6F, 0x0C, 0x93, 0x34, 0x43, 0x3A, 0xEE, 0x1D, 0x9F,
    0x83, 0xBA, 0xBA, 0x6A, 0x84, 0xBE, 0x7D, 0x42, 0xE1, 0xC7, 0xF7, 0x3C, 0xB5, 0xD1, 0xC6, 0xC9,
    0xC5, 0xEB, 0x79, 0x26, 0xF5, 0xBA, 0xC2, 0xBE, 0x91, 0x93, 0xBE, 0x11, 0x25, 0xD9, 0xE7, 0x89,
    0x20, 0x15, 0xD4, 0x93, 0x4A, 0x18, 0x15, 0x0F, 0x1C, 0xEF, 0xC4, 0x4D, 0x40, 0xD1, 0xE3, 0x65,
    0x68, 0x84, 0x8A, 0x5C, 0xE3, 0xB4, 0x23, 0xB3, 0xC9, 0x93, 0x74, 0xBE, 0x32, 0x25, 0x3B, 0x90,
    0x7D, 0x46, 0xF2, 0x16, 0x11, 0x1C, 0xCC, 0xBC, 0x8A, 0x0E, 0xC2, 0xBD, 0xB1, 0x03, 0x43, 0x83,
    0x47, 0xCE, 0x34, 0x8C, 0xCC, 0x89, 0x7B, 0x9E, 0x5E, 0x32, 0xDC, 0x13, 0x23, 0xD3, 0xAF, 0x1F,
    0x9B, 0x4B, 0xA8, 0x3C, 0x5B, 0xA2, 0xF6, 0xD7, 0xCD, 0xB5, 0xF1, 0xC9, 0x22, 0x4B, 0x64, 0x51,
    0x97, 0x50, 0x53, 0x61, 0x5C, 0xE4, 0xB6, 0x2E, 0x02, 0xE6, 0x43, 0xF6, 0x65, 0x09, 0x99, 0x43,
    0x2F, 0xAC, 0x07, 0xD0, 0x80, 0xE7, 0x58, 0x29, 0x36, 0x40, 0x17, 0x01, 0x9C, 0x2D, 0x53, 0x7A,
    0xCA, 0x17, 0xA6, 0xE9, 0x02, 0xE1, 0x89, 0xE9, 0x72, 0xC2, 0x7D, 0xCE, 0xB9, 0x00, 0x84, 0x31,
    0x7C, 0xE9, 0xD5, 0x34, 0x73, 0x0A, 0xAB, 0x69, 0x4A, 0x43, 0x33, 0xFB, 0xF4, 0x3F, 0xA7, 0x4A,
    0x08, 0xB1, 0x4F, 0x1F, 0x1D, 0x78, 0xDE, 0x3A, 0xDE, 0xCB, 0xFC, 0x12, 0x1F, 0xCD, 0x40, 0x9F,
    0xE0, 0xA4, 0x56, 0x3A, 0x07, 0xA0, 0x28, 0x94, 0x8C, 0xF3, 0x8D, 0x0A, 0xD5, 0x8B, 0x7B, 0x5F,
    0x70, 0xDA, 0x8F, 0xDA, 0xD8, 0x47, 0xF4, 0x2E, 0x83, 0x34, 0xFB, 0x48, 0x93, 0xC0, 0xAA, 0x35,
    0xFB, 0xBE, 0xF9, 0x4B, 0x5C, 0xF9, 0x55, 0x19, 0x0A, 0xD4, 0x2B, 0xEE, 0xE2, 0x10, 0x03, 0xD7,
    0x7B, 0x49, 0x40, 0xEC, 0x70, 0xEB, 0xFA, 0x0B, 0x69, 0x3F, 0x8B, 0xF0, 0x35, 0x67, 0x60, 0xAA,
    0x95, 0xA3, 0xAA, 0xC1, 0x82, 0x37, 0x9D, 0x0B, 0x82, 0xE5, 0x01, 0x2F, 0x62, 0x2D, 0xC4, 0xD4,
    0xA1, 0xD8, 0xFD, 0x76, 0xA6, 0x10, 0x1C, 0xFE, 0x56, 0x76, 0x4C, 0xB7, 0xEF, 0xCF, 0x2C, 0xF2,
    0x96, 0x2E, 0x28, 0x4D, 0x68, 0x44, 0x48, 0xD2, 0xB5, 0x2B, 0xA5, 0x62, 0x69, 0xB9, 0xD3, 0x47,
    0xBE, 0x42, 0x89, 0x17, 0x4F, 0x96, 0x83, 0xE0, 0x49, 0x57, 0xD2, 0x87, 0x6E, 0xE3, 0x9E, 0x6F,
    0x2F, 0x13, 0x4C, 0xF1, 0x5A, 0x7A, 0x8A, 0x76, 0xDC, 0x2E, 0x73, 0xE1, 0x19, 0x30, 0x9B, 0xAE,
    0x78, 0x87, 0xDF, 0x3E, 0xE9, 0x97, 0x95, 0xDD, 0xE9, 0x62, 0xD2, 0xFE, 0x2E, 0xC0, 0xB1, 0x8C,
    0x38, 0x76, 0x2C, 0x23, 0x96, 0xC5, 0x81, 0xAE, 0x00, 0xEF, 0x63, 0xD3, 0x5D, 0x25, 0x32, 0xE8,
    0xA9, 0x1F, 0x7E, 0xD4, 0xFC, 0x04, 0x78, 0xB8, 0x9F, 0xF0, 0x00, 0xDD, 0x8B, 0x16, 0x9C, 0xA9,
    0x52, 0x9C, 0xB6, 0x1C, 0x6B, 0x20, 0xA5, 0x70, 0xAE, 0x45, 0x59, 0xE4, 0x41, 0x3A, 0x83, 0x5B,
    0x17, 0x06, 0x16, 0x0F, 0x63, 0x91, 0xF7, 0x4C, 0xF5, 0x86, 0x17, 0xCE, 0x0A, 0xEE, 0x25, 0x6A,
    0x8B, 0xB7, 0x0F, 0xCA, 0xBE, 0x4B, 0xF1, 0xE8, 0xD1, 0x41, 0x50, 0x4F, 0xDD, 0x0F, 0x1F, 0xF0,
    0xD1, 0xDC, 0xC8, 0x07, 0xED, 0x3F, 0x8D, 0x38, 0x60, 0x23, 0x51, 0x3E, 0x1D, 0xB1, 0xC2, 0xEE,
    0x9D, 0xB6, 0xD0, 0xFB, 0x6C, 0xF8, 0x5B, 0x7F, 0x59, 0xA7, 0xAD, 0x97, 0x84, 0xCF, 0x2D, 0x12,
    0x0F, 0x1D, 0x41, 0x3C, 0x92, 0x6E, 0x8D, 0xDC, 0xF5, 0x8A, 0x07, 0xEB, 0xA0, 0x16, 0x53, 0xDE,
    0xE5, 0x62, 0xD8, 0xA2, 0x6D, 0xBC, 0x76, 0xA5, 0xDB, 0xA5, 0x10, 0x49, 0x4B, 0x27, 0x7D, 0x2C,
    0xE2, 0xFF, 0x22, 0xEF, 0x22, 0x83, 0xB1, 0xAB, 0x86, 0xBD, 0x88, 0xE6, 0xF6, 0x51, 0x9C, 0x35,
    0x8A, 0x43, 0xE8, 0xEE, 0xA9, 0x64, 0xFE, 0x13, 0xFE, 0x37, 0x7A, 0x27, 0x26, 0xDD, 0x01, 0x5D,
    0xDB, 0xFD, 0xE1, 0x22, 0x23, 0xF4, 0x7A, 0x06, 0xC3, 0xF7, 0xC1, 0xB5, 0x74, 0xA4, 0x07, 0xFD,
    0x05, 0xF8, 0xCB, 0x7C, 0x90, 0x03, 0x86, 0x48, 0x0B, 0x87, 0x33, 0x30, 0xC2, 0xED, 0x39, 0x88,
    0x29, 0x8F, 0xF0, 0x5B, 0x23, 0xA8, 0x94, 0xC8, 0xB2, 0xA8, 0x18, 0x10, 0xD5, 0x0A, 0x4F, 0x4B,
    0xB5, 0xEA, 0x0B, 0x17, 0x4E, 0xAA, 0x0C, 0x12, 0x4A, 0xF8, 0xA3, 0xF1, 0x5E, 0x22, 0xE5, 0xA0,
    0x15, 0x87, 0x7D, 0xDD, 0xC1, 0x75, 0xB1, 0x27, 0xF3, 0x6C, 0x4E, 0xBE, 0xF1, 0xE6, 0xF1, 0xA8,
    0x1D, 0x2B, 0xCE, 0x7E, 0x38, 0xD1, 0x52, 0x1C, 0xE4, 0x2E, 0xD1, 0xFE, 0x85, 0x93, 0x31, 0x55,
    0xD4, 0x57, 0x5E, 0x75, 0x5F, 0xC0, 0xBE, 0x8D, 0x41, 0x8F, 0x8F, 0xC1, 0xBE, 0xD1, 0x59, 0x31,
    0xAC, 0xC5, 0x47, 0x6A, 0xA8, 0x23, 0x25, 0x3E, 0xE6, 0xAC, 0x93, 0xD0, 0xBE, 0x99, 0xFC, 0xA4,
    0x7D, 0x4B, 0xBF, 0x42, 0xFB, 0xE6, 0xEB, 0xB0, 0x99, 0x64, 0xFD, 0xBE, 0x90, 0x7D, 0xBB, 0xF2,
    0x53, 0x44, 0xE0, 0x0D, 0xA7, 0x52, 0x27, 0xDB, 0xC9, 0xED, 0x1A, 0xA7, 0xC9, 0xF3, 0x93, 0xA5,
    0x99, 0xE8, 0x73, 0x49, 0x0E, 0xFB, 0x53, 0x27, 0xA3, 0x46, 0xC7, 0xA2, 0x1E, 0xE4, 0x23, 0xD9,
    0x8E, 0xF2, 0xF7, 0x99, 0x7D, 0x74, 0xF9, 0xA3, 0xD5, 0xC7, 0x96, 0xAF, 0x58, 0xA3, 0x31, 0xD0,
    0x59, 0x3D, 0x68, 0x08, 0x74, 0x51, 0xFA, 0x08, 0x68, 0xD5, 0x65, 0xC1, 0x77, 0xC8, 0xB2, 0xE0,
    0x76, 0xB6, 0x59, 0x1C, 0xF9, 0xEA, 0x98, 0x88, 0xD7, 0x7A, 0x8B, 0xF7, 0xF2, 0x91, 0x0C, 0xB9,
    0x26, 0x11, 0xAF, 0x15, 0xFE, 0x6C, 0x2A, 0x5E, 0x2B, 0x3A, 0x86, 0x33, 0x2F, 0x4B, 0x4B, 0x87,
    0xB1, 0xD3, 0xB2, 0xD8, 0xC1, 0x9F, 0xD0, 0x53, 0xCE, 0x5C, 0xA6, 0x7C, 0x89, 0xCD, 0x82, 0x9A,
    0xD3, 0x5E, 0xCE, 0xD7, 0xE8, 0xE4, 0x54, 0x81, 0x1B, 0xDD, 0x8E, 0xEB, 0xD2, 0x7B, 0xAA, 0x7A,
    0x98, 0xC5, 0xF7, 0x34, 0x1A, 0x50, 0xA1, 0xC9, 0x7C, 0xD2, 0x6D, 0xA6, 0x84, 0x8C, 0xDC, 0x66,
    0x2A, 0xA6, 0x93, 0x6E, 0x33, 0x15, 0xC3, 0xC9, 0xB7, 0x99, 0xB2, 0xA7, 0xCA, 0xB7, 0x99, 0x92,
    0xD1, 0x94, 0xDB, 0x4C, 0x99, 0x6B, 0xF9, 0x36, 0x53, 0x32, 0x98, 0x72, 0x9B, 0x29, 0x79, 0xAD,
    0x72, 0x9B, 0x29, 0xA9, 0x6D, 0xB9, 0xCD, 0x94, 0xB4, 0xB6, 0xDC, 0x66, 0xCA, 0x5E, 0x2B, 0xDF,
    0x66, 0x4A, 0x3A, 0xFB, 0xD4, 0x6D, 0xA6, 0x2F, 0x89, 0x0F, 0xD2, 0x04, 0xAF, 0xF5, 0xF8, 0x75,
    0x79, 0xAD, 0xD7, 0x48, 0xB5, 0x31, 0x41, 0xAA, 0xBD, 0xD7, 0x3A, 0xE6, 0xC1, 0x6B, 0xCD, 0x22,
    0xAF, 0x35, 0x3F, 0xE9, 0xB5, 0xA6, 0x91, 0x54, 0x1F, 0xBD, 0x54, 0x67, 0x41, 0xAA, 0x8B, 0x20,
    0xD5, 0x55, 0x90, 0x6A, 0x14, 0xAF, 0x67, 0x7A, 0xAD, 0x07, 0x2F, 0xD5, 0xEB, 0xE7, 0x91, 0xEA,
    0xE8, 0x40, 0x86, 0x64, 0x16, 0x3B, 0xD6, 0x1F, 0x13, 0x89, 0x0E, 0x0B, 0x3C, 0x35, 0x9D, 0xA2,
    0xC3, 0xAD, 0x72, 0xEE, 0x57, 0x62, 0xBE, 0xE0, 0x1B, 0xCF, 0x12, 0x1D, 0xB6, 0xDC, 0xDD, 0x49,
    0x01, 0x33, 0x37, 0x77, 0x22, 0x50, 0x17, 0x1C, 0x83, 0xB1, 0x2B, 0x46, 0xE1, 0x07, 0x31, 0x53,
    0x67, 0x52, 0x89, 0x0E, 0xED, 0x51, 0x2E, 0x23, 0x02, 0xF6, 0x71, 0x07, 0x25, 0x33, 0x25, 0x01,
    0x8D, 0xBB, 0x83, 0xCA, 0x99, 0x31, 0x8D, 0xCA, 0x99, 0x44, 0x71, 0xE2, 0xBC, 0x26, 0x8B, 0xF7,
    0x5D, 0x13, 0x1F, 0x1D, 0x9A, 0xC4, 0x47, 0x87, 0xD1, 0xA9, 0xC3, 0x4C, 0xBE, 0x64, 0x2E, 0xC5,
    0x81, 0xC9, 0xF3, 0x46, 0x87, 0x37, 0xA5, 0xD1, 0x4F, 0xEC, 0x50, 0xBB, 0xFB, 0xD0, 0xCB, 0x19,
    0x5F, 0x32, 0x87, 0xC0, 0x6C, 0x86, 0x0F, 0xA8, 0x65, 0x64, 0xCA, 0xB1, 0xF2, 0x2E, 0x6A, 0x49,
    0x32, 0x42, 0xD8, 0x74, 0xE5, 0xA0, 0x88, 0xE0, 0xC9, 0x36, 0x1A, 0x3B, 0x97, 0x87, 0x17, 0x1B,
    0xA3, 0x72, 0x36, 0xB1, 0xEA, 0x24, 0x39, 0x9B, 0x95, 0x66, 0xB7, 0x54, 0xE3, 0x67, 0x9C, 0x8D,
    0x87, 0x08, 0xB0, 0x53, 0x5D, 0x64, 0xCA, 0xC7, 0xB4, 0x6D, 0x28, 0xB8, 0xA3, 0xC1, 0xBF, 0xDF,
    0x4C, 0xEC, 0x8A, 0x5E, 0x92, 0xA7, 0x9B, 0xE5, 0xEC, 0xD4, 0xE6, 0x8E, 0x1F, 0x31, 0x82, 0xEC,
    0x17, 0xF6, 0x72, 0xCA, 0x3B, 0x90, 0x9C, 0xC5, 0x42, 0x31, 0xE4, 0x3B, 0x47, 0xDB, 0xA6, 0x1A,
    0x5B, 0x46, 0xEF, 0x02, 0x18, 0xBE, 0x65, 0xF0, 0x2E, 0xC8, 0x7B, 0x21, 0xEC, 0x5A, 0x21, 0x31,
    0x0B, 0xD3, 0xC8, 0x0B, 0xB2, 0xF9, 0x1B, 0x80, 0xA2, 0xCF, 0xC2, 0xB4, 0x43, 0x2B, 0x1A, 0xBB,
    0x90, 0xDC, 0x0C, 0x76, 0xAC, 0x2C, 0x4C, 0x62, 0xB3, 0x78, 0xC7, 0x24, 0x80, 0x86, 0x29, 0x17,
    0xC6, 0x2C, 0x75, 0xB4, 0x1B, 0x8B, 0x20, 0xCB, 0x69, 0xC3, 0x24, 0x33, 0x95, 0xC5, 0xCF, 0x65,
    0xA6, 0xCA, 0x97, 0xD6, 0x33, 0x55, 0xF0, 0x79, 0xF8, 0xCC, 0x84, 0x97, 0x24, 0x00, 0xF2, 0xA0,
    0x90, 0xE3, 0x23, 0x58, 0xB9, 0x1B, 0x99, 0x2A, 0xE2, 0xA9, 0x88, 0xA5, 0xC6, 0xB8, 0x75, 0x79,
    0x47, 0xF6, 0x0D, 0xF6, 0xDF, 0x88, 0xDB, 0x0D, 0x24, 0x9E, 0xC6, 0xB9, 0xD0, 0x95, 0x07, 0xA9,
    0xD3, 0x2C, 0xCC, 0x50, 0x39, 0x91, 0xB3, 0x72, 0xE8, 0x1F, 0x88, 0x16, 0x2A, 0xDF, 0x75, 0x1A,
    0x28, 0x96, 0xEF, 0x1D, 0x73, 0x89, 0x13, 0x4B, 0xBA, 0x47, 0x99, 0x1D, 0xED, 0x4D, 0xEE, 0x0C,
    0xB3, 0x78, 0x76, 0x61, 0x29, 0x4E, 0xB6, 0x14, 0x21, 0x09, 0x92, 0x86, 0xEB, 0x8E, 0x2C, 0x67,
    0x45, 0x48, 0xE4, 0xE5, 0x21, 0x8F, 0x47, 0xD1, 0xCB, 0x4B, 0x97, 0x83, 0x15, 0x6A, 0xA8, 0x67,
    0x48, 0xA8, 0xA5, 0xE6, 0xFA, 0x2C, 0x4C, 0x3D, 0xE9, 0x0E, 0x67, 0xE3, 0x26, 0xD9, 0xDE, 0xBC,
    0xA5, 0xEE, 0xA7, 0xD9, 0x93, 0x7B, 0x7A, 0x73, 0x2E, 0xCF, 0x82, 0x3E, 0x9F, 0xC5, 0xA7, 0x6F,
    0x70, 0x95, 0xA5, 0xC8, 0x6C, 0xB6, 0x9E, 0x48, 0xE4, 0x37, 0xEB, 0x3E, 0x16, 0xF9, 0x32, 0x3D,
    0xF7, 0x43, 0xA0, 0x8E, 0xE6, 0xB3, 0xC4, 0x24, 0x6D, 0xEC, 0xC9, 0xC1, 0x68, 0xE8, 0x6C, 0xD5,
    0xDD, 0x2A, 0xA7, 0x9A, 0x7B, 0x92, 0x48, 0x47, 0x73, 0x3C, 0x4D, 0x5C, 0x52, 0x51, 0xC8, 0x4D,
    0x90, 0x24, 0x78, 0x0E, 0xAF, 0x40, 0x52, 0x7F, 0x3A, 0xF9, 0xC4, 0x54, 0x74, 0x1C, 0xAE, 0x0B,
    0x90, 0xB4, 0x01, 0x92, 0x2A, 0x04, 0x76, 0x65, 0xF8, 0x2D, 0x9D, 0x60, 0xFF, 0xDC, 0x5C, 0xA2,
    0xF6, 0xDD, 0x43, 0xE2, 0x49, 0xBA, 0x1D, 0x45, 0x3B, 0x40, 0x94, 0x44, 0x48, 0xFA, 0x7B, 0x32,
    0x4D, 0x40, 0x6C, 0x53, 0x48, 0x40, 0xB5, 0xBF, 0x3B, 0x69, 0x1C, 0x46, 0xB3, 0xE0, 0x10, 0x22,
    0x95, 0x08, 0x1A, 0x65, 0xAD, 0x17, 0x48, 0x5A, 0x3E, 0xDB, 0x93, 0xBC, 0x1E, 0x3E, 0xBB, 0x1D,
    0x21, 0xA9, 0x19, 0x33, 0x84, 0x84, 0x9B, 0x52, 0x08, 0x12, 0x59, 0x2C, 0x82, 0xE4, 0xCE, 0x15,
    0x27, 0xFE, 0x2A, 0x97, 0x04, 0x48, 0x2E, 0x07, 0xBA, 0x97, 0x54, 0x4C, 0x1D, 0xB4, 0x56, 0x44,
    0xFE, 0x59, 0xE8, 0xC1, 0x21, 0x92, 0x30, 0x5B, 0x2E, 0x93, 0x04, 0xDF, 0xCC, 0xAF, 0xBD, 0x08,
    0x6F, 0x7B, 0x0E, 0x12, 0xC2, 0x2E, 0x25, 0x41, 0x67, 0x29, 0x69, 0x5D, 0x78, 0x6D, 0xDB, 0x78,
    0xD2, 0x06, 0xB2, 0x3E, 0xF9, 0x5B, 0x1B, 0xDE, 0x76, 0xE1, 0x49, 0xD0, 0xD7, 0x4C, 0x52, 0x15,
    0x89, 0x49, 0x2A, 0x21, 0x09, 0x89, 0xAE, 0x0A, 0x93, 0x54, 0x3C, 0x62, 0x92, 0x2A, 0x47, 0xA7,
    0x21, 0xB9, 0x5A, 0x30, 0x8A, 0xAA, 0x45, 0x51, 0xA9, 0x28, 0xAA, 0x13, 0xED, 0x8A, 0x44, 0x71,
    0x85, 0x28, 0x2A, 0x0F, 0x45, 0xB5, 0xA1, 0xE4, 0xDA, 0x7E, 0xF5, 0x34, 0xEE, 0x6A, 0x97, 0x43,
    0x0C, 0xF0, 0x20, 0x8A, 0x54, 0x8E, 0x2F, 0xA6, 0x60, 0x99, 0x8F, 0x2F, 0xC6, 0xFB, 0x8A, 0xDC,
    0xAB, 0xC2, 0xCF, 0x10, 0xB5, 0xD8, 0xF7, 0x39, 0x23, 0x4C, 0x6D, 0xE2, 0xBF, 0x3B, 0x32, 0x47,
    0x83, 0x07, 0x94, 0x6D, 0x72, 0x00, 0x81, 0xC3, 0x93, 0xE0, 0x44, 0xF3, 0xB5, 0x60, 0x42, 0x1E,
    0xB1, 0x7F, 0x05, 0x9C, 0xFC, 0x2B, 0x57, 0x4A, 0x85, 0xE8, 0x0F, 0xF2, 0xCF, 0x22, 0x0F, 0x9E,
    0x0F, 0x73, 0x10, 0xBA, 0xD3, 0x28, 0x0B, 0x79, 0x53, 0x1D, 0x32, 0xF4, 0x39, 0xD3, 0xA3, 0x56,
    0x33, 0x0E, 0x44, 0xB3, 0x51, 0x68, 0xE4, 0x14, 0xC2, 0xD5, 0x37, 0x07, 0x6A, 0x72, 0x5E, 0x76,
    0x10, 0x45, 0x4D, 0x83, 0x11, 0xFD, 0x52, 0x44, 0xBB, 0x98, 0xEE, 0xCC, 0x29, 0x4D, 0x78, 0xD2,
    0x5F, 0x7D, 0xF6, 0x0E, 0xBF, 0xC5, 0x84, 0x63, 0xBA, 0xA4, 0xFA, 0xD3, 0x24, 0x14, 0x32, 0x90,
    0x0A, 0xE8, 0xA7, 0xC4, 0x7B, 0x1E, 0xB0, 0xAA, 0x89, 0xCF, 0x8F, 0xC1, 0xDF, 0x4D, 0xE6, 0xBB,
    0x62, 0x2E, 0x60, 0x4D, 0x92, 0x39, 0xDD, 0xC4, 0x86, 0xB6, 0x78, 0x8A, 0x95, 0x37, 0x9D, 0x43,
    0x32, 0xF3, 0x9D, 0xE5, 0xE0, 0xF2, 0xD3, 0x3F, 0x53, 0x7B, 0x1E, 0xE8, 0xC8, 0xC1, 0x0F, 0x40,
    0x4B, 0x3E, 0xC6, 0x81, 0xED, 0xD8, 0x74, 0xE0, 0x0E, 0x2A, 0xAC, 0x18, 0x23, 0x74, 0xB7, 0x1C,
    0x7C, 0x1A, 0xFA, 0xA3, 0x84, 0x5D, 0xEE, 0xDE, 0x9C, 0x6B, 0x5F, 0x0A, 0xAA, 0x7F, 0x3B, 0x47,
    0x65, 0xB5, 0xF5, 0xEA, 0x99, 0x58, 0x82, 0x9F, 0xDC, 0xA8, 0x2B, 0x79, 0xC6, 0x39, 0xF2, 0x44,
    0xB2, 0xF9, 0xE6, 0x0C, 0xCD, 0xFE, 0x68, 0xD7, 0x33, 0xD9, 0x6D, 0x1A, 0xFF, 0x1F, 0xBF, 0xD1,
    0x19, 0x9D, 0xAB, 0x7F, 0x46, 0xB5, 0x9F, 0x33, 0xEA, 0xEB, 0x38, 0xA3, 0x56, 0x8F, 0x4B, 0xFF,
    0xE7, 0xDF, 0x5B, 0x8E, 0x64, 0xD0, 0xF7, 0x4D, 0x69, 0xBB, 0x77, 0x41, 0x27, 0x5F, 0xB4, 0x2C,
    0x84, 0x58, 0x4C, 0x76, 0xCB, 0x1F, 0x75, 0xC9, 0x9B, 0xEE, 0x2D, 0xB0, 0xAD, 0x47, 0xDC, 0x0E,
    0x50, 0x02, 0x92, 0x8F, 0x80, 0x6E, 0x57, 0xF0, 0xEC, 0xFE, 0x07, 0x75, 0xD0, 0x26, 0x7C, 0x2F,
    0x11, 0x5D, 0x55, 0x64, 0xFE, 0x94, 0x4E, 0xE4, 0x33, 0x77, 0xE9, 0xD2, 0x20, 0xDE, 0x71, 0x27,
    0x87, 0x84, 0xBE, 0xD8, 0x3D, 0xD7, 0x6E, 0xF6, 0xEB, 0x0F, 0x4B, 0x40, 0xF7, 0xF3, 0xBB, 0x26,
    0xE9, 0x34, 0xCC, 0xEB, 0xC9, 0xDA, 0xB0, 0xFB, 0x79, 0x81, 0x19, 0x1D, 0x71, 0x3F, 0x37, 0xBA,
    0xB2, 0x9D, 0xC3, 0xBC, 0x3E, 0x59, 0x57, 0x0D, 0xF3, 0xAC, 0x9B, 0x2F, 0x34, 0xCC, 0xAB, 0xA9,
    0xF5, 0x99, 0xC3, 0x18, 0x3E, 0x22, 0x96, 0xC3, 0x3C, 0x0E, 0xDD, 0xC9, 0x95, 0x92, 0xAE, 0x4C,
    0x12, 0x9B, 0x8D, 0xF3, 0x2C, 0xB4, 0xF4, 0x78, 0x5F, 0x8A, 0x86, 0x79, 0xF5, 0x18, 0xC2, 0x3C,
    0x08, 0xA2, 0xFC, 0x19, 0x1F, 0x69, 0x1C, 0xE6, 0xD9, 0x28, 0xCC, 0x93, 0x4E, 0xC3, 0xCF, 0x13,
    0xE6, 0x9D, 0xAE, 0x6D, 0xB1, 0xC0, 0xB4, 0x47, 0x5F, 0xDB, 0xEA, 0x9D, 0xAF, 0x6D, 0xA5, 0x9C,
    0xF0, 0x24, 0x51, 0xA1, 0xD3, 0x42, 0x59, 0x50, 0xCA, 0xC9, 0x78, 0x31, 0x11, 0x32, 0x99, 0xF9,
    0x8E, 0x0C, 0x56, 0x26, 0xB5, 0xAF, 0x6D, 0xA5, 0xB4, 0x69, 0x8C, 0xF1, 0x91, 0x3D, 0x63, 0xE8,
    0x55, 0x8D, 0xB4, 0x65, 0x0C, 0xD1, 0xA9, 0x07, 0xDC, 0xA5, 0xC7, 0xF6, 0xB2, 0xA3, 0x58, 0x09,
    0xB1, 0xC1, 0x7D, 0xCB, 0x12, 0xBD, 0xE0, 0x3E, 0x0E, 0x41, 0xA6, 0x58, 0xFD, 0x71, 0x45, 0xBA,
    0x59, 0xEC, 0x25, 0x0E, 0x9B, 0x35, 0x4E, 0x79, 0x41, 0xC8, 0xCE, 0xAF, 0xFA, 0xB3, 0x1C, 0xCD,
    0x7E, 0xDF, 0x70, 0x21, 0xAD, 0x16, 0x7A, 0xB0, 0x6F, 0x29, 0x96, 0xAE, 0x6E, 0xF8, 0x29, 0x2D,
    0x15, 0xDA, 0x4C, 0xE1, 0xDB, 0x28, 0xB4, 0x81, 0x42, 0xDB, 0x23, 0xF8, 0xF5, 0x35, 0x4E, 0x87,
    0xDB, 0x25, 0xC4, 0xB2, 0x95, 0x62, 0xD6, 0x4A, 0xB1, 0x69, 0xA5, 0x18, 0xB4, 0x52, 0xAC, 0x59,
    0x29, 0xA6, 0xAC, 0x12, 0x3B, 0x86, 0x91, 0x21, 0x9D, 0x55, 0x18, 0xEF, 0x11, 0x94, 0x3B, 0x42,
    0x6E, 0x35, 0x68, 0xE6, 0xC2, 0xD9, 0x11, 0x6A, 0xA8, 0x6A, 0x19, 0xF3, 0x29, 0xE4, 0x7D, 0x2C,
    0x21, 0x22, 0x1C, 0x47, 0x9F, 0x5D, 0xBA, 0xFC, 0xA0, 0x36, 0xB6, 0x73, 0x2E, 0x19, 0x9E, 0xF3,
    0xDD, 0x56, 0xE7, 0x9C, 0x8B, 0x38, 0xE7, 0x34, 0xD4, 0x95, 0x47, 0xCB, 0x8F, 0x95, 0x1E, 0x29,
    0x07, 0x29, 0xA4, 0x8C, 0xDA, 0x86, 0x12, 0x4D, 0xD6, 0xC9, 0x4D, 0xAD, 0x4F, 0x80, 0x51, 0xEE,
    0xE1, 0xA1, 0x8B, 0xE0, 0x20, 0x27, 0xF7, 0x30, 0x12, 0x39, 0xE4, 0xD8, 0xE8, 0x54, 0x1E, 0xCA,
    0x85, 0x46, 0x05, 0x8E, 0xE4, 0xDF, 0xD0, 0x5B, 0xA6, 0xF4, 0x92, 0xB9, 0xFB, 0x3E, 0x35, 0x9F,
    0x3A, 0xBC, 0xFD, 0xBD, 0x95, 0xCB, 0x7F, 0xB7, 0x46, 0x0E, 0x4E, 0x96, 0x03, 0x6D, 0xD2, 0xF9,
    0xF9, 0xB6, 0xD5, 0x2E, 0x91, 0x2A, 0xD8, 0xD3, 0x72, 0x6F, 0xB1, 0xF2, 0x79, 0x3F, 0x16, 0xA3,
    0x30, 0x3A, 0x78, 0x83, 0x76, 0x5B, 0xD4, 0x88, 0x72, 0x43, 0x1E, 0x69, 0x83, 0xC1, 0x2E, 0xE5,
    0xA2, 0x0E, 0x61, 0x81, 0x9D, 0xE7, 0xEC, 0x2F, 0x7B, 0x19, 0x00, 0x63, 0x80, 0xE6, 0x5D, 0xD8,
    0x9D, 0x4E, 0xF5, 0x50, 0x7E, 0x9F, 0x42, 0x30, 0x5A, 0x72, 0xB6, 0x84, 0x38, 0x9E, 0x96, 0x59,
    0x03, 0xF6, 0x1F, 0x19, 0x3D, 0xC7, 0xE4, 0x94, 0xFA, 0xF2, 0x46, 0x74, 0xC7, 0xE0, 0x11, 0xDF,
    0x5F, 0x66, 0xFC, 0x53, 0xC1, 0x68, 0xB9, 0x2F, 0x8C, 0xE8, 0x76, 0xDB, 0xD5, 0x57, 0x3F, 0xC0,
    0xA5, 0x7E, 0x5B, 0xD3, 0x41, 0x4B, 0xC8, 0x07, 0x81, 0xA6, 0xC8, 0x9C, 0x96, 0x7B, 0x81, 0xDD,
    0x9C, 0x96, 0x7B, 0x71, 0x93, 0xAD, 0x94, 0x7B, 0x91, 0xAE, 0x06, 0x8D, 0x37, 0xE8, 0xCC, 0x6E,
    0xE9, 0x55, 0x59, 0x85, 0x06, 0x0C, 0x17, 0x56, 0xF3, 0x84, 0xE1, 0x64, 0x3D, 0xFD, 0xBD, 0xE6,
    0x96, 0xD0, 0xEC, 0x1A, 0x33, 0x5D, 0x46, 0x34, 0x37, 0x92, 0xFA, 0x2A, 0x93, 0xD0, 0xEA, 0x88,
    0xF8, 0x0A, 0x93, 0xEE, 0xE9, 0xDB, 0xAE, 0xD6, 0x7B, 0xCA, 0x21, 0x60, 0x58, 0x0E, 0x01, 0xAB,
    0x72, 0x88, 0xDA, 0x2A, 0x86, 0x2F, 0xAC, 0x51, 0x17, 0xEF, 0x82, 0x68, 0xB7, 0x00, 0x63, 0x87,
    0x30, 0xE1, 0xD6, 0xFC, 0xC5, 0x97, 0x87, 0x1A, 0xD5, 0xA8, 0x86, 0xEE, 0x78, 0x16, 0xC7, 0x63,
    0x59, 0xBC, 0xDB, 0xE1, 0x16, 0xEF, 0x74, 0xD4, 0x5A, 0x0F, 0x9F, 0x35, 0x77, 0x44, 0x0E, 0x87,
    0xB0, 0x18, 0x57, 0xC8, 0xC5, 0xD9, 0x18, 0x95, 0xC1, 0x6E, 0xF5, 0x9B, 0xF2, 0x17, 0x9A, 0x50,
    0x9F, 0x0F, 0xAA, 0x8F, 0x9E, 0xBB, 0xD2, 0x68, 0x1F, 0x72, 0xFB, 0xE5, 0xBA, 0x05, 0x9E, 0x5D,
    0xEE, 0x65, 0xF6, 0x69, 0x67, 0x5D, 0x46, 0x7C, 0x53, 0x67, 0xB4, 0x5B, 0x20, 0xE9, 0xF9, 0x1A,
    0x42, 0x06, 0x66, 0xAA, 0x5F, 0x57, 0xF6, 0x49, 0x66, 0xF7, 0xC8, 0xA7, 0xA4, 0x9F, 0x70, 0x9E,
    0x88, 0xD2, 0x1A, 0xFD, 0xD4, 0x0F, 0x9A, 0x94, 0x6E, 0x0F, 0xB5, 0xA7, 0x31, 0x53, 0xA4, 0xEC,
    0x63, 0x3D, 0xFB, 0xBC, 0x62, 0x36, 0xCF, 0x3E, 0xED, 0xAB, 0x8B, 0x67, 0x9F, 0x9A, 0x8F, 0x94,
    0xE7, 0xDC, 0xA2, 0x3B, 0x04, 0xF6, 0xB9, 0xF8, 0xFA, 0xD9, 0x67, 0x0D, 0x54, 0xBB, 0xE7, 0x1D,
    0xB9, 0x05, 0x9C, 0x34, 0xFB, 0x63, 0x71, 0x59, 0x12, 0x6E, 0x03, 0xA0, 0x3E, 0x01, 0x37, 0x4B,
    0x7E, 0x63, 0xCC, 0xE4, 0xDA, 0x6A, 0x3C, 0xE9, 0x4A, 0xE2, 0x56, 0xBA, 0xC6, 0x92, 0x9C, 0x93,
    0x0E, 0x6D, 0xD7, 0x22, 0x6D, 0xA3, 0x8D, 0x8A, 0x14, 0xFD, 0xAB, 0x9E, 0x2A, 0xCE, 0xE2, 0x84,
    0x5D, 0x7B, 0x54, 0xE8, 0xFA, 0x79, 0x3F, 0x33, 0x16, 0xD6, 0x69, 0xD9, 0x90, 0x2F, 0xBB, 0x26,
    0x1C, 0xDA, 0x35, 0x74, 0x26, 0xF9, 0x6A, 0x61, 0xE0, 0x14, 0x3A, 0xDE, 0x9D, 0xE7, 0x8F, 0x5A,
    0xCE, 0xF9, 0x6D, 0x7F, 0x32, 0xF7, 0xA3, 0xF9, 0x3C, 0xA7, 0xC3, 0xFC, 0x3E, 0x4F, 0x7F, 0xFD,
    0x3D, 0x17, 0x71, 0xC7, 0x62, 0x7E, 0xE9, 0x9E, 0x8B, 0xDF, 0xE7, 0xF5, 0xF7, 0x18, 0xBE, 0x71,
    0xAA, 0x1E, 0x9A, 0x85, 0x57, 0xA5, 0xDB, 0x75, 0x1D, 0xE2, 0xCF, 0xF2, 0x97, 0x77, 0xDA, 0xBD,
    0xF1, 0x8E, 0x44, 0x3F, 0x79, 0xED, 0x5E, 0x2C, 0xDE, 0x5F, 0x36, 0x2E, 0xF8, 0xCB, 0xCE, 0x04,
    0xED, 0x6E, 0x82, 0x76, 0x37, 0x41, 0xBB, 0x9B, 0xA0, 0xDD, 0xCD, 0xB3, 0xB5, 0xBB, 0xBB, 0x49,
    0xBB, 0x7F, 0x2B, 0x5B, 0x17, 0x0F, 0x8B, 0x6A, 0x77, 0xF0, 0x34, 0x54, 0x66, 0x13, 0xC7, 0x6D,
    0x50, 0x08, 0xDF, 0xB7, 0xD8, 0x83, 0xBB, 0x5E, 0xBB, 0x5F, 0x3A, 0x00, 0x3F, 0x63, 0xED, 0x8D,
    0xDB, 0xAB, 0xE9, 0x28, 0x75, 0xC7, 0x3A, 0xAF, 0xE7, 0x9B, 0x61, 0xF9, 0xBC, 0x75, 0xD3, 0xD2,
    0x23, 0xE7, 0x93, 0xF5, 0x5A, 0x52, 0xBB, 0xA9, 0xBC, 0x8F, 0x37, 0x37, 0xA4, 0xA2, 0x73, 0x1D,
    0xAB, 0xE7, 0xBB, 0x94, 0xBE, 0xC5, 0xFD, 0x31, 0x7C, 0xBC, 0x3C, 0xC5, 0x80, 0x69, 0x43, 0x47,
    0xB1, 0x60, 0x9B, 0x27, 0xEE, 0xBE, 0x99, 0xE8, 0xB6, 0x58, 0x3C, 0x73, 0x83, 0xFE, 0xAD, 0x95,
    0x83, 0xD8, 0x29, 0x4E, 0x6C, 0x57, 0x39, 0xC6, 0x94, 0xDE, 0xBE, 0x89, 0x1A, 0x26, 0x87, 0x42,
    0x03, 0x4A, 0x53, 0xF3, 0x35, 0xB4, 0xA9, 0x5E, 0x5E, 0xC0, 0x8F, 0x70, 0xB5, 0x6C, 0xD0, 0x48,
    0x5E, 0x1D, 0x8D, 0x32, 0xD9, 0x5E, 0xA7, 0xBB, 0xC8, 0x84, 0x29, 0x5D, 0x81, 0x53, 0xE6, 0xCD,
    0x41, 0x93, 0x10, 0xAD, 0x10, 0x34, 0x71, 0xBA, 0xF9, 0x65, 0xE1, 0xBD, 0x3C, 0x3C, 0x79, 0x78,
    0x17, 0x4F, 0x1F, 0x7B, 0xFA, 0x19, 0x80, 0x45, 0x21, 0x58, 0x14, 0x84, 0x45, 0x61, 0x58, 0x14,
    0x88, 0x45, 0xA1, 0x58, 0x04, 0x0C, 0x34, 0xC7, 0x04, 0x07, 0x6A, 0x28, 0x3C, 0x46, 0x88, 0xBC,
    0xCB, 0xB4, 0x31, 0xF5, 0xBB, 0x9A, 0xEB, 0xF2, 0x8C, 0x9E, 0x8E, 0xA7, 0xAF, 0xE2, 0x5B, 0x28,
    0x97, 0x80, 0x7B, 0x4E, 0xE1, 0xAB, 0xAD, 0xBC, 0xCD, 0x65, 0xE5, 0x84, 0xD3, 0xCA, 0x7C, 0xB3,
    0xF2, 0x7E, 0x17, 0xEA, 0x26, 0xD9, 0x0C, 0x5D, 0xE8, 0x71, 0xA0, 0x37, 0xAC, 0xAC, 0xFD, 0x68,
    0x8F, 0x27, 0xED, 0x90, 0xC2, 0x0D, 0xDB, 0x8E, 0xDE, 0x9E, 0xF6, 0xFC, 0x06, 0x98, 0x1D, 0x7D,
    0x4A, 0x35, 0xAF, 0x26, 0xFB, 0x69, 0xFD, 0xEA, 0x86, 0x7B, 0xB2, 0x5B, 0xAC, 0x6E, 0xE4, 0xF0,
    0x28, 0xF1, 0x51, 0x37, 0x19, 0x5F, 0xAF, 0x93, 0xAC, 0xE4, 0xF3, 0x83, 0x3A, 0x27, 0x9F, 0x7F,
    0x65, 0x9F, 0x7F, 0x45, 0x4D, 0x79, 0x4F, 0xBA, 0xE4, 0xF4, 0xC0, 0xB7, 0xD5, 0xFC, 0x3F,
};

static const EpdGlyph notobengali_18_regularGlyphs[] = {
    { 0, 0, 0, 0, 0, 0, 0 }, // U+0000
    { 0, 0, 156, 0, 0, 0, 0 }, // U+000D
    { 0, 0, 156, 0, 0, 0, 0 }, // U+0020
    { 6, 28, 230, 5, 27, 42, 0 }, // !
    { 12, 10, 301, 4, 28, 30, 42 }, // "
    { 23, 24, 392, 1, 24, 138, 72 }, // #
    { 27, 24, 497, 2, 24, 162, 210 }, // %
    { 5, 10, 196, 4, 28, 13, 372 }, // '
    { 9, 35, 251, 4, 30, 79, 385 }, // (
    { 9, 35, 251, 3, 30, 79, 464 }, // )
    { 19, 17, 364, 2, 28, 81, 543 }, // *
    { 18, 17, 355, 2, 21, 77, 624 }, // +
    { 7, 9, 158, 1, 5, 16, 701 }, // ,
    { 10, 3, 204, 1, 13, 8, 717 }, // -
    { 6, 6, 161, 2, 5, 9, 725 }, // .
    { 14, 35, 269, 1, 30, 123, 734 }, // /
    { 18, 28, 331, 1, 28, 126, 857 }, // 0
    { 11, 27, 331, 3, 27, 75, 983 }, // 1
    { 18, 27, 331, 1, 27, 122, 1058 }, // 2
    { 18, 28, 331, 1, 28, 126, 1180 }, // 3
    { 20, 27, 331, 0, 27, 135, 1306 }, // 4
    { 17, 28, 331, 2, 28, 119, 1441 }, // 5
    { 17, 28, 331, 2, 28, 119, 1560 }, // 6
    { 18, 28, 331, 1, 28, 126, 1679 }, // 7
    { 18, 28, 331, 1, 28, 126, 1805 }, // 8
    { 18, 28, 331, 1, 28, 126, 1931 }, // 9
    { 5, 22, 176, 3, 21, 28, 2057 }, // :
    { 7, 25, 176, 1, 21, 44, 2085 }, // ;
    { 18, 20, 355, 2, 22, 90, 2129 }, // <
    { 18, 10, 355, 2, 17, 45, 2219 }, // =
    { 18, 20, 355, 2, 22, 90, 2264 }, // >
    { 15, 28, 311, 2, 27, 105, 2354 }, // ?
    { 8, 35, 249, 5, 30, 70, 2459 }, // [
    { 14, 35, 269, 1, 30, 123, 2529 }, // <backslash>
    { 8, 35, 249, 3, 30, 70, 2652 }, // ]
    { 20, 17, 355, 1, 27, 85, 2722 }, // ^
    { 17, 3, 247, -1, -3, 13, 2807 }, // _
    { 12, 35, 235, 1, 30, 105, 2820 }, // {
    { 4, 35, 324, 8, 30, 35, 2925 }, // |
    { 12, 35, 273, 3, 30, 105, 2960 }, // }
    { 18, 7, 355, 2, 16, 32, 3065 }, // ~
    { 0, 0, 156, 0, 0, 0, 0 }, // U+00A0
    { 10, 3, 204, 1, 13, 8, 0 }, // U+00AD
    { 16, 16, 355, 3, 20, 64, 8 }, // U+00D7
    { 18, 18, 355, 2, 22, 81, 72 }, // U+00F7
    { 19, 26, 324, 1, 25, 124, 0 }, // U+0980
    { 14, 7, 0, -12, 32, 25, 124 }, // U+0981
    { 14, 25, 263, 2, 23, 88, 149 }, // U+0982
    { 12, 23, 263, 2, 23, 69, 237 }, // U+0983
    { 35, 23, 536, -1, 23, 202, 306 }, // U+0985
    { 45, 26, 695, -1, 25, 293, 508 }, // U+0986
    { 22, 36, 318, -1, 34, 198, 801 }, // U+0987
    { 28, 34, 413, -1, 34, 238, 999 }, // U+0988
    { 29, 33, 427, -1, 34, 240, 1237 }, // U+0989
    { 34, 33, 512, -1, 34, 281, 1477 }, // U+098A
    { 28, 26, 512, 1, 26, 182, 1758 }, // U+098B
    { 21, 27, 383, 2, 27, 142, 1940 }, // U+098C
    { 25, 23, 455, 1, 23, 144, 2082 }, // U+098F
    { 31, 34, 524, 1, 34, 264, 2226 }, // U+0990
    { 25, 22, 443, 1, 23, 138, 2490 }, // U+0993
    { 31, 32, 524, 1, 34, 248, 2628 }, // U+0994
    { 32, 23, 484, -1, 23, 184, 2876 }, // U+0995
    { 26, 26, 418, 1, 25, 169, 3060 }, // U+0996
    { 25, 26, 394, 0, 25, 163, 3229 }, // U+0997
    { 26, 23, 379, -1, 23, 150, 3392 }, // U+0998
    { 25, 22, 434, 1, 23, 138, 3542 }, // U+0999
    { 23, 22, 340, -1, 23, 127, 3680 }, // U+099A
    { 28, 25, 412, -1, 23, 175, 3807 }, // U+099B
    { 36, 24, 550, -1, 23, 216, 3982 }, // U+099C
    { 32, 26, 476, -1, 26, 208, 4198 }, // U+099D
    { 36, 23, 611, 1, 23, 207, 4406 }, // U+099E
    { 23, 33, 340, -1, 34, 190, 4613 }, // U+099F
    { 24, 35, 355, -1, 35, 210, 4803 }, // U+09A0
    { 29, 22, 427, -1, 23, 160, 5013 }, // U+09A1
    { 23, 22, 340, -1, 23, 127, 5173 }, // U+09A2
    { 23, 26, 372, 1, 25, 150, 5300 }, // U+09A3
    { 28, 21, 424, -1, 23, 147, 5450 }, // U+09A4
    { 24, 26, 387, 1, 25, 156, 5597 }, // U+09A5
    { 24, 24, 362, -1, 23, 144, 5753 }, // U+09A6
    { 22, 24, 358, 1, 23, 132, 5897 }, // U+09A7
    { 25, 23, 362, -1, 23, 144, 6029 }, // U+09A8
    { 28, 26, 430, 0, 25, 182, 6173 }, // U+09AA
    { 33, 24, 503, -1, 23, 198, 6355 }, // U+09AB
    { 24, 23, 358, -1, 23, 138, 6553 }, // U+09AC
    { 29, 22, 433, -1, 23, 160, 6691 }, // U+09AD
    { 25, 23, 373, -1, 23, 144, 6851 }, // U+09AE
    { 25, 23, 376, -1, 23, 144, 6995 }, // U+09AF
    { 24, 23, 358, -1, 23, 138, 7139 }, // U+09B0
    { 29, 23, 439, -1, 23, 167, 7277 }, // U+09B2
    { 27, 26, 406, -1, 25, 176, 7444 }, // U+09B6
    { 26, 23, 380, -1, 23, 150, 7620 }, // U+09B7
    { 27, 23, 409, -1, 23, 156, 7770 }, // U+09B8
    { 22, 26, 318, -1, 23, 143, 7926 }, // U+09B9
    { 5, 5, 0, -12, -2, 7, 8069 }, // U+09BC
    { 22, 26, 318, -1, 23, 143, 8076 }, // U+09BD
    { 12, 26, 160, -1, 25, 78, 8219 }, // U+09BE
    { 28, 34, 160, -1, 34, 238, 8297 }, // U+09BF
    { 31, 34, 160, -20, 34, 264, 8535 }, // U+09C0
    { 20, 12, 0, -16, 1, 60, 8799 }, // U+09C1
    { 19, 12, 0, -12, 1, 57, 8859 }, // U+09C2
    { 16, 12, 0, -14, 1, 48, 8916 }, // U+09C3
    { 16, 16, 0, -14, 1, 64, 8964 }, // U+09C4
    { 16, 23, 208, -1, 23, 92, 9028 }, // U+09C7
    { 17, 34, 208, -2, 34, 145, 9120 }, // U+09C8
    { 38, 26, 572, -1, 25, 247, 9265 }, // U+09CB
    { 38, 34, 572, -1, 34, 323, 9512 }, // U+09CC
    { 12, 11, 0, -7, 0, 33, 9835 }, // U+09CD
    { 20, 24, 315, 1, 23, 120, 9868 }, // U+09CE
    { 25, 34, 160, -14, 34, 213, 9988 }, // U+09D7
    { 29, 29, 427, -1, 23, 211, 10201 }, // U+09DC
    { 23, 29, 340, -1, 23, 167, 10412 }, // U+09DD
    { 25, 23, 376, -1, 23, 144, 10579 }, // U+09DF
    { 28, 37, 512, 1, 26, 259, 10723 }, // U+09E0
    { 21, 38, 383, 2, 27, 200, 10982 }, // U+09E1
    { 15, 13, 0, -14, 1, 49, 11182 }, // U+09E2
    { 26, 16, 0, -21, 1, 104, 11231 }, // U+09E3
    { 18, 17, 355, 2, 20, 77, 11335 }, // U+09E6
    { 15, 24, 355, 4, 24, 90, 11412 }, // U+09E7
    { 19, 25, 355, 2, 24, 119, 11502 }, // U+09E8
    { 20, 20, 355, 1, 22, 100, 11621 }, // U+09E9
    { 18, 23, 355, 2, 23, 104, 11721 }, // U+09EA
    { 21, 24, 355, 1, 24, 126, 11825 }, // U+09EB
    { 21, 21, 355, 0, 22, 111, 11951 }, // U+09EC
    { 18, 23, 355, 2, 23, 104, 12062 }, // U+09ED
    { 22, 23, 355, 0, 23, 127, 12166 }, // U+09EE
    { 20, 24, 355, 1, 24, 120, 12293 }, // U+09EF
    { 24, 23, 358, -1, 23, 138, 12413 }, // U+09F0
    { 24, 24, 358, -1, 23, 144, 12551 }, // U+09F1
    { 18, 17, 353, 2, 20, 77, 12695 }, // U+09F2
    { 23, 28, 382, 0, 28, 161, 12772 }, // U+09F3
    { 18, 17, 353, 2, 20, 77, 12933 }, // U+09F4
    { 23, 17, 424, 2, 20, 98, 13010 }, // U+09F5
    { 25, 24, 436, 1, 24, 150, 13108 }, // U+09F6
    { 4, 23, 178, 4, 23, 23, 13258 }, // U+09F7
    { 23, 23, 409, 1, 23, 133, 13281 }, // U+09F8
    { 14, 13, 290, 2, 19, 46, 13414 }, // U+09F9
    { 22, 15, 406, 2, 29, 83, 13460 }, // U+09FA
    { 12, 22, 175, 2, 16, 66, 13543 }, // U+09FB
    { 17, 22, 322, 2, 19, 94, 13609 }, // U+09FC
    { 12, 11, 256, 2, 19, 33, 13703 }, // U+09FD
    { 12, 13, 0, -6, 34, 39, 13736 }, // U+09FE
    { 0, 0, 0, 0, 0, 0, 0 }, // U+200B
    { 2, 36, 0, -1, 30, 18, 0 }, // U+200C
    { 12, 36, 0, -6, 30, 108, 18 }, // U+200D
    { 10, 3, 204, 1, 13, 8, 126 }, // U+2010
    { 17, 3, 300, 1, 13, 13, 134 }, // U+2013
    { 35, 3, 600, 1, 13, 27, 147 }, // U+2014
    { 6, 9, 187, 3, 27, 14, 174 }, // U+2018
    { 6, 9, 187, 3, 27, 14, 188 }, // U+2019
    { 13, 9, 300, 3, 27, 30, 202 }, // U+201C
    { 13, 9, 300, 3, 27, 30, 232 }, // U+201D
    { 26, 6, 482, 2, 5, 39, 262 }, // U+2026
    { 17, 24, 355, 3, 24, 102, 0 }, // U+20B9
    { 18, 3, 355, 2, 14, 14, 0 }, // U+2212
    { 35, 33, 544, -1, 23, 289, 0 }, // U+E000
    { 44, 25, 689, -1, 23, 275, 289 }, // U+E001
    { 35, 33, 544, -1, 23, 289, 564 }, // U+E002
    { 31, 25, 460, -1, 23, 194, 853 }, // U+E003
    { 53, 26, 832, -1, 25, 345, 1047 }, // U+E004
    { 51, 26, 803, -1, 25, 332, 1392 }, // U+E005
    { 51, 23, 800, -1, 23, 294, 1724 }, // U+E006
    { 52, 22, 843, -1, 23, 286, 2018 }, // U+E007
    { 48, 22, 752, -1, 23, 264, 2304 }, // U+E008
    { 53, 25, 832, -1, 23, 332, 2568 }, // U+E009
    { 61, 24, 960, -1, 23, 366, 2900 }, // U+E00A
    { 57, 26, 896, -1, 26, 371, 3266 }, // U+E00B
    { 63, 23, 1021, -1, 23, 363, 3637 }, // U+E00C
    { 29, 34, 433, -1, 34, 247, 4000 }, // U+E00D
    { 49, 35, 768, -1, 35, 429, 4247 }, // U+E00E
    { 54, 22, 848, -1, 23, 297, 4676 }, // U+E00F
    { 48, 22, 752, -1, 23, 264, 4973 }, // U+E010
    { 50, 26, 784, -1, 25, 325, 5237 }, // U+E011
    { 37, 23, 558, -1, 23, 213, 5562 }, // U+E012
    { 51, 26, 800, -1, 25, 332, 5775 }, // U+E013
    { 49, 24, 771, -1, 23, 294, 6107 }, // U+E014
    { 49, 24, 768, -1, 23, 294, 6401 }, // U+E015
    { 30, 26, 451, -1, 23, 195, 6695 }, // U+E016
    { 54, 26, 848, -1, 25, 351, 6890 }, // U+E017
    { 58, 24, 912, -1, 23, 348, 7241 }, // U+E018
    { 30, 25, 446, -1, 23, 188, 7589 }, // U+E019
    { 54, 22, 848, -1, 23, 297, 7777 }, // U+E01A
    { 35, 25, 538, -1, 23, 219, 8074 }, // U+E01B
    { 41, 25, 640, -1, 23, 257, 8293 }, // U+E01C
    { 37, 23, 558, -1, 23, 213, 8550 }, // U+E01D
    { 32, 27, 478, -1, 23, 216, 8763 }, // U+E01E
    { 52, 26, 816, -1, 25, 338, 8979 }, // U+E01F
    { 36, 23, 551, -1, 23, 207, 9317 }, // U+E020
    { 36, 24, 548, -1, 23, 216, 9524 }, // U+E021
    { 47, 26, 736, -1, 23, 306, 9740 }, // U+E022
    { 54, 29, 848, -1, 23, 392, 10046 }, // U+E023
    { 48, 29, 752, -1, 23, 348, 10438 }, // U+E024
    { 50, 23, 785, -1, 23, 288, 10786 }, // U+E025
    { 26, 35, 418, 1, 25, 228, 11074 }, // U+E026
    { 35, 27, 576, 1, 25, 237, 11302 }, // U+E027
    { 26, 31, 418, 1, 26, 202, 11539 }, // U+E028
    { 49, 23, 784, 0, 23, 282, 11741 }, // U+E029
    { 45, 26, 720, 0, 25, 293, 12023 }, // U+E02A
    { 27, 29, 412, 0, 25, 196, 12316 }, // U+E02B
    { 43, 23, 688, 0, 23, 248, 12512 }, // U+E02C
    { 44, 22, 730, 0, 23, 242, 12760 }, // U+E02D
    { 40, 22, 640, 0, 23, 220, 13002 }, // U+E02E
    { 45, 25, 720, 0, 23, 282, 13222 }, // U+E02F
    { 53, 24, 848, 0, 23, 318, 13504 }, // U+E030
    { 49, 26, 784, 0, 26, 319, 13822 }, // U+E031
    { 55, 23, 908, 0, 23, 317, 14141 }, // U+E032
    { 40, 33, 640, 0, 34, 330, 14458 }, // U+E033
    { 41, 35, 656, 0, 35, 359, 14788 }, // U+E034
    { 46, 22, 736, 0, 23, 253, 15147 }, // U+E035
    { 40, 22, 640, 0, 23, 220, 15400 }, // U+E036
    { 42, 26, 672, 0, 25, 273, 15620 }, // U+E037
    { 45, 21, 721, 0, 23, 237, 15893 }, // U+E038
    { 43, 26, 688, 0, 25, 280, 16130 }, // U+E039
    { 39, 24, 604, 0, 23, 234, 16410 }, // U+E03A
    { 32, 28, 491, 0, 25, 224, 16644 }, // U+E03B
    { 25, 28, 394, 0, 25, 175, 16868 }, // U+E03C
    { 46, 26, 736, 0, 25, 299, 17043 }, // U+E03D
    { 50, 24, 800, 0, 23, 300, 17342 }, // U+E03E
    { 25, 28, 394, 0, 25, 175, 17642 }, // U+E03F
    { 46, 22, 736, 0, 23, 253, 17817 }, // U+E040
    { 35, 27, 542, 0, 25, 237, 18070 }, // U+E041
    { 34, 27, 547, 0, 25, 230, 18307 }, // U+E042
    { 27, 28, 436, 1, 25, 189, 18537 }, // U+E043
    { 25, 28, 394, 0, 25, 175, 18726 }, // U+E044
    { 44, 26, 704, 0, 25, 286, 18901 }, // U+E045
    { 43, 23, 688, 0, 23, 248, 19187 }, // U+E046
    { 44, 23, 706, 0, 23, 253, 19435 }, // U+E047
    { 39, 26, 624, 0, 23, 254, 19688 }, // U+E048
    { 46, 29, 736, 0, 23, 334, 19942 }, // U+E049
    { 40, 29, 640, 0, 23, 290, 20276 }, // U+E04A
    { 42, 23, 672, 0, 23, 242, 20566 }, // U+E04B
    { 25, 26, 370, -1, 23, 163, 20808 }, // U+E04C
    { 26, 33, 379, -1, 23, 215, 20971 }, // U+E04D
    { 34, 25, 532, -1, 23, 213, 21186 }, // U+E04E
    { 28, 28, 414, -1, 23, 196, 21399 }, // U+E04F
    { 25, 27, 370, -1, 23, 169, 21595 }, // U+E050
    { 27, 23, 407, -1, 23, 156, 21764 }, // U+E051
    { 41, 31, 631, -1, 26, 318, 21920 }, // U+E052
    { 29, 24, 436, -1, 23, 174, 22238 }, // U+E053
    { 46, 23, 706, -1, 23, 265, 22412 }, // U+E054
    { 50, 22, 809, -1, 23, 275, 22677 }, // U+E055
    { 46, 22, 720, -1, 23, 253, 22952 }, // U+E056
    { 51, 25, 800, -1, 23, 319, 23205 }, // U+E057
    { 59, 24, 928, -1, 23, 354, 23524 }, // U+E058
    { 55, 26, 864, -1, 26, 358, 23878 }, // U+E059
    { 61, 23, 987, -1, 23, 351, 24236 }, // U+E05A
    { 46, 33, 720, -1, 34, 380, 24587 }, // U+E05B
    { 47, 35, 736, -1, 35, 412, 24967 }, // U+E05C
    { 52, 22, 816, -1, 23, 286, 25379 }, // U+E05D
    { 46, 22, 720, -1, 23, 253, 25665 }, // U+E05E
    { 48, 26, 752, -1, 25, 312, 25918 }, // U+E05F
    { 51, 21, 800, -1, 23, 268, 26230 }, // U+E060
    { 49, 26, 768, -1, 25, 319, 26498 }, // U+E061
    { 47, 24, 737, -1, 23, 282, 26817 }, // U+E062
    { 47, 24, 736, -1, 23, 282, 27099 }, // U+E063
    { 48, 23, 752, -1, 23, 276, 27381 }, // U+E064
    { 52, 26, 816, -1, 25, 338, 27657 }, // U+E065
    { 56, 24, 880, -1, 23, 336, 27995 }, // U+E066
    { 25, 32, 434, 1, 23, 200, 28331 }, // U+E067
    { 52, 22, 816, -1, 23, 286, 28531 }, // U+E068
    { 36, 28, 551, -1, 23, 252, 28817 }, // U+E069
    { 36, 25, 592, 1, 23, 225, 29069 }, // U+E06A
    { 25, 32, 434, 1, 23, 200, 29294 }, // U+E06B
    { 52, 23, 816, -1, 23, 299, 29494 }, // U+E06C
    { 50, 26, 784, -1, 25, 325, 29793 }, // U+E06D
    { 49, 23, 768, -1, 23, 282, 30118 }, // U+E06E
    { 50, 23, 784, -1, 23, 288, 30400 }, // U+E06F
    { 45, 26, 704, -1, 23, 293, 30688 }, // U+E070
    { 52, 29, 816, -1, 23, 377, 30981 }, // U+E071
    { 46, 29, 720, -1, 23, 334, 31358 }, // U+E072
    { 48, 23, 752, -1, 23, 276, 31692 }, // U+E073
    { 50, 23, 784, -1, 23, 288, 31968 }, // U+E074
    { 46, 26, 720, -1, 25, 299, 32256 }, // U+E075
    { 44, 26, 691, -1, 25, 286, 32555 }, // U+E076
    { 44, 23, 688, -1, 23, 253, 32841 }, // U+E077
    { 45, 22, 731, -1, 23, 248, 33094 }, // U+E078
    { 34, 22, 517, -1, 23, 187, 33342 }, // U+E079
    { 39, 25, 591, -1, 23, 244, 33529 }, // U+E07A
    { 54, 24, 848, -1, 23, 324, 33773 }, // U+E07B
    { 50, 26, 784, -1, 26, 325, 34097 }, // U+E07C
    { 41, 28, 623, -1, 23, 287, 34422 }, // U+E07D
    { 41, 33, 640, -1, 34, 339, 34709 }, // U+E07E
    { 42, 35, 656, -1, 35, 368, 35048 }, // U+E07F
    { 47, 22, 736, -1, 23, 259, 35416 }, // U+E080
    { 41, 22, 640, -1, 23, 226, 35675 }, // U+E081
    { 43, 26, 672, -1, 25, 280, 35901 }, // U+E082
    { 46, 21, 721, -1, 23, 242, 36181 }, // U+E083
    { 44, 26, 688, -1, 25, 286, 36423 }, // U+E084
    { 42, 24, 659, -1, 23, 252, 36709 }, // U+E085
    { 42, 24, 656, -1, 23, 252, 36961 }, // U+E086
    { 22, 29, 324, -1, 23, 160, 37213 }, // U+E087
    { 47, 26, 736, -1, 25, 306, 37373 }, // U+E088
    { 51, 24, 800, -1, 23, 306, 37679 }, // U+E089
    { 23, 31, 340, -1, 23, 179, 37985 }, // U+E08A
    { 47, 22, 736, -1, 23, 259, 38164 }, // U+E08B
    { 43, 23, 672, -1, 23, 248, 38423 }, // U+E08C
    { 32, 25, 496, -1, 23, 200, 38671 }, // U+E08D
    { 27, 30, 405, -1, 23, 203, 38871 }, // U+E08E
    { 47, 23, 736, -1, 23, 271, 39074 }, // U+E08F
    { 45, 26, 704, -1, 25, 293, 39345 }, // U+E090
    { 44, 23, 688, -1, 23, 253, 39638 }, // U+E091
    { 45, 23, 706, -1, 23, 259, 39891 }, // U+E092
    { 40, 26, 624, -1, 23, 260, 40150 }, // U+E093
    { 47, 29, 736, -1, 23, 341, 40410 }, // U+E094
    { 41, 29, 640, -1, 23, 298, 40751 }, // U+E095
    { 43, 23, 673, -1, 23, 248, 41049 }, // U+E096
    { 28, 33, 412, -1, 23, 231, 41297 }, // U+E097
    { 36, 25, 565, -1, 23, 225, 41528 }, // U+E098
    { 30, 29, 454, -1, 23, 218, 41753 }, // U+E099
    { 51, 24, 794, -1, 23, 306, 41971 }, // U+E09A
    { 46, 28, 711, -1, 23, 322, 42277 }, // U+E09B
    { 38, 21, 584, -1, 23, 200, 42599 }, // U+E09C
    { 38, 28, 584, -1, 23, 266, 42799 }, // U+E09D
    { 45, 25, 704, -1, 23, 282, 43065 }, // U+E09E
    { 36, 29, 552, -1, 23, 261, 43347 }, // U+E09F
    { 32, 36, 476, -1, 26, 288, 43608 }, // U+E0A0
    { 40, 28, 630, -1, 26, 280, 43896 }, // U+E0A1
    { 34, 31, 516, -1, 26, 264, 44176 }, // U+E0A2
    { 29, 26, 508, 1, 25, 189, 44440 }, // U+E0A3
    { 25, 28, 446, 1, 23, 175, 44629 }, // U+E0A4
    { 30, 24, 516, 1, 23, 180, 44804 }, // U+E0A5
    { 34, 29, 584, 1, 23, 247, 44984 }, // U+E0A6
    { 36, 33, 611, 1, 23, 297, 45231 }, // U+E0A7
    { 47, 25, 768, 1, 23, 294, 45528 }, // U+E0A8
    { 36, 33, 611, 1, 23, 297, 45822 }, // U+E0A9
    { 50, 34, 784, -1, 34, 425, 46119 }, // U+E0AA
    { 46, 35, 720, -1, 34, 403, 46544 }, // U+E0AB
    { 44, 35, 691, -1, 34, 385, 46947 }, // U+E0AC
    { 44, 34, 688, -1, 34, 374, 47332 }, // U+E0AD
    { 45, 33, 731, -1, 34, 372, 47706 }, // U+E0AE
    { 41, 33, 640, -1, 34, 339, 48078 }, // U+E0AF
    { 46, 36, 720, -1, 34, 414, 48417 }, // U+E0B0
    { 54, 35, 848, -1, 34, 473, 48831 }, // U+E0B1
    { 50, 34, 784, -1, 34, 425, 49304 }, // U+E0B2
    { 56, 34, 909, -1, 34, 476, 49729 }, // U+E0B3
    { 26, 39, 389, -1, 34, 254, 50205 }, // U+E0B4
    { 42, 35, 656, -1, 35, 368, 50459 }, // U+E0B5
    { 47, 33, 736, -1, 34, 388, 50827 }, // U+E0B6
    { 41, 33, 640, -1, 34, 339, 51215 }, // U+E0B7
    { 43, 35, 672, -1, 34, 377, 51554 }, // U+E0B8
    { 46, 32, 721, -1, 34, 368, 51931 }, // U+E0B9
    { 44, 35, 688, -1, 34, 385, 52299 }, // U+E0BA
    { 42, 35, 659, -1, 34, 368, 52684 }, // U+E0BB
    { 42, 35, 656, -1, 34, 368, 53052 }, // U+E0BC
    { 43, 34, 672, -1, 34, 366, 53420 }, // U+E0BD
    { 47, 35, 736, -1, 34, 412, 53786 }, // U+E0BE
    { 51, 35, 800, -1, 34, 447, 54198 }, // U+E0BF
    { 23, 42, 340, -1, 34, 242, 54645 }, // U+E0C0
    { 47, 33, 736, -1, 34, 388, 54887 }, // U+E0C1
    { 31, 39, 470, -1, 34, 303, 55275 }, // U+E0C2
    { 32, 36, 496, -1, 34, 288, 55578 }, // U+E0C3
    { 27, 41, 405, -1, 34, 277, 55866 }, // U+E0C4
    { 47, 34, 736, -1, 34, 400, 56143 }, // U+E0C5
    { 45, 35, 704, -1, 34, 394, 56543 }, // U+E0C6
    { 44, 34, 688, -1, 34, 374, 56937 }, // U+E0C7
    { 45, 34, 706, -1, 34, 383, 0 }, // U+E0C8
    { 40, 37, 624, -1, 34, 370, 383 }, // U+E0C9
    { 47, 40, 736, -1, 34, 470, 753 }, // U+E0CA
    { 41, 40, 640, -1, 34, 410, 1223 }, // U+E0CB
    { 43, 34, 673, -1, 34, 366, 1633 }, // U+E0CC
    { 24, 44, 355, -1, 35, 264, 1999 }, // U+E0CD
    { 33, 37, 512, -1, 35, 306, 2263 }, // U+E0CE
    { 29, 41, 436, -1, 34, 298, 2569 }, // U+E0CF
    { 55, 23, 864, -1, 23, 317, 2867 }, // U+E0D0
    { 51, 26, 800, -1, 25, 332, 3184 }, // U+E0D1
    { 48, 26, 736, -1, 25, 312, 3516 }, // U+E0D2
    { 49, 23, 768, -1, 23, 282, 3828 }, // U+E0D3
    { 50, 22, 803, -1, 23, 275, 4110 }, // U+E0D4
    { 46, 22, 720, -1, 23, 253, 4385 }, // U+E0D5
    { 51, 25, 800, -1, 23, 319, 4638 }, // U+E0D6
    { 59, 24, 928, -1, 23, 354, 4957 }, // U+E0D7
    { 55, 26, 864, -1, 26, 358, 5311 }, // U+E0D8
    { 61, 23, 981, -1, 23, 351, 5669 }, // U+E0D9
    { 46, 33, 720, -1, 34, 380, 6020 }, // U+E0DA
    { 47, 35, 736, -1, 35, 412, 6400 }, // U+E0DB
    { 45, 22, 689, -1, 23, 248, 6812 }, // U+E0DC
    { 46, 22, 720, -1, 23, 253, 7060 }, // U+E0DD
    { 48, 26, 752, -1, 25, 312, 7313 }, // U+E0DE
    { 51, 21, 800, -1, 23, 268, 7625 }, // U+E0DF
    { 49, 26, 768, -1, 25, 319, 7893 }, // U+E0E0
    { 47, 24, 736, -1, 23, 282, 8212 }, // U+E0E1
    { 47, 24, 736, -1, 23, 282, 8494 }, // U+E0E2
    { 48, 23, 752, -1, 23, 276, 8776 }, // U+E0E3
    { 52, 26, 816, -1, 25, 338, 9052 }, // U+E0E4
    { 56, 24, 880, -1, 23, 336, 9390 }, // U+E0E5
    { 29, 32, 427, -1, 23, 232, 9726 }, // U+E0E6
    { 52, 22, 816, -1, 23, 286, 9958 }, // U+E0E7
    { 36, 28, 545, -1, 23, 252, 10244 }, // U+E0E8
    { 37, 25, 580, -1, 23, 232, 10496 }, // U+E0E9
    { 29, 30, 427, -1, 23, 218, 10728 }, // U+E0EA
    { 52, 23, 816, -1, 23, 299, 10946 }, // U+E0EB
    { 50, 26, 784, -1, 25, 325, 11245 }, // U+E0EC
    { 49, 23, 768, -1, 23, 282, 11570 }, // U+E0ED
    { 50, 23, 784, -1, 23, 288, 11852 }, // U+E0EE
    { 45, 26, 704, -1, 23, 293, 12140 }, // U+E0EF
    { 52, 29, 816, -1, 23, 377, 12433 }, // U+E0F0
    { 46, 29, 720, -1, 23, 334, 12810 }, // U+E0F1
    { 48, 23, 752, -1, 23, 276, 13144 }, // U+E0F2
    { 50, 23, 784, -1, 23, 288, 13420 }, // U+E0F3
    { 46, 26, 720, -1, 25, 299, 13708 }, // U+E0F4
    { 44, 26, 691, -1, 25, 286, 14007 }, // U+E0F5
    { 44, 23, 688, -1, 23, 253, 14293 }, // U+E0F6
    { 45, 22, 731, -1, 23, 248, 14546 }, // U+E0F7
    { 41, 22, 640, -1, 23, 226, 14794 }, // U+E0F8
    { 46, 25, 720, -1, 23, 288, 15020 }, // U+E0F9
    { 54, 24, 848, -1, 23, 324, 15308 }, // U+E0FA
    { 50, 26, 784, -1, 26, 325, 15632 }, // U+E0FB
    { 56, 23, 909, -1, 23, 322, 15957 }, // U+E0FC
    { 41, 33, 640, -1, 34, 339, 16279 }, // U+E0FD
    { 42, 35, 656, -1, 35, 368, 16618 }, // U+E0FE
    { 47, 22, 736, -1, 23, 259, 16986 }, // U+E0FF
    { 41, 22, 640, -1, 23, 226, 17245 }, // U+E100
    { 43, 26, 672, -1, 25, 280, 17471 }, // U+E101
    { 46, 21, 721, -1, 23, 242, 17751 }, // U+E102
    { 44, 26, 688, -1, 25, 286, 17993 }, // U+E103
    { 42, 24, 659, -1, 23, 252, 18279 }, // U+E104
    { 42, 24, 656, -1, 23, 252, 18531 }, // U+E105
    { 43, 23, 672, -1, 23, 248, 18783 }, // U+E106
    { 47, 26, 736, -1, 25, 306, 19031 }, // U+E107
    { 51, 24, 800, -1, 23, 306, 19337 }, // U+E108
    { 23, 31, 340, -1, 23, 179, 19643 }, // U+E109
    { 47, 22, 736, -1, 23, 259, 19822 }, // U+E10A
    { 43, 23, 672, -1, 23, 248, 20081 }, // U+E10B
    { 32, 25, 496, -1, 23, 200, 20329 }, // U+E10C
    { 27, 30, 405, -1, 23, 203, 20529 }, // U+E10D
    { 47, 23, 736, -1, 23, 271, 20732 }, // U+E10E
    { 45, 26, 704, -1, 25, 293, 21003 }, // U+E10F
    { 44, 23, 688, -1, 23, 253, 21296 }, // U+E110
    { 45, 23, 706, -1, 23, 259, 21549 }, // U+E111
    { 40, 26, 624, -1, 23, 260, 21808 }, // U+E112
    { 47, 29, 736, -1, 23, 341, 22068 }, // U+E113
    { 41, 29, 640, -1, 23, 298, 22409 }, // U+E114
    { 43, 23, 673, -1, 23, 248, 22707 }, // U+E115
    { 45, 23, 736, 1, 23, 259, 22955 }, // U+E116
    { 41, 26, 672, 1, 25, 267, 23214 }, // U+E117
    { 39, 26, 641, 1, 25, 254, 23481 }, // U+E118
    { 39, 23, 640, 1, 23, 225, 23735 }, // U+E119
    { 40, 22, 682, 1, 23, 220, 23960 }, // U+E11A
    { 36, 22, 592, 1, 23, 198, 24180 }, // U+E11B
    { 41, 25, 672, 1, 23, 257, 24378 }, // U+E11C
    { 49, 24, 800, 1, 23, 294, 24635 }, // U+E11D
    { 45, 26, 736, 1, 26, 293, 24929 }, // U+E11E
    { 51, 23, 859, 1, 23, 294, 25222 }, // U+E11F
    { 32, 33, 518, 1, 34, 264, 25516 }, // U+E120
    { 27, 35, 439, 1, 35, 237, 25780 }, // U+E121
    { 25, 22, 443, 1, 23, 138, 26017 }, // U+E122
    { 32, 22, 518, 1, 23, 176, 26155 }, // U+E123
    { 22, 28, 362, 1, 25, 154, 26331 }, // U+E124
    { 41, 21, 672, 1, 23, 216, 26485 }, // U+E125
    { 39, 26, 640, 1, 25, 254, 26701 }, // U+E126
    { 37, 24, 610, 1, 23, 222, 26955 }, // U+E127
    { 37, 24, 608, 1, 23, 222, 27177 }, // U+E128
    { 22, 26, 362, 1, 25, 143, 27399 }, // U+E129
    { 42, 26, 688, 1, 25, 273, 27542 }, // U+E12A
    { 46, 24, 752, 1, 23, 276, 27815 }, // U+E12B
    { 23, 28, 372, 1, 25, 161, 28091 }, // U+E12C
    { 42, 22, 688, 1, 23, 231, 28252 }, // U+E12D
    { 32, 27, 520, 1, 25, 216, 28483 }, // U+E12E
    { 32, 27, 528, 1, 25, 216, 28699 }, // U+E12F
    { 24, 28, 382, 1, 25, 168, 28915 }, // U+E130
    { 42, 23, 688, 1, 23, 242, 29083 }, // U+E131
    { 40, 26, 656, 1, 25, 260, 29325 }, // U+E132
    { 39, 23, 640, 1, 23, 225, 29585 }, // U+E133
    { 40, 23, 657, 1, 23, 230, 29810 }, // U+E134
    { 35, 26, 576, 1, 23, 228, 30040 }, // U+E135
    { 42, 29, 688, 1, 23, 305, 30268 }, // U+E136
    { 36, 29, 592, 1, 23, 261, 30573 }, // U+E137
    { 38, 23, 624, 1, 23, 219, 30834 }, // U+E138
    { 29, 23, 434, -1, 23, 167, 31053 }, // U+E139
    { 29, 26, 463, 1, 25, 189, 31220 }, // U+E13A
    { 27, 27, 396, -1, 23, 183, 31409 }, // U+E13B
    { 27, 26, 396, -1, 23, 176, 31592 }, // U+E13C
    { 36, 26, 541, -1, 23, 234, 31768 }, // U+E13D
    { 37, 25, 577, -1, 23, 232, 32002 }, // U+E13E
    { 29, 23, 429, -1, 23, 167, 32234 }, // U+E13F
    { 27, 28, 404, -1, 23, 189, 32401 }, // U+E140
    { 24, 31, 387, 1, 26, 186, 32590 }, // U+E141
    { 33, 27, 544, 1, 25, 223, 32776 }, // U+E142
    { 25, 31, 406, 1, 26, 194, 32999 }, // U+E143
    { 51, 23, 802, -1, 23, 294, 33193 }, // U+E144
    { 47, 26, 736, -1, 25, 306, 33487 }, // U+E145
    { 43, 26, 663, -1, 25, 280, 33793 }, // U+E146
    { 42, 24, 649, -1, 23, 252, 34073 }, // U+E147
    { 46, 22, 751, -1, 23, 253, 34325 }, // U+E148
    { 42, 22, 658, -1, 23, 231, 34578 }, // U+E149
    { 47, 25, 736, -1, 23, 294, 34809 }, // U+E14A
    { 55, 24, 868, -1, 23, 330, 35103 }, // U+E14B
    { 51, 26, 800, -1, 26, 332, 35433 }, // U+E14C
    { 57, 23, 929, -1, 23, 328, 35765 }, // U+E14D
    { 42, 33, 658, -1, 34, 347, 36093 }, // U+E14E
    { 43, 35, 672, -1, 35, 377, 36440 }, // U+E14F
    { 48, 22, 752, -1, 23, 264, 36817 }, // U+E150
    { 42, 22, 658, -1, 23, 231, 37081 }, // U+E151
    { 44, 26, 690, -1, 25, 286, 37312 }, // U+E152
    { 47, 21, 742, -1, 23, 247, 37598 }, // U+E153
    { 45, 26, 705, -1, 25, 293, 37845 }, // U+E154
    { 33, 24, 499, -1, 23, 198, 38138 }, // U+E155
    { 31, 28, 467, -1, 23, 217, 38336 }, // U+E156
    { 25, 28, 370, -1, 23, 175, 38553 }, // U+E157
    { 48, 26, 752, -1, 25, 312, 38728 }, // U+E158
    { 52, 24, 820, -1, 23, 312, 39040 }, // U+E159
    { 25, 28, 370, -1, 23, 175, 39352 }, // U+E15A
    { 29, 27, 436, -1, 23, 196, 39527 }, // U+E15B
    { 33, 25, 503, -1, 23, 207, 39723 }, // U+E15C
    { 33, 25, 515, -1, 23, 207, 39930 }, // U+E15D
    { 29, 26, 432, -1, 23, 189, 40137 }, // U+E15E
    { 48, 23, 756, -1, 23, 276, 40326 }, // U+E15F
    { 46, 26, 724, -1, 25, 299, 40602 }, // U+E160
    { 45, 23, 704, -1, 23, 259, 40901 }, // U+E161
    { 46, 23, 727, -1, 23, 265, 41160 }, // U+E162
    { 41, 26, 640, -1, 23, 267, 41425 }, // U+E163
    { 48, 29, 752, -1, 23, 348, 41692 }, // U+E164
    { 42, 29, 658, -1, 23, 305, 42040 }, // U+E165
    { 44, 23, 693, -1, 23, 253, 42345 }, // U+E166
    { 21, 27, 343, 1, 23, 142, 42598 }, // U+E167
    { 37, 24, 586, 1, 23, 222, 42740 }, // U+E168
    { 31, 28, 491, 1, 23, 217, 42962 }, // U+E169
    { 31, 25, 512, 1, 23, 194, 43179 }, // U+E16A
    { 25, 28, 398, 1, 23, 175, 43373 }, // U+E16B
    { 45, 23, 706, -1, 23, 259, 43548 }, // U+E16C
    { 41, 26, 640, -1, 25, 267, 43807 }, // U+E16D
    { 39, 26, 615, -1, 25, 254, 44074 }, // U+E16E
    { 39, 23, 608, -1, 23, 225, 44328 }, // U+E16F
    { 40, 22, 655, -1, 23, 220, 44553 }, // U+E170
    { 36, 22, 562, -1, 23, 198, 44773 }, // U+E171
    { 41, 25, 640, -1, 23, 257, 44971 }, // U+E172
    { 49, 24, 772, -1, 23, 294, 45228 }, // U+E173
    { 45, 26, 704, -1, 26, 293, 45522 }, // U+E174
    { 51, 23, 833, -1, 23, 294, 45815 }, // U+E175
    { 34, 33, 509, -1, 34, 281, 46109 }, // U+E176
    { 30, 35, 443, -1, 35, 263, 46390 }, // U+E177
    { 32, 22, 487, -1, 23, 176, 46653 }, // U+E178
    { 36, 22, 562, -1, 23, 198, 46829 }, // U+E179
    { 38, 26, 594, -1, 25, 247, 47027 }, // U+E17A
    { 29, 25, 433, -1, 23, 182, 47274 }, // U+E17B
    { 25, 28, 369, -1, 23, 175, 47456 }, // U+E17C
    { 35, 24, 538, -1, 23, 210, 47631 }, // U+E17D
    { 31, 23, 464, -1, 23, 179, 47841 }, // U+E17E
    { 25, 25, 362, -1, 23, 157, 48020 }, // U+E17F
    { 42, 26, 656, -1, 25, 273, 48177 }, // U+E180
    { 46, 24, 724, -1, 23, 276, 48450 }, // U+E181
    { 25, 23, 367, -1, 23, 144, 48726 }, // U+E182
    { 42, 22, 656, -1, 23, 231, 48870 }, // U+E183
    { 32, 25, 484, -1, 23, 200, 49101 }, // U+E184
    { 33, 25, 516, -1, 23, 207, 49301 }, // U+E185
    { 27, 25, 398, -1, 23, 169, 49508 }, // U+E186
    { 42, 23, 660, -1, 23, 242, 49677 }, // U+E187
    { 40, 26, 628, -1, 25, 260, 49919 }, // U+E188
    { 39, 23, 608, -1, 23, 225, 50179 }, // U+E189
    { 35, 23, 532, -1, 23, 202, 50404 }, // U+E18A
    { 35, 26, 544, -1, 23, 228, 50606 }, // U+E18B
    { 42, 29, 656, -1, 23, 305, 50834 }, // U+E18C
    { 36, 29, 562, -1, 23, 261, 51139 }, // U+E18D
    { 38, 23, 597, -1, 23, 219, 51400 }, // U+E18E
    { 51, 23, 817, 0, 23, 294, 51619 }, // U+E18F
    { 47, 26, 752, 0, 25, 306, 0 }, // U+E190
    { 45, 26, 726, 0, 25, 293, 306 }, // U+E191
    { 45, 23, 720, 0, 23, 259, 599 }, // U+E192
    { 46, 22, 766, 0, 23, 253, 858 }, // U+E193
    { 42, 22, 673, 0, 23, 231, 1111 }, // U+E194
    { 47, 25, 752, 0, 23, 294, 1342 }, // U+E195
    { 55, 24, 883, 0, 23, 330, 1636 }, // U+E196
    { 51, 26, 816, 0, 26, 332, 1966 }, // U+E197
    { 57, 23, 944, 0, 23, 328, 2298 }, // U+E198
    { 39, 33, 603, 0, 34, 322, 2626 }, // U+E199
    { 43, 35, 688, 0, 35, 377, 2948 }, // U+E19A
    { 48, 22, 768, 0, 23, 264, 3325 }, // U+E19B
    { 42, 22, 673, 0, 23, 231, 3589 }, // U+E19C
    { 44, 26, 705, 0, 25, 286, 3820 }, // U+E19D
    { 28, 28, 436, 0, 25, 196, 4106 }, // U+E19E
    { 45, 26, 720, 0, 25, 293, 4302 }, // U+E19F
    { 43, 24, 694, 0, 23, 258, 4595 }, // U+E1A0
    { 43, 24, 690, 0, 23, 258, 4853 }, // U+E1A1
    { 28, 26, 430, 0, 25, 182, 5111 }, // U+E1A2
    { 28, 29, 439, 0, 25, 203, 5293 }, // U+E1A3
    { 52, 24, 835, 0, 23, 312, 5496 }, // U+E1A4
    { 28, 32, 430, 0, 25, 224, 5808 }, // U+E1A5
    { 48, 22, 768, 0, 23, 264, 6032 }, // U+E1A6
    { 37, 27, 578, 0, 25, 250, 6296 }, // U+E1A7
    { 36, 27, 583, 0, 25, 243, 6546 }, // U+E1A8
    { 28, 28, 453, 1, 25, 196, 6789 }, // U+E1A9
    { 28, 27, 430, 0, 25, 189, 6985 }, // U+E1AA
    { 46, 26, 739, 0, 25, 299, 7174 }, // U+E1AB
    { 45, 23, 720, 0, 23, 259, 7473 }, // U+E1AC
    { 42, 23, 643, -1, 23, 242, 7732 }, // U+E1AD
    { 41, 26, 656, 0, 23, 267, 7974 }, // U+E1AE
    { 48, 29, 768, 0, 23, 348, 8241 }, // U+E1AF
    { 42, 29, 673, 0, 23, 305, 8589 }, // U+E1B0
    { 44, 23, 708, 0, 23, 253, 8894 }, // U+E1B1
    { 33, 38, 505, -1, 34, 314, 9147 }, // U+E1B2
    { 33, 33, 503, -1, 23, 273, 9461 }, // U+E1B3
    { 42, 25, 656, -1, 23, 263, 9734 }, // U+E1B4
    { 36, 28, 539, -1, 23, 252, 9997 }, // U+E1B5
    { 33, 27, 494, -1, 23, 223, 10249 }, // U+E1B6
    { 51, 23, 800, -1, 23, 294, 10472 }, // U+E1B7
    { 47, 26, 736, -1, 25, 306, 10766 }, // U+E1B8
    { 45, 26, 704, -1, 25, 293, 11072 }, // U+E1B9
    { 45, 23, 704, -1, 23, 259, 11365 }, // U+E1BA
    { 46, 22, 740, -1, 23, 253, 11624 }, // U+E1BB
    { 42, 22, 656, -1, 23, 231, 11877 }, // U+E1BC
    { 47, 25, 736, -1, 23, 294, 12108 }, // U+E1BD
    { 39, 24, 589, -1, 23, 234, 12402 }, // U+E1BE
    { 51, 26, 800, -1, 26, 332, 12636 }, // U+E1BF
    { 57, 23, 918, -1, 23, 328, 12968 }, // U+E1C0
    { 42, 33, 656, -1, 34, 347, 13296 }, // U+E1C1
    { 43, 35, 672, -1, 35, 377, 13643 }, // U+E1C2
    { 48, 22, 752, -1, 23, 264, 14020 }, // U+E1C3
    { 42, 22, 656, -1, 23, 231, 14284 }, // U+E1C4
    { 44, 26, 688, -1, 25, 286, 14515 }, // U+E1C5
    { 47, 21, 736, -1, 23, 247, 14801 }, // U+E1C6
    { 45, 26, 704, -1, 25, 293, 15048 }, // U+E1C7
    { 35, 24, 525, -1, 23, 210, 15341 }, // U+E1C8
    { 29, 25, 430, -1, 23, 182, 15551 }, // U+E1C9
    { 44, 23, 688, -1, 23, 253, 15733 }, // U+E1CA
    { 48, 26, 752, -1, 25, 312, 15986 }, // U+E1CB
    { 52, 24, 816, -1, 23, 312, 16298 }, // U+E1CC
    { 39, 23, 586, -1, 23, 225, 16610 }, // U+E1CD
    { 28, 27, 421, -1, 23, 189, 16835 }, // U+E1CE
    { 44, 23, 688, -1, 23, 253, 17024 }, // U+E1CF
    { 33, 25, 512, -1, 23, 207, 17277 }, // U+E1D0
    { 27, 28, 398, -1, 23, 189, 17484 }, // U+E1D1
    { 24, 27, 362, -1, 23, 162, 17673 }, // U+E1D2
    { 46, 26, 720, -1, 25, 299, 17835 }, // U+E1D3
    { 45, 23, 704, -1, 23, 259, 18134 }, // U+E1D4
    { 46, 23, 720, -1, 23, 265, 18393 }, // U+E1D5
    { 41, 26, 640, -1, 23, 267, 18658 }, // U+E1D6
    { 48, 29, 752, -1, 23, 348, 18925 }, // U+E1D7
    { 42, 29, 656, -1, 23, 305, 19273 }, // U+E1D8
    { 44, 23, 688, -1, 23, 253, 19578 }, // U+E1D9
    { 29, 31, 433, -1, 23, 225, 19831 }, // U+E1DA
    { 38, 25, 592, -1, 23, 238, 20056 }, // U+E1DB
    { 28, 23, 424, -1, 23, 161, 20294 }, // U+E1DC
    { 27, 28, 407, -1, 23, 189, 20455 }, // U+E1DD
    { 53, 23, 832, -1, 23, 305, 20644 }, // U+E1DE
    { 49, 26, 768, -1, 25, 319, 20949 }, // U+E1DF
    { 47, 26, 736, -1, 25, 306, 21268 }, // U+E1E0
    { 47, 23, 736, -1, 23, 271, 21574 }, // U+E1E1
    { 48, 22, 776, -1, 23, 264, 21845 }, // U+E1E2
    { 44, 22, 688, -1, 23, 242, 22109 }, // U+E1E3
    { 49, 25, 768, -1, 23, 307, 22351 }, // U+E1E4
    { 57, 24, 896, -1, 23, 342, 22658 }, // U+E1E5
    { 53, 26, 832, -1, 26, 345, 23000 }, // U+E1E6
    { 59, 23, 954, -1, 23, 340, 23345 }, // U+E1E7
    { 44, 33, 688, -1, 34, 363, 23685 }, // U+E1E8
    { 45, 35, 704, -1, 35, 394, 24048 }, // U+E1E9
    { 50, 22, 784, -1, 23, 275, 24442 }, // U+E1EA
    { 44, 22, 688, -1, 23, 242, 24717 }, // U+E1EB
    { 46, 26, 720, -1, 25, 299, 24959 }, // U+E1EC
    { 29, 25, 431, -1, 23, 182, 25258 }, // U+E1ED
    { 47, 26, 736, -1, 25, 306, 25440 }, // U+E1EE
    { 39, 24, 593, -1, 23, 234, 25746 }, // U+E1EF
    { 45, 24, 704, -1, 23, 270, 25980 }, // U+E1F0
    { 25, 23, 365, -1, 23, 144, 26250 }, // U+E1F1
    { 45, 26, 688, -1, 25, 293, 26394 }, // U+E1F2
    { 43, 25, 654, -1, 23, 269, 26687 }, // U+E1F3
    { 25, 23, 368, -1, 23, 144, 26956 }, // U+E1F4
    { 29, 25, 434, -1, 23, 182, 27100 }, // U+E1F5
    { 34, 23, 521, -1, 23, 196, 27282 }, // U+E1F6
    { 34, 25, 528, -1, 23, 213, 27478 }, // U+E1F7
    { 27, 25, 395, -1, 23, 169, 27691 }, // U+E1F8
    { 25, 24, 378, -1, 23, 150, 27860 }, // U+E1F9
    { 48, 26, 752, -1, 25, 312, 28010 }, // U+E1FA
    { 47, 23, 736, -1, 23, 271, 28322 }, // U+E1FB
    { 43, 23, 652, -1, 23, 248, 28593 }, // U+E1FC
    { 43, 26, 672, -1, 23, 280, 28841 }, // U+E1FD
    { 50, 29, 784, -1, 23, 363, 29121 }, // U+E1FE
    { 44, 29, 688, -1, 23, 319, 29484 }, // U+E1FF
    { 46, 23, 720, -1, 23, 265, 29803 }, // U+E200
    { 25, 33, 376, -1, 23, 207, 30068 }, // U+E201
    { 34, 25, 529, -1, 23, 213, 30275 }, // U+E202
    { 28, 28, 412, -1, 23, 196, 30488 }, // U+E203
    { 39, 35, 608, -1, 35, 342, 30684 }, // U+E204
    { 32, 35, 496, -1, 35, 280, 31026 }, // U+E205
    { 27, 36, 448, 1, 35, 243, 31306 }, // U+E206
    { 26, 36, 416, 0, 35, 234, 31549 }, // U+E207
    { 29, 35, 448, -1, 35, 254, 31783 }, // U+E208
    { 25, 34, 434, 1, 35, 213, 32037 }, // U+E209
    { 23, 34, 352, -1, 35, 196, 32250 }, // U+E20A
    { 28, 37, 432, -1, 35, 259, 32446 }, // U+E20B
    { 37, 36, 576, -1, 35, 333, 32705 }, // U+E20C
    { 32, 35, 496, -1, 35, 280, 33038 }, // U+E20D
    { 36, 35, 612, 1, 35, 315, 33318 }, // U+E20E
    { 27, 34, 416, -1, 35, 230, 33633 }, // U+E20F
    { 28, 35, 432, -1, 35, 245, 33863 }, // U+E210
    { 29, 34, 448, -1, 35, 247, 34108 }, // U+E211
    { 23, 34, 352, -1, 35, 196, 34355 }, // U+E212
    { 24, 36, 400, 1, 35, 216, 34551 }, // U+E213
    { 28, 33, 432, -1, 35, 231, 34767 }, // U+E214
    { 25, 36, 416, 1, 35, 225, 34998 }, // U+E215
    { 24, 36, 368, -1, 35, 216, 35223 }, // U+E216
    { 26, 36, 432, 1, 35, 234, 35439 }, // U+E217
    { 28, 35, 432, -1, 35, 245, 35673 }, // U+E218
    { 28, 36, 448, 0, 35, 252, 35918 }, // U+E219
    { 33, 36, 512, -1, 35, 297, 36170 }, // U+E21A
    { 28, 35, 432, -1, 35, 245, 36467 }, // U+E21B
    { 29, 34, 448, -1, 35, 247, 36712 }, // U+E21C
    { 29, 35, 448, -1, 35, 254, 36959 }, // U+E21D
    { 29, 35, 448, -1, 35, 254, 37213 }, // U+E21E
    { 28, 35, 432, -1, 35, 245, 37467 }, // U+E21F
    { 33, 35, 512, -1, 35, 289, 37712 }, // U+E220
    { 28, 36, 432, -1, 35, 252, 38001 }, // U+E221
    { 29, 35, 448, -1, 35, 254, 38253 }, // U+E222
    { 31, 35, 480, -1, 35, 272, 38507 }, // U+E223
    { 22, 38, 336, -1, 35, 209, 38779 }, // U+E224
    { 29, 41, 448, -1, 35, 298, 38988 }, // U+E225
    { 23, 41, 352, -1, 35, 236, 39286 }, // U+E226
    { 29, 35, 448, -1, 35, 254, 39522 }, // U+E227
    { 35, 25, 535, -1, 23, 219, 39776 }, // U+E228
    { 48, 26, 752, -1, 25, 312, 39995 }, // U+E229
    { 30, 27, 449, -1, 23, 203, 40307 }, // U+E22A
    { 46, 23, 720, -1, 23, 265, 40510 }, // U+E22B
    { 47, 22, 756, -1, 23, 259, 40775 }, // U+E22C
    { 43, 22, 672, -1, 23, 237, 41034 }, // U+E22D
    { 48, 25, 752, -1, 23, 300, 41271 }, // U+E22E
    { 56, 24, 880, -1, 23, 336, 41571 }, // U+E22F
    { 52, 26, 816, -1, 26, 338, 41907 }, // U+E230
    { 58, 23, 934, -1, 23, 334, 42245 }, // U+E231
    { 40, 33, 602, -1, 34, 330, 42579 }, // U+E232
    { 44, 35, 688, -1, 35, 385, 42909 }, // U+E233
    { 37, 23, 560, -1, 23, 213, 43294 }, // U+E234
    { 43, 22, 672, -1, 23, 237, 43507 }, // U+E235
    { 45, 26, 704, -1, 25, 293, 43744 }, // U+E236
    { 28, 26, 422, -1, 23, 182, 44037 }, // U+E237
    { 46, 26, 720, -1, 25, 299, 44219 }, // U+E238
    { 40, 24, 613, -1, 23, 240, 44518 }, // U+E239
    { 35, 25, 532, -1, 23, 219, 44758 }, // U+E23A
    { 45, 23, 704, -1, 23, 259, 44977 }, // U+E23B
    { 30, 27, 449, -1, 23, 203, 45236 }, // U+E23C
    { 44, 24, 679, -1, 23, 264, 45439 }, // U+E23D
    { 29, 25, 434, -1, 23, 182, 45703 }, // U+E23E
    { 49, 22, 768, -1, 23, 270, 45885 }, // U+E23F
    { 37, 25, 570, -1, 23, 232, 46155 }, // U+E240
    { 38, 25, 592, -1, 23, 238, 46387 }, // U+E241
    { 29, 28, 434, -1, 23, 203, 46625 }, // U+E242
    { 29, 26, 439, -1, 23, 189, 46828 }, // U+E243
    { 47, 26, 736, -1, 25, 306, 47017 }, // U+E244
    { 46, 23, 720, -1, 23, 265, 47323 }, // U+E245
    { 47, 23, 736, -1, 23, 271, 47588 }, // U+E246
    { 42, 26, 656, -1, 23, 273, 47859 }, // U+E247
    { 49, 29, 768, -1, 23, 356, 48132 }, // U+E248
    { 43, 29, 672, -1, 23, 312, 48488 }, // U+E249
    { 45, 23, 704, -1, 23, 259, 48800 }, // U+E24A
    { 51, 23, 801, -1, 23, 294, 49059 }, // U+E24B
    { 47, 26, 736, -1, 25, 306, 49353 }, // U+E24C
    { 45, 26, 710, -1, 25, 293, 49659 }, // U+E24D
    { 45, 23, 704, -1, 23, 259, 49952 }, // U+E24E
    { 46, 22, 751, -1, 23, 253, 50211 }, // U+E24F
    { 39, 22, 587, -1, 23, 215, 50464 }, // U+E250
    { 43, 26, 660, -1, 23, 280, 50679 }, // U+E251
    { 55, 24, 867, -1, 23, 330, 50959 }, // U+E252
    { 51, 26, 800, -1, 26, 332, 51289 }, // U+E253
    { 57, 23, 928, -1, 23, 328, 51621 }, // U+E254
    { 42, 33, 657, -1, 34, 347, 51949 }, // U+E255
    { 43, 35, 672, -1, 35, 377, 52296 }, // U+E256
    { 48, 22, 752, -1, 23, 264, 52673 }, // U+E257
    { 42, 22, 657, -1, 23, 231, 0 }, // U+E258
    { 44, 26, 689, -1, 25, 286, 231 }, // U+E259
    { 27, 28, 407, -1, 25, 189, 517 }, // U+E25A
    { 45, 26, 704, -1, 25, 293, 706 }, // U+E25B
    { 43, 24, 679, -1, 23, 258, 999 }, // U+E25C
    { 43, 24, 674, -1, 23, 258, 1257 }, // U+E25D
    { 27, 26, 406, -1, 25, 176, 1515 }, // U+E25E
    { 48, 26, 752, -1, 25, 312, 1691 }, // U+E25F
    { 52, 24, 820, -1, 23, 312, 2003 }, // U+E260
    { 27, 28, 409, -1, 25, 189, 2315 }, // U+E261
    { 48, 22, 752, -1, 23, 264, 2504 }, // U+E262
    { 37, 27, 554, -1, 25, 250, 2768 }, // U+E263
    { 36, 27, 560, -1, 25, 243, 3018 }, // U+E264
    { 28, 28, 415, -1, 25, 196, 3261 }, // U+E265
    { 27, 27, 406, -1, 25, 183, 3457 }, // U+E266
    { 46, 26, 723, -1, 25, 299, 3640 }, // U+E267
    { 45, 23, 704, -1, 23, 259, 3939 }, // U+E268
    { 46, 23, 726, -1, 23, 265, 4198 }, // U+E269
    { 41, 26, 640, -1, 23, 267, 4463 }, // U+E26A
    { 48, 29, 752, -1, 23, 348, 4730 }, // U+E26B
    { 42, 29, 657, -1, 23, 305, 5078 }, // U+E26C
    { 44, 23, 692, -1, 23, 253, 5383 }, // U+E26D
    { 28, 25, 424, -1, 23, 175, 5636 }, // U+E26E
    { 46, 26, 721, -1, 25, 299, 5811 }, // U+E26F
    { 44, 26, 697, -1, 25, 286, 6110 }, // U+E270
    { 44, 23, 688, -1, 23, 253, 6396 }, // U+E271
    { 45, 22, 737, -1, 23, 248, 6649 }, // U+E272
    { 41, 22, 643, -1, 23, 226, 6897 }, // U+E273
    { 46, 25, 720, -1, 23, 288, 7123 }, // U+E274
    { 54, 24, 853, -1, 23, 324, 7411 }, // U+E275
    { 50, 26, 784, -1, 26, 325, 7735 }, // U+E276
    { 56, 23, 915, -1, 23, 322, 8060 }, // U+E277
    { 23, 34, 339, -1, 34, 196, 8382 }, // U+E278
    { 28, 35, 422, -1, 35, 245, 8578 }, // U+E279
    { 47, 22, 736, -1, 23, 259, 8823 }, // U+E27A
    { 41, 22, 643, -1, 23, 226, 9082 }, // U+E27B
    { 33, 23, 535, -1, 23, 190, 9308 }, // U+E27C
    { 46, 21, 727, -1, 23, 242, 9498 }, // U+E27D
    { 44, 26, 690, -1, 25, 286, 9740 }, // U+E27E
    { 42, 24, 665, -1, 23, 252, 10026 }, // U+E27F
    { 42, 24, 661, -1, 23, 252, 10278 }, // U+E280
    { 43, 23, 672, -1, 23, 248, 10530 }, // U+E281
    { 42, 26, 645, -1, 25, 273, 10778 }, // U+E282
    { 40, 25, 610, -1, 23, 250, 11051 }, // U+E283
    { 26, 33, 380, -1, 23, 215, 11301 }, // U+E284
    { 47, 22, 736, -1, 23, 259, 11516 }, // U+E285
    { 32, 23, 481, -1, 23, 184, 11775 }, // U+E286
    { 34, 25, 533, -1, 23, 213, 11959 }, // U+E287
    { 28, 28, 416, -1, 23, 196, 12172 }, // U+E288
    { 47, 23, 742, -1, 23, 271, 12368 }, // U+E289
    { 45, 26, 709, -1, 25, 293, 12639 }, // U+E28A
    { 44, 23, 688, -1, 23, 253, 12932 }, // U+E28B
    { 45, 23, 712, -1, 23, 259, 13185 }, // U+E28C
    { 40, 26, 624, -1, 23, 260, 13444 }, // U+E28D
    { 47, 29, 736, -1, 23, 341, 13704 }, // U+E28E
    { 41, 29, 643, -1, 23, 298, 14045 }, // U+E28F
    { 43, 23, 679, -1, 23, 248, 14343 }, // U+E290
    { 32, 25, 488, -1, 23, 200, 14591 }, // U+E291
    { 39, 29, 599, -1, 23, 283, 14791 }, // U+E292
    { 51, 26, 802, -1, 25, 332, 15074 }, // U+E293
    { 51, 23, 800, -1, 23, 294, 15406 }, // U+E294
    { 52, 22, 842, -1, 23, 286, 15700 }, // U+E295
    { 48, 22, 752, -1, 23, 264, 15986 }, // U+E296
    { 53, 25, 832, -1, 23, 332, 16250 }, // U+E297
    { 61, 24, 960, -1, 23, 366, 16582 }, // U+E298
    { 57, 26, 896, -1, 26, 371, 16948 }, // U+E299
    { 63, 23, 1020, -1, 23, 363, 17319 }, // U+E29A
    { 39, 33, 590, -1, 34, 322, 17682 }, // U+E29B
    { 49, 35, 768, -1, 35, 429, 18004 }, // U+E29C
    { 54, 22, 848, -1, 23, 297, 18433 }, // U+E29D
    { 48, 22, 752, -1, 23, 264, 18730 }, // U+E29E
    { 50, 26, 784, -1, 25, 325, 18994 }, // U+E29F
    { 29, 25, 437, -1, 23, 182, 19319 }, // U+E2A0
    { 29, 28, 433, -1, 23, 203, 19501 }, // U+E2A1
    { 49, 24, 770, -1, 23, 294, 19704 }, // U+E2A2
    { 49, 24, 768, -1, 23, 294, 19998 }, // U+E2A3
    { 29, 23, 431, -1, 23, 167, 20292 }, // U+E2A4
    { 49, 26, 755, -1, 25, 319, 20459 }, // U+E2A5
    { 47, 25, 721, -1, 23, 294, 20778 }, // U+E2A6
    { 29, 23, 432, -1, 23, 167, 21072 }, // U+E2A7
    { 54, 22, 848, -1, 23, 297, 21239 }, // U+E2A8
    { 39, 23, 587, -1, 23, 225, 21536 }, // U+E2A9
    { 36, 25, 562, -1, 23, 225, 21761 }, // U+E2AA
    { 29, 25, 430, -1, 23, 182, 21986 }, // U+E2AB
    { 27, 26, 409, -1, 23, 176, 22168 }, // U+E2AC
    { 52, 26, 816, -1, 25, 338, 22344 }, // U+E2AD
    { 51, 23, 800, -1, 23, 294, 22682 }, // U+E2AE
    { 52, 23, 818, -1, 23, 299, 22976 }, // U+E2AF
    { 47, 26, 736, -1, 23, 306, 23275 }, // U+E2B0
    { 54, 29, 848, -1, 23, 392, 23581 }, // U+E2B1
    { 48, 29, 752, -1, 23, 348, 23973 }, // U+E2B2
    { 50, 23, 784, -1, 23, 288, 24321 }, // U+E2B3
    { 24, 31, 353, -1, 23, 186, 24609 }, // U+E2B4
    { 30, 26, 451, -1, 23, 195, 24795 }, // U+E2B5
    { 37, 26, 559, -1, 23, 241, 24990 }, // U+E2B6
    { 37, 23, 560, -1, 23, 213, 25231 }, // U+E2B7
    { 30, 26, 471, -1, 23, 195, 25444 }, // U+E2B8
    { 26, 29, 382, -1, 23, 189, 25639 }, // U+E2B9
    { 25, 31, 374, -1, 23, 194, 25828 }, // U+E2BA
    { 61, 34, 963, -1, 23, 519, 26022 }, // U+E2BB
    { 55, 25, 864, -1, 23, 344, 26541 }, // U+E2BC
    { 51, 27, 800, -1, 25, 345, 26885 }, // U+E2BD
    { 46, 27, 707, -1, 25, 311, 27230 }, // U+E2BE
    { 49, 25, 768, -1, 23, 307, 27541 }, // U+E2BF
    { 50, 25, 803, -1, 23, 313, 27848 }, // U+E2C0
    { 46, 25, 720, -1, 23, 288, 28161 }, // U+E2C1
    { 51, 25, 800, -1, 23, 319, 28449 }, // U+E2C2
    { 59, 25, 928, -1, 23, 369, 28768 }, // U+E2C3
    { 55, 28, 864, -1, 26, 385, 29137 }, // U+E2C4
    { 61, 25, 981, -1, 23, 382, 29522 }, // U+E2C5
    { 46, 36, 720, -1, 34, 414, 29904 }, // U+E2C6
    { 47, 37, 736, -1, 35, 435, 30318 }, // U+E2C7
    { 52, 25, 816, -1, 23, 325, 30753 }, // U+E2C8
    { 46, 25, 720, -1, 23, 288, 31078 }, // U+E2C9
    { 48, 27, 752, -1, 25, 324, 31366 }, // U+E2CA
    { 51, 25, 800, -1, 23, 319, 31690 }, // U+E2CB
    { 49, 27, 768, -1, 25, 331, 32009 }, // U+E2CC
    { 47, 25, 736, -1, 23, 294, 32340 }, // U+E2CD
    { 47, 25, 736, -1, 23, 294, 32634 }, // U+E2CE
    { 48, 25, 752, -1, 23, 300, 32928 }, // U+E2CF
    { 46, 38, 787, -1, 27, 437, 33228 }, // U+E2D0
    { 52, 27, 816, -1, 25, 351, 33665 }, // U+E2D1
    { 56, 25, 880, -1, 23, 350, 34016 }, // U+E2D2
    { 29, 32, 427, -1, 23, 232, 34366 }, // U+E2D3
    { 52, 25, 816, -1, 23, 325, 34598 }, // U+E2D4
    { 48, 25, 752, -1, 23, 300, 34923 }, // U+E2D5
    { 37, 29, 580, -1, 23, 269, 35223 }, // U+E2D6
    { 29, 33, 427, -1, 23, 240, 35492 }, // U+E2D7
    { 52, 25, 816, -1, 23, 325, 35732 }, // U+E2D8
    { 50, 27, 784, -1, 25, 338, 36057 }, // U+E2D9
    { 49, 25, 768, -1, 23, 307, 36395 }, // U+E2DA
    { 50, 25, 784, -1, 23, 313, 36702 }, // U+E2DB
    { 45, 26, 704, -1, 23, 293, 37015 }, // U+E2DC
    { 52, 29, 816, -1, 23, 377, 37308 }, // U+E2DD
    { 46, 29, 720, -1, 23, 334, 37685 }, // U+E2DE
    { 48, 25, 752, -1, 23, 300, 38019 }, // U+E2DF
    { 56, 34, 880, -1, 23, 476, 38319 }, // U+E2E0
    { 50, 25, 784, -1, 23, 313, 38795 }, // U+E2E1
    { 46, 27, 720, -1, 25, 311, 39108 }, // U+E2E2
    { 44, 27, 691, -1, 25, 297, 39419 }, // U+E2E3
    { 44, 25, 688, -1, 23, 275, 39716 }, // U+E2E4
    { 45, 25, 731, -1, 23, 282, 39991 }, // U+E2E5
    { 41, 25, 640, -1, 23, 257, 40273 }, // U+E2E6
    { 46, 25, 720, -1, 23, 288, 40530 }, // U+E2E7
    { 54, 25, 848, -1, 23, 338, 40818 }, // U+E2E8
    { 50, 28, 784, -1, 26, 350, 41156 }, // U+E2E9
    { 56, 25, 909, -1, 23, 350, 41506 }, // U+E2EA
    { 41, 36, 640, -1, 34, 369, 41856 }, // U+E2EB
    { 42, 37, 656, -1, 35, 389, 42225 }, // U+E2EC
    { 47, 25, 736, -1, 23, 294, 42614 }, // U+E2ED
    { 41, 25, 640, -1, 23, 257, 42908 }, // U+E2EE
    { 43, 27, 672, -1, 25, 291, 43165 }, // U+E2EF
    { 46, 25, 721, -1, 23, 288, 43456 }, // U+E2F0
    { 44, 27, 688, -1, 25, 297, 43744 }, // U+E2F1
    { 42, 25, 659, -1, 23, 263, 44041 }, // U+E2F2
    { 42, 25, 656, -1, 23, 263, 44304 }, // U+E2F3
    { 43, 25, 672, -1, 23, 269, 44567 }, // U+E2F4
    { 41, 38, 700, -1, 27, 390, 44836 }, // U+E2F5
    { 47, 27, 736, -1, 25, 318, 45226 }, // U+E2F6
    { 51, 25, 800, -1, 23, 319, 45544 }, // U+E2F7
    { 24, 33, 352, -1, 23, 198, 45863 }, // U+E2F8
    { 47, 25, 736, -1, 23, 294, 46061 }, // U+E2F9
    { 43, 25, 672, -1, 23, 269, 46355 }, // U+E2FA
    { 32, 29, 496, -1, 23, 232, 46624 }, // U+E2FB
    { 27, 33, 402, -1, 23, 223, 46856 }, // U+E2FC
    { 47, 25, 736, -1, 23, 294, 47079 }, // U+E2FD
    { 45, 27, 704, -1, 25, 304, 47373 }, // U+E2FE
    { 44, 25, 688, -1, 23, 275, 47677 }, // U+E2FF
    { 45, 25, 706, -1, 23, 282, 47952 }, // U+E300
    { 40, 26, 624, -1, 23, 260, 48234 }, // U+E301
    { 47, 29, 736, -1, 23, 341, 48494 }, // U+E302
    { 41, 29, 640, -1, 23, 298, 48835 }, // U+E303
    { 43, 25, 673, -1, 23, 269, 49133 }, // U+E304
    { 25, 33, 376, -1, 23, 207, 49402 }, // U+E305
    { 34, 25, 529, -1, 23, 213, 49609 }, // U+E306
    { 28, 29, 412, -1, 23, 203, 49822 }, // U+E307
};

static const EpdUnicodeInterval notobengali_18_regularIntervals[] = {
    { 0x0, 0x0, 0x0 },
    { 0xD, 0xD, 0x1 },
    { 0x20, 0x23, 0x2 },
    { 0x25, 0x25, 0x6 },
    { 0x27, 0x3F, 0x7 },
    { 0x5B, 0x5F, 0x20 },
    { 0x7B, 0x7E, 0x25 },
    { 0xA0, 0xA0, 0x29 },
    { 0xAD, 0xAD, 0x2A },
    { 0xD7, 0xD7, 0x2B },
    { 0xF7, 0xF7, 0x2C },
    { 0x980, 0x983, 0x2D },
    { 0x985, 0x98C, 0x31 },
    { 0x98F, 0x990, 0x39 },
    { 0x993, 0x9A8, 0x3B },
    { 0x9AA, 0x9B0, 0x51 },
    { 0x9B2, 0x9B2, 0x58 },
    { 0x9B6, 0x9B9, 0x59 },
    { 0x9BC, 0x9C4, 0x5D },
    { 0x9C7, 0x9C8, 0x66 },
    { 0x9CB, 0x9CE, 0x68 },
    { 0x9D7, 0x9D7, 0x6C },
    { 0x9DC, 0x9DD, 0x6D },
    { 0x9DF, 0x9E3, 0x6F },
    { 0x9E6, 0x9FE, 0x74 },
    { 0x200B, 0x200D, 0x8D },
    { 0x2010, 0x2010, 0x90 },
    { 0x2013, 0x2014, 0x91 },
    { 0x2018, 0x2019, 0x93 },
    { 0x201C, 0x201D, 0x95 },
    { 0x2026, 0x2026, 0x97 },
    { 0x20B9, 0x20B9, 0x98 },
    { 0x2212, 0x2212, 0x99 },
    { 0xE000, 0xE307, 0x9A },
};

static const EpdFontGroup notobengali_18_regularGroups[] = {
    { 0, 1350, 3424, 41, 0 },
    { 1350, 94, 163, 4, 41 },
    { 1444, 5385, 14551, 96, 45 },
    { 6829, 168, 345, 11, 141 },
    { 6997, 79, 120, 1, 152 },
    { 7076, 10, 15, 1, 153 },
    { 7086, 18061, 59295, 200, 154 },
    { 25147, 17199, 53889, 200, 354 },
    { 42346, 17079, 54914, 200, 554 },
    { 59425, 16078, 51679, 176, 754 },
};

static const EpdKernClassEntry notobengali_18_regularKernLeftClasses[] = {
    { 0x0982, 1 }, // U+0982
    { 0x098B, 2 }, // U+098B
    { 0x098C, 2 }, // U+098C
    { 0x098F, 2 }, // U+098F
    { 0x0993, 2 }, // U+0993
    { 0x0999, 2 }, // U+0999
    { 0x099E, 2 }, // U+099E
    { 0x09CE, 2 }, // U+09CE
    { 0x09E0, 2 }, // U+09E0
    { 0x09E1, 2 }, // U+09E1
};

static const EpdKernClassEntry notobengali_18_regularKernRightClasses[] = {
    { 0x098B, 1 }, // U+098B
    { 0x098C, 2 }, // U+098C
    { 0x098F, 3 }, // U+098F
    { 0x0990, 3 }, // U+0990
    { 0x0993, 2 }, // U+0993
    { 0x0994, 2 }, // U+0994
    { 0x0996, 1 }, // U+0996
    { 0x0997, 4 }, // U+0997
    { 0x0999, 2 }, // U+0999
    { 0x099E, 3 }, // U+099E
    { 0x09A3, 5 }, // U+09A3
    { 0x09A5, 6 }, // U+09A5
    { 0x09A7, 7 }, // U+09A7
    { 0x09AA, 6 }, // U+09AA
    { 0x09B6, 8 }, // U+09B6
    { 0x09CE, 2 }, // U+09CE
    { 0x09E0, 1 }, // U+09E0
    { 0x09E1, 2 }, // U+09E1
};

static const int8_t notobengali_18_regularKernMatrix[] = {
     -29,    0,  -21,  -18,  -23,  -19,  -26,   -7,
     -11,  -11,  -11,  -11,  -11,  -11,  -11,    0,
};

static const EpdFontData notobengali_18_regular = {
    notobengali_18_regularBitmaps,
    notobengali_18_regularGlyphs,
    notobengali_18_regularIntervals,
    34,
    50,
    35,
    -16,
    true,
    notobengali_18_regularGroups,
    10,
    nullptr,
    notobengali_18_regularKernLeftClasses,
    notobengali_18_regularKernRightClasses,
    notobengali_18_regularKernMatrix,
    10,
    18,
    2,
    8,
    nullptr,
    0,
};
