/**
 * generated by fontconvert.py
 * name: notobengali_16_regular
 * size: 16
 * mode: 2-bit  compressed: true
 * Command used: fontconvert.py notobengali_16_regular 16 ../builtinFonts/source/NotoSansBengali/NotoSansBengali-Regular.ttf --additional-intervals 0x0980,0x09FF --bangla --bangla-clusters-out ../../../lib/BanglaShaper/bangla_clusters.h --2bit --compress --darken-aa
 */
#pragma once
#include "EpdFontData.h"

static const uint8_t notobengali_16_regularBitmaps[66235] = {
    0x9D, 0x56, 0xCD, 0x8E, 0xDC, 0x44, 0x10, 0x2E, 0xDB, 0x02, 0x2B, 0x31, 0xA8, 0xF7, 0x92, 0x03,
    0x99, 0x83, 0xAF, 0x68, 0x25, 0xE4, 0x27, 0xC8, 0xB4, 0xC5, 0x4A, 0x3C, 0x41, 0xEE, 0x5C, 0xB8,
    0xEF, 0x0B, 0x30, 0x63, 0x8B, 0x1C, 0x72, 0x9D, 0x47, 0xC8, 0x81, 0x53, 0xB8, 0x70, 0xE4, 0xB0,
    0x3B, 0xB6, 0xC4, 0x0B, 0x98, 0x3C, 0x81, 0x91, 0x90, 0x90, 0xC8, 0xA5, 0x85, 0x1C, 0xC9, 0xA0,
    0x1E, 0x37, 0xDF, 0xD7, 0x6D, 0xCF, 0x0E, 0xC9, 0x64, 0xA5, 0xC4, 0xDD, 0x55, 0x33, 0x76, 0x77,
    0x55, 0xD7, 0xCF, 0x57, 0x65, 0x5F, 0xD6, 0xBA, 0xC5, 0xA8, 0x8B, 0xE3, 0xC8, 0xCB, 0x30, 0x94,
    0x2C, 0x23, 0x5C, 0x85, 0xDF, 0x59, 0x94, 0x97, 0x5F, 0xBF, 0xD0, 0xCF, 0x07, 0x7D, 0x65, 0x38,
    0x13, 0xCE, 0x02, 0x33, 0xC6, 0xEC, 0x25, 0xE9, 0x55, 0x2D, 0x49, 0xA7, 0x4A, 0x49, 0xDB, 0x5C,
    0x24, 0x6B, 0x0B, 0x11, 0xE5, 0x59, 0xBD, 0x16, 0xED, 0x70, 0x79, 0x26, 0x85, 0xDC, 0x48, 0x60,
    0x6B, 0x19, 0x45, 0x9E, 0xC8, 0x20, 0xB2, 0x89, 0x06, 0xE1, 0xE2, 0xE8, 0x99, 0x8C, 0x49, 0x2F,
    0x32, 0x24, 0x9D, 0x88, 0x49, 0x5B, 0x89, 0x4C, 0xD6, 0x4A, 0x4C, 0xE6, 0x8F, 0x88, 0x5D, 0x29,
    0x38, 0x44, 0xB9, 0x4E, 0x34, 0x14, 0x5D, 0x99, 0xA0, 0x6A, 0xA0, 0x32, 0x68, 0x4C, 0x0C, 0x75,
    0x8E, 0x69, 0xE7, 0x7F, 0x54, 0xEB, 0x1F, 0xC2, 0x0A, 0xD1, 0xD1, 0xB0, 0xC1, 0x4F, 0xFE, 0xCC,
    0xD8, 0xBC, 0x97, 0xCC, 0xBD, 0x32, 0xEE, 0x20, 0xD1, 0x94, 0xFC, 0x3E, 0x42, 0x8D, 0xA8, 0x5F,
    0x0D, 0x94, 0x4A, 0x7E, 0xC5, 0x23, 0x64, 0xED, 0x4F, 0x92, 0x1B, 0xFC, 0xE0, 0xFC, 0x21, 0xB8,
    0x66, 0x12, 0x6E, 0xC9, 0xDA, 0x68, 0xD0, 0x74, 0x4A, 0xDC, 0x44, 0x3F, 0xA4, 0x18, 0xE4, 0xB2,
    0xD4, 0xB5, 0x2E, 0x31, 0x60, 0x51, 0xE1, 0x07, 0x4D, 0xBB, 0x15, 0xB1, 0x92, 0x0C, 0x10, 0x94,
    0xAC, 0x47, 0x28, 0x24, 0x6F, 0x11, 0x48, 0xD1, 0x25, 0x17, 0xC3, 0xAC, 0x44, 0xB6, 0xCB, 0xAC,
    0xE4, 0xEE, 0x39, 0xF6, 0x60, 0x27, 0x44, 0x30, 0x21, 0x0B, 0x0D, 0xF1, 0x40, 0x6D, 0xD4, 0xC9,
    0x43, 0x24, 0xF7, 0xAB, 0x69, 0x58, 0x1A, 0xFD, 0x12, 0xE6, 0xDE, 0x2B, 0xD2, 0x6F, 0x29, 0x2A,
    0xFD, 0x91, 0xFF, 0x3F, 0x75, 0x3F, 0x8B, 0x40, 0x16, 0x1A, 0x52, 0xE3, 0xCD, 0xAB, 0xB9, 0x28,
    0x19, 0x02, 0xC8, 0x27, 0x22, 0xCC, 0x82, 0x67, 0x17, 0x49, 0x1F, 0x49, 0xF5, 0xEC, 0xB7, 0x46,
    0x1A, 0x66, 0xD0, 0x33, 0x51, 0x03, 0x81, 0x01, 0x2D, 0xB2, 0x85, 0x42, 0xB1, 0x1A, 0x21, 0xB2,
    0x79, 0x07, 0x8F, 0x15, 0x44, 0x7E, 0x4E, 0xCB, 0x19, 0x3B, 0x9F, 0xD6, 0x04, 0xC3, 0x19, 0xEA,
    0x98, 0xF2, 0x03, 0xE9, 0xFC, 0x3A, 0x28, 0x86, 0x9B, 0xBD, 0xEA, 0xF2, 0xB6, 0x60, 0x7C, 0x91,
    0xC9, 0xEF, 0xA5, 0x72, 0x75, 0xE5, 0x5A, 0xCC, 0x2F, 0xA4, 0x2A, 0x9B, 0xBA, 0xA9, 0x69, 0xF3,
    0x63, 0xF1, 0x8E, 0x79, 0x62, 0x92, 0x6D, 0xA0, 0x08, 0x91, 0x61, 0xE0, 0x88, 0x09, 0x12, 0x8E,
    0xA4, 0xA3, 0x9E, 0xE0, 0x2D, 0x43, 0x73, 0x14, 0xBB, 0xFD, 0x38, 0x31, 0x7F, 0x55, 0x13, 0x50,
    0xE9, 0xDA, 0x74, 0xCC, 0x61, 0x6C, 0x62, 0xF2, 0x36, 0x1A, 0x11, 0x6F, 0x8B, 0xF5, 0x03, 0x68,
    0x5F, 0x05, 0xAA, 0x48, 0xFB, 0x99, 0x96, 0x7B, 0xAE, 0xCF, 0x74, 0x80, 0x5E, 0xAB, 0xDA, 0xC8,
    0x42, 0xC7, 0x90, 0xFC, 0x73, 0xDD, 0x47, 0xCE, 0xD5, 0x52, 0x1C, 0x84, 0x10, 0xD0, 0xBD, 0xB8,
    0x3E, 0x75, 0x7D, 0xF1, 0x67, 0xAF, 0x9F, 0xF7, 0x9F, 0x23, 0xF3, 0x1F, 0x31, 0xAB, 0x51, 0x52,
    0xE7, 0xCA, 0x62, 0x6A, 0x3A, 0x5D, 0x2B, 0xF3, 0x19, 0xD1, 0x29, 0x09, 0xBD, 0x05, 0x25, 0xB3,
    0xC7, 0x4C, 0xBD, 0x82, 0xC7, 0x45, 0xEB, 0x91, 0x22, 0x87, 0xB0, 0x85, 0x49, 0xD5, 0x78, 0x84,
    0xCC, 0x27, 0x36, 0xA0, 0xC4, 0xEF, 0x40, 0xFA, 0x80, 0x87, 0x89, 0x24, 0x8F, 0x77, 0xD4, 0xCF,
    0x62, 0x6F, 0xF5, 0xAE, 0x30, 0x5F, 0x7A, 0x9D, 0xF1, 0x78, 0x47, 0xBC, 0xA7, 0x64, 0xD5, 0xFA,
    0xEA, 0x21, 0xBD, 0x44, 0x1D, 0x4B, 0x86, 0xE7, 0x91, 0x0D, 0x87, 0x1D, 0x09, 0xF7, 0xB1, 0xFD,
    0x51, 0xB2, 0xD1, 0xFD, 0xE5, 0x0C, 0xF4, 0xD7, 0x2B, 0xB4, 0x06, 0x3C, 0x7B, 0x21, 0x41, 0x40,
    0x72, 0x32, 0x4D, 0xB6, 0xA7, 0xFC, 0xBF, 0x74, 0xE0, 0x6F, 0x30, 0xF5, 0x0A, 0x2C, 0xFF, 0x01,
    0x4C, 0xF3, 0x40, 0x0B, 0x16, 0x8F, 0xBE, 0x10, 0xC1, 0x54, 0x0B, 0x56, 0xD4, 0x60, 0x9A, 0xE6,
    0x10, 0xCB, 0x3D, 0xBB, 0x8E, 0xF1, 0x2C, 0x98, 0x78, 0x96, 0x45, 0x2F, 0xA4, 0x80, 0x63, 0x24,
    0x38, 0x58, 0xEB, 0x13, 0xC8, 0x2D, 0xB4, 0x26, 0x16, 0xDC, 0x1F, 0x0C, 0x8A, 0x14, 0x3F, 0x39,
    0x84, 0xA7, 0x98, 0x03, 0x7A, 0x1A, 0x88, 0xBB, 0x40, 0xF7, 0x52, 0x74, 0xEE, 0xB5, 0xAB, 0x19,
    0xBB, 0x95, 0xEB, 0xE7, 0x7A, 0x81, 0x15, 0x1A, 0xE4, 0x76, 0x17, 0x0C, 0xB4, 0x4F, 0x07, 0x81,
    0x47, 0x6D, 0xB5, 0xAF, 0x68, 0xD1, 0x99, 0x2B, 0x35, 0xF6, 0xE8, 0x31, 0x1D, 0x75, 0x07, 0xA0,
    0x95, 0x1E, 0x40, 0x04, 0x93, 0x5E, 0x08, 0x60, 0xDA, 0x42, 0xEE, 0x90, 0xF5, 0x91, 0x4D, 0x0E,
    0xDF, 0x42, 0x1F, 0x02, 0x9D, 0x4F, 0xB4, 0x8D, 0xC9, 0x72, 0xA1, 0x88, 0xD9, 0x08, 0x16, 0xC8,
    0x9F, 0x26, 0x5F, 0x2D, 0xA7, 0x9D, 0x6C, 0xB1, 0x77, 0xA6, 0x03, 0x90, 0x61, 0x4B, 0x1B, 0x0C,
    0x9A, 0x71, 0xE2, 0x53, 0x38, 0x17, 0x44, 0x82, 0x38, 0x65, 0xC3, 0xCA, 0xA8, 0x36, 0x1E, 0x51,
    0x34, 0xB6, 0x98, 0x29, 0xC7, 0xBD, 0x32, 0x99, 0x49, 0xA6, 0x8A, 0x0D, 0x00, 0x6D, 0xC9, 0x0A,
    0x81, 0x9E, 0x8D, 0x85, 0xC9, 0xBB, 0x74, 0x29, 0x1C, 0x16, 0x0C, 0xFB, 0xCA, 0x96, 0x8D, 0x54,
    0xD7, 0x28, 0x8A, 0x61, 0x35, 0xA4, 0xF4, 0xA1, 0x62, 0xDB, 0x1D, 0x29, 0x53, 0x66, 0xB8, 0x57,
    0x43, 0x6E, 0x8A, 0x36, 0x41, 0x13, 0x8F, 0x7C, 0xC1, 0xB1, 0xD8, 0xB6, 0x41, 0x96, 0xF1, 0x68,
    0x40, 0x0E, 0xEB, 0x4E, 0xBD, 0xB9, 0x9E, 0x12, 0x37, 0xED, 0xA5, 0x1A, 0xF6, 0x77, 0x00, 0x5B,
    0x9C, 0xA2, 0xDF, 0x79, 0xFB, 0xC9, 0x37, 0xD4, 0x69, 0x01, 0xE2, 0x1D, 0x8A, 0xDC, 0xBF, 0x1C,
    0xDB, 0x87, 0xF2, 0xEE, 0xF5, 0x50, 0xC2, 0x5A, 0x51, 0x66, 0x9D, 0x32, 0x1C, 0x6C, 0x11, 0xEF,
    0x5E, 0x6F, 0xF7, 0x2E, 0x5C, 0x0F, 0x42, 0xAB, 0xC9, 0x70, 0x7E, 0x85, 0x9A, 0x9C, 0x8E, 0x3F,
    0x28, 0x70, 0xD6, 0x96, 0x34, 0xF8, 0x45, 0x7A, 0xF1, 0x87, 0x66, 0xA1, 0x01, 0xB0, 0x6A, 0x25,
    0xA5, 0xBD, 0x5F, 0x51, 0xC1, 0xB1, 0x67, 0x9E, 0xB9, 0x96, 0xB5, 0xDD, 0xEC, 0x60, 0x03, 0xAB,
    0x72, 0xE6, 0x85, 0x50, 0xCC, 0xE9, 0x2E, 0xF5, 0xE5, 0xD0, 0x17, 0x1D, 0xFC, 0x4A, 0x04, 0xD0,
    0xA1, 0xC1, 0xC4, 0x0C, 0x2B, 0x9E, 0x72, 0x95, 0x25, 0xE6, 0x5B, 0xF7, 0x4B, 0xBC, 0x3A, 0x50,
    0x70, 0x0D, 0xB0, 0xB9, 0x2E, 0x9B, 0xF2, 0xC2, 0xE3, 0x61, 0x69, 0x83, 0x4B, 0x2B, 0x64, 0xF2,
    0xE7, 0x8E, 0xA0, 0x4C, 0x68, 0x10, 0xC4, 0xC2, 0xCD, 0xDC, 0x4C, 0x7F, 0x39, 0x31, 0xEE, 0x3B,
    0x10, 0xFC, 0x8C, 0xB1, 0x3D, 0x9A, 0xC2, 0x7A, 0x65, 0x2B, 0xBB, 0x7D, 0xBA, 0x91, 0x0F, 0x1D,
    0xDB, 0xA7, 0x94, 0x5C, 0xCF, 0x55, 0xC7, 0x97, 0x7B, 0x7E, 0x62, 0x1B, 0x73, 0xC1, 0xB7, 0x16,
    0x81, 0x1A, 0x9B, 0x80, 0xED, 0xA5, 0xB5, 0xFB, 0x36, 0x7F, 0x9F, 0x60, 0x7A, 0x9F, 0xE0, 0xF6,
    0x58, 0xEB, 0x8F, 0xBC, 0x05, 0xF0, 0xF3, 0x03, 0xC7, 0x23, 0xEB, 0xE5, 0xC4, 0xBF, 0x5E, 0xA9,
    0x9E, 0x91, 0x13, 0xC5, 0x78, 0xA8, 0x6B, 0x6A, 0xE6, 0x67, 0xC7, 0x13, 0xBE, 0xFA, 0x2C, 0x5D,
    0x18, 0x61, 0x06, 0xAC, 0x19, 0xE8, 0x8F, 0xE5, 0x1B, 0x71, 0xC3, 0x0F, 0x0F, 0x7E, 0x64, 0x48,
    0x5E, 0xAE, 0x83, 0xD5, 0xC2, 0x7E, 0x6B, 0x49, 0x7C, 0x69, 0xA1, 0x27, 0xEA, 0x1D, 0x0D, 0xBD,
    0x7D, 0xCF, 0xBC, 0xA1, 0x3B, 0x2B, 0x34, 0xBE, 0x9A, 0xF0, 0x48, 0xC7, 0xE5, 0xB3, 0xE2, 0xEC,
    0xE4, 0xD7, 0xC4, 0x8E, 0x3A, 0xE3, 0x61, 0x73, 0xFF, 0xC5, 0x0F, 0x98, 0x4E, 0x56, 0xFE, 0x43,
    0x05, 0x1F, 0x73, 0x08, 0xDD, 0xD9, 0xE9, 0xB3, 0xBE, 0x93, 0xD5, 0x48, 0x14, 0x36, 0x28, 0xF5,
    0xF7, 0xEE, 0x84, 0x1E, 0x68, 0x83, 0xCE, 0x6D, 0x80, 0x0F, 0x5A, 0xD7, 0x83, 0xC6, 0xBD, 0xD9,
    0x8C, 0x2B, 0x67, 0x6B, 0x5F, 0x25, 0x22, 0xFF, 0x01, 0x5D, 0x8A, 0xB1, 0x0D, 0x80, 0x20, 0x14,
    0x44, 0x5F, 0xC4, 0xCE, 0x98, 0xEF, 0x26, 0x8E, 0x00, 0x9B, 0xE1, 0x48, 0x8E, 0xC0, 0x08, 0x8C,
    0xE0, 0x08, 0x14, 0x14, 0x16, 0x90, 0x2F, 0x04, 0x0B, 0xE3, 0xCB, 0x5D, 0xEE, 0x8A, 0xE7, 0xF5,
    0xF0, 0x1A, 0x5A, 0x66, 0xD8, 0x76, 0xC8, 0x36, 0x98, 0x2C, 0x49, 0xA2, 0x29, 0xD6, 0xA1, 0x15,
    0x6C, 0x06, 0x49, 0x6D, 0x0B, 0x54, 0xC5, 0x34, 0x43, 0xA2, 0x24, 0xEB, 0xA6, 0x7B, 0x85, 0x93,
    0xCE, 0x12, 0x86, 0x23, 0xD7, 0xF8, 0x2F, 0xAA, 0x5A, 0x7B, 0xF9, 0xF2, 0x73, 0x1F, 0xCD, 0x5A,
    0x3D, 0x8C, 0xE5, 0xD6, 0x75, 0xBE, 0x24, 0xA5, 0xA1, 0xB3, 0x0C, 0x4C, 0x01, 0x71, 0x02, 0xC9,
    0x1B, 0x8B, 0x2A, 0x54, 0xED, 0xC2, 0x62, 0x6B, 0x04, 0xD1, 0x90, 0x91, 0x8A, 0x94, 0x76, 0x11,
    0xA4, 0x49, 0xA3, 0xC2, 0x55, 0x82, 0x78, 0x9A, 0x14, 0x29, 0x76, 0x86, 0x8C, 0x55, 0xA4, 0xF4,
    0x02, 0x09, 0x90, 0x32, 0x0B, 0xC4, 0x85, 0x34, 0x02, 0x34, 0x29, 0x5C, 0x24, 0xC2, 0x9B, 0x47,
    0x46, 0x2E, 0x52, 0xA4, 0xD0, 0x83, 0x5D, 0xB8, 0x34, 0x1D, 0x2D, 0x1C, 0x69, 0xB7, 0x58, 0xC2,
    0x7A, 0xF1, 0x72, 0x66, 0xF9, 0x78, 0xFD, 0x7D, 0xDF, 0xBD, 0x7C, 0xEF, 0x8D, 0x56, 0x92, 0x25,
    0x27, 0xB6, 0xF5, 0xB0, 0x73, 0x0E, 0x97, 0xEF, 0xF1, 0xF2, 0x9E, 0x73, 0xCF, 0xCF, 0x77, 0xCE,
    0xBD, 0xE6, 0xDA, 0x7B, 0xC6, 0x98, 0xC6, 0x96, 0x26, 0xB2, 0xB6, 0x35, 0xE9, 0x3A, 0xE9, 0x4C,
    0xDE, 0x46, 0xBD, 0x29, 0x0C, 0x48, 0x45, 0x72, 0xB2, 0x25, 0x87, 0x24, 0x45, 0xFD, 0x7B, 0xBD,
    0xC9, 0xEC, 0xC3, 0xDE, 0xC4, 0xF6, 0x51, 0x6F, 0xCC, 0xD1, 0xBF, 0x80, 0xF0, 0x8B, 0x5F, 0x46,
    0x42, 0xBC, 0xC4, 0x18, 0x5B, 0x83, 0x5C, 0x2F, 0x9F, 0xFE, 0xCA, 0x35, 0x73, 0xAB, 0x48, 0xCB,
    0xC3, 0x67, 0x73, 0x93, 0x97, 0x95, 0x49, 0xED, 0x88, 0xF1, 0xD6, 0xC6, 0x9C, 0xD5, 0x26, 0x9A,
    0x0C, 0x5E, 0xD0, 0x9A, 0xE2, 0xAC, 0x33, 0xC7, 0x78, 0x74, 0x11, 0xF4, 0xE6, 0x56, 0x88, 0xD7,
    0xF3, 0xED, 0x76, 0x85, 0xDF, 0xD6, 0x26, 0xF8, 0x37, 0x63, 0x9E, 0xC0, 0x48, 0x87, 0xF8, 0xAB,
    0x5A, 0xFC, 0x1E, 0x8F, 0x46, 0x23, 0x45, 0xC1, 0x5F, 0x8E, 0x1B, 0x29, 0x5E, 0x19, 0x0D, 0xF8,
    0x0F, 0x6F, 0x56, 0xF8, 0x7B, 0xC1, 0xF0, 0x83, 0xB1, 0x31, 0x34, 0x46, 0xC6, 0xC0, 0x18, 0x17,
    0xC3, 0x62, 0x54, 0x0C, 0x8A, 0x31, 0x39, 0xA4, 0xE1, 0xC0, 0xB8, 0xC6, 0x1D, 0xDC, 0xC7, 0xB7,
    0x57, 0x7E, 0x70, 0x61, 0x2A, 0xAB, 0xCF, 0x38, 0xF3, 0x1B, 0xA7, 0x67, 0x97, 0xA7, 0xA7, 0xCD,
    0x6B, 0x90, 0x6E, 0x70, 0x93, 0x31, 0x53, 0x0D, 0x1E, 0x96, 0x91, 0x1D, 0xC0, 0xD3, 0x36, 0xB5,
    0x13, 0x78, 0xB2, 0x4A, 0xDB, 0xA2, 0xA4, 0xFE, 0x70, 0xA7, 0x75, 0x3C, 0x01, 0x0F, 0x30, 0x3B,
    0x72, 0xB3, 0xF1, 0xBC, 0xF0, 0x3C, 0xC3, 0x5A, 0x74, 0xE0, 0xC9, 0x60, 0xAA, 0xF1, 0x90, 0xCA,
    0xB3, 0x53, 0x23, 0x61, 0xED, 0x90, 0x2F, 0xA9, 0xCD, 0xA9, 0x4C, 0x26, 0x89, 0x84, 0x4B, 0xC7,
    0xCD, 0xCC, 0x4F, 0xCC, 0xFC, 0x49, 0x77, 0x57, 0xA5, 0x9F, 0xB3, 0xFD, 0x8E, 0x9D, 0xAF, 0x1E,
    0x58, 0x3F, 0xFF, 0x53, 0xFB, 0xFE, 0x2C, 0x41, 0x51, 0xCF, 0x32, 0xE4, 0xB5, 0x99, 0xA5, 0xA8,
    0x31, 0x5B, 0xC9, 0x91, 0xD6, 0x49, 0xEB, 0x24, 0x49, 0xEB, 0xB8, 0x73, 0xB2, 0xA4, 0xF5, 0x2C,
    0x4D, 0x5A, 0x07, 0xC3, 0x81, 0x71, 0x57, 0xB3, 0x44, 0xB8, 0x2A, 0xB6, 0x57, 0x58, 0x98, 0x74,
    0xA5, 0x2B, 0xCA, 0x35, 0xE8, 0x0A, 0x92, 0xD9, 0x49, 0x57, 0x94, 0xAD, 0x58, 0xEA, 0xEA, 0x40,
    0xD2, 0xF1, 0xCA, 0xAD, 0x99, 0xBF, 0x32, 0xBB, 0xAB, 0x93, 0xED, 0x15, 0x3F, 0xC7, 0x5B, 0x22,
    0xD9, 0x0B, 0x5A, 0x5A, 0x6E, 0x2F, 0x4B, 0x93, 0x58, 0x0B, 0x43, 0x38, 0xB3, 0xB4, 0x04, 0x99,
    0x82, 0xB9, 0x45, 0xF2, 0xA2, 0x56, 0x52, 0xCB, 0x38, 0xDE, 0x68, 0xEE, 0x9D, 0xBE, 0x66, 0xD2,
    0x4B, 0x3D, 0xD2, 0xC1, 0x42, 0x61, 0x8A, 0xD0, 0xC5, 0x64, 0x42, 0x7A, 0x01, 0x48, 0x56, 0x06,
    0x9D, 0xC9, 0xF8, 0xB6, 0x4C, 0xE3, 0x1A, 0x59, 0x54, 0x54, 0xC7, 0x34, 0x59, 0x4B, 0x3F, 0x98,
    0x70, 0xFF, 0xBA, 0xB4, 0xDF, 0x60, 0x00, 0x13, 0xBB, 0xCB, 0x96, 0x6A, 0x5F, 0x1B, 0xA7, 0x59,
    0x63, 0x9E, 0x8B, 0x5B, 0xCD, 0x35, 0xF1, 0x6C, 0xE5, 0x84, 0xEB, 0x1D, 0xB3, 0x1A, 0x04, 0x9E,
    0xC8, 0xF9, 0x9A, 0x6B, 0xD6, 0xCD, 0xD8, 0xCF, 0xD9, 0xCF, 0x9A, 0xF3, 0xF6, 0x26, 0xE8, 0x57,
    0xB3, 0xBC, 0x61, 0x4F, 0xF1, 0x91, 0xDD, 0x68, 0x5A, 0x83, 0x09, 0x60, 0xC3, 0xD6, 0x72, 0xBE,
    0xD1, 0xD4, 0xB4, 0x98, 0x4F, 0xD4, 0x27, 0x3F, 0xB4, 0x64, 0x91, 0x7D, 0xD0, 0x9A, 0xB0, 0x0B,
    0xED, 0xD7, 0x5B, 0x59, 0x8D, 0x44, 0x0A, 0x87, 0xBC, 0xD4, 0x34, 0x28, 0xD6, 0x73, 0x49, 0x4B,
    0x36, 0xE4, 0x75, 0xAE, 0xB9, 0x48, 0xD6, 0x7C, 0x94, 0xDC, 0x07, 0xDD, 0xAC, 0xF1, 0xF4, 0x8A,
    0x1C, 0x71, 0x4D, 0x1D, 0xC9, 0x0E, 0xAF, 0xB0, 0xC0, 0xCF, 0x1C, 0x82, 0xDD, 0xE6, 0x92, 0x50,
    0xAD, 0xF8, 0xB2, 0xB1, 0xDE, 0x4A, 0xFD, 0x8C, 0xB3, 0xD9, 0x3C, 0xBD, 0x60, 0xAD, 0x67, 0xB0,
    0xCC, 0x7B, 0xA7, 0xA7, 0xB5, 0x7F, 0x5B, 0x58, 0x8A, 0xD1, 0xE0, 0xF4, 0x66, 0xDA, 0x9B, 0xA1,
    0x01, 0x66, 0x9D, 0x7C, 0xA9, 0xE8, 0x29, 0xE6, 0x7F, 0x4C, 0x10, 0x7F, 0x40, 0x18, 0xC1, 0x9B,
    0xC6, 0xC8, 0xB6, 0x60, 0x4B, 0xF3, 0x2D, 0xAA, 0xB0, 0x70, 0x9A, 0x84, 0x57, 0x19, 0xE8, 0x35,
    0xED, 0x4C, 0xE8, 0xE2, 0x45, 0xC2, 0xB9, 0xDA, 0x7B, 0x5A, 0xAA, 0x1C, 0x5A, 0x53, 0x98, 0xE2,
    0x92, 0xF9, 0xB5, 0x9A, 0x85, 0x34, 0xB1, 0x5B, 0xAD, 0x79, 0xB9, 0x64, 0xB5, 0x77, 0x8C, 0x5B,
    0x30, 0x09, 0x74, 0x8D, 0xAB, 0x61, 0xF6, 0xF5, 0xB3, 0x7D, 0x16, 0xDC, 0x7B, 0x5C, 0x3F, 0xF3,
    0x1B, 0xA7, 0xA7, 0x6F, 0xC0, 0xF1, 0xA8, 0x98, 0xA8, 0xF3, 0x23, 0x93, 0x87, 0xF5, 0xF7, 0xC4,
    0xD3, 0x76, 0x88, 0x3A, 0xBC, 0x2B, 0x59, 0x8D, 0x51, 0x07, 0x1B, 0x42, 0xB0, 0x8A, 0x3A, 0x2C,
    0x44, 0xB8, 0x46, 0x34, 0x6A, 0x16, 0x10, 0xA6, 0x88, 0xEC, 0x08, 0x83, 0x5F, 0x66, 0xC6, 0xF6,
    0x8C, 0x1B, 0x69, 0xFB, 0x02, 0xBC, 0xD2, 0xA4, 0xFF, 0xD9, 0x2A, 0x0E, 0xC5, 0x1F, 0x60, 0xA2,
    0xE7, 0x58, 0x85, 0xCD, 0xE0, 0x43, 0x60, 0xE3, 0xC2, 0x61, 0x6A, 0x2F, 0x1B, 0xCA, 0x00, 0x1B,
    0x51, 0x28, 0x86, 0x87, 0x5C, 0xB8, 0xF7, 0xB7, 0x0A, 0x16, 0xD1, 0x2A, 0x85, 0x95, 0x65, 0x78,
    0x6B, 0x8D, 0x60, 0xF0, 0x7D, 0xB0, 0x63, 0x63, 0xDF, 0x05, 0x3B, 0x09, 0x1F, 0x3D, 0x04, 0x2B,
    0x6C, 0x6F, 0xC1, 0x32, 0x5B, 0x37, 0x60, 0x21, 0xB4, 0xDD, 0x39, 0xD7, 0x25, 0x8B, 0xED, 0x3F,
    0x90, 0x55, 0x03, 0x1F, 0x8F, 0x6C, 0x29, 0x36, 0xE0, 0xC5, 0x88, 0x0C, 0x16, 0x37, 0xF0, 0x9D,
    0x1D, 0x22, 0xFB, 0x4E, 0x6D, 0x0E, 0x6C, 0x74, 0xFF, 0x01, 0x9E, 0xCB, 0x7F, 0xF8, 0xDF, 0x9C,
    0x46, 0xFC, 0xB0, 0xD3, 0x6C, 0x6C, 0xA7, 0xF8, 0x53, 0x74, 0x39, 0x59, 0xEA, 0x54, 0x93, 0x74,
    0xE6, 0xCA, 0x27, 0xD2, 0x77, 0x5C, 0x10, 0x59, 0x70, 0xB1, 0xB5, 0x26, 0x3D, 0xCB, 0x4C, 0x00,
    0xA1, 0x6A, 0x8A, 0xC8, 0x95, 0xC9, 0xE4, 0x50, 0xCD, 0xA4, 0x45, 0xD3, 0x3A, 0xF7, 0xC1, 0x5B,
    0x26, 0x5E, 0xA7, 0xB6, 0x0B, 0x87, 0x02, 0x6E, 0x36, 0x16, 0x50, 0x10, 0x62, 0xEC, 0x39, 0xAF,
    0x8E, 0xC3, 0xE1, 0x29, 0xB3, 0x88, 0x7B, 0xFA, 0x05, 0x33, 0x0D, 0xD6, 0x34, 0xA5, 0x2B, 0x2A,
    0x3C, 0xC8, 0x17, 0xB4, 0xF6, 0x58, 0xE9, 0x74, 0xA2, 0xD5, 0x14, 0xB2, 0xC8, 0x46, 0xDE, 0x3C,
    0xD2, 0x4A, 0x82, 0x81, 0x14, 0x3E, 0x10, 0xAF, 0x9E, 0x87, 0x91, 0xC5, 0xAB, 0xE3, 0xC0, 0xAE,
    0x40, 0x11, 0x19, 0xE2, 0xD5, 0xC2, 0x5C, 0x07, 0x3D, 0x97, 0x3D, 0x1D, 0x8B, 0x16, 0x8E, 0xB6,
    0xA4, 0x78, 0xDB, 0xF4, 0xF7, 0xAB, 0x88, 0x06, 0xB2, 0x32, 0x37, 0x45, 0xF9, 0xCA, 0xD5, 0x1C,
    0x2D, 0x8A, 0x2B, 0x8E, 0xE3, 0x59, 0xEE, 0x7D, 0x72, 0xFA, 0x86, 0xCC, 0xD4, 0xDA, 0xBB, 0xDE,
    0x2A, 0x65, 0x8C, 0x7F, 0xE5, 0xC6, 0x30, 0x99, 0x8F, 0x32, 0x83, 0x93, 0x61, 0x70, 0x42, 0x8C,
    0x4E, 0x8A, 0x41, 0x62, 0xBC, 0xBD, 0x96, 0x1C, 0x3F, 0xEA, 0x25, 0x88, 0x75, 0x92, 0x60, 0x14,
    0x8A, 0x32, 0x98, 0x17, 0x25, 0x8B, 0x81, 0x30, 0x10, 0xC0, 0x2C, 0x24, 0x0D, 0xD8, 0xF5, 0x95,
    0x98, 0xFC, 0xC3, 0x09, 0x64, 0x9C, 0x44, 0x08, 0xF5, 0xC1, 0x9B, 0x7F, 0x2A, 0x0D, 0xDA, 0x47,
    0x2B, 0xE3, 0x85, 0x32, 0x37, 0xDF, 0x37, 0x85, 0x9B, 0x51, 0xBA, 0xDA, 0x8B, 0x82, 0x8A, 0x9D,
    0x01, 0x01, 0x88, 0x49, 0xA6, 0xB3, 0xFE, 0x49, 0x93, 0xC1, 0xF8, 0x0B, 0x0C, 0x15, 0xAC, 0x0B,
    0xAC, 0x4B, 0xB0, 0xCE, 0xEA, 0x85, 0xFC, 0x7C, 0x09, 0x8F, 0x85, 0xB7, 0xB7, 0x55, 0x1B, 0x77,
    0xD9, 0xAB, 0x16, 0x40, 0x25, 0x08, 0x6D, 0xCF, 0xF8, 0xFA, 0xEA, 0x9A, 0x66, 0x8E, 0x39, 0x57,
    0x72, 0xF5, 0x5C, 0x9E, 0x9E, 0x72, 0x1D, 0x99, 0x3F, 0xE8, 0xE7, 0x6E, 0x06, 0x99, 0xF3, 0xF2,
    0xB3, 0x3B, 0x3B, 0x47, 0xBD, 0xCA, 0xBC, 0xB5, 0x45, 0xF6, 0x1F, 0x8D, 0x9B, 0x94, 0xDC, 0x23,
    0xF3, 0xAB, 0xF1, 0x07, 0x8A, 0x0E, 0x50, 0x9F, 0x8F, 0x6E, 0x4C, 0xC5, 0xD9, 0x44, 0xA1, 0xF1,
    0x4B, 0xAE, 0x26, 0xE7, 0x7F, 0xF8, 0x02, 0x56, 0x2D, 0x5A, 0x9F, 0x4B, 0x82, 0xFF, 0x1D, 0x73,
    0x88, 0x10, 0x3E, 0xEA, 0x25, 0x83, 0x85, 0xBD, 0x34, 0x75, 0x8A, 0x19, 0xAD, 0x8A, 0xBF, 0x43,
    0x54, 0x8E, 0xFB, 0xE4, 0x65, 0x8C, 0x0C, 0x57, 0x0F, 0x00, 0xA6, 0x82, 0xC1, 0x25, 0x8B, 0x8D,
    0x51, 0x9C, 0x72, 0xA2, 0x78, 0x59, 0x24, 0xCC, 0xDA, 0xCC, 0xD2, 0x70, 0x89, 0x5B, 0xB3, 0x95,
    0x47, 0x02, 0xF9, 0xE8, 0x32, 0x67, 0xFA, 0xD2, 0x47, 0x19, 0x19, 0x86, 0xF7, 0xA1, 0x66, 0x76,
    0x7A, 0xE5, 0x17, 0xCC, 0xF9, 0xBE, 0xD5, 0x20, 0x2F, 0x77, 0xB4, 0x41, 0xDB, 0x45, 0x1D, 0x06,
    0x47, 0xEA, 0x75, 0xD1, 0x07, 0x51, 0xB5, 0x0B, 0xD6, 0x7C, 0xA5, 0x38, 0x54, 0x8D, 0xFB, 0x98,
    0xC3, 0xF5, 0x4D, 0xD4, 0x39, 0xB7, 0x7A, 0xB5, 0x93, 0x5E, 0xD2, 0x77, 0x3B, 0x45, 0xC1, 0xE8,
    0x91, 0x7F, 0x8F, 0xF5, 0xBC, 0xF0, 0xDC, 0xBB, 0xF2, 0xCE, 0x97, 0x05, 0xB6, 0x60, 0x3A, 0x2F,
    0x9A, 0x67, 0x4D, 0x33, 0x10, 0x77, 0x34, 0x03, 0x22, 0xCD, 0x6A, 0xF9, 0x5D, 0x04, 0x9A, 0x7E,
    0x81, 0x7C, 0xF1, 0x01, 0x68, 0x66, 0xBF, 0x0D, 0x1A, 0x0E, 0x88, 0x7F, 0x12, 0x82, 0x34, 0x6B,
    0x41, 0x0F, 0x6C, 0x09, 0x0A, 0x21, 0x16, 0x82, 0x94, 0x0B, 0xBD, 0x11, 0x34, 0x9F, 0x64, 0x8E,
    0xD5, 0x8A, 0x34, 0x59, 0x93, 0x9A, 0xCD, 0x62, 0xEB, 0xBA, 0x26, 0x15, 0x8D, 0xC6, 0xFD, 0xDC,
    0xAA, 0x8F, 0x73, 0x90, 0x41, 0xAB, 0x89, 0x35, 0xC6, 0x62, 0xDA, 0x75, 0x34, 0x9D, 0xAD, 0xA7,
    0x3B, 0xD0, 0xFB, 0x06, 0x06, 0x75, 0xBF, 0x2E, 0x46, 0xCC, 0x6A, 0x8D, 0x11, 0x72, 0x3B, 0x62,
    0x84, 0xB8, 0x5C, 0x2A, 0xC7, 0x1D, 0x6A, 0x9C, 0x13, 0xD1, 0x91, 0x34, 0x16, 0xCD, 0x7B, 0x52,
    0x60, 0xD3, 0x51, 0xD8, 0x73, 0xFF, 0x8D, 0x9F, 0x4C, 0xFD, 0x3A, 0xAE, 0x1D, 0xBD, 0x31, 0x9D,
    0x9E, 0x4E, 0x77, 0x22, 0x79, 0xE5, 0x55, 0x1A, 0xC2, 0x7F, 0xC3, 0xE9, 0x8C, 0x59, 0xAE, 0x52,
    0xAE, 0x8B, 0x37, 0xCA, 0x71, 0x7A, 0x6F, 0x53, 0x93, 0x6E, 0x34, 0x26, 0x42, 0xC2, 0x28, 0x8C,
    0x3F, 0x0A, 0xE1, 0xF0, 0x2D, 0xD9, 0x38, 0x6A, 0xF9, 0xC7, 0x9D, 0x66, 0xE2, 0x71, 0xCE, 0xDA,
    0xCF, 0x9B, 0xAA, 0x53, 0x02, 0xE5, 0xC8, 0xC9, 0x25, 0x06, 0xC9, 0x7F, 0x4C, 0x4C, 0x9A, 0xD8,
    0xF2, 0x5C, 0x36, 0x03, 0x3D, 0x50, 0x13, 0xA0, 0xF9, 0xB2, 0x04, 0x7C, 0xCF, 0x85, 0x10, 0x73,
    0xB8, 0x36, 0x68, 0x60, 0x7B, 0xF8, 0x26, 0xEA, 0x03, 0x24, 0x64, 0xFB, 0x83, 0x3E, 0x18, 0x83,
    0x7F, 0x87, 0xE9, 0x6C, 0x84, 0x0B, 0x80, 0xCB, 0x30, 0x7B, 0xE4, 0x6C, 0x98, 0x43, 0x6C, 0x4F,
    0x69, 0xC0, 0x2E, 0x7D, 0x26, 0x58, 0xBD, 0x6A, 0x67, 0xBB, 0x25, 0xA5, 0x3E, 0x9D, 0x15, 0xE2,
    0x0C, 0xDC, 0xF9, 0x9F, 0xFB, 0xF9, 0x28, 0x6F, 0x1C, 0xAF, 0xD9, 0x3D, 0x85, 0xD0, 0x37, 0x46,
    0x81, 0x8F, 0xAD, 0x8A, 0x28, 0x85, 0xDC, 0x7A, 0x54, 0x98, 0x1C, 0x35, 0x52, 0xF5, 0xC6, 0x28,
    0x38, 0x42, 0x43, 0x14, 0x82, 0xFE, 0x10, 0xA0, 0x9A, 0x1C, 0xA0, 0xB2, 0x33, 0x7A, 0xB1, 0xB7,
    0x1D, 0x93, 0x4F, 0x1E, 0x29, 0xAE, 0x0E, 0x26, 0x2F, 0xE4, 0x93, 0x45, 0xAA, 0xB0, 0x5F, 0xD1,
    0xBB, 0xC6, 0x70, 0xC3, 0x17, 0x36, 0x76, 0x20, 0x56, 0x40, 0xC5, 0xC0, 0xD0, 0x76, 0xED, 0x7D,
    0x61, 0x0E, 0x7A, 0x0A, 0x9E, 0xFB, 0x1D, 0x38, 0x8E, 0x52, 0xB0, 0x7C, 0x27, 0xF5, 0x09, 0xF8,
    0x2F, 0x34, 0xB4, 0xD3, 0x81, 0x96, 0xC3, 0x03, 0x24, 0x77, 0xD7, 0x7C, 0x61, 0x76, 0xEB, 0x2D,
    0x6C, 0x87, 0x5B, 0x37, 0xF6, 0x2F, 0x4F, 0x5F, 0xE7, 0xBC, 0x9A, 0xDA, 0xD9, 0x33, 0x71, 0x26,
    0x40, 0x11, 0x30, 0x9E, 0x75, 0x28, 0x09, 0x8E, 0x8E, 0x65, 0x28, 0x9F, 0x38, 0x68, 0x10, 0x24,
    0xB1, 0x44, 0xB8, 0x17, 0x21, 0x04, 0x59, 0x64, 0xD6, 0x60, 0xE0, 0x0C, 0x10, 0xAB, 0xC6, 0xD8,
    0xFE, 0x8C, 0xBC, 0x32, 0xCB, 0x90, 0x1C, 0x4A, 0x62, 0xD8, 0xD5, 0xEA, 0x74, 0xE0, 0xD1, 0xC6,
    0x64, 0xCA, 0x50, 0xC4, 0x0A, 0x85, 0x20, 0xD2, 0x46, 0x90, 0x30, 0x68, 0x6E, 0x3B, 0x2C, 0x4C,
    0x31, 0xEA, 0xAB, 0xDC, 0x5C, 0xC1, 0x75, 0x99, 0x66, 0x0F, 0x7B, 0xF0, 0x8C, 0x21, 0xA9, 0xCB,
    0x5E, 0x97, 0x33, 0x6B, 0x84, 0x4A, 0x0C, 0xB2, 0x93, 0x35, 0x62, 0x09, 0xA2, 0x11, 0x58, 0xB3,
    0x8E, 0xC0, 0x62, 0xA2, 0x88, 0xAC, 0x4C, 0x10, 0x85, 0xC0, 0x30, 0xA3, 0x68, 0x00, 0x43, 0xA0,
    0x9A, 0xF0, 0x93, 0x1C, 0x46, 0xFA, 0xCF, 0x78, 0xCE, 0xBE, 0x7C, 0xFF, 0x01, 0x58, 0x06, 0x30,
    0x01, 0x16, 0x01, 0x4C, 0x94, 0x0E, 0x4C, 0x94, 0x0E, 0x4C, 0x94, 0x8F, 0x81, 0x89, 0x7C, 0x30,
    0xDF, 0x2A, 0x95, 0x05, 0x23, 0x2E, 0x06, 0xD2, 0xE0, 0x3B, 0xD6, 0xE5, 0x41, 0xB9, 0x09, 0x12,
    0xA1, 0x9C, 0x18, 0x5E, 0x4E, 0x77, 0x62, 0x2A, 0x04, 0x5A, 0x70, 0x69, 0x3D, 0xEF, 0x5D, 0x62,
    0xCF, 0x7B, 0xA5, 0xF6, 0xFE, 0x99, 0x51, 0xC9, 0x1D, 0x75, 0xAA, 0xD2, 0xFB, 0x68, 0x16, 0x4A,
    0xF0, 0xD6, 0x8C, 0xCA, 0x88, 0x0F, 0x50, 0xD4, 0x90, 0xFF, 0x08, 0x2A, 0x57, 0x9A, 0x7F, 0xB3,
    0x74, 0x89, 0xDE, 0x6C, 0xB3, 0xE2, 0x2E, 0xD9, 0xCF, 0xE9, 0x7E, 0x3F, 0xE1, 0xEF, 0x53, 0x97,
    0xED, 0x53, 0x19, 0x65, 0xE4, 0x10, 0xF5, 0x91, 0x4F, 0x00, 0x12, 0xD2, 0xAF, 0x02, 0x31, 0xD8,
    0xC7, 0x79, 0xD3, 0x15, 0xAA, 0xD2, 0x71, 0x14, 0x2E, 0x1A, 0x83, 0x5F, 0xE2, 0x4D, 0xA2, 0xCE,
    0xE0, 0x73, 0xF9, 0x54, 0xF3, 0x51, 0xDE, 0xE4, 0x3F, 0xA1, 0xAC, 0x5E, 0x89, 0xCA, 0x27, 0x56,
    0x37, 0x3F, 0x2F, 0x86, 0xB3, 0x8D, 0x72, 0xF7, 0xAD, 0xCB, 0x4F, 0xCC, 0x2D, 0x6E, 0xE6, 0xAE,
    0x0C, 0x40, 0x15, 0xD0, 0x5C, 0xB2, 0x08, 0xC8, 0xD7, 0xBB, 0x40, 0x95, 0x69, 0x8C, 0x4C, 0xD8,
    0x2F, 0x17, 0x7E, 0x28, 0x84, 0xCA, 0x1D, 0x9D, 0x10, 0x6C, 0x10, 0xCB, 0xB0, 0x62, 0x21, 0x70,
    0x2E, 0x21, 0x4C, 0x0B, 0x9A, 0x5C, 0x70, 0x0D, 0x53, 0x25, 0xDA, 0x58, 0x89, 0x2D, 0xDC, 0x48,
    0xD5, 0x8D, 0x9C, 0x30, 0x93, 0x0B, 0x06, 0xCB, 0xDB, 0xE6, 0x13, 0xAB, 0x10, 0xCF, 0x7C, 0x15,
    0x92, 0xBA, 0x2A, 0x84, 0xA5, 0xFD, 0x87, 0xAA, 0x90, 0xB5, 0xAB, 0x42, 0x06, 0x05, 0xD1, 0xD5,
    0x48, 0x20, 0xBE, 0x5F, 0x85, 0x70, 0x11, 0x3F, 0x55, 0x15, 0xF2, 0x29, 0xD7, 0x90, 0x18, 0x84,
    0xE5, 0x8E, 0x56, 0xF2, 0xFF, 0x69, 0x0D, 0x53, 0x57, 0x94, 0x85, 0x6C, 0x7C, 0xA4, 0x76, 0x4C,
    0x6D, 0x71, 0xCF, 0xA6, 0xF7, 0x2A, 0x93, 0xBF, 0x53, 0x9F, 0xC3, 0xF2, 0x6A, 0xA6, 0x15, 0x5C,
    0x99, 0xAA, 0xAE, 0x28, 0x10, 0x40, 0x1D, 0x6B, 0x02, 0xF6, 0x02, 0x48, 0xCC, 0x91, 0x33, 0xC4,
    0xCF, 0x44, 0x1E, 0xD7, 0x3D, 0x3F, 0xE5, 0x6C, 0x51, 0xA5, 0xB9, 0x7E, 0x87, 0x4A, 0x17, 0xAA,
    0x47, 0x30, 0x23, 0xFC, 0x89, 0xE1, 0x76, 0xA9, 0x2A, 0xDC, 0x55, 0x44, 0x74, 0x14, 0x77, 0x44,
    0x50, 0x63, 0x58, 0x1A, 0x0F, 0xA2, 0xBC, 0xD2, 0x07, 0x29, 0x3D, 0x70, 0x4A, 0xA7, 0x12, 0x18,
    0xD9, 0x3A, 0x17, 0xD8, 0x9C, 0xD2, 0x25, 0xB6, 0x0C, 0x60, 0x5B, 0xFC, 0x81, 0x1E, 0xC0, 0xBF,
    0x6D, 0x9B, 0x23, 0xA4, 0x63, 0x56, 0xA7, 0x53, 0x7C, 0x0F, 0x09, 0xB0, 0x40, 0x78, 0x87, 0xF6,
    0x80, 0x6D, 0xCF, 0x45, 0x0B, 0xD1, 0x3F, 0xD4, 0x7D, 0x13, 0x4C, 0xA4, 0x47, 0x4C, 0x01, 0x29,
    0x61, 0x3F, 0x0D, 0x0F, 0x14, 0x41, 0x8C, 0xA5, 0x41, 0xD3, 0xF3, 0xDB, 0x58, 0xBF, 0x31, 0x15,
    0x23, 0x80, 0x49, 0x1E, 0xAE, 0xB4, 0xDA, 0xF2, 0xFA, 0x6A, 0x0F, 0xF0, 0x7B, 0x7C, 0xEC, 0x95,
    0xD2, 0x39, 0x7A, 0x03, 0x68, 0xEE, 0xB4, 0x0E, 0xE4, 0x0C, 0xA4, 0x25, 0x29, 0xAC, 0x07, 0xB4,
    0x41, 0x94, 0x5A, 0xC7, 0x96, 0x34, 0xFF, 0x39, 0x0C, 0x70, 0x6D, 0x5F, 0xC5, 0xFD, 0x87, 0x28,
    0x1F, 0x8D, 0x32, 0x32, 0x68, 0xCD, 0x39, 0x4C, 0x2A, 0x65, 0xFF, 0xC6, 0x17, 0xB4, 0x8E, 0xBA,
    0x12, 0xD4, 0xD3, 0x7E, 0x57, 0xC3, 0xBB, 0x17, 0xB9, 0x5E, 0x46, 0xB1, 0x81, 0x85, 0x81, 0x5C,
    0x94, 0xC5, 0x9F, 0x09, 0xE5, 0x43, 0xF7, 0x16, 0xBF, 0x6E, 0xAC, 0xB4, 0x48, 0x2C, 0x56, 0x10,
    0x21, 0x14, 0xA6, 0x22, 0x30, 0x40, 0xBA, 0x2B, 0x08, 0xF5, 0x41, 0x88, 0x8E, 0x0F, 0x1C, 0x36,
    0x66, 0x24, 0x0C, 0x26, 0xAE, 0x48, 0xD1, 0x28, 0xE3, 0x49, 0xF6, 0x6D, 0x8E, 0xAF, 0xAE, 0x0A,
    0x4B, 0xF4, 0x5A, 0x6F, 0x27, 0xB3, 0xA3, 0xC9, 0x5D, 0xD2, 0xC6, 0x82, 0x22, 0x7E, 0xFF, 0x00,
    0x4E, 0xB7, 0x8E, 0x7F, 0xDE, 0x33, 0x84, 0x58, 0x56, 0xCC, 0xA6, 0xD0, 0x75, 0xCA, 0xFB, 0x14,
    0x27, 0x54, 0x27, 0x07, 0x96, 0x4E, 0xFA, 0xD5, 0xC7, 0x46, 0xBB, 0x4A, 0xE7, 0x8E, 0x19, 0x2D,
    0x32, 0xB6, 0x35, 0xB2, 0x81, 0x30, 0x9F, 0x2D, 0x03, 0xFB, 0xC6, 0x94, 0xDE, 0x63, 0x29, 0x54,
    0x7C, 0x87, 0xBD, 0x39, 0x93, 0x3E, 0x68, 0x4D, 0xF1, 0x3E, 0x4C, 0x07, 0x0C, 0xC5, 0x30, 0x9B,
    0xA7, 0xF6, 0xED, 0x11, 0x21, 0x3E, 0x88, 0xEE, 0xF7, 0x4C, 0xFA, 0xC2, 0xFA, 0x64, 0x8A, 0x1A,
    0xB1, 0x43, 0x22, 0x98, 0x95, 0x58, 0x2B, 0x16, 0x7E, 0x4C, 0x0D, 0xF2, 0x49, 0x6C, 0xEB, 0x27,
    0x76, 0x35, 0xF3, 0x9B, 0xC2, 0x2C, 0xA7, 0xAC, 0xB8, 0x5D, 0xEB, 0x05, 0x91, 0x4F, 0xB0, 0x05,
    0x88, 0xD0, 0x59, 0x76, 0x63, 0x26, 0x19, 0x7A, 0x53, 0x0E, 0x6C, 0x8C, 0x42, 0xF1, 0x03, 0xEB,
    0x0C, 0x45, 0xC8, 0x91, 0x53, 0x04, 0x3F, 0x56, 0xF8, 0x15, 0x47, 0x4C, 0x1C, 0xE0, 0x3F, 0x01,
    0x52, 0xE2, 0x00, 0xD4, 0x6B, 0xAE, 0xDB, 0x72, 0x28, 0x68, 0x0C, 0x79, 0x37, 0x28, 0x05, 0x45,
    0xA3, 0x6F, 0x4F, 0x35, 0x9E, 0xE7, 0x9E, 0x27, 0x9E, 0x87, 0xC3, 0x1E, 0x16, 0xA8, 0x76, 0xB3,
    0x5D, 0x6D, 0x57, 0x35, 0x96, 0xBE, 0xD5, 0x8B, 0x50, 0x89, 0x1E, 0xA8, 0x9B, 0x9C, 0x4D, 0x2F,
    0xC3, 0x6C, 0xAD, 0xAA, 0x8F, 0xC9, 0xF8, 0x1A, 0xA4, 0x57, 0x05, 0xD2, 0xAB, 0xFE, 0xE8, 0x59,
    0x2D, 0xCA, 0x48, 0x9B, 0xEF, 0x0B, 0x45, 0x7D, 0xA0, 0xDE, 0xF2, 0xA3, 0xDD, 0x68, 0x44, 0xDE,
    0xC6, 0x35, 0x80, 0x65, 0xCE, 0xD5, 0xBE, 0xB2, 0x56, 0x2E, 0xAA, 0xEC, 0xB0, 0xCA, 0x13, 0x4E,
    0xB5, 0x59, 0x9D, 0x70, 0x49, 0xF2, 0x12, 0x2B, 0x8B, 0xD2, 0xCC, 0x28, 0x94, 0xE7, 0xE5, 0x84,
    0xEA, 0xB1, 0xCF, 0xEC, 0x40, 0x08, 0x90, 0x58, 0x16, 0x15, 0x63, 0xF0, 0x16, 0x2B, 0x8C, 0xA5,
    0x8A, 0x17, 0x05, 0x97, 0x85, 0xEB, 0x2B, 0x8D, 0x4A, 0x77, 0x8C, 0xB9, 0x30, 0xB8, 0xF4, 0x93,
    0x2A, 0x34, 0xD7, 0x05, 0xEA, 0xF3, 0x4B, 0x22, 0xFB, 0x44, 0xBA, 0x87, 0x7F, 0xF8, 0x12, 0x6F,
    0x50, 0x95, 0x3E, 0x08, 0x89, 0xBB, 0xF6, 0x35, 0xE8, 0xC1, 0x86, 0x14, 0x98, 0x72, 0xA0, 0xB3,
    0x21, 0xB1, 0x84, 0x40, 0x9B, 0x83, 0x84, 0x13, 0xCD, 0x06, 0x2A, 0x9C, 0xBA, 0x9F, 0x54, 0xE3,
    0x37, 0xAD, 0x42, 0x9E, 0xA8, 0x0B, 0x86, 0x0A, 0x82, 0xFB, 0x75, 0xC5, 0x4D, 0x57, 0x57, 0xC0,
    0x62, 0x46, 0xD9, 0xCB, 0xB6, 0x7E, 0x80, 0xAD, 0x88, 0x12, 0x06, 0x61, 0x72, 0xA3, 0xB4, 0xEA,
    0x6C, 0x64, 0x94, 0x85, 0xF0, 0xFA, 0x36, 0x9F, 0xB2, 0xFA, 0x7D, 0xA2, 0x64, 0x00, 0xA5, 0xAB,
    0x35, 0xA2, 0xBA, 0xC2, 0x54, 0x8F, 0xD5, 0x5A, 0x90, 0xE6, 0x37, 0x64, 0x05, 0x07, 0x1A, 0x2D,
    0x6F, 0x69, 0x05, 0x80, 0x73, 0xBA, 0x8E, 0x74, 0x7F, 0xEB, 0x39, 0xBE, 0x0D, 0xD7, 0xCB, 0x16,
    0x2E, 0x15, 0xF3, 0x43, 0x5F, 0xD6, 0xAF, 0x19, 0x5E, 0x0E, 0x7E, 0xC2, 0x5E, 0x88, 0xCD, 0xA6,
    0xB5, 0xFA, 0x7C, 0x96, 0x61, 0x24, 0x25, 0xC4, 0x4E, 0x50, 0xFD, 0x42, 0x05, 0xC9, 0x2A, 0x58,
    0x13, 0x02, 0x76, 0x86, 0x8C, 0x3A, 0x01, 0x23, 0x94, 0xE2, 0xE3, 0x58, 0x73, 0x32, 0xB8, 0x89,
    0x6C, 0xE1, 0xCA, 0xD0, 0x8F, 0x31, 0x1F, 0x61, 0x53, 0xDF, 0x03, 0x2D, 0xD6, 0xF1, 0x84, 0x54,
    0x3B, 0xE5, 0xF6, 0xC7, 0xF6, 0x8F, 0x9A, 0xE6, 0xCC, 0xBE, 0x0E, 0x1C, 0x8A, 0xC0, 0xCD, 0x77,
    0x54, 0xA2, 0x18, 0x16, 0x21, 0x08, 0xD1, 0x29, 0x63, 0x2B, 0x3C, 0xB6, 0xD5, 0x00, 0xBA, 0xC1,
    0xE4, 0xEA, 0xE8, 0xB6, 0x79, 0x6D, 0x8B, 0xFE, 0x7E, 0x65, 0xEA, 0x55, 0x34, 0x38, 0x7A, 0xF3,
    0xD2, 0x19, 0x49, 0x2D, 0x23, 0x51, 0x87, 0x25, 0x16, 0x3E, 0x06, 0x6C, 0x97, 0x91, 0x8C, 0x0B,
    0x1A, 0x40, 0xC3, 0x42, 0xB1, 0xCF, 0x64, 0x24, 0xD1, 0xA7, 0x30, 0x12, 0x57, 0x90, 0x57, 0x1F,
    0x55, 0x90, 0xBB, 0x95, 0x99, 0x19, 0x5D, 0xE4, 0xEC, 0x9E, 0xBA, 0x79, 0x29, 0x7B, 0x86, 0xBD,
    0x66, 0x19, 0x0D, 0x6E, 0xB2, 0x8B, 0x2F, 0x7F, 0x9D, 0xEC, 0x45, 0xD7, 0xD3, 0xC8, 0x5D, 0x39,
    0x95, 0xF5, 0x85, 0x6B, 0x1D, 0x3A, 0x60, 0xD1, 0x72, 0xAF, 0xA1, 0x2D, 0x4A, 0x36, 0x27, 0xBB,
    0xA5, 0xDB, 0x6F, 0x18, 0xF5, 0x38, 0x56, 0x95, 0xEC, 0x7A, 0xBD, 0x6D, 0x6B, 0x7F, 0x0C, 0xDB,
    0xDF, 0x29, 0x38, 0xE5, 0x4E, 0x81, 0xC0, 0xDF, 0xA5, 0x1C, 0xBC, 0x77, 0xE5, 0x30, 0x9C, 0xCF,
    0x6A, 0x6F, 0x4C, 0xDB, 0x05, 0xF5, 0xDC, 0x99, 0x14, 0xE4, 0xC5, 0xBD, 0xF2, 0x60, 0x62, 0x67,
    0x8E, 0x60, 0x94, 0x73, 0x3C, 0x12, 0xD8, 0x54, 0xCA, 0x4F, 0x24, 0xB7, 0x9F, 0xF8, 0x56, 0x0F,
    0xFF, 0x3A, 0x17, 0x7E, 0x28, 0xE3, 0xAB, 0xF2, 0x19, 0xCC, 0x40, 0x60, 0x10, 0xE4, 0xC6, 0xE9,
    0x7A, 0xB6, 0x9A, 0x64, 0x2A, 0xE7, 0x19, 0x9C, 0x09, 0xEB, 0x35, 0x9C, 0x41, 0x5E, 0x3E, 0x3E,
    0x83, 0x8A, 0x33, 0xD8, 0xFC, 0x0A, 0x33, 0x60, 0x53, 0x64, 0x30, 0x7F, 0xCB, 0x90, 0xB1, 0xCE,
    0x61, 0x07, 0xA3, 0xDA, 0x03, 0x9F, 0xF5, 0x9F, 0x1C, 0xFC, 0xC2, 0x77, 0x9D, 0x88, 0x31, 0x8A,
    0xCB, 0xB3, 0xC9, 0xA5, 0x7C, 0xC4, 0x29, 0x36, 0xD2, 0xE0, 0x59, 0x8C, 0x03, 0xC0, 0x26, 0x42,
    0x3D, 0x85, 0x6B, 0xF6, 0x7F, 0x71, 0x6E, 0xA0, 0xFB, 0x9E, 0x7B, 0xE5, 0x5A, 0x6F, 0x9E, 0xDD,
    0x98, 0xEE, 0xEC, 0xF7, 0x4C, 0x7E, 0x4B, 0xAC, 0x51, 0x77, 0x30, 0x51, 0x8C, 0x80, 0x5C, 0x7F,
    0x4E, 0x34, 0x54, 0xB9, 0xBD, 0x9F, 0x13, 0x97, 0x83, 0x0A, 0x7B, 0x49, 0x83, 0xCD, 0x29, 0xFA,
    0xC8, 0xED, 0x8F, 0x9E, 0x6D, 0x79, 0xEA, 0xF5, 0xD0, 0x8D, 0xE3, 0x2A, 0x22, 0x57, 0x81, 0xCC,
    0xEC, 0x1A, 0x77, 0x14, 0xCD, 0xC7, 0x74, 0x7C, 0x7F, 0x63, 0x4C, 0x17, 0xC1, 0x5B, 0x95, 0x0A,
    0x4E, 0xED, 0xE0, 0x70, 0x5B, 0x10, 0xF0, 0xEE, 0xD0, 0x4C, 0x00, 0x75, 0x08, 0x12, 0xA8, 0x96,
    0xBB, 0xB4, 0x0F, 0x96, 0xBE, 0xDC, 0xDB, 0x3D, 0x05, 0x41, 0x5D, 0x63, 0x14, 0xFF, 0x1B, 0x9F,
    0x62, 0x77, 0x0C, 0xEA, 0x38, 0x0E, 0xA1, 0x83, 0xC2, 0x3E, 0xDA, 0x70, 0x0B, 0x16, 0x70, 0xEC,
    0xC2, 0x3C, 0x3B, 0x57, 0x8B, 0xB5, 0x3A, 0x65, 0x09, 0x62, 0x67, 0xB3, 0x56, 0xF3, 0x0A, 0xB0,
    0x11, 0x80, 0x9F, 0x5A, 0x4D, 0x08, 0x6A, 0xB8, 0xC5, 0x1B, 0x97, 0x1F, 0xF9, 0xDB, 0x92, 0xBF,
    0x35, 0xFA, 0x2D, 0x7B, 0xDA, 0xD5, 0x90, 0xB7, 0x4D, 0x19, 0x9A, 0xE2, 0x82, 0x21, 0x01, 0xE6,
    0x74, 0x9D, 0x4B, 0xF5, 0xBD, 0x39, 0xB4, 0xB1, 0xB8, 0x68, 0x6F, 0xBC, 0x81, 0xC1, 0x99, 0x19,
    0x18, 0x2A, 0x1A, 0xB7, 0x9A, 0x2A, 0xC5, 0x7A, 0x87, 0x82, 0x59, 0x8C, 0x0A, 0xA9, 0xAF, 0xDC,
    0x35, 0xEF, 0xF1, 0x3B, 0x81, 0x1A, 0xD7, 0x32, 0x22, 0xDA, 0x03, 0xA6, 0x5E, 0x72, 0xCF, 0x45,
    0x2B, 0x59, 0xF8, 0x6D, 0xC7, 0xCC, 0xBE, 0xE7, 0x9C, 0xEC, 0x88, 0xC9, 0x3F, 0x9E, 0x9F, 0x04,
    0x88, 0xB0, 0xFA, 0xBB, 0x76, 0x8A, 0xB8, 0x48, 0x27, 0x63, 0x3F, 0x82, 0x35, 0x18, 0x1F, 0x3C,
    0xF7, 0x16, 0x35, 0xA8, 0x83, 0x2D, 0xFF, 0xD6, 0xDF, 0xE0, 0xEE, 0xE9, 0xBB, 0xA5, 0x36, 0x38,
    0x9E, 0xC2, 0x7B, 0x91, 0x08, 0xD9, 0xAB, 0x38, 0xBA, 0xED, 0xB7, 0x43, 0x66, 0xDD, 0x47, 0xEA,
    0xA1, 0xC1, 0xA5, 0xDE, 0x75, 0x62, 0x22, 0x1F, 0x7A, 0x59, 0x4D, 0x83, 0x64, 0x2B, 0x4C, 0xC2,
    0xB7, 0x2A, 0x40, 0x72, 0x66, 0xCD, 0x0C, 0xFB, 0x47, 0x7F, 0xE1, 0xB2, 0x52, 0xE4, 0x6A, 0xA4,
    0xA7, 0x75, 0xA1, 0x9F, 0x45, 0x9D, 0x7E, 0x6F, 0x75, 0xB1, 0x9A, 0xEF, 0xAC, 0xFC, 0x6F, 0xE2,
    0xB9, 0x7C, 0xD8, 0xD6, 0x11, 0xCE, 0x63, 0x39, 0xE0, 0x30, 0xBF, 0x62, 0x9A, 0x2F, 0xA8, 0x3B,
    0x5D, 0x50, 0x81, 0xBA, 0x80, 0x16, 0x77, 0xDB, 0x60, 0xFE, 0x33, 0x57, 0x1E, 0xBB, 0x12, 0x64,
    0x0B, 0x28, 0x37, 0xDB, 0xA2, 0xC4, 0xDA, 0xF7, 0x1C, 0xF8, 0x9C, 0xF7, 0xDE, 0x42, 0x0F, 0xB9,
    0xF6, 0xF6, 0x57, 0xF7, 0x46, 0xDE, 0xEA, 0xC7, 0xCE, 0xFA, 0x99, 0x6D, 0xC1, 0xBC, 0x31, 0xEB,
    0x27, 0x9A, 0xF5, 0x13, 0x7D, 0xCE, 0xF4, 0x13, 0xDE, 0x26, 0x54, 0xCD, 0x88, 0x69, 0xB8, 0xC5,
    0xC5, 0x33, 0x12, 0x08, 0x32, 0x6E, 0x83, 0xC3, 0xBC, 0x62, 0xF2, 0x8D, 0x9A, 0x59, 0xB8, 0x33,
    0x9D, 0xED, 0x9F, 0xE0, 0xD0, 0x91, 0x8D, 0x63, 0x02, 0xA9, 0x13, 0x46, 0xA0, 0x43, 0xE6, 0xCA,
    0xE2, 0xE0, 0xC2, 0x99, 0x9E, 0x17, 0x79, 0xB7, 0x71, 0x9D, 0x59, 0xE5, 0x05, 0x5D, 0xBA, 0x06,
    0xB1, 0x31, 0xF3, 0x4F, 0xDB, 0xB9, 0x5C, 0x0C, 0x65, 0xF3, 0xFE, 0xB4, 0x83, 0xA7, 0x6A, 0xB4,
    0x11, 0xE9, 0x5E, 0x6A, 0x0F, 0x8A, 0x7E, 0x77, 0xE4, 0xBA, 0x9C, 0x33, 0xD2, 0x19, 0x76, 0x61,
    0xD3, 0x45, 0x70, 0x47, 0x7D, 0x18, 0xFF, 0xF4, 0xDD, 0xF1, 0xFF, 0x0B, 0xFD, 0xEE, 0xE7, 0xAA,
    0xBB, 0xF3, 0xD8, 0xE7, 0x95, 0xFD, 0x9D, 0xA5, 0xE8, 0x0A, 0x33, 0x77, 0xCC, 0x6F, 0xB5, 0x1D,
    0xB4, 0xF7, 0x79, 0xDA, 0x85, 0xD2, 0x6D, 0x53, 0x7B, 0xBE, 0x7E, 0xFA, 0x43, 0x1B, 0x17, 0xBF,
    0xC6, 0x02, 0xE3, 0x9A, 0xB0, 0x23, 0xC0, 0xBD, 0x68, 0x24, 0x1A, 0xE8, 0xBE, 0xF9, 0xBC, 0x6F,
    0x65, 0x3B, 0x28, 0xE3, 0x2A, 0xD4, 0xD0, 0x35, 0xFC, 0x0B, 0xB7, 0xFF, 0xEE, 0xF7, 0x45, 0x73,
    0xB7, 0x29, 0x70, 0xCD, 0x6D, 0xCD, 0x60, 0x70, 0x67, 0x9A, 0x59, 0xB7, 0xD7, 0x56, 0xFD, 0xED,
    0xEF, 0x84, 0xBB, 0x68, 0xB0, 0x0D, 0x1C, 0x4F, 0x1E, 0x68, 0x15, 0x0F, 0x4D, 0x70, 0x39, 0xE4,
    0x26, 0xE8, 0x6F, 0x61, 0x12, 0xE5, 0xC5, 0x64, 0x5C, 0xA2, 0x8A, 0x6C, 0xBD, 0x9B, 0x2E, 0x43,
    0x88, 0x22, 0x0E, 0x70, 0xC4, 0x93, 0x2F, 0x4D, 0x60, 0xB9, 0x99, 0x16, 0x69, 0xB9, 0xFE, 0xE3,
    0xCC, 0x7C, 0xE3, 0x56, 0x23, 0x78, 0x1E, 0xCC, 0xCD, 0x70, 0x63, 0xBE, 0xB2, 0xD7, 0x2F, 0x4E,
    0x07, 0xCA, 0x8F, 0xA9, 0x23, 0x28, 0xFE, 0x7E, 0xD2, 0x07, 0xF6, 0x25, 0x6E, 0x7B, 0xE5, 0x8F,
    0xEE, 0xF7, 0xB7, 0x82, 0x3F, 0x69, 0xDA, 0x7E, 0x51, 0x8C, 0xE9, 0xDB, 0x3F, 0x1D, 0x4E, 0x96,
    0xC9, 0x3B, 0xB6, 0xBF, 0xF5, 0x42, 0xFA, 0x5F, 0x53, 0xF9, 0xD4, 0x8B, 0x95, 0x76, 0x02, 0xA6,
    0xFD, 0x3D, 0x49, 0xED, 0x38, 0xDF, 0x25, 0x72, 0xAF, 0x89, 0x48, 0xB3, 0x2E, 0x5E, 0x17, 0x65,
    0x30, 0x72, 0x43, 0x04, 0x89, 0xF8, 0x7C, 0xE1, 0xFF, 0x70, 0xBD, 0x38, 0xE1, 0x49, 0x0B, 0x6A,
    0xA0, 0x4D, 0x7A, 0xA8, 0x60, 0xA5, 0xAD, 0xFF, 0x9B, 0x77, 0xCD, 0x97, 0xBC, 0xA2, 0x97, 0xDE,
    0xEF, 0x36, 0xFE, 0xE4, 0x19, 0x17, 0x31, 0x1D, 0x7C, 0x53, 0xAB, 0x59, 0xB9, 0xF3, 0x3F, 0xFE,
    0x5C, 0x5A, 0xC0, 0x56, 0xA1, 0xC9, 0xCA, 0xAA, 0x4E, 0xEB, 0x09, 0x9C, 0xD0, 0x6F, 0x83, 0xFB,
    0x95, 0xE5, 0x8E, 0x22, 0xF4, 0x7C, 0x39, 0xAF, 0xEA, 0x6A, 0x4E, 0x5F, 0xEE, 0xB4, 0xCB, 0x5A,
    0xDB, 0xD1, 0x77, 0xE7, 0xDD, 0x5B, 0x67, 0x36, 0xB1, 0x0A, 0x81, 0xDD, 0xB1, 0xA6, 0xC1, 0xB5,
    0xCF, 0xBF, 0x69, 0xF2, 0xCE, 0x35, 0xB5, 0x05, 0x4D, 0x0F, 0xF6, 0xBC, 0x58, 0xDD, 0x45, 0xD7,
    0x9F, 0xB1, 0x5B, 0xA5, 0x7E, 0x81, 0xBA, 0xD0, 0x0E, 0xD7, 0xA8, 0x1D, 0x05, 0x76, 0xD1, 0xF3,
    0x16, 0x24, 0x5D, 0xE5, 0x11, 0xEA, 0xEC, 0xFC, 0x25, 0x90, 0xB4, 0x2E, 0xC3, 0x35, 0xE6, 0x12,
    0x88, 0x0C, 0x6C, 0x26, 0x0E, 0xDC, 0xB1, 0x66, 0xF5, 0x1B, 0xAE, 0x5D, 0x20, 0x59, 0xAA, 0xFE,
    0x69, 0xB3, 0x95, 0xDB, 0xD7, 0x8A, 0xA4, 0xF2, 0x9B, 0x9D, 0xEC, 0x8D, 0x5A, 0xCE, 0x2F, 0xCF,
    0x86, 0x02, 0xF5, 0xC3, 0xB9, 0xD3, 0xEC, 0x79, 0x45, 0xCD, 0xB6, 0xF1, 0x90, 0x4E, 0x4D, 0x07,
    0xAD, 0x32, 0x79, 0xD5, 0xE9, 0x45, 0x85, 0xEA, 0x2D, 0xE4, 0x6F, 0x96, 0x98, 0xCE, 0x21, 0xFF,
    0xA0, 0xD9, 0x65, 0x55, 0x86, 0x23, 0x22, 0xE7, 0x90, 0x30, 0xB1, 0x1C, 0xBD, 0xEF, 0xBA, 0xC1,
    0x7E, 0xCF, 0xA0, 0xEA, 0xBD, 0x46, 0x32, 0x6E, 0x3D, 0x57, 0x6F, 0xF7, 0x2C, 0x23, 0x6C, 0x0B,
    0xF5, 0x54, 0x1D, 0x3C, 0x43, 0xEE, 0x67, 0x99, 0x0B, 0xD9, 0x95, 0xC4, 0x0D, 0x9D, 0x1B, 0x3B,
    0xA6, 0xF0, 0x27, 0x24, 0x87, 0xF4, 0x1C, 0x7C, 0x71, 0x97, 0x39, 0xD3, 0xB6, 0x58, 0xAE, 0x4A,
    0x27, 0x30, 0x3A, 0x77, 0x84, 0xE2, 0x80, 0x1D, 0xE1, 0x2F, 0x96, 0xB3, 0x03, 0xAA, 0x42, 0x62,
    0x1C, 0x7D, 0x26, 0xD0, 0x61, 0xB9, 0x21, 0x6A, 0x0B, 0x33, 0x24, 0x1D, 0x48, 0xDA, 0x67, 0xEC,
    0x91, 0xA5, 0xB5, 0xDD, 0x0C, 0x69, 0x5B, 0xAD, 0xA1, 0xA5, 0xA4, 0xA6, 0x96, 0xCC, 0x80, 0xDF,
    0x6A, 0x07, 0x54, 0x87, 0x27, 0xD9, 0x39, 0xF4, 0xD8, 0x83, 0x0A, 0xBA, 0xA3, 0xD6, 0x19, 0xFF,
    0xC3, 0x93, 0x18, 0xDC, 0xA5, 0x2B, 0xE0, 0x22, 0x4B, 0xC3, 0xB3, 0x22, 0xF1, 0x8A, 0x27, 0x4A,
    0xCE, 0xF1, 0x57, 0x61, 0xE6, 0x80, 0xDF, 0x2B, 0x29, 0xE0, 0xEC, 0x9F, 0x56, 0x7B, 0xF0, 0x74,
    0x1F, 0xA6, 0x4E, 0xFE, 0x2C, 0xE0, 0x5F, 0xBB, 0x18, 0x20, 0x17, 0xEF, 0x66, 0x04, 0xF4, 0x11,
    0xE4, 0x6B, 0xD1, 0x4F, 0xEF, 0x9A, 0x0D, 0xC5, 0x1D, 0x49, 0xB0, 0xD2, 0xE1, 0x84, 0x40, 0xE7,
    0xB6, 0x4E, 0xAF, 0x10, 0x1E, 0xB1, 0x40, 0xF2, 0x53, 0xB9, 0xBB, 0x72, 0xE7, 0x45, 0xE9, 0x42,
    0xBE, 0x7B, 0xB6, 0x57, 0xEB, 0x6E, 0x63, 0xCF, 0x30, 0xEF, 0x68, 0x06, 0xAA, 0x38, 0x13, 0x9D,
    0x37, 0xC8, 0x04, 0xD3, 0x9A, 0x15, 0xC2, 0x4E, 0x0A, 0x7F, 0xEA, 0xA2, 0x75, 0x61, 0xD7, 0xC1,
    0x50, 0xB0, 0xD7, 0x55, 0x98, 0x45, 0x40, 0x12, 0xAE, 0x9F, 0x32, 0xA3, 0xC2, 0x0E, 0x0C, 0x36,
    0xE3, 0x22, 0x64, 0x0A, 0x3B, 0x17, 0x9F, 0xBA, 0x8F, 0xF8, 0x50, 0x1D, 0x24, 0x1A, 0xA8, 0x9D,
    0xD4, 0x41, 0x6A, 0xDE, 0x65, 0x07, 0x29, 0xB6, 0xEA, 0x20, 0x35, 0xEA, 0x20, 0xA5, 0x9F, 0xB1,
    0x8F, 0x18, 0xF7, 0xBF, 0xC6, 0xFE, 0x55, 0x30, 0xF0, 0xED, 0xA1, 0xFD, 0x36, 0x9F, 0x6D, 0x7A,
    0x8E, 0x16, 0x8D, 0x7A, 0x7B, 0xA5, 0xB7, 0xFF, 0xAE, 0xAF, 0x80, 0x75, 0xFE, 0x93, 0x56, 0x3E,
    0x19, 0xED, 0x6B, 0xB1, 0x4B, 0xE9, 0xF6, 0xED, 0xB5, 0xB1, 0x5D, 0xBB, 0x46, 0x24, 0x73, 0x8C,
    0x7A, 0x52, 0xA3, 0x8F, 0x0D, 0xAF, 0x7C, 0xB9, 0x53, 0xAF, 0x46, 0x09, 0x7A, 0x9B, 0x22, 0xF2,
    0xED, 0x16, 0xDC, 0x55, 0x42, 0xF8, 0x36, 0xB1, 0xA2, 0xB5, 0xBA, 0xBA, 0xF2, 0x2D, 0x80, 0x68,
    0x56, 0x5A, 0x9E, 0x88, 0xAC, 0x06, 0x1E, 0x8B, 0x24, 0x31, 0xDB, 0x2B, 0x36, 0x22, 0xCB, 0x84,
    0xC7, 0x04, 0x8B, 0xD6, 0x95, 0x8C, 0xB1, 0x56, 0x7D, 0x59, 0xEE, 0x63, 0xF8, 0xD1, 0x1D, 0x43,
    0xA2, 0xE2, 0x54, 0x8C, 0xB4, 0x82, 0x11, 0xB4, 0x5B, 0x06, 0x4E, 0x58, 0x0C, 0x8D, 0x84, 0x6D,
    0x65, 0xDA, 0xD1, 0xF3, 0xFE, 0xC1, 0xE7, 0xE7, 0xB3, 0x36, 0x66, 0x73, 0xC0, 0xEE, 0x67, 0x81,
    0x14, 0xBC, 0xB6, 0x2C, 0x3E, 0x47, 0xC6, 0xAB, 0x31, 0xEC, 0xAB, 0x72, 0x0C, 0x7E, 0x46, 0x07,
    0x70, 0x19, 0x87, 0xC5, 0x15, 0x65, 0x75, 0x5D, 0xEB, 0x72, 0x2F, 0x67, 0x06, 0xE5, 0xAE, 0x3A,
    0x70, 0x0D, 0x86, 0x74, 0x9F, 0xD6, 0xE6, 0x4D, 0x0A, 0x99, 0x40, 0x4A, 0x04, 0x6B, 0x1D, 0x75,
    0xC8, 0xEB, 0xA5, 0x82, 0xC5, 0xA1, 0x59, 0xE0, 0x1B, 0x1E, 0xF7, 0x78, 0xC2, 0x2C, 0x09, 0xBB,
    0x8F, 0x46, 0x2E, 0xAD, 0xE5, 0x99, 0x69, 0x4C, 0x08, 0x03, 0x20, 0xD9, 0x00, 0x09, 0x9F, 0x33,
    0x04, 0xE1, 0x89, 0x44, 0x3D, 0x5B, 0xDB, 0xF9, 0xFA, 0x59, 0xBB, 0xE6, 0xA8, 0x82, 0x3F, 0xEA,
    0xE3, 0x4E, 0xEC, 0x56, 0xED, 0x6E, 0xFF, 0xC7, 0xEF, 0xCF, 0xCC, 0x15, 0x43, 0x5C, 0xAB, 0x7C,
    0xE1, 0x81, 0x1C, 0xD9, 0x71, 0x97, 0xC3, 0xCA, 0xA3, 0x9F, 0x70, 0x93, 0x27, 0xFA, 0x1F, 0x4E,
    0x23, 0x92, 0xB5, 0x11, 0xA8, 0xF4, 0xEA, 0xC1, 0xF5, 0xFE, 0x9F, 0xA9, 0xE7, 0x6A, 0x63, 0x7F,
    0xAF, 0xC3, 0xEE, 0x1D, 0xAC, 0xB8, 0x81, 0x7F, 0x28, 0x49, 0xD9, 0x16, 0x63, 0xCB, 0xAD, 0xCD,
    0x6B, 0xC4, 0xC3, 0xF6, 0x50, 0x67, 0x76, 0x93, 0x96, 0xD7, 0xBC, 0xC7, 0xEF, 0x74, 0x22, 0x64,
    0x2E, 0x3B, 0x67, 0x68, 0xAF, 0x3D, 0x5B, 0x3A, 0x5B, 0x1D, 0x77, 0xC7, 0x31, 0xF2, 0xC6, 0x49,
    0x82, 0x34, 0x51, 0xC4, 0x3D, 0xC6, 0x09, 0x6A, 0x6A, 0x0F, 0xA1, 0x2F, 0xED, 0xE6, 0xC3, 0xB2,
    0x2E, 0x1C, 0x30, 0x76, 0x20, 0x86, 0x47, 0xDA, 0xA6, 0x41, 0x8C, 0x2A, 0xCC, 0xEE, 0x1F, 0x1E,
    0x80, 0x2A, 0xE9, 0x31, 0xEA, 0x67, 0x53, 0xA9, 0x50, 0x49, 0x22, 0xB1, 0x68, 0x3D, 0xCF, 0x7D,
    0x29, 0x59, 0x7D, 0xF3, 0x10, 0x2B, 0x5F, 0x24, 0xAB, 0x31, 0x2F, 0xC3, 0x21, 0x5D, 0xD1, 0xB9,
    0xED, 0x2A, 0x60, 0xB0, 0xD0, 0xC8, 0x7B, 0x1F, 0x76, 0x0D, 0x68, 0x67, 0xEC, 0x73, 0xA9, 0x9C,
    0x61, 0x8A, 0xE6, 0xCA, 0x04, 0xCC, 0xD9, 0x5F, 0x93, 0x18, 0xAF, 0x61, 0xA1, 0x79, 0xE4, 0xFB,
    0x3C, 0xEA, 0x87, 0x90, 0xFF, 0x16, 0x3A, 0xF2, 0x8D, 0x9B, 0x6C, 0xEC, 0x75, 0x84, 0x38, 0x78,
    0x3C, 0x6F, 0xCA, 0xAF, 0x26, 0xF5, 0x13, 0x71, 0xFB, 0x7C, 0x56, 0x16, 0x93, 0x06, 0x2C, 0x6A,
    0xAD, 0x50, 0xFD, 0x0B, 0xA5, 0x8B, 0xB1, 0x0D, 0x02, 0x31, 0x0C, 0x45, 0x3F, 0x17, 0x89, 0x26,
    0x45, 0x6A, 0xAA, 0xBB, 0x0D, 0xB2, 0x00, 0x4A, 0x4E, 0x62, 0xB0, 0x0B, 0x62, 0x01, 0xC6, 0xA1,
    0x00, 0xC5, 0x6C, 0x70, 0x23, 0x78, 0x04, 0x4B, 0xA4, 0xA0, 0x88, 0x30, 0x39, 0xA0, 0xA2, 0xA0,
    0xE1, 0xEB, 0x7D, 0xF9, 0xDB, 0x5F, 0x16, 0xF9, 0xAD, 0x01, 0xE9, 0xD4, 0x71, 0xB0, 0xE4, 0x14,
    0xA6, 0x2E, 0xB4, 0x10, 0x95, 0xCE, 0x37, 0x1E, 0x24, 0x41, 0xF0, 0x27, 0x93, 0xA6, 0x49, 0xA9,
    0x91, 0x55, 0x8B, 0x7E, 0xDC, 0xF2, 0xA2, 0xAA, 0x5F, 0xD3, 0x88, 0x61, 0x3B, 0x3B, 0xEA, 0xC9,
    0x53, 0x4C, 0x71, 0x74, 0xE2, 0xF8, 0xB5, 0xA5, 0x88, 0x80, 0x2D, 0x3A, 0xE9, 0x61, 0x38, 0xC2,
    0xCE, 0x01, 0x8E, 0x2E, 0xE8, 0xA9, 0xC2, 0x5F, 0x2B, 0xE2, 0xA1, 0x79, 0x77, 0x87, 0x93, 0x0C,
    0xC7, 0xDA, 0xBA, 0xC7, 0xBB, 0xDB, 0xB7, 0x7B, 0x57, 0x10, 0x8C, 0x60, 0x6B, 0x18, 0x1B, 0xAC,
    0xC7, 0xD5, 0x71, 0x1A, 0x3D, 0x59, 0xC9, 0x29, 0xB2, 0x2B, 0x39, 0xF9, 0xD9, 0x96, 0xD8, 0x3E,
    0x0C, 0x3F, 0x01, 0x5B, 0xB5, 0x6A, 0xD5, 0x82, 0xFF, 0xFF, 0xFF, 0x7F, 0x58, 0xFD, 0xFF, 0xD5,
    0x02, 0x06, 0xFD, 0x06, 0x06, 0x06, 0xFE, 0x03, 0x0C, 0xAB, 0xD6, 0xFF, 0x02, 0x8B, 0x81, 0x68,
    0x10, 0x9F, 0x41, 0xFF, 0x00, 0x43, 0xF6, 0x7F, 0x07, 0x86, 0xFF, 0x7F, 0x19, 0x18, 0xFE, 0x3F,
    0x60, 0x60, 0xA8, 0x67, 0x00, 0x0B, 0x31, 0x70, 0x7F, 0x60, 0x60, 0x60, 0xFE, 0x01, 0xE4, 0xFC,
    0x03, 0x62, 0x7B, 0x90, 0xDE, 0x0B, 0x0C, 0x0C, 0xEC, 0x1F, 0x18, 0x00, 0x63, 0x60, 0x60, 0x60,
    0xF8, 0xFF, 0xFF, 0xFF, 0x5F, 0x10, 0x06, 0x00, 0xE5, 0x7D, 0x4D, 0x8C, 0x25, 0xD7, 0x75, 0x5E,
    0xFD, 0xC8, 0x5D, 0xD2, 0x14, 0xE0, 0x22, 0x10, 0x1B, 0xB1, 0x38, 0x89, 0xCB, 0x0B, 0x01, 0x91,
    0x49, 0x47, 0xB5, 0x0E, 0x60, 0x76, 0x95, 0xCC, 0x85, 0x16, 0x5C, 0xD0, 0x8B, 0x28, 0x1B, 0x2F,
    0xEC, 0x85, 0x17, 0x89, 0x0D, 0x70, 0x36, 0x59, 0x64, 0xC1, 0xEE, 0x57, 0xE4, 0x00, 0xE2, 0x82,
    0x0B, 0x36, 0x90, 0x00, 0x59, 0x68, 0xA1, 0x09, 0xCC, 0x20, 0x62, 0x0F, 0xA0, 0xF6, 0x52, 0x12,
    0x66, 0xBA, 0x4A, 0xE4, 0x42, 0x0B, 0x2E, 0xF8, 0x24, 0x2D, 0x0C, 0x24, 0x0B, 0x96, 0xAC, 0x09,
    0x42, 0x0D, 0x01, 0x4F, 0xD9, 0x2C, 0x93, 0x35, 0x3D, 0xF5, 0xEA, 0xE6, 0x9C, 0xEF, 0x9C, 0x7B,
    0xEB, 0xBE, 0xEE, 0x37, 0x3F, 0x14, 0x39, 0x94, 0x2C, 0xB7, 0xC4, 0xAE, 0xF3, 0x7A, 0xBA, 0xDF,
    0xAB, 0x73, 0xEE, 0xB9, 0xE7, 0xF7, 0x3B, 0xB7, 0x56, 0x06, 0x5F, 0xD3, 0x4A, 0xAF, 0x4F, 0x1D,
    0x9F, 0x9C, 0x1D, 0x1F, 0x37, 0xDF, 0x0E, 0x82, 0x68, 0x0C, 0x82, 0xFD, 0x80, 0xBE, 0xE6, 0x9A,
    0xAE, 0x51, 0x15, 0x9B, 0x91, 0xAE, 0x59, 0x9B, 0x99, 0x99, 0xAE, 0xE9, 0x3A, 0x6B, 0xCB, 0x6A,
    0x3F, 0x88, 0x7B, 0xFA, 0x49, 0x2B, 0xD7, 0x94, 0xAE, 0xE1, 0x14, 0x04, 0x7C, 0x0D, 0x36, 0x7A,
    0x2D, 0xF5, 0x9A, 0xB7, 0x41, 0xD6, 0xD1, 0x35, 0x1D, 0x83, 0xD5, 0x44, 0xD7, 0xC8, 0x98, 0xB9,
    0xE1, 0xF7, 0x5F, 0x99, 0xB1, 0x38, 0xA5, 0x6B, 0x34, 0x57, 0xE9, 0x1C, 0xE0, 0x2B, 0xD2, 0x6B,
    0xA2, 0xD7, 0x46, 0xAE, 0xA9, 0x99, 0xE4, 0x65, 0x87, 0x6B, 0x3C, 0x07, 0x72, 0x1D, 0xE5, 0x1A,
    0x9A, 0xB5, 0xFC, 0x7B, 0x31, 0xC9, 0x95, 0x3E, 0x48, 0xAE, 0xA9, 0x5E, 0x43, 0xBD, 0xE2, 0x53,
    0xCD, 0x36, 0xE7, 0x0B, 0xEF, 0xC7, 0x27, 0xB7, 0x2C, 0xF7, 0x79, 0x6D, 0xF9, 0x2F, 0x9D, 0x04,
    0x16, 0x19, 0x1C, 0x38, 0x29, 0x1C, 0x38, 0x39, 0x1C, 0x38, 0x49, 0x2C, 0xB2, 0x28, 0x9D, 0x34,
    0x4A, 0x27, 0x8F, 0xC2, 0x49, 0xA4, 0xA8, 0xAC, 0x4C, 0xF2, 0xCA, 0x4A, 0x85, 0x28, 0x95, 0x0B,
    0x53, 0x22, 0x99, 0xC2, 0xC9, 0x66, 0xA5, 0x3C, 0xCC, 0xD1, 0x46, 0xA9, 0xC3, 0x72, 0xB4, 0x8C,
    0x95, 0x6B, 0x4B, 0x7D, 0xD1, 0x71, 0xF9, 0xAB, 0xB7, 0xBA, 0x71, 0xC7, 0x1F, 0x7D, 0xEE, 0x4A,
    0x6F, 0x1E, 0xF7, 0x7A, 0x1D, 0x83, 0xCB, 0xB7, 0x26, 0x5E, 0x53, 0x7A, 0xA3, 0x49, 0xD7, 0x8B,
    0xAF, 0x7B, 0xA7, 0x75, 0x72, 0x7E, 0x35, 0x27, 0xE5, 0x53, 0xD9, 0x24, 0x2E, 0x8F, 0x4F, 0x8E,
    0x8F, 0x5F, 0x67, 0x4D, 0xA8, 0xA1, 0x46, 0x06, 0x9F, 0xDC, 0x18, 0x43, 0x9F, 0x92, 0x9B, 0x93,
    0x3F, 0x99, 0xE8, 0x7D, 0x6F, 0x15, 0x55, 0x13, 0xB0, 0x58, 0xAB, 0xA2, 0x4A, 0x46, 0xBA, 0x64,
    0x75, 0x6C, 0xDA, 0xA2, 0xCA, 0xEB, 0xB0, 0x19, 0x9B, 0x0F, 0x1B, 0xAC, 0x85, 0x31, 0x72, 0x0B,
    0x24, 0xAC, 0x7C, 0x2E, 0x9E, 0xA5, 0x0F, 0x6C, 0xD6, 0x45, 0x45, 0xFC, 0x34, 0xF4, 0x07, 0xBC,
    0x98, 0x43, 0x5E, 0xD1, 0xBA, 0x5C, 0x36, 0x7F, 0xCA, 0xAF, 0x82, 0x2B, 0xE6, 0x79, 0xFE, 0xA4,
    0xD8, 0x3C, 0x8F, 0x5B, 0x6B, 0x9E, 0x63, 0xAE, 0x82, 0x27, 0x03, 0xFF, 0xEB, 0xBB, 0x1E, 0x7D,
    0x43, 0x6F, 0xFC, 0x99, 0xE0, 0x77, 0x83, 0x66, 0x14, 0x9A, 0x94, 0xA4, 0x6E, 0xC6, 0xA7, 0x58,
    0x0F, 0x8F, 0x0F, 0x02, 0xB3, 0x3E, 0x65, 0x3E, 0x56, 0x55, 0x70, 0x18, 0xDD, 0xEB, 0x6F, 0x04,
    0xFC, 0x59, 0x9B, 0xA0, 0x34, 0x1F, 0x30, 0xCD, 0x37, 0xD8, 0xE6, 0xE6, 0x65, 0xA6, 0x0B, 0xB3,
    0x2A, 0xFA, 0x68, 0x8C, 0x89, 0x8E, 0xCC, 0xBA, 0x8C, 0xE8, 0x06, 0x92, 0xEE, 0x46, 0x90, 0xD2,
    0x2F, 0x07, 0x37, 0x79, 0x7D, 0x6E, 0x04, 0xC9, 0x5D, 0xA2, 0xF7, 0x83, 0x3D, 0x53, 0xDD, 0xA0,
    0x5B, 0x5C, 0xF3, 0xCF, 0x89, 0x31, 0xFA, 0xDB, 0x2B, 0x53, 0x99, 0x4F, 0x81, 0xA9, 0x99, 0x0E,
    0xCD, 0x2A, 0x1F, 0x03, 0x12, 0x14, 0x7F, 0x56, 0x6E, 0xF2, 0xA3, 0xA0, 0x98, 0x41, 0xC7, 0x06,
    0xDB, 0x66, 0xCD, 0x74, 0x00, 0x3A, 0x1D, 0x40, 0x1F, 0x82, 0x95, 0xCD, 0x8D, 0x85, 0xAD, 0x62,
    0xD9, 0x66, 0x41, 0xE6, 0xD1, 0xB1, 0x47, 0x07, 0x53, 0xB0, 0xF3, 0x2B, 0x6E, 0x3D, 0xBA, 0x53,
    0xF9, 0x04, 0xAB, 0x91, 0x6E, 0x58, 0xE8, 0xD8, 0x98, 0x67, 0xCD, 0x5A, 0xE4, 0x93, 0x9D, 0x35,
    0x3F, 0x39, 0xAB, 0x45, 0x3E, 0x65, 0x1B, 0x7F, 0xD4, 0xAB, 0x7C, 0x9A, 0xEF, 0x04, 0xA6, 0x57,
    0xF9, 0x18, 0xE2, 0xB4, 0x57, 0xF9, 0x34, 0xA6, 0xCF, 0x7A, 0x95, 0xCF, 0xBF, 0x8E, 0xC6, 0xA4,
    0x77, 0xF2, 0x21, 0xC1, 0x59, 0xF9, 0x84, 0x4C, 0xAB, 0x7C, 0xE2, 0x9E, 0x15, 0x52, 0xE4, 0x93,
    0x83, 0x16, 0xF9, 0x34, 0x2D, 0x14, 0x95, 0xE5, 0x13, 0x1A, 0x51, 0x5A, 0xC8, 0xE7, 0xBB, 0x42,
    0x8B, 0x7C, 0x94, 0x3E, 0xF4, 0xE8, 0xE0, 0x17, 0xA2, 0x7D, 0x73, 0x65, 0x4C, 0xE5, 0xD3, 0x22,
    0x87, 0x93, 0xDB, 0xF4, 0xFF, 0x40, 0xE5, 0x40, 0x32, 0x6F, 0xAD, 0x9E, 0x08, 0x0D, 0x39, 0x28,
    0x0D, 0x39, 0x94, 0xC1, 0x97, 0x88, 0x16, 0x39, 0x14, 0xB7, 0x27, 0xA2, 0x45, 0x0E, 0x89, 0x61,
    0x5A, 0xE5, 0xB0, 0x22, 0x1B, 0xA0, 0x72, 0x20, 0x1E, 0xF9, 0x6F, 0x21, 0x07, 0xDA, 0xE1, 0x4C,
    0x43, 0x0E, 0xD9, 0x5A, 0x3E, 0x8B, 0xE5, 0x90, 0xCD, 0x15, 0x68, 0x96, 0x43, 0x6A, 0x06, 0xD0,
    0x2C, 0x87, 0xC8, 0xCC, 0x42, 0x1F, 0xC2, 0x44, 0xBF, 0xB3, 0xAC, 0x6F, 0x6E, 0x16, 0x3A, 0xF2,
    0xE8, 0x60, 0xE5, 0xD1, 0x64, 0x58, 0x54, 0x07, 0x48, 0xD2, 0xB5, 0xD2, 0x64, 0x8E, 0x68, 0x7D,
    0x85, 0xF7, 0x70, 0x2A, 0xDE, 0x1F, 0x94, 0xF7, 0xA0, 0x59, 0x05, 0xA3, 0xF2, 0x1E, 0x14, 0x9B,
    0x68, 0x50, 0xDE, 0xC9, 0x02, 0x18, 0xAB, 0x03, 0xA4, 0xE8, 0x66, 0xAD, 0xBC, 0x4F, 0xC1, 0xE9,
    0xDD, 0x40, 0x79, 0xBF, 0x49, 0x5A, 0xBE, 0xAF, 0xBC, 0x97, 0x44, 0x9B, 0x4A, 0x78, 0x27, 0x3A,
    0xA1, 0x77, 0x00, 0xEF, 0x79, 0xBD, 0x32, 0xEF, 0xB6, 0xCA, 0x7B, 0x5B, 0x98, 0xE7, 0x5A, 0xE1,
    0x3D, 0xE9, 0xF7, 0x6E, 0x25, 0x6B, 0xE1, 0x3D, 0x1E, 0xD8, 0x24, 0xAA, 0x0E, 0x6C, 0x74, 0x31,
    0x98, 0xF7, 0x55, 0x4D, 0x3B, 0xDB, 0x72, 0x35, 0x5F, 0x37, 0x6E, 0xA5, 0x61, 0x5E, 0xEC, 0xD6,
    0x71, 0x3C, 0xF2, 0xD7, 0xE0, 0x91, 0x6E, 0xA5, 0x8F, 0xAF, 0x09, 0xB3, 0x22, 0x55, 0xF0, 0x9A,
    0xF5, 0x22, 0x43, 0x62, 0x35, 0xDB, 0xC8, 0xDB, 0x10, 0xA7, 0x19, 0xDB, 0x3B, 0x61, 0x34, 0x7B,
    0x87, 0x7E, 0x4B, 0xF8, 0xCC, 0xDA, 0x13, 0xA3, 0x6C, 0xD2, 0x3B, 0x94, 0xBA, 0xC2, 0x44, 0x92,
    0x1F, 0x02, 0x93, 0x4C, 0xDA, 0xF5, 0xE5, 0x5F, 0xD0, 0xE5, 0x6D, 0xE1, 0x2E, 0x98, 0x43, 0x22,
    0x27, 0x5D, 0xDC, 0xAC, 0x8D, 0x46, 0x5D, 0x5B, 0x72, 0x14, 0x56, 0x65, 0x93, 0xB3, 0xA6, 0x75,
    0xCC, 0xCD, 0x8E, 0xB7, 0xA6, 0xDB, 0xD2, 0xE3, 0xC1, 0xA7, 0x17, 0xEE, 0x1C, 0x7B, 0xFA, 0x6E,
    0xE0, 0xCF, 0x98, 0xBB, 0x8E, 0x41, 0xC3, 0xEB, 0xA7, 0x1C, 0x7E, 0x83, 0xFE, 0xD4, 0xB2, 0x58,
    0x47, 0x1F, 0x4C, 0x96, 0xC7, 0x3A, 0xEE, 0x37, 0x8E, 0xC9, 0xA4, 0x3F, 0x74, 0x5C, 0x16, 0xEB,
    0x7D, 0xAB, 0xC7, 0xC6, 0xD4, 0x07, 0xCA, 0x67, 0x4C, 0x9F, 0x71, 0xD3, 0xDA, 0xBB, 0xEF, 0x1C,
    0xC1, 0xB1, 0x88, 0xBD, 0x23, 0x23, 0x67, 0xF7, 0xF3, 0x51, 0xD8, 0xAC, 0xAD, 0x1E, 0xC3, 0x31,
    0xE8, 0x97, 0xBF, 0x7C, 0xBF, 0xD1, 0x98, 0xF5, 0xA2, 0xBB, 0xCD, 0xC2, 0x3B, 0xDD, 0x64, 0xE7,
    0x19, 0x45, 0xEF, 0x97, 0x82, 0xDA, 0x93, 0x03, 0xA9, 0xE9, 0xF6, 0x2B, 0x91, 0xCB, 0xF1, 0xF1,
    0x75, 0xF3, 0xE1, 0xF1, 0xF1, 0x91, 0x6A, 0x79, 0x90, 0xDD, 0x1B, 0x9D, 0x6C, 0xC8, 0x09, 0xB5,
    0xA6, 0xB2, 0xD2, 0x99, 0xC8, 0x33, 0x95, 0x9E, 0xAE, 0x93, 0x44, 0xE8, 0xF6, 0x44, 0x42, 0x87,
    0xE1, 0x10, 0x54, 0x7F, 0x69, 0x65, 0x54, 0x46, 0x43, 0xC4, 0xFF, 0xAE, 0x1A, 0x1F, 0x8E, 0xD9,
    0x4C, 0x6B, 0x29, 0x72, 0xCA, 0x6B, 0x6C, 0xB2, 0xC0, 0x2A, 0xC4, 0xCA, 0x14, 0xCE, 0xF6, 0x25,
    0x7D, 0xDA, 0x15, 0xCE, 0xFA, 0xF1, 0xF2, 0x97, 0x8B, 0xFD, 0x23, 0x86, 0x0F, 0x17, 0x0B, 0x58,
    0xAE, 0xC3, 0xCD, 0x62, 0x03, 0x69, 0xE1, 0xC6, 0xC5, 0xAA, 0xD1, 0xDD, 0xAE, 0xA3, 0xC5, 0xC6,
    0x5D, 0xBE, 0x1B, 0x84, 0xC3, 0x96, 0xC5, 0x1B, 0x1F, 0xF0, 0xCA, 0xFF, 0x0A, 0xFB, 0xED, 0x17,
    0x4E, 0x7E, 0x73, 0xE8, 0x09, 0x93, 0x5F, 0x58, 0x59, 0x1E, 0x9F, 0x86, 0x67, 0x4E, 0x94, 0xC1,
    0x21, 0x3E, 0x57, 0x24, 0x99, 0xCC, 0xA1, 0x33, 0x19, 0xB4, 0x7A, 0xFC, 0x02, 0x72, 0x24, 0x21,
    0xF2, 0x0B, 0x75, 0xAC, 0xCD, 0xB0, 0x4F, 0x2F, 0x44, 0x8A, 0xA9, 0xA9, 0xF8, 0x85, 0x08, 0x71,
    0x35, 0x04, 0xFC, 0x42, 0x64, 0x48, 0x01, 0x04, 0xBF, 0x10, 0x11, 0x52, 0x50, 0x56, 0xBE, 0x34,
    0xA8, 0x04, 0xCB, 0x39, 0x28, 0x7F, 0x3A, 0x58, 0x01, 0x92, 0x65, 0xBE, 0x3B, 0x58, 0xF9, 0x65,
    0xC3, 0xFE, 0xA9, 0x53, 0xB8, 0x70, 0xB3, 0x5F, 0x0C, 0xCE, 0x83, 0x94, 0x87, 0xD9, 0x22, 0xA0,
    0x6C, 0x8E, 0x97, 0x17, 0xF1, 0x1C, 0x79, 0xA2, 0x9B, 0x7D, 0xE1, 0x9C, 0x3A, 0xD7, 0xC1, 0x46,
    0x61, 0x0C, 0x5E, 0xA8, 0xEC, 0xAB, 0x88, 0x3D, 0xA9, 0x8A, 0x84, 0xDF, 0xAF, 0x79, 0x07, 0x6A,
    0x0C, 0x99, 0x94, 0xB4, 0xC9, 0xAA, 0xC9, 0x0A, 0xA5, 0xE1, 0xF0, 0x79, 0xB2, 0x52, 0x21, 0x85,
    0xE9, 0xE9, 0x9B, 0x88, 0x25, 0x1C, 0x29, 0xC8, 0x88, 0x46, 0x95, 0x0B, 0x2D, 0x67, 0xB2, 0x2E,
    0x7A, 0x11, 0xCC, 0x97, 0xE8, 0x9E, 0xF8, 0x95, 0x48, 0xE6, 0x80, 0x62, 0xF3, 0xA4, 0xFF, 0xE2,
    0x24, 0xA2, 0x39, 0x20, 0x53, 0x40, 0xEF, 0x72, 0x43, 0x64, 0x73, 0x23, 0xB8, 0xDC, 0x51, 0x48,
    0x77, 0x43, 0x84, 0x73, 0x13, 0xF1, 0x1A, 0x1B, 0x18, 0x96, 0xCE, 0x01, 0xBF, 0xBA, 0xC3, 0x77,
    0xC6, 0xE2, 0x61, 0x5B, 0x94, 0xFC, 0x0D, 0x6B, 0x37, 0xCB, 0xA7, 0xA4, 0xBB, 0x49, 0xD6, 0xDF,
    0xA9, 0xD4, 0xFC, 0xD0, 0x1A, 0xBF, 0xB2, 0xF6, 0x6C, 0xAA, 0xF1, 0x76, 0xE2, 0xD3, 0x5B, 0xAF,
    0x58, 0x14, 0x5B, 0xAF, 0x52, 0x7E, 0xB5, 0x2F, 0xF4, 0xF6, 0xA5, 0xAC, 0xD4, 0x53, 0x99, 0xF7,
    0x70, 0x5F, 0x06, 0x3B, 0xED, 0x8A, 0x51, 0x6F, 0x95, 0x76, 0x36, 0x4E, 0x51, 0x97, 0x2D, 0xD2,
    0xED, 0xF4, 0x22, 0xD2, 0x65, 0x9B, 0xDF, 0x1C, 0x89, 0x55, 0x9E, 0xF5, 0x5D, 0xE8, 0xCF, 0x57,
    0x73, 0x99, 0x92, 0xC0, 0x4C, 0xBD, 0x4F, 0x52, 0x4C, 0x39, 0xF8, 0x9E, 0x38, 0xA3, 0xB9, 0x09,
    0x51, 0xF7, 0x13, 0x2D, 0x16, 0xC9, 0x7F, 0xE0, 0xD0, 0x25, 0x58, 0x75, 0x97, 0xF9, 0x4D, 0xC8,
    0xEE, 0xFE, 0x35, 0xDF, 0x4C, 0x05, 0xFB, 0x54, 0x48, 0x08, 0x55, 0xCA, 0xA5, 0xA8, 0x93, 0x51,
    0xF6, 0x98, 0xEC, 0x45, 0x03, 0x4F, 0x73, 0xE5, 0xD6, 0xAE, 0x1D, 0xF3, 0x07, 0x9E, 0x85, 0xDA,
    0x15, 0x8F, 0x79, 0xDA, 0xE4, 0x45, 0x21, 0xDE, 0x66, 0xF5, 0x77, 0xAA, 0x17, 0xC6, 0x1D, 0x2E,
    0x64, 0x59, 0xF9, 0xA6, 0x7E, 0xF2, 0x48, 0xDD, 0x84, 0xD7, 0xCD, 0xF1, 0xB7, 0x55, 0xDD, 0x22,
    0xC8, 0x14, 0xBA, 0x86, 0x28, 0x40, 0x14, 0x2D, 0xFC, 0xC0, 0x1A, 0xB1, 0x20, 0xFC, 0x7B, 0x6B,
    0xC1, 0xE8, 0x26, 0x6E, 0xDA, 0x90, 0x2D, 0xA6, 0x28, 0x46, 0x23, 0x15, 0x26, 0x35, 0x60, 0xCB,
    0xBA, 0x5C, 0xDD, 0x18, 0x45, 0x11, 0x94, 0xBD, 0x41, 0xA7, 0x9E, 0xA6, 0xF0, 0xA5, 0x16, 0x85,
    0xA2, 0x8C, 0x90, 0x49, 0xD6, 0x26, 0x5A, 0x13, 0xA4, 0x77, 0x06, 0x6E, 0xBA, 0x54, 0x0E, 0x56,
    0x8B, 0x50, 0x8A, 0xB5, 0xCB, 0xAF, 0xD2, 0xC5, 0xC8, 0x87, 0x9E, 0x2A, 0x5D, 0xFE, 0xF9, 0x96,
    0x47, 0x9B, 0x7C, 0xDA, 0x5A, 0x9B, 0xF9, 0xD8, 0x71, 0xAA, 0xC2, 0x92, 0x6D, 0x35, 0x05, 0x8B,
    0xCD, 0x9E, 0x9C, 0xCF, 0x66, 0xDA, 0x46, 0xF0, 0xA4, 0x0A, 0xE1, 0x6C, 0xAD, 0x75, 0x40, 0x7B,
    0x67, 0x89, 0x4E, 0xF2, 0x3B, 0x95, 0xB5, 0xD4, 0x2B, 0xF3, 0x7C, 0x6D, 0xED, 0x74, 0xB9, 0xC9,
    0x34, 0x3A, 0x49, 0xD7, 0x7B, 0x5D, 0xA6, 0xD1, 0x09, 0x2F, 0x22, 0xD3, 0xCC, 0x34, 0xDB, 0xEB,
    0x4C, 0xB9, 0x66, 0x53, 0x51, 0xE8, 0xF6, 0xE1, 0xDD, 0xD4, 0x2C, 0xD6, 0xE5, 0xFA, 0xE4, 0xD9,
    0xE9, 0xDE, 0x8B, 0x4E, 0xAA, 0x5F, 0x24, 0x3A, 0x69, 0x97, 0xE8, 0xA4, 0x5D, 0xA2, 0x93, 0xF6,
    0x69, 0x17, 0x9D, 0xB4, 0xA5, 0xF3, 0xDC, 0x14, 0x55, 0xFD, 0x62, 0xD1, 0x49, 0xB9, 0x44, 0x27,
    0x9B, 0x25, 0x3A, 0x99, 0x5C, 0x74, 0x92, 0x3E, 0x42, 0x74, 0xB2, 0xD8, 0x57, 0x8F, 0x54, 0x93,
    0x49, 0xB7, 0x9A, 0x19, 0x21, 0x33, 0x0A, 0x93, 0x8D, 0x70, 0x5C, 0xDE, 0x36, 0xD9, 0x6D, 0xE1,
    0x78, 0x15, 0x14, 0xEF, 0xD4, 0xC2, 0x31, 0x69, 0x27, 0x6D, 0x40, 0x5D, 0x5C, 0x4E, 0xAC, 0xC0,
    0xF1, 0x4D, 0x8E, 0x01, 0x85, 0xE3, 0x15, 0xEF, 0x58, 0x5D, 0x59, 0x8A, 0xA1, 0x6B, 0xE1, 0x38,
    0x67, 0x3D, 0x15, 0x8E, 0x63, 0xA8, 0xAC, 0x28, 0xF2, 0x15, 0x26, 0x25, 0xEF, 0x08, 0x9C, 0x22,
    0x2B, 0xA9, 0x51, 0x8A, 0x5B, 0x52, 0x25, 0x0F, 0x17, 0x32, 0xF8, 0xD8, 0xE4, 0xA2, 0xD3, 0x2E,
    0xD5, 0xE0, 0x3C, 0x03, 0x5F, 0xFC, 0xAF, 0x7B, 0xDF, 0xB3, 0x22, 0x53, 0x33, 0x48, 0xE6, 0xA6,
    0x27, 0x3B, 0xBC, 0x57, 0x67, 0x43, 0x7C, 0x8F, 0xE2, 0x1C, 0x5A, 0xCF, 0x3A, 0xE4, 0xC8, 0x2C,
    0x25, 0x56, 0x42, 0xAE, 0xD2, 0x24, 0x5D, 0x29, 0x65, 0x1A, 0xDA, 0xAA, 0x6D, 0xD1, 0xB1, 0x8D,
    0x1B, 0xF2, 0x37, 0x4D, 0x9B, 0x90, 0x25, 0x99, 0xC2, 0xAF, 0x9A, 0x9E, 0xED, 0x1C, 0x39, 0xAB,
    0x1F, 0x8F, 0x1C, 0x22, 0xF3, 0x52, 0x4E, 0x5F, 0x96, 0xE0, 0x5F, 0xF6, 0x46, 0x0A, 0x5F, 0x23,
    0x35, 0x9F, 0x64, 0x08, 0x96, 0x6C, 0x5E, 0x6C, 0x9E, 0xDE, 0xFB, 0x39, 0x73, 0x97, 0xB4, 0x5B,
    0xB4, 0xF0, 0xB2, 0x47, 0x8E, 0xC8, 0xB4, 0x42, 0x17, 0x66, 0x24, 0x5A, 0x16, 0x72, 0x75, 0x3C,
    0x27, 0xB7, 0x2B, 0x59, 0xC9, 0x9B, 0x41, 0xC9, 0xD1, 0x3C, 0x96, 0x92, 0x5C, 0xDD, 0xD7, 0xD6,
    0xAA, 0xBD, 0x37, 0x85, 0xD6, 0x14, 0x8A, 0x69, 0x59, 0xCD, 0x7F, 0x85, 0xDF, 0x57, 0xBB, 0x14,
    0xCE, 0x44, 0xAB, 0x61, 0xBA, 0x32, 0x12, 0xAD, 0x2A, 0x4C, 0x9F, 0xBB, 0xB6, 0xA1, 0xE7, 0xDD,
    0x80, 0x69, 0x09, 0xA7, 0x4C, 0x85, 0xCF, 0x42, 0x2A, 0xD9, 0xF4, 0xA0, 0xB1, 0xA8, 0xC9, 0x0C,
    0x5A, 0x56, 0x75, 0xF5, 0x8A, 0x0B, 0x3D, 0x83, 0xF4, 0xA3, 0xB5, 0x17, 0x55, 0x7A, 0x8E, 0x6C,
    0xB5, 0xDE, 0xED, 0xE0, 0xB6, 0xA2, 0x4D, 0xDF, 0x60, 0xCD, 0x1E, 0xA9, 0x1B, 0xF8, 0xD8, 0x59,
    0xAB, 0xBC, 0x72, 0x1B, 0x98, 0xC8, 0xCF, 0xD9, 0x6A, 0x43, 0xC5, 0x66, 0x02, 0x12, 0xC8, 0xAB,
    0xD4, 0xB4, 0x22, 0x80, 0x9C, 0x14, 0xA5, 0x15, 0xFE, 0xF3, 0x3F, 0x32, 0x57, 0x2A, 0x55, 0xE7,
    0xE7, 0x47, 0xBB, 0x81, 0xF3, 0x55, 0x6B, 0xE3, 0x6E, 0x52, 0xF2, 0x43, 0xE5, 0x9D, 0x14, 0xFA,
    0x40, 0x59, 0xCF, 0x3B, 0x90, 0xCC, 0x79, 0x52, 0x81, 0x54, 0x75, 0x3E, 0x58, 0x3C, 0xCB, 0xFE,
    0xC2, 0x83, 0x47, 0x96, 0x1E, 0xD3, 0x5E, 0xDA, 0x58, 0x5D, 0xE0, 0x98, 0x92, 0xF6, 0x72, 0x63,
    0x6B, 0x08, 0x44, 0x0A, 0xC7, 0xF1, 0xDD, 0xAA, 0xFC, 0xF7, 0xC2, 0x31, 0xC9, 0xBB, 0x54, 0x8E,
    0x93, 0x2E, 0x31, 0xCA, 0x71, 0xDC, 0x37, 0xC6, 0x7A, 0x22, 0x7E, 0x17, 0xF5, 0x44, 0x86, 0x78,
    0x73, 0x21, 0x60, 0xB9, 0x04, 0x80, 0xE5, 0x12, 0xFE, 0x95, 0x5E, 0xF0, 0xE7, 0x85, 0x7E, 0xCA,
    0xF1, 0x1E, 0xFF, 0x9A, 0xAE, 0x75, 0x3A, 0x96, 0x2E, 0xE8, 0x9B, 0xCB, 0x25, 0xE4, 0x5B, 0xDC,
    0x73, 0x6A, 0xBC, 0x35, 0x5F, 0x38, 0xF3, 0xC8, 0x95, 0xB2, 0xA9, 0x56, 0x99, 0x2D, 0x32, 0x99,
    0x63, 0xB6, 0xC6, 0x39, 0xD6, 0x7F, 0x4F, 0x62, 0x97, 0x06, 0xF6, 0x3C, 0x35, 0x27, 0xDF, 0xE4,
    0x62, 0xD6, 0x90, 0xD5, 0x86, 0xAB, 0xAC, 0x59, 0x5D, 0x56, 0xB4, 0x3F, 0xB3, 0x9A, 0xB2, 0x28,
    0xD3, 0xF1, 0x25, 0x68, 0x36, 0x59, 0x0D, 0x07, 0xFA, 0xDA, 0xAB, 0x88, 0x4C, 0xEF, 0xBC, 0x3A,
    0xE3, 0xC3, 0x5F, 0xA5, 0x5D, 0xF7, 0x95, 0xA3, 0xA6, 0x66, 0x8E, 0x36, 0x25, 0x4C, 0x90, 0x79,
    0xAD, 0xE6, 0x58, 0x28, 0xE7, 0x7D, 0x98, 0xAE, 0x23, 0xBE, 0x50, 0x78, 0xB7, 0xAA, 0x51, 0xF1,
    0x81, 0x8F, 0x9D, 0x82, 0x4B, 0xFC, 0xE1, 0xBF, 0x75, 0x2E, 0x12, 0xF9, 0xC3, 0xC0, 0x5F, 0x52,
    0x5D, 0xA6, 0x9C, 0x64, 0xA4, 0xEB, 0xC4, 0xA9, 0xBA, 0x5D, 0xA8, 0x64, 0x3E, 0x19, 0x4B, 0xAB,
    0x9B, 0x5D, 0x30, 0xDB, 0xA5, 0xA2, 0x5B, 0x60, 0x39, 0x49, 0xAD, 0xE7, 0xF5, 0xC0, 0x2D, 0x96,
    0x99, 0x23, 0xB7, 0x5A, 0xA5, 0x49, 0x7B, 0xA3, 0xCB, 0xF5, 0xB9, 0xEC, 0xA4, 0x5D, 0xD9, 0x0D,
    0x9A, 0x99, 0x60, 0x09, 0x1D, 0x26, 0xB7, 0x62, 0x41, 0xDE, 0xBB, 0x25, 0x63, 0xCF, 0x68, 0xD7,
    0x4C, 0xEB, 0xB7, 0xB2, 0x68, 0x9F, 0x57, 0xDD, 0x33, 0x9E, 0x1E, 0x1E, 0x5E, 0xD0, 0xC9, 0x8F,
    0x4D, 0x6F, 0x45, 0x14, 0x66, 0xB3, 0xF5, 0x42, 0x24, 0xD1, 0x70, 0x96, 0x6C, 0xB7, 0x69, 0x69,
    0x63, 0x31, 0x96, 0xC5, 0x65, 0xF2, 0x1A, 0x2E, 0x51, 0xE6, 0x02, 0x0E, 0x9B, 0x48, 0xCD, 0x60,
    0xFA, 0xEC, 0xCE, 0x64, 0x95, 0x37, 0xC5, 0xBA, 0xAB, 0xC1, 0x6A, 0xFA, 0xAC, 0x2E, 0xD4, 0x03,
    0xA5, 0xEC, 0x76, 0xB2, 0x56, 0x2B, 0x1F, 0x3D, 0x7B, 0xA6, 0xB5, 0x2A, 0x71, 0x25, 0x2F, 0x44,
    0x8D, 0xA1, 0x2A, 0x6B, 0xDD, 0xBA, 0xA6, 0xCE, 0xAE, 0x1A, 0x8D, 0x2F, 0x42, 0x52, 0xA9, 0xAB,
    0x50, 0x34, 0x83, 0x4A, 0x6F, 0xF6, 0xF2, 0xB8, 0xA8, 0xF3, 0x3B, 0x9E, 0x8F, 0x49, 0x4D, 0xED,
    0x27, 0xC7, 0xBE, 0xF7, 0x69, 0xFC, 0x17, 0x45, 0x7D, 0x4E, 0x67, 0x56, 0x7E, 0x9A, 0xDC, 0x4B,
    0xA9, 0x97, 0xB5, 0xBC, 0x38, 0xDA, 0x55, 0xEA, 0xFD, 0x53, 0x2D, 0xF5, 0xCE, 0x52, 0xEA, 0xA5,
    0x8D, 0x3A, 0xA2, 0xE2, 0x2B, 0xA5, 0xDE, 0x8A, 0x4B, 0xBD, 0xF4, 0x8A, 0x05, 0xF6, 0x9C, 0x94,
    0x7A, 0x9F, 0xDF, 0xA0, 0xD4, 0xCB, 0x95, 0x5B, 0x2E, 0xF5, 0x06, 0x52, 0xEA, 0x0D, 0xA4, 0xD4,
    0x1B, 0x48, 0xA9, 0x17, 0xBE, 0x06, 0x4C, 0x12, 0xCF, 0x62, 0x68, 0x1A, 0xB9, 0x3C, 0xB9, 0xBD,
    0x7C, 0xFE, 0xEA, 0x6D, 0x5C, 0xFA, 0xE9, 0x05, 0x84, 0x81, 0x17, 0x10, 0x56, 0x4B, 0x40, 0x18,
    0xA2, 0x2C, 0x2B, 0x01, 0x21, 0x45, 0xE3, 0xB3, 0x0D, 0x08, 0xE3, 0x3E, 0x36, 0x4B, 0xFA, 0x9E,
    0xDD, 0xA9, 0x6D, 0xF2, 0x4E, 0x5B, 0xB0, 0xB5, 0x01, 0x61, 0xB3, 0x49, 0x5B, 0x1B, 0x2B, 0x5D,
    0xBE, 0x96, 0xDA, 0x80, 0xB0, 0x93, 0xB2, 0x94, 0x0D, 0x08, 0x53, 0xBB, 0x60, 0x93, 0x96, 0xA8,
    0x8C, 0xA4, 0x03, 0x2E, 0x20, 0x24, 0x2F, 0x6D, 0x96, 0xC5, 0x32, 0x2E, 0x20, 0x0C, 0xFD, 0x80,
    0xF0, 0xD2, 0x99, 0xE3, 0xD7, 0xF2, 0x6A, 0x95, 0xF4, 0xDB, 0xAE, 0x1C, 0x49, 0x7F, 0xBE, 0x91,
    0xED, 0x24, 0x65, 0x48, 0xF5, 0x9F, 0x64, 0x68, 0xCA, 0x70, 0x52, 0x2B, 0x7A, 0x43, 0x4D, 0xE8,
    0x33, 0xBC, 0x1D, 0x3B, 0x04, 0xBC, 0xAA, 0x77, 0xD8, 0x86, 0xC5, 0x20, 0x5B, 0x30, 0x3D, 0x92,
    0xED, 0xF7, 0x9E, 0x6E, 0x3D, 0xBC, 0x1F, 0x2F, 0x37, 0xFE, 0x3D, 0x98, 0x22, 0xB1, 0x9E, 0x93,
    0x9A, 0xCE, 0x59, 0xED, 0xE6, 0xAA, 0x12, 0xA3, 0x59, 0x68, 0x70, 0x1F, 0x06, 0xC1, 0xEF, 0x2F,
    0xEB, 0xE4, 0x08, 0xBA, 0xF3, 0xEB, 0x67, 0xF4, 0x1F, 0x6F, 0xA1, 0xA4, 0x93, 0xFF, 0xE8, 0xBD,
    0x6B, 0x08, 0x08, 0x29, 0x00, 0x02, 0x31, 0xF3, 0xBE, 0x61, 0xFF, 0x92, 0x9B, 0x67, 0xBB, 0x92,
    0x1D, 0xA2, 0xE9, 0xE2, 0x2E, 0x65, 0x77, 0x38, 0x53, 0x26, 0x18, 0xD3, 0x6E, 0xA2, 0x68, 0x25,
    0xEE, 0xC2, 0x81, 0xF6, 0xD1, 0xAC, 0x04, 0x65, 0x74, 0xF4, 0x4F, 0x03, 0x09, 0xFD, 0xF2, 0x26,
    0xEE, 0x4C, 0xCF, 0x19, 0x67, 0x73, 0xB5, 0x93, 0x98, 0x20, 0xFB, 0x59, 0x37, 0x23, 0x20, 0x88,
    0xEF, 0xF1, 0x87, 0xB2, 0xB5, 0x36, 0xBA, 0x5A, 0x41, 0xD9, 0x49, 0x14, 0x44, 0x89, 0x8D, 0x2A,
    0x19, 0x2D, 0x64, 0x66, 0xA3, 0x56, 0x57, 0x11, 0xD8, 0xAB, 0x1E, 0x16, 0xB3, 0x8D, 0x6E, 0xFB,
    0xD4, 0xAE, 0xFE, 0xA2, 0x05, 0xAE, 0xA4, 0x7B, 0x01, 0x45, 0xA5, 0x36, 0xFE, 0x00, 0x21, 0x15,
    0xEF, 0x0E, 0xC3, 0xD9, 0x3B, 0xAF, 0xC5, 0x57, 0x27, 0x21, 0x38, 0x12, 0x4A, 0xDB, 0x62, 0x42,
    0x14, 0x97, 0xB6, 0xD9, 0x26, 0xEE, 0x29, 0x97, 0x48, 0xD6, 0xD1, 0x77, 0xE3, 0x3E, 0xEF, 0x91,
    0x02, 0x53, 0x6C, 0xB7, 0xE6, 0x28, 0xEF, 0xE9, 0xAB, 0xBD, 0xAE, 0xF6, 0xBD, 0xDE, 0xEE, 0x58,
    0x10, 0x7B, 0xA7, 0x95, 0xAB, 0x11, 0xBA, 0x70, 0x1C, 0x29, 0xE6, 0x6A, 0x6B, 0x25, 0x64, 0x1D,
    0xDE, 0x08, 0xA4, 0x98, 0x8A, 0x35, 0xE8, 0x24, 0x0B, 0xDF, 0xF0, 0xFB, 0xDE, 0xFB, 0x07, 0xE2,
    0x21, 0x9F, 0xE9, 0x73, 0xD7, 0x81, 0x59, 0xC7, 0x3D, 0xF9, 0x9A, 0xA6, 0x42, 0xA5, 0xBE, 0x9C,
    0xE8, 0xAE, 0x7A, 0xDA, 0x4F, 0x6F, 0xA2, 0x56, 0x5F, 0x7C, 0xD8, 0x4B, 0x1B, 0xA0, 0x27, 0xF3,
    0xF4, 0x1B, 0x41, 0xD9, 0x9F, 0xB2, 0x64, 0x9B, 0x9E, 0x35, 0xE8, 0x8C, 0xFF, 0x85, 0xC2, 0x52,
    0x78, 0xC3, 0x36, 0x7F, 0x8B, 0x2F, 0xEB, 0xEC, 0x2A, 0xFF, 0xDB, 0x90, 0x3D, 0xDB, 0xA3, 0x4B,
    0x85, 0x5B, 0x3B, 0x0D, 0xC2, 0x6B, 0x62, 0xED, 0xB7, 0xBE, 0xFC, 0xAA, 0xD3, 0x60, 0xEF, 0xBF,
    0x5A, 0x75, 0xAE, 0xE6, 0xF4, 0xB7, 0x66, 0xA3, 0xF5, 0x95, 0xEB, 0xD7, 0xEF, 0x9D, 0x19, 0x57,
    0x71, 0x6A, 0xDA, 0xDC, 0x95, 0xA8, 0x4B, 0xEE, 0x3C, 0xA9, 0xB5, 0x2E, 0x2B, 0xCE, 0xCD, 0xC4,
    0x58, 0x93, 0xEB, 0xB4, 0x29, 0x6F, 0x48, 0xAC, 0x8F, 0xBA, 0xE7, 0x57, 0x1F, 0x99, 0x7A, 0xB4,
    0xA1, 0xC6, 0xDA, 0xB4, 0xB6, 0x5C, 0xF7, 0xEF, 0x82, 0x4B, 0xF4, 0x73, 0x75, 0x5D, 0x52, 0x2C,
    0xB3, 0xE9, 0x02, 0x0A, 0x67, 0x9A, 0x2F, 0x80, 0xD6, 0x84, 0x41, 0x0A, 0x6A, 0x3E, 0x7D, 0x78,
    0xB1, 0xD0, 0xF6, 0x71, 0xE9, 0xC5, 0xF6, 0xD9, 0xEB, 0x53, 0xF3, 0xF1, 0x29, 0x6F, 0x29, 0x7A,
    0xF7, 0x7D, 0x54, 0x49, 0xF6, 0xF5, 0x5A, 0x1E, 0x95, 0xCF, 0x76, 0x7C, 0x9B, 0x14, 0x0F, 0xCE,
    0x47, 0x1C, 0x43, 0x24, 0x14, 0x84, 0x52, 0xD8, 0x50, 0xD4, 0x5C, 0x5D, 0x49, 0x28, 0x79, 0x8D,
    0xBB, 0xBC, 0x4F, 0xBA, 0x74, 0xCD, 0x7B, 0x8A, 0xB7, 0x45, 0xDC, 0x71, 0x09, 0x22, 0x1D, 0xE5,
    0x75, 0x69, 0xAE, 0x62, 0x25, 0x9B, 0x2B, 0x1F, 0x74, 0xAC, 0xC9, 0x53, 0x78, 0xAF, 0x9B, 0xA5,
    0x17, 0xD8, 0x49, 0x6B, 0xAD, 0xD0, 0x84, 0x2E, 0xD3, 0x6B, 0xD2, 0xB9, 0xAE, 0xD2, 0xC5, 0xFB,
    0x94, 0xE8, 0xF7, 0x0D, 0x29, 0x5D, 0xB0, 0xA1, 0x4F, 0x24, 0xEE, 0x65, 0x4F, 0xC2, 0x7B, 0x9C,
    0x76, 0xFF, 0x95, 0x9E, 0x83, 0xDF, 0x11, 0xE1, 0x6E, 0xC2, 0x31, 0xDF, 0x0D, 0xDA, 0xF2, 0x1C,
    0xF0, 0x3D, 0x93, 0x57, 0x31, 0xAF, 0xCF, 0x41, 0x8E, 0xA4, 0x3C, 0xA3, 0x7F, 0x0F, 0x8A, 0xB1,
    0xA4, 0xF8, 0xB6, 0x22, 0x06, 0x4B, 0xF2, 0x90, 0x95, 0xC4, 0x72, 0x7C, 0x4D, 0xCD, 0x5E, 0x87,
    0x9E, 0xAE, 0x29, 0x67, 0xBA, 0x26, 0x2D, 0x7D, 0xFA, 0xB7, 0xE8, 0xFD, 0xBB, 0x72, 0xA0, 0x37,
    0x95, 0xCA, 0x0D, 0xFB, 0x14, 0x36, 0xB8, 0x5C, 0x45, 0xE1, 0xCA, 0x4F, 0xEE, 0xF9, 0x94, 0xD6,
    0x23, 0xE5, 0xAE, 0x59, 0xBE, 0xDA, 0x03, 0xF3, 0x0B, 0x0C, 0xE6, 0x9A, 0x75, 0x27, 0xA9, 0x54,
    0xFF, 0x10, 0xB3, 0xB3, 0xA6, 0x69, 0xDF, 0xA7, 0xCE, 0x7A, 0x57, 0x5C, 0x70, 0xDD, 0xAF, 0x82,
    0xF3, 0x2C, 0x0D, 0x88, 0x90, 0x72, 0xA9, 0x52, 0x45, 0x83, 0xD3, 0x29, 0x57, 0xFB, 0xFD, 0x52,
    0x70, 0xA5, 0x53, 0x8D, 0x5A, 0x69, 0x0E, 0x06, 0x72, 0xB4, 0xD5, 0xA0, 0x3D, 0x2F, 0x3B, 0xC9,
    0x37, 0x9E, 0x83, 0x5F, 0x12, 0xB3, 0x6C, 0xD1, 0x9F, 0xD0, 0x0B, 0x66, 0xCB, 0xE5, 0x37, 0xD2,
    0xFB, 0x84, 0x46, 0xFF, 0x2C, 0x8A, 0x2D, 0x0F, 0xFB, 0xDA, 0xF3, 0x23, 0xA5, 0x76, 0xA7, 0xFC,
    0xB6, 0xE8, 0x4B, 0x5B, 0x32, 0xFC, 0x35, 0x2E, 0xE0, 0xEC, 0xEC, 0x14, 0x2C, 0xA1, 0x64, 0xB2,
    0x88, 0x39, 0x1D, 0x76, 0xFD, 0x94, 0x7F, 0xF7, 0xC1, 0x3D, 0xD7, 0xC6, 0xEF, 0xB9, 0x0E, 0x4B,
    0xCF, 0xF5, 0xB2, 0x59, 0x7A, 0xAE, 0xD2, 0x43, 0x5D, 0x22, 0xF0, 0xD6, 0x0B, 0xC0, 0x5B, 0x2F,
    0xFE, 0xB6, 0x3D, 0xD7, 0x14, 0x7F, 0xBB, 0x44, 0xDF, 0xB6, 0xE7, 0x5A, 0x56, 0x4B, 0xCF, 0xB5,
    0xBC, 0xBB, 0xF4, 0x5C, 0x73, 0xB3, 0x76, 0x3D, 0x57, 0x32, 0x4D, 0xAE, 0xE7, 0x4A, 0x1F, 0xB3,
    0xF4, 0x5C, 0x83, 0x62, 0xE9, 0xB9, 0x5E, 0x4B, 0x5C, 0x9F, 0x95, 0x52, 0x33, 0x9F, 0x2E, 0x3D,
    0x3A, 0x5F, 0x7E, 0x7F, 0x1B, 0xB5, 0x70, 0x23, 0x10, 0xA4, 0x82, 0x60, 0x14, 0x04, 0x9D, 0x20,
    0xB8, 0x04, 0x41, 0x24, 0x08, 0x16, 0x41, 0x50, 0x08, 0x82, 0x3F, 0x10, 0xE4, 0x81, 0x60, 0x0E,
    0x14, 0x6D, 0x20, 0x38, 0x03, 0x41, 0x18, 0x28, 0xB6, 0x40, 0x50, 0x05, 0x8A, 0x27, 0x10, 0x24,
    0x81, 0x60, 0x08, 0x04, 0x3D, 0x20, 0x80, 0x8F, 0x66, 0x72, 0x10, 0xA0, 0x86, 0x7F, 0x33, 0xC6,
    0xDF, 0x46, 0x1B, 0xBC, 0x83, 0xC1, 0x67, 0x5D, 0x96, 0xBF, 0x5D, 0x79, 0x7F, 0xB5, 0x85, 0x33,
    0xF8, 0xAE, 0xC3, 0x5D, 0x04, 0xC2, 0x09, 0x99, 0x0E, 0xF0, 0x42, 0x57, 0x70, 0x73, 0x7C, 0x72,
    0x4B, 0xF8, 0xC9, 0x6B, 0xE1, 0xA8, 0x54, 0x9E, 0xF6, 0x95, 0xAB, 0x03, 0xE5, 0xEB, 0x40, 0x39,
    0x3B, 0x50, 0xDE, 0xF6, 0x95, 0xBB, 0x52, 0xF9, 0x2B, 0x95, 0xC3, 0x42, 0x79, 0xE4, 0xAD, 0xCF,
    0x5C, 0xC2, 0x05, 0x0C, 0x72, 0x65, 0x4E, 0x71, 0x25, 0x5E, 0x0B, 0xE5, 0x76, 0x25, 0x4B, 0xA0,
    0x85, 0xE7, 0xC9, 0xC2, 0x7A, 0x2C, 0xA8, 0xE7, 0x8B, 0xE7, 0x57, 0x23, 0xFF, 0x98, 0xAB, 0x51,
    0x3C, 0x70, 0x35, 0x0C, 0x24, 0xD3, 0xD0, 0x7D, 0x7E, 0x99, 0x1C, 0xED, 0x0D, 0xF6, 0x01, 0xF3,
    0x0D, 0xFC, 0xCB, 0xC4, 0x9C, 0xA6, 0x9C, 0x21, 0x5F, 0xFE, 0x2B, 0xEE, 0xFE, 0x98, 0x0D, 0x77,
    0x16, 0x91, 0x16, 0x9C, 0x1C, 0xC5, 0xBE, 0xA4, 0xB9, 0x73, 0x33, 0x87, 0x9A, 0x0B, 0x50, 0x84,
    0xFE, 0x23, 0x25, 0x63, 0xCA, 0xDF, 0x8F, 0x61, 0x61, 0xBE, 0x4D, 0x1E, 0x99, 0xB7, 0x2D, 0x57,
    0x06, 0xCA, 0xBF, 0xAB, 0x4B, 0xAE, 0x94, 0xCE, 0xEC, 0xD1, 0x7B, 0x4A, 0x29, 0x0B, 0xCE, 0xDC,
    0x32, 0xEE, 0x14, 0x52, 0x40, 0x70, 0xC2, 0x6F, 0x39, 0x85, 0xED, 0x6A, 0xC3, 0xF9, 0x2A, 0xBF,
    0x77, 0x4C, 0xC9, 0x66, 0x4D, 0x96, 0x8E, 0x02, 0xC3, 0x02, 0x49, 0x28, 0x59, 0x93, 0x9E, 0x4D,
    0x1F, 0x92, 0x53, 0x52, 0xE8, 0x6C, 0x14, 0x92, 0xB1, 0x48, 0x64, 0xAE, 0x38, 0x4B, 0x7D, 0x82,
    0xD3, 0xB5, 0x41, 0x72, 0x54, 0x49, 0x4A, 0xAF, 0x5A, 0xD3, 0x5A, 0xBE, 0x76, 0xD5, 0x3A, 0x20,
    0xCA, 0xA6, 0x96, 0xEE, 0xD1, 0x62, 0x29, 0x3C, 0xB2, 0xAC, 0x77, 0x66, 0xA5, 0x5F, 0xF1, 0xEB,
    0x4F, 0xF9, 0x1C, 0x64, 0x55, 0x52, 0xD3, 0x9A, 0x53, 0x7C, 0x4D, 0x9F, 0xDE, 0x15, 0x33, 0x33,
    0x9E, 0x57, 0xE5, 0x50, 0xBC, 0xC1, 0x7C, 0xE7, 0xF5, 0xE9, 0x54, 0x80, 0xED, 0xD7, 0xCC, 0xC4,
    0x14, 0x71, 0xFD, 0x37, 0xA4, 0xBD, 0x85, 0x30, 0x7D, 0x1A, 0x4C, 0x85, 0xF0, 0x4C, 0xDE, 0xB7,
    0x50, 0xA1, 0x52, 0x54, 0x24, 0xA1, 0x70, 0x48, 0x29, 0x69, 0xC0, 0x0C, 0x07, 0x25, 0xF0, 0x60,
    0xCC, 0x11, 0x65, 0x08, 0x85, 0x14, 0xC4, 0x48, 0x59, 0x88, 0x7A, 0x42, 0x92, 0x6B, 0x5B, 0x0B,
    0xCB, 0x07, 0x4B, 0x45, 0x1B, 0x57, 0x1F, 0x2B, 0xAF, 0x5C, 0xAC, 0x2B, 0xC5, 0x66, 0x47, 0x55,
    0xA9, 0xDC, 0x59, 0xB0, 0xD9, 0x0F, 0xA4, 0x48, 0x43, 0x3C, 0x76, 0x25, 0x2D, 0xEC, 0xF5, 0xA9,
    0xE4, 0x35, 0x6D, 0x4A, 0xE6, 0x2B, 0x37, 0xCC, 0x53, 0x62, 0x98, 0x9F, 0x48, 0x16, 0xAD, 0x91,
    0x94, 0x0C, 0x3C, 0x94, 0xB8, 0x7F, 0xDE, 0x1E, 0xDF, 0xBC, 0x46, 0xDF, 0xF7, 0xCD, 0x86, 0xBE,
    0xFF, 0x4B, 0x63, 0x38, 0x3C, 0x5A, 0x67, 0xDC, 0xD6, 0x9B, 0xF9, 0xAF, 0x4A, 0xB3, 0x6E, 0xB8,
    0xB4, 0xDB, 0xC3, 0x2B, 0x78, 0xDF, 0x29, 0x50, 0x42, 0x04, 0x81, 0x0C, 0x03, 0xF7, 0xE7, 0x45,
    0xA0, 0x56, 0xF1, 0xD6, 0x4E, 0xEF, 0xD6, 0x2C, 0x7D, 0x8A, 0x90, 0xAE, 0x9F, 0xD5, 0x2C, 0x7D,
    0xB6, 0xAE, 0xBD, 0x48, 0x5F, 0x28, 0x92, 0xFE, 0xBB, 0xA0, 0x58, 0xFA, 0xA6, 0xFD, 0x82, 0xE0,
    0xCF, 0xC2, 0xB7, 0xCF, 0x1A, 0x45, 0xA2, 0x85, 0xD2, 0x08, 0x67, 0xE9, 0xE7, 0x03, 0x92, 0x8A,
    0x9E, 0x01, 0x2A, 0x4C, 0x71, 0x28, 0x25, 0x49, 0xC2, 0x3E, 0x7E, 0x81, 0xA9, 0x27, 0x58, 0x90,
    0x47, 0xDA, 0x36, 0x8B, 0xCC, 0xC6, 0x36, 0xD0, 0x1A, 0x73, 0xD5, 0x3A, 0x97, 0xD5, 0x07, 0xCE,
    0x91, 0x2D, 0xDE, 0xBE, 0x71, 0x54, 0xDE, 0xFB, 0xEE, 0x88, 0xE4, 0x1C, 0x7C, 0x09, 0x21, 0x2D,
    0x73, 0x45, 0x61, 0x09, 0x37, 0x09, 0x4F, 0xC6, 0x60, 0x95, 0x9E, 0x6D, 0x02, 0xEC, 0xA3, 0xE2,
    0x5D, 0xC6, 0x15, 0xF2, 0x36, 0x4A, 0x4D, 0x75, 0x53, 0x76, 0x51, 0xC8, 0x1B, 0x13, 0x1C, 0xD1,
    0xEB, 0x01, 0x1C, 0x99, 0xA0, 0x38, 0x95, 0xA8, 0xA8, 0xA8, 0x0A, 0x8E, 0x4A, 0x62, 0xF6, 0x59,
    0x05, 0x5B, 0x96, 0x82, 0x3D, 0x4D, 0x11, 0xD2, 0xCD, 0x30, 0x52, 0xA6, 0xCB, 0xCD, 0x47, 0x3D,
    0x38, 0xEA, 0x53, 0xF3, 0xE3, 0x9E, 0x39, 0x0A, 0xA7, 0xF0, 0x7B, 0xDA, 0xF3, 0xDB, 0xB8, 0x46,
    0x20, 0xF9, 0x24, 0x65, 0x2E, 0xEF, 0x6C, 0x8C, 0x9D, 0x98, 0x63, 0xEB, 0x53, 0x8C, 0xF3, 0xCC,
    0x29, 0x4A, 0x31, 0xB2, 0x32, 0xCE, 0x20, 0x6C, 0x74, 0x5D, 0xC4, 0x18, 0xE0, 0x8D, 0x98, 0x87,
    0xAB, 0x68, 0x69, 0x12, 0x0B, 0x3F, 0xE1, 0x1D, 0xCA, 0x1C, 0x7C, 0x20, 0x9D, 0xB7, 0x29, 0x7C,
    0xEB, 0x03, 0x14, 0x30, 0xB9, 0x85, 0xF0, 0xB4, 0x69, 0x55, 0xDE, 0xB2, 0xFD, 0x89, 0x48, 0xB1,
    0xF9, 0x99, 0x68, 0xE5, 0xDE, 0xF9, 0x9F, 0x9E, 0x10, 0xA2, 0xD6, 0x34, 0xB3, 0xB4, 0xF9, 0xE6,
    0xA9, 0x12, 0x6A, 0xB7, 0xC2, 0xF9, 0xA4, 0xB7, 0x37, 0xAD, 0xFB, 0xBA, 0x18, 0x3D, 0x6D, 0x5A,
    0xAC, 0x98, 0xBB, 0x6B, 0xBD, 0x6D, 0xFC, 0x3D, 0xEE, 0x9B, 0xD8, 0xAD, 0xF4, 0xC6, 0x39, 0x77,
    0xC6, 0x9D, 0xFF, 0xB4, 0x91, 0xD8, 0x33, 0x7C, 0x8B, 0xAC, 0xAB, 0x9A, 0xAF, 0x2E, 0x60, 0x67,
    0x8E, 0x9B, 0x0F, 0x27, 0x32, 0x80, 0xB8, 0x7B, 0x2E, 0xC7, 0x41, 0x9B, 0x68, 0x3F, 0x91, 0x43,
    0xD8, 0xC7, 0x9D, 0x70, 0x59, 0x8A, 0xF7, 0xF2, 0xD3, 0xAF, 0x3B, 0xBC, 0x67, 0x60, 0xFB, 0x91,
    0x14, 0x79, 0x6B, 0xD4, 0x52, 0xDA, 0x56, 0x34, 0x51, 0x56, 0xE0, 0xE1, 0x15, 0x33, 0xF8, 0x78,
    0x22, 0xAB, 0x62, 0x6E, 0xA3, 0x78, 0xD8, 0x81, 0xDF, 0x5B, 0x8C, 0xB5, 0x99, 0x16, 0x6B, 0x6D,
    0x26, 0x35, 0xD7, 0x66, 0x73, 0x7C, 0xFC, 0xBA, 0xD8, 0xEB, 0x78, 0x9E, 0x03, 0x6B, 0xB0, 0x33,
    0x4E, 0xF5, 0xC1, 0x2F, 0xE9, 0x55, 0x9B, 0x2D, 0xDA, 0x26, 0xA6, 0x9C, 0x78, 0x7E, 0xB7, 0x3E,
    0x08, 0x9E, 0x78, 0x52, 0xB8, 0xCE, 0xDA, 0x9B, 0x0C, 0x4B, 0x09, 0x44, 0xE7, 0x0E, 0xC9, 0xBC,
    0x9E, 0x62, 0x1F, 0x71, 0xFA, 0x2D, 0x1D, 0x32, 0x5E, 0xBA, 0xDC, 0xBC, 0xCD, 0xF4, 0x3E, 0xEB,
    0x5B, 0x34, 0xA6, 0x4C, 0x3F, 0x21, 0x10, 0x86, 0xAC, 0x9D, 0x9C, 0x05, 0xCE, 0xEB, 0xC9, 0xD5,
    0x3E, 0x56, 0xD5, 0xE4, 0xDA, 0xFD, 0xB3, 0x73, 0xF4, 0x0D, 0x71, 0x6F, 0xC1, 0x88, 0x7B, 0xB3,
    0x36, 0x13, 0x2E, 0xF6, 0x0D, 0xB6, 0x68, 0xEF, 0xEB, 0xC5, 0x2D, 0x52, 0xA5, 0x53, 0xAF, 0x9C,
    0x70, 0x88, 0xB4, 0xAE, 0xAC, 0x3E, 0x7C, 0xDD, 0xB9, 0xB2, 0x03, 0x95, 0x4C, 0xC8, 0xA8, 0x22,
    0xEB, 0xCA, 0x88, 0x84, 0x55, 0x8F, 0x04, 0x6B, 0xC4, 0x66, 0xBD, 0x20, 0x57, 0x06, 0x92, 0x43,
    0x41, 0x90, 0x24, 0x14, 0x4A, 0x8E, 0x40, 0xB2, 0x2B, 0x5B, 0x0B, 0xC9, 0xAE, 0x8C, 0xA4, 0xD5,
    0x1D, 0xE0, 0x46, 0x33, 0x72, 0x7B, 0xE4, 0xE1, 0x21, 0x10, 0x8A, 0x17, 0x67, 0xE5, 0x29, 0xDE,
    0x64, 0x27, 0x37, 0xAD, 0x59, 0x79, 0xFE, 0x55, 0x9B, 0x62, 0x65, 0xEF, 0x5E, 0xDD, 0x2C, 0xAE,
    0x6C, 0xB3, 0xB8, 0xB2, 0x9B, 0xF7, 0x73, 0x65, 0x39, 0x74, 0x27, 0x9D, 0x83, 0xCB, 0x47, 0x62,
    0x69, 0xD0, 0xDC, 0xB3, 0xC6, 0x86, 0xDE, 0xE5, 0xE4, 0x03, 0x92, 0xB0, 0x30, 0x9B, 0xF5, 0x08,
    0x50, 0x85, 0xDD, 0xA2, 0x8D, 0x78, 0xD5, 0x85, 0xE1, 0x92, 0xAB, 0x89, 0xA5, 0xB0, 0x4C, 0xA1,
    0x27, 0xA5, 0x8F, 0xA7, 0xEA, 0xCB, 0x6E, 0x04, 0xE1, 0x00, 0x10, 0xF6, 0x14, 0x7C, 0x81, 0x7B,
    0x64, 0x78, 0xC1, 0x8C, 0x57, 0xAB, 0x21, 0x9C, 0xF6, 0x56, 0x60, 0x3D, 0xAF, 0x8A, 0x31, 0x9C,
    0xD4, 0xAF, 0x15, 0xC1, 0xDE, 0xC8, 0x46, 0x0B, 0xEC, 0x73, 0xF4, 0x14, 0xA2, 0xD6, 0xF7, 0x84,
    0x64, 0xD1, 0xE1, 0x3D, 0xD5, 0x76, 0x84, 0xC5, 0xFF, 0xA8, 0xD5, 0x49, 0x2E, 0x2E, 0x85, 0xC3,
    0xD3, 0x47, 0x0E, 0x02, 0xF2, 0x3F, 0x86, 0x05, 0xA4, 0x65, 0x96, 0x4D, 0x71, 0xC9, 0x7F, 0xB1,
    0x9D, 0x02, 0x78, 0xE8, 0x87, 0x29, 0xB8, 0x2F, 0x71, 0xEA, 0xE4, 0xC8, 0xDB, 0x3E, 0x58, 0x80,
    0x17, 0xEC, 0xA2, 0x97, 0x52, 0xE9, 0xCD, 0x0B, 0xAA, 0xB6, 0xFF, 0xE8, 0x96, 0xB0, 0xB7, 0x96,
    0xB0, 0x0F, 0xD4, 0x12, 0xF6, 0xA9, 0x5A, 0xC2, 0x3E, 0x55, 0x6B, 0xD2, 0x27, 0x1F, 0xCF, 0x12,
    0xB6, 0xD6, 0x12, 0x56, 0x4A, 0x34, 0x6A, 0x09, 0xA3, 0x07, 0x5B, 0xC2, 0xED, 0xAF, 0x74, 0x47,
    0xCA, 0xB9, 0x04, 0x0A, 0x37, 0x77, 0x40, 0x43, 0x16, 0x6C, 0xF0, 0xC1, 0x8E, 0xD0, 0x22, 0xAF,
    0xB7, 0x3B, 0x95, 0xD6, 0x22, 0x05, 0xCE, 0x1E, 0x05, 0xB2, 0xE3, 0xCC, 0xED, 0x63, 0xD5, 0x41,
    0x46, 0xE2, 0x89, 0x02, 0x36, 0xBD, 0x8D, 0x1C, 0x5F, 0x9C, 0x02, 0x55, 0xBD, 0x17, 0x91, 0xF6,
    0x40, 0xEF, 0x0A, 0x5B, 0x09, 0x98, 0x90, 0x94, 0x0F, 0x96, 0x62, 0x2F, 0x1E, 0x73, 0x77, 0x16,
    0x31, 0x14, 0x17, 0x9A, 0xB0, 0x38, 0x97, 0x4C, 0xCB, 0xE5, 0x21, 0xD6, 0x32, 0x63, 0x61, 0x3D,
    0xC5, 0x2D, 0x5B, 0x3A, 0x2A, 0x5D, 0x56, 0x4C, 0x19, 0x92, 0xF2, 0x4E, 0xBA, 0xA3, 0xB5, 0xFF,
    0x68, 0x71, 0x79, 0x2B, 0xA7, 0x5E, 0x7B, 0x67, 0x95, 0xC7, 0x91, 0xC7, 0x92, 0xE5, 0x89, 0xCB,
    0x16, 0xCA, 0x54, 0x19, 0x38, 0xFB, 0x2A, 0x24, 0xCC, 0x6B, 0x19, 0xE8, 0xFA, 0x33, 0x59, 0x08,
    0x63, 0x77, 0xAA, 0x12, 0xED, 0x35, 0xD8, 0xD6, 0x12, 0x2C, 0x88, 0x3B, 0x4F, 0xEE, 0xAD, 0xD5,
    0xB2, 0xE6, 0xE6, 0x27, 0x9D, 0x1A, 0xD6, 0xCC, 0x3C, 0x2B, 0x31, 0x4A, 0x34, 0x84, 0xDF, 0xD5,
    0x20, 0xC5, 0x61, 0xED, 0x45, 0x9B, 0x95, 0x55, 0xB6, 0x0B, 0xA9, 0xA6, 0x1A, 0x59, 0xEF, 0x96,
    0x37, 0x26, 0xB7, 0xEE, 0xBC, 0xC8, 0xA2, 0xDE, 0x29, 0xEC, 0xC4, 0x27, 0xD0, 0xE7, 0x4B, 0x56,
    0x9F, 0x33, 0xAB, 0xCF, 0xE9, 0x67, 0xA9, 0xCF, 0x0B, 0xD4, 0x3C, 0x5E, 0x8B, 0x09, 0x6C, 0x06,
    0x8A, 0x01, 0xD9, 0xFE, 0xC5, 0xE8, 0x11, 0x33, 0x27, 0xD9, 0x59, 0xF3, 0x96, 0xC4, 0x8E, 0x79,
    0x9B, 0x7E, 0xD0, 0x81, 0x97, 0x13, 0xAE, 0xF9, 0xEB, 0xF2, 0x70, 0xFC, 0x8D, 0xD5, 0x41, 0x57,
    0x12, 0x9E, 0xAF, 0x15, 0x5C, 0xD8, 0xC4, 0x06, 0x1C, 0x75, 0xF1, 0x81, 0x02, 0x23, 0xE8, 0x55,
    0x81, 0xA8, 0x31, 0x96, 0x85, 0x09, 0x2E, 0x83, 0xDA, 0x77, 0x45, 0xC9, 0x27, 0x7C, 0x30, 0xD9,
    0xA7, 0x46, 0x05, 0x5B, 0xFA, 0xE7, 0xD4, 0x4F, 0x7D, 0xD8, 0xF1, 0xF1, 0x1B, 0xEA, 0xC2, 0x74,
    0x9D, 0x5E, 0x0A, 0x82, 0x17, 0x6A, 0xE5, 0x2D, 0xE1, 0x8E, 0x07, 0x34, 0x2F, 0x43, 0x09, 0x91,
    0xBD, 0x7A, 0xDE, 0xB2, 0xEF, 0x60, 0xBD, 0x2B, 0x18, 0xEF, 0x1D, 0x33, 0xC8, 0x23, 0xAF, 0x69,
    0x83, 0x60, 0xB5, 0xBE, 0xC0, 0x1F, 0x2C, 0x6B, 0xC8, 0xCB, 0xB1, 0xAF, 0x8A, 0xD6, 0x59, 0x4F,
    0x6E, 0x37, 0x52, 0x6D, 0x37, 0x12, 0x7B, 0xF1, 0xDA, 0xD9, 0x6B, 0xA7, 0x63, 0xE3, 0xD6, 0xF6,
    0x39, 0x87, 0xF3, 0x0C, 0x25, 0x2E, 0x0E, 0x9B, 0x01, 0x31, 0xAB, 0x59, 0xA7, 0x80, 0x77, 0x22,
    0xCF, 0xBA, 0xDD, 0xBC, 0x74, 0x76, 0xC4, 0x1C, 0xD1, 0xDD, 0xFD, 0x60, 0x00, 0x47, 0x4D, 0x90,
    0xFE, 0x68, 0x00, 0x47, 0x77, 0x2A, 0xA6, 0x24, 0xD2, 0x67, 0x8A, 0x39, 0xFA, 0x61, 0xC0, 0xBF,
    0x27, 0x36, 0x62, 0xC5, 0x10, 0x4D, 0xBE, 0xF5, 0xCB, 0x02, 0xFD, 0xE4, 0x31, 0x80, 0x81, 0x29,
    0x44, 0xFA, 0x15, 0x53, 0xFB, 0x18, 0x33, 0x62, 0x0A, 0x59, 0xE5, 0x64, 0xA1, 0x70, 0xA1, 0x79,
    0xC9, 0x6E, 0xF9, 0xFC, 0xA7, 0x83, 0x0B, 0xD7, 0x9C, 0x63, 0x69, 0x1C, 0x95, 0x0F, 0x17, 0xDD,
    0x4E, 0x3C, 0x6C, 0xAF, 0x16, 0xDC, 0x15, 0x58, 0x03, 0x41, 0x9C, 0x0D, 0x33, 0x2D, 0xD5, 0x11,
    0xED, 0xC9, 0x8D, 0x94, 0x2F, 0xDF, 0xAF, 0x4B, 0x09, 0x3E, 0xCD, 0x90, 0x01, 0x79, 0x59, 0x50,
    0xC8, 0x36, 0x71, 0x9E, 0x9E, 0x54, 0xA7, 0x14, 0xAF, 0x23, 0xF2, 0xDC, 0x27, 0x5B, 0x87, 0xDF,
    0x3F, 0xA4, 0xA8, 0xF3, 0x47, 0xD8, 0x6C, 0xC1, 0xC6, 0x70, 0xFC, 0x9E, 0x30, 0x80, 0x41, 0xB3,
    0x19, 0x6E, 0xA1, 0x00, 0x73, 0x2F, 0x83, 0x0C, 0x5F, 0xE1, 0xB8, 0x27, 0xEE, 0xCF, 0x03, 0x00,
    0x1D, 0x11, 0x5D, 0x20, 0x96, 0x0C, 0xCC, 0x99, 0x86, 0x3F, 0xF6, 0x7B, 0x24, 0xA3, 0xE3, 0x49,
    0x39, 0xE2, 0x95, 0x9A, 0x45, 0xF1, 0xB8, 0xCA, 0xFD, 0x77, 0x15, 0xF3, 0xC2, 0x0B, 0xA4, 0x16,
    0x7C, 0x12, 0x2B, 0x27, 0x17, 0xBC, 0x29, 0x09, 0x68, 0x2A, 0x10, 0x2D, 0x73, 0x79, 0xC0, 0xB4,
    0x21, 0x5F, 0xF6, 0x89, 0xE9, 0xAF, 0x51, 0x7A, 0x9F, 0x98, 0x89, 0x7B, 0x65, 0xAB, 0x71, 0x42,
    0xF1, 0xAC, 0xC6, 0x65, 0x0C, 0xE4, 0x55, 0x35, 0xA1, 0x4A, 0x3B, 0xE0, 0x57, 0x92, 0x79, 0x02,
    0x28, 0xA8, 0x9C, 0x78, 0xC7, 0x07, 0xA9, 0x5C, 0xA2, 0x69, 0x47, 0x67, 0x67, 0x94, 0x7B, 0x1E,
    0x70, 0xCB, 0x03, 0x56, 0xE0, 0x1A, 0xDD, 0x30, 0x89, 0x53, 0xEE, 0x57, 0x6E, 0xD7, 0xDE, 0xAD,
    0xDC, 0x2C, 0xEE, 0x95, 0x6F, 0x15, 0x72, 0x95, 0xB8, 0x56, 0x22, 0x5A, 0x89, 0x65, 0x79, 0x9E,
    0xE9, 0x7B, 0x01, 0x98, 0x5C, 0x83, 0xE3, 0x91, 0xBF, 0x43, 0x08, 0xFB, 0x28, 0x78, 0x95, 0x15,
    0xC7, 0x45, 0x45, 0x17, 0x61, 0xCC, 0x0A, 0x9C, 0x57, 0x17, 0x06, 0x65, 0x7C, 0x6C, 0x5A, 0x2D,
    0x76, 0x2B, 0xA1, 0xF0, 0x90, 0x0C, 0x10, 0x07, 0x6E, 0xAC, 0x10, 0xA6, 0x62, 0x09, 0x87, 0xE6,
    0xFA, 0x9C, 0xDD, 0x86, 0x6F, 0x49, 0xC6, 0x80, 0x13, 0x5E, 0xE4, 0xBD, 0x64, 0xAE, 0xEE, 0xB4,
    0xB2, 0xC1, 0x7F, 0x4E, 0x02, 0x6C, 0x65, 0x3F, 0x98, 0x5A, 0xC0, 0x5C, 0x53, 0xF8, 0x8E, 0x79,
    0x73, 0x42, 0x31, 0x90, 0x72, 0xDF, 0xF8, 0xFD, 0x3E, 0x57, 0xB7, 0x19, 0x4B, 0xED, 0x17, 0x7E,
    0x53, 0x2A, 0x9C, 0xFC, 0xFB, 0xC9, 0x04, 0x72, 0x5F, 0xFC, 0x05, 0x93, 0x4F, 0x48, 0x50, 0xA6,
    0xDB, 0x3B, 0x88, 0x02, 0x47, 0x06, 0x9F, 0x06, 0xB9, 0x65, 0xCD, 0xC0, 0xB2, 0xCD, 0x58, 0xC0,
    0x33, 0x4F, 0xB7, 0x59, 0x87, 0x9A, 0x6D, 0x16, 0xAB, 0xF6, 0x0D, 0x36, 0xE6, 0x95, 0x46, 0x0A,
    0x94, 0xC7, 0xB3, 0x81, 0x91, 0xC8, 0x7C, 0x8A, 0xEF, 0x19, 0x8D, 0x16, 0xA2, 0x4D, 0xDC, 0x29,
    0xE7, 0xB4, 0x1A, 0x71, 0x97, 0x8A, 0xED, 0x8E, 0xD8, 0x62, 0xEB, 0x5E, 0xC9, 0x26, 0x34, 0x74,
    0x25, 0x3C, 0x5F, 0x2B, 0xCD, 0xF1, 0x39, 0x5A, 0xBF, 0x62, 0x15, 0x12, 0xEE, 0x07, 0xDB, 0xCC,
    0xFE, 0x0A, 0xB7, 0x7B, 0x6D, 0x17, 0xA4, 0xB9, 0xDA, 0xB9, 0xC8, 0x31, 0xFB, 0xA0, 0xDB, 0x3D,
    0x1B, 0xE0, 0x97, 0xB1, 0x0B, 0x8F, 0x4E, 0x77, 0x95, 0xB7, 0x1F, 0xAE, 0xAB, 0xF5, 0xA3, 0xEB,
    0x6A, 0xE4, 0xF4, 0x90, 0xB7, 0x54, 0x80, 0x1D, 0x05, 0x84, 0x83, 0xFB, 0x4D, 0xA1, 0x79, 0x37,
    0x01, 0xA0, 0x26, 0x16, 0x68, 0x5A, 0x26, 0x2C, 0x97, 0x9D, 0xE4, 0xD6, 0xC8, 0x5B, 0xA2, 0xCA,
    0xF9, 0x1C, 0x1B, 0xF1, 0x04, 0x4B, 0xC4, 0xF3, 0xC4, 0x12, 0xF1, 0x1C, 0x72, 0x98, 0x23, 0x7E,
    0xE7, 0xA6, 0x64, 0x2A, 0x1C, 0xF1, 0x68, 0xB9, 0x1A, 0xD9, 0x24, 0x1A, 0xE5, 0x88, 0x78, 0x56,
    0xE6, 0x67, 0xBD, 0x46, 0x3C, 0x85, 0xF9, 0xA3, 0x5E, 0x23, 0x9E, 0xBD, 0xF7, 0x22, 0x8D, 0x78,
    0x46, 0xB1, 0x53, 0x1A, 0xF1, 0x58, 0x93, 0xB5, 0x5A, 0xEC, 0x19, 0xC5, 0x38, 0x36, 0xE2, 0x49,
    0x47, 0x57, 0x05, 0x8F, 0xBC, 0x01, 0x8F, 0xD5, 0x12, 0xF1, 0x44, 0xA7, 0xF5, 0x76, 0xF7, 0x77,
    0x5C, 0xEC, 0xF5, 0xA8, 0xC6, 0x6D, 0x14, 0x6B, 0x4D, 0x2B, 0x00, 0x63, 0x3D, 0xA9, 0xAD, 0x9E,
    0xD4, 0x54, 0x4F, 0x6A, 0xA9, 0xD5, 0x50, 0x63, 0x77, 0xEF, 0xAB, 0x95, 0x3B, 0xD4, 0xEB, 0x24,
    0xD7, 0x44, 0xAF, 0x65, 0x2F, 0xD7, 0x55, 0x2B, 0xD7, 0xAF, 0x58, 0xAB, 0xC8, 0x9B, 0x72, 0xD2,
    0xF0, 0x10, 0xD7, 0xFC, 0xA5, 0x59, 0x8A, 0xE7, 0x95, 0x94, 0xCF, 0x29, 0x64, 0x91, 0x7F, 0xD7,
    0x80, 0x88, 0xCC, 0x9D, 0xF0, 0x52, 0x05, 0xFF, 0xF1, 0x7E, 0x7C, 0x58, 0xB7, 0xA3, 0x5E, 0xA7,
    0x51, 0xA7, 0x73, 0x78, 0x8E, 0x8F, 0x51, 0xF8, 0xE0, 0xD9, 0x07, 0x38, 0x9C, 0x41, 0xF8, 0xC0,
    0x95, 0xF9, 0x18, 0x2F, 0xF2, 0x01, 0x3D, 0xBB, 0xA1, 0x7C, 0xDC, 0x54, 0x3E, 0x0E, 0xD4, 0x71,
    0x9C, 0xBF, 0x4A, 0xCA, 0xA0, 0x4E, 0x20, 0x98, 0xD4, 0x57, 0x4E, 0x76, 0xA7, 0xD8, 0x02, 0xEE,
    0x9F, 0xFB, 0x35, 0xD8, 0x02, 0x48, 0xA2, 0x62, 0xA6, 0x5B, 0x1B, 0xE9, 0x7B, 0x73, 0xDB, 0x14,
    0x6F, 0x84, 0x9B, 0xA0, 0xB8, 0x13, 0xC4, 0x67, 0xB7, 0x52, 0x44, 0x31, 0x94, 0xAD, 0x92, 0xB1,
    0xAB, 0x68, 0x71, 0xBB, 0x1C, 0xD8, 0x11, 0xAE, 0x81, 0xD9, 0xEF, 0x45, 0x5D, 0x04, 0xBF, 0x15,
    0x70, 0xD2, 0x79, 0x90, 0xD2, 0x9F, 0x05, 0x37, 0xE8, 0x53, 0xE9, 0x7B, 0xCC, 0xD9, 0x28, 0x20,
    0x31, 0x08, 0xC6, 0x8B, 0xA0, 0x38, 0x3B, 0xBE, 0xCB, 0xF5, 0x5A, 0x63, 0xEE, 0x70, 0xBE, 0xA7,
    0xAA, 0x62, 0xBC, 0xB4, 0xA6, 0x78, 0xFC, 0xFE, 0x64, 0xBF, 0xC6, 0x4F, 0x86, 0xFF, 0xC2, 0x45,
    0xF1, 0xD9, 0xF0, 0x5C, 0x46, 0xC9, 0xDF, 0xD7, 0xD9, 0x0F, 0x18, 0x6F, 0x9B, 0xD5, 0xF4, 0xF3,
    0x21, 0xA9, 0x26, 0xF4, 0x55, 0x27, 0xDB, 0xDF, 0xFF, 0xFC, 0x6E, 0xF8, 0xDD, 0x33, 0x72, 0x77,
    0xEB, 0x7C, 0x2C, 0x31, 0x1F, 0x67, 0xC6, 0xC6, 0x48, 0x9D, 0xE3, 0xF6, 0x3C, 0x37, 0xB3, 0x94,
    0x39, 0x8A, 0x3E, 0x99, 0x65, 0xB7, 0x66, 0xEB, 0x70, 0x16, 0x5B, 0x4A, 0x46, 0xF0, 0x54, 0x2C,
    0x69, 0xDE, 0x49, 0xB8, 0x17, 0xB6, 0xAB, 0x51, 0x03, 0xBF, 0x7C, 0x63, 0x3A, 0x29, 0x8D, 0xE6,
    0x43, 0xD9, 0xEF, 0x83, 0x8B, 0xDF, 0xAC, 0xA2, 0x6B, 0xFB, 0x81, 0x6D, 0x3D, 0xED, 0xFB, 0x03,
    0x17, 0x4F, 0x9C, 0xAF, 0xCB, 0x7C, 0x3A, 0x94, 0x67, 0x8D, 0x3A, 0x67, 0x8C, 0x3A, 0x78, 0x8B,
    0xDB, 0xAE, 0x2E, 0x3C, 0xDB, 0xBA, 0xF0, 0x37, 0x10, 0x0E, 0x89, 0x9F, 0xD8, 0x68, 0x5D, 0xB8,
    0x0F, 0xA5, 0x7A, 0xCB, 0x3E, 0xC2, 0xFC, 0x83, 0x4E, 0x28, 0x17, 0xB3, 0x91, 0xBA, 0x70, 0x68,
    0xDA, 0x95, 0xF3, 0x0E, 0x59, 0xEF, 0x7C, 0x43, 0xAF, 0x9E, 0xA1, 0xD2, 0x94, 0x2B, 0x31, 0x83,
    0x33, 0x3A, 0xB3, 0x0B, 0xA7, 0x9A, 0xB7, 0x1C, 0x22, 0xE6, 0xC3, 0xDE, 0x75, 0xC2, 0x5D, 0x68,
    0x55, 0x3A, 0xCA, 0x21, 0x67, 0xF0, 0xCE, 0x96, 0xA3, 0xA5, 0x66, 0x87, 0xD5, 0x62, 0x68, 0x60,
    0x83, 0xC4, 0x8B, 0xF4, 0x3F, 0x90, 0xBA, 0xF0, 0x37, 0x0D, 0x27, 0x4E, 0xB2, 0x5A, 0x1D, 0x30,
    0x8F, 0xEC, 0xF7, 0xFA, 0xFF, 0xA4, 0xAB, 0x15, 0x7C, 0x28, 0x15, 0x3B, 0xC4, 0xDD, 0xB3, 0xC6,
    0xA2, 0xAB, 0x76, 0x16, 0x5F, 0x4F, 0xF6, 0xD7, 0xAE, 0x56, 0xA9, 0xAB, 0x55, 0x04, 0x1B, 0x5D,
    0xAD, 0xFC, 0xE5, 0x51, 0xE5, 0x9C, 0x9A, 0xDE, 0x26, 0x32, 0x66, 0x6D, 0x65, 0xFF, 0xC2, 0xC7,
    0x5A, 0x2D, 0xE5, 0xA8, 0xB7, 0x0C, 0x21, 0x9E, 0xE7, 0x86, 0xFE, 0x35, 0x28, 0x5F, 0x69, 0x3D,
    0x45, 0xF9, 0x9E, 0xF8, 0x89, 0x1F, 0x1B, 0x8D, 0x5D, 0x3E, 0x92, 0xD2, 0xCB, 0x14, 0xBE, 0xDD,
    0xC9, 0xDE, 0xD1, 0x01, 0x45, 0x4E, 0x4D, 0x5A, 0x56, 0xFB, 0xC2, 0x8E, 0xA0, 0x89, 0xD2, 0xDD,
    0xB4, 0x1F, 0x2C, 0x41, 0xD9, 0x17, 0x82, 0xCB, 0xA3, 0x1D, 0xF2, 0xE9, 0x94, 0x50, 0xD7, 0x14,
    0xBA, 0xA8, 0x3D, 0x71, 0xBD, 0xF8, 0xC2, 0x05, 0xC4, 0xF3, 0x85, 0x71, 0x55, 0xB7, 0x44, 0x51,
    0xBB, 0x2B, 0xF7, 0xFA, 0xF5, 0xCB, 0xFD, 0x1F, 0xAD, 0xD9, 0x9E, 0x2E, 0x6D, 0xF5, 0x6C, 0x27,
    0x19, 0xD5, 0xC1, 0x3F, 0xE9, 0x42, 0xC2, 0x85, 0xAF, 0x3F, 0x0B, 0xCE, 0x9D, 0x50, 0xE0, 0x06,
    0x89, 0x96, 0x13, 0x28, 0xFE, 0xEC, 0xFE, 0xFD, 0xAA, 0x93, 0xA5, 0x5F, 0xB5, 0x59, 0xEC, 0x52,
    0xEB, 0xEC, 0xD2, 0x60, 0xED, 0x12, 0x45, 0xAF, 0xBD, 0x8B, 0x5D, 0x7B, 0x17, 0xB9, 0xF6, 0x2E,
    0x6E, 0x5D, 0xA2, 0xD6, 0x4F, 0x60, 0x97, 0x6C, 0xBF, 0xEA, 0xCB, 0xCE, 0x2E, 0x19, 0x67, 0x97,
    0x8C, 0x5B, 0x47, 0xE3, 0xE0, 0x13, 0x5F, 0x76, 0x48, 0x1D, 0xC1, 0xC2, 0xF5, 0x4F, 0xD3, 0x22,
    0xCE, 0x68, 0x8A, 0x8D, 0xA8, 0x00, 0x8C, 0x5C, 0xB9, 0xAC, 0x46, 0xCA, 0xA9, 0x9B, 0x76, 0xE4,
    0x5F, 0x85, 0x77, 0x1C, 0xF8, 0x7B, 0xC3, 0xC8, 0x37, 0xC6, 0x2E, 0x31, 0x6D, 0xE8, 0x77, 0x82,
    0xA7, 0x4D, 0x3F, 0xA2, 0x36, 0x0D, 0x79, 0xAF, 0x38, 0xA0, 0xFB, 0x39, 0xA3, 0x86, 0x72, 0xF3,
    0xE3, 0x11, 0x39, 0x14, 0x7D, 0x3F, 0x0D, 0x39, 0xA0, 0xBF, 0x81, 0x35, 0x59, 0x31, 0xC4, 0x97,
    0x02, 0x39, 0x80, 0x6F, 0xDA, 0xE0, 0x75, 0xE4, 0x20, 0x7A, 0x3F, 0x02, 0x78, 0x19, 0x9E, 0x22,
    0xAB, 0x32, 0x5F, 0xE3, 0xFB, 0x11, 0xC1, 0x2C, 0xDF, 0x23, 0xF2, 0x97, 0xD1, 0x7C, 0xC2, 0x51,
    0xD5, 0x0A, 0xB1, 0x55, 0xB2, 0x41, 0x43, 0x1B, 0xDE, 0xB7, 0x81, 0xC7, 0xDD, 0x40, 0xCA, 0xE6,
    0x16, 0x7E, 0x82, 0x78, 0xB8, 0x30, 0x38, 0x8F, 0x24, 0xC7, 0xA9, 0x23, 0xA1, 0xEC, 0x91, 0xC2,
    0x8B, 0x8A, 0x7D, 0xE0, 0x02, 0xFF, 0xA6, 0x9C, 0x5B, 0x22, 0xA7, 0x96, 0xE8, 0x99, 0x25, 0x7A,
    0x62, 0xC9, 0xCA, 0xFB, 0x2B, 0xA7, 0x29, 0x17, 0xCE, 0xF0, 0xE0, 0xBB, 0x3F, 0x3E, 0xB9, 0x25,
    0xF7, 0x9C, 0xD7, 0x72, 0x2D, 0x95, 0x87, 0x7D, 0xE5, 0xE2, 0x40, 0xF9, 0x38, 0x50, 0x4E, 0x0E,
    0x94, 0x97, 0x7D, 0xE5, 0xA6, 0x54, 0x7E, 0x4A, 0xE5, 0xA8, 0x50, 0x9E, 0x8A, 0x4A, 0xB8, 0x62,
    0x0C, 0x1B, 0xF3, 0xC5, 0xD5, 0x76, 0xE6, 0x0C, 0x55, 0x77, 0xA3, 0x40, 0x85, 0x42, 0x81, 0x0A,
    0x89, 0x02, 0x15, 0xC2, 0x5D, 0x40, 0x85, 0x95, 0x8F, 0x9C, 0xA9, 0x9E, 0xD2, 0x33, 0x0A, 0xF4,
    0x18, 0x02, 0xBD, 0xEC, 0xDB, 0x57, 0x5F, 0x42, 0x72, 0xF9, 0x3E, 0x6A, 0xB3, 0x72, 0x0A, 0x41,
    0xA0, 0xE0, 0x19, 0x3D, 0x7B, 0x20, 0x15, 0x88, 0x8D, 0x9E, 0x38, 0x40, 0x29, 0xAE, 0x60, 0x72,
    0x19, 0x47, 0x13, 0xFD, 0x51, 0xC3, 0x70, 0x97, 0x64, 0x1D, 0x36, 0x5C, 0x7B, 0x6B, 0xB9, 0xF1,
    0x1F, 0x68, 0x69, 0x97, 0x7C, 0xF7, 0xF7, 0xCB, 0x16, 0xC5, 0xA5, 0x77, 0x5B, 0xA0, 0xF9, 0xD8,
    0x60, 0x5E, 0xBA, 0x6B, 0x8D, 0xB6, 0x42, 0x5D, 0xB2, 0xF6, 0x13, 0x2A, 0xEC, 0x2D, 0x51, 0xD8,
    0x1A, 0x0A, 0x3B, 0x8C, 0x70, 0x19, 0x3C, 0xC1, 0x59, 0xB3, 0x60, 0xCC, 0x50, 0x30, 0x9C, 0x73,
    0x63, 0xF8, 0x7D, 0x0A, 0xFE, 0xDE, 0x65, 0x6F, 0x32, 0x9D, 0xD2, 0xBB, 0x45, 0x63, 0xC2, 0xEF,
    0x69, 0x10, 0x22, 0x92, 0x58, 0x5E, 0x57, 0x54, 0xD7, 0xCA, 0x03, 0x28, 0x3E, 0x65, 0x68, 0xC5,
    0x67, 0xBA, 0xD9, 0xD3, 0x88, 0xC4, 0x70, 0x8B, 0x41, 0xAB, 0x2B, 0xF3, 0x3C, 0xCC, 0xC6, 0x4F,
    0xC9, 0x82, 0x8B, 0x15, 0x18, 0x11, 0x73, 0x0F, 0x09, 0x1B, 0x28, 0xE9, 0x42, 0x14, 0x14, 0x17,
    0xD6, 0x91, 0xB9, 0x35, 0xE5, 0x1D, 0xC5, 0xB3, 0xF4, 0x5B, 0xAC, 0x73, 0xE1, 0x88, 0xAC, 0x61,
    0x0C, 0xAE, 0x0C, 0x8C, 0x33, 0x0F, 0x37, 0x13, 0xA2, 0x97, 0x89, 0x7B, 0xCC, 0xC9, 0xF4, 0x95,
    0x6A, 0xEB, 0x94, 0x9C, 0xAC, 0xF2, 0x72, 0x70, 0xBE, 0x97, 0x1A, 0xBD, 0x28, 0x45, 0xF4, 0x12,
    0xF5, 0xD4, 0xF1, 0xC9, 0x9A, 0x9C, 0x24, 0x66, 0xE0, 0x8A, 0x6A, 0xD0, 0x5C, 0xBD, 0x6C, 0x04,
    0x05, 0xB7, 0x57, 0x97, 0xEC, 0x53, 0x51, 0x0F, 0x58, 0xCD, 0x97, 0x40, 0xA5, 0xED, 0x8B, 0xA4,
    0x3C, 0x7F, 0xCC, 0xC5, 0x99, 0xEE, 0x99, 0x88, 0x02, 0x2B, 0xF4, 0xE4, 0x4B, 0x63, 0x5E, 0x45,
    0xA5, 0x66, 0xCC, 0xCC, 0x3B, 0xEF, 0x32, 0xB2, 0x2E, 0xD8, 0x44, 0x77, 0x33, 0x53, 0x42, 0x3D,
    0x2A, 0x32, 0x61, 0xA0, 0x28, 0xC8, 0x5C, 0xAD, 0x4B, 0x51, 0x12, 0x3E, 0xA8, 0x06, 0x9F, 0xC6,
    0x0D, 0x3F, 0xFC, 0x05, 0x97, 0x0B, 0x4F, 0x46, 0x5B, 0x2D, 0x50, 0x6C, 0x14, 0x92, 0x05, 0x4B,
    0x35, 0xEE, 0x5F, 0x23, 0xF3, 0xBC, 0x75, 0xD2, 0xF9, 0xFB, 0xED, 0xC5, 0x53, 0x28, 0x96, 0x33,
    0x28, 0xDC, 0x09, 0x14, 0x6E, 0xAC, 0xD7, 0x5C, 0x3F, 0xBB, 0x7E, 0x76, 0x14, 0x94, 0x21, 0x04,
    0x5F, 0x74, 0x18, 0xFA, 0x37, 0x73, 0x21, 0x33, 0x7F, 0x2F, 0x9F, 0x5D, 0xC3, 0x79, 0x39, 0x05,
    0xAF, 0x70, 0xFC, 0x53, 0xC3, 0xE5, 0xB9, 0xE8, 0xDE, 0xD9, 0x88, 0xF7, 0x87, 0x55, 0x8D, 0xC4,
    0xCC, 0x46, 0x23, 0x5C, 0x6F, 0x82, 0xA1, 0xAF, 0x17, 0xB3, 0x96, 0x2F, 0x2B, 0x19, 0x07, 0x2B,
    0x36, 0x70, 0xCB, 0x51, 0xE7, 0xCD, 0x16, 0x7B, 0x35, 0xB7, 0x65, 0x00, 0x77, 0xC1, 0xA5, 0x79,
    0xC7, 0x08, 0x60, 0x55, 0xEE, 0x19, 0xDE, 0x70, 0x15, 0xC7, 0x6B, 0x03, 0x1F, 0x31, 0xA4, 0xEB,
    0x82, 0x03, 0x7B, 0x82, 0x94, 0x17, 0x46, 0xC8, 0xAC, 0x3D, 0x9C, 0x2F, 0x95, 0xD5, 0x97, 0xF9,
    0xA7, 0x6B, 0x5A, 0x9A, 0xFC, 0x8C, 0xE7, 0x07, 0xB0, 0x36, 0xAF, 0x18, 0x26, 0x23, 0x5E, 0x9C,
    0xB6, 0xEC, 0xF8, 0x1D, 0x26, 0x5A, 0x9D, 0xD6, 0x54, 0x4C, 0xDE, 0x8C, 0xC6, 0xEC, 0xED, 0x11,
    0xEF, 0xCB, 0xEB, 0xF3, 0x5A, 0x07, 0x92, 0x9C, 0xD6, 0x2A, 0x95, 0x5F, 0xE0, 0xA6, 0x2C, 0xF9,
    0x96, 0x54, 0x97, 0x88, 0x24, 0x03, 0x92, 0x5B, 0xB2, 0xA1, 0x79, 0xDB, 0x89, 0x37, 0x5B, 0x64,
    0x1E, 0x7A, 0x87, 0x80, 0x94, 0x5B, 0xE5, 0x1F, 0xD9, 0x96, 0x5F, 0x08, 0xF2, 0x51, 0x49, 0x0A,
    0x7C, 0x4C, 0xC0, 0x6C, 0x9E, 0x5D, 0xCB, 0xDF, 0x9C, 0x1B, 0x61, 0x33, 0x48, 0x3F, 0xEA, 0xB9,
    0x24, 0xC6, 0xEA, 0x17, 0x99, 0x75, 0x51, 0xA5, 0xA2, 0x7F, 0xF4, 0x27, 0xC2, 0x26, 0x1F, 0x6F,
    0xB4, 0x11, 0x36, 0xB3, 0x36, 0xBD, 0x73, 0x24, 0x6C, 0xBE, 0xBA, 0x4E, 0x5B, 0x06, 0x17, 0x13,
    0x9B, 0x6F, 0xD1, 0x96, 0xCC, 0x06, 0xB0, 0xC9, 0x24, 0xD9, 0x63, 0x66, 0xF3, 0x07, 0x63, 0xC2,
    0x78, 0x27, 0x8C, 0xC0, 0x4C, 0x91, 0x19, 0x6E, 0x80, 0x4D, 0xFA, 0xDF, 0x0B, 0xD5, 0x81, 0xF4,
    0x9E, 0x39, 0x6E, 0xB8, 0x21, 0x9A, 0xC8, 0x3D, 0xAC, 0x49, 0xD8, 0x24, 0x47, 0x14, 0x8F, 0x96,
    0xB5, 0xDB, 0x0E, 0xE2, 0x51, 0xBA, 0x18, 0x82, 0xEE, 0x72, 0xF4, 0x96, 0xD0, 0x43, 0x19, 0x56,
    0xE0, 0x8D, 0xC3, 0xDF, 0xE3, 0x40, 0x78, 0xB3, 0x2D, 0x70, 0x7A, 0x1B, 0x39, 0x7D, 0x07, 0xBC,
    0x21, 0x0C, 0x03, 0x6F, 0x82, 0xB8, 0x00, 0x6F, 0x94, 0x26, 0x9B, 0xB5, 0xF0, 0x56, 0x4F, 0x97,
    0x68, 0xA7, 0xCA, 0x12, 0xAA, 0x9B, 0xE3, 0x25, 0x9C, 0xD0, 0xE6, 0x64, 0xDE, 0x5A, 0x54, 0x8F,
    0x95, 0x37, 0xFC, 0x02, 0x78, 0x9B, 0xA4, 0x73, 0x21, 0x7D, 0x75, 0xB7, 0xCB, 0x26, 0xE9, 0x16,
    0x33, 0x6F, 0xD3, 0x82, 0x12, 0x5A, 0x2D, 0x00, 0xD6, 0x72, 0xA9, 0x64, 0xE1, 0xB4, 0xA7, 0xFB,
    0x43, 0x28, 0x2D, 0x77, 0x96, 0x3D, 0xFB, 0x6E, 0xE0, 0xCF, 0x98, 0x23, 0xC7, 0x20, 0x40, 0xFF,
    0xC2, 0xE1, 0x78, 0x85, 0xEB, 0x49, 0xC2, 0xE2, 0x18, 0x14, 0xA5, 0xAA, 0x29, 0x19, 0xDD, 0x92,
    0xA4, 0x6E, 0x99, 0x5C, 0xB1, 0xC5, 0x16, 0x2E, 0xB9, 0xA2, 0xA7, 0x6C, 0x36, 0x06, 0xDD, 0x3E,
    0xF0, 0x59, 0x9A, 0x35, 0x47, 0xBA, 0x60, 0xF4, 0xD2, 0xCF, 0xE1, 0x03, 0x62, 0x6D, 0xDE, 0x35,
    0x95, 0xB2, 0x4A, 0x69, 0xC1, 0xC6, 0x22, 0x08, 0x32, 0x0F, 0x96, 0xBB, 0x4C, 0x9B, 0xD2, 0xD7,
    0x9F, 0x98, 0x8D, 0x3F, 0xD1, 0xE4, 0x57, 0xEE, 0xFC, 0x63, 0x18, 0xBC, 0x5F, 0xA2, 0x04, 0x7C,
    0xEB, 0x80, 0x8F, 0xAD, 0x17, 0x22, 0x15, 0xCA, 0x0B, 0xCC, 0x5F, 0xF0, 0xF4, 0x03, 0x8B, 0x85,
    0xEC, 0x8A, 0x8C, 0x43, 0xC1, 0xA4, 0xC6, 0x13, 0x4F, 0x7C, 0x40, 0x30, 0x8C, 0x87, 0x8D, 0x3D,
    0xBD, 0x6E, 0xD9, 0xFB, 0x40, 0x34, 0x14, 0xFF, 0x57, 0x9F, 0xDB, 0x6B, 0x5A, 0x35, 0xAF, 0x45,
    0x55, 0xD0, 0xBF, 0xAA, 0x76, 0xE7, 0xB5, 0xE9, 0x68, 0x09, 0x59, 0x3A, 0x3F, 0x18, 0x33, 0xEC,
    0x23, 0xD5, 0x82, 0x84, 0x12, 0xDB, 0x52, 0xE5, 0xB3, 0x0A, 0x4E, 0x23, 0x7E, 0x01, 0x01, 0xD1,
    0xAF, 0x03, 0x79, 0x05, 0x09, 0xD1, 0x4F, 0x12, 0x01, 0x60, 0x91, 0x88, 0xE2, 0x4D, 0x90, 0x63,
    0x86, 0x91, 0x65, 0xC4, 0x0B, 0x55, 0x97, 0x0B, 0xEC, 0x64, 0xB3, 0xD4, 0x40, 0x42, 0x9E, 0xB4,
    0xF7, 0xB1, 0xCC, 0x5B, 0xB3, 0xC6, 0x59, 0x7D, 0x9F, 0x20, 0x3A, 0xDF, 0xA2, 0x9D, 0xA0, 0x28,
    0xBB, 0xF1, 0x69, 0x2B, 0xB3, 0xEB, 0x5D, 0xEE, 0x44, 0x96, 0x74, 0x82, 0xB8, 0x97, 0xB3, 0x13,
    0x72, 0x6B, 0x06, 0x52, 0x46, 0xD7, 0x88, 0x26, 0xF1, 0x44, 0x09, 0xFD, 0x1C, 0x9A, 0x94, 0x9A,
    0x67, 0x89, 0x16, 0x4D, 0x6A, 0x86, 0x98, 0x68, 0x08, 0xEB, 0x87, 0xA6, 0x62, 0x1A, 0xB2, 0x7A,
    0x9B, 0x1B, 0x79, 0x44, 0xB3, 0xA8, 0xDE, 0x22, 0xD3, 0xCC, 0xC8, 0x7E, 0x96, 0xD4, 0x55, 0xAE,
    0x23, 0x10, 0x2D, 0x82, 0x9A, 0x62, 0x46, 0xF2, 0x8B, 0x26, 0x99, 0x67, 0xDF, 0xBF, 0x53, 0x89,
    0x98, 0x82, 0xFC, 0x27, 0x7F, 0xCB, 0xE9, 0x23, 0xA4, 0x14, 0x7F, 0xD4, 0x2D, 0xB0, 0x6E, 0x32,
    0xC1, 0x8E, 0x2E, 0xBB, 0x62, 0xF1, 0xB5, 0xE7, 0xCA, 0xBE, 0x62, 0xF2, 0x50, 0xDC, 0xDA, 0xBB,
    0xE5, 0x5E, 0x15, 0xB4, 0x7A, 0xD6, 0x06, 0xD2, 0x7B, 0xBD, 0x3F, 0x41, 0x33, 0x21, 0x01, 0xC6,
    0xF6, 0xE2, 0x04, 0x26, 0xC8, 0x80, 0xF2, 0xAF, 0x86, 0x54, 0x20, 0x75, 0xCE, 0x78, 0xC5, 0x87,
    0xF5, 0x88, 0x1C, 0xF2, 0x9A, 0x2B, 0x7B, 0xA2, 0x38, 0x28, 0x5B, 0x1D, 0x70, 0x85, 0x8C, 0x65,
    0xF1, 0x32, 0x03, 0x90, 0xF8, 0x95, 0x48, 0x63, 0x9D, 0x6F, 0x82, 0x55, 0xF8, 0xAD, 0x16, 0xF2,
    0xF8, 0xE1, 0x3A, 0xE5, 0x53, 0xE8, 0xC8, 0x9E, 0xC3, 0x0B, 0xB4, 0xE1, 0x29, 0xF9, 0xCB, 0xB4,
    0x85, 0x4C, 0x5E, 0x65, 0x8B, 0xB4, 0x62, 0xAF, 0xCE, 0x52, 0xC1, 0x34, 0xD3, 0x21, 0xDF, 0x19,
    0xCB, 0x05, 0x5E, 0xEC, 0x60, 0x65, 0x44, 0x81, 0x90, 0xAD, 0x1F, 0x5C, 0xBA, 0xA5, 0x1A, 0x44,
    0x5C, 0xBD, 0xE7, 0xC1, 0x03, 0x64, 0xE3, 0x5B, 0x3B, 0xD9, 0xF8, 0xAF, 0xFC, 0x84, 0xEA, 0x1C,
    0xE8, 0xA0, 0xDC, 0x39, 0x54, 0x59, 0xEE, 0x9C, 0x27, 0xCC, 0x60, 0x66, 0x6C, 0xF3, 0xD1, 0xD9,
    0xB0, 0x2B, 0xDE, 0xD9, 0x3E, 0xC1, 0xB2, 0x28, 0xE7, 0x86, 0xE5, 0x3F, 0xBE, 0xD5, 0x9E, 0x16,
    0xAB, 0x2D, 0x45, 0x59, 0xAC, 0xC0, 0x14, 0x2D, 0x56, 0x9B, 0xC3, 0x0F, 0xB5, 0xDA, 0xE1, 0x2F,
    0x6A, 0xB5, 0xFB, 0xC5, 0x6A, 0xAF, 0x17, 0xAB, 0xDD, 0x3A, 0xAB, 0xDD, 0x3C, 0x82, 0xD5, 0xBE,
    0xF0, 0xE5, 0xD5, 0x33, 0xFC, 0x64, 0xBE, 0xDD, 0x25, 0xA6, 0x87, 0xCE, 0x63, 0x7B, 0x7F, 0x96,
    0x2C, 0x8A, 0x2E, 0x65, 0xA7, 0xFB, 0x8C, 0xB9, 0x60, 0x8B, 0x37, 0x67, 0xC7, 0x56, 0xBF, 0xE5,
    0x58, 0x1C, 0x28, 0x37, 0x27, 0x5A, 0xAA, 0xD9, 0x79, 0x69, 0x85, 0x1A, 0xE4, 0x79, 0x1D, 0x58,
    0x9D, 0x4E, 0xAD, 0x2B, 0xC4, 0x41, 0x45, 0x22, 0x54, 0x39, 0xB3, 0x08, 0x42, 0x0D, 0xD0, 0xEB,
    0x85, 0x50, 0x13, 0x0E, 0x88, 0x21, 0xD4, 0x97, 0xE9, 0xAD, 0x47, 0x11, 0x2A, 0x43, 0x6C, 0x46,
    0x11, 0x6A, 0x7A, 0x57, 0x4E, 0x21, 0x20, 0xA1, 0x6A, 0x22, 0xCD, 0x42, 0xE5, 0x53, 0xE4, 0x7A,
    0xA7, 0x95, 0x6E, 0xF0, 0xBE, 0x59, 0x1C, 0x45, 0xBE, 0xE8, 0x6E, 0x78, 0x7A, 0xB4, 0xE5, 0x15,
    0x5B, 0x9F, 0x56, 0x46, 0x79, 0x08, 0xC3, 0x72, 0xAA, 0xC2, 0xB2, 0x01, 0xB5, 0x33, 0xFE, 0xA0,
    0x9D, 0xED, 0xB7, 0xB1, 0x1B, 0x1F, 0xDB, 0x98, 0x77, 0x4B, 0x60, 0x5D, 0x2A, 0xBF, 0x14, 0xCB,
    0xFC, 0x60, 0x1E, 0x02, 0xB5, 0xFB, 0x09, 0x12, 0x14, 0x51, 0xA3, 0x58, 0x3A, 0x91, 0xAC, 0x47,
    0x37, 0x83, 0x17, 0xD0, 0x9B, 0x64, 0x45, 0x2A, 0xB5, 0x4A, 0xC4, 0x9A, 0xC4, 0x3B, 0x46, 0xB9,
    0xE6, 0x7F, 0x04, 0x3E, 0x8A, 0x75, 0x89, 0xB6, 0xEF, 0xA2, 0x0C, 0x14, 0xDE, 0xB4, 0x8B, 0xF1,
    0xF7, 0x87, 0xD5, 0x87, 0xE0, 0x53, 0xDC, 0x2B, 0xA7, 0x6E, 0xAF, 0xC4, 0xCB, 0x5E, 0x89, 0x7E,
    0x25, 0xF6, 0x4A, 0x7F, 0x61, 0x1E, 0xB0, 0xA7, 0x28, 0xDE, 0x66, 0x94, 0x3C, 0x9C, 0xDE, 0x83,
    0xE3, 0xBF, 0x9A, 0x4F, 0xFA, 0xF9, 0x1A, 0x38, 0x4E, 0xFA, 0x68, 0x1A, 0x85, 0x63, 0x52, 0x52,
    0xCA, 0x14, 0x75, 0x71, 0x01, 0x62, 0x67, 0x8E, 0xE9, 0xA7, 0x14, 0x43, 0x8A, 0x57, 0xEF, 0xB9,
    0x99, 0x25, 0x2B, 0xBB, 0xE1, 0x05, 0x01, 0xC7, 0x3F, 0x30, 0xD0, 0x53, 0x70, 0x5C, 0x82, 0x04,
    0xC7, 0x7B, 0x20, 0xC1, 0xB1, 0xB4, 0x1E, 0xC0, 0xB1, 0x90, 0x36, 0xD2, 0xB1, 0x4B, 0xAA, 0xE4,
    0x9E, 0x00, 0xD9, 0xC6, 0x9D, 0x93, 0x7D, 0x0F, 0x25, 0x1F, 0xAA, 0xD3, 0xFC, 0x55, 0x59, 0xFF,
    0xBC, 0xAC, 0x73, 0x15, 0x5C, 0xBE, 0xE6, 0x74, 0x3A, 0xE4, 0x1B, 0x53, 0x9D, 0x8E, 0x79, 0x93,
    0x6A, 0x38, 0x93, 0xF4, 0x99, 0xD3, 0xE9, 0x74, 0x6D, 0xF7, 0xF0, 0x9B, 0x43, 0xD2, 0x85, 0xA3,
    0x8B, 0xF4, 0x2A, 0xC7, 0xBC, 0xCE, 0x7B, 0x49, 0xA4, 0xE7, 0xB1, 0x4F, 0x7A, 0x1C, 0x8E, 0x4B,
    0x1C, 0x83, 0xED, 0x6B, 0xC3, 0x98, 0xCE, 0x8B, 0x62, 0x3C, 0x3D, 0x5E, 0x16, 0x18, 0xFB, 0x76,
    0x37, 0x46, 0x54, 0x16, 0xF8, 0x0A, 0xB9, 0x47, 0x29, 0xD1, 0xFC, 0x03, 0x30, 0xA2, 0xE0, 0xFB,
    0x7F, 0x9D, 0x9D, 0x74, 0x87, 0xAF, 0x83, 0x6D, 0xBE, 0xF1, 0x03, 0xE1, 0x9A, 0xA2, 0xB1, 0xE1,
    0x40, 0x98, 0x4E, 0xD7, 0x4C, 0x82, 0xE7, 0xB8, 0xC7, 0x4F, 0x99, 0xE5, 0xB0, 0xE5, 0xDF, 0x55,
    0xA3, 0x95, 0x77, 0x07, 0xAA, 0xDD, 0x7B, 0x00, 0x91, 0x4A, 0x0A, 0xB6, 0xE1, 0x82, 0x8E, 0x04,
    0xB6, 0x47, 0x4C, 0x4A, 0xDC, 0x36, 0x30, 0x09, 0x66, 0x2F, 0x1B, 0x26, 0x65, 0xAD, 0x57, 0x0C,
    0x22, 0x95, 0xB5, 0x4E, 0x18, 0x44, 0xAA, 0x6B, 0xDD, 0x2C, 0xCE, 0xB6, 0x58, 0xBC, 0x69, 0xB2,
    0xD9, 0xE9, 0x63, 0x37, 0xBB, 0xD7, 0xBA, 0xF3, 0x48, 0x59, 0x69, 0x5E, 0x6B, 0x31, 0x5E, 0x36,
    0x49, 0x25, 0x8E, 0x99, 0xAC, 0x84, 0x63, 0x3E, 0x39, 0xAD, 0x17, 0x8E, 0x89, 0x6C, 0x26, 0xE5,
    0x78, 0xE0, 0x8E, 0x33, 0x38, 0x7E, 0x69, 0x28, 0x3E, 0x1C, 0x54, 0xBB, 0x07, 0xF4, 0x5D, 0x60,
    0xB5, 0x3E, 0x9A, 0x6C, 0x28, 0x4F, 0x3A, 0xCF, 0x7E, 0x83, 0x39, 0x7E, 0xC9, 0xD4, 0x89, 0x06,
    0xF2, 0xA1, 0x8E, 0x50, 0x33, 0xC7, 0xFF, 0x59, 0x86, 0xA8, 0x45, 0xBB, 0x41, 0x0A, 0xC7, 0x1E,
    0x28, 0xCA, 0x27, 0x1F, 0x7A, 0xC6, 0x95, 0x8D, 0xC0, 0xD2, 0xC9, 0x9E, 0x42, 0xDA, 0x97, 0x4C,
    0x4A, 0xEC, 0x55, 0xFE, 0xB7, 0xF8, 0x1F, 0x55, 0xB5, 0x0F, 0xE4, 0xCD, 0x58, 0xB3, 0x0F, 0x29,
    0x06, 0x52, 0x0B, 0x56, 0x72, 0x77, 0x44, 0x2C, 0x18, 0x32, 0x09, 0xB1, 0x60, 0x19, 0xF3, 0xE6,
    0xA2, 0x4E, 0x55, 0x6A, 0x0E, 0x3A, 0x95, 0xE3, 0xB7, 0x65, 0xA0, 0xC0, 0x86, 0x9C, 0x6A, 0xC1,
    0x38, 0xE2, 0xB4, 0x16, 0xEC, 0xCA, 0xC6, 0x59, 0xB0, 0xA0, 0xB9, 0x6A, 0xD5, 0x39, 0xC8, 0x7F,
    0xD6, 0x5B, 0x8E, 0xE3, 0x7B, 0x0B, 0x43, 0x8D, 0x37, 0x59, 0xB8, 0xB3, 0x0A, 0x9F, 0xF4, 0x0F,
    0x5C, 0x58, 0x1E, 0x34, 0xB5, 0x5E, 0x49, 0x04, 0x25, 0x01, 0x76, 0x64, 0xD9, 0x04, 0x29, 0x6C,
    0xA6, 0xB7, 0x22, 0xCB, 0x66, 0xC3, 0x78, 0x23, 0x09, 0x28, 0x0D, 0x8F, 0x13, 0x88, 0x3F, 0x1A,
    0x92, 0x0F, 0x95, 0xCD, 0x1F, 0x76, 0x38, 0xAA, 0x15, 0x71, 0xE4, 0x1A, 0x65, 0x65, 0x66, 0xF3,
    0x95, 0x0E, 0x77, 0xC6, 0x6C, 0xEA, 0x60, 0x05, 0xB3, 0x49, 0xA1, 0x52, 0x64, 0xD9, 0x6C, 0x84,
    0x64, 0x36, 0xFF, 0xAD, 0xBF, 0x6E, 0x1F, 0x87, 0xDC, 0x79, 0xD8, 0x6C, 0x1F, 0x92, 0x88, 0xED,
    0x32, 0x67, 0x66, 0xE3, 0xD6, 0x79, 0x75, 0xDB, 0x5C, 0x55, 0x09, 0x90, 0xB2, 0x65, 0x3F, 0x53,
    0x11, 0x50, 0x86, 0xCF, 0x62, 0x16, 0x1B, 0x76, 0x56, 0xB9, 0xB5, 0xCE, 0x28, 0xD3, 0xB2, 0x8B,
    0x1D, 0x9B, 0xBE, 0xC9, 0xEC, 0x6A, 0x57, 0x67, 0x53, 0xE2, 0xE2, 0x10, 0xD3, 0x2F, 0x81, 0x88,
    0xD4, 0xEB, 0xB1, 0xA9, 0xF5, 0x50, 0x59, 0xEC, 0xEA, 0xD8, 0x73, 0x5A, 0x71, 0xBF, 0x78, 0xAD,
    0xA0, 0x5E, 0x6C, 0x98, 0x55, 0x63, 0xB5, 0xE2, 0x9F, 0xDE, 0x61, 0xB3, 0xF6, 0xD4, 0x5D, 0x7D,
    0x01, 0x49, 0x5C, 0x47, 0xDE, 0xAE, 0xBB, 0x3C, 0x76, 0xE9, 0x0C, 0xEF, 0x73, 0x4E, 0xDE, 0x5D,
    0xEA, 0x4E, 0xA6, 0xC4, 0x59, 0x74, 0x3E, 0x78, 0x61, 0xB6, 0x26, 0x9D, 0xD3, 0xEC, 0xD1, 0xC9,
    0x23, 0x35, 0xC1, 0x18, 0xA9, 0x3F, 0x6B, 0x11, 0x77, 0x4D, 0x22, 0x91, 0xB7, 0x50, 0x13, 0x55,
    0x3B, 0xF7, 0xD6, 0xA0, 0x2F, 0x64, 0x17, 0x70, 0xD5, 0x75, 0xA3, 0x3B, 0xDF, 0x8C, 0x01, 0xB7,
    0xAD, 0x45, 0x2A, 0x97, 0x4D, 0x35, 0xE2, 0x4C, 0x14, 0x88, 0xA5, 0xE8, 0x46, 0x57, 0xB1, 0xA0,
    0x80, 0xC5, 0xF7, 0x58, 0x8D, 0xFF, 0x62, 0xAB, 0x99, 0x93, 0xFA, 0x2F, 0xA2, 0x8B, 0x6D, 0x1E,
    0x99, 0xC7, 0xC1, 0x2C, 0x8E, 0xCC, 0xE1, 0xC8, 0x0C, 0x4E, 0x80, 0xF9, 0x9B, 0x00, 0xB3, 0x37,
    0x25, 0xE6, 0x6E, 0x4A, 0xCC, 0xDC, 0xC8, 0xBC, 0x8D, 0xCC, 0xDA, 0xC8, 0x9C, 0x8D, 0xCC, 0xD8,
    0xC8, 0x7C, 0x8D, 0xCE, 0xD6, 0xC8, 0x5C, 0x8D, 0xCC, 0xD4, 0xC8, 0x3C, 0x8D, 0xCE, 0xD2, 0x88,
    0xB7, 0x96, 0xEE, 0xC1, 0x27, 0xEE, 0x21, 0x9C, 0x5F, 0xD0, 0xB5, 0xE7, 0x9D, 0xEB, 0x8B, 0xDE,
    0x99, 0x4F, 0x7D, 0x72, 0xDE, 0x39, 0xAF, 0x6D, 0xB1, 0x10, 0xD0, 0xCF, 0xCE, 0x46, 0x9C, 0x25,
    0x6F, 0x5A, 0x57, 0x6B, 0x98, 0x47, 0x1B, 0x71, 0xE6, 0xC0, 0xA4, 0x48, 0xC4, 0x99, 0x1A, 0x1E,
    0xF0, 0x94, 0x60, 0x2C, 0xFC, 0x3E, 0x57, 0xCA, 0xA0, 0xD9, 0xA7, 0x02, 0x0D, 0x77, 0x11, 0xE7,
    0x0D, 0x5D, 0x43, 0x7B, 0xEC, 0x17, 0x2F, 0x21, 0x39, 0x0B, 0x17, 0x71, 0xD2, 0xFE, 0x5F, 0xEC,
    0x55, 0xE3, 0x79, 0xEA, 0xDC, 0x4F, 0xD9, 0x4E, 0xAE, 0xED, 0x9A, 0xEF, 0x67, 0x3E, 0x4F, 0x7E,
    0x2E, 0x3C, 0xDA, 0x1A, 0x61, 0x56, 0x8B, 0xA2, 0xF2, 0xEA, 0xC0, 0x3A, 0x6B, 0x1E, 0x4C, 0x7B,
    0x0E, 0x9A, 0x99, 0xD5, 0xA2, 0x94, 0x99, 0x54, 0x4C, 0xF8, 0x0A, 0x1E, 0xE8, 0x8A, 0xFB, 0xA7,
    0x2B, 0xEE, 0x3D, 0x43, 0x76, 0x6B, 0x2A, 0x7E, 0xDF, 0x46, 0x7E, 0x9F, 0xEE, 0xF7, 0xB9, 0x56,
    0x32, 0xC6, 0xA2, 0x93, 0xAB, 0xD9, 0xE0, 0xAA, 0xC7, 0x25, 0xF1, 0xC0, 0xCB, 0x1D, 0xB9, 0xCA,
    0xB8, 0x21, 0x79, 0x5B, 0xA9, 0xF4, 0x4C, 0x3A, 0x9D, 0xF1, 0x65, 0x7E, 0x5F, 0xD6, 0xB5, 0x90,
    0x39, 0x65, 0x75, 0x03, 0x01, 0x8D, 0x3B, 0x26, 0x69, 0x40, 0xE9, 0x38, 0xA2, 0x81, 0xDE, 0xC9,
    0xF9, 0xAC, 0x70, 0xA2, 0xAA, 0x7D, 0x38, 0xCE, 0x8A, 0x15, 0x90, 0x08, 0xD1, 0xC1, 0x64, 0xAD,
    0x23, 0x5F, 0x71, 0xA7, 0x13, 0x5F, 0x71, 0x1F, 0x58, 0x65, 0xD4, 0x79, 0x2F, 0xD2, 0x42, 0x51,
    0x49, 0x96, 0x3A, 0xB4, 0x92, 0x3D, 0x21, 0x14, 0x93, 0x09, 0xE8, 0x26, 0x13, 0x50, 0x4F, 0xD8,
    0x52, 0x39, 0xB7, 0x41, 0x0B, 0x60, 0x36, 0xFD, 0x71, 0x23, 0x94, 0xB1, 0xEB, 0x7C, 0x1E, 0xFD,
    0x62, 0x5B, 0xE7, 0x52, 0x85, 0x7B, 0x6E, 0x71, 0xC3, 0xDD, 0x7D, 0xB6, 0xCE, 0xE0, 0x6D, 0x9D,
    0xFE, 0x37, 0xBF, 0x46, 0xF7, 0xB6, 0xCE, 0x2B, 0x8E, 0xE5, 0x0A, 0x9E, 0x52, 0x55, 0x88, 0x0F,
    0xE7, 0xA0, 0xB4, 0x78, 0x6B, 0x0C, 0x93, 0xD3, 0x5D, 0x3F, 0xDF, 0xE2, 0x84, 0xF7, 0x96, 0x6C,
    0x86, 0xEA, 0x92, 0x14, 0xFD, 0xA5, 0x27, 0x74, 0xC9, 0x3F, 0x97, 0xD7, 0x3F, 0x95, 0xB7, 0x5F,
    0x36, 0x0D, 0x1F, 0xEA, 0xA1, 0x9B, 0x06, 0x4A, 0x2A, 0x1E, 0x91, 0x69, 0x51, 0xAC, 0xF4, 0xD6,
    0xDE, 0x4F, 0x07, 0x35, 0x80, 0x8D, 0xC9, 0xE7, 0x41, 0x36, 0x4D, 0x24, 0xD3, 0x28, 0x36, 0x4D,
    0xE3, 0xA2, 0x1E, 0x14, 0xED, 0xED, 0x2E, 0x1E, 0x62, 0x4D, 0xD3, 0xDE, 0x5E, 0xCB, 0x12, 0xB0,
    0xC2, 0x91, 0x8F, 0x04, 0x0D, 0xD3, 0x37, 0xC8, 0x67, 0xB1, 0xE2, 0x71, 0xE9, 0x20, 0x1A, 0x74,
    0xD3, 0x30, 0x46, 0xD9, 0xDA, 0x3D, 0xB2, 0x79, 0xCB, 0xA6, 0xD9, 0x3A, 0xD0, 0xF3, 0x91, 0x68,
    0x3F, 0xF6, 0xD9, 0x71, 0x12, 0xE2, 0x90, 0xCC, 0xF6, 0x24, 0xC4, 0xB9, 0x30, 0xEF, 0xCA, 0xE6,
    0xFA, 0x7E, 0xD3, 0x9C, 0x18, 0xAD, 0xC0, 0xA5, 0x13, 0x1F, 0xD5, 0x0D, 0x69, 0xC4, 0x8C, 0xEF,
    0x16, 0x61, 0xF0, 0xC8, 0xAE, 0x6E, 0xB4, 0x64, 0x74, 0x7B, 0x8D, 0x07, 0x66, 0x6B, 0xED, 0x36,
    0xAC, 0x46, 0xDD, 0x71, 0x3F, 0xDC, 0x90, 0x50, 0x64, 0xD3, 0xBD, 0x75, 0x14, 0x7C, 0xDB, 0xEE,
    0x3B, 0xA9, 0xBC, 0xD8, 0xB4, 0xC6, 0xEE, 0x3E, 0x21, 0x6D, 0x5A, 0x23, 0x7B, 0x70, 0xB0, 0xA4,
    0x3A, 0xC4, 0x4F, 0x7C, 0x12, 0xA2, 0x31, 0xA3, 0x47, 0x8A, 0x1B, 0xE4, 0x26, 0xE1, 0x35, 0x75,
    0x82, 0xB5, 0x1C, 0xC6, 0xCA, 0x2E, 0x90, 0x93, 0x48, 0x75, 0x80, 0xDC, 0x48, 0x55, 0xF7, 0xB7,
    0xEA, 0x26, 0xE7, 0xFC, 0xA6, 0x1B, 0xCE, 0xF5, 0x35, 0x93, 0x3A, 0xBE, 0x55, 0x9F, 0x2F, 0x6E,
    0x8F, 0x2B, 0x63, 0xD6, 0xE9, 0x4D, 0xD6, 0xE5, 0x1D, 0xD9, 0xEC, 0x3C, 0xC4, 0xB1, 0x84, 0xC2,
    0x71, 0x6A, 0xEA, 0xC9, 0x39, 0xBB, 0x7E, 0xB2, 0xAE, 0x2E, 0xF2, 0x8E, 0xE3, 0x5F, 0x79, 0xED,
    0xBC, 0x85, 0xF4, 0xCF, 0xE2, 0x9F, 0x7C, 0xFF, 0xB0, 0x45, 0x83, 0xD1, 0x13, 0xD4, 0x24, 0x24,
    0x49, 0xE7, 0x63, 0xBB, 0x20, 0x20, 0x62, 0x75, 0xCF, 0x60, 0xB8, 0x52, 0x57, 0x17, 0x87, 0x23,
    0x29, 0xB3, 0x37, 0x9E, 0x7C, 0xDE, 0xD5, 0x5F, 0x9E, 0xE1, 0x03, 0x94, 0x34, 0x97, 0x29, 0xB8,
    0x26, 0xA2, 0x91, 0x4F, 0xDE, 0x63, 0x90, 0x00, 0x91, 0x4F, 0x06, 0x13, 0x29, 0x6B, 0x0C, 0xF3,
    0x2A, 0x95, 0xC4, 0xB6, 0x84, 0x49, 0x45, 0x15, 0xA6, 0x3B, 0xD5, 0xF3, 0x2E, 0xF9, 0x5C, 0x37,
    0x39, 0xC4, 0x15, 0x5C, 0x1B, 0x31, 0xE7, 0x60, 0xFB, 0x72, 0xBD, 0xB5, 0x78, 0x8F, 0x48, 0xDF,
    0xE7, 0x49, 0x20, 0xB4, 0xC5, 0x1B, 0x9C, 0x26, 0x02, 0x8F, 0xD1, 0x5A, 0x9F, 0x98, 0x9D, 0xD9,
    0xF0, 0xA6, 0xB1, 0x91, 0x1E, 0xCC, 0x96, 0x6C, 0xEC, 0x31, 0x30, 0x76, 0x5B, 0xF3, 0x2C, 0x24,
    0xF2, 0xD4, 0x9E, 0x8B, 0xAC, 0xC2, 0x27, 0x53, 0xAA, 0xC9, 0x45, 0x65, 0x15, 0x59, 0x0B, 0xED,
    0x51, 0xB5, 0x37, 0xDB, 0xA6, 0x99, 0xD1, 0xE4, 0x3C, 0x91, 0x1A, 0x12, 0xF3, 0x76, 0x65, 0x29,
    0x21, 0x2D, 0xD0, 0x9B, 0x74, 0xDA, 0x31, 0xA7, 0xBE, 0x0C, 0x10, 0x7B, 0x6B, 0xFC, 0xD7, 0x8F,
    0x9C, 0xA9, 0xFF, 0xDA, 0x55, 0x9F, 0x1E, 0xF6, 0xF5, 0x67, 0x9E, 0x11, 0xBC, 0xCF, 0xC3, 0x2A,
    0xB6, 0x1E, 0x5C, 0x71, 0x2D, 0xF8, 0x67, 0x52, 0xD1, 0xDA, 0xF5, 0xF5, 0x3B, 0x9E, 0x1E, 0x79,
    0xB1, 0x74, 0xB5, 0xEB, 0xA7, 0xBF, 0xF3, 0x80, 0xC3, 0x66, 0x34, 0x8D, 0x70, 0xF6, 0xB3, 0x5A,
    0xEC, 0x67, 0xBF, 0xD8, 0xCF, 0x4D, 0x30, 0x2D, 0xE9, 0xC3, 0x62, 0x3F, 0xAB, 0x69, 0x49, 0x1D,
    0xA6, 0x25, 0x71, 0xF0, 0xD2, 0x86, 0x4F, 0x6C, 0x3F, 0xED, 0x13, 0x84, 0x82, 0x4B, 0x8B, 0xFD,
    0xA4, 0x18, 0x64, 0x21, 0xE3, 0x85, 0x0C, 0x27, 0xEF, 0x74, 0x9D, 0xFB, 0xB7, 0x3C, 0x25, 0x64,
    0xC0, 0x69, 0x58, 0xFA, 0x17, 0x28, 0x7F, 0x87, 0x92, 0x40, 0x35, 0x80, 0x6D, 0x18, 0x73, 0xCB,
    0x1E, 0x36, 0x1D, 0x7E, 0x44, 0x8A, 0x2C, 0x87, 0xCD, 0x91, 0x43, 0x2E, 0x4C, 0x2D, 0xE7, 0xCD,
    0xB1, 0x73, 0xCE, 0x5A, 0x39, 0x72, 0x0E, 0xF4, 0xAB, 0x72, 0xEA, 0x1C, 0xD3, 0xF9, 0xAB, 0x72,
    0xF0, 0x1C, 0xD3, 0xA5, 0x9E, 0x3D, 0xC7, 0xF4, 0xA9, 0x1E, 0x3F, 0xC7, 0x91, 0xD7, 0xA4, 0x27,
    0xD0, 0x71, 0xDC, 0xD6, 0xEB, 0x21, 0x74, 0x7A, 0x2A, 0x1C, 0xCE, 0xA1, 0xA3, 0x8F, 0xE7, 0x86,
    0x0C, 0x10, 0xF6, 0x4B, 0x9F, 0xCA, 0x6B, 0xA5, 0x78, 0x74, 0x76, 0xBF, 0xF1, 0x84, 0xD4, 0x03,
    0xFF, 0x49, 0xF3, 0xFE, 0x83, 0x75, 0xD8, 0xA5, 0x82, 0x51, 0xF8, 0xA0, 0x8B, 0x29, 0x21, 0xA8,
    0x59, 0x1E, 0xFF, 0x7D, 0x9D, 0x6D, 0xD2, 0xDB, 0x38, 0xCF, 0x3C, 0xE9, 0x8A, 0x06, 0x67, 0x15,
    0xA2, 0x83, 0x56, 0x82, 0x34, 0xB7, 0x28, 0xB7, 0x2B, 0x98, 0x64, 0x59, 0x14, 0x35, 0x7E, 0x3A,
    0x60, 0xA4, 0xFD, 0x30, 0x55, 0x49, 0x90, 0x2C, 0x95, 0xAC, 0x83, 0x2B, 0x83, 0x90, 0x79, 0x9D,
    0x99, 0x5A, 0xC8, 0x92, 0x6B, 0xA9, 0x42, 0x9E, 0xF2, 0x94, 0x06, 0x40, 0x0C, 0x31, 0x0F, 0x5F,
    0x03, 0xCF, 0x00, 0x19, 0x24, 0x1B, 0x8C, 0x0F, 0xC1, 0x82, 0x36, 0xFC, 0x48, 0x0F, 0x48, 0x20,
    0xC8, 0xFE, 0x4F, 0x1B, 0x5C, 0xC4, 0x85, 0x04, 0xF7, 0xC5, 0x28, 0xEC, 0xF8, 0xFA, 0x43, 0x0F,
    0xE0, 0x0A, 0xCC, 0x4C, 0x62, 0x6A, 0x39, 0xDB, 0x94, 0x74, 0x76, 0x28, 0x37, 0x2C, 0x83, 0x23,
    0x73, 0x7D, 0x53, 0x7E, 0x9B, 0x45, 0xC0, 0xA7, 0xF0, 0xAC, 0x20, 0x81, 0xF4, 0xAC, 0xCB, 0xB0,
    0xF8, 0xB7, 0x50, 0x80, 0x00, 0xFF, 0x7C, 0x8A, 0x97, 0x01, 0xFB, 0x2F, 0xAD, 0x8B, 0x7A, 0xA5,
    0xDC, 0x73, 0x89, 0x53, 0x98, 0xCF, 0x85, 0xCA, 0x19, 0x40, 0x5A, 0x0A, 0xEB, 0x38, 0x20, 0x03,
    0x9C, 0xE3, 0xE4, 0x16, 0x30, 0x2E, 0x27, 0x9B, 0xA2, 0x0C, 0x05, 0xA8, 0xA9, 0x9E, 0x07, 0x58,
    0x5A, 0xAE, 0xBD, 0xFE, 0xCD, 0xA3, 0x52, 0x9E, 0xCE, 0x2F, 0x9B, 0x7C, 0x80, 0xBE, 0x63, 0x8B,
    0x87, 0x8A, 0x37, 0x9D, 0x64, 0x75, 0x95, 0x32, 0x0A, 0x60, 0x63, 0xDE, 0x04, 0xB2, 0xC6, 0xBC,
    0xBD, 0x0C, 0xD0, 0x5A, 0x28, 0xA3, 0x1D, 0x4A, 0xD5, 0xB0, 0x03, 0xE0, 0x0D, 0xD0, 0x35, 0xF0,
    0x06, 0xF0, 0x1A, 0x78, 0x13, 0x40, 0x1E, 0xF3, 0x26, 0xA0, 0x3C, 0xE6, 0x4D, 0x80, 0x79, 0x2B,
    0x84, 0x1C, 0x9C, 0x2E, 0x83, 0xB7, 0xDC, 0x6D, 0xEA, 0x70, 0xE9, 0xF6, 0x2D, 0xCF, 0x2A, 0x4A,
    0x96, 0x23, 0x2E, 0x25, 0x20, 0x5A, 0xF0, 0x26, 0x0A, 0x37, 0xE1, 0xD5, 0x02, 0xDA, 0x04, 0xFB,
    0x17, 0x60, 0x13, 0xEC, 0x5E, 0x60, 0x4D, 0x64, 0xEF, 0x32, 0xD4, 0x84, 0x39, 0x12, 0xA4, 0x09,
    0x73, 0xF4, 0x1A, 0x80, 0x26, 0xCC, 0xC7, 0xDB, 0xC0, 0x99, 0x30, 0x75, 0x15, 0x30, 0x13, 0xE6,
    0xE8, 0x2A, 0x50, 0x26, 0xCC, 0x51, 0x08, 0x90, 0x09, 0x38, 0x12, 0x8C, 0x09, 0x73, 0x24, 0x10,
    0x13, 0xE6, 0x48, 0x10, 0x26, 0xCC, 0x91, 0x00, 0x4C, 0x98, 0xA3, 0x05, 0x5F, 0xE2, 0xC1, 0x4B,
    0x16, 0x74, 0x89, 0x07, 0x2E, 0xB1, 0xF9, 0x4B, 0x4F, 0x3C, 0xE0, 0x8C, 0xAF, 0x50, 0x51, 0x1D,
    0x74, 0xFF, 0x48, 0xA9, 0xE9, 0xEE, 0xEF, 0x70, 0x84, 0xC1, 0xF7, 0x6E, 0xCC, 0x35, 0xDC, 0xF9,
    0xB7, 0x8C, 0xC8, 0xFF, 0xA5, 0xC6, 0xA8, 0x8E, 0x59, 0x0D, 0x2B, 0xB0, 0x06, 0xFA, 0xBA, 0xA9,
    0x45, 0xB7, 0x4C, 0x0D, 0x8C, 0xB5, 0x91, 0x58, 0x78, 0xC5, 0x27, 0x92, 0x72, 0x72, 0x7A, 0xCB,
    0x3E, 0x18, 0x26, 0x3D, 0x93, 0xAD, 0xE3, 0xCE, 0xEC, 0xF2, 0x9F, 0x07, 0xE3, 0x12, 0x2C, 0x7B,
    0x87, 0x72, 0x8B, 0x7D, 0xA0, 0xF7, 0x88, 0x07, 0xC0, 0xF0, 0x4D, 0x02, 0x2D, 0xCB, 0x77, 0xF9,
    0x0D, 0x96, 0x0A, 0xAC, 0x41, 0xFC, 0x81, 0xEA, 0x49, 0xDC, 0x5B, 0x85, 0xE9, 0x0E, 0x70, 0xA7,
    0x6D, 0xC1, 0x29, 0x32, 0x0F, 0x7F, 0x9A, 0x0A, 0x3F, 0x69, 0xC4, 0xF4, 0x93, 0x68, 0x5F, 0x38,
    0x8A, 0x54, 0x57, 0xF0, 0x29, 0x24, 0xD8, 0xFF, 0xF9, 0x1F, 0xD8, 0x12, 0x92, 0x5C, 0xED, 0x40,
    0x47, 0xE8, 0x4E, 0x09, 0xF0, 0x1E, 0xEB, 0xE2, 0x9E, 0xE9, 0xB2, 0x1C, 0xBD, 0x9D, 0xBB, 0x78,
    0x6C, 0xEB, 0x51, 0x2E, 0x3E, 0xAD, 0xC6, 0x1F, 0xC0, 0x0E, 0x35, 0xFE, 0x46, 0x8E, 0x50, 0x46,
    0x5D, 0x1A, 0xB0, 0x0E, 0x6C, 0x77, 0x45, 0x75, 0xA8, 0x0A, 0x01, 0xD4, 0xC1, 0x3C, 0xBE, 0xA2,
    0x98, 0x0E, 0xE6, 0xEE, 0x2D, 0x85, 0x74, 0x88, 0x22, 0x09, 0xA2, 0x83, 0x99, 0x7D, 0x49, 0x01,
    0x1D, 0xD8, 0x1E, 0x8A, 0xE7, 0x80, 0x3A, 0x59, 0x38, 0x07, 0x06, 0x44, 0x15, 0xCD, 0xC1, 0x8C,
    0x5B, 0x30, 0x07, 0x2B, 0x95, 0xC5, 0x72, 0x60, 0xA3, 0xF8, 0x50, 0x0E, 0x1F, 0xC9, 0x71, 0x1E,
    0xC8, 0x71, 0xBF, 0xA0, 0x7A, 0x37, 0x88, 0x63, 0xC1, 0x70, 0x78, 0x10, 0x0E, 0x46, 0x70, 0xA8,
    0x63, 0xEC, 0xF2, 0x37, 0x9C, 0x5F, 0xCC, 0x2B, 0x75, 0x8B, 0x2B, 0x90, 0xE2, 0x15, 0x99, 0x64,
    0x47, 0x20, 0xE0, 0x0D, 0x2C, 0xBD, 0x60, 0x37, 0x60, 0x2E, 0x04, 0xBA, 0xC1, 0xE4, 0x2B, 0x82,
    0xDC, 0x80, 0x43, 0x14, 0xE0, 0x06, 0xFC, 0xA1, 0xE0, 0x36, 0x58, 0x22, 0xB1, 0xC2, 0x36, 0x64,
    0x62, 0x16, 0xA8, 0x0D, 0x28, 0x82, 0x80, 0x36, 0x60, 0x11, 0x05, 0xB3, 0x21, 0xAE, 0xD0, 0x83,
    0x6C, 0x78, 0x88, 0x0D, 0x0F, 0xB0, 0xE1, 0xF9, 0xC1, 0xD4, 0xD3, 0x69, 0xEF, 0x60, 0x59, 0xAD,
    0xB1, 0xBD, 0x11, 0x2E, 0x16, 0xA8, 0xB2, 0x84, 0x11, 0xBB, 0x2B, 0xAC, 0x05, 0xE2, 0xEC, 0xBF,
    0xD9, 0x85, 0xDF, 0x83, 0x2A, 0x9B, 0x4D, 0x66, 0xB0, 0xD2, 0xFC, 0x6E, 0x3C, 0x77, 0x9C, 0xAD,
    0x8B, 0x0D, 0x4A, 0x31, 0x45, 0x95, 0xF7, 0xB0, 0x26, 0x87, 0x52, 0xD4, 0x18, 0x43, 0x3E, 0x44,
    0x84, 0xE2, 0xE0, 0xCD, 0x65, 0x3E, 0xB1, 0x6F, 0xB5, 0xA6, 0xFB, 0x68, 0x86, 0x6C, 0xFD, 0x2F,
    0x28, 0xFF, 0x18, 0xF3, 0x21, 0x03, 0x68, 0xBC, 0xDD, 0x23, 0xC7, 0x72, 0xD2, 0x0B, 0x54, 0x8F,
    0x27, 0x3E, 0x93, 0x3E, 0xF8, 0x4E, 0xC6, 0x07, 0x7C, 0x03, 0x21, 0x5B, 0xDB, 0xA3, 0x32, 0x40,
    0x3C, 0x79, 0xD7, 0xCE, 0x66, 0x7B, 0xB0, 0x09, 0x7B, 0x58, 0xC3, 0x83, 0x5D, 0xC2, 0x82, 0xB2,
    0x58, 0x40, 0x16, 0x1E, 0xC6, 0xC2, 0x87, 0x58, 0x78, 0xB0, 0x97, 0x7A, 0x57, 0x56, 0xB6, 0x04,
    0x51, 0x95, 0x75, 0x29, 0x1A, 0x40, 0x4D, 0x4E, 0x90, 0x93, 0x93, 0xE4, 0xE4, 0x44, 0x09, 0x60,
    0x05, 0x94, 0x04, 0xB8, 0x0A, 0xE8, 0x08, 0x60, 0x15, 0xB0, 0x10, 0x88, 0x95, 0x61, 0xCC, 0x10,
    0x56, 0xCB, 0x9E, 0xE1, 0xA8, 0x5A, 0x0C, 0xB0, 0x78, 0x29, 0x8C, 0xE9, 0xC5, 0x1A, 0x2A, 0x49,
    0x48, 0xBD, 0x82, 0x75, 0x2B, 0x34, 0x48, 0x58, 0x02, 0xEA, 0x25, 0x9E, 0x5E, 0xC2, 0xE9, 0x5D,
    0xD1, 0xF4, 0x82, 0xA4, 0x58, 0xB2, 0x97, 0x25, 0x76, 0x58, 0x64, 0x51, 0xEE, 0x00, 0x51, 0xE4,
    0xD5, 0xC5, 0xBF, 0x58, 0x10, 0x14, 0xDB, 0x00, 0x8A, 0x25, 0xB3, 0x6B, 0x45, 0xF9, 0x18, 0x3D,
    0x21, 0xDA, 0x57, 0x0C, 0x56, 0xFD, 0x8A, 0xC9, 0xEA, 0x1F, 0x43, 0x27, 0x44, 0x01, 0x19, 0x39,
    0x21, 0x31, 0x16, 0x03, 0x27, 0x24, 0xC8, 0x28, 0xE3, 0xDE, 0x3A, 0x00, 0x2B, 0x35, 0xA0, 0x26,
    0x20, 0x35, 0x80, 0x26, 0x10, 0x64, 0x0A, 0x66, 0x82, 0xA4, 0xA6, 0x90, 0x09, 0xEE, 0x98, 0x09,
    0x62, 0x82, 0xA4, 0xA6, 0x80, 0x09, 0x92, 0xDA, 0x82, 0x97, 0xF0, 0xE0, 0x12, 0x0B, 0x5A, 0x62,
    0x01, 0x4B, 0x9C, 0xC3, 0x4A, 0x6C, 0x41, 0x42, 0xC0, 0x13, 0x52, 0xD5, 0x70, 0x72, 0x12, 0x11,
    0xAE, 0x94, 0x64, 0x63, 0x2A, 0xA4, 0xDA, 0x52, 0x0D, 0x1E, 0x5F, 0x95, 0x2C, 0x55, 0x2C, 0x29,
    0x92, 0x54, 0xF5, 0xC8, 0x9C, 0xA3, 0x8A, 0x1D, 0x45, 0x8A, 0x2A, 0x2A, 0x81, 0x0C, 0x15, 0x3A,
    0xA1, 0x09, 0x2A, 0x2B, 0x85, 0xE6, 0xA7, 0xAC, 0x15, 0x9A, 0x9E, 0xC2, 0x2F, 0x4B, 0x76, 0xCA,
    0x7A, 0xE1, 0x27, 0xA7, 0x5E, 0x6E, 0xEA, 0xA5, 0xA6, 0xDB, 0xB8, 0x88, 0x5F, 0x5C, 0xC7, 0x4F,
    0xAD, 0x8E, 0xC7, 0x4E, 0xC7, 0xA3, 0x5F, 0x9A, 0x8E, 0xF7, 0xE7, 0x10, 0x10, 0x0B, 0x00, 0x42,
    0xF1, 0x0F, 0xC4, 0xDB, 0x7F, 0x05, 0xFC, 0x01, 0x11, 0x3F, 0xD0, 0x0F, 0x08, 0x77, 0x01, 0x7E,
    0x90, 0x25, 0xE3, 0x78, 0x1D, 0xE1, 0x2E, 0xA0, 0x0F, 0xF0, 0x7D, 0x40, 0x3E, 0x60, 0xBD, 0x00,
    0x7C, 0x40, 0x48, 0x02, 0xDC, 0x03, 0x78, 0x2B, 0x95, 0x2A, 0x83, 0x3D, 0xA5, 0x4E, 0x15, 0x9C,
    0x30, 0xC5, 0xF6, 0x34, 0x64, 0xC5, 0x6F, 0x8E, 0x2E, 0xDC, 0x1D, 0x5D, 0xB8, 0x3B, 0xEE, 0x80,
    0x33, 0x3C, 0x98, 0x7A, 0xB0, 0x4E, 0x02, 0xE8, 0xE0, 0x21, 0xE8, 0xB1, 0x76, 0x02, 0x73, 0x10,
    0x06, 0x81, 0x72, 0x10, 0x9D, 0x04, 0xC8, 0x41, 0xDC, 0x3B, 0x30, 0x0E, 0xA2, 0x93, 0x80, 0x38,
    0x30, 0xF9, 0xB2, 0x20, 0x1C, 0x64, 0x05, 0x01, 0x70, 0x00, 0x9B, 0x82, 0x6F, 0x00, 0x9F, 0xE5,
    0xC2, 0xA8, 0xA2, 0x1B, 0xD4, 0xAF, 0xC7, 0xFD, 0xE2, 0xD6, 0xBB, 0xC5, 0xAB, 0xB7, 0x17, 0x91,
    0x0D, 0x5B, 0xC0, 0x86, 0x17, 0xCF, 0xC1, 0x1A, 0x16, 0x54, 0x83, 0x82, 0x1A, 0x38, 0x67, 0x03,
    0xA6, 0x01, 0x0F, 0x82, 0x05, 0xA4, 0x81, 0x19, 0x14, 0x44, 0x03, 0xF3, 0x27, 0x80, 0x06, 0x8D,
    0xE9, 0x99, 0xE2, 0x7C, 0x05, 0x70, 0x06, 0x31, 0x25, 0xB9, 0x44, 0x66, 0x59, 0x0D, 0x30, 0x03,
    0x58, 0x03, 0x96, 0x41, 0x62, 0xFA, 0x23, 0xA1, 0x28, 0x64, 0x01, 0x92, 0x01, 0xD9, 0x2A, 0x80,
    0x0C, 0x58, 0x40, 0xE0, 0x18, 0xB0, 0x80, 0x80, 0x31, 0xC8, 0x02, 0x2E, 0x28, 0x86, 0x05, 0xC4,
    0xB0, 0x60, 0x18, 0x3C, 0x08, 0xC3, 0x66, 0xD7, 0x02, 0x2E, 0x6D, 0xEE, 0x0E, 0xCB, 0x07, 0xF4,
    0x02, 0xF3, 0x26, 0x25, 0x70, 0xE6, 0x4D, 0xB0, 0x0B, 0x48, 0x46, 0xD1, 0x8D, 0x62, 0xDE, 0x04,
    0xB9, 0x00, 0xDE, 0x00, 0x5C, 0x60, 0x8E, 0x7E, 0x00, 0xDC, 0x02, 0x94, 0x13, 0xB0, 0x05, 0x98,
    0x12, 0xA0, 0x16, 0x10, 0xDD, 0x03, 0xB4, 0xC0, 0xBC, 0x85, 0x82, 0x59, 0xE0, 0xD9, 0x69, 0x81,
    0x2C, 0x30, 0x6F, 0x82, 0x58, 0x10, 0xE5, 0x4C, 0xD6, 0x96, 0xB7, 0x9D, 0x07, 0xBB, 0xF4, 0x17,
    0x1B, 0xD9, 0x5B, 0x58, 0x85, 0xD5, 0x16, 0x52, 0x41, 0x81, 0x0A, 0x9C, 0xB9, 0x00, 0xA7, 0x00,
    0xCD, 0x04, 0x4C, 0x01, 0x8A, 0x09, 0x94, 0x02, 0x8C, 0x0A, 0x40, 0x0A, 0x30, 0x2A, 0x99, 0x0B,
    0xAC, 0x33, 0xE5, 0x03, 0xC1, 0x95, 0x50, 0xAF, 0x00, 0xA0, 0x60, 0x43, 0xAB, 0x3E, 0xB0, 0x91,
    0x95, 0x18, 0x95, 0x58, 0xD0, 0x09, 0xBC, 0x6E, 0x02, 0x4E, 0xD0, 0x1A, 0x83, 0x6A, 0xA3, 0x40,
    0x13, 0xB4, 0xBE, 0xB0, 0xE3, 0xE8, 0xC3, 0x62, 0xC7, 0xB0, 0xAB, 0xA2, 0x12, 0x90, 0x34, 0x6F,
    0x9E, 0xC2, 0xF9, 0xCE, 0xB3, 0xAB, 0x77, 0x22, 0x2B, 0xD8, 0x20, 0xE3, 0xB8, 0x8C, 0xD9, 0xE8,
    0x94, 0x07, 0xDC, 0x93, 0x35, 0x8E, 0xA8, 0x17, 0xE0, 0xFA, 0x0D, 0xCE, 0x9C, 0xF8, 0x01, 0xA6,
    0x48, 0xCD, 0xC4, 0x04, 0xEF, 0xDD, 0xA5, 0x8D, 0xF3, 0xDB, 0x81, 0x3C, 0x82, 0x80, 0xBB, 0xAA,
    0x25, 0xD9, 0xBD, 0xA6, 0x44, 0xDD, 0x80, 0x8F, 0xC1, 0x37, 0xBC, 0x85, 0x0C, 0x3F, 0x68, 0x68,
    0xC5, 0x87, 0xCD, 0xC0, 0x17, 0xFF, 0xFE, 0x2E, 0xD0, 0x80, 0x62, 0x06, 0x3C, 0xC8, 0x80, 0x45,
    0x0C, 0xB0, 0xC0, 0x05, 0x30, 0x00, 0x6D, 0x12, 0xBC, 0x00, 0xD2, 0x5F, 0x81, 0x0B, 0xC0, 0x16,
    0x08, 0x5A, 0x00, 0xB6, 0x40, 0xC0, 0x02, 0x2C, 0xF5, 0xAB, 0x82, 0x15, 0x80, 0xD8, 0x05, 0x2A,
    0x20, 0xAE, 0x17, 0xCD, 0x3A, 0xF1, 0xBD, 0x00, 0x0A, 0xD8, 0x0C, 0x5F, 0x45, 0x1F, 0xC4, 0x8B,
    0x41, 0x57, 0x94, 0x00, 0x84, 0x5F, 0x3B, 0x5B, 0xA0, 0xCA, 0xA3, 0x76, 0xCF, 0x6B, 0xF9, 0x7F,
    0x1C, 0xF2, 0x41, 0xBD, 0x64, 0x7E, 0x74, 0x82, 0x42, 0x03, 0xC2, 0x69, 0x79, 0x34, 0x06, 0x36,
    0x91, 0x02, 0x03, 0xA0, 0x6A, 0x8A, 0x0B, 0xD0, 0x58, 0x1E, 0xB0, 0x00, 0x89, 0x38, 0x04, 0x15,
    0x00, 0xCE, 0x15, 0x14, 0x00, 0xD6, 0x15, 0x13, 0x80, 0x74, 0x59, 0x21, 0x01, 0x50, 0xBB, 0xC1,
    0xD1, 0xA7, 0xB1, 0x05, 0x04, 0xF0, 0xB6, 0xB2, 0x78, 0x00, 0xE6, 0xDF, 0xC2, 0x01, 0x20, 0x00,
    0x45, 0x03, 0x88, 0x02, 0xFA, 0x60, 0x00, 0x1F, 0x0B, 0xE0, 0x43, 0x01, 0x7C, 0x24, 0xC0, 0x05,
    0x20, 0xC0, 0x6A, 0xF1, 0xDC, 0xD5, 0x53, 0x52, 0xF4, 0x9D, 0xBC, 0x83, 0x00, 0x24, 0x3D, 0x94,
    0xAE, 0x14, 0xE6, 0x31, 0x02, 0x8C, 0x62, 0xB8, 0x61, 0xC3, 0x08, 0xB5, 0xC9, 0xC8, 0x1F, 0x3F,
    0xEC, 0x74, 0x78, 0x59, 0xE7, 0x2C, 0x64, 0xC4, 0x62, 0x75, 0x32, 0x07, 0xF6, 0x74, 0xC7, 0x0C,
    0xDF, 0xCB, 0x11, 0xA7, 0x10, 0xF1, 0x60, 0x76, 0x30, 0x63, 0x96, 0xB9, 0x19, 0xF8, 0xFB, 0x65,
    0xB3, 0xBF, 0x8C, 0x1E, 0xE8, 0x78, 0xF2, 0xE9, 0xC5, 0x55, 0xF3, 0x16, 0x6D, 0xBD, 0xF8, 0xAC,
    0xFA, 0xBC, 0xCF, 0x92, 0xE6, 0xBF, 0xF8, 0x2C, 0xF4, 0xFE, 0xC5, 0x67, 0xA1, 0xF5, 0x2F, 0x71,
    0x14, 0x3A, 0xFF, 0x36, 0x23, 0x9D, 0x47, 0x8D, 0xA3, 0xD0, 0xF7, 0x97, 0x38, 0x0A, 0x6D, 0x7F,
    0x09, 0x3B, 0xD0, 0xF5, 0x87, 0x9E, 0x6A, 0xD3, 0xDF, 0xC6, 0x51, 0x37, 0x64, 0x9D, 0xB4, 0xE5,
    0xCF, 0xCB, 0xA4, 0x1D, 0x7F, 0x5E, 0x25, 0xBF, 0xE1, 0xEF, 0xF5, 0xFB, 0xFD, 0x76, 0xBF, 0xDF,
    0xED, 0xF7, 0xDA, 0xB4, 0x88, 0x35, 0x4E, 0xCE, 0x6C, 0xF9, 0x29, 0x85, 0xDE, 0x30, 0x5F, 0x7C,
    0x26, 0xBD, 0xC4, 0x1A, 0xFC, 0xD6, 0x12, 0x6B, 0xF0, 0xA6, 0x94, 0x58, 0x83, 0xA5, 0x30, 0xAA,
    0xAB, 0xB2, 0x54, 0xBD, 0xB7, 0x71, 0xB1, 0x86, 0x59, 0xAB, 0x13, 0x36, 0x1A, 0x22, 0x9E, 0x46,
    0x53, 0xB4, 0x11, 0x17, 0xCC, 0x8F, 0x7F, 0x14, 0x0F, 0xCC, 0x8D, 0x68, 0x89, 0x35, 0x22, 0x3C,
    0xDA, 0x11, 0xBC, 0xCC, 0x6E, 0x16, 0xA8, 0x69, 0x6D, 0x34, 0x51, 0x38, 0x4A, 0xF0, 0x8B, 0x2E,
    0xD6, 0x38, 0xF7, 0x3C, 0x0C, 0xD6, 0xAE, 0xEB, 0x77, 0xE5, 0x2C, 0x60, 0x79, 0x2C, 0x0B, 0xDD,
    0x1F, 0xAB, 0x14, 0xDB, 0x05, 0x06, 0x4C, 0x54, 0x50, 0x31, 0xBE, 0x90, 0x8E, 0xF1, 0x85, 0x27,
    0xD0, 0x6A, 0x68, 0x19, 0x38, 0x89, 0x7A, 0x5C, 0x78, 0xE2, 0x10, 0x8A, 0x06, 0x3B, 0x89, 0x89,
    0x33, 0x56, 0x35, 0x5C, 0x0C, 0xDB, 0x4D, 0x0E, 0xF1, 0x18, 0xC7, 0x4F, 0xF1, 0x1D, 0xAD, 0x08,
    0x07, 0x77, 0x52, 0xDA, 0xD7, 0x27, 0x8E, 0xE8, 0xF3, 0x46, 0xDC, 0xD3, 0x46, 0x74, 0x3A, 0x91,
    0xDD, 0xE6, 0x1B, 0x5A, 0xD4, 0x96, 0x53, 0xFC, 0xA5, 0x47, 0x25, 0xA7, 0x34, 0x86, 0xFF, 0x28,
    0x61, 0xCE, 0x65, 0x03, 0x07, 0x28, 0xF6, 0xCA, 0xFF, 0x2E, 0x8E, 0x31, 0x43, 0xFC, 0x5A, 0xD4,
    0x21, 0xB3, 0x5F, 0xA5, 0x6B, 0x8A, 0x63, 0xAB, 0xB4, 0xA5, 0x55, 0xA7, 0xEF, 0xA5, 0x39, 0xA1,
    0xEF, 0x7B, 0xEF, 0xF1, 0xC8, 0x06, 0x9E, 0x4F, 0xC2, 0xC0, 0xEF, 0x2A, 0x32, 0xE6, 0x0C, 0xE3,
    0xAA, 0x86, 0xB2, 0xF6, 0x4B, 0xFA, 0x6C, 0x4E, 0x3D, 0x19, 0x44, 0xD2, 0xF4, 0x27, 0x3D, 0xB5,
    0xF7, 0x5A, 0xF8, 0xBD, 0x53, 0xFB, 0xB3, 0x23, 0xAB, 0xF6, 0x1C, 0x20, 0xAB, 0xC1, 0x02, 0x49,
    0xFA, 0x21, 0xDD, 0x7B, 0x28, 0x88, 0x34, 0xEF, 0x51, 0xA0, 0x94, 0xDE, 0xBD, 0xA6, 0x0F, 0x5C,
    0xB8, 0x41, 0x11, 0x5E, 0x3A, 0xF7, 0xF0, 0x8B, 0xD2, 0xB8, 0x67, 0x2D, 0x49, 0xA4, 0x6F, 0x0F,
    0x03, 0xA5, 0x6D, 0x7B, 0xD2, 0x13, 0xDB, 0xB5, 0x37, 0x72, 0xE0, 0x6E, 0xA4, 0xD6, 0x49, 0x7B,
    0xF6, 0x50, 0xFB, 0xAD, 0x76, 0xFC, 0x43, 0x49, 0xCF, 0xFD, 0x67, 0xE7, 0x9B, 0xF5, 0x4B, 0xAF,
    0x5E, 0x5A, 0xF5, 0xC4, 0xB8, 0x74, 0xEA, 0xA5, 0x84, 0xC9, 0x8D, 0x7A, 0xB0, 0x8D, 0x3E, 0x3D,
    0xB8, 0x46, 0x9B, 0x1E, 0x4C, 0xA3, 0x4B, 0x2F, 0xAD, 0x87, 0x19, 0x54, 0x90, 0xFD, 0x10, 0x3D,
    0x7A, 0x04, 0x02, 0x68, 0xD1, 0xC3, 0x26, 0xA3, 0x43, 0x8F, 0x5D, 0x81, 0xD4, 0xDD, 0x46, 0xE0,
    0xAC, 0x7F, 0x12, 0x81, 0x43, 0x4B, 0x7B, 0x97, 0xD8, 0xD7, 0x4A, 0xA9, 0x27, 0xDA, 0x4A, 0xFB,
    0x1F, 0x89, 0xF2, 0x76, 0xFC, 0xD2, 0x95, 0x1F, 0xE1, 0x7F, 0xDC, 0x8E, 0x97, 0x96, 0xBC, 0xF8,
    0x9E, 0x41, 0x0B, 0xCE, 0xD2, 0x90, 0x17, 0xBF, 0xC3, 0xFD, 0x78, 0xF5, 0x3A, 0xD3, 0x0D, 0xEB,
    0x73, 0x1A, 0xAD, 0x1F, 0xA2, 0x19, 0xAF, 0xFE, 0x26, 0x9E, 0x9C, 0xB7, 0x99, 0xD4, 0xD7, 0x1C,
    0x69, 0x22, 0xA8, 0x8D, 0x24, 0x14, 0xD3, 0xD1, 0x47, 0x12, 0x2F, 0xD3, 0xDB, 0x82, 0xB3, 0xD7,
    0x85, 0x5F, 0x9A, 0xF0, 0x4B, 0x0F, 0xDE, 0xEB, 0x2A, 0xFA, 0x1D, 0x78, 0x9F, 0xB4, 0x56, 0xEC,
    0xE4, 0x76, 0x20, 0x66, 0xAC, 0x96, 0x47, 0x10, 0xB1, 0x1D, 0xEB, 0xF5, 0x69, 0x44, 0xB7, 0xB4,
    0xF7, 0x2E, 0x7C, 0xA1, 0xF5, 0x2E, 0x8C, 0xA1, 0xF3, 0x2E, 0x3B, 0x0B, 0x8D, 0x77, 0xED, 0x13,
    0x70, 0xDF, 0x5D, 0xE2, 0x08, 0xB4, 0xDD, 0x65, 0xE1, 0xD0, 0x75, 0x67, 0xEE, 0x52, 0x6D, 0xBA,
    0x73, 0x1A, 0xAF, 0x3D, 0x77, 0xE2, 0xCF, 0xB6, 0xDC, 0x99, 0x41, 0xED, 0xB8, 0x33, 0x87, 0xDB,
    0x0D, 0xF7, 0x47, 0x21, 0x57, 0xE7, 0x7B, 0xED, 0xC8, 0x29, 0xD0, 0x69, 0x87, 0x46, 0xCA, 0xC4,
    0x37, 0x03, 0x75, 0xCE, 0x34, 0x5A, 0x68, 0x34, 0x44, 0x42, 0x97, 0x1D, 0x3B, 0x70, 0x0C, 0x8C,
    0xEE, 0x3F, 0x29, 0x40, 0x67, 0x2F, 0x73, 0x8B, 0x5D, 0x58, 0x12, 0x02, 0xC7, 0xF4, 0x54, 0xAA,
    0x88, 0x52, 0xF9, 0x94, 0xF6, 0x3A, 0x5A, 0x30, 0x46, 0x6C, 0xB3, 0x34, 0xD7, 0x99, 0x0D, 0xD7,
    0x5B, 0x5F, 0x5A, 0xEB, 0x4B, 0x67, 0x7D, 0x99, 0xE2, 0xE8, 0x2F, 0xAC, 0xDB, 0x5F, 0x3F, 0x52,
    0x4A, 0xF8, 0x4F, 0xBD, 0x4C, 0xF1, 0x88, 0xDD, 0xF3, 0x68, 0x27, 0xB8, 0xC4, 0x6F, 0x9D, 0x6F,
    0x75, 0xCE, 0x7F, 0x4D, 0x6A, 0x1E, 0x0F, 0x6A, 0x91, 0xAF, 0x76, 0x34, 0xC8, 0x57, 0xBB, 0xDB,
    0xE3, 0xE7, 0x1A, 0x67, 0xD7, 0x97, 0xC6, 0x19, 0x5A, 0xE3, 0x36, 0x86, 0x9E, 0x5C, 0x04, 0x3D,
    0xB9, 0xF8, 0xD9, 0xD9, 0xB1, 0x6A, 0x72, 0xB1, 0xF3, 0xE4, 0x22, 0xE7, 0x25, 0x6E, 0xFE, 0x04,
    0x76, 0xCC, 0x36, 0xCE, 0x96, 0x66, 0xF8, 0xD2, 0x0B, 0x5F, 0x5A, 0xE1, 0x4B, 0x27, 0xDC, 0x6B,
    0x84, 0xBB, 0xF3, 0x1F, 0x74, 0xD8, 0xD7, 0xD8, 0x63, 0x54, 0x50, 0x16, 0xD6, 0x21, 0x3F, 0x19,
    0xEC, 0xD5, 0x99, 0xDE, 0x40, 0xC6, 0x79, 0x03, 0x3B, 0xC9, 0x2B, 0x43, 0xBC, 0x76, 0x7E, 0x57,
    0x46, 0x77, 0x75, 0x6A, 0x57, 0x25, 0xAB, 0xB3, 0xBA, 0x3A, 0xA6, 0x6B, 0x27, 0x74, 0x2F, 0x6B,
    0x21, 0x11, 0x0F, 0x41, 0x64, 0xB9, 0xE1, 0xA0, 0xEE, 0x79, 0xBA, 0x29, 0x88, 0xD9, 0xCF, 0xEB,
    0xC1, 0x64, 0x16, 0x4B, 0x4B, 0x3F, 0xC4, 0x31, 0x1E, 0xF4, 0x5E, 0x93, 0x6F, 0xB2, 0xD5, 0x12,
    0x44, 0xD3, 0xCE, 0xA7, 0x5B, 0x49, 0x60, 0x66, 0xB4, 0x14, 0x0B, 0xAE, 0x38, 0x34, 0x63, 0xB6,
    0xC8, 0xDA, 0x81, 0xAF, 0xBC, 0x12, 0xC6, 0x70, 0x25, 0xCE, 0x10, 0x9E, 0xAD, 0xF8, 0x84, 0x2E,
    0xE1, 0x0D, 0x5D, 0x1E, 0x62, 0x8E, 0x0B, 0xAD, 0xCC, 0x1D, 0x19, 0x00, 0xB0, 0x27, 0x87, 0xF1,
    0x34, 0x7C, 0x1E, 0x00, 0x18, 0x64, 0xF4, 0x26, 0x73, 0x28, 0xD7, 0x1A, 0x35, 0x7C, 0x1E, 0x40,
    0x86, 0x20, 0x52, 0xD3, 0x89, 0x8E, 0xB9, 0xD2, 0x8E, 0xDD, 0xB9, 0x97, 0x6C, 0xB0, 0xA6, 0xAE,
    0x72, 0x7C, 0x0A, 0xED, 0xB5, 0xD7, 0x6D, 0x30, 0x47, 0xEF, 0x75, 0xC6, 0x97, 0x3B, 0x38, 0xFE,
    0x28, 0x7B, 0x13, 0x87, 0xAF, 0x66, 0x6D, 0xF8, 0x21, 0x1E, 0x0C, 0x18, 0x0D, 0x87, 0xDC, 0xC3,
    0x47, 0xCF, 0x28, 0x5D, 0xE7, 0xDC, 0x2E, 0x4A, 0xE4, 0xA9, 0x7B, 0x7C, 0xD0, 0x3B, 0x9F, 0x29,
    0x76, 0xE5, 0x48, 0xD3, 0x1E, 0x2E, 0xD7, 0x05, 0x7F, 0x1E, 0x36, 0x1D, 0xDD, 0x21, 0x82, 0xB1,
    0xB4, 0x85, 0xA9, 0x4D, 0xDB, 0x90, 0x9F, 0xDF, 0xA6, 0xA7, 0x1B, 0x00, 0xD6, 0xDE, 0xF0, 0x89,
    0xE8, 0x77, 0xCB, 0xB4, 0xC3, 0x81, 0x1C, 0x94, 0xA3, 0xA6, 0xEE, 0xBC, 0x3D, 0xB3, 0x55, 0xFF,
    0x7E, 0x72, 0x2B, 0xDD, 0xEC, 0x7C, 0x9A, 0x9F, 0xC2, 0x63, 0x1C, 0x74, 0x39, 0x9A, 0x97, 0x51,
    0xDA, 0x8C, 0x6B, 0x69, 0x47, 0x62, 0x6E, 0x73, 0x2E, 0xB2, 0xCD, 0x62, 0x6F, 0x4B, 0xE9, 0x6D,
    0x18, 0x69, 0x7B, 0x7D, 0x29, 0x35, 0x97, 0x59, 0x9C, 0xC4, 0x5A, 0xC8, 0xCF, 0x43, 0xB9, 0x4C,
    0xF7, 0x1A, 0xD1, 0x46, 0xE2, 0xC7, 0xAA, 0x05, 0x8A, 0xC2, 0xBC, 0xD3, 0x8E, 0x11, 0x8E, 0x49,
    0xDD, 0x84, 0xDF, 0x4F, 0xDB, 0x29, 0x83, 0x26, 0xC2, 0x5B, 0x32, 0x4C, 0xAB, 0x43, 0x00, 0x9F,
    0x75, 0xE5, 0x8C, 0xC7, 0x05, 0xF3, 0xF1, 0x81, 0x43, 0xDA, 0x81, 0x8E, 0x44, 0xB1, 0xF7, 0x31,
    0x7C, 0xB2, 0x32, 0x13, 0x77, 0xAB, 0x51, 0xC3, 0x89, 0x4E, 0xEB, 0xE2, 0xEC, 0x64, 0xB4, 0xF5,
    0x9C, 0xC4, 0x48, 0xC5, 0x44, 0xBA, 0x22, 0xF3, 0xD6, 0x70, 0xC2, 0xF6, 0x04, 0xCA, 0x7D, 0x3C,
    0xCC, 0x6F, 0x7F, 0xFD, 0xEB, 0x2B, 0xF3, 0xF5, 0xAF, 0x7F, 0xFD, 0x4F, 0xFE, 0x6F, 0x65, 0x7B,
    0x8A, 0xF2, 0x08, 0x61, 0xB4, 0x14, 0x01, 0xF8, 0x45, 0x47, 0xB1, 0x05, 0x09, 0x55, 0xEB, 0xF8,
    0xF9, 0xC4, 0xD2, 0x4F, 0x1C, 0xF8, 0xF1, 0xC4, 0xDC, 0x4E, 0x24, 0x55, 0x05, 0xC9, 0xDD, 0x44,
    0x90, 0x21, 0x9A, 0x89, 0x20, 0xB9, 0x97, 0xF8, 0xB7, 0x4A, 0xA2, 0x95, 0x28, 0x24, 0x3A, 0x89,
    0xE1, 0xA8, 0xF3, 0x37, 0x49, 0x5F, 0x80, 0xE4, 0x82, 0xE3, 0x8F, 0xCD, 0x46, 0x1E, 0x62, 0x48,
    0x81, 0xF9, 0x99, 0xC1, 0x93, 0x8B, 0x0B, 0xEE, 0x29, 0x99, 0xFF, 0x87, 0xA4, 0xA0, 0xF9, 0xE6,
    0x18, 0xDC, 0xBB, 0xB7, 0xB6, 0xE8, 0xE0, 0x51, 0x7D, 0x6E, 0x64, 0xBA, 0xD1, 0x9E, 0x1E, 0x73,
    0x79, 0x33, 0xBA, 0x87, 0x16, 0x37, 0xA3, 0x3D, 0x95, 0xCA, 0x7F, 0x58, 0x18, 0x72, 0xA9, 0x1D,
    0xCD, 0x63, 0x34, 0x3A, 0x8E, 0x8F, 0x8F, 0x64, 0x03, 0xA0, 0x0D, 0x45, 0x99, 0x7E, 0x6C, 0x60,
    0x17, 0xBB, 0x09, 0x4F, 0x2A, 0xE0, 0xD9, 0xE7, 0xB2, 0x3E, 0x84, 0x10, 0xCA, 0x19, 0x27, 0xE6,
    0x90, 0x08, 0x46, 0x94, 0xC5, 0x48, 0x00, 0x7C, 0xE6, 0x93, 0xB0, 0xCF, 0x22, 0x04, 0xF3, 0x6C,
    0xEB, 0x98, 0xF5, 0xE1, 0x73, 0x37, 0x85, 0xF1, 0x49, 0x51, 0x7B, 0x09, 0x0E, 0x26, 0x63, 0xA6,
    0xEF, 0xD4, 0x87, 0xC2, 0xF2, 0x6B, 0xE8, 0x72, 0x15, 0x5C, 0x06, 0x1A, 0xB5, 0x67, 0x7A, 0xA5,
    0xBE, 0xCF, 0xAD, 0x9A, 0xBF, 0xD0, 0x5B, 0xD5, 0x47, 0x9E, 0xCA, 0xAA, 0xB9, 0x35, 0x73, 0x2B,
    0xE6, 0xD6, 0xCB, 0xAD, 0x96, 0x5B, 0x2B, 0xB7, 0x52, 0x81, 0xF4, 0x7C, 0xE1, 0xE6, 0x65, 0x95,
    0xDC, 0x1A, 0xB9, 0x15, 0xB2, 0xEB, 0x33, 0xDA, 0xD5, 0x19, 0xED, 0xDA, 0x8C, 0x76, 0x65, 0x46,
    0xB7, 0x2E, 0x6E, 0x55, 0xDC, 0x9A, 0x9C, 0xAF, 0x96, 0xB8, 0xF5, 0x88, 0xFD, 0x53, 0x2C, 0x56,
    0xDE, 0x79, 0x06, 0xC2, 0x22, 0x1E, 0xA8, 0x29, 0xBA, 0xD9, 0x59, 0x26, 0x11, 0xEA, 0xC8, 0x09,
    0x06, 0xB5, 0xED, 0x74, 0xE7, 0x95, 0x3D, 0xBB, 0x20, 0xAF, 0x62, 0xED, 0x72, 0x33, 0x25, 0x3D,
    0x6E, 0xCA, 0x2C, 0xB4, 0xC3, 0xCD, 0xB9, 0xAC, 0xF4, 0xB7, 0x31, 0xCC, 0x8E, 0xEE, 0x36, 0x59,
    0x43, 0xED, 0x6D, 0x93, 0xBA, 0x68, 0x67, 0x9B, 0x55, 0x5A, 0xFA, 0xDA, 0x52, 0x67, 0xE5, 0xAE,
    0x36, 0x54, 0x17, 0x3D, 0x6D, 0xB6, 0x9F, 0xD2, 0xD1, 0xB6, 0xCF, 0xBB, 0x22, 0x87, 0xA9, 0x46,
    0x24, 0x7B, 0xCD, 0xF9, 0x78, 0xF7, 0x8C, 0x4D, 0xFF, 0x21, 0x9B, 0xDE, 0x73, 0x03, 0x4F, 0xCC,
    0xFF, 0x06, 0xDE, 0xAF, 0xBC, 0x23, 0x6A, 0x6A, 0x62, 0xC0, 0x5D, 0xA2, 0x91, 0x3C, 0x4E, 0x8D,
    0xA7, 0x52, 0x16, 0x66, 0x1D, 0xD1, 0x4E, 0x0B, 0xE1, 0xC0, 0x53, 0x52, 0x43, 0x92, 0x02, 0x05,
    0xD7, 0x25, 0xEB, 0xF8, 0x21, 0x77, 0x45, 0xD9, 0xF2, 0x87, 0x66, 0xBC, 0x41, 0xF1, 0x6B, 0xDE,
    0x16, 0x35, 0x1F, 0x5A, 0xCF, 0x7D, 0x64, 0x7E, 0xF6, 0x69, 0xCC, 0x0B, 0x5C, 0x06, 0x51, 0x6D,
    0xAA, 0xA4, 0xE7, 0xBB, 0x2F, 0xF9, 0x99, 0x3B, 0x74, 0x25, 0x8B, 0x59, 0x81, 0x9B, 0x2B, 0xB7,
    0xA0, 0xC1, 0x62, 0x34, 0xF9, 0xD7, 0xFF, 0xE2, 0x3D, 0x6B, 0xE8, 0x1A, 0x19, 0xA3, 0x47, 0xC9,
    0xF3, 0xF4, 0xF5, 0xE5, 0xC1, 0xD1, 0x36, 0x06, 0xF9, 0xE2, 0x56, 0x8F, 0x5E, 0xFA, 0xF3, 0xDA,
    0x9B, 0xC7, 0xC9, 0x0A, 0x7A, 0xA8, 0x82, 0x9E, 0xA7, 0x80, 0x5E, 0xBC, 0xF6, 0xE1, 0xB5, 0x07,
    0xAF, 0x67, 0x27, 0x04, 0xD2, 0x7B, 0x4F, 0xA4, 0xEF, 0x9E, 0x4A, 0xCF, 0x5D, 0xFB, 0xED, 0xB6,
    0xD7, 0xAE, 0x7D, 0x76, 0x7B, 0x30, 0x82, 0x9E, 0x89, 0x60, 0x7B, 0xEB, 0xDA, 0x57, 0xD7, 0x9E,
    0xBA, 0x1C, 0x2E, 0xA6, 0x4F, 0xC7, 0x59, 0xC1, 0x7D, 0x27, 0xE6, 0x6A, 0x87, 0xDE, 0x25, 0x2C,
    0x67, 0xBE, 0xC6, 0x25, 0x9B, 0x71, 0x09, 0x9B, 0x9F, 0x75, 0xAA, 0xAB, 0x3E, 0x44, 0xCD, 0x47,
    0xA7, 0x6D, 0x41, 0x11, 0x72, 0x35, 0x1D, 0xC4, 0xA3, 0x31, 0x8E, 0x10, 0x76, 0xED, 0xC3, 0x5F,
    0x59, 0x15, 0x95, 0x65, 0x39, 0x68, 0x8A, 0x89, 0x5A, 0xD9, 0x76, 0x8C, 0x3B, 0xD6, 0x1D, 0xF3,
    0x59, 0xAD, 0xEC, 0x67, 0xAD, 0x0A, 0x80, 0xEB, 0xC9, 0x10, 0x01, 0x6B, 0x28, 0x84, 0xC0, 0xF6,
    0x0C, 0x62, 0x60, 0x5D, 0x84, 0x20, 0x60, 0x39, 0x59, 0x14, 0xFA, 0xF0, 0xD7, 0xB2, 0xD2, 0x87,
    0xBF, 0x16, 0xD5, 0xA3, 0x3D, 0xFC, 0x75, 0xBB, 0xFF, 0x26, 0xDD, 0xB7, 0x59, 0x7B, 0x6F, 0x7C,
    0xE5, 0x47, 0xC1, 0x9E, 0x06, 0x8C, 0xB6, 0x64, 0x28, 0x1A, 0xB6, 0x2D, 0x99, 0xAE, 0x51, 0x01,
    0x2D, 0x38, 0x5F, 0xCD, 0xC8, 0x95, 0x1F, 0x27, 0x26, 0x33, 0x25, 0xB8, 0xE2, 0x2C, 0x4F, 0xBE,
    0x32, 0xC8, 0x67, 0x84, 0x6C, 0x4B, 0x76, 0x90, 0x05, 0x19, 0x3E, 0x3E, 0x97, 0x6D, 0x8F, 0x6E,
    0x16, 0x95, 0xD4, 0x74, 0xDA, 0x3F, 0x24, 0x07, 0x5A, 0x87, 0x66, 0xBF, 0xE0, 0x91, 0xE5, 0xA0,
    0x38, 0x4D, 0x71, 0x4D, 0xE7, 0x18, 0xD7, 0x68, 0xE6, 0x27, 0x4B, 0xF6, 0xD1, 0xAD, 0x59, 0xB0,
    0x00, 0xE6, 0x50, 0xE3, 0x40, 0xF0, 0x73, 0xF9, 0x56, 0x68, 0xF9, 0x3A, 0xDD, 0x3E, 0x1D, 0x52,
    0x31, 0x74, 0xCF, 0xE0, 0x96, 0xAB, 0xFD, 0xE8, 0x3D, 0x3E, 0xF8, 0x62, 0xBF, 0x30, 0x41, 0x79,
    0x7D, 0xB3, 0x4F, 0x46, 0xF2, 0x34, 0x68, 0x56, 0x23, 0x59, 0xF4, 0x20, 0xE7, 0xA7, 0xE9, 0x72,
    0x39, 0xBF, 0x4E, 0xDB, 0x82, 0xCF, 0xE8, 0x2A, 0xDA, 0xCF, 0xE3, 0x64, 0x78, 0x7E, 0x6A, 0xE7,
    0x3E, 0x5D, 0x18, 0x7C, 0x17, 0x7C, 0xAB, 0x2D, 0x19, 0xBA, 0x44, 0xBF, 0x59, 0x73, 0xE8, 0xDA,
    0xE5, 0xF0, 0xDA, 0xEB, 0xCC, 0xD4, 0xFC, 0x66, 0xC1, 0x95, 0x61, 0xBF, 0xE4, 0x27, 0x37, 0x6E,
    0xF6, 0xF1, 0xC4, 0xDC, 0x95, 0x9C, 0x9A, 0xAA, 0x32, 0xB7, 0x47, 0x3E, 0xCE, 0xDB, 0x37, 0x2A,
    0xE7, 0xD2, 0x45, 0x86, 0x1F, 0x9B, 0x4B, 0x7B, 0x3D, 0x3F, 0x6B, 0xCC, 0x75, 0x4A, 0xB2, 0xB3,
    0x29, 0xEE, 0x0F, 0x69, 0xE9, 0xE2, 0xFE, 0x26, 0x6D, 0xEB, 0x72, 0xBD, 0x0A, 0x9A, 0x76, 0xD5,
    0xEE, 0x27, 0x66, 0xFD, 0x6F, 0xFA, 0xCF, 0x97, 0x1F, 0xF4, 0x51, 0xCF, 0x07, 0x29, 0x93, 0x85,
    0x18, 0x28, 0x19, 0xA6, 0x14, 0x6F, 0xF5, 0xA7, 0x7C, 0xC4, 0x76, 0xFE, 0xA3, 0x53, 0x9E, 0xCD,
    0xC1, 0x33, 0xDA, 0x67, 0xC4, 0xFF, 0x18, 0xD9, 0x7D, 0xA1, 0x7E, 0x06, 0x9F, 0xC3, 0x4F, 0xBC,
    0xC3, 0x43, 0x63, 0x63, 0x84, 0x6B, 0xF2, 0x3D, 0xD8, 0x03, 0x7A, 0x94, 0x36, 0xC2, 0x28, 0x47,
    0xD6, 0xE0, 0x57, 0xFF, 0x80, 0x57, 0x65, 0x83, 0x49, 0x8C, 0x86, 0xBC, 0x52, 0xCF, 0x87, 0x4E,
    0x9A, 0xF7, 0x69, 0x2D, 0x3A, 0x2C, 0x7D, 0xD6, 0x26, 0x43, 0xC8, 0x97, 0xAC, 0xA3, 0xCC, 0x36,
    0x5B, 0x93, 0xB2, 0xF5, 0xBF, 0x4B, 0x21, 0x5B, 0xFF, 0xE4, 0x58, 0x86, 0xC9, 0x38, 0xF2, 0x83,
    0xC8, 0xF2, 0x35, 0xE5, 0x4C, 0x79, 0x5D, 0x56, 0xA5, 0x21, 0x11, 0xEF, 0x07, 0xCF, 0xF1, 0x93,
    0x8B, 0xCB, 0x78, 0x6C, 0x7A, 0x3E, 0xB1, 0x6B, 0x4A, 0xD7, 0xF1, 0x90, 0xE1, 0x8C, 0xA8, 0x29,
    0x1A, 0x0F, 0x32, 0x3C, 0xD4, 0x12, 0x8F, 0x7A, 0xEC, 0x00, 0xCA, 0x24, 0x13, 0x35, 0x08, 0x8E,
    0x73, 0xCD, 0xE7, 0xAC, 0x3F, 0x79, 0xD7, 0xB6, 0xB1, 0x42, 0x89, 0xB6, 0xA3, 0xEF, 0xCA, 0x01,
    0x8E, 0x78, 0xD0, 0x65, 0x79, 0x7B, 0x83, 0x13, 0xC8, 0x67, 0x12, 0x25, 0x6B, 0x0B, 0x2D, 0x4B,
    0x17, 0xA3, 0x91, 0xC9, 0x8B, 0x75, 0x80, 0xC7, 0x37, 0xE5, 0xED, 0x41, 0x44, 0xB1, 0x27, 0xC2,
    0x35, 0x8E, 0x41, 0xF9, 0x81, 0x36, 0x45, 0xCB, 0x6B, 0x8A, 0xC9, 0xEA, 0x3A, 0xC6, 0xD1, 0x34,
    0x3C, 0xDE, 0x54, 0xD6, 0xD1, 0xF7, 0xCA, 0x81, 0x62, 0x6C, 0xB6, 0x82, 0xE6, 0xA4, 0x4D, 0xD8,
    0x0A, 0xF2, 0xE7, 0xFC, 0xE5, 0xAD, 0xC0, 0x48, 0xA2, 0x8A, 0x2C, 0x09, 0x79, 0x01, 0x10, 0xC0,
    0xF9, 0x5C, 0x22, 0xFC, 0x37, 0xEB, 0x12, 0xD9, 0xCE, 0x26, 0x28, 0x4F, 0x27, 0xD9, 0x8C, 0x80,
    0x08, 0x16, 0x9B, 0x52, 0x32, 0x9E, 0xC6, 0x48, 0xBE, 0x93, 0x18, 0x0B, 0xE4, 0x0A, 0xBE, 0x1D,
    0x78, 0x1D, 0x22, 0xD2, 0xFE, 0x17, 0x80, 0x09, 0x34, 0x31, 0xC0, 0x65, 0x73, 0xF3, 0x8E, 0xC1,
    0x81, 0x84, 0x19, 0x30, 0x89, 0x0D, 0x27, 0x14, 0x9C, 0x76, 0x71, 0x67, 0x8B, 0x03, 0x0D, 0x32,
    0x36, 0x98, 0x7E, 0x24, 0x5B, 0x5E, 0xF4, 0x5F, 0x8A, 0x06, 0x5C, 0x0F, 0x28, 0x43, 0x49, 0xFA,
    0x2F, 0x4E, 0x07, 0x41, 0xD3, 0xD1, 0xEF, 0xDD, 0xA0, 0xF0, 0xB4, 0xA3, 0x6C, 0xE5, 0xC6, 0x4D,
    0x7C, 0x70, 0x30, 0xE1, 0x31, 0x84, 0x77, 0xCC, 0xC8, 0xFC, 0x26, 0x7F, 0x43, 0x3E, 0x91, 0x4F,
    0x44, 0x5B, 0x7F, 0x87, 0x71, 0x72, 0xF3, 0x2B, 0x32, 0x06, 0x2D, 0x4F, 0xF1, 0x79, 0xDA, 0xD8,
    0xE7, 0x3C, 0x5B, 0xB3, 0x98, 0xA8, 0x95, 0x5C, 0xC9, 0xCF, 0x13, 0x3E, 0x42, 0x9F, 0xFF, 0x75,
    0x80, 0xED, 0x09, 0x8A, 0xB5, 0x5C, 0xB3, 0x59, 0xAE, 0x61, 0xF3, 0xFF, 0xD6, 0xFA, 0x77, 0xFA,
    0x3E, 0x2B, 0x7B, 0x48, 0xE8, 0xF6, 0x09, 0xA0, 0xCC, 0xF7, 0x57, 0x51, 0xA3, 0x07, 0xEB, 0x7F,
    0x0F, 0x52, 0xB8, 0x3F, 0xC6, 0xD1, 0xEB, 0x10, 0x80, 0x9C, 0x9F, 0x01, 0x19, 0xE8, 0x81, 0x95,
    0x2C, 0x06, 0xD6, 0x0B, 0x95, 0x04, 0xA2, 0x67, 0x11, 0x06, 0x91, 0x56, 0x1E, 0x44, 0x5A, 0x91,
    0xD0, 0xEF, 0x5A, 0xA9, 0xD0, 0x3B, 0x58, 0xC1, 0x10, 0x69, 0x65, 0x43, 0x7F, 0x6D, 0xC5, 0x13,
    0x49, 0x29, 0x88, 0x25, 0xC4, 0xB9, 0xAF, 0x0A, 0x49, 0xE0, 0x54, 0x90, 0x13, 0xD7, 0xA0, 0x55,
    0x54, 0x1C, 0x7A, 0xAB, 0xB4, 0xF4, 0x20, 0x4B, 0xC6, 0xA6, 0x28, 0x3E, 0x85, 0xCF, 0x10, 0x59,
    0x26, 0x2C, 0xE2, 0xA5, 0x97, 0x1C, 0x1E, 0xFD, 0x92, 0x17, 0xBD, 0x93, 0x45, 0x7F, 0xB5, 0xD3,
    0x45, 0xEF, 0x74, 0xD1, 0x3B, 0x41, 0x0E, 0x15, 0x92, 0xB0, 0xC0, 0x83, 0x94, 0xDA, 0x5C, 0xB6,
    0xD7, 0xBC, 0x0D, 0xBF, 0xC3, 0x8B, 0xCF, 0x9B, 0xE4, 0xDE, 0x96, 0xD2, 0xFC, 0xDC, 0x9D, 0xE3,
    0x68, 0x17, 0x39, 0x69, 0xB7, 0x11, 0xBF, 0xF7, 0xA3, 0xFD, 0x07, 0x23, 0x66, 0x66, 0x5E, 0x44,
    0x66, 0xCC, 0x12, 0xBC, 0x5F, 0x31, 0xFE, 0x3C, 0xC5, 0xE1, 0xFD, 0xDE, 0x6A, 0x47, 0xC3, 0xF1,
    0xFE, 0x88, 0xFA, 0xC1, 0x43, 0xD4, 0x0F, 0xD1, 0x2D, 0x87, 0xA8, 0x1F, 0xF8, 0x48, 0x58, 0x45,
    0xD4, 0xF3, 0x93, 0x11, 0x1C, 0xA2, 0x9E, 0xD1, 0xC4, 0x0F, 0x45, 0xD4, 0x17, 0xCF, 0xED, 0x46,
    0xD4, 0xCF, 0x0B, 0xA2, 0x3E, 0x79, 0xAC, 0x88, 0xFA, 0x8F, 0x77, 0x9E, 0x91, 0x93, 0xB7, 0x2F,
    0xEE, 0x2D, 0x69, 0x1F, 0x9E, 0x7B, 0x13, 0x41, 0xEA, 0x17, 0x8F, 0x8C, 0xD4, 0x1F, 0x16, 0xA4,
    0x3E, 0x49, 0xD9, 0x22, 0xF5, 0x49, 0xB0, 0x16, 0xA9, 0xCF, 0x32, 0xB6, 0x48, 0x7D, 0x14, 0x64,
    0x1F, 0x88, 0xD4, 0x2F, 0xAA, 0x5D, 0x48, 0xFD, 0xD9, 0x21, 0xF5, 0x93, 0xC7, 0x8D, 0xD4, 0x7F,
    0x74, 0x18, 0xA3, 0x95, 0xAD, 0x27, 0x5A, 0x5F, 0xB2, 0x87, 0xDB, 0x7F, 0xFE, 0x87, 0x4E, 0xAC,
    0x0F, 0x45, 0xFE, 0x0F, 0x0E, 0xF9, 0x4F, 0x12, 0x55, 0xE4, 0x3F, 0x49, 0x51, 0x91, 0xFF, 0x44,
    0x3D, 0xA7, 0xC8, 0xFF, 0x20, 0x7F, 0x20, 0xF2, 0x9F, 0x27, 0xCA, 0xCE, 0x23, 0xFF, 0x67, 0x8B,
    0xFC, 0x4F, 0x1E, 0x13, 0xF2, 0xFF, 0x71, 0xC9, 0xCF, 0xB7, 0x00, 0x0F, 0x99, 0x2E, 0x18, 0xDC,
    0x74, 0x01, 0x6B, 0xA4, 0x52, 0x99, 0x59, 0xA8, 0x67, 0x75, 0xBA, 0x20, 0xC8, 0x1F, 0x38, 0x5D,
    0xC0, 0x80, 0xDA, 0xF3, 0xD3, 0x05, 0xB3, 0x9D, 0x2E, 0x48, 0x3E, 0xD5, 0xE9, 0x82, 0xCF, 0x4A,
    0x6A, 0x0F, 0x98, 0x60, 0x18, 0xDC, 0x04, 0x03, 0x5B, 0x4B, 0x99, 0x60, 0x80, 0xAD, 0xC4, 0x04,
    0x03, 0x51, 0xCF, 0xEB, 0x04, 0x43, 0x90, 0x3F, 0x70, 0x82, 0xA1, 0x78, 0xF6, 0xE2, 0x04, 0xC3,
    0x6C, 0x27, 0x18, 0x92, 0x4F, 0x61, 0x82, 0xE1, 0x33, 0xD5, 0xB0, 0xDD, 0x4D, 0x89, 0xC1, 0x35,
    0x25, 0x58, 0x56, 0xD2, 0xE0, 0x66, 0x59, 0x49, 0x93, 0x9B, 0x2D, 0x1E, 0xB2, 0x18, 0x69, 0x3B,
    0x60, 0x3E, 0x01, 0x4D, 0x89, 0x4B, 0xE7, 0x9B, 0x12, 0x45, 0x75, 0xB1, 0x29, 0x31, 0xDB, 0xA6,
    0x04, 0x8A, 0xD1, 0x78, 0x34, 0x98, 0x34, 0x25, 0x5A, 0xD7, 0x94, 0xA8, 0x6D, 0x53, 0xC2, 0x3C,
    0xAC, 0x29, 0xF1, 0xB8, 0xBD, 0xC5, 0xB6, 0x63, 0xBE, 0xCF, 0x10, 0xA4, 0x95, 0x9B, 0x0A, 0xCE,
    0x82, 0xDA, 0xA3, 0x5B, 0x5A, 0xF4, 0x17, 0xD1, 0xA1, 0x3E, 0x0A, 0xD9, 0x49, 0xF1, 0x1F, 0xC2,
    0x93, 0x06, 0x00, 0xA4, 0x27, 0x4D, 0x00, 0x15, 0xDF, 0x4A, 0x20, 0x02, 0x24, 0x3F, 0x34, 0x03,
    0x64, 0x8B, 0xA2, 0x21, 0x00, 0x09, 0x6A, 0x53, 0x80, 0x45, 0xA8, 0x8D, 0x01, 0x6D, 0x37, 0x73,
    0xCE, 0xCC, 0x42, 0xD4, 0x06, 0x01, 0x4B, 0xD1, 0x3B, 0xCB, 0xD3, 0x3F, 0xCA, 0xD3, 0x3F, 0xC9,
    0xD3, 0x3F, 0xC8, 0xD3, 0x3F, 0xC7, 0xD3, 0x43, 0x10, 0x7E, 0xFE, 0x57, 0x21, 0x18, 0xBA, 0xFF,
    0x84, 0xC9, 0xE0, 0x4D, 0x98, 0x20, 0x18, 0xD2, 0x09, 0x13, 0x76, 0x2B, 0x76, 0xC2, 0x44, 0xB6,
    0xB8, 0x4E, 0x98, 0x04, 0xF9, 0x23, 0x4C, 0x98, 0x14, 0x5F, 0xDD, 0x3D, 0x61, 0x32, 0x2F, 0x13,
    0x26, 0xC9, 0x67, 0x36, 0x61, 0xF2, 0xD8, 0x55, 0x3D, 0x5F, 0xC4, 0xFE, 0x28, 0x93, 0x2B, 0xC3,
    0x32, 0xB9, 0x22, 0xE1, 0x27, 0x26, 0x57, 0x34, 0xFA, 0x54, 0xB2, 0xB2, 0x93, 0x2B, 0xA4, 0xEA,
    0x0F, 0x99, 0x5C, 0x29, 0x9E, 0xDB, 0x35, 0xB9, 0x32, 0xBB, 0xC9, 0x95, 0xE4, 0xB1, 0x4C, 0xAE,
    0x94, 0xF7, 0x91, 0xF0, 0xB9, 0x17, 0xBE, 0x5E, 0x6F, 0x29, 0xF6, 0xB6, 0x66, 0x9F, 0x53, 0xED,
    0x2D, 0xDD, 0x3E, 0xF7, 0x86, 0xDB, 0xE8, 0x55, 0xFF, 0xA4, 0xD3, 0xE5, 0xA0, 0xD3, 0x33, 0xD4,
    0xCA, 0xE5, 0x9C, 0x53, 0x11, 0xB7, 0x1E, 0x73, 0x2A, 0x02, 0xD7, 0x53, 0x4E, 0x45, 0xE4, 0x7A,
    0xC8, 0xA9, 0x08, 0x5D, 0xCF, 0x38, 0xB5, 0xA3, 0x6B, 0x38, 0xD4, 0x94, 0xA5, 0xFD, 0xA6, 0x3D,
    0xE1, 0x14, 0xA2, 0xB7, 0x07, 0x9C, 0xB2, 0xF0, 0xBF, 0x66, 0xCF, 0x37, 0x65, 0xF1, 0xA7, 0xF6,
    0x78, 0x53, 0x5E, 0x80, 0xD4, 0x9D, 0x6E, 0x4A, 0x4B, 0xB0, 0x1C, 0x6E, 0x2A, 0xA0, 0x2F, 0x3D,
    0xDB, 0x94, 0x96, 0x61, 0x39, 0xDA, 0x94, 0x17, 0x62, 0xEB, 0x64, 0xD3, 0xAD, 0x83, 0x4D, 0xCF,
    0x9F, 0x6B, 0xBA, 0x7D, 0xAC, 0xE9, 0xCD, 0x05, 0x78, 0xEE, 0x7F, 0xDF, 0xA8, 0xA4, 0xF8, 0xD9,
    0x88, 0x39, 0x24, 0x14, 0xDA, 0x27, 0x26, 0x4E, 0xB6, 0x48, 0x04, 0x94, 0xEF, 0x6A, 0x41, 0x5A,
    0x4C, 0x4F, 0x71, 0x9A, 0xF4, 0xBA, 0x16, 0x8A, 0xED, 0x77, 0xBE, 0xC1, 0x18, 0x0F, 0xCD, 0xE0,
    0xEF, 0xB5, 0x3E, 0x0A, 0x63, 0xE7, 0xF7, 0xA2, 0xD2, 0x47, 0x68, 0xD3, 0xF7, 0x4D, 0xB0, 0x17,
    0x0F, 0x1C, 0x51, 0xBE, 0x84, 0xE7, 0x8C, 0xB7, 0x3C, 0x55, 0x97, 0x76, 0xE9, 0xAD, 0x03, 0xF4,
    0xCD, 0xF6, 0x83, 0x70, 0x83, 0x7B, 0x5F, 0xD5, 0x5C, 0x69, 0xC9, 0x31, 0x45, 0x17, 0x4B, 0x66,
    0x79, 0xF9, 0xEE, 0x05, 0x1D, 0xC0, 0x44, 0x4C, 0xE9, 0x26, 0x62, 0x4A, 0x17, 0xA3, 0x43, 0xCB,
    0xA0, 0xA9, 0x50, 0xB1, 0xD2, 0xE9, 0x57, 0xE1, 0x94, 0xCB, 0x9A, 0x8A, 0x43, 0x17, 0xD5, 0x97,
    0x6E, 0x22, 0xA6, 0x78, 0xA4, 0x89, 0x98, 0xC1, 0x4D, 0xC4, 0x40, 0x89, 0x30, 0x11, 0x03, 0x0D,
    0xC2, 0x44, 0x8C, 0xA8, 0x4F, 0x6E, 0xF1, 0x32, 0x0F, 0x98, 0x88, 0xA1, 0xFB, 0xBC, 0x30, 0x11,
    0x33, 0xDB, 0x89, 0x98, 0xE4, 0x53, 0x9D, 0x88, 0xF9, 0x65, 0x39, 0xF9, 0xFB, 0x01, 0x5B, 0x86,
    0x05, 0xD8, 0x02, 0x19, 0x2A, 0x99, 0x19, 0x0B, 0x6C, 0x51, 0x4F, 0xA3, 0x29, 0xE1, 0xC3, 0x80,
    0x2D, 0xE4, 0x65, 0x76, 0x00, 0x5B, 0x66, 0x07, 0x6C, 0x49, 0x3E, 0x3D, 0x60, 0xCB, 0xAF, 0x5C,
    0x68, 0x39, 0xB9, 0xD0, 0xD2, 0x51, 0x95, 0xE2, 0x5D, 0x38, 0xB4, 0x7C, 0x00, 0xDE, 0xE5, 0x11,
    0x42, 0xCB, 0x4F, 0x86, 0x77, 0x79, 0x5C, 0xB2, 0xEA, 0x9D, 0xAC, 0x1E, 0x3A, 0x33, 0x34, 0xB8,
    0x99, 0x21, 0x4E, 0x94, 0x65, 0x66, 0x08, 0x6A, 0x86, 0x99, 0x21, 0x4E, 0x94, 0x75, 0x66, 0x88,
    0xA2, 0x99, 0x07, 0xCD, 0x0C, 0x15, 0xD5, 0xC5, 0x99, 0x21, 0x7B, 0x24, 0xEA, 0x94, 0x3C, 0xA6,
    0x99, 0xA1, 0x5F, 0x9D, 0x5D, 0x2B, 0x13, 0x4A, 0x3E, 0x7C, 0x94, 0x34, 0x4F, 0x27, 0x94, 0x20,
    0x4E, 0x99, 0x50, 0xC2, 0xAE, 0xD5, 0x09, 0x25, 0x0E, 0x0F, 0x1F, 0x3C, 0xA1, 0xC4, 0xA1, 0xF9,
    0xC5, 0x09, 0xA5, 0xD9, 0x4D, 0x28, 0x25, 0x9F, 0x70, 0x42, 0xE9, 0x71, 0xA9, 0xDF, 0x8B, 0x4E,
    0x6A, 0x0F, 0x9D, 0x78, 0x1A, 0xDC, 0xC4, 0x13, 0x09, 0x4C, 0x27, 0x9E, 0x48, 0x48, 0x3A, 0xF1,
    0x24, 0x75, 0x86, 0x41, 0x66, 0x9A, 0x1E, 0x38, 0xF1, 0x54, 0x54, 0x17, 0x27, 0x9E, 0x66, 0x3B,
    0xF1, 0x94, 0x3C, 0xA6, 0x89, 0xA7, 0xCF, 0xD4, 0xD4, 0xED, 0x9E, 0xAA, 0x1A, 0xDC, 0x54, 0x15,
    0xC9, 0x4F, 0xA7, 0xAA, 0xB8, 0x70, 0x28, 0x53, 0x55, 0x44, 0x7D, 0x55, 0xA7, 0xAA, 0x48, 0x7E,
    0x0F, 0x9A, 0xAA, 0x2A, 0xBE, 0x7A, 0x71, 0xAA, 0x6A, 0xB6, 0x53, 0x55, 0xC9, 0x63, 0x9A, 0xAA,
    0xFA, 0xCC, 0x2A, 0x36, 0xF7, 0x9F, 0xDC, 0x1A, 0xDC, 0xE4, 0x16, 0x6F, 0x58, 0x99, 0xDC, 0x62,
    0x57, 0x21, 0x93, 0x5B, 0xEC, 0x2A, 0x74, 0x72, 0x0B, 0x73, 0x4C, 0xF7, 0x9F, 0xDC, 0x42, 0x6A,
    0x71, 0x6E, 0x72, 0x6B, 0xB6, 0x93, 0x5B, 0xC9, 0xA7, 0x3A, 0xB9, 0xF5, 0x4B, 0xD5, 0x3A, 0x1C,
    0x58, 0xAB, 0x8B, 0x18, 0xF5, 0xB6, 0x2B, 0x10, 0xA9, 0xD4, 0x1C, 0x55, 0xE1, 0xB0, 0x5A, 0x48,
    0x0D, 0x67, 0xD5, 0x22, 0x33, 0xC0, 0x51, 0xB5, 0x88, 0x4B, 0x70, 0x52, 0x2D, 0x72, 0x02, 0x1C,
    0x54, 0x8B, 0x84, 0x60, 0xAD, 0x83, 0x2F, 0x0C, 0x01, 0xCB, 0x44, 0x6A, 0x7A, 0x4A, 0x2D, 0x43,
    0xA5, 0x05, 0xC5, 0xC5, 0x52, 0x93, 0x33, 0x6A, 0x59, 0x6A, 0xFE, 0x11, 0xB5, 0x0F, 0xA5, 0x1E,
    0xB7, 0xAB, 0x90, 0x01, 0xB6, 0xE2, 0x91, 0x07, 0xD8, 0x86, 0x65, 0x80, 0x8D, 0x2B, 0xAC, 0x3A,
    0xC0, 0xC6, 0xAE, 0x42, 0x07, 0xD8, 0xD8, 0x55, 0xD8, 0x01, 0x36, 0xC6, 0x9A, 0x3E, 0x78, 0x80,
    0x8D, 0x42, 0xE5, 0x1D, 0x03, 0x6C, 0xB3, 0x1B, 0x60, 0x4B, 0x1E, 0xF7, 0x00, 0xDB, 0xAF, 0x40,
    0xE9, 0xE6, 0xFE, 0x83, 0x73, 0x83, 0x37, 0x38, 0xC7, 0x76, 0xD2, 0x0E, 0xCE, 0xB1, 0xCE, 0xDA,
    0xC1, 0x39, 0x29, 0x25, 0xE8, 0xE0, 0x1C, 0x27, 0x26, 0x0F, 0x1D, 0x9C, 0x2B, 0x9E, 0xDD, 0x3D,
    0x38, 0x37, 0x2F, 0x83, 0x73, 0xC9, 0x67, 0x36, 0x38, 0x57, 0x5E, 0xF8, 0x2E, 0xD2, 0x96, 0xA3,
    0x22, 0xF4, 0x98, 0x08, 0x7B, 0x44, 0x84, 0x94, 0x2A, 0xB2, 0xDA, 0x9F, 0x1F, 0xD8, 0x35, 0x74,
    0xB7, 0xF5, 0x3D, 0xC2, 0xD0, 0x1D, 0x7A, 0x41, 0x38, 0xF2, 0xE1, 0x41, 0x43, 0x77, 0xF8, 0x2E,
    0x15, 0xE9, 0xA2, 0xB5, 0xA1, 0xF0, 0xEA, 0xC4, 0x7C, 0x1A, 0x43, 0x77, 0xBF, 0xAC, 0xA0, 0xEF,
    0x7E, 0x23, 0x7E, 0xE7, 0x82, 0x3E, 0x1D, 0xF1, 0x43, 0xD0, 0x27, 0x23, 0x7E, 0x08, 0xFA, 0x74,
    0xC4, 0x8F, 0x53, 0xB5, 0x07, 0x8F, 0xF8, 0x51, 0xAA, 0xB6, 0x63, 0xC4, 0x6F, 0x76, 0x23, 0x7E,
    0xC9, 0xA7, 0x37, 0xE2, 0x57, 0x6E, 0x71, 0x5D, 0x6E, 0x49, 0x8F, 0x24, 0x77, 0xE4, 0x9D, 0x2F,
    0x72, 0xC5, 0x86, 0x8E, 0xE5, 0x96, 0x78, 0x72, 0x27, 0xA1, 0x59, 0x2F, 0x32, 0x79, 0x82, 0x06,
    0x1C, 0xBA, 0x65, 0x8C, 0x39, 0x51, 0x97, 0x4A, 0x97, 0x94, 0x11, 0x26, 0xD8, 0x52, 0xBB, 0x2E,
    0xD2, 0x72, 0x2B, 0xAB, 0x92, 0x63, 0xDA, 0x06, 0x2D, 0xB6, 0x48, 0x1E, 0xAA, 0x68, 0x10, 0xF4,
    0x96, 0x06, 0x3F, 0xBC, 0xF4, 0x9E, 0x3C, 0x83, 0x20, 0x68, 0xF0, 0xA0, 0xA4, 0x98, 0x47, 0x8D,
    0xC9, 0x33, 0x9E, 0x99, 0x15, 0x40, 0x05, 0xB9, 0x41, 0xCD, 0x30, 0x36, 0x5A, 0xCC, 0x0A, 0x00,
    0x83, 0xC0, 0x1F, 0xFC, 0x5E, 0xF0, 0xE4, 0x43, 0x98, 0x36, 0xDB, 0x4C, 0x9B, 0xAD, 0x23, 0x44,
    0xB4, 0x58, 0x2A, 0x33, 0x3B, 0x0F, 0x98, 0x25, 0xD4, 0x99, 0x9B, 0x49, 0xE7, 0xB5, 0x22, 0x99,
    0x25, 0xA4, 0x9D, 0xC3, 0x97, 0xF0, 0x51, 0x66, 0x09, 0x7B, 0x99, 0x25, 0x5C, 0xCB, 0x2C, 0xA1,
    0x8C, 0x14, 0x36, 0x1F, 0x6B, 0x96, 0x30, 0x78, 0x46, 0xEB, 0x55, 0x0B, 0xEA, 0xAB, 0xB4, 0x58,
    0xF6, 0x23, 0xDB, 0xBC, 0x0F, 0x4E, 0x74, 0x59, 0xFD, 0x07, 0x6C, 0xE7, 0x3B, 0xE7, 0x10, 0x87,
    0x25, 0x7A, 0xA3, 0x45, 0x45, 0x9B, 0x41, 0x32, 0xE7, 0x58, 0x5A, 0x33, 0xC9, 0x85, 0x09, 0x44,
    0x09, 0x27, 0x93, 0xB5, 0x3F, 0x87, 0xB8, 0x57, 0x63, 0x0E, 0xB1, 0x5D, 0xE6, 0x10, 0x69, 0xED,
    0x19, 0xBD, 0xB7, 0x35, 0x87, 0x18, 0x7E, 0x0F, 0x73, 0x88, 0x3C, 0x81, 0xD8, 0x00, 0xF4, 0x7E,
    0xE9, 0xBD, 0xAD, 0x09, 0x44, 0xCA, 0x35, 0x7F, 0x49, 0x36, 0xE0, 0x7E, 0xF3, 0x8E, 0xC3, 0x32,
    0xEF, 0x28, 0x11, 0x91, 0x90, 0xA4, 0xF5, 0x3A, 0xEF, 0xC8, 0xDE, 0xC5, 0xCE, 0x3B, 0x06, 0xF9,
    0xC3, 0xE6, 0x1D, 0x8B, 0xE7, 0x76, 0xCD, 0x3B, 0xCE, 0x6E, 0xDE, 0x31, 0x79, 0x2C, 0xF3, 0x8E,
    0x8F, 0x2B, 0xB0, 0xCC, 0x9C, 0x2C, 0x1F, 0x3A, 0x3F, 0x39, 0xB8, 0xF9, 0x49, 0x16, 0xA3, 0xCC,
    0x4F, 0xB2, 0x14, 0x65, 0x7E, 0x92, 0x85, 0xA8, 0xF3, 0x93, 0x0C, 0x34, 0x79, 0xC0, 0xFC, 0x64,
    0xF1, 0xEC, 0xC5, 0xF9, 0x49, 0x7B, 0x92, 0xB1, 0x56, 0x23, 0x3E, 0xFD, 0xF9, 0xC9, 0xCF, 0x34,
    0x30, 0xDF, 0x3D, 0xA3, 0x39, 0xB8, 0x19, 0x4D, 0x84, 0x39, 0x83, 0x36, 0xEB, 0x75, 0x46, 0x13,
    0x21, 0x8E, 0xCC, 0x68, 0x22, 0xC0, 0xB9, 0xFF, 0x8C, 0x26, 0x87, 0x36, 0xE7, 0x67, 0x34, 0x67,
    0x3B, 0xDB, 0x94, 0x7C, 0xAA, 0x33, 0x9A, 0xFF, 0x1F, 0xE5, 0x7D, 0x4D, 0x8C, 0x24, 0xD7, 0x91,
    0xDE, 0xCB, 0x4A, 0xB1, 0x6B, 0x39, 0x05, 0x38, 0x75, 0xB0, 0x0D, 0x99, 0xB3, 0x70, 0xED, 0x61,
    0x0F, 0x8B, 0xD1, 0x5A, 0x79, 0xF1, 0x71, 0xD4, 0x99, 0x24, 0x0F, 0x3A, 0xE8, 0x40, 0x5D, 0xF6,
    0x62, 0x1F, 0xBC, 0x07, 0x03, 0xFE, 0x81, 0xC1, 0xF1, 0x41, 0xF6, 0x1A, 0xB0, 0x7A, 0x2A, 0x87,
    0x73, 0xE0, 0x81, 0x07, 0x36, 0xB0, 0x36, 0xF6, 0xE0, 0xC3, 0xD2, 0x00, 0x17, 0xA0, 0x7A, 0x80,
    0x6D, 0x1D, 0x7C, 0x10, 0x17, 0x3D, 0x9D, 0x49, 0xF2, 0xA0, 0x83, 0x0E, 0xAC, 0x15, 0x61, 0x2C,
    0xE0, 0x3D, 0xB0, 0xB4, 0x1A, 0x60, 0xB9, 0x33, 0x80, 0x27, 0x25, 0x96, 0xC8, 0x64, 0x33, 0xAB,
    0x9E, 0xE3, 0xFB, 0x22, 0xDE, 0xCB, 0xAC, 0xEE, 0x9E, 0xE1, 0x90, 0xE2, 0x7A, 0xBD, 0xEB, 0x96,
    0xD8, 0x19, 0x55, 0x53, 0xDD, 0xFD, 0x22, 0x5E, 0xBC, 0x88, 0x78, 0xF1, 0xBE, 0x17, 0x51, 0xB8,
    0xF8, 0x55, 0x5C, 0x4A, 0xE6, 0x55, 0x24, 0x33, 0xBF, 0x0D, 0x2F, 0x52, 0xEF, 0xBB, 0xF0, 0xF6,
    0x0D, 0xDF, 0x0F, 0x1F, 0xBF, 0x79, 0xF9, 0x2F, 0xB1, 0xE7, 0xC2, 0x87, 0xAF, 0x31, 0x79, 0xED,
    0xEC, 0xE8, 0xE8, 0x18, 0xFF, 0xDD, 0x77, 0xC9, 0xDA, 0xB9, 0x99, 0xAF, 0x5C, 0x56, 0x09, 0x39,
    0xB9, 0xB7, 0xE7, 0x5B, 0x25, 0x33, 0xEF, 0xD2, 0x2E, 0x90, 0xA5, 0x3B, 0x79, 0xE6, 0x05, 0x90,
    0x6E, 0x5E, 0xB9, 0x6F, 0xD6, 0x9E, 0x64, 0xD6, 0xB8, 0xDC, 0x1B, 0x59, 0xB9, 0x79, 0x5B, 0x90,
    0xCC, 0x4B, 0x97, 0xAD, 0xF8, 0x63, 0x18, 0x4E, 0xD6, 0x28, 0xB9, 0x9D, 0x35, 0x45, 0x29, 0xA4,
    0xEB, 0xA7, 0xFD, 0x74, 0x75, 0x8A, 0x1F, 0x70, 0xDE, 0xB7, 0x13, 0x61, 0x04, 0xE4, 0x42, 0x7E,
    0x8D, 0xE7, 0xAF, 0x71, 0xB3, 0x7B, 0xCE, 0x5D, 0xE5, 0x70, 0xA2, 0x10, 0x9E, 0x80, 0x2C, 0x2E,
    0x88, 0xA0, 0xB8, 0x20, 0xCE, 0x28, 0xCC, 0x41, 0x94, 0x23, 0x41, 0xDE, 0xBC, 0xF8, 0x83, 0x3B,
    0x02, 0xEC, 0x23, 0x01, 0xE1, 0x1D, 0xD5, 0x47, 0x47, 0x6F, 0x40, 0x74, 0x90, 0x02, 0x05, 0xE7,
    0xB2, 0x33, 0xA7, 0x62, 0xAB, 0x45, 0x84, 0x20, 0x9E, 0x95, 0xCF, 0x52, 0x64, 0x2F, 0x75, 0xCE,
    0x53, 0x4A, 0xEF, 0xB4, 0xF2, 0xDB, 0x41, 0xBC, 0xD4, 0x8A, 0x20, 0x55, 0x58, 0x4A, 0xE0, 0x8F,
    0xE6, 0x25, 0x04, 0xA5, 0x23, 0x10, 0x31, 0x4D, 0xCA, 0xBD, 0x2D, 0x85, 0x34, 0xE5, 0x70, 0x45,
    0x44, 0x53, 0x48, 0x9B, 0x02, 0xBA, 0xB1, 0xB1, 0x31, 0x26, 0x7E, 0x69, 0xD4, 0x2C, 0x72, 0xE2,
    0x03, 0xC3, 0xF3, 0x36, 0xE8, 0x4E, 0xFC, 0xB7, 0x1F, 0x7C, 0x86, 0xEE, 0xFD, 0xF5, 0xAB, 0x61,
    0x33, 0x22, 0x29, 0x49, 0x51, 0xC2, 0xA3, 0xA3, 0x8A, 0xB2, 0xA4, 0x30, 0x55, 0x9A, 0x81, 0xCC,
    0xBC, 0xA8, 0x50, 0x20, 0x5F, 0x10, 0x72, 0xD6, 0x50, 0xA6, 0xAF, 0x2C, 0xB3, 0x66, 0xBE, 0x32,
    0xA9, 0x66, 0x4D, 0xD1, 0x92, 0xBC, 0xDD, 0xCE, 0xDE, 0xDA, 0xAE, 0xA9, 0x86, 0xCF, 0x76, 0x53,
    0xBF, 0xEE, 0x54, 0x0D, 0xFB, 0xD4, 0x2F, 0x39, 0x15, 0x5B, 0x77, 0xD7, 0xBD, 0xE8, 0x7A, 0xCA,
    0x97, 0xC3, 0xEC, 0x29, 0x61, 0xF2, 0xAA, 0x32, 0x16, 0xE5, 0x75, 0x93, 0xB5, 0x4A, 0x59, 0xC4,
    0x36, 0x0B, 0x22, 0xF4, 0xF7, 0xEB, 0x26, 0xF0, 0x24, 0x0B, 0xC8, 0xBE, 0x26, 0x7E, 0xED, 0x1E,
    0xFF, 0xF5, 0xBB, 0x91, 0x9A, 0x0C, 0xC2, 0x4A, 0x2F, 0x25, 0xDD, 0x6B, 0x3B, 0xB2, 0xBB, 0x8C,
    0x1A, 0xE6, 0x64, 0x98, 0x92, 0xD1, 0x8C, 0x8C, 0x27, 0xE4, 0xE6, 0x65, 0x3F, 0x7E, 0x6E, 0x32,
    0xCA, 0x81, 0xE2, 0x54, 0x6C, 0xE5, 0x3F, 0x1A, 0x04, 0xC7, 0xDF, 0xC3, 0x89, 0x30, 0x4A, 0xF4,
    0x3A, 0x52, 0x65, 0x3F, 0x39, 0x75, 0x6A, 0x0C, 0x44, 0xB2, 0x8D, 0xDA, 0x82, 0x7E, 0xE2, 0x75,
    0x0E, 0xAA, 0xDE, 0xA5, 0xAD, 0x5A, 0x82, 0x1E, 0xA2, 0xD4, 0x19, 0x70, 0x93, 0x56, 0x27, 0x80,
    0xFF, 0x4A, 0xF9, 0x2B, 0x05, 0xF1, 0x8B, 0x11, 0x58, 0xAA, 0xF4, 0x7B, 0x97, 0x37, 0x2A, 0xFC,
    0xDE, 0xD5, 0x41, 0x77, 0xEE, 0x04, 0xAE, 0x0A, 0xBF, 0x0A, 0xDA, 0xBE, 0x7D, 0xAC, 0xD4, 0xBF,
    0x16, 0xA9, 0x45, 0xA4, 0xEA, 0xF2, 0xE2, 0x7B, 0x5F, 0xFB, 0xBF, 0x2D, 0xF1, 0xF5, 0x40, 0x41,
    0xE2, 0x77, 0x44, 0xE2, 0xDB, 0xD7, 0x20, 0xF1, 0x54, 0x6C, 0x6C, 0x4F, 0x89, 0x27, 0x75, 0x4B,
    0x4A, 0x24, 0x3E, 0xDD, 0x18, 0x55, 0x8A, 0x30, 0x7A, 0x33, 0xBF, 0x75, 0xD9, 0xAB, 0xC4, 0x67,
    0x5E, 0xDF, 0xCB, 0x2A, 0xFB, 0x09, 0x97, 0x3F, 0xEF, 0x9D, 0x52, 0x45, 0xBA, 0x36, 0x6A, 0x9B,
    0xFA, 0x43, 0xD3, 0xF8, 0xC4, 0x6F, 0x82, 0xC2, 0x8B, 0xC5, 0xEF, 0x55, 0xE2, 0x2E, 0x6F, 0x7B,
    0x95, 0xB8, 0x68, 0xA8, 0x31, 0x73, 0xC5, 0x2D, 0x8C, 0x2A, 0x9A, 0x2C, 0x52, 0x69, 0xA4, 0x92,
    0xF8, 0xB9, 0xE1, 0x6B, 0xC2, 0xE5, 0xA1, 0xEB, 0x85, 0x0B, 0x96, 0xC6, 0x2D, 0xC8, 0x42, 0xE5,
    0x30, 0x2F, 0x87, 0x7F, 0x9D, 0x72, 0x2A, 0x31, 0x4C, 0x95, 0x8E, 0xDA, 0x85, 0xE6, 0xDA, 0x51,
    0x7D, 0x76, 0x84, 0x51, 0x71, 0x61, 0xE5, 0xFC, 0x43, 0x73, 0xFE, 0x8E, 0xF9, 0x1C, 0xE2, 0xCF,
    0x67, 0x30, 0x78, 0x05, 0x34, 0xC7, 0xBE, 0x6F, 0x21, 0x3E, 0x61, 0xAE, 0x73, 0x13, 0x91, 0x43,
    0xE7, 0xA6, 0xA2, 0x91, 0x9D, 0x9B, 0x7D, 0xE2, 0xE4, 0x1D, 0x51, 0x2B, 0xF9, 0xCC, 0xB4, 0xC5,
    0xB8, 0x26, 0x1B, 0x97, 0xCB, 0xCF, 0xD6, 0x34, 0xA2, 0x73, 0xAE, 0xE1, 0xA4, 0xF6, 0x5C, 0xC4,
    0xF8, 0x9E, 0x77, 0x05, 0xCC, 0x69, 0x85, 0xBF, 0xB5, 0xE5, 0xA8, 0xEB, 0x35, 0xBE, 0x5F, 0xF5,
    0x85, 0x2E, 0x7A, 0x5D, 0xEF, 0xAA, 0x4A, 0x17, 0x14, 0x6E, 0x62, 0xC6, 0x21, 0xD8, 0x8B, 0xCC,
    0x5E, 0xE7, 0xE5, 0xAE, 0x46, 0x04, 0x7B, 0x38, 0x2F, 0x77, 0x3F, 0x37, 0x35, 0xC5, 0x4E, 0xD7,
    0x63, 0x7D, 0x09, 0xB6, 0x52, 0xA5, 0x72, 0xB4, 0x2D, 0x29, 0x97, 0xA4, 0x53, 0xC9, 0x90, 0x7B,
    0x91, 0x4D, 0xBA, 0x52, 0xE9, 0x4C, 0x97, 0x2A, 0x9F, 0xA9, 0x49, 0x28, 0x3C, 0xF9, 0xEF, 0x22,
    0x25, 0x7C, 0x1E, 0x72, 0x92, 0x27, 0x25, 0x25, 0x2B, 0x92, 0xB2, 0x92, 0x35, 0x4A, 0x69, 0x41,
    0x95, 0x20, 0x2F, 0x79, 0x52, 0x62, 0xF2, 0xA4, 0xCC, 0xE4, 0x73, 0x94, 0x9A, 0xBC, 0x29, 0x72,
    0x53, 0x29, 0x26, 0xA7, 0x87, 0xA9, 0xF9, 0x99, 0xD4, 0x7C, 0x51, 0x72, 0xC8, 0x87, 0x7E, 0x4F,
    0xDB, 0xB1, 0x38, 0x8C, 0x4B, 0x73, 0xD9, 0xE1, 0xA1, 0x6F, 0xCE, 0x96, 0xE3, 0x1F, 0xA0, 0x91,
    0x51, 0xAE, 0x57, 0xF6, 0xB8, 0xC6, 0x50, 0x05, 0xBF, 0xD6, 0x54, 0x31, 0x53, 0xF1, 0x67, 0x7F,
    0xC8, 0xDF, 0x93, 0xBD, 0xC2, 0x5F, 0x20, 0xA6, 0x9F, 0x72, 0xBD, 0xD5, 0xA9, 0xB8, 0xF1, 0xD1,
    0x64, 0xCB, 0xC7, 0x8D, 0xDE, 0x9D, 0x60, 0x81, 0xB5, 0xFA, 0xC0, 0x3A, 0x53, 0x1B, 0xE4, 0x12,
    0x89, 0x70, 0xE4, 0xFF, 0xB3, 0xA5, 0x77, 0x99, 0x70, 0xDC, 0x14, 0x22, 0x6A, 0x79, 0x64, 0xFA,
    0x70, 0xC7, 0xC7, 0x0D, 0x87, 0x27, 0x24, 0xE6, 0x45, 0x1E, 0xA2, 0x2A, 0xDB, 0x6F, 0x37, 0x14,
    0x87, 0x7C, 0xC4, 0x5D, 0xD1, 0x07, 0xD7, 0xC4, 0x98, 0xA7, 0xBD, 0x6A, 0xE4, 0xF0, 0xC6, 0x66,
    0x96, 0x96, 0x16, 0xB1, 0x83, 0x7C, 0xDD, 0x91, 0x19, 0x8D, 0x9A, 0xC1, 0xF9, 0x9F, 0x94, 0x85,
    0xFB, 0xFB, 0x50, 0x2F, 0x48, 0x56, 0x7C, 0x1A, 0x06, 0x3A, 0xA3, 0xAD, 0x91, 0xA1, 0x4D, 0xB6,
    0xA2, 0x9D, 0xFE, 0x81, 0xC7, 0x67, 0x0B, 0x59, 0xFA, 0x73, 0xFF, 0xFC, 0x4A, 0xFE, 0x6A, 0xDA,
    0xE6, 0xFE, 0x0F, 0x4B, 0xBF, 0x4A, 0x57, 0x50, 0xF1, 0x75, 0xB6, 0xCD, 0x5E, 0xD9, 0x8A, 0x46,
    0x90, 0xBF, 0xC9, 0xBD, 0xEC, 0x95, 0x56, 0x5E, 0x60, 0x81, 0x88, 0xC1, 0x9E, 0xDF, 0xDE, 0xDA,
    0x0B, 0x89, 0xD4, 0x0A, 0x31, 0xD7, 0xF2, 0x31, 0x79, 0x91, 0xAD, 0x45, 0x9F, 0xAF, 0x6E, 0xD2,
    0x95, 0x08, 0x08, 0xA6, 0x4D, 0xFE, 0x68, 0x7D, 0x7B, 0xC5, 0xB8, 0x02, 0x91, 0x8C, 0xCB, 0x7E,
    0xB6, 0xA2, 0xB1, 0xDD, 0x3B, 0xC3, 0x34, 0x7D, 0xBA, 0x1A, 0x69, 0xBD, 0x1F, 0xBF, 0x28, 0xC6,
    0x2F, 0xB2, 0xF1, 0x8B, 0xD9, 0xF8, 0x85, 0x9B, 0x55, 0x23, 0xBA, 0x51, 0x41, 0x7D, 0xB8, 0x4C,
    0x56, 0x62, 0x92, 0x94, 0x5E, 0xA5, 0x9D, 0xD0, 0x14, 0xD3, 0x1F, 0x2C, 0xB3, 0xCD, 0xEC, 0x7E,
    0x49, 0x29, 0x4D, 0x57, 0x79, 0x8D, 0x29, 0x80, 0x90, 0x64, 0x98, 0x85, 0xD0, 0x94, 0x51, 0xE2,
    0xBB, 0x7C, 0xD6, 0x98, 0x88, 0xF2, 0x0A, 0xEF, 0xAB, 0x84, 0xC4, 0x22, 0xCF, 0x82, 0x80, 0x5C,
    0xD2, 0xE3, 0x67, 0x21, 0x9F, 0xCA, 0xDD, 0x58, 0x0B, 0x4D, 0xF1, 0x54, 0x99, 0xAF, 0x40, 0x43,
    0x3A, 0x55, 0xD6, 0x61, 0x3C, 0x14, 0x8E, 0xCB, 0xB6, 0xA4, 0x29, 0x9B, 0x89, 0x5F, 0x81, 0x56,
    0xD1, 0x4C, 0x37, 0xA0, 0x55, 0x32, 0xAE, 0x86, 0x2E, 0xA8, 0x60, 0x5C, 0xF6, 0xE7, 0xCD, 0x60,
    0x0D, 0x7C, 0x33, 0x12, 0xD2, 0x88, 0x2E, 0x46, 0x74, 0xD6, 0x5C, 0xEE, 0xBB, 0xDA, 0x81, 0xEC,
    0xCC, 0x34, 0xCE, 0xB7, 0xCE, 0x3C, 0x47, 0xE3, 0xFD, 0x52, 0x5C, 0x07, 0x62, 0xA6, 0xDB, 0xDB,
    0xE3, 0xF5, 0xF6, 0x35, 0xFE, 0x1E, 0x51, 0xDE, 0x4D, 0xAF, 0xBF, 0x32, 0x7F, 0x50, 0x15, 0x3D,
    0x74, 0xB8, 0x11, 0x6F, 0xB9, 0x96, 0x15, 0x83, 0xF0, 0x69, 0xEF, 0xD8, 0xF7, 0x08, 0x66, 0x24,
    0x66, 0xCA, 0xFE, 0xAC, 0x3C, 0x15, 0xF3, 0x9D, 0xAE, 0x18, 0x33, 0xED, 0xD3, 0x09, 0xCF, 0x1A,
    0x09, 0x63, 0x6E, 0xC2, 0x47, 0xAF, 0xA7, 0xBE, 0xEB, 0x5C, 0x4F, 0x7F, 0x81, 0x98, 0x89, 0x5E,
    0x5A, 0x63, 0xA6, 0x1C, 0x3E, 0x46, 0x63, 0xA6, 0x45, 0x03, 0x12, 0x9E, 0xB1, 0xFF, 0x06, 0x57,
    0xAC, 0xC5, 0x4C, 0x5C, 0x58, 0x16, 0x33, 0xF5, 0x43, 0xCC, 0xD4, 0x0F, 0x31, 0x53, 0x3F, 0xC4,
    0x4C, 0xA3, 0xB8, 0xA7, 0x1F, 0xB3, 0x3F, 0xAC, 0x95, 0xF5, 0x88, 0xD4, 0x45, 0x43, 0x6F, 0xC9,
    0x41, 0xE8, 0xFA, 0x55, 0x5D, 0x20, 0x49, 0x55, 0x50, 0x92, 0x9A, 0x90, 0xB6, 0x13, 0xF1, 0x93,
    0x54, 0x84, 0xC9, 0xF6, 0xB8, 0xE9, 0x4D, 0x0F, 0x16, 0xBE, 0xE9, 0x4D, 0x0D, 0xE8, 0x5C, 0x55,
    0x0B, 0xE6, 0xE4, 0x8D, 0x4A, 0x50, 0x57, 0x64, 0x13, 0x3A, 0xB0, 0x51, 0xDE, 0xA0, 0x02, 0x9E,
    0x71, 0x10, 0x35, 0xA0, 0x96, 0xF0, 0xC7, 0x14, 0x20, 0xF7, 0xAB, 0x3E, 0xCC, 0xFF, 0xBC, 0x8F,
    0x5C, 0x24, 0xA3, 0x98, 0x20, 0x1F, 0xC8, 0xE9, 0x40, 0xCA, 0x04, 0x90, 0xB7, 0xF6, 0x69, 0x37,
    0xB7, 0x39, 0x6E, 0x0B, 0x87, 0x7D, 0x19, 0xD8, 0x3C, 0x9C, 0xBF, 0xBD, 0xAD, 0x55, 0xE7, 0xDD,
    0xEC, 0xE3, 0x36, 0xAB, 0xD4, 0x2E, 0x4C, 0xFC, 0x32, 0x2F, 0xCD, 0x2A, 0xC8, 0x8F, 0x28, 0x9B,
    0x32, 0xA1, 0x62, 0x91, 0xC9, 0xA6, 0x04, 0x04, 0x0F, 0x0F, 0x95, 0xCD, 0x6F, 0x2F, 0x67, 0x4D,
    0xBA, 0x22, 0x9B, 0x12, 0x11, 0x37, 0xC2, 0x02, 0xD8, 0x04, 0x29, 0x7E, 0xFD, 0x94, 0x56, 0x72,
    0xEA, 0x45, 0x63, 0xC8, 0xA6, 0x04, 0x6E, 0xEB, 0x13, 0x65, 0x73, 0xE1, 0x5E, 0x2C, 0x0F, 0x94,
    0xCD, 0x42, 0x06, 0x70, 0xA2, 0x6C, 0x22, 0x36, 0xEB, 0x95, 0xCD, 0x29, 0xED, 0xA5, 0x71, 0x79,
    0xBF, 0x6E, 0x63, 0x5C, 0x16, 0xF7, 0x1C, 0x13, 0xDF, 0x8D, 0xA6, 0x70, 0x64, 0xF9, 0xCA, 0x38,
    0x85, 0xC1, 0xEA, 0x51, 0x1E, 0xCA, 0x9B, 0xD7, 0x05, 0x01, 0xDE, 0x68, 0x78, 0x74, 0x31, 0x8B,
    0xB1, 0x0D, 0xD6, 0xAE, 0x17, 0xBD, 0xB7, 0x29, 0xEC, 0xAF, 0x78, 0xB3, 0x74, 0x95, 0xC5, 0x92,
    0x98, 0x42, 0x86, 0x9A, 0x3A, 0x85, 0x8C, 0x35, 0x8D, 0x37, 0x7E, 0x80, 0xBC, 0xF5, 0xF4, 0x93,
    0xE4, 0xAD, 0xD7, 0xB5, 0x57, 0x33, 0xF2, 0x64, 0x80, 0x07, 0xDE, 0x7A, 0x17, 0xC3, 0xFA, 0x21,
    0xE2, 0x1C, 0x85, 0x9C, 0x1A, 0x73, 0x2E, 0x2E, 0x37, 0xEB, 0x23, 0xEE, 0x02, 0x7B, 0xFA, 0xDB,
    0x8C, 0x3F, 0x2F, 0x41, 0x58, 0x60, 0xD0, 0xCB, 0x8C, 0x19, 0x87, 0xDD, 0x0D, 0xF9, 0x51, 0x63,
    0xB1, 0x73, 0x79, 0xB4, 0xE7, 0x9D, 0x2B, 0x44, 0xEA, 0x81, 0xC9, 0x05, 0xBC, 0x83, 0x72, 0x39,
    0xD9, 0x80, 0x0B, 0xD5, 0x54, 0xDF, 0xC1, 0xC3, 0x93, 0xCF, 0xC2, 0x2F, 0xE1, 0xA8, 0xC8, 0xE8,
    0x95, 0xBF, 0x72, 0xF3, 0x68, 0xAE, 0x2C, 0xEC, 0x05, 0xAB, 0x4F, 0x8B, 0x91, 0x0F, 0x76, 0x3C,
    0xF3, 0xBE, 0x1D, 0xE2, 0x5A, 0x3F, 0x58, 0xE4, 0x7F, 0xEE, 0x37, 0x23, 0xEB, 0x3C, 0xB6, 0xEF,
    0xF9, 0x38, 0xE2, 0x1E, 0x7D, 0xC8, 0xFD, 0xDA, 0x8E, 0xAF, 0xF3, 0x3B, 0x2F, 0x82, 0xAF, 0xAB,
    0xFD, 0xBF, 0x3D, 0xFA, 0x7E, 0xF0, 0x75, 0x5E, 0xD6, 0x58, 0xF0, 0x75, 0x69, 0x9F, 0xAD, 0x4D,
    0x30, 0xA2, 0xBF, 0x6D, 0x3A, 0xD2, 0xEB, 0x06, 0x7E, 0x90, 0xA2, 0x99, 0xAE, 0xE6, 0xE5, 0x57,
    0xF6, 0xEA, 0x86, 0xB2, 0x79, 0xBE, 0xCD, 0xCB, 0x5C, 0xFE, 0xD5, 0xB4, 0x7B, 0x5E, 0xF9, 0x95,
    0x4C, 0x21, 0xA4, 0x73, 0xAB, 0xCB, 0xB8, 0x8E, 0x4C, 0x0B, 0xA6, 0xFE, 0x17, 0x78, 0x41, 0xF9,
    0x2C, 0xDC, 0xE9, 0x04, 0x2F, 0x28, 0x20, 0xF9, 0x78, 0x8A, 0x17, 0x94, 0x90, 0x98, 0x2E, 0xF9,
    0x1B, 0x26, 0x22, 0x09, 0x65, 0xE6, 0xCB, 0x22, 0x2C, 0x69, 0x19, 0x7F, 0x35, 0x24, 0x03, 0x10,
    0xF8, 0xC4, 0xF5, 0x5B, 0x1F, 0xC6, 0x08, 0xEE, 0x7C, 0x32, 0xE2, 0xDC, 0x8B, 0xF1, 0xD7, 0x7C,
    0x87, 0x8E, 0x82, 0x5A, 0xCD, 0xFD, 0x98, 0x8E, 0xF1, 0xC1, 0x6A, 0xFE, 0xFD, 0x21, 0x3C, 0x98,
    0x97, 0x21, 0x3A, 0x58, 0x08, 0x1D, 0x83, 0x03, 0xA1, 0x55, 0x93, 0x64, 0xFC, 0x42, 0xAB, 0x26,
    0xCD, 0x24, 0x34, 0x98, 0x97, 0xAA, 0x49, 0xF5, 0x3A, 0xC5, 0xCF, 0x42, 0x58, 0x2F, 0xFB, 0x12,
    0xB4, 0xC6, 0x05, 0x6B, 0x47, 0x9A, 0x61, 0xC1, 0x46, 0x16, 0xB5, 0xD0, 0x90, 0x54, 0x2A, 0x91,
    0xC4, 0x56, 0x68, 0x15, 0x94, 0xF8, 0x00, 0x71, 0x9D, 0xAA, 0x49, 0xFE, 0xF9, 0x07, 0x0F, 0x4B,
    0x73, 0x7C, 0xF3, 0xF7, 0xFE, 0x42, 0xD4, 0xD6, 0x22, 0x82, 0x8F, 0x57, 0xBE, 0x1C, 0x02, 0x82,
    0xA2, 0x1C, 0xE2, 0x81, 0xBC, 0xBC, 0x2C, 0x1C, 0x40, 0x34, 0xA0, 0x26, 0x0F, 0xD6, 0xA2, 0xDA,
    0xBB, 0x17, 0x5F, 0xE5, 0x32, 0x7B, 0xC1, 0x06, 0xCA, 0xEF, 0x7A, 0xD0, 0x53, 0x33, 0x0B, 0xDB,
    0x26, 0x8B, 0x37, 0x6B, 0x4C, 0x06, 0xE2, 0x61, 0xEA, 0x06, 0x2A, 0x42, 0x29, 0x88, 0xA6, 0x2C,
    0xB0, 0x1D, 0x52, 0x39, 0xC8, 0x2E, 0xE1, 0xA6, 0x4C, 0xB1, 0x85, 0x00, 0x32, 0x65, 0x07, 0x12,
    0xB4, 0x53, 0x16, 0xCF, 0x95, 0x32, 0x20, 0xBC, 0x52, 0x69, 0x2C, 0xE7, 0x1B, 0xB7, 0x48, 0xFE,
    0xB0, 0xA1, 0x3C, 0x5E, 0x5E, 0xCA, 0xEA, 0x5E, 0xC0, 0xE7, 0x43, 0x22, 0xAF, 0x34, 0xC9, 0xA9,
    0x5B, 0x20, 0xD5, 0x00, 0x99, 0x30, 0x42, 0x5D, 0xB4, 0xF0, 0xB3, 0x22, 0x15, 0x46, 0xD5, 0x37,
    0x31, 0x32, 0xC8, 0x85, 0x61, 0xEB, 0xC1, 0xC2, 0xAB, 0x02, 0x71, 0x87, 0x74, 0x70, 0xE5, 0x9E,
    0x69, 0x90, 0x70, 0xF5, 0xC1, 0xC1, 0xE0, 0xFB, 0x75, 0xE1, 0x07, 0x3B, 0x59, 0x8F, 0x5F, 0xE1,
    0x8D, 0x9D, 0x57, 0xE2, 0x73, 0xBF, 0x50, 0x9E, 0xC6, 0x1F, 0x0E, 0x79, 0x9A, 0x7E, 0xC8, 0xD3,
    0xF8, 0xD1, 0xC7, 0xCB, 0x47, 0xA4, 0xD0, 0x3E, 0xBF, 0xD5, 0xEE, 0x07, 0xAB, 0xDD, 0xBB, 0x68,
    0xB5, 0xFB, 0xC9, 0x60, 0xB5, 0x11, 0x08, 0x99, 0xD5, 0x4E, 0xBE, 0xA8, 0xD5, 0x6E, 0x07, 0xAB,
    0xBD, 0x1C, 0xAC, 0x76, 0x13, 0xAD, 0x76, 0xFD, 0x04, 0x56, 0xFB, 0x91, 0xFB, 0xB5, 0xD1, 0x96,
    0x6D, 0x37, 0x24, 0x1B, 0x89, 0xE9, 0x92, 0x74, 0xD6, 0x68, 0x07, 0xB7, 0xFB, 0x63, 0xD3, 0x41,
    0xD1, 0x87, 0xAD, 0xED, 0xC5, 0xBC, 0x97, 0x2E, 0x71, 0xDD, 0xE9, 0xEA, 0xF6, 0x72, 0x1D, 0x4D,
    0x62, 0xDE, 0xC7, 0xE0, 0x1F, 0x1B, 0xDF, 0xA0, 0xD6, 0xA2, 0xD7, 0x41, 0xA7, 0x67, 0xC1, 0x15,
    0x72, 0x07, 0x6C, 0x41, 0x6D, 0x11, 0x85, 0xAA, 0x3B, 0x62, 0x0A, 0x95, 0xDB, 0x62, 0x0D, 0xF7,
    0xB9, 0x37, 0x56, 0x0D, 0xE6, 0x06, 0x99, 0x42, 0xD5, 0x5D, 0x32, 0x85, 0xAA, 0x5B, 0x65, 0x0A,
    0x55, 0xF7, 0xCB, 0x41, 0x2B, 0xF3, 0x90, 0x61, 0xAC, 0x07, 0x47, 0x31, 0x1F, 0x74, 0x57, 0x76,
    0x82, 0x23, 0x36, 0xB7, 0x03, 0xA5, 0x4C, 0x9E, 0x1E, 0x05, 0xC3, 0xBF, 0x1F, 0xF5, 0x66, 0x3F,
    0xAA, 0xCD, 0x7E, 0xD4, 0x9A, 0x7D, 0xF9, 0x9F, 0xF2, 0xB7, 0xEF, 0x6C, 0xBD, 0x96, 0xFB, 0x62,
    0x1E, 0x94, 0xBB, 0xFD, 0x99, 0xD7, 0x75, 0x2A, 0x5B, 0xB4, 0x1F, 0xEB, 0x1A, 0x5D, 0xCE, 0xBD,
    0x2C, 0x45, 0xB0, 0xD6, 0x4E, 0xEE, 0xA5, 0x4B, 0x72, 0x86, 0x44, 0xC0, 0x92, 0x8C, 0xF5, 0xDC,
    0x5B, 0xC0, 0x28, 0x16, 0x3A, 0x3F, 0xC2, 0xD6, 0x7C, 0xE9, 0xCC, 0x3A, 0xCD, 0xB6, 0x77, 0x7C,
    0x88, 0x62, 0x62, 0x2A, 0xE7, 0xAA, 0xFF, 0x32, 0xD7, 0xC0, 0x69, 0x5C, 0x03, 0xE9, 0xB0, 0x06,
    0x26, 0xFF, 0x4F, 0xAC, 0x81, 0xD1, 0x06, 0x63, 0x6D, 0xB6, 0x37, 0xDF, 0x38, 0xDF, 0x2A, 0x89,
    0x3D, 0x46, 0x4B, 0x8E, 0x7F, 0x7F, 0x7B, 0xDC, 0x5A, 0xB8, 0x3D, 0x6D, 0x27, 0x7D, 0xA7, 0x1C,
    0x8B, 0xF2, 0x15, 0x5D, 0xF0, 0xD8, 0x8E, 0x7B, 0x26, 0xE1, 0x58, 0xDE, 0x95, 0xD8, 0x50, 0xBD,
    0xB5, 0xF0, 0xD8, 0x29, 0xC7, 0xCF, 0x6F, 0xB0, 0x87, 0x21, 0xC7, 0xB7, 0x3C, 0xF5, 0x8F, 0x1C,
    0x17, 0x24, 0xC9, 0xF1, 0x1E, 0xC9, 0xC2, 0x12, 0xF8, 0xA6, 0xA0, 0x46, 0x06, 0x13, 0xD6, 0xC5,
    0xFD, 0x16, 0x49, 0xDD, 0x6E, 0xB9, 0x6E, 0xBC, 0x4D, 0x7A, 0x72, 0x72, 0x27, 0x82, 0x6B, 0xC6,
    0x74, 0xF0, 0xBB, 0xF2, 0x55, 0x8E, 0x17, 0xBD, 0xCE, 0x73, 0xE9, 0xAE, 0xBE, 0x16, 0x03, 0x95,
    0x04, 0x81, 0xA9, 0xC5, 0x29, 0x29, 0x52, 0x00, 0x16, 0xA6, 0x4C, 0x5B, 0x71, 0x74, 0x16, 0xA5,
    0xCC, 0x96, 0x61, 0x6D, 0xBE, 0xB4, 0x9E, 0xAE, 0x92, 0x2E, 0x46, 0x70, 0x65, 0x64, 0x7E, 0xA3,
    0xAA, 0xA4, 0x11, 0xDC, 0x88, 0x7D, 0xB1, 0xE8, 0x49, 0x37, 0xC4, 0x27, 0x5C, 0x96, 0x21, 0x3C,
    0x59, 0x8D, 0xA2, 0x93, 0x66, 0x08, 0x4E, 0x86, 0x09, 0xE6, 0x7A, 0x8C, 0x5F, 0xDF, 0x1B, 0x93,
    0x3A, 0xC1, 0x37, 0xC4, 0xED, 0xE9, 0x61, 0xC6, 0x2F, 0x64, 0x41, 0x2F, 0x7A, 0xDD, 0x68, 0x9F,
    0x1D, 0xAF, 0x6E, 0xBE, 0x4E, 0xB6, 0x31, 0xF0, 0x03, 0xE5, 0x1A, 0x51, 0xD6, 0x81, 0x32, 0x3D,
    0x5B, 0x82, 0x0C, 0x5B, 0x2B, 0x21, 0xC9, 0x72, 0xD2, 0xE0, 0xB3, 0x66, 0x8C, 0xE6, 0xAB, 0x03,
    0xD3, 0xEE, 0x3D, 0x5F, 0x1D, 0x18, 0xBF, 0x62, 0x28, 0x0E, 0x42, 0xC0, 0x7A, 0x08, 0x52, 0xE3,
    0xB1, 0x35, 0x48, 0xCD, 0x3C, 0x78, 0x90, 0x3A, 0xD7, 0x8B, 0xD5, 0x41, 0x98, 0xEB, 0x69, 0x77,
    0x10, 0xE7, 0xBA, 0x1E, 0x9C, 0x68, 0x3E, 0x78, 0xC9, 0xE9, 0xE6, 0x52, 0xDF, 0xB9, 0xB9, 0x7C,
    0xAE, 0x57, 0x23, 0x52, 0x67, 0x1A, 0x09, 0x6F, 0x35, 0xBF, 0x7A, 0xF6, 0x40, 0x8E, 0x41, 0x96,
    0x96, 0x57, 0x58, 0xC3, 0x0A, 0x92, 0x63, 0x21, 0x6B, 0xDB, 0x4C, 0x26, 0xB2, 0x45, 0xB6, 0xCD,
    0xE4, 0xB3, 0xEB, 0xFC, 0xA3, 0xB5, 0x69, 0xF7, 0xDA, 0xDF, 0xB6, 0xF5, 0x7C, 0xEB, 0xE3, 0x3E,
    0x84, 0xE8, 0xA2, 0xF3, 0xF0, 0x07, 0xE0, 0x38, 0xF1, 0x4C, 0xCF, 0x81, 0xE3, 0x64, 0x0B, 0x23,
    0xA5, 0x1C, 0x7F, 0x97, 0xA4, 0x69, 0x37, 0x49, 0xE5, 0x38, 0x1D, 0xB9, 0x91, 0x11, 0x39, 0xAC,
    0xDC, 0xC9, 0x40, 0x26, 0xEB, 0x0B, 0x1C, 0xB7, 0x33, 0xEC, 0xDE, 0x6D, 0x5F, 0x09, 0x52, 0x63,
    0xAA, 0xE2, 0xBF, 0xA4, 0xBF, 0x34, 0xD5, 0xC6, 0xA4, 0x99, 0x66, 0xDF, 0x94, 0xD8, 0xC6, 0x2C,
    0x98, 0xF0, 0x67, 0x1C, 0xEB, 0x0E, 0x41, 0x2D, 0x58, 0x06, 0xDE, 0x62, 0x34, 0x69, 0x4A, 0x8D,
    0x60, 0x32, 0xE4, 0x98, 0xD6, 0x1C, 0x59, 0x08, 0x25, 0xCD, 0x82, 0x21, 0x92, 0x0C, 0x16, 0xEC,
    0xC6, 0x26, 0x1D, 0xE5, 0x96, 0x82, 0x3A, 0xBB, 0xF9, 0xCF, 0xDA, 0x21, 0xAF, 0x34, 0x30, 0x54,
    0x0F, 0x64, 0x3E, 0xF2, 0xCD, 0x03, 0x29, 0x16, 0xE6, 0x71, 0x13, 0x8B, 0xD4, 0x5A, 0xF0, 0xAB,
    0x10, 0x54, 0x08, 0x9C, 0x27, 0x81, 0x4D, 0x92, 0xCA, 0xE6, 0xEC, 0xDE, 0x24, 0xB0, 0x59, 0xFB,
    0x89, 0xB1, 0xF9, 0x9C, 0xF7, 0x3F, 0x31, 0x36, 0x6F, 0xAF, 0xA7, 0x1F, 0x19, 0x9B, 0x2F, 0xAF,
    0x9C, 0x37, 0x36, 0x5F, 0x11, 0x1B, 0x68, 0x6C, 0xCA, 0x04, 0x67, 0xC6, 0x66, 0xBA, 0x8E, 0x86,
    0x5A, 0x7E, 0xF3, 0x24, 0xB0, 0x59, 0x2B, 0x09, 0x36, 0xFF, 0xC9, 0x78, 0xDE, 0x3E, 0x0F, 0xE9,
    0xD2, 0x51, 0xB2, 0x48, 0x34, 0x42, 0xA7, 0x36, 0x11, 0x11, 0x87, 0x69, 0xCE, 0xFC, 0x26, 0xCE,
    0xF3, 0xE2, 0xBE, 0xBF, 0x6D, 0x12, 0x10, 0x65, 0xCB, 0x7E, 0x66, 0x22, 0x40, 0xB2, 0xF3, 0x53,
    0x93, 0x41, 0x76, 0x56, 0xC6, 0xB9, 0xCE, 0x64, 0x07, 0x15, 0x26, 0x3B, 0xF5, 0x6D, 0x9D, 0x85,
    0xD9, 0x2E, 0xCF, 0xFA, 0x69, 0x8C, 0x2F, 0x24, 0xBA, 0x8D, 0x01, 0x86, 0x6F, 0xC2, 0x84, 0x57,
    0x89, 0x8F, 0x33, 0x8E, 0x20, 0x3D, 0x4E, 0x79, 0xDA, 0x0E, 0x5E, 0xCB, 0x55, 0x83, 0x0D, 0x0B,
    0x6A, 0x6C, 0x56, 0x3C, 0x1D, 0xF3, 0xF8, 0x39, 0xE9, 0x5D, 0x5B, 0x6E, 0x82, 0x08, 0x2F, 0x28,
    0x89, 0x3B, 0xDC, 0x8F, 0xDB, 0x2A, 0x4F, 0x6D, 0x9B, 0xA2, 0xEB, 0x5C, 0x94, 0x6C, 0xD8, 0x92,
    0x8B, 0x29, 0x89, 0x16, 0x1D, 0xD9, 0xFD, 0xAD, 0x8F, 0x39, 0xC4, 0xBA, 0xEC, 0xA2, 0x3C, 0xB0,
    0x49, 0x9F, 0x98, 0x3F, 0xAB, 0x18, 0x4F, 0x59, 0x02, 0xE9, 0xB6, 0x87, 0xF1, 0x36, 0x3B, 0x77,
    0x7B, 0x6D, 0x2F, 0x74, 0x15, 0x54, 0xF2, 0x62, 0x63, 0x2B, 0x5F, 0x62, 0x8D, 0xAE, 0x08, 0x89,
    0xA4, 0xAB, 0xBE, 0xEC, 0x8A, 0x75, 0x10, 0x4B, 0xBE, 0xEA, 0x62, 0x26, 0x42, 0x04, 0x39, 0xF6,
    0x58, 0xF5, 0xF8, 0x45, 0x3E, 0x7E, 0x31, 0x1B, 0xBF, 0x98, 0x74, 0xE7, 0x83, 0xDC, 0xC5, 0xD8,
    0xC9, 0x35, 0xD7, 0xF4, 0xA0, 0x75, 0xC8, 0xC6, 0x37, 0xFC, 0x16, 0x1F, 0xC8, 0xA1, 0xEA, 0xA1,
    0x6A, 0xAA, 0x07, 0xAA, 0xA9, 0x1D, 0xA6, 0xEA, 0x41, 0xAA, 0x1D, 0xA2, 0x86, 0x03, 0x54, 0x0B,
    0x83, 0xEC, 0xE0, 0xD4, 0x12, 0x80, 0x21, 0xF9, 0x67, 0x89, 0x3F, 0x4B, 0xFA, 0x4D, 0xD4, 0x8D,
    0xCF, 0x2C, 0x1F, 0xB1, 0x3E, 0x01, 0x87, 0x5B, 0x64, 0x97, 0x60, 0xB8, 0x4F, 0x74, 0xDF, 0xC8,
    0xC7, 0xD5, 0xCD, 0x89, 0x0E, 0xBC, 0xDF, 0xC9, 0x98, 0xF5, 0x97, 0xCD, 0xF7, 0x78, 0xBA, 0x97,
    0x23, 0xDF, 0x5D, 0x5D, 0xF4, 0xDD, 0xEE, 0x2B, 0x31, 0x48, 0x13, 0xFE, 0xAA, 0x90, 0x2C, 0xCE,
    0x9A, 0xBC, 0xD4, 0xED, 0xFF, 0xCC, 0xCF, 0x64, 0xDB, 0x5F, 0xB4, 0x2E, 0x66, 0x18, 0xB6, 0x36,
    0xCD, 0xB7, 0xDB, 0xB9, 0xEF, 0x6C, 0x96, 0x6F, 0x75, 0x33, 0xBF, 0x3C, 0x09, 0xA1, 0x5A, 0xF2,
    0x27, 0x18, 0x3A, 0xF5, 0x5E, 0xDE, 0x00, 0x4D, 0xBD, 0x2F, 0x94, 0xE6, 0x0C, 0x23, 0x0D, 0x13,
    0x72, 0x85, 0xCC, 0xCE, 0xDB, 0xFC, 0xC2, 0xBC, 0x46, 0x3D, 0xAE, 0x47, 0x7E, 0x7C, 0x3E, 0xDE,
    0xA8, 0x1D, 0xBF, 0x36, 0xF0, 0xBB, 0xD8, 0xC9, 0xA7, 0xD4, 0x16, 0x51, 0xE7, 0xC6, 0x5F, 0x6E,
    0x6A, 0x9C, 0x87, 0x24, 0xB8, 0x29, 0x6F, 0x8E, 0x3C, 0x87, 0xE8, 0x6D, 0x6E, 0x2A, 0x9B, 0xDB,
    0xFA, 0xCD, 0x95, 0x07, 0x79, 0x5F, 0xC7, 0x9F, 0x73, 0xEC, 0xA7, 0x78, 0xA6, 0x40, 0x87, 0xE4,
    0x16, 0xEC, 0xE7, 0x1C, 0xAF, 0x88, 0x49, 0x35, 0x6F, 0x99, 0xDB, 0x6C, 0xE6, 0xB6, 0xC1, 0xBC,
    0x61, 0xA9, 0x89, 0x87, 0xFA, 0x4C, 0x7D, 0xD8, 0xA9, 0x5B, 0x8E, 0x53, 0xE7, 0xE1, 0x9F, 0xCA,
    0xEF, 0x5B, 0x9C, 0x0F, 0xB8, 0x4C, 0x1B, 0x79, 0xA4, 0x45, 0x04, 0x45, 0x67, 0x1A, 0x99, 0xB6,
    0xA6, 0x93, 0x62, 0xE5, 0x54, 0x2B, 0xC5, 0x2D, 0xAA, 0x5E, 0x22, 0xB4, 0xA7, 0x66, 0x92, 0x80,
    0x6E, 0xCA, 0x67, 0x54, 0x3B, 0x69, 0x9A, 0xA0, 0x9F, 0x20, 0xA8, 0xA1, 0x0C, 0xA4, 0xA1, 0x3B,
    0x90, 0x3A, 0xB5, 0x14, 0x7E, 0x92, 0x7A, 0x9A, 0x04, 0x4D, 0xA5, 0xE7, 0x84, 0xAE, 0xD2, 0xD2,
    0x42, 0x5B, 0x71, 0xC4, 0xC5, 0x04, 0x75, 0xD8, 0xF4, 0x84, 0x43, 0xAE, 0x78, 0xCA, 0xC5, 0x63,
    0xAE, 0xBF, 0x96, 0x85, 0x75, 0xBA, 0xB3, 0xB0, 0xA0, 0x3B, 0x1D, 0x37, 0xA7, 0xE2, 0x56, 0x92,
    0x94, 0x1A, 0x93, 0xB6, 0x32, 0x2B, 0x2B, 0x24, 0x6E, 0xF4, 0xE1, 0x8E, 0x7F, 0x5F, 0xA3, 0x43,
    0x21, 0x91, 0x96, 0x45, 0xA8, 0x20, 0x03, 0xBA, 0xAD, 0x09, 0x16, 0x9C, 0xD4, 0xEC, 0xC1, 0x2B,
    0xEA, 0xEC, 0xAD, 0xC6, 0x47, 0x31, 0x93, 0xC3, 0xF1, 0x52, 0x6A, 0xC7, 0xF4, 0xB0, 0x94, 0xCE,
    0x0E, 0xE3, 0x52, 0x12, 0x21, 0x06, 0x2F, 0x0A, 0x5A, 0xD5, 0x6D, 0x76, 0x6F, 0xEF, 0xA7, 0x6B,
    0x53, 0xB9, 0xDA, 0xCF, 0x85, 0x23, 0x4D, 0xB7, 0x33, 0x61, 0x1F, 0x96, 0x52, 0x86, 0x04, 0x9F,
    0x9E, 0x4B, 0xAD, 0xD2, 0x35, 0x4F, 0xA5, 0x11, 0x32, 0x2C, 0x93, 0x75, 0xD8, 0xF5, 0x88, 0x5F,
    0x25, 0x4D, 0x73, 0xB9, 0xE6, 0xEF, 0xE7, 0x52, 0x82, 0x29, 0xA6, 0x51, 0xC1, 0x52, 0xF2, 0x8D,
    0x2E, 0x9F, 0x5A, 0xC1, 0x1A, 0xC3, 0x52, 0xD2, 0xCF, 0xC4, 0xF5, 0xFE, 0x04, 0xF4, 0x38, 0x5E,
    0xCA, 0x46, 0xA4, 0xED, 0xF8, 0xD6, 0x53, 0x71, 0x88, 0x4A, 0x6E, 0x73, 0xFF, 0xBE, 0x2E, 0xB9,
    0x3F, 0xA9, 0xEB, 0x63, 0x6F, 0xAB, 0x6E, 0xD6, 0x4B, 0x30, 0xA7, 0xD2, 0x90, 0xE1, 0x2E, 0x2A,
    0x15, 0x86, 0x90, 0x79, 0xA5, 0xB2, 0x98, 0x02, 0x36, 0x65, 0x87, 0x74, 0x32, 0x6F, 0x15, 0x25,
    0xF1, 0x2D, 0xBF, 0xE8, 0x32, 0xDD, 0xCD, 0xBE, 0xBC, 0x11, 0xA1, 0x68, 0xCA, 0xF2, 0xF6, 0xA1,
    0x7B, 0x43, 0x48, 0x5A, 0x14, 0x03, 0x32, 0xD9, 0x56, 0x48, 0xC8, 0xB0, 0x15, 0xCA, 0xAA, 0xB8,
    0x15, 0x42, 0xC6, 0xC6, 0xBC, 0x28, 0x48, 0x73, 0xA2, 0x9F, 0x13, 0x2B, 0x75, 0x99, 0xFB, 0xEC,
    0x46, 0xA4, 0xBA, 0xCE, 0xB3, 0xE1, 0xAC, 0x85, 0xB8, 0x0C, 0x73, 0x9B, 0xEB, 0x70, 0xD6, 0xE2,
    0xA6, 0x38, 0x08, 0x31, 0x97, 0xB9, 0x58, 0xF5, 0xD1, 0x61, 0xF6, 0x27, 0xD1, 0x5D, 0xD6, 0xE1,
    0xAC, 0x65, 0xD1, 0xCE, 0x07, 0x57, 0x99, 0xF6, 0x83, 0xA3, 0xEC, 0x83, 0x9B, 0x3C, 0x0C, 0x67,
    0x2D, 0x06, 0x52, 0x20, 0xC7, 0x8A, 0x52, 0x30, 0x07, 0xD9, 0xC6, 0xB3, 0x96, 0x89, 0xB9, 0x89,
    0x91, 0xAB, 0x70, 0xC3, 0xF1, 0xF0, 0x79, 0x54, 0x4D, 0x3F, 0x56, 0xF5, 0x1D, 0x9A, 0x8C, 0x1A,
    0x0C, 0x4E, 0xB7, 0x3E, 0x8A, 0x83, 0x23, 0xAB, 0x06, 0x84, 0xB3, 0xD9, 0x25, 0x12, 0xCE, 0x98,
    0x25, 0x14, 0xCE, 0xB8, 0x25, 0x16, 0xCE, 0xF6, 0x3F, 0x04, 0xC3, 0x59, 0xB4, 0x44, 0x34, 0x9C,
    0x45, 0x4B, 0x84, 0xC3, 0xD9, 0x1C, 0x13, 0x0F, 0xA7, 0x59, 0x45, 0x03, 0xC4, 0x31, 0x23, 0x63,
    0x88, 0x38, 0x86, 0x8E, 0x06, 0x89, 0x23, 0xD7, 0x86, 0x89, 0x23, 0xDB, 0xBB, 0xA0, 0xB8, 0x27,
    0xA5, 0x23, 0xBF, 0xFD, 0x40, 0x99, 0x17, 0x39, 0x3A, 0x7A, 0x43, 0x35, 0x1A, 0x96, 0x4A, 0x15,
    0x1A, 0x18, 0x36, 0xE5, 0xB8, 0x0E, 0xD1, 0x61, 0x82, 0x89, 0xD0, 0x85, 0xDD, 0x85, 0xCC, 0xCC,
    0xF3, 0xC0, 0xB1, 0xE9, 0xDE, 0x16, 0x40, 0x36, 0xE3, 0x13, 0x94, 0x69, 0x72, 0x5E, 0x06, 0x45,
    0xB6, 0xA4, 0xBB, 0x82, 0xD9, 0xC0, 0x9F, 0xA2, 0xD9, 0xF0, 0xFB, 0x15, 0xCE, 0x46, 0xDE, 0x6E,
    0x0C, 0xE9, 0xA4, 0x08, 0x68, 0x1B, 0x21, 0xDA, 0x06, 0x48, 0xDB, 0x80, 0x69, 0x1B, 0xCF, 0xF1,
    0x0F, 0x9E, 0x78, 0x77, 0x6F, 0x96, 0xBA, 0x88, 0x76, 0xDA, 0xCC, 0x9A, 0x19, 0x6B, 0x46, 0x08,
    0xA4, 0xE3, 0x29, 0x44, 0x38, 0x4E, 0x8E, 0x26, 0x5C, 0xCD, 0x1A, 0xEC, 0x78, 0x38, 0x60, 0x83,
    0x31, 0xB7, 0x08, 0x41, 0x2D, 0xBA, 0x46, 0x08, 0x6A, 0xD6, 0x29, 0x07, 0x0B, 0x9A, 0x62, 0x84,
    0x10, 0x14, 0xDC, 0xC2, 0x27, 0x3D, 0x66, 0x5B, 0x0D, 0x66, 0x6D, 0x8C, 0x3C, 0x1B, 0x43, 0xCF,
    0xC6, 0xD8, 0xB3, 0x27, 0x00, 0x9F, 0xED, 0xE0, 0xCF, 0xC6, 0x00, 0xB4, 0x9D, 0x05, 0x32, 0xA6,
    0x89, 0x41, 0xFB, 0xFF, 0x22, 0x0B, 0xF6, 0x78, 0xD8, 0xD8, 0x08, 0x23, 0x36, 0x02, 0x8E, 0x8D,
    0xDF, 0xFD, 0xDA, 0xE3, 0xCF, 0xAA, 0xEF, 0x8C, 0xCE, 0xAA, 0x09, 0x39, 0x89, 0xDB, 0x8E, 0x7E,
    0xD8, 0x74, 0xF4, 0xC3, 0x96, 0x63, 0xB0, 0x9F, 0x65, 0x3F, 0x6C, 0x37, 0xFA, 0x61, 0xB3, 0x31,
    0xDA, 0x6A, 0xFC, 0xCA, 0xF6, 0x33, 0x9E, 0x55, 0x0F, 0x40, 0xAF, 0x11, 0xD2, 0x6B, 0x04, 0xF5,
    0x1A, 0x61, 0xBD, 0x14, 0xEC, 0xF5, 0xC8, 0xE3, 0xCF, 0xB3, 0x01, 0xD3, 0x62, 0x0E, 0x96, 0xA9,
    0x70, 0xA3, 0x89, 0x68, 0x49, 0xD6, 0x40, 0x99, 0x29, 0xA0, 0x85, 0xF0, 0x36, 0xC3, 0xB3, 0xC8,
    0xFB, 0xBE, 0x32, 0x38, 0x0B, 0xE1, 0x6C, 0x86, 0x66, 0x01, 0x1D, 0xC0, 0x2C, 0xA4, 0x0D, 0xCB,
    0x42, 0x78, 0xDB, 0x36, 0xD2, 0x75, 0x44, 0xB2, 0x00, 0xE3, 0x10, 0x80, 0x2C, 0x3C, 0x50, 0x32,
    0x1C, 0x0B, 0x61, 0x6E, 0x06, 0x63, 0x99, 0x7D, 0x70, 0x1E, 0xC5, 0x32, 0x3E, 0xE4, 0x1C, 0x63,
    0x58, 0xCE, 0x9F, 0x59, 0x5D, 0x06, 0x60, 0x31, 0xFC, 0xCA, 0x08, 0xBE, 0x12, 0xD0, 0x2B, 0x67,
    0x11, 0xBC, 0x42, 0x78, 0x9A, 0x62, 0x57, 0x14, 0xE8, 0x47, 0xE8, 0x0A, 0x84, 0x61, 0xC8, 0x15,
    0xCA, 0x42, 0x81, 0x2B, 0x14, 0x85, 0xE2, 0x56, 0x14, 0x55, 0x4D, 0xD8, 0x8A, 0x92, 0x44, 0xAD,
    0x90, 0x54, 0xD0, 0x0A, 0x71, 0x95, 0x8A, 0x59, 0x81, 0x14, 0x02, 0x64, 0x05, 0x42, 0x30, 0xC4,
    0x0A, 0x65, 0xA0, 0x80, 0x15, 0x8A, 0x40, 0xF1, 0x2A, 0x94, 0xC0, 0x18, 0xAE, 0x32, 0x46, 0xAB,
    0x8C, 0xC8, 0x11, 0x56, 0xE5, 0x72, 0xA8, 0xCA, 0xF5, 0x48, 0xED, 0x53, 0x0A, 0x62, 0xD0, 0xAB,
    0x62, 0x43, 0xAA, 0xF0, 0xEB, 0x62, 0x03, 0x19, 0x1C, 0xFA, 0x3B, 0x9B, 0xE2, 0x0D, 0x8B, 0xB8,
    0x8B, 0x85, 0xA2, 0xCD, 0xCF, 0x56, 0x98, 0x7C, 0x11, 0x00, 0x93, 0x16, 0xE4, 0x5F, 0xB4, 0x82,
    0x18, 0xE9, 0x99, 0xBF, 0xB5, 0xCC, 0xAB, 0x85, 0xB1, 0x9C, 0x55, 0x45, 0x40, 0x97, 0x47, 0xAA,
    0x50, 0x08, 0xB5, 0x7C, 0xF3, 0x4A, 0xD5, 0x70, 0x14, 0x85, 0x32, 0x3E, 0x87, 0x63, 0x52, 0x80,
    0x23, 0xDD, 0x8F, 0xB2, 0x4D, 0xD7, 0xFE, 0xC1, 0x23, 0x21, 0x9E, 0x8F, 0xA7, 0x1E, 0x0D, 0xDE,
    0x3C, 0x1A, 0xC0, 0x9B, 0xAD, 0x81, 0x2D, 0x23, 0x35, 0xBB, 0x17, 0xA8, 0xCC, 0x2B, 0x14, 0x05,
    0xBC, 0xBD, 0x44, 0x24, 0x0A, 0xF9, 0x20, 0x10, 0x85, 0x94, 0x81, 0x3C, 0x9D, 0xC1, 0x50, 0xC8,
    0x1B, 0x51, 0x28, 0xE4, 0x4D, 0x41, 0x28, 0xE0, 0x4D, 0x31, 0x28, 0xE0, 0x4D, 0x21, 0x28, 0xE0,
    0x4D, 0x11, 0x28, 0xE4, 0x6D, 0x00, 0xA0, 0x8C, 0xF0, 0x27, 0x03, 0xFC, 0x64, 0x40, 0x9F, 0x18,
    0xF8, 0x64, 0xC0, 0x9E, 0x18, 0xF4, 0xE4, 0x2C, 0x20, 0x4F, 0xB8, 0x66, 0x09, 0x3C, 0x21, 0x45,
    0xDC, 0x89, 0xAE, 0x5D, 0xC0, 0x4E, 0x0C, 0x92, 0x2D, 0x56, 0x06, 0x1C, 0xBD, 0x4A, 0xD0, 0x09,
    0x57, 0x27, 0x31, 0x27, 0x06, 0xC2, 0x6E, 0xB2, 0x75, 0xA0, 0x16, 0x48, 0xA4, 0x16, 0x09, 0x01,
    0x27, 0xE4, 0x48, 0xF1, 0x26, 0xE0, 0x48, 0xE1, 0x26, 0xE0, 0x48, 0xD1, 0x26, 0x84, 0x5F, 0x13,
    0x6C, 0x02, 0x8E, 0x06, 0xAC, 0xC9, 0x08, 0x6A, 0x32, 0x20, 0x4D, 0x76, 0x80, 0x26, 0x9F, 0x09,
    0x64, 0x0E, 0x78, 0x0C, 0xF2, 0xC1, 0x10, 0x83, 0xAB, 0x8E, 0x08, 0x13, 0x2E, 0x3A, 0x02, 0x4C,
    0x14, 0xBE, 0x7C, 0xE5, 0x3C, 0x90, 0xD9, 0xBC, 0xD3, 0x0E, 0x90, 0x39, 0x38, 0x24, 0xF0, 0xD1,
    0xDB, 0xCE, 0xAB, 0x35, 0x64, 0x89, 0x01, 0x99, 0x2B, 0x9D, 0x99, 0x01, 0x57, 0xF2, 0x48, 0x20,
    0xF3, 0x23, 0x1C, 0xEE, 0x59, 0x44, 0x94, 0x0C, 0x0C, 0x18, 0xC9, 0x83, 0x5E, 0x65, 0x86, 0xE7,
    0xC8, 0xE4, 0x46, 0xD1, 0x24, 0x64, 0x47, 0xC1, 0x24, 0x1C, 0xBB, 0x62, 0x49, 0x8C, 0x0D, 0x40,
    0x49, 0x94, 0x24, 0x92, 0x44, 0x95, 0x8D, 0x40, 0x12, 0xF2, 0x64, 0x38, 0x12, 0x30, 0x65, 0x30,
    0x12, 0x03, 0x8A, 0xC0, 0x07, 0x82, 0x2D, 0x03, 0x91, 0x80, 0xAF, 0x11, 0x86, 0x64, 0x0C, 0x21,
    0x19, 0x23, 0x48, 0xC6, 0x00, 0x92, 0x31, 0x7E, 0x64, 0xF3, 0x28, 0xF4, 0xC8, 0x98, 0x36, 0x97,
    0x42, 0xE8, 0x88, 0xB9, 0x11, 0x22, 0x47, 0x94, 0x56, 0xE0, 0x08, 0x8D, 0x88, 0xE1, 0x46, 0xE2,
    0x5D, 0x01, 0x71, 0x36, 0x90, 0xC1, 0xCB, 0x86, 0x1A, 0x51, 0x45, 0x54, 0xD0, 0x88, 0xD2, 0x8A,
    0x19, 0x01, 0x1D, 0x20, 0x23, 0x3A, 0xB5, 0x8A, 0x18, 0x49, 0x14, 0x09, 0xA5, 0x80, 0x11, 0x48,
    0x22, 0xE0, 0x45, 0xBC, 0x06, 0x69, 0x84, 0x8B, 0x40, 0x16, 0x01, 0x2D, 0xC2, 0xE5, 0x37, 0x06,
    0x8B, 0x8C, 0xB1, 0x22, 0xE7, 0xA1, 0x22, 0x8F, 0x0A, 0xD5, 0x2F, 0x87, 0x89, 0x0C, 0x28, 0x91,
    0x11, 0x48, 0x04, 0x18, 0x91, 0xB3, 0x08, 0x11, 0x89, 0xDE, 0x76, 0x5E, 0x1A, 0xB9, 0x20, 0xA9,
    0xBE, 0x96, 0x64, 0xE6, 0x0D, 0x1E, 0x42, 0xD5, 0x50, 0x74, 0x88, 0xE2, 0xC6, 0x09, 0x0E, 0x01,
    0x69, 0xD8, 0x10, 0x2E, 0x64, 0x85, 0x86, 0xD0, 0xCB, 0x2A, 0x32, 0x04, 0x12, 0x09, 0xC0, 0x10,
    0x0A, 0x44, 0x71, 0x21, 0x9C, 0x7F, 0x85, 0x85, 0xD0, 0xCE, 0x2A, 0x2A, 0x44, 0x1D, 0xEC, 0x08,
    0x14, 0x32, 0xC2, 0x84, 0x8C, 0x20, 0x21, 0x23, 0xEF, 0x1A, 0x00, 0x21, 0x3B, 0x78, 0x90, 0x01,
    0x0E, 0x72, 0x36, 0x42, 0x83, 0x84, 0xB9, 0x27, 0x18, 0x44, 0x5F, 0x18, 0x16, 0x44, 0x19, 0x36,
    0x28, 0x88, 0xB2, 0x6C, 0x48, 0x10, 0xF5, 0xA9, 0x06, 0x04, 0xE1, 0xE5, 0x9B, 0x80, 0x03, 0x21,
    0xE3, 0x01, 0x06, 0xA2, 0x2F, 0x0C, 0x05, 0x02, 0xE6, 0x67, 0x01, 0x04, 0x02, 0xF6, 0x07, 0x0C,
    0x88, 0x08, 0x60, 0x80, 0x80, 0x78, 0xCD, 0x8A, 0x2B, 0x02, 0x44, 0x84, 0x30, 0x00, 0x40, 0x20,
    0x86, 0x1D, 0xFC, 0xC7, 0x0E, 0xFC, 0xE3, 0x3C, 0xFA, 0x63, 0x17, 0xFC, 0x71, 0xF7, 0x89, 0x1C,
    0xD3, 0xF8, 0x66, 0x42, 0x80, 0x7D, 0x8C, 0x50, 0x1F, 0x63, 0xD0, 0xC7, 0x08, 0x88, 0x53, 0x5D,
    0xB6, 0x37, 0x7C, 0x12, 0xF3, 0xD9, 0x47, 0xF3, 0x39, 0xBA, 0x11, 0x32, 0x89, 0xE6, 0x73, 0x62,
    0xF7, 0x40, 0x2A, 0x02, 0x3D, 0x3E, 0xAF, 0xF9, 0x7C, 0xD4, 0x3D, 0x90, 0x0F, 0xBE, 0xC8, 0x3D,
    0x90, 0x01, 0xDB, 0x31, 0xEC, 0xA1, 0x86, 0x08, 0x66, 0x90, 0x45, 0x71, 0x09, 0xAC, 0x63, 0x58,
    0xAA, 0xC3, 0x4F, 0x0C, 0x98, 0x8E, 0x5D, 0x48, 0xC7, 0xB0, 0xBF, 0xB4, 0x8B, 0x4C, 0xC0, 0x73,
    0xA8, 0x52, 0xE6, 0xEB, 0x60, 0xA7, 0xE0, 0x81, 0x55, 0x37, 0xE7, 0x85, 0x49, 0x8D, 0x58, 0x0E,
    0xD3, 0xCA, 0xD9, 0x32, 0x84, 0x35, 0x41, 0x56, 0x23, 0x6A, 0x6B, 0xC1, 0xAE, 0xDE, 0x6E, 0x60,
    0xA8, 0xAB, 0x28, 0x0E, 0xE8, 0xA0, 0x82, 0x38, 0x70, 0xD6, 0xA7, 0x18, 0x0E, 0x91, 0x9A, 0x41,
    0x38, 0x44, 0x6A, 0x03, 0x82, 0x63, 0x04, 0xE0, 0x18, 0xF0, 0x1B, 0x03, 0x7C, 0x63, 0x17, 0xBD,
    0xF1, 0x44, 0x97, 0xB3, 0x46, 0x24, 0x8C, 0xEF, 0xCE, 0x3D, 0x2D, 0x0B, 0x61, 0x47, 0x97, 0xB3,
    0x6E, 0x5F, 0x76, 0x39, 0x2B, 0x6C, 0x94, 0x77, 0x2F, 0x67, 0xD5, 0xF1, 0x72, 0x56, 0xFA, 0x59,
    0x97, 0xB3, 0x3E, 0x78, 0xE2, 0xCB, 0x59, 0x5F, 0x82, 0x8E, 0x9F, 0x06, 0x1D, 0x4F, 0xA3, 0x8E,
    0x4F, 0xFE, 0xC6, 0x74, 0xBC, 0x3D, 0x87, 0xDD, 0x18, 0xA0, 0x1B, 0x86, 0xDC, 0x38, 0x0B, 0xC0,
    0x0D, 0xEE, 0x3B, 0x88, 0xDB, 0x60, 0xD0, 0x4D, 0xD8, 0x86, 0x4E, 0x19, 0x76, 0x0D, 0x0C, 0xBA,
    0x09, 0xDA, 0xA0, 0xAF, 0x24, 0x66, 0x83, 0x93, 0x44, 0xC8, 0x06, 0xE7, 0x88, 0x88, 0x0D, 0xF2,
    0x56, 0x18, 0x55, 0xB8, 0x3D, 0xA3, 0x02, 0x46, 0xA3, 0x4F, 0x03, 0x44, 0xC3, 0x47, 0x84, 0x86,
    0x05, 0xDD, 0x5D, 0x0C, 0xBA, 0xBB, 0x4B, 0x80, 0x18, 0x8F, 0xA7, 0x1E, 0xAF, 0x93, 0x84, 0x68,
    0x8C, 0xD2, 0xB8, 0x24, 0x15, 0xA0, 0xA1, 0x0C, 0x26, 0x1A, 0xD6, 0x41, 0x27, 0x09, 0xCF, 0xD0,
    0x70, 0x80, 0xE8, 0x0C, 0x53, 0xC4, 0xA5, 0x4D, 0x9B, 0x61, 0x33, 0x6C, 0x56, 0xCB, 0xC0, 0xA6,
    0x22, 0x33, 0x92, 0x90, 0xAE, 0xE9, 0x62, 0x20, 0x90, 0x74, 0x31, 0x0E, 0xC0, 0x84, 0x86, 0x30,
    0x60, 0x35, 0x44, 0x01, 0xCD, 0x45, 0x4C, 0xC6, 0x0E, 0x24, 0xE3, 0x7B, 0xE7, 0x00, 0x19, 0x03,
    0x1E, 0xC3, 0xE0, 0x18, 0x67, 0x01, 0x8D, 0xA1, 0xD3, 0x06, 0x80, 0x05, 0x8F, 0x2E, 0x88, 0xC5,
    0x00, 0x7F, 0x0A, 0xC5, 0xB0, 0x9D, 0x85, 0xBE, 0xE7, 0x6F, 0x35, 0xF6, 0x39, 0xEC, 0x95, 0x56,
    0x46, 0x11, 0x86, 0xA1, 0x3B, 0x6A, 0xA0, 0x30, 0x34, 0xD8, 0x3B, 0x54, 0xAA, 0x36, 0x0C, 0x06,
    0xF7, 0xCC, 0x84, 0x60, 0x70, 0x02, 0x89, 0xC0, 0xE0, 0x04, 0x12, 0x80, 0xA1, 0x13, 0x38, 0xE0,
    0x2F, 0x06, 0xF8, 0xC5, 0x80, 0xBE, 0x18, 0xF9, 0xAE, 0xCD, 0x65, 0x13, 0x38, 0x1C, 0xD0, 0xAF,
    0x38, 0x7D, 0xC4, 0x5D, 0x24, 0xD1, 0x40, 0x06, 0xAA, 0xD4, 0x2D, 0x31, 0x41, 0x17, 0xE0, 0x4D,
    0x31, 0x17, 0xE4, 0x8D, 0x90, 0x0B, 0xAA, 0x24, 0x11, 0x17, 0x4A, 0x01, 0x94, 0x40, 0x8A, 0x78,
    0x0B, 0xEE, 0x31, 0x08, 0xB7, 0x48, 0x98, 0x03, 0x21, 0xDA, 0x42, 0x78, 0x33, 0xB0, 0x05, 0x78,
    0x53, 0xAC, 0x85, 0x2A, 0x27, 0x28, 0xE5, 0x6D, 0x80, 0x57, 0x8C, 0xA8, 0xF6, 0xE2, 0x11, 0xFC,
    0x0E, 0xCA, 0x62, 0xB1, 0x83, 0xB1, 0x30, 0x88, 0xC5, 0x59, 0x40, 0x58, 0xF0, 0xA3, 0x07, 0x66,
    0x18, 0x9C, 0xE2, 0x2B, 0x68, 0x54, 0x08, 0xAF, 0xA0, 0x51, 0x61, 0xEC, 0x4C, 0xA3, 0x92, 0x05,
    0x3E, 0x2A, 0x62, 0x2B, 0x42, 0x2C, 0x66, 0x19, 0x8F, 0xB5, 0xFD, 0x16, 0x46, 0x62, 0x6A, 0x54,
    0x0C, 0x57, 0x81, 0x79, 0x53, 0x58, 0x85, 0x65, 0x3A, 0x4C, 0x1B, 0x15, 0x54, 0x61, 0x59, 0x8E,
    0xF6, 0x22, 0xA4, 0x62, 0x40, 0x54, 0x0C, 0x47, 0x90, 0x63, 0x3C, 0xC5, 0xF9, 0xD9, 0x22, 0x98,
    0xC2, 0x98, 0x9F, 0xB4, 0x6E, 0x4C, 0xE9, 0x9D, 0x41, 0xE3, 0x88, 0x40, 0x0A, 0x72, 0x44, 0x1C,
    0x05, 0xD7, 0x16, 0x61, 0x14, 0x5C, 0x70, 0x44, 0x51, 0x90, 0x37, 0x82, 0x28, 0x18, 0x5E, 0x11,
    0x43, 0x91, 0x30, 0xFB, 0xCD, 0xB1, 0x08, 0x47, 0x86, 0xA0, 0xC0, 0xC5, 0x70, 0x05, 0x50, 0x80,
    0x23, 0xC5, 0x4F, 0x80, 0xA3, 0x31, 0x7C, 0xE2, 0x49, 0xA9, 0x31, 0x72, 0xC2, 0x80, 0x13, 0x23,
    0xDC, 0x44, 0x80, 0x4D, 0x9C, 0x45, 0xD4, 0x04, 0xD5, 0x51, 0x41, 0x13, 0xDC, 0xCF, 0x2B, 0x66,
    0x82, 0x66, 0x45, 0x21, 0x13, 0x34, 0x2B, 0x8A, 0x98, 0x00, 0xBB, 0xB7, 0x15, 0x30, 0xC1, 0x19,
    0x54, 0xBC, 0x84, 0x2E, 0x42, 0x06, 0x86, 0x46, 0x36, 0x36, 0x89, 0x4E, 0xC1, 0x12, 0x5C, 0x7D,
    0xE9, 0xE0, 0x1B, 0x0C, 0x2A, 0xC1, 0x79, 0xAC, 0xA2, 0x59, 0x31, 0x3D, 0x34, 0x13, 0x3A, 0xC2,
    0x3D, 0x7C, 0x1E, 0xF2, 0x71, 0x47, 0xE6, 0x67, 0x03, 0x3E, 0x22, 0x5C, 0x40, 0x8D, 0xEB, 0xD1,
    0xD0, 0x11, 0x9C, 0x63, 0x03, 0x47, 0xD8, 0x36, 0x82, 0xD8, 0x08, 0x0D, 0x5E, 0x14, 0x1A, 0x41,
    0x1E, 0x0D, 0x19, 0x11, 0x2E, 0xA3, 0x76, 0x96, 0xD1, 0x08, 0xB8, 0x88, 0x70, 0x21, 0xD5, 0xE8,
    0x3A, 0xA2, 0x22, 0xB0, 0x42, 0x03, 0x28, 0x02, 0xFC, 0x07, 0x4C, 0x84, 0x5E, 0x4C, 0x55, 0x48,
    0x84, 0xEA, 0xF2, 0x18, 0x11, 0x31, 0x06, 0x44, 0x8C, 0xF1, 0x10, 0x63, 0x38, 0xC4, 0x05, 0x34,
    0xC4, 0x62, 0x08, 0x02, 0xCA, 0x6B, 0x9A, 0xC5, 0xEE, 0x47, 0xE8, 0x02, 0xFB, 0x0E, 0x67, 0xAF,
    0xC9, 0x6A, 0x47, 0x27, 0x1F, 0x5C, 0x38, 0xC3, 0x0E, 0x4D, 0x4C, 0x87, 0x77, 0xEC, 0xDE, 0x11,
    0xF3, 0x15, 0x79, 0x13, 0x9C, 0xF8, 0xE2, 0xD8, 0xD3, 0x79, 0x6F, 0xF5, 0xC6, 0x30, 0xE8, 0x6E,
    0x9F, 0x17, 0x4B, 0xF7, 0x79, 0xB1, 0x74, 0x9F, 0x10, 0x88, 0x7D, 0xE2, 0x4D, 0xF7, 0x87, 0x7D,
    0x71, 0xAA, 0xCE, 0xE2, 0xF4, 0xE2, 0xAC, 0x8D, 0x26, 0x6D, 0x39, 0xB8, 0xBF, 0xEA, 0xBC, 0xFB,
    0x53, 0x8C, 0x83, 0xBA, 0xBF, 0x79, 0x65, 0x59, 0x45, 0x43, 0x38, 0x68, 0x48, 0x56, 0xB8, 0x18,
    0x87, 0x11, 0xDF, 0x60, 0x7B, 0x61, 0xC0, 0x1B, 0x34, 0x24, 0x23, 0xBA, 0x41, 0x23, 0x18, 0x82,
    0x1B, 0xA8, 0xA7, 0x86, 0x6D, 0x08, 0x21, 0xD9, 0x89, 0xCE, 0x93, 0x21, 0x1B, 0x30, 0x4D, 0x06,
    0x6C, 0xC0, 0x2C, 0x8D, 0x71, 0x0D, 0x23, 0x58, 0xC3, 0x18, 0xD5, 0x30, 0x06, 0x35, 0x8C, 0xCE,
    0x9D, 0xDB, 0x50, 0x90, 0x42, 0xC3, 0x96, 0x99, 0xB7, 0x20, 0xC4, 0xED, 0xF9, 0xA5, 0xD3, 0xB0,
    0x05, 0xBF, 0xBA, 0x8B, 0x75, 0x29, 0x34, 0x6C, 0xA9, 0x92, 0x3E, 0x84, 0x28, 0x2E, 0x52, 0x7B,
    0x9B, 0x18, 0xB6, 0xF8, 0xA5, 0xF9, 0x73, 0x6F, 0xD1, 0x66, 0x3D, 0xE9, 0x27, 0x1B, 0xF5, 0xE6,
    0x32, 0x7D, 0x0B, 0x75, 0xE6, 0x42, 0xCD, 0x35, 0x6C, 0x11, 0xA5, 0x99, 0x59, 0xD8, 0xB2, 0x8D,
    0x17, 0x9D, 0xEA, 0x26, 0x04, 0x26, 0x79, 0xA4, 0x14, 0xC4, 0xB9, 0x7B, 0x4B, 0x2F, 0x66, 0x2F,
    0xA8, 0x5D, 0x77, 0x3E, 0xA1, 0x4A, 0x89, 0x6D, 0xB3, 0x8B, 0x79, 0xBD, 0xEE, 0xB9, 0xA0, 0x61,
    0xDC, 0x46, 0xFB, 0x86, 0x57, 0x31, 0x7C, 0x8B, 0x07, 0x90, 0x01, 0x95, 0x66, 0xFB, 0x1B, 0xAA,
    0x19, 0x1F, 0xB8, 0x99, 0xA7, 0x8F, 0x25, 0x35, 0x6D, 0xBA, 0xA4, 0xAA, 0xF1, 0x51, 0xC3, 0x87,
    0x21, 0x5A, 0xC4, 0x25, 0x05, 0x09, 0x15, 0x65, 0x46, 0x10, 0x27, 0xEA, 0x59, 0x45, 0xA6, 0xDA,
    0x94, 0xA9, 0x8E, 0xEC, 0x95, 0x36, 0xC0, 0x85, 0x61, 0x48, 0xCE, 0x80, 0xC9, 0x1E, 0xBC, 0x2F,
    0xBE, 0x27, 0x77, 0xF1, 0x3D, 0x65, 0x35, 0x8F, 0x94, 0x99, 0xB0, 0x44, 0x4D, 0x59, 0x7A, 0xE1,
    0xBB, 0x65, 0x90, 0x18, 0x0A, 0xCB, 0xEE, 0x1A, 0xEC, 0x97, 0xB3, 0xA5, 0x70, 0x52, 0xCE, 0x1A,
    0x99, 0x75, 0xDC, 0x47, 0xF1, 0xC7, 0xF2, 0x7D, 0xEF, 0x83, 0x79, 0x89, 0x6D, 0x73, 0x4E, 0xA0,
    0x60, 0x5E, 0x4E, 0xBC, 0x3F, 0x93, 0xCD, 0x97, 0x7C, 0xE4, 0x61, 0xC9, 0x9B, 0xB3, 0x1C, 0xAA,
    0x7E, 0xD7, 0x0C, 0xC1, 0x33, 0x23, 0xB5, 0x1F, 0x61, 0x12, 0xDA, 0xA8, 0xF6, 0x67, 0x87, 0x41,
    0xED, 0x35, 0xD6, 0x1E, 0x48, 0xD1, 0x0F, 0x85, 0x23, 0x58, 0x05, 0x8E, 0x39, 0x37, 0x1A, 0x33,
    0xFF, 0x92, 0x82, 0x11, 0x6C, 0x27, 0x82, 0x9C, 0x11, 0xFD, 0xAA, 0x42, 0x11, 0x34, 0x6D, 0x49,
    0x24, 0x02, 0xB4, 0x64, 0xAA, 0x40, 0x84, 0x44, 0xA1, 0x7C, 0xBA, 0xE2, 0xD3, 0x3E, 0xC0, 0x10,
    0xA0, 0xF6, 0x86, 0x42, 0x60, 0xE6, 0xB5, 0x1A, 0xD4, 0x7E, 0x07, 0x5F, 0xF0, 0x99, 0xE4, 0x68,
    0xE5, 0x66, 0xE7, 0xD1, 0x07, 0x03, 0xF8, 0x40, 0xB1, 0x07, 0x67, 0x01, 0x7A, 0xA0, 0x39, 0x59,
    0x20, 0x0F, 0x48, 0x11, 0x78, 0x40, 0xAE, 0x89, 0x3B, 0xD0, 0x62, 0x01, 0x38, 0xA3, 0xD6, 0xB3,
    0x94, 0x2D, 0x29, 0x44, 0x12, 0x00, 0x1D, 0x90, 0x22, 0xE6, 0x80, 0x62, 0x20, 0xE4, 0xC0, 0x4A,
    0x8E, 0xE8, 0xE7, 0x02, 0xCA, 0xC0, 0x82, 0xF9, 0xAC, 0x0A, 0xC1, 0x3C, 0x73, 0x04, 0x95, 0x51,
    0xE6, 0x89, 0x76, 0x32, 0x08, 0x4F, 0x44, 0x8D, 0x56, 0xFC, 0x00, 0x33, 0xE8, 0xE8, 0x7F, 0xCE,
    0x86, 0xF2, 0x07, 0x96, 0xF1, 0x76, 0x0A, 0x31, 0x50, 0xCF, 0xE3, 0x4B, 0x2B, 0x84, 0x40, 0x80,
    0x81, 0x79, 0x9D, 0xFE, 0x24, 0xF8, 0x9C, 0x3A, 0xE4, 0xD2, 0x81, 0x2E, 0x30, 0x7F, 0x93, 0x9E,
    0x2B, 0x7F, 0x50, 0x87, 0xF2, 0x07, 0xE9, 0x63, 0xCB, 0x1F, 0x7C, 0xB0, 0x0B, 0x2B, 0x18, 0x50,
    0x05, 0x03, 0xA8, 0x60, 0x74, 0x4C, 0xDA, 0x7F, 0xCE, 0xB2, 0x3A, 0xB0, 0x63, 0x56, 0x56, 0x07,
    0x53, 0x16, 0xCB, 0xEA, 0xB8, 0x50, 0x56, 0x07, 0x9F, 0x8C, 0x65, 0x75, 0xAA, 0xCB, 0xCA, 0xEA,
    0x04, 0x1C, 0xC1, 0x6E, 0x59, 0x9D, 0x3A, 0x96, 0xD5, 0x49, 0x3F, 0xAB, 0xAC, 0xCE, 0x07, 0x5F,
    0xA4, 0xAC, 0xCE, 0x93, 0x15, 0xBF, 0x01, 0x71, 0x66, 0xD1, 0x42, 0x28, 0x7E, 0x93, 0x68, 0xF1,
    0x1B, 0x59, 0x81, 0xA1, 0xF8, 0xCD, 0xED, 0xF3, 0xC5, 0x6F, 0x14, 0x32, 0x30, 0x2E, 0x7E, 0x53,
    0x5B, 0xF1, 0x9B, 0xF4, 0xD1, 0xC5, 0x6F, 0x3E, 0xF8, 0x52, 0x8A, 0xDF, 0xFC, 0x5D, 0xCE, 0x78,
    0x7C, 0xA9, 0xE5, 0x68, 0xFE, 0xAE, 0xA5, 0x4F, 0x7E, 0xB5, 0x52, 0x31, 0x4F, 0x5E, 0xC6, 0x45,
    0x63, 0xE8, 0x3E, 0x46, 0xD0, 0x7D, 0x8C, 0x9F, 0xA3, 0x1D, 0xB3, 0x32, 0x2E, 0xD5, 0xC5, 0x32,
    0x2E, 0x76, 0xC8, 0xFF, 0x85, 0xED, 0xD8, 0x17, 0x2A, 0xE3, 0x32, 0xF1, 0xB7, 0x94, 0xA3, 0xCD,
    0xDC, 0x7F, 0x62, 0x54, 0x71, 0xDF, 0xEB, 0x82, 0x78, 0xA3, 0xE6, 0x71, 0x30, 0xA0, 0x3D, 0x77,
    0x19, 0xF1, 0x21, 0xB2, 0x55, 0xD0, 0x1B, 0x00, 0x86, 0x12, 0x3C, 0x2C, 0x65, 0x7D, 0x1E, 0x8B,
    0x5D, 0xC4, 0x39, 0xD1, 0x26, 0xAB, 0xBC, 0x2B, 0x3E, 0x81, 0x51, 0xCF, 0xAA, 0xBC, 0xC1, 0xE9,
    0x36, 0x4C, 0x5E, 0xD6, 0xC8, 0xC6, 0x4A, 0xE6, 0x2C, 0xC3, 0xE6, 0xFC, 0x29, 0x24, 0xA1, 0x32,
    0xAD, 0x59, 0x32, 0xF3, 0x62, 0xCE, 0x08, 0xE9, 0x70, 0x37, 0xD6, 0xC2, 0x3C, 0x35, 0x7B, 0xB2,
    0x15, 0x4A, 0xE7, 0xA1, 0x78, 0xF5, 0xB6, 0x45, 0x5B, 0xD9, 0xC3, 0xA1, 0x0E, 0x55, 0x75, 0x11,
    0x1C, 0x54, 0x54, 0x97, 0x5C, 0x8A, 0xFC, 0xC6, 0x90, 0xE5, 0x9D, 0xC8, 0x80, 0xCA, 0x69, 0x95,
    0x6F, 0x25, 0xEA, 0x95, 0xBF, 0xB8, 0xCA, 0xB7, 0xC2, 0xE1, 0xBC, 0x2C, 0xD6, 0xF9, 0xF7, 0x85,
    0xC1, 0xF7, 0xAB, 0xD3, 0x3E, 0x07, 0x7F, 0xB8, 0x3F, 0x96, 0x83, 0xBD, 0x8F, 0xFD, 0xEA, 0x24,
    0x27, 0x77, 0xA7, 0x4E, 0xDE, 0x01, 0x73, 0x2E, 0xE9, 0x72, 0xF0, 0x86, 0x5D, 0x73, 0xEE, 0x30,
    0xA5, 0x49, 0xBD, 0xCC, 0xB1, 0x65, 0x74, 0x05, 0x90, 0xB7, 0xC2, 0x18, 0x50, 0x04, 0x9A, 0x51,
    0x2E, 0x3A, 0x23, 0x66, 0x0A, 0xA6, 0x85, 0x59, 0x5A, 0xE7, 0x21, 0x6D, 0x12, 0xB2, 0xCE, 0xC5,
    0x8D, 0x78, 0x5C, 0x16, 0x99, 0x8B, 0xBC, 0x5D, 0x76, 0x20, 0x7D, 0x2E, 0x13, 0xD8, 0x81, 0x2F,
    0xC7, 0x1A, 0x11, 0xC2, 0x97, 0x63, 0x85, 0x08, 0xE1, 0x2B, 0x65, 0x7D, 0x08, 0xE1, 0xEB, 0x5D,
    0x56, 0x87, 0x00, 0x5F, 0xAC, 0x0D, 0xD1, 0xE3, 0x94, 0x00, 0x95, 0x21, 0x84, 0xAF, 0x87, 0xAC,
    0x0B, 0x21, 0x7C, 0x4D, 0x59, 0x15, 0x82, 0x7C, 0xA1, 0x26, 0x44, 0xC6, 0xEA, 0x19, 0xD0, 0xBC,
    0x2D, 0xD7, 0x75, 0x4F, 0xBE, 0xA6, 0x86, 0xEE, 0x71, 0x5A, 0x0B, 0x02, 0x0B, 0xA2, 0x31, 0xE2,
    0x1B, 0x23, 0x94, 0xF6, 0x17, 0x23, 0x06, 0x0D, 0x5C, 0x06, 0x05, 0x5C, 0x0A, 0x17, 0x12, 0x22,
    0xDC, 0x39, 0xAB, 0xC0, 0x05, 0xF0, 0x43, 0xE4, 0x82, 0x04, 0xB8, 0xB0, 0x77, 0xDC, 0xFB, 0xCD,
    0xD3, 0x88, 0xE6, 0x4B, 0x37, 0x3B, 0xAB, 0x85, 0x10, 0x2E, 0xC4, 0xFB, 0x00, 0x48, 0x8C, 0x5C,
    0x3B, 0xB3, 0x2A, 0x80, 0x28, 0xF2, 0xCE, 0xC2, 0x53, 0xD8, 0xA4, 0xE8, 0x06, 0xD9, 0x92, 0x0D,
    0x90, 0xF6, 0xA1, 0x12, 0x13, 0xBF, 0xB1, 0xBD, 0x73, 0xED, 0x6F, 0x9B, 0x78, 0x17, 0x1F, 0x1A,
    0x31, 0x8D, 0xA7, 0x9D, 0x31, 0x99, 0x12, 0x5D, 0x0C, 0x6E, 0x49, 0xC8, 0x14, 0xFC, 0xA6, 0x84,
    0x29, 0x0E, 0x53, 0x20, 0xA6, 0x4E, 0x84, 0x79, 0x5F, 0x62, 0x83, 0xD9, 0xD9, 0x06, 0x39, 0xC4,
    0x26, 0x7F, 0xBF, 0xD9, 0xE7, 0xD2, 0x99, 0xF9, 0xF2, 0x2E, 0x57, 0x0E, 0x1D, 0xE4, 0x5D, 0xCC,
    0x70, 0x21, 0x56, 0x5B, 0x06, 0x5F, 0xB8, 0xFC, 0xB4, 0xC4, 0xE0, 0xF3, 0x32, 0x27, 0xC8, 0xC3,
    0x01, 0x79, 0x5D, 0x2C, 0x91, 0x8D, 0x68, 0x72, 0x9C, 0xAA, 0x3C, 0x85, 0x53, 0x3E, 0xFF, 0x71,
    0xCB, 0x3D, 0xFE, 0x0C, 0xC9, 0x15, 0x9C, 0xE6, 0x27, 0x6F, 0xAA, 0x87, 0xDA, 0x84, 0xB4, 0x87,
    0x04, 0xD3, 0xCA, 0x86, 0x38, 0x24, 0x3D, 0x66, 0x9B, 0xFA, 0x23, 0xDB, 0x8D, 0xF9, 0x90, 0x95,
    0xC4, 0xD1, 0xAC, 0x09, 0x3C, 0x2C, 0xF8, 0x8D, 0x8A, 0x9B, 0x8B, 0xFD, 0x9D, 0x96, 0xE7, 0x50,
    0xB3, 0x0F, 0x7B, 0xCE, 0x91, 0xAC, 0x84, 0x92, 0xE7, 0x52, 0xEF, 0xC1, 0x1D, 0xCB, 0x60, 0xD3,
    0x0F, 0xC5, 0x11, 0x60, 0x89, 0xB7, 0x5F, 0xF7, 0x58, 0xE0, 0x84, 0x6D, 0x27, 0x14, 0xED, 0x0C,
    0x8B, 0x1B, 0xCF, 0xC6, 0x19, 0x9C, 0xDB, 0x9E, 0x95, 0x3E, 0x0B, 0xCB, 0x51, 0x9C, 0xEA, 0x53,
    0xCD, 0x51, 0xB2, 0x3D, 0x6E, 0x6D, 0x80, 0x55, 0xDC, 0xD7, 0x07, 0x85, 0x88, 0x16, 0x29, 0x8C,
    0x50, 0x87, 0xD8, 0x3B, 0x1B, 0xA3, 0x30, 0x55, 0xEA, 0x20, 0x11, 0xEB, 0x63, 0x94, 0x3F, 0xAD,
    0xC5, 0x46, 0x62, 0x98, 0x2B, 0x77, 0xA2, 0xA6, 0x48, 0xF6, 0x61, 0x12, 0x29, 0x61, 0xA0, 0x49,
    0x2F, 0x41, 0x07, 0x46, 0x3A, 0x5B, 0xCB, 0x90, 0x9E, 0x42, 0x4D, 0x9F, 0x95, 0x1E, 0xFB, 0x08,
    0x4B, 0x7A, 0x3A, 0xF4, 0xF5, 0xD7, 0xA3, 0xE1, 0xB7, 0xEC, 0xE6, 0x6F, 0x8A, 0x65, 0x0A, 0xC7,
    0x78, 0x56, 0xF1, 0x27, 0x48, 0x32, 0xB9, 0x11, 0xBD, 0x6E, 0x1E, 0x4D, 0x51, 0x4C, 0x51, 0xA4,
    0xD1, 0x23, 0xFF, 0x46, 0xB4, 0xB0, 0xBE, 0x8F, 0x26, 0xD6, 0xF7, 0x6A, 0x63, 0xFD, 0xE6, 0xE8,
    0xE8, 0x75, 0x1A, 0xD9, 0x74, 0xBB, 0x75, 0x66, 0x65, 0xB3, 0xB6, 0x60, 0x76, 0x41, 0xCC, 0x01,
    0xAC, 0x68, 0x50, 0x17, 0x5A, 0x5F, 0x61, 0x6E, 0x5E, 0x1D, 0xB8, 0xAF, 0x3E, 0x43, 0xF6, 0xB2,
    0xE6, 0x2E, 0x53, 0xD5, 0x54, 0x9A, 0x9B, 0x62, 0x1B, 0x4F, 0xA1, 0xF3, 0xD3, 0x15, 0x46, 0xCB,
    0xB5, 0x9B, 0xCA, 0x46, 0xFF, 0xC7, 0x8D, 0x8A, 0xBA, 0x9F, 0x74, 0x33, 0x25, 0x31, 0x07, 0x99,
    0x91, 0x45, 0x45, 0xE8, 0x9D, 0xED, 0x1B, 0x17, 0x65, 0x1F, 0x0E, 0x14, 0xB7, 0x61, 0x8D, 0xD6,
    0xC2, 0xA7, 0x45, 0xC8, 0x7B, 0x22, 0xF0, 0xE1, 0x52, 0x1E, 0x93, 0x1A, 0x17, 0xC9, 0xCB, 0x73,
    0xDE, 0x26, 0x85, 0x6A, 0x11, 0x84, 0x20, 0x94, 0xF9, 0x99, 0xEA, 0xE6, 0xEB, 0xC1, 0xCF, 0x1C,
    0xA8, 0x04, 0x12, 0x64, 0xB0, 0xCD, 0xCF, 0xF0, 0x3D, 0xB7, 0x94, 0xE9, 0x12, 0x0A, 0xA6, 0x38,
    0x17, 0x3F, 0x73, 0x00, 0xEE, 0x27, 0x7E, 0x09, 0x4A, 0x98, 0x9F, 0x6F, 0x1C, 0x28, 0xF8, 0x99,
    0x25, 0x29, 0xF8, 0x19, 0x71, 0xA8, 0xBC, 0x57, 0x28, 0x1F, 0xA8, 0xB2, 0xEE, 0xC0, 0xD6, 0x70,
    0xB6, 0x3D, 0x30, 0x60, 0x7F, 0x76, 0x6C, 0x07, 0xAE, 0x8B, 0x17, 0x5E, 0xB1, 0xD0, 0x32, 0x7B,
    0xFF, 0xF6, 0x26, 0xFA, 0x99, 0x4D, 0xF4, 0x33, 0x77, 0x2F, 0xF5, 0x33, 0x13, 0xCE, 0xBA, 0x84,
    0x19, 0x57, 0x0F, 0xB9, 0xFA, 0x21, 0xA9, 0xC6, 0x0C, 0x80, 0xFC, 0xFC, 0xF1, 0x87, 0x22, 0x42,
    0xF2, 0x95, 0xB5, 0x12, 0xF8, 0x15, 0xCA, 0x59, 0xDE, 0x4C, 0xBC, 0x33, 0xE0, 0x78, 0xA1, 0x97,
    0x25, 0xC0, 0x9D, 0x18, 0xDD, 0xA4, 0x93, 0x69, 0xA1, 0xAB, 0xC1, 0x46, 0x67, 0x46, 0xAB, 0xFC,
    0xB4, 0xFC, 0x23, 0x69, 0xF0, 0x58, 0x2E, 0xD6, 0x49, 0xBF, 0xB7, 0x00, 0x97, 0xF3, 0x32, 0xEF,
    0x92, 0x5E, 0xDD, 0x4E, 0xEE, 0xF6, 0xBA, 0x44, 0x2F, 0x6F, 0xF0, 0x90, 0x33, 0xF1, 0x4D, 0x11,
    0x8E, 0x34, 0x93, 0x4F, 0x55, 0x5B, 0x19, 0xAF, 0xFF, 0xD2, 0xB0, 0xE4, 0x2D, 0x02, 0xB3, 0xAF,
    0x1F, 0xDA, 0x34, 0xFB, 0xFF, 0x1E, 0x34, 0x55, 0xB7, 0xCC, 0x16, 0x1A, 0x8C, 0x68, 0x30, 0x79,
    0x11, 0x53, 0x5F, 0x9C, 0x73, 0x50, 0xC5, 0x39, 0x0F, 0x1C, 0x0E, 0xA7, 0xA7, 0xE1, 0x68, 0x7A,
    0x38, 0x98, 0x2E, 0xE2, 0xE6, 0x37, 0x6E, 0x38, 0x44, 0x96, 0xDC, 0x49, 0x89, 0x1C, 0xF9, 0x14,
    0x19, 0x32, 0xD2, 0x3C, 0x35, 0x28, 0xD3, 0x89, 0x01, 0x99, 0x4E, 0x9C, 0x06, 0x2F, 0xA7, 0xC8,
    0xD3, 0xC9, 0xDE, 0xA3, 0x38, 0xD4, 0xAC, 0xDD, 0x7C, 0xAB, 0x79, 0xBB, 0x69, 0x28, 0x34, 0xF8,
    0xA2, 0x65, 0xED, 0xDC, 0xE8, 0x99, 0x86, 0xE7, 0x4A, 0x9F, 0x7A, 0xD4, 0x6B, 0xA5, 0x60, 0x22,
    0x5E, 0xA7, 0xB6, 0x58, 0x32, 0x44, 0x92, 0x3B, 0x71, 0x64, 0x36, 0xD2, 0x83, 0xFA, 0x62, 0x1A,
    0x71, 0xF4, 0x5D, 0xAB, 0x02, 0x6A, 0x82, 0x03, 0x7F, 0x68, 0xBA, 0x95, 0xF8, 0xC2, 0xCF, 0xFD,
    0xCF, 0xE4, 0x7B, 0xF1, 0x60, 0xE3, 0x8F, 0xBE, 0x2F, 0xB3, 0x8D, 0xDB, 0xED, 0xC2, 0x33, 0xDC,
    0xDA, 0xF4, 0x0C, 0xF3, 0x9F, 0xF4, 0x1B, 0x31, 0xFD, 0x62, 0xB3, 0xC0, 0x77, 0x9F, 0xF3, 0x22,
    0xBF, 0xFC, 0xF4, 0xBF, 0x4B, 0x91, 0x20, 0x92, 0xA9, 0x13, 0x23, 0xBB, 0xE7, 0x1B, 0xF9, 0x9E,
    0x7B, 0x1E, 0xED, 0x31, 0x21, 0xA3, 0x57, 0xDD, 0x73, 0x5E, 0x22, 0x90, 0xD9, 0xA5, 0xF6, 0xF1,
    0xA4, 0x57, 0xAF, 0x0C, 0x5C, 0xD1, 0xCB, 0xB4, 0xCB, 0xAB, 0x78, 0xBF, 0x13, 0x7D, 0x9C, 0x9D,
    0x6D, 0x7D, 0xFB, 0xB4, 0xEC, 0x56, 0x3E, 0x6E, 0x0B, 0xD9, 0xBE, 0xFC, 0x74, 0x2D, 0xDF, 0xB3,
    0xB7, 0xD6, 0xF9, 0xB7, 0x99, 0x46, 0x79, 0xC7, 0xF3, 0xBE, 0x4A, 0x2D, 0xAB, 0x67, 0xB6, 0x9A,
    0x39, 0x94, 0x5F, 0x91, 0x9F, 0x5B, 0xE1, 0x2A, 0xC8, 0xA7, 0xF4, 0xFF, 0xB7, 0x3A, 0xDA, 0x70,
    0xAD, 0x15, 0xC4, 0x9B, 0xCA, 0xA2, 0xBA, 0x32, 0x3D, 0x48, 0x1C, 0xC9, 0xFE, 0x64, 0xE5, 0x74,
    0x1F, 0x4B, 0xA4, 0xD6, 0x30, 0xAF, 0x6B, 0x9B, 0xD7, 0x2D, 0xE7, 0x55, 0xD6, 0x85, 0x99, 0x71,
    0x0D, 0x50, 0x7B, 0xDB, 0x81, 0xC8, 0x5A, 0x40, 0x12, 0x12, 0xEB, 0x80, 0xF3, 0x2A, 0x6B, 0xA0,
    0x47, 0x05, 0x37, 0x96, 0xA1, 0x54, 0x8F, 0xAE, 0xF3, 0xF9, 0xD4, 0x97, 0x36, 0xAF, 0xDF, 0x54,
    0x95, 0x94, 0x91, 0x16, 0x12, 0x1F, 0xAE, 0x0B, 0x89, 0x0D, 0xB7, 0x05, 0x1C, 0xCD, 0x31, 0xA3,
    0x0E, 0xFC, 0x1D, 0xAF, 0x16, 0x98, 0xCE, 0x5A, 0x46, 0x44, 0x7B, 0x5B, 0x60, 0x2C, 0x05, 0x06,
    0x22, 0xDF, 0x5E, 0xAC, 0x0A, 0x91, 0x51, 0x8F, 0x7F, 0xF0, 0x37, 0xE0, 0xB6, 0x85, 0xE3, 0x2A,
    0xC5, 0x9A, 0x95, 0x1F, 0x9B, 0x37, 0x0A, 0xD8, 0xC4, 0x47, 0x80, 0x15, 0xAA, 0xF1, 0x6D, 0xAF,
    0x2C, 0x76, 0xA3, 0x1F, 0x1F, 0x7D, 0x83, 0x5A, 0xC5, 0xA3, 0xA3, 0xEF, 0xD7, 0x01, 0x8B, 0x29,
    0xE3, 0xF8, 0x39, 0xFE, 0x88, 0xFA, 0x84, 0xA9, 0xC8, 0x95, 0xE3, 0xC9, 0xBC, 0x57, 0x7F, 0x30,
    0x6F, 0x8A, 0x8A, 0xDE, 0x00, 0x85, 0xA2, 0x70, 0x28, 0xB3, 0x9C, 0x57, 0xD3, 0x15, 0x9D, 0xDD,
    0xD3, 0x90, 0xCA, 0x53, 0x74, 0x47, 0x41, 0x4C, 0x26, 0xA7, 0xD3, 0x80, 0x70, 0x80, 0xD6, 0x34,
    0xC1, 0xFE, 0x57, 0xC1, 0x2C, 0x04, 0xDB, 0x6F, 0x0E, 0x6D, 0xEF, 0x2C, 0xEC, 0x8D, 0x92, 0x76,
    0x20, 0x44, 0x68, 0x49, 0x2D, 0x21, 0x0D, 0xD2, 0xC9, 0x33, 0xBF, 0x15, 0x02, 0x81, 0xF5, 0xFD,
    0xFA, 0xD6, 0xD9, 0xA1, 0x0C, 0xFE, 0x61, 0x29, 0x5A, 0xA5, 0x42, 0x9C, 0xFD, 0xE9, 0x9A, 0x83,
    0x2F, 0x41, 0x30, 0x74, 0x03, 0x81, 0x00, 0xD4, 0xE1, 0x33, 0x0C, 0x40, 0x17, 0xB7, 0xD6, 0x0C,
    0xDD, 0xAE, 0x12, 0xFF, 0x20, 0x83, 0xF7, 0xBC, 0xB2, 0x85, 0xD0, 0xCD, 0x4E, 0x7D, 0x65, 0xE3,
    0x6F, 0x59, 0xB4, 0x1B, 0xBD, 0x11, 0x89, 0xBF, 0x65, 0xB6, 0x49, 0xF4, 0x38, 0xB8, 0xEE, 0x60,
    0xAD, 0xEA, 0x40, 0xCC, 0xD7, 0xE7, 0x0D, 0x59, 0xBA, 0xBE, 0x18, 0x80, 0x56, 0x61, 0x0A, 0x2A,
    0xC4, 0x1B, 0xF7, 0x4D, 0x4F, 0x7F, 0xB4, 0xB4, 0x29, 0xF8, 0x78, 0xE9, 0x12, 0x0D, 0x8A, 0x96,
    0xD8, 0xCE, 0x08, 0x17, 0x7F, 0xB6, 0x84, 0xCD, 0x01, 0x17, 0x4B, 0x2C, 0x62, 0xE1, 0x62, 0xBA,
    0xAC, 0xFF, 0x7C, 0x09, 0x2E, 0xA6, 0xEF, 0x6D, 0x91, 0x2A, 0x15, 0x67, 0xFC, 0x3E, 0x52, 0xBC,
    0x88, 0xE1, 0x7C, 0xC3, 0xCB, 0x3E, 0xB0, 0x51, 0x1A, 0x77, 0x4C, 0x3B, 0x23, 0x92, 0xE5, 0x00,
    0x40, 0x89, 0x44, 0xCC, 0xC8, 0x0C, 0x44, 0x33, 0xC0, 0x8F, 0x2D, 0x00, 0x5D, 0x8E, 0xB9, 0xA8,
    0x24, 0x40, 0xCF, 0x7C, 0xC9, 0xCD, 0x00, 0x08, 0x38, 0xA2, 0xED, 0x77, 0xB2, 0xFF, 0x09, 0x2E,
    0xDE, 0xA2, 0xA5, 0x80, 0x22, 0x89, 0xB3, 0x60, 0x76, 0x79, 0xDD, 0xE7, 0x9E, 0x5C, 0x2C, 0x19,
    0xDB, 0xC0, 0xF3, 0x14, 0x18, 0xB3, 0x39, 0xD6, 0x26, 0xF8, 0xD5, 0x26, 0xB8, 0xD5, 0x26, 0x78,
    0xD5, 0x26, 0x38, 0xD5, 0x46, 0x91, 0x6E, 0x6B, 0x1B, 0x18, 0x2E, 0x4E, 0x98, 0x47, 0x7D, 0xB5,
    0x09, 0x1B, 0xB7, 0xE6, 0x3C, 0xD8, 0x38, 0x26, 0x30, 0x22, 0xD0, 0x78, 0xDE, 0x7C, 0x59, 0xEB,
    0xD0, 0x0D, 0x8B, 0xB1, 0x2B, 0xB0, 0xA1, 0x5B, 0xE8, 0x62, 0x04, 0x1E, 0x00, 0x43, 0xE7, 0x19,
    0x42, 0x81, 0x8C, 0xD0, 0xEE, 0xBE, 0x2A, 0x1B, 0x27, 0xBF, 0x20, 0xC8, 0x29, 0x4E, 0x68, 0x29,
    0x49, 0x54, 0xD3, 0xA3, 0x28, 0x13, 0x7F, 0x67, 0x9B, 0xDD, 0xA7, 0x46, 0xC8, 0xBB, 0xAF, 0x52,
    0x98, 0x62, 0x4A, 0xC0, 0x21, 0x34, 0xFB, 0xAF, 0x9C, 0x89, 0xD3, 0xE3, 0x28, 0x94, 0xF2, 0xCC,
    0xFC, 0xDB, 0x7D, 0x41, 0x81, 0x26, 0xE9, 0x83, 0x76, 0x4E, 0x89, 0x62, 0xFB, 0xA2, 0x22, 0xC5,
    0x52, 0x56, 0x99, 0xC2, 0x78, 0x86, 0x3B, 0x84, 0xED, 0xE8, 0x36, 0x61, 0x10, 0xEB, 0x18, 0x94,
    0xF4, 0xAB, 0x50, 0x63, 0x6B, 0x03, 0xE6, 0x42, 0x2C, 0x0A, 0xEE, 0x8E, 0x35, 0xD7, 0x0E, 0xF6,
    0xDE, 0xDD, 0x04, 0x38, 0xDA, 0xEC, 0x23, 0xDF, 0xA4, 0xDB, 0x52, 0xB7, 0xFC, 0xB2, 0xA3, 0x82,
    0x31, 0x60, 0x2C, 0xD6, 0xA7, 0x9F, 0x7A, 0x1A, 0x69, 0x07, 0x38, 0xA9, 0xF2, 0x08, 0x78, 0xA0,
    0x78, 0x0C, 0x30, 0x29, 0x93, 0xAD, 0xE8, 0xFD, 0x2D, 0xCC, 0xBB, 0xD6, 0x9E, 0x7C, 0x8A, 0x45,
    0x46, 0x57, 0x96, 0x55, 0x23, 0xBC, 0x7F, 0xAD, 0xF1, 0xC1, 0x4A, 0x91, 0xFB, 0x58, 0xD5, 0x00,
    0xF1, 0x07, 0xD4, 0xD2, 0xED, 0x55, 0x38, 0x15, 0xCB, 0x3E, 0x5C, 0x0D, 0xE3, 0x1F, 0xF0, 0x83,
    0xF5, 0x08, 0x64, 0xBA, 0xBA, 0x1C, 0xB2, 0x3F, 0x9A, 0xDD, 0xAC, 0x84, 0x56, 0x7B, 0x09, 0xA7,
    0x33, 0x58, 0xD8, 0xEC, 0xFE, 0xC2, 0xE5, 0xEF, 0x4A, 0x64, 0x97, 0x32, 0x95, 0xC2, 0x18, 0x6F,
    0x51, 0x2D, 0x10, 0xBF, 0x14, 0x08, 0x21, 0xE7, 0x1E, 0x37, 0xF8, 0x3C, 0x01, 0xF8, 0x74, 0x24,
    0x53, 0x6F, 0x89, 0xD5, 0xA9, 0x7F, 0xB5, 0x72, 0x0B, 0xEC, 0x21, 0x16, 0x48, 0xC1, 0x16, 0x6B,
    0x26, 0x6E, 0x5F, 0xC0, 0x0D, 0xBD, 0x87, 0xE1, 0x73, 0x9A, 0x9B, 0xB0, 0x50, 0x28, 0xCA, 0x7C,
    0x10, 0x79, 0x19, 0x6C, 0xFC, 0x91, 0x8B, 0x46, 0x5E, 0xE3, 0xC3, 0xAF, 0x9A, 0x2B, 0xF3, 0xC0,
    0x30, 0x3A, 0xD5, 0xF7, 0xBB, 0x30, 0xD1, 0x22, 0x6C, 0x14, 0x56, 0x56, 0x9F, 0x28, 0x71, 0x3F,
    0xEE, 0x32, 0x30, 0xEC, 0x5F, 0xF8, 0x9F, 0xB5, 0x1A, 0xF5, 0xE7, 0xFE, 0xB9, 0x56, 0x83, 0xFE,
    0xBD, 0x0F, 0xD4, 0x37, 0xE2, 0x34, 0xD4, 0xCE, 0xC4, 0xFB, 0x48, 0x2D, 0xE2, 0x51, 0x71, 0xDE,
    0x84, 0x32, 0xAC, 0xB3, 0x2E, 0x0C, 0x63, 0x12, 0x6D, 0xBF, 0x70, 0x1B, 0x76, 0xE9, 0x93, 0xD3,
    0x6A, 0x67, 0x9D, 0x30, 0x72, 0xA3, 0x3C, 0x85, 0x17, 0x8A, 0x54, 0x79, 0xCA, 0xEE, 0x1F, 0xDF,
    0x77, 0x14, 0x2C, 0x8D, 0x4D, 0x4A, 0x1B, 0x41, 0xF1, 0xF2, 0x35, 0x6F, 0x4D, 0x3A, 0x0A, 0x19,
    0x86, 0x66, 0xC9, 0xE4, 0x90, 0xA3, 0xA8, 0xE5, 0x99, 0xDA, 0x53, 0x04, 0x9E, 0x99, 0x6D, 0x79,
    0xD4, 0x73, 0xD1, 0x69, 0x32, 0xD6, 0xFB, 0x17, 0x78, 0x99, 0x6B, 0x2D, 0xFB, 0x6C, 0xDD, 0x55,
    0xD2, 0xCC, 0xE0, 0xC6, 0x1A, 0x3F, 0xB7, 0x35, 0xAE, 0xAE, 0xDB, 0x2A, 0xF8, 0x8A, 0xBB, 0x52,
    0x8E, 0xF8, 0x00, 0x1B, 0xC6, 0x85, 0x31, 0x41, 0x1E, 0xEE, 0x7C, 0x42, 0x16, 0xA6, 0x2B, 0xE3,
    0x40, 0x19, 0x50, 0x0D, 0x91, 0x28, 0x1C, 0xC3, 0x9F, 0x97, 0xAA, 0x25, 0xA5, 0x0E, 0xBE, 0x0A,
    0x63, 0x8F, 0x43, 0xCF, 0x58, 0x5F, 0x14, 0x8F, 0x25, 0x1F, 0xD3, 0xCB, 0x1E, 0xF6, 0x91, 0xB9,
    0x3E, 0x98, 0x7D, 0xCC, 0x5E, 0x3D, 0x7F, 0x86, 0x17, 0x6F, 0x9E, 0x20, 0xE5, 0x5C, 0xAF, 0x88,
    0xE4, 0xDD, 0xE0, 0xB4, 0xE7, 0xCC, 0xBF, 0x72, 0xBF, 0x94, 0xCD, 0xED, 0x83, 0x86, 0x66, 0x93,
    0x71, 0x60, 0xCD, 0xEF, 0x58, 0x90, 0x25, 0x63, 0xC2, 0x15, 0x7E, 0x4A, 0xEF, 0x8D, 0x4C, 0xB4,
    0xE4, 0x69, 0xAE, 0x7F, 0x15, 0xEF, 0x1F, 0xF0, 0xFB, 0x09, 0xBF, 0xDF, 0xE5, 0xF7, 0x9B, 0xFC,
    0x5E, 0xDC, 0xFF, 0xE3, 0x6F, 0x63, 0x5A, 0xFC, 0xA7, 0xAC, 0x7C, 0xAB, 0xA2, 0x54, 0x41, 0x66,
    0xCD, 0x8E, 0x49, 0x89, 0xAA, 0xDD, 0x44, 0xD5, 0x6E, 0x4C, 0xB5, 0xEF, 0xDC, 0x2F, 0x4D, 0xB5,
    0x45, 0x02, 0x77, 0x35, 0x83, 0xCD, 0xF3, 0xCC, 0x74, 0x9D, 0x1F, 0x5E, 0x7D, 0x19, 0xEF, 0xB9,
    0x9F, 0xF8, 0x7E, 0xF1, 0xE9, 0x92, 0x19, 0x1C, 0xE6, 0x7D, 0x54, 0xB5, 0x0B, 0x6C, 0x7F, 0x79,
    0x35, 0x26, 0x5B, 0x02, 0xC1, 0x2E, 0xDE, 0xA7, 0x9C, 0x12, 0x9F, 0xFE, 0x14, 0xA2, 0xAA, 0xA5,
    0xAA, 0x2C, 0xF2, 0x86, 0x4A, 0xF1, 0xE8, 0x76, 0x19, 0xF2, 0x67, 0xA6, 0xD0, 0xA7, 0x91, 0xFA,
    0xB5, 0x48, 0xB9, 0xCF, 0xA2, 0x06, 0x77, 0x1A, 0xEF, 0xB8, 0x7C, 0x93, 0x21, 0xEC, 0x72, 0xDE,
    0x15, 0x3D, 0xF6, 0x26, 0x5D, 0xED, 0xB9, 0x6D, 0x95, 0x30, 0xB6, 0xDE, 0x72, 0xD7, 0x9A, 0xB7,
    0xD3, 0x2D, 0xF9, 0xCB, 0x96, 0x0C, 0x4E, 0x25, 0x52, 0x5F, 0xCA, 0x5F, 0x87, 0x99, 0x9C, 0xAF,
    0x70, 0x43, 0x06, 0x99, 0xD1, 0x4E, 0x08, 0xE1, 0x6D, 0xBE, 0xF1, 0xAB, 0x7D, 0xFA, 0xD5, 0x75,
    0xD1, 0xEE, 0x83, 0xB3, 0xBF, 0x57, 0x4E, 0x5E, 0xDB, 0xA7, 0x0F, 0x18, 0xEF, 0xA1, 0xBF, 0x74,
    0x62, 0x98, 0xA9, 0x55, 0x98, 0xA8, 0x15, 0x8C, 0xFE, 0xFD, 0x90, 0x64, 0xDB, 0x5A, 0x92, 0xED,
    0x23, 0xBF, 0xD4, 0x24, 0xDB, 0x7A, 0xBE, 0xD1, 0x24, 0xDB, 0x32, 0x41, 0x4E, 0x8C, 0xA6, 0xDE,
    0xFF, 0xA2, 0x55, 0x43, 0xBF, 0xD5, 0x88, 0x5C, 0x02, 0x89, 0x45, 0x30, 0xF2, 0x59, 0x1B, 0x4C,
    0xBC, 0x9E, 0x20, 0x6E, 0x4B, 0x25, 0xA6, 0x7E, 0x1D, 0x8C, 0xCD, 0x36, 0x00, 0x54, 0xEA, 0x77,
    0x8C, 0x98, 0x7D, 0xD4, 0x86, 0x13, 0x9D, 0x58, 0x52, 0xB4, 0x3D, 0x0F, 0x53, 0x42, 0xE5, 0x19,
    0x1B, 0x7C, 0xCC, 0x9F, 0x60, 0x0A, 0x6A, 0x09, 0xD0, 0x6A, 0xC4, 0x07, 0x0F, 0xB7, 0xE0, 0x54,
    0x06, 0xFF, 0xA9, 0x68, 0xEA, 0xBE, 0x4E, 0xC1, 0x8A, 0xEF, 0x88, 0xA7, 0x6A, 0xFF, 0x8D, 0x4E,
    0x81, 0xFB, 0x48, 0x76, 0xC2, 0x0C, 0x33, 0x6B, 0xBF, 0xD5, 0x3C, 0xE7, 0xA2, 0xD9, 0x6A, 0x9E,
    0xB3, 0xA8, 0x6C, 0x0A, 0x0A, 0x95, 0x58, 0xEE, 0x36, 0x4A, 0xA0, 0x83, 0xC3, 0xBE, 0x66, 0xCD,
    0x5A, 0x25, 0x70, 0x46, 0xAE, 0x52, 0x7D, 0xF1, 0x49, 0xA7, 0xC0, 0x06, 0xDF, 0xDA, 0xD8, 0x11,
    0x21, 0xE3, 0x14, 0x05, 0x19, 0x5A, 0x6E, 0xD4, 0xA1, 0x3B, 0x05, 0x4F, 0x33, 0xD2, 0x8F, 0xBC,
    0x86, 0x10, 0x7F, 0xE6, 0x35, 0xAC, 0x9C, 0xAD, 0xD2, 0x5E, 0xD7, 0x84, 0xE6, 0x66, 0xB9, 0x42,
    0x39, 0x64, 0xAC, 0xD4, 0xA7, 0xC6, 0x98, 0x71, 0x5A, 0xEA, 0xA7, 0xDD, 0xD5, 0xCE, 0x90, 0x17,
    0x2B, 0x7D, 0x6E, 0xED, 0x32, 0xC2, 0x3A, 0x24, 0x33, 0xCB, 0x5D, 0x38, 0x58, 0x1A, 0x36, 0xB7,
    0x8B, 0x66, 0x57, 0xEC, 0x93, 0xE6, 0x42, 0xC8, 0xE0, 0xE2, 0x1A, 0x77, 0x5C, 0xE3, 0x75, 0x74,
    0x5F, 0x45, 0x74, 0x5F, 0x45, 0x74, 0x5F, 0xF6, 0x1E, 0x13, 0x57, 0xB9, 0x53, 0xF7, 0x55, 0x60,
    0x7F, 0xA1, 0x6B, 0x1C, 0x06, 0x5A, 0x53, 0x9D, 0xD3, 0x4F, 0x97, 0xEA, 0xBE, 0xE6, 0xFE, 0xBD,
    0x95, 0xBA, 0xAF, 0xCC, 0x3F, 0xAF, 0xEE, 0x6B, 0x9D, 0xFC, 0x30, 0x8D, 0xEE, 0xCB, 0xA8, 0xD3,
    0x08, 0xD9, 0x13, 0xAF, 0x68, 0x6B, 0x37, 0x6B, 0xF5, 0x3E, 0x28, 0x26, 0xE8, 0xC8, 0x47, 0x28,
    0x4A, 0x1F, 0x13, 0xEC, 0xCB, 0xC7, 0x9C, 0x04, 0x25, 0xD5, 0x25, 0xB8, 0xF1, 0x4B, 0xA8, 0x49,
    0x35, 0x48, 0xE3, 0xB1, 0xB9, 0xD3, 0xD6, 0x72, 0xA7, 0xFA, 0xDA, 0xBD, 0xD7, 0x5E, 0xD1, 0xDC,
    0x69, 0x9B, 0x69, 0x4E, 0xB2, 0x9D, 0x3D, 0x71, 0xEE, 0xD4, 0x9E, 0x4C, 0x23, 0xA4, 0xAD, 0xA6,
    0x1C, 0xD2, 0x76, 0xF2, 0xE8, 0xDC, 0xE9, 0xE3, 0x4E, 0xFF, 0xC2, 0xB9, 0x4F, 0x40, 0x6E, 0xC6,
    0x2B, 0x9E, 0xBF, 0xFB, 0x88, 0x24, 0xFC, 0x71, 0x4C, 0xC2, 0x6F, 0xA2, 0x7D, 0x68, 0x82, 0x7D,
    0x58, 0x9B, 0x7D, 0x98, 0xF4, 0x69, 0x1B, 0x42, 0xC1, 0x36, 0x04, 0x82, 0x6D, 0x08, 0x03, 0x63,
    0x10, 0xF8, 0x85, 0xEC, 0x83, 0x25, 0xE1, 0x7F, 0x2B, 0xD8, 0x07, 0x1F, 0xEC, 0x83, 0x0F, 0xF3,
    0x62, 0xB5, 0x3B, 0xE4, 0x33, 0xC3, 0xF9, 0xEE, 0xA8, 0x82, 0xBC, 0x16, 0x86, 0x71, 0x7B, 0x6F,
    0x9A, 0x46, 0x34, 0xBA, 0xBB, 0x6D, 0xDD, 0x5E, 0x95, 0x01, 0x0A, 0x22, 0x9A, 0x58, 0x25, 0xA8,
    0x04, 0x5F, 0x28, 0xC4, 0xA5, 0x50, 0x54, 0x9E, 0x98, 0x75, 0x9C, 0xBF, 0xCE, 0xDF, 0x26, 0x20,
    0x2C, 0x79, 0xD6, 0x0A, 0x40, 0xFD, 0xA4, 0xDB, 0xA9, 0xD3, 0xD1, 0x53, 0x63, 0x58, 0xB2, 0x4D,
    0xF4, 0x57, 0xCB, 0x54, 0x70, 0xE1, 0x85, 0x7B, 0x51, 0x37, 0xEE, 0xED, 0x60, 0x11, 0xD3, 0x25,
    0x92, 0x0E, 0xFF, 0x43, 0x62, 0x94, 0xDC, 0xBF, 0x83, 0xF4, 0x46, 0x71, 0xFC, 0xC0, 0xA7, 0x67,
    0xD5, 0xDD, 0x89, 0x3F, 0x4E, 0x71, 0x9A, 0xE6, 0xB3, 0xDB, 0x2B, 0x09, 0x8F, 0x4E, 0xF0, 0x40,
    0xDE, 0x50, 0x1E, 0xBC, 0x18, 0xB0, 0xC2, 0x1E, 0xC0, 0x53, 0xEB, 0x6F, 0xB0, 0xCA, 0xD8, 0x0C,
    0x41, 0xB3, 0x3C, 0x36, 0x56, 0xDC, 0xB8, 0xC4, 0x23, 0xC1, 0xB5, 0x1E, 0x6E, 0xC3, 0x74, 0x7D,
    0x14, 0xEF, 0xAC, 0x54, 0x88, 0x2B, 0x35, 0xB1, 0x2B, 0xBB, 0x25, 0xE4, 0xEC, 0x8C, 0x60, 0x37,
    0x5A, 0xA6, 0xCC, 0x36, 0xFA, 0x9D, 0x82, 0x7B, 0x43, 0xDE, 0xFC, 0xB7, 0x15, 0xB7, 0x4E, 0x3D,
    0xBB, 0x4E, 0x88, 0xA8, 0x57, 0xB2, 0x5E, 0x2B, 0x64, 0x87, 0x44, 0x71, 0xBB, 0x19, 0x22, 0x89,
    0x8D, 0x46, 0x0C, 0x8C, 0x36, 0x64, 0x97, 0x5D, 0x20, 0x3E, 0xF6, 0x3E, 0xAE, 0xBE, 0xBD, 0x53,
    0xCD, 0x1C, 0xCB, 0x77, 0x2D, 0x9C, 0x23, 0x96, 0xF4, 0x84, 0x17, 0x11, 0xBE, 0x87, 0xE4, 0xD8,
    0x82, 0x85, 0x4F, 0x90, 0x02, 0xCA, 0x97, 0x48, 0x00, 0x65, 0x4C, 0x30, 0x4D, 0x96, 0xEE, 0x5F,
    0x3F, 0x6E, 0x54, 0x2F, 0x3E, 0x66, 0x54, 0x3D, 0x47, 0xB5, 0xD5, 0x51, 0x31, 0xB1, 0x31, 0xFF,
    0x04, 0xD7, 0x2A, 0xD3, 0xF1, 0xA8, 0x66, 0x5B, 0x66, 0x6B, 0x57, 0x1D, 0x37, 0xE3, 0x1D, 0x0F,
    0x72, 0x58, 0x78, 0xAF, 0xEA, 0x78, 0x16, 0xC9, 0x75, 0x74, 0xCA, 0xEF, 0x59, 0xB7, 0x83, 0x2A,
    0xB4, 0xF3, 0xDF, 0x4D, 0x78, 0xAA, 0x8A, 0xD5, 0x18, 0xD5, 0x11, 0x76, 0xA5, 0x18, 0x51, 0xCB,
    0xE7, 0x1C, 0x99, 0x60, 0x04, 0xE5, 0xE5, 0x29, 0x32, 0x3F, 0x6D, 0xAE, 0x37, 0x58, 0xBB, 0x7F,
    0xEC, 0x72, 0x62, 0x1D, 0x9C, 0x3E, 0xF9, 0xFF, 0x82, 0xF3, 0xC1, 0x6D, 0xEC, 0x14, 0x99, 0xBB,
    0x42, 0xB3, 0xB1, 0x7C, 0x5E, 0x39, 0x9B, 0xDB, 0x05, 0xB3, 0x1B, 0x9A, 0xD7, 0x9D, 0x78, 0xF6,
    0xA7, 0x90, 0x4F, 0x6E, 0x0B, 0x0D, 0x5F, 0xB4, 0x47, 0xC5, 0x6C, 0x39, 0xE5, 0x73, 0xBA, 0x4E,
    0xBC, 0x1D, 0xF4, 0xD7, 0x06, 0x7F, 0x08, 0x9B, 0xDD, 0x67, 0x2E, 0x2D, 0xC8, 0xC3, 0xAF, 0xAD,
    0x39, 0x06, 0x68, 0x33, 0x21, 0xF5, 0x6A, 0x9D, 0xFC, 0x56, 0x0B, 0xF2, 0x00, 0x4E, 0x2F, 0xD1,
    0x91, 0x96, 0x3A, 0xD4, 0x3A, 0x3C, 0x4B, 0x76, 0x9A, 0x98, 0x10, 0x48, 0x0F, 0x85, 0x23, 0x8C,
    0x1E, 0x4B, 0x98, 0x20, 0xFA, 0xD4, 0xEA, 0xF0, 0xA0, 0xDB, 0x84, 0x02, 0xE8, 0x27, 0x5A, 0x87,
    0x87, 0x7D, 0x26, 0x14, 0x3C, 0x1F, 0xAE, 0x34, 0xEA, 0x8D, 0x2E, 0x00, 0xE7, 0xB9, 0x43, 0x01,
    0x6C, 0x7E, 0x1A, 0xAC, 0xEE, 0xE7, 0x2B, 0xC8, 0x13, 0xD7, 0x7B, 0x67, 0xB3, 0xA5, 0x26, 0x5B,
    0x6B, 0x8B, 0xAF, 0x99, 0xEE, 0x12, 0x5E, 0x56, 0xCE, 0xD0, 0x69, 0xD3, 0x25, 0xD7, 0xBB, 0x3D,
    0x66, 0x0D, 0x0D, 0xD7, 0xAC, 0xC9, 0x36, 0x7C, 0x73, 0x02, 0xDF, 0xC3, 0xF5, 0xD5, 0x22, 0x6D,
    0xF0, 0x75, 0x00, 0xB6, 0xE5, 0xCF, 0x7C, 0xDA, 0xC6, 0x6B, 0x6B, 0x7B, 0xA7, 0x65, 0xB6, 0xD3,
    0xF0, 0x22, 0x6D, 0xCF, 0x41, 0xEE, 0x8E, 0x58, 0x06, 0xF5, 0xB1, 0x1A, 0xFB, 0x99, 0xEB, 0xC8,
    0x73, 0x1D, 0x2D, 0x42, 0xEA, 0xFC, 0xCA, 0xBD, 0x67, 0xA0, 0x34, 0x1E, 0x57, 0xCF, 0xE8, 0x8C,
    0x5D, 0x3F, 0x6B, 0x17, 0x0E, 0xFD, 0x3D, 0xA0, 0x57, 0x93, 0x15, 0x53, 0x8C, 0xF8, 0xA4, 0xB8,
    0xC4, 0x67, 0x44, 0x1F, 0x4C, 0x70, 0xD3, 0xC6, 0xBE, 0x4F, 0xBD, 0x68, 0x8A, 0x98, 0x20, 0xDC,
    0x25, 0x5A, 0x1C, 0x6D, 0xA7, 0xF7, 0x4B, 0xD9, 0x60, 0x2A, 0xC6, 0xF0, 0x5B, 0x08, 0x5D, 0xF1,
    0x7D, 0x9F, 0xEF, 0xFC, 0x9A, 0x96, 0x3D, 0xBE, 0x8A, 0x9B, 0x6F, 0xA2, 0xD7, 0x50, 0x80, 0x6D,
    0xC9, 0x4A, 0xAB, 0x87, 0xB8, 0x39, 0x5A, 0x6F, 0xF0, 0xAF, 0x89, 0x67, 0x86, 0x2C, 0xA3, 0x90,
    0xA7, 0xDA, 0x3F, 0x42, 0x5C, 0xBA, 0x90, 0xDF, 0x02, 0x0A, 0x90, 0xED, 0x48, 0x58, 0xC4, 0x49,
    0x3E, 0x82, 0x77, 0x92, 0xFA, 0x2F, 0x97, 0xBA, 0x7B, 0x24, 0x43, 0x31, 0x98, 0x0F, 0x23, 0xB4,
    0xE7, 0x1E, 0x46, 0xE9, 0x31, 0xCE, 0x8E, 0x4F, 0x8E, 0x54, 0xD4, 0x94, 0x63, 0x4D, 0x3A, 0x1D,
    0x2D, 0x5D, 0x10, 0x9E, 0x2B, 0x44, 0x19, 0xDF, 0x02, 0x52, 0xF2, 0xD7, 0xF1, 0xEF, 0x1C, 0xD7,
    0x56, 0x9F, 0x37, 0xBA, 0x29, 0xFE, 0x5D, 0xC6, 0x37, 0xC5, 0xE7, 0x67, 0x48, 0xD2, 0x61, 0x7E,
    0xBD, 0x70, 0x02, 0xC4, 0x49, 0x2D, 0x23, 0x84, 0x6E, 0x4E, 0xE5, 0xF3, 0x54, 0xC4, 0xC5, 0xCB,
    0x4B, 0xBB, 0x0A, 0xBD, 0x0C, 0x17, 0xA1, 0x75, 0xE7, 0xBC, 0x58, 0xAA, 0x5A, 0xE6, 0x4B, 0xD5,
    0xCA, 0xEC, 0xBD, 0xCB, 0x5B, 0xA1, 0xD8, 0x11, 0x7D, 0xCB, 0x04, 0xA4, 0x6F, 0x79, 0xC7, 0xBD,
    0xCD, 0xCE, 0xEA, 0xEA, 0xEC, 0x10, 0x09, 0x5A, 0x64, 0xA0, 0x66, 0xCB, 0x8E, 0xBB, 0x1A, 0x54,
    0x54, 0x05, 0x3D, 0x75, 0x78, 0x1F, 0x1B, 0xCC, 0x0E, 0x09, 0x50, 0xB1, 0x46, 0xA9, 0x5F, 0xF3,
    0x84, 0x9F, 0x77, 0x53, 0xC4, 0x76, 0x77, 0x04, 0x40, 0x75, 0x3C, 0xDF, 0xE9, 0xC4, 0xDB, 0x65,
    0x2D, 0xB2, 0xC0, 0x40, 0xB5, 0x9E, 0x70, 0x83, 0x21, 0x9B, 0xB9, 0x39, 0x7E, 0xF3, 0xD5, 0x3F,
    0x40, 0xCE, 0xCA, 0x8B, 0x85, 0xC3, 0x9E, 0x4A, 0x3E, 0x7F, 0x7C, 0xA8, 0xF8, 0x68, 0xC5, 0xB5,
    0x26, 0xDD, 0x63, 0x91, 0xE1, 0x47, 0x0A, 0xF1, 0x09, 0x30, 0x63, 0x96, 0xE7, 0x42, 0xFB, 0x21,
    0xAE, 0xCF, 0x15, 0x5B, 0x43, 0x79, 0x6D, 0x87, 0x02, 0x1A, 0x19, 0xAF, 0x85, 0x3F, 0x03, 0xBE,
    0xE7, 0x97, 0xFE, 0xD5, 0x46, 0x26, 0x9F, 0xC8, 0x70, 0x89, 0xD3, 0xAB, 0xA2, 0x93, 0xA5, 0xDF,
    0x23, 0x63, 0x3B, 0x7F, 0x8E, 0xA8, 0x6F, 0xD0, 0x2E, 0x7F, 0xAE, 0xB7, 0x22, 0x79, 0x3F, 0x14,
    0xF6, 0xF9, 0xFE, 0x81, 0x26, 0x3D, 0xEB, 0x5E, 0x91, 0xE1, 0xA0, 0xF7, 0x80, 0x06, 0x0F, 0x90,
    0xC4, 0x7C, 0xA5, 0xD5, 0xF2, 0xB0, 0x30, 0xD2, 0xAE, 0xD3, 0xA3, 0x17, 0x6C, 0x88, 0xB7, 0xA3,
    0x68, 0xA7, 0x18, 0xD1, 0xD9, 0x88, 0x4E, 0x1F, 0x85, 0x0C, 0x9F, 0x0C, 0x59, 0xA2, 0x89, 0xAE,
    0xD9, 0x7E, 0xED, 0xFE, 0xD3, 0x44, 0x43, 0x87, 0xBE, 0x73, 0xDB, 0x89, 0xDE, 0x83, 0xF8, 0xA3,
    0x75, 0xEA, 0x9F, 0x53, 0xF8, 0xA9, 0x2C, 0xD4, 0x87, 0x6F, 0xB7, 0x2A, 0x0D, 0xEF, 0xDF, 0x25,
    0x29, 0xC2, 0x58, 0x6C, 0x67, 0x24, 0x45, 0x16, 0xB3, 0x55, 0x06, 0x12, 0xA2, 0xC0, 0xDE, 0xC1,
    0x24, 0x21, 0xB3, 0x03, 0x35, 0x13, 0x41, 0x88, 0x5D, 0xDD, 0x90, 0x84, 0xF5, 0xF1, 0x2B, 0x28,
    0x15, 0xC4, 0x90, 0x9A, 0xDD, 0x13, 0xCE, 0xC5, 0xCA, 0x05, 0xD2, 0xD5, 0xDD, 0x24, 0x80, 0x31,
    0x13, 0x26, 0x76, 0x74, 0xDF, 0x9D, 0xF3, 0xF8, 0x9F, 0x12, 0x48, 0x3F, 0xBA, 0xB4, 0x78, 0x66,
    0x71, 0x69, 0xF1, 0xCC, 0x73, 0x15, 0x14, 0x2F, 0x5C, 0x2B, 0x53, 0xBD, 0x00, 0x86, 0x54, 0x31,
    0xB8, 0x15, 0xF0, 0x24, 0x84, 0xE0, 0x3E, 0x4F, 0x40, 0x09, 0xEF, 0x22, 0x11, 0x51, 0x02, 0x6A,
    0x4E, 0x48, 0x09, 0x3A, 0x05, 0x29, 0xA6, 0x04, 0x98, 0x25, 0x4F, 0x50, 0x09, 0x84, 0xE2, 0xCB,
    0xBB, 0x09, 0xA8, 0xF9, 0x99, 0xF6, 0x17, 0x49, 0xD6, 0x08, 0xE9, 0x48, 0x7D, 0x84, 0xE0, 0xA4,
    0xA7, 0x36, 0xB4, 0xE2, 0x4D, 0x94, 0x12, 0xD7, 0x52, 0xB4, 0xAA, 0x21, 0xD3, 0xA5, 0x62, 0x4B,
    0x7E, 0x28, 0x54, 0x00, 0x97, 0x70, 0x5B, 0x7E, 0x8E, 0xA2, 0x11, 0xEF, 0x23, 0x63, 0x7D, 0xBC,
    0xFD, 0x71, 0x0E, 0x96, 0xE6, 0xCA, 0x5D, 0xE0, 0xDF, 0xA0, 0xF1, 0x4B, 0x43, 0xA2, 0xDA, 0x3D,
    0x97, 0xAC, 0x09, 0x37, 0x77, 0x5E, 0x08, 0x94, 0x41, 0x4E, 0x80, 0xC2, 0xF2, 0x84, 0x9A, 0xA0,
    0x08, 0xAC, 0x27, 0xD6, 0x44, 0xE6, 0xFB, 0xA3, 0x9F, 0x13, 0x6C, 0x92, 0xE0, 0x46, 0x92, 0xA2,
    0x4D, 0x70, 0x23, 0x89, 0x70, 0x13, 0xF0, 0xF6, 0x17, 0x0C, 0xEC, 0x71, 0x23, 0xE9, 0xBD, 0xB5,
    0x9D, 0x5C, 0x4D, 0xDF, 0x53, 0xC4, 0xC9, 0x77, 0xDD, 0xF4, 0x27, 0x01, 0x72, 0x32, 0x5D, 0x06,
    0xCC, 0x09, 0x6E, 0xA9, 0x7C, 0x18, 0xA8, 0xE9, 0x50, 0x32, 0x53, 0x67, 0x16, 0xBC, 0x29, 0xEE,
    0x44, 0xEF, 0xF7, 0x9D, 0xBB, 0xE1, 0x20, 0xCE, 0x77, 0xBA, 0x35, 0x12, 0xC5, 0xB2, 0x1B, 0x62,
    0x52, 0x5F, 0x9F, 0xB6, 0xF5, 0xF1, 0x52, 0xA5, 0x31, 0xD9, 0xD8, 0x7D, 0xA9, 0x39, 0xCC, 0x12,
    0xEF, 0x9F, 0x62, 0x29, 0xCF, 0xF5, 0x9E, 0x9C, 0x04, 0xA4, 0xB8, 0x4C, 0x5F, 0x52, 0x7B, 0xDF,
    0x69, 0x27, 0x9F, 0xDE, 0x63, 0x3D, 0x89, 0xF9, 0x4B, 0xEB, 0x09, 0xE1, 0xF7, 0xD0, 0xDE, 0x7E,
    0xD2, 0x8A, 0xA1, 0xA3, 0xF6, 0x0A, 0x39, 0xF7, 0xAA, 0xBD, 0x37, 0x13, 0x64, 0xD9, 0xA9, 0xB2,
    0x85, 0xAB, 0x15, 0xDC, 0x34, 0x2F, 0xE7, 0xCD, 0xD5, 0x43, 0x9E, 0x64, 0x28, 0xC0, 0x2B, 0x57,
    0xED, 0x45, 0xC6, 0x57, 0x63, 0x16, 0x20, 0x31, 0x5C, 0xDC, 0x7B, 0x9E, 0x1D, 0xF7, 0xC3, 0x95,
    0xE6, 0xB8, 0x32, 0xEB, 0xED, 0xA3, 0xE7, 0x8D, 0x9B, 0x4F, 0xB5, 0x52, 0x85, 0x0B, 0x36, 0xAA,
    0x50, 0x80, 0xA6, 0xB0, 0x45, 0x8B, 0xC1, 0x35, 0xC9, 0xC2, 0x11, 0x5C, 0x92, 0x05, 0xF0, 0x36,
    0x6A, 0x9B, 0x26, 0xB5, 0x5A, 0xA6, 0x92, 0x81, 0x18, 0x39, 0x2A, 0xB8, 0x55, 0xFB, 0xA1, 0x52,
    0x27, 0x81, 0x1F, 0xD5, 0x21, 0x52, 0x1A, 0x0D, 0x56, 0x45, 0xD8, 0xC0, 0x48, 0x30, 0xA6, 0xC1,
    0xF3, 0x4C, 0xDE, 0x0B, 0x29, 0xDC, 0xF9, 0x7D, 0x1F, 0x19, 0xE9, 0x46, 0xE7, 0x32, 0x8F, 0xBB,
    0xD7, 0x51, 0x0F, 0xF7, 0x3A, 0xF4, 0xD7, 0x28, 0x2F, 0xDE, 0xDF, 0x0B, 0xCC, 0x78, 0x2D, 0xEF,
    0x20, 0xDC, 0xEC, 0x5F, 0x65, 0xB9, 0x0A, 0xB0, 0xB3, 0xEF, 0x66, 0xEF, 0x9A, 0x85, 0xD9, 0x77,
    0xD9, 0x3B, 0xEB, 0xC0, 0xD0, 0xFC, 0xAD, 0x2E, 0x70, 0x54, 0x97, 0x9D, 0xB2, 0x24, 0xA1, 0x95,
    0x1A, 0xF4, 0x79, 0x99, 0xF9, 0xF5, 0xC4, 0xC8, 0xC9, 0x9F, 0x94, 0xD3, 0x58, 0x52, 0xCE, 0x02,
    0x2D, 0xB4, 0x5A, 0xD8, 0xF3, 0x96, 0x74, 0x1C, 0xDD, 0x2A, 0x4F, 0x47, 0xF3, 0xF2, 0x0F, 0xFD,
    0xD0, 0xF8, 0x61, 0x32, 0x74, 0x85, 0x24, 0xEC, 0x39, 0xDA, 0xA0, 0xA1, 0xF4, 0xC1, 0x64, 0xA7,
    0xD2, 0x43, 0xB3, 0xF3, 0xC2, 0x5C, 0xCE, 0xB1, 0xFF, 0x5F, 0xC3, 0xCD, 0xCE, 0xE2, 0xE1, 0x6A,
    0x70, 0x3A, 0x9E, 0xAE, 0x15, 0x62, 0x78, 0x07, 0xBB, 0xDE, 0x91, 0xB2, 0xB2, 0x0D, 0x0F, 0x45,
    0xF1, 0x96, 0x38, 0xF8, 0x24, 0x39, 0x36, 0x61, 0xF4, 0xB3, 0xE5, 0x8C, 0x77, 0xB0, 0xA8, 0xB2,
    0xB2, 0xA3, 0xEB, 0x64, 0x9A, 0x28, 0x90, 0x9B, 0x29, 0x17, 0x87, 0xCD, 0xB2, 0x7C, 0xF8, 0x44,
    0xF3, 0x98, 0xD0, 0xD6, 0xBC, 0x8A, 0x2F, 0x30, 0xAB, 0x7D, 0x48, 0x37, 0x8B, 0x03, 0x49, 0xBA,
    0x98, 0xF4, 0x94, 0x90, 0xC1, 0xCE, 0xBA, 0x50, 0x66, 0x46, 0x44, 0x32, 0x9C, 0xC8, 0xF1, 0x02,
    0x44, 0x60, 0x59, 0xF6, 0x7D, 0xE3, 0x93, 0xB9, 0x71, 0x2D, 0xE7, 0x73, 0x2F, 0xC6, 0x5F, 0xD3,
    0x66, 0x87, 0x0E, 0x82, 0xEA, 0xA6, 0x83, 0xD0, 0x40, 0x07, 0x37, 0xDD, 0x4D, 0xEF, 0x97, 0xD1,
    0x4D, 0x6B, 0x21, 0x0F, 0x48, 0x6C, 0xAE, 0xB4, 0xBA, 0x69, 0xA5, 0xE1, 0xA6, 0x73, 0xA5, 0xA1,
    0x39, 0x12, 0xCF, 0x90, 0x86, 0xB4, 0x72, 0x09, 0x29, 0x48, 0x2F, 0xE7, 0xCF, 0xE2, 0xCA, 0x0D,
    0x69, 0x71, 0xD3, 0xB8, 0x0D, 0x0C, 0x16, 0xE8, 0xA6, 0x4B, 0xB7, 0x55, 0x76, 0xE6, 0x25, 0x8E,
    0x16, 0x5F, 0x36, 0x7A, 0x26, 0x61, 0xCD, 0x5F, 0x2E, 0x4D, 0x81, 0x8A, 0xE5, 0xD9, 0xA7, 0xA6,
    0x41, 0xB2, 0x03, 0xE9, 0xEA, 0x65, 0x70, 0x52, 0x9B, 0xAE, 0x58, 0x0E, 0x6E, 0x3A, 0x5B, 0x0E,
    0x6E, 0x7A, 0xC8, 0xBB, 0x5E, 0x70, 0xD3, 0xB4, 0x63, 0xDC, 0xA2, 0x25, 0x6F, 0x86, 0x17, 0x33,
    0x64, 0xE8, 0xC9, 0x3D, 0xEA, 0x95, 0x9F, 0xF9, 0xC2, 0xAF, 0x42, 0x79, 0x10, 0x57, 0x6C, 0xB8,
    0xAD, 0x98, 0x73, 0xD7, 0x93, 0xB7, 0x78, 0xA1, 0x2D, 0x28, 0x64, 0x9F, 0x8E, 0x17, 0x39, 0x0B,
    0xFB, 0xBA, 0x79, 0x35, 0x5B, 0xA9, 0x7B, 0x96, 0xB9, 0x92, 0x98, 0xA3, 0xA1, 0x0C, 0x0E, 0x67,
    0x4B, 0x7B, 0x21, 0x42, 0x10, 0x0B, 0x2F, 0xEA, 0xF0, 0xAF, 0x5A, 0x48, 0xE1, 0x59, 0xF9, 0x25,
    0xD5, 0x1C, 0x55, 0x42, 0x45, 0x0C, 0xE2, 0x81, 0x6F, 0x54, 0xF3, 0x96, 0x3E, 0x66, 0xFE, 0xDC,
    0x9A, 0x95, 0x77, 0xB4, 0x13, 0xDF, 0xB3, 0x7C, 0x51, 0xEB, 0xCE, 0x9F, 0x50, 0xAA, 0xF9, 0xBF,
    0xF0, 0x5A, 0x57, 0xCE, 0xF3, 0xC3, 0x6F, 0x9A, 0x99, 0x10, 0xDF, 0x31, 0x9C, 0xEE, 0x7A, 0x3F,
    0x5A, 0x46, 0xC7, 0xE3, 0x17, 0xBB, 0xA5, 0xC7, 0x86, 0xCA, 0x05, 0x8F, 0x3F, 0xDC, 0x1B, 0x76,
    0xF2, 0x29, 0x4D, 0x47, 0x80, 0xF4, 0x18, 0x75, 0x75, 0x54, 0x6E, 0x76, 0x24, 0xF8, 0xD5, 0xB9,
    0x3B, 0x92, 0x4F, 0x6E, 0x6B, 0x5D, 0xB4, 0xB5, 0x2E, 0xDA, 0x5A, 0xEC, 0x3B, 0xD4, 0xD6, 0xC2,
    0x6B, 0xA9, 0xAD, 0x05, 0x16, 0xF9, 0xF3, 0xDA, 0xDA, 0x3E, 0xDA, 0xDA, 0x75, 0xB4, 0xB5, 0x6D,
    0xB0, 0xB5, 0xF9, 0x67, 0xD9, 0xDA, 0xF3, 0x5F, 0x3F, 0xB8, 0x08, 0x7D, 0x1F, 0x82, 0xA1, 0x41,
    0x16, 0x23, 0x51, 0x36, 0x17, 0x0F, 0x04, 0x86, 0x9F, 0x48, 0xBA, 0x9D, 0x7B, 0xCF, 0x8F, 0xBA,
    0xD5, 0x26, 0x56, 0x6D, 0x7B, 0xF4, 0x9A, 0xD5, 0x2A, 0xD9, 0x04, 0x83, 0x36, 0xF3, 0x21, 0x86,
    0x9E, 0xBE, 0xDB, 0xD8, 0xD2, 0x9C, 0xFE, 0x68, 0x65, 0x41, 0xE3, 0xEC, 0x6D, 0xF3, 0x50, 0x44,
    0xE7, 0x69, 0xC8, 0xA8, 0x94, 0x56, 0x56, 0xB4, 0xB8, 0x39, 0xF1, 0x8A, 0x2E, 0x9A, 0x97, 0xC7,
    0xBD, 0x25, 0xAA, 0x9F, 0x0D, 0x09, 0xEA, 0xEC, 0x25, 0xD9, 0xC9, 0xF3, 0x5F, 0xE1, 0x13, 0xAC,
    0x2A, 0xDF, 0xAD, 0x3E, 0xF2, 0x5E, 0x97, 0x01, 0x02, 0x91, 0x47, 0x93, 0x3E, 0x1D, 0x94, 0xEF,
    0xC6, 0xEB, 0xEE, 0xB1, 0x97, 0xB1, 0x90, 0xEB, 0x34, 0xA6, 0x28, 0x11, 0xE5, 0xCA, 0xC8, 0x89,
    0xDA, 0x65, 0x17, 0x4D, 0xF4, 0x44, 0xA3, 0xE1, 0xB7, 0x25, 0x3A, 0x42, 0xC1, 0x01, 0x9A, 0x67,
    0xD9, 0xF5, 0xF6, 0x31, 0x9E, 0x58, 0xDC, 0x35, 0xD3, 0x9C, 0xF8, 0xCD, 0x7E, 0x50, 0x09, 0xCB,
    0x6F, 0xCC, 0xCB, 0xBC, 0xBC, 0x5A, 0x19, 0x89, 0xC9, 0xB1, 0x8B, 0x4B, 0x50, 0xF4, 0x7D, 0x8B,
    0x27, 0x3A, 0x4B, 0x80, 0x8B, 0xA1, 0xF1, 0xC3, 0xF4, 0x16, 0x67, 0xC7, 0xED, 0x60, 0x97, 0xE3,
    0x64, 0xD6, 0x1B, 0xF7, 0x65, 0xE8, 0xF8, 0x71, 0xD4, 0x71, 0x1F, 0x75, 0xBC, 0xFE, 0x9B, 0xD2,
    0xF1, 0xA1, 0x16, 0xDB, 0x37, 0xD5, 0x4E, 0xCE, 0x7C, 0x59, 0xF0, 0xD6, 0x4E, 0x5F, 0xE0, 0x82,
    0x3A, 0xCD, 0xA5, 0xBF, 0xD3, 0x6B, 0x2D, 0x36, 0x09, 0xCA, 0xEB, 0x7D, 0xF2, 0x86, 0x62, 0xBE,
    0x5B, 0x9B, 0x32, 0x64, 0x2F, 0xC1, 0xDB, 0xDB, 0x44, 0xDD, 0xD0, 0xA3, 0xB2, 0xD2, 0x20, 0x79,
    0x13, 0xCD, 0xD8, 0x57, 0xDE, 0x16, 0x3D, 0x29, 0xE1, 0x28, 0xA3, 0xD6, 0x51, 0x13, 0x4F, 0x4C,
    0xFF, 0xCA, 0x70, 0xE6, 0x31, 0x50, 0x8C, 0x2A, 0xF6, 0xE3, 0xCA, 0xDA, 0x8F, 0x07, 0x99, 0xFB,
    0x97, 0x80, 0x46, 0x1F, 0x4F, 0xB9, 0xCF, 0xBA, 0x20, 0x78, 0x74, 0xB8, 0x7B, 0x2F, 0x76, 0xEE,
    0xBE, 0xEA, 0xF6, 0x3E, 0x08, 0x3A, 0xC9, 0x3C, 0x90, 0xEA, 0x24, 0x6F, 0x4F, 0x68, 0xD0, 0x90,
    0xF4, 0x69, 0xD0, 0xC9, 0x09, 0xAF, 0x9E, 0x81, 0xC9, 0xBB, 0xB2, 0xBA, 0x6F, 0x86, 0x19, 0x3C,
    0x0C, 0x6C, 0x22, 0x9A, 0x19, 0x29, 0xE2, 0xFE, 0x10, 0x28, 0xDC, 0x8C, 0x61, 0x42, 0xA8, 0x85,
    0x89, 0x20, 0xA1, 0x1B, 0x42, 0x84, 0x91, 0x22, 0xC6, 0x69, 0xC3, 0x22, 0xBB, 0x58, 0xF4, 0x49,
    0x6B, 0x3E, 0xF5, 0x57, 0x01, 0x13, 0x20, 0x55, 0x87, 0x8A, 0x4F, 0x7F, 0xB4, 0xBD, 0xD3, 0x69,
    0xC1, 0x27, 0x0C, 0x94, 0x75, 0x99, 0xE6, 0xC8, 0x7C, 0x80, 0x9A, 0x60, 0xDA, 0x48, 0xE5, 0x80,
    0xFC, 0x82, 0x82, 0x72, 0xFE, 0x7B, 0x7E, 0x8E, 0xA6, 0x64, 0x8A, 0x4A, 0x4E, 0xE0, 0x2D, 0xA9,
    0x51, 0xDE, 0x89, 0xAC, 0xC9, 0xDF, 0x28, 0x35, 0x32, 0xBC, 0xA7, 0x33, 0x26, 0x31, 0xD0, 0x26,
    0x50, 0x7B, 0xBC, 0xA2, 0xCA, 0x09, 0x9C, 0x77, 0x4A, 0x01, 0xB0, 0x42, 0x0A, 0x13, 0x98, 0xBF,
    0x5F, 0x46, 0xA6, 0x22, 0x28, 0x6C, 0x70, 0x5F, 0x83, 0xEF, 0x1A, 0x05, 0x81, 0x17, 0x3B, 0xDB,
    0x9E, 0xED, 0xDE, 0x67, 0x96, 0xE7, 0x37, 0xC2, 0x72, 0xAB, 0xEC, 0x12, 0x91, 0x86, 0xF3, 0xB5,
    0x2F, 0x13, 0x99, 0xBE, 0x8F, 0xB7, 0x05, 0x36, 0x40, 0x80, 0x98, 0x25, 0x0C, 0xE4, 0x1B, 0x2D,
    0xAB, 0xB0, 0x75, 0x45, 0xF1, 0x97, 0x2B, 0xCC, 0x53, 0xE1, 0xD5, 0x5C, 0x4B, 0xC4, 0xD7, 0x68,
    0x9A, 0xC6, 0x4E, 0xBA, 0x63, 0x64, 0x16, 0x9E, 0xC1, 0xAC, 0x07, 0xF7, 0x17, 0x8C, 0xFB, 0x68,
    0x8F, 0xBC, 0x18, 0xE7, 0x79, 0x37, 0x3A, 0xDA, 0x37, 0x42, 0xB8, 0xC5, 0xB2, 0x15, 0x4E, 0x6B,
    0x56, 0x70, 0x7B, 0xC8, 0x5A, 0x16, 0x53, 0x2D, 0x70, 0x99, 0xAF, 0xF9, 0x60, 0x2E, 0x59, 0xB6,
    0x84, 0x9A, 0xB2, 0x91, 0x4D, 0xD4, 0x55, 0x6C, 0x06, 0xDD, 0x99, 0xC7, 0x91, 0x4F, 0x82, 0x30,
    0xFE, 0xBB, 0xB2, 0xF9, 0xFA, 0x6F, 0x0D, 0x63, 0x68, 0x6E, 0xEC, 0xB7, 0x9D, 0x82, 0x8F, 0xF0,
    0x98, 0x75, 0x0E, 0x0F, 0x89, 0x7E, 0xF5, 0xCD, 0x15, 0x1E, 0xEE, 0xEA, 0x46, 0x63, 0xD1, 0x5A,
    0x39, 0xCC, 0x3A, 0x86, 0x8C, 0x69, 0x17, 0xDA, 0x7F, 0x2C, 0x86, 0x55, 0x71, 0x38, 0xDC, 0xF3,
    0x2D, 0x5D, 0xA8, 0xAE, 0x81, 0x81, 0xEA, 0x38, 0x75, 0x98, 0x3A, 0x4A, 0x1D, 0x64, 0xA2, 0x65,
    0x5F, 0x98, 0x93, 0xC1, 0xE6, 0xAC, 0xC3, 0x3E, 0xD5, 0x6E, 0x3B, 0x77, 0x0C, 0xCB, 0x3A, 0xE4,
    0xED, 0x91, 0xA5, 0x12, 0xCB, 0x82, 0x62, 0xB7, 0xC9, 0x86, 0xE6, 0x17, 0xB9, 0x97, 0x05, 0xB3,
    0x2E, 0x05, 0x0D, 0x32, 0x52, 0x9A, 0xE7, 0x6E, 0x4A, 0x5F, 0xEC, 0x6D, 0xDA, 0x23, 0x65, 0xA5,
    0xD7, 0xA9, 0x7A, 0xEC, 0x3B, 0xF5, 0x3E, 0xD5, 0xEB, 0xF3, 0xB3, 0x7A, 0xA5, 0xA9, 0x06, 0xB7,
    0x90, 0x45, 0xA5, 0xAD, 0xAF, 0xB1, 0x4F, 0xDC, 0x6A, 0x62, 0xE1, 0x9D, 0xED, 0xE1, 0x84, 0xF7,
    0x0B, 0x65, 0x2D, 0x03, 0x71, 0xD8, 0xAB, 0x29, 0xF6, 0x7D, 0xFE, 0x4E, 0xAF, 0x6B, 0xF9, 0xAB,
    0xFB, 0x75, 0x12, 0x5C, 0x67, 0xD1, 0xBB, 0xE8, 0x3B, 0x5B, 0x4D, 0x2A, 0x08, 0x19, 0xEE, 0xAE,
    0x10, 0x9B, 0x19, 0xC9, 0x3E, 0x5A, 0x64, 0xF7, 0x1B, 0xC3, 0x5A, 0x0E, 0x59, 0x84, 0x59, 0x75,
    0xEE, 0xCE, 0xCA, 0xE7, 0x21, 0x77, 0x6A, 0x31, 0xAC, 0xC7, 0x34, 0x67, 0x4A, 0x81, 0x40, 0xCA,
    0xB4, 0x9D, 0x53, 0x92, 0xEB, 0x1B, 0xBD, 0x2B, 0xC2, 0x16, 0x50, 0x96, 0x57, 0x61, 0x36, 0x4C,
    0x42, 0xF9, 0xA6, 0xA8, 0x43, 0x9A, 0x29, 0x5F, 0xEE, 0xA7, 0xC6, 0xB9, 0x7C, 0x6C, 0x9F, 0x56,
    0x5B, 0x58, 0xCF, 0x61, 0xA1, 0x0B, 0xE5, 0x9D, 0x87, 0xE2, 0xB6, 0xDC, 0x37, 0x4E, 0x69, 0x86,
    0xF2, 0x38, 0x23, 0x2F, 0x94, 0x5E, 0x6C, 0xDD, 0x7E, 0xA6, 0xCD, 0x38, 0xAB, 0x3D, 0xBF, 0xDC,
    0xCF, 0x36, 0x26, 0x80, 0x59, 0xB7, 0x1F, 0x76, 0xB9, 0x32, 0xBA, 0x91, 0x45, 0x1E, 0x97, 0xF5,
    0x1B, 0x23, 0xA4, 0x27, 0x63, 0xB4, 0xF4, 0xE9, 0x65, 0xB5, 0x18, 0xBE, 0x4C, 0x2D, 0x4D, 0xA8,
    0xA5, 0x3C, 0xF7, 0xD4, 0x9D, 0x68, 0x71, 0xC6, 0xFB, 0x23, 0x58, 0x7B, 0x33, 0x6A, 0x6C, 0xCA,
    0x9C, 0x29, 0x16, 0x90, 0xE3, 0xFA, 0x19, 0x2E, 0x69, 0x64, 0x21, 0x2B, 0x7A, 0xEE, 0xD0, 0x90,
    0xFD, 0x09, 0x0E, 0x47, 0x30, 0xBC, 0x13, 0x3E, 0x90, 0xEF, 0x40, 0x44, 0xCF, 0xC7, 0x8F, 0x79,
    0x89, 0x20, 0xD3, 0xF6, 0x15, 0xC4, 0x26, 0xF3, 0xEF, 0xB1, 0xF9, 0xF4, 0x5B, 0xAB, 0xFE, 0x3B,
    0x62, 0x69, 0xD2, 0x76, 0x8B, 0x16, 0xAA, 0x69, 0x2B, 0x7F, 0x6D, 0x2A, 0xB1, 0x50, 0x8D, 0x43,
    0xD3, 0x89, 0xF7, 0x77, 0xE1, 0x85, 0x7D, 0xBF, 0x0F, 0xE9, 0x5C, 0x3D, 0xDC, 0x57, 0x30, 0xF9,
    0xBE, 0x16, 0xC6, 0xBB, 0xCB, 0xF3, 0x28, 0xC6, 0x31, 0x7A, 0xC0, 0xA0, 0xE9, 0x19, 0x6C, 0x10,
    0x3E, 0x88, 0x5A, 0x14, 0x22, 0x17, 0x8D, 0x5B, 0x42, 0x95, 0x16, 0xCB, 0x5D, 0x59, 0x05, 0x99,
    0x99, 0xD5, 0xCE, 0xAD, 0x3B, 0xCB, 0x5A, 0x69, 0x8D, 0x99, 0xFC, 0xE3, 0x36, 0x64, 0xAC, 0x2C,
    0x5F, 0xA5, 0x3B, 0xE5, 0x56, 0xD1, 0x7A, 0xBE, 0x0A, 0xA8, 0x3D, 0xBE, 0x2F, 0x92, 0xD5, 0x27,
    0x62, 0x45, 0x3D, 0x90, 0x27, 0xD6, 0x0C, 0x13, 0x3B, 0xD5, 0x1A, 0x33, 0x27, 0x96, 0x9D, 0x5A,
    0x94, 0x0A, 0x28, 0x28, 0x2A, 0x8B, 0x61, 0xA2, 0x29, 0x4D, 0x5E, 0x0B, 0xE3, 0x0E, 0x8E, 0xDB,
    0xBC, 0x76, 0x6D, 0x73, 0x7F, 0xD3, 0x66, 0xBF, 0xB7, 0xF9, 0xD7, 0x7A, 0x0D, 0x7D, 0xA2, 0x3A,
    0xA0, 0xCF, 0xFC, 0xA3, 0x35, 0x9F, 0xC8, 0x94, 0x75, 0x9A, 0x67, 0x0B, 0x19, 0x44, 0x3E, 0x81,
    0xA7, 0x3A, 0x71, 0x5A, 0xF3, 0xE7, 0xAE, 0xD3, 0x8A, 0x3F, 0x07, 0x66, 0xE8, 0x0F, 0xCC, 0xD0,
    0x87, 0xE7, 0x89, 0x1A, 0xFA, 0xC4, 0x32, 0x86, 0x33, 0x53, 0xC0, 0x10, 0x0B, 0x07, 0x3F, 0xF6,
    0x2F, 0x83, 0xBC, 0x4D, 0xDC, 0xCB, 0x6B, 0xD6, 0x38, 0xCA, 0xAE, 0x3F, 0x4C, 0xD4, 0x07, 0x4C,
    0xD4, 0x07, 0x4C, 0xD6, 0x54, 0xAA, 0x89, 0xFA, 0x80, 0x09, 0x04, 0x8D, 0x07, 0x33, 0x7B, 0x13,
    0x6D, 0x0C, 0x25, 0x2A, 0x08, 0xB7, 0x03, 0x14, 0xD6, 0xD2, 0x4D, 0xFF, 0x74, 0xE3, 0xD8, 0x1E,
    0xE2, 0xBB, 0x7C, 0x34, 0x74, 0x4D, 0x38, 0x9E, 0xC2, 0xE1, 0xCA, 0xDA, 0xFD, 0x83, 0x6F, 0x2D,
    0x09, 0xBC, 0x42, 0xB9, 0xE2, 0x5A, 0x5B, 0x39, 0xEC, 0x9D, 0x99, 0x88, 0x83, 0x64, 0x27, 0xA3,
    0x0D, 0xDB, 0xA8, 0xC8, 0xBB, 0xDD, 0xD4, 0xC6, 0xD7, 0xE9, 0xEB, 0x31, 0x28, 0xBA, 0x1B, 0xB2,
    0x03, 0x4A, 0x8A, 0xA9, 0x98, 0x7C, 0x92, 0xFC, 0xF0, 0x40, 0x0D, 0x4A, 0xEE, 0x7F, 0x04, 0xAD,
    0x84, 0x3D, 0xA9, 0x59, 0xAC, 0xD0, 0x02, 0x75, 0xCF, 0x6C, 0xDF, 0x72, 0xFE, 0x1C, 0x12, 0xF3,
    0x9A, 0xF8, 0x7B, 0x0E, 0xB5, 0xA3, 0x34, 0xAE, 0x7D, 0xB6, 0x93, 0x90, 0xF3, 0xAE, 0x5A, 0xCF,
    0x4D, 0x00, 0xA2, 0xC8, 0x36, 0xBA, 0x32, 0x92, 0xD5, 0xC3, 0x8C, 0x6C, 0x66, 0xAB, 0x21, 0x50,
    0xAF, 0x46, 0x4D, 0x2E, 0x9F, 0x80, 0x3C, 0xB8, 0xB4, 0xA2, 0xCF, 0xD2, 0x4E, 0x86, 0x13, 0x7F,
    0x3B, 0xC4, 0x14, 0xAF, 0xF8, 0x8F, 0x35, 0xAC, 0xF8, 0xE3, 0xE3, 0x87, 0x0F, 0xBC, 0xE5, 0x46,
    0x26, 0x1E, 0x07, 0xDE, 0xCA, 0x3C, 0xEB, 0x75, 0xE9, 0xE6, 0x6B, 0x83, 0xED, 0x32, 0x99, 0x4F,
    0x78, 0xC0, 0x69, 0xC7, 0x17, 0x15, 0x48, 0x61, 0xFE, 0x96, 0x7F, 0x7F, 0x4B, 0x12, 0x59, 0x91,
    0xE7, 0x7D, 0x6A, 0x09, 0xA4, 0x7B, 0xEE, 0x5A, 0xBA, 0x32, 0x2F, 0x12, 0x82, 0x87, 0xF9, 0xA5,
    0xA4, 0xDE, 0x79, 0x5B, 0x45, 0x2F, 0x92, 0x46, 0x1B, 0xFA, 0xA8, 0x16, 0x5F, 0x9F, 0x45, 0xBA,
    0x47, 0x34, 0x5B, 0xB4, 0x3B, 0xD9, 0xB5, 0xC6, 0x26, 0x7E, 0xA5, 0x77, 0xED, 0xE7, 0x38, 0x2B,
    0x2A, 0x82, 0xEF, 0x20, 0xB8, 0x01, 0x9E, 0x63, 0xDE, 0x15, 0xC1, 0x6F, 0xF8, 0x3C, 0x78, 0x8D,
    0x87, 0x5E, 0x7D, 0xC6, 0xBC, 0x9F, 0xFA, 0xE8, 0x31, 0x2C, 0xB9, 0xBB, 0x89, 0x71, 0xAF, 0xBF,
    0x17, 0xA8, 0x85, 0x2F, 0x6D, 0x27, 0x36, 0x61, 0x97, 0x45, 0xF5, 0x13, 0x7D, 0x11, 0x38, 0xAC,
    0x6F, 0xC4, 0x88, 0xD6, 0xBB, 0x0B, 0x17, 0x5B, 0x87, 0x9B, 0xAD, 0x68, 0x07, 0xF7, 0xC8, 0xEB,
    0xF8, 0xB8, 0x59, 0x6D, 0xA6, 0x6D, 0xA2, 0x3D, 0x4F, 0xC0, 0x55, 0x52, 0xF7, 0x4A, 0x62, 0x0E,
    0x75, 0xE2, 0xD4, 0x23, 0xEE, 0xFD, 0x7E, 0xD8, 0x42, 0x67, 0x37, 0xFC, 0xCA, 0xF6, 0xD0, 0x33,
    0xEF, 0x57, 0x16, 0x09, 0x4C, 0xFB, 0xCC, 0xE6, 0x50, 0x0C, 0x7E, 0x9C, 0x43, 0xB1, 0x6E, 0x3A,
    0x71, 0xCF, 0xB5, 0xD9, 0xD2, 0xC8, 0x67, 0xBB, 0xBC, 0x0A, 0x73, 0x58, 0xFB, 0x38, 0x87, 0xC5,
    0x26, 0xCE, 0xE1, 0xDE, 0xEA, 0xF3, 0xCE, 0xE1, 0xE2, 0x42, 0x99, 0x5B, 0x4E, 0x1B, 0x1C, 0x4D,
    0xB0, 0xDD, 0x3A, 0x69, 0xE9, 0xB6, 0x52, 0xE6, 0x72, 0x0B, 0x72, 0x1A, 0x56, 0x5E, 0x06, 0x63,
    0xA7, 0xB8, 0xB7, 0xCD, 0x75, 0xC9, 0x63, 0x79, 0x61, 0xEA, 0x44, 0x0C, 0x86, 0xB2, 0x04, 0xCB,
    0xA1, 0x4A, 0xC9, 0x6C, 0x06, 0xF4, 0x90, 0x5A, 0x37, 0x2F, 0x0F, 0x13, 0xAC, 0x47, 0xD4, 0xF4,
    0xB3, 0x7B, 0x60, 0x6F, 0xD9, 0xA6, 0x7F, 0x56, 0x5D, 0x8D, 0x11, 0xFB, 0x62, 0x1D, 0x77, 0x96,
    0x71, 0x6A, 0xC2, 0xF8, 0x87, 0xF2, 0xD1, 0xF1, 0xDF, 0x7E, 0xFB, 0x89, 0x36, 0x65, 0x7F, 0xDB,
    0x13, 0x05, 0x4F, 0x58, 0x3B, 0x60, 0xE8, 0x3D, 0x30, 0xD6, 0xEC, 0x31, 0xF9, 0x5B, 0xEE, 0xEF,
    0x5E, 0xD6, 0xE1, 0xE2, 0xD7, 0xDE, 0xB0, 0x8D, 0x8D, 0x62, 0x8C, 0x0D, 0x64, 0x47, 0xEF, 0xED,
    0x8D, 0xA5, 0xB1, 0x19, 0xA8, 0x10, 0x09, 0x07, 0x3B, 0xB6, 0x8C, 0x76, 0xAC, 0x1F, 0xEC, 0x58,
    0x59, 0x0C, 0x11, 0x70, 0x8C, 0x7F, 0x8B, 0x18, 0xFD, 0x16, 0x31, 0xF6, 0x1D, 0x22, 0xDF, 0xE2,
    0x57, 0xB0, 0x63, 0xE1, 0x82, 0x56, 0x15, 0xEC, 0x18, 0xEE, 0x71, 0xC6, 0x73, 0xD5, 0x81, 0x5A,
    0x8C, 0xE0, 0x81, 0x12, 0x3F, 0xF8, 0x4E, 0x3E, 0x25, 0x5B, 0xBA, 0x5F, 0xBA, 0xCD, 0x77, 0x00,
    0x48, 0x02, 0x44, 0xBF, 0x77, 0xD3, 0x07, 0x68, 0x1F, 0xE9, 0x37, 0xD6, 0x9C, 0x81, 0xC5, 0x6E,
    0x6A, 0x44, 0x3D, 0x05, 0xA1, 0x0C, 0x78, 0x2F, 0xA9, 0xD7, 0x00, 0x3F, 0x6D, 0x31, 0x6F, 0x38,
    0x5C, 0x7D, 0x93, 0xF7, 0x3E, 0x7F, 0x8A, 0x7F, 0xED, 0x4F, 0x1C, 0xA7, 0x5B, 0xB6, 0xC0, 0xBD,
    0x36, 0xDC, 0xCB, 0x11, 0xF9, 0xCC, 0x00, 0x94, 0x4A, 0x1A, 0xBD, 0x55, 0x83, 0x63, 0x22, 0x9F,
    0x7A, 0x7B, 0x7E, 0x52, 0x16, 0xBF, 0xF3, 0x3B, 0x37, 0xFE, 0x2B, 0x5A, 0xE5, 0xB2, 0x21, 0xF0,
    0x8A, 0xC6, 0xBD, 0x42, 0x2B, 0x29, 0x5E, 0x57, 0xE6, 0x67, 0xF1, 0xEC, 0x0A, 0xD4, 0x6D, 0x98,
    0x71, 0x83, 0x91, 0x55, 0x62, 0x0B, 0xD0, 0xE5, 0x15, 0x58, 0x74, 0x00, 0xD0, 0x70, 0x17, 0x42,
    0x36, 0x21, 0xF2, 0x94, 0x6D, 0xB6, 0x2F, 0xB9, 0x39, 0x90, 0xCD, 0x07, 0x37, 0xA8, 0xC5, 0x6C,
    0x83, 0xA3, 0x69, 0xD9, 0x96, 0xD7, 0xB8, 0xFC, 0x50, 0xD4, 0x2E, 0x7B, 0xBF, 0x62, 0x86, 0x33,
    0xD5, 0xDB, 0x7F, 0x76, 0x0B, 0xC2, 0xDB, 0x7D, 0x49, 0xE2, 0xE6, 0x21, 0x1F, 0xAF, 0x12, 0xF2,
    0x2A, 0xA3, 0xDF, 0xB9, 0xAB, 0x52, 0x3A, 0x51, 0x39, 0x9D, 0xA8, 0xA4, 0x4E, 0x70, 0x29, 0x1F,
    0x0F, 0x4A, 0xEB, 0x04, 0xBB, 0x45, 0x3C, 0x58, 0x1F, 0xFF, 0x84, 0x37, 0x24, 0xF1, 0xD8, 0xF2,
    0xB1, 0x87, 0xAA, 0x2A, 0x00, 0x95, 0x75, 0x7C, 0x24, 0xFC, 0x71, 0x56, 0xE0, 0x3D, 0xD1, 0x12,
    0x31, 0xEC, 0x38, 0xB7, 0x2D, 0x4F, 0x5C, 0x80, 0x9F, 0xB9, 0xEC, 0x01, 0x6B, 0xFE, 0xCC, 0xAB,
    0x85, 0x3E, 0x78, 0x09, 0x31, 0xD3, 0x3B, 0xE9, 0x53, 0x2B, 0x72, 0x80, 0x90, 0x52, 0xC5, 0xDA,
    0xAB, 0x54, 0x7B, 0x08, 0xF5, 0x9F, 0x1D, 0xDF, 0xA3, 0x4C, 0x4D, 0xA4, 0x05, 0x9B, 0x73, 0xC1,
    0xCC, 0x20, 0xD5, 0x8E, 0x6A, 0x9A, 0xE2, 0x62, 0x0F, 0x90, 0x18, 0xC1, 0x03, 0xD2, 0x94, 0x7F,
    0xAB, 0x79, 0x5F, 0x09, 0xA3, 0xE6, 0x63, 0x4B, 0x44, 0x2C, 0x24, 0x09, 0x9B, 0x2D, 0x82, 0x84,
    0xC5, 0x86, 0x1C, 0x61, 0xB8, 0x45, 0x8C, 0x78, 0xCC, 0xF4, 0x42, 0x2F, 0xC2, 0x17, 0x6A, 0x95,
    0x42, 0x36, 0x17, 0x86, 0x73, 0xB0, 0x13, 0x95, 0x7F, 0x44, 0x03, 0x9D, 0x8A, 0x45, 0xCF, 0xF9,
    0x5D, 0xFB, 0x7C, 0xEE, 0xD3, 0xCA, 0xEE, 0x13, 0xE2, 0x9B, 0x7F, 0x0B, 0xBB, 0x08, 0xAD, 0xD8,
    0x3E, 0x63, 0x34, 0xBA, 0xE8, 0x78, 0x9D, 0x93, 0xE8, 0xA7, 0x8E, 0xC8, 0xA6, 0xAD, 0x22, 0xAC,
    0x59, 0x5D, 0xF2, 0x86, 0x62, 0x30, 0x71, 0x5A, 0xFF, 0x5B, 0x2E, 0xFB, 0x05, 0xD0, 0x35, 0xB8,
    0xE1, 0x06, 0x84, 0x49, 0x4B, 0x84, 0x09, 0xB0, 0x6D, 0x5F, 0x7F, 0xA5, 0x45, 0x66, 0xEB, 0xE3,
    0x96, 0x87, 0x18, 0x40, 0x46, 0x56, 0xD9, 0xD0, 0xE0, 0x71, 0xC0, 0x40, 0x5D, 0x6C, 0x24, 0x13,
    0x5B, 0x85, 0x98, 0x73, 0xA1, 0x97, 0x41, 0xF9, 0x56, 0x6D, 0x14, 0xA2, 0xCD, 0x18, 0x09, 0x5A,
    0x01, 0xDE, 0xCC, 0xDA, 0x84, 0x4C, 0x25, 0x46, 0xB7, 0x2E, 0x21, 0xB3, 0x65, 0xD2, 0x5B, 0x93,
    0x10, 0x51, 0xFD, 0xFF, 0x6C, 0x3D, 0x42, 0xB4, 0xE8, 0x31, 0xAF, 0x16, 0xA1, 0x5C, 0xA6, 0x75,
    0x08, 0x91, 0xF8, 0x20, 0x36, 0x08, 0xB9, 0xEE, 0x62, 0x7F, 0x10, 0xBB, 0x5A, 0x14, 0x00, 0xC1,
    0xD6, 0x1D, 0x84, 0xE3, 0x1E, 0x35, 0x07, 0x19, 0xDD, 0x32, 0x1A, 0xB5, 0x06, 0xC9, 0x2E, 0xBF,
    0x65, 0x34, 0xF4, 0x05, 0xD1, 0xB6, 0x20, 0x43, 0x57, 0x90, 0xD0, 0x14, 0x24, 0xF6, 0x04, 0x71,
    0xB1, 0x25, 0x88, 0xB0, 0x6D, 0x1D, 0x41, 0x1C, 0xEE, 0x4D, 0xB2, 0x21, 0x08, 0x98, 0xD6, 0x7E,
    0x20, 0x53, 0xEE, 0x4B, 0x6E, 0xCE, 0x94, 0x65, 0xED, 0x06, 0x32, 0x43, 0xC6, 0x88, 0xCD, 0x40,
    0xA6, 0x9C, 0x53, 0xA0, 0xC6, 0x70, 0x3A, 0xAA, 0xAD, 0x40, 0x90, 0x24, 0xB1, 0x4E, 0x20, 0xD7,
    0x5D, 0x68, 0x04, 0x42, 0x21, 0x6F, 0xE2, 0x71, 0x06, 0xDB, 0x80, 0x28, 0x27, 0x7F, 0x3E, 0xDC,
    0xE0, 0x88, 0xB6, 0x79, 0xA0, 0x8A, 0xCB, 0x2F, 0x8F, 0x9D, 0xCF, 0x39, 0xB3, 0xFD, 0x47, 0xEC,
    0xFE, 0x61, 0xCD, 0x3F, 0x42, 0xEF, 0x0F, 0x17, 0x5A, 0x7F, 0x08, 0xA7, 0xDA, 0xF9, 0x43, 0x18,
    0xD5, 0xC6, 0x1F, 0xC2, 0xE7, 0x8F, 0xD9, 0xF7, 0x43, 0xD8, 0xFC, 0x25, 0xDB, 0x7E, 0x90, 0x4B,
    0xB8, 0x25, 0x32, 0x09, 0xDF, 0xC6, 0x93, 0x69, 0x2C, 0x17, 0xB0, 0xC8, 0x96, 0x1F, 0x04, 0x75,
    0xB2, 0x5C, 0xD2, 0x75, 0x53, 0xC4, 0x90, 0x65, 0xBD, 0x50, 0x2B, 0xE5, 0x73, 0x11, 0x83, 0x43,
    0x8A, 0xB9, 0x99, 0xF5, 0xB5, 0xD0, 0xE5, 0xC3, 0x85, 0xD6, 0x1E, 0x98, 0x2F, 0x25, 0xFC, 0xD6,
    0xEA, 0x40, 0x7A, 0x9C, 0x49, 0x97, 0xB8, 0xF7, 0x3C, 0xFB, 0x88, 0x0D, 0x3E, 0xC0, 0x05, 0xFB,
    0x7B, 0x80, 0x0B, 0x16, 0xFF, 0x99, 0x2A, 0x6A, 0xA3, 0x27, 0x17, 0x34, 0x5E, 0xE0, 0x42, 0x7B,
    0x7B, 0x08, 0x17, 0xDE, 0x2A, 0x26, 0x59, 0x67, 0x0F, 0x05, 0x59, 0x59, 0x70, 0x12, 0xFB, 0x7A,
    0x0C, 0x6D, 0x3D, 0x62, 0x57, 0x8F, 0x18, 0x95, 0x69, 0x4F, 0x8F, 0xD8, 0xD2, 0xC3, 0x3A, 0x7A,
    0x84, 0x86, 0x1E, 0x94, 0x0F, 0xFA, 0x79, 0x60, 0x8D, 0xB1, 0x9D, 0x07, 0x57, 0x18, 0x62, 0x4A,
    0x19, 0xFC, 0xBB, 0x6C, 0xE6, 0x31, 0x05, 0x18, 0x1D, 0xBD, 0x3C, 0x64, 0xF0, 0x9E, 0xAD, 0x3C,
    0x64, 0xF0, 0xBF, 0xC7, 0x4E, 0x1E, 0x53, 0x76, 0x2C, 0x14, 0xA3, 0x8C, 0x7D, 0x20, 0xFB, 0x78,
    0x60, 0xF0, 0xDA, 0xC6, 0xE3, 0xBA, 0xB3, 0x2E, 0x1E, 0x96, 0xE6, 0x3D, 0x09, 0x28, 0xBE, 0xDE,
    0x2E, 0xB6, 0x1A, 0xDA, 0x2C, 0x76, 0xF0, 0x88, 0x0D, 0x3C, 0xC6, 0xFD, 0x3B, 0xA2, 0x75, 0x28,
    0xAF, 0x0D, 0x2D, 0xA6, 0x42, 0xEE, 0x4C, 0xC6, 0xAC, 0x3E, 0x56, 0xC6, 0xCC, 0xE5, 0x8A, 0xE5,
    0xC1, 0x38, 0x16, 0xAB, 0x83, 0x7D, 0x3B, 0x20, 0x70, 0xB6, 0xED, 0x80, 0xC0, 0x89, 0x31, 0x9F,
    0x86, 0xA2, 0x9D, 0xE9, 0x26, 0xDC, 0xFC, 0xDF, 0x86, 0x2B, 0xE2, 0xD7, 0x87, 0x3B, 0xE2, 0xF1,
    0x92, 0x78, 0xBC, 0x25, 0x3E, 0xB4, 0xEB, 0x88, 0xB5, 0xA4, 0x62, 0x29, 0xA9, 0xDD, 0x5E, 0x1D,
    0xE3, 0x8A, 0x58, 0xB1, 0x51, 0xC7, 0x28, 0xE8, 0xC3, 0xB8, 0xB5, 0xF6, 0x01, 0x06, 0xCE, 0x8B,
    0xF8, 0x18, 0xB9, 0x36, 0xE9, 0xC0, 0xD0, 0xB5, 0x47, 0x07, 0xC6, 0xAE, 0x2D, 0x3A, 0x74, 0xF0,
    0xE8, 0xD0, 0xC1, 0xD1, 0xB3, 0x41, 0x07, 0xF5, 0x85, 0x47, 0xF6, 0x18, 0xBF, 0xB5, 0xE7, 0x10,
    0x06, 0xAC, 0x3B, 0xC7, 0x4E, 0xA6, 0xDD, 0x7A, 0x73, 0xB8, 0x71, 0x6B, 0x8E, 0x51, 0x67, 0x8E,
    0x51, 0x63, 0x8E, 0x51, 0x5F, 0x8E, 0x51, 0xFE, 0x6E, 0x88, 0x76, 0x77, 0x9A, 0x72, 0x8C, 0xC8,
    0x6B, 0x43, 0x47, 0x0E, 0x33, 0x15, 0xDC, 0x56, 0xC0, 0x72, 0x6B, 0x3F, 0x0E, 0x2C, 0x6D, 0x6B,
    0xC7, 0xA1, 0x9A, 0xC5, 0x6E, 0x1C, 0xC2, 0xEC, 0xC7, 0xD6, 0x8C, 0x03, 0xDA, 0x65, 0xBD, 0x38,
    0xA8, 0x5F, 0xDA, 0x8A, 0x03, 0x15, 0x03, 0xAC, 0x13, 0x07, 0xE7, 0x4B, 0x1B, 0x71, 0x80, 0xE3,
    0xD0, 0x87, 0xE3, 0xBA, 0x8B, 0x6D, 0x38, 0xD4, 0x00, 0x4F, 0x35, 0x54, 0x8B, 0x4D, 0x38, 0xEC,
    0x94, 0x3B, 0xF4, 0xE0, 0x18, 0xB5, 0xE0, 0x38, 0xD7, 0x81, 0xE3, 0x51, 0xBD, 0x10, 0x1F, 0x75,
    0x10, 0xB3, 0xD3, 0x7B, 0x03, 0x07, 0x31, 0xB1, 0xF3, 0x46, 0x70, 0x5E, 0x73, 0x2D, 0x3D, 0xCE,
    0xBE, 0x1B, 0xE6, 0xBA, 0x56, 0x80, 0xF0, 0xF9, 0x46, 0xBB, 0x6E, 0x60, 0xAE, 0xB5, 0xE9, 0x06,
    0xE6, 0x5A, 0x7B, 0x6E, 0x80, 0x79, 0x6D, 0xB9, 0x01, 0xAF, 0xA5, 0x1D, 0x37, 0xE0, 0xB4, 0xB4,
    0xE1, 0x06, 0xF6, 0xB4, 0xD6, 0x6F, 0xE3, 0xBA, 0x0B, 0xED, 0x36, 0xC8, 0x21, 0xBB, 0x6D, 0x70,
    0x70, 0x6C, 0xB6, 0x41, 0x09, 0x0C, 0xBD, 0x36, 0x86, 0x56, 0x1B, 0x43, 0xA7, 0x8D, 0xC1, 0x59,
    0x59, 0x9F, 0x8D, 0x71, 0x9B, 0x8D, 0xA1, 0xCB, 0xC6, 0xA8, 0xC9, 0x46, 0x28, 0x04, 0x87, 0x1E,
    0x1B, 0xE4, 0xCC, 0x5A, 0x6C, 0x90, 0x37, 0xEB, 0xB0, 0x41, 0xEE, 0xAC, 0xC1, 0x06, 0x9D, 0x94,
    0xF5, 0xD7, 0x10, 0x0E, 0xB7, 0xA1, 0xBD, 0x06, 0x78, 0x0C, 0xDD, 0x35, 0xA6, 0x00, 0x52, 0x5B,
    0x73, 0x8D, 0x14, 0x39, 0x2F, 0xEB, 0xAD, 0x21, 0x9C, 0x0E, 0xAD, 0x35, 0xAE, 0xBB, 0xA1, 0xB3,
    0x86, 0x45, 0x11, 0x6C, 0xAC, 0x61, 0x65, 0xE9, 0xD8, 0x57, 0xC3, 0xED, 0xB6, 0xD5, 0x18, 0x77,
    0xD5, 0x38, 0xD7, 0x54, 0x63, 0xA7, 0xA7, 0xC6, 0xDD, 0x1D, 0x64, 0x4D, 0x3C, 0x07, 0x5A, 0x9E,
    0x3B, 0xF7, 0x91, 0xDF, 0x6C, 0x76, 0x58, 0xC5, 0x70, 0x25, 0xEE, 0x06, 0xA7, 0xE7, 0x8E, 0x88,
    0x26, 0x31, 0xBA, 0x09, 0x15, 0xB3, 0x71, 0xCD, 0xA4, 0x66, 0xCA, 0x38, 0x34, 0x94, 0xB8, 0x7A,
    0xA8, 0x4F, 0xBF, 0x19, 0x3A, 0xE6, 0x2E, 0x2A, 0x59, 0xDD, 0xE2, 0x04, 0x25, 0x90, 0x9D, 0xAD,
    0x50, 0x02, 0x86, 0x5E, 0xA2, 0x46, 0x16, 0x78, 0x8A, 0xA4, 0x0D, 0xC2, 0x36, 0x56, 0x0D, 0xE3,
    0xB5, 0xC0, 0x9C, 0x79, 0xAF, 0xEF, 0xE1, 0xD9, 0xE3, 0xD6, 0x6A, 0x6E, 0xA8, 0x83, 0xDC, 0x90,
    0x7F, 0xF3, 0xCA, 0xE0, 0x5A, 0xF7, 0x55, 0x05, 0xA6, 0xE6, 0x23, 0x92, 0xDD, 0x8B, 0x4E, 0xED,
    0x18, 0xF6, 0x60, 0x98, 0xC1, 0x70, 0x63, 0xAA, 0x19, 0x3F, 0xEC, 0xCD, 0x90, 0x5A, 0xEC, 0xCE,
    0xC3, 0x1B, 0x6C, 0x7F, 0xDF, 0x5E, 0x63, 0x9D, 0x4B, 0x70, 0xCA, 0x88, 0xF9, 0xEB, 0x87, 0xC4,
    0x33, 0xF8, 0x1E, 0x60, 0x06, 0x61, 0xF3, 0xE5, 0x1F, 0xAD, 0x84, 0xBB, 0xF9, 0x83, 0x77, 0x60,
    0x91, 0x53, 0x7A, 0xC2, 0x95, 0xA8, 0x10, 0x8B, 0x7B, 0x14, 0xA5, 0x6C, 0xE1, 0x3B, 0x85, 0x2E,
    0xFC, 0x86, 0xE2, 0x16, 0x10, 0x5A, 0xDE, 0xC4, 0xE5, 0x99, 0x12, 0xF3, 0x64, 0xEE, 0x35, 0x31,
    0xAC, 0x42, 0x5D, 0x72, 0x63, 0x5A, 0x18, 0x78, 0xDF, 0x20, 0x0A, 0x37, 0x5E, 0x8B, 0x96, 0x38,
    0xD8, 0xE1, 0xD2, 0xE4, 0xEF, 0xA2, 0xFC, 0xAF, 0xA9, 0xFC, 0x13, 0xBF, 0x0D, 0xF2, 0x7F, 0x88,
    0xAB, 0xBE, 0x32, 0x32, 0xEF, 0xD4, 0xF2, 0x7A, 0x78, 0x14, 0x19, 0x5B, 0xF1, 0xBC, 0x04, 0x7D,
    0xE9, 0xFA, 0x07, 0x99, 0xFF, 0x50, 0x4C, 0xD1, 0x5F, 0xA0, 0x6C, 0x25, 0x31, 0xA4, 0xC9, 0x0F,
    0x89, 0xF3, 0x39, 0x35, 0x4C, 0x69, 0x61, 0xA2, 0x99, 0x6B, 0x92, 0x16, 0x0B, 0x97, 0x56, 0x78,
    0xE2, 0x8F, 0x54, 0x5F, 0x16, 0xA6, 0x80, 0x7B, 0x7E, 0xE5, 0x9E, 0xD8, 0xBB, 0xF5, 0xC1, 0xBB,
    0xF5, 0x36, 0xCA, 0x46, 0x1B, 0x27, 0xC2, 0xBB, 0xE1, 0x1E, 0x33, 0xBD, 0xDB, 0xE4, 0xF3, 0x79,
    0xB7, 0x70, 0x59, 0xCE, 0x70, 0x56, 0x7D, 0xD8, 0xD3, 0xC7, 0x52, 0x89, 0x8F, 0xF0, 0x6E, 0xE7,
    0xCF, 0xE9, 0xD8, 0x64, 0x22, 0xF6, 0x98, 0xB0, 0x16, 0x13, 0xA1, 0xC3, 0x84, 0x0B, 0x0D, 0x26,
    0x10, 0xDA, 0xB1, 0xBF, 0x04, 0xED, 0x3F, 0x22, 0x51, 0x84, 0x76, 0xEC, 0x2E, 0x01, 0xDB, 0xCF,
    0xE6, 0x12, 0x90, 0x36, 0x7B, 0x4B, 0xC8, 0x27, 0xFF, 0x03, 0x4F, 0x6F, 0xC0, 0x05, 0x3B, 0x4B,
    0x80, 0x0B, 0x36, 0x96, 0x30, 0x24, 0x68, 0x17, 0x62, 0xCB, 0x6E, 0x38, 0x2C, 0xFC, 0x95, 0x88,
    0x8B, 0x39, 0x7C, 0x66, 0x15, 0xA3, 0xAA, 0xBF, 0xA9, 0x97, 0xB7, 0x58, 0x0F, 0x43, 0x5C, 0xE6,
    0x9A, 0x8F, 0xB7, 0x36, 0x09, 0x4F, 0x31, 0x17, 0x0F, 0x5A, 0x3D, 0xF7, 0xC1, 0x45, 0xAB, 0x16,
    0x8A, 0x9E, 0xBD, 0xB3, 0xC4, 0x29, 0x1C, 0x2C, 0xE2, 0x71, 0x0B, 0x4D, 0xB0, 0xC2, 0xF5, 0xD8,
    0x9B, 0xF2, 0x7C, 0xB4, 0xC7, 0x9A, 0xF9, 0x0E, 0x9B, 0x33, 0x96, 0x7A, 0x4B, 0x6C, 0xC9, 0xBF,
    0x30, 0xDB, 0xE8, 0x49, 0xB1, 0x57, 0x65, 0xCE, 0x55, 0x99, 0x93, 0xE3, 0xD7, 0xCF, 0x1D, 0x89,
    0x61, 0x74, 0x87, 0x06, 0x31, 0x7A, 0x91, 0x33, 0xEC, 0x71, 0x60, 0x81, 0x43, 0x05, 0xD9, 0x09,
    0x2F, 0xBD, 0x36, 0x8E, 0x7C, 0x20, 0x22, 0x5C, 0xE1, 0xEC, 0x3B, 0x5D, 0xE3, 0x00, 0x3E, 0x91,
    0x9F, 0x96, 0xDF, 0x5A, 0xFA, 0x63, 0x82, 0xD4, 0x71, 0xB0, 0x91, 0xF0, 0x52, 0x80, 0xB3, 0x43,
    0x0F, 0xAE, 0xAA, 0x72, 0xDA, 0xDB, 0xCD, 0x37, 0x97, 0xAA, 0x91, 0xBB, 0xA1, 0x2B, 0x4A, 0xB3,
    0x7F, 0x13, 0x7D, 0xA1, 0xDA, 0x92, 0x5E, 0x76, 0xCD, 0xA9, 0xB6, 0xCB, 0x57, 0xA1, 0x7A, 0x61,
    0xCE, 0xD2, 0xE3, 0x57, 0x5F, 0xD3, 0xA6, 0xE2, 0x58, 0x6A, 0xB2, 0xD3, 0xE1, 0x52, 0x5B, 0xD0,
    0xF3, 0xFB, 0xD4, 0x33, 0x9C, 0xF7, 0xD9, 0x9A, 0x48, 0xD9, 0x62, 0xD1, 0x1C, 0xB0, 0xA0, 0x17,
    0x3A, 0xC0, 0xA3, 0x59, 0x39, 0x8B, 0x8A, 0x9D, 0x20, 0x4B, 0x74, 0x82, 0x8C, 0xDA, 0xCC, 0x85,
    0x22, 0x63, 0x17, 0x9E, 0x07, 0xE7, 0x00, 0x21, 0xC5, 0x30, 0x84, 0x9D, 0x69, 0xB6, 0x53, 0x90,
    0xFE, 0x1A, 0xBB, 0x4D, 0xBC, 0x21, 0xE6, 0x89, 0xA0, 0x17, 0xBF, 0xB1, 0xFE, 0x8B, 0xB7, 0x88,
    0x9C, 0x9E, 0xFF, 0x7C, 0x7D, 0x43, 0xFC, 0xF0, 0xE4, 0x93, 0x4F, 0x7D, 0x23, 0x73, 0x88, 0x82,
    0xE5, 0xA8, 0xC5, 0xB5, 0x7D, 0xA1, 0x99, 0xB4, 0x12, 0xDB, 0x4A, 0x70, 0x70, 0x98, 0x6F, 0xD7,
    0xE2, 0x82, 0x27, 0xF2, 0x03, 0x73, 0xEC, 0xAF, 0x12, 0x3E, 0x64, 0x53, 0x89, 0x4C, 0xB2, 0x7F,
    0x76, 0x9D, 0xE1, 0xDF, 0x7E, 0x8E, 0x4F, 0xBA, 0xE9, 0x56, 0x01, 0xA1, 0x8B, 0xB5, 0x9E, 0xC8,
    0xAF, 0x63, 0x71, 0x99, 0xC5, 0xE0, 0x23, 0x56, 0xD7, 0x82, 0xDA, 0x61, 0xC5, 0x7E, 0xFD, 0x35,
    0xDE, 0x01, 0xD8, 0x4E, 0xB0, 0x0F, 0xF7, 0x6F, 0xB7, 0xDC, 0x3F, 0xB4, 0x5C, 0x27, 0x2D, 0x05,
    0xC5, 0xD6, 0xDF, 0xB2, 0xA3, 0x9E, 0xF0, 0xD2, 0x25, 0xA4, 0xD5, 0x42, 0x40, 0xF8, 0xAE, 0x75,
    0x1D, 0x0A, 0x5A, 0xA9, 0x1A, 0xD7, 0xB1, 0x63, 0xB5, 0xFA, 0x05, 0x6D, 0x01, 0xF6, 0xE1, 0x05,
    0x0B, 0x1E, 0x66, 0x25, 0x3E, 0x99, 0xE0, 0xFC, 0xED, 0xC2, 0xF1, 0x89, 0xA6, 0xA4, 0x87, 0x76,
    0x08, 0xA1, 0x1B, 0x42, 0x6C, 0x86, 0xE0, 0x62, 0x2F, 0x04, 0x6C, 0x7B, 0xB4, 0x15, 0x02, 0x96,
    0xB8, 0x76, 0x42, 0x40, 0x84, 0xA7, 0x8D, 0x10, 0xB0, 0xC8, 0xB5, 0x0F, 0x02, 0x6C, 0x95, 0xB6,
    0x41, 0xE0, 0x0E, 0x8E, 0xC5, 0xD5, 0xE9, 0x70, 0x78, 0x05, 0xD4, 0xF6, 0x70, 0xA9, 0xDA, 0xAB,
    0x34, 0x1A, 0x2C, 0xEB, 0x80, 0x80, 0xAF, 0x6A, 0x04, 0xBE, 0xF8, 0x55, 0x28, 0xF7, 0x48, 0xAC,
    0xF5, 0xD0, 0xF6, 0xC0, 0x0D, 0x5D, 0x0F, 0x84, 0xBF, 0xD0, 0xF4, 0x00, 0x96, 0xD8, 0x7A, 0x1E,
    0x68, 0x0C, 0xC7, 0x96, 0x07, 0x0C, 0x72, 0xB4, 0xE3, 0x01, 0x78, 0xB4, 0x86, 0x07, 0x60, 0xD2,
    0xFA, 0x1D, 0x60, 0x97, 0x64, 0xED, 0x0E, 0x10, 0xC5, 0x59, 0xB7, 0x03, 0x46, 0x72, 0xD6, 0xEC,
    0xE0, 0xBA, 0x8B, 0xBD, 0x0E, 0x08, 0xC4, 0x2C, 0xED, 0x42, 0x4B, 0xEC, 0x74, 0xA0, 0x91, 0xCE,
    0x60, 0xB5, 0x46, 0x7D, 0x0E, 0x46, 0x57, 0x7A, 0x47, 0x5D, 0x0E, 0xCE, 0x37, 0x39, 0x38, 0x67,
    0x44, 0xD0, 0xC1, 0x9D, 0xBA, 0xAF, 0xAA, 0xAF, 0x9A, 0x4F, 0xC5, 0x77, 0xD0, 0x7B, 0x96, 0x72,
    0xAF, 0xD7, 0xAC, 0x40, 0xB7, 0x76, 0x54, 0x7A, 0x47, 0x9D, 0xE7, 0x2D, 0xE0, 0xB5, 0x6A, 0xBC,
    0x2A, 0xBC, 0xA3, 0xBE, 0x3B, 0xAA, 0x3B, 0x2B, 0x17, 0xAD, 0x07, 0x93, 0xA1, 0xBA, 0x9E, 0xAE,
    0x2F, 0xCF, 0x6E, 0xC7, 0x86, 0x05, 0xA3, 0x61, 0x22, 0xA6, 0xFC, 0x8A, 0x39, 0x3D, 0xEB, 0x56,
    0xC0, 0xDD, 0x02, 0x9B, 0x15, 0x88, 0xA0, 0x3F, 0xD5, 0x5E, 0x05, 0xB6, 0x57, 0xD8, 0x52, 0xCC,
    0xBF, 0xA7, 0x9D, 0x0A, 0xB8, 0x53, 0x60, 0xA3, 0x02, 0xBA, 0x3E, 0xBD, 0x4B, 0xBA, 0x75, 0xA1,
    0x4D, 0xC1, 0x75, 0x17, 0xBA, 0x14, 0xB8, 0x78, 0x35, 0x57, 0x6F, 0xE5, 0x85, 0xE3, 0xDA, 0xA1,
    0x45, 0xC1, 0xD0, 0xA1, 0x60, 0xD4, 0xA0, 0xE0, 0xF8, 0xF2, 0xB8, 0xE2, 0xF8, 0x3E, 0x5B, 0x84,
    0x9F, 0xAB, 0x3F, 0x72, 0xF5, 0x35, 0x7D, 0x0A, 0x17, 0x5A, 0xB7, 0xC4, 0xB3, 0xDE, 0x09, 0x8C,
    0x1E, 0x9E, 0x18, 0xBF, 0x3E, 0xB5, 0xDE, 0xC9, 0x14, 0x75, 0xAF, 0x33, 0x26, 0x6B, 0xF4, 0xE7,
    0xC2, 0xF3, 0xB7, 0x65, 0xA8, 0xFA, 0x7B, 0xEB, 0x4D, 0xA8, 0x67, 0xF2, 0xAA, 0xD6, 0x33, 0x99,
    0x3F, 0xDC, 0xA9, 0x67, 0xB2, 0xB1, 0xAA, 0x49, 0xA1, 0x9E, 0xC9, 0x6F, 0xC7, 0xC4, 0xCC, 0x95,
    0xF2, 0xE2, 0xF9, 0x3A, 0x93, 0x6C, 0xF5, 0xA1, 0xDA, 0x9B, 0x9B, 0x16, 0xB5, 0x86, 0x1B, 0x32,
    0x70, 0x47, 0xF7, 0x26, 0xBC, 0x84, 0x89, 0x8E, 0x2D, 0x7A, 0x85, 0xE7, 0x27, 0x78, 0xA6, 0xEC,
    0xD6, 0x02, 0xE7, 0xE2, 0x58, 0x91, 0x4E, 0x3B, 0xB5, 0xA0, 0x41, 0x31, 0x64, 0x77, 0x62, 0x85,
    0x53, 0xEF, 0x3A, 0xED, 0xD1, 0x72, 0xE0, 0xB4, 0x43, 0xCB, 0x81, 0xF5, 0x67, 0x39, 0xB0, 0xDF,
    0x7F, 0xA2, 0xCF, 0xDD, 0xF3, 0xF5, 0x49, 0xFB, 0xA8, 0xF3, 0x75, 0x3D, 0xCB, 0xDC, 0x5E, 0x0B,
    0xB7, 0x68, 0x39, 0x8F, 0x57, 0x0F, 0x79, 0x03, 0xB6, 0x67, 0x13, 0x65, 0xDC, 0x2E, 0x61, 0xE8,
    0x0C, 0xE5, 0xF5, 0x0C, 0xE2, 0x6B, 0x6E, 0x6A, 0x0A, 0xA7, 0xD5, 0x9C, 0x92, 0xC9, 0x86, 0x37,
    0xEA, 0x90, 0x23, 0x9F, 0x35, 0x5F, 0x21, 0xED, 0x78, 0xF7, 0x16, 0xDF, 0xD3, 0xED, 0xD1, 0x27,
    0x45, 0xB8, 0x29, 0x99, 0x07, 0x40, 0xB4, 0x1F, 0x39, 0x92, 0x67, 0x2E, 0xC7, 0xF0, 0xC6, 0xDE,
    0x03, 0x61, 0xD1, 0xAD, 0x2D, 0x57, 0xA9, 0x6D, 0x01, 0xB6, 0xD6, 0x78, 0x00, 0xB6, 0x42, 0xFB,
    0x0E, 0xC0, 0x8E, 0x6B, 0x0D, 0x45, 0x6A, 0x30, 0xBB, 0x0E, 0x20, 0x4D, 0xA9, 0x4D, 0x07, 0x68,
    0x1A, 0xD9, 0x73, 0x40, 0xF4, 0x60, 0xAA, 0x2D, 0x07, 0x60, 0x25, 0xAC, 0xE3, 0xC0, 0x75, 0x17,
    0x1A, 0x0E, 0x68, 0x26, 0xCE, 0xA8, 0x7C, 0x00, 0x1C, 0x8C, 0x9B, 0x09, 0x3C, 0x9E, 0x1A, 0xB0,
    0x90, 0xB1, 0xAE, 0x95, 0xF6, 0x19, 0x88, 0x6D, 0x06, 0xB4, 0xCB, 0x40, 0x68, 0x32, 0xC0, 0xA5,
    0x82, 0x1E, 0x03, 0xBC, 0xF7, 0xCB, 0x22, 0x70, 0x7E, 0xAB, 0x1D, 0x06, 0x78, 0xEF, 0x97, 0x05,
    0x9B, 0x91, 0x85, 0xDD, 0xB2, 0x9E, 0x0D, 0x2E, 0xFC, 0x74, 0x2C, 0x6C, 0xF3, 0x7B, 0xEC, 0x2E,
    0x00, 0x0B, 0xC8, 0xE6, 0x02, 0x76, 0x0D, 0x12, 0x1D, 0xEC, 0x02, 0x71, 0xFD, 0x51, 0xA5, 0xCC,
    0xBE, 0x10, 0x31, 0xD8, 0xF6, 0xD8, 0x50, 0xA0, 0xBB, 0x16, 0xDA, 0x09, 0xB8, 0xD0, 0x4D, 0x80,
    0x36, 0x7D, 0xAD, 0xA9, 0x3A, 0xED, 0x25, 0x40, 0x7B, 0x8E, 0x56, 0x02, 0x6A, 0xCD, 0xFB, 0x13,
    0xB3, 0xE5, 0xB5, 0xA6, 0xEA, 0xD8, 0x47, 0x40, 0xED, 0x78, 0xDA, 0x07, 0x2B, 0xDE, 0xAB, 0x0D,
    0x3F, 0xD4, 0x54, 0x9D, 0xD5, 0xDE, 0xD6, 0x5B, 0x2E, 0x7D, 0xA8, 0xA1, 0x11, 0xEB, 0x29, 0x84,
    0x48, 0x25, 0xF6, 0x0F, 0x88, 0xED, 0x03, 0xD2, 0x51, 0xC5, 0xE3, 0xC5, 0x2E, 0x58, 0x43, 0xE2,
    0x14, 0x54, 0xDD, 0xAA, 0x5F, 0xD7, 0xC6, 0x1D, 0xFB, 0xDC, 0x77, 0x36, 0x06, 0x94, 0x05, 0x38,
    0xCB, 0x5D, 0x7D, 0x7D, 0xD2, 0xBE, 0xC9, 0xB3, 0x85, 0x0A, 0xC5, 0x44, 0x85, 0x8D, 0x0E, 0x09,
    0x30, 0x09, 0xBE, 0x7D, 0xDD, 0x70, 0x07, 0x9D, 0xFB, 0xF2, 0x26, 0x3E, 0x9C, 0xE2, 0x0C, 0x22,
    0x5D, 0x7F, 0xC3, 0x61, 0x63, 0x35, 0xD9, 0xE6, 0xCF, 0xB1, 0x70, 0xC9, 0x26, 0x53, 0x58, 0xF8,
    0xD7, 0xD2, 0xF0, 0x7B, 0x47, 0x55, 0x4B, 0x1E, 0xFD, 0xBC, 0x38, 0x4E, 0x2D, 0xFD, 0x1F, 0x37,
    0x8C, 0xA2, 0x26, 0x28, 0xFC, 0x0F, 0xF9, 0xD6, 0x1A, 0x10, 0xBC, 0x05, 0x48, 0x1F, 0x16, 0x00,
    0xAA, 0xFE, 0x6B, 0x28, 0xC3, 0x65, 0xF8, 0x1F, 0x61, 0xFB, 0xC2, 0x9E, 0x55, 0xF5, 0x23, 0x2F,
    0x55, 0x3D, 0x98, 0xDD, 0xD1, 0x7A, 0xFF, 0x84, 0xA0, 0x77, 0xF6, 0xAC, 0xAC, 0x14, 0x98, 0xDB,
    0xDD, 0xD1, 0xC6, 0x52, 0xFF, 0xB1, 0x99, 0x61, 0x7B, 0x4E, 0xC2, 0x3F, 0xB8, 0x10, 0x00, 0x8C,
    0x3B, 0x35, 0xC6, 0x12, 0xFF, 0xA3, 0x7D, 0x2F, 0x96, 0xB3, 0x52, 0x70, 0x48, 0x99, 0x15, 0x87,
    0x78, 0x57, 0xCB, 0xFB, 0xD3, 0x21, 0xB1, 0xBA, 0xBF, 0x2E, 0xE7, 0x86, 0xAE, 0x09, 0xB9, 0xD1,
    0xB7, 0xB8, 0xD8, 0x99, 0x13, 0x5D, 0xEB, 0x2E, 0x46, 0x2B, 0xFB, 0x83, 0x2F, 0x2B, 0xEC, 0x7F,
    0x3D, 0x16, 0x8A, 0xB0, 0x3A, 0x60, 0x5D, 0x48, 0xCA, 0xD8, 0x32, 0x1D, 0x15, 0xF5, 0x1F, 0x6A,
    0xFA, 0x0F, 0x25, 0xFD, 0x3F, 0xA3, 0xA2, 0xFF, 0xEF, 0x5E, 0x72, 0xA5, 0xE1, 0xB2, 0x86, 0x15,
    0xAF, 0xB9, 0xBF, 0xD5, 0xDB, 0xD1, 0x47, 0x9E, 0xBB, 0x2F, 0x2E, 0x80, 0x8D, 0x17, 0xE3, 0xCF,
    0x5C, 0x9A, 0xD0, 0xBF, 0x13, 0x13, 0xFA, 0xAC, 0xD5, 0x6F, 0x91, 0x5F, 0x1F, 0xE2, 0xBE, 0x3E,
    0x44, 0x7D, 0xC1, 0x4A, 0x94, 0x7D, 0x88, 0xF8, 0xFA, 0x10, 0xEF, 0xC5, 0x68, 0xEF, 0x0B, 0x59,
    0x09, 0x4B, 0xE8, 0xC7, 0xEA, 0xFC, 0xB1, 0x38, 0x7F, 0xAC, 0xCD, 0x1F, 0x4B, 0xF3, 0x5F, 0x09,
    0xBF, 0x64, 0x6E, 0xF1, 0x94, 0xB0, 0xD4, 0x05, 0x7A, 0xE2, 0xEF, 0xF8, 0x2B, 0x76, 0x4F, 0x5B,
    0x5C, 0x0C, 0x22, 0x02, 0x66, 0x87, 0x8A, 0xFF, 0xCD, 0x35, 0xC1, 0x7B, 0xDA, 0xB9, 0xAF, 0xEA,
    0xCE, 0xEE, 0x69, 0xCF, 0xFC, 0xDB, 0x9B, 0x8D, 0xDD, 0xD3, 0x76, 0xE9, 0xFB, 0x6D, 0x61, 0xF7,
    0xB4, 0xB1, 0xF1, 0xFD, 0x75, 0xBB, 0xA7, 0x8D, 0x63, 0xB3, 0x89, 0xDD, 0xD3, 0xC6, 0x3E, 0x7E,
    0x12, 0xEE, 0x69, 0xCF, 0x97, 0x5C, 0x71, 0xA4, 0x67, 0x10, 0x78, 0xBC, 0xA7, 0x8D, 0x6C, 0x47,
    0xB8, 0xA7, 0xAD, 0xB1, 0x6C, 0x11, 0x8B, 0x6B, 0x86, 0x7B, 0xDA, 0x8C, 0x59, 0xBE, 0xC8, 0x3D,
    0xED, 0xFF, 0x03, 0xE5, 0x7D, 0x3F, 0x90, 0xE6, 0xD6, 0x71, 0xE7, 0x03, 0x40, 0x0D, 0xAC, 0x45,
    0x95, 0xC1, 0xC0, 0x75, 0xE5, 0xD3, 0xD8, 0x86, 0x03, 0x07, 0x3E, 0xD2, 0x36, 0xE2, 0xBB, 0x3A,
    0x0F, 0x60, 0xB2, 0xEA, 0x1C, 0x30, 0xA0, 0x82, 0x8B, 0xEE, 0x02, 0x3B, 0x70, 0xD5, 0x5D, 0x39,
    0xE0, 0x5C, 0xE0, 0xC0, 0x01, 0x67, 0x3F, 0x48, 0x0A, 0x14, 0x28, 0xD0, 0x94, 0x1D, 0x5C, 0xA8,
    0x75, 0x15, 0x03, 0xEA, 0xDB, 0x2A, 0x8F, 0x43, 0x4A, 0x35, 0x3B, 0x00, 0xC5, 0x80, 0x81, 0x02,
    0x7E, 0xB6, 0xEB, 0xCA, 0x55, 0x76, 0x40, 0x48, 0xDE, 0x3B, 0x53, 0xCB, 0xAA, 0x5B, 0x58, 0x84,
    0x4D, 0xEC, 0x2C, 0x80, 0x77, 0xDD, 0xBF, 0xEE, 0xF7, 0x80, 0xF9, 0xB3, 0x24, 0xF7, 0x0F, 0x2D,
    0x59, 0x37, 0x12, 0xBF, 0xD7, 0x33, 0xFB, 0xCD, 0x37, 0xE8, 0x7E, 0xFD, 0xBA, 0xFB, 0x75, 0xFF,
    0xDE, 0x6B, 0x63, 0xE4, 0x2B, 0x6C, 0x8D, 0xFB, 0x0A, 0x3B, 0x63, 0x12, 0x5B, 0x99, 0xDE, 0xFC,
    0x71, 0x68, 0x5B, 0xB3, 0xB1, 0x83, 0x19, 0xCC, 0x4C, 0x64, 0x68, 0x6F, 0xDB, 0xA0, 0x8F, 0xEC,
    0x4B, 0xE7, 0xC7, 0x69, 0x6F, 0x8A, 0xB7, 0x87, 0xE4, 0xFE, 0xF7, 0x3A, 0x53, 0xFC, 0x5F, 0x93,
    0x75, 0xD6, 0xBE, 0x47, 0x64, 0x6E, 0xAB, 0x7A, 0xD8, 0xCC, 0x09, 0x91, 0x89, 0xFD, 0xDE, 0x34,
    0x25, 0x6D, 0x4A, 0xA4, 0x89, 0xDE, 0xEF, 0x0A, 0x63, 0xB2, 0xAF, 0x32, 0x69, 0x9B, 0x5F, 0x32,
    0x66, 0xC3, 0x7F, 0x22, 0x9A, 0xE9, 0x6F, 0xED, 0x4F, 0x4C, 0xA6, 0x03, 0xFF, 0x4B, 0xCB, 0x64,
    0xB6, 0xC3, 0xBF, 0xE0, 0x19, 0x0C, 0xFF, 0xB4, 0x62, 0x12, 0x5F, 0xF5, 0xE0, 0xC9, 0xC0, 0xBE,
    0xE4, 0x48, 0x93, 0xFF, 0x95, 0x27, 0xA3, 0x7F, 0xF6, 0xA4, 0xA9, 0x17, 0xB2, 0x58, 0xC8, 0x74,
    0x21, 0xA3, 0x85, 0x5C, 0x7D, 0xA5, 0x2B, 0xB2, 0x12, 0x39, 0x04, 0xB6, 0x4D, 0x6D, 0x09, 0x39,
    0xA4, 0x76, 0x22, 0x92, 0xE5, 0x60, 0x8A, 0x7B, 0xF6, 0xD5, 0x7B, 0x86, 0xE5, 0xD0, 0x58, 0x93,
    0xBE, 0xDF, 0x40, 0x0E, 0x3F, 0x9E, 0xDF, 0x22, 0x0E, 0x21, 0x87, 0x87, 0xD6, 0x96, 0x44, 0xB2,
    0x1C, 0x66, 0x6B, 0x9B, 0xA2, 0x11, 0x39, 0xFC, 0x51, 0xD2, 0x66, 0x8D, 0xCA, 0x21, 0x6A, 0xD3,
    0x46, 0xE5, 0x10, 0x83, 0x64, 0x39, 0x98, 0xB4, 0x61, 0x92, 0xE5, 0x60, 0x36, 0x20, 0x59, 0x0E,
    0x21, 0xFD, 0x8D, 0x46, 0x1E, 0x2B, 0x1E, 0x3D, 0x49, 0x93, 0xE6, 0x48, 0xFC, 0xE2, 0xD3, 0x92,
    0xFC, 0x45, 0x1C, 0x67, 0x96, 0xBE, 0x26, 0x66, 0x58, 0x28, 0xE6, 0xF7, 0x46, 0xBD, 0xDD, 0xD6,
    0x6F, 0x82, 0xDD, 0x91, 0x24, 0x2A, 0xB3, 0x0E, 0x0A, 0x93, 0x0E, 0x0A, 0x73, 0x3E, 0x9A, 0xE3,
    0x42, 0x58, 0xAD, 0x6F, 0xF3, 0xB4, 0x33, 0xA7, 0x99, 0x05, 0x35, 0xF3, 0xC4, 0x95, 0x85, 0xF0,
    0x49, 0x6C, 0x14, 0xC2, 0x66, 0xDE, 0x32, 0xC5, 0x5C, 0x16, 0x25, 0x53, 0x98, 0xB2, 0x07, 0x8E,
    0xCA, 0xED, 0xAE, 0x70, 0x4F, 0x36, 0x28, 0x65, 0x62, 0xEB, 0x28, 0x7A, 0xCA, 0xE5, 0xC9, 0x8D,
    0x57, 0x0F, 0xCF, 0xCE, 0x46, 0xE6, 0x30, 0x2C, 0xE3, 0x19, 0x6F, 0xA6, 0x39, 0x6C, 0x0A, 0x9A,
    0x17, 0xCC, 0x61, 0xDC, 0xD5, 0x27, 0x3B, 0x99, 0xC3, 0x70, 0x1A, 0xA3, 0x56, 0xB8, 0x32, 0x75,
    0x9F, 0xEC, 0x84, 0x2D, 0x43, 0x02, 0x90, 0x39, 0xB4, 0x5D, 0x44, 0x13, 0x2A, 0x8C, 0x75, 0xE1,
    0xC3, 0xBB, 0xD0, 0xCD, 0xE6, 0x57, 0x7A, 0x52, 0xC9, 0x41, 0x58, 0x1B, 0xC3, 0x2E, 0x9A, 0x84,
    0x37, 0x22, 0x33, 0x2B, 0xCC, 0xDD, 0x0C, 0xAC, 0xDD, 0x28, 0x77, 0xA6, 0x9E, 0x72, 0x79, 0xAA,
    0xAC, 0xD9, 0x3F, 0xCE, 0x4A, 0x11, 0x3F, 0x4B, 0x40, 0x35, 0xB2, 0x37, 0x8E, 0xEB, 0x80, 0x3E,
    0x70, 0x76, 0x2C, 0x9C, 0x9F, 0x8C, 0x6E, 0xAE, 0xAC, 0xF5, 0xEB, 0xB4, 0x9E, 0x57, 0xB3, 0xB5,
    0xF3, 0xB3, 0xB5, 0x73, 0xB3, 0xB5, 0xAD, 0xC0, 0x18, 0x3E, 0x10, 0x7C, 0xB1, 0x0A, 0x0A, 0x5B,
    0x45, 0x8F, 0x5F, 0xA5, 0xD9, 0x2A, 0x2C, 0x09, 0x07, 0x4C, 0x15, 0x85, 0xED, 0x65, 0xB6, 0x8A,
    0xB0, 0x1E, 0x85, 0x25, 0xFA, 0xDD, 0x51, 0x38, 0x22, 0xEA, 0x8E, 0x30, 0x44, 0xD4, 0xA9, 0xE3,
    0xC7, 0xE8, 0x73, 0x11, 0x35, 0x38, 0xCA, 0x2D, 0x2B, 0x52, 0x87, 0xD6, 0x51, 0x85, 0xAA, 0x58,
    0x76, 0xCF, 0x7A, 0x46, 0x06, 0x67, 0x6D, 0xF8, 0x01, 0x3C, 0x1F, 0x2B, 0x46, 0x56, 0x9C, 0x38,
    0x56, 0x9A, 0x85, 0x17, 0x6B, 0xEF, 0x3A, 0x66, 0x2C, 0x4F, 0x0C, 0xB8, 0x39, 0xD8, 0xE7, 0x0F,
    0x00, 0x3B, 0x07, 0x26, 0x79, 0x4F, 0xED, 0xCD, 0x81, 0x49, 0xDF, 0xE9, 0x1D, 0x43, 0xD9, 0xDB,
    0x83, 0xE3, 0xA8, 0x2E, 0x07, 0x55, 0x40, 0x3B, 0x07, 0xBD, 0xF0, 0x94, 0xDA, 0x3E, 0xEC, 0xF5,
    0xC1, 0xBE, 0x5B, 0xC6, 0x8B, 0x89, 0xC8, 0x77, 0xFA, 0xD3, 0x72, 0xCF, 0x96, 0x3A, 0x5D, 0xD6,
    0xBA, 0x79, 0x89, 0x56, 0xF3, 0xF2, 0x6F, 0xAC, 0x7B, 0x03, 0x33, 0x37, 0xAC, 0x17, 0xD6, 0x62,
    0x91, 0xCA, 0xC5, 0xDA, 0xAE, 0x98, 0x67, 0x65, 0xF3, 0xEC, 0xD3, 0x37, 0x10, 0xC0, 0x76, 0x7B,
    0x62, 0xFF, 0x76, 0xBB, 0x2D, 0x21, 0x02, 0xFA, 0xD5, 0xFB, 0xAD, 0x13, 0x82, 0x31, 0x96, 0x35,
    0x4E, 0xCC, 0x4D, 0x17, 0x8E, 0x66, 0xA5, 0xAC, 0x6C, 0x8C, 0x5B, 0x11, 0xC5, 0x10, 0xEF, 0x82,
    0xE0, 0x44, 0x85, 0x31, 0x26, 0xBB, 0x84, 0xFF, 0x55, 0x54, 0x36, 0x6E, 0x8B, 0x81, 0xA7, 0x89,
    0x05, 0x72, 0x93, 0xF9, 0x71, 0xA6, 0xA7, 0x08, 0xEC, 0x78, 0xEA, 0x8C, 0x4F, 0xD6, 0xE4, 0xD5,
    0xA9, 0x33, 0x13, 0xFC, 0xF6, 0xD1, 0x7D, 0x13, 0x0D, 0x26, 0x18, 0xBC, 0x01, 0xB1, 0x65, 0xDC,
    0xFB, 0x6F, 0x68, 0x5A, 0x5A, 0xFF, 0x4D, 0x42, 0x32, 0x49, 0xBC, 0x9D, 0x39, 0xBC, 0x6B, 0xE2,
    0xDD, 0xCA, 0xE4, 0x44, 0xED, 0xA3, 0xBE, 0x59, 0x7F, 0xC5, 0xCD, 0x45, 0x5A, 0xA5, 0x36, 0xC4,
    0x8B, 0xD0, 0x98, 0x56, 0x99, 0x6D, 0x87, 0xF8, 0x9E, 0x13, 0x59, 0x40, 0x12, 0x70, 0x12, 0xCB,
    0x98, 0x96, 0xB5, 0x4D, 0x93, 0x43, 0x34, 0x14, 0x87, 0x7E, 0xC2, 0x34, 0xC4, 0x15, 0xDA, 0x9D,
    0xD0, 0x24, 0xAD, 0x7C, 0x32, 0x42, 0xCF, 0x64, 0x53, 0x76, 0x42, 0x93, 0xAC, 0x42, 0x92, 0x3A,
    0x68, 0x16, 0x15, 0xCD, 0xF6, 0xCC, 0x34, 0x4B, 0x8A, 0xA6, 0xDB, 0x7E, 0x7D, 0xE7, 0xCD, 0x91,
    0xFD, 0x07, 0xC7, 0x66, 0xB1, 0x3B, 0x7F, 0xE8, 0xE8, 0xB8, 0x1F, 0x6A, 0xCF, 0xFE, 0x34, 0x14,
    0x9E, 0x2E, 0x86, 0xD4, 0xD3, 0xE9, 0x90, 0x78, 0x3A, 0x5A, 0x94, 0xC8, 0x84, 0xC3, 0x4A, 0x97,
    0xEA, 0x36, 0xF8, 0x8E, 0x18, 0x35, 0xFE, 0xD1, 0x98, 0x0A, 0xF7, 0xFC, 0x49, 0xE7, 0xB6, 0x20,
    0xF1, 0x0B, 0xFB, 0xE4, 0xAB, 0xA6, 0xA8, 0x13, 0xFE, 0x49, 0x49, 0x72, 0x9A, 0x7E, 0x11, 0x00,
    0xA9, 0x41, 0xD6, 0x44, 0x9D, 0x48, 0x20, 0x6E, 0x4D, 0x56, 0xD1, 0xE4, 0xC2, 0x59, 0xD3, 0x5C,
    0x65, 0x65, 0xDD, 0x40, 0x06, 0xC7, 0xF4, 0x20, 0xF2, 0x0D, 0x09, 0xA1, 0x8F, 0x6D, 0x99, 0x35,
    0xFF, 0xAD, 0x63, 0x29, 0x04, 0x3D, 0xAD, 0xDD, 0xAC, 0x21, 0x0B, 0x48, 0x62, 0xA0, 0xD7, 0xC3,
    0x2A, 0xEB, 0x68, 0x20, 0x39, 0x60, 0x09, 0x65, 0xA3, 0x98, 0x82, 0x00, 0xDF, 0xD4, 0xBA, 0x40,
    0x78, 0xC5, 0x64, 0xBF, 0x67, 0x65, 0x2E, 0xF9, 0x51, 0xB3, 0x97, 0xBE, 0xE3, 0x15, 0xE6, 0x3C,
    0x2B, 0x17, 0x43, 0xB7, 0x5A, 0x46, 0x27, 0xEB, 0x6F, 0x98, 0xEF, 0xF5, 0x37, 0x79, 0x79, 0x51,
    0x6F, 0xA2, 0xDD, 0x65, 0x4D, 0x8A, 0x7A, 0xBF, 0x1C, 0xED, 0x8F, 0xF4, 0x13, 0xAC, 0x3E, 0xC2,
    0xDE, 0xB2, 0x72, 0x7D, 0x40, 0xB0, 0x84, 0x19, 0x9D, 0x57, 0x33, 0xF2, 0x0A, 0xA2, 0x63, 0x5D,
    0x6C, 0xB7, 0x36, 0x23, 0x05, 0x3B, 0xCE, 0x26, 0x93, 0xBD, 0x5F, 0xE2, 0xC9, 0xAB, 0x02, 0xCF,
    0x47, 0x13, 0x20, 0x0F, 0x1A, 0x46, 0x7F, 0x33, 0x6C, 0xCA, 0xE2, 0x98, 0xB5, 0x68, 0x97, 0x97,
    0x05, 0xDB, 0x53, 0x12, 0x5C, 0x99, 0xD3, 0xA2, 0x4B, 0x46, 0x12, 0x27, 0xFB, 0x25, 0x9A, 0x8E,
    0x0C, 0x0E, 0x8F, 0x02, 0x0D, 0x21, 0x02, 0xC3, 0xC4, 0x81, 0xD8, 0xCA, 0x92, 0x2D, 0xAE, 0x10,
    0xA3, 0xC6, 0x23, 0xCA, 0x48, 0xDA, 0x64, 0xF2, 0xCC, 0xE9, 0xB9, 0xDA, 0x94, 0xC8, 0x4E, 0x6E,
    0x0D, 0x5E, 0xB3, 0x7C, 0xFE, 0xC2, 0x2B, 0xCF, 0x78, 0x35, 0xF8, 0x59, 0xD4, 0x6C, 0x09, 0x04,
    0x96, 0xA5, 0xBA, 0xAC, 0xD3, 0xE5, 0x37, 0x82, 0x45, 0x1D, 0xA7, 0x75, 0xC4, 0xD0, 0x79, 0xDB,
    0xD5, 0xC9, 0x22, 0x3C, 0x99, 0xB7, 0xB7, 0x44, 0x07, 0x93, 0xC9, 0x99, 0x2C, 0x76, 0xD2, 0xA2,
    0x7D, 0xF1, 0x7B, 0x8D, 0x2E, 0xBE, 0xF8, 0x5D, 0xB5, 0x54, 0x26, 0xF9, 0x9E, 0xFA, 0x20, 0x7A,
    0x18, 0xF5, 0x41, 0x42, 0x21, 0x32, 0x2A, 0xAA, 0x23, 0x59, 0x72, 0xE4, 0xDF, 0x6F, 0xCA, 0x82,
    0x23, 0xCF, 0x78, 0xA0, 0x2E, 0xBF, 0x53, 0x2A, 0x9C, 0x4B, 0xFE, 0x57, 0x9D, 0x77, 0xE1, 0x38,
    0x18, 0x3D, 0xEF, 0x75, 0x99, 0xF4, 0x2E, 0xB2, 0x70, 0xC2, 0x8A, 0x17, 0xF5, 0x3A, 0x7C, 0x63,
    0xED, 0x8D, 0x16, 0x96, 0x1C, 0x4F, 0xB7, 0xCF, 0xB7, 0x8E, 0x29, 0x48, 0x44, 0xB8, 0x02, 0x29,
    0x66, 0x18, 0xA4, 0x33, 0xC2, 0xA1, 0x46, 0xBF, 0x7D, 0xD4, 0xC5, 0x83, 0x1A, 0xE0, 0xA8, 0x4B,
    0x47, 0x1F, 0x31, 0x6C, 0xEE, 0xA8, 0xF1, 0x0D, 0xEC, 0x74, 0xE0, 0x1C, 0xAC, 0xED, 0x35, 0x1E,
    0xCA, 0xCB, 0xFD, 0xAA, 0x58, 0x26, 0xA7, 0x58, 0x2C, 0xF0, 0xC1, 0x62, 0x19, 0xEE, 0xB8, 0x99,
    0x5F, 0xA6, 0xB7, 0x38, 0x3F, 0xE9, 0x16, 0xCB, 0xEB, 0x27, 0xB3, 0x9E, 0x1E, 0x37, 0x62, 0x30,
    0x3E, 0x62, 0x30, 0x3E, 0x62, 0x30, 0x27, 0x2E, 0x62, 0x30, 0x56, 0x9D, 0x0A, 0xF9, 0xD2, 0xC7,
    0x8F, 0x18, 0x3C, 0xE5, 0x96, 0x27, 0x4D, 0xBF, 0x8F, 0x1D, 0xF2, 0x4F, 0x8D, 0x18, 0xF4, 0xEB,
    0x3F, 0x7A, 0xEA, 0xB7, 0xC5, 0x2C, 0x26, 0x96, 0x97, 0x1B, 0xDB, 0xC4, 0x82, 0xA2, 0xCE, 0x11,
    0x06, 0xD1, 0xDE, 0x1E, 0x0B, 0xC4, 0xAE, 0x6F, 0x8F, 0xA6, 0x3E, 0x90, 0x48, 0xBD, 0x37, 0xE9,
    0xAC, 0x53, 0xC6, 0x4F, 0x8E, 0x38, 0xBD, 0x47, 0xDC, 0xC5, 0xBC, 0xD1, 0xC3, 0x9D, 0x09, 0x6F,
    0x16, 0x0B, 0x92, 0x79, 0xDB, 0x40, 0xD7, 0x98, 0xB7, 0x14, 0x14, 0x34, 0xF1, 0x94, 0xA9, 0x44,
    0x9E, 0xE0, 0xC0, 0x3F, 0xCB, 0xB3, 0xA6, 0x2E, 0xEC, 0x4D, 0x74, 0x5F, 0x92, 0x12, 0xB3, 0x64,
    0x93, 0x68, 0x88, 0xEC, 0xED, 0x39, 0x15, 0x6F, 0xF7, 0x4D, 0xD9, 0x87, 0xDC, 0x97, 0x3D, 0x88,
    0x0B, 0x07, 0x74, 0xEF, 0x21, 0xFB, 0x8E, 0x4C, 0xF6, 0x1C, 0xBA, 0xDF, 0x10, 0x87, 0xBF, 0x47,
    0xBF, 0x10, 0xBE, 0x62, 0x38, 0x30, 0xA6, 0x1F, 0xD4, 0xA4, 0x1C, 0xA4, 0x64, 0x6C, 0xBF, 0xE9,
    0xFF, 0x23, 0xC5, 0x76, 0xA4, 0x59, 0xFC, 0x3F, 0x0A, 0x49, 0xBF, 0xCC, 0x03, 0x7D, 0x52, 0x20,
    0x61, 0x54, 0x02, 0x0D, 0x40, 0xD4, 0x45, 0x32, 0xC7, 0x2A, 0x0A, 0x4E, 0xDE, 0x58, 0x1E, 0x39,
    0x5B, 0x53, 0x3C, 0x3D, 0xFB, 0x64, 0x06, 0x2D, 0xA6, 0x87, 0x3C, 0x42, 0x66, 0xB1, 0xA5, 0x9C,
    0x6F, 0x0F, 0xD9, 0xB7, 0xF9, 0xE9, 0x69, 0xF5, 0x8F, 0x59, 0xC9, 0x0C, 0x7C, 0xD4, 0x99, 0x3B,
    0x64, 0x2E, 0x89, 0x87, 0xF3, 0x9E, 0x29, 0xDD, 0x5A, 0x10, 0x05, 0x4E, 0xFE, 0x07, 0xBF, 0x4F,
    0x0C, 0x45, 0x3C, 0x30, 0xC5, 0x5B, 0x8B, 0xBA, 0x25, 0x0A, 0xAA, 0xC7, 0xA6, 0x56, 0x22, 0xBB,
    0xBB, 0x6C, 0x3E, 0x11, 0xC3, 0x4C, 0x46, 0x9D, 0xCB, 0x1E, 0x89, 0x40, 0x57, 0x7B, 0x36, 0x38,
    0x2A, 0x98, 0xBD, 0xEB, 0xC9, 0xDF, 0x2F, 0xFD, 0xDA, 0x29, 0xFD, 0x86, 0xA2, 0xBC, 0xEA, 0x7B,
    0x8A, 0xF2, 0x9A, 0x6D, 0xD3, 0xE0, 0x97, 0xD5, 0x80, 0x65, 0x75, 0xB6, 0x75, 0xF6, 0xE2, 0xC8,
    0x2F, 0x2B, 0xA2, 0x9E, 0x97, 0x65, 0x75, 0xC4, 0x92, 0x05, 0x6F, 0x47, 0xF4, 0x03, 0x99, 0xA5,
    0x23, 0xDA, 0x31, 0x88, 0xEA, 0x1D, 0x25, 0xD3, 0x1D, 0x51, 0xBD, 0xA3, 0xA2, 0xD5, 0x65, 0x75,
    0x64, 0x8D, 0x46, 0xAD, 0x9B, 0x91, 0xE7, 0x80, 0x79, 0xDB, 0xB4, 0x81, 0x2E, 0xA1, 0x4D, 0xE5,
    0xA8, 0x5F, 0x36, 0x8E, 0x32, 0x2B, 0xCA, 0x0C, 0xD7, 0x50, 0xDE, 0x29, 0xF0, 0x32, 0xD5, 0xAF,
    0xA3, 0x4B, 0x5B, 0x42, 0xDE, 0x80, 0xD2, 0xFE, 0x40, 0xF6, 0xC0, 0x44, 0x61, 0x59, 0xA5, 0xFF,
    0xDB, 0x4C, 0x5F, 0x06, 0x6F, 0xF0, 0x51, 0xE0, 0x2D, 0xAB, 0xB2, 0x51, 0x78, 0x4B, 0xBF, 0x67,
    0x95, 0x37, 0x09, 0x94, 0x99, 0x37, 0xDA, 0xE4, 0x8F, 0x3E, 0xB2, 0x1A, 0x7D, 0x5C, 0x35, 0xFA,
    0xA8, 0x6A, 0xF4, 0x31, 0xD5, 0xE8, 0x23, 0x2A, 0x7D, 0x3E, 0xD2, 0x1C, 0xF7, 0xA4, 0x79, 0xEB,
    0xA8, 0x78, 0xF0, 0x4F, 0x3F, 0x7B, 0x2A, 0xF7, 0x54, 0xB2, 0x38, 0x3C, 0x4F, 0x05, 0xE3, 0xB5,
    0x8B, 0x09, 0x1B, 0x7C, 0xD9, 0xDC, 0xD3, 0x62, 0x32, 0x4F, 0xB1, 0x98, 0x8C, 0xC6, 0xCD, 0xF0,
    0xA7, 0xFB, 0xC7, 0x18, 0xEC, 0x8C, 0xAD, 0xBE, 0xB5, 0xEF, 0xF1, 0x40, 0x21, 0x17, 0x86, 0x00,
    0x03, 0xA9, 0x0C, 0x07, 0xA9, 0xA4, 0xA0, 0x0D, 0x0C, 0xDA, 0xC5, 0x0D, 0x79, 0x5C, 0x79, 0x97,
    0x4C, 0xCF, 0x99, 0x48, 0xB0, 0x9B, 0x20, 0xD2, 0x9B, 0x13, 0x59, 0xF4, 0xDF, 0x90, 0xE8, 0xF6,
    0x1F, 0x38, 0xB0, 0x6D, 0xEA, 0x87, 0x1C, 0xD3, 0xBE, 0x33, 0x62, 0x23, 0x74, 0xBF, 0x2B, 0x10,
    0xC9, 0x56, 0x48, 0xAB, 0x4C, 0x70, 0xF6, 0x59, 0x2F, 0xC3, 0xDF, 0xB5, 0x3C, 0x24, 0x76, 0x96,
    0xC1, 0xBE, 0xCB, 0xA6, 0x7A, 0x97, 0x70, 0x98, 0xCA, 0xA9, 0x1E, 0x1E, 0xC6, 0x84, 0x87, 0x62,
    0xDE, 0xDC, 0xDF, 0x21, 0xCC, 0x79, 0x65, 0x07, 0xE9, 0x22, 0x64, 0x28, 0xF0, 0xEB, 0x86, 0x1E,
    0x89, 0x87, 0x3B, 0x12, 0x47, 0xFC, 0xEA, 0x85, 0xB5, 0x60, 0x45, 0x63, 0x1C, 0x8D, 0xF5, 0x60,
    0x79, 0x3B, 0xA7, 0x2B, 0xC2, 0x4A, 0x70, 0x01, 0xBD, 0x39, 0x24, 0xFD, 0x71, 0x3B, 0x3A, 0x4E,
    0x12, 0xC0, 0x92, 0x23, 0x32, 0x6F, 0x8A, 0xDA, 0xE5, 0x90, 0xF2, 0xDD, 0x41, 0xA4, 0xFA, 0x13,
    0xDA, 0xE6, 0x00, 0x26, 0x7A, 0xC6, 0x7C, 0x1F, 0x18, 0x4D, 0x2B, 0x90, 0x7C, 0x0E, 0x8C, 0xAE,
    0xFE, 0xC9, 0x08, 0x9D, 0x48, 0x5C, 0x74, 0xE0, 0x56, 0xEC, 0x66, 0x36, 0x07, 0xA9, 0xFA, 0x95,
    0x3D, 0xBB, 0x3B, 0x48, 0x5D, 0xF0, 0x94, 0x0C, 0x07, 0x89, 0x8F, 0x9F, 0xEC, 0xCA, 0xFC, 0xE6,
    0xF3, 0x6A, 0x35, 0xAC, 0xE8, 0x70, 0x45, 0xF3, 0xD3, 0x3C, 0x2A, 0x9D, 0xC4, 0x5A, 0x16, 0x8B,
    0x96, 0x15, 0xD0, 0x32, 0x23, 0x5A, 0x46, 0x41, 0x01, 0x6B, 0x19, 0x85, 0xFD, 0x29, 0x69, 0x59,
    0xF1, 0x23, 0x9E, 0x40, 0x0E, 0x27, 0x59, 0xD9, 0x52, 0xFB, 0xBD, 0x91, 0x0D, 0x6D, 0xF4, 0x61,
    0xA7, 0x19, 0x23, 0x51, 0x21, 0xE8, 0x87, 0x26, 0x81, 0xD2, 0x4E, 0x06, 0x98, 0x6D, 0xDE, 0x4A,
    0xAA, 0xEE, 0x88, 0xFB, 0x0C, 0xC5, 0xF5, 0x6F, 0x30, 0xC4, 0xF6, 0x9B, 0x3C, 0x14, 0xB2, 0x43,
    0x2B, 0xCA, 0x74, 0xF5, 0x5D, 0x62, 0x5F, 0xC5, 0x3B, 0xF3, 0xFB, 0xEB, 0xDF, 0x73, 0xDB, 0xF6,
    0x1B, 0xE5, 0x6A, 0x4A, 0x57, 0x33, 0xDA, 0xBB, 0xAD, 0x96, 0x8F, 0x88, 0x96, 0xE9, 0xE4, 0x50,
    0xD6, 0x45, 0x44, 0x31, 0x27, 0xF6, 0x24, 0x22, 0x4A, 0x76, 0x1C, 0xB1, 0x20, 0x22, 0x4A, 0x9B,
    0x74, 0xF4, 0x5B, 0xD2, 0xE2, 0xCC, 0x6D, 0x48, 0xED, 0xAC, 0x13, 0x79, 0x33, 0xB4, 0x7D, 0xEE,
    0x02, 0x88, 0xD7, 0xAA, 0x5C, 0x23, 0xA2, 0xCA, 0x67, 0x4B, 0xF8, 0xC9, 0x95, 0xE4, 0x7D, 0x7A,
    0xB1, 0x84, 0xB8, 0x2E, 0x22, 0xAA, 0x2B, 0xBF, 0xEA, 0x73, 0x8E, 0xE5, 0x7C, 0xB0, 0xE7, 0x17,
    0xD8, 0x8B, 0x1F, 0x5C, 0xCA, 0xFA, 0xA5, 0x95, 0xBC, 0xA5, 0xE2, 0x0D, 0x48, 0x25, 0x93, 0xC5,
    0x04, 0xA6, 0xEB, 0xC4, 0x4D, 0x18, 0xCB, 0xBB, 0xE5, 0x29, 0x4B, 0xDD, 0xA4, 0xA5, 0x6E, 0xDA,
    0x52, 0x37, 0x71, 0xA9, 0x9B, 0xBA, 0xD4, 0x4D, 0x9E, 0x9F, 0x3E, 0x3F, 0x81, 0x7E, 0x0A, 0xFD,
    0x24, 0xFA, 0x69, 0xD4, 0x89, 0x2C, 0xDC, 0x56, 0xDB, 0xCA, 0xF4, 0x91, 0xDF, 0xCD, 0x3E, 0x94,
    0x49, 0xEA, 0x75, 0x9A, 0xC8, 0x9E, 0xD5, 0x6E, 0x3B, 0xA5, 0x61, 0xD3, 0x6F, 0x3B, 0x3D, 0x78,
    0xCE, 0xEC, 0x55, 0x17, 0x18, 0x04, 0x7F, 0xCA, 0x1E, 0x3D, 0x71, 0xCF, 0x63, 0x00, 0xE6, 0x6E,
    0x3F, 0x10, 0xDE, 0xE2, 0xD6, 0xB1, 0xA6, 0x9C, 0x55, 0xC2, 0x58, 0x56, 0x0A, 0x5F, 0x59, 0x29,
    0x6C, 0x89, 0xFF, 0xA5, 0x07, 0xAD, 0x3C, 0x53, 0x8E, 0x27, 0xB0, 0x94, 0x34, 0xC2, 0x11, 0xD9,
    0x05, 0x30, 0x24, 0x3B, 0x89, 0xAB, 0xA3, 0xEC, 0x35, 0x52, 0x58, 0x52, 0x1E, 0xC5, 0xBF, 0xA6,
    0xEF, 0xE9, 0xCA, 0x4A, 0xD5, 0x77, 0xED, 0xC9, 0xD2, 0x4D, 0x16, 0x6B, 0x18, 0xDA, 0x63, 0x76,
    0x4C, 0x39, 0x5B, 0x43, 0x9A, 0xA0, 0x7B, 0x96, 0xAC, 0x21, 0xCD, 0x77, 0xFE, 0x7D, 0x3C, 0x40,
    0xF2, 0x90, 0xAC, 0x36, 0x69, 0x22, 0xB2, 0xB1, 0xCD, 0x06, 0xC6, 0xFB, 0x07, 0x13, 0xD6, 0xD3,
    0xC7, 0x50, 0x7A, 0xB2, 0x70, 0xF2, 0x29, 0x9C, 0x98, 0xF8, 0x05, 0xB6, 0x8D, 0x8D, 0xB9, 0xC3,
    0xBF, 0xD8, 0x98, 0x53, 0xFA, 0x8F, 0x87, 0x00, 0x7F, 0xE8, 0x48, 0xFE, 0x5E, 0x21, 0x43, 0x7E,
    0xBE, 0x3D, 0x7B, 0x85, 0x3F, 0xCC, 0x5A, 0xFA, 0x0B, 0xBC, 0x8F, 0xBC, 0xB8, 0x58, 0xD2, 0xE6,
    0x9A, 0xA4, 0xEA, 0xBF, 0x8C, 0xAF, 0x09, 0x3F, 0x90, 0x1F, 0xDA, 0x57, 0xBE, 0xD5, 0x60, 0x3B,
    0xCD, 0xBF, 0xBE, 0x89, 0x30, 0x1C, 0x49, 0xCE, 0xE6, 0xC0, 0x20, 0x5B, 0x53, 0x54, 0x7F, 0x80,
    0x77, 0x8A, 0xF5, 0x70, 0xFB, 0xE4, 0x75, 0x38, 0x63, 0xA2, 0x85, 0x81, 0x68, 0x27, 0x8F, 0x3D,
    0x05, 0xF6, 0x6B, 0xE2, 0x7E, 0x52, 0xFB, 0x0D, 0xFB, 0xB1, 0x24, 0x1B, 0x7E, 0xFE, 0xE4, 0xFE,
    0x87, 0x56, 0x33, 0x2D, 0x14, 0x23, 0x6C, 0x5C, 0x0E, 0x95, 0xBC, 0x59, 0xAB, 0x1B, 0xBD, 0x89,
    0x83, 0x49, 0x18, 0x73, 0x8A, 0xAE, 0x23, 0xDD, 0xEA, 0x91, 0x0E, 0x82, 0xB4, 0xCD, 0x2F, 0xDB,
    0xF7, 0x67, 0x90, 0x1C, 0x0B, 0xBC, 0x6C, 0x23, 0x4D, 0x47, 0xDD, 0x35, 0x2F, 0x30, 0x99, 0xED,
    0xFC, 0x5E, 0x3E, 0xB9, 0x92, 0x20, 0xFA, 0xBC, 0xC8, 0xB5, 0x13, 0x9B, 0xBD, 0xC1, 0x9B, 0x61,
    0xEF, 0x66, 0x9F, 0x07, 0xB7, 0xAD, 0xCB, 0x83, 0x1F, 0x4E, 0x2E, 0x0F, 0x1E, 0x70, 0xB6, 0x5A,
    0x1C, 0x57, 0x36, 0x14, 0xCE, 0x6D, 0xD9, 0xDC, 0x39, 0xAD, 0xFB, 0x56, 0x0C, 0x5D, 0x46, 0x96,
    0xCE, 0x3B, 0x2C, 0x4D, 0x15, 0x4F, 0xC6, 0xE5, 0xC1, 0xED, 0x5D, 0x67, 0xCE, 0x36, 0xC8, 0x97,
    0x8B, 0x51, 0x6E, 0x0B, 0x1F, 0xD5, 0xF8, 0xEC, 0x77, 0x7D, 0xE8, 0xE3, 0x6B, 0x9F, 0xF3, 0x8E,
    0x96, 0xEC, 0xF7, 0x42, 0x15, 0x1C, 0x9E, 0x6B, 0x5A, 0x71, 0xA1, 0x5E, 0x20, 0xDB, 0x4D, 0x1E,
    0xF9, 0xF6, 0x79, 0xA5, 0xB9, 0x03, 0x08, 0xE1, 0xB5, 0x63, 0xF2, 0xC6, 0x90, 0x38, 0x71, 0x5F,
    0x83, 0xE2, 0x6C, 0x5E, 0xB6, 0xF7, 0xA7, 0x2D, 0x6F, 0xBD, 0xB3, 0x31, 0x3D, 0xA4, 0xB7, 0xC6,
    0x0F, 0xC8, 0xD2, 0xBD, 0xC2, 0x7B, 0xE8, 0xC4, 0xB6, 0x9B, 0xC3, 0x7F, 0x18, 0xC9, 0x6E, 0x84,
    0xF6, 0x1F, 0x29, 0xDA, 0x1B, 0xF8, 0x37, 0xAA, 0x87, 0xBD, 0xA9, 0x3B, 0x7C, 0x9E, 0xFD, 0xAB,
    0x2E, 0xDB, 0x09, 0x15, 0x0E, 0xB9, 0xCC, 0x3B, 0x27, 0x2B, 0x45, 0x19, 0x3A, 0x32, 0x72, 0xF2,
    0x77, 0x1B, 0xB3, 0xD7, 0xAE, 0xA6, 0xE1, 0xD3, 0x29, 0x37, 0x47, 0x7E, 0x8A, 0x30, 0x43, 0x27,
    0xF7, 0xB6, 0x5B, 0x4C, 0x10, 0x6F, 0xC5, 0x31, 0x3F, 0xD1, 0x5C, 0xC9, 0xF4, 0xE4, 0x2E, 0x24,
    0xDD, 0x58, 0x8D, 0xB6, 0xCF, 0xB0, 0x93, 0x67, 0x2F, 0xC4, 0x6B, 0x81, 0xA7, 0xE6, 0x94, 0x53,
    0x61, 0xC8, 0x37, 0x20, 0x27, 0xB6, 0xD3, 0x24, 0x49, 0xB2, 0x5E, 0xD7, 0xC7, 0x41, 0x5D, 0xC9,
    0xBE, 0xC0, 0xCE, 0xBA, 0x41, 0x70, 0xB9, 0x84, 0x7D, 0xBF, 0x55, 0xD8, 0x2C, 0x69, 0x27, 0x3F,
    0x0B, 0xEE, 0xF1, 0xE3, 0xF1, 0xCA, 0x14, 0xFD, 0xC6, 0x55, 0xDD, 0xFB, 0x59, 0xCC, 0x3F, 0x7C,
    0xD2, 0xD7, 0x2F, 0xAE, 0x52, 0x7C, 0xE6, 0x1A, 0x25, 0x5E, 0x93, 0xBF, 0x6E, 0x7E, 0xF6, 0x92,
    0x19, 0x57, 0xBF, 0xF6, 0x96, 0xFD, 0x73, 0x73, 0xB9, 0x14, 0xB1, 0xFE, 0xD9, 0xDE, 0x27, 0x95,
    0xEE, 0xEC, 0x62, 0xB2, 0x76, 0xDE, 0x64, 0x8D, 0x8B, 0xC9, 0x2A, 0x8B, 0x25, 0xD6, 0xF6, 0x91,
    0x76, 0xE1, 0xE3, 0xEC, 0xC2, 0x47, 0xD9, 0x4B, 0x8C, 0x5D, 0x3C, 0x85, 0xC9, 0x72, 0xFF, 0x5A,
    0x39, 0x93, 0x95, 0x76, 0x91, 0xA7, 0xCC, 0x42, 0x6D, 0xDC, 0xFB, 0x2E, 0xE4, 0x24, 0x2F, 0x8F,
    0xAE, 0x46, 0x43, 0x7E, 0xEE, 0x03, 0x8D, 0x94, 0x64, 0x05, 0x7E, 0xC9, 0x6B, 0x9E, 0x8B, 0xE9,
    0x9D, 0xF1, 0x88, 0x3A, 0x67, 0x0C, 0x5B, 0x37, 0xBE, 0x38, 0x23, 0x8E, 0xAD, 0xC8, 0x2D, 0x7D,
    0x41, 0x44, 0xDB, 0xA7, 0xB3, 0x44, 0x57, 0x29, 0x56, 0x76, 0x3C, 0xA5, 0x7F, 0xC7, 0x73, 0xB6,
    0x21, 0x07, 0x7A, 0x07, 0x61, 0x43, 0x0A, 0xC1, 0xA0, 0x9E, 0x88, 0x68, 0x22, 0x7D, 0xD7, 0xCA,
    0x46, 0xEF, 0xFB, 0x23, 0xF6, 0x15, 0xEF, 0x7F, 0xBF, 0x95, 0xA9, 0x6E, 0xD2, 0x5B, 0x78, 0x2E,
    0x04, 0xBC, 0x1C, 0x9B, 0x27, 0x93, 0xAE, 0xA8, 0x83, 0x4B, 0xE3, 0xA9, 0x8C, 0xB2, 0x8E, 0xD2,
    0x5D, 0xD6, 0xAD, 0xE3, 0xD5, 0x50, 0x4D, 0x8D, 0x39, 0x3C, 0x36, 0xEE, 0xF9, 0x77, 0x6E, 0x74,
    0xCF, 0x1F, 0xA9, 0xF5, 0x09, 0x68, 0xCF, 0x64, 0x8F, 0xF1, 0xDC, 0x46, 0x7E, 0xAF, 0x36, 0x33,
    0x3E, 0xA7, 0x2E, 0x87, 0x14, 0x69, 0x6D, 0x33, 0x70, 0x2D, 0xA1, 0xE6, 0xFA, 0xE5, 0x08, 0x9F,
    0x31, 0x50, 0x94, 0xC0, 0xEA, 0x8B, 0x91, 0xD4, 0x92, 0x3D, 0x77, 0xC0, 0xC5, 0x7F, 0xCE, 0x86,
    0x91, 0x59, 0x93, 0xB2, 0x61, 0xDE, 0x0E, 0x1C, 0x84, 0x93, 0x05, 0x1F, 0x5C, 0x59, 0x5E, 0xD5,
    0x52, 0xC7, 0x54, 0x53, 0xAE, 0x5A, 0x1C, 0xCB, 0x44, 0xD5, 0x03, 0xDB, 0x4A, 0xE5, 0x62, 0x92,
    0xCC, 0x43, 0xDC, 0xCB, 0x48, 0x7F, 0x48, 0x7E, 0xEF, 0x70, 0xB8, 0xF4, 0x79, 0xE9, 0x70, 0xB5,
    0xFA, 0x71, 0xAD, 0x13, 0x53, 0xDE, 0xB7, 0x73, 0xA9, 0xDC, 0x07, 0x83, 0xE3, 0x9F, 0x8D, 0xA1,
    0x48, 0x00, 0x73, 0x0F, 0x19, 0x20, 0xF0, 0x84, 0x14, 0x50, 0xB5, 0x81, 0x1C, 0x98, 0x12, 0x49,
    0xD0, 0xFB, 0x54, 0x16, 0x9C, 0xFD, 0xEA, 0x3D, 0x25, 0xF2, 0x20, 0x7B, 0xAA, 0x12, 0xE1, 0x12,
    0x87, 0xC8, 0x24, 0xF0, 0x52, 0x01, 0x05, 0xB9, 0x48, 0xC6, 0x85, 0x39, 0x91, 0x5A, 0x02, 0xCB,
    0x46, 0x14, 0x35, 0x19, 0xDC, 0x02, 0x26, 0xE9, 0x47, 0x7E, 0xF1, 0x47, 0xDE, 0x34, 0x06, 0xCB,
    0xEC, 0x4E, 0x6E, 0x7C, 0xA1, 0xBE, 0xC7, 0x0C, 0xBE, 0x69, 0x8A, 0xDE, 0x39, 0x19, 0x93, 0x3E,
    0x80, 0x3C, 0x76, 0xA2, 0x9E, 0x49, 0x97, 0xDE, 0x67, 0x79, 0x27, 0x7D, 0x5A, 0xD5, 0x40, 0x3F,
    0xA4, 0x15, 0x4D, 0x53, 0x4C, 0x6A, 0x5A, 0x71, 0xF0, 0x4A, 0x91, 0x5E, 0xC5, 0x45, 0xB0, 0x92,
    0x47, 0x8A, 0x5B, 0x48, 0x6D, 0x79, 0xE3, 0x9E, 0x91, 0xDA, 0x72, 0x4C, 0x17, 0xD4, 0x03, 0x8D,
    0x65, 0x4C, 0xD6, 0x33, 0xFD, 0xEA, 0x80, 0x38, 0xF7, 0xFD, 0x0A, 0x6B, 0x2C, 0xE6, 0x47, 0x64,
    0xF1, 0xA0, 0x4E, 0xDC, 0x05, 0xDF, 0x29, 0x2A, 0xD4, 0x51, 0x2C, 0xFF, 0x3B, 0xC2, 0x5F, 0x1E,
    0x6F, 0x7C, 0x60, 0x6A, 0x65, 0xA5, 0xD0, 0x31, 0xAB, 0xAE, 0xCC, 0x9A, 0x9B, 0xB3, 0xE6, 0x05,
    0xC9, 0x02, 0x94, 0xA1, 0x66, 0x00, 0xB8, 0x56, 0x34, 0x63, 0xEA, 0x6C, 0x24, 0x6A, 0x53, 0x47,
    0x28, 0x6D, 0x24, 0x36, 0xEA, 0xB8, 0xD6, 0x51, 0xB7, 0x11, 0x3B, 0x36, 0x8E, 0x1F, 0x51, 0x6F,
    0xB7, 0x2D, 0x12, 0x93, 0xF4, 0xF7, 0x5F, 0xC6, 0xB8, 0x67, 0xFF, 0x19, 0x23, 0x3D, 0x6E, 0xB7,
    0xA1, 0x7F, 0xFF, 0xAD, 0x72, 0xD3, 0xD5, 0x3C, 0x57, 0xDD, 0x7E, 0x77, 0x93, 0x37, 0x2A, 0x13,
    0xB6, 0x7F, 0x49, 0x5B, 0xC8, 0xD8, 0x64, 0xEF, 0x60, 0x24, 0xEE, 0x3B, 0x14, 0x0A, 0xD2, 0x97,
    0x3B, 0xD9, 0xCE, 0x4B, 0x99, 0xE3, 0x4C, 0xC7, 0x9F, 0xBB, 0xA4, 0x75, 0xCB, 0x8A, 0x03, 0x4D,
    0xE1, 0x13, 0xCA, 0xD3, 0xA4, 0x80, 0x95, 0xF8, 0x01, 0x57, 0x1C, 0x01, 0x16, 0x01, 0x15, 0x58,
    0x83, 0x74, 0x5E, 0x28, 0x81, 0x42, 0x6E, 0x6B, 0xFE, 0xB4, 0x73, 0x00, 0x10, 0xDA, 0x9C, 0x1E,
    0x77, 0xC7, 0xAB, 0x91, 0x16, 0x45, 0xCE, 0x73, 0x32, 0xD0, 0xCA, 0xA7, 0xB0, 0x2A, 0x0F, 0xA1,
    0x6D, 0xBC, 0x2A, 0xDB, 0x9C, 0x8D, 0x01, 0xAF, 0x48, 0x73, 0x38, 0xE5, 0x06, 0x3F, 0x3F, 0xE2,
    0xCF, 0x3C, 0x61, 0x2F, 0x35, 0xA0, 0x00, 0x43, 0x66, 0x74, 0x8F, 0x35, 0x71, 0xD4, 0xD8, 0x8F,
    0x74, 0x51, 0xF4, 0x84, 0x43, 0x9C, 0x61, 0x90, 0x09, 0xE1, 0x67, 0x9B, 0x57, 0x2B, 0xA9, 0x58,
    0xD1, 0xE9, 0x8A, 0xBE, 0x5A, 0x6B, 0xBC, 0x16, 0x20, 0xC4, 0x52, 0xE8, 0x05, 0x20, 0x04, 0x52,
    0x00, 0x42, 0x2C, 0x8F, 0x3F, 0x13, 0x80, 0x10, 0xFF, 0x89, 0x40, 0x00, 0x42, 0x52, 0x0A, 0x05,
    0x40, 0x08, 0xC2, 0x10, 0x80, 0x10, 0x64, 0x21, 0x00, 0x21, 0x88, 0x42, 0x00, 0x42, 0x90, 0x84,
    0x00, 0x84, 0x58, 0x10, 0x0A, 0x10, 0x62, 0x39, 0x38, 0x80, 0x10, 0x8B, 0x41, 0x01, 0x42, 0x2C,
    0x05, 0x07, 0x10, 0x62, 0x5F, 0xA2, 0x00, 0x21, 0x96, 0x81, 0x03, 0x08, 0xD9, 0x05, 0x20, 0x54,
    0x7C, 0x1E, 0x00, 0x21, 0x30, 0x2F, 0x00, 0x21, 0x90, 0x02, 0x10, 0x62, 0x39, 0xDC, 0x12, 0x80,
    0x10, 0xFE, 0xB0, 0x00, 0x84, 0x58, 0x0E, 0xA1, 0x00, 0x84, 0x58, 0x0E, 0x91, 0x00, 0x84, 0x58,
    0x0E, 0xA1, 0x00, 0x84, 0x20, 0x07, 0x01, 0x08, 0x89, 0x1C, 0x00, 0x10, 0x12, 0x39, 0x00, 0x20,
    0x04, 0x39, 0x68, 0x72, 0x80, 0xE5, 0xA0, 0x00, 0x21, 0x96, 0x83, 0x03, 0x08, 0x91, 0x1C, 0x1C,
    0x40, 0x88, 0xE4, 0xE0, 0x01, 0x42, 0x76, 0x09, 0x5E, 0x8B, 0xA7, 0x03, 0x08, 0x79, 0xFD, 0x9F,
    0x16, 0x0A, 0xEB, 0x00, 0x00, 0x21, 0x7C, 0xFE, 0x28, 0x7F, 0x84, 0x66, 0x5D, 0x28, 0x9E, 0x74,
    0xA1, 0x78, 0xCE, 0x01, 0x10, 0x02, 0xAB, 0x00, 0x08, 0x81, 0x53, 0x00, 0x84, 0xC0, 0x28, 0xA2,
    0x11, 0xF0, 0x29, 0x00, 0x21, 0x66, 0x53, 0x00, 0x42, 0xCC, 0xA5, 0x02, 0x84, 0x88, 0x49, 0x05,
    0x08, 0x11, 0x8F, 0x0E, 0x20, 0x64, 0x3D, 0x40, 0xA8, 0x78, 0x3C, 0x80, 0x10, 0x26, 0x4E, 0x00,
    0x42, 0x32, 0x87, 0x00, 0x08, 0x61, 0x0E, 0x05, 0x20, 0x84, 0x8F, 0x14, 0x80, 0x90, 0x7C, 0x08,
    0x00, 0x42, 0xB2, 0xB0, 0x01, 0x10, 0x62, 0xBE, 0x22, 0x01, 0x08, 0x31, 0x63, 0x91, 0x00, 0x84,
    0x98, 0xB3, 0x50, 0x00, 0x42, 0x60, 0x4D, 0x00, 0x42, 0xE0, 0x4D, 0x01, 0x42, 0xCC, 0x9C, 0x02,
    0x84, 0xC0, 0x9D, 0x02, 0x84, 0xE8, 0x9F, 0x1C, 0x40, 0x88, 0x53, 0x2B, 0x0E, 0x20, 0x64, 0x17,
    0x80, 0x50, 0xF1, 0x59, 0x01, 0x42, 0x9B, 0xAB, 0x76, 0x6B, 0xE7, 0x66, 0x4B, 0x6D, 0x96, 0x47,
    0x57, 0x69, 0x0A, 0x83, 0xD9, 0x12, 0xFB, 0xC1, 0xB3, 0x05, 0x80, 0x10, 0x66, 0x0B, 0x00, 0x21,
    0xB1, 0x54, 0x0C, 0x10, 0x02, 0x4B, 0x88, 0x7C, 0xC1, 0x91, 0x44, 0xC8, 0xCC, 0x90, 0x44, 0xC8,
    0xC2, 0x8F, 0x94, 0xFB, 0xAD, 0x03, 0x08, 0x45, 0xD6, 0x03, 0x84, 0xAC, 0x07, 0x08, 0x15, 0x9F,
    0x05, 0x20, 0xB4, 0xB9, 0xCE, 0x00, 0x2F, 0x9C, 0x38, 0x56, 0x9A, 0x85, 0x17, 0x00, 0x84, 0x84,
    0x19, 0x89, 0x08, 0x99, 0x1B, 0x01, 0x08, 0x81, 0x1D, 0x01, 0x08, 0x81, 0x1F, 0x01, 0x08, 0x29,
    0x43, 0x0C, 0x10, 0x52, 0x8E, 0x00, 0x10, 0x82, 0x02, 0x0A, 0x40, 0x88, 0x79, 0x72, 0x00, 0x21,
    0x62, 0xCA, 0x01, 0x84, 0x24, 0x78, 0x15, 0xA7, 0x6E, 0x17, 0x80, 0x50, 0xF1, 0xCC, 0x00, 0x42,
    0x8E, 0xE3, 0xCE, 0x13, 0xC4, 0x38, 0xEF, 0x72, 0xB7, 0x1C, 0x58, 0xD6, 0xBD, 0xDF, 0x69, 0x1D,
    0xCB, 0xBC, 0x7F, 0xC8, 0x11, 0xAD, 0x09, 0x5E, 0x9E, 0x92, 0x77, 0xB9, 0x20, 0x95, 0xBE, 0x33,
    0x24, 0xCD, 0x1E, 0x4D, 0x59, 0xF2, 0x97, 0xF6, 0x1B, 0x0D, 0x66, 0x8C, 0xB4, 0xAF, 0xF9, 0xF7,
    0x01, 0x10, 0x20, 0xF5, 0xCE, 0x12, 0x43, 0xC1, 0xC8, 0xAA, 0xC3, 0x4E, 0x70, 0x62, 0x5F, 0xC5,
    0x5E, 0x91, 0x94, 0xF2, 0xE6, 0xAB, 0x4C, 0x70, 0xB8, 0x97, 0xF1, 0x3F, 0xD1, 0x06, 0xDF, 0xE4,
    0xC0, 0x0E, 0xF1, 0x96, 0x08, 0xB6, 0x96, 0xAC, 0x2F, 0x10, 0x9C, 0x2C, 0xE4, 0x01, 0x51, 0x4F,
    0x6C, 0xA5, 0xA0, 0x43, 0xA6, 0xFB, 0x47, 0xEB, 0xDA, 0xD2, 0x23, 0x81, 0x3C, 0x8E, 0x29, 0x06,
    0xEF, 0xAC, 0x69, 0xE7, 0x5C, 0x19, 0xC8, 0xE3, 0x9D, 0x2B, 0x82, 0x37, 0xAC, 0x63, 0x00, 0x79,
    0x9C, 0x73, 0x05, 0x0D, 0xE7, 0x2A, 0x40, 0x1E, 0xCC, 0xB0, 0x02, 0x79, 0x30, 0xC5, 0x0A, 0xE4,
    0xE1, 0x39, 0x76, 0x40, 0x1E, 0x38, 0x57, 0x07, 0xE4, 0x81, 0x73, 0x55, 0x20, 0x0F, 0x4F, 0xB3,
    0x07, 0xF2, 0x64, 0x76, 0x01, 0xF2, 0xF0, 0x44, 0x7B, 0x20, 0x8F, 0x5D, 0x01, 0x79, 0x8A, 0x27,
    0x05, 0xF2, 0xC0, 0xDE, 0x38, 0x20, 0x8F, 0x7E, 0x23, 0x40, 0x1E, 0x98, 0x1F, 0x07, 0xE4, 0xD1,
    0x3F, 0x21, 0x40, 0x1E, 0xE1, 0x5F, 0x81, 0x3C, 0x22, 0x00, 0x05, 0xF2, 0x88, 0x04, 0x14, 0xC8,
    0x23, 0x4E, 0x55, 0x81, 0x3C, 0x90, 0x81, 0x03, 0xF2, 0x40, 0x08, 0x0E, 0xC8, 0xC3, 0x52, 0x58,
    0x80, 0x3C, 0x24, 0x86, 0x05, 0xC8, 0x43, 0x72, 0x58, 0x01, 0x79, 0x32, 0xBB, 0x02, 0xF2, 0x44,
    0x76, 0x0D, 0xE4, 0xB1, 0x6B, 0x20, 0x4F, 0xF1, 0xB4, 0x40, 0x9E, 0x95, 0xBF, 0xB9, 0x8E, 0x5A,
    0x0A, 0x34, 0x91, 0x2C, 0x71, 0xDD, 0xF3, 0x19, 0x17, 0x19, 0x2F, 0xF9, 0x86, 0x95, 0xE0, 0xD7,
    0x69, 0xA3, 0xC7, 0xB3, 0x89, 0xC6, 0xDB, 0x44, 0xE3, 0x6D, 0x22, 0x07, 0xBB, 0xA1, 0xDA, 0x08,
    0x17, 0xBD, 0x31, 0x3C, 0xE0, 0x71, 0x6D, 0xE2, 0xE8, 0x6D, 0x62, 0xEF, 0x6D, 0x62, 0xE7, 0x6C,
    0xE2, 0x63, 0x67, 0x0D, 0x3E, 0x5F, 0x98, 0x8F, 0x97, 0x55, 0xB7, 0x50, 0xB2, 0x44, 0x19, 0xE6,
    0x23, 0x1A, 0x9A, 0x4C, 0xCE, 0xCD, 0x62, 0x89, 0x42, 0x37, 0x19, 0xE6, 0xA3, 0x8A, 0xF9, 0x6E,
    0xAB, 0xA1, 0x1E, 0xC3, 0x7C, 0x24, 0xC2, 0x61, 0x70, 0x8F, 0x04, 0x38, 0x4C, 0x49, 0x7C, 0x03,
    0x98, 0x0F, 0x4B, 0x4D, 0x60, 0x3E, 0x2C, 0x35, 0x85, 0xF9, 0x90, 0x0E, 0x2A, 0xCC, 0x27, 0xB2,
    0x1E, 0xE6, 0x63, 0x3D, 0xCC, 0xA7, 0x78, 0x3C, 0x98, 0xCF, 0xE2, 0x48, 0xBA, 0x15, 0x29, 0x3C,
    0x21, 0xCD, 0x26, 0x4C, 0xA9, 0x44, 0x12, 0xEB, 0x48, 0x8E, 0xDD, 0x24, 0xCD, 0xA6, 0x7E, 0x9F,
    0x17, 0x0B, 0x33, 0x16, 0x4A, 0x9A, 0x0D, 0x9C, 0x49, 0x9A, 0xCD, 0xF9, 0xFD, 0xCD, 0x1D, 0xE1,
    0x4D, 0xD3, 0x6C, 0xA2, 0x12, 0x48, 0xB3, 0x31, 0x77, 0x2E, 0xCD, 0x96, 0x59, 0x9F, 0x66, 0x23,
    0xAD, 0xF0, 0x69, 0x36, 0xBB, 0xA4, 0xD9, 0x8A, 0xCF, 0x9A, 0x66, 0x7B, 0x06, 0x3A, 0x7E, 0xE2,
    0x75, 0xDC, 0x7A, 0x1D, 0xAF, 0x7F, 0x52, 0x3A, 0xBE, 0x86, 0xF9, 0xC0, 0x4E, 0x02, 0xE6, 0x03,
    0x0A, 0x30, 0x1F, 0x98, 0x4B, 0xC0, 0x7C, 0x54, 0x0F, 0xEA, 0x03, 0x89, 0xB7, 0x01, 0xF3, 0x91,
    0x29, 0x93, 0x2C, 0x16, 0x45, 0xDB, 0x80, 0xF9, 0x30, 0x6F, 0x01, 0x60, 0x3E, 0xE0, 0x0D, 0x30,
    0x1F, 0xF0, 0x06, 0x98, 0x0F, 0x78, 0x13, 0x98, 0x0F, 0x34, 0x11, 0x30, 0x1F, 0xE6, 0x4D, 0x61,
    0x39, 0x92, 0xBA, 0x3A, 0xF0, 0xDE, 0xFF, 0xC0, 0x07, 0xD9, 0x07, 0x3E, 0xC6, 0x7E, 0x12, 0x98,
    0xCF, 0x27, 0xE9, 0x24, 0x7F, 0x1D, 0x1B, 0x9F, 0x86, 0x95, 0xB9, 0x7B, 0xDE, 0xEC, 0x7D, 0xE0,
    0x74, 0x92, 0x7E, 0xBB, 0x52, 0x9D, 0x34, 0x9C, 0x3B, 0x06, 0x8B, 0x43, 0x30, 0x46, 0x4E, 0x27,
    0x89, 0x73, 0x9D, 0xC0, 0x3B, 0xB4, 0xBA, 0x6F, 0xBA, 0x19, 0x3C, 0x76, 0x6C, 0x72, 0xD4, 0xA1,
    0x3A, 0x29, 0xD5, 0x22, 0xF1, 0x7F, 0xA4, 0x88, 0x37, 0x85, 0x53, 0x56, 0xC4, 0x51, 0x59, 0xB5,
    0x65, 0x3C, 0x28, 0xAF, 0xC5, 0x52, 0x5D, 0x4D, 0xEC, 0x32, 0x6D, 0x87, 0x8F, 0x00, 0x02, 0x61,
    0xDA, 0x00, 0x04, 0x02, 0x05, 0x20, 0x10, 0xB6, 0x8E, 0x00, 0x02, 0xF1, 0x47, 0x86, 0x00, 0x02,
    0xC9, 0xFE, 0x1F, 0xA0, 0x1F, 0xE2, 0x2F, 0x04, 0x10, 0x48, 0xB7, 0x10, 0x44, 0x41, 0x39, 0x01,
    0x04, 0x12, 0x53, 0xC2, 0x40, 0x20, 0xD9, 0x42, 0x30, 0x10, 0x48, 0x58, 0x03, 0x10, 0x08, 0x11,
    0x1C, 0x80, 0x40, 0xCC, 0x98, 0x02, 0x81, 0xB0, 0x69, 0x6E, 0x34, 0xC4, 0x76, 0x40, 0x20, 0xEB,
    0x81, 0x40, 0xC5, 0x93, 0x02, 0x81, 0x74, 0xD6, 0x06, 0x37, 0x12, 0x5F, 0x0C, 0x01, 0x7A, 0xC3,
    0x19, 0x47, 0xFA, 0x84, 0x89, 0xE1, 0x3F, 0xC4, 0xC7, 0x1D, 0x5E, 0xC9, 0xC4, 0xC5, 0x11, 0x84,
    0x4C, 0xFB, 0x7A, 0x5E, 0x81, 0xD1, 0x03, 0x03, 0xD8, 0x0F, 0x3D, 0xBF, 0x80, 0x7E, 0x0E, 0xA7,
    0x03, 0x71, 0xB6, 0x35, 0x36, 0xFC, 0xBC, 0x42, 0x04, 0xEE, 0x13, 0xDA, 0x52, 0xD2, 0x4C, 0x77,
    0x3C, 0xC0, 0xC7, 0x03, 0x7D, 0x86, 0x4B, 0xE3, 0x78, 0x09, 0xE0, 0x73, 0x74, 0xE9, 0x79, 0xD5,
    0x4A, 0xB0, 0x89, 0x38, 0x11, 0xFB, 0x20, 0xCE, 0x38, 0x16, 0x76, 0x6B, 0x0C, 0x99, 0x3D, 0x29,
    0xF9, 0xF9, 0xEF, 0x62, 0x66, 0x66, 0x12, 0xE3, 0xF3, 0x5C, 0x0F, 0xCF, 0x5E, 0x19, 0x50, 0x9D,
    0x24, 0xBE, 0x82, 0x9A, 0xF8, 0x1E, 0x91, 0xED, 0xD8, 0x8D, 0x70, 0xCB, 0x1C, 0x41, 0xA7, 0x24,
    0x52, 0xCE, 0x34, 0xD2, 0xAC, 0xF4, 0x9C, 0x83, 0xC3, 0x50, 0x0C, 0xF8, 0xE1, 0xBE, 0xFD, 0x3D,
    0x1E, 0x48, 0x1A, 0x00, 0xF7, 0x10, 0x4F, 0x78, 0xC4, 0x4D, 0xF9, 0x07, 0x48, 0xE1, 0xAE, 0x57,
    0xC4, 0xB0, 0x50, 0x3E, 0xEF, 0x72, 0xCB, 0x2D, 0x87, 0x53, 0xBF, 0xBD, 0x3B, 0x55, 0xBF, 0x03,
    0x8A, 0x95, 0x25, 0x7C, 0x40, 0x14, 0x94, 0x25, 0xB7, 0xCD, 0xA9, 0xAC, 0x84, 0xDA, 0xF6, 0xA7,
    0xB2, 0x10, 0xA6, 0x60, 0x3A, 0xC5, 0x3A, 0xA0, 0x05, 0x51, 0x40, 0xDC, 0x39, 0xDB, 0x8C, 0x11,
    0xAB, 0x80, 0x23, 0x64, 0xB5, 0x64, 0x93, 0xB7, 0x64, 0xE4, 0xFB, 0x4F, 0x7D, 0xB5, 0xFD, 0x54,
    0x73, 0xFD, 0xE5, 0x0A, 0x3B, 0xF5, 0x59, 0x29, 0xB3, 0xCA, 0x2F, 0x0C, 0x1A, 0xFD, 0x6D, 0x28,
    0xEE, 0xEC, 0x41, 0x22, 0x3D, 0xD0, 0xC3, 0xAE, 0x65, 0xE7, 0x75, 0xAB, 0xAC, 0x6E, 0xAA, 0x08,
    0x88, 0x27, 0xE2, 0x75, 0x16, 0xC8, 0x13, 0xAF, 0xFC, 0xF9, 0x38, 0x64, 0xB1, 0xF3, 0xCA, 0xE7,
    0x6A, 0xF8, 0x28, 0xEC, 0xDA, 0x31, 0x7F, 0x67, 0x14, 0x7E, 0x9F, 0x3F, 0xA8, 0x03, 0xE7, 0x68,
    0x8B, 0xD1, 0x78, 0x4F, 0x8B, 0xA4, 0x99, 0x66, 0x12, 0xCC, 0xA8, 0x16, 0xCE, 0x7A, 0xF3, 0xCD,
    0xA3, 0xCB, 0x2A, 0xFD, 0xEA, 0xB2, 0xF2, 0x9D, 0x42, 0x15, 0x97, 0xE0, 0x63, 0x8F, 0x45, 0x5E,
    0xC8, 0xAA, 0xF5, 0x6B, 0x1A, 0xB3, 0xAB, 0x38, 0x21, 0x49, 0x9F, 0xEC, 0x16, 0x7B, 0xA7, 0x38,
    0x21, 0xCC, 0xB1, 0xE2, 0x84, 0x34, 0xF0, 0x07, 0x4E, 0x48, 0xE2, 0x0B, 0xC1, 0x09, 0x81, 0x73,
    0xC5, 0x09, 0x81, 0x75, 0xC5, 0x09, 0x81, 0x77, 0x87, 0x13, 0x62, 0xE6, 0x1D, 0x4E, 0x08, 0x81,
    0xBF, 0xC3, 0x09, 0x31, 0x4A, 0xD1, 0xE1, 0x84, 0x22, 0xBB, 0xC2, 0x09, 0xD9, 0x15, 0x4E, 0xA8,
    0x78, 0x16, 0x38, 0xA1, 0x6B, 0xB7, 0x77, 0x1C, 0x80, 0xCC, 0xC7, 0x52, 0xDF, 0x90, 0x3C, 0x1C,
    0x71, 0x87, 0x14, 0x7B, 0x66, 0xBB, 0x84, 0x9D, 0x64, 0x60, 0x1F, 0x76, 0x35, 0xA7, 0xF4, 0xB2,
    0xF9, 0xE5, 0x87, 0x9C, 0x45, 0x0F, 0x6C, 0x1B, 0x59, 0x4E, 0xAB, 0xD3, 0x5F, 0xE6, 0x4C, 0x38,
    0xD0, 0x99, 0x6C, 0xB1, 0x07, 0xF6, 0x7C, 0x92, 0xC1, 0x0E, 0xF9, 0x1C, 0x13, 0x9F, 0xE7, 0x33,
    0xFB, 0x73, 0xF4, 0x31, 0x96, 0xA7, 0xA9, 0xDF, 0xE9, 0x0A, 0x24, 0xE7, 0xD3, 0x8F, 0x28, 0x7C,
    0x61, 0x22, 0x7C, 0xD8, 0x69, 0xB2, 0x90, 0xFE, 0xA8, 0x64, 0x0A, 0xF3, 0x4E, 0xD3, 0x84, 0x69,
    0xA7, 0xDB, 0x98, 0x08, 0x0F, 0xB6, 0x59, 0x67, 0x76, 0x51, 0x4F, 0x9E, 0xB7, 0xA5, 0xC7, 0xE0,
    0xC5, 0x9A, 0xCD, 0x9D, 0x45, 0x67, 0x2B, 0x1E, 0xF2, 0x1E, 0x6A, 0x90, 0x0A, 0xB0, 0x2F, 0x95,
    0x1F, 0x06, 0x75, 0x2F, 0xBF, 0x00, 0x95, 0xAE, 0x82, 0xCD, 0x08, 0x8C, 0xC8, 0xFD, 0xA9, 0xA2,
    0xFD, 0x4C, 0xF2, 0x0E, 0x57, 0xA6, 0xBB, 0xA4, 0xE1, 0x09, 0xA6, 0xED, 0x14, 0x67, 0x78, 0x47,
    0xFA, 0xE8, 0x91, 0x13, 0x85, 0x16, 0xA7, 0xD0, 0xAA, 0xD7, 0xD8, 0x7E, 0xD0, 0x06, 0x35, 0x90,
    0xD3, 0x58, 0x08, 0x31, 0x14, 0x97, 0x9A, 0x69, 0xD8, 0x77, 0x72, 0x77, 0xA5, 0x73, 0xE3, 0x42,
    0xB1, 0xBE, 0xDD, 0x9E, 0x5D, 0xF6, 0x2A, 0xB4, 0x52, 0x8F, 0x49, 0x2C, 0x3D, 0x93, 0x78, 0x7D,
    0xCB, 0x56, 0xE0, 0x40, 0xF5, 0x8C, 0x74, 0x42, 0xB5, 0x6C, 0xC3, 0x39, 0x04, 0xB8, 0x9E, 0xC2,
    0xC5, 0x0E, 0x41, 0x5D, 0xBA, 0xD8, 0xC1, 0xF6, 0xCE, 0xA9, 0x22, 0xE4, 0x43, 0xC6, 0xD6, 0xD4,
    0x37, 0x65, 0x61, 0x8D, 0x34, 0x69, 0x46, 0xB7, 0x51, 0x38, 0x98, 0x46, 0x5A, 0x75, 0xA6, 0x5A,
    0x52, 0x70, 0x0A, 0x5D, 0xF5, 0x25, 0x77, 0xA0, 0x76, 0x66, 0xC8, 0xE9, 0xD9, 0xF1, 0x85, 0xD8,
    0xE1, 0x4A, 0x6E, 0x1D, 0xBA, 0x83, 0x6C, 0x7A, 0xDC, 0x05, 0x3A, 0x89, 0x91, 0xA4, 0x48, 0x51,
    0x8E, 0x67, 0xBD, 0xC1, 0xD9, 0x95, 0xF9, 0x65, 0x1E, 0x59, 0x6B, 0x78, 0x64, 0xA5, 0xE1, 0x7F,
    0x67, 0x9D, 0xE9, 0x24, 0x58, 0xC2, 0x18, 0xBA, 0x3A, 0x32, 0x29, 0x4C, 0x87, 0xFD, 0x20, 0xE9,
    0x0B, 0x1C, 0x0D, 0xA9, 0x8B, 0x38, 0xA2, 0x87, 0x9D, 0xD6, 0x3B, 0x3A, 0xAD, 0x76, 0x74, 0x52,
    0xEB, 0x48, 0x3B, 0x49, 0x8A, 0x44, 0x1F, 0xB9, 0x63, 0x0A, 0xD3, 0xA5, 0x1A, 0xC7, 0x2C, 0xAF,
    0xAC, 0x36, 0x90, 0xBE, 0x29, 0x96, 0x3C, 0x5D, 0x8D, 0x4D, 0x25, 0x8B, 0x3C, 0x90, 0x82, 0xF4,
    0xCC, 0xFF, 0xBA, 0x41, 0x2E, 0x50, 0xF2, 0x80, 0x45, 0x8F, 0x3A, 0x24, 0xEA, 0x8D, 0x41, 0x8D,
    0x02, 0x6F, 0x3C, 0x15, 0xBC, 0x99, 0xA9, 0x0F, 0xB1, 0xF3, 0xB5, 0xFC, 0x4A, 0x42, 0x46, 0xFD,
    0x82, 0xD8, 0x09, 0xDF, 0xDA, 0x00, 0xAD, 0x5C, 0x43, 0x37, 0x78, 0x21, 0x7F, 0xA0, 0xF6, 0xAC,
    0x58, 0x83, 0x24, 0xA4, 0x2A, 0xD8, 0xBE, 0xE0, 0x80, 0x11, 0x12, 0xEB, 0xD7, 0x2A, 0x43, 0x91,
    0x20, 0xCB, 0x8F, 0x7F, 0x6E, 0x77, 0xFC, 0x5A, 0x97, 0xC0, 0x1A, 0x0C, 0xFC, 0xBA, 0x8F, 0xEC,
    0x89, 0xC9, 0x91, 0x6A, 0x0E, 0xF9, 0xFD, 0xBF, 0x55, 0x16, 0xA8, 0x45, 0xD4, 0x9C, 0xC9, 0x9E,
    0x39, 0x9A, 0x46, 0x1D, 0x42, 0xAA, 0x10, 0x52, 0x83, 0x90, 0x0A, 0x84, 0xD6, 0x1F, 0xCE, 0x4C,
    0x70, 0xCB, 0xD7, 0x1E, 0xAE, 0x83, 0xE3, 0xE0, 0xF9, 0x04, 0x8E, 0x23, 0xD3, 0x0E, 0x38, 0x0E,
    0xEB, 0xF1, 0x9F, 0x0B, 0x1C, 0x47, 0x32, 0x96, 0x80, 0xE3, 0x88, 0x38, 0x01, 0xC7, 0x11, 0xC7,
    0x08, 0x38, 0x0E, 0x74, 0x59, 0xE0, 0x38, 0x5A, 0x88, 0x60, 0x58, 0x06, 0x6B, 0x73, 0x20, 0x70,
    0x1C, 0xC9, 0x94, 0x00, 0x8E, 0x03, 0x7D, 0x56, 0x38, 0xCE, 0xA1, 0x9C, 0x60, 0x14, 0x3D, 0x3A,
    0xF1, 0x5B, 0x6B, 0x09, 0x87, 0x41, 0x46, 0x0B, 0x69, 0x56, 0x64, 0xF1, 0x74, 0x70, 0x1C, 0xBF,
    0x5A, 0xE7, 0x85, 0x82, 0x9F, 0xF0, 0xEB, 0xD6, 0x00, 0x8E, 0x23, 0x3E, 0x62, 0x72, 0x59, 0x67,
    0xC0, 0x71, 0x64, 0xDD, 0x32, 0x1C, 0x47, 0xBD, 0x83, 0xCD, 0x9D, 0x6F, 0xB8, 0x6F, 0x65, 0xDD,
    0x02, 0x8E, 0xE3, 0xFC, 0x82, 0x26, 0x66, 0x27, 0x1F, 0x0B, 0x6B, 0x6D, 0x1B, 0xB8, 0xF5, 0x52,
    0x77, 0x67, 0xAE, 0xB6, 0x6D, 0x7D, 0x6D, 0xBB, 0x78, 0x42, 0x38, 0xCE, 0xAA, 0x94, 0x29, 0x73,
    0xC8, 0xB6, 0x48, 0x14, 0xAF, 0x08, 0x1D, 0x24, 0x87, 0xAD, 0xD1, 0xA8, 0x62, 0xB7, 0x6C, 0x84,
    0xA2, 0xD6, 0xF9, 0x3D, 0x46, 0xE5, 0x08, 0x63, 0x80, 0xE5, 0x88, 0x45, 0x4A, 0xAC, 0x20, 0x74,
    0x38, 0x2E, 0x66, 0x60, 0x8E, 0xF8, 0xFB, 0x68, 0xF0, 0x73, 0x18, 0xA9, 0x2D, 0x38, 0x09, 0xBB,
    0x74, 0xA7, 0x73, 0x18, 0x28, 0x38, 0x07, 0x51, 0x8E, 0xF5, 0x73, 0x58, 0x4C, 0x7E, 0x0E, 0x2F,
    0xE0, 0x73, 0x3E, 0x13, 0xE9, 0x79, 0xF3, 0x04, 0xA6, 0x8D, 0xB3, 0x97, 0xAB, 0xE3, 0xA2, 0x34,
    0x69, 0x8C, 0xD1, 0x01, 0x73, 0xB9, 0x86, 0x32, 0xFC, 0xAB, 0xC2, 0x18, 0x63, 0x74, 0x64, 0x03,
    0xC3, 0x3E, 0x81, 0x99, 0x62, 0x8C, 0x8E, 0xB0, 0xC4, 0xE9, 0x2E, 0x51, 0xCA, 0x64, 0xA7, 0x2A,
    0x29, 0x20, 0x38, 0xC5, 0xE8, 0x44, 0xD6, 0x61, 0x74, 0xAC, 0xC3, 0xE8, 0x14, 0xCF, 0x02, 0xA3,
    0xF3, 0xB3, 0x9C, 0x3C, 0x78, 0xA6, 0x18, 0x9D, 0x9F, 0xB5, 0x4C, 0xC4, 0xD3, 0x61, 0x74, 0x1E,
    0x59, 0x3D, 0xB3, 0x8B, 0x1D, 0xDB, 0x79, 0x3B, 0x36, 0x2E, 0x76, 0xAC, 0x2C, 0x96, 0x38, 0xD7,
    0x47, 0xB9, 0x85, 0x8F, 0x71, 0x0B, 0x1F, 0xE1, 0x2E, 0xF1, 0x6D, 0xF1, 0x14, 0x76, 0xEC, 0x49,
    0x30, 0x3A, 0x57, 0xB6, 0x92, 0x3A, 0xC1, 0x46, 0xA1, 0xC8, 0x02, 0xF3, 0xAD, 0x00, 0x0C, 0xCE,
    0x4B, 0x32, 0x4A, 0x09, 0x31, 0x50, 0x70, 0xB8, 0x91, 0x97, 0xF3, 0x80, 0xA2, 0x04, 0xED, 0x6D,
    0x02, 0xDA, 0xC0, 0xEC, 0x68, 0xFA, 0xC6, 0xE0, 0xBB, 0x3C, 0x8B, 0x67, 0xB2, 0x65, 0x2A, 0x64,
    0xC8, 0x50, 0xBE, 0xE0, 0x69, 0xE3, 0x48, 0x84, 0xDC, 0x25, 0xCA, 0xB5, 0x7A, 0x98, 0x33, 0x93,
    0x6D, 0x5F, 0x2C, 0xCB, 0x7D, 0x33, 0x1C, 0xC8, 0x86, 0x92, 0x87, 0x60, 0xD2, 0xD5, 0xD0, 0x62,
    0xD8, 0x9F, 0x0F, 0xD6, 0xE1, 0x7A, 0xA4, 0xD1, 0xD6, 0xFC, 0xC9, 0x21, 0x39, 0x7F, 0xD5, 0xC7,
    0xFA, 0x8E, 0x9B, 0x8E, 0xA5, 0xD1, 0x31, 0x35, 0x28, 0x5B, 0x41, 0xAF, 0x8C, 0x11, 0x21, 0xAC,
    0x81, 0x00, 0x73, 0x83, 0x63, 0x6F, 0x74, 0x0C, 0x8E, 0x8E, 0x45, 0xCF, 0xE4, 0x1D, 0xC7, 0xE6,
    0x91, 0x63, 0xF4, 0xC8, 0xB1, 0x7A, 0xE4, 0x98, 0x3D, 0x55, 0x76, 0xE5, 0x2C, 0xCB, 0xC9, 0x2D,
    0xE3, 0x92, 0x9D, 0xCB, 0xF9, 0x4F, 0x6F, 0xE2, 0xFE, 0xC0, 0x5C, 0x13, 0xA4, 0x6F, 0xB7, 0x4B,
    0xCE, 0xE2, 0x79, 0xE7, 0x92, 0x00, 0xD9, 0xB8, 0x69, 0x50, 0xC7, 0x38, 0x33, 0x28, 0x6D, 0x6C,
    0xC2, 0x87, 0x3B, 0x0A, 0x9F, 0x0A, 0xFB, 0x31, 0x0F, 0x19, 0xD7, 0x44, 0x92, 0x06, 0x78, 0x19,
    0x4E, 0x1E, 0x73, 0x45, 0x65, 0x87, 0x81, 0x8D, 0x3E, 0x0F, 0x83, 0xF9, 0xC3, 0xAF, 0xB3, 0x1D,
    0xB6, 0xFC, 0x0B, 0xF8, 0xBB, 0x34, 0xEC, 0xCD, 0xA5, 0xAE, 0x07, 0x2D, 0x8B, 0xC4, 0x1A, 0xC2,
    0xA8, 0x53, 0x90, 0x07, 0xE2, 0x33, 0x4B, 0xBF, 0x08, 0x19, 0x6E, 0x80, 0xA9, 0xB2, 0x55, 0xDC,
    0xE6, 0x2F, 0xD9, 0x86, 0x45, 0xF7, 0x61, 0x13, 0x0C, 0x29, 0xFF, 0xF1, 0x29, 0x78, 0x8B, 0x61,
    0x2C, 0x15, 0xDB, 0xBA, 0xAC, 0xE7, 0x55, 0x1B, 0x49, 0xEE, 0xBF, 0xC6, 0xEB, 0xDE, 0x59, 0xED,
    0xC2, 0xB9, 0x1B, 0x77, 0xBF, 0x84, 0xCC, 0x54, 0x61, 0x5D, 0xB0, 0x37, 0x26, 0x1D, 0xA9, 0x2B,
    0xC5, 0x68, 0x05, 0xA0, 0x8F, 0x05, 0x1F, 0x10, 0x40, 0x51, 0xBA, 0xE1, 0x44, 0x43, 0x5C, 0x5D,
    0xB7, 0x31, 0x9D, 0xD6, 0xF4, 0x0B, 0x16, 0xA6, 0x9D, 0x9D, 0xD7, 0x9B, 0x26, 0xAF, 0x10, 0x5C,
    0x43, 0x66, 0x29, 0x36, 0xCF, 0x02, 0xD0, 0x3A, 0x6C, 0x24, 0xF1, 0xC0, 0x9E, 0xDB, 0xF2, 0xFE,
    0x3A, 0xB6, 0xF6, 0x64, 0x04, 0x94, 0x76, 0x34, 0x9B, 0x29, 0xAD, 0xC8, 0x38, 0xEF, 0x6A, 0x3B,
    0xD0, 0x7E, 0x2C, 0xAD, 0xF2, 0x86, 0xC2, 0x3F, 0xDB, 0xE5, 0x0C, 0xC7, 0x49, 0x89, 0xD3, 0xE0,
    0xAC, 0xA4, 0xA7, 0x61, 0xA8, 0x4E, 0xD0, 0xCA, 0x1E, 0x09, 0xB0, 0x9D, 0x12, 0xF6, 0xA0, 0xA1,
    0xF7, 0xA8, 0x59, 0x39, 0xEC, 0x01, 0xDB, 0xD1, 0xBD, 0x25, 0x43, 0x77, 0x9C, 0x55, 0xFF, 0xE6,
    0xD7, 0x7C, 0xDA, 0x3E, 0xBD, 0xBF, 0xB0, 0x14, 0xAD, 0x4D, 0xD8, 0x9A, 0x2E, 0x56, 0x74, 0xBE,
    0x36, 0x73, 0xBF, 0xB5, 0xFA, 0xB9, 0x48, 0xE4, 0xD5, 0x32, 0xAE, 0x72, 0x89, 0xBF, 0x5E, 0xAD,
    0xD2, 0x36, 0x9F, 0x21, 0x8F, 0xAC, 0x2C, 0xFA, 0xFC, 0xDB, 0x10, 0x47, 0x56, 0x9D, 0x8D, 0xB9,
    0x48, 0x23, 0xA5, 0xDD, 0x59, 0x2E, 0xC2, 0x88, 0x6D, 0x7B, 0x9A, 0xAB, 0x2C, 0xCE, 0x0C, 0xFD,
    0x54, 0x44, 0x41, 0x2B, 0x21, 0x17, 0x49, 0xF0, 0x46, 0x85, 0x49, 0x12, 0x04, 0x85, 0xF1, 0xBB,
    0xDC, 0x40, 0x0E, 0xA6, 0x98, 0x79, 0x43, 0xD5, 0xAA, 0x4B, 0xCE, 0x15, 0x9F, 0x4E, 0xBB, 0xD1,
    0x7C, 0xA9, 0x97, 0xE6, 0xDE, 0xCA, 0xF6, 0x9E, 0x0C, 0xA7, 0x7C, 0xE1, 0xEE, 0xD0, 0x5C, 0x2D,
    0xFE, 0xAF, 0x23, 0xB2, 0xB5, 0xB7, 0x2A, 0xAE, 0xB5, 0xEE, 0x57, 0x92, 0x34, 0xB6, 0xA4, 0xBD,
    0x9B, 0x66, 0x2C, 0x4A, 0xD2, 0x6F, 0xDB, 0x43, 0x0E, 0xD1, 0x7C, 0xD2, 0xCF, 0xB7, 0x20, 0x07,
    0x5A, 0xA9, 0xD3, 0x28, 0x72, 0xC8, 0x3F, 0xAC, 0x90, 0x55, 0x22, 0x39, 0xF0, 0x69, 0x8B, 0x51,
    0xE4, 0x40, 0x21, 0x4E, 0xA4, 0x2A, 0x11, 0x97, 0x67, 0xB4, 0x88, 0x55, 0x0E, 0x07, 0x66, 0x54,
    0x39, 0xD0, 0x32, 0x1C, 0x55, 0x0E, 0x38, 0x79, 0x29, 0x72, 0x88, 0x71, 0x08, 0xB3, 0xD4, 0x9D,
    0xA1, 0xF3, 0xE4, 0x92, 0xBA, 0x71, 0x93, 0xF6, 0x84, 0xE9, 0x98, 0x4F, 0x4F, 0xD2, 0x5C, 0x28,
    0xBC, 0x33, 0xC7, 0xB4, 0x16, 0x38, 0x4C, 0x05, 0xC7, 0x82, 0x46, 0xC6, 0xCC, 0x0B, 0xC9, 0x1C,
    0x0B, 0x09, 0x8E, 0xD3, 0xE6, 0x8B, 0x51, 0x27, 0x1C, 0x27, 0xE7, 0x9C, 0x9F, 0x06, 0xC7, 0x92,
    0xB5, 0x16, 0x8E, 0xB3, 0x1E, 0xC7, 0x4D, 0x99, 0xE3, 0x0D, 0xD7, 0x32, 0xC1, 0xB1, 0x6E, 0x88,
    0x4A, 0x39, 0xCC, 0x1D, 0x79, 0xA8, 0xE7, 0xB1, 0x23, 0x43, 0x3B, 0xF9, 0x8A, 0x55, 0x2D, 0x1B,
    0x2F, 0x79, 0xEC, 0x8F, 0x3C, 0x19, 0xDB, 0x6B, 0x31, 0x3F, 0xD9, 0x42, 0xC6, 0x8A, 0x07, 0x2D,
    0x7F, 0x8D, 0x37, 0x4C, 0x42, 0x8E, 0x0C, 0x44, 0x03, 0x9B, 0x66, 0x93, 0x9C, 0x4F, 0x46, 0xD6,
    0x7B, 0xFE, 0x7E, 0x73, 0xA0, 0xCB, 0x3D, 0xB1, 0xE5, 0x1D, 0x5D, 0xED, 0x01, 0xD7, 0xF9, 0xC1,
    0x26, 0x17, 0x3F, 0x7B, 0x61, 0x93, 0x42, 0x0A, 0x62, 0x05, 0x6C, 0xE6, 0x65, 0x0E, 0xB8, 0x1D,
    0xB1, 0x49, 0xE6, 0x8D, 0xEC, 0x2B, 0xD8, 0x24, 0x92, 0xF6, 0x84, 0x60, 0x33, 0x6E, 0x33, 0xFB,
    0x71, 0x27, 0x6C, 0x76, 0x89, 0xD5, 0x0B, 0x8D, 0x82, 0x31, 0xF8, 0x8E, 0xCB, 0xE8, 0x4E, 0xCB,
    0xAD, 0x04, 0xB4, 0xF7, 0x75, 0x2C, 0xD3, 0x9E, 0x2E, 0xF5, 0xB5, 0xAD, 0xAD, 0x0F, 0xE2, 0x1C,
    0x28, 0x1D, 0x5A, 0xDF, 0x5E, 0x1F, 0x73, 0xE8, 0x04, 0xAA, 0x21, 0x93, 0x0F, 0x64, 0xBE, 0xE4,
    0xC4, 0x14, 0xB3, 0x05, 0x30, 0x25, 0xB8, 0x8A, 0x18, 0x45, 0x00, 0xA6, 0x68, 0x27, 0x6F, 0x4B,
    0x31, 0x5F, 0xDD, 0x8B, 0x56, 0x8C, 0x57, 0xC4, 0xA7, 0x48, 0xC0, 0x11, 0xE6, 0x12, 0x0C, 0x45,
    0x38, 0x47, 0x23, 0xFC, 0xB8, 0x82, 0x23, 0x53, 0x95, 0xA3, 0x0A, 0x5F, 0x6D, 0x3C, 0x73, 0x94,
    0x3B, 0xAB, 0x15, 0xCC, 0x3E, 0x30, 0x5D, 0x6A, 0x09, 0x9C, 0xF9, 0xDA, 0x5C, 0x67, 0x95, 0x17,
    0x4E, 0x1C, 0x2B, 0xA3, 0xF1, 0xBC, 0x90, 0x20, 0x4A, 0xC7, 0x0C, 0x67, 0x57, 0x85, 0x9B, 0x1F,
    0xD4, 0x76, 0x52, 0x76, 0x5A, 0x73, 0xEA, 0xCC, 0x71, 0x4B, 0x53, 0x56, 0x2A, 0x43, 0xC1, 0x98,
    0x55, 0xCA, 0x11, 0x03, 0x2A, 0x45, 0x15, 0xF9, 0x04, 0x44, 0x29, 0x8B, 0x8F, 0x84, 0xE0, 0x8A,
    0xD5, 0x2F, 0xBE, 0xE1, 0x62, 0x20, 0x98, 0x1E, 0x25, 0x7E, 0x8D, 0x2C, 0xF4, 0x72, 0x0F, 0xCA,
    0x72, 0x25, 0x8A, 0x9F, 0x97, 0xE0, 0xD0, 0x2E, 0x87, 0x72, 0xF3, 0x95, 0x41, 0xAE, 0x97, 0xAA,
    0x6B, 0xB4, 0xBC, 0xC3, 0xFC, 0xEA, 0xCA, 0x0F, 0xAD, 0x72, 0x57, 0x48, 0x5F, 0xA9, 0x57, 0xB2,
    0x13, 0x97, 0x19, 0xC4, 0x2D, 0x45, 0xF3, 0x6C, 0xBC, 0x5F, 0x4A, 0x71, 0x08, 0x54, 0x6C, 0x10,
    0x39, 0xBB, 0x74, 0xA5, 0xAC, 0xF0, 0x59, 0x10, 0x45, 0x56, 0x1D, 0x99, 0xE7, 0xBF, 0xA4, 0xC2,
    0x60, 0x88, 0x33, 0x07, 0xDE, 0xAA, 0xB2, 0x37, 0xC9, 0x7B, 0x9C, 0xC9, 0xDA, 0x8C, 0x5B, 0xE6,
    0x47, 0xED, 0x11, 0x7B, 0xE6, 0xEF, 0x37, 0x6A, 0x91, 0x82, 0x31, 0x1C, 0x92, 0x66, 0x5C, 0x72,
    0x9C, 0xA9, 0xFF, 0x86, 0x7C, 0x4C, 0x56, 0x79, 0x84, 0x52, 0x6F, 0x36, 0xE5, 0x0A, 0x16, 0x33,
    0x2F, 0xF6, 0xA6, 0x26, 0x99, 0xF8, 0xF4, 0x38, 0x05, 0x0D, 0x17, 0x4F, 0x21, 0x1F, 0x3C, 0xF2,
    0x9B, 0xF5, 0xD7, 0xEB, 0x17, 0x68, 0x2F, 0xA8, 0x6A, 0x33, 0xAE, 0x69, 0xEF, 0xC9, 0xAB, 0x9B,
    0x6F, 0x2C, 0x9E, 0xFC, 0xC8, 0x49, 0x2C, 0xB0, 0x28, 0x41, 0xAB, 0x27, 0xAF, 0x8E, 0xD4, 0x7B,
    0x91, 0x0A, 0x10, 0x2D, 0xEE, 0x2B, 0x27, 0x4F, 0x7E, 0x24, 0xD2, 0x62, 0xEC, 0x37, 0x68, 0x12,
    0x56, 0x36, 0x19, 0xA6, 0xC5, 0x93, 0xEF, 0x40, 0x8B, 0x27, 0xEF, 0x69, 0xA5, 0x1E, 0x89, 0xA4,
    0x52, 0xF2, 0xFC, 0xC3, 0x91, 0xB7, 0x48, 0xE9, 0x7C, 0xE4, 0x41, 0xC0, 0xE9, 0xC9, 0x1D, 0x6F,
    0xC1, 0x5E, 0xFD, 0x86, 0xDF, 0x8A, 0xA5, 0xEF, 0x7F, 0x6D, 0x5A, 0x79, 0xF2, 0x69, 0xE5, 0xC9,
    0xEF, 0x3C, 0xD2, 0x93, 0x6F, 0x14, 0x79, 0x91, 0xCC, 0x66, 0xFF, 0xD8, 0x7F, 0x57, 0xDB, 0xC6,
    0x1B, 0x36, 0xFA, 0xAC, 0x93, 0x8F, 0x58, 0x27, 0x45, 0x02, 0x1C, 0xE2, 0x73, 0xBA, 0x44, 0x64,
    0x90, 0xF3, 0x71, 0xAE, 0xC2, 0x49, 0xA1, 0xE0, 0x50, 0xB3, 0x50, 0x39, 0x90, 0x73, 0xA2, 0xF7,
    0x9F, 0x39, 0x47, 0x4E, 0x06, 0xB0, 0x4F, 0xD4, 0x87, 0x7D, 0x11, 0xD5, 0xA8, 0x44, 0xDD, 0x58,
    0x56, 0x6E, 0xFA, 0x60, 0xDC, 0xDB, 0x88, 0x3C, 0xB2, 0x32, 0x1F, 0xE8, 0x53, 0xD4, 0xA9, 0xE7,
    0x66, 0x8F, 0xEC, 0xBF, 0xF3, 0xEB, 0x39, 0x2A, 0x4B, 0x8D, 0x9A, 0x05, 0x2E, 0x30, 0x05, 0x0F,
    0xDD, 0x6A, 0x01, 0xC4, 0xF1, 0x9F, 0x1C, 0x94, 0x8A, 0x23, 0xFE, 0xA0, 0x7F, 0xF1, 0xD8, 0x2B,
    0x90, 0xFD, 0xB3, 0x65, 0x9D, 0x58, 0xC5, 0xD3, 0xC8, 0xD7, 0x8D, 0x0B, 0xDF, 0x01, 0x1D, 0xBD,
    0xFE, 0x2E, 0xEC, 0xAF, 0x7A, 0xBC, 0xEB, 0xA8, 0x25, 0x5F, 0x5F, 0xD8, 0xB9, 0xF4, 0xB0, 0x16,
    0x35, 0x52, 0x41, 0x6D, 0x97, 0xB7, 0xDE, 0xB9, 0xB6, 0xBC, 0xFB, 0x78, 0x06, 0xB8, 0xF3, 0x06,
    0x58, 0xC0, 0x65, 0x6C, 0xB2, 0xBA, 0xC4, 0x19, 0x60, 0x72, 0x0F, 0x6A, 0xB0, 0xBA, 0xF8, 0x09,
    0x0C, 0xB0, 0xA7, 0xB4, 0x66, 0xC9, 0x00, 0x30, 0x67, 0x80, 0xC3, 0x4F, 0x33, 0xC0, 0x57, 0xBE,
    0x92, 0x95, 0xC6, 0x35, 0xD7, 0xC5, 0x51, 0x77, 0xAE, 0x8D, 0x2A, 0x56, 0x25, 0xB0, 0xA3, 0x6B,
    0xC3, 0xAF, 0x15, 0x76, 0x3C, 0xDD, 0x5D, 0x08, 0x42, 0xD6, 0xA4, 0x2E, 0x62, 0x7B, 0x6F, 0xEB,
    0x34, 0x18, 0x5B, 0x16, 0x51, 0x5F, 0x78, 0x7A, 0xD1, 0xDD, 0xD7, 0x47, 0xE3, 0x14, 0xF7, 0xF5,
    0x9B, 0xC6, 0x6B, 0x6D, 0x5E, 0xBA, 0xB0, 0x8B, 0x63, 0x16, 0x0D, 0xBB, 0x24, 0x7C, 0xE1, 0x20,
    0x24, 0xE2, 0x4D, 0x8E, 0x84, 0x5D, 0x59, 0x17, 0xB7, 0xA2, 0xA6, 0x37, 0x68, 0x3B, 0xD2, 0xFA,
    0x04, 0x9F, 0x23, 0xF3, 0xBB, 0x9C, 0x85, 0x72, 0xCE, 0xD9, 0xE1, 0x6B, 0x68, 0x13, 0xE7, 0x84,
    0x42, 0x7A, 0xE7, 0xAA, 0xC5, 0xE1, 0xCA, 0x39, 0x6F, 0x16, 0xED, 0xDC, 0x3B, 0x2F, 0x2F, 0xEC,
    0x3B, 0x2E, 0xD0, 0xCA, 0x68, 0x8D, 0x4D, 0x92, 0x70, 0x5A, 0x98, 0xC5, 0xBE, 0x0B, 0x2D, 0xE6,
    0x5D, 0xD2, 0xAC, 0xCE, 0xBA, 0xE7, 0xCA, 0x6D, 0x5E, 0x72, 0xE5, 0xD0, 0xD9, 0xF6, 0x82, 0x93,
    0x03, 0x2E, 0x1A, 0x89, 0x69, 0x7F, 0xA7, 0x96, 0x3D, 0xB3, 0x7F, 0xDD, 0x3A, 0xC3, 0x9E, 0x02,
    0x0B, 0x58, 0x62, 0x95, 0x04, 0x6F, 0xF9, 0x10, 0x6B, 0x5C, 0x01, 0x84, 0xCE, 0x56, 0xA9, 0xBE,
    0xA2, 0x5A, 0x00, 0x46, 0xB4, 0x40, 0xBD, 0x32, 0x44, 0x14, 0x95, 0x2C, 0xAE, 0x6D, 0xB5, 0x50,
    0x70, 0xB1, 0xC0, 0x33, 0x58, 0x17, 0x37, 0xFC, 0xBA, 0x48, 0xFD, 0xBA, 0x48, 0x7E, 0x52, 0xEB,
    0xE2, 0x9A, 0x24, 0x7D, 0x59, 0xF7, 0x91, 0x6E, 0xBC, 0x5F, 0x66, 0xC8, 0x77, 0x03, 0xFE, 0xD2,
    0xF3, 0xFA, 0x1D, 0x8D, 0x9C, 0xB3, 0x26, 0xF9, 0xA8, 0xD5, 0xBD, 0x42, 0x89, 0xDD, 0xBB, 0x4C,
    0x24, 0xEF, 0x79, 0x64, 0xAF, 0x50, 0x72, 0x98, 0x27, 0x3E, 0xBA, 0xC1, 0x49, 0x5A, 0xCC, 0x62,
    0xCF, 0xC2, 0x07, 0x9B, 0x31, 0x74, 0x52, 0x94, 0x16, 0xA4, 0x28, 0xED, 0x3E, 0x34, 0xB5, 0xFC,
    0x97, 0x3C, 0x33, 0x7B, 0x39, 0x01, 0x64, 0x25, 0x8D, 0xAD, 0x49, 0xDE, 0x4C, 0xCE, 0xC7, 0xD4,
    0x9C, 0x29, 0xE1, 0x83, 0x0F, 0x3C, 0xA4, 0xE4, 0x3D, 0xE9, 0x87, 0xE9, 0xDB, 0xF6, 0x04, 0xDB,
    0x87, 0x9C, 0xD5, 0x22, 0x69, 0x79, 0xAF, 0x96, 0xBE, 0xD3, 0x70, 0x71, 0x97, 0x04, 0xC3, 0xFF,
    0x16, 0xF3, 0x75, 0x34, 0xBD, 0x9C, 0xFE, 0x18, 0xB9, 0xEE, 0x88, 0xEA, 0xE1, 0xA4, 0xD7, 0xD1,
    0x94, 0xEE, 0xE2, 0x10, 0xDC, 0x88, 0x32, 0x21, 0xAD, 0x17, 0x68, 0xF5, 0x2F, 0xBF, 0xE6, 0x56,
    0x9A, 0xA0, 0x5B, 0x93, 0x78, 0xDE, 0xDF, 0xA9, 0xFB, 0x40, 0xD3, 0x3D, 0xAF, 0xD8, 0x99, 0x48,
    0xD9, 0xDC, 0xDE, 0xAB, 0xBF, 0x72, 0x7E, 0x8C, 0x89, 0xCA, 0xCB, 0xF4, 0xED, 0x5E, 0x26, 0x8A,
    0x02, 0xA3, 0xBF, 0xEC, 0x65, 0xA2, 0xF2, 0x92, 0x49, 0xDD, 0xE2, 0x30, 0x29, 0x9B, 0x3A, 0xC3,
    0xEF, 0x55, 0xEB, 0xB2, 0xF9, 0x4A, 0xAF, 0xD6, 0x65, 0x7F, 0x46, 0x26, 0x88, 0x15, 0xD2, 0xF2,
    0xB1, 0x21, 0xDD, 0xE2, 0x00, 0xC6, 0x81, 0x67, 0xB4, 0x3B, 0x8F, 0xE0, 0x38, 0x1C, 0x3D, 0x19,
    0xD8, 0xAF, 0x78, 0x3B, 0x91, 0xFD, 0xA0, 0x5F, 0x82, 0xCD, 0xC5, 0x9B, 0xD5, 0x0B, 0x99, 0xF5,
    0xD7, 0xB9, 0xBB, 0xA8, 0xBF, 0x6E, 0x53, 0xE7, 0xCB, 0xEE, 0xBC, 0x85, 0xE5, 0x52, 0xCA, 0x96,
    0x37, 0xB0, 0x6A, 0x9F, 0xE5, 0x3C, 0xDA, 0xF3, 0x6A, 0x45, 0x71, 0x5A, 0xA9, 0x23, 0x22, 0xD7,
    0x80, 0x31, 0xE0, 0xC8, 0x91, 0x38, 0x1C, 0x93, 0x49, 0xBC, 0xFD, 0x58, 0xEC, 0x64, 0xCB, 0x7A,
    0xC7, 0xF2, 0x01, 0xAC, 0x16, 0xE7, 0x31, 0x84, 0xB3, 0x7A, 0xA7, 0x9B, 0x97, 0xBA, 0x54, 0xE2,
    0x37, 0x97, 0x4B, 0xD6, 0x96, 0xDB, 0xD6, 0x7A, 0x73, 0x09, 0xB6, 0xB2, 0x10, 0xE3, 0x35, 0xBE,
    0x43, 0x16, 0x58, 0xDE, 0xE9, 0xD9, 0x0B, 0xDA, 0x8C, 0x33, 0x29, 0xA1, 0xCD, 0xFC, 0xE5, 0xF4,
    0x7F, 0x89, 0xAD, 0xA4, 0x4F, 0xD5, 0xDB, 0x15, 0x46, 0xFA, 0x86, 0x63, 0x71, 0xF0, 0x33, 0xF2,
    0x4D, 0x1B, 0xE2, 0x15, 0x0A, 0xB9, 0x36, 0x91, 0xBD, 0x42, 0x31, 0xC3, 0x15, 0x68, 0x50, 0xD7,
    0x2C, 0x31, 0x5D, 0xB3, 0x84, 0x74, 0xCD, 0x12, 0xD1, 0x35, 0x4B, 0x40, 0xD7, 0xB8, 0x68, 0x60,
    0xB9, 0x01, 0x31, 0x9C, 0x17, 0xA8, 0xE5, 0xE6, 0x9B, 0x0B, 0x94, 0xF5, 0x7E, 0xB3, 0xA0, 0xBF,
    0x17, 0x8B, 0x51, 0xAF, 0x1C, 0x68, 0xB3, 0xCE, 0x28, 0x6F, 0x96, 0x44, 0xA4, 0x28, 0xE5, 0xB1,
    0x8B, 0xD7, 0x60, 0xFD, 0xC1, 0x8D, 0x30, 0x22, 0x3C, 0x88, 0xDA, 0x89, 0xC6, 0xD1, 0x43, 0xD7,
    0xD8, 0x4A, 0xB3, 0x90, 0xFF, 0xD3, 0x07, 0x21, 0x8E, 0xDD, 0xF0, 0x3D, 0xBC, 0xB5, 0xFD, 0x21,
    0x7B, 0xBB, 0x70, 0xE6, 0x57, 0xB3, 0x01, 0xEE, 0x9B, 0x77, 0xC4, 0x9B, 0x2A, 0x01, 0xE2, 0x1B,
    0x07, 0xE7, 0x96, 0xA9, 0x59, 0xA7, 0x83, 0x24, 0x1B, 0x54, 0x25, 0x73, 0x29, 0xC9, 0x20, 0xFA,
    0x73, 0x9D, 0xE4, 0x82, 0x3E, 0xB2, 0xB7, 0x47, 0x49, 0x05, 0xF1, 0x75, 0x79, 0x92, 0x09, 0x22,
    0x0E, 0xB3, 0xFB, 0x78, 0xCA, 0xFA, 0x2D, 0x92, 0x34, 0x27, 0xA7, 0xF9, 0xE4, 0xB7, 0x65, 0x58,
    0xF5, 0x44, 0xC3, 0xD7, 0x87, 0x5A, 0x2D, 0xDA, 0xFB, 0x3B, 0xDD, 0x70, 0xD0, 0xCE, 0x3A, 0xE7,
    0xDA, 0xF5, 0x99, 0x00, 0xBB, 0xF0, 0x10, 0x24, 0x6D, 0xFA, 0x3C, 0x94, 0x0B, 0x76, 0x2E, 0x01,
    0x94, 0xF9, 0xFB, 0x3F, 0x9E, 0xF3, 0x94, 0x79, 0x3A, 0xEA, 0x11, 0x30, 0x57, 0xDD, 0x2D, 0x6C,
    0x9D, 0xE4, 0xBD, 0xEF, 0x05, 0xE2, 0x1E, 0x33, 0xC0, 0x5E, 0x5D, 0x66, 0x61, 0xE6, 0xDB, 0xB3,
    0x30, 0x13, 0x63, 0xE2, 0x8C, 0xC0, 0xA8, 0x89, 0x1D, 0xBE, 0xF4, 0xE8, 0x26, 0x54, 0xA9, 0xAE,
    0x38, 0x9E, 0x66, 0x4D, 0x4A, 0x77, 0x48, 0xF3, 0x33, 0xF4, 0xAE, 0x1D, 0x65, 0x33, 0x19, 0xDA,
    0x6A, 0xCC, 0x11, 0xE5, 0x67, 0xF4, 0xBB, 0x02, 0xC0, 0x80, 0x87, 0x40, 0xD4, 0x9B, 0xFA, 0x2D,
    0x53, 0x62, 0xFD, 0x45, 0x48, 0x87, 0xE3, 0xE8, 0xCD, 0xC5, 0x35, 0x17, 0x21, 0xC5, 0x97, 0xAF,
    0x3F, 0xBA, 0xC0, 0xEF, 0x27, 0x6A, 0xD7, 0xE8, 0xB5, 0x6B, 0x12, 0xED, 0xFA, 0x90, 0xB5, 0x2B,
    0x83, 0x76, 0xF1, 0xBF, 0x04, 0x2D, 0x4A, 0xDD, 0x2F, 0xE1, 0xC4, 0x55, 0x8A, 0x23, 0x58, 0x71,
    0x8F, 0x83, 0xE7, 0x72, 0x06, 0x6B, 0xF3, 0x63, 0x39, 0x5A, 0x07, 0x5D, 0xDA, 0x74, 0xCB, 0x21,
    0x2B, 0x7F, 0x0C, 0x57, 0x4F, 0xE1, 0xB6, 0x9F, 0xCD, 0x63, 0x8C, 0xEA, 0x31, 0xAC, 0xF7, 0x18,
    0x41, 0xF2, 0xF7, 0x3F, 0x20, 0xE7, 0x97, 0xBE, 0xF3, 0x4E, 0x9B, 0xF0, 0x81, 0xA7, 0xB8, 0x4D,
    0xD9, 0x63, 0x44, 0x7C, 0x8D, 0x1B, 0x3F, 0xE3, 0x3C, 0x72, 0x2E, 0xC5, 0x0E, 0xA7, 0xAC, 0xE5,
    0x79, 0xF5, 0xBA, 0x78, 0x8C, 0x53, 0x39, 0xC2, 0x3C, 0xC2, 0x63, 0xC4, 0xBD, 0x78, 0x8C, 0xF6,
    0x92, 0xC7, 0xD8, 0x5C, 0x34, 0x94, 0x92, 0xEA, 0xDB, 0x6A, 0x9E, 0xCF, 0x68, 0x92, 0xCF, 0x2F,
    0x43, 0x27, 0x2A, 0xB7, 0x14, 0x47, 0x3F, 0xFD, 0xB2, 0x1C, 0x61, 0x1F, 0xEB, 0x5E, 0xF3, 0x79,
    0x2E, 0x99, 0x77, 0x2A, 0xD3, 0x19, 0xEA, 0xFD, 0x56, 0x29, 0x10, 0x2D, 0xF4, 0x70, 0x1F, 0xCA,
    0x94, 0x02, 0x91, 0x8A, 0x3D, 0x9D, 0x9C, 0xAC, 0x4D, 0x5B, 0x49, 0x71, 0xB0, 0x4B, 0xC4, 0x14,
    0x56, 0xBC, 0x82, 0x2F, 0x2A, 0x6D, 0x97, 0x33, 0x7C, 0x68, 0x5B, 0x1F, 0x27, 0x38, 0xCB, 0x7A,
    0x93, 0xE1, 0x4B, 0xE2, 0x32, 0x53, 0xF6, 0xA0, 0x03, 0x8E, 0x22, 0xE0, 0xBC, 0x06, 0xA9, 0x83,
    0x9C, 0xDB, 0xD0, 0x71, 0x6F, 0x92, 0x7F, 0x2F, 0xEC, 0x0E, 0xEF, 0xC7, 0xD9, 0x3E, 0x86, 0x55,
    0x87, 0xD3, 0xC0, 0x86, 0xA6, 0x63, 0x88, 0xDA, 0x1D, 0x9C, 0x38, 0xE0, 0x93, 0x88, 0xE4, 0x16,
    0x12, 0x9C, 0x48, 0x9C, 0xF9, 0x13, 0x8F, 0x74, 0xB2, 0x4E, 0xB1, 0x1F, 0xE0, 0xCD, 0x9E, 0x09,
    0x4B, 0x33, 0xA8, 0x1F, 0x1A, 0x5C, 0x6D, 0xC2, 0x65, 0xAB, 0x5D, 0x65, 0x42, 0xC2, 0xBF, 0xE9,
    0x85, 0x93, 0x73, 0xAE, 0x81, 0x45, 0x40, 0x75, 0xD0, 0xA7, 0xD0, 0x2E, 0x80, 0x36, 0x92, 0x7C,
    0xC8, 0x6E, 0xE6, 0x57, 0xB2, 0x34, 0xE4, 0x9B, 0xC6, 0x14, 0xA9, 0xFC, 0x90, 0x5F, 0x6B, 0x3E,
    0x07, 0xCB, 0xD0, 0x60, 0x87, 0xDE, 0x88, 0x51, 0x00, 0x4D, 0xE4, 0x15, 0x87, 0xF5, 0x39, 0x2E,
    0x27, 0x6D, 0x9A, 0xB7, 0x7C, 0x32, 0x4C, 0x90, 0x1F, 0xB9, 0x1E, 0x16, 0xD0, 0x33, 0x60, 0x92,
    0xBD, 0xF9, 0x77, 0xF2, 0x24, 0x32, 0xCF, 0xFD, 0x0B, 0xF5, 0xBD, 0xDB, 0x34, 0xC7, 0xB2, 0x04,
    0xE8, 0x23, 0x8E, 0x70, 0x49, 0xF5, 0x01, 0x03, 0x51, 0x80, 0x0D, 0xB6, 0x90, 0x00, 0x43, 0x1D,
    0x39, 0xDA, 0x1C, 0x99, 0x75, 0x3E, 0x81, 0x05, 0x5B, 0x6A, 0x5E, 0xAC, 0x20, 0xB7, 0xFE, 0x8F,
    0x47, 0xA0, 0x3D, 0xF8, 0x3D, 0x05, 0xBD, 0x92, 0x52, 0xBE, 0xCD, 0x15, 0x7C, 0xCE, 0x91, 0x44,
    0xC3, 0x1E, 0xCD, 0x75, 0x20, 0x00, 0x3B, 0xA9, 0x4C, 0x7E, 0xE1, 0xC2, 0xAA, 0x5C, 0xE0, 0xCE,
    0x8A, 0x77, 0x26, 0xE6, 0xB3, 0xA1, 0xD0, 0x1C, 0xC6, 0x50, 0x5B, 0x4D, 0x61, 0xDC, 0x9B, 0xE7,
    0x7A, 0xD6, 0x0C, 0x46, 0xDE, 0x31, 0x92, 0x08, 0xCF, 0x9C, 0xEE, 0xF8, 0x78, 0x18, 0x54, 0x92,
    0xF6, 0x4F, 0x67, 0xAA, 0x95, 0x19, 0xB3, 0xA0, 0x75, 0x88, 0x81, 0x49, 0xD6, 0xCD, 0x6C, 0xE2,
    0x9A, 0x98, 0xF8, 0xB9, 0xBE, 0xE8, 0x0E, 0xC4, 0xCF, 0xFD, 0x7C, 0x19, 0xDE, 0x3A, 0xD0, 0x40,
    0x52, 0x36, 0xB3, 0xE5, 0xD5, 0xC4, 0xCB, 0xE7, 0x45, 0xAE, 0x37, 0x42, 0xED, 0x8A, 0x04, 0xC7,
    0x27, 0xF7, 0x96, 0xA4, 0xF3, 0xEC, 0x93, 0xCE, 0x7B, 0x02, 0xC3, 0x01, 0xC7, 0xD9, 0xE4, 0x92,
    0xCE, 0x24, 0xE1, 0xAF, 0x69, 0xD2, 0x99, 0x56, 0xD7, 0x8F, 0x35, 0xE9, 0x4C, 0x11, 0x8C, 0xD5,
    0xA4, 0x33, 0x85, 0x03, 0x1B, 0x4D, 0x3A, 0xD3, 0xDA, 0x4A, 0x35, 0xE9, 0x9C, 0xEE, 0x7C, 0xD2,
    0x39, 0x9D, 0x4B, 0xB7, 0xDF, 0x89, 0x6D, 0xEF, 0xB7, 0x3E, 0xF9, 0xBC, 0x1C, 0x93, 0xA8, 0xDF,
    0x59, 0xCE, 0x58, 0x2C, 0xA7, 0x4B, 0x03, 0xFB, 0x19, 0x4E, 0x97, 0x6E, 0xAE, 0x72, 0x09, 0x26,
    0x81, 0xFF, 0x38, 0x56, 0x3F, 0x1A, 0x0A, 0x8B, 0x64, 0x7C, 0x43, 0xE1, 0x70, 0xAC, 0x4D, 0x28,
    0x0C, 0x9E, 0xA6, 0x5F, 0xFD, 0x21, 0xF3, 0xC7, 0x9E, 0xE6, 0x3D, 0xF0, 0x54, 0xFF, 0xCF, 0x21,
    0xB2, 0x8E, 0xBB, 0xC8, 0xC6, 0xCA, 0x5C, 0x34, 0x86, 0xC2, 0xDB, 0xF3, 0x11, 0x2C, 0x33, 0xB1,
    0xD6, 0xC7, 0x0A, 0xD6, 0xE2, 0xC0, 0x55, 0xA9, 0xC2, 0x5F, 0xB6, 0x9F, 0xCD, 0xCE, 0xF7, 0x87,
    0x77, 0x57, 0x51, 0xC0, 0xA7, 0x52, 0x8F, 0xF6, 0x9E, 0xB3, 0xC4, 0x96, 0x8C, 0xB2, 0xF5, 0xDE,
    0xB3, 0xF8, 0x40, 0xBD, 0x27, 0x9F, 0x7F, 0x95, 0x29, 0x8B, 0xF1, 0xF4, 0x28, 0x13, 0xB0, 0x99,
    0xD3, 0x1D, 0xAB, 0x33, 0xA0, 0xB4, 0xB2, 0x6F, 0xBA, 0xAA, 0x08, 0x27, 0xA1, 0x5A, 0x9F, 0x65,
    0x28, 0x2F, 0x84, 0x89, 0x5F, 0x34, 0xFB, 0x83, 0xDB, 0xA5, 0x5B, 0xBF, 0x5F, 0x77, 0xFB, 0xEE,
    0x60, 0x89, 0x96, 0xE3, 0x05, 0xCE, 0x9D, 0x2F, 0x5D, 0x04, 0x56, 0x75, 0xE0, 0xE6, 0xEA, 0xCC,
    0x85, 0xCD, 0xB5, 0x10, 0xD6, 0xFF, 0x2F, 0x76, 0xEC, 0x9F, 0xF2, 0x15, 0xAC, 0x52, 0x90, 0xC9,
    0xAA, 0x70, 0x96, 0x3E, 0x82, 0x5E, 0xC1, 0x06, 0x7E, 0x76, 0xB2, 0x00, 0xD7, 0x7C, 0xFD, 0xFE,
    0xD5, 0xE0, 0x2B, 0x9C, 0xAE, 0x09, 0xC8, 0x7E, 0xFF, 0x13, 0xEB, 0x6D, 0x27, 0xAB, 0x7A, 0xDB,
    0xB4, 0x32, 0x7D, 0xCD, 0x62, 0xFA, 0x7A, 0x6F, 0xFA, 0xC2, 0x31, 0xF2, 0xA6, 0x6F, 0x8A, 0xBC,
    0xE9, 0x1B, 0x5D, 0xBD, 0x2D, 0xC4, 0xAF, 0x39, 0xD3, 0x17, 0x3D, 0xB5, 0xE9, 0xF3, 0xF5, 0xB6,
    0x5F, 0x5F, 0x4C, 0x9F, 0x5D, 0x4C, 0x9F, 0x5D, 0xE6, 0xDD, 0xFA, 0x2B, 0x5B, 0xE4, 0x0E, 0x9F,
    0xB5, 0xE3, 0xE5, 0xAB, 0x3C, 0xE6, 0x5B, 0x11, 0xAE, 0xFF, 0xE4, 0x9D, 0xCB, 0x88, 0xEB, 0x3B,
    0x70, 0xFA, 0x41, 0x5E, 0x39, 0x44, 0x92, 0x73, 0xE5, 0xF8, 0xD7, 0x08, 0x2E, 0x54, 0x0E, 0x80,
    0x45, 0x14, 0x8C, 0x8F, 0x38, 0x5E, 0x31, 0x2E, 0x58, 0x63, 0x84, 0x52, 0xA1, 0x04, 0x52, 0x12,
    0x46, 0x49, 0x10, 0x25, 0x17, 0x83, 0xD6, 0x02, 0x4B, 0xC6, 0x27, 0x73, 0x24, 0x1D, 0x23, 0xB2,
    0x8E, 0x06, 0xA9, 0xE6, 0xE3, 0x08, 0x83, 0xC6, 0xD5, 0xF5, 0xEA, 0xB7, 0x3C, 0x84, 0xEA, 0x72,
    0xD0, 0x85, 0xA7, 0xA7, 0xA0, 0x4B, 0x9E, 0xFF, 0xA6, 0x72, 0xE0, 0x78, 0x18, 0x84, 0x0B, 0x09,
    0x69, 0x4B, 0x8C, 0xCC, 0x09, 0x8F, 0xB5, 0xDC, 0xB2, 0x2B, 0xDC, 0x38, 0x7E, 0x1C, 0x47, 0xA7,
    0xCA, 0xD3, 0x1D, 0xE5, 0xEA, 0x48, 0xF9, 0x3A, 0x52, 0xCE, 0x8E, 0x94, 0x37, 0xB9, 0x3C, 0x66,
    0x14, 0x75, 0x8A, 0x46, 0x09, 0xBA, 0x82, 0xF1, 0x51, 0x41, 0x97, 0x6E, 0x9A, 0x69, 0xC3, 0x5C,
    0xDF, 0xDB, 0x9E, 0xDC, 0x03, 0x9A, 0x96, 0x17, 0xC0, 0xBE, 0x5E, 0x24, 0xB0, 0xD9, 0xC9, 0xD5,
    0x90, 0x9D, 0x0C, 0xB2, 0xAD, 0xAD, 0xF1, 0x1D, 0xDF, 0x2A, 0xD2, 0xC0, 0xAF, 0xC9, 0x65, 0x72,
    0x32, 0x3C, 0x50, 0xE0, 0x9D, 0xFC, 0xDE, 0x86, 0x33, 0xA9, 0xF1, 0x2E, 0xE0, 0x9B, 0x25, 0x71,
    0x9D, 0x48, 0x23, 0x58, 0xDC, 0x46, 0xC0, 0xB8, 0xD8, 0x4F, 0x7F, 0x17, 0x77, 0x1E, 0x58, 0xCB,
    0x77, 0x23, 0xE8, 0x45, 0x7A, 0x37, 0x1E, 0x38, 0x9B, 0xAB, 0x16, 0x69, 0x75, 0xF9, 0x40, 0x79,
    0xF9, 0xFC, 0xB0, 0x3B, 0x70, 0xEB, 0xB1, 0x7B, 0xFE, 0x22, 0x0B, 0xB7, 0x99, 0x8E, 0xE7, 0xCB,
    0x59, 0x91, 0xD4, 0x2D, 0xD9, 0x60, 0x99, 0xC0, 0x71, 0x21, 0x5E, 0xD8, 0x9E, 0x9C, 0x2B, 0x12,
    0x2B, 0x1C, 0x5C, 0x54, 0x32, 0x57, 0x4C, 0x84, 0x25, 0x23, 0xE7, 0x51, 0xFE, 0x4D, 0xED, 0x8C,
    0x6B, 0x9F, 0x89, 0xD5, 0x82, 0xF1, 0x45, 0x64, 0x77, 0x9A, 0xB4, 0x51, 0x22, 0x61, 0x82, 0x67,
    0x01, 0x04, 0x57, 0x6E, 0x85, 0x28, 0x1C, 0x91, 0xF1, 0xED, 0x91, 0x80, 0x98, 0x0F, 0x24, 0xA6,
    0x03, 0x4D, 0x0A, 0xE3, 0xC0, 0x1A, 0x5F, 0xDC, 0x94, 0x9F, 0x49, 0xF2, 0xA0, 0xF4, 0x07, 0x08,
    0x96, 0xD3, 0x03, 0x9E, 0xB8, 0x79, 0x11, 0xBB, 0xE3, 0x12, 0x5A, 0xEE, 0xB6, 0x44, 0xE5, 0x3F,
    0x9A, 0x2F, 0xF8, 0xB6, 0x40, 0xED, 0x55, 0x3C, 0x5D, 0xCA, 0xDE, 0x95, 0x2B, 0x6D, 0x2E, 0xDD,
    0xA8, 0x87, 0x10, 0x74, 0xAB, 0xA1, 0xFE, 0xA0, 0x52, 0xBC, 0xE0, 0x20, 0x30, 0xBD, 0x0F, 0x05,
    0xA3, 0xFD, 0x72, 0x8B, 0x3E, 0x03, 0x2D, 0x45, 0xB7, 0x1D, 0x80, 0xE4, 0x7C, 0x3D, 0x0B, 0x03,
    0xC9, 0x19, 0x0C, 0xC5, 0x40, 0x72, 0x1E, 0x19, 0x48, 0xDE, 0xB2, 0x6A, 0xEF, 0x4F, 0x51, 0x0B,
    0x1B, 0x51, 0x7F, 0xAD, 0x85, 0x53, 0x49, 0xFF, 0xBE, 0xC5, 0x83, 0x46, 0x0F, 0xDB, 0x8B, 0x20,
    0x26, 0x07, 0xC5, 0x74, 0x45, 0xEE, 0xE5, 0xEC, 0xEF, 0xF3, 0x0B, 0xD7, 0xC2, 0x33, 0x38, 0x16,
    0x7E, 0xC1, 0xAD, 0xF0, 0x2A, 0x9C, 0x46, 0xED, 0x5B, 0xE0, 0xF2, 0x94, 0x82, 0xE9, 0x5F, 0x31,
    0xF5, 0x70, 0x40, 0x3A, 0xCB, 0x77, 0x2F, 0xDB, 0xDD, 0xD9, 0x1B, 0x37, 0xC3, 0x87, 0xDD, 0x29,
    0x45, 0x3E, 0x1F, 0xD1, 0x6B, 0x66, 0xBF, 0xDA, 0x71, 0xA6, 0x2B, 0xEA, 0x4E, 0xC1, 0x34, 0x50,
    0x56, 0xCD, 0x29, 0x5F, 0x2F, 0xC3, 0xC7, 0x92, 0x2C, 0x36, 0x36, 0x16, 0xF9, 0x31, 0x7A, 0xC2,
    0x53, 0xE0, 0xC7, 0x4E, 0xB1, 0x54, 0x70, 0xFC, 0xA8, 0xC7, 0x0A, 0x9C, 0x4E, 0x97, 0x9D, 0x77,
    0xAA, 0x6B, 0xF1, 0x2A, 0xAC, 0xA2, 0x5C, 0x14, 0x19, 0x5A, 0x2C, 0x2A, 0x2C, 0xFA, 0x0B, 0x56,
    0x44, 0x73, 0x45, 0x6D, 0xD3, 0x0A, 0x1C, 0xE1, 0xE2, 0x67, 0x86, 0x9E, 0x18, 0xA0, 0x4E, 0x04,
    0x70, 0x22, 0x58, 0x13, 0x81, 0x99, 0x08, 0xC2, 0x44, 0xC0, 0x25, 0x82, 0x2B, 0x11, 0x48, 0x89,
    0xA0, 0x49, 0x74, 0xC3, 0x29, 0x18, 0x12, 0x81, 0x8F, 0x08, 0x72, 0xC4, 0x83, 0x46, 0x3E, 0xCB,
    0xEB, 0xC5, 0xC5, 0xA8, 0x4B, 0x51, 0x16, 0xA2, 0x2E, 0x43, 0x5D, 0x84, 0xA2, 0x82, 0xBA, 0x00,
    0x75, 0xF9, 0xE9, 0xE2, 0xF3, 0x4B, 0xAF, 0x77, 0xC3, 0x0B, 0xB0, 0xFB, 0xF0, 0x3D, 0x1A, 0xB0,
    0xAC, 0x87, 0x90, 0xAD, 0x7E, 0x38, 0x9F, 0xA0, 0xA0, 0xBC, 0xB1, 0x18, 0xD4, 0x2D, 0x64, 0x02,
    0x83, 0xA9, 0xB1, 0xE7, 0x72, 0x87, 0xB4, 0xEC, 0x5D, 0xF9, 0xA1, 0x6C, 0xA8, 0x73, 0x4D, 0x92,
    0x64, 0x62, 0xC9, 0x5D, 0x7A, 0x44, 0x73, 0x23, 0xF1, 0x78, 0xD1, 0x09, 0x3F, 0xE6, 0xC4, 0x38,
    0x76, 0x0C, 0xA0, 0x23, 0x06, 0xA8, 0x11, 0x07, 0x18, 0x01, 0x56, 0x44, 0x60, 0x22, 0x40, 0x88,
    0x08, 0x38, 0x44, 0x70, 0x21, 0x02, 0x09, 0x11, 0x34, 0x88, 0x00, 0x41, 0x04, 0x03, 0x22, 0xF0,
    0x0F, 0x45, 0x7E, 0x08, 0xE8, 0x43, 0xF0, 0x1E, 0x02, 0xF5, 0x50, 0x94, 0x87, 0xD4, 0x90, 0x12,
    0x5D, 0x26, 0x4F, 0xFA, 0xC8, 0x9B, 0x65, 0xB9, 0x97, 0x3C, 0x01, 0x5B, 0x37, 0xC7, 0x32, 0x8F,
    0x12, 0xEF, 0xC9, 0x9F, 0x1A, 0x91, 0x4B, 0x1F, 0x6F, 0xA0, 0x44, 0xA6, 0x13, 0x13, 0xC2, 0x4B,
    0x85, 0xAB, 0x9F, 0x44, 0xAD, 0xC0, 0x21, 0xF9, 0x95, 0x2B, 0xD0, 0x23, 0x3E, 0x69, 0x73, 0x7B,
    0xC4, 0xDE, 0xA2, 0x5D, 0x9F, 0x89, 0x0A, 0x2E, 0x9C, 0x0A, 0x15, 0xDF, 0xA4, 0x97, 0x75, 0xCB,
    0xA2, 0x57, 0x65, 0xCA, 0x44, 0x99, 0x36, 0xBB, 0xF5, 0x26, 0xF1, 0xB9, 0xC5, 0x5C, 0x79, 0x27,
    0x36, 0x0B, 0x84, 0xD0, 0xFA, 0x3A, 0xF0, 0xB1, 0x0C, 0x6C, 0x00, 0x86, 0x43, 0x64, 0x74, 0x28,
    0xFC, 0x61, 0x33, 0x45, 0x3B, 0x90, 0x14, 0x79, 0x9F, 0x0D, 0x9B, 0xB5, 0x91, 0xA2, 0x23, 0x4E,
    0x55, 0xCB, 0x15, 0x12, 0x85, 0xDD, 0x71, 0x54, 0x7C, 0xE3, 0x47, 0x0E, 0xB6, 0xCB, 0x65, 0x3B,
    0xDA, 0x4D, 0x4C, 0x4B, 0xC9, 0x37, 0xD5, 0xA8, 0xEF, 0xBF, 0x6A, 0xCB, 0x0D, 0x37, 0x0B, 0xEE,
    0xE8, 0x97, 0xDA, 0xD6, 0x9F, 0xBB, 0x80, 0x7B, 0x5D, 0x80, 0x09, 0xEE, 0x08, 0x8C, 0xDB, 0x6E,
    0xA8, 0x49, 0x76, 0x17, 0x95, 0x6F, 0xDA, 0x8B, 0xC7, 0x4C, 0x87, 0xC5, 0xDE, 0x6D, 0x2E, 0x01,
    0xE9, 0x19, 0x36, 0x6C, 0xFF, 0x70, 0xCB, 0xE7, 0x65, 0xAD, 0x5C, 0xBE, 0x15, 0x8D, 0x29, 0x2A,
    0x14, 0x09, 0x5F, 0x45, 0x23, 0xD7, 0x04, 0xD5, 0x8C, 0xA2, 0xCC, 0xCA, 0xE7, 0xF6, 0xEA, 0x86,
    0xB1, 0xA8, 0x79, 0xC3, 0xB1, 0x70, 0x56, 0xD9, 0x16, 0x51, 0xA4, 0x45, 0x5F, 0x2E, 0xDA, 0x74,
    0xFD, 0x98, 0xC7, 0x8D, 0x39, 0x03, 0x2A, 0x92, 0xA6, 0x0E, 0x18, 0x49, 0xD6, 0x37, 0x06, 0x07,
    0xD3, 0x23, 0x67, 0xB8, 0x62, 0x87, 0xD3, 0xBE, 0x38, 0x18, 0x6B, 0xE5, 0x96, 0xA6, 0xA0, 0x3E,
    0x76, 0x97, 0xEA, 0x7B, 0xBF, 0x9A, 0x5E, 0x82, 0x4A, 0x3F, 0xB7, 0xE6, 0x5E, 0x99, 0x57, 0xDE,
    0xD5, 0x99, 0x8C, 0x2B, 0xC6, 0x1D, 0xDF, 0x83, 0x28, 0xC6, 0xF3, 0x72, 0x56, 0xB8, 0x95, 0x83,
    0xC2, 0x72, 0x4A, 0xF8, 0x76, 0x8B, 0x23, 0xC2, 0xCC, 0x15, 0x7E, 0x4D, 0x8E, 0x09, 0x63, 0xA8,
    0x31, 0x24, 0xE4, 0x8E, 0x68, 0xA8, 0xFB, 0x88, 0x06, 0x0A, 0x55, 0x78, 0x48, 0xB8, 0x5C, 0x96,
    0x95, 0x7C, 0xFD, 0xCE, 0x80, 0xB3, 0xC1, 0x11, 0x1F, 0xF3, 0xA5, 0x68, 0xD8, 0x7E, 0x8B, 0x7E,
    0xCF, 0xBE, 0xFC, 0xE1, 0x7D, 0x3E, 0xF1, 0xF7, 0xD7, 0x3F, 0x04, 0xE4, 0xE9, 0xE3, 0x16, 0x4F,
    0x61, 0x5B, 0xEC, 0x02, 0x8A, 0x16, 0x50, 0x1F, 0x75, 0x41, 0x97, 0x3C, 0xD0, 0xB3, 0xF1, 0xBC,
    0xD8, 0x3F, 0xBC, 0x56, 0x22, 0x0E, 0x88, 0x90, 0xD6, 0x9C, 0xEB, 0xF7, 0xD8, 0xC5, 0x16, 0x14,
    0x69, 0xB0, 0x0D, 0xAB, 0x59, 0x4A, 0x38, 0x8B, 0x19, 0x23, 0xAD, 0x31, 0x10, 0xFB, 0x14, 0x9E,
    0xF0, 0x25, 0x59, 0xBB, 0xBC, 0xFB, 0x35, 0x5A, 0x89, 0x3C, 0x1E, 0x05, 0x76, 0x17, 0x77, 0xFF,
    0x76, 0x3C, 0xA2, 0x60, 0x96, 0xDE, 0x77, 0x7A, 0x6A, 0xF6, 0x5B, 0x32, 0x6F, 0xA7, 0x77, 0x10,
    0xC2, 0x9B, 0x91, 0x03, 0xC5, 0xF8, 0xBE, 0xDC, 0x91, 0x14, 0xFF, 0x8D, 0xC5, 0xB5, 0xC2, 0xF1,
    0xEE, 0xCF, 0x4B, 0x52, 0x83, 0xF9, 0xEB, 0x3B, 0xC1, 0x52, 0x60, 0xD1, 0xBF, 0xA8, 0xE3, 0x0A,
    0xC7, 0x2E, 0xD9, 0x34, 0x66, 0x1B, 0xF7, 0xB0, 0xE0, 0xAC, 0x55, 0xDA, 0xF3, 0x22, 0xAF, 0xE9,
    0x19, 0xED, 0x9F, 0xCE, 0xF8, 0x6D, 0xDE, 0x87, 0xC8, 0xF2, 0x90, 0x8D, 0x75, 0x24, 0x08, 0xD4,
    0x57, 0xAB, 0x47, 0xDB, 0x9A, 0x0B, 0xAF, 0x08, 0x74, 0x46, 0x54, 0x45, 0xC6, 0xE0, 0x53, 0x6C,
    0x0D, 0x5E, 0x65, 0x21, 0xE7, 0xB0, 0x38, 0xF5, 0xA3, 0x6C, 0x8D, 0xEE, 0xD9, 0x9F, 0xC3, 0x96,
    0xF4, 0x75, 0xD4, 0x72, 0x26, 0x06, 0x9C, 0xE4, 0x80, 0xA1, 0xF1, 0x15, 0xD2, 0x50, 0xC2, 0xAC,
    0x64, 0x1D, 0x4C, 0xDF, 0xE6, 0x27, 0x8F, 0x71, 0x1E, 0x32, 0xEA, 0xDD, 0xB2, 0x93, 0x0A, 0x6E,
    0xF3, 0xC2, 0xB6, 0x3E, 0x67, 0x48, 0x7B, 0xDE, 0x2F, 0x1E, 0x24, 0x83, 0x58, 0x32, 0x40, 0x16,
    0x72, 0xB9, 0x19, 0x5F, 0x2E, 0x66, 0xC5, 0x2B, 0xEE, 0x0D, 0x8A, 0xB9, 0x53, 0x43, 0x88, 0xFB,
    0x05, 0xB9, 0x59, 0x15, 0x6D, 0x56, 0x1F, 0xF0, 0x1C, 0xCA, 0x66, 0x2B, 0x46, 0xA4, 0x44, 0xDB,
    0x41, 0x16, 0x75, 0x0D, 0xE9, 0x65, 0x30, 0x2D, 0xC1, 0xD9, 0xF1, 0x33, 0xF2, 0xB5, 0x57, 0xF0,
    0xDF, 0x7C, 0xFA, 0xA6, 0xBA, 0x78, 0x57, 0xB5, 0xDE, 0x38, 0xCE, 0x43, 0x82, 0x5C, 0x03, 0xF7,
    0x18, 0xE2, 0x70, 0x16, 0x00, 0xFD, 0xE4, 0x6D, 0xEE, 0x8D, 0x32, 0xC4, 0x9C, 0x0C, 0x66, 0x27,
    0xB7, 0xC3, 0x2D, 0xEB, 0xAF, 0xB9, 0x5C, 0xC6, 0x28, 0x88, 0xA3, 0x01, 0xCB, 0x84, 0xE7, 0x8A,
    0x53, 0x37, 0x38, 0x81, 0x79, 0x0F, 0x8F, 0x96, 0x4B, 0xC6, 0x35, 0x74, 0x78, 0x87, 0x67, 0xEE,
    0xB1, 0x2E, 0x6A, 0x11, 0x07, 0xD0, 0x23, 0xAE, 0x59, 0x1B, 0xC3, 0x67, 0xA6, 0x45, 0xCF, 0x39,
    0x33, 0x26, 0x2D, 0xD7, 0x3A, 0x35, 0x60, 0x30, 0x5F, 0x9B, 0xD6, 0x99, 0xAE, 0x81, 0xAF, 0x87,
    0x7B, 0x3E, 0xE5, 0x9B, 0x0D, 0x53, 0x9B, 0xF2, 0x4D, 0x3E, 0xC5, 0x3D, 0x9B, 0xDE, 0xDB, 0x98,
    0xFC, 0xBD, 0x8A, 0x8F, 0xF1, 0xF0, 0xAE, 0x14, 0xA0, 0xAD, 0x4D, 0xB5, 0x61, 0xA1, 0x15, 0x8C,
    0x11, 0xE3, 0xA3, 0x3B, 0x15, 0xDF, 0xF4, 0x55, 0x99, 0x43, 0x61, 0xF7, 0xB1, 0x5E, 0x3E, 0x2F,
    0x2D, 0xB9, 0x70, 0x4A, 0xA0, 0x34, 0xFB, 0xB7, 0x58, 0x3D, 0xB8, 0xEC, 0xCB, 0x09, 0x15, 0xDE,
    0xAD, 0xC5, 0x64, 0x66, 0x52, 0x9C, 0xCC, 0xE5, 0xEC, 0x6B, 0xD8, 0xC7, 0x6D, 0x80, 0xE6, 0x87,
    0x7C, 0xF4, 0x18, 0x7E, 0x50, 0xD5, 0x63, 0x80, 0x7A, 0x04, 0xA2, 0x1E, 0xB8, 0x3F, 0x4A, 0x8E,
    0x23, 0x1A, 0xBD, 0x3C, 0x3D, 0x97, 0xD4, 0x9C, 0x57, 0xF8, 0x60, 0x15, 0x1B, 0x40, 0xAA, 0xE2,
    0x23, 0x8A, 0xD6, 0xB3, 0x24, 0x61, 0x81, 0x44, 0x05, 0x07, 0x60, 0xF9, 0x39, 0x7A, 0xDD, 0x23,
    0xFB, 0x67, 0x9B, 0x5C, 0x6E, 0x92, 0xDA, 0xCE, 0xF1, 0x3D, 0x0A, 0xBD, 0x8A, 0x98, 0x6F, 0xA3,
    0xCA, 0x7F, 0x77, 0x47, 0xFA, 0xCA, 0xAF, 0x05, 0x5E, 0x7F, 0x09, 0x3F, 0x37, 0x01, 0xEE, 0x7B,
    0x3A, 0x64, 0xD7, 0x9F, 0xD2, 0xEF, 0xEE, 0x78, 0x61, 0xF2, 0x99, 0x06, 0xBE, 0x09, 0x93, 0x77,
    0xEF, 0x38, 0xDC, 0x80, 0xF7, 0x98, 0x0D, 0x6E, 0x83, 0x4A, 0x3E, 0x16, 0x75, 0xDD, 0x2D, 0x7F,
    0x5E, 0x2C, 0x64, 0xBA, 0xBB, 0xE2, 0xF3, 0x5E, 0x5F, 0x3C, 0x9E, 0x78, 0x01, 0x69, 0x74, 0x38,
    0x7A, 0x6F, 0xA7, 0xCE, 0x6E, 0xF0, 0xEE, 0xE4, 0xC2, 0xE1, 0x53, 0x2E, 0x38, 0x6A, 0x37, 0x17,
    0xC1, 0x07, 0xF0, 0xB9, 0x92, 0x8E, 0x5F, 0xEB, 0x11, 0x7D, 0xD8, 0xF8, 0x35, 0xFF, 0x67, 0x5A,
    0x96, 0x3D, 0x67, 0xB9, 0x83, 0x8F, 0x19, 0xCD, 0x8A, 0x38, 0x92, 0xBD, 0x0D, 0x3F, 0xFF, 0x8C,
    0xAD, 0xF6, 0x1F, 0xE9, 0xE5, 0x3E, 0xF2, 0x2A, 0x8E, 0x47, 0x5F, 0xBB, 0x25, 0x7F, 0x1B, 0xF4,
    0x4F, 0xB1, 0x3B, 0xF1, 0x73, 0x56, 0x37, 0x7C, 0x56, 0xD0, 0xE2, 0xF5, 0x41, 0x59, 0xFC, 0x67,
    0xFE, 0xA3, 0x7C, 0x19, 0x5F, 0x1B, 0xE3, 0xFC, 0x1B, 0x4E, 0xF4, 0x4A, 0xF5, 0x05, 0x5E, 0x28,
    0xC1, 0x29, 0xA4, 0x0D, 0xEA, 0x3D, 0xB5, 0x9C, 0xE8, 0xC5, 0xFB, 0x0B, 0x9C, 0xF4, 0xDD, 0x93,
    0x7B, 0xFD, 0x12, 0xF8, 0xAB, 0x60, 0x96, 0xB3, 0x49, 0xF5, 0x02, 0xE5, 0x57, 0xE5, 0x5E, 0x57,
    0x71, 0x9E, 0x41, 0x5C, 0x29, 0xD2, 0x77, 0x83, 0x3F, 0x02, 0xEC, 0xD3, 0xE1, 0xAB, 0x21, 0xB9,
    0x1B, 0xCA, 0xE9, 0x23, 0x1E, 0xC8, 0x75, 0x33, 0x6C, 0x3B, 0xEA, 0x63, 0x2E, 0x02, 0xD0, 0x24,
    0xB0, 0xE1, 0x21, 0x77, 0x50, 0xC8, 0x77, 0x69, 0xE7, 0x11, 0xEC, 0xA1, 0xE6, 0xD6, 0x6B, 0x19,
    0x7E, 0xF3, 0xBA, 0x8F, 0xBE, 0x3C, 0x3C, 0x71, 0x1C, 0x25, 0xB7, 0x55, 0x3E, 0x7F, 0xA1, 0xFF,
    0x48, 0x4F, 0x43, 0x70, 0xB1, 0xFF, 0x48, 0xFB, 0x8C, 0xFB, 0x8F, 0x7C, 0xF6, 0xE1, 0x99, 0x87,
    0xC9, 0x3F, 0xD5, 0x77, 0x23, 0x27, 0x3A, 0x86, 0x57, 0xF2, 0xC5, 0x4F, 0x68, 0x33, 0x36, 0x0B,
    0xA7, 0x3B, 0xAF, 0xAC, 0xF1, 0x23, 0xCE, 0xAB, 0xBF, 0xDC, 0xC9, 0x69, 0x7F, 0x39, 0xEB, 0x2F,
    0x27, 0xFD, 0xE5, 0x9C, 0xBF, 0x9C, 0xF2, 0x97, 0x33, 0xFE, 0x3E, 0xB1, 0x9B, 0x22, 0xA7, 0xCB,
    0x77, 0x41, 0xF8, 0x93, 0x13, 0xF9, 0xC5, 0xF2, 0xFD, 0x2A, 0x10, 0xD6, 0x38, 0x58, 0xC3, 0x60,
    0x71, 0x35, 0x1A, 0x04, 0xE7, 0xDD, 0x2A, 0x04, 0xD6, 0x08, 0x78, 0xDD, 0x73, 0xE2, 0xA7, 0xE4,
    0xDC, 0x20, 0x1F, 0xA3, 0x7B, 0x96, 0x46, 0xA4, 0x73, 0x03, 0x6A, 0xF1, 0xB7, 0x8C, 0x94, 0xE2,
    0xB5, 0x12, 0xAF, 0x85, 0x78, 0xA9, 0xC3, 0x4B, 0xFE, 0x61, 0x90, 0x10, 0x86, 0x87, 0x3D, 0xB9,
    0x24, 0x1B, 0x35, 0x78, 0x2D, 0xC1, 0x6B, 0x05, 0x5E, 0x0B, 0xF0, 0x5A, 0x7F, 0xD7, 0xF2, 0xBB,
    0x56, 0xDF, 0x1D, 0x52, 0x02, 0xB5, 0x77, 0x23, 0xA5, 0xF7, 0x8B, 0xCB, 0xE3, 0xD9, 0x30, 0xE6,
    0xB3, 0x36, 0x2F, 0x6A, 0xD6, 0x46, 0xBA, 0x75, 0x69, 0xBE, 0xDE, 0x65, 0x66, 0x34, 0x63, 0x2F,
    0x29, 0x7B, 0xCD, 0xD9, 0x4B, 0xA2, 0x5B, 0xF3, 0xDC, 0xAE, 0x3D, 0xA3, 0x64, 0xB9, 0x5D, 0xE2,
    0xDE, 0x65, 0xEE, 0x35, 0x75, 0xEF, 0x72, 0xF7, 0x9A, 0xBC, 0x77, 0x97, 0x8B, 0x47, 0x97, 0xB2,
    0x36, 0x3F, 0xDD, 0xAB, 0x67, 0x0F, 0x9F, 0x96, 0x37, 0xFC, 0x50, 0xB4, 0xA5, 0x03, 0x1D, 0x75,
    0xEB, 0x83, 0xC3, 0x6E, 0x66, 0xFC, 0x35, 0x59, 0x6A, 0xAA, 0x9C, 0xBD, 0xD3, 0x44, 0xA8, 0x4B,
    0x74, 0xEB, 0xFC, 0xB8, 0x09, 0xF2, 0xC5, 0x73, 0x3F, 0x45, 0x4E, 0xF9, 0x68, 0xC4, 0x7A, 0x3A,
    0x3F, 0xBE, 0x80, 0x78, 0xC7, 0x98, 0xDC, 0xDD, 0x03, 0x98, 0xB0, 0xB6, 0xD9, 0xDC, 0xCB, 0x9D,
    0xDE, 0xE8, 0x00, 0xDD, 0xA5, 0x48, 0x23, 0x24, 0x6D, 0xD4, 0xF3, 0x0C, 0x25, 0xBB, 0x00, 0x37,
    0x9E, 0x92, 0x13, 0xC3, 0xC8, 0x3F, 0xD3, 0x45, 0x24, 0x9F, 0xC3, 0x77, 0x59, 0xF7, 0x72, 0xE6,
    0x00, 0x63, 0x78, 0xE9, 0xEF, 0x5C, 0x33, 0xFA, 0x68, 0xE3, 0x31, 0xE7, 0x2D, 0x15, 0x67, 0x56,
    0x16, 0x7D, 0x3C, 0x53, 0x64, 0x3D, 0xE7, 0xF6, 0x7D, 0xFB, 0x1F, 0xEA, 0xFA, 0xC4, 0x7E, 0x9B,
    0xDE, 0xCD, 0x06, 0x86, 0x1E, 0x6E, 0x83, 0x57, 0xBE, 0xFB, 0x7C, 0x40, 0x63, 0x55, 0xC6, 0x8E,
    0xC4, 0x76, 0x33, 0xD0, 0xEB, 0x44, 0x9C, 0x55, 0xD1, 0xB1, 0x79, 0x53, 0x42, 0x96, 0xA7, 0x79,
    0x7D, 0xA6, 0x69, 0xD0, 0xC1, 0x0D, 0x2F, 0x9E, 0xEB, 0x82, 0xAA, 0x64, 0x41, 0xF5, 0x7A, 0xA7,
    0x79, 0xA9, 0xA2, 0xD0, 0x52, 0x94, 0x5C, 0x76, 0x85, 0x92, 0xD4, 0xA6, 0xCB, 0x64, 0x41, 0x45,
    0x9F, 0x79, 0x41, 0x49, 0x82, 0xFA, 0xFA, 0x05, 0xB5, 0x24, 0x79, 0x9F, 0xD6, 0xAA, 0x6F, 0xD6,
    0x45, 0x71, 0x98, 0xC0, 0x93, 0x7B, 0xB8, 0xE1, 0x96, 0x98, 0xDF, 0xB3, 0x72, 0x14, 0x2C, 0x1A,
    0x44, 0x14, 0xA7, 0x5F, 0x7A, 0x95, 0x87, 0xDF, 0x96, 0xF2, 0x42, 0x2E, 0x19, 0x84, 0xAC, 0xC3,
    0x81, 0x96, 0xB4, 0x95, 0x8D, 0x0E, 0xF7, 0x99, 0x4A, 0x9A, 0xA2, 0x4C, 0xF9, 0x42, 0xA0, 0x33,
    0xFE, 0x3D, 0xBE, 0xF2, 0x8A, 0xFF, 0x8D, 0x94, 0x96, 0x87, 0xFD, 0xCA, 0xC9, 0xF5, 0x13, 0x86,
    0xC0, 0xAF, 0x31, 0x9C, 0x8C, 0x19, 0x75, 0x69, 0x85, 0xD6, 0x2D, 0x2A, 0xAC, 0xA8, 0x83, 0xF5,
    0x5A, 0x02, 0xE6, 0x66, 0x7C, 0xA1, 0xE6, 0x5A, 0xB4, 0x6C, 0x91, 0xCF, 0xB1, 0x68, 0x3A, 0x49,
    0xEA, 0x92, 0x05, 0xB6, 0x72, 0xA0, 0x8D, 0xFB, 0x20, 0x57, 0xEE, 0xF0, 0x02, 0x72, 0x46, 0xF4,
    0xB3, 0x72, 0x6F, 0xE6, 0x03, 0xC0, 0xBC, 0xF1, 0x67, 0xAE, 0x0E, 0x27, 0x81, 0xF9, 0x7A, 0xF5,
    0x56, 0x56, 0xFD, 0x0C, 0xFC, 0xC5, 0xE7, 0xB8, 0x9F, 0xFB, 0x49, 0xEF, 0xFA, 0xAF, 0x29, 0x89,
    0x87, 0x17, 0xB4, 0xCF, 0x29, 0xE1, 0xAD, 0xA7, 0xDC, 0x86, 0xFC, 0x24, 0xD3, 0x04, 0xCB, 0xD7,
    0x2F, 0xAE, 0x36, 0x26, 0x72, 0xFA, 0x63, 0xB3, 0xFA, 0xF9, 0xBF, 0x66, 0x6F, 0x7C, 0x43, 0x8C,
    0x47, 0x21, 0x0D, 0x4D, 0x8A, 0x26, 0x92, 0x21, 0x90, 0x7F, 0x5B, 0x85, 0xE0, 0xEE, 0xCC, 0x1D,
    0x5F, 0xB1, 0xC5, 0xC5, 0xC4, 0x37, 0xFD, 0x96, 0x66, 0xFF, 0x96, 0x8C, 0x76, 0x4E, 0x7E, 0x28,
    0x2D, 0x64, 0x79, 0x45, 0x91, 0xEF, 0x95, 0x2C, 0x3B, 0xF7, 0x09, 0x44, 0x24, 0xBE, 0x0B, 0xE0,
    0x59, 0xC9, 0x27, 0x7F, 0x19, 0x90, 0x52, 0x0E, 0xE2, 0x66, 0xBE, 0xA9, 0xAD, 0x0A, 0xE0, 0xAD,
    0x8A, 0x2A, 0xB3, 0x0F, 0x49, 0xF6, 0x71, 0x40, 0xDB, 0x2F, 0xAE, 0x1C, 0xA7, 0x13, 0x5F, 0x68,
    0xC3, 0x2A, 0x19, 0xE2, 0x86, 0x9B, 0xD8, 0xBE, 0x84, 0x4F, 0x60, 0xFC, 0x17, 0xBC, 0x73, 0x6C,
    0x3B, 0xBD, 0x06, 0xA6, 0x13, 0xF4, 0x75, 0xDA, 0xC9, 0x29, 0xA5, 0xF0, 0xD6, 0x2A, 0x5F, 0xB8,
    0x9C, 0x6B, 0x50, 0x54, 0xD3, 0xB4, 0x34, 0x3B, 0x98, 0x7C, 0xB3, 0x83, 0xED, 0xB7, 0x7D, 0xB3,
    0x03, 0xE3, 0x9A, 0x1D, 0xEC, 0x1F, 0x1B, 0xD7, 0xEC, 0xC0, 0x8E, 0xC9, 0xB1, 0x34, 0x3B, 0x60,
    0xFE, 0x46, 0x69, 0x76, 0x00, 0x16, 0x4B, 0x69, 0x76, 0x40, 0xD1, 0x04, 0xB7, 0x02, 0xE7, 0xF6,
    0x88, 0xBB, 0xA8, 0x7B, 0x4E, 0x9A, 0x1D, 0xC4, 0x7C, 0x26, 0x58, 0x9A, 0x1D, 0x20, 0xA8, 0x93,
    0x66, 0x07, 0x30, 0xB4, 0xDA, 0xEC, 0x60, 0x53, 0x19, 0xD7, 0xEC, 0x20, 0x11, 0x23, 0xFC, 0x92,
    0x07, 0x62, 0x68, 0xB3, 0x03, 0x2C, 0xA7, 0x27, 0x6F, 0x76, 0xB0, 0x59, 0xA3, 0x5E, 0xFB, 0x17,
    0xFC, 0x5D, 0x8B, 0x50, 0x91, 0xFD, 0x5B, 0xF1, 0x31, 0xA7, 0xB1, 0xE6, 0x62, 0x1A, 0x25, 0x69,
    0xCC, 0x79, 0xE9, 0x74, 0x48, 0x47, 0xB0, 0x01, 0xD8, 0x56, 0xD0, 0x49, 0xB2, 0x9A, 0x75, 0x91,
    0x3C, 0x3B, 0x6E, 0x67, 0xB3, 0x64, 0x48, 0x68, 0xF8, 0xCD, 0xDC, 0xCE, 0x82, 0xE5, 0xE0, 0x04,
    0x6A, 0x30, 0x7F, 0x10, 0xCB, 0x8D, 0x91, 0x81, 0x54, 0xF7, 0x44, 0xDF, 0xF4, 0xF0, 0x68, 0x2A,
    0xDF, 0x15, 0xD0, 0xDA, 0x3D, 0xC1, 0x3D, 0x53, 0xC0, 0xFB, 0x86, 0x59, 0xB5, 0x79, 0x37, 0x8F,
    0xBC, 0x55, 0x65, 0xEB, 0x7B, 0x12, 0xB8, 0x54, 0x14, 0x4F, 0x8E, 0x50, 0x3C, 0x37, 0xA3, 0x5E,
    0xD2, 0x5E, 0x8F, 0xE8, 0x49, 0x80, 0x99, 0x91, 0x9E, 0x04, 0x3C, 0x31, 0xBF, 0xC7, 0xC5, 0x11,
    0xCC, 0x0B, 0x6E, 0x5F, 0xC1, 0xB4, 0xA0, 0x27, 0x01, 0x66, 0x05, 0x3D, 0x09, 0x30, 0x29, 0x72,
    0x17, 0x19, 0xCF, 0x89, 0xF4, 0x24, 0x40, 0xE3, 0x2C, 0xED, 0x49, 0x60, 0x7C, 0x4F, 0x02, 0xF3,
    0xF8, 0x3D, 0x09, 0xA6, 0xA5, 0x27, 0xC1, 0xE4, 0x7B, 0x12, 0x6C, 0xDF, 0xF4, 0x3D, 0x09, 0x8C,
    0xEB, 0x49, 0xC0, 0x5C, 0x69, 0x4F, 0x02, 0x66, 0x4B, 0x7A, 0x12, 0xC8, 0x92, 0x42, 0x4F, 0x02,
    0x59, 0x55, 0xD2, 0x93, 0x80, 0x39, 0x93, 0x9E, 0x04, 0x60, 0x4D, 0x7A, 0x12, 0x80, 0x37, 0xE9,
    0x49, 0x00, 0xE6, 0xA4, 0x27, 0x81, 0x70, 0x27, 0x3D, 0x09, 0x98, 0x3D, 0xED, 0x49, 0x90, 0x68,
    0xBA, 0x2B, 0x5F, 0x4E, 0x96, 0x14, 0x0E, 0x1A, 0xF5, 0x34, 0x3D, 0x09, 0xB6, 0xFE, 0x46, 0x20,
    0xF7, 0x81, 0xCC, 0x97, 0x9C, 0x85, 0x60, 0xB6, 0xB0, 0xC3, 0xC6, 0x6C, 0xA1, 0x27, 0x01, 0x98,
    0xDA, 0xE0, 0xB8, 0x3D, 0xF3, 0xB4, 0xE1, 0x9E, 0x04, 0x60, 0xA9, 0x90, 0x3A, 0x49, 0xD0, 0xCA,
    0x8D, 0x40, 0x60, 0x08, 0x37, 0x02, 0x29, 0x3F, 0x28, 0x7C, 0x0B, 0x35, 0xB8, 0x4E, 0x5E, 0x91,
    0xEF, 0xD5, 0xE5, 0x0A, 0x3C, 0x4F, 0xD3, 0x93, 0x60, 0xBB, 0xF4, 0x24, 0xF0, 0x87, 0x39, 0xC0,
    0x8B, 0x5C, 0x58, 0x0E, 0x66, 0x70, 0x1A, 0x17, 0xDC, 0x48, 0x4F, 0x02, 0xB0, 0x73, 0x53, 0x7A,
    0x12, 0x30, 0x3F, 0x37, 0xD1, 0x93, 0x40, 0x19, 0xE2, 0x9E, 0x04, 0xCA, 0x11, 0xF7, 0x24, 0x10,
    0x05, 0x44, 0x4F, 0x02, 0xF0, 0xA4, 0x3D, 0x09, 0x98, 0x29, 0xED, 0x49, 0x90, 0x5C, 0xAC, 0xDE,
    0xF8, 0x9E, 0x04, 0xE6, 0x99, 0xF7, 0x24, 0xB8, 0x74, 0x81, 0x99, 0x4F, 0x1C, 0x6F, 0x4F, 0xEC,
    0xDF, 0x2E, 0xE9, 0xE3, 0xE2, 0x7E, 0xEB, 0x84, 0xC0, 0x17, 0x76, 0x4F, 0x3A, 0xA7, 0x7F, 0xCA,
    0xA8, 0xBA, 0x95, 0xB2, 0x76, 0x68, 0x99, 0x03, 0x51, 0x0C, 0xF1, 0x2E, 0x08, 0x4E, 0x54, 0x18,
    0x63, 0xB2, 0x4B, 0xBA, 0x48, 0xAD, 0xE4, 0x18, 0xB7, 0xC5, 0x90, 0xB4, 0x22, 0x90, 0x9B, 0xCC,
    0x0F, 0x57, 0x74, 0x30, 0xCB, 0x81, 0x1D, 0xF9, 0xD2, 0x09, 0x08, 0x25, 0x6B, 0xF2, 0x8A, 0xBF,
    0x81, 0x58, 0x78, 0x56, 0x47, 0x6D, 0x95, 0xC9, 0xEF, 0xC5, 0x8D, 0x15, 0xCE, 0xEF, 0xC6, 0xCB,
    0x91, 0x1D, 0x6E, 0x73, 0xE8, 0xBF, 0x49, 0x2C, 0x7A, 0x83, 0xBA, 0x03, 0x16, 0x77, 0x57, 0xB7,
    0xA4, 0x5F, 0x3E, 0xFA, 0x76, 0xA9, 0x77, 0xE4, 0xF2, 0xF5, 0xD9, 0x7B, 0x1D, 0x6C, 0x57, 0xBD,
    0x0E, 0xC4, 0x9F, 0xF0, 0x9F, 0x13, 0x89, 0x49, 0xAF, 0x03, 0xAC, 0x6D, 0xE9, 0x75, 0x00, 0xC5,
    0xD1, 0x5E, 0x07, 0x10, 0xD7, 0x4B, 0xDA, 0xEB, 0x80, 0xA5, 0x75, 0x28, 0xBD, 0x0E, 0x58, 0x58,
    0x5F, 0xD0, 0x5E, 0x07, 0x2C, 0x2B, 0xD7, 0xEB, 0x00, 0xA2, 0xD2, 0x5E, 0x07, 0x90, 0x94, 0xEB,
    0x75, 0x00, 0x41, 0x69, 0xAF, 0x83, 0x44, 0x82, 0x2E, 0xED, 0x75, 0x60, 0x56, 0xBD, 0x0E, 0x50,
    0xE3, 0x7E, 0xD2, 0x5E, 0x07, 0x93, 0x59, 0xF5, 0x3A, 0x98, 0x56, 0xBD, 0x0E, 0x38, 0x34, 0xF0,
    0xBD, 0x0E, 0x14, 0x3B, 0xC8, 0xB0, 0x45, 0xF0, 0xEF, 0x7A, 0x1D, 0x40, 0x00, 0xDA, 0xEB, 0x40,
    0x24, 0x10, 0x4B, 0xAF, 0x03, 0xF1, 0xA9, 0xAE, 0xD7, 0x01, 0xCB, 0xC0, 0xF5, 0x3A, 0x80, 0x10,
    0x5C, 0xAF, 0x03, 0x96, 0x82, 0xEF, 0x75, 0x10, 0x49, 0x73, 0x2E, 0xE9, 0x75, 0xC0, 0x72, 0x58,
    0x7A, 0x1D, 0x90, 0x20, 0x96, 0x5E, 0x07, 0x89, 0x46, 0x8C, 0xDA, 0xEB, 0xC0, 0xAC, 0x7B, 0x1D,
    0x98, 0xA7, 0xEE, 0x75, 0xD0, 0x3F, 0xFA, 0xEC, 0xDB, 0xB4, 0xA0, 0x70, 0xCF, 0xE5, 0xDD, 0xFE,
    0x26, 0xFB, 0xB0, 0xB6, 0x9F, 0x70, 0x32, 0x6E, 0xB9, 0xF6, 0xC0, 0xDF, 0x79, 0x20, 0x01, 0xD8,
    0x3D, 0xDC, 0x43, 0xED, 0x4A, 0x01, 0xFB, 0xB7, 0x92, 0xAF, 0x0B, 0xC4, 0x63, 0x2A, 0x1E, 0xEE,
    0x8C, 0xAB, 0xFF, 0xA6, 0x77, 0x59, 0xA3, 0xFA, 0x7C, 0x97, 0xCE, 0x50, 0xA1, 0x74, 0x97, 0xF0,
    0x95, 0x1F, 0xB8, 0x23, 0x34, 0x6B, 0x48, 0x84, 0xC7, 0x5C, 0x2D, 0x69, 0x78, 0x0D, 0x83, 0xE0,
    0x2D, 0x0C, 0x13, 0x15, 0x03, 0x01, 0x89, 0x20, 0xCE, 0x62, 0xA3, 0x89, 0x7F, 0x81, 0x8E, 0xE9,
    0xDE, 0xB0, 0x93, 0xEB, 0xC2, 0x29, 0x9E, 0xA9, 0x1D, 0xCC, 0xCB, 0xC9, 0xA7, 0xB8, 0x06, 0x3E,
    0xFB, 0x13, 0xE9, 0x66, 0xB0, 0xF5, 0xDD, 0x0C, 0x8C, 0x5E, 0xD8, 0x0D, 0x05, 0x84, 0x93, 0x86,
    0xF6, 0x71, 0x37, 0x03, 0x55, 0xBD, 0x77, 0xD5, 0x52, 0x95, 0xE8, 0x66, 0x80, 0x50, 0x8E, 0xA3,
    0x16, 0x89, 0xE4, 0xD0, 0xD7, 0x00, 0x97, 0xBB, 0x70, 0x37, 0x83, 0x48, 0xE0, 0x72, 0x0C, 0x09,
    0xE5, 0x05, 0x27, 0xDD, 0x0C, 0x58, 0xCB, 0xA4, 0x9B, 0x41, 0x02, 0xB8, 0x9F, 0x62, 0xFA, 0x7C,
    0x37, 0x03, 0xF3, 0x64, 0xDD, 0x0C, 0x2A, 0x4F, 0x30, 0x3F, 0x27, 0x5B, 0x41, 0xF0, 0x29, 0x4E,
    0x83, 0xE6, 0xFC, 0x5B, 0xA5, 0xCE, 0xB9, 0x54, 0xE8, 0x9D, 0xCA, 0xF2, 0x9C, 0x17, 0x25, 0x1F,
    0xB9, 0xD9, 0x31, 0x27, 0x05, 0x1F, 0x35, 0xA6, 0x80, 0xA0, 0x84, 0x3D, 0xA6, 0x5F, 0xFF, 0xDA,
    0xC7, 0x72, 0x7F, 0x7E, 0x8A, 0x83, 0x83, 0xF6, 0xED, 0x2E, 0xB6, 0x5F, 0xE1, 0x44, 0xD6, 0xEF,
    0x8C, 0xE6, 0x2D, 0x56, 0xDE, 0x70, 0xB9, 0xA2, 0xC6, 0x5F, 0x7B, 0x98, 0x35, 0x8A, 0x1C, 0xA4,
    0x90, 0x4D, 0xE0, 0x9C, 0x81, 0x5F, 0x13, 0xB9, 0x73, 0x43, 0xC1, 0x59, 0xF5, 0xB8, 0x21, 0x81,
    0xF1, 0x21, 0x81, 0xF1, 0x21, 0x01, 0x5F, 0x12, 0x28, 0x21, 0x01, 0x2E, 0x09, 0x44, 0x48, 0x60,
    0x9E, 0x20, 0x24, 0x18, 0x7D, 0x48, 0xF0, 0x34, 0x8D, 0x3C, 0x2F, 0xB7, 0x2B, 0x98, 0x7C, 0xBB,
    0x82, 0xC9, 0xB5, 0x2B, 0xD8, 0xBE, 0xE9, 0xDA, 0x15, 0x18, 0x6D, 0x57, 0x40, 0xBC, 0x69, 0xBB,
    0x02, 0xB8, 0x46, 0xB9, 0xB4, 0xD9, 0xD6, 0x33, 0xDA, 0x15, 0x80, 0x37, 0x69, 0x57, 0xC0, 0xBC,
    0xA1, 0x5D, 0x01, 0x78, 0x43, 0xBB, 0x02, 0xF0, 0x86, 0x76, 0x05, 0xA2, 0x6A, 0xA7, 0x38, 0xAC,
    0x54, 0xB9, 0x0D, 0xE3, 0xC6, 0x53, 0xC9, 0xE5, 0xD3, 0x36, 0x4F, 0x43, 0x5D, 0x57, 0x32, 0x3E,
    0x11, 0x07, 0xC6, 0x8B, 0x91, 0xF8, 0xE1, 0xC1, 0x4E, 0xFB, 0xDF, 0x52, 0x0F, 0xDF, 0xE0, 0x9C,
    0x02, 0x2A, 0xC7, 0x51, 0x97, 0xC9, 0xC0, 0xA8, 0xE0, 0x3E, 0x38, 0x4E, 0x1A, 0x6C, 0x77, 0xF1,
    0x0B, 0x7C, 0x33, 0x3F, 0xEF, 0x8B, 0xF9, 0x6C, 0x5F, 0xB8, 0x43, 0xAE, 0x85, 0xDB, 0xFD, 0x11,
    0x6B, 0x51, 0x6F, 0x14, 0x08, 0xF3, 0xDF, 0xD9, 0xDE, 0x6D, 0xC4, 0xEC, 0xE5, 0x7A, 0x8C, 0xEF,
    0x01, 0x8E, 0xF1, 0x85, 0xD7, 0x1C, 0xE3, 0x33, 0x97, 0xD2, 0xAB, 0xAE, 0x0B, 0xC1, 0xE4, 0xBB,
    0x10, 0x4C, 0xAE, 0x0B, 0xC1, 0xF6, 0xDB, 0xAE, 0x0B, 0x81, 0xD1, 0x2E, 0x04, 0xFB, 0x70, 0x3A,
    0xDC, 0x7B, 0x80, 0xE6, 0xE5, 0x4F, 0xD0, 0x85, 0x40, 0x37, 0x0D, 0x44, 0x61, 0x5E, 0xA4, 0x0B,
    0x01, 0x4C, 0x00, 0x77, 0x21, 0x90, 0x4D, 0x03, 0xDF, 0x77, 0x2F, 0x3A, 0xC7, 0x5D, 0x08, 0x24,
    0x66, 0xE3, 0x2E, 0x04, 0x12, 0x9D, 0xA0, 0x0B, 0x01, 0xCF, 0x8B, 0x74, 0x21, 0x48, 0xC4, 0xCD,
    0x3B, 0x57, 0xA2, 0x5D, 0x08, 0xB0, 0x50, 0x9E, 0xA2, 0x0B, 0xC1, 0xB2, 0x1F, 0x9A, 0x9C, 0x31,
    0x78, 0x73, 0x65, 0x0C, 0x80, 0xDE, 0x7A, 0x0E, 0xEA, 0x76, 0x52, 0x72, 0xA3, 0x67, 0x9E, 0xA3,
    0x32, 0xB1, 0x8D, 0xD8, 0x35, 0xDA, 0x8B, 0xB1, 0x6B, 0xCD, 0x5F, 0xB2, 0x87, 0x62, 0x15, 0x5E,
    0x1D, 0xB0, 0x0D, 0x3A, 0xCE, 0x36, 0x8D, 0x28, 0x5A, 0x36, 0x9B, 0x23, 0xE8, 0x59, 0xC6, 0x67,
    0x02, 0x99, 0x9D, 0x6C, 0xA7, 0xED, 0x71, 0xE3, 0xD5, 0x8D, 0xF8, 0x47, 0x57, 0x08, 0xAF, 0x43,
    0xC5, 0x95, 0x33, 0xB8, 0xD9, 0x15, 0x2E, 0x2E, 0x67, 0x11, 0xDE, 0x78, 0xA2, 0x2C, 0xC2, 0x3F,
    0xD6, 0x92, 0x45, 0x20, 0xF5, 0x43, 0x16, 0xC1, 0xDE, 0x6F, 0x90, 0x45, 0x78, 0x00, 0xCF, 0x95,
    0xF1, 0x65, 0x35, 0x26, 0x09, 0xC8, 0xBA, 0xF1, 0x93, 0x70, 0x16, 0x01, 0x63, 0x2B, 0x23, 0x67,
    0x11, 0x72, 0x23, 0x59, 0x04, 0x08, 0x2F, 0xB6, 0x9D, 0x24, 0x9C, 0x0A, 0xC1, 0xC7, 0xD3, 0x56,
    0xFA, 0x46, 0xE9, 0xB2, 0x08, 0x8F, 0x68, 0x59, 0xB0, 0x5D, 0x6D, 0xA3, 0x45, 0x71, 0x25, 0xBA,
    0x03, 0x9E, 0x98, 0x9D, 0x8B, 0xC1, 0x49, 0x6E, 0xD2, 0x2C, 0xB4, 0x2C, 0x00, 0x17, 0x87, 0x68,
    0x59, 0xC0, 0x9A, 0x85, 0x96, 0x05, 0xD0, 0x2C, 0xB4, 0x2C, 0x40, 0x2C, 0x83, 0x96, 0x05, 0x08,
    0x64, 0xD0, 0xB2, 0x80, 0x67, 0x42, 0x5B, 0x16, 0xB0, 0x66, 0x4D, 0xDE, 0x9A, 0xB9, 0x96, 0x05,
    0xC6, 0xB7, 0x2C, 0x30, 0x8F, 0xD7, 0xB2, 0xE0, 0x59, 0xE7, 0x03, 0xA4, 0xB3, 0x40, 0xF8, 0x1D,
    0x1E, 0x7E, 0xA3, 0x00, 0x40, 0x97, 0x26, 0x86, 0x93, 0x4B, 0xE4, 0x2A, 0x38, 0xB1, 0x9D, 0x9F,
    0xA3, 0x1B, 0x43, 0x6A, 0xBF, 0x62, 0x91, 0x94, 0xFA, 0xFE, 0x3F, 0xC9, 0xED, 0xAD, 0x48, 0x0B,
    0x44, 0x3E, 0x11, 0x80, 0xC0, 0x6C, 0x87, 0x7C, 0x40, 0x72, 0xDD, 0xF9, 0xC1, 0x8B, 0xB7, 0xBC,
    0x63, 0x01, 0xAC, 0x57, 0x00, 0xFB, 0xC3, 0x93, 0x12, 0xC5, 0x59, 0x38, 0x44, 0x36, 0x38, 0x60,
    0xA0, 0xCA, 0x4F, 0x06, 0xB8, 0xC4, 0xAC, 0xCD, 0x03, 0x89, 0x83, 0xA2, 0x81, 0xFB, 0xA3, 0xB0,
    0x53, 0x8C, 0xC6, 0x9C, 0x0F, 0x19, 0xE3, 0xC2, 0xEF, 0x9C, 0x2C, 0x16, 0x27, 0x68, 0xF8, 0x2A,
    0xC2, 0x84, 0x4F, 0xBB, 0xA7, 0x7C, 0x3F, 0x21, 0xA9, 0x04, 0x0A, 0x95, 0x39, 0x67, 0x17, 0x43,
    0x5E, 0xB8, 0x79, 0x2C, 0x77, 0x61, 0xDB, 0x3E, 0x8F, 0x3E, 0xD0, 0xD5, 0xEC, 0x55, 0x7E, 0x73,
    0x7F, 0x39, 0x8F, 0xE6, 0x79, 0x58, 0xDF, 0x15, 0x7D, 0x35, 0x35, 0xB3, 0x1C, 0x99, 0xBE, 0x80,
    0x50, 0xD0, 0x05, 0x21, 0xEB, 0x41, 0x97, 0x83, 0xAE, 0x06, 0x5D, 0x0C, 0x9A, 0x51, 0xD3, 0x84,
    0x5A, 0x24, 0x45, 0x51, 0x2C, 0x84, 0x4E, 0xB2, 0x69, 0x9D, 0x26, 0xD3, 0x74, 0x15, 0xE8, 0x22,
    0xD0, 0x35, 0xA0, 0x4B, 0x40, 0x1E, 0xB5, 0x5B, 0xA7, 0x93, 0x34, 0x95, 0x44, 0xEA, 0xBF, 0xB9,
    0xAE, 0xAB, 0x43, 0xEF, 0xF4, 0x7F, 0xBB, 0xBD, 0xB5, 0xE6, 0x06, 0x2B, 0x20, 0x30, 0x7E, 0x3F,
    0x18, 0x23, 0xED, 0x85, 0x07, 0xE7, 0x07, 0x96, 0x87, 0xA7, 0xFD, 0x19, 0xEB, 0x92, 0xEE, 0x04,
    0x8B, 0x33, 0xB7, 0x0F, 0x24, 0x8D, 0xD3, 0x5D, 0x60, 0x48, 0x72, 0x75, 0x6E, 0xFD, 0xB5, 0x2A,
    0x17, 0xDF, 0xC7, 0xC9, 0x69, 0x4D, 0x5D, 0xF0, 0x1A, 0xCD, 0x45, 0x47, 0x30, 0x6F, 0x4B, 0x64,
    0xE9, 0x6E, 0x28, 0xAA, 0x2B, 0x97, 0x7D, 0x66, 0xC7, 0xD1, 0xF9, 0xF9, 0x58, 0x6E, 0x68, 0x78,
    0xF1, 0x83, 0x45, 0xB1, 0xFC, 0xE6, 0xAD, 0x91, 0xC0, 0x5A, 0xA7, 0x20, 0xDE, 0xE9, 0x46, 0x50,
    0x08, 0x44, 0xD8, 0x4C, 0x20, 0xC2, 0xC6, 0x4D, 0xEA, 0x1C, 0xD8, 0x44, 0xAD, 0x46, 0xD8, 0xB8,
    0xC1, 0x25, 0x92, 0xFB, 0xB7, 0x13, 0xDC, 0xC2, 0x8F, 0x7F, 0xE2, 0x08, 0x9B, 0xDF, 0x3C, 0xB9,
    0xCF, 0x41, 0x84, 0xCD, 0x04, 0x99, 0x78, 0x7A, 0x5F, 0x8B, 0xCA, 0x61, 0x61, 0xF5, 0x6F, 0xD5,
    0x7C, 0x08, 0x10, 0x4B, 0x31, 0xF9, 0x58, 0x09, 0x77, 0x80, 0x62, 0x76, 0x85, 0xC3, 0xA2, 0x54,
    0xFC, 0x6A, 0xBA, 0x6C, 0x55, 0xC3, 0xE3, 0x47, 0x5D, 0x73, 0x7B, 0xAE, 0xD7, 0xDC, 0x92, 0x55,
    0xB9, 0xE9, 0xEA, 0x76, 0xA3, 0x2B, 0x18, 0x0E, 0x5A, 0x31, 0xC4, 0x89, 0x0E, 0x74, 0x3F, 0xED,
    0xB5, 0x66, 0x18, 0xF4, 0xAE, 0x68, 0x38, 0xB8, 0xAA, 0xE1, 0xE8, 0xCA, 0x86, 0xA3, 0xAB, 0x1B,
    0x9E, 0xBA, 0xC2, 0xE1, 0x1D, 0x57, 0x39, 0x3C, 0x72, 0xA5, 0xC3, 0x23, 0x57, 0x3B, 0x3C, 0x72,
    0x7F, 0xF4, 0x54, 0x09, 0xAD, 0xF3, 0x86, 0xBD, 0x46, 0xC1, 0x41, 0xFF, 0x09, 0xD7, 0xDC, 0x3E,
    0x62, 0x69, 0xDC, 0x90, 0x83, 0xAC, 0xB5, 0xDD, 0xFB, 0x3F, 0x28, 0xDD, 0xDC, 0xE7, 0xA8, 0xA2,
    0x4F, 0x2C, 0x82, 0x8B, 0x70, 0x8C, 0x71, 0xC7, 0x0C, 0xE7, 0x54, 0xF9, 0x8E, 0x99, 0x10, 0xBD,
    0x9F, 0x79, 0x85, 0x84, 0x1A, 0xD6, 0xF2, 0xB3, 0xA2, 0x70, 0x8B, 0x21, 0xAC, 0x70, 0x06, 0x77,
    0x87, 0x7F, 0xE3, 0x18, 0x97, 0xBF, 0xD3, 0xA1, 0x37, 0x87, 0x7F, 0xD2, 0x41, 0x36, 0xE7, 0x9D,
    0x9C, 0x6B, 0xE2, 0xBF, 0x7E, 0xEE, 0x56, 0x48, 0xD4, 0x5D, 0x3C, 0xFE, 0xAB, 0xB2, 0xEF, 0x56,
    0x75, 0x5A, 0xF4, 0x96, 0xBE, 0x85, 0x3D, 0x21, 0xAD, 0xE4, 0x1F, 0xF4, 0xA2, 0x37, 0xBD, 0x2E,
    0x06, 0xD6, 0x19, 0xB9, 0x59, 0x02, 0x22, 0xA6, 0x07, 0xE7, 0x81, 0xB4, 0xF7, 0xCB, 0xDC, 0xD8,
    0x8A, 0x5B, 0x90, 0x4A, 0x46, 0x8E, 0x87, 0xBD, 0xD7, 0x4A, 0xD4, 0x6A, 0xED, 0x3F, 0x7E, 0x17,
    0xC7, 0xCD, 0x90, 0x33, 0x4F, 0x9B, 0x8D, 0x0C, 0xF9, 0x4B, 0x18, 0x52, 0x94, 0x77, 0x87, 0x2F,
    0xE0, 0x9D, 0x93, 0xEC, 0x83, 0x5F, 0x5F, 0xAA, 0x30, 0x4B, 0x92, 0x63, 0xC9, 0x65, 0x7C, 0x52,
    0x0F, 0x82, 0xED, 0xD2, 0x83, 0xC0, 0xB8, 0x1E, 0x04, 0x58, 0xE6, 0x02, 0xFA, 0x83, 0xA7, 0x43,
    0x0F, 0x02, 0xB8, 0x3A, 0xE9, 0x41, 0x00, 0xCE, 0x7E, 0x57, 0x7A, 0x10, 0x20, 0xBC, 0x45, 0x0F,
    0x02, 0xC9, 0x60, 0xA0, 0x07, 0x01, 0x96, 0xB9, 0xF4, 0x20, 0x70, 0x89, 0x05, 0xC0, 0xDD, 0x2A,
    0x9F, 0x7E, 0xD9, 0x2C, 0x64, 0x72, 0x25, 0x29, 0xF3, 0x0C, 0xAF, 0x37, 0xBA, 0xD2, 0x83, 0x60,
    0xEB, 0x7B, 0x10, 0x18, 0xED, 0x41, 0xC0, 0xDC, 0x4A, 0x0F, 0x02, 0x66, 0x16, 0x3D, 0x08, 0x64,
    0xCF, 0x98, 0x0D, 0x9A, 0x65, 0x2E, 0xD1, 0x83, 0x80, 0x39, 0x7D, 0x89, 0x7B, 0x10, 0xC0, 0x9E,
    0xA1, 0x07, 0x01, 0xF8, 0x44, 0x0F, 0x02, 0xB0, 0x89, 0xBB, 0xBB, 0x25, 0x49, 0x73, 0xD7, 0x65,
    0x99, 0xE5, 0xEE, 0xEE, 0x04, 0xC2, 0x6D, 0x9D, 0x6F, 0xD0, 0xBB, 0xBB, 0x61, 0x0F, 0x9E, 0x41,
    0x0F, 0x82, 0xED, 0xD2, 0x83, 0xC0, 0xB8, 0x1E, 0x04, 0xC4, 0x95, 0xEB, 0x41, 0x80, 0x39, 0xC4,
    0xC4, 0x69, 0x22, 0x8A, 0x7B, 0x10, 0x08, 0x63, 0xD2, 0x83, 0x00, 0xA1, 0x30, 0x7A, 0x10, 0xC8,
    0x76, 0x18, 0x3D, 0x08, 0x64, 0x3F, 0x8C, 0x1E, 0x04, 0xAE, 0x83, 0x8C, 0xCE, 0xA1, 0xEB, 0x41,
    0xC0, 0x5B, 0x62, 0xED, 0x41, 0x80, 0xB0, 0x65, 0xB9, 0x62, 0xCD, 0xF7, 0x20, 0x30, 0xCF, 0xAA,
    0x07, 0xC1, 0xD6, 0xF5, 0x20, 0xD0, 0x25, 0xC9, 0x93, 0x86, 0x1E, 0x04, 0xCC, 0x5C, 0x8E, 0x3B,
    0x32, 0x89, 0x35, 0xEE, 0x41, 0x00, 0xC6, 0xD0, 0x83, 0x00, 0x1E, 0x88, 0x0F, 0x58, 0x30, 0x53,
    0xA7, 0xC0, 0xBF, 0xEA, 0xFD, 0xAD, 0xAA, 0x94, 0xB4, 0x26, 0x45, 0x25, 0xC9, 0xE1, 0xF0, 0x5C,
    0xA1, 0x07, 0x41, 0x82, 0x7D, 0xEF, 0xAC, 0x91, 0xBB, 0xB3, 0x5C, 0x9F, 0x67, 0x0F, 0x82, 0xED,
    0xD2, 0x83, 0xC0, 0x5B, 0x1C, 0x2C, 0x41, 0xED, 0xBD, 0xCB, 0x9E, 0x56, 0xCF, 0x4F, 0x4B, 0xDE,
    0x35, 0xD4, 0x30, 0x41, 0x7B, 0x10, 0x80, 0x4F, 0xF4, 0x20, 0x70, 0x45, 0x82, 0xCD, 0x1D, 0xF5,
    0xB4, 0xE8, 0x41, 0xA0, 0x9E, 0x96, 0x7B, 0x10, 0x88, 0xA7, 0x95, 0x1E, 0x04, 0xCE, 0xD3, 0xAA,
    0x7A, 0xFA, 0x1E, 0x04, 0x66, 0xE9, 0x41, 0x60, 0x7E, 0x9A, 0x7A, 0x10, 0xFC, 0xAB, 0x4D, 0x2F,
    0x5C, 0xFD, 0x7A, 0x06, 0x3D, 0x08, 0xB6, 0xBE, 0x07, 0x81, 0xD1, 0x1E, 0x04, 0xB0, 0x63, 0xE3,
    0x62, 0xC7, 0x4A, 0x67, 0xC7, 0xB8, 0x07, 0x81, 0xDA, 0xB1, 0x5D, 0xE1, 0xEC, 0x58, 0xA3, 0xD5,
    0x32, 0xF4, 0x20, 0x70, 0x76, 0xAC, 0x78, 0x0A, 0x3B, 0xF6, 0x24, 0x3D, 0x08, 0x18, 0x19, 0x94,
    0xE9, 0x0C, 0x0B, 0x3E, 0x48, 0x68, 0x46, 0x09, 0x9D, 0x8B, 0xA9, 0xC6, 0xAD, 0x32, 0x93, 0xCB,
    0x08, 0xCA, 0x6D, 0x33, 0x39, 0x56, 0x25, 0xD1, 0xDC, 0x56, 0x10, 0x4B, 0x95, 0x96, 0xC1, 0x17,
    0xE9, 0x11, 0xCF, 0x91, 0x89, 0x98, 0x71, 0xFD, 0x10, 0x87, 0xCF, 0x8C, 0x24, 0xE2, 0x74, 0xE5,
    0x40, 0x3A, 0xCC, 0x78, 0xA2, 0x10, 0x58, 0x50, 0x32, 0x16, 0xC7, 0xE6, 0x4D, 0x56, 0xEB, 0xC1,
    0xED, 0x71, 0xF1, 0x73, 0xA5, 0xD1, 0xB8, 0x4F, 0x75, 0x7A, 0x8F, 0xB1, 0xA2, 0x3E, 0xD2, 0x6C,
    0x05, 0x37, 0x2A, 0x4B, 0x64, 0x58, 0x6E, 0x70, 0x9D, 0x57, 0x09, 0xD1, 0x75, 0x72, 0x34, 0x5D,
    0xDF, 0x36, 0x78, 0x39, 0xC1, 0x7E, 0x7D, 0xF1, 0x9A, 0x25, 0x62, 0xA4, 0x78, 0xCD, 0x02, 0xD9,
    0x49, 0xF1, 0x9A, 0xE5, 0xF1, 0x40, 0x8B, 0xD7, 0x2C, 0x0E, 0x2D, 0x5E, 0xB3, 0x34, 0xB4, 0x78,
    0xCD, 0xC2, 0x90, 0xE2, 0x35, 0x64, 0x21, 0xC5, 0x6B, 0x69, 0x5B, 0x85, 0xE2, 0x35, 0x24, 0x61,
    0x50, 0xBC, 0x66, 0x41, 0x18, 0x29, 0x5E, 0xB3, 0x1C, 0xB4, 0x78, 0xED, 0xCE, 0x41, 0x79, 0xD2,
    0xDF, 0x2E, 0xE2, 0x8A, 0xD7, 0xE6, 0xF3, 0x29, 0x5E, 0xFB, 0x37, 0xAC, 0xC8, 0x4A, 0xE4, 0x10,
    0xD8, 0x36, 0x25, 0xB5, 0x63, 0x39, 0xA4, 0x76, 0x22, 0x92, 0xE5, 0x30, 0x14, 0xF7, 0xEC, 0xAB,
    0xF7, 0x80, 0xBD, 0x98, 0xAC, 0x49, 0xF9, 0x34, 0x3A, 0xCB, 0x61, 0x7E, 0x0B, 0xD8, 0x10, 0x96,
    0x03, 0xDF, 0x2D, 0xD7, 0x40, 0x0E, 0x37, 0xC8, 0x4C, 0x15, 0xAA, 0x12, 0x7F, 0x94, 0xB4, 0x9C,
    0xC3, 0x82, 0x1C, 0x22, 0x2E, 0x1B, 0x89, 0x1C, 0x62, 0x26, 0x21, 0x07, 0x07, 0xAF, 0x81, 0xAD,
    0xF6, 0x64, 0x68, 0x7D, 0xD2, 0x5A, 0x51, 0xD4, 0x3A, 0x69, 0x2B, 0x44, 0xF4, 0xD3, 0x93, 0xEB,
    0xB5, 0x30, 0xF9, 0x95, 0x30, 0x61, 0x1D, 0x48, 0x55, 0x9C, 0xD9, 0x95, 0x5A, 0x38, 0x73, 0xEB,
    0xA9, 0x4C, 0x28, 0x9E, 0x73, 0x54, 0xC5, 0xC1, 0x2A, 0xAA, 0xE2, 0xE0, 0x34, 0xE3, 0xAA, 0x38,
    0x18, 0x15, 0x7B, 0xC0, 0x7C, 0xA2, 0x2A, 0xAE, 0x0A, 0xED, 0x28, 0xA9, 0x8A, 0x83, 0x7A, 0xE0,
    0xFF, 0xF5, 0x69, 0xAB, 0xE2, 0x98, 0x43, 0xA9, 0x8A, 0xCB, 0x1C, 0xA2, 0x2A, 0x8E, 0x39, 0xD4,
    0xAA, 0x38, 0x33, 0xA5, 0x55, 0x71, 0xAC, 0x6C, 0xA9, 0x8A, 0x63, 0x61, 0xA3, 0x2A, 0xCE, 0x7C,
    0x25, 0x52, 0x15, 0x67, 0xC6, 0x22, 0xA9, 0x8A, 0x33, 0x67, 0xA1, 0x54, 0xC5, 0xC1, 0x9A, 0x54,
    0xC5, 0xC1, 0x9B, 0x54, 0xC5, 0xE5, 0xCC, 0x3D, 0xAA, 0xE2, 0x6A, 0xAB, 0x6B, 0xD7, 0x65, 0x40,
    0xAB, 0xE2, 0xE6, 0x69, 0xAB, 0xE2, 0x82, 0x69, 0xE4, 0x13, 0x99, 0x3A, 0x59, 0x1D, 0x90, 0x8D,
    0xF7, 0xF8, 0xD6, 0x39, 0x01, 0x37, 0xAA, 0xB5, 0xDA, 0x29, 0x21, 0x00, 0x3C, 0x46, 0x39, 0xCA,
    0x4D, 0x71, 0xB3, 0x49, 0x6B, 0x7B, 0x0B, 0xBC, 0xA4, 0xDF, 0xB0, 0x62, 0x9E, 0xD2, 0x8A, 0x63,
    0x28, 0x41, 0x3C, 0x16, 0x7E, 0x25, 0x5C, 0x21, 0x0E, 0x1C, 0xA1, 0x98, 0xC0, 0x4A, 0xED, 0x49,
    0xDA, 0xE8, 0x22, 0x4B, 0xCE, 0xD5, 0x3B, 0x47, 0xFE, 0x16, 0x1D, 0x2E, 0xE2, 0x78, 0x0D, 0xF3,
    0x0F, 0xBD, 0x3C, 0x35, 0x45, 0x1F, 0xFC, 0xD8, 0x8D, 0x13, 0x87, 0x1A, 0x3A, 0x7E, 0x70, 0x6B,
    0x7F, 0x24, 0x4F, 0x9E, 0x1D, 0x5A, 0xB5, 0xAF, 0xE4, 0x3F, 0x1E, 0x8A, 0x4D, 0xC9, 0xCA, 0xA8,
    0x73, 0x0F, 0xCF, 0x47, 0xF0, 0xF1, 0xF4, 0x4D, 0xDE, 0x1C, 0x39, 0xA9, 0x95, 0x77, 0x54, 0x6F,
    0x46, 0x57, 0xFB, 0x3A, 0xAB, 0x96, 0x1A, 0x91, 0xAB, 0x93, 0x94, 0x41, 0xED, 0xCE, 0x08, 0xB8,
    0x92, 0x43, 0xB8, 0xDC, 0x06, 0xFD, 0x5F, 0x96, 0xDA, 0xC9, 0xDE, 0x52, 0x4A, 0x8B, 0xED, 0x35,
    0xBE, 0x33, 0xAC, 0x56, 0x3E, 0x85, 0x16, 0xFF, 0xE2, 0x54, 0x6C, 0xA3, 0x5E, 0x45, 0x4B, 0xDD,
    0xE2, 0x56, 0xB4, 0xD4, 0x2D, 0x7E, 0x45, 0x4B, 0xDD, 0xAC, 0x7F, 0xAE, 0xD4, 0xAD, 0x1A, 0x28,
    0xA5, 0x6E, 0x66, 0x3D, 0x70, 0xA5, 0x6E, 0xAC, 0x2F, 0x57, 0xEA, 0x16, 0x3D, 0xD4, 0x52, 0x37,
    0x34, 0xD1, 0x95, 0xBA, 0x45, 0x01, 0xB5, 0xD4, 0xAD, 0x2A, 0xA8, 0xA5, 0x6E, 0x77, 0x42, 0xD5,
    0xBF, 0xED, 0x27, 0x58, 0xEA, 0x76, 0x52, 0xE3, 0xF2, 0xB6, 0x13, 0x1A, 0xD3, 0xCE, 0x13, 0xA3,
    0xD4, 0xED, 0x3C, 0x71, 0xBC, 0x73, 0x12, 0xCB, 0x1C, 0xCD, 0x9E, 0x18, 0x34, 0x3C, 0xB1, 0x94,
    0xBA, 0x61, 0x8B, 0x42, 0x29, 0x75, 0x43, 0x5A, 0xB9, 0x94, 0xBA, 0x59, 0x58, 0x81, 0x96, 0xBA,
    0xE1, 0x89, 0xB5, 0xD4, 0xED, 0x32, 0x04, 0xB3, 0xA7, 0xB5, 0xD4, 0xAD, 0x36, 0x06, 0xA5, 0x6E,
    0xF3, 0xEC, 0x4B, 0xDD, 0xB0, 0x53, 0xAE, 0xD4, 0x0D, 0x4B, 0xE5, 0x4A, 0xDD, 0xB0, 0x55, 0xBE,
    0xD4, 0x2D, 0xEC, 0x6B, 0xA9, 0x1B, 0xFC, 0xBB, 0x52, 0x37, 0x04, 0xA0, 0xA5, 0x6E, 0x91, 0x80,
    0x96, 0xBA, 0xC5, 0x03, 0x6B, 0xA9, 0x1B, 0x32, 0x70, 0xA5, 0x6E, 0x08, 0xC1, 0x95, 0xBA, 0x59,
    0x0A, 0xBE, 0xD4, 0xAD, 0x91, 0x80, 0x94, 0xBA, 0x3D, 0x0E, 0x3B, 0xD3, 0xCB, 0x94, 0x96, 0x52,
    0xB7, 0xF9, 0x5C, 0x4B, 0xDD, 0x8B, 0x73, 0xBA, 0x8E, 0x5A, 0x0E, 0x56, 0x47, 0x82, 0x92, 0x31,
    0xFE, 0xAC, 0x98, 0xEC, 0x96, 0x96, 0xB5, 0xB9, 0x12, 0x7C, 0xBB, 0xA2, 0xFC, 0x32, 0x5D, 0x02,
    0xBF, 0x9D, 0x73, 0x77, 0x1A, 0xF4, 0x15, 0xDE, 0x18, 0x79, 0x2A, 0x13, 0x8B, 0xCE, 0x22, 0x2E,
    0x38, 0x4F, 0x0E, 0xF9, 0x16, 0x1C, 0x72, 0x48, 0xA8, 0xC7, 0x50, 0x47, 0xAC, 0x45, 0x69, 0x34,
    0xC6, 0x0B, 0xB1, 0xF0, 0x7B, 0x99, 0xC2, 0x67, 0xC9, 0x0B, 0x5F, 0x88, 0x5F, 0x53, 0xCF, 0x24,
    0xC8, 0xFF, 0x7C, 0x0B, 0xE1, 0x8F, 0x32, 0xE1, 0xE7, 0x52, 0x08, 0x87, 0x86, 0xA2, 0x10, 0x0E,
    0xF5, 0x84, 0x5F, 0x86, 0x6E, 0x72, 0x21, 0x5C, 0x15, 0xF3, 0xDD, 0x56, 0xE3, 0x42, 0x2E, 0x84,
    0x4B, 0x38, 0x84, 0xF2, 0x37, 0xA2, 0x21, 0xA6, 0x24, 0x18, 0xE2, 0x42, 0xB8, 0x73, 0xE9, 0x7A,
    0x7D, 0x8D, 0x14, 0xC2, 0x8D, 0x71, 0x85, 0x70, 0xF3, 0x2C, 0x0A, 0xE1, 0x8B, 0xB9, 0x5E, 0x58,
    0x72, 0x3C, 0xC9, 0xAE, 0x18, 0x4C, 0x89, 0x44, 0xC0, 0x95, 0x27, 0x33, 0xED, 0xCC, 0xA7, 0x26,
    0x3A, 0x94, 0x80, 0x57, 0x3B, 0xF3, 0x89, 0x79, 0x96, 0xCE, 0x7C, 0x1A, 0x24, 0x70, 0x67, 0x3E,
    0x98, 0x66, 0xE9, 0xCC, 0x67, 0xFC, 0xAE, 0x58, 0x15, 0x5F, 0x3A, 0xF3, 0x19, 0xBF, 0x2B, 0x36,
    0x4F, 0xBB, 0x2B, 0xFE, 0x7F, 0xED, 0x7D, 0x3D, 0x8C, 0x25, 0xD9, 0x75, 0xDE, 0xAD, 0x2A, 0xB2,
    0x9F, 0x38, 0x15, 0x94, 0x02, 0x05, 0x14, 0x07, 0x42, 0x39, 0xD8, 0xC0, 0x58, 0xCA, 0x2A, 0x85,
    0x36, 0x21, 0x75, 0x95, 0xB8, 0x81, 0x03, 0x06, 0xAB, 0xC0, 0x99, 0x93, 0x0E, 0x14, 0x18, 0x96,
    0xC1, 0x71, 0xE0, 0xC0, 0x01, 0x7B, 0x5E, 0x2D, 0x07, 0xF0, 0x06, 0x1B, 0xB0, 0x01, 0x19, 0x70,
    0xE0, 0x80, 0x13, 0x10, 0x10, 0xD9, 0x03, 0xB0, 0x15, 0x28, 0x10, 0x85, 0x9E, 0xAE, 0x47, 0x12,
    0xB0, 0x02, 0x06, 0xFB, 0x6C, 0x06, 0x0E, 0x18, 0x6C, 0x89, 0x1C, 0x03, 0xCB, 0xD9, 0x60, 0x4A,
    0xE2, 0x33, 0xB7, 0xE6, 0x6D, 0xBD, 0xBA, 0xBE, 0xE7, 0x3B, 0xE7, 0xDC, 0x7B, 0x5F, 0xFF, 0xCD,
    0xEC, 0xEC, 0x52, 0xB0, 0x29, 0x37, 0x06, 0xAF, 0x4E, 0x75, 0xBF, 0xF7, 0xA6, 0xCE, 0xB9, 0xE7,
    0x9E, 0xBF, 0xFB, 0xDD, 0x73, 0xEB, 0xCD, 0x62, 0x2E, 0xAD, 0xFB, 0x59, 0xD7, 0x73, 0x65, 0xDF,
    0x03, 0xF5, 0xA5, 0xAE, 0x3B, 0xDB, 0x76, 0xA7, 0xA7, 0xA7, 0xAD, 0xC9, 0x27, 0xB3, 0xAB, 0x0D,
    0xFD, 0x64, 0x1B, 0x53, 0x7B, 0xAA, 0x5C, 0x82, 0x5A, 0x8C, 0xE6, 0x73, 0xB5, 0x39, 0x6B, 0x8D,
    0x29, 0x67, 0x63, 0x6A, 0x63, 0x07, 0xB3, 0xB0, 0xCB, 0xD1, 0x51, 0xDD, 0x64, 0x16, 0xBB, 0x62,
    0x72, 0x94, 0x99, 0x4C, 0x76, 0x62, 0xBE, 0x4D, 0xD4, 0x63, 0x7C, 0x88, 0xA8, 0x73, 0x4F, 0x4D,
    0x57, 0x29, 0xF7, 0xFD, 0x42, 0xE5, 0x83, 0x52, 0xD5, 0x8A, 0xA9, 0xF2, 0xA9, 0x65, 0xC2, 0x14,
    0x76, 0x14, 0x2A, 0xB5, 0xAD, 0xF1, 0x3F, 0x7F, 0xE0, 0xA9, 0x3F, 0x34, 0xB5, 0xE3, 0xCD, 0xE4,
    0xB6, 0xA9, 0x27, 0xE2, 0x6D, 0x5D, 0xDB, 0xA1, 0x9E, 0x88, 0xB7, 0xD1, 0x3E, 0x9A, 0xEA, 0x6F,
    0x83, 0xB7, 0xC9, 0x74, 0x87, 0xCC, 0xDB, 0xC6, 0x14, 0x33, 0xF3, 0x36, 0x98, 0x6C, 0x06, 0x6F,
    0x77, 0x36, 0x26, 0x99, 0xC1, 0x5B, 0xE2, 0x1E, 0xEE, 0x82, 0x79, 0xB3, 0x8D, 0x39, 0x64, 0xDE,
    0x96, 0x93, 0xA3, 0xC0, 0x5B, 0x41, 0x14, 0x7E, 0x92, 0x73, 0xA5, 0xDC, 0xCF, 0xAF, 0x8E, 0xE2,
    0x9F, 0xDF, 0xC3, 0x6B, 0xE5, 0x9E, 0x3D, 0xDF, 0x55, 0xB6, 0x9E, 0x6B, 0xFB, 0xCC, 0x7E, 0xA9,
    0xB3, 0x67, 0xF6, 0x3B, 0x26, 0x1F, 0x13, 0x0B, 0x6E, 0x3A, 0xE6, 0xCE, 0xC9, 0x6B, 0xE7, 0xDE,
    0x99, 0xD9, 0x6E, 0x74, 0xAF, 0x73, 0x49, 0xAF, 0x0F, 0x93, 0xBF, 0xAC, 0xE4, 0x1B, 0xDC, 0xCF,
    0x9D, 0xCE, 0x24, 0x2B, 0xB3, 0xB4, 0x66, 0xD1, 0x1B, 0x6B, 0xDB, 0x6C, 0x48, 0xC7, 0x7C, 0x9D,
    0x6E, 0xD2, 0x21, 0x1B, 0xCC, 0x94, 0x0E, 0xE9, 0xE0, 0x04, 0x70, 0xE2, 0x5E, 0xEB, 0xC6, 0xB8,
    0xD7, 0x72, 0x6D, 0xDC, 0xEF, 0x17, 0x3B, 0x53, 0xAC, 0x4D, 0xE2, 0x74, 0xC6, 0x0D, 0x4F, 0x65,
    0x67, 0x12, 0x40, 0x77, 0xE2, 0x9F, 0xAF, 0x8C, 0x28, 0x8C, 0xC5, 0x5D, 0xDB, 0x94, 0x16, 0x63,
    0xD1, 0xD9, 0xBE, 0xB4, 0x34, 0x16, 0xCF, 0xE7, 0x47, 0x63, 0xF9, 0x1D, 0x1A, 0x8B, 0x79, 0x63,
    0xA6, 0xB2, 0xC1, 0xD3, 0x0E, 0xE6, 0x31, 0x53, 0xE5, 0x06, 0x14, 0xE9, 0xD9, 0x04, 0x8A, 0xF4,
    0xEC, 0xDF, 0xD3, 0xFB, 0x30, 0x16, 0xEE, 0x0F, 0x8E, 0xA2, 0xB1, 0x48, 0xBA, 0xBE, 0x6C, 0x58,
    0xCF, 0xDC, 0xFF, 0xD1, 0x30, 0x5B, 0x4F, 0x8C, 0x50, 0xE5, 0x4E, 0xA9, 0x03, 0xBB, 0x12, 0xCA,
    0x94, 0xA3, 0x52, 0xC9, 0xAC, 0x94, 0xA9, 0xDE, 0x53, 0xCA, 0xE9, 0x8D, 0x50, 0x89, 0xA7, 0x4C,
    0xE7, 0xA9, 0xBA, 0x09, 0xE3, 0x50, 0xEB, 0x1C, 0x1A, 0xFD, 0x1C, 0x1A, 0x31, 0x87, 0x2E, 0xDC,
    0x1C, 0x7A, 0x08, 0x3D, 0x3B, 0xF6, 0x73, 0xC8, 0x51, 0xBF, 0xC9, 0x7A, 0x76, 0x6C, 0xD2, 0x89,
    0xE7, 0xD0, 0xB1, 0x13, 0x1E, 0xCF, 0xA1, 0x63, 0x27, 0x4C, 0xD6, 0xB3, 0xE3, 0x7C, 0xF7, 0x98,
    0xF5, 0xEC, 0xB8, 0xEE, 0x65, 0x0E, 0x1D, 0x5B, 0x23, 0x4A, 0xBF, 0x9C, 0x12, 0xA5, 0xFA, 0x44,
    0xE6, 0xCB, 0xB2, 0x55, 0xEA, 0x77, 0x8C, 0x52, 0x26, 0xA2, 0xF4, 0xB3, 0x7B, 0xD4, 0xE4, 0xA9,
    0x73, 0x4F, 0x1D, 0x9B, 0x7D, 0xDE, 0xDC, 0x0C, 0x33, 0x76, 0x83, 0x71, 0x2B, 0x88, 0xC2, 0x1C,
    0x2A, 0xFE, 0x97, 0xD9, 0xFD, 0x31, 0x78, 0x73, 0xC2, 0x9B, 0x98, 0xB7, 0xB2, 0x2D, 0x99, 0x2A,
    0xDF, 0xFC, 0x81, 0x15, 0xDE, 0x32, 0x4B, 0x14, 0xF1, 0x96, 0x59, 0xC7, 0x07, 0x78, 0xAB, 0x76,
    0x86, 0xED, 0x43, 0x62, 0xD7, 0x62, 0x1F, 0xD2, 0x9D, 0x7F, 0x16, 0xDB, 0x78, 0x6A, 0x54, 0xCA,
    0x69, 0x8E, 0x3E, 0x69, 0xD5, 0x2B, 0xB5, 0x18, 0xFD, 0xD3, 0xCF, 0x9E, 0xAA, 0x3C, 0x95, 0x7B,
    0x2A, 0xF3, 0x54, 0xC2, 0x54, 0xC1, 0xAF, 0x0D, 0x71, 0x57, 0x58, 0x1E, 0x35, 0xE2, 0x8A, 0x66,
    0x8E, 0x7B, 0xA8, 0x96, 0x78, 0x58, 0xE2, 0xB5, 0x6A, 0x89, 0x8B, 0xA2, 0x25, 0x0E, 0x8A, 0x96,
    0x9E, 0xDE, 0xBD, 0xBA, 0x27, 0x2F, 0x5A, 0x7A, 0xEA, 0x02, 0x96, 0x27, 0xBC, 0xFE, 0xDE, 0x89,
    0x7B, 0x4D, 0xEC, 0xCE, 0xBD, 0x3A, 0xBE, 0xBF, 0xE1, 0xEC, 0xA7, 0x53, 0x73, 0xF7, 0xBA, 0x26,
    0x1B, 0x95, 0x8D, 0xA6, 0x6B, 0x69, 0xCC, 0xDD, 0x77, 0x9A, 0xFF, 0x28, 0x9F, 0x8A, 0x7E, 0x06,
    0x13, 0x8D, 0x0F, 0xE4, 0x6E, 0xC8, 0xDE, 0xB0, 0xE0, 0xDD, 0xD7, 0x35, 0x22, 0xF9, 0x72, 0xDB,
    0xF5, 0x33, 0xAB, 0xD5, 0xB2, 0xCD, 0x46, 0x91, 0xFD, 0xCC, 0x42, 0x20, 0xE1, 0xCF, 0x27, 0xA9,
    0x48, 0x3F, 0xB7, 0x63, 0xAE, 0xE2, 0xB7, 0x53, 0xF5, 0x43, 0x91, 0xFF, 0x6F, 0x1E, 0x76, 0x89,
    0x18, 0x68, 0x53, 0x4F, 0x6A, 0xA1, 0x69, 0xDE, 0xA9, 0xA0, 0x96, 0x2B, 0x4F, 0xDA, 0xA0, 0x24,
    0x53, 0x20, 0xFF, 0x49, 0xAC, 0x3A, 0x9F, 0x02, 0x19, 0xCD, 0x22, 0xCB, 0x2C, 0xBF, 0x27, 0x34,
    0x66, 0x92, 0x3D, 0x3D, 0xF5, 0x73, 0xC9, 0xE9, 0x8C, 0x9F, 0x4D, 0xF7, 0x9C, 0x8B, 0x79, 0x22,
    0x3E, 0xE9, 0x8F, 0x9C, 0xA5, 0x27, 0x57, 0x40, 0x5A, 0xE7, 0x1C, 0x46, 0xDD, 0x0D, 0xCC, 0xB8,
    0xA9, 0xD6, 0x87, 0x99, 0x70, 0x9E, 0xDA, 0xD5, 0x21, 0x59, 0x72, 0x62, 0xBD, 0x22, 0xAB, 0x5D,
    0x33, 0xEF, 0xCE, 0x80, 0x1D, 0xAA, 0x8D, 0xD8, 0x99, 0x40, 0xDB, 0x9E, 0xDE, 0xC3, 0xF4, 0x72,
    0x36, 0x87, 0x85, 0xB8, 0x9F, 0x03, 0xBB, 0x3E, 0x74, 0x16, 0x55, 0x14, 0x6D, 0x3C, 0xCC, 0x7B,
    0x65, 0xC3, 0x46, 0x56, 0xBA, 0x9A, 0x03, 0x9D, 0x47, 0x74, 0x1A, 0xD1, 0xEE, 0x69, 0xAE, 0xFE,
    0x14, 0x72, 0x69, 0x0C, 0x6B, 0xA8, 0x21, 0x81, 0xBC, 0x6B, 0x0D, 0x74, 0xF4, 0xA9, 0x11, 0x25,
    0x15, 0x2D, 0x15, 0x35, 0x15, 0x3D, 0x65, 0x45, 0x35, 0xAC, 0xA9, 0x86, 0x55, 0xD5, 0x04, 0x5D,
    0xC5, 0x3B, 0xDD, 0x7B, 0xD9, 0x67, 0x2E, 0x71, 0x59, 0x90, 0xA6, 0xD2, 0x00, 0xE0, 0x2D, 0xCB,
    0xA6, 0x88, 0xEE, 0x4A, 0xFB, 0x26, 0xDE, 0xD9, 0x3D, 0x8B, 0x3F, 0x47, 0x8A, 0x1C, 0xBE, 0x6C,
    0x7F, 0xF4, 0xA2, 0xC1, 0xE3, 0xB1, 0x8B, 0x86, 0xCE, 0x84, 0x91, 0x33, 0x89, 0x0F, 0x26, 0x86,
    0x45, 0xEF, 0x5C, 0x0A, 0xF4, 0x75, 0xC8, 0xD7, 0x6E, 0x9A, 0x10, 0x0F, 0xE9, 0xA6, 0x58, 0x15,
    0x32, 0x6A, 0x53, 0xBE, 0xAE, 0x65, 0xD0, 0xA6, 0x85, 0x9D, 0x65, 0xCC, 0xEE, 0xA7, 0x76, 0x53,
    0x69, 0x80, 0xF0, 0xD5, 0x56, 0x48, 0x7A, 0x24, 0x21, 0x8B, 0x95, 0x27, 0x17, 0x03, 0x62, 0x0C,
    0x08, 0x7F, 0xF2, 0x91, 0x88, 0x63, 0xC3, 0x9B, 0x86, 0xCA, 0x5A, 0x9D, 0x80, 0x0B, 0xF8, 0x33,
    0xFE, 0xF9, 0xE2, 0xFB, 0x7B, 0x23, 0x82, 0x31, 0x31, 0x32, 0x2A, 0x96, 0xC7, 0x85, 0x78, 0x95,
    0x91, 0x39, 0xD3, 0xB1, 0xA1, 0xFF, 0x1A, 0xA3, 0x23, 0x44, 0x05, 0x02, 0x23, 0x44, 0x04, 0xC6,
    0xC8, 0x11, 0x3C, 0x4A, 0x44, 0x60, 0x9C, 0x1C, 0xC1, 0x23, 0x55, 0xF0, 0xFF, 0x7F, 0x0B, 0x51,
    0x2A, 0xD1, 0x8D, 0x4C, 0x38, 0xC7, 0xC1, 0x44, 0xB6, 0xA9, 0xDE, 0x63, 0x62, 0xC8, 0x98, 0x8F,
    0x74, 0x34, 0xC2, 0xD0, 0x6C, 0x6A, 0x26, 0xBE, 0x66, 0xE4, 0xE3, 0x9F, 0x31, 0x77, 0x9A, 0x3D,
    0x06, 0x89, 0x3F, 0x65, 0x4F, 0xB9, 0x03, 0x73, 0xA7, 0x8F, 0x9E, 0x33, 0x6F, 0x2E, 0x40, 0x50,
    0xD6, 0x98, 0x33, 0x31, 0x91, 0xEC, 0x9E, 0xE9, 0xCA, 0x6C, 0xB1, 0x6B, 0x76, 0x4F, 0xDC, 0xC6,
    0x4C, 0x85, 0x6B, 0xAE, 0xD7, 0x35, 0x5F, 0x17, 0x37, 0x5C, 0xF5, 0x7D, 0xA5, 0x5C, 0xD9, 0x09,
    0x17, 0xDF, 0x90, 0x49, 0x54, 0x88, 0x83, 0x3B, 0x68, 0xC2, 0xF8, 0x60, 0xEC, 0xEB, 0x31, 0xB5,
    0x85, 0x6D, 0x6B, 0xF7, 0xF2, 0xCC, 0xB6, 0x5F, 0x3A, 0xB3, 0x8F, 0x68, 0xEA, 0x64, 0x3B, 0xD3,
    0xAD, 0xA0, 0x05, 0x35, 0x5F, 0x30, 0x42, 0x7C, 0x71, 0x13, 0xCD, 0x5D, 0x52, 0xFB, 0xDE, 0x44,
    0xBC, 0xCD, 0x0B, 0xBA, 0xA4, 0x0F, 0xCD, 0xBF, 0x53, 0xE1, 0xFB, 0x4B, 0xB6, 0xC6, 0x65, 0xB1,
    0x77, 0x71, 0x01, 0x11, 0x2E, 0xF3, 0xE9, 0x05, 0xBD, 0xD3, 0xC9, 0xED, 0x19, 0xC2, 0x22, 0xD5,
    0xA6, 0xA5, 0x8C, 0xDC, 0xDE, 0x97, 0xED, 0x4D, 0xF8, 0x4F, 0xDD, 0x21, 0xA5, 0xEF, 0xE7, 0xDF,
    0x6C, 0xDD, 0x23, 0x74, 0xEE, 0x1B, 0x96, 0xEE, 0x41, 0x5A, 0xF3, 0x38, 0x1B, 0xDD, 0x37, 0x9C,
    0x27, 0x34, 0xBB, 0x2F, 0x0C, 0xBD, 0xD6, 0x6B, 0x7A, 0x67, 0xD1, 0xD3, 0x6B, 0x12, 0x3F, 0x54,
    0x16, 0x6E, 0x1C, 0xBF, 0x78, 0xB2, 0x5D, 0x62, 0x1F, 0xD8, 0x15, 0x3F, 0xDE, 0x3B, 0xF6, 0x43,
    0xBB, 0xA2, 0x67, 0x9C, 0xCF, 0x9E, 0x7D, 0x60, 0x9F, 0x36, 0x98, 0xE0, 0x2E, 0x52, 0x58, 0xF6,
    0x32, 0xC1, 0x5D, 0xD0, 0xC5, 0x64, 0xD9, 0xEC, 0x0C, 0x19, 0x48, 0x32, 0xCC, 0x2E, 0xA0, 0xCE,
    0x7A, 0xB6, 0xCB, 0xCE, 0x96, 0x38, 0x92, 0x38, 0x48, 0xEC, 0x7B, 0x33, 0x91, 0x88, 0x08, 0xDE,
    0xB0, 0x8E, 0xC4, 0x04, 0x7F, 0x62, 0x5E, 0xCF, 0xFA, 0xF0, 0x0C, 0xFF, 0xA0, 0x64, 0x6C, 0xD2,
    0x66, 0x6F, 0xD1, 0x66, 0x18, 0xB4, 0xF9, 0xF4, 0xB4, 0xE3, 0xF4, 0xC1, 0xB9, 0x87, 0x5A, 0x1C,
    0xD1, 0x4E, 0x28, 0xE7, 0x86, 0xD6, 0xB5, 0x38, 0xA1, 0x72, 0xAC, 0xD5, 0x05, 0xD9, 0x4A, 0x1D,
    0xD0, 0x33, 0xCB, 0x96, 0xAC, 0x74, 0xA6, 0xCC, 0x3B, 0x1F, 0x71, 0x2B, 0x3B, 0x6F, 0xA5, 0xEC,
    0x13, 0xA5, 0x96, 0xCE, 0xAD, 0x69, 0xA2, 0xD3, 0xD7, 0x3E, 0xB6, 0xA9, 0x7D, 0x4C, 0x7A, 0xCF,
    0x47, 0xD9, 0xD6, 0x33, 0xE2, 0x29, 0x13, 0xA8, 0x3A, 0x32, 0xD2, 0xAB, 0x60, 0xA4, 0x31, 0x86,
    0x1F, 0x39, 0x9E, 0x1E, 0x6D, 0x91, 0xEF, 0xCD, 0x8E, 0xA9, 0x4C, 0xC6, 0xD0, 0xA5, 0x71, 0x99,
    0x8E, 0x21, 0x0F, 0x1C, 0x3B, 0xD7, 0x83, 0x3F, 0x93, 0x31, 0x34, 0xC5, 0x3D, 0xCB, 0x63, 0x48,
    0x11, 0xB3, 0xED, 0x25, 0xA8, 0x70, 0x33, 0x47, 0xC6, 0xD0, 0x45, 0x3D, 0x5E, 0xAA, 0xCE, 0x20,
    0x31, 0x99, 0x0E, 0xC5, 0x5A, 0xC8, 0xC4, 0xA9, 0xA3, 0xBE, 0xA1, 0xB3, 0x7E, 0x04, 0xEA, 0x9D,
    0x27, 0x0F, 0xFA, 0x8F, 0x3B, 0x86, 0x9E, 0x4D, 0xCF, 0x24, 0x86, 0xED, 0xEC, 0xE9, 0xE9, 0x29,
    0x46, 0x8D, 0x26, 0x2A, 0xD8, 0xCB, 0x66, 0xF6, 0x9E, 0xE5, 0x3D, 0x8D, 0x56, 0xDD, 0x24, 0x61,
    0xC6, 0x2E, 0x9C, 0x79, 0x60, 0xDF, 0xE3, 0x66, 0x2A, 0x98, 0x3A, 0x77, 0x99, 0x11, 0xB3, 0x44,
    0x29, 0x92, 0x0C, 0xC3, 0xDA, 0x98, 0x78, 0x36, 0x9F, 0x24, 0xEC, 0x18, 0x9D, 0x31, 0x9E, 0x25,
    0x77, 0xB0, 0xBD, 0x8F, 0x60, 0x35, 0xB6, 0xDA, 0xF8, 0xC4, 0xD5, 0x0F, 0x8D, 0x7E, 0xE1, 0x62,
    0xBA, 0x32, 0x6E, 0xBF, 0x7B, 0x4D, 0x84, 0x34, 0x84, 0xE1, 0x1B, 0xD8, 0xC7, 0x3E, 0xDA, 0x7A,
    0x1F, 0x0B, 0xF6, 0x78, 0x0A, 0x7A, 0xB2, 0x1C, 0x98, 0x84, 0x8F, 0xCD, 0x28, 0x9B, 0x63, 0x1F,
    0x9B, 0x0D, 0xEE, 0x37, 0xCC, 0x67, 0x36, 0x14, 0x12, 0x13, 0xBA, 0x74, 0x6F, 0xF9, 0x58, 0x7C,
    0xAC, 0x0B, 0x66, 0x0F, 0x55, 0x7D, 0x9C, 0x6B, 0x17, 0x5F, 0xD9, 0xDC, 0x6D, 0xEB, 0xC0, 0xB8,
    0x90, 0x34, 0xC5, 0xE5, 0xBD, 0xE4, 0xC3, 0x1F, 0x7B, 0x46, 0x52, 0x65, 0xAA, 0xDE, 0x9E, 0x0D,
    0x3E, 0xBD, 0x0A, 0x3E, 0xB6, 0xDB, 0x99, 0xDB, 0x7F, 0x3E, 0x1F, 0xC8, 0xCE, 0x5C, 0xA3, 0xD9,
    0x31, 0xF9, 0x4F, 0x63, 0x41, 0xFD, 0x9A, 0x14, 0x35, 0xAE, 0xFE, 0x1C, 0x84, 0xD4, 0xDA, 0x8B,
    0xB1, 0x5A, 0x5F, 0xFD, 0xDD, 0x41, 0x2C, 0x8D, 0x9D, 0x97, 0xC6, 0x4E, 0x83, 0x6A, 0xB5, 0x63,
    0x6B, 0x6F, 0xC7, 0xA6, 0x60, 0xC7, 0x9A, 0x3A, 0x04, 0xD3, 0x3E, 0x94, 0xAE, 0x7D, 0x20, 0x5D,
    0xFB, 0x30, 0x3A, 0x04, 0xD1, 0xF5, 0x27, 0xB0, 0x63, 0xFA, 0xD7, 0x56, 0xED, 0x58, 0x31, 0x64,
    0x9E, 0x32, 0x81, 0x5A, 0xEA, 0xFB, 0xF0, 0xA5, 0x30, 0x61, 0x72, 0x79, 0xFD, 0x6C, 0x7E, 0x34,
    0x9F, 0x36, 0xA6, 0xE0, 0xBC, 0xB1, 0xB2, 0x2D, 0xE9, 0x63, 0x5D, 0x0D, 0xB8, 0xA4, 0x33, 0x2E,
    0x66, 0xB9, 0xE3, 0xF8, 0x89, 0xDE, 0x52, 0x3C, 0x29, 0x07, 0x3C, 0x11, 0xE6, 0xEB, 0x01, 0x29,
    0x8A, 0xFB, 0xD2, 0x5D, 0x9D, 0x6F, 0xC8, 0x3D, 0xD5, 0xEE, 0x6B, 0x72, 0x1A, 0x79, 0x37, 0x1B,
    0x66, 0xF7, 0xF4, 0x87, 0xCE, 0xB0, 0x0E, 0x74, 0x67, 0xEE, 0xED, 0x6A, 0x4A, 0x75, 0x4D, 0xD7,
    0x55, 0x23, 0x2C, 0xEF, 0xDD, 0x93, 0xC8, 0xEC, 0xCA, 0x65, 0x79, 0x75, 0xDC, 0xF2, 0x30, 0xAA,
    0xF9, 0x0A, 0x4F, 0xFF, 0x8B, 0x75, 0xD2, 0xE7, 0xB6, 0x05, 0xD9, 0x67, 0x2E, 0x5D, 0x6B, 0x5F,
    0xB7, 0xA7, 0xF6, 0xCF, 0xD7, 0xC5, 0x2E, 0x7F, 0xDA, 0x64, 0xB3, 0xA9, 0xDE, 0xEE, 0xAB, 0x2E,
    0xA7, 0x50, 0xB1, 0x2F, 0x7E, 0xE8, 0x4C, 0x9A, 0x23, 0xF3, 0xBF, 0xD9, 0x15, 0xDF, 0xB7, 0x63,
    0x45, 0xE4, 0xAA, 0xFB, 0xC6, 0xAA, 0x6A, 0xE9, 0xB7, 0x8B, 0xBE, 0x20, 0x9D, 0xB9, 0x9F, 0x53,
    0x58, 0x46, 0xA6, 0x25, 0x99, 0x1C, 0xE9, 0x0C, 0x90, 0x63, 0xF7, 0xDE, 0x86, 0x82, 0xA8, 0xA5,
    0x53, 0x65, 0xF7, 0x1E, 0x22, 0x0F, 0xB6, 0x86, 0xA4, 0x94, 0x8B, 0xA2, 0x14, 0xB3, 0x27, 0xDD,
    0xE0, 0x28, 0xE9, 0xC6, 0x37, 0x0F, 0x93, 0xF4, 0x2B, 0x9E, 0x2C, 0x7E, 0xE2, 0xC9, 0x34, 0xCC,
    0x62, 0x13, 0x91, 0x75, 0x20, 0xF7, 0xE3, 0x9C, 0xAB, 0x65, 0xBA, 0x43, 0x48, 0x61, 0x20, 0x69,
    0xEF, 0x40, 0xD5, 0xCE, 0xCC, 0xEC, 0x48, 0x06, 0x0F, 0xED, 0xA3, 0x5D, 0xFD, 0x6D, 0x12, 0xC1,
    0x03, 0xA7, 0x62, 0x4B, 0x48, 0xE0, 0x47, 0x5B, 0xC7, 0x25, 0x04, 0xF0, 0xAE, 0xDD, 0x39, 0x71,
    0x13, 0xFF, 0x3F, 0x72, 0x36, 0xDB, 0x82, 0xFD, 0xB7, 0xD6, 0x55, 0xBB, 0x14, 0xEE, 0x0B, 0x37,
    0x7A, 0xCC, 0x7C, 0x49, 0xB6, 0x8A, 0x78, 0x27, 0x0F, 0xC8, 0xAC, 0x27, 0xD6, 0x1B, 0xAD, 0x49,
    0x29, 0xA7, 0x08, 0xB5, 0x1F, 0xA4, 0x3A, 0xF2, 0x9A, 0xAF, 0x4E, 0xA9, 0x7E, 0x52, 0x2A, 0x14,
    0x28, 0xE2, 0xED, 0xD4, 0xF9, 0xDB, 0xF9, 0x21, 0x78, 0x1B, 0xC8, 0x4A, 0x60, 0x74, 0x41, 0x11,
    0x6F, 0x42, 0x39, 0xDE, 0x7E, 0x38, 0xA4, 0xCD, 0x04, 0xDE, 0xBE, 0x3E, 0x9F, 0xAD, 0x26, 0xE6,
    0x6D, 0x69, 0x1D, 0x05, 0xDE, 0x16, 0x54, 0x48, 0x01, 0x6F, 0x25, 0x72, 0x77, 0xE2, 0xCD, 0x79,
    0xA0, 0xC9, 0xCF, 0xC2, 0xC9, 0xCF, 0xC2, 0x49, 0x7D, 0xAC, 0x16, 0x52, 0x2A, 0xEB, 0x0B, 0x29,
    0xE5, 0x34, 0xF9, 0x5A, 0xD7, 0x35, 0x85, 0x94, 0x45, 0x5C, 0x3E, 0xC1, 0x18, 0x51, 0x68, 0xC3,
    0x94, 0xB3, 0x8F, 0xD6, 0x60, 0xB4, 0xCA, 0x1F, 0xCC, 0x1D, 0x14, 0xB6, 0xCD, 0x3F, 0x1C, 0x28,
    0x32, 0xED, 0x8B, 0x55, 0x6A, 0xD7, 0x55, 0x43, 0x1C, 0x41, 0xD7, 0xC1, 0xD1, 0xBB, 0xAB, 0x82,
    0x1E, 0xDC, 0x71, 0xF4, 0x8D, 0x55, 0xFE, 0xEC, 0x04, 0x1C, 0xE5, 0xEB, 0x7C, 0x95, 0xF5, 0xC4,
    0x51, 0x36, 0xE4, 0x2B, 0x17, 0xD0, 0x3B, 0x8E, 0x88, 0x5A, 0x4E, 0xC4, 0x51, 0x32, 0x2E, 0xEC,
    0x8E, 0x1F, 0x61, 0x72, 0x29, 0xDF, 0xB9, 0xCC, 0xAD, 0xAF, 0x36, 0xC7, 0xBE, 0x12, 0xC7, 0xBF,
    0x2B, 0xD6, 0xCA, 0xB0, 0xB3, 0x5A, 0xD9, 0x28, 0x0C, 0x3D, 0xED, 0xD4, 0xE0, 0x5A, 0xB5, 0xA9,
    0xA9, 0x1D, 0xC3, 0xC8, 0x34, 0x81, 0xD2, 0x91, 0x39, 0x35, 0xE0, 0x63, 0xE2, 0x64, 0xD0, 0xF1,
    0x81, 0x09, 0x0D, 0x3E, 0x50, 0x7C, 0xC0, 0xAC, 0x83, 0xC9, 0xC0, 0xA4, 0x9B, 0xC8, 0x6A, 0x60,
    0x64, 0xA6, 0x3B, 0x6E, 0x28, 0x30, 0x32, 0x13, 0x7C, 0x2F, 0x8D, 0xCC, 0xE4, 0xDC, 0x2C, 0x8F,
    0xCC, 0x44, 0x95, 0x53, 0x29, 0x7C, 0x64, 0x81, 0xEA, 0x95, 0xD2, 0xA9, 0x32, 0xF9, 0xBC, 0x7A,
    0xF2, 0x9E, 0x6D, 0xF9, 0xC8, 0x3B, 0x51, 0xDB, 0xC7, 0x25, 0x05, 0xFF, 0xF4, 0x11, 0x23, 0x11,
    0x27, 0xC2, 0x8A, 0x35, 0x81, 0x17, 0x6B, 0x4F, 0x94, 0x19, 0xCC, 0x0F, 0x70, 0x33, 0xDE, 0x73,
    0x9F, 0x62, 0x76, 0x46, 0x53, 0xD5, 0x62, 0x43, 0x9C, 0xED, 0xE3, 0x02, 0x2F, 0x31, 0xB4, 0xA4,
    0xB0, 0x07, 0x1C, 0xA5, 0x3B, 0x7A, 0x68, 0x28, 0x9B, 0x1D, 0x17, 0x6B, 0x7D, 0xAE, 0xB5, 0x86,
    0x43, 0x77, 0x7E, 0x1E, 0xB9, 0x20, 0x5F, 0x34, 0xFD, 0x9C, 0xB9, 0xBB, 0xF3, 0x7E, 0xCE, 0x27,
    0xDB, 0x85, 0x0D, 0x9E, 0xEE, 0x5F, 0xDB, 0x10, 0x09, 0xE4, 0xB6, 0xBF, 0xB6, 0x8E, 0x12, 0xC5,
    0x0A, 0xBF, 0x11, 0x31, 0x6F, 0x6D, 0x4C, 0x83, 0x7D, 0xE7, 0xDD, 0xEC, 0xBF, 0x3D, 0xFD, 0x0E,
    0xF8, 0x77, 0x53, 0x80, 0x22, 0x33, 0x08, 0xC0, 0x65, 0x7B, 0x94, 0x33, 0xC2, 0x88, 0xAC, 0x5C,
    0x34, 0x14, 0x14, 0x73, 0xE5, 0xF8, 0x69, 0x49, 0x06, 0x6F, 0xF7, 0x65, 0xF3, 0x99, 0x83, 0x6E,
    0x45, 0x42, 0xC8, 0x86, 0xAA, 0xA9, 0xDC, 0xDF, 0x58, 0x3D, 0xCB, 0xD6, 0xF6, 0x15, 0x25, 0x53,
    0x43, 0x32, 0x16, 0xD0, 0x7F, 0x1E, 0xDA, 0x85, 0xFD, 0xFB, 0x41, 0x1D, 0x9D, 0xB9, 0x48, 0x95,
    0x76, 0x6F, 0xCD, 0x94, 0x76, 0x21, 0xF1, 0x42, 0x1D, 0x9F, 0xCB, 0x42, 0xCB, 0xB5, 0x1A, 0x0A,
    0x4A, 0xCC, 0x6A, 0x5F, 0x86, 0xD8, 0x69, 0xCD, 0x02, 0xB5, 0xF4, 0x32, 0xAA, 0x33, 0xC7, 0x15,
    0xC3, 0xE2, 0xFA, 0xF0, 0xA0, 0x8C, 0x49, 0x95, 0x48, 0x5F, 0xDA, 0x88, 0x14, 0xD9, 0x3C, 0xEA,
    0x4B, 0x15, 0xCD, 0xA2, 0xA7, 0x94, 0x9D, 0x24, 0xE3, 0x92, 0xB7, 0x52, 0xE6, 0xAB, 0x93, 0xBF,
    0x23, 0x49, 0x35, 0x0C, 0x15, 0xEB, 0x1B, 0xA8, 0x46, 0x6E, 0xDF, 0xA0, 0x3A, 0x3B, 0xA9, 0x46,
    0xB7, 0xC9, 0x1C, 0x49, 0x42, 0x59, 0xD8, 0x86, 0x48, 0x92, 0x89, 0x73, 0x9B, 0x20, 0x9D, 0x48,
    0x1C, 0x87, 0x99, 0x54, 0xD8, 0x33, 0xDB, 0x67, 0x5A, 0x62, 0xAF, 0xA6, 0xCC, 0x7E, 0x53, 0x78,
    0xB2, 0x6F, 0x7C, 0xF0, 0x4C, 0x8B, 0xF1, 0x3F, 0xFE, 0xA9, 0xC6, 0xC7, 0xD9, 0x87, 0xBD, 0x0F,
    0x95, 0x5D, 0xA0, 0xD0, 0xF8, 0x10, 0xB9, 0x52, 0xB2, 0x08, 0x9A, 0x91, 0xF7, 0x3C, 0x03, 0x06,
    0x44, 0x4C, 0x07, 0x4F, 0xF4, 0xA6, 0x22, 0x3F, 0xC2, 0x76, 0xC9, 0x7D, 0xCB, 0x07, 0x13, 0xAD,
    0x68, 0x80, 0x59, 0x97, 0xE9, 0xDB, 0x8D, 0x8B, 0xE8, 0xC1, 0xAE, 0x0B, 0xC5, 0x3A, 0x37, 0xB2,
    0xCC, 0x30, 0xD9, 0x28, 0xF7, 0xC2, 0x2C, 0x97, 0xAD, 0xB9, 0xEF, 0xDE, 0xCE, 0x3E, 0xD5, 0x8D,
    0xC7, 0xB1, 0xE3, 0x98, 0xD8, 0x4E, 0x1B, 0xF7, 0x14, 0x74, 0x03, 0xC6, 0xD7, 0xE5, 0xCE, 0x2C,
    0x93, 0x6F, 0x92, 0x71, 0x1B, 0x16, 0x6B, 0x37, 0x1D, 0x97, 0xE4, 0x46, 0x1D, 0xF3, 0xF9, 0x2A,
    0xB9, 0x70, 0xF9, 0x3E, 0x7B, 0x4F, 0xCC, 0x8A, 0xE5, 0xC0, 0xB3, 0x1B, 0xB3, 0xE5, 0xBE, 0xE8,
    0x3C, 0x8C, 0xC0, 0xF1, 0xD2, 0x86, 0x22, 0xF5, 0xF1, 0x9D, 0x27, 0x5E, 0x27, 0xDE, 0xF7, 0x75,
    0xF8, 0x9A, 0x27, 0xAA, 0x18, 0xAF, 0x2E, 0xBA, 0xA1, 0xFB, 0xBD, 0xE8, 0xF9, 0xB1, 0xAE, 0xE7,
    0xEC, 0xBD, 0x4A, 0xE9, 0x04, 0x33, 0x9F, 0x0B, 0xF2, 0xE6, 0x4F, 0xAD, 0x8D, 0xBC, 0x15, 0x57,
    0x4D, 0x0A, 0xAE, 0x12, 0x58, 0x79, 0x85, 0xA6, 0xB8, 0xF7, 0x37, 0x54, 0x73, 0x20, 0xA9, 0x99,
    0xFC, 0x07, 0x33, 0xBD, 0xAE, 0xEA, 0xF7, 0x28, 0xDE, 0xC8, 0x51, 0x97, 0xA0, 0x85, 0xA6, 0x84,
    0xBF, 0x73, 0x89, 0x39, 0xBB, 0xC0, 0x17, 0x2F, 0x36, 0xA6, 0xA1, 0xFF, 0x98, 0x2C, 0x45, 0x8D,
    0xFA, 0xDB, 0x21, 0x0C, 0x21, 0xBF, 0xD6, 0x0D, 0x85, 0xC1, 0x25, 0x92, 0x80, 0x05, 0x3F, 0xC9,
    0xBD, 0x87, 0x57, 0x6B, 0x0F, 0x32, 0xD2, 0x12, 0x28, 0xD7, 0xE6, 0x9A, 0x4B, 0xB5, 0x37, 0x1F,
    0xC4, 0x02, 0x41, 0xB0, 0x97, 0x62, 0xC3, 0xF9, 0xB4, 0x7B, 0x7A, 0xDA, 0x38, 0x6E, 0xEA, 0x81,
    0x84, 0x30, 0x90, 0x7F, 0xCB, 0xFF, 0x66, 0xAE, 0x96, 0x64, 0x01, 0x97, 0xCF, 0xAA, 0x06, 0x1C,
    0x91, 0x79, 0x18, 0x13, 0xEB, 0x4C, 0x1D, 0xE5, 0x70, 0x6C, 0xC3, 0x77, 0x64, 0xB6, 0x0F, 0x3E,
    0x9A, 0xE8, 0xC1, 0xCD, 0xBD, 0x81, 0x56, 0x54, 0x1C, 0xEB, 0x74, 0xE7, 0x42, 0x28, 0x5C, 0xB8,
    0xF8, 0xE3, 0x58, 0x22, 0x7D, 0x74, 0x9A, 0x8F, 0xF8, 0x87, 0xEC, 0x30, 0x66, 0x34, 0x2C, 0x77,
    0x72, 0xD1, 0xC6, 0xC6, 0x7A, 0x15, 0x91, 0x3C, 0x23, 0x29, 0x3D, 0x15, 0x25, 0x85, 0xAA, 0xB0,
    0x8A, 0x82, 0x64, 0x53, 0xC5, 0xA4, 0x58, 0x2A, 0x09, 0xF8, 0xDE, 0x59, 0x17, 0xAB, 0xB2, 0x37,
    0x6C, 0xA7, 0x8A, 0x55, 0xCD, 0xDE, 0xC7, 0xF9, 0xCE, 0xEF, 0xCF, 0x1B, 0xC3, 0x56, 0xCA, 0x8D,
    0xDC, 0x28, 0x46, 0x2A, 0xB3, 0xEB, 0x49, 0xD5, 0xE4, 0xAB, 0x51, 0x96, 0xA2, 0x24, 0x19, 0x83,
    0xD1, 0xCF, 0xB1, 0x74, 0xE3, 0x57, 0x4F, 0x34, 0x67, 0x31, 0xCE, 0x9B, 0xAE, 0x42, 0xC1, 0x34,
    0x44, 0x81, 0x1B, 0xF3, 0xF1, 0x1C, 0xEA, 0xE4, 0x1D, 0x2A, 0x53, 0x34, 0xE9, 0xA6, 0xF4, 0x42,
    0x1D, 0x2A, 0x15, 0x2E, 0xD9, 0xA1, 0xA6, 0xAF, 0xE0, 0x50, 0x3D, 0x55, 0xAC, 0xBD, 0x43, 0xF5,
    0xAE, 0xB5, 0x7B, 0x19, 0x87, 0x3A, 0xDD, 0x61, 0x4B, 0x32, 0x2D, 0x67, 0xF3, 0x45, 0x97, 0x59,
    0xCF, 0x8E, 0x97, 0xCC, 0x69, 0xBB, 0x75, 0xF6, 0x3F, 0xE9, 0x36, 0xC6, 0x72, 0xF1, 0xB6, 0xB1,
    0xD0, 0xBB, 0xA5, 0x0B, 0xA4, 0x28, 0xD6, 0xEF, 0xA6, 0x73, 0x5A, 0x39, 0xCE, 0x6D, 0x37, 0x51,
    0x26, 0xB0, 0x1C, 0x5C, 0xCA, 0x54, 0xB6, 0x8E, 0xCC, 0xA8, 0xAE, 0x48, 0x19, 0x20, 0x7D, 0x2E,
    0x73, 0x93, 0x90, 0x44, 0xE0, 0x32, 0x6B, 0x97, 0x78, 0x39, 0x15, 0x71, 0xBA, 0x44, 0xFF, 0x8F,
    0x93, 0xE8, 0x30, 0x61, 0xFA, 0xA7, 0xBB, 0x73, 0x5D, 0xE5, 0x93, 0xC1, 0x98, 0x2E, 0xAD, 0x63,
    0x4D, 0xE6, 0x76, 0x5D, 0xA2, 0x9F, 0x46, 0xAC, 0xBB, 0x97, 0x79, 0x63, 0xEE, 0x3E, 0x54, 0x5D,
    0x4A, 0x28, 0x78, 0x61, 0x5D, 0xCA, 0x68, 0x12, 0xB2, 0xD3, 0x5B, 0x0C, 0x85, 0xEA, 0x52, 0xBE,
    0xCE, 0x58, 0xF0, 0xE9, 0x66, 0xD1, 0xD3, 0x5A, 0x23, 0x3B, 0xFE, 0xC6, 0x88, 0x2E, 0xED, 0x4C,
    0x9C, 0xE6, 0xAA, 0xD6, 0xB8, 0xFF, 0x2F, 0x09, 0x0A, 0xA4, 0x03, 0x91, 0x71, 0x25, 0x50, 0xED,
    0x5A, 0x50, 0x20, 0xEF, 0xD6, 0x93, 0x8B, 0xB0, 0x6A, 0x6C, 0xBE, 0x16, 0x51, 0x30, 0xE7, 0xF7,
    0x9C, 0x95, 0x9D, 0x88, 0xFA, 0x7B, 0x67, 0x37, 0x97, 0x13, 0xF2, 0xA3, 0xED, 0x59, 0x7F, 0xFF,
    0x5B, 0xC4, 0xE1, 0x3B, 0xEE, 0x41, 0x8F, 0xC1, 0xE0, 0xBB, 0xAB, 0x74, 0x73, 0x0C, 0xFE, 0x7E,
    0xB4, 0x06, 0xC5, 0xF1, 0xB3, 0xA3, 0x90, 0x1B, 0xAC, 0xE8, 0x7D, 0x9C, 0x1B, 0x94, 0xFD, 0x31,
    0x2B, 0xD5, 0x81, 0x6D, 0x8F, 0x99, 0x35, 0x77, 0x73, 0x2C, 0x21, 0xCD, 0x89, 0x2E, 0x80, 0x2E,
    0x37, 0x4A, 0xDD, 0xB5, 0x7E, 0x51, 0x74, 0xD9, 0x1F, 0xFB, 0xE5, 0x47, 0x6F, 0xA0, 0x3B, 0x4F,
    0x55, 0xDE, 0x1A, 0x2F, 0x76, 0xD7, 0x58, 0xE8, 0xDD, 0x75, 0xB9, 0x41, 0x1F, 0x28, 0x0C, 0x1F,
    0xAD, 0x98, 0xC0, 0x12, 0xBC, 0xB5, 0xD1, 0xC1, 0xFB, 0xBE, 0xA3, 0x1A, 0x4E, 0xFC, 0x36, 0xB0,
    0x33, 0x8E, 0x37, 0x47, 0x75, 0x9C, 0x1B, 0xBC, 0xB5, 0x59, 0x58, 0xCE, 0x0D, 0x92, 0x4D, 0xF5,
    0xCB, 0x0D, 0x78, 0x4B, 0x36, 0xF6, 0x01, 0x4F, 0x98, 0xE4, 0xC3, 0x49, 0xC2, 0xB5, 0xC4, 0xB9,
    0x29, 0x29, 0xBB, 0x59, 0x29, 0xAF, 0x13, 0xC2, 0x41, 0x23, 0xB8, 0xFF, 0xE0, 0x29, 0x13, 0x51,
    0xA1, 0xB6, 0x16, 0x51, 0x7E, 0xAD, 0x32, 0x1D, 0xAE, 0x59, 0x68, 0x16, 0x9F, 0x9C, 0x93, 0xC1,
    0xE1, 0x2C, 0x81, 0x28, 0x78, 0xE3, 0xFA, 0x3F, 0x67, 0xFF, 0x9B, 0x35, 0xF3, 0x18, 0x08, 0x02,
    0x52, 0xCC, 0xFB, 0x6E, 0xAA, 0xB0, 0x31, 0xA8, 0x73, 0xCB, 0xBC, 0xAD, 0x10, 0x21, 0xC2, 0x18,
    0x14, 0xC4, 0x87, 0x86, 0x1C, 0xAC, 0x93, 0x14, 0x71, 0x30, 0x6F, 0x14, 0x70, 0x0C, 0x46, 0xE3,
    0x8D, 0xC1, 0x68, 0xB8, 0x21, 0x4F, 0x75, 0x6F, 0xE7, 0x9F, 0xB4, 0x7B, 0xA0, 0x54, 0xF9, 0x33,
    0xA5, 0xB2, 0x8F, 0xFC, 0xD3, 0x77, 0x9E, 0xAA, 0x3C, 0x55, 0x78, 0xCA, 0xB9, 0xAF, 0x1B, 0x47,
    0x0B, 0x85, 0x53, 0x99, 0x6B, 0xA9, 0x70, 0x04, 0x8A, 0xC3, 0x0A, 0x50, 0xC4, 0x51, 0xFE, 0x24,
    0x15, 0x8E, 0x3A, 0x9B, 0x32, 0x47, 0xA9, 0xB5, 0xFF, 0x43, 0x2C, 0xF6, 0x66, 0xF1, 0x4B, 0xE6,
    0x88, 0xE0, 0x17, 0xCC, 0x91, 0xF3, 0x65, 0x35, 0x3F, 0x81, 0xFB, 0x9D, 0x3C, 0x4B, 0xB6, 0x51,
    0x2E, 0xD3, 0xD9, 0xCB, 0xBE, 0xF3, 0xD4, 0x3F, 0x8B, 0xC6, 0xE3, 0x65, 0xA9, 0x50, 0xE6, 0x77,
    0xE3, 0xEB, 0x78, 0x73, 0x79, 0x58, 0x9F, 0xC1, 0xA6, 0x4C, 0x05, 0xE5, 0xD8, 0x30, 0x29, 0xCB,
    0xA7, 0xF6, 0xC1, 0xB6, 0x75, 0xFF, 0xA7, 0x0B, 0xC5, 0x0B, 0x27, 0x3F, 0x37, 0x9C, 0x2E, 0x86,
    0x26, 0xF9, 0x2D, 0x7E, 0x32, 0x15, 0xDB, 0x86, 0xC7, 0xCD, 0xBE, 0xE9, 0x82, 0x63, 0x1A, 0xB7,
    0x95, 0xF3, 0xEC, 0x43, 0x57, 0x10, 0xBF, 0xCE, 0xE1, 0x6E, 0x27, 0x27, 0x3F, 0xF2, 0xAA, 0xC6,
    0xA2, 0x0C, 0x49, 0xC1, 0x82, 0x5D, 0xF1, 0x08, 0xBA, 0xFF, 0x8D, 0x47, 0xF0, 0x39, 0x59, 0x37,
    0x1D, 0xC1, 0xC1, 0x6B, 0x58, 0x1B, 0xE9, 0xDA, 0x27, 0xA1, 0xA2, 0xF9, 0xB6, 0xF3, 0x84, 0x1A,
    0xCB, 0x6F, 0x7B, 0x53, 0x89, 0xD1, 0x2B, 0x9F, 0x8B, 0x6F, 0x2A, 0x5D, 0x5E, 0x87, 0xB1, 0x2B,
    0xCF, 0x78, 0xA2, 0xB5, 0x65, 0xC3, 0x71, 0xA0, 0x8B, 0xCB, 0xAB, 0x16, 0xC0, 0x97, 0xB2, 0xE1,
    0xE4, 0x76, 0x70, 0x21, 0xF2, 0xDA, 0x0D, 0xDB, 0x97, 0x27, 0x10, 0x94, 0x35, 0xE3, 0x4F, 0x64,
    0x46, 0xCA, 0x37, 0xC8, 0xE8, 0x39, 0x49, 0x38, 0x82, 0xAB, 0xA3, 0xE5, 0x1B, 0x23, 0x66, 0xE1,
    0x5A, 0xD7, 0x99, 0x27, 0x21, 0x16, 0x3E, 0x3A, 0xAE, 0x34, 0x0A, 0x5E, 0x84, 0x70, 0xB8, 0xB9,
    0x06, 0x7D, 0xC2, 0x7C, 0x8D, 0xFC, 0x0A, 0x67, 0xF5, 0x90, 0x5C, 0x15, 0x61, 0x62, 0x36, 0x64,
    0xA2, 0x17, 0x9C, 0xF1, 0x2F, 0x91, 0xED, 0x3B, 0x17, 0xC5, 0x0E, 0x0A, 0xEE, 0x69, 0x22, 0xCF,
    0x44, 0x62, 0xDF, 0xC0, 0x6F, 0x3A, 0xC7, 0x44, 0x75, 0x05, 0xD4, 0x14, 0xC8, 0x29, 0xB1, 0x4B,
    0x0A, 0x0E, 0x89, 0xDD, 0x11, 0x3B, 0x23, 0x06, 0x57, 0xD0, 0xF7, 0x18, 0x20, 0x0C, 0xDC, 0xE4,
    0x24, 0xF4, 0xC1, 0x0C, 0x28, 0x08, 0xCA, 0x6F, 0x09, 0xD7, 0x17, 0xEE, 0xC6, 0x9F, 0xE5, 0x4F,
    0x25, 0xD3, 0x65, 0x0B, 0xC8, 0x66, 0x42, 0xC8, 0xE0, 0xC2, 0xDA, 0xCB, 0x2E, 0xCC, 0x7C, 0xC6,
    0xF8, 0x70, 0xA8, 0x6C, 0xA5, 0xFE, 0xF5, 0xEE, 0xAA, 0x6A, 0x90, 0x5B, 0x51, 0x38, 0x54, 0xD3,
    0x9C, 0xD1, 0xB4, 0x6D, 0x1E, 0x25, 0x1C, 0x2A, 0xED, 0x38, 0x49, 0x38, 0x94, 0xDB, 0xF5, 0xB9,
    0x44, 0x0F, 0xC9, 0x5F, 0x6B, 0xCD, 0xF6, 0xC2, 0xC4, 0xE5, 0x5B, 0x25, 0x29, 0x6A, 0x96, 0x47,
    0x75, 0x26, 0x57, 0xC3, 0x21, 0x37, 0x09, 0xBC, 0x61, 0xE8, 0x82, 0x37, 0x2B, 0x43, 0x38, 0x64,
    0xCE, 0x1E, 0x7A, 0xDE, 0xFC, 0x15, 0x5C, 0x9D, 0x3D, 0xE5, 0x40, 0x08, 0x0B, 0xF4, 0x8E, 0x1F,
    0x77, 0x85, 0xA2, 0xD1, 0x15, 0x56, 0xAF, 0x15, 0x9B, 0x47, 0x68, 0x91, 0x14, 0xD1, 0x05, 0x29,
    0x19, 0x47, 0x19, 0x16, 0xBF, 0x77, 0x8F, 0xFE, 0xE6, 0x8A, 0xA3, 0xDD, 0xC5, 0x9A, 0xAF, 0xD5,
    0xC0, 0x57, 0x3B, 0xE3, 0xEA, 0xAC, 0xCA, 0xBB, 0x2D, 0x94, 0x1F, 0x05, 0x41, 0x77, 0xE5, 0x62,
    0x72, 0xB2, 0x03, 0x5A, 0x80, 0xD8, 0x63, 0xA1, 0x7E, 0xDE, 0x07, 0xFC, 0x14, 0xE9, 0xC8, 0x15,
    0x1A, 0x74, 0x7A, 0xF6, 0x84, 0x75, 0x88, 0xC3, 0x1D, 0xD4, 0xC8, 0xA0, 0x47, 0x87, 0xA2, 0x49,
    0xC7, 0xA2, 0x4B, 0xC7, 0xA2, 0x4D, 0xC7, 0xA2, 0x4F, 0x87, 0xA2, 0x51, 0xB5, 0xE8, 0x54, 0x2D,
    0x5A, 0x55, 0x89, 0x5E, 0x55, 0x1C, 0xEE, 0x20, 0xAD, 0x25, 0xDD, 0xA2, 0x2B, 0x69, 0x17, 0xB4,
    0x7F, 0x39, 0x71, 0x34, 0x5F, 0x70, 0x38, 0xE5, 0xBE, 0x47, 0x3C, 0xE7, 0x54, 0x4B, 0x50, 0x51,
    0x8B, 0x57, 0xFA, 0x6D, 0x95, 0x6F, 0x2B, 0x97, 0xD7, 0x3B, 0x0A, 0xA0, 0xDD, 0x1B, 0xB8, 0xA6,
    0x79, 0x97, 0xAB, 0x9C, 0x6E, 0xEA, 0xE1, 0x92, 0xCD, 0xB8, 0xE4, 0xF6, 0x47, 0x74, 0xE9, 0x3E,
    0xE2, 0xAC, 0xE3, 0x8F, 0xE8, 0xE2, 0xB4, 0x85, 0x82, 0xF5, 0x9A, 0x83, 0xEE, 0x7A, 0x87, 0x8F,
    0x97, 0x52, 0x03, 0x5D, 0x52, 0x05, 0x75, 0xB1, 0x4E, 0xEC, 0x57, 0x48, 0xD3, 0x4C, 0xF9, 0x01,
    0x2E, 0x14, 0x9C, 0xD2, 0x0C, 0xEF, 0x28, 0xEA, 0x4F, 0x2E, 0x2A, 0x5A, 0x31, 0xE6, 0xB5, 0xDE,
    0x8E, 0xA3, 0x9B, 0x3B, 0xCF, 0x75, 0xAD, 0x37, 0xAC, 0x18, 0x07, 0xFD, 0x1E, 0x22, 0xD2, 0xAB,
    0xFA, 0xF6, 0x44, 0x55, 0x3D, 0xDD, 0xA8, 0x0B, 0x21, 0x12, 0xDA, 0x91, 0x3F, 0x39, 0xF8, 0xDB,
    0x0D, 0x2B, 0x48, 0x67, 0x4B, 0x17, 0xD8, 0xA3, 0x1E, 0x88, 0x5A, 0xA2, 0x46, 0xFE, 0x54, 0xD1,
    0x20, 0x55, 0xCF, 0xFB, 0x6C, 0x93, 0x71, 0xE4, 0x9F, 0xAF, 0x93, 0x8D, 0x04, 0xCA, 0xCE, 0x7F,
    0x6C, 0x44, 0x7D, 0xE9, 0x8F, 0x42, 0x12, 0x0A, 0x45, 0x95, 0xDA, 0x3D, 0xB6, 0x92, 0xEE, 0x29,
    0xBC, 0xAA, 0x87, 0x37, 0x98, 0x97, 0x20, 0xA3, 0x08, 0xA0, 0x08, 0x14, 0xA7, 0x03, 0x58, 0xD7,
    0x06, 0x85, 0x35, 0x08, 0x62, 0xFC, 0xAF, 0xB1, 0xBE, 0xCD, 0x15, 0x43, 0xE0, 0x0A, 0x88, 0x6D,
    0xAC, 0x73, 0x83, 0x6B, 0xAC, 0x75, 0x83, 0x69, 0xAC, 0x77, 0xB3, 0xF9, 0xA5, 0x35, 0x6F, 0x62,
    0x99, 0xD7, 0xBD, 0x11, 0x0B, 0x30, 0xC2, 0x85, 0x2A, 0x86, 0xBC, 0xFE, 0x4D, 0x53, 0x7B, 0xAF,
    0x40, 0xF2, 0xAB, 0xA3, 0x22, 0x0B, 0x36, 0x06, 0x8A, 0x78, 0x7B, 0xB4, 0xF5, 0xF5, 0x5D, 0xCC,
    0x23, 0xC4, 0x70, 0x98, 0x49, 0xE0, 0x0D, 0x73, 0x89, 0x2B, 0x0D, 0x34, 0x9B, 0xB8, 0xCC, 0x40,
    0xF3, 0x09, 0xBE, 0x05, 0x33, 0x0A, 0xF1, 0x29, 0xE6, 0x14, 0x78, 0xC3, 0xAC, 0x42, 0x9C, 0xB3,
    0x51, 0xA3, 0xC4, 0x33, 0x8B, 0xA3, 0xB9, 0x9D, 0x37, 0x54, 0x6C, 0xB7, 0x8D, 0xB7, 0xDD, 0x26,
    0x4E, 0x28, 0x42, 0x4A, 0x11, 0x92, 0x8A, 0x18, 0x1E, 0x67, 0xA6, 0x48, 0x51, 0x63, 0x92, 0x78,
    0x22, 0x24, 0x8F, 0x18, 0xB0, 0x77, 0xDC, 0xE3, 0x8A, 0x0D, 0xFB, 0x6F, 0xB4, 0xA8, 0x20, 0x66,
    0x2C, 0x03, 0x30, 0x81, 0xF9, 0x3A, 0xFF, 0xC2, 0x9B, 0x62, 0xCC, 0xCC, 0x1F, 0x76, 0x28, 0x14,
    0x50, 0xE4, 0x5D, 0x51, 0xE5, 0x43, 0xCA, 0xF2, 0x43, 0xDD, 0x4A, 0x5D, 0xBE, 0xE8, 0xD9, 0xB0,
    0x61, 0xAA, 0x68, 0x26, 0xBF, 0xAA, 0x1B, 0x21, 0x17, 0xFD, 0x85, 0x0A, 0x9D, 0x80, 0x6D, 0x2A,
    0x7F, 0xA7, 0xFD, 0x4A, 0xDE, 0x6D, 0xE3, 0x51, 0x79, 0x19, 0x52, 0x79, 0x9B, 0x3C, 0x81, 0xB9,
    0xD8, 0x69, 0x30, 0x00, 0xB8, 0x0E, 0x4C, 0xF4, 0x56, 0x82, 0x81, 0x4E, 0x42, 0xD3, 0xEF, 0x53,
    0xF8, 0x82, 0x19, 0x38, 0x1A, 0x2B, 0xF3, 0xCF, 0xF0, 0x5A, 0x03, 0x01, 0x63, 0x5B, 0x66, 0x89,
    0x08, 0xD6, 0x44, 0x5F, 0xB6, 0xE2, 0x82, 0x45, 0xDA, 0x1C, 0xCC, 0x8A, 0x32, 0x1A, 0x95, 0x68,
    0x35, 0x5C, 0xF5, 0x65, 0xF8, 0xF5, 0x15, 0x10, 0xA3, 0x2F, 0x93, 0x96, 0xC3, 0x95, 0x71, 0xFB,
    0x8B, 0xAB, 0x0A, 0xF9, 0x6B, 0x58, 0x61, 0xB8, 0xF5, 0xE7, 0x28, 0x58, 0xA4, 0xA0, 0xCE, 0xD9,
    0xB5, 0xA4, 0x79, 0x68, 0x7E, 0x7D, 0xCA, 0x15, 0x2F, 0xB3, 0x6A, 0xBE, 0x34, 0x57, 0x01, 0xCC,
    0xCB, 0xBD, 0xF7, 0xDD, 0xB4, 0x4E, 0xF5, 0x28, 0xAC, 0x53, 0x01, 0x96, 0xCB, 0x76, 0x6C, 0xF0,
    0x76, 0x6C, 0x67, 0xD4, 0x8E, 0x75, 0xC6, 0xDB, 0xB1, 0x66, 0x52, 0x3B, 0x66, 0xC4, 0x8E, 0xE1,
    0x13, 0x62, 0xC7, 0xCC, 0x27, 0xB0, 0x63, 0xBA, 0x4E, 0x75, 0xC7, 0xDB, 0xB1, 0x7A, 0x55, 0x78,
    0x2A, 0xF3, 0x54, 0xE2, 0xDF, 0x17, 0x78, 0x6B, 0xF5, 0xFA, 0xBA, 0x9B, 0x08, 0xCE, 0x3E, 0xC3,
    0xD8, 0xB0, 0xF0, 0x8B, 0x15, 0x57, 0x2D, 0x9C, 0x9E, 0x13, 0xA8, 0x7C, 0xE5, 0x52, 0x40, 0xBA,
    0xF6, 0xF7, 0x77, 0xE9, 0x08, 0x9B, 0xC3, 0x53, 0xBA, 0xDB, 0x94, 0x98, 0x97, 0x77, 0xDB, 0x4C,
    0xE6, 0x67, 0xC7, 0x25, 0x8C, 0xD2, 0xCE, 0xF4, 0x8B, 0xC4, 0x6E, 0x1E, 0x93, 0x1E, 0x17, 0xB3,
    0x79, 0x4C, 0x4F, 0xE0, 0x92, 0xD3, 0xC7, 0x88, 0x87, 0xA9, 0xCA, 0x40, 0x11, 0x71, 0x37, 0x1E,
    0x7F, 0x01, 0xF1, 0xB4, 0x3D, 0xAE, 0x37, 0x5C, 0x2D, 0xE0, 0x88, 0x26, 0xDB, 0x5D, 0xAA, 0x0F,
    0xFC, 0x56, 0x34, 0x26, 0xDE, 0xB5, 0x8C, 0xF2, 0xE4, 0xF3, 0xB7, 0xE4, 0xD1, 0xCF, 0xF5, 0xD9,
    0xCF, 0xF5, 0xE1, 0xCF, 0xF5, 0xE9, 0x09, 0xAD, 0x72, 0x4C, 0x8F, 0x7F, 0xAE, 0xCF, 0x7F, 0xCE,
    0x0C, 0xFC, 0x9C, 0x88, 0xBB, 0xED, 0x97, 0x2E, 0x96, 0x1C, 0xE6, 0x1E, 0x3B, 0xDF, 0x0F, 0xE2,
    0x7E, 0x86, 0xC8, 0x98, 0x14, 0xEC, 0x17, 0xFD, 0x39, 0xCF, 0xBF, 0x07, 0x4C, 0xA4, 0x63, 0xD6,
    0x9F, 0xEB, 0x72, 0xEE, 0xB9, 0xAC, 0x4D, 0xB4, 0x4C, 0x38, 0x97, 0x7C, 0xAE, 0x38, 0x3C, 0x21,
    0x6C, 0x73, 0x2E, 0x20, 0xD9, 0xE1, 0x5C, 0x6B, 0x21, 0xE7, 0x97, 0xFD, 0x4F, 0x31, 0x5D, 0x99,
    0xAE, 0xFF, 0xE6, 0x5A, 0xEC, 0x99, 0xA4, 0xA5, 0x70, 0x48, 0x63, 0xA6, 0x99, 0x42, 0x66, 0xED,
    0x1B, 0x2E, 0x55, 0x80, 0x40, 0x8A, 0x6D, 0xF7, 0xE3, 0x6D, 0xCB, 0x32, 0x71, 0x5A, 0xF0, 0xE1,
    0x20, 0x62, 0xE9, 0xBE, 0x6B, 0xD8, 0x14, 0x3B, 0xC9, 0x10, 0x16, 0x64, 0x10, 0xE1, 0x38, 0x4B,
    0x8E, 0xD4, 0x94, 0xE4, 0xF3, 0x3B, 0xE9, 0xE8, 0x92, 0x53, 0x1D, 0xE2, 0x91, 0xF4, 0x81, 0x87,
    0x39, 0x01, 0x7D, 0xB7, 0x4D, 0x2E, 0x00, 0x5C, 0xF2, 0x89, 0x64, 0x19, 0xD1, 0xDD, 0xCA, 0xD3,
    0x92, 0xC6, 0xF2, 0xCF, 0x5F, 0xED, 0x25, 0x9E, 0x9F, 0x16, 0xBD, 0x67, 0xDD, 0xE3, 0xD5, 0x3E,
    0x67, 0xB8, 0x20, 0x07, 0x67, 0xDF, 0x29, 0x06, 0x66, 0x39, 0x48, 0xF0, 0x49, 0x72, 0x50, 0x9A,
    0xE4, 0xC0, 0x34, 0xCB, 0xA1, 0x36, 0xAF, 0x11, 0x0D, 0x39, 0x54, 0x4F, 0x01, 0x76, 0x84, 0x1C,
    0x16, 0x96, 0x68, 0x91, 0xC3, 0x72, 0x4D, 0x34, 0xE4, 0x90, 0xD8, 0xB0, 0x9A, 0x9F, 0x8F, 0x81,
    0x76, 0x76, 0x2B, 0xD0, 0x73, 0x13, 0xDE, 0x83, 0x35, 0x03, 0x35, 0xE0, 0x73, 0x40, 0x02, 0x24,
    0xF6, 0xDD, 0x30, 0xBE, 0x65, 0x84, 0x1B, 0x88, 0xE1, 0x04, 0x1A, 0x43, 0x6B, 0x2A, 0x26, 0x3A,
    0x70, 0x92, 0x58, 0xF5, 0xDE, 0x94, 0xE0, 0x0C, 0x86, 0x79, 0x4F, 0xA6, 0xEA, 0x83, 0x8D, 0x4E,
    0xE9, 0x6E, 0x09, 0x27, 0x83, 0xA9, 0x51, 0xED, 0xE0, 0x65, 0x30, 0x3B, 0x16, 0x28, 0x2A, 0x81,
    0xF7, 0xC9, 0xD0, 0xA2, 0x2D, 0xF3, 0x3E, 0x99, 0x8B, 0xE7, 0x3A, 0xCD, 0x1F, 0x1B, 0xEC, 0xE0,
    0x01, 0xEF, 0xB5, 0xA3, 0x9D, 0xD5, 0x03, 0xEF, 0x8E, 0x5E, 0xE8, 0xC3, 0x95, 0xCE, 0x94, 0xBC,
    0xA7, 0xC8, 0x89, 0x55, 0x65, 0x15, 0x19, 0xB1, 0x18, 0x0E, 0x9E, 0x2C, 0x02, 0x38, 0xDD, 0x43,
    0x2A, 0x68, 0x56, 0x7B, 0xE6, 0x5D, 0x0A, 0x56, 0x7B, 0x4F, 0x3E, 0x3F, 0x8A, 0x20, 0x7B, 0x36,
    0xEC, 0xCA, 0xA8, 0x6C, 0x1B, 0x8D, 0xF5, 0x26, 0x22, 0xFD, 0x48, 0x9F, 0x3E, 0x64, 0x66, 0x7D,
    0x8A, 0x91, 0x8C, 0x92, 0x96, 0x12, 0xAB, 0xC0, 0xA6, 0x33, 0xA7, 0x05, 0x60, 0x79, 0x60, 0x94,
    0x40, 0x13, 0xC2, 0x67, 0xB1, 0x3A, 0xB3, 0xC2, 0x66, 0x01, 0xD8, 0x0E, 0xB8, 0x74, 0xA4, 0x86,
    0x2B, 0x44, 0x06, 0x08, 0x47, 0x1D, 0xC8, 0xC3, 0x40, 0xFA, 0xB9, 0xBC, 0x4A, 0x47, 0x4F, 0xFA,
    0xE4, 0x78, 0xB1, 0xF5, 0x9E, 0x3C, 0x0B, 0xA5, 0x5E, 0xD3, 0xF5, 0x7B, 0x7A, 0xBC, 0x89, 0xE9,
    0xC0, 0x9D, 0x67, 0x6F, 0x30, 0x81, 0x3F, 0x6B, 0x9F, 0x7B, 0x06, 0x01, 0xD5, 0x11, 0x0E, 0xFF,
    0x13, 0x65, 0x42, 0xC2, 0x62, 0x9B, 0xFE, 0x62, 0x52, 0x1E, 0xDB, 0x6C, 0xD8, 0x79, 0x26, 0x17,
    0xC3, 0x7D, 0xCF, 0x65, 0xB5, 0x3E, 0x0C, 0x38, 0xB4, 0xF6, 0xD8, 0x3F, 0xE5, 0xCE, 0xA3, 0xD6,
    0xCC, 0x77, 0x4F, 0x92, 0x28, 0x62, 0xC8, 0x7D, 0xF8, 0x71, 0x92, 0x74, 0xBE, 0x34, 0x6A, 0xA3,
    0x9C, 0x3F, 0x1E, 0xBE, 0xCF, 0x76, 0x3E, 0x7E, 0x23, 0x86, 0x63, 0xE4, 0x7F, 0xB4, 0xAA, 0xED,
    0xFD, 0x3D, 0x17, 0xBA, 0xE2, 0xF5, 0xEB, 0x38, 0x49, 0x44, 0x9E, 0xC8, 0x86, 0xFF, 0xF4, 0x91,
    0xFD, 0xE5, 0xE9, 0xE9, 0x89, 0x3A, 0xAE, 0xE2, 0xA3, 0xD1, 0x04, 0xF7, 0x55, 0xAF, 0xB8, 0x3C,
    0x44, 0xD2, 0xA1, 0xB8, 0xA1, 0x8E, 0x74, 0x7D, 0xA2, 0x9D, 0x20, 0x22, 0xA1, 0xFB, 0x2E, 0x4D,
    0x6B, 0xFE, 0x54, 0x65, 0x54, 0xA7, 0x9B, 0x94, 0xFE, 0x2E, 0x1A, 0xEF, 0x84, 0x3C, 0xD3, 0x58,
    0x42, 0x4E, 0x65, 0x8B, 0x49, 0xE6, 0x47, 0x76, 0x69, 0x2B, 0x7F, 0xB7, 0x18, 0xF2, 0x3E, 0xDC,
    0xD1, 0x47, 0xEA, 0x60, 0xAB, 0x66, 0xF2, 0x26, 0xFE, 0xAE, 0x5E, 0x27, 0xA1, 0x0C, 0x4B, 0x8B,
    0x90, 0x63, 0x54, 0x3E, 0x76, 0xA3, 0x18, 0x4A, 0x91, 0xE6, 0xEE, 0xF3, 0xFD, 0x32, 0x72, 0xBC,
    0x53, 0xE9, 0xEA, 0x5D, 0xFC, 0x93, 0x0C, 0xFB, 0x37, 0x5E, 0x7E, 0x73, 0x12, 0x09, 0x93, 0x6E,
    0x54, 0x96, 0xA7, 0x17, 0xC9, 0xD6, 0x8B, 0xD2, 0xDC, 0x4F, 0x36, 0x5E, 0x92, 0x8B, 0x39, 0xF1,
    0x26, 0xC3, 0x8D, 0x9E, 0xBB, 0x11, 0xA7, 0x9A, 0x5B, 0xDC, 0xB0, 0x63, 0xED, 0x36, 0x87, 0xEE,
    0x86, 0xA5, 0x98, 0xDB, 0x86, 0x6E, 0x58, 0x88, 0xCB, 0x8D, 0xC1, 0x0D, 0x64, 0xE8, 0x02, 0xAE,
    0x43, 0xCF, 0x92, 0x73, 0xF6, 0xF5, 0x5B, 0xFE, 0x66, 0x36, 0xF5, 0xDF, 0x06, 0x28, 0xE8, 0xAA,
    0x7E, 0xEE, 0x39, 0x2F, 0x36, 0x87, 0x17, 0x61, 0x03, 0xD7, 0xEE, 0xB0, 0x0A, 0x32, 0xA9, 0xEF,
    0x17, 0x51, 0x96, 0x3D, 0x67, 0xE1, 0x26, 0x9B, 0xA3, 0x54, 0xDC, 0xEC, 0x85, 0x86, 0x17, 0xDE,
    0x75, 0x90, 0x6D, 0x19, 0xCD, 0x57, 0x1B, 0xBD, 0x4B, 0xC9, 0x93, 0x8A, 0x48, 0xE8, 0xFB, 0xBA,
    0x77, 0x49, 0x8D, 0x59, 0x26, 0x2E, 0xB4, 0x42, 0xE9, 0x90, 0x85, 0xD2, 0x51, 0x2A, 0x32, 0xA9,
    0x54, 0x26, 0x2A, 0x89, 0x4F, 0x22, 0x96, 0x84, 0x54, 0xCB, 0xF9, 0x51, 0x96, 0x0B, 0x55, 0xB9,
    0xD7, 0xD5, 0xC0, 0x82, 0x79, 0x8D, 0xCA, 0x19, 0xEE, 0x8E, 0x25, 0x73, 0xEC, 0xF2, 0x9A, 0xC5,
    0xF0, 0xDB, 0x13, 0x8B, 0xE6, 0xD8, 0x99, 0x82, 0xC5, 0xA0, 0xC5, 0xB6, 0x73, 0x73, 0xB7, 0x5F,
    0x4C, 0x7A, 0xF7, 0x98, 0xD7, 0x91, 0xA7, 0xB0, 0x21, 0x6D, 0xF1, 0x4C, 0x27, 0x18, 0xD9, 0xA2,
    0xC5, 0xFF, 0x54, 0x00, 0x09, 0x55, 0x6F, 0x16, 0xEB, 0xEF, 0x36, 0x5E, 0xBB, 0xE6, 0xB7, 0xD7,
    0x91, 0x4D, 0xB5, 0xD1, 0x4C, 0xFC, 0xE2, 0xDE, 0xDD, 0x1E, 0x62, 0xF2, 0xF2, 0xDA, 0xF1, 0xDE,
    0x72, 0x47, 0xF8, 0xCD, 0x18, 0x66, 0xFB, 0x73, 0xEF, 0x91, 0x57, 0x12, 0xEC, 0x78, 0x48, 0x4B,
    0x08, 0x0A, 0x36, 0x41, 0x71, 0x97, 0x97, 0x67, 0xF6, 0x50, 0x6D, 0x39, 0x25, 0x7B, 0x98, 0x5B,
    0x49, 0x5F, 0xD3, 0x6E, 0x90, 0x34, 0x35, 0x9D, 0xBE, 0x20, 0xF9, 0xEA, 0xF9, 0xF2, 0xBD, 0xB6,
    0xA6, 0x84, 0xE5, 0x0F, 0x09, 0x25, 0x82, 0x9A, 0xEC, 0x66, 0xD9, 0xD2, 0x7E, 0x41, 0x37, 0x14,
    0x25, 0x23, 0xD5, 0x90, 0x34, 0x57, 0x26, 0x69, 0xCA, 0x16, 0x84, 0xCB, 0x9D, 0xE9, 0x7B, 0x6A,
    0xCD, 0x9C, 0x0F, 0x35, 0x6F, 0x9E, 0xB0, 0xD0, 0xC1, 0xE6, 0x9A, 0x72, 0x66, 0x35, 0xD6, 0xF9,
    0x56, 0xB8, 0x08, 0x86, 0xBA, 0xEB, 0xAF, 0x9B, 0x66, 0xBF, 0x7B, 0x2D, 0x12, 0x77, 0xBA, 0xAE,
    0x1A, 0x14, 0x85, 0x2E, 0xD1, 0x0C, 0x8F, 0xA7, 0x77, 0x64, 0x5F, 0xEF, 0x47, 0xB0, 0xFB, 0x26,
    0xF6, 0x0F, 0x53, 0x44, 0xCA, 0xCC, 0x7D, 0x64, 0x4F, 0xBF, 0x2D, 0x3A, 0x9A, 0xC2, 0xE4, 0x41,
    0x41, 0x39, 0x74, 0x80, 0x76, 0x26, 0xBF, 0x50, 0xCB, 0x67, 0x92, 0xBF, 0x53, 0xB3, 0xE7, 0x1E,
    0xE2, 0xB1, 0xC6, 0x79, 0x08, 0x8F, 0x38, 0xBC, 0x01, 0xC9, 0x51, 0x5E, 0xD1, 0x7B, 0xB0, 0xCD,
    0x72, 0x55, 0xB6, 0xAA, 0x33, 0xBE, 0x70, 0xB0, 0x0C, 0xA5, 0x07, 0x02, 0xE6, 0xB4, 0x97, 0xA1,
    0xAE, 0x94, 0x52, 0x75, 0x5E, 0xB3, 0xFC, 0xA2, 0x5F, 0x1E, 0x3C, 0x43, 0x12, 0xE9, 0xDF, 0xDD,
    0x9F, 0xEF, 0xB9, 0xC1, 0x29, 0xA6, 0xD5, 0x44, 0xB9, 0xE4, 0x4B, 0x39, 0x15, 0x61, 0xF1, 0x5C,
    0x9C, 0x4C, 0x30, 0xF4, 0x93, 0x77, 0xF4, 0x44, 0x6B, 0xD8, 0xEF, 0xF2, 0x8E, 0x64, 0x56, 0x13,
    0x6F, 0xB0, 0x1C, 0xAD, 0x21, 0x4D, 0xF9, 0xAC, 0x51, 0xF3, 0xBE, 0x94, 0xCD, 0x5D, 0xF4, 0xBD,
    0xF5, 0x4E, 0x43, 0x94, 0x7C, 0x7D, 0xD0, 0x2B, 0x2D, 0x7B, 0x5A, 0xBC, 0x91, 0xF7, 0x45, 0x94,
    0x39, 0x2E, 0x6C, 0xAC, 0x82, 0x32, 0x14, 0xB3, 0x4F, 0x54, 0xC9, 0xB8, 0x0C, 0x51, 0x48, 0xD3,
    0xBC, 0x4A, 0x48, 0xB3, 0x0A, 0x21, 0xCD, 0x2A, 0x84, 0x34, 0xAB, 0x2F, 0xFA, 0x90, 0x66, 0x55,
    0x7B, 0x77, 0xBF, 0xAA, 0x5E, 0x31, 0xA4, 0x89, 0xC8, 0x5D, 0x08, 0x69, 0x42, 0x74, 0x93, 0xBF,
    0x44, 0x48, 0x73, 0x4D, 0xE9, 0x53, 0x6B, 0x9F, 0x36, 0xA5, 0x8D, 0xB3, 0x4C, 0x16, 0xB4, 0xAA,
    0xC6, 0x1C, 0xD7, 0x4F, 0x6D, 0xF1, 0x94, 0x39, 0x5E, 0x9A, 0xEA, 0xDD, 0x96, 0x39, 0x7E, 0x4C,
    0xE9, 0xA2, 0x0E, 0xAE, 0xB1, 0x2D, 0x73, 0xFC, 0x98, 0x02, 0x47, 0xE6, 0x78, 0x49, 0x55, 0x14,
    0x19, 0x59, 0x6C, 0xDD, 0x01, 0xC7, 0x25, 0xF4, 0x14, 0x1C, 0x67, 0x41, 0x65, 0xCD, 0xBD, 0x8F,
    0x5B, 0x17, 0xFB, 0x84, 0xA4, 0xEA, 0xB4, 0x2C, 0x92, 0xF6, 0xCC, 0x29, 0xDC, 0x6C, 0xCA, 0x0E,
    0x96, 0x23, 0x73, 0xAA, 0x07, 0x64, 0xAB, 0x6A, 0x03, 0x47, 0x72, 0xB8, 0x4B, 0x30, 0x86, 0xB5,
    0x85, 0x0B, 0x2D, 0x28, 0x46, 0xCA, 0x4F, 0x00, 0x23, 0x6A, 0x5C, 0x18, 0x43, 0x29, 0x8A, 0xE9,
    0xFE, 0x2B, 0xD6, 0x04, 0x69, 0xDB, 0x73, 0x4A, 0x9F, 0xC2, 0x56, 0x54, 0xB8, 0x8B, 0xCE, 0xFC,
    0x31, 0x39, 0x08, 0x0A, 0xAA, 0xCF, 0x19, 0x31, 0x44, 0x8B, 0x5E, 0x33, 0x61, 0x40, 0x11, 0xA1,
    0x0D, 0xBC, 0x38, 0x83, 0x67, 0x3C, 0x7B, 0xA2, 0x0F, 0x28, 0x69, 0xA4, 0x64, 0x90, 0xAD, 0x8F,
    0x03, 0xA4, 0x14, 0xC0, 0xE9, 0x02, 0xDB, 0x10, 0xA9, 0x03, 0x68, 0x8E, 0x28, 0x55, 0x80, 0xBB,
    0xED, 0xDD, 0x59, 0x5C, 0x01, 0x6A, 0xF5, 0xF3, 0xBD, 0x81, 0xD7, 0x5A, 0x36, 0x3C, 0x6D, 0xE8,
    0x5B, 0xD2, 0x87, 0x5A, 0xD8, 0xC0, 0x6A, 0x9F, 0xB9, 0xBB, 0xE1, 0x72, 0x5F, 0x0F, 0xB3, 0x30,
    0x73, 0x1E, 0x2D, 0x1B, 0x45, 0x64, 0x01, 0x7A, 0x31, 0xEF, 0x95, 0x67, 0xEE, 0x44, 0x73, 0x66,
    0x8E, 0x48, 0x99, 0x33, 0xA7, 0xDE, 0x40, 0x94, 0x8D, 0x9F, 0x33, 0x8E, 0xFC, 0x8C, 0xB0, 0xE0,
    0xC8, 0x4E, 0xD8, 0x28, 0x9B, 0xDC, 0xAE, 0x58, 0x83, 0x4A, 0xA7, 0x96, 0x2B, 0x66, 0xA7, 0xFC,
    0xB2, 0xBD, 0xD7, 0x88, 0x06, 0xBD, 0x39, 0xEA, 0x9C, 0x29, 0x97, 0xAB, 0xC3, 0xB0, 0xA7, 0x48,
    0x6D, 0x73, 0x39, 0x7A, 0x10, 0x84, 0xFB, 0x6E, 0x8F, 0x82, 0x68, 0xE2, 0xFD, 0xE2, 0x11, 0x79,
    0x78, 0x2D, 0x19, 0x81, 0xA3, 0xAB, 0x28, 0xBD, 0xBB, 0xB2, 0x9E, 0x69, 0x5D, 0x72, 0x5D, 0xEF,
    0x34, 0xD7, 0x77, 0x24, 0x73, 0x9C, 0x3D, 0x6F, 0xEA, 0x7F, 0xC5, 0x1C, 0x2F, 0xD6, 0xE2, 0xFB,
    0x12, 0x17, 0x79, 0x2C, 0xAC, 0x70, 0x9C, 0x0D, 0x9D, 0xD5, 0x81, 0xA3, 0x6F, 0x11, 0xE3, 0x6F,
    0x1D, 0x6F, 0x3E, 0x54, 0xAB, 0x43, 0xA0, 0x56, 0x87, 0x30, 0xAD, 0x8E, 0x82, 0xB4, 0x28, 0x44,
    0xD3, 0x8D, 0x14, 0xD6, 0xC3, 0x35, 0x5D, 0xEE, 0xEB, 0xC9, 0x64, 0x8E, 0x70, 0xDF, 0x5D, 0x04,
    0x5E, 0x8D, 0x22, 0xFE, 0x6B, 0xB7, 0xA9, 0x2C, 0x5F, 0x45, 0x0F, 0x8F, 0x2F, 0xEB, 0x61, 0x8F,
    0xC7, 0x17, 0xF3, 0x83, 0x78, 0x25, 0x7F, 0x82, 0xCB, 0xD2, 0xE2, 0x62, 0xED, 0x8F, 0x7B, 0xD2,
    0xBE, 0xC5, 0x87, 0x3D, 0x7C, 0x33, 0x7D, 0xC0, 0xCD, 0x35, 0x6C, 0x37, 0xB2, 0x8C, 0xAE, 0xAB,
    0x79, 0x37, 0xD3, 0x9D, 0xBD, 0xCD, 0x6F, 0x7F, 0x60, 0x2E, 0xE1, 0xF3, 0x6D, 0xE3, 0xB4, 0x5D,
    0xC6, 0x63, 0xE5, 0x14, 0x58, 0xC6, 0xE3, 0x67, 0xF3, 0xA3, 0xB1, 0x66, 0x0D, 0x74, 0x5F, 0x7D,
    0x21, 0xE3, 0xE1, 0xE6, 0x1A, 0x64, 0xE1, 0x1E, 0xDE, 0x7E, 0x8B, 0x5A, 0x4A, 0xA4, 0xAD, 0x63,
    0x80, 0xCC, 0xA0, 0x35, 0x39, 0x4D, 0x26, 0x6B, 0xBF, 0x32, 0x10, 0x2A, 0xCA, 0x31, 0xB2, 0x29,
    0xCE, 0x56, 0x4B, 0xAA, 0xE5, 0x97, 0x68, 0x2E, 0xE0, 0xAD, 0xB6, 0x87, 0xE5, 0x47, 0xB8, 0x7C,
    0x72, 0x34, 0x75, 0xD0, 0xA3, 0xDA, 0xC3, 0x80, 0x63, 0xAD, 0xFA, 0xE4, 0xE4, 0x8D, 0xEB, 0xD2,
    0x9A, 0x38, 0x9C, 0x86, 0x61, 0xF2, 0x3E, 0xD9, 0x9E, 0xF8, 0x02, 0x22, 0x70, 0xE1, 0x3C, 0x64,
    0xB3, 0xD5, 0xFA, 0x8A, 0x19, 0x73, 0x5F, 0x66, 0x1A, 0x13, 0xC9, 0xB7, 0x26, 0x14, 0xEA, 0xC0,
    0x71, 0xD7, 0x8C, 0x3A, 0xD1, 0xCA, 0xD5, 0xA8, 0x33, 0x66, 0xE9, 0xC8, 0xC7, 0x0A, 0x02, 0x18,
    0x6B, 0x36, 0x26, 0xCE, 0x6A, 0x8E, 0x5C, 0x3E, 0xA4, 0x3A, 0xF1, 0x28, 0x0B, 0xE4, 0x2E, 0xE3,
    0xF7, 0x39, 0xB8, 0x5D, 0xFB, 0x40, 0xF5, 0xDE, 0x38, 0x06, 0x4D, 0x0C, 0xE9, 0x53, 0x1D, 0xC8,
    0x22, 0x90, 0xE9, 0xA5, 0xFC, 0xEA, 0xD3, 0x50, 0x51, 0x14, 0xD1, 0x72, 0x0E, 0x04, 0x96, 0x40,
    0xDE, 0x64, 0x33, 0x7F, 0x9C, 0x0B, 0x69, 0x05, 0x83, 0x75, 0x72, 0xFE, 0x65, 0xD2, 0x31, 0x38,
    0x67, 0x21, 0xC8, 0x1C, 0xB1, 0x8A, 0xB2, 0xE4, 0x91, 0x0F, 0x71, 0xC8, 0xB4, 0x8B, 0xE9, 0x30,
    0x38, 0x21, 0x64, 0x8A, 0x86, 0xC7, 0x34, 0x21, 0x64, 0x4A, 0x42, 0x99, 0x94, 0x20, 0x9D, 0xB3,
    0x86, 0x4C, 0xB4, 0x5F, 0x3A, 0x64, 0xC5, 0xC5, 0xB3, 0x56, 0x73, 0x62, 0x6B, 0xBF, 0xB1, 0xD2,
    0x90, 0xA9, 0xF3, 0x5B, 0x62, 0x8A, 0xD5, 0xDD, 0x87, 0x4A, 0x13, 0xEC, 0x33, 0x8F, 0x42, 0x26,
    0xA5, 0x93, 0x29, 0xAA, 0xFC, 0x74, 0x51, 0xC8, 0x54, 0xF5, 0xC1, 0x18, 0xE4, 0x36, 0x6C, 0xBA,
    0x48, 0xE2, 0x90, 0xE9, 0xCE, 0xD6, 0x5C, 0x93, 0x36, 0x68, 0x11, 0x58, 0x82, 0xA5, 0x50, 0xE9,
    0xF2, 0x83, 0xE1, 0x87, 0xC3, 0x0F, 0x88, 0x1F, 0x92, 0x51, 0xED, 0x06, 0xE7, 0xF8, 0xDD, 0x20,
    0x4A, 0x23, 0x1F, 0x47, 0x50, 0x3E, 0xEA, 0xEA, 0xB0, 0x54, 0x17, 0x6C, 0xCF, 0x44, 0xFD, 0x6C,
    0x12, 0xC2, 0x74, 0x4A, 0x54, 0xA3, 0x84, 0xBB, 0x8B, 0x51, 0x56, 0xED, 0x44, 0x87, 0x92, 0x36,
    0xCA, 0x79, 0xF4, 0xCA, 0x19, 0xCF, 0xA3, 0xE7, 0x9C, 0xF0, 0x2C, 0xFA, 0x03, 0xAC, 0x1D, 0x02,
    0x72, 0x4B, 0x57, 0xF2, 0xE0, 0x5F, 0x78, 0x93, 0xF6, 0x91, 0x63, 0xC9, 0x10, 0x18, 0x01, 0xCB,
    0x57, 0x5A, 0x2C, 0xA4, 0xBF, 0xD3, 0x4A, 0x21, 0x76, 0x6A, 0xAF, 0xE8, 0xCA, 0x6B, 0x84, 0xF9,
    0x8A, 0xD3, 0x1C, 0xEA, 0xB2, 0x31, 0xF1, 0xBE, 0x71, 0x2C, 0x0D, 0xBA, 0x2B, 0xD6, 0x05, 0x3F,
    0xFE, 0x3E, 0xF2, 0x5F, 0x85, 0x69, 0x4E, 0x1A, 0x5C, 0xE8, 0x1B, 0x6E, 0xBA, 0x24, 0xF6, 0xF4,
    0xE2, 0x41, 0x0F, 0x18, 0xC1, 0x47, 0x3D, 0xF4, 0x42, 0xAA, 0x45, 0x55, 0xEF, 0xB5, 0x8C, 0x46,
    0xE6, 0xC4, 0xD7, 0xC3, 0xF9, 0xF2, 0xC5, 0x19, 0x0B, 0xB3, 0x92, 0x46, 0x1E, 0x48, 0x12, 0xE9,
    0x52, 0x48, 0x44, 0xF7, 0x5F, 0xEB, 0x10, 0xFB, 0xC8, 0xEE, 0x17, 0xAC, 0xBA, 0x26, 0x4D, 0xB1,
    0xC6, 0x42, 0x2D, 0x23, 0x51, 0xFA, 0x0E, 0x7B, 0xC5, 0x65, 0x69, 0xB5, 0xE3, 0x65, 0xD5, 0xBB,
    0xCF, 0x13, 0xFA, 0x78, 0x61, 0xDF, 0xA5, 0xCF, 0x55, 0xD8, 0x3C, 0x6E, 0xEA, 0x74, 0x47, 0x79,
    0x8F, 0xCB, 0x22, 0x0A, 0x5C, 0xBE, 0x56, 0x70, 0xA8, 0x4A, 0x97, 0x85, 0xE4, 0xAE, 0x83, 0x76,
    0x14, 0xD8, 0xFB, 0x89, 0xCB, 0x33, 0x1B, 0x55, 0x8C, 0x66, 0xD9, 0x7B, 0xC5, 0xFE, 0xA9, 0xDD,
    0x89, 0x6E, 0x7F, 0xF4, 0xE8, 0xA3, 0xAD, 0xF5, 0xA5, 0x99, 0x6E, 0x55, 0x7A, 0x0D, 0xAF, 0x9B,
    0x85, 0x97, 0x7C, 0xDD, 0xA4, 0x5E, 0xFC, 0xCB, 0xD6, 0x8F, 0x41, 0x02, 0xDD, 0xE6, 0x81, 0x58,
    0x7E, 0x48, 0x9B, 0x59, 0xC4, 0xD7, 0xAF, 0xED, 0x4A, 0xEB, 0x5A, 0xFF, 0xC2, 0xDC, 0x69, 0xC7,
    0x1B, 0xAA, 0x4A, 0xFF, 0x90, 0xF4, 0x5E, 0x02, 0x18, 0xD7, 0xFF, 0x64, 0x89, 0x4A, 0x30, 0x2D,
    0x5C, 0xCF, 0x1F, 0x43, 0x3D, 0xFF, 0xAE, 0x6D, 0x7C, 0x3D, 0xDF, 0x2C, 0x37, 0xBE, 0x9E, 0xEF,
    0x82, 0x47, 0x5F, 0xCF, 0x67, 0xB0, 0x8B, 0x28, 0x24, 0x23, 0x5E, 0x20, 0x87, 0x85, 0x4D, 0xAC,
    0xD6, 0xF3, 0x05, 0xFB, 0xA2, 0x59, 0xB7, 0x37, 0x54, 0xF5, 0xF3, 0x40, 0x73, 0x32, 0xA5, 0x16,
    0x6C, 0x2C, 0xA2, 0x9D, 0x7F, 0xD1, 0xCE, 0xBE, 0x2A, 0xEC, 0x08, 0x34, 0x8B, 0xB8, 0x86, 0x1F,
    0xD3, 0xD1, 0xA6, 0xC0, 0x7D, 0x44, 0xCC, 0x5E, 0xB5, 0x53, 0xEC, 0x1B, 0xC1, 0x62, 0xD4, 0xC4,
    0x91, 0xB5, 0x51, 0x1D, 0xB8, 0x67, 0x4D, 0x30, 0x74, 0x75, 0x1B, 0xA6, 0x60, 0xFE, 0xFD, 0x6F,
    0xF9, 0x79, 0x98, 0xFD, 0xC4, 0xFA, 0xC9, 0x98, 0x22, 0xFD, 0x96, 0x35, 0x1D, 0x9B, 0xA9, 0x0E,
    0x50, 0x06, 0x1B, 0x77, 0x41, 0x52, 0xFA, 0x3C, 0xDB, 0x78, 0xFA, 0x7E, 0xDE, 0x7B, 0xBA, 0xB2,
    0xAB, 0xC8, 0xBF, 0x36, 0x9E, 0x4E, 0xFE, 0xEA, 0x55, 0x74, 0xE0, 0x86, 0x55, 0x7A, 0x70, 0x4E,
    0x5E, 0x4C, 0x8D, 0x4D, 0x94, 0xF4, 0xDB, 0x87, 0xEA, 0xC0, 0x72, 0x2A, 0xDC, 0x49, 0x50, 0x6F,
    0x7D, 0x80, 0xE1, 0xA6, 0xF2, 0xE0, 0x13, 0x7E, 0xBF, 0x8C, 0x55, 0x21, 0xF5, 0x10, 0x8E, 0x93,
    0xF1, 0xD6, 0x3A, 0xCD, 0x6B, 0xE6, 0x5E, 0x1F, 0xF4, 0xB2, 0xF5, 0xA4, 0xFF, 0xD4, 0x41, 0x54,
    0x3D, 0x2B, 0x23, 0x24, 0x73, 0xB7, 0xBA, 0x2E, 0x98, 0x48, 0xEC, 0xB5, 0x43, 0x9F, 0xDF, 0xA0,
    0xFF, 0xFF, 0x28, 0x0A, 0x20, 0x2F, 0xFA, 0x39, 0x88, 0x8B, 0x93, 0x37, 0x4C, 0x9D, 0x98, 0xBE,
    0xB3, 0x27, 0xC3, 0x5F, 0xE3, 0xA2, 0xCA, 0xB5, 0x25, 0xFF, 0x50, 0x76, 0x58, 0x0C, 0xD7, 0xAC,
    0xD4, 0xC4, 0xBF, 0x4D, 0xDA, 0x17, 0x2D, 0x9E, 0x76, 0xF1, 0xE2, 0xE9, 0x26, 0x36, 0xB6, 0x26,
    0x32, 0xB6, 0xEB, 0x60, 0x6C, 0xF3, 0x21, 0x32, 0xB6, 0x9B, 0x22, 0x18, 0xDB, 0xC1, 0x2F, 0x9E,
    0xE6, 0xFC, 0x59, 0x35, 0xB6, 0xC5, 0xA7, 0x64, 0x6C, 0xC3, 0xE2, 0xE9, 0xC3, 0x60, 0x6C, 0x69,
    0x63, 0x5B, 0x44, 0xD7, 0x11, 0x1D, 0xF6, 0x62, 0x3E, 0xF4, 0x93, 0x8E, 0xED, 0xCE, 0xEA, 0x75,
    0x9A, 0x65, 0x8D, 0x22, 0x72, 0x61, 0x63, 0x60, 0x5E, 0x64, 0x6B, 0x56, 0xD5, 0x94, 0xD8, 0x36,
    0x4D, 0xB3, 0xA0, 0x92, 0xDA, 0x2D, 0x5B, 0x11, 0x36, 0x20, 0xF4, 0xFB, 0xDF, 0xC4, 0x3A, 0xD6,
    0xF2, 0xD4, 0xB6, 0x6A, 0x2C, 0xC4, 0x4E, 0x88, 0x89, 0xA0, 0xC1, 0xFD, 0x6A, 0x5B, 0x8F, 0x5C,
    0xE1, 0xA1, 0xAF, 0x5F, 0xD6, 0x2B, 0xC2, 0x56, 0xE7, 0x84, 0xE5, 0xB3, 0x50, 0x10, 0x8B, 0xC2,
    0x4D, 0x0D, 0xA4, 0xBB, 0x7B, 0x4D, 0x57, 0x97, 0x4D, 0x84, 0xA8, 0xF6, 0x86, 0x70, 0x9E, 0xA4,
    0xD2, 0xAA, 0xCD, 0x5B, 0x81, 0x61, 0x0C, 0x1C, 0x3B, 0x4F, 0x2E, 0xCA, 0xA2, 0x6C, 0xBF, 0xC2,
    0x66, 0x00, 0x17, 0xF2, 0xA0, 0x57, 0xE1, 0x06, 0xB5, 0xDA, 0x92, 0x65, 0xCB, 0xD0, 0x2E, 0x0A,
    0x5D, 0xDB, 0xB4, 0x39, 0xD8, 0x25, 0xD4, 0x6E, 0xCF, 0x6E, 0xB2, 0x1D, 0x60, 0x58, 0xC4, 0x8F,
    0x80, 0xB0, 0x14, 0x82, 0xA5, 0x00, 0x2C, 0x31, 0x88, 0x92, 0x89, 0x28, 0xD4, 0xE4, 0x2A, 0xF0,
    0xCA, 0xFB, 0xF1, 0x96, 0x9F, 0xF5, 0xEC, 0xA9, 0x5F, 0x89, 0xE7, 0xE7, 0x45, 0xA1, 0x9A, 0x9E,
    0x98, 0x2A, 0x5B, 0xF4, 0xCC, 0x0B, 0xC2, 0x8E, 0xD2, 0x53, 0x2F, 0x77, 0xBC, 0x91, 0xCC, 0xFD,
    0x81, 0xD4, 0x69, 0xA0, 0x8A, 0x0B, 0x33, 0x5A, 0xEA, 0x0A, 0xBB, 0x63, 0x8C, 0x89, 0x1A, 0xAA,
    0x42, 0x1C, 0xDC, 0x1B, 0xB1, 0x17, 0xC9, 0x8E, 0x50, 0x12, 0x80, 0xC9, 0xA0, 0x21, 0xC4, 0x07,
    0xD4, 0x23, 0x81, 0xE7, 0x5B, 0x09, 0x2F, 0xBC, 0xAA, 0x4E, 0x6F, 0x5A, 0x09, 0x3F, 0xD2, 0x36,
    0xEA, 0x1A, 0x30, 0xD9, 0x0D, 0x7C, 0xA1, 0x57, 0xCC, 0xE9, 0x29, 0xAA, 0xF6, 0x5C, 0x35, 0xA0,
    0x1E, 0x9A, 0x3D, 0x35, 0xF4, 0xAA, 0x4F, 0x1C, 0x51, 0x11, 0x5F, 0x73, 0x93, 0x7D, 0x44, 0x9D,
    0x64, 0x64, 0xAB, 0x84, 0x9B, 0x8C, 0x14, 0x43, 0x7E, 0x03, 0xA0, 0xB2, 0x1F, 0x74, 0x3D, 0xE6,
    0x4E, 0xBE, 0xCE, 0x80, 0xFC, 0x33, 0x8B, 0x75, 0xC6, 0xC5, 0xF7, 0x7C, 0x14, 0xA2, 0xB6, 0x0F,
    0x98, 0xE8, 0xCE, 0x7E, 0xC1, 0xC4, 0x94, 0x5A, 0x7E, 0xF3, 0xE4, 0x4C, 0x03, 0x88, 0x73, 0x17,
    0x18, 0xAB, 0x22, 0x28, 0xB1, 0xE8, 0x65, 0x05, 0x1E, 0xCF, 0xB3, 0x8C, 0x5D, 0xCB, 0x84, 0x01,
    0x39, 0x7B, 0x02, 0x86, 0x9D, 0x4A, 0xD0, 0x60, 0xD4, 0x3C, 0x14, 0x87, 0xBC, 0x83, 0xF1, 0x18,
    0xC3, 0x60, 0xB0, 0x33, 0xA5, 0xA6, 0x3B, 0xC2, 0xF3, 0x1D, 0xF2, 0x92, 0x7F, 0xCD, 0x58, 0xBE,
    0x5A, 0xF2, 0x1E, 0xC6, 0xF1, 0x55, 0x0D, 0x50, 0x7C, 0xB4, 0x7D, 0xD6, 0x49, 0xD4, 0x3D, 0x26,
    0x09, 0xDD, 0x5D, 0x48, 0xE4, 0x15, 0x0B, 0x1C, 0x85, 0x3C, 0xFB, 0xF5, 0x1D, 0xCF, 0xEF, 0x91,
    0xAD, 0x1C, 0x3F, 0xE2, 0xF7, 0xAE, 0x85, 0xF0, 0xBF, 0x4E, 0x50, 0xBD, 0x6F, 0x69, 0x6F, 0xB5,
    0xF2, 0xE7, 0x5C, 0x63, 0x5C, 0x2B, 0x42, 0x20, 0x1B, 0x68, 0x65, 0x21, 0xE3, 0xC6, 0x43, 0xBD,
    0x58, 0xD9, 0xF8, 0xD5, 0x0D, 0xCA, 0x67, 0x01, 0xAA, 0xE1, 0x4D, 0xD6, 0xD8, 0x5F, 0xFD, 0x59,
    0x64, 0x6C, 0xB4, 0x1F, 0x1F, 0xD0, 0x3F, 0xD6, 0xAB, 0xD4, 0x36, 0x2E, 0xC0, 0x49, 0x69, 0xB7,
    0x87, 0xFD, 0xE9, 0x47, 0x1B, 0x02, 0x9A, 0x0F, 0x3D, 0x2D, 0x92, 0x6D, 0x82, 0x1D, 0xE5, 0xF5,
    0xC5, 0xE4, 0x21, 0x3F, 0x21, 0xC7, 0x69, 0x2E, 0x42, 0x9B, 0xE1, 0x56, 0xE4, 0x7F, 0x7D, 0x9F,
    0x3D, 0x1D, 0x76, 0x38, 0xD0, 0xFF, 0x98, 0xF7, 0xA4, 0x4B, 0x2E, 0xDB, 0x7A, 0x4C, 0xAE, 0x45,
    0xAA, 0x1A, 0x87, 0xD1, 0x32, 0xCF, 0x44, 0x35, 0x1B, 0x8A, 0xE4, 0x01, 0x4D, 0x20, 0xF4, 0x14,
    0x32, 0xFF, 0x4D, 0xB4, 0xD9, 0x81, 0x56, 0x3C, 0xFF, 0x1A, 0x55, 0x5C, 0xFB, 0xD3, 0x0F, 0x2C,
    0xED, 0x06, 0xB2, 0x3F, 0x19, 0xAA, 0xD6, 0xDA, 0xFF, 0xBE, 0xAA, 0xCC, 0xA1, 0x1B, 0x62, 0x37,
    0x2E, 0xEE, 0xB5, 0xA0, 0xD5, 0x45, 0x52, 0x5D, 0x1A, 0xF4, 0xBF, 0xBC, 0x36, 0xAE, 0xB8, 0x76,
    0x2D, 0x9D, 0x26, 0xA6, 0x33, 0xF8, 0x12, 0x61, 0x6A, 0x6E, 0x35, 0x7A, 0xC4, 0x76, 0xB6, 0xA5,
    0xBB, 0x02, 0x80, 0xC8, 0xCF, 0x51, 0x06, 0x2C, 0x77, 0xB4, 0xB0, 0x56, 0x5B, 0xCA, 0x95, 0x73,
    0xC0, 0x22, 0x49, 0x1F, 0xA8, 0xEE, 0xC2, 0xC8, 0xC8, 0x82, 0xFE, 0x8A, 0x3B, 0x02, 0x47, 0xD2,
    0x5D, 0x85, 0xD5, 0x51, 0xC2, 0x47, 0x2E, 0x60, 0x41, 0x47, 0x81, 0x48, 0x92, 0x58, 0x71, 0xC7,
    0x28, 0xC9, 0x49, 0xEE, 0x18, 0x28, 0xB9, 0xA4, 0x62, 0xF6, 0xA8, 0x58, 0xC9, 0xAA, 0x4F, 0xEC,
    0x30, 0x2A, 0x5C, 0xD2, 0x59, 0xCF, 0x2D, 0x65, 0xE1, 0x8C, 0x98, 0xA4, 0xEE, 0x42, 0x17, 0xA3,
    0x07, 0x4D, 0xE6, 0xCF, 0x39, 0x1F, 0xF7, 0xB8, 0xC9, 0x7C, 0x8C, 0xA1, 0x93, 0xD9, 0x5E, 0xEE,
    0x01, 0x33, 0x7E, 0x12, 0xFF, 0x26, 0xDB, 0x14, 0x51, 0x84, 0x92, 0x8F, 0xF1, 0xEA, 0xA8, 0xFB,
    0x5B, 0xF4, 0xE9, 0xE4, 0x24, 0xAE, 0x6A, 0x46, 0xB8, 0xFC, 0x2B, 0x2E, 0x38, 0xDE, 0xED, 0xC1,
    0x3F, 0xBF, 0x7F, 0xDD, 0x18, 0x35, 0x7B, 0x37, 0xAF, 0x9F, 0xC2, 0x72, 0x8A, 0x91, 0x11, 0x35,
    0x43, 0x95, 0x32, 0x75, 0xF2, 0xFE, 0x2D, 0x18, 0x7C, 0x44, 0xC8, 0x35, 0xEF, 0x54, 0xA1, 0x69,
    0xE1, 0x46, 0x26, 0x9D, 0x49, 0x20, 0x1F, 0x50, 0x70, 0xDC, 0xD7, 0xCE, 0xF5, 0x96, 0xF6, 0x8D,
    0x9E, 0x1A, 0x19, 0x38, 0xC3, 0xF3, 0xCD, 0xC6, 0x69, 0x79, 0x8F, 0x4D, 0x1C, 0xC5, 0x5C, 0xBC,
    0x43, 0xAD, 0xAC, 0x10, 0x52, 0xA6, 0x4F, 0x8A, 0x77, 0x06, 0x32, 0x15, 0x1B, 0x2C, 0x92, 0x97,
    0x0F, 0x66, 0xB9, 0x71, 0x99, 0x45, 0x9D, 0xDA, 0xC1, 0xBD, 0x6D, 0x83, 0xCA, 0x40, 0x67, 0xEE,
    0xEE, 0xB2, 0xDE, 0x0E, 0xBA, 0x7D, 0xBA, 0x7B, 0xD0, 0x63, 0x12, 0xC3, 0xF3, 0x14, 0x3F, 0xEB,
    0x11, 0xB6, 0x00, 0xEF, 0x9B, 0x7D, 0x14, 0xC7, 0x2D, 0x92, 0xC0, 0xA7, 0x10, 0xAC, 0x74, 0x79,
    0xE2, 0x4D, 0xCD, 0xB2, 0xB5, 0x99, 0x17, 0x60, 0xF3, 0xF8, 0x2F, 0xEA, 0xF3, 0xAF, 0x09, 0x17,
    0xA3, 0xF6, 0x31, 0xDA, 0x3F, 0x26, 0x6E, 0x20, 0xE3, 0x3B, 0xC8, 0x90, 0x00, 0xFF, 0x0B, 0xB7,
    0x90, 0x31, 0xEC, 0x56, 0xD1, 0x43, 0x06, 0xE2, 0xCB, 0xB8, 0x89, 0x0C, 0xA4, 0x97, 0x68, 0x17,
    0x19, 0x12, 0x9E, 0xB6, 0x91, 0xA9, 0x51, 0xBD, 0x46, 0x1F, 0x19, 0x88, 0x8E, 0x1B, 0xC9, 0x40,
    0x72, 0xAD, 0x74, 0x92, 0x21, 0xC1, 0xB5, 0xD2, 0x4A, 0xE6, 0x02, 0xCD, 0x74, 0x78, 0xDF, 0x05,
    0x89, 0x4D, 0x9B, 0xC9, 0x40, 0x6A, 0xD2, 0x4D, 0x86, 0x85, 0x26, 0xED, 0x64, 0xD8, 0x5B, 0x73,
    0x3F, 0x19, 0x86, 0x48, 0x47, 0x0D, 0x65, 0x64, 0x1D, 0x57, 0x98, 0x07, 0x2D, 0x52, 0x41, 0x44,
    0x23, 0xEB, 0xD5, 0xC5, 0xEA, 0x92, 0xB4, 0xAE, 0x0A, 0xEB, 0x6A, 0xA7, 0x1D, 0xF2, 0x1B, 0x22,
    0x28, 0xEA, 0x22, 0x29, 0x72, 0xFA, 0x76, 0xB5, 0xED, 0x7E, 0x24, 0x62, 0x5A, 0x36, 0xF9, 0x47,
    0xCE, 0x77, 0x91, 0x91, 0x9F, 0xBF, 0x47, 0x0F, 0x42, 0x42, 0xA2, 0x30, 0xA9, 0x03, 0x49, 0xDB,
    0x3C, 0xC8, 0xB9, 0x41, 0x44, 0xFF, 0x7C, 0x31, 0x14, 0x2C, 0xA1, 0x67, 0x0D, 0xF5, 0x2A, 0x21,
    0x01, 0x59, 0x42, 0x1C, 0x79, 0xF9, 0xE4, 0xBD, 0x88, 0xA7, 0x68, 0xAB, 0x95, 0x48, 0xA7, 0x22,
    0xA3, 0xBB, 0x02, 0x1F, 0x5D, 0xC6, 0x9B, 0x4D, 0x48, 0x36, 0xC9, 0x60, 0xBC, 0x68, 0x1A, 0x26,
    0x59, 0x32, 0xF9, 0x2A, 0xE6, 0x42, 0xF9, 0xCC, 0x03, 0xFB, 0x79, 0x90, 0x4A, 0x7E, 0x49, 0x28,
    0x69, 0x7B, 0x65, 0xA6, 0xED, 0x67, 0x08, 0x34, 0xCB, 0x66, 0x36, 0x82, 0x35, 0xC7, 0x72, 0x93,
    0xA8, 0xC8, 0xC0, 0xED, 0x48, 0x28, 0x71, 0x92, 0x56, 0x34, 0x4E, 0x41, 0x32, 0xE9, 0x45, 0xE3,
    0x98, 0x4F, 0xB9, 0x19, 0x0D, 0xD4, 0x03, 0xDD, 0x68, 0x58, 0x3B, 0xB8, 0x1D, 0x0D, 0x98, 0xE7,
    0x7E, 0x34, 0xD0, 0x0D, 0x6E, 0x48, 0x03, 0xD5, 0xE0, 0x8E, 0x34, 0xD0, 0x0C, 0x6E, 0x49, 0x03,
    0xC5, 0x90, 0x9E, 0x34, 0xC4, 0xBC, 0x34, 0xA5, 0x01, 0xF3, 0xA1, 0x2B, 0x8D, 0xB4, 0xA5, 0x61,
    0xE6, 0xD1, 0x97, 0x86, 0xD9, 0x44, 0x63, 0x1A, 0x66, 0x3E, 0x99, 0x2E, 0x31, 0xDF, 0xC4, 0xCC,
    0x87, 0x86, 0x35, 0xDA, 0xB1, 0x86, 0x98, 0x3F, 0x41, 0xCB, 0x1A, 0x36, 0x30, 0xE8, 0x59, 0xC3,
    0xE6, 0x05, 0x4D, 0x6B, 0xC4, 0xB8, 0x70, 0xD7, 0x1A, 0xC7, 0x7C, 0x21, 0x6D, 0x6B, 0x6A, 0x6A,
    0x11, 0x80, 0xBE, 0x35, 0xC4, 0xFC, 0x57, 0xD0, 0xB8, 0x06, 0xCC, 0x3F, 0xE0, 0xCE, 0x35, 0xC4,
    0xFC, 0x03, 0x6E, 0x5D, 0x43, 0xCC, 0xBF, 0xC5, 0xBD, 0x6B, 0xC0, 0x3C, 0x37, 0xAF, 0x01, 0xF3,
    0xDC, 0xBD, 0x06, 0xCC, 0x4B, 0xFB, 0x1A, 0x62, 0x5E, 0xFA, 0xD7, 0x10, 0xF3, 0xA1, 0x81, 0x8D,
    0x76, 0xB0, 0x49, 0x1B, 0x5F, 0xC4, 0x03, 0x9B, 0x5C, 0xCD, 0x0F, 0x5B, 0x54, 0x6F, 0x66, 0xFE,
    0x6A, 0x73, 0x18, 0x1D, 0xF9, 0xD3, 0x18, 0x9C, 0xCF, 0xCC, 0x5B, 0x49, 0x86, 0xA9, 0xF5, 0x0C,
    0xB7, 0xBA, 0x21, 0xD3, 0x20, 0xBD, 0x6E, 0xC8, 0x32, 0x70, 0xB3, 0x1B, 0x8C, 0x3C, 0xBA, 0xDD,
    0xF0, 0xC8, 0x33, 0x8C, 0x1D, 0x23, 0xCF, 0x78, 0x77, 0x8C, 0x3C, 0x03, 0xDE, 0x99, 0x79, 0xCE,
    0xA4, 0x37, 0xC0, 0x89, 0xA3, 0xA7, 0x20, 0x31, 0x2F, 0x3D, 0x6F, 0x3A, 0xC0, 0xE4, 0x11, 0xF0,
    0x30, 0x4E, 0xDE, 0x7B, 0x17, 0x81, 0xBD, 0x13, 0x43, 0x82, 0x7B, 0x27, 0x36, 0x05, 0xF8, 0xFE,
    0xD2, 0xCC, 0x5F, 0xCE, 0xF7, 0x94, 0x7D, 0xE5, 0xDF, 0x9A, 0x48, 0x00, 0x68, 0x92, 0x21, 0x12,
    0x90, 0xFE, 0x38, 0x24, 0x02, 0x6D, 0x90, 0x43, 0x32, 0x90, 0x0E, 0x39, 0x10, 0x02, 0xB7, 0xC8,
    0x51, 0x29, 0xA0, 0x47, 0x0E, 0x8B, 0x81, 0x9B, 0xE4, 0xF0, 0x0C, 0xE0, 0x2E, 0x39, 0x10, 0x84,
    0xB4, 0xC9, 0x81, 0x24, 0xA4, 0x4F, 0x8E, 0x74, 0xE4, 0x60, 0x70, 0x3E, 0xC9, 0x42, 0x3B, 0xE5,
    0xA0, 0x4B, 0x57, 0x54, 0x43, 0xD0, 0x5E, 0x39, 0x60, 0x51, 0x9A, 0xE5, 0x88, 0x19, 0x80, 0x70,
    0x44, 0x20, 0x68, 0x97, 0xA3, 0x12, 0xD9, 0x45, 0x22, 0xD9, 0x6F, 0x98, 0xB3, 0xD7, 0x31, 0xC7,
    0xAA, 0xD3, 0x45, 0xCF, 0x1C, 0x75, 0xBA, 0x68, 0x9A, 0x23, 0x4E, 0x97, 0xBB, 0xE6, 0x40, 0x30,
    0x85, 0x6F, 0x9B, 0xC3, 0x33, 0x43, 0xFA, 0xE6, 0x38, 0xD1, 0x2C, 0xB4, 0x71, 0x0E, 0xC9, 0xE6,
    0x0D, 0xE9, 0x9C, 0x23, 0xF3, 0x43, 0x5A, 0xE7, 0x90, 0x74, 0xDE, 0xD2, 0xDE, 0x39, 0xAC, 0x26,
    0xD2, 0x3C, 0x07, 0xF2, 0xD1, 0xEE, 0x39, 0x10, 0x90, 0xB6, 0xCF, 0x81, 0x84, 0x7C, 0xFF, 0x1C,
    0x12, 0x91, 0x6F, 0xA0, 0x03, 0x53, 0x11, 0x77, 0xD0, 0xF1, 0x2D, 0x74, 0xC0, 0xB5, 0xF6, 0xD0,
    0xF1, 0x0A, 0x82, 0x55, 0x84, 0x21, 0xBE, 0x79, 0x91, 0xD3, 0x8D, 0x9B, 0xEA, 0x44, 0x5D, 0x75,
    0xE2, 0xB6, 0x3A, 0xE8, 0xAB, 0xA3, 0x51, 0x4B, 0x5F, 0x7E, 0x27, 0x04, 0x2D, 0x65, 0xA3, 0x31,
    0x0B, 0xB5, 0xD6, 0xF1, 0x21, 0x0B, 0x7A, 0xEB, 0x90, 0x5A, 0x69, 0x73, 0x1D, 0x52, 0x2B, 0xE9,
    0xAE, 0x03, 0xB5, 0xE2, 0xF6, 0x3A, 0x90, 0xDC, 0xDB, 0xD2, 0x5F, 0x07, 0xD1, 0x8A, 0x34, 0xD8,
    0x41, 0xB0, 0x22, 0x1D, 0x76, 0x48, 0x6C, 0xDA, 0x62, 0x87, 0xA5, 0xC6, 0x3D, 0x76, 0x58, 0xAD,
    0xA4, 0xC9, 0x0E, 0x9C, 0xAE, 0x74, 0xD9, 0xE1, 0x38, 0x25, 0x6A, 0xB3, 0x23, 0x7D, 0x76, 0x34,
    0x4A, 0xA9, 0x9A, 0xFD, 0x20, 0x25, 0x8E, 0x51, 0xAE, 0x77, 0xBA, 0x6C, 0x59, 0xE3, 0x1E, 0x3C,
    0x51, 0x13, 0x1E, 0x98, 0x5A, 0xED, 0xC2, 0x23, 0x92, 0x91, 0x36, 0x3C, 0x22, 0x1B, 0xE9, 0xC3,
    0x23, 0xD2, 0xF1, 0x8D, 0x78, 0x20, 0x1F, 0xDF, 0x89, 0x07, 0x61, 0x89, 0xB6, 0xE2, 0x21, 0x19,
    0x7D, 0x59, 0x7B, 0xF1, 0xB0, 0x94, 0x7C, 0x33, 0x1E, 0x92, 0xD3, 0xDB, 0xBE, 0x1B, 0x0F, 0x49,
    0xEA, 0x1D, 0xDF, 0x8E, 0x87, 0x64, 0x15, 0xFA, 0xF1, 0x90, 0xB4, 0x42, 0x43, 0x1E, 0x92, 0x57,
    0xD4, 0x91, 0xC7, 0x49, 0x2C, 0x6A, 0xC9, 0x43, 0x32, 0xDB, 0xEB, 0xC9, 0x13, 0x35, 0xE5, 0x21,
    0x39, 0x84, 0xAE, 0x3C, 0x22, 0x21, 0xC1, 0x7F, 0xA9, 0xAA, 0x3D, 0xBE, 0x1A, 0xE0, 0x5D, 0x55,
    0xB6, 0x17, 0x2E, 0x4D, 0x57, 0x11, 0xE8, 0xC6, 0xDA, 0x93, 0x00, 0x73, 0xF4, 0x9E, 0xF2, 0x5E,
    0x04, 0x49, 0x0E, 0x05, 0xCA, 0x9B, 0x76, 0xBF, 0xBD, 0xBC, 0x5F, 0x98, 0x82, 0x5F, 0x90, 0x2D,
    0x50, 0x34, 0x3A, 0x53, 0x1A, 0xFC, 0x02, 0xC5, 0x4B, 0xE2, 0x17, 0x92, 0x57, 0xF5, 0x0B, 0x43,
    0xF0, 0x0B, 0xEB, 0xE0, 0x17, 0x56, 0xDE, 0x2F, 0x74, 0x9F, 0x86, 0x5F, 0xB8, 0xF2, 0x13, 0x95,
    0x9B, 0xF2, 0x21, 0x5E, 0xA2, 0xB8, 0x46, 0x8E, 0x2F, 0xC4, 0xAF, 0x44, 0x1F, 0x5B, 0xF4, 0x51,
    0xFE, 0x74, 0xF3, 0xDE, 0x3C, 0xB6, 0x1B, 0xDD, 0xF6, 0x54, 0x27, 0x07, 0x25, 0xBF, 0x32, 0x33,
    0xAA, 0xC9, 0xE7, 0x39, 0x65, 0xAD, 0x52, 0x37, 0x65, 0xD9, 0x6A, 0x9C, 0x5E, 0xE5, 0xEA, 0x8D,
    0x01, 0xC0, 0x96, 0x28, 0xBD, 0xF6, 0x52, 0x37, 0xB3, 0xE6, 0x36, 0xED, 0x02, 0x67, 0x46, 0x20,
    0xB3, 0xE1, 0x75, 0x5F, 0xA8, 0x3F, 0xAF, 0x6B, 0x90, 0xD4, 0x5D, 0xFA, 0x88, 0xA4, 0x90, 0xB6,
    0xC7, 0xAC, 0x79, 0x59, 0x80, 0xF6, 0x0E, 0x0F, 0x5E, 0x28, 0x4E, 0xA5, 0x91, 0x13, 0xA6, 0xB0,
    0x27, 0x70, 0x45, 0x05, 0xF2, 0xF7, 0x9D, 0x4A, 0x5D, 0xFA, 0xB8, 0xBC, 0xC0, 0x1B, 0xAF, 0x62,
    0x5A, 0xD8, 0xC7, 0xDE, 0x44, 0xE1, 0x9F, 0x37, 0x3F, 0xB3, 0x00, 0xA4, 0x74, 0x06, 0xA7, 0x23,
    0xDB, 0x13, 0xC5, 0xE7, 0x68, 0xAE, 0x92, 0xCB, 0x06, 0x45, 0xF6, 0x38, 0xD8, 0xA1, 0xA8, 0x01,
    0x19, 0xB6, 0x28, 0xB2, 0xBF, 0xE1, 0x3D, 0x8A, 0xAC, 0x7D, 0xBC, 0x49, 0x11, 0xEA, 0x27, 0xBB,
    0x14, 0xA1, 0x7F, 0xA2, 0xF1, 0x50, 0x40, 0xDD, 0xA7, 0x88, 0xB0, 0x4C, 0x36, 0x2A, 0x92, 0x0A,
    0xC6, 0x3B, 0x15, 0x75, 0xAB, 0x22, 0x58, 0x94, 0x9C, 0x5B, 0x42, 0xB3, 0xCD, 0x25, 0x35, 0xBC,
    0xCD, 0x6C, 0x7E, 0x2A, 0xD3, 0xF0, 0xC2, 0x4F, 0xC3, 0x2C, 0x4C, 0xC3, 0xF4, 0xFF, 0x8D, 0x69,
    0x38, 0x5C, 0x59, 0x19, 0x1E, 0xAA, 0x9D, 0xD1, 0x62, 0x13, 0xE1, 0x8D, 0x06, 0x88, 0xE4, 0xCF,
    0xE6, 0xB3, 0x41, 0x72, 0x95, 0xC5, 0x90, 0x4E, 0x23, 0x8B, 0x84, 0xBA, 0xA4, 0x8C, 0xAA, 0x21,
    0xDC, 0xD3, 0xD4, 0x89, 0xC4, 0xFD, 0x96, 0x1A, 0x1B, 0x23, 0x24, 0x19, 0xA8, 0xAA, 0xC7, 0xEA,
    0xB1, 0xA3, 0x51, 0x85, 0x48, 0xDE, 0x62, 0x30, 0x04, 0x44, 0x52, 0x83, 0x84, 0x48, 0x0E, 0x40,
    0xD6, 0xD2, 0x00, 0x54, 0xE6, 0x88, 0x90, 0x6A, 0x66, 0x47, 0x9F, 0xC3, 0x82, 0x94, 0xFD, 0xE6,
    0xE3, 0xFE, 0x5A, 0x9F, 0xB0, 0x39, 0x06, 0xE6, 0xA3, 0x70, 0x7D, 0x7C, 0xB5, 0x39, 0x82, 0xAE,
    0x4E, 0xB1, 0x09, 0x62, 0x9D, 0xE0, 0xBE, 0x4E, 0x22, 0x01, 0x69, 0xEC, 0x84, 0x39, 0x22, 0x9D,
    0x9D, 0x10, 0x96, 0x71, 0x6B, 0x27, 0x9E, 0x23, 0xE8, 0xED, 0x04, 0x29, 0x7C, 0x5D, 0x9A, 0x3B,
    0x49, 0xC4, 0xDA, 0x78, 0x39, 0x48, 0x7B, 0x27, 0x8E, 0x58, 0x23, 0x49, 0x48, 0x83, 0x27, 0x8D,
    0xC7, 0x60, 0x24, 0x34, 0x1C, 0xEB, 0xA3, 0x68, 0x6C, 0x15, 0x82, 0xB1, 0xD9, 0xB3, 0x78, 0xD5,
    0x3A, 0xBC, 0xC4, 0x1C, 0xF1, 0x3F, 0x5F, 0x8B, 0x49, 0xD6, 0x0D, 0xDF, 0x18, 0x4A, 0x3B, 0x43,
    0xA1, 0xEE, 0x81, 0xD6, 0x50, 0x10, 0x53, 0x8E, 0xDE, 0x50, 0x90, 0x52, 0x81, 0xE6, 0x50, 0x10,
    0x52, 0x2E, 0xDD, 0xA1, 0x38, 0xA5, 0x45, 0x7B, 0x28, 0x27, 0xA2, 0x84, 0xFB, 0x43, 0xB1, 0x29,
    0xA5, 0x06, 0x51, 0x3C, 0x73, 0xB8, 0x43, 0x14, 0xE4, 0xC3, 0x2D, 0xA2, 0x38, 0xA0, 0x3F, 0x11,
    0xC8, 0x69, 0x2D, 0x4D, 0xA2, 0xB8, 0x44, 0x84, 0x2E, 0x51, 0xAC, 0x26, 0xDC, 0x26, 0x0A, 0x6A,
    0xC2, 0x7D, 0xA2, 0x58, 0x4D, 0x42, 0xA3, 0x28, 0xEE, 0x14, 0xC5, 0x7C, 0xA2, 0x55, 0x14, 0xB3,
    0x8F, 0xB0, 0x41, 0xA4, 0xB2, 0x7B, 0xA1, 0x9A, 0xF4, 0x11, 0xC9, 0x4A, 0xB2, 0x3D, 0x55, 0x3B,
    0xCA, 0xAB, 0x35, 0x60, 0x3E, 0x41, 0xF7, 0x28, 0xAE, 0xF8, 0x48, 0xFB, 0x28, 0xC7, 0x7C, 0x22,
    0xFD, 0xA3, 0x88, 0x79, 0x6E, 0x20, 0x45, 0xCC, 0xFF, 0x11, 0x3A, 0x48, 0xF1, 0x1C, 0xE1, 0x16,
    0x52, 0x30, 0xA0, 0xDC, 0x43, 0x0A, 0x29, 0x2D, 0x37, 0x91, 0x22, 0xE6, 0xA5, 0x8B, 0x14, 0x31,
    0x2F, 0x6D, 0xA4, 0xC0, 0xBC, 0xF4, 0x91, 0xE2, 0x39, 0x02, 0x92, 0x99, 0xBF, 0xDC, 0xB0, 0x9D,
    0x19, 0x12, 0x14, 0x98, 0xDF, 0x27, 0x20, 0xF9, 0xFC, 0xE6, 0xD6, 0x7C, 0xDE, 0xB7, 0x96, 0xD2,
    0xDE, 0x52, 0x08, 0x32, 0xD1, 0x5C, 0x8A, 0x27, 0x08, 0x6A, 0xF8, 0x3C, 0x3F, 0xD0, 0x5E, 0x8A,
    0x6D, 0xA6, 0xF4, 0x97, 0x22, 0x9B, 0x29, 0x0D, 0xA6, 0xC8, 0x66, 0x72, 0x87, 0x29, 0x0D, 0xBB,
    0x65, 0x6A, 0xBC, 0xCD, 0x3D, 0xA6, 0x34, 0xE8, 0x1E, 0x8C, 0x8F, 0xB9, 0xC5, 0x66, 0x4A, 0x9B,
    0x29, 0x8C, 0x3C, 0xF7, 0x99, 0xD2, 0xD2, 0xA0, 0x4E, 0x0A, 0xE9, 0x34, 0x25, 0x65, 0xC1, 0xA0,
    0xE9, 0x00, 0xB5, 0x49, 0x31, 0x63, 0xD8, 0x8F, 0xB2, 0x99, 0xF9, 0xC5, 0xF0, 0x0A, 0x23, 0xCF,
    0x0D, 0xFC, 0xB5, 0xCB, 0xC0, 0xE0, 0x6B, 0xA5, 0xA9, 0x32, 0x2F, 0xAD, 0xA8, 0x88, 0x79, 0xE9,
    0x45, 0x45, 0xCC, 0x73, 0x33, 0x2A, 0xC4, 0xD3, 0xE8, 0x46, 0xC5, 0xBE, 0x93, 0xDB, 0x51, 0x21,
    0x92, 0xE6, 0x7E, 0x54, 0x08, 0xA3, 0xB9, 0x21, 0x15, 0x31, 0xBF, 0xE0, 0x8E, 0x54, 0xC4, 0xBC,
    0xB4, 0xA4, 0x22, 0xE6, 0xB5, 0x27, 0x15, 0x31, 0x2F, 0x4D, 0xA9, 0x88, 0xF9, 0xB8, 0x2B, 0x15,
    0x93, 0xCC, 0x50, 0x7A, 0xED, 0xC8, 0xA7, 0xC3, 0xAD, 0x0E, 0x23, 0xB5, 0x1E, 0x9B, 0x90, 0x05,
    0x43, 0x93, 0x39, 0xA7, 0x27, 0x26, 0xF3, 0x87, 0x97, 0x48, 0xAE, 0xF7, 0x3F, 0x58, 0x61, 0x4F,
    0x31, 0x0E, 0xFB, 0xB8, 0x44, 0x72, 0x60, 0xE1, 0xC9, 0x7C, 0x05, 0x92, 0xC3, 0x0A, 0x90, 0x5C,
    0xDD, 0x17, 0x92, 0x82, 0x0A, 0x90, 0x5C, 0xD7, 0xE7, 0x2F, 0xE3, 0xA2, 0x3E, 0x48, 0x44, 0x14,
    0x4C, 0xC2, 0x77, 0x33, 0x89, 0x78, 0x82, 0x49, 0x84, 0x13, 0x4C, 0x22, 0x9A, 0x90, 0xC7, 0xA1,
    0x60, 0x42, 0x48, 0x8A, 0x25, 0x84, 0xA4, 0x50, 0x22, 0x66, 0x93, 0xC9, 0x93, 0xEB, 0x6A, 0xF6,
    0x51, 0xC1, 0x3E, 0xAA, 0xD6, 0xEF, 0x97, 0xEA, 0xA3, 0x3A, 0x7D, 0x54, 0xA4, 0x8F, 0x2B, 0xF4,
    0xBF, 0xBF, 0x6F, 0x74, 0xAF, 0xDB, 0x87, 0x3D, 0xA0, 0x41, 0x98, 0xCC, 0x3E, 0xB4, 0x08, 0x93,
    0xE9, 0xC7, 0x4D, 0xC2, 0xD8, 0xF8, 0x70, 0x9B, 0x30, 0xAE, 0x26, 0x8E, 0xD0, 0x7E, 0x76, 0x50,
    0xDA, 0x2A, 0x8C, 0x1C, 0x94, 0x34, 0x0B, 0x23, 0x35, 0xCC, 0xB8, 0x5D, 0x18, 0x4F, 0x42, 0x6E,
    0x18, 0x26, 0xA1, 0x2C, 0xB7, 0x0C, 0xE3, 0x58, 0x96, 0x9B, 0x86, 0xC1, 0x02, 0xCB, 0x7E, 0x6B,
    0x98, 0xE0, 0x2C, 0x8A, 0x5E, 0xA4, 0x75, 0x18, 0x4F, 0xC5, 0x36, 0x38, 0x28, 0x35, 0x34, 0xE2,
    0xAD, 0xAF, 0xEC, 0xB1, 0x16, 0x2D, 0x8B, 0x8C, 0x91, 0xD0, 0xC3, 0x95, 0xDF, 0xDF, 0x18, 0xC4,
    0xED, 0xC1, 0x85, 0xAD, 0x48, 0xE5, 0xD1, 0x7C, 0x7A, 0xEA, 0x6D, 0x72, 0x26, 0x29, 0x37, 0x5B,
    0x65, 0x67, 0x07, 0x42, 0xAD, 0xC9, 0xF9, 0x00, 0xEF, 0xBA, 0x09, 0x2B, 0x3A, 0x5B, 0x5F, 0x8B,
    0xEF, 0x9A, 0xD1, 0xCB, 0x86, 0xAA, 0x4F, 0xA9, 0xC4, 0x30, 0x2D, 0xC2, 0x78, 0xA9, 0xB8, 0x3E,
    0x00, 0x30, 0x4A, 0x1C, 0xD4, 0x83, 0x8D, 0xDC, 0xB0, 0xA1, 0x22, 0x98, 0xD4, 0x4E, 0xEC, 0x34,
    0xAD, 0x5E, 0xD5, 0x1A, 0xE6, 0xDE, 0x25, 0x54, 0xF1, 0x46, 0x45, 0x54, 0xF5, 0xA3, 0xAF, 0xC1,
    0x39, 0xA1, 0xC6, 0xCB, 0x45, 0x02, 0xF8, 0x14, 0xA3, 0x35, 0x46, 0xFE, 0x3A, 0x1F, 0x23, 0x47,
    0x9E, 0x8E, 0xB7, 0xAE, 0x63, 0x5C, 0xEA, 0xC8, 0xAA, 0x41, 0x7F, 0x7C, 0xBC, 0x8E, 0x44, 0xF9,
    0x12, 0xE0, 0xFB, 0xD8, 0x1E, 0x61, 0xBD, 0x34, 0x1D, 0xD1, 0x86, 0x23, 0x12, 0xC7, 0x4B, 0x08,
    0x2F, 0x81, 0xB2, 0x04, 0xEE, 0x12, 0xB3, 0x6B, 0xB8, 0xCE, 0x91, 0xFA, 0x6B, 0x15, 0x66, 0xCF,
    0x9C, 0xC2, 0x82, 0xD8, 0x04, 0x97, 0x19, 0x5A, 0x66, 0x5E, 0x5B, 0x72, 0x33, 0x2D, 0x69, 0x3A,
    0x53, 0xED, 0x70, 0x39, 0xE0, 0x93, 0xB1, 0x00, 0xAD, 0x8C, 0x40, 0x00, 0x21, 0x0D, 0x5F, 0x5E,
    0x3F, 0xF6, 0xEB, 0x28, 0x62, 0x6B, 0xAF, 0x46, 0x6C, 0xDC, 0xC6, 0x4C, 0x22, 0x36, 0xE9, 0x63,
    0x86, 0x88, 0x4D, 0x1A, 0x99, 0x21, 0xAB, 0xE1, 0x4E, 0x66, 0x5A, 0x47, 0x9B, 0x47, 0xCD, 0x6A,
    0xB8, 0x97, 0x19, 0x67, 0x35, 0xDC, 0xCC, 0x8C, 0x83, 0x79, 0xEE, 0x66, 0x86, 0x09, 0x21, 0xED,
    0xCC, 0x7C, 0x56, 0x73, 0x2E, 0xC3, 0xAD, 0x0D, 0xCD, 0xD0, 0xCA, 0x66, 0x08, 0x59, 0x4D, 0xDC,
    0xD2, 0x4C, 0x7B, 0x9A, 0x61, 0xD8, 0xCA, 0x28, 0xAB, 0x41, 0x57, 0xB3, 0x8F, 0x97, 0xD5, 0xEC,
    0xB5, 0xBA, 0x22, 0x89, 0x9C, 0x6D, 0xFD, 0x72, 0x43, 0x0E, 0x7D, 0x85, 0x3C, 0x08, 0x2F, 0x22,
    0x21, 0x3C, 0x7D, 0xBD, 0x84, 0xF0, 0x54, 0x00, 0x97, 0x10, 0x9E, 0x2C, 0xD4, 0xA8, 0xB1, 0xD9,
    0xA4, 0x21, 0x7C, 0x7B, 0xB0, 0x0B, 0x21, 0x3C, 0x20, 0xEF, 0x10, 0x84, 0x85, 0x72, 0x20, 0xCD,
    0x9D, 0xD2, 0x9D, 0x04, 0xAE, 0x6E, 0xFE, 0x2E, 0x25, 0x6E, 0xCD, 0x80, 0xAB, 0x80, 0x10, 0x08,
    0xB9, 0xA3, 0x21, 0xFC, 0x1C, 0xD6, 0x47, 0xBB, 0x95, 0x0F, 0xE1, 0xAB, 0x95, 0x0F, 0xD6, 0x39,
    0x3A, 0x7E, 0xD9, 0x10, 0xDE, 0xC7, 0xEF, 0xA2, 0xE6, 0xA7, 0x73, 0xC3, 0x1A, 0x9E, 0xE8, 0x2A,
    0x73, 0x36, 0x88, 0xB2, 0x3B, 0xBB, 0xCA, 0xEA, 0xEE, 0x42, 0x25, 0x56, 0x78, 0x5A, 0xD3, 0x86,
    0xCA, 0x83, 0x80, 0xC7, 0xE9, 0x45, 0xED, 0x61, 0x0C, 0xE1, 0x6D, 0x06, 0x51, 0xFD, 0x54, 0x8E,
    0x36, 0x43, 0x7B, 0x62, 0xA8, 0x3F, 0xC5, 0x4E, 0x98, 0x00, 0x89, 0x4E, 0x01, 0x44, 0x53, 0x34,
    0x09, 0xE0, 0x5C, 0xC9, 0xBF, 0x2C, 0x06, 0x49, 0x54, 0xD5, 0x69, 0x64, 0xDE, 0xAB, 0x72, 0xE1,
    0xEA, 0xC8, 0xB9, 0x0E, 0xDE, 0x89, 0x1A, 0x80, 0x44, 0x97, 0x08, 0x86, 0x13, 0xBD, 0xEC, 0xAC,
    0x3E, 0xC0, 0x7E, 0xD3, 0x55, 0x41, 0x5D, 0x17, 0x74, 0x3A, 0xAF, 0xDC, 0x03, 0xA4, 0xC3, 0xC2,
    0x8E, 0xB4, 0x4C, 0xCE, 0xD3, 0x79, 0xBA, 0x32, 0x9D, 0xA7, 0x30, 0x9D, 0x77, 0x2C, 0x7E, 0x01,
    0x46, 0x97, 0x7C, 0x49, 0xCE, 0xFE, 0x9C, 0x8E, 0x08, 0x4A, 0x1B, 0x42, 0x52, 0xF7, 0x45, 0xCF,
    0x97, 0x21, 0xBA, 0x1B, 0xF0, 0x37, 0x37, 0xDA, 0x5F, 0x7D, 0xA3, 0xC7, 0xA7, 0x69, 0x3B, 0x4C,
    0xCD, 0xDF, 0x72, 0xF0, 0x5C, 0xE1, 0xD5, 0x32, 0x9C, 0x8B, 0xFE, 0x16, 0x68, 0xAA, 0xCE, 0x6A,
    0x82, 0x27, 0xD7, 0x1E, 0x4A, 0xA9, 0xA1, 0x16, 0xD1, 0xAC, 0xC6, 0xDA, 0xB2, 0x8D, 0xF4, 0x58,
    0x7B, 0xB6, 0xD1, 0xBA, 0x99, 0x34, 0x6D, 0x93, 0x5A, 0x05, 0x55, 0xD4, 0x79, 0x45, 0x5A, 0xDA,
    0xB6, 0x21, 0xDA, 0x94, 0xBE, 0x6D, 0xA4, 0xCC, 0x6F, 0x4B, 0xE3, 0x36, 0x98, 0x71, 0xE9, 0xDC,
    0x46, 0xEA, 0xAC, 0xAD, 0xDB, 0x32, 0x6E, 0xA5, 0xC9, 0x33, 0x19, 0xEB, 0x67, 0x6D, 0x34, 0xAB,
    0xF7, 0x60, 0x9E, 0x4C, 0x8B, 0x9E, 0xA6, 0x51, 0x74, 0xCD, 0xF4, 0x60, 0xAE, 0x8B, 0xBA, 0xAF,
    0xCB, 0xC3, 0xAE, 0xD9, 0xDF, 0x18, 0x9A, 0xBB, 0x49, 0x77, 0x37, 0x92, 0x13, 0xB7, 0x77, 0x93,
    0xD5, 0x35, 0xEA, 0xEF, 0xC6, 0x52, 0x92, 0xA3, 0xE3, 0x50, 0x72, 0xE0, 0x0E, 0x6F, 0x24, 0x23,
    0x69, 0xF1, 0x86, 0x65, 0x7B, 0xF4, 0x78, 0x23, 0x09, 0xFD, 0x4B, 0x34, 0x79, 0xE3, 0x68, 0x9C,
    0xBB, 0xBC, 0xC1, 0xD1, 0x71, 0x9B, 0x37, 0xCC, 0x75, 0xAE, 0x66, 0x6A, 0xBA, 0x4E, 0xC7, 0x98,
    0x49, 0xBA, 0xCE, 0x07, 0x70, 0x4E, 0x5A, 0xF9, 0x94, 0x08, 0xC0, 0x77, 0x19, 0xBB, 0xB2, 0x7D,
    0x51, 0xF8, 0x8C, 0xD6, 0x03, 0xA2, 0x75, 0x82, 0x4B, 0xAB, 0x04, 0xD7, 0x44, 0xE3, 0x63, 0x44,
    0xB2, 0xD7, 0x0F, 0x86, 0x8E, 0x1B, 0x29, 0x8A, 0xC7, 0xDF, 0xE8, 0xBA, 0xAA, 0x91, 0x16, 0x70,
    0xF0, 0xF6, 0xDC, 0x03, 0x8E, 0x7D, 0x3D, 0x35, 0x81, 0x13, 0x4F, 0xDF, 0xE9, 0xBA, 0x2A, 0xB7,
    0x81, 0x13, 0x2F, 0x9F, 0x4D, 0xC1, 0xC7, 0x4F, 0xEA, 0xE1, 0x4F, 0xB4, 0x8A, 0x25, 0x2D, 0x94,
    0xC0, 0xBC, 0xF4, 0x50, 0x62, 0xDF, 0x3E, 0xF8, 0x75, 0xD5, 0xA8, 0x1B, 0x1C, 0xB7, 0xE3, 0x61,
    0x86, 0x8A, 0xB0, 0x82, 0x9A, 0x85, 0x75, 0x55, 0x33, 0xBD, 0xB8, 0x56, 0xB1, 0x47, 0x7B, 0x3B,
    0x0F, 0x34, 0x65, 0x6D, 0x74, 0x5B, 0x82, 0x58, 0x7A, 0x6C, 0x12, 0x90, 0xE1, 0x97, 0x6E, 0x71,
    0x10, 0x81, 0xB4, 0x8B, 0x83, 0x0C, 0xB8, 0x5F, 0x1C, 0x5B, 0x7B, 0x34, 0x8C, 0x93, 0x50, 0x90,
    0x3B, 0xC6, 0x71, 0x28, 0xC8, 0x2D, 0xE3, 0x58, 0x09, 0xB8, 0x67, 0x1C, 0x4A, 0xFB, 0xD2, 0x34,
    0x0E, 0x95, 0x4D, 0xE9, 0x1A, 0x87, 0xC4, 0x44, 0xDB, 0xC6, 0x91, 0x2C, 0xB4, 0x6F, 0x1C, 0x09,
    0x63, 0xBF, 0x71, 0x9C, 0xEC, 0xC2, 0x0F, 0xBA, 0x10, 0x2B, 0x43, 0xAC, 0x0D, 0x2F, 0xF2, 0x7C,
    0x01, 0xCC, 0xCC, 0x35, 0x09, 0xF4, 0x95, 0x33, 0xB2, 0x5F, 0x51, 0xA3, 0x00, 0xC2, 0x9F, 0xB1,
    0x24, 0x3A, 0x0D, 0x89, 0x13, 0xEE, 0x2D, 0x47, 0x96, 0x02, 0xCD, 0xE5, 0xD8, 0x4E, 0xB8, 0xCF,
    0x71, 0xB5, 0x06, 0xED, 0xE5, 0x98, 0x7F, 0xA2, 0x64, 0x0A, 0x54, 0x8D, 0xCE, 0x00, 0x59, 0x36,
    0xE3, 0x16, 0x73, 0x19, 0x60, 0x0E, 0x56, 0x5C, 0x9D, 0x34, 0x99, 0x23, 0x9E, 0x7D, 0x97, 0x39,
    0xC1, 0x38, 0xE2, 0xF9, 0xF3, 0x30, 0xCE, 0xD6, 0x6B, 0x7E, 0x39, 0xC4, 0x1A, 0x21, 0x7C, 0xFE,
    0xC5, 0xB5, 0x30, 0xAB, 0xFF, 0x5F, 0xD3, 0x35, 0x71, 0x0F, 0xBA, 0xB8, 0x09, 0xDD, 0x5E, 0xEB,
    0xB9, 0x98, 0xDE, 0xEF, 0x43, 0xF7, 0x8F, 0xAD, 0x06, 0xFC, 0xF9, 0x78, 0x33, 0x6C, 0x48, 0x34,
    0x9A, 0xEB, 0x7E, 0xFB, 0xF9, 0xDB, 0x51, 0x2C, 0x8F, 0x22, 0x14, 0x0B, 0xDA, 0xD4, 0xF9, 0xFC,
    0x6A, 0x0A, 0xD9, 0xD5, 0x14, 0x72, 0xAB, 0x60, 0x6D, 0x9B, 0x29, 0xE4, 0x55, 0x53, 0xC8, 0xAA,
    0xA2, 0x9C, 0xEA, 0x13, 0x5B, 0x5B, 0x8F, 0x62, 0xB9, 0x13, 0xAC, 0xAD, 0x74, 0xAD, 0x23, 0x91,
    0x48, 0xDB, 0xBA, 0x62, 0xF0, 0x7D, 0xEB, 0xE8, 0xB7, 0x77, 0x6E, 0xB6, 0xB6, 0x7B, 0x53, 0x0D,
    0xE7, 0x5A, 0xD0, 0x8F, 0xE5, 0xF2, 0xCF, 0xA4, 0xF9, 0x49, 0xD6, 0xFB, 0x1D, 0x13, 0xEF, 0xFB,
    0x9B, 0xD7, 0xDC, 0x08, 0xE1, 0xB4, 0x45, 0x52, 0x16, 0x82, 0x37, 0xF4, 0xB8, 0x71, 0xEA, 0xF2,
    0xD8, 0xBD, 0x6E, 0xF8, 0x2F, 0xD8, 0x2F, 0x61, 0x26, 0xFE, 0x4C, 0x86, 0x9B, 0x73, 0xBE, 0x49,
    0x37, 0x94, 0x40, 0xE8, 0x0D, 0x2D, 0x12, 0xE9, 0x0D, 0x37, 0x48, 0xF3, 0x37, 0xC4, 0xC6, 0xCC,
    0x37, 0xEE, 0x4D, 0x5D, 0xBB, 0xB0, 0x3F, 0xEC, 0xA5, 0xAD, 0xA1, 0x9B, 0x53, 0x1F, 0xFC, 0xA2,
    0x17, 0x05, 0x72, 0x46, 0xE9, 0xEB, 0x04, 0x97, 0x63, 0x15, 0xAA, 0x9E, 0x00, 0xF3, 0xEF, 0xFB,
    0x1B, 0x56, 0x7D, 0xD4, 0xE2, 0x70, 0x2F, 0xA5, 0x5C, 0x5C, 0xD9, 0x1A, 0xF0, 0x5A, 0x8C, 0x8C,
    0xDB, 0x95, 0x91, 0xAA, 0xCD, 0x79, 0x34, 0xE3, 0x76, 0xD1, 0x59, 0xEE, 0xE6, 0x4F, 0xC2, 0xB1,
    0x8B, 0x51, 0x22, 0xEB, 0x77, 0x04, 0xC5, 0xDF, 0xFE, 0x22, 0x44, 0xC9, 0x36, 0xE0, 0x15, 0xA5,
    0xC1, 0x09, 0x1E, 0x51, 0x68, 0xA0, 0x15, 0x93, 0x4D, 0xFE, 0x44, 0xC1, 0x8A, 0xC9, 0xA6, 0xB0,
    0x8A, 0x55, 0x74, 0xBF, 0xB7, 0xAD, 0x40, 0x15, 0x13, 0xF2, 0x4C, 0x82, 0x54, 0x24, 0x5A, 0x81,
    0x8A, 0xA0, 0x05, 0xA7, 0x98, 0xE0, 0xDC, 0x4A, 0x4F, 0x77, 0x1E, 0xA5, 0x38, 0x39, 0x3D, 0x52,
    0x90, 0x22, 0x96, 0xDF, 0x05, 0xA3, 0x88, 0x33, 0x9E, 0x05, 0xA2, 0x98, 0xBF, 0x7F, 0x19, 0xA1,
    0x18, 0xF7, 0xA3, 0x12, 0x71, 0x1C, 0x05, 0x79, 0xB3, 0x15, 0xCB, 0xFB, 0xCB, 0x96, 0x2B, 0xB6,
    0x6E, 0xB1, 0xD5, 0xBB, 0x11, 0x7B, 0x77, 0xCD, 0x29, 0x77, 0x5B, 0x0F, 0x51, 0x24, 0x31, 0x09,
    0x42, 0x31, 0xE1, 0xA0, 0xB6, 0x06, 0x99, 0x3F, 0x11, 0x7C, 0x22, 0xE4, 0xC5, 0xF0, 0x44, 0x88,
    0x8B, 0xD1, 0x89, 0x90, 0x96, 0x9C, 0x72, 0x07, 0x12, 0xD8, 0x44, 0x90, 0x0C, 0x4D, 0x24, 0x51,
    0xC9, 0x29, 0x77, 0x24, 0x29, 0x05, 0x26, 0x92, 0xA0, 0x04, 0x97, 0x08, 0x39, 0x31, 0x2C, 0x91,
    0x8F, 0xC2, 0x06, 0x2A, 0x11, 0x52, 0xBA, 0xF5, 0x94, 0xBB, 0x23, 0x8F, 0x48, 0x4C, 0x27, 0x9F,
    0xE5, 0x44, 0x02, 0x8A, 0xE5, 0x73, 0x45, 0x3C, 0x2F, 0x3C, 0xFB, 0xCE, 0x49, 0xE6, 0x04, 0x67,
    0xDF, 0x49, 0xFE, 0x56, 0x2F, 0x21, 0x97, 0x1C, 0x67, 0xDF, 0x91, 0x58, 0x50, 0x74, 0x83, 0x54,
    0x72, 0x9C, 0x7D, 0x47, 0x42, 0xE1, 0xB3, 0xEF, 0x58, 0x10, 0x38, 0xFB, 0x0E, 0x54, 0xE9, 0x29,
    0x5A, 0xC7, 0x81, 0x40, 0x70, 0xF6, 0x1D, 0xE4, 0xC1, 0x67, 0xDF, 0x91, 0x38, 0x78, 0x8F, 0x3D,
    0x49, 0x83, 0xCF, 0xBE, 0x63, 0x61, 0x20, 0x7A, 0x7B, 0xFF, 0xD2, 0xB2, 0xF7, 0x3E, 0x75, 0xA4,
    0x94, 0x70, 0x5C, 0xC7, 0x62, 0x88, 0xA4, 0x70, 0x74, 0x79, 0x06, 0xC5, 0x7D, 0x46, 0xB7, 0x8A,
    0x43, 0x04, 0xBF, 0x00, 0x1C, 0xC6, 0x54, 0xFE, 0x44, 0xA9, 0xC2, 0x32, 0x06, 0x91, 0xF8, 0xE5,
    0xF3, 0xF0, 0xC0, 0x1B, 0x9F, 0x87, 0x87, 0x2D, 0xBF, 0x3B, 0x23, 0x14, 0xF0, 0x87, 0xE0, 0x17,
    0xF0, 0x43, 0xF0, 0xCB, 0xE8, 0x43, 0xE2, 0x97, 0xC1, 0x87, 0xC4, 0x2F, 0x63, 0x0F, 0x89, 0x5F,
    0x86, 0x1E, 0x82, 0xDF, 0x9B, 0xCF, 0xC3, 0x3B, 0x52, 0xD8, 0x61, 0xEA, 0x3B, 0xD9, 0xBF, 0x90,
    0xDF, 0x2B, 0xA7, 0xE5, 0x6D, 0x15, 0x7A, 0x08, 0xFB, 0x00, 0xE4, 0x21, 0x28, 0x00, 0x0F, 0xD9,
    0x4E, 0x10, 0xEE, 0x90, 0xF8, 0x65, 0xD8, 0x21, 0xF1, 0xCB, 0xA7, 0xE5, 0xC1, 0x12, 0xF0, 0x69,
    0x79, 0x8E, 0x62, 0xCC, 0xA1, 0x52, 0x4B, 0x5A, 0xDC, 0xA9, 0xF9, 0xB4, 0x3C, 0xF0, 0xCB, 0x80,
    0x43, 0xE2, 0x97, 0xF1, 0x86, 0xC4, 0x2F, 0xC3, 0x0D, 0x89, 0x5F, 0x46, 0x1B, 0x12, 0xBF, 0xB7,
    0x9C, 0x96, 0x77, 0xA4, 0x48, 0xC3, 0xF4, 0x9A, 0x6E, 0xD1, 0xB7, 0x8D, 0x6F, 0xDC, 0x55, 0x77,
    0xAB, 0xA1, 0x0C, 0xB8, 0x9C, 0x7C, 0xA2, 0x69, 0x99, 0x72, 0xFC, 0x22, 0x0E, 0xC5, 0x2C, 0x07,
    0xD2, 0x10, 0x93, 0x1C, 0x40, 0x43, 0x8C, 0x25, 0x9F, 0xAA, 0x07, 0xCA, 0x64, 0x9E, 0x4A, 0xD9,
    0x16, 0x72, 0x57, 0xDD, 0x24, 0x44, 0x2D, 0xC4, 0x2F, 0x43, 0x0C, 0xAD, 0x1D, 0x04, 0x61, 0xB8,
    0x44, 0x0E, 0x46, 0x01, 0x20, 0xF1, 0x7B, 0xCB, 0xA9, 0x7A, 0x47, 0xEA, 0x72, 0x3E, 0x2E, 0xBF,
    0xFB, 0xD1, 0xDB, 0xD6, 0x03, 0x0C, 0x03, 0xA3, 0x42, 0x02, 0xB6, 0xC3, 0x4C, 0x03, 0x31, 0x04,
    0xAE, 0x19, 0x5C, 0x08, 0xB6, 0x19, 0x5B, 0x08, 0x1E, 0xE5, 0xF4, 0x3D, 0x66, 0x97, 0x90, 0x85,
    0x4C, 0x02, 0x58, 0xC8, 0xAA, 0x0D, 0x5C, 0x21, 0x78, 0x17, 0x58, 0x21, 0x31, 0x2F, 0xA8, 0x42,
    0xC1, 0x0D, 0x52, 0x40, 0x45, 0xEC, 0x0B, 0xA6, 0x90, 0xF8, 0xBF, 0xFD, 0xF4, 0xBD, 0x23, 0x8F,
    0x27, 0x14, 0x7E, 0x09, 0x4E, 0x98, 0x85, 0x23, 0x25, 0x55, 0x0A, 0xBF, 0x11, 0xDB, 0xB6, 0x1B,
    0x0F, 0xE2, 0xDB, 0x06, 0x50, 0xA1, 0x78, 0x43, 0x60, 0x0A, 0x99, 0x66, 0x48, 0x21, 0x2C, 0x9A,
    0x20, 0x0A, 0x45, 0xE7, 0x01, 0x28, 0x24, 0x71, 0xE8, 0x41, 0x7C, 0xAC, 0xE3, 0x72, 0x10, 0x1F,
    0x68, 0x46, 0x13, 0x12, 0xAD, 0x60, 0x42, 0xD6, 0x06, 0xC6, 0x12, 0x26, 0x8C, 0xB2, 0x65, 0x28,
    0x21, 0x09, 0x45, 0x91, 0x84, 0x96, 0x83, 0x7F, 0x00, 0x09, 0x49, 0x2C, 0x8A, 0x23, 0xC4, 0xBC,
    0x7F, 0xD1, 0x41, 0x7C, 0x47, 0x21, 0x4D, 0x0C, 0x1B, 0x19, 0xDB, 0x8F, 0xE3, 0x19, 0x5F, 0xEA,
    0x80, 0xBE, 0xAD, 0xC7, 0x11, 0xFA, 0x60, 0xA2, 0x6C, 0x84, 0x5C, 0x82, 0xE4, 0x50, 0x02, 0x64,
    0x61, 0x05, 0x43, 0x08, 0xED, 0x61, 0x08, 0x21, 0xF4, 0x44, 0x0E, 0xE8, 0x73, 0xA4, 0x00, 0x08,
    0x61, 0x3B, 0x18, 0x3F, 0x88, 0x20, 0x82, 0xE1, 0x83, 0x24, 0x29, 0x45, 0x0F, 0x42, 0x50, 0x0C,
    0x1E, 0x84, 0x8A, 0x30, 0x76, 0x10, 0xCE, 0x80, 0xA1, 0x83, 0x1C, 0x3F, 0xDC, 0x76, 0x40, 0x5F,
    0x08, 0x1E, 0xA2, 0xD8, 0xE1, 0x45, 0x9E, 0xF1, 0x96, 0x13, 0xFC, 0xB6, 0x11, 0x76, 0x50, 0x95,
    0x06, 0xD0, 0x41, 0xBE, 0x11, 0xE4, 0x20, 0x4B, 0x44, 0x80, 0x83, 0x2C, 0x13, 0xC1, 0x0D, 0x72,
    0xBC, 0x20, 0xB0, 0x41, 0x92, 0xC0, 0xD7, 0xFD, 0x09, 0x7E, 0x24, 0x19, 0x05, 0x0D, 0xF2, 0x8D,
    0x60, 0x06, 0x49, 0x3A, 0xFE, 0x04, 0x3F, 0x92, 0x4F, 0x40, 0x0C, 0x3A, 0x09, 0x05, 0xC0, 0xA0,
    0xE5, 0xB5, 0x29, 0xC6, 0x0B, 0x3A, 0x29, 0x05, 0xB8, 0x20, 0xC9, 0xE9, 0x65, 0x4E, 0xF0, 0x3B,
    0x8A, 0xA0, 0x82, 0xE9, 0x14, 0x21, 0x05, 0xF7, 0xD2, 0xC4, 0x3D, 0x9D, 0xBA, 0xAC, 0x54, 0xB7,
    0x9F, 0x40, 0x1B, 0x56, 0x2A, 0x02, 0x5E, 0x30, 0x82, 0x0B, 0xC6, 0x68, 0xC1, 0x00, 0x72, 0xDB,
    0x3B, 0xEA, 0xE0, 0x63, 0x59, 0xF4, 0xC9, 0x5B, 0x74, 0xA1, 0x0A, 0xCB, 0x18, 0x41, 0xB6, 0xE8,
    0x14, 0x47, 0xB1, 0x0D, 0x4B, 0x5E, 0xC1, 0xA2, 0x0F, 0xDE, 0xA2, 0xAF, 0xBD, 0x45, 0x5F, 0xA9,
    0x45, 0xEF, 0x3E, 0x2D, 0x8B, 0x7E, 0x23, 0x36, 0x30, 0x1F, 0xAE, 0x42, 0xFC, 0x82, 0xCC, 0xEA,
    0x6B, 0x60, 0x81, 0x01, 0x15, 0x18, 0x3E, 0x11, 0x52, 0x97, 0x7D, 0x48, 0x60, 0x48, 0xEA, 0x56,
    0x3C, 0xFF, 0x09, 0x0F, 0xC8, 0x3A, 0x5E, 0x6D, 0xD4, 0x5E, 0x52, 0x08, 0xC2, 0xAA, 0x5E, 0xD6,
    0x22, 0x5D, 0x60, 0x01, 0x45, 0xC9, 0xF3, 0xB5, 0xC6, 0x7A, 0x2A, 0xD3, 0x88, 0x9A, 0x25, 0x77,
    0x30, 0x80, 0x01, 0x22, 0x73, 0x60, 0x14, 0x20, 0xA9, 0x34, 0x83, 0x00, 0x09, 0x57, 0xC1, 0x18,
    0x40, 0x27, 0x5D, 0x81, 0x00, 0x3A, 0xE9, 0x06, 0x04, 0xA0, 0x02, 0x00, 0x8D, 0xC7, 0xFF, 0x1D,
    0x29, 0xFC, 0x8F, 0x24, 0xC9, 0xF8, 0x9E, 0x97, 0xF4, 0x97, 0x7B, 0x10, 0xC8, 0xAD, 0x2F, 0x17,
    0x31, 0xA3, 0x90, 0xD7, 0x1E, 0x49, 0x2E, 0x42, 0x48, 0xF6, 0x10, 0x92, 0x0B, 0xC8, 0xF1, 0x04,
    0xEC, 0x13, 0xF8, 0x78, 0x02, 0x0E, 0x87, 0xB0, 0x52, 0x08, 0xEF, 0x80, 0x32, 0x11, 0x2B, 0x16,
    0xAA, 0x44, 0xD0, 0x2C, 0x29, 0x12, 0x4D, 0xD9, 0xA4, 0xE5, 0x15, 0xCB, 0xE5, 0x73, 0xC3, 0xEC,
    0x6B, 0x85, 0x88, 0xB4, 0xEB, 0xF6, 0xE3, 0x09, 0x8E, 0x7C, 0x75, 0xE8, 0xFA, 0x83, 0x07, 0x6E,
    0xB4, 0x78, 0x9F, 0x70, 0x56, 0x5D, 0xE8, 0xAC, 0xCA, 0xFC, 0xAC, 0x4A, 0xFF, 0xAF, 0x9F, 0x55,
    0xC3, 0x25, 0xA8, 0x5F, 0x40, 0xFA, 0x09, 0xD0, 0x6F, 0xAB, 0x38, 0x3F, 0x24, 0x85, 0x80, 0xF9,
    0x21, 0xF7, 0x01, 0xCA, 0x8F, 0xD5, 0x80, 0x52, 0x3A, 0xE4, 0x3E, 0xC0, 0xF8, 0x21, 0x4A, 0x00,
    0xC4, 0x0F, 0x03, 0x0F, 0x84, 0x1F, 0xC6, 0x1D, 0x00, 0x3F, 0xC8, 0xA0, 0x16, 0xAA, 0x36, 0x07,
    0x42, 0x29, 0xA4, 0x6F, 0xCA, 0x14, 0xD1, 0x67, 0x3D, 0xA0, 0x4F, 0x72, 0x9F, 0xD1, 0xE7, 0x3E,
    0xE3, 0x1E, 0xB0, 0x2F, 0x50, 0x47, 0x4A, 0x09, 0xBF, 0xE3, 0x27, 0xD0, 0x7D, 0x40, 0xFB, 0x92,
    0x4B, 0x47, 0xE9, 0x30, 0xB0, 0x8F, 0x99, 0x4E, 0x38, 0x2E, 0x26, 0xDD, 0x07, 0xAC, 0x8F, 0x83,
    0x23, 0xA0, 0xFA, 0x44, 0xE1, 0xD7, 0x32, 0xE4, 0x82, 0xE9, 0x13, 0x8D, 0x68, 0x94, 0x75, 0x46,
    0xF4, 0x25, 0x5A, 0x14, 0x1D, 0x7D, 0x58, 0x94, 0x8C, 0x3E, 0x2A, 0xE2, 0x23, 0x2B, 0x5A, 0x45,
    0xF3, 0x69, 0x4C, 0xB4, 0xDA, 0xC7, 0xF2, 0x99, 0x00, 0xE5, 0x3B, 0xBA, 0x4E, 0xCB, 0x5F, 0x36,
    0x0F, 0x7E, 0xE1, 0x39, 0x8F, 0x5B, 0x05, 0xF3, 0xB1, 0x06, 0x10, 0x3E, 0x0F, 0x4B, 0x9B, 0x80,
    0xF2, 0x91, 0x58, 0x18, 0xC9, 0x27, 0x79, 0x21, 0xFF, 0x4E, 0xCE, 0x79, 0x94, 0xEC, 0xB7, 0x17,
    0x0A, 0x28, 0x3E, 0xAE, 0xAE, 0x10, 0x88, 0x8F, 0x83, 0xE7, 0x13, 0xA6, 0x3A, 0x81, 0xF0, 0xA1,
    0x7E, 0x02, 0x04, 0x1F, 0x74, 0x01, 0x00, 0x3E, 0xE8, 0x02, 0xF0, 0x7B, 0xAC, 0x0B, 0x37, 0x9E,
    0xF3, 0x78, 0xA4, 0x7E, 0x5C, 0x38, 0xDE, 0xBD, 0xAC, 0x2E, 0xC4, 0xA7, 0x09, 0x6E, 0x15, 0xBF,
    0x97, 0x78, 0x8B, 0xAF, 0x54, 0xC3, 0xE5, 0x10, 0x80, 0xF7, 0x88, 0x5F, 0xC6, 0xEE, 0x81, 0x5F,
    0x40, 0xF7, 0xA0, 0xF1, 0x7C, 0xF6, 0x23, 0x28, 0x42, 0xB4, 0x81, 0x02, 0x6E, 0x0F, 0x79, 0x21,
    0x60, 0x7B, 0x09, 0x8A, 0x96, 0x40, 0xED, 0x39, 0x7E, 0x05, 0xB4, 0x47, 0xFC, 0x32, 0x66, 0x8F,
    0x75, 0x9F, 0x28, 0xE6, 0xF7, 0xC6, 0xB3, 0x1F, 0x8F, 0x14, 0xA9, 0x95, 0x7A, 0x33, 0xF5, 0xE2,
    0x3C, 0xF8, 0xF2, 0x79, 0x90, 0x5B, 0x85, 0xEC, 0x81, 0xD7, 0x63, 0xB1, 0x59, 0x86, 0x01, 0x7B,
    0xB0, 0x77, 0xC0, 0xEB, 0xC1, 0xDE, 0x21, 0x67, 0x81, 0xBD, 0x2B, 0x94, 0xB7, 0x96, 0xCF, 0x83,
    0x94, 0x00, 0x57, 0xAA, 0x64, 0x1B, 0xF9, 0x96, 0x9A, 0xCF, 0x83, 0xD4, 0xE8, 0x56, 0xEC, 0x1D,
    0xE3, 0xF4, 0xA4, 0x3A, 0x26, 0xCA, 0xCE, 0x28, 0x3D, 0xA9, 0x8C, 0xDD, 0x74, 0x1E, 0xE4, 0x91,
    0x16, 0xB3, 0x99, 0x37, 0x5A, 0x3D, 0x7F, 0xB5, 0xF1, 0x45, 0x99, 0x56, 0x26, 0x7A, 0x3A, 0x98,
    0x98, 0xCA, 0x9F, 0x28, 0xE5, 0xF8, 0x05, 0x42, 0x0F, 0xFC, 0x02, 0xA0, 0x87, 0x89, 0xCD, 0xA7,
    0x45, 0xD2, 0x6C, 0x07, 0x3C, 0x0F, 0x9C, 0x03, 0x9D, 0x87, 0x80, 0x15, 0xE0, 0xBC, 0x04, 0x0B,
    0x5F, 0x78, 0x52, 0xC7, 0xAF, 0x40, 0xF3, 0x1C, 0xBF, 0x82, 0xCC, 0x23, 0x7E, 0x19, 0x98, 0x47,
    0xFC, 0xDE, 0x72, 0x5A, 0xE4, 0xA5, 0xF1, 0x4D, 0x87, 0x97, 0xB1, 0xEF, 0xB9, 0x15, 0x03, 0x51,
    0x68, 0x63, 0xFC, 0xC2, 0xFD, 0x83, 0x00, 0xDE, 0x8C, 0x09, 0x94, 0xAC, 0xE9, 0x4F, 0xBC, 0xB8,
    0x78, 0x03, 0xE1, 0x1C, 0x1C, 0x13, 0xCE, 0xBF, 0xC9, 0x6F, 0xEC, 0x20, 0xEF, 0xC9, 0x94, 0x48,
    0x37, 0x4A, 0x5C, 0xF9, 0x93, 0x27, 0x8A, 0xB5, 0x10, 0x95, 0x7C, 0x0F, 0x95, 0x02, 0x89, 0x20,
    0xAF, 0x06, 0x82, 0x9C, 0x1A, 0x08, 0xF2, 0x69, 0xE1, 0xE1, 0xE3, 0xF6, 0xFE, 0x51, 0x89, 0x59,
    0xCB, 0xCB, 0xA1, 0xB4, 0xEC, 0xCB, 0xCA, 0x51, 0x49, 0x39, 0x94, 0x93, 0xA7, 0xCB, 0x65, 0xE4,
    0x4B, 0xC0, 0x3A, 0xC1, 0xD5, 0x45, 0xB0, 0x3A, 0x45, 0xD5, 0x6D, 0x3D, 0xA8, 0x0E, 0x76, 0x80,
    0x31, 0x75, 0x98, 0x6B, 0x0C, 0xA9, 0x83, 0x6B, 0x60, 0x44, 0x1D, 0x5C, 0x03, 0x03, 0xEA, 0x48,
    0x6B, 0x1E, 0x30, 0x9E, 0x0E, 0xD3, 0x84, 0xE1, 0x74, 0x6C, 0x11, 0x91, 0xB1, 0x08, 0xB9, 0x92,
    0x99, 0x22, 0x67, 0x97, 0xC0, 0x14, 0x66, 0x21, 0x36, 0x10, 0x24, 0x1D, 0x26, 0x4B, 0xEB, 0x5D,
    0x83, 0x18, 0x00, 0x71, 0x8D, 0x11, 0x8C, 0xEE, 0x32, 0x79, 0xE4, 0x49, 0x51, 0x97, 0x6C, 0xF8,
    0x18, 0x61, 0xD1, 0x65, 0x38, 0xD5, 0x36, 0x00, 0xE9, 0xB8, 0x44, 0xDC, 0x78, 0x37, 0xA9, 0x30,
    0x3A, 0x4C, 0x20, 0x41, 0xD1, 0x49, 0x5A, 0x0C, 0x10, 0x1D, 0x07, 0xC7, 0x8C, 0xA1, 0x03, 0xE7,
    0x02, 0xA1, 0x63, 0x13, 0xC2, 0x08, 0x3A, 0x4C, 0x2A, 0x01, 0xD0, 0xC1, 0x78, 0x6C, 0x3C, 0xDD,
    0x79, 0xF8, 0x1C, 0x19, 0x4C, 0x45, 0xCF, 0x91, 0x54, 0x14, 0x3C, 0x07, 0xB1, 0x08, 0x76, 0x8E,
    0xCD, 0x48, 0x0C, 0x9D, 0xEB, 0x22, 0x5A, 0x80, 0x73, 0x47, 0x41, 0x3F, 0x64, 0x7A, 0x8D, 0x2F,
    0x59, 0x60, 0xDF, 0x6B, 0xDD, 0x33, 0x63, 0x3B, 0xC0, 0x14, 0xE9, 0xD8, 0x64, 0xBE, 0xCB, 0x8D,
    0x52, 0xD6, 0xBC, 0x90, 0xA3, 0xC7, 0x4B, 0x71, 0x3D, 0x55, 0x5F, 0xD3, 0x4D, 0xF8, 0xFD, 0x82,
    0x17, 0x69, 0x68, 0x59, 0x07, 0x1D, 0x94, 0x2F, 0xD0, 0xB5, 0xAB, 0xC6, 0xAA, 0x31, 0xDA, 0x1C,
    0xA7, 0x5F, 0x7E, 0x9E, 0x13, 0xD4, 0x9F, 0x0A, 0xA1, 0xC5, 0x50, 0xCE, 0xEE, 0xF5, 0xEF, 0x28,
    0x88, 0x4E, 0xDF, 0xC6, 0xEA, 0x23, 0x1F, 0xF8, 0xE9, 0x8F, 0xFA, 0x9C, 0x3C, 0xA6, 0x40, 0xFA,
    0xE6, 0xA4, 0x2F, 0x38, 0xEA, 0xD3, 0x07, 0x3F, 0xED, 0xE5, 0xE0, 0x87, 0x31, 0x72, 0x1C, 0xFC,
    0x94, 0xAD, 0x2C, 0x02, 0x08, 0x42, 0x8E, 0x03, 0xFF, 0xDA, 0xF8, 0x68, 0x9F, 0x8F, 0xFA, 0xE4,
    0xBA, 0x10, 0xC1, 0xE3, 0x38, 0xF0, 0x07, 0x3A, 0x8E, 0x63, 0x5F, 0x80, 0xE3, 0xA0, 0xE1, 0x82,
    0x8D, 0xD3, 0xC0, 0xFF, 0x9C, 0xC7, 0x52, 0x90, 0x71, 0x34, 0x94, 0x02, 0x8C, 0xA3, 0x91, 0xBC,
    0xFD, 0xA8, 0xCF, 0x23, 0x0F, 0x8A, 0x7B, 0x95, 0xC0, 0x3F, 0x00, 0x8B, 0x10, 0xF4, 0x32, 0x32,
    0x8E, 0x8F, 0x96, 0x97, 0x10, 0xD6, 0x30, 0x2E, 0x0E, 0x7A, 0x5D, 0x70, 0xE0, 0xEA, 0xB4, 0x1A,
    0xA8, 0x38, 0xE8, 0x34, 0x40, 0x71, 0x3C, 0x97, 0x3D, 0x05, 0x48, 0x1C, 0x07, 0xBD, 0x84, 0x88,
    0x03, 0xF3, 0x56, 0xF2, 0x9F, 0x4E, 0xF0, 0x70, 0xE4, 0x18, 0x18, 0x0E, 0xC7, 0x05, 0x8C, 0x92,
    0x83, 0x5E, 0x01, 0xC3, 0x11, 0xDF, 0x01, 0x0B, 0xD7, 0xF9, 0xAE, 0x77, 0x82, 0x84, 0x3B, 0x52,
    0x20, 0xDC, 0xC7, 0x0B, 0x7A, 0xE5, 0x02, 0x9D, 0x7D, 0xF4, 0x9C, 0x7B, 0xB6, 0xF5, 0x6C, 0xEC,
    0xF9, 0x18, 0x19, 0x80, 0x7B, 0x2E, 0x0C, 0x8A, 0x50, 0x74, 0xA8, 0x2E, 0xF4, 0x97, 0x2E, 0x64,
    0xC7, 0x5B, 0xB6, 0xF4, 0x2B, 0xB6, 0xF3, 0x2B, 0xFC, 0x32, 0x97, 0xCB, 0x1A, 0x16, 0x7E, 0xB1,
    0x86, 0x7D, 0xC7, 0xA5, 0xA3, 0x00, 0x86, 0x6C, 0x3B, 0xED, 0xF7, 0x74, 0x96, 0xDD, 0x8D, 0x2D,
    0xD9, 0x75, 0x69, 0xF7, 0x29, 0x1E, 0x6A, 0x83, 0x55, 0xE5, 0x83, 0x26, 0xAC, 0x33, 0xCB, 0xCA,
    0xF3, 0x32, 0xAC, 0x38, 0xCB, 0xC3, 0xF3, 0x2B, 0x3A, 0x65, 0x7D, 0x47, 0xFC, 0xA4, 0xBE, 0x26,
    0xDF, 0x33, 0xC0, 0xAF, 0xB5, 0xEE, 0x95, 0xD2, 0x30, 0x02, 0xD8, 0xF7, 0xF4, 0x9A, 0x45, 0xAF,
    0x8B, 0x9E, 0x31, 0xF8, 0x68, 0x27, 0x84, 0x54, 0x6D, 0xD9, 0x60, 0x7E, 0x1A, 0x3D, 0x41, 0x86,
    0x1A, 0x55, 0x1D, 0xB4, 0xF9, 0xFB, 0x95, 0x7B, 0xD7, 0x81, 0xA1, 0xD7, 0x6A, 0x45, 0xAF, 0xF5,
    0x4A, 0xE9, 0x1C, 0xBF, 0x5F, 0xB8, 0xFF, 0xB0, 0x02, 0x08, 0xFC, 0x8C, 0x0F, 0x1B, 0xC5, 0x70,
    0xD9, 0xA8, 0x00, 0x51, 0xDF, 0x84, 0xBE, 0xDC, 0x7A, 0xE0, 0x9A, 0x4E, 0x34, 0xCE, 0x0B, 0x03,
    0xE9, 0xB4, 0x8C, 0x51, 0x6B, 0x50, 0x33, 0x06, 0xAD, 0x61, 0xA1, 0x85, 0x31, 0x6B, 0x92, 0x61,
    0xE3, 0xA0, 0x51, 0x0A, 0xB4, 0x18, 0xB1, 0xC6, 0xEB, 0x11, 0x00, 0xAC, 0x91, 0xAE, 0x2D, 0x18,
    0xAF, 0x96, 0xF0, 0xB6, 0x00, 0xB6, 0x34, 0xD9, 0xA4, 0x68, 0x35, 0x9A, 0x68, 0x02, 0x56, 0xC3,
    0x82, 0x4B, 0x1B, 0x26, 0xDA, 0xAD, 0xA7, 0x8B, 0x1E, 0x79, 0x52, 0x14, 0x6C, 0x3F, 0xDC, 0xBC,
    0x3D, 0xCB, 0x78, 0xE1, 0x49, 0xA4, 0x5B, 0x85, 0xAA, 0xF1, 0x6A, 0x0C, 0x21, 0xD5, 0x40, 0x01,
    0xA8, 0x06, 0xB1, 0x00, 0xA7, 0x06, 0xA9, 0x00, 0xA6, 0xC6, 0x2B, 0xB6, 0x33, 0x28, 0x8A, 0x3D,
    0x71, 0x12, 0x29, 0x51, 0xC0, 0xA8, 0x41, 0x4E, 0x80, 0xA8, 0x61, 0xF2, 0x41, 0xB5, 0x93, 0x80,
    0x4A, 0x93, 0x8C, 0xB3, 0x68, 0x35, 0xE3, 0x44, 0x89, 0xAD, 0x15, 0x4A, 0xDC, 0xEA, 0x4D, 0xA7,
    0x8E, 0x1E, 0x5D, 0xAA, 0x3E, 0xEF, 0xD5, 0x9E, 0x6F, 0x8B, 0x42, 0xE3, 0xD3, 0x49, 0xB7, 0x8A,
    0x4E, 0x63, 0x47, 0x2A, 0xAB, 0x63, 0x72, 0x5A, 0x34, 0x3B, 0x51, 0xDB, 0x4C, 0xE2, 0x42, 0x09,
    0x99, 0x26, 0x0E, 0x74, 0x3A, 0x57, 0xF7, 0xD9, 0xE9, 0xBA, 0x1B, 0xC1, 0xD2, 0xC4, 0x75, 0x66,
    0x93, 0x77, 0x9C, 0x93, 0xB8, 0xCD, 0x13, 0x29, 0xB0, 0x08, 0x48, 0x02, 0xAB, 0x8B, 0xC0, 0x48,
    0xB0, 0xC3, 0x1C, 0x74, 0xB5, 0xED, 0xE6, 0xD3, 0x49, 0x8F, 0x3C, 0xF4, 0xC8, 0x7B, 0xB9, 0x97,
    0xCC, 0xB0, 0xF7, 0xCE, 0x2E, 0xDD, 0x7A, 0x40, 0x1A, 0xDB, 0x57, 0x60, 0xBE, 0xD8, 0xC0, 0x0E,
    0x4C, 0xD2, 0x20, 0x8F, 0x4C, 0x12, 0xD7, 0x00, 0xA3, 0x31, 0xDB, 0xC0, 0xA2, 0xB1, 0x91, 0xE5,
    0xB3, 0x4B, 0x39, 0xB1, 0x44, 0x17, 0x5D, 0x5E, 0x6B, 0xED, 0xF9, 0xCB, 0x6A, 0x39, 0x86, 0x05,
    0xF5, 0x62, 0x81, 0xA1, 0x51, 0x69, 0x4D, 0x50, 0x68, 0x14, 0x83, 0x0B, 0x08, 0x8D, 0xD8, 0x17,
    0x0C, 0x1A, 0xF1, 0x7F, 0xFB, 0xD9, 0xA5, 0x47, 0x01, 0xA2, 0xE8, 0xC7, 0xFC, 0xA5, 0x9D, 0x4C,
    0x74, 0xB8, 0xE9, 0x56, 0x40, 0x68, 0x72, 0xCC, 0x91, 0x42, 0x3D, 0xB7, 0x12, 0x37, 0x75, 0x12,
    0x42, 0x02, 0x80, 0x86, 0x59, 0x3F, 0x1A, 0x2B, 0x73, 0x9E, 0x97, 0x8B, 0x19, 0x7D, 0xC6, 0x3C,
    0x33, 0x51, 0xA3, 0x00, 0x2A, 0xBA, 0xCD, 0xCB, 0x2C, 0x8C, 0x3C, 0xC3, 0x92, 0xB6, 0x65, 0xAF,
    0xC2, 0xB8, 0x33, 0xE2, 0xF3, 0xA6, 0xC3, 0x4D, 0x8F, 0x04, 0x73, 0xC6, 0x9C, 0x94, 0x83, 0x70,
    0x47, 0x8B, 0xF4, 0x93, 0x02, 0xCE, 0x8E, 0xFE, 0x91, 0x57, 0x0F, 0x8F, 0xFC, 0xF8, 0x7E, 0x82,
    0xC3, 0x4D, 0x7F, 0xAD, 0xCA, 0x8B, 0x9F, 0xF7, 0x12, 0x79, 0xC5, 0xC3, 0x4D, 0xB7, 0x0A, 0x1B,
    0xD3, 0x7C, 0x62, 0xF2, 0xD9, 0xC4, 0xE4, 0x73, 0x89, 0xC9, 0x67, 0x12, 0xDE, 0x0C, 0x36, 0x93,
    0xCF, 0x22, 0x26, 0x9F, 0x43, 0x84, 0x0C, 0xE2, 0x13, 0x98, 0xC1, 0x1B, 0x0F, 0x37, 0x3D, 0x52,
    0x94, 0x18, 0x71, 0xCE, 0x20, 0x31, 0xBA, 0xBB, 0x73, 0xAB, 0x19, 0x64, 0x5E, 0x37, 0x5F, 0xE4,
    0x03, 0x5C, 0x99, 0x3F, 0x46, 0xB6, 0x71, 0x97, 0x26, 0xF0, 0xC4, 0x08, 0x38, 0x3E, 0xA8, 0x95,
    0x0F, 0x69, 0xE5, 0x03, 0x5A, 0xF9, 0xF9, 0xF9, 0xD9, 0xE5, 0xB9, 0x05, 0xDE, 0xC6, 0xC8, 0x36,
    0x3C, 0x2B, 0x3F, 0x27, 0x3F, 0x63, 0xBD, 0xCA, 0xF1, 0xDA, 0xD1, 0xEF, 0x73, 0xAC, 0x2F, 0x75,
    0x3D, 0x9F, 0xC3, 0x32, 0x21, 0x5D, 0x9D, 0x00, 0x6F, 0xA0, 0xDF, 0xDF, 0x63, 0x3E, 0xBB, 0x5B,
    0xB2, 0x04, 0x8D, 0x5C, 0x06, 0x3C, 0xFD, 0x69, 0x77, 0xC2, 0xCF, 0x7F, 0x5F, 0x38, 0x50, 0x1E,
    0x46, 0xE6, 0x02, 0x4A, 0xEC, 0xF8, 0x90, 0xE0, 0x19, 0x57, 0xBC, 0x6F, 0x14, 0x6E, 0x94, 0x1F,
    0xE5, 0xE8, 0x5C, 0x78, 0x7A, 0x2C, 0x5C, 0x1D, 0x0B, 0x5F, 0xC7, 0xC2, 0xD9, 0xB1, 0xF0, 0x76,
    0xCE, 0xDC, 0x25, 0x13, 0xCB, 0x9F, 0x76, 0xCC, 0x91, 0xF4, 0xAD, 0xE0, 0xF3, 0x74, 0x11, 0xF4,
    0x4F, 0xF4, 0xB9, 0x65, 0xB2, 0x35, 0xAF, 0x4B, 0x2F, 0x59, 0x69, 0x23, 0xAB, 0x1D, 0x64, 0xF9,
    0x24, 0x4D, 0xEE, 0x1B, 0x6B, 0xB8, 0x65, 0xAC, 0x91, 0x6E, 0xB1, 0x0B, 0xEE, 0xE8, 0x2D, 0x3D,
    0x62, 0xA5, 0x3D, 0xAC, 0x74, 0x86, 0xD5, 0xA6, 0xB0, 0x4B, 0xEE, 0x07, 0x8B, 0x2E, 0x9F, 0x49,
    0x73, 0x4E, 0x3D, 0x3E, 0x17, 0x6B, 0x4B, 0x4B, 0x37, 0xF9, 0xCA, 0x1A, 0x9C, 0x49, 0x7F, 0x6E,
    0xD0, 0x96, 0x08, 0xC7, 0x65, 0xBA, 0x28, 0x71, 0x8B, 0x46, 0xB4, 0x7C, 0x34, 0xFD, 0x1D, 0x5F,
    0xC7, 0x95, 0x63, 0x35, 0xA5, 0x29, 0xEC, 0x9D, 0xC6, 0xFC, 0x1F,
};

static const EpdGlyph notobengali_16_regularGlyphs[] = {
    { 0, 0, 0, 0, 0, 0, 0 }, // U+0000
    { 0, 0, 139, 0, 0, 0, 0 }, // U+000D
    { 0, 0, 139, 0, 0, 0, 0 }, // U+0020
    { 6, 25, 204, 4, 25, 38, 0 }, // !
    { 11, 9, 268, 3, 25, 25, 38 }, // "
    { 20, 21, 348, 1, 21, 105, 63 }, // #
    { 25, 21, 442, 1, 21, 132, 168 }, // %
    { 5, 9, 174, 3, 25, 12, 300 }, // '
    { 9, 31, 223, 3, 27, 70, 312 }, // (
    { 9, 31, 223, 2, 27, 70, 382 }, // )
    { 17, 16, 324, 2, 25, 68, 452 }, // *
    { 16, 16, 316, 2, 19, 64, 520 }, // +
    { 6, 8, 140, 1, 4, 12, 584 }, // ,
    { 9, 3, 181, 1, 12, 7, 596 }, // -
    { 5, 5, 143, 2, 5, 7, 603 }, // .
    { 13, 31, 239, 1, 27, 101, 610 }, // /
    { 16, 25, 294, 1, 25, 100, 711 }, // 0
    { 10, 24, 294, 2, 24, 60, 811 }, // 1
    { 16, 24, 294, 1, 24, 96, 871 }, // 2
    { 16, 25, 294, 1, 25, 100, 967 }, // 3
    { 18, 25, 294, 0, 24, 113, 1067 }, // 4
    { 15, 24, 294, 2, 24, 90, 1180 }, // 5
    { 16, 25, 294, 1, 25, 100, 1270 }, // 6
    { 16, 24, 294, 1, 24, 96, 1370 }, // 7
    { 16, 25, 294, 1, 25, 100, 1466 }, // 8
    { 16, 25, 294, 1, 25, 100, 1566 }, // 9
    { 5, 19, 157, 2, 19, 24, 1666 }, // :
    { 6, 23, 157, 1, 19, 35, 1690 }, // ;
    { 16, 17, 316, 2, 19, 68, 1725 }, // <
    { 16, 9, 316, 2, 15, 36, 1793 }, // =
    { 16, 17, 316, 2, 19, 68, 1829 }, // >
    { 13, 25, 276, 2, 25, 82, 1897 }, // ?
    { 8, 31, 221, 4, 27, 62, 1979 }, // [
    { 13, 31, 239, 1, 27, 101, 2041 }, // <backslash>
    { 8, 31, 221, 2, 27, 62, 2142 }, // ]
    { 18, 15, 316, 1, 24, 68, 2204 }, // ^
    { 15, 3, 219, -1, -2, 12, 2272 }, // _
    { 11, 31, 209, 1, 27, 86, 2284 }, // {
    { 4, 31, 288, 7, 27, 31, 2370 }, // |
    { 11, 31, 243, 2, 27, 86, 2401 }, // }
    { 16, 6, 316, 2, 14, 24, 2487 }, // ~
    { 0, 0, 139, 0, 0, 0, 0 }, // U+00A0
    { 9, 3, 181, 1, 12, 7, 0 }, // U+00AD
    { 15, 15, 316, 2, 18, 57, 7 }, // U+00D7
    { 16, 15, 316, 2, 18, 60, 64 }, // U+00F7
    { 17, 24, 288, 1, 23, 102, 0 }, // U+0980
    { 13, 7, 0, -11, 30, 23, 102 }, // U+0981
    { 13, 23, 234, 2, 21, 75, 125 }, // U+0982
    { 10, 21, 234, 2, 21, 53, 200 }, // U+0983
    { 32, 21, 476, -1, 21, 168, 253 }, // U+0985
    { 40, 24, 618, -1, 23, 240, 421 }, // U+0986
    { 19, 33, 283, -1, 31, 157, 661 }, // U+0987
    { 25, 31, 367, -1, 31, 194, 818 }, // U+0988
    { 26, 30, 380, -1, 31, 195, 1012 }, // U+0989
    { 30, 30, 455, -1, 31, 225, 1207 }, // U+098A
    { 25, 24, 455, 1, 23, 150, 1432 }, // U+098B
    { 19, 25, 341, 1, 25, 119, 1582 }, // U+098C
    { 22, 21, 404, 1, 21, 116, 1701 }, // U+098F
    { 27, 31, 466, 1, 31, 210, 1817 }, // U+0990
    { 23, 20, 394, 0, 21, 115, 2027 }, // U+0993
    { 28, 30, 466, 0, 31, 210, 2142 }, // U+0994
    { 29, 21, 430, -1, 21, 153, 2352 }, // U+0995
    { 23, 24, 371, 1, 23, 138, 2505 }, // U+0996
    { 23, 24, 350, 0, 23, 138, 2643 }, // U+0997
    { 23, 21, 336, -1, 21, 121, 2781 }, // U+0998
    { 23, 20, 386, 0, 21, 115, 2902 }, // U+0999
    { 21, 20, 302, -1, 21, 105, 3017 }, // U+099A
    { 25, 23, 366, -1, 21, 144, 3122 }, // U+099B
    { 32, 22, 489, -1, 21, 176, 3266 }, // U+099C
    { 28, 23, 423, -1, 23, 161, 3442 }, // U+099D
    { 32, 21, 543, 1, 21, 168, 3603 }, // U+099E
    { 21, 30, 302, -1, 31, 158, 3771 }, // U+099F
    { 22, 32, 315, -1, 32, 176, 3929 }, // U+09A0
    { 26, 20, 380, -1, 21, 130, 4105 }, // U+09A1
    { 21, 20, 302, -1, 21, 105, 4235 }, // U+09A2
    { 20, 24, 331, 1, 23, 120, 4340 }, // U+09A3
    { 25, 19, 377, -1, 21, 119, 4460 }, // U+09A4
    { 21, 24, 344, 1, 23, 126, 4579 }, // U+09A5
    { 22, 22, 322, -1, 21, 121, 4705 }, // U+09A6
    { 20, 21, 318, 1, 21, 105, 4826 }, // U+09A7
    { 22, 21, 322, -1, 21, 116, 4931 }, // U+09A8
    { 25, 24, 382, 0, 23, 150, 5047 }, // U+09AA
    { 30, 22, 447, -1, 21, 165, 5197 }, // U+09AB
    { 22, 21, 318, -1, 21, 116, 5362 }, // U+09AC
    { 26, 20, 384, -1, 21, 130, 5478 }, // U+09AD
    { 23, 21, 332, -1, 21, 121, 5608 }, // U+09AE
    { 23, 21, 334, -1, 21, 121, 5729 }, // U+09AF
    { 22, 22, 318, -1, 21, 121, 5850 }, // U+09B0
    { 26, 21, 390, -1, 21, 137, 5971 }, // U+09B2
    { 24, 24, 361, -1, 23, 144, 6108 }, // U+09B6
    { 23, 21, 338, -1, 21, 121, 6252 }, // U+09B7
    { 25, 21, 364, -1, 21, 132, 6373 }, // U+09B8
    { 19, 24, 283, -1, 21, 114, 6505 }, // U+09B9
    { 5, 5, 0, -11, -2, 7, 6619 }, // U+09BC
    { 19, 24, 283, -1, 21, 114, 6626 }, // U+09BD
    { 11, 24, 142, -1, 23, 66, 6740 }, // U+09BE
    { 25, 31, 142, -1, 31, 194, 6806 }, // U+09BF
    { 28, 31, 142, -18, 31, 217, 7000 }, // U+09C0
    { 18, 11, 0, -15, 1, 50, 7217 }, // U+09C1
    { 17, 11, 0, -11, 1, 47, 7267 }, // U+09C2
    { 14, 11, 0, -12, 1, 39, 7314 }, // U+09C3
    { 13, 15, 0, -12, 1, 49, 7353 }, // U+09C4
    { 14, 21, 185, -1, 21, 74, 7402 }, // U+09C7
    { 15, 31, 185, -2, 31, 117, 7476 }, // U+09C8
    { 34, 24, 508, -1, 23, 204, 7593 }, // U+09CB
    { 34, 31, 508, -1, 31, 264, 7797 }, // U+09CC
    { 11, 9, 0, -7, 0, 25, 8061 }, // U+09CD
    { 18, 22, 280, 1, 21, 99, 8086 }, // U+09CE
    { 23, 31, 142, -13, 31, 179, 8185 }, // U+09D7
    { 26, 27, 380, -1, 21, 176, 8364 }, // U+09DC
    { 21, 27, 302, -1, 21, 142, 8540 }, // U+09DD
    { 23, 22, 334, -1, 21, 127, 8682 }, // U+09DF
    { 25, 33, 455, 1, 23, 207, 8809 }, // U+09E0
    { 19, 36, 341, 1, 25, 171, 9016 }, // U+09E1
    { 13, 12, 0, -12, 0, 39, 9187 }, // U+09E2
    { 23, 15, 0, -19, 0, 87, 9226 }, // U+09E3
    { 16, 16, 316, 2, 19, 64, 9313 }, // U+09E6
    { 13, 22, 316, 4, 22, 72, 9377 }, // U+09E7
    { 17, 23, 316, 2, 22, 98, 9449 }, // U+09E8
    { 19, 19, 316, 0, 20, 91, 9547 }, // U+09E9
    { 16, 21, 316, 2, 21, 84, 9638 }, // U+09EA
    { 18, 22, 316, 1, 22, 99, 9722 }, // U+09EB
    { 19, 19, 316, 0, 20, 91, 9821 }, // U+09EC
    { 16, 21, 316, 2, 21, 84, 9912 }, // U+09ED
    { 20, 21, 316, 0, 21, 105, 9996 }, // U+09EE
    { 19, 22, 316, 0, 22, 105, 10101 }, // U+09EF
    { 22, 21, 318, -1, 21, 116, 10206 }, // U+09F0
    { 22, 21, 318, -1, 21, 116, 10322 }, // U+09F1
    { 16, 15, 314, 2, 18, 60, 10438 }, // U+09F2
    { 20, 26, 339, 0, 26, 130, 10498 }, // U+09F3
    { 16, 15, 314, 2, 18, 60, 10628 }, // U+09F4
    { 20, 15, 377, 2, 18, 75, 10688 }, // U+09F5
    { 22, 22, 388, 1, 21, 121, 10763 }, // U+09F6
    { 4, 21, 158, 3, 21, 21, 10884 }, // U+09F7
    { 21, 21, 363, 1, 21, 111, 10905 }, // U+09F8
    { 14, 12, 258, 1, 17, 42, 11016 }, // U+09F9
    { 19, 14, 360, 2, 26, 67, 11058 }, // U+09FA
    { 12, 19, 155, 1, 14, 57, 11125 }, // U+09FB
    { 16, 20, 286, 1, 17, 80, 11182 }, // U+09FC
    { 11, 10, 227, 2, 18, 28, 11262 }, // U+09FD
    { 10, 12, 0, -5, 31, 30, 11290 }, // U+09FE
    { 0, 0, 0, 0, 0, 0, 0 }, // U+200B
    { 2, 32, 0, -1, 26, 16, 0 }, // U+200C
    { 10, 32, 0, -5, 27, 80, 16 }, // U+200D
    { 9, 3, 181, 1, 12, 7, 96 }, // U+2010
    { 15, 3, 267, 1, 12, 12, 103 }, // U+2013
    { 31, 3, 533, 1, 12, 24, 115 }, // U+2014
    { 6, 8, 166, 2, 24, 12, 139 }, // U+2018
    { 6, 8, 166, 2, 24, 12, 151 }, // U+2019
    { 13, 8, 267, 2, 24, 26, 163 }, // U+201C
    { 13, 8, 267, 2, 24, 26, 189 }, // U+201D
    { 23, 5, 429, 2, 5, 29, 215 }, // U+2026
    { 15, 21, 316, 3, 21, 79, 0 }, // U+20B9
    { 16, 3, 316, 2, 13, 12, 0 }, // U+2212
    { 32, 31, 496, -1, 21, 248, 0 }, // U+E000
    { 39, 23, 612, -1, 21, 225, 248 }, // U+E001
    { 32, 29, 496, -1, 21, 232, 473 }, // U+E002
    { 27, 23, 408, -1, 21, 156, 705 }, // U+E003
    { 47, 24, 736, -1, 23, 282, 861 }, // U+E004
    { 46, 24, 720, -1, 23, 276, 1143 }, // U+E005
    { 45, 21, 704, -1, 21, 237, 1419 }, // U+E006
    { 46, 20, 749, -1, 21, 230, 1656 }, // U+E007
    { 43, 20, 672, -1, 21, 215, 1886 }, // U+E008
    { 47, 23, 736, -1, 21, 271, 2101 }, // U+E009
    { 54, 22, 853, -1, 21, 297, 2372 }, // U+E00A
    { 50, 23, 787, -1, 23, 288, 2669 }, // U+E00B
    { 56, 21, 907, -1, 21, 294, 2957 }, // U+E00C
    { 26, 31, 385, -1, 31, 202, 3251 }, // U+E00D
    { 44, 32, 688, -1, 32, 352, 3453 }, // U+E00E
    { 48, 20, 752, -1, 21, 240, 3805 }, // U+E00F
    { 43, 20, 672, -1, 21, 215, 4045 }, // U+E010
    { 44, 24, 694, -1, 23, 264, 4260 }, // U+E011
    { 33, 21, 496, -1, 21, 174, 4524 }, // U+E012
    { 45, 24, 708, -1, 23, 270, 4698 }, // U+E013
    { 44, 22, 688, -1, 21, 242, 4968 }, // U+E014
    { 44, 21, 688, -1, 21, 231, 5210 }, // U+E015
    { 27, 24, 400, -1, 21, 162, 5441 }, // U+E016
    { 48, 24, 752, -1, 23, 288, 5603 }, // U+E017
    { 52, 22, 816, -1, 21, 286, 5891 }, // U+E018
    { 27, 23, 397, -1, 21, 156, 6177 }, // U+E019
    { 48, 20, 752, -1, 21, 240, 6333 }, // U+E01A
    { 32, 23, 478, -1, 21, 184, 6573 }, // U+E01B
    { 36, 23, 566, -1, 21, 207, 6757 }, // U+E01C
    { 33, 21, 496, -1, 21, 174, 6964 }, // U+E01D
    { 28, 24, 424, -1, 21, 168, 7138 }, // U+E01E
    { 46, 24, 725, -1, 23, 276, 7306 }, // U+E01F
    { 32, 21, 490, -1, 21, 168, 7582 }, // U+E020
    { 32, 22, 487, -1, 21, 176, 7750 }, // U+E021
    { 41, 24, 646, -1, 21, 246, 7926 }, // U+E022
    { 48, 27, 752, -1, 21, 324, 8172 }, // U+E023
    { 43, 27, 672, -1, 21, 291, 8496 }, // U+E024
    { 45, 22, 704, -1, 21, 248, 8787 }, // U+E025
    { 23, 33, 371, 1, 23, 190, 9035 }, // U+E026
    { 31, 25, 512, 1, 23, 194, 9225 }, // U+E027
    { 23, 27, 371, 1, 23, 156, 9419 }, // U+E028
    { 44, 21, 704, 0, 21, 231, 9575 }, // U+E029
    { 40, 24, 640, 0, 23, 240, 9806 }, // U+E02A
    { 24, 27, 366, 0, 23, 162, 10046 }, // U+E02B
    { 38, 21, 608, 0, 21, 200, 10208 }, // U+E02C
    { 39, 20, 649, 0, 21, 195, 10408 }, // U+E02D
    { 36, 20, 576, 0, 21, 180, 10603 }, // U+E02E
    { 40, 23, 640, 0, 21, 230, 10783 }, // U+E02F
    { 47, 22, 753, 0, 21, 259, 11013 }, // U+E030
    { 43, 23, 688, 0, 23, 248, 11272 }, // U+E031
    { 49, 21, 807, 0, 21, 258, 11520 }, // U+E032
    { 36, 30, 576, 0, 31, 270, 11778 }, // U+E033
    { 37, 32, 592, 0, 32, 296, 12048 }, // U+E034
    { 41, 20, 656, 0, 21, 205, 12344 }, // U+E035
    { 36, 20, 576, 0, 21, 180, 12549 }, // U+E036
    { 37, 24, 594, 0, 23, 222, 12729 }, // U+E037
    { 40, 19, 641, 0, 21, 190, 12951 }, // U+E038
    { 38, 24, 608, 0, 23, 228, 13141 }, // U+E039
    { 34, 22, 536, 0, 21, 187, 13369 }, // U+E03A
    { 28, 26, 437, 0, 23, 182, 13556 }, // U+E03B
    { 23, 26, 350, 0, 23, 150, 13738 }, // U+E03C
    { 41, 24, 656, 0, 23, 246, 13888 }, // U+E03D
    { 45, 22, 720, 0, 21, 248, 14134 }, // U+E03E
    { 23, 26, 350, 0, 23, 150, 14382 }, // U+E03F
    { 41, 20, 656, 0, 21, 205, 14532 }, // U+E040
    { 31, 25, 482, 0, 23, 194, 14737 }, // U+E041
    { 30, 25, 486, 0, 23, 188, 14931 }, // U+E042
    { 24, 26, 388, 1, 23, 156, 15119 }, // U+E043
    { 23, 25, 350, 0, 23, 144, 15275 }, // U+E044
    { 39, 24, 625, 0, 23, 234, 15419 }, // U+E045
    { 38, 21, 608, 0, 21, 200, 15653 }, // U+E046
    { 40, 21, 640, 0, 21, 210, 15853 }, // U+E047
    { 34, 24, 546, 0, 21, 204, 16063 }, // U+E048
    { 41, 27, 656, 0, 21, 277, 16267 }, // U+E049
    { 36, 27, 576, 0, 21, 243, 16544 }, // U+E04A
    { 38, 22, 608, 0, 21, 209, 16787 }, // U+E04B
    { 22, 24, 329, -1, 21, 132, 16996 }, // U+E04C
    { 23, 31, 336, -1, 21, 179, 17128 }, // U+E04D
    { 31, 23, 480, -1, 21, 179, 17307 }, // U+E04E
    { 25, 25, 368, -1, 21, 157, 17486 }, // U+E04F
    { 22, 24, 329, -1, 21, 132, 17643 }, // U+E050
    { 24, 21, 362, -1, 21, 126, 17775 }, // U+E051
    { 37, 27, 561, -1, 23, 250, 17901 }, // U+E052
    { 26, 22, 387, -1, 21, 143, 18151 }, // U+E053
    { 41, 21, 628, -1, 21, 216, 18294 }, // U+E054
    { 44, 20, 719, -1, 21, 220, 18510 }, // U+E055
    { 41, 20, 640, -1, 21, 205, 18730 }, // U+E056
    { 45, 23, 704, -1, 21, 259, 18935 }, // U+E057
    { 52, 22, 822, -1, 21, 286, 19194 }, // U+E058
    { 48, 23, 757, -1, 23, 276, 19480 }, // U+E059
    { 54, 21, 877, -1, 21, 284, 19756 }, // U+E05A
    { 41, 30, 640, -1, 31, 308, 20040 }, // U+E05B
    { 42, 32, 656, -1, 32, 336, 20348 }, // U+E05C
    { 46, 20, 720, -1, 21, 230, 20684 }, // U+E05D
    { 41, 20, 640, -1, 21, 205, 20914 }, // U+E05E
    { 42, 24, 664, -1, 23, 252, 21119 }, // U+E05F
    { 45, 19, 710, -1, 21, 214, 21371 }, // U+E060
    { 43, 24, 677, -1, 23, 258, 21585 }, // U+E061
    { 42, 22, 656, -1, 21, 231, 21843 }, // U+E062
    { 42, 21, 656, -1, 21, 221, 22074 }, // U+E063
    { 42, 21, 656, -1, 21, 221, 22295 }, // U+E064
    { 46, 24, 720, -1, 23, 276, 22516 }, // U+E065
    { 50, 22, 784, -1, 21, 275, 22792 }, // U+E066
    { 23, 30, 386, 0, 21, 173, 23067 }, // U+E067
    { 46, 20, 720, -1, 21, 230, 23240 }, // U+E068
    { 32, 25, 490, -1, 21, 200, 23470 }, // U+E069
    { 33, 23, 528, 0, 21, 190, 23670 }, // U+E06A
    { 23, 29, 386, 0, 21, 167, 23860 }, // U+E06B
    { 46, 21, 723, -1, 21, 242, 24027 }, // U+E06C
    { 44, 24, 694, -1, 23, 264, 24269 }, // U+E06D
    { 43, 21, 672, -1, 21, 226, 24533 }, // U+E06E
    { 45, 21, 704, -1, 21, 237, 24759 }, // U+E06F
    { 39, 24, 616, -1, 21, 234, 24996 }, // U+E070
    { 46, 27, 720, -1, 21, 311, 25230 }, // U+E071
    { 41, 27, 640, -1, 21, 277, 25541 }, // U+E072
    { 43, 22, 672, -1, 21, 237, 25818 }, // U+E073
    { 45, 21, 704, -1, 21, 237, 26055 }, // U+E074
    { 41, 24, 640, -1, 23, 246, 26292 }, // U+E075
    { 40, 24, 624, -1, 23, 240, 26538 }, // U+E076
    { 39, 21, 608, -1, 21, 205, 26778 }, // U+E077
    { 40, 20, 650, -1, 21, 200, 26983 }, // U+E078
    { 31, 20, 460, -1, 21, 155, 27183 }, // U+E079
    { 35, 23, 525, -1, 21, 202, 27338 }, // U+E07A
    { 48, 22, 753, -1, 21, 264, 27540 }, // U+E07B
    { 44, 23, 688, -1, 23, 253, 27804 }, // U+E07C
    { 36, 25, 554, -1, 21, 225, 28057 }, // U+E07D
    { 37, 30, 576, -1, 31, 278, 28282 }, // U+E07E
    { 38, 32, 592, -1, 32, 304, 28560 }, // U+E07F
    { 42, 20, 656, -1, 21, 210, 28864 }, // U+E080
    { 37, 20, 576, -1, 21, 185, 29074 }, // U+E081
    { 38, 24, 595, -1, 23, 228, 29259 }, // U+E082
    { 41, 19, 641, -1, 21, 195, 29487 }, // U+E083
    { 39, 24, 608, -1, 23, 234, 29682 }, // U+E084
    { 38, 22, 592, -1, 21, 209, 29916 }, // U+E085
    { 38, 21, 592, -1, 21, 200, 30125 }, // U+E086
    { 20, 27, 288, -1, 21, 135, 30325 }, // U+E087
    { 42, 24, 656, -1, 23, 252, 30460 }, // U+E088
    { 46, 22, 720, -1, 21, 253, 30712 }, // U+E089
    { 21, 29, 302, -1, 21, 153, 30965 }, // U+E08A
    { 42, 20, 656, -1, 21, 210, 31118 }, // U+E08B
    { 39, 21, 608, -1, 21, 205, 31328 }, // U+E08C
    { 28, 23, 438, -1, 21, 161, 31533 }, // U+E08D
    { 24, 28, 360, -1, 21, 168, 31694 }, // U+E08E
    { 42, 21, 656, -1, 21, 221, 31862 }, // U+E08F
    { 40, 24, 625, -1, 23, 240, 32083 }, // U+E090
    { 39, 21, 608, -1, 21, 205, 32323 }, // U+E091
    { 41, 21, 640, -1, 21, 216, 32528 }, // U+E092
    { 35, 24, 547, -1, 21, 210, 32744 }, // U+E093
    { 42, 27, 656, -1, 21, 284, 32954 }, // U+E094
    { 37, 27, 576, -1, 21, 250, 33238 }, // U+E095
    { 39, 22, 608, -1, 21, 215, 33488 }, // U+E096
    { 25, 30, 366, -1, 21, 188, 33703 }, // U+E097
    { 32, 23, 502, -1, 21, 184, 33891 }, // U+E098
    { 27, 27, 404, -1, 21, 183, 34075 }, // U+E099
    { 46, 22, 705, -1, 21, 253, 34258 }, // U+E09A
    { 41, 25, 632, -1, 21, 257, 34511 }, // U+E09B
    { 34, 19, 519, -1, 21, 162, 34768 }, // U+E09C
    { 34, 25, 519, -1, 21, 213, 34930 }, // U+E09D
    { 40, 23, 625, -1, 21, 230, 35143 }, // U+E09E
    { 32, 26, 491, -1, 21, 208, 35373 }, // U+E09F
    { 28, 33, 423, -1, 23, 231, 35581 }, // U+E0A0
    { 36, 25, 560, -1, 23, 225, 35812 }, // U+E0A1
    { 30, 27, 459, -1, 23, 203, 36037 }, // U+E0A2
    { 26, 24, 452, 1, 23, 156, 36240 }, // U+E0A3
    { 23, 25, 397, 1, 21, 144, 36396 }, // U+E0A4
    { 27, 22, 459, 0, 21, 149, 36540 }, // U+E0A5
    { 30, 27, 519, 1, 21, 203, 36689 }, // U+E0A6
    { 32, 31, 543, 1, 21, 248, 36892 }, // U+E0A7
    { 41, 23, 680, 1, 21, 236, 37140 }, // U+E0A8
    { 32, 29, 543, 1, 21, 232, 37376 }, // U+E0A9
    { 45, 31, 704, -1, 31, 349, 37608 }, // U+E0AA
    { 41, 32, 640, -1, 31, 328, 37957 }, // U+E0AB
    { 40, 32, 624, -1, 31, 320, 38285 }, // U+E0AC
    { 39, 31, 608, -1, 31, 303, 38605 }, // U+E0AD
    { 40, 30, 650, -1, 31, 300, 38908 }, // U+E0AE
    { 37, 30, 576, -1, 31, 278, 39208 }, // U+E0AF
    { 41, 33, 640, -1, 31, 339, 39486 }, // U+E0B0
    { 48, 32, 753, -1, 31, 384, 39825 }, // U+E0B1
    { 44, 31, 688, -1, 31, 341, 40209 }, // U+E0B2
    { 50, 31, 808, -1, 31, 388, 40550 }, // U+E0B3
    { 23, 35, 346, -1, 31, 202, 40938 }, // U+E0B4
    { 38, 32, 592, -1, 32, 304, 41140 }, // U+E0B5
    { 42, 30, 656, -1, 31, 315, 41444 }, // U+E0B6
    { 37, 30, 576, -1, 31, 278, 41759 }, // U+E0B7
    { 38, 32, 595, -1, 31, 304, 42037 }, // U+E0B8
    { 41, 29, 641, -1, 31, 298, 42341 }, // U+E0B9
    { 39, 32, 608, -1, 31, 312, 42639 }, // U+E0BA
    { 38, 32, 592, -1, 31, 304, 42951 }, // U+E0BB
    { 38, 31, 592, -1, 31, 295, 43255 }, // U+E0BC
    { 38, 31, 592, -1, 31, 295, 43550 }, // U+E0BD
    { 42, 32, 656, -1, 31, 336, 43845 }, // U+E0BE
    { 46, 32, 720, -1, 31, 368, 44181 }, // U+E0BF
    { 21, 39, 302, -1, 31, 205, 44549 }, // U+E0C0
    { 42, 30, 656, -1, 31, 315, 44754 }, // U+E0C1
    { 28, 35, 418, -1, 31, 245, 45069 }, // U+E0C2
    { 28, 33, 438, -1, 31, 231, 45314 }, // U+E0C3
    { 24, 37, 360, -1, 31, 222, 45545 }, // U+E0C4
    { 42, 31, 656, -1, 31, 326, 45767 }, // U+E0C5
    { 40, 32, 625, -1, 31, 320, 46093 }, // U+E0C6
    { 39, 31, 608, -1, 31, 303, 46413 }, // U+E0C7
    { 41, 31, 640, -1, 31, 318, 0 }, // U+E0C8
    { 35, 34, 547, -1, 31, 298, 318 }, // U+E0C9
    { 42, 37, 656, -1, 31, 389, 616 }, // U+E0CA
    { 37, 37, 576, -1, 31, 343, 1005 }, // U+E0CB
    { 39, 32, 608, -1, 31, 312, 1348 }, // U+E0CC
    { 22, 42, 315, -1, 32, 231, 1660 }, // U+E0CD
    { 29, 34, 451, -1, 32, 247, 1891 }, // U+E0CE
    { 26, 38, 388, -1, 31, 247, 2138 }, // U+E0CF
    { 49, 21, 768, -1, 21, 258, 2385 }, // U+E0D0
    { 45, 24, 704, -1, 23, 270, 2643 }, // U+E0D1
    { 43, 24, 654, -1, 23, 258, 2913 }, // U+E0D2
    { 43, 21, 672, -1, 21, 226, 3171 }, // U+E0D3
    { 44, 20, 714, -1, 21, 220, 3397 }, // U+E0D4
    { 41, 20, 640, -1, 21, 205, 3617 }, // U+E0D5
    { 45, 23, 704, -1, 21, 259, 3822 }, // U+E0D6
    { 52, 22, 817, -1, 21, 286, 4081 }, // U+E0D7
    { 48, 23, 752, -1, 23, 276, 4367 }, // U+E0D8
    { 54, 21, 872, -1, 21, 284, 4643 }, // U+E0D9
    { 41, 30, 640, -1, 31, 308, 4927 }, // U+E0DA
    { 42, 32, 656, -1, 32, 336, 5235 }, // U+E0DB
    { 40, 20, 612, -1, 21, 200, 5571 }, // U+E0DC
    { 41, 20, 640, -1, 21, 205, 5771 }, // U+E0DD
    { 42, 24, 659, -1, 23, 252, 5976 }, // U+E0DE
    { 45, 19, 705, -1, 21, 214, 6228 }, // U+E0DF
    { 43, 24, 672, -1, 23, 258, 6442 }, // U+E0E0
    { 42, 22, 656, -1, 21, 231, 6700 }, // U+E0E1
    { 42, 21, 656, -1, 21, 221, 6931 }, // U+E0E2
    { 42, 21, 656, -1, 21, 221, 7152 }, // U+E0E3
    { 46, 24, 720, -1, 23, 276, 7373 }, // U+E0E4
    { 50, 22, 784, -1, 21, 275, 7649 }, // U+E0E5
    { 26, 30, 380, -1, 21, 195, 7924 }, // U+E0E6
    { 46, 20, 720, -1, 21, 230, 8119 }, // U+E0E7
    { 32, 25, 485, -1, 21, 200, 8349 }, // U+E0E8
    { 33, 23, 516, -1, 21, 190, 8549 }, // U+E0E9
    { 26, 28, 380, -1, 21, 182, 8739 }, // U+E0EA
    { 46, 21, 720, -1, 21, 242, 8921 }, // U+E0EB
    { 44, 24, 689, -1, 23, 264, 9163 }, // U+E0EC
    { 43, 21, 672, -1, 21, 226, 9427 }, // U+E0ED
    { 45, 21, 704, -1, 21, 237, 9653 }, // U+E0EE
    { 39, 24, 611, -1, 21, 234, 9890 }, // U+E0EF
    { 46, 27, 720, -1, 21, 311, 10124 }, // U+E0F0
    { 41, 27, 640, -1, 21, 277, 10435 }, // U+E0F1
    { 43, 22, 672, -1, 21, 237, 10712 }, // U+E0F2
    { 45, 21, 704, -1, 21, 237, 10949 }, // U+E0F3
    { 41, 24, 640, -1, 23, 246, 11186 }, // U+E0F4
    { 40, 24, 624, -1, 23, 240, 11432 }, // U+E0F5
    { 39, 21, 608, -1, 21, 205, 11672 }, // U+E0F6
    { 40, 20, 650, -1, 21, 200, 11877 }, // U+E0F7
    { 37, 20, 576, -1, 21, 185, 12077 }, // U+E0F8
    { 41, 23, 640, -1, 21, 236, 12262 }, // U+E0F9
    { 48, 22, 753, -1, 21, 264, 12498 }, // U+E0FA
    { 44, 23, 688, -1, 23, 253, 12762 }, // U+E0FB
    { 50, 21, 808, -1, 21, 263, 13015 }, // U+E0FC
    { 37, 30, 576, -1, 31, 278, 13278 }, // U+E0FD
    { 38, 32, 592, -1, 32, 304, 13556 }, // U+E0FE
    { 42, 20, 656, -1, 21, 210, 13860 }, // U+E0FF
    { 37, 20, 576, -1, 21, 185, 14070 }, // U+E100
    { 38, 24, 595, -1, 23, 228, 14255 }, // U+E101
    { 41, 19, 641, -1, 21, 195, 14483 }, // U+E102
    { 39, 24, 608, -1, 23, 234, 14678 }, // U+E103
    { 38, 22, 592, -1, 21, 209, 14912 }, // U+E104
    { 38, 21, 592, -1, 21, 200, 15121 }, // U+E105
    { 38, 21, 592, -1, 21, 200, 15321 }, // U+E106
    { 42, 24, 656, -1, 23, 252, 15521 }, // U+E107
    { 46, 22, 720, -1, 21, 253, 15773 }, // U+E108
    { 21, 29, 302, -1, 21, 153, 16026 }, // U+E109
    { 42, 20, 656, -1, 21, 210, 16179 }, // U+E10A
    { 39, 21, 608, -1, 21, 205, 16389 }, // U+E10B
    { 28, 23, 438, -1, 21, 161, 16594 }, // U+E10C
    { 24, 28, 360, -1, 21, 168, 16755 }, // U+E10D
    { 42, 21, 656, -1, 21, 221, 16923 }, // U+E10E
    { 40, 24, 625, -1, 23, 240, 17144 }, // U+E10F
    { 39, 21, 608, -1, 21, 205, 17384 }, // U+E110
    { 41, 21, 640, -1, 21, 216, 17589 }, // U+E111
    { 35, 24, 547, -1, 21, 210, 17805 }, // U+E112
    { 42, 27, 656, -1, 21, 284, 18015 }, // U+E113
    { 37, 27, 576, -1, 21, 250, 18299 }, // U+E114
    { 39, 22, 608, -1, 21, 215, 18549 }, // U+E115
    { 40, 21, 656, 1, 21, 210, 18764 }, // U+E116
    { 36, 24, 592, 1, 23, 216, 18974 }, // U+E117
    { 35, 24, 576, 1, 23, 210, 19190 }, // U+E118
    { 34, 21, 560, 1, 21, 179, 19400 }, // U+E119
    { 35, 20, 606, 1, 21, 175, 19579 }, // U+E11A
    { 32, 20, 528, 1, 21, 160, 19754 }, // U+E11B
    { 36, 23, 592, 1, 21, 207, 19914 }, // U+E11C
    { 43, 22, 709, 1, 21, 237, 20121 }, // U+E11D
    { 39, 23, 644, 1, 23, 225, 20358 }, // U+E11E
    { 45, 21, 764, 1, 21, 237, 20583 }, // U+E11F
    { 29, 30, 461, 1, 31, 218, 20820 }, // U+E120
    { 24, 32, 390, 1, 32, 192, 21038 }, // U+E121
    { 23, 20, 394, 0, 21, 115, 21230 }, // U+E122
    { 29, 20, 461, 1, 21, 145, 21345 }, // U+E123
    { 20, 26, 322, 1, 23, 130, 21490 }, // U+E124
    { 36, 19, 597, 1, 21, 171, 21620 }, // U+E125
    { 34, 24, 564, 1, 23, 204, 21791 }, // U+E126
    { 33, 22, 544, 1, 21, 182, 21995 }, // U+E127
    { 33, 21, 544, 1, 21, 174, 22177 }, // U+E128
    { 20, 24, 322, 1, 23, 120, 22351 }, // U+E129
    { 37, 24, 608, 1, 23, 222, 22471 }, // U+E12A
    { 41, 22, 672, 1, 21, 226, 22693 }, // U+E12B
    { 20, 26, 331, 1, 23, 130, 22919 }, // U+E12C
    { 37, 20, 608, 1, 21, 185, 23049 }, // U+E12D
    { 29, 25, 462, 1, 23, 182, 23234 }, // U+E12E
    { 28, 25, 467, 1, 23, 175, 23416 }, // U+E12F
    { 21, 26, 339, 1, 23, 137, 23591 }, // U+E130
    { 37, 21, 610, 1, 21, 195, 23728 }, // U+E131
    { 35, 24, 581, 1, 23, 210, 23923 }, // U+E132
    { 34, 21, 560, 1, 21, 179, 24133 }, // U+E133
    { 36, 21, 592, 1, 21, 189, 24312 }, // U+E134
    { 30, 24, 503, 1, 21, 180, 24501 }, // U+E135
    { 37, 27, 608, 1, 21, 250, 24681 }, // U+E136
    { 32, 27, 528, 1, 21, 216, 24931 }, // U+E137
    { 34, 22, 560, 1, 21, 187, 25147 }, // U+E138
    { 26, 21, 386, -1, 21, 137, 25334 }, // U+E139
    { 26, 24, 411, 1, 23, 156, 25471 }, // U+E13A
    { 24, 25, 352, -1, 21, 150, 25627 }, // U+E13B
    { 24, 24, 352, -1, 21, 144, 25777 }, // U+E13C
    { 32, 24, 480, -1, 21, 192, 25921 }, // U+E13D
    { 33, 23, 513, -1, 21, 190, 26113 }, // U+E13E
    { 26, 21, 381, -1, 21, 137, 26303 }, // U+E13F
    { 24, 25, 359, -1, 21, 150, 26440 }, // U+E140
    { 21, 27, 344, 1, 23, 142, 26590 }, // U+E141
    { 29, 25, 480, 1, 23, 182, 26732 }, // U+E142
    { 22, 27, 361, 1, 23, 149, 26914 }, // U+E143
    { 46, 21, 720, -1, 21, 242, 27063 }, // U+E144
    { 42, 24, 656, -1, 23, 252, 27305 }, // U+E145
    { 39, 24, 589, -1, 23, 234, 27557 }, // U+E146
    { 38, 22, 576, -1, 21, 209, 27791 }, // U+E147
    { 41, 20, 668, -1, 21, 205, 28000 }, // U+E148
    { 38, 20, 592, -1, 21, 190, 28205 }, // U+E149
    { 42, 23, 656, -1, 21, 242, 28395 }, // U+E14A
    { 49, 22, 771, -1, 21, 270, 28637 }, // U+E14B
    { 45, 23, 706, -1, 23, 259, 28907 }, // U+E14C
    { 51, 21, 826, -1, 21, 268, 29166 }, // U+E14D
    { 38, 30, 592, -1, 31, 285, 29434 }, // U+E14E
    { 39, 32, 608, -1, 32, 312, 29719 }, // U+E14F
    { 43, 20, 672, -1, 21, 215, 30031 }, // U+E150
    { 38, 20, 592, -1, 21, 190, 30246 }, // U+E151
    { 39, 24, 613, -1, 23, 234, 30436 }, // U+E152
    { 42, 19, 659, -1, 21, 200, 30670 }, // U+E153
    { 40, 24, 626, -1, 23, 240, 30870 }, // U+E154
    { 30, 22, 444, -1, 21, 165, 31110 }, // U+E155
    { 28, 25, 415, -1, 21, 175, 31275 }, // U+E156
    { 22, 25, 329, -1, 21, 138, 31450 }, // U+E157
    { 43, 24, 672, -1, 23, 258, 31588 }, // U+E158
    { 47, 22, 736, -1, 21, 259, 31846 }, // U+E159
    { 22, 25, 329, -1, 21, 138, 32105 }, // U+E15A
    { 26, 24, 387, -1, 21, 156, 32243 }, // U+E15B
    { 30, 23, 447, -1, 21, 173, 32399 }, // U+E15C
    { 30, 23, 464, -1, 21, 173, 32572 }, // U+E15D
    { 26, 23, 384, -1, 21, 150, 32745 }, // U+E15E
    { 43, 21, 672, -1, 21, 226, 32895 }, // U+E15F
    { 41, 24, 643, -1, 23, 246, 33121 }, // U+E160
    { 40, 21, 624, -1, 21, 210, 33367 }, // U+E161
    { 42, 21, 656, -1, 21, 221, 33577 }, // U+E162
    { 36, 24, 565, -1, 21, 216, 33798 }, // U+E163
    { 43, 27, 672, -1, 21, 291, 34014 }, // U+E164
    { 38, 27, 592, -1, 21, 257, 34305 }, // U+E165
    { 40, 22, 624, -1, 21, 220, 34562 }, // U+E166
    { 19, 24, 305, 1, 21, 114, 34782 }, // U+E167
    { 32, 21, 521, 1, 21, 168, 34896 }, // U+E168
    { 27, 25, 436, 1, 21, 169, 35064 }, // U+E169
    { 27, 23, 454, 1, 21, 156, 35233 }, // U+E16A
    { 22, 25, 354, 1, 21, 138, 35389 }, // U+E16B
    { 41, 21, 640, -1, 21, 216, 35527 }, // U+E16C
    { 37, 24, 576, -1, 23, 222, 35743 }, // U+E16D
    { 36, 24, 560, -1, 23, 216, 35965 }, // U+E16E
    { 35, 21, 544, -1, 21, 184, 36181 }, // U+E16F
    { 36, 20, 582, -1, 21, 180, 36365 }, // U+E170
    { 33, 20, 512, -1, 21, 165, 36545 }, // U+E171
    { 37, 23, 576, -1, 21, 213, 36710 }, // U+E172
    { 44, 22, 688, -1, 21, 242, 36923 }, // U+E173
    { 40, 23, 624, -1, 23, 230, 37165 }, // U+E174
    { 46, 21, 740, -1, 21, 242, 37395 }, // U+E175
    { 30, 30, 452, -1, 31, 225, 37637 }, // U+E176
    { 26, 32, 394, -1, 32, 208, 37862 }, // U+E177
    { 29, 20, 432, -1, 21, 145, 38070 }, // U+E178
    { 33, 20, 512, -1, 21, 165, 38215 }, // U+E179
    { 34, 24, 528, -1, 23, 204, 38380 }, // U+E17A
    { 26, 23, 384, -1, 21, 150, 38584 }, // U+E17B
    { 22, 25, 328, -1, 21, 138, 38734 }, // U+E17C
    { 32, 22, 478, -1, 21, 176, 38872 }, // U+E17D
    { 28, 21, 413, -1, 21, 147, 39048 }, // U+E17E
    { 22, 23, 322, -1, 21, 127, 39195 }, // U+E17F
    { 38, 24, 592, -1, 23, 228, 39322 }, // U+E180
    { 42, 22, 656, -1, 21, 231, 39550 }, // U+E181
    { 22, 21, 326, -1, 21, 116, 39781 }, // U+E182
    { 38, 20, 592, -1, 21, 190, 39897 }, // U+E183
    { 29, 23, 430, -1, 21, 167, 40087 }, // U+E184
    { 30, 23, 464, -1, 21, 173, 40254 }, // U+E185
    { 24, 23, 354, -1, 21, 138, 40427 }, // U+E186
    { 38, 21, 592, -1, 21, 200, 40565 }, // U+E187
    { 36, 24, 560, -1, 23, 216, 40765 }, // U+E188
    { 35, 21, 544, -1, 21, 184, 40981 }, // U+E189
    { 31, 21, 473, -1, 21, 163, 41165 }, // U+E18A
    { 31, 24, 480, -1, 21, 186, 41328 }, // U+E18B
    { 38, 27, 592, -1, 21, 257, 41514 }, // U+E18C
    { 33, 27, 512, -1, 21, 223, 41771 }, // U+E18D
    { 35, 22, 544, -1, 21, 193, 41994 }, // U+E18E
    { 46, 21, 736, 0, 21, 242, 42187 }, // U+E18F
    { 42, 24, 672, 0, 23, 252, 0 }, // U+E190
    { 41, 24, 656, 0, 23, 246, 252 }, // U+E191
    { 40, 21, 640, 0, 21, 210, 498 }, // U+E192
    { 41, 20, 681, 0, 21, 205, 708 }, // U+E193
    { 38, 20, 608, 0, 21, 190, 913 }, // U+E194
    { 42, 23, 672, 0, 21, 242, 1103 }, // U+E195
    { 49, 22, 785, 0, 21, 270, 1345 }, // U+E196
    { 45, 23, 720, 0, 23, 259, 1615 }, // U+E197
    { 51, 21, 839, 0, 21, 268, 1874 }, // U+E198
    { 34, 30, 536, 0, 31, 255, 2142 }, // U+E199
    { 39, 32, 624, 0, 32, 312, 2397 }, // U+E19A
    { 43, 20, 688, 0, 21, 215, 2709 }, // U+E19B
    { 38, 20, 608, 0, 21, 190, 2924 }, // U+E19C
    { 39, 24, 626, 0, 23, 234, 3114 }, // U+E19D
    { 25, 25, 387, 0, 23, 157, 3348 }, // U+E19E
    { 40, 24, 640, 0, 23, 240, 3505 }, // U+E19F
    { 39, 22, 624, 0, 21, 215, 3745 }, // U+E1A0
    { 39, 21, 624, 0, 21, 205, 3960 }, // U+E1A1
    { 25, 24, 382, 0, 23, 150, 4165 }, // U+E1A2
    { 25, 26, 390, 0, 23, 163, 4315 }, // U+E1A3
    { 47, 22, 752, 0, 21, 259, 4478 }, // U+E1A4
    { 25, 29, 382, 0, 23, 182, 4737 }, // U+E1A5
    { 43, 20, 688, 0, 21, 215, 4919 }, // U+E1A6
    { 33, 25, 514, 0, 23, 207, 5134 }, // U+E1A7
    { 32, 25, 518, 0, 23, 200, 5341 }, // U+E1A8
    { 25, 26, 403, 1, 23, 163, 5541 }, // U+E1A9
    { 25, 25, 382, 0, 23, 157, 5704 }, // U+E1AA
    { 41, 24, 657, 0, 23, 246, 5861 }, // U+E1AB
    { 40, 21, 640, 0, 21, 210, 6107 }, // U+E1AC
    { 38, 21, 571, -1, 21, 200, 6317 }, // U+E1AD
    { 36, 24, 578, 0, 21, 216, 6517 }, // U+E1AE
    { 43, 27, 688, 0, 21, 291, 6733 }, // U+E1AF
    { 38, 27, 608, 0, 21, 257, 7024 }, // U+E1B0
    { 40, 22, 640, 0, 21, 220, 7281 }, // U+E1B1
    { 30, 34, 449, -1, 31, 255, 7501 }, // U+E1B2
    { 30, 31, 447, -1, 21, 233, 7756 }, // U+E1B3
    { 37, 23, 583, -1, 21, 213, 7989 }, // U+E1B4
    { 32, 26, 479, -1, 21, 208, 8202 }, // U+E1B5
    { 29, 24, 439, -1, 21, 174, 8410 }, // U+E1B6
    { 46, 21, 720, -1, 21, 242, 8584 }, // U+E1B7
    { 42, 24, 656, -1, 23, 252, 8826 }, // U+E1B8
    { 41, 24, 640, -1, 23, 246, 9078 }, // U+E1B9
    { 40, 21, 624, -1, 21, 210, 9324 }, // U+E1BA
    { 41, 20, 658, -1, 21, 205, 9534 }, // U+E1BB
    { 38, 20, 592, -1, 21, 190, 9739 }, // U+E1BC
    { 42, 23, 656, -1, 21, 242, 9929 }, // U+E1BD
    { 35, 22, 523, -1, 21, 193, 10171 }, // U+E1BE
    { 45, 23, 704, -1, 23, 259, 10364 }, // U+E1BF
    { 51, 21, 816, -1, 21, 268, 10623 }, // U+E1C0
    { 38, 30, 592, -1, 31, 285, 10891 }, // U+E1C1
    { 39, 32, 608, -1, 32, 312, 11176 }, // U+E1C2
    { 43, 20, 672, -1, 21, 215, 11488 }, // U+E1C3
    { 38, 20, 592, -1, 21, 190, 11703 }, // U+E1C4
    { 39, 24, 608, -1, 23, 234, 11893 }, // U+E1C5
    { 42, 19, 656, -1, 21, 200, 12127 }, // U+E1C6
    { 40, 24, 624, -1, 23, 240, 12327 }, // U+E1C7
    { 31, 22, 467, -1, 21, 171, 12567 }, // U+E1C8
    { 26, 23, 382, -1, 21, 150, 12738 }, // U+E1C9
    { 39, 21, 608, -1, 21, 205, 12888 }, // U+E1CA
    { 43, 24, 672, -1, 23, 258, 13093 }, // U+E1CB
    { 47, 22, 736, -1, 21, 259, 13351 }, // U+E1CC
    { 34, 21, 521, -1, 21, 179, 13610 }, // U+E1CD
    { 25, 25, 374, -1, 21, 157, 13789 }, // U+E1CE
    { 40, 21, 624, -1, 21, 210, 13946 }, // U+E1CF
    { 29, 23, 454, -1, 21, 167, 14156 }, // U+E1D0
    { 24, 25, 354, -1, 21, 150, 14323 }, // U+E1D1
    { 22, 24, 322, -1, 21, 132, 14473 }, // U+E1D2
    { 41, 24, 640, -1, 23, 246, 14605 }, // U+E1D3
    { 40, 21, 624, -1, 21, 210, 14851 }, // U+E1D4
    { 42, 21, 656, -1, 21, 221, 15061 }, // U+E1D5
    { 36, 24, 560, -1, 21, 216, 15282 }, // U+E1D6
    { 43, 27, 672, -1, 21, 291, 15498 }, // U+E1D7
    { 38, 27, 592, -1, 21, 257, 15789 }, // U+E1D8
    { 40, 22, 624, -1, 21, 220, 16046 }, // U+E1D9
    { 26, 29, 384, -1, 21, 189, 16266 }, // U+E1DA
    { 34, 23, 528, -1, 21, 196, 16455 }, // U+E1DB
    { 25, 21, 376, -1, 21, 132, 16651 }, // U+E1DC
    { 24, 26, 362, -1, 21, 156, 16783 }, // U+E1DD
    { 48, 21, 752, -1, 21, 252, 16939 }, // U+E1DE
    { 44, 24, 688, -1, 23, 264, 17191 }, // U+E1DF
    { 43, 24, 672, -1, 23, 258, 17455 }, // U+E1E0
    { 42, 21, 656, -1, 21, 221, 17713 }, // U+E1E1
    { 43, 20, 690, -1, 21, 215, 17934 }, // U+E1E2
    { 40, 20, 624, -1, 21, 200, 18149 }, // U+E1E3
    { 44, 23, 688, -1, 21, 253, 18349 }, // U+E1E4
    { 51, 22, 800, -1, 21, 281, 18602 }, // U+E1E5
    { 47, 23, 736, -1, 23, 271, 18883 }, // U+E1E6
    { 53, 21, 848, -1, 21, 279, 19154 }, // U+E1E7
    { 40, 30, 624, -1, 31, 300, 19433 }, // U+E1E8
    { 41, 32, 640, -1, 32, 328, 19733 }, // U+E1E9
    { 45, 20, 704, -1, 21, 225, 20061 }, // U+E1EA
    { 40, 20, 624, -1, 21, 200, 20286 }, // U+E1EB
    { 41, 24, 640, -1, 23, 246, 20486 }, // U+E1EC
    { 26, 23, 383, -1, 21, 150, 20732 }, // U+E1ED
    { 42, 24, 656, -1, 23, 252, 20882 }, // U+E1EE
    { 35, 22, 527, -1, 21, 193, 21134 }, // U+E1EF
    { 41, 21, 640, -1, 21, 216, 21327 }, // U+E1F0
    { 22, 21, 325, -1, 21, 116, 21543 }, // U+E1F1
    { 40, 24, 612, -1, 23, 240, 21659 }, // U+E1F2
    { 38, 24, 581, -1, 21, 228, 21899 }, // U+E1F3
    { 22, 21, 327, -1, 21, 116, 22127 }, // U+E1F4
    { 26, 23, 386, -1, 21, 150, 22243 }, // U+E1F5
    { 31, 21, 463, -1, 21, 163, 22393 }, // U+E1F6
    { 30, 23, 468, -1, 21, 173, 22556 }, // U+E1F7
    { 24, 23, 351, -1, 21, 138, 22729 }, // U+E1F8
    { 23, 22, 336, -1, 21, 127, 22867 }, // U+E1F9
    { 43, 24, 672, -1, 23, 258, 22994 }, // U+E1FA
    { 42, 21, 656, -1, 21, 221, 23252 }, // U+E1FB
    { 38, 21, 580, -1, 21, 200, 23473 }, // U+E1FC
    { 38, 24, 592, -1, 21, 228, 23673 }, // U+E1FD
    { 45, 27, 704, -1, 21, 304, 23901 }, // U+E1FE
    { 40, 27, 624, -1, 21, 270, 24205 }, // U+E1FF
    { 42, 22, 656, -1, 21, 231, 24475 }, // U+E200
    { 23, 31, 334, -1, 21, 179, 24706 }, // U+E201
    { 30, 23, 470, -1, 21, 173, 24885 }, // U+E202
    { 25, 25, 366, -1, 21, 157, 25058 }, // U+E203
    { 34, 31, 528, -1, 31, 264, 25215 }, // U+E204
    { 29, 31, 448, -1, 31, 225, 25479 }, // U+E205
    { 23, 32, 384, 1, 31, 184, 25704 }, // U+E206
    { 23, 32, 368, 0, 31, 184, 25888 }, // U+E207
    { 26, 31, 400, -1, 31, 202, 26072 }, // U+E208
    { 23, 30, 386, 0, 31, 173, 26274 }, // U+E209
    { 21, 30, 320, -1, 31, 158, 26447 }, // U+E20A
    { 25, 33, 384, -1, 31, 207, 26605 }, // U+E20B
    { 32, 32, 496, -1, 31, 256, 26812 }, // U+E20C
    { 28, 31, 432, -1, 31, 217, 27068 }, // U+E20D
    { 32, 31, 544, 1, 31, 248, 27285 }, // U+E20E
    { 23, 30, 352, -1, 31, 173, 27533 }, // U+E20F
    { 24, 32, 368, -1, 32, 192, 27706 }, // U+E210
    { 26, 30, 400, -1, 31, 195, 27898 }, // U+E211
    { 21, 30, 320, -1, 31, 158, 28093 }, // U+E212
    { 20, 32, 336, 1, 31, 160, 28251 }, // U+E213
    { 25, 29, 384, -1, 31, 182, 28411 }, // U+E214
    { 21, 32, 352, 1, 31, 168, 28593 }, // U+E215
    { 22, 32, 336, -1, 31, 176, 28761 }, // U+E216
    { 22, 31, 368, 1, 31, 171, 28937 }, // U+E217
    { 25, 31, 384, -1, 31, 194, 29108 }, // U+E218
    { 25, 32, 400, 0, 31, 200, 29302 }, // U+E219
    { 30, 32, 464, -1, 31, 240, 29502 }, // U+E21A
    { 24, 31, 368, -1, 31, 186, 29742 }, // U+E21B
    { 26, 30, 400, -1, 31, 195, 29928 }, // U+E21C
    { 25, 31, 384, -1, 31, 194, 30123 }, // U+E21D
    { 25, 31, 384, -1, 31, 194, 30317 }, // U+E21E
    { 24, 32, 368, -1, 31, 192, 30511 }, // U+E21F
    { 29, 31, 448, -1, 31, 225, 30703 }, // U+E220
    { 24, 32, 368, -1, 31, 192, 30928 }, // U+E221
    { 26, 31, 400, -1, 31, 202, 31120 }, // U+E222
    { 27, 31, 416, -1, 31, 210, 31322 }, // U+E223
    { 19, 34, 288, -1, 31, 162, 31532 }, // U+E224
    { 26, 37, 400, -1, 31, 241, 31694 }, // U+E225
    { 21, 37, 320, -1, 31, 195, 31935 }, // U+E226
    { 25, 32, 384, -1, 31, 200, 32130 }, // U+E227
    { 32, 23, 475, -1, 21, 184, 32330 }, // U+E228
    { 42, 24, 658, -1, 23, 252, 32514 }, // U+E229
    { 27, 25, 399, -1, 21, 169, 32766 }, // U+E22A
    { 40, 21, 624, -1, 21, 210, 32935 }, // U+E22B
    { 41, 20, 672, -1, 21, 205, 33145 }, // U+E22C
    { 38, 20, 592, -1, 21, 190, 33350 }, // U+E22D
    { 42, 23, 656, -1, 21, 242, 33540 }, // U+E22E
    { 49, 22, 775, -1, 21, 270, 33782 }, // U+E22F
    { 45, 23, 710, -1, 23, 259, 34052 }, // U+E230
    { 51, 21, 830, -1, 21, 268, 34311 }, // U+E231
    { 35, 30, 535, -1, 31, 263, 34579 }, // U+E232
    { 39, 32, 608, -1, 32, 312, 34842 }, // U+E233
    { 33, 21, 498, -1, 21, 174, 35154 }, // U+E234
    { 38, 20, 592, -1, 21, 190, 35328 }, // U+E235
    { 39, 24, 617, -1, 23, 234, 35518 }, // U+E236
    { 25, 24, 375, -1, 21, 150, 35752 }, // U+E237
    { 40, 24, 630, -1, 23, 240, 35902 }, // U+E238
    { 36, 22, 544, -1, 21, 198, 36142 }, // U+E239
    { 31, 23, 473, -1, 21, 179, 36340 }, // U+E23A
    { 39, 21, 608, -1, 21, 205, 36519 }, // U+E23B
    { 27, 25, 399, -1, 21, 169, 36724 }, // U+E23C
    { 40, 22, 603, -1, 21, 220, 36893 }, // U+E23D
    { 26, 23, 386, -1, 21, 150, 37113 }, // U+E23E
    { 43, 20, 672, -1, 21, 215, 37263 }, // U+E23F
    { 33, 23, 507, -1, 21, 190, 37478 }, // U+E240
    { 34, 23, 528, -1, 21, 196, 37668 }, // U+E241
    { 26, 25, 386, -1, 21, 163, 37864 }, // U+E242
    { 26, 24, 390, -1, 21, 156, 38027 }, // U+E243
    { 41, 24, 647, -1, 23, 246, 38183 }, // U+E244
    { 40, 21, 624, -1, 21, 210, 38429 }, // U+E245
    { 42, 21, 656, -1, 21, 221, 38639 }, // U+E246
    { 36, 24, 569, -1, 21, 216, 38860 }, // U+E247
    { 43, 27, 672, -1, 21, 291, 39076 }, // U+E248
    { 38, 27, 592, -1, 21, 257, 39367 }, // U+E249
    { 40, 22, 624, -1, 21, 220, 39624 }, // U+E24A
    { 46, 21, 720, -1, 21, 242, 39844 }, // U+E24B
    { 42, 24, 656, -1, 23, 252, 40086 }, // U+E24C
    { 41, 24, 640, -1, 23, 246, 40338 }, // U+E24D
    { 40, 21, 624, -1, 21, 210, 40584 }, // U+E24E
    { 41, 20, 667, -1, 21, 205, 40794 }, // U+E24F
    { 34, 20, 522, -1, 21, 170, 40999 }, // U+E250
    { 38, 23, 587, -1, 21, 219, 41169 }, // U+E251
    { 49, 22, 771, -1, 21, 270, 41388 }, // U+E252
    { 45, 23, 705, -1, 23, 259, 41658 }, // U+E253
    { 51, 21, 825, -1, 21, 268, 41917 }, // U+E254
    { 38, 30, 592, -1, 31, 285, 42185 }, // U+E255
    { 39, 32, 608, -1, 32, 312, 42470 }, // U+E256
    { 43, 20, 672, -1, 21, 215, 42782 }, // U+E257
    { 38, 20, 592, -1, 21, 190, 0 }, // U+E258
    { 39, 24, 612, -1, 23, 234, 190 }, // U+E259
    { 24, 26, 362, -1, 23, 156, 424 }, // U+E25A
    { 40, 24, 626, -1, 23, 240, 580 }, // U+E25B
    { 39, 22, 608, -1, 21, 215, 820 }, // U+E25C
    { 39, 21, 608, -1, 21, 205, 1035 }, // U+E25D
    { 24, 24, 361, -1, 23, 144, 1240 }, // U+E25E
    { 43, 24, 672, -1, 23, 258, 1384 }, // U+E25F
    { 47, 22, 736, -1, 21, 259, 1642 }, // U+E260
    { 25, 26, 364, -1, 23, 163, 1901 }, // U+E261
    { 43, 20, 672, -1, 21, 215, 2064 }, // U+E262
    { 33, 25, 493, -1, 23, 207, 2279 }, // U+E263
    { 32, 25, 497, -1, 23, 200, 2486 }, // U+E264
    { 25, 26, 369, -1, 23, 163, 2686 }, // U+E265
    { 24, 24, 361, -1, 23, 144, 2849 }, // U+E266
    { 41, 24, 643, -1, 23, 246, 2993 }, // U+E267
    { 40, 21, 624, -1, 21, 210, 3239 }, // U+E268
    { 42, 21, 656, -1, 21, 221, 3449 }, // U+E269
    { 36, 24, 564, -1, 21, 216, 3670 }, // U+E26A
    { 43, 27, 672, -1, 21, 291, 3886 }, // U+E26B
    { 38, 27, 592, -1, 21, 257, 4177 }, // U+E26C
    { 40, 22, 624, -1, 21, 220, 4434 }, // U+E26D
    { 25, 24, 376, -1, 21, 150, 4654 }, // U+E26E
    { 41, 24, 641, -1, 23, 246, 4804 }, // U+E26F
    { 40, 24, 624, -1, 23, 240, 5050 }, // U+E270
    { 39, 21, 608, -1, 21, 205, 5290 }, // U+E271
    { 40, 20, 655, -1, 21, 200, 5495 }, // U+E272
    { 37, 20, 576, -1, 21, 185, 5695 }, // U+E273
    { 41, 23, 640, -1, 21, 236, 5880 }, // U+E274
    { 48, 22, 758, -1, 21, 264, 6116 }, // U+E275
    { 44, 23, 693, -1, 23, 253, 6380 }, // U+E276
    { 50, 21, 813, -1, 21, 263, 6633 }, // U+E277
    { 21, 31, 301, -1, 31, 163, 6896 }, // U+E278
    { 25, 32, 375, -1, 32, 200, 7059 }, // U+E279
    { 42, 20, 656, -1, 21, 210, 7259 }, // U+E27A
    { 37, 20, 576, -1, 21, 185, 7469 }, // U+E27B
    { 29, 21, 475, -1, 21, 153, 7654 }, // U+E27C
    { 41, 19, 646, -1, 21, 195, 7807 }, // U+E27D
    { 39, 24, 613, -1, 23, 234, 8002 }, // U+E27E
    { 38, 22, 592, -1, 21, 209, 8236 }, // U+E27F
    { 38, 21, 592, -1, 21, 200, 8445 }, // U+E280
    { 38, 21, 592, -1, 21, 200, 8645 }, // U+E281
    { 38, 24, 573, -1, 23, 228, 8845 }, // U+E282
    { 36, 24, 542, -1, 21, 216, 9073 }, // U+E283
    { 23, 31, 338, -1, 21, 179, 9289 }, // U+E284
    { 42, 20, 656, -1, 21, 210, 9468 }, // U+E285
    { 29, 21, 427, -1, 21, 153, 9678 }, // U+E286
    { 31, 23, 480, -1, 21, 179, 9831 }, // U+E287
    { 25, 25, 370, -1, 21, 157, 10010 }, // U+E288
    { 42, 21, 659, -1, 21, 221, 10167 }, // U+E289
    { 40, 24, 630, -1, 23, 240, 10388 }, // U+E28A
    { 39, 21, 608, -1, 21, 205, 10628 }, // U+E28B
    { 41, 21, 640, -1, 21, 216, 10833 }, // U+E28C
    { 35, 24, 552, -1, 21, 210, 11049 }, // U+E28D
    { 42, 27, 656, -1, 21, 284, 11259 }, // U+E28E
    { 37, 27, 576, -1, 21, 250, 11543 }, // U+E28F
    { 39, 22, 608, -1, 21, 215, 11793 }, // U+E290
    { 29, 23, 434, -1, 21, 167, 12008 }, // U+E291
    { 35, 27, 532, -1, 21, 237, 12175 }, // U+E292
    { 46, 24, 720, -1, 23, 276, 12412 }, // U+E293
    { 45, 21, 704, -1, 21, 237, 12688 }, // U+E294
    { 46, 20, 749, -1, 21, 230, 12925 }, // U+E295
    { 43, 20, 672, -1, 21, 215, 13155 }, // U+E296
    { 47, 23, 736, -1, 21, 271, 13370 }, // U+E297
    { 54, 22, 852, -1, 21, 297, 13641 }, // U+E298
    { 50, 23, 787, -1, 23, 288, 13938 }, // U+E299
    { 56, 21, 907, -1, 21, 294, 14226 }, // U+E29A
    { 35, 30, 524, -1, 31, 263, 14520 }, // U+E29B
    { 44, 32, 688, -1, 32, 352, 14783 }, // U+E29C
    { 48, 20, 752, -1, 21, 240, 15135 }, // U+E29D
    { 43, 20, 672, -1, 21, 215, 15375 }, // U+E29E
    { 44, 24, 694, -1, 23, 264, 15590 }, // U+E29F
    { 26, 23, 388, -1, 21, 150, 15854 }, // U+E2A0
    { 26, 25, 384, -1, 21, 163, 16004 }, // U+E2A1
    { 44, 22, 688, -1, 21, 242, 16167 }, // U+E2A2
    { 44, 21, 688, -1, 21, 231, 16409 }, // U+E2A3
    { 26, 21, 383, -1, 21, 137, 16640 }, // U+E2A4
    { 44, 24, 671, -1, 23, 264, 16777 }, // U+E2A5
    { 42, 24, 640, -1, 21, 252, 17041 }, // U+E2A6
    { 26, 21, 384, -1, 21, 137, 17293 }, // U+E2A7
    { 48, 20, 752, -1, 21, 240, 17430 }, // U+E2A8
    { 34, 21, 522, -1, 21, 179, 17670 }, // U+E2A9
    { 32, 23, 500, -1, 21, 184, 17849 }, // U+E2AA
    { 26, 23, 382, -1, 21, 150, 18033 }, // U+E2AB
    { 25, 24, 364, -1, 21, 150, 18183 }, // U+E2AC
    { 46, 24, 724, -1, 23, 276, 18333 }, // U+E2AD
    { 45, 21, 704, -1, 21, 237, 18609 }, // U+E2AE
    { 47, 21, 736, -1, 21, 247, 18846 }, // U+E2AF
    { 41, 24, 646, -1, 21, 246, 19093 }, // U+E2B0
    { 48, 27, 752, -1, 21, 324, 19339 }, // U+E2B1
    { 43, 27, 672, -1, 21, 291, 19663 }, // U+E2B2
    { 45, 22, 704, -1, 21, 248, 19954 }, // U+E2B3
    { 21, 29, 314, -1, 21, 153, 20202 }, // U+E2B4
    { 27, 24, 400, -1, 21, 162, 20355 }, // U+E2B5
    { 33, 24, 497, -1, 21, 198, 20517 }, // U+E2B6
    { 33, 21, 498, -1, 21, 174, 20715 }, // U+E2B7
    { 27, 24, 419, -1, 21, 162, 20889 }, // U+E2B8
    { 23, 27, 340, -1, 21, 156, 21051 }, // U+E2B9
    { 23, 29, 332, -1, 21, 167, 21207 }, // U+E2BA
    { 55, 30, 864, -1, 21, 413, 21374 }, // U+E2BB
    { 49, 23, 768, -1, 21, 282, 21787 }, // U+E2BC
    { 45, 25, 704, -1, 23, 282, 22069 }, // U+E2BD
    { 41, 25, 628, -1, 23, 257, 22351 }, // U+E2BE
    { 43, 23, 672, -1, 21, 248, 22608 }, // U+E2BF
    { 44, 23, 714, -1, 21, 253, 22856 }, // U+E2C0
    { 41, 23, 640, -1, 21, 236, 23109 }, // U+E2C1
    { 45, 23, 704, -1, 21, 259, 23345 }, // U+E2C2
    { 52, 23, 817, -1, 21, 299, 23604 }, // U+E2C3
    { 48, 25, 752, -1, 23, 300, 23903 }, // U+E2C4
    { 54, 23, 872, -1, 21, 311, 24203 }, // U+E2C5
    { 41, 33, 640, -1, 31, 339, 24514 }, // U+E2C6
    { 42, 34, 656, -1, 32, 357, 24853 }, // U+E2C7
    { 46, 23, 720, -1, 21, 265, 25210 }, // U+E2C8
    { 41, 23, 640, -1, 21, 236, 25475 }, // U+E2C9
    { 42, 25, 659, -1, 23, 263, 25711 }, // U+E2CA
    { 45, 23, 705, -1, 21, 259, 25974 }, // U+E2CB
    { 43, 25, 672, -1, 23, 269, 26233 }, // U+E2CC
    { 42, 23, 656, -1, 21, 242, 26502 }, // U+E2CD
    { 42, 23, 656, -1, 21, 242, 26744 }, // U+E2CE
    { 42, 23, 656, -1, 21, 242, 26986 }, // U+E2CF
    { 41, 33, 700, -1, 24, 339, 27228 }, // U+E2D0
    { 46, 25, 720, -1, 23, 288, 27567 }, // U+E2D1
    { 50, 23, 784, -1, 21, 288, 27855 }, // U+E2D2
    { 26, 30, 380, -1, 21, 195, 28143 }, // U+E2D3
    { 46, 23, 720, -1, 21, 265, 28338 }, // U+E2D4
    { 43, 23, 672, -1, 21, 248, 28603 }, // U+E2D5
    { 33, 27, 516, -1, 21, 223, 28851 }, // U+E2D6
    { 26, 30, 380, -1, 21, 195, 29074 }, // U+E2D7
    { 46, 23, 720, -1, 21, 265, 29269 }, // U+E2D8
    { 44, 25, 689, -1, 23, 275, 29534 }, // U+E2D9
    { 43, 23, 672, -1, 21, 248, 29809 }, // U+E2DA
    { 45, 23, 704, -1, 21, 259, 30057 }, // U+E2DB
    { 39, 24, 611, -1, 21, 234, 30316 }, // U+E2DC
    { 46, 27, 720, -1, 21, 311, 30550 }, // U+E2DD
    { 41, 27, 640, -1, 21, 277, 30861 }, // U+E2DE
    { 43, 23, 672, -1, 21, 248, 31138 }, // U+E2DF
    { 50, 30, 784, -1, 21, 375, 31386 }, // U+E2E0
    { 45, 24, 704, -1, 21, 270, 31761 }, // U+E2E1
    { 41, 26, 640, -1, 23, 267, 32031 }, // U+E2E2
    { 40, 26, 624, -1, 23, 260, 32298 }, // U+E2E3
    { 39, 24, 608, -1, 21, 234, 32558 }, // U+E2E4
    { 40, 24, 650, -1, 21, 240, 32792 }, // U+E2E5
    { 37, 24, 576, -1, 21, 222, 33032 }, // U+E2E6
    { 41, 24, 640, -1, 21, 246, 33254 }, // U+E2E7
    { 48, 24, 753, -1, 21, 288, 33500 }, // U+E2E8
    { 44, 26, 688, -1, 23, 286, 33788 }, // U+E2E9
    { 50, 24, 808, -1, 21, 300, 34074 }, // U+E2EA
    { 37, 34, 576, -1, 31, 315, 34374 }, // U+E2EB
    { 38, 35, 592, -1, 32, 333, 34689 }, // U+E2EC
    { 42, 24, 656, -1, 21, 252, 35022 }, // U+E2ED
    { 37, 24, 576, -1, 21, 222, 35274 }, // U+E2EE
    { 38, 26, 595, -1, 23, 247, 35496 }, // U+E2EF
    { 41, 24, 641, -1, 21, 246, 35743 }, // U+E2F0
    { 39, 26, 608, -1, 23, 254, 35989 }, // U+E2F1
    { 38, 24, 592, -1, 21, 228, 36243 }, // U+E2F2
    { 38, 24, 592, -1, 21, 228, 36471 }, // U+E2F3
    { 38, 24, 592, -1, 21, 228, 36699 }, // U+E2F4
    { 36, 33, 622, -1, 24, 297, 36927 }, // U+E2F5
    { 42, 26, 656, -1, 23, 273, 37224 }, // U+E2F6
    { 46, 24, 720, -1, 21, 276, 37497 }, // U+E2F7
    { 21, 31, 313, -1, 21, 163, 37773 }, // U+E2F8
    { 42, 24, 656, -1, 21, 252, 37936 }, // U+E2F9
    { 39, 24, 608, -1, 21, 234, 38188 }, // U+E2FA
    { 28, 27, 438, -1, 21, 189, 38422 }, // U+E2FB
    { 24, 30, 357, -1, 21, 180, 38611 }, // U+E2FC
    { 42, 24, 656, -1, 21, 252, 38791 }, // U+E2FD
    { 40, 26, 625, -1, 23, 260, 39043 }, // U+E2FE
    { 39, 24, 608, -1, 21, 234, 39303 }, // U+E2FF
    { 41, 24, 640, -1, 21, 246, 39537 }, // U+E300
    { 35, 24, 547, -1, 21, 210, 39783 }, // U+E301
    { 42, 27, 656, -1, 21, 284, 39993 }, // U+E302
    { 37, 27, 576, -1, 21, 250, 40277 }, // U+E303
    { 39, 24, 608, -1, 21, 234, 40527 }, // U+E304
    { 23, 31, 334, -1, 21, 179, 40761 }, // U+E305
    { 30, 23, 470, -1, 21, 173, 40940 }, // U+E306
    { 25, 27, 366, -1, 21, 169, 41113 }, // U+E307
};

static const EpdUnicodeInterval notobengali_16_regularIntervals[] = {
    { 0x0, 0x0, 0x0 },
    { 0xD, 0xD, 0x1 },
    { 0x20, 0x23, 0x2 },
    { 0x25, 0x25, 0x6 },
    { 0x27, 0x3F, 0x7 },
    { 0x5B, 0x5F, 0x20 },
    { 0x7B, 0x7E, 0x25 },
    { 0xA0, 0xA0, 0x29 },
    { 0xAD, 0xAD, 0x2A },
    { 0xD7, 0xD7, 0x2B },
    { 0xF7, 0xF7, 0x2C },
    { 0x980, 0x983, 0x2D },
    { 0x985, 0x98C, 0x31 },
    { 0x98F, 0x990, 0x39 },
    { 0x993, 0x9A8, 0x3B },
    { 0x9AA, 0x9B0, 0x51 },
    { 0x9B2, 0x9B2, 0x58 },
    { 0x9B6, 0x9B9, 0x59 },
    { 0x9BC, 0x9C4, 0x5D },
    { 0x9C7, 0x9C8, 0x66 },
    { 0x9CB, 0x9CE, 0x68 },
    { 0x9D7, 0x9D7, 0x6C },
    { 0x9DC, 0x9DD, 0x6D },
    { 0x9DF, 0x9E3, 0x6F },
    { 0x9E6, 0x9FE, 0x74 },
    { 0x200B, 0x200D, 0x8D },
    { 0x2010, 0x2010, 0x90 },
    { 0x2013, 0x2014, 0x91 },
    { 0x2018, 0x2019, 0x93 },
    { 0x201C, 0x201D, 0x95 },
    { 0x2026, 0x2026, 0x97 },
    { 0x20B9, 0x20B9, 0x98 },
    { 0x2212, 0x2212, 0x99 },
    { 0xE000, 0xE307, 0x9A },
};

static const EpdFontGroup notobengali_16_regularGroups[] = {
    { 0, 1193, 2753, 41, 0 },
    { 1193, 85, 129, 4, 41 },
    { 1278, 4902, 12102, 96, 45 },
    { 6180, 159, 299, 11, 141 },
    { 6339, 73, 84, 1, 152 },
    { 6412, 12, 12, 1, 153 },
    { 6424, 15681, 48428, 200, 154 },
    { 22105, 15722, 44333, 200, 354 },
    { 37827, 14626, 44974, 200, 554 },
    { 52453, 13782, 43011, 176, 754 },
};

static const EpdKernClassEntry notobengali_16_regularKernLeftClasses[] = {
    { 0x0982, 1 }, // U+0982
    { 0x098B, 2 }, // U+098B
    { 0x098C, 2 }, // U+098C
    { 0x098F, 2 }, // U+098F
    { 0x0993, 2 }, // U+0993
    { 0x0999, 2 }, // U+0999
    { 0x099E, 2 }, // U+099E
    { 0x09CE, 2 }, // U+09CE
    { 0x09E0, 2 }, // U+09E0
    { 0x09E1, 2 }, // U+09E1
};

static const EpdKernClassEntry notobengali_16_regularKernRightClasses[] = {
    { 0x098B, 1 }, // U+098B
    { 0x098C, 2 }, // U+098C
    { 0x098F, 3 }, // U+098F
    { 0x0990, 3 }, // U+0990
    { 0x0993, 2 }, // U+0993
    { 0x0994, 2 }, // U+0994
    { 0x0996, 1 }, // U+0996
    { 0x0997, 4 }, // U+0997
    { 0x0999, 2 }, // U+0999
    { 0x099E, 3 }, // U+099E
    { 0x09A3, 5 }, // U+09A3
    { 0x09A5, 6 }, // U+09A5
    { 0x09A7, 7 }, // U+09A7
    { 0x09AA, 6 }, // U+09AA
    { 0x09B6, 8 }, // U+09B6
    { 0x09CE, 2 }, // U+09CE
    { 0x09E0, 1 }, // U+09E0
    { 0x09E1, 2 }, // U+09E1
};

static const int8_t notobengali_16_regularKernMatrix[] = {
     -26,    0,  -19,  -16,  -21,  -17,  -23,   -6,
     -10,  -10,  -10,  -10,  -10,  -10,  -10,    0,
};

static const EpdFontData notobengali_16_regular = {
    notobengali_16_regularBitmaps,
    notobengali_16_regularGlyphs,
    notobengali_16_regularIntervals,
    34,
    44,
    31,
    -14,
    true,
    notobengali_16_regularGroups,
    10,
    nullptr,
    notobengali_16_regularKernLeftClasses,
    notobengali_16_regularKernRightClasses,
    notobengali_16_regularKernMatrix,
    10,
    18,
    2,
    8,
    nullptr,
    0,
};
