/**
 * generated by fontconvert.py
 * name: notobengali_14_regular
 * size: 14
 * mode: 2-bit  compressed: true
 * Command used: fontconvert.py notobengali_14_regular 14 ../builtinFonts/source/NotoSansBengali/NotoSansBengali-Regular.ttf --additional-intervals 0x0980,0x09FF --bangla --bangla-clusters-out ../../../lib/BanglaShaper/bangla_clusters.h --2bit --compress --darken-aa
 */
#pragma once
#include "EpdFontData.h"

static const uint8_t notobengali_14_regularBitmaps[54810] = {
    0x95, 0x55, 0x31, 0x8E, 0xE3, 0x36, 0x14, 0x7D, 0x92, 0xB0, 0x11, 0xB0, 0x2A, 0x98, 0x32, 0xD9,
    0x29, 0x94, 0x03, 0x04, 0xCB, 0x36, 0x85, 0x2C, 0xB9, 0x4F, 0x91, 0x69, 0x7C, 0x88, 0xBD, 0x83,
    0x6D, 0x11, 0x48, 0x91, 0x32, 0x55, 0x52, 0xA7, 0x48, 0x11, 0xEC, 0x09, 0xA6, 0xB0, 0x47, 0x0C,
    0x72, 0x80, 0xE8, 0x08, 0xBA, 0xC1, 0xA8, 0x10, 0x36, 0x42, 0x60, 0x5B, 0xFB, 0x1E, 0x65, 0x0F,
    0x9C, 0x99, 0x09, 0x92, 0xA5, 0xF8, 0x29, 0x8B, 0xFC, 0x7C, 0xFF, 0xFF, 0xF7, 0x3F, 0xE9, 0xE6,
    0x7E, 0xBB, 0xDD, 0x96, 0x0B, 0xB6, 0x82, 0xED, 0x0B, 0x60, 0x33, 0x4D, 0x9B, 0x77, 0x6F, 0x96,
    0xF7, 0xD6, 0xDD, 0xE7, 0x6E, 0xC3, 0x6E, 0x96, 0x85, 0x3A, 0xD8, 0x11, 0x3B, 0x6A, 0x24, 0x7E,
    0xA1, 0xA1, 0x00, 0x52, 0x0D, 0x99, 0x5B, 0x03, 0x66, 0x79, 0x07, 0x33, 0x4D, 0x53, 0x1F, 0x06,
    0xE4, 0xE8, 0x81, 0xB7, 0x11, 0x87, 0x32, 0xEE, 0x80, 0x22, 0x69, 0x51, 0x71, 0xC1, 0x87, 0x01,
    0x77, 0xA9, 0x07, 0xC6, 0xCC, 0x01, 0xBD, 0x59, 0x6A, 0x00, 0x22, 0x0D, 0xF1, 0xAF, 0xC0, 0x2D,
    0x61, 0x40, 0xF5, 0xD2, 0xB8, 0xCC, 0xA3, 0x48, 0x7D, 0x0E, 0xAC, 0x13, 0x5F, 0x86, 0x71, 0x17,
    0xC6, 0x81, 0x80, 0xE9, 0x1F, 0x84, 0xAD, 0xCC, 0x0F, 0xBF, 0xFF, 0x46, 0x7D, 0xF3, 0xDD, 0xC4,
    0xBD, 0xD6, 0x7E, 0x4B, 0xD8, 0xA2, 0xE4, 0x66, 0x8C, 0x8B, 0xA4, 0x43, 0xDC, 0x17, 0x1C, 0x93,
    0x56, 0xA3, 0x71, 0x0B, 0xCE, 0xE7, 0xB0, 0x34, 0x5D, 0x72, 0x8B, 0xC3, 0x1A, 0xC9, 0x09, 0xEF,
    0xEE, 0xEF, 0x37, 0x1B, 0xC6, 0x8D, 0x31, 0xEE, 0x93, 0xCE, 0x78, 0xE3, 0x2C, 0x2A, 0x2A, 0x6C,
    0xB0, 0xE3, 0x73, 0x78, 0x7C, 0xF4, 0xB5, 0xE1, 0x7C, 0x05, 0x0B, 0x39, 0x96, 0xB4, 0x71, 0x8F,
    0x71, 0xCD, 0x6F, 0xB3, 0x34, 0x3E, 0x6D, 0x93, 0x3E, 0xEE, 0xA3, 0x01, 0xE3, 0x95, 0xFA, 0x05,
    0x60, 0x8C, 0x06, 0x62, 0xF7, 0x69, 0x2B, 0xF4, 0x8A, 0x66, 0x61, 0x19, 0x73, 0x2E, 0x01, 0x79,
    0x03, 0xEE, 0x4C, 0xDC, 0x4D, 0x0F, 0x4D, 0x1F, 0x88, 0xAB, 0x18, 0x42, 0xD3, 0x21, 0xFA, 0x30,
    0x20, 0xE9, 0x0F, 0x30, 0x5D, 0x83, 0xD8, 0x7F, 0x83, 0xD0, 0xBE, 0xA4, 0xD8, 0xE7, 0xC2, 0x7D,
    0xAD, 0xE4, 0xA5, 0x35, 0xED, 0xC9, 0xBD, 0xA5, 0xDD, 0x0A, 0x0B, 0xDA, 0xBE, 0xE3, 0x54, 0x73,
    0x6A, 0x4E, 0x6B, 0x26, 0x19, 0x20, 0xDD, 0x03, 0x59, 0xA2, 0x25, 0x90, 0x22, 0x32, 0x43, 0xC6,
    0x8D, 0x63, 0x48, 0xDA, 0x5A, 0x31, 0x77, 0x90, 0xBB, 0x24, 0x7D, 0xFC, 0x0F, 0xC5, 0x45, 0x50,
    0x94, 0xE3, 0xC9, 0x44, 0xA7, 0xDB, 0x9A, 0x31, 0xE6, 0x34, 0x6A, 0x98, 0xB7, 0xCC, 0x6F, 0x90,
    0xB6, 0x3B, 0x6E, 0x3C, 0x4B, 0x7F, 0x25, 0x61, 0x4E, 0xEB, 0xD2, 0x93, 0x7E, 0xCE, 0x7D, 0xDA,
    0x9F, 0x4C, 0xC7, 0x80, 0x17, 0x02, 0x44, 0x3A, 0x21, 0x7F, 0x40, 0x9D, 0xA3, 0xC8, 0x03, 0x6D,
    0xF6, 0x7F, 0x77, 0xB6, 0x78, 0xEA, 0x60, 0xE9, 0x56, 0xE5, 0x1A, 0x7C, 0x8D, 0x4A, 0xC4, 0xB3,
    0xF2, 0xE8, 0x7E, 0x78, 0x2B, 0x19, 0x8C, 0x00, 0x7B, 0xD6, 0xE0, 0x01, 0x8A, 0x90, 0xFE, 0x23,
    0xA8, 0xD1, 0x83, 0x98, 0x91, 0x67, 0xF2, 0x82, 0x9A, 0xF5, 0xFB, 0xF7, 0xEE, 0x91, 0x6B, 0xB6,
    0x74, 0x1A, 0x50, 0xD3, 0xCD, 0xED, 0xB2, 0xC1, 0x57, 0x41, 0xC3, 0xF8, 0x59, 0x84, 0x4B, 0xCC,
    0xCF, 0x0E, 0x0C, 0xA3, 0xA5, 0x10, 0x24, 0x6A, 0x30, 0xAF, 0x91, 0x39, 0x86, 0xCB, 0x77, 0xAB,
    0xEF, 0x25, 0xB3, 0x73, 0x5A, 0x4D, 0xCC, 0xE1, 0x91, 0x3E, 0xD2, 0x10, 0xDE, 0xC8, 0x1F, 0xEE,
    0x6F, 0x1C, 0x22, 0x56, 0x69, 0xF2, 0xE0, 0x90, 0xFD, 0x49, 0xAA, 0x7F, 0x74, 0x2C, 0x77, 0x87,
    0x1D, 0x65, 0x34, 0x2E, 0xE9, 0x55, 0x85, 0xC6, 0xE9, 0x21, 0x6D, 0x6E, 0x4F, 0x9B, 0xF4, 0xEB,
    0x24, 0x99, 0x63, 0xBB, 0x96, 0xD7, 0x4B, 0x9E, 0x4A, 0x04, 0xF9, 0x69, 0xF5, 0x58, 0x7A, 0xF9,
    0x75, 0xA9, 0xD0, 0x76, 0xC5, 0xAD, 0xAF, 0x57, 0x93, 0x56, 0xFD, 0xEC, 0x9F, 0xFC, 0x4C, 0xBB,
    0xF9, 0x6D, 0xFC, 0xE7, 0x9C, 0x2F, 0xE9, 0x6B, 0x45, 0x5F, 0x6F, 0xE4, 0x6B, 0x36, 0xD1, 0x4D,
    0x1E, 0xD6, 0xE3, 0xCC, 0x91, 0xA2, 0x13, 0x96, 0xD8, 0x2C, 0x25, 0x76, 0xD4, 0x65, 0x82, 0xBA,
    0xB5, 0xBE, 0x26, 0xDE, 0x36, 0xA4, 0x3A, 0xE9, 0x25, 0x25, 0xA5, 0xE2, 0x77, 0xAE, 0x28, 0x3A,
    0xEB, 0x12, 0xB9, 0x5D, 0x0F, 0x58, 0xAD, 0x56, 0xB7, 0x3A, 0x07, 0xE1, 0x2C, 0x9C, 0xED, 0xCE,
    0x31, 0x5C, 0x90, 0x59, 0xB6, 0x3C, 0x54, 0x88, 0xC6, 0x39, 0x57, 0x49, 0x37, 0x53, 0x1A, 0x8C,
    0x9F, 0x53, 0xB9, 0x9D, 0x55, 0x54, 0xB5, 0xAC, 0x59, 0xC4, 0xBF, 0xCC, 0xA5, 0x99, 0xD2, 0x86,
    0xF1, 0xD5, 0xD2, 0x6A, 0x3C, 0x8B, 0x7E, 0x6B, 0x2E, 0xFD, 0xFB, 0x48, 0xBA, 0x7B, 0xCA, 0x80,
    0xEC, 0xC3, 0x89, 0xD9, 0xAC, 0x42, 0xF9, 0xEE, 0xCF, 0x25, 0xAA, 0x77, 0x28, 0x51, 0x67, 0x9D,
    0x78, 0x94, 0x9E, 0x5A, 0x44, 0x1E, 0x32, 0xF2, 0x91, 0xB7, 0x0D, 0x4D, 0xF3, 0xB2, 0xA4, 0xCE,
    0xEE, 0xAA, 0xDC, 0x59, 0xDA, 0x1D, 0x71, 0x3A, 0xDB, 0x36, 0x9D, 0x99, 0xFE, 0xEA, 0xA2, 0xE9,
    0xFB, 0x33, 0x9F, 0xD7, 0x4E, 0x37, 0x78, 0x75, 0xC3, 0x63, 0x43, 0xFB, 0xE6, 0xB4, 0x24, 0x77,
    0x0D, 0x9F, 0x12, 0x4F, 0xDB, 0x65, 0xFE, 0x95, 0x4E, 0xB4, 0x17, 0x27, 0x4F, 0xDB, 0xD3, 0x93,
    0x0E, 0x62, 0xEB, 0x36, 0xE4, 0xA5, 0x12, 0x93, 0x5F, 0xDB, 0x5D, 0x5E, 0xE0, 0x0B, 0xCA, 0xB4,
    0x55, 0x69, 0x4E, 0x3A, 0x0A, 0x47, 0x91, 0x74, 0xCE, 0x3B, 0xFE, 0x51, 0xE7, 0xD7, 0xED, 0x32,
    0xCF, 0xAD, 0x18, 0x2E, 0x18, 0x83, 0xCE, 0x98, 0x8A, 0x48, 0x64, 0x0B, 0xD9, 0x12, 0xA7, 0xF6,
    0x48, 0x4F, 0x81, 0xF7, 0x8C, 0xD0, 0x42, 0x52, 0x4A, 0x82, 0xD3, 0xB7, 0x2C, 0x37, 0x5A, 0xE8,
    0xF7, 0xE9, 0x18, 0x66, 0x77, 0xA1, 0x1F, 0x94, 0x53, 0xA6, 0x94, 0xC5, 0x57, 0x87, 0xAF, 0x5E,
    0xD9, 0x8B, 0xBA, 0xB3, 0x65, 0xDD, 0x3E, 0xA3, 0xBA, 0x52, 0x0A, 0x56, 0x48, 0x3F, 0xE2, 0x53,
    0x1E, 0xED, 0x58, 0x87, 0x9B, 0xAA, 0x0C, 0xC5, 0x94, 0x87, 0xB2, 0x62, 0x06, 0x78, 0x9B, 0x91,
    0xA3, 0xF0, 0x77, 0x21, 0x9B, 0x98, 0x7D, 0x7A, 0x51, 0x35, 0x7B, 0xAA, 0x2A, 0xD0, 0xE8, 0x93,
    0x1E, 0xED, 0x90, 0xC9, 0xF9, 0x9E, 0x20, 0xC6, 0x82, 0xB2, 0x66, 0xB2, 0x86, 0x82, 0x90, 0x6F,
    0x89, 0x6F, 0xB8, 0x9C, 0xF1, 0x58, 0x27, 0xFC, 0xE7, 0x53, 0xD1, 0x45, 0x72, 0x7B, 0xAC, 0xE6,
    0x3F, 0xCF, 0xE0, 0x03, 0xA9, 0x3D, 0x06, 0xFA, 0x9F, 0xF5, 0x28, 0xDC, 0xD2, 0x37, 0x9D, 0xF2,
    0xC2, 0xAC, 0x66, 0xB3, 0x9B, 0x2F, 0x69, 0x0A, 0xA1, 0x16, 0x5A, 0xF1, 0xEF, 0x8D, 0x57, 0x22,
    0x41, 0xF2, 0x39, 0xE8, 0xE7, 0xBD, 0x53, 0xB6, 0xA2, 0x19, 0xA7, 0xF1, 0xBC, 0x29, 0xC3, 0x9F,
    0xED, 0x0B, 0x9D, 0x08, 0xC4, 0xD9, 0xCF, 0x79, 0x64, 0xB5, 0xF0, 0x84, 0xFF, 0xDC, 0x0E, 0xF5,
    0xE4, 0x5D, 0xA8, 0x16, 0xE0, 0x23, 0x5D, 0x8B, 0xCB, 0x09, 0x80, 0x30, 0x10, 0x44, 0x9F, 0xC4,
    0xFB, 0x96, 0x62, 0x03, 0xCA, 0xA6, 0xF3, 0xA4, 0x84, 0x2D, 0x45, 0xD0, 0x9B, 0x9A, 0x75, 0x03,
    0xC1, 0x83, 0x03, 0xC3, 0x7C, 0x98, 0x81, 0xD2, 0x4A, 0x23, 0xB0, 0x22, 0x28, 0x9A, 0xA5, 0x3E,
    0xA4, 0xE3, 0x04, 0x37, 0x22, 0x86, 0x56, 0xD2, 0xB5, 0x23, 0x76, 0x47, 0x54, 0x36, 0x24, 0xCF,
    0x4C, 0xB0, 0xC4, 0x49, 0x07, 0xBB, 0x1F, 0x70, 0x77, 0xEB, 0xFC, 0x8A, 0xDF, 0xEE, 0x05, 0xC5,
    0x5A, 0xBF, 0x8F, 0x1C, 0x47, 0x76, 0x7E, 0xDD, 0x2D, 0x4D, 0xEB, 0xB6, 0x61, 0x95, 0x02, 0x06,
    0xF2, 0x12, 0x76, 0x3B, 0x50, 0x40, 0x1F, 0x04, 0x76, 0x72, 0x81, 0x83, 0x9D, 0xAE, 0x36, 0x03,
    0x5D, 0xA0, 0x40, 0x8A, 0x9D, 0xDC, 0x05, 0x0E, 0x2C, 0x5E, 0xB0, 0x0E, 0x69, 0x60, 0x96, 0xD3,
    0x82, 0xC3, 0x0B, 0xBC, 0xF0, 0x3F, 0x70, 0x1B, 0x6C, 0x20, 0xAD, 0x00, 0x6F, 0xE2, 0x40, 0x80,
    0x67, 0xD9, 0x2D, 0xE9, 0x0F, 0xD0, 0x18, 0x17, 0x1C, 0x70, 0x0A, 0x38, 0x32, 0x08, 0xD8, 0x20,
    0x83, 0x6D, 0x1C, 0x1B, 0xE7, 0xE6, 0xB2, 0xA7, 0xCB, 0xDF, 0xF7, 0xAA, 0x67, 0x76, 0xC9, 0xA3,
    0x74, 0xD2, 0x9D, 0xAC, 0x9B, 0xE5, 0xBC, 0xEA, 0x99, 0xE9, 0xA9, 0x7A, 0xF5, 0x7E, 0x7C, 0xEF,
    0x7B, 0x35, 0x94, 0xDD, 0x42, 0x42, 0xD7, 0x89, 0x19, 0x06, 0xC9, 0x4A, 0x2B, 0x56, 0x32, 0x59,
    0x48, 0xBA, 0x7D, 0xDE, 0xC5, 0xD3, 0x3E, 0xBA, 0x2F, 0xC6, 0x9D, 0x8B, 0x9C, 0xEC, 0x8B, 0xE0,
    0xF5, 0x8B, 0x9F, 0x66, 0x25, 0x92, 0xB4, 0xB8, 0x38, 0xBA, 0x76, 0xE3, 0xDA, 0xDE, 0x74, 0x2F,
    0xBB, 0xB1, 0x30, 0x8F, 0xDA, 0xD8, 0xAD, 0xE4, 0xB6, 0x24, 0x9D, 0x58, 0x27, 0x67, 0x69, 0xD1,
    0x26, 0x65, 0x67, 0xCA, 0x79, 0x25, 0xD9, 0x5A, 0xC2, 0x23, 0xDC, 0x2C, 0x7F, 0x23, 0x52, 0x89,
    0xD8, 0x5A, 0x92, 0x46, 0x82, 0x5E, 0x64, 0x8E, 0xD9, 0x4A, 0x49, 0x96, 0x12, 0x35, 0x22, 0xF8,
    0xF7, 0x75, 0xDF, 0xC5, 0x23, 0x3C, 0xE4, 0x4B, 0xBC, 0xF9, 0xB1, 0xE1, 0x0D, 0x90, 0xDB, 0x1B,
    0xE6, 0x8E, 0x8F, 0xF5, 0x38, 0x08, 0xB6, 0x27, 0xA6, 0xC0, 0x7C, 0x0F, 0x30, 0x04, 0xD8, 0x50,
    0x61, 0xF0, 0x67, 0xCF, 0x57, 0x18, 0xEA, 0x3C, 0x6C, 0x4C, 0x11, 0xD7, 0x53, 0xE9, 0x4C, 0x11,
    0xAD, 0x74, 0x08, 0xB0, 0xF8, 0x02, 0x5F, 0x80, 0x4E, 0x78, 0x25, 0xB9, 0x48, 0x8F, 0x21, 0xAD,
    0x23, 0xF7, 0x4E, 0x21, 0xC9, 0x50, 0xDD, 0xBF, 0x5F, 0x48, 0xE0, 0x5C, 0xE4, 0x30, 0xE7, 0xE4,
    0x48, 0x38, 0xE0, 0x61, 0xFD, 0x90, 0x16, 0xA3, 0x7E, 0x3F, 0x18, 0x47, 0x98, 0xC8, 0x2B, 0xE2,
    0x7E, 0xD1, 0x8F, 0x17, 0xAE, 0x1F, 0x75, 0xAA, 0x64, 0xD4, 0xCA, 0xF2, 0x82, 0x7A, 0xA5, 0x92,
    0x48, 0x76, 0xBE, 0xE4, 0x85, 0x29, 0x55, 0x37, 0xBC, 0x03, 0xED, 0x5A, 0x5E, 0x44, 0xAB, 0x9C,
    0x1A, 0xA5, 0x12, 0x7A, 0x0D, 0x61, 0x7C, 0xAF, 0x23, 0x2E, 0xEE, 0xAA, 0x96, 0x29, 0x27, 0x8E,
    0x9C, 0x5E, 0x40, 0x53, 0xF7, 0x39, 0x2F, 0xA0, 0xEB, 0x8F, 0x1D, 0x2F, 0x64, 0xE7, 0x58, 0xFC,
    0x05, 0x1E, 0xF3, 0xCD, 0x45, 0xB6, 0xB9, 0xD8, 0xC1, 0xDF, 0x8C, 0x17, 0x97, 0x22, 0xD7, 0x1B,
    0x1E, 0x7E, 0x40, 0xED, 0x5C, 0x29, 0x72, 0xFB, 0x74, 0x89, 0x37, 0xA2, 0x95, 0x6E, 0xA9, 0x56,
    0x21, 0xF7, 0xF4, 0x9E, 0x63, 0x4E, 0x09, 0x53, 0x04, 0x43, 0x45, 0x0F, 0xC2, 0x87, 0xD1, 0x52,
    0x5A, 0x8A, 0x8E, 0x9F, 0x53, 0x04, 0x8C, 0x91, 0xB8, 0x91, 0xF8, 0x61, 0x05, 0xA7, 0xBB, 0x01,
    0xAF, 0x2A, 0xBE, 0x15, 0xAA, 0x05, 0xD3, 0x15, 0x2F, 0xD7, 0x6A, 0xCA, 0x92, 0xE6, 0xF0, 0x4A,
    0x25, 0xBC, 0x86, 0x2D, 0xF4, 0xBA, 0xA6, 0x8C, 0xA9, 0x82, 0x44, 0xC3, 0x09, 0x97, 0x84, 0x06,
    0x90, 0xBB, 0x27, 0xA7, 0xFE, 0xA3, 0xDA, 0xDB, 0x7A, 0xE5, 0x25, 0xA3, 0x4A, 0xD4, 0x34, 0x5C,
    0xAA, 0x91, 0xD7, 0x24, 0x72, 0x7D, 0x48, 0xA5, 0x72, 0xD3, 0x4B, 0x54, 0x9B, 0x39, 0xE4, 0xD2,
    0x74, 0x54, 0xC2, 0x7C, 0xC9, 0x90, 0x33, 0x9F, 0x52, 0x66, 0xB4, 0xEF, 0xEA, 0x00, 0x32, 0x70,
    0x1D, 0xAF, 0xE7, 0x2B, 0xCA, 0x1D, 0x8D, 0x0C, 0x3C, 0x5A, 0xD9, 0x6C, 0x49, 0xE4, 0x5D, 0x6E,
    0x91, 0xFA, 0x78, 0xB9, 0xD2, 0xD0, 0xF4, 0xB7, 0xB9, 0x93, 0x0F, 0xD5, 0x28, 0xB0, 0x91, 0x4C,
    0x4E, 0x4E, 0xF5, 0x23, 0xCC, 0xA0, 0xBA, 0x35, 0x5E, 0x8E, 0x16, 0x56, 0x39, 0x51, 0x09, 0xAF,
    0x43, 0x4F, 0xC4, 0x25, 0x5C, 0x1B, 0xD7, 0x79, 0xB4, 0xA6, 0xD7, 0x8D, 0xC3, 0x9C, 0x59, 0x95,
    0xD2, 0xD9, 0xBD, 0x81, 0xEF, 0xC3, 0x43, 0x48, 0x04, 0x4D, 0x06, 0xBB, 0xD5, 0xFC, 0x5E, 0xFC,
    0x64, 0xD2, 0xAB, 0xA7, 0xB9, 0x74, 0x4A, 0x83, 0x1A, 0x6F, 0xBF, 0xCD, 0xE0, 0xC3, 0xD2, 0xA8,
    0x99, 0x24, 0x1E, 0x54, 0xB5, 0x50, 0xFD, 0xA7, 0xE6, 0xF3, 0x1A, 0x6F, 0xB4, 0x1B, 0xD5, 0xD3,
    0xC9, 0xBC, 0x82, 0x57, 0x87, 0xE4, 0x56, 0xAD, 0x3A, 0x7E, 0xB6, 0x52, 0x25, 0x3F, 0x6D, 0xF2,
    0x68, 0x90, 0xE8, 0xCB, 0x26, 0x4F, 0x1C, 0x66, 0xE8, 0xB2, 0xEA, 0x27, 0x88, 0xC5, 0x99, 0x59,
    0x63, 0xE9, 0x3C, 0x0F, 0xA8, 0xA9, 0xF9, 0x49, 0x41, 0xA4, 0x88, 0xBE, 0x58, 0x52, 0x69, 0x71,
    0x4F, 0xC2, 0x5E, 0xD5, 0x74, 0x6A, 0xC9, 0xCA, 0xA9, 0x77, 0xDF, 0x08, 0xA9, 0xE3, 0x5E, 0x54,
    0xBF, 0x21, 0x3F, 0xDD, 0x8B, 0x96, 0x8B, 0xA0, 0xA7, 0x8C, 0x1D, 0xE4, 0xBC, 0xFA, 0x7C, 0x11,
    0x2D, 0xED, 0x10, 0xF7, 0xD1, 0x72, 0x72, 0x94, 0x40, 0x62, 0xAB, 0x94, 0xE9, 0x1A, 0x9F, 0x06,
    0xAE, 0x84, 0x04, 0x5A, 0xE4, 0xD1, 0x32, 0x6A, 0xC5, 0x7E, 0xB6, 0x8C, 0x5C, 0x69, 0x1F, 0x2F,
    0x65, 0xBF, 0x9D, 0x3E, 0xC5, 0x9D, 0xC3, 0x9E, 0x85, 0x73, 0xB2, 0x45, 0x0A, 0x99, 0xF4, 0x00,
    0x18, 0x09, 0xFB, 0x90, 0x4B, 0xFA, 0xF0, 0xB8, 0x01, 0x7B, 0x6C, 0x33, 0x57, 0xB7, 0x39, 0xDD,
    0x6E, 0x98, 0x5F, 0x04, 0x42, 0xAA, 0xAD, 0x3A, 0x55, 0xB9, 0xDC, 0x44, 0x6D, 0xBC, 0x96, 0xE0,
    0x18, 0x08, 0x96, 0xB9, 0x22, 0x13, 0x7B, 0x8A, 0x94, 0x9D, 0x45, 0x40, 0x94, 0x59, 0xD8, 0xA4,
    0x72, 0x23, 0x5A, 0x61, 0x9F, 0xF1, 0x7F, 0x62, 0x01, 0x4B, 0x23, 0x5A, 0x3A, 0x64, 0xF7, 0x5D,
    0x8D, 0x0D, 0xCE, 0x90, 0xF1, 0xCD, 0xEA, 0x56, 0x2B, 0x41, 0x87, 0x30, 0x42, 0xAE, 0x74, 0x0C,
    0xDD, 0x8E, 0x01, 0xDE, 0xDD, 0xA1, 0x58, 0xC4, 0x17, 0x10, 0x91, 0x93, 0xAE, 0x97, 0xF7, 0x70,
    0xC5, 0x70, 0x63, 0x42, 0x76, 0x16, 0x88, 0xD3, 0x65, 0x17, 0x6E, 0xE8, 0x62, 0xE7, 0x4E, 0x3B,
    0xB9, 0x7D, 0x18, 0x6E, 0xF2, 0xCB, 0xBB, 0xB0, 0xB9, 0x12, 0x9B, 0xF7, 0xD4, 0xE9, 0xD6, 0x3D,
    0xA0, 0xBA, 0xDE, 0xD5, 0x93, 0x4A, 0x6F, 0xA0, 0xFD, 0xA1, 0xC9, 0x82, 0xAA, 0x00, 0xF4, 0xA0,
    0x4B, 0xB3, 0xA7, 0xCA, 0x2C, 0xA8, 0xCD, 0x13, 0x55, 0x07, 0x3A, 0x42, 0x15, 0x57, 0xBE, 0x06,
    0xD9, 0x8B, 0x6A, 0x24, 0xAA, 0x12, 0x5E, 0xDD, 0xE6, 0xB5, 0xAE, 0xE3, 0xA5, 0xAA, 0x25, 0xAA,
    0x97, 0x78, 0xC5, 0xA0, 0x59, 0xD4, 0x5D, 0xD1, 0x85, 0xC9, 0x1A, 0x54, 0xC8, 0x01, 0x43, 0xF4,
    0xB3, 0x87, 0x67, 0x53, 0x4C, 0x93, 0x03, 0xE1, 0x24, 0xCF, 0xB0, 0x64, 0x9E, 0xDE, 0xC2, 0xBC,
    0xA6, 0xEE, 0xAF, 0xB7, 0x49, 0xFD, 0xA6, 0xED, 0x90, 0x48, 0x7F, 0x79, 0x86, 0x54, 0xC5, 0xCC,
    0x04, 0x4B, 0x86, 0x8D, 0x25, 0x44, 0xDC, 0x43, 0x0A, 0x9F, 0xF6, 0x8C, 0x19, 0x4C, 0x35, 0x61,
    0x10, 0xEF, 0xF9, 0xC0, 0xDC, 0x7B, 0x26, 0x4C, 0xB3, 0x43, 0x1F, 0xEE, 0xEE, 0x42, 0xC3, 0xDA,
    0x47, 0xB2, 0x04, 0xFB, 0xFD, 0x88, 0x7D, 0x5E, 0x99, 0x4C, 0x6F, 0x21, 0xC6, 0x53, 0x21, 0x23,
    0x6F, 0xCA, 0x1A, 0xDA, 0x48, 0x8E, 0x34, 0xC8, 0xEF, 0x8A, 0x85, 0x6E, 0xB6, 0x57, 0x30, 0xC0,
    0x62, 0xE6, 0xFD, 0x3E, 0x76, 0x4C, 0xA0, 0x99, 0xED, 0x14, 0x83, 0x52, 0xCC, 0x15, 0xF9, 0x04,
    0x86, 0xE1, 0x98, 0x89, 0x72, 0xE6, 0x07, 0x54, 0x02, 0xEB, 0xCB, 0xE2, 0x19, 0x21, 0x41, 0xAD,
    0x31, 0x6A, 0x0C, 0xAB, 0x8F, 0x98, 0xB0, 0xC1, 0x4F, 0xEF, 0x96, 0x51, 0xED, 0x4A, 0xD5, 0xCE,
    0xDC, 0x70, 0x99, 0x9C, 0x59, 0x37, 0x05, 0x64, 0x02, 0x22, 0x69, 0x2F, 0xD3, 0x22, 0x36, 0x67,
    0x2C, 0x19, 0x53, 0x6C, 0x18, 0x51, 0xCE, 0x57, 0xB2, 0xDF, 0x4C, 0x77, 0xE9, 0xCF, 0xF5, 0x34,
    0x63, 0x60, 0xDA, 0x83, 0x1D, 0xC5, 0x4F, 0x85, 0x52, 0x89, 0xFC, 0x20, 0xE3, 0x70, 0xE0, 0x87,
    0x89, 0xC7, 0x04, 0x64, 0x9A, 0x19, 0x90, 0x68, 0x10, 0xF1, 0xC0, 0x0A, 0x7B, 0x6E, 0x4A, 0x3B,
    0x18, 0x53, 0x4E, 0x8E, 0x0C, 0x21, 0x37, 0xA3, 0x38, 0x83, 0xD8, 0x47, 0xFD, 0xC5, 0x72, 0xA6,
    0x04, 0x40, 0xE3, 0xA5, 0x5B, 0x41, 0xC4, 0x6B, 0x7E, 0x3A, 0xFF, 0x17, 0x88, 0xE4, 0xBC, 0xA4,
    0x95, 0xB9, 0xEC, 0x9C, 0x22, 0xA3, 0xD8, 0x29, 0xB4, 0xA6, 0x78, 0x0C, 0x9A, 0xB7, 0x66, 0x08,
    0xDD, 0x60, 0x86, 0xA4, 0xCD, 0x3E, 0x2F, 0x53, 0x4C, 0x56, 0xD8, 0xF7, 0x50, 0x8C, 0xAC, 0xAB,
    0x6D, 0x61, 0xCE, 0x1B, 0x24, 0x1F, 0x8B, 0x1D, 0xF0, 0x03, 0x22, 0xA2, 0xC8, 0x90, 0x51, 0xC2,
    0x92, 0x88, 0x2D, 0x42, 0xBC, 0xE6, 0x21, 0xEC, 0x45, 0x62, 0xC7, 0xDB, 0x53, 0x05, 0x3C, 0x62,
    0xEA, 0x08, 0xE5, 0xA5, 0x8E, 0x29, 0xA2, 0xE6, 0x75, 0x08, 0x37, 0x20, 0x84, 0xE7, 0x6B, 0x88,
    0x74, 0x05, 0x51, 0x15, 0x49, 0x1D, 0x76, 0x3E, 0xB8, 0x29, 0x7A, 0x88, 0x89, 0x7B, 0x1B, 0xC6,
    0x4E, 0x1F, 0xD5, 0xDC, 0x07, 0x3D, 0x62, 0x6B, 0x0F, 0x97, 0x3F, 0x05, 0xB6, 0x05, 0x2D, 0xF3,
    0x7E, 0xB0, 0xB8, 0xC5, 0xF6, 0x9C, 0x77, 0xA8, 0xEA, 0x29, 0x82, 0x0A, 0x6E, 0x1B, 0x8E, 0xE1,
    0xF2, 0x2E, 0x44, 0x79, 0xEE, 0x62, 0x84, 0x6F, 0x97, 0xF6, 0xF1, 0xF2, 0x9E, 0x9B, 0x46, 0x8D,
    0xED, 0x50, 0xAB, 0x27, 0x70, 0x10, 0xAA, 0xCF, 0x42, 0xB2, 0x07, 0xD7, 0x35, 0x31, 0x10, 0x02,
    0xF3, 0x41, 0xD5, 0x55, 0x84, 0x6D, 0xB4, 0xA0, 0x68, 0x99, 0x0A, 0x9C, 0x8A, 0x8B, 0x23, 0x09,
    0x1E, 0x83, 0xB3, 0x04, 0xCD, 0x2E, 0xC1, 0x14, 0xA8, 0xB9, 0x11, 0x19, 0x45, 0x4E, 0x81, 0x94,
    0x6B, 0x98, 0xF5, 0x3D, 0x4B, 0xA6, 0x82, 0x67, 0xDA, 0x8D, 0x31, 0xB5, 0xF4, 0x32, 0x54, 0x5C,
    0x0D, 0xD6, 0x3E, 0xF8, 0x1F, 0x22, 0xE4, 0x30, 0x29, 0xB6, 0x15, 0x34, 0x3F, 0xFB, 0x2D, 0x8A,
    0x1A, 0x96, 0xED, 0x20, 0xA3, 0x06, 0x33, 0x61, 0x2B, 0x90, 0xD5, 0xC0, 0x34, 0xDB, 0x19, 0xC1,
    0xC4, 0x40, 0xAB, 0x9B, 0x1F, 0xD1, 0x0C, 0x96, 0xF4, 0x49, 0x76, 0xDD, 0x50, 0x68, 0xC6, 0x74,
    0x5B, 0x04, 0x53, 0xAE, 0xC6, 0xF7, 0x36, 0xE4, 0x66, 0x3B, 0xF2, 0x86, 0x95, 0xCF, 0xBE, 0x2F,
    0xB9, 0xB1, 0xA4, 0xB0, 0x45, 0xF5, 0x10, 0x6C, 0x07, 0xB6, 0x30, 0x8E, 0x4E, 0x59, 0x48, 0xF1,
    0xB3, 0x15, 0x10, 0x66, 0x11, 0x75, 0xC8, 0x23, 0x40, 0x65, 0x45, 0x0F, 0xA0, 0xC0, 0xB9, 0x29,
    0x23, 0xAA, 0x0B, 0x8F, 0x74, 0x44, 0xF2, 0xE8, 0x88, 0x5C, 0x9A, 0x71, 0x34, 0x4B, 0x00, 0x44,
    0xA9, 0x09, 0xD5, 0x28, 0x1F, 0xA8, 0x5C, 0xAD, 0x8C, 0x60, 0xF2, 0x01, 0xE1, 0x4A, 0x2E, 0xAB,
    0xF0, 0xF6, 0x11, 0xFA, 0xAA, 0x17, 0xD5, 0x9B, 0x0F, 0xA1, 0xE4, 0x1A, 0x71, 0x3C, 0x0E, 0xCC,
    0x07, 0xAD, 0xD8, 0xC9, 0x9A, 0x43, 0xE0, 0x74, 0x48, 0xD7, 0x53, 0x0E, 0xAE, 0xE6, 0x90, 0xF4,
    0xA2, 0xC3, 0x0A, 0xC5, 0x05, 0x3A, 0x0F, 0xA8, 0x2E, 0x2B, 0x6E, 0xD0, 0x3E, 0x26, 0xE9, 0xED,
    0x73, 0xDD, 0xAA, 0x9B, 0x5A, 0x0E, 0xD9, 0xDA, 0xF8, 0xC9, 0x12, 0x4F, 0x65, 0xC2, 0xC3, 0x2B,
    0x89, 0x37, 0x95, 0xD1, 0x76, 0x73, 0xD6, 0x22, 0xF7, 0x1B, 0x96, 0xBE, 0xEA, 0xD6, 0x53, 0x98,
    0x08, 0xE8, 0xE1, 0x8A, 0x19, 0xB1, 0x64, 0x0D, 0xD7, 0x62, 0x27, 0x7D, 0xE0, 0x2B, 0x81, 0x69,
    0xB4, 0x16, 0x98, 0x96, 0xD8, 0x0B, 0x04, 0x26, 0xF8, 0x0E, 0xB2, 0xC7, 0x8A, 0xE0, 0xCA, 0x19,
    0x81, 0xF7, 0xE9, 0x45, 0xCF, 0xAA, 0xF0, 0xC4, 0x35, 0x56, 0x5E, 0x3E, 0xEC, 0x76, 0x0B, 0x8F,
    0xC0, 0x1B, 0x08, 0xDE, 0x56, 0x07, 0x05, 0xE1, 0x7C, 0x8B, 0x8F, 0x9E, 0xD5, 0xA9, 0x8B, 0x2E,
    0x4E, 0xF4, 0x6E, 0x38, 0xFC, 0xF6, 0x47, 0xAD, 0xBF, 0xF1, 0xF9, 0xE8, 0xBC, 0x22, 0x26, 0x87,
    0x4C, 0x50, 0xA8, 0xDC, 0xBC, 0xEA, 0xB6, 0x31, 0xF9, 0x95, 0xD1, 0xD9, 0x5C, 0x89, 0xCE, 0xB1,
    0xC4, 0xD2, 0xE4, 0x76, 0x6B, 0x8E, 0xD9, 0xF6, 0xCA, 0x6E, 0x39, 0x0A, 0x3D, 0xCA, 0xC5, 0x3B,
    0x15, 0xE2, 0xD9, 0x75, 0x45, 0x07, 0xFE, 0x07, 0x75, 0x98, 0x71, 0xAE, 0xC5, 0x81, 0x2F, 0x85,
    0x4C, 0x4C, 0x32, 0x4A, 0x50, 0xF6, 0x6A, 0x69, 0x4A, 0xD0, 0x0F, 0x30, 0xFA, 0x16, 0x85, 0x1C,
    0x79, 0x6B, 0xC9, 0x34, 0x91, 0xBA, 0x5A, 0x2D, 0x2C, 0xDD, 0x44, 0xE4, 0xFD, 0x2A, 0xEE, 0x95,
    0x14, 0x1B, 0xEE, 0xF5, 0xEF, 0xD0, 0x20, 0x0F, 0x95, 0x7B, 0x25, 0x60, 0x35, 0xAB, 0xAC, 0x3A,
    0x25, 0x32, 0x0D, 0xA9, 0x06, 0x26, 0xB9, 0x97, 0xE2, 0x99, 0xE7, 0x5E, 0xE6, 0x0A, 0xF7, 0x92,
    0x4B, 0xEE, 0xF5, 0x35, 0x16, 0xDC, 0xD9, 0x5A, 0x70, 0xE7, 0xDB, 0x5A, 0x50, 0xE4, 0xD0, 0x17,
    0x78, 0x44, 0xA1, 0x5B, 0xA1, 0x6E, 0x83, 0xE6, 0xBE, 0x05, 0xEE, 0xDA, 0xCB, 0xDD, 0x16, 0x6E,
    0x33, 0xBC, 0x8A, 0x5B, 0x7C, 0x1B, 0xD9, 0x0F, 0x06, 0xDD, 0xB2, 0x42, 0x81, 0xEB, 0x52, 0xC8,
    0xEB, 0x9E, 0xB3, 0x7E, 0x03, 0x71, 0xF4, 0x9C, 0x8D, 0xC6, 0xC7, 0x7B, 0x74, 0x4F, 0xE2, 0x96,
    0xB0, 0x51, 0x7A, 0xDE, 0xC2, 0x46, 0x19, 0x57, 0x5B, 0xA2, 0x58, 0x22, 0x70, 0x33, 0x28, 0x4F,
    0xCE, 0x9B, 0x6A, 0x9C, 0xA5, 0x5A, 0x65, 0x32, 0xB5, 0x51, 0xAE, 0x65, 0xB0, 0xD7, 0xA4, 0x6D,
    0x35, 0x65, 0x97, 0x3E, 0x61, 0x95, 0xF0, 0xF9, 0x18, 0x40, 0xDF, 0x33, 0x6F, 0x2C, 0xA0, 0xAB,
    0xB9, 0x17, 0x37, 0x33, 0xCC, 0xD0, 0x51, 0x20, 0xB0, 0x17, 0xBC, 0xDA, 0x0B, 0xDA, 0x19, 0x7D,
    0x3C, 0x03, 0x75, 0xA9, 0x67, 0xE4, 0x62, 0x33, 0xE2, 0x93, 0x7E, 0x0D, 0x1F, 0x64, 0xAB, 0x19,
    0xD9, 0x0C, 0x23, 0xC9, 0x52, 0x18, 0x7A, 0x22, 0xD2, 0x32, 0xAF, 0xE2, 0x1F, 0x74, 0x3B, 0xDA,
    0x78, 0xF5, 0xAC, 0xD6, 0x9E, 0x9B, 0x43, 0xDC, 0x84, 0x40, 0x36, 0x12, 0x75, 0x20, 0xDC, 0xBE,
    0x84, 0x8F, 0x11, 0x51, 0xA1, 0x03, 0xB5, 0x0D, 0x1D, 0x82, 0x12, 0x21, 0x30, 0xA5, 0x35, 0xA6,
    0xCF, 0x12, 0xC2, 0x2B, 0xA9, 0xE3, 0x0D, 0x13, 0x0C, 0x91, 0xAB, 0x63, 0x0A, 0xB3, 0x64, 0xF1,
    0x29, 0x91, 0xFC, 0xC9, 0x27, 0x88, 0xB7, 0x88, 0x68, 0x1F, 0xBA, 0x7F, 0x5E, 0xA1, 0x84, 0x03,
    0x3A, 0x5C, 0x19, 0x29, 0x7B, 0x59, 0x89, 0x6D, 0x09, 0x28, 0x8E, 0x18, 0x93, 0xFD, 0x12, 0x22,
    0xFA, 0x2D, 0xE1, 0xA2, 0x52, 0x04, 0x51, 0xFC, 0x58, 0x5D, 0xB6, 0x58, 0x5E, 0xF1, 0xCD, 0x92,
    0x1B, 0x81, 0x3C, 0x47, 0xB8, 0x75, 0x19, 0x9A, 0x20, 0x97, 0xA1, 0x63, 0x36, 0xE7, 0x2C, 0x75,
    0x4E, 0x2B, 0x9A, 0xC4, 0x58, 0x81, 0x16, 0xC8, 0x68, 0x81, 0x8C, 0x56, 0x7E, 0xE6, 0xBB, 0xA3,
    0xF0, 0xB1, 0x44, 0xB6, 0x98, 0xAE, 0x01, 0x75, 0x08, 0xDE, 0xDA, 0xD5, 0xD1, 0x3A, 0x69, 0x1A,
    0xC5, 0x59, 0x30, 0x9F, 0x63, 0x12, 0x40, 0x8B, 0x8D, 0x21, 0x3E, 0x2B, 0xF3, 0x2B, 0xDC, 0x69,
    0xE6, 0xB7, 0x28, 0xD7, 0xFC, 0x16, 0xA2, 0x0D, 0x32, 0xAB, 0x29, 0xAD, 0xCE, 0xF3, 0xCA, 0xB3,
    0x0C, 0xF4, 0xAB, 0xE4, 0xD1, 0x73, 0x1D, 0x46, 0xEC, 0x43, 0x3B, 0x46, 0xA5, 0xEF, 0xD4, 0x02,
    0xAC, 0x11, 0xB0, 0xBE, 0x21, 0x40, 0x62, 0xB8, 0x45, 0xFA, 0x87, 0xF2, 0x4A, 0xB7, 0x80, 0x0C,
    0x64, 0x3C, 0x69, 0xD0, 0x5E, 0xF8, 0x89, 0xF0, 0x55, 0xE4, 0x96, 0xE6, 0x2D, 0xB4, 0xD1, 0xD7,
    0x7B, 0xF3, 0x36, 0xED, 0x54, 0xBD, 0xF3, 0x16, 0x77, 0x96, 0x9C, 0x17, 0xBE, 0xF6, 0x15, 0x63,
    0xAF, 0x3B, 0x76, 0xBA, 0xDB, 0x78, 0x7E, 0xC6, 0xB8, 0x56, 0xFD, 0xC8, 0x1B, 0x06, 0x6A, 0x82,
    0x86, 0x96, 0xD5, 0x1B, 0xEB, 0xE5, 0xDC, 0x67, 0x4E, 0xBE, 0x95, 0x93, 0x6D, 0xC1, 0xF9, 0xFB,
    0x2D, 0x44, 0x38, 0xDC, 0xE4, 0xCD, 0xFF, 0xC6, 0x85, 0x94, 0xAA, 0x0D, 0xCA, 0xB6, 0x7D, 0x7C,
    0xE8, 0xBE, 0x5A, 0x2F, 0xAF, 0xD6, 0xA2, 0xA4, 0xB8, 0x03, 0x70, 0x31, 0x25, 0xE8, 0x16, 0x1C,
    0xD5, 0x23, 0x89, 0xE3, 0x65, 0x55, 0x9D, 0x23, 0x7D, 0xC0, 0xB8, 0x88, 0xAD, 0x47, 0xFE, 0xC8,
    0x01, 0xF2, 0xAE, 0x4A, 0x68, 0x9B, 0x69, 0xFA, 0xDC, 0x93, 0x91, 0xF4, 0x62, 0xEE, 0x95, 0x5C,
    0x02, 0xD9, 0xA0, 0x02, 0x66, 0xF3, 0xD0, 0x57, 0xC2, 0x1D, 0xA4, 0x65, 0x40, 0x42, 0x84, 0x0F,
    0x44, 0xC2, 0x32, 0x59, 0x81, 0xB9, 0x85, 0x83, 0x7B, 0xA7, 0x8C, 0x9A, 0xE4, 0x3E, 0x62, 0x30,
    0xD4, 0x40, 0xAC, 0xF0, 0x12, 0x20, 0x81, 0x4D, 0xE3, 0x96, 0x39, 0xC5, 0xAB, 0xBE, 0xC7, 0x36,
    0xC5, 0xE5, 0xCC, 0x31, 0x67, 0xA6, 0x63, 0x4A, 0xBA, 0xA5, 0xA4, 0x37, 0x46, 0x01, 0x87, 0x94,
    0x74, 0x47, 0x49, 0x67, 0x94, 0x11, 0x39, 0x61, 0xA4, 0x9C, 0xF0, 0xFA, 0x73, 0x9C, 0x50, 0xB4,
    0xC8, 0x6A, 0x3F, 0x9F, 0x96, 0xDF, 0xA5, 0xCD, 0x73, 0xDA, 0x7C, 0x4E, 0xD3, 0xD8, 0x0D, 0x79,
    0x56, 0x93, 0x77, 0x5E, 0x5E, 0xB6, 0x02, 0x39, 0xD3, 0xE5, 0xAF, 0x73, 0xE6, 0x0B, 0x16, 0x41,
    0xC2, 0x3C, 0x1D, 0x90, 0x31, 0x59, 0x0D, 0x59, 0xB3, 0xCB, 0x4E, 0xC0, 0x21, 0x72, 0x24, 0x4D,
    0xC0, 0xE5, 0x7C, 0x95, 0x74, 0x2A, 0x6F, 0x5E, 0xAD, 0x0F, 0x2F, 0x92, 0x87, 0x63, 0xC7, 0x6C,
    0x57, 0xD9, 0x97, 0x60, 0xB1, 0xBD, 0x1B, 0x5C, 0xFD, 0x57, 0xF3, 0x76, 0xCE, 0xEC, 0x58, 0x26,
    0x94, 0x75, 0xA4, 0xD7, 0x84, 0xFE, 0x8C, 0xA5, 0x60, 0xB2, 0x76, 0xEF, 0xA3, 0xA9, 0x6A, 0xED,
    0x27, 0xB8, 0x2E, 0x26, 0xEF, 0x37, 0xB2, 0x29, 0x0C, 0xDF, 0x42, 0x6E, 0x32, 0x48, 0x45, 0x4C,
    0xA6, 0x10, 0x2B, 0x8D, 0xCD, 0xD0, 0x38, 0x21, 0xE0, 0xC9, 0xA4, 0xDC, 0x17, 0x78, 0xF9, 0xBF,
    0xAE, 0x86, 0x35, 0xAB, 0x1A, 0x2E, 0x4A, 0x6B, 0x64, 0x0B, 0x11, 0x82, 0xEC, 0xF7, 0xFA, 0x5A,
    0x4B, 0xEC, 0xCF, 0x21, 0x92, 0xA7, 0xAC, 0xAB, 0x57, 0xE9, 0xEE, 0x55, 0x12, 0x69, 0xB4, 0xA7,
    0x04, 0xCC, 0x2A, 0x4A, 0x2C, 0x29, 0xC3, 0xE6, 0x98, 0x3A, 0x3C, 0xD6, 0xC2, 0x50, 0x79, 0x49,
    0x4C, 0x80, 0x27, 0x50, 0x96, 0x00, 0xD8, 0x40, 0x8F, 0x4F, 0x3A, 0xC8, 0xE8, 0x69, 0xC3, 0xFB,
    0x9D, 0xE2, 0xC3, 0xEE, 0x8B, 0xD1, 0xE0, 0x85, 0x47, 0x48, 0x15, 0x96, 0x0B, 0xF5, 0x08, 0x69,
    0xB5, 0x39, 0x42, 0x42, 0xAB, 0xBE, 0x3D, 0x42, 0xE2, 0x91, 0x0C, 0xDB, 0x40, 0x3D, 0x8D, 0x4A,
    0xD4, 0xCF, 0x99, 0xEF, 0xAE, 0xB4, 0xE5, 0x69, 0x37, 0x41, 0xE5, 0x3B, 0x90, 0x09, 0x1B, 0x47,
    0x3D, 0x5B, 0x9B, 0xBB, 0x7A, 0x14, 0x9E, 0x2A, 0xF2, 0x10, 0xE0, 0xBB, 0x5E, 0x4B, 0x58, 0xDA,
    0xE5, 0x9F, 0xB8, 0xA7, 0x1A, 0x15, 0x0A, 0x53, 0x72, 0x86, 0x6F, 0xF6, 0x0F, 0x4E, 0x45, 0x0B,
    0xA2, 0x25, 0x40, 0x29, 0xB4, 0x2B, 0xF6, 0x51, 0x3C, 0x3A, 0x9E, 0x87, 0x01, 0xCF, 0x91, 0x40,
    0x3C, 0xB8, 0x49, 0xD8, 0x11, 0x49, 0x50, 0xFA, 0x03, 0x30, 0xBF, 0x1B, 0x2F, 0x83, 0x3F, 0x28,
    0x92, 0xBE, 0x55, 0xCC, 0x29, 0xFF, 0xD7, 0x93, 0x04, 0xE3, 0xF4, 0x28, 0xD0, 0x1E, 0x06, 0xFB,
    0xAD, 0x96, 0x46, 0xF6, 0x19, 0xF6, 0xE4, 0x58, 0x39, 0x91, 0x53, 0xB8, 0x08, 0x4E, 0x4E, 0x3D,
    0x35, 0x8F, 0x6A, 0xCF, 0xCC, 0x03, 0xDD, 0xD5, 0x66, 0xD8, 0xD0, 0xF5, 0xEF, 0x6D, 0xD0, 0xD3,
    0x1E, 0x4F, 0x71, 0x82, 0x0F, 0x91, 0x0F, 0x40, 0x66, 0x7B, 0x0A, 0x26, 0x81, 0x72, 0x3F, 0x8B,
    0x7F, 0xD5, 0xDA, 0xAA, 0x5E, 0xA7, 0x4E, 0xDE, 0x0C, 0x8E, 0xB7, 0xB7, 0xC9, 0x04, 0x4F, 0xA6,
    0xF2, 0xF0, 0xAF, 0xA0, 0x52, 0x49, 0x87, 0x3E, 0x09, 0x34, 0x05, 0x04, 0x7F, 0x72, 0x18, 0x8E,
    0x73, 0xFA, 0x48, 0x48, 0xD0, 0x1A, 0xF1, 0x94, 0xC8, 0x3E, 0x18, 0x4F, 0x87, 0x32, 0x2D, 0x43,
    0x78, 0xFE, 0x99, 0xDE, 0x53, 0x95, 0xB8, 0xC3, 0x1E, 0x02, 0x25, 0xF8, 0x71, 0x80, 0xAA, 0xDD,
    0xDE, 0xB3, 0xC5, 0x2B, 0x76, 0x0D, 0x7F, 0x2F, 0xC9, 0x51, 0xE9, 0xC3, 0x41, 0x9F, 0x5A, 0xF9,
    0x79, 0x8C, 0x7C, 0xE6, 0xCF, 0x4A, 0x89, 0x1E, 0x6C, 0x68, 0xB8, 0x89, 0xE4, 0xB9, 0x27, 0xDF,
    0xD3, 0x9E, 0xA5, 0x0B, 0x10, 0x2D, 0x15, 0x2D, 0x8F, 0xE5, 0x8E, 0x95, 0xC3, 0xB5, 0x63, 0x00,
    0x2B, 0xCC, 0x3E, 0x2C, 0x74, 0xBB, 0xC1, 0x49, 0xAF, 0x3C, 0xE6, 0x99, 0xB5, 0x58, 0x0F, 0x0F,
    0xFC, 0x17, 0xBE, 0xC9, 0x5A, 0xDA, 0x4B, 0xB8, 0xD3, 0xED, 0x5A, 0x72, 0x85, 0x48, 0xF8, 0xA3,
    0x43, 0xCC, 0xAB, 0xF1, 0x3F, 0xF8, 0xC0, 0xE4, 0x1A, 0xEC, 0x25, 0xB9, 0x27, 0x2E, 0x70, 0xE6,
    0xEF, 0xD3, 0x73, 0xE0, 0x40, 0x33, 0xC4, 0x8F, 0xB0, 0x03, 0x41, 0x12, 0xEB, 0x18, 0xC2, 0x24,
    0xD6, 0xD4, 0xD7, 0xC9, 0x18, 0xDA, 0xCF, 0x8F, 0xF1, 0x38, 0x6A, 0xEB, 0xC6, 0xF9, 0x68, 0x03,
    0x06, 0x2A, 0xED, 0xA0, 0x60, 0xEB, 0xFC, 0xA8, 0x3A, 0x1E, 0x6D, 0x0F, 0x8E, 0x7F, 0x77, 0x8C,
    0xC7, 0x76, 0x31, 0xF2, 0xE7, 0xA1, 0x7A, 0x9C, 0xAC, 0x1F, 0xED, 0x9C, 0x7C, 0xD4, 0x3C, 0xBB,
    0xAF, 0xF9, 0x73, 0xFB, 0x0A, 0xC6, 0x7D, 0x05, 0x7F, 0xBA, 0x7D, 0xBD, 0xA4, 0xD9, 0x87, 0xE2,
    0x0A, 0x1B, 0xF3, 0xE0, 0x1C, 0x2C, 0x07, 0x30, 0x81, 0x9E, 0xB7, 0x22, 0x68, 0x81, 0xFC, 0x2D,
    0xE7, 0x28, 0x55, 0x29, 0x09, 0xB3, 0x9C, 0x95, 0x19, 0x9A, 0x7C, 0x27, 0x07, 0x78, 0x3F, 0x47,
    0x13, 0x42, 0xCC, 0x22, 0x84, 0xE9, 0xD9, 0x3B, 0x4F, 0xB4, 0xF4, 0x82, 0xFC, 0x33, 0x6A, 0xC7,
    0xD0, 0x21, 0x9D, 0x7E, 0xE3, 0x63, 0xDA, 0x40, 0xC5, 0x62, 0x7B, 0x7C, 0x64, 0x1F, 0x9E, 0x1C,
    0x12, 0x05, 0x70, 0xD3, 0xC9, 0x89, 0x93, 0xF1, 0x57, 0xA0, 0x98, 0xAF, 0x55, 0xE8, 0xCB, 0xEF,
    0x52, 0xEC, 0x7C, 0x4F, 0x7D, 0xDB, 0xB3, 0x0F, 0x1F, 0x24, 0x66, 0x79, 0xE5, 0xDC, 0x7C, 0x64,
    0x19, 0xFF, 0x1F, 0xBD, 0xDD, 0xF6, 0xD1, 0x8D, 0xC7, 0xB3, 0x9B, 0x83, 0xD3, 0xAB, 0x5C, 0xEF,
    0x8F, 0x67, 0x64, 0x39, 0x19, 0x59, 0xC5, 0xA0, 0xC9, 0xC7, 0x13, 0x9C, 0x3F, 0xE5, 0xD1, 0xBB,
    0x1E, 0xDA, 0x7A, 0xF6, 0x9C, 0x3D, 0xD1, 0x7A, 0xAA, 0x4E, 0x70, 0x8A, 0x29, 0xF3, 0xC1, 0x9F,
    0x89, 0xAE, 0x64, 0x6B, 0x11, 0xF9, 0xD1, 0xF7, 0x73, 0x54, 0x9F, 0xBF, 0xBB, 0x39, 0x43, 0x56,
    0x7E, 0xFF, 0x52, 0x46, 0x66, 0x85, 0x4E, 0x2E, 0xFA, 0x6F, 0x30, 0xB7, 0xE8, 0xD3, 0xCF, 0x78,
    0xF6, 0x73, 0x5E, 0x8F, 0xCB, 0x05, 0xB2, 0x39, 0x64, 0x62, 0xEA, 0xB8, 0x65, 0x10, 0x77, 0xB6,
    0x99, 0x1D, 0x7C, 0x3C, 0xBD, 0xB3, 0x37, 0x03, 0xEB, 0x0C, 0x00, 0xF3, 0xEF, 0x5E, 0xBA, 0xD7,
    0xC3, 0xCA, 0xA0, 0xF7, 0x67, 0x2D, 0x31, 0xF5, 0x6F, 0x91, 0xDD, 0xD5, 0x17, 0x6B, 0x53, 0x04,
    0x13, 0xB7, 0x9F, 0x94, 0x59, 0x6B, 0x8D, 0x29, 0xA6, 0x8B, 0x9B, 0xC8, 0xF6, 0xBD, 0xBD, 0x29,
    0x73, 0xB3, 0xEA, 0xAF, 0xD1, 0x2A, 0x2B, 0xFF, 0x7B, 0x13, 0x1F, 0x7F, 0x57, 0x20, 0xD5, 0x3A,
    0x49, 0x2F, 0x1C, 0x7F, 0xB7, 0x2D, 0x17, 0x08, 0x50, 0x86, 0x7E, 0xB7, 0x7D, 0xF2, 0x94, 0xCD,
    0xD4, 0x16, 0x10, 0x95, 0x91, 0xF0, 0xD2, 0x22, 0xB7, 0x0B, 0xF6, 0x68, 0x56, 0x93, 0xF8, 0xC0,
    0x67, 0x42, 0xCD, 0xDF, 0x58, 0x79, 0xF2, 0xB8, 0xF9, 0x15, 0x36, 0x94, 0x45, 0x5A, 0x4C, 0x6D,
    0x39, 0x3D, 0x90, 0xE9, 0x4C, 0x7A, 0x7B, 0xDA, 0xA6, 0xD8, 0x10, 0xB0, 0xB1, 0xF0, 0x25, 0x40,
    0x4B, 0x04, 0x47, 0xBA, 0xA8, 0x1A, 0x68, 0xEB, 0xDA, 0xB3, 0x29, 0xFD, 0x74, 0x45, 0x48, 0xBD,
    0x21, 0xFB, 0xB5, 0x45, 0xA1, 0xCF, 0xF4, 0xB4, 0xB3, 0x1D, 0x1D, 0x9C, 0xF1, 0x9E, 0x6E, 0xC4,
    0x91, 0xD7, 0xF4, 0x40, 0x81, 0xCD, 0x9B, 0xBC, 0x64, 0x9E, 0xB6, 0x3C, 0xE7, 0x03, 0x2C, 0x31,
    0x8D, 0x2D, 0x95, 0xCE, 0x5E, 0x46, 0xDA, 0xF0, 0x27, 0x57, 0xE6, 0x9D, 0x61, 0x22, 0xF2, 0xB7,
    0x4F, 0x1E, 0x32, 0xB4, 0x54, 0x7B, 0x4D, 0xC0, 0xB5, 0x8F, 0xD8, 0x2B, 0xA9, 0x4D, 0x4E, 0xE8,
    0xE7, 0x35, 0x79, 0x5A, 0x9D, 0x2E, 0xAF, 0xC3, 0x9D, 0x61, 0xC3, 0x5C, 0xB3, 0x3C, 0x47, 0x5E,
    0x9A, 0x65, 0x3C, 0xC0, 0xA5, 0xC0, 0xA5, 0x18, 0xB4, 0x25, 0x05, 0x31, 0xC7, 0xE7, 0x2D, 0xC2,
    0xA6, 0xE3, 0xD3, 0x16, 0x51, 0x93, 0x5E, 0x54, 0x2B, 0x7E, 0x26, 0xBB, 0x84, 0xD5, 0x97, 0xFD,
    0xCF, 0x03, 0xE8, 0xA6, 0x15, 0x6E, 0x1D, 0x56, 0xEE, 0xCC, 0xFF, 0xA0, 0xB7, 0x5F, 0x67, 0x65,
    0xD4, 0x5B, 0xE0, 0xC1, 0x01, 0x74, 0x58, 0xE8, 0x5F, 0xA7, 0x4F, 0x1E, 0x54, 0xC0, 0xD0, 0x0F,
    0xB2, 0x1A, 0x11, 0x3E, 0x9C, 0xAE, 0x03, 0x36, 0x7E, 0x3B, 0x1F, 0xEA, 0x0F, 0x4B, 0xE3, 0xCF,
    0xC2, 0xD9, 0x86, 0x78, 0x22, 0xC5, 0xAE, 0x51, 0xCC, 0x90, 0x30, 0x68, 0x41, 0xB2, 0xE8, 0x13,
    0x27, 0x69, 0xF4, 0xF4, 0xBE, 0x98, 0xF7, 0xDD, 0x3B, 0x45, 0x52, 0xDF, 0x30, 0x05, 0x4C, 0x6C,
    0xC8, 0x1C, 0x33, 0x6E, 0xF4, 0xEE, 0xB8, 0xD1, 0x44, 0x31, 0xEA, 0x36, 0x39, 0xD8, 0x52, 0xBD,
    0x69, 0x97, 0x3D, 0x3E, 0xE4, 0x6F, 0x02, 0x53, 0xA8, 0x90, 0xEB, 0xB3, 0x67, 0xF7, 0xF9, 0x68,
    0x40, 0xE4, 0x0F, 0xA8, 0xF7, 0x77, 0xC7, 0xC4, 0xB8, 0xFA, 0x04, 0x0F, 0x21, 0x93, 0x07, 0x1F,
    0xD2, 0x94, 0xD1, 0xB3, 0x7A, 0x85, 0xB6, 0x64, 0xCB, 0x8C, 0x37, 0x22, 0x29, 0xE2, 0x5F, 0x9F,
    0x54, 0xE8, 0x2D, 0xE0, 0xC9, 0x78, 0xA8, 0x1E, 0xE0, 0x3D, 0xDC, 0x19, 0x93, 0xCF, 0x8D, 0x42,
    0x5F, 0xA2, 0x8E, 0x44, 0x17, 0xCA, 0x58, 0xE9, 0xDB, 0xDD, 0x62, 0xFC, 0xDD, 0x3B, 0xBB, 0x4C,
    0x4B, 0xD9, 0x9E, 0x6B, 0x68, 0x5A, 0x33, 0x68, 0x46, 0xAA, 0x9B, 0xF4, 0x4C, 0x4B, 0x47, 0xE8,
    0x85, 0xFD, 0x4E, 0xEB, 0xB4, 0x38, 0x60, 0x5A, 0x4E, 0xAF, 0xA6, 0x25, 0xA9, 0x25, 0xFB, 0xE8,
    0xED, 0x2F, 0x68, 0xBF, 0xAF, 0x89, 0x6C, 0xD9, 0x44, 0x76, 0x6C, 0x22, 0xAB, 0xBB, 0x68, 0x22,
    0x59, 0x0B, 0x5C, 0x31, 0x6C, 0x9B, 0xC8, 0xFC, 0xEB, 0x1B, 0xF7, 0x3F, 0xAA, 0x3D, 0x8D, 0x3A,
    0xCC, 0x1C, 0xB9, 0xB7, 0xF1, 0x8D, 0xEC, 0xBF, 0x98, 0x1B, 0x2D, 0x67, 0xFE, 0xC7, 0xFC, 0x32,
    0xF9, 0xEF, 0x8C, 0xDD, 0x03, 0x0F, 0xD2, 0x19, 0x61, 0xDA, 0x76, 0x91, 0x21, 0x69, 0x66, 0xAC,
    0xC7, 0x75, 0x49, 0xCB, 0x94, 0xEF, 0x2B, 0x3E, 0xEF, 0x6E, 0x61, 0x6C, 0xDE, 0x3F, 0x7B, 0x68,
    0xBA, 0x15, 0x3B, 0xD5, 0xC9, 0x49, 0x49, 0x5A, 0xBE, 0xE4, 0xD5, 0xE1, 0xD5, 0x4F, 0x27, 0xA0,
    0x3F, 0xD3, 0x18, 0xCA, 0x4C, 0xC3, 0x8A, 0xEF, 0x21, 0xAB, 0x46, 0x91, 0xF2, 0x25, 0x74, 0xCB,
    0xF9, 0xF3, 0x83, 0xE5, 0x0F, 0xC0, 0x86, 0x88, 0xB9, 0xE5, 0xC0, 0xBA, 0x3C, 0xD5, 0xA0, 0x3A,
    0xD6, 0xAB, 0x47, 0x14, 0x66, 0x67, 0x6B, 0xD9, 0x64, 0x42, 0xA1, 0xCE, 0x77, 0x8F, 0x77, 0x9E,
    0xAB, 0x9C, 0xA1, 0x9E, 0x60, 0x35, 0x98, 0x2A, 0x59, 0xC2, 0xB9, 0x48, 0xE9, 0x53, 0x64, 0x35,
    0x9C, 0x3B, 0x40, 0x8D, 0xDF, 0xF4, 0x70, 0xEE, 0x39, 0xF7, 0xAC, 0x6C, 0x59, 0x37, 0xCD, 0xFB,
    0xFF, 0x62, 0xFC, 0xF2, 0xF1, 0xB6, 0xF4, 0xB5, 0x9B, 0xD2, 0x1A, 0x36, 0xC1, 0x07, 0x4C, 0x66,
    0x1E, 0x5D, 0x64, 0xE7, 0xAB, 0xB8, 0xB6, 0x61, 0x83, 0x6A, 0x8F, 0x62, 0x5B, 0xFE, 0x79, 0xD8,
    0x20, 0xD6, 0xF6, 0x57, 0x39, 0xF1, 0x7E, 0x21, 0xF3, 0x07, 0x01, 0x93, 0x32, 0x66, 0xA1, 0x45,
    0xD2, 0xD9, 0x8F, 0x9C, 0x28, 0xFD, 0x15, 0x62, 0x98, 0x74, 0xBF, 0xF3, 0x38, 0xD3, 0x0A, 0x53,
    0x6C, 0x8E, 0xA6, 0xCD, 0x28, 0xDE, 0xD8, 0xD4, 0x50, 0x78, 0x1F, 0x99, 0x79, 0x57, 0xCC, 0xCF,
    0xE1, 0x64, 0x43, 0x77, 0x9B, 0xB5, 0x8C, 0x21, 0x10, 0xD7, 0x57, 0x8E, 0x04, 0x7D, 0x98, 0x2F,
    0xC7, 0xFF, 0x0D, 0x83, 0x26, 0x0D, 0x00, 0x17, 0xBB, 0x55, 0xFA, 0xB4, 0xB3, 0xD2, 0xEF, 0x11,
    0x4C, 0xA7, 0x90, 0xB8, 0x4E, 0x1F, 0x75, 0xFC, 0x9F, 0x31, 0x84, 0x3F, 0xB9, 0x36, 0x7E, 0x91,
    0x33, 0x1C, 0xFC, 0x7D, 0x5A, 0xF4, 0x7D, 0x56, 0x77, 0x8B, 0xF4, 0x56, 0x33, 0x05, 0xC8, 0x5A,
    0xB4, 0xED, 0x06, 0xA9, 0x15, 0x31, 0xB3, 0x7E, 0x58, 0x90, 0xD7, 0xF1, 0x58, 0xBB, 0xD6, 0xDF,
    0x43, 0xF4, 0x5F, 0xAE, 0xDF, 0x36, 0xCA, 0x47, 0x59, 0x7A, 0xC6, 0xFF, 0x43, 0xE3, 0x5F, 0x33,
    0x8D, 0x5F, 0x4F, 0xC3, 0x62, 0x66, 0x7F, 0x5C, 0xE7, 0xA9, 0xA9, 0x33, 0xF8, 0xD1, 0x5C, 0x0C,
    0xDB, 0xE9, 0xB6, 0x8F, 0x57, 0x36, 0x51, 0x47, 0x68, 0xEF, 0x7C, 0x6D, 0x52, 0xC0, 0x1A, 0x7B,
    0xA7, 0x63, 0xEC, 0x5B, 0xB2, 0xF3, 0x7A, 0x1A, 0x2D, 0xF7, 0xC2, 0x15, 0x24, 0xAE, 0x8D, 0x2B,
    0xE0, 0x5C, 0xB8, 0xED, 0x87, 0x2B, 0x1A, 0xE4, 0x55, 0x23, 0x3F, 0x48, 0x8A, 0x97, 0x52, 0xF6,
    0x3E, 0x24, 0xA2, 0xB0, 0xA5, 0x36, 0x49, 0xFF, 0x07, 0x9D, 0x8D, 0xB1, 0x0D, 0xC2, 0x30, 0x10,
    0x45, 0x7F, 0xE4, 0xC2, 0x45, 0x8A, 0x63, 0x03, 0xB3, 0x81, 0x17, 0x80, 0xD8, 0x12, 0x83, 0xB0,
    0x48, 0x50, 0x8C, 0x58, 0x2A, 0x45, 0x94, 0x58, 0x62, 0x81, 0x8C, 0x90, 0x11, 0x4E, 0xC2, 0xA5,
    0x63, 0xE3, 0x04, 0x5A, 0x1A, 0x9E, 0xEE, 0xDF, 0xBB, 0xAB, 0x3E, 0xF3, 0x6F, 0x8E, 0x70, 0x67,
    0xE9, 0xE9, 0x0A, 0x11, 0x51, 0x05, 0xC8, 0x15, 0x2A, 0xDB, 0xD3, 0xCB, 0x1F, 0xD8, 0x82, 0xF1,
    0xE7, 0x60, 0x4A, 0x53, 0x2A, 0x42, 0xCE, 0xD9, 0x6D, 0xC1, 0x87, 0xBC, 0x13, 0xBF, 0x2A, 0xB5,
    0x8E, 0xAC, 0x86, 0x41, 0x87, 0x11, 0xCA, 0x6B, 0x67, 0xCA, 0xDD, 0xA0, 0x45, 0x0F, 0xE9, 0x03,
    0xDD, 0x99, 0x2E, 0xAC, 0xC5, 0x62, 0xEA, 0xA5, 0xA3, 0x79, 0x24, 0xAF, 0x9E, 0x41, 0x3F, 0xD8,
    0x08, 0x36, 0x72, 0x6E, 0x6A, 0xDF, 0x92, 0xEB, 0x09, 0x37, 0x0C, 0x18, 0x32, 0x52, 0xB5, 0xEE,
    0x6B, 0x7B, 0xE3, 0x1B, 0xD3, 0x5A, 0xB5, 0xAA, 0xA1, 0xFE, 0xFF, 0xFF, 0x03, 0x5A, 0xFF, 0x57,
    0x35, 0x30, 0xC8, 0x3B, 0x30, 0x68, 0xAD, 0x7F, 0x05, 0xE1, 0x03, 0x69, 0x06, 0xFE, 0x06, 0x06,
    0x06, 0x7D, 0xA0, 0xD8, 0x3F, 0x06, 0x06, 0xFB, 0x1F, 0x0C, 0x0C, 0xF5, 0x0E, 0x40, 0x2E, 0x50,
    0x88, 0xFB, 0x01, 0x03, 0x03, 0xF3, 0x17, 0x06, 0x06, 0x86, 0xBF, 0x40, 0x6C, 0x0F, 0xC4, 0xFC,
    0x07, 0x18, 0x18, 0x98, 0x26, 0x30, 0x00, 0x00, 0x63, 0x60, 0x60, 0x60, 0xF8, 0xFF, 0xFF, 0xFF,
    0x05, 0x10, 0x06, 0x00, 0xE5, 0x7D, 0xBF, 0x8F, 0x25, 0xD7, 0xB1, 0xDE, 0xE9, 0x6E, 0x69, 0xDA,
    0xDA, 0x06, 0xD4, 0x0B, 0xD8, 0x30, 0xF8, 0x66, 0x1F, 0xDC, 0x0E, 0x14, 0xF0, 0x71, 0x9E, 0xD4,
    0xFF, 0xC0, 0xCC, 0xED, 0xE6, 0x12, 0x78, 0x0A, 0x18, 0xEC, 0x4B, 0x0C, 0xD8, 0x4E, 0x9E, 0x82,
    0x17, 0x88, 0x64, 0xB0, 0x0A, 0x5F, 0x30, 0xBB, 0xB7, 0x29, 0x06, 0x04, 0xCC, 0x80, 0x63, 0x3D,
    0xD8, 0x0E, 0x0C, 0x58, 0x1B, 0x6C, 0xC0, 0x5D, 0x06, 0xE3, 0xE0, 0x05, 0xB4, 0x71, 0x77, 0xBA,
    0x49, 0x02, 0x56, 0xA0, 0x80, 0x97, 0x54, 0x20, 0x1B, 0x2F, 0xE0, 0xD5, 0x23, 0x01, 0x59, 0xDC,
    0x60, 0x9A, 0xDC, 0x16, 0xD5, 0x9C, 0xE9, 0xDB, 0xC7, 0xF5, 0x55, 0xD5, 0xE9, 0xEE, 0xF9, 0xB1,
    0xCB, 0x91, 0x38, 0x04, 0x24, 0xF8, 0x02, 0xDB, 0x5D, 0x73, 0xF7, 0xFE, 0xF8, 0xAA, 0x4E, 0x9D,
    0xAA, 0x3A, 0x55, 0x75, 0xCE, 0x9D, 0x5B, 0x3C, 0xE6, 0x7C, 0x35, 0xC6, 0x34, 0xF4, 0xCF, 0x44,
    0xB6, 0x30, 0xC6, 0xB3, 0xB6, 0x35, 0x26, 0xED, 0xBF, 0xB0, 0xB9, 0x6F, 0x8B, 0x26, 0xAE, 0xE2,
    0xC6, 0x34, 0xC1, 0x2A, 0x6C, 0x71, 0x0D, 0xEC, 0xDB, 0x6D, 0xB8, 0x32, 0xD7, 0xE8, 0x4D, 0x95,
    0xF1, 0xF9, 0xAD, 0x69, 0xD3, 0xCC, 0x73, 0xD3, 0x1B, 0x7A, 0x25, 0xAE, 0x61, 0x65, 0xE6, 0x0D,
    0xAE, 0xDE, 0x41, 0xB3, 0x5F, 0x19, 0x13, 0x37, 0x36, 0x37, 0xC6, 0x6F, 0xDE, 0x30, 0xEE, 0xE1,
    0x15, 0x03, 0x19, 0x2C, 0x0D, 0x23, 0xF8, 0x3F, 0xE6, 0xA9, 0xC0, 0x16, 0x4C, 0x1E, 0x9A, 0x79,
    0x00, 0x18, 0x7E, 0x6D, 0x52, 0xCF, 0xBE, 0xB2, 0xA2, 0x57, 0x5D, 0xEB, 0xF3, 0xE4, 0xF0, 0xF8,
    0x5D, 0x22, 0xE9, 0x1B, 0x9B, 0xD8, 0xBE, 0x02, 0x72, 0x6E, 0x3F, 0x5F, 0x7B, 0x6F, 0x04, 0x44,
    0x86, 0xF6, 0x7A, 0x9D, 0x12, 0x78, 0x22, 0xE3, 0xDA, 0xAF, 0xE3, 0xC2, 0xA4, 0xCF, 0xD1, 0xB3,
    0x6B, 0x90, 0xD7, 0xFA, 0x60, 0x65, 0x02, 0xFB, 0x41, 0x5D, 0xE6, 0x76, 0x45, 0xA4, 0x89, 0x8E,
    0x3E, 0xB3, 0xA6, 0xCC, 0x41, 0x9A, 0xF2, 0xD3, 0xBB, 0x26, 0x6B, 0x99, 0x4C, 0x6A, 0x30, 0xFE,
    0x1C, 0xC8, 0xB0, 0xC6, 0xDF, 0x1F, 0x81, 0xF4, 0xEE, 0xD0, 0xC5, 0x3F, 0x5E, 0x0D, 0x78, 0xE7,
    0x23, 0x99, 0x8C, 0x64, 0x34, 0x92, 0xFE, 0xDE, 0x40, 0x5E, 0x19, 0xA8, 0x58, 0x98, 0x5C, 0xCE,
    0x9B, 0xB8, 0x67, 0xEA, 0x03, 0xDB, 0xC7, 0x3D, 0xB3, 0x18, 0x35, 0xE9, 0x7B, 0x85, 0x70, 0x58,
    0x04, 0x24, 0x28, 0x30, 0x98, 0xBD, 0x60, 0x88, 0x02, 0x7F, 0x99, 0xAD, 0xB2, 0x9C, 0xD9, 0x8B,
    0x0F, 0xEB, 0x24, 0x17, 0xEE, 0xE8, 0x5F, 0x2E, 0xCC, 0x79, 0x44, 0x09, 0x6F, 0x01, 0x51, 0xC2,
    0x5A, 0xBA, 0x24, 0x8A, 0x39, 0xB3, 0x39, 0x28, 0x30, 0xB6, 0x6B, 0x40, 0x81, 0xAF, 0xAB, 0x4C,
    0x31, 0x5B, 0x4C, 0x29, 0xBE, 0x27, 0x52, 0x57, 0x04, 0x3D, 0x1E, 0xDD, 0x48, 0x31, 0x7A, 0x1A,
    0xF1, 0x4C, 0xC6, 0x27, 0x26, 0x3D, 0x90, 0xE1, 0x49, 0x98, 0x02, 0xFA, 0xB8, 0xFA, 0x41, 0x2A,
    0x83, 0x13, 0xDB, 0x36, 0x95, 0xB1, 0x79, 0xD9, 0x36, 0xA9, 0x0E, 0xCD, 0xBC, 0x48, 0x65, 0x64,
    0xAE, 0xAF, 0xF1, 0x0E, 0xA0, 0x27, 0x41, 0xA6, 0x32, 0x2E, 0x41, 0xCF, 0x14, 0xA1, 0x0F, 0x2C,
    0x06, 0x97, 0xD1, 0x5F, 0x5B, 0xA7, 0x6E, 0x50, 0xE6, 0xFB, 0x0E, 0x5E, 0x68, 0x07, 0x39, 0x8F,
    0x54, 0xA6, 0x12, 0xFF, 0x01, 0x7D, 0x0E, 0x53, 0xEF, 0x37, 0x89, 0x2A, 0x95, 0xE9, 0xB3, 0xE7,
    0x2B, 0xC6, 0x6C, 0xB2, 0x2E, 0x64, 0x25, 0x6E, 0x4C, 0xD4, 0x97, 0x15, 0x63, 0xDE, 0x21, 0xED,
    0x17, 0xCC, 0x33, 0xD3, 0xDF, 0x15, 0xCC, 0xFB, 0xA6, 0xF5, 0x1B, 0xC6, 0xFC, 0x7A, 0xDE, 0x86,
    0x1D, 0x63, 0xBE, 0x51, 0xB5, 0x49, 0xC7, 0x98, 0xC3, 0xE5, 0x81, 0xDD, 0x11, 0xCC, 0x75, 0xD6,
    0xCE, 0x44, 0xE2, 0xED, 0x46, 0xB1, 0x23, 0x98, 0x6F, 0x1B, 0xB3, 0x10, 0xCC, 0xE9, 0xC7, 0xD7,
    0x5A, 0x07, 0xD9, 0x3A, 0x8D, 0x99, 0xF7, 0xA3, 0x74, 0xAB, 0x91, 0x62, 0xA4, 0x04, 0xCE, 0x88,
    0x74, 0x59, 0x25, 0x19, 0x69, 0xD8, 0xF1, 0xBB, 0x08, 0x69, 0x68, 0x3F, 0x29, 0x04, 0x69, 0xF8,
    0x1E, 0x71, 0xC0, 0x48, 0x5F, 0xAD, 0x5E, 0xEA, 0x44, 0xBA, 0xAF, 0x56, 0x34, 0xEA, 0x8C, 0xF4,
    0xFB, 0xA0, 0x04, 0x69, 0x05, 0x28, 0x40, 0x4A, 0x54, 0x2B, 0xD2, 0x0D, 0x2B, 0x88, 0x04, 0x48,
    0x83, 0x2A, 0x52, 0x95, 0x0F, 0xEA, 0xB9, 0xCE, 0x50, 0xDF, 0xF6, 0x53, 0xCD, 0x1F, 0xF0, 0xD9,
    0x7C, 0x42, 0x8A, 0x1E, 0x2F, 0xCD, 0x00, 0xB6, 0x31, 0x03, 0x5A, 0x7B, 0xFF, 0xAE, 0x83, 0xFB,
    0x1E, 0x6C, 0x85, 0xE0, 0x7D, 0x7B, 0xFF, 0x1F, 0x2B, 0x07, 0x38, 0x7C, 0x77, 0xE5, 0x10, 0xC7,
    0xEF, 0xD4, 0x02, 0xF9, 0xB9, 0x23, 0x0B, 0x54, 0xC0, 0xEC, 0xDB, 0x36, 0xA8, 0x75, 0xAA, 0x3E,
    0x93, 0x47, 0x6E, 0xAA, 0xD2, 0x08, 0x57, 0xAA, 0x14, 0xFF, 0x73, 0x9F, 0x87, 0x1D, 0x12, 0xC6,
    0x48, 0xEA, 0xE3, 0x25, 0xFB, 0xC5, 0xA0, 0x0C, 0x1B, 0x76, 0x32, 0x55, 0x07, 0x86, 0x78, 0x68,
    0xDC, 0xE3, 0x1B, 0x13, 0xDE, 0x26, 0x5A, 0xEE, 0xF4, 0x5C, 0x2D, 0xA3, 0x68, 0x8D, 0xC9, 0x5E,
    0xAD, 0x95, 0xBF, 0xEF, 0x9A, 0xB5, 0x6F, 0xEF, 0x0B, 0x83, 0x33, 0x32, 0xA1, 0x99, 0xEA, 0x4E,
    0xEA, 0xD7, 0x9E, 0xB7, 0x5F, 0x30, 0x8B, 0x3F, 0xA5, 0x7F, 0xAB, 0x44, 0x66, 0xEC, 0xEB, 0x45,
    0x0F, 0x6D, 0x66, 0x26, 0x9F, 0xAF, 0xCA, 0xAE, 0x99, 0x09, 0x97, 0xC1, 0xEA, 0x4A, 0x01, 0x1A,
    0x6C, 0xFA, 0xC4, 0x03, 0xD3, 0xE0, 0xB3, 0x33, 0x5E, 0x3D, 0x53, 0x46, 0x33, 0x9A, 0xE5, 0x33,
    0xE5, 0x34, 0x26, 0x7D, 0x9D, 0x39, 0x93, 0x43, 0x82, 0x4D, 0x1D, 0x23, 0x9B, 0x77, 0x4C, 0x32,
    0xB2, 0x35, 0x99, 0xC5, 0x27, 0x1E, 0xDF, 0x9A, 0xBC, 0x62, 0xFA, 0x62, 0xC7, 0xB8, 0xB3, 0x53,
    0x42, 0xAA, 0x08, 0xBC, 0x26, 0x2E, 0x54, 0x02, 0x29, 0x48, 0x9E, 0x38, 0xA1, 0x05, 0x09, 0xFE,
    0x61, 0xF5, 0xE3, 0x82, 0xD9, 0x0F, 0x2C, 0x39, 0x03, 0xE1, 0x7E, 0xBF, 0x06, 0xC9, 0xCC, 0xEF,
    0x17, 0xA6, 0x8D, 0x0B, 0xE6, 0xFD, 0x6F, 0x5A, 0x63, 0xE9, 0x6D, 0x3C, 0xE5, 0x6D, 0x61, 0x61,
    0x01, 0x31, 0xC0, 0x69, 0x7D, 0x0C, 0x31, 0x83, 0xF1, 0xA0, 0x6B, 0x40, 0xB2, 0xE2, 0x97, 0x4D,
    0x56, 0xE8, 0xB4, 0x4F, 0x9B, 0xD4, 0x39, 0x8F, 0xA8, 0xB9, 0xE2, 0x98, 0x0B, 0x9A, 0x91, 0x89,
    0x46, 0xD5, 0x94, 0xF4, 0xB1, 0x5C, 0x25, 0x8D, 0xFB, 0x23, 0xB2, 0x5D, 0xB9, 0x36, 0xCA, 0x49,
    0xBA, 0x3C, 0x68, 0xE7, 0x6E, 0x34, 0x6F, 0x9B, 0x6C, 0x99, 0xC8, 0x70, 0x42, 0xDE, 0x59, 0xAE,
    0xD6, 0x8B, 0x24, 0x4F, 0x66, 0xE4, 0xB6, 0x7A, 0x17, 0x7A, 0xDF, 0x2C, 0xE8, 0x44, 0x69, 0xFF,
    0x1B, 0xFF, 0xB1, 0x16, 0xB5, 0xDD, 0xF7, 0xFA, 0x22, 0x33, 0x3A, 0xA6, 0x37, 0x0D, 0x19, 0xEC,
    0x22, 0x96, 0x41, 0xCD, 0xCC, 0x66, 0x9E, 0xAD, 0x12, 0x19, 0x55, 0x0C, 0xD0, 0xAC, 0x2F, 0x65,
    0x58, 0xF1, 0xDC, 0x6C, 0xDE, 0xC9, 0xB8, 0xC6, 0x95, 0xF7, 0xB7, 0xB3, 0x8D, 0x3D, 0x19, 0x58,
    0xB2, 0x43, 0xF6, 0x60, 0xF0, 0x93, 0xD6, 0x3E, 0x1C, 0xD5, 0x75, 0xF3, 0xAE, 0x39, 0x98, 0x8E,
    0x21, 0x0F, 0xFF, 0x82, 0xC9, 0xB7, 0xCC, 0x48, 0xDF, 0x12, 0xFB, 0xF7, 0xC9, 0x7D, 0x62, 0x2D,
    0x66, 0x9E, 0xBC, 0xFB, 0xF7, 0xD9, 0x68, 0x98, 0x6D, 0x11, 0x46, 0x23, 0x57, 0x95, 0x85, 0x09,
    0x79, 0xA2, 0x94, 0x98, 0x23, 0x89, 0x3D, 0xEE, 0x48, 0x10, 0x1F, 0xD4, 0xB7, 0x4D, 0xDC, 0xFA,
    0x75, 0x62, 0x22, 0x72, 0x8E, 0x31, 0xB1, 0xF6, 0xEA, 0xDB, 0x25, 0xFE, 0xF7, 0x95, 0x35, 0x1B,
    0x59, 0x78, 0xF2, 0x1D, 0x66, 0x62, 0xC1, 0x8A, 0xD7, 0x2A, 0x0D, 0x57, 0x90, 0x3D, 0xC4, 0x6B,
    0x12, 0x9E, 0x88, 0xDE, 0x7D, 0x87, 0xF5, 0xCF, 0xCF, 0x99, 0x73, 0xDD, 0x74, 0xC8, 0x94, 0xE1,
    0xFA, 0xEC, 0x73, 0x93, 0xD7, 0xED, 0x0C, 0x54, 0x6A, 0x26, 0xC6, 0x68, 0x35, 0x52, 0xC2, 0x53,
    0xB0, 0x76, 0x53, 0xD5, 0xB7, 0x3A, 0x51, 0x8D, 0x7F, 0x58, 0xB9, 0x61, 0x7D, 0xE4, 0x22, 0x06,
    0xFF, 0x53, 0x35, 0x9B, 0x45, 0xB0, 0x52, 0xB3, 0x59, 0x84, 0x4B, 0x35, 0x9B, 0x79, 0x52, 0xED,
    0xC8, 0x38, 0x6E, 0xD8, 0x5C, 0xA7, 0x66, 0xDA, 0x31, 0x06, 0x1A, 0xC1, 0x6C, 0xC9, 0x82, 0x0E,
    0xA1, 0x22, 0x8C, 0x90, 0xC6, 0x2E, 0xA9, 0x02, 0x67, 0xDF, 0xFB, 0xD2, 0x71, 0x62, 0xAD, 0xD3,
    0xD7, 0x2B, 0x77, 0xA7, 0x06, 0xB4, 0x9A, 0x90, 0x3A, 0x12, 0xAD, 0x19, 0x2C, 0x4C, 0x6B, 0x06,
    0x03, 0xD3, 0x3A, 0x7B, 0x3F, 0x23, 0x2F, 0xB4, 0x54, 0xF3, 0x62, 0xDA, 0xA8, 0x16, 0xE8, 0x3F,
    0x35, 0x6D, 0xDA, 0x1A, 0x35, 0x2E, 0x07, 0xFD, 0xC2, 0xD9, 0x96, 0xAC, 0xDD, 0x1D, 0x4D, 0xCB,
    0xB6, 0x5A, 0x96, 0x1A, 0x3A, 0xE0, 0x0C, 0x0B, 0xEB, 0x0B, 0xDB, 0x15, 0xF9, 0x3E, 0xCC, 0xAF,
    0xE4, 0xE3, 0x6B, 0x0E, 0x78, 0xC0, 0xC0, 0xD4, 0xF6, 0xAF, 0xCD, 0x85, 0xBC, 0x54, 0x35, 0xD8,
    0xFD, 0x6A, 0xF0, 0x52, 0xD5, 0x33, 0xB9, 0x5A, 0xFD, 0x2A, 0xAB, 0x9D, 0xD1, 0xDF, 0x1A, 0xBD,
    0xD4, 0xE2, 0x2B, 0x78, 0xA9, 0xEA, 0x5C, 0x2F, 0xE5, 0x1E, 0xDF, 0x19, 0x28, 0x55, 0xFC, 0xF7,
    0x6D, 0x91, 0xB5, 0x4C, 0xFD, 0xA3, 0x6D, 0xB3, 0x96, 0xD1, 0x27, 0xEF, 0x1F, 0xEC, 0x08, 0xFA,
    0xCC, 0x24, 0x0F, 0x04, 0xFD, 0x8C, 0x35, 0x88, 0xE3, 0x2F, 0xE3, 0xAD, 0x9D, 0xC8, 0xCD, 0x03,
    0x41, 0xFF, 0xFA, 0x8A, 0x94, 0x40, 0xD0, 0x5B, 0xA2, 0x34, 0xB6, 0x34, 0xAA, 0x2C, 0x66, 0x83,
    0x55, 0x04, 0xD6, 0xCC, 0x38, 0x65, 0x51, 0x2A, 0x1C, 0x28, 0x89, 0xBF, 0x76, 0xCE, 0x51, 0xEC,
    0xF3, 0xA8, 0xA7, 0x9D, 0xEC, 0x0B, 0x77, 0xA7, 0x27, 0x9F, 0x29, 0x74, 0x94, 0x44, 0x6B, 0x92,
    0xA3, 0xF5, 0x66, 0x4E, 0xDF, 0x3D, 0x27, 0x17, 0x44, 0x52, 0x2E, 0x3A, 0x93, 0xD2, 0x54, 0x8E,
    0x2B, 0x72, 0x49, 0xC5, 0x2E, 0x89, 0x6F, 0x4D, 0xE8, 0xB7, 0x4D, 0xB0, 0x3A, 0x88, 0x5A, 0x1A,
    0x7A, 0xBF, 0xFE, 0xF3, 0xA4, 0x8B, 0xD8, 0xDC, 0x7D, 0x3B, 0x8B, 0x97, 0x6C, 0x34, 0x92, 0x6F,
    0x62, 0xF6, 0xE6, 0xE2, 0x49, 0xE2, 0x15, 0x4F, 0x66, 0xFA, 0xF8, 0x37, 0xD7, 0x22, 0x57, 0xF5,
    0xAC, 0xE3, 0x94, 0x3E, 0xE9, 0x46, 0x12, 0xA3, 0x71, 0xED, 0x32, 0x11, 0xEF, 0xF9, 0x21, 0x05,
    0x82, 0xE2, 0x3B, 0xD3, 0x97, 0xBB, 0x44, 0x24, 0x3C, 0x33, 0xB3, 0xC4, 0x49, 0x38, 0x4B, 0x44,
    0xC2, 0x29, 0x9E, 0x93, 0x18, 0xD1, 0xDC, 0x4A, 0x74, 0x3A, 0x7A, 0xF4, 0x0E, 0x96, 0xF0, 0xCB,
    0xFB, 0x64, 0x84, 0x24, 0x24, 0xB0, 0x45, 0xA2, 0x0A, 0xDD, 0x19, 0xB5, 0xA9, 0xBE, 0x85, 0xE1,
    0x66, 0x09, 0x47, 0x6D, 0xE2, 0x24, 0x5C, 0x26, 0x4E, 0xC2, 0xF1, 0x87, 0xC3, 0x32, 0xE3, 0xFC,
    0x18, 0x71, 0x30, 0xAD, 0xA3, 0x76, 0xD7, 0x23, 0xE5, 0x22, 0x5C, 0xD5, 0xEE, 0x68, 0xD0, 0x6E,
    0xA2, 0xDE, 0x12, 0xF4, 0x51, 0x45, 0xF1, 0x04, 0xA3, 0x8F, 0xAA, 0xB2, 0x17, 0xF4, 0xAF, 0xBD,
    0xBB, 0x5E, 0x08, 0xFA, 0xD7, 0xDE, 0x23, 0xB3, 0x22, 0xF3, 0xD1, 0x42, 0x93, 0xD9, 0xDD, 0x75,
    0x6C, 0xDA, 0x08, 0x3D, 0xCD, 0xE0, 0x46, 0xD0, 0xFB, 0x05, 0x53, 0xA2, 0x1F, 0xCD, 0xA0, 0x1F,
    0xED, 0x80, 0x6F, 0xA4, 0x16, 0x13, 0x9D, 0x1E, 0x1F, 0xBA, 0xBA, 0x28, 0x14, 0x3D, 0xE9, 0xB9,
    0xA2, 0x27, 0xC7, 0xD8, 0x09, 0xFA, 0x60, 0xE5, 0xB7, 0x82, 0xDE, 0xAF, 0xE7, 0xAD, 0x9A, 0x42,
    0x2C, 0xF4, 0xC4, 0x14, 0x96, 0xAB, 0x56, 0xD1, 0xF7, 0x46, 0xCD, 0x49, 0xB9, 0x22, 0x4A, 0xBC,
    0x5A, 0xE1, 0xD0, 0xC7, 0x6B, 0xC6, 0xC2, 0xB2, 0xAF, 0x5A, 0x27, 0xFB, 0xA6, 0x75, 0xE8, 0xD7,
    0x6F, 0x39, 0xF4, 0xE9, 0x80, 0x39, 0x1A, 0x28, 0x7F, 0xCA, 0x11, 0x23, 0x5D, 0xCB, 0xD5, 0xB1,
    0xB8, 0xC1, 0xAA, 0x5D, 0x22, 0xE8, 0x4A, 0xFA, 0x23, 0x4B, 0x70, 0x97, 0x6D, 0x52, 0xD1, 0x07,
    0xB4, 0xC1, 0x92, 0xA6, 0x24, 0x39, 0x23, 0x3C, 0x43, 0xEB, 0xB5, 0xA8, 0x6B, 0xF7, 0x49, 0x6D,
    0xE7, 0x2D, 0xDE, 0x10, 0xB7, 0xF7, 0x68, 0x3E, 0xC0, 0xF6, 0x06, 0x16, 0x50, 0xA2, 0xE3, 0x9E,
    0xAE, 0x71, 0x05, 0x08, 0x11, 0xDB, 0x64, 0x12, 0x03, 0x3E, 0xBF, 0x3E, 0x27, 0x12, 0x1A, 0x97,
    0x6B, 0xF4, 0xDF, 0x22, 0xC7, 0x84, 0x04, 0x23, 0x46, 0x6E, 0x49, 0x36, 0x4E, 0xAD, 0x5C, 0xB0,
    0x8E, 0xEA, 0x5A, 0x97, 0x3A, 0x4B, 0xD3, 0xD5, 0x22, 0xCB, 0x8C, 0x56, 0x59, 0xB5, 0x9A, 0x8A,
    0x9E, 0x16, 0x2A, 0x22, 0xCD, 0xA4, 0x8C, 0x7F, 0xA9, 0xA6, 0xAE, 0x88, 0xE7, 0xD7, 0x6B, 0x75,
    0x2D, 0x24, 0x3C, 0x8D, 0x6F, 0x73, 0x5A, 0x51, 0x6B, 0x7C, 0x6B, 0xD2, 0xCA, 0xB8, 0xF8, 0x36,
    0x13, 0x88, 0x90, 0xE9, 0x3F, 0x13, 0x52, 0x54, 0x82, 0x49, 0xD1, 0x89, 0x29, 0x0F, 0x5F, 0x4A,
    0xDE, 0x99, 0x06, 0xB5, 0xD5, 0x94, 0x16, 0xD3, 0xE7, 0x6C, 0x25, 0x16, 0x9F, 0x6B, 0x93, 0xAD,
    0x9C, 0xAF, 0x2C, 0x8B, 0xCC, 0xAA, 0xF9, 0x36, 0x51, 0x9D, 0x59, 0xF5, 0x3A, 0x44, 0xEF, 0x38,
    0xB7, 0x53, 0x94, 0xCB, 0x1D, 0xA7, 0x28, 0xAF, 0xAD, 0xC9, 0x58, 0xA9, 0x19, 0xBF, 0xB9, 0x24,
    0x5A, 0x0D, 0x79, 0xFC, 0x31, 0x3F, 0xCF, 0xBC, 0xC5, 0x36, 0xDF, 0xD9, 0xEC, 0x94, 0xB9, 0x9B,
    0xF5, 0x4E, 0xEA, 0xB8, 0xF3, 0xD7, 0x3B, 0x9B, 0xF9, 0xA0, 0x34, 0x0F, 0x46, 0xF0, 0xE1, 0x7A,
    0xA4, 0xBD, 0x09, 0x6D, 0x1E, 0x9C, 0x1A, 0xC1, 0xF9, 0x18, 0xB2, 0x77, 0xE7, 0xE6, 0x31, 0x58,
    0x91, 0x8A, 0x26, 0xE1, 0x3C, 0x46, 0x58, 0x71, 0x1E, 0x63, 0x19, 0xD8, 0xB7, 0xE9, 0x6A, 0xAE,
    0x59, 0xE4, 0x28, 0x7C, 0x8B, 0x60, 0x33, 0x6D, 0x90, 0xA3, 0xE8, 0xF9, 0x13, 0xE4, 0x4A, 0x11,
    0x2D, 0xBE, 0xFD, 0x80, 0x3F, 0x33, 0xE6, 0xAB, 0xDF, 0x4C, 0xBD, 0xF8, 0x72, 0x42, 0xBA, 0x78,
    0x6A, 0xF4, 0xE2, 0xC3, 0x32, 0xE8, 0xBB, 0xDE, 0xCA, 0x5F, 0xAA, 0x17, 0xF7, 0xEB, 0x50, 0xD5,
    0x24, 0x0D, 0xEA, 0x44, 0x67, 0xDD, 0x4F, 0xAF, 0xF7, 0x56, 0x8D, 0xC6, 0xEB, 0x95, 0x6D, 0xB7,
    0x9D, 0x4F, 0xDC, 0x2C, 0xD4, 0xAD, 0x60, 0x0D, 0xA4, 0x7E, 0xC5, 0x6B, 0x47, 0xC7, 0xF2, 0x60,
    0xE2, 0xC5, 0x0B, 0xBF, 0x1D, 0x17, 0x07, 0xF5, 0x18, 0x42, 0x0E, 0xC9, 0x96, 0x31, 0x00, 0xD1,
    0xE0, 0x5E, 0x02, 0x7B, 0x0D, 0xEA, 0x63, 0xC9, 0x3D, 0xC4, 0x92, 0x78, 0x88, 0x35, 0xEB, 0x40,
    0x9A, 0x4A, 0x98, 0x6E, 0xE8, 0xEA, 0x25, 0xA7, 0xD8, 0xF0, 0xD3, 0xF2, 0x86, 0x64, 0x1A, 0x34,
    0xCD, 0x80, 0x5B, 0x7C, 0xC4, 0xA9, 0x86, 0xD0, 0xB6, 0xB8, 0x05, 0x47, 0xFC, 0x7F, 0x61, 0x95,
    0x7C, 0x88, 0xDB, 0xD2, 0xC7, 0x12, 0x91, 0xA6, 0xE1, 0x3C, 0x67, 0xF5, 0x4C, 0xF2, 0xE9, 0xC0,
    0x0D, 0x29, 0x28, 0x4E, 0x42, 0xCD, 0xB0, 0xCA, 0x00, 0x9B, 0x7B, 0x06, 0x59, 0x99, 0x94, 0x20,
    0x46, 0x92, 0x66, 0xAA, 0xE8, 0x9E, 0xB6, 0x3B, 0x61, 0x1D, 0x57, 0xF4, 0x79, 0x3B, 0xA6, 0x8B,
    0x30, 0x9C, 0xA4, 0x6B, 0x64, 0x82, 0xA1, 0x67, 0xDB, 0x61, 0x15, 0x58, 0x92, 0xD6, 0x2E, 0x0D,
    0x2A, 0xE9, 0xD7, 0x66, 0x47, 0xEF, 0x27, 0xDD, 0x4A, 0x1B, 0x7C, 0x4E, 0x76, 0xEB, 0x4A, 0xC1,
    0xB9, 0x1F, 0xD2, 0x23, 0xDC, 0xE1, 0xDE, 0x43, 0x2C, 0x58, 0xE9, 0x9E, 0x56, 0x1C, 0x34, 0xFB,
    0xF6, 0xA4, 0x8D, 0xF2, 0xF2, 0x73, 0xBD, 0x6E, 0xAE, 0x63, 0x2A, 0xF2, 0x8D, 0x8F, 0x25, 0x38,
    0xCD, 0xF2, 0x05, 0xAF, 0x45, 0x6E, 0x99, 0x6D, 0x96, 0x3C, 0xAD, 0x22, 0x48, 0x17, 0x23, 0xB2,
    0x90, 0x59, 0xB5, 0x4B, 0xF7, 0x83, 0xBD, 0x8C, 0xEC, 0x75, 0x5C, 0x65, 0xAB, 0x19, 0x8D, 0x57,
    0x54, 0x6D, 0x14, 0xDB, 0xA4, 0x85, 0x21, 0x21, 0xD9, 0x26, 0x4F, 0x1B, 0xF4, 0xF7, 0xDF, 0xD8,
    0x86, 0xC4, 0xE8, 0x4B, 0xD8, 0xBE, 0x6F, 0xDC, 0x7F, 0xB3, 0x3B, 0x15, 0xFC, 0xEE, 0x0E, 0xF2,
    0x52, 0x38, 0x85, 0x46, 0xC1, 0x84, 0xB4, 0xFC, 0x98, 0x43, 0x62, 0x5E, 0x89, 0x87, 0xD6, 0xDE,
    0xC4, 0x42, 0xBD, 0x49, 0xB1, 0x26, 0xC2, 0xBA, 0x90, 0x3E, 0xC1, 0x16, 0x29, 0x3E, 0x60, 0xDE,
    0xA6, 0x9C, 0x8A, 0xB0, 0x37, 0xAF, 0xE1, 0x63, 0x63, 0x8B, 0x49, 0xF8, 0x67, 0x9E, 0xDD, 0xC4,
    0xC8, 0xBF, 0x83, 0xA5, 0x49, 0x78, 0xCC, 0xA3, 0x10, 0x57, 0x7A, 0xDB, 0xC6, 0x37, 0x44, 0x4B,
    0xBE, 0x91, 0xDB, 0x4D, 0xC7, 0xB5, 0xC6, 0xA9, 0x87, 0x3F, 0x2E, 0x33, 0x91, 0xFE, 0x13, 0x84,
    0x25, 0xC5, 0x47, 0x42, 0x3E, 0xB2, 0xC7, 0x56, 0xD6, 0x5E, 0x2F, 0x93, 0x73, 0xAA, 0x74, 0x7E,
    0xD0, 0x4A, 0xAB, 0x52, 0x8B, 0x93, 0xB1, 0x9F, 0x65, 0x83, 0x93, 0x21, 0x8C, 0x54, 0xA7, 0x54,
    0x85, 0x9A, 0x26, 0xF8, 0xAF, 0xBF, 0xEB, 0xF1, 0x2C, 0xAF, 0xB7, 0x96, 0x88, 0x10, 0x79, 0x7E,
    0xFC, 0x3B, 0xB3, 0x89, 0x40, 0x93, 0xCD, 0xA8, 0x91, 0x38, 0x54, 0xE2, 0x2E, 0x26, 0x25, 0xF0,
    0x0A, 0xAB, 0xC1, 0x8C, 0x32, 0x29, 0x66, 0x34, 0xAC, 0xA6, 0x78, 0x9F, 0x4C, 0xFA, 0x85, 0xD3,
    0x84, 0xE1, 0x0E, 0x4F, 0xB4, 0xCB, 0xEE, 0xD8, 0xAF, 0xF9, 0x7E, 0xF0, 0x2C, 0xDF, 0x49, 0x2F,
    0x6C, 0xBF, 0x07, 0x39, 0x76, 0x19, 0x86, 0x23, 0xAA, 0x1E, 0x6C, 0xF4, 0xE4, 0x47, 0x23, 0x5A,
    0xAB, 0xEF, 0x92, 0xE5, 0xD8, 0xC8, 0x31, 0x10, 0xD0, 0xB0, 0xB4, 0x90, 0xBB, 0x6D, 0x77, 0xB7,
    0xB0, 0x12, 0xFB, 0xE2, 0x60, 0x17, 0xF6, 0x37, 0xA8, 0xE3, 0xEE, 0x19, 0x4E, 0xA8, 0x04, 0x32,
    0xF2, 0x7B, 0x5E, 0x77, 0xCA, 0xF3, 0x8F, 0x9A, 0x60, 0x07, 0x38, 0xC8, 0xBF, 0x54, 0x58, 0x76,
    0x70, 0x90, 0x52, 0x72, 0x84, 0x92, 0x70, 0x78, 0xE2, 0xD9, 0xF7, 0x11, 0x9B, 0x44, 0x9D, 0x47,
    0x76, 0x9A, 0x42, 0x67, 0xAF, 0x8E, 0x5E, 0xAB, 0x82, 0xDE, 0xAB, 0xCB, 0xD7, 0x2A, 0xAF, 0x7C,
    0xFB, 0x53, 0x4B, 0xAF, 0x0C, 0x7F, 0x4B, 0xC1, 0x08, 0xBD, 0xEF, 0x40, 0x3E, 0x25, 0xAD, 0x5F,
    0xA0, 0x9B, 0x17, 0x1D, 0xDB, 0x9F, 0xD3, 0xA7, 0x04, 0xF6, 0xE1, 0x31, 0x0D, 0x02, 0xAD, 0xEA,
    0x4A, 0x48, 0x7D, 0x45, 0xAB, 0x1C, 0x63, 0x5E, 0x20, 0x1D, 0x2D, 0x06, 0xD3, 0x37, 0x10, 0x0C,
    0x44, 0x26, 0x10, 0xC6, 0xF7, 0x60, 0x4F, 0x03, 0x0E, 0xAB, 0xD1, 0x74, 0x74, 0x64, 0xD5, 0xAC,
    0x14, 0x71, 0x25, 0xB1, 0x74, 0x1E, 0x2C, 0x79, 0x54, 0xFF, 0x83, 0x41, 0x6A, 0x19, 0xAE, 0x11,
    0x13, 0x54, 0x46, 0x94, 0x79, 0xF9, 0xF4, 0xEE, 0x37, 0xCC, 0x5C, 0x72, 0x02, 0x29, 0x87, 0xF9,
    0x21, 0x08, 0x97, 0x9B, 0x2D, 0x9D, 0x0B, 0xF3, 0x87, 0x15, 0x40, 0xBA, 0x74, 0x43, 0x38, 0x44,
    0x1B, 0xC3, 0xB2, 0xF9, 0xA9, 0x3F, 0xE1, 0xF5, 0xD7, 0x13, 0x1F, 0xE9, 0x48, 0x66, 0xF9, 0x39,
    0x01, 0xEE, 0x09, 0x7B, 0xFB, 0xA7, 0xB3, 0x82, 0x3B, 0xFB, 0x08, 0x86, 0xFF, 0x8D, 0xEA, 0xB3,
    0xCF, 0x9D, 0xE0, 0xB2, 0x1D, 0x29, 0x17, 0xEE, 0xCC, 0x86, 0x60, 0x67, 0x36, 0x84, 0x3A, 0xB3,
    0x21, 0xD0, 0x99, 0x0D, 0x61, 0xCE, 0x6C, 0x08, 0x72, 0x66, 0x43, 0x88, 0x33, 0x1B, 0x02, 0x1C,
    0xCD, 0xD9, 0x91, 0xFB, 0x99, 0xB9, 0xE0, 0xA6, 0x70, 0xF9, 0xBA, 0x9B, 0x8D, 0xCB, 0xD6, 0x79,
    0xFD, 0x6C, 0x08, 0x6B, 0x9C, 0x02, 0xB6, 0x81, 0xB2, 0xE9, 0x77, 0xA6, 0x1F, 0x22, 0xE1, 0xDB,
    0x27, 0x59, 0xDC, 0x90, 0x54, 0xDC, 0x77, 0xCC, 0x0F, 0xE2, 0x7E, 0xE1, 0x75, 0x74, 0x09, 0xFB,
    0xB8, 0x98, 0x97, 0x87, 0x71, 0x91, 0xF5, 0x71, 0x5C, 0x6C, 0xDC, 0x89, 0xE1, 0xB2, 0x53, 0x5C,
    0x1E, 0xD0, 0xE5, 0x26, 0x27, 0xD5, 0x8A, 0xB8, 0xF0, 0xD7, 0xF0, 0xE5, 0x76, 0x45, 0x97, 0x70,
    0x8D, 0xFF, 0x9D, 0xBF, 0x4E, 0x97, 0xE8, 0x90, 0x43, 0x21, 0xB6, 0xB4, 0x98, 0xDD, 0x5C, 0xB6,
    0xB9, 0x41, 0x53, 0x1A, 0x79, 0xBB, 0xE8, 0x63, 0xBA, 0x04, 0x16, 0xAF, 0x4B, 0x25, 0x64, 0x82,
    0x5F, 0x41, 0xB6, 0xCD, 0xB0, 0x43, 0xDB, 0x18, 0xB3, 0x88, 0xC0, 0x43, 0x11, 0x16, 0x10, 0xE1,
    0x06, 0x4C, 0xE1, 0x92, 0x51, 0x29, 0xAE, 0xD4, 0x30, 0x32, 0xA8, 0x22, 0x61, 0x83, 0xEE, 0x3D,
    0xE0, 0xBF, 0x80, 0x0F, 0xE9, 0x31, 0x7A, 0x5D, 0x62, 0x18, 0x23, 0x7D, 0x1C, 0x50, 0x2A, 0x4E,
    0x45, 0x1A, 0x0B, 0xD6, 0x58, 0x50, 0x70, 0x90, 0x30, 0x2F, 0x4A, 0x56, 0xEE, 0xD7, 0xD8, 0x06,
    0x5E, 0x79, 0x5E, 0xC6, 0xF9, 0x9B, 0x63, 0xDA, 0x32, 0xCE, 0xC9, 0x8A, 0x92, 0x80, 0xFC, 0x35,
    0x5D, 0x22, 0x0B, 0x29, 0xFD, 0x94, 0xBE, 0x4C, 0xA4, 0x94, 0xE0, 0xA3, 0x66, 0x74, 0xD9, 0xE8,
    0x48, 0x36, 0xF8, 0x42, 0x32, 0x12, 0xB4, 0xB6, 0x04, 0x10, 0x06, 0x45, 0x63, 0x17, 0x17, 0x0B,
    0x13, 0xBF, 0x57, 0x60, 0x95, 0x46, 0x94, 0xC1, 0xE5, 0x85, 0xAC, 0xC8, 0x1E, 0x5A, 0x02, 0x42,
    0x3E, 0xAB, 0xF0, 0xEE, 0x89, 0x30, 0xF0, 0x62, 0xB2, 0xDE, 0xE4, 0x57, 0x13, 0x59, 0x1B, 0x92,
    0xF2, 0x28, 0x15, 0x7F, 0x0C, 0x8B, 0xC3, 0x23, 0x72, 0x0F, 0x51, 0x5A, 0x4A, 0xDE, 0x38, 0xB3,
    0xF4, 0x91, 0x11, 0x9C, 0x74, 0x72, 0x48, 0x2A, 0x54, 0xF2, 0x62, 0x32, 0x58, 0x3D, 0x15, 0xF5,
    0xF1, 0xB3, 0x1D, 0x87, 0x1E, 0xE5, 0x32, 0xCE, 0x33, 0x04, 0x1F, 0x14, 0x8A, 0xC4, 0x79, 0x02,
    0x57, 0xED, 0x7F, 0x41, 0x54, 0xCC, 0x96, 0x81, 0xC0, 0xE2, 0xB9, 0xAB, 0xA4, 0xAD, 0x5D, 0xFC,
    0x57, 0xA5, 0x0C, 0x42, 0x79, 0xE3, 0x79, 0x35, 0x03, 0xF1, 0x87, 0xD7, 0xEF, 0xB8, 0x79, 0x33,
    0xCC, 0xF6, 0x91, 0x1A, 0x2D, 0x40, 0x32, 0xDA, 0x82, 0xA7, 0x26, 0x79, 0x85, 0x79, 0x43, 0x7E,
    0xA5, 0xC8, 0x5A, 0x62, 0x02, 0xD1, 0x68, 0xD6, 0x12, 0x0F, 0x1F, 0x50, 0x2C, 0x3A, 0x03, 0x0B,
    0x9F, 0x52, 0x24, 0x3A, 0x63, 0x0E, 0x28, 0x0E, 0x9D, 0x31, 0x03, 0x9B, 0x05, 0x11, 0xC0, 0x4F,
    0x36, 0x6B, 0x26, 0x91, 0x93, 0x0F, 0x3D, 0x27, 0xF7, 0xED, 0x95, 0x14, 0xD2, 0x60, 0x4D, 0x1D,
    0xF7, 0x98, 0x0D, 0x1D, 0x56, 0x83, 0x20, 0xAE, 0xC2, 0x80, 0x15, 0x9A, 0xA1, 0x4E, 0x1A, 0x25,
    0x64, 0x4E, 0x98, 0xE9, 0x94, 0x08, 0xDD, 0x3C, 0xF0, 0xFA, 0x33, 0xE6, 0xFA, 0x2F, 0x78, 0x76,
    0x57, 0xEE, 0x3A, 0x6F, 0x03, 0x9B, 0x93, 0x59, 0x7C, 0xC5, 0xE6, 0xF1, 0xC7, 0xC9, 0x47, 0x4B,
    0x93, 0xFD, 0xC6, 0xA3, 0xB0, 0x9B, 0xA0, 0xCE, 0x97, 0x86, 0xE2, 0x82, 0x64, 0x89, 0x7A, 0x22,
    0xD0, 0x51, 0x2C, 0xB8, 0x64, 0xE1, 0x2E, 0xE9, 0x63, 0x5F, 0x00, 0x7D, 0x6C, 0xE9, 0xF5, 0x26,
    0x39, 0x3E, 0x46, 0x18, 0x7E, 0x97, 0x5E, 0x6F, 0x6C, 0x8F, 0xC4, 0x47, 0x56, 0xE2, 0x7F, 0x4D,
    0xFC, 0x1C, 0xAE, 0x09, 0xD3, 0xFC, 0x4C, 0xD8, 0xE1, 0x2A, 0x96, 0xC5, 0x63, 0x29, 0xEA, 0xD0,
    0x57, 0x6E, 0xE4, 0x2B, 0x0C, 0x3C, 0x29, 0x4E, 0xCD, 0xE3, 0x5E, 0xC3, 0xC2, 0x10, 0x92, 0x35,
    0x13, 0x10, 0x5A, 0xB7, 0xE1, 0xCB, 0xA0, 0x5B, 0xFB, 0xE3, 0x9A, 0x85, 0x96, 0x90, 0x75, 0x61,
    0xA1, 0x85, 0x2D, 0xFE, 0x0B, 0x95, 0xD3, 0xA5, 0x2F, 0xAE, 0xE0, 0x80, 0x3D, 0x10, 0x09, 0x2D,
    0x5B, 0xE9, 0x22, 0x22, 0xB3, 0x4A, 0x78, 0xE5, 0x07, 0x6A, 0xE9, 0xC2, 0x23, 0x67, 0xF2, 0xE6,
    0x8E, 0x88, 0x07, 0x6F, 0x51, 0xF3, 0xB0, 0x6E, 0x60, 0x15, 0x87, 0x7A, 0x40, 0xF2, 0x2C, 0x59,
    0x3D, 0x20, 0x8C, 0x3F, 0x6A, 0x16, 0x8C, 0x30, 0xB0, 0x14, 0x8A, 0xB2, 0x62, 0x96, 0x0F, 0x3B,
    0x20, 0xCC, 0x96, 0x89, 0xA8, 0xE5, 0xB5, 0x55, 0xFC, 0x89, 0x04, 0xEA, 0x64, 0xF2, 0xD2, 0x1C,
    0x08, 0xC9, 0x36, 0x90, 0x69, 0x26, 0x84, 0x5D, 0xFC, 0x32, 0x19, 0x0C, 0x42, 0x78, 0x2B, 0x3A,
    0x7C, 0xB4, 0x64, 0x84, 0x81, 0xD4, 0x64, 0x49, 0xE5, 0x7F, 0xC8, 0xF2, 0x42, 0x1C, 0xAB, 0xB9,
    0x91, 0xFE, 0xD9, 0xB2, 0x50, 0x23, 0xDC, 0xBB, 0x4A, 0xD7, 0xCA, 0x89, 0xAE, 0x53, 0xC9, 0x75,
    0x80, 0x85, 0x28, 0x06, 0xA8, 0xE6, 0x46, 0x66, 0x0B, 0x1C, 0x01, 0xA4, 0x36, 0xEF, 0xDF, 0x60,
    0xA1, 0xED, 0x22, 0x7C, 0x22, 0x99, 0xED, 0x6E, 0x50, 0xD8, 0x91, 0xC2, 0xB3, 0x84, 0x8C, 0x87,
    0xEF, 0x1D, 0xEE, 0xF4, 0x95, 0x57, 0xB9, 0xB2, 0x59, 0x48, 0x54, 0x94, 0x6A, 0x56, 0x44, 0xB4,
    0x27, 0x53, 0xEF, 0x9F, 0x6A, 0xE9, 0x87, 0xD5, 0x4C, 0x87, 0xB0, 0x71, 0x43, 0xD8, 0x00, 0x09,
    0x2F, 0x27, 0x19, 0x4A, 0xEE, 0xB0, 0x1C, 0xDD, 0xCF, 0x19, 0xCC, 0xAE, 0x9B, 0xB7, 0xBB, 0x9B,
    0xEB, 0x05, 0x0F, 0xE1, 0xAE, 0xD9, 0x15, 0xBD, 0xDF, 0x35, 0x5D, 0xCA, 0x43, 0x98, 0xED, 0xA3,
    0x3A, 0xD9, 0xB1, 0xFD, 0xCC, 0x78, 0x08, 0xFD, 0x31, 0x4F, 0xAF, 0x41, 0x5C, 0x74, 0xDF, 0xAD,
    0x17, 0xAC, 0xCE, 0xD2, 0x8D, 0xD2, 0xBA, 0xC4, 0xC3, 0xCD, 0x41, 0xEF, 0x87, 0x60, 0x26, 0x1C,
    0x1C, 0xDA, 0x68, 0x71, 0x46, 0xC5, 0x53, 0xD5, 0xA3, 0xD7, 0xB7, 0x8A, 0x9C, 0x16, 0x57, 0x2A,
    0xC7, 0x7E, 0x19, 0x2F, 0xD3, 0xA3, 0x3B, 0x3C, 0xBC, 0x2B, 0xD4, 0x86, 0x19, 0xFF, 0x26, 0x41,
    0xBC, 0xBA, 0xD9, 0x82, 0x03, 0x8F, 0xC8, 0x1E, 0x4B, 0x2C, 0xE2, 0xA1, 0x8D, 0x0F, 0xAD, 0x2A,
    0x22, 0x19, 0xCF, 0xF7, 0x50, 0xFB, 0xEE, 0xB0, 0x04, 0x7B, 0x23, 0x06, 0x49, 0x9C, 0x90, 0x2E,
    0x30, 0xC9, 0x6B, 0x01, 0x9A, 0x1D, 0x2B, 0x57, 0x6C, 0xC9, 0x9C, 0xCB, 0xB5, 0x0F, 0x3B, 0x47,
    0xA6, 0x64, 0x14, 0x55, 0x1B, 0xBD, 0xFB, 0xD3, 0x4C, 0xFE, 0x24, 0x95, 0x7F, 0x6E, 0xDE, 0xE5,
    0x44, 0xCE, 0x5F, 0xD8, 0xCD, 0xED, 0x4A, 0xB9, 0x25, 0x4A, 0x98, 0x4D, 0xF2, 0x56, 0x78, 0x25,
    0x93, 0xD7, 0x8A, 0x1E, 0xCF, 0x41, 0x61, 0x9C, 0x42, 0x7B, 0x23, 0x6F, 0x79, 0xA0, 0xB2, 0x3A,
    0xCE, 0x5B, 0x59, 0x73, 0x1A, 0xA6, 0xD2, 0x8A, 0xE2, 0xD1, 0xB8, 0x68, 0xC1, 0x25, 0x2C, 0x7F,
    0xDD, 0x32, 0x93, 0x65, 0x1B, 0x77, 0xAD, 0x8C, 0x96, 0x8D, 0x4B, 0x0D, 0x14, 0xB3, 0xF7, 0x6E,
    0x28, 0x15, 0xD9, 0xE7, 0x5A, 0x67, 0x60, 0xAF, 0xBB, 0x30, 0xB2, 0xCC, 0xEF, 0x9E, 0x31, 0xB0,
    0x5C, 0x5E, 0x9B, 0x37, 0x5C, 0x57, 0xF4, 0xD0, 0x2E, 0x61, 0x39, 0x7F, 0xF5, 0x73, 0xBB, 0x64,
    0xD4, 0xFE, 0x3A, 0x3A, 0x7C, 0xB5, 0x66, 0xD8, 0xE1, 0x2A, 0x58, 0x7B, 0x35, 0xE3, 0x8E, 0xAB,
    0x80, 0x16, 0xD5, 0xEC, 0x19, 0x12, 0x9A, 0xB8, 0x34, 0xDA, 0x30, 0xAD, 0xE4, 0x22, 0x57, 0x59,
    0x85, 0x21, 0x5A, 0x31, 0xB9, 0x04, 0xF6, 0x3A, 0xF9, 0xBF, 0x01, 0xC4, 0x4A, 0xDE, 0x81, 0x56,
    0x06, 0xB4, 0x86, 0xAE, 0x0D, 0x4C, 0x8E, 0x77, 0x17, 0x21, 0x3C, 0xC1, 0x67, 0x13, 0x73, 0xF8,
    0xB0, 0xD6, 0xDA, 0x49, 0xF0, 0x6B, 0x89, 0x19, 0x3B, 0xF3, 0x2F, 0x9F, 0x5B, 0xBD, 0x20, 0xA8,
    0x1F, 0x5A, 0xD7, 0xBE, 0x90, 0xD8, 0xDE, 0xA9, 0x98, 0x77, 0x3F, 0x9F, 0xF4, 0x2C, 0xE8, 0x10,
    0xC6, 0x9A, 0x29, 0x38, 0x7D, 0x8F, 0x34, 0x48, 0xA3, 0x75, 0x6A, 0xA1, 0x39, 0x05, 0xD1, 0xEB,
    0xCD, 0xFB, 0xEB, 0xB1, 0x16, 0xF5, 0x84, 0x49, 0xBE, 0xAB, 0x13, 0x0B, 0x77, 0x9E, 0x57, 0xDE,
    0x5D, 0x99, 0x56, 0x48, 0xCB, 0x62, 0x56, 0x05, 0x6E, 0x92, 0x47, 0xBF, 0xE7, 0x24, 0xEF, 0xCE,
    0x4E, 0x72, 0x00, 0xAC, 0x4E, 0xCE, 0x23, 0xCD, 0xE1, 0x0E, 0xC5, 0xD0, 0xE4, 0x54, 0x71, 0xD4,
    0xFD, 0x7F, 0xA0, 0x4B, 0x07, 0xD6, 0x63, 0xE1, 0xA7, 0x57, 0x7E, 0x7A, 0x1E, 0x4F, 0x0C, 0x0A,
    0x06, 0x33, 0xAD, 0x45, 0x03, 0xBF, 0xD7, 0x89, 0x83, 0x4F, 0xD4, 0x3D, 0xA6, 0x09, 0x1B, 0x2D,
    0x8A, 0x3A, 0x98, 0x1F, 0x73, 0x4B, 0x8C, 0x96, 0x07, 0x67, 0xD2, 0x21, 0x38, 0x24, 0x49, 0x5F,
    0x45, 0x1C, 0xC6, 0xDF, 0x84, 0x0A, 0xE2, 0x52, 0x6C, 0x37, 0x23, 0xA0, 0xA5, 0x1E, 0x07, 0x1B,
    0x66, 0xFE, 0xD0, 0xAA, 0xB9, 0x50, 0xDD, 0x43, 0x2D, 0x4F, 0x0D, 0x81, 0x13, 0xB0, 0x48, 0x78,
    0x8C, 0x3B, 0x40, 0x88, 0x01, 0x28, 0x8C, 0x4E, 0xFF, 0xE2, 0xBB, 0x32, 0xF9, 0x63, 0x84, 0x51,
    0x98, 0xFA, 0xF1, 0x8F, 0x91, 0xE5, 0xA2, 0x89, 0x1F, 0x1D, 0x3E, 0x64, 0x60, 0x8B, 0xC0, 0xBE,
    0x5A, 0xE9, 0xA4, 0x0F, 0x58, 0xD4, 0xA9, 0x73, 0xB8, 0x84, 0x48, 0xC6, 0x5D, 0x3F, 0x1B, 0x0E,
    0xFA, 0x59, 0x8D, 0x44, 0x32, 0x1D, 0x7F, 0xB2, 0xEE, 0xCB, 0xDF, 0x6F, 0xE0, 0xFD, 0x53, 0x03,
    0xEF, 0x5F, 0xEE, 0xC0, 0x4F, 0x12, 0x11, 0x1C, 0x30, 0x34, 0x26, 0xA1, 0x98, 0xA1, 0xC0, 0xB4,
    0x2C, 0x29, 0x6C, 0x28, 0x08, 0xDB, 0xFB, 0xEB, 0x6B, 0x1F, 0xF1, 0x28, 0x3E, 0xAA, 0xBD, 0x63,
    0x0E, 0x1E, 0xE8, 0x33, 0x68, 0x5C, 0x21, 0x32, 0x72, 0xDC, 0x4B, 0x11, 0x19, 0xB7, 0x33, 0x10,
    0xC0, 0xDE, 0x48, 0x20, 0x41, 0x1E, 0x17, 0x04, 0xE2, 0x1C, 0x26, 0xF0, 0xF5, 0x3F, 0x00, 0x71,
    0x75, 0xAA, 0x37, 0x7F, 0x20, 0xE1, 0x17, 0x8F, 0x1B, 0x5D, 0xE7, 0x9A, 0x68, 0xAA, 0xE5, 0x0C,
    0x95, 0xEC, 0x5A, 0x23, 0xA3, 0x1B, 0x1E, 0xAF, 0x05, 0x6A, 0x54, 0x65, 0x3C, 0xBA, 0xB4, 0xE6,
    0x8F, 0x79, 0x74, 0xBB, 0xA8, 0x12, 0x69, 0x2E, 0x8C, 0x8A, 0x73, 0xC6, 0xC4, 0x55, 0x8E, 0x07,
    0x23, 0x37, 0xBA, 0x22, 0x59, 0x32, 0x29, 0x99, 0x33, 0xE5, 0x6B, 0x67, 0xC8, 0x1B, 0x73, 0xBA,
    0xD6, 0xB3, 0x37, 0x29, 0xD0, 0x92, 0x54, 0xD3, 0xB5, 0xC7, 0xFE, 0xC8, 0x58, 0xFB, 0x2C, 0x7B,
    0xA3, 0x0F, 0xDA, 0xE4, 0x6D, 0x0E, 0x84, 0x1E, 0xAD, 0x82, 0x5F, 0xD5, 0x22, 0xD5, 0xE0, 0x53,
    0x09, 0x84, 0x6A, 0x3C, 0x83, 0x51, 0xAF, 0xC3, 0xF7, 0x25, 0x10, 0x32, 0x78, 0x31, 0xA0, 0x6E,
    0x5A, 0x4F, 0xFC, 0x4F, 0xD6, 0x7A, 0x12, 0x08, 0x65, 0x95, 0x27, 0x81, 0x10, 0x7D, 0x85, 0x3A,
    0x86, 0xF2, 0x65, 0x25, 0xA2, 0x4F, 0x9D, 0xAB, 0x58, 0x3B, 0x22, 0x3B, 0x37, 0x10, 0x32, 0xAE,
    0x1F, 0x64, 0xDE, 0xC4, 0x1A, 0xAC, 0xF3, 0x5D, 0x7B, 0xAD, 0x0C, 0x3A, 0xAD, 0x78, 0x9D, 0x73,
    0x8F, 0x22, 0x7E, 0xF3, 0xDF, 0x0D, 0xBA, 0xAC, 0x8A, 0x88, 0x22, 0xF6, 0xC3, 0x3A, 0x29, 0xD0,
    0x25, 0x40, 0xC6, 0xF6, 0x15, 0x78, 0x7C, 0x9A, 0x32, 0x3F, 0x5D, 0xC1, 0x9F, 0xD4, 0xB1, 0xCD,
    0x1B, 0xA0, 0x8B, 0x3B, 0x41, 0x1C, 0xAF, 0x70, 0xFF, 0x3B, 0x13, 0x16, 0x0E, 0xE6, 0xE0, 0xF1,
    0xEA, 0x53, 0x6E, 0xAF, 0x3D, 0x95, 0xC0, 0xB9, 0x3A, 0xE9, 0xBA, 0x88, 0x25, 0xB2, 0x44, 0x5C,
    0x10, 0x30, 0xC8, 0x3C, 0x5E, 0xA5, 0x1F, 0x62, 0x2A, 0xDF, 0x43, 0x33, 0x18, 0x0B, 0x12, 0xF9,
    0xD5, 0xFD, 0x25, 0xFB, 0x9C, 0x80, 0x7B, 0xBB, 0x48, 0x84, 0xF1, 0xB3, 0x7B, 0x10, 0x60, 0xBC,
    0xCF, 0x49, 0x3E, 0xAE, 0xB6, 0xBF, 0x45, 0x4B, 0x1C, 0xEE, 0x6D, 0xB0, 0xCF, 0x72, 0x71, 0xE2,
    0x06, 0x82, 0xCD, 0x78, 0x15, 0xF3, 0xED, 0x63, 0xBE, 0xD1, 0x42, 0xEF, 0x59, 0xAE, 0x61, 0xD8,
    0xBC, 0x96, 0x25, 0x03, 0x63, 0x4C, 0xF3, 0x3D, 0x73, 0xAA, 0x1F, 0x24, 0x66, 0x54, 0x3D, 0x30,
    0xF5, 0x8C, 0x88, 0xF1, 0x30, 0x1A, 0xC1, 0xC2, 0x48, 0x42, 0x5C, 0x08, 0x45, 0x0E, 0x81, 0xE4,
    0xE6, 0x2D, 0x31, 0xA8, 0x74, 0xD9, 0xD8, 0x8B, 0xA1, 0xAF, 0x74, 0x29, 0xCB, 0x0F, 0x73, 0xD3,
    0x81, 0x97, 0x07, 0xE4, 0x40, 0x91, 0xF2, 0xA3, 0x98, 0xE2, 0x54, 0x57, 0xCA, 0xB7, 0x26, 0x5F,
    0x4D, 0xCA, 0x45, 0x31, 0x7D, 0x8C, 0x79, 0x40, 0xE6, 0xAF, 0x8B, 0x79, 0x1E, 0x64, 0xCB, 0x32,
    0xE6, 0x79, 0x40, 0x6B, 0xA5, 0xF7, 0x58, 0x26, 0x47, 0x79, 0x6C, 0x79, 0x1E, 0xD8, 0x15, 0x4A,
    0x15, 0xC1, 0xEA, 0xCF, 0x8E, 0xEB, 0xF5, 0x5C, 0x94, 0xEB, 0x77, 0x4D, 0x2A, 0x59, 0x5D, 0xFA,
    0x1C, 0x29, 0xF7, 0x59, 0x5D, 0x56, 0xD1, 0xAA, 0x3B, 0x96, 0xA5, 0x49, 0xED, 0x06, 0xA0, 0x18,
    0xFB, 0x5F, 0x7E, 0x2F, 0xE2, 0xCA, 0x30, 0x65, 0xC7, 0x39, 0xCB, 0x93, 0xF6, 0xFD, 0xDE, 0xCD,
    0xDA, 0x4F, 0xED, 0x12, 0xCB, 0x7D, 0xD8, 0xBF, 0xA8, 0x45, 0x24, 0x26, 0x6B, 0xC1, 0xC0, 0xAE,
    0xC5, 0x59, 0xD0, 0x3A, 0x83, 0xED, 0xB2, 0x89, 0xD6, 0xC1, 0x52, 0xA6, 0x6E, 0xB9, 0x0C, 0x96,
    0x3C, 0x77, 0x69, 0x99, 0x4C, 0x2B, 0x19, 0x9E, 0xBC, 0x7D, 0xCE, 0xCF, 0x11, 0x6A, 0xDB, 0x04,
    0xEF, 0xEF, 0x57, 0x52, 0x27, 0x0B, 0x3E, 0xD0, 0x7C, 0x75, 0xFA, 0x8B, 0xF7, 0x35, 0x2C, 0xF1,
    0x8F, 0x97, 0x43, 0x0E, 0x64, 0xA0, 0x92, 0x81, 0x8A, 0x96, 0xA7, 0x22, 0xB0, 0xF3, 0x06, 0xFA,
    0xBD, 0x2F, 0x1F, 0x68, 0xB2, 0x21, 0x6F, 0xF1, 0xB2, 0x33, 0xA5, 0x4B, 0x40, 0x91, 0x17, 0x94,
    0x2C, 0x87, 0x8A, 0xE1, 0xCF, 0xD7, 0x73, 0x56, 0x2F, 0xB7, 0x1E, 0x4D, 0x75, 0xA0, 0x55, 0x56,
    0x6B, 0x27, 0xAA, 0xF5, 0x29, 0xF3, 0xE6, 0xA2, 0xD7, 0x7F, 0x65, 0xBE, 0x2B, 0xE6, 0x2D, 0x35,
    0x73, 0x31, 0x6F, 0x19, 0x52, 0x12, 0x30, 0x6F, 0xE9, 0xE1, 0x31, 0xFB, 0x8A, 0x2E, 0xB6, 0xAF,
    0x88, 0xB3, 0xF0, 0xDE, 0x10, 0xB7, 0x9A, 0xB1, 0x2D, 0x85, 0x79, 0x2B, 0xD4, 0xA8, 0x12, 0xAF,
    0xEA, 0xBC, 0x28, 0x68, 0x2C, 0xD4, 0xBC, 0x59, 0x17, 0x05, 0xB9, 0x09, 0x79, 0x3F, 0x9F, 0x74,
    0x69, 0x8E, 0x33, 0x91, 0xC6, 0xB3, 0xC7, 0x2D, 0xFA, 0xE2, 0xE6, 0x7B, 0xFF, 0x69, 0xFE, 0xD7,
    0x49, 0x15, 0xA2, 0xFF, 0x03, 0xB6, 0x02, 0x37, 0x34, 0x64, 0xCE, 0x0C, 0x77, 0x63, 0xCE, 0xD8,
    0x50, 0xE0, 0xE6, 0xC9, 0x2D, 0x90, 0x1B, 0x3A, 0x30, 0x67, 0xAC, 0x75, 0xB8, 0xC1, 0x87, 0xF1,
    0x82, 0x38, 0x93, 0x55, 0x70, 0x5F, 0xF2, 0x8D, 0xDB, 0xAA, 0xC8, 0x38, 0x48, 0xE2, 0xB2, 0x97,
    0x74, 0xD0, 0x8E, 0x34, 0xF5, 0x7C, 0xC3, 0xFC, 0xD9, 0x93, 0x91, 0xC1, 0x8E, 0x85, 0x4B, 0x6E,
    0x18, 0x8D, 0x0B, 0xEE, 0x16, 0x4D, 0x05, 0x59, 0x2A, 0xC8, 0x32, 0x41, 0x96, 0x0A, 0xB2, 0x54,
    0x90, 0x25, 0x82, 0x0C, 0x83, 0x48, 0x17, 0x52, 0x38, 0x74, 0x85, 0xD2, 0xED, 0xAA, 0xDC, 0xCC,
    0x78, 0x4B, 0x64, 0x1A, 0xB3, 0xB7, 0x8F, 0x9F, 0x97, 0xE4, 0x4B, 0x34, 0x4D, 0xBE, 0xE8, 0x9A,
    0x1C, 0x96, 0x7C, 0x0D, 0x53, 0x5A, 0xDA, 0x77, 0xC9, 0xCB, 0xAE, 0xA3, 0xDF, 0xAD, 0xD0, 0x0A,
    0x4B, 0x0E, 0x35, 0xFE, 0xA4, 0x48, 0x57, 0xDC, 0x1B, 0x46, 0x6F, 0x7B, 0x53, 0xD6, 0x08, 0xBB,
    0xC3, 0xF5, 0xAA, 0x8F, 0x67, 0x16, 0x49, 0x4D, 0xD7, 0x2E, 0xA9, 0x40, 0x7F, 0x0B, 0x41, 0xE8,
    0x82, 0x43, 0xD1, 0xAC, 0xF8, 0xF7, 0xB4, 0xC0, 0x24, 0x35, 0x39, 0xC6, 0x52, 0x56, 0x43, 0xD6,
    0x78, 0x75, 0x3A, 0xD3, 0x77, 0x65, 0xA2, 0xBE, 0x90, 0x4B, 0xCF, 0x52, 0x49, 0x7F, 0xE3, 0xD4,
    0x37, 0x25, 0x35, 0xCA, 0xBF, 0x11, 0xAC, 0x12, 0xD5, 0xE1, 0xA4, 0x52, 0xCE, 0x49, 0x65, 0xE8,
    0xF2, 0x3F, 0xE8, 0xE2, 0xDB, 0x77, 0x5E, 0xCF, 0x51, 0xF3, 0xC8, 0xA3, 0xCA, 0x96, 0x79, 0x5C,
    0xED, 0xC6, 0x44, 0x6D, 0xD3, 0xBA, 0xA9, 0x35, 0xFC, 0xBA, 0x2B, 0xD3, 0x26, 0x92, 0x91, 0xDC,
    0xE5, 0x6F, 0x6D, 0xA3, 0x76, 0x2E, 0xAE, 0x25, 0xB3, 0x25, 0xD2, 0x40, 0xFF, 0x3B, 0x59, 0x27,
    0x9D, 0xAC, 0xB5, 0x1B, 0xBF, 0xE3, 0x89, 0x1F, 0x20, 0x5E, 0xC7, 0xBC, 0xA7, 0x45, 0xD3, 0xAE,
    0xA4, 0x80, 0x3A, 0x10, 0xA4, 0xD0, 0xE5, 0x1C, 0x25, 0x04, 0x8A, 0xF1, 0xD7, 0x31, 0xE2, 0x24,
    0x5A, 0x9E, 0xEC, 0x79, 0x77, 0x76, 0x5D, 0xC5, 0x67, 0x57, 0xFD, 0x04, 0xA7, 0xFB, 0xBF, 0x02,
    0xF1, 0xF4, 0xF9, 0x89, 0x0B, 0xB2, 0x52, 0x7E, 0x2D, 0x46, 0x6A, 0x25, 0x89, 0x8B, 0x2E, 0x5A,
    0x6B, 0xE2, 0xC2, 0xCC, 0xDF, 0xA9, 0xD5, 0x42, 0x7D, 0x5E, 0xAB, 0x81, 0xB2, 0xE2, 0xAF, 0xCB,
    0x65, 0xCA, 0xDE, 0x8F, 0xCC, 0x53, 0x28, 0xFE, 0xBA, 0xCF, 0x35, 0x71, 0x61, 0x5B, 0x5D, 0xFD,
    0x6D, 0x70, 0x96, 0x83, 0x67, 0xDA, 0x3F, 0xD5, 0x2E, 0x39, 0xFF, 0x64, 0x7F, 0x7D, 0xDE, 0xBA,
    0xFC, 0x17, 0x3D, 0xC2, 0x3D, 0x42, 0xF8, 0x19, 0xC5, 0x98, 0xDB, 0x8C, 0x30, 0x6C, 0x88, 0x60,
    0x84, 0x8B, 0xBF, 0xD8, 0x16, 0x84, 0xDB, 0x56, 0xD2, 0x69, 0x64, 0x8C, 0x3A, 0x31, 0xFA, 0xE9,
    0x72, 0x21, 0x46, 0x3F, 0xA9, 0xB6, 0xB9, 0x7D, 0xB2, 0x4A, 0x91, 0x73, 0xBF, 0x4A, 0x5F, 0x74,
    0x5B, 0x7B, 0x26, 0xFA, 0x4E, 0x09, 0x42, 0x23, 0xC4, 0x46, 0x31, 0xB6, 0x53, 0x9C, 0x4B, 0x08,
    0x42, 0x97, 0xF5, 0xE3, 0x9C, 0x5F, 0xAA, 0x91, 0x77, 0xF4, 0x1B, 0xB1, 0xF1, 0xA9, 0xE5, 0x20,
    0x72, 0x56, 0xC2, 0x27, 0x13, 0x36, 0xF4, 0xD9, 0x00, 0x1A, 0x8A, 0x94, 0x40, 0x76, 0xC7, 0xCC,
    0xB4, 0xF9, 0x64, 0xA6, 0x83, 0xBC, 0x60, 0xC1, 0xE5, 0xA1, 0x2B, 0x36, 0xAC, 0x4E, 0x64, 0xC2,
    0x87, 0x46, 0xD5, 0x54, 0x95, 0xDE, 0x77, 0x8B, 0x2D, 0xD7, 0x9C, 0xEB, 0x56, 0x70, 0x5E, 0xF1,
    0xC7, 0xBB, 0x38, 0x38, 0xFF, 0x31, 0x14, 0xCA, 0x87, 0xC6, 0xCD, 0xE0, 0x44, 0x6F, 0xC6, 0x1F,
    0xD5, 0x92, 0xE2, 0xD4, 0xC3, 0x65, 0x30, 0xCB, 0x53, 0x7F, 0x4F, 0xDC, 0x5C, 0xE1, 0x86, 0xA1,
    0x90, 0xA9, 0x46, 0x66, 0x4B, 0xE3, 0x81, 0x95, 0x0B, 0x07, 0x56, 0x2E, 0x1A, 0x58, 0xB9, 0x60,
    0x60, 0xE5, 0x62, 0x81, 0x95, 0x4E, 0x35, 0x10, 0x12, 0x09, 0x48, 0x62, 0xC6, 0xF2, 0x9E, 0x05,
    0x9E, 0x6A, 0x6A, 0x07, 0x37, 0xEC, 0x73, 0x6E, 0x69, 0xFF, 0x91, 0x53, 0x92, 0x63, 0xB7, 0x96,
    0xCF, 0x84, 0x20, 0xAF, 0xED, 0x9E, 0x09, 0x57, 0x27, 0xAB, 0x24, 0xDC, 0x7C, 0x43, 0xB1, 0x87,
    0x81, 0xD5, 0xA3, 0x4B, 0xB8, 0xFA, 0x4B, 0xA4, 0x8C, 0x7A, 0x84, 0x6D, 0x28, 0xE4, 0xCF, 0x8B,
    0x38, 0xF7, 0x90, 0x9E, 0x36, 0xF6, 0x63, 0xEE, 0x0E, 0x40, 0xD8, 0x16, 0x1D, 0x62, 0xFF, 0x80,
    0x45, 0x8C, 0x97, 0x69, 0x8C, 0xD7, 0x23, 0xC6, 0x6B, 0x11, 0x13, 0x74, 0xA8, 0xF1, 0xCF, 0x11,
    0x22, 0x24, 0x27, 0xCA, 0x31, 0x7C, 0xE1, 0x65, 0x6E, 0x00, 0xCD, 0x09, 0x71, 0x09, 0xEA, 0xA7,
    0xE8, 0x62, 0x7B, 0xFA, 0xEA, 0xF9, 0x1A, 0xF5, 0xCA, 0x15, 0x5D, 0x4A, 0x42, 0xE2, 0xB7, 0x3C,
    0x74, 0x05, 0x2E, 0xB4, 0x96, 0x21, 0x2E, 0xD1, 0xAE, 0x9F, 0x90, 0x52, 0x4A, 0x19, 0xC3, 0x1B,
    0xCB, 0x18, 0xCF, 0xA3, 0x8C, 0x41, 0x2F, 0x89, 0x3E, 0x8E, 0x50, 0x9C, 0x7C, 0x4D, 0xFF, 0x43,
    0x5E, 0x22, 0x1D, 0xE2, 0x57, 0xB4, 0xA7, 0x59, 0x7B, 0xBA, 0x3B, 0x46, 0x11, 0x2E, 0x19, 0x07,
    0x89, 0x04, 0xB7, 0xD4, 0x30, 0x16, 0xD4, 0x28, 0x7A, 0x5E, 0x4D, 0x01, 0x4F, 0x6A, 0x18, 0x51,
    0x6A, 0x18, 0x53, 0x62, 0x18, 0x15, 0x44, 0x51, 0xF0, 0x3A, 0x0B, 0xC8, 0x50, 0x5A, 0x20, 0x08,
    0x3C, 0xA7, 0x1E, 0x56, 0x52, 0xB8, 0xA8, 0xD8, 0x77, 0x66, 0x95, 0xF8, 0xCE, 0x9F, 0x77, 0xD3,
    0x89, 0xFA, 0x4D, 0x95, 0x86, 0xF4, 0xAB, 0x72, 0x35, 0xAA, 0x65, 0x2B, 0xD0, 0xB8, 0xEB, 0x81,
    0x5F, 0x60, 0x95, 0x61, 0x97, 0x0D, 0x72, 0x50, 0x55, 0xC3, 0x9D, 0x2F, 0x0D, 0x5B, 0xCB, 0x86,
    0xD3, 0x4E, 0x0D, 0x37, 0x56, 0xE1, 0x19, 0x4B, 0xAF, 0x0C, 0x8B, 0x9B, 0x4D, 0x03, 0x61, 0xF5,
    0x7C, 0x4D, 0x71, 0xDD, 0xF8, 0x2F, 0x8D, 0x09, 0xFA, 0x72, 0x8D, 0x85, 0x81, 0x2D, 0xE9, 0xBA,
    0xB9, 0xA7, 0x93, 0xAC, 0x99, 0xF4, 0x04, 0xFD, 0x1E, 0x43, 0x8F, 0x8E, 0x10, 0x0F, 0x3D, 0x1F,
    0x34, 0xA1, 0x73, 0xB3, 0x49, 0x6A, 0xE8, 0xD9, 0xF7, 0xCB, 0x3C, 0x38, 0x3E, 0xB6, 0x79, 0x58,
    0xCD, 0x4B, 0xBA, 0xCC, 0xE8, 0xBD, 0xF5, 0xF7, 0xC8, 0x9F, 0xF2, 0x3B, 0x76, 0x25, 0x84, 0x51,
    0x66, 0xA5, 0xD6, 0x58, 0x99, 0x83, 0x70, 0x85, 0xB0, 0xFC, 0x7A, 0xDF, 0x23, 0xFB, 0x56, 0x92,
    0x61, 0xEE, 0xED, 0x95, 0x3D, 0xC3, 0xBB, 0x75, 0xE8, 0xCA, 0xD1, 0xE9, 0x5E, 0x89, 0xA0, 0x31,
    0x41, 0xD6, 0xD5, 0xB7, 0xBF, 0x7E, 0x87, 0xFC, 0x74, 0x4B, 0x1F, 0x6E, 0xA2, 0x26, 0xE4, 0xC1,
    0xF9, 0x3E, 0x0F, 0xCA, 0xAF, 0xDF, 0xE9, 0x21, 0xE8, 0x9F, 0x41, 0xB4, 0xD9, 0x3B, 0x7B, 0x93,
    0xF4, 0x0D, 0x21, 0x2C, 0x5C, 0xF5, 0x7E, 0xCE, 0x39, 0xAA, 0x90, 0x35, 0x4F, 0xB6, 0x88, 0xDC,
    0x8A, 0xA5, 0xAA, 0x0F, 0xF6, 0xC2, 0x2A, 0x32, 0x16, 0x76, 0xAF, 0x8A, 0x5F, 0x46, 0x38, 0x4E,
    0x7F, 0x57, 0x9F, 0xFD, 0xE7, 0xE5, 0xDF, 0x85, 0xA4, 0x9A, 0x7D, 0x59, 0xF7, 0x21, 0xC5, 0x24,
    0xF3, 0x35, 0x0A, 0x99, 0x5E, 0x73, 0x65, 0xCF, 0x7E, 0xF8, 0x7D, 0x2E, 0x68, 0xDA, 0x1B, 0x64,
    0x0F, 0x33, 0x0A, 0x0E, 0x50, 0xF4, 0x44, 0x03, 0x7E, 0x2C, 0xBB, 0x47, 0xCC, 0x0C, 0x9F, 0xBB,
    0x79, 0x27, 0x6D, 0xA5, 0x68, 0x9A, 0x2E, 0xE5, 0x1E, 0xF7, 0x72, 0xF7, 0xCA, 0x5F, 0x56, 0x6A,
    0x11, 0x15, 0x69, 0xA9, 0xF7, 0x54, 0xEF, 0x5A, 0x4C, 0x97, 0x8A, 0x65, 0xEB, 0x75, 0x31, 0x5A,
    0x8F, 0x67, 0xE1, 0x11, 0x66, 0xFD, 0xA7, 0xB4, 0xB8, 0x0B, 0x8E, 0xBA, 0xCD, 0x7F, 0x4B, 0x61,
    0x4C, 0xE6, 0x5B, 0x04, 0x33, 0x29, 0x5D, 0x8B, 0x98, 0x6B, 0x29, 0x71, 0xB3, 0xC3, 0x12, 0x60,
    0x73, 0x98, 0x13, 0xC8, 0x1A, 0x1D, 0x26, 0x70, 0x71, 0x0B, 0xF6, 0x6F, 0xBB, 0x13, 0xE7, 0x26,
    0x96, 0xEA, 0x7B, 0xA7, 0xEB, 0xA4, 0x93, 0xF2, 0xFD, 0xAD, 0xF8, 0x39, 0x31, 0xE8, 0x2D, 0x58,
    0x8B, 0x8B, 0x0D, 0x92, 0x12, 0xF4, 0xA3, 0x88, 0x9F, 0xB5, 0xEB, 0x70, 0xF5, 0x14, 0xEA, 0xF6,
    0x9F, 0xFD, 0xE4, 0x17, 0x16, 0xB5, 0x3F, 0x08, 0xAA, 0x5C, 0xA3, 0x75, 0x7A, 0xBE, 0xAE, 0x13,
    0x72, 0x28, 0x10, 0x55, 0x53, 0xE2, 0xED, 0x04, 0xFB, 0x73, 0x64, 0x5D, 0x21, 0xAC, 0x4F, 0xB9,
    0xDC, 0x46, 0xD2, 0x5A, 0xDA, 0x56, 0xF6, 0x0C, 0xE4, 0x1B, 0xF6, 0x46, 0xC1, 0xED, 0xEC, 0x64,
    0x03, 0x0B, 0xD7, 0xA6, 0xE4, 0xBA, 0x94, 0x32, 0x47, 0xC4, 0x2C, 0x93, 0xDE, 0x2B, 0x62, 0xE9,
    0x15, 0xEC, 0xC3, 0xE5, 0x1C, 0x36, 0xF9, 0x16, 0xC2, 0x33, 0xDE, 0x07, 0xD4, 0x62, 0x79, 0x57,
    0x27, 0x66, 0x83, 0xC7, 0x32, 0x3D, 0xA2, 0x15, 0x23, 0xC1, 0x34, 0x4D, 0x68, 0x91, 0x63, 0xFD,
    0xEC, 0x27, 0xCB, 0x36, 0x38, 0xDA, 0x33, 0x0C, 0x74, 0x11, 0xAC, 0xA2, 0x25, 0x23, 0xDD, 0xA1,
    0x88, 0xB0, 0x66, 0xA8, 0x19, 0xFD, 0x8D, 0xF0, 0xCC, 0x34, 0xC9, 0xF5, 0xE3, 0xAE, 0xE1, 0xED,
    0x15, 0x71, 0x65, 0xD1, 0x08, 0xD9, 0xC3, 0xFA, 0x6E, 0xD2, 0x8C, 0x01, 0x5C, 0xAF, 0x65, 0x7F,
    0x05, 0xBC, 0xE5, 0xDE, 0xCD, 0x21, 0x97, 0x6A, 0x07, 0xE8, 0xED, 0x63, 0x64, 0x99, 0x8B, 0x11,
    0x24, 0x98, 0xE8, 0x99, 0x60, 0x94, 0x28, 0x11, 0x33, 0xC8, 0xC4, 0xDE, 0x17, 0x8C, 0x09, 0xCD,
    0x76, 0x86, 0x98, 0x78, 0xFB, 0xB5, 0xC8, 0x92, 0x82, 0x76, 0x06, 0x08, 0x42, 0xF0, 0x71, 0x71,
    0x89, 0xE0, 0x25, 0xF0, 0x05, 0x40, 0x97, 0x68, 0x5B, 0x14, 0x2D, 0x6C, 0x53, 0x91, 0x65, 0xFC,
    0xB6, 0x8B, 0x1B, 0xDC, 0xFA, 0x06, 0x32, 0x1D, 0xF0, 0xAC, 0x47, 0x8A, 0xA1, 0xE9, 0xC2, 0x0C,
    0xD8, 0x96, 0xC6, 0x81, 0xEB, 0xEF, 0xEF, 0x29, 0xBA, 0xCC, 0x89, 0x30, 0xD9, 0x28, 0x6F, 0x8A,
    0x08, 0x13, 0x93, 0xB8, 0xC1, 0x36, 0x59, 0xC4, 0x13, 0xA3, 0x89, 0x1F, 0xC2, 0x40, 0x03, 0x62,
    0x64, 0x57, 0x31, 0x4F, 0x8E, 0xDA, 0xDC, 0x03, 0x24, 0x80, 0x94, 0x66, 0x5B, 0xA0, 0xF4, 0x3F,
    0x29, 0x3B, 0xD9, 0xC1, 0x10, 0x58, 0x17, 0x15, 0x78, 0xFB, 0xF6, 0xE3, 0xA1, 0x5B, 0x6E, 0x6C,
    0x52, 0x1B, 0xFB, 0x46, 0xBD, 0xB1, 0x5B, 0xF4, 0xEA, 0xA4, 0x77, 0xB1, 0x9E, 0xD2, 0xCC, 0x0B,
    0x7A, 0xFC, 0x1C, 0x37, 0xA4, 0xFA, 0x83, 0xB0, 0xFF, 0x21, 0x68, 0xA2, 0xFE, 0x0D, 0xE1, 0xA8,
    0x25, 0x5B, 0xE7, 0x78, 0x5A, 0x44, 0xD5, 0x37, 0x36, 0x0E, 0x84, 0xAB, 0x5D, 0x32, 0xF8, 0xC5,
    0x2D, 0xC3, 0x7C, 0xCD, 0x82, 0x63, 0x5B, 0x2D, 0x0C, 0x73, 0x96, 0xFA, 0xF6, 0xD1, 0x52, 0x6A,
    0x05, 0x4D, 0x5C, 0x3C, 0x13, 0x80, 0x06, 0x77, 0x64, 0xA7, 0x98, 0x66, 0x15, 0x41, 0x57, 0x83,
    0x34, 0xD5, 0xE6, 0x86, 0x4C, 0x1F, 0x37, 0xC4, 0x42, 0x4D, 0xB2, 0x23, 0x3B, 0x64, 0x7D, 0x22,
    0xDB, 0x8D, 0x4D, 0xBB, 0x2F, 0x16, 0x63, 0x64, 0x7E, 0xA2, 0xC5, 0xFB, 0xC4, 0x63, 0xB2, 0xE4,
    0xD8, 0x9E, 0xBE, 0xD8, 0x31, 0xBE, 0xCC, 0xDA, 0x09, 0xA9, 0x22, 0x08, 0x97, 0x33, 0x27, 0x01,
    0x74, 0x2D, 0xC8, 0x9C, 0x48, 0x2C, 0x91, 0xCC, 0xBF, 0x67, 0x7F, 0x01, 0x12, 0xEC, 0xC7, 0x5D,
    0x80, 0xB6, 0x06, 0x9E, 0xBF, 0x15, 0x48, 0x66, 0xFE, 0x80, 0x6E, 0x33, 0xE1, 0x7D, 0xBE, 0x0A,
    0x3A, 0x89, 0x51, 0x9B, 0xB4, 0x0F, 0xEC, 0x4C, 0x38, 0x37, 0xE5, 0xBB, 0x87, 0xBD, 0x30, 0x6E,
    0xE2, 0x47, 0x08, 0xCF, 0x99, 0x6F, 0xDF, 0x2E, 0x7B, 0x65, 0x9B, 0xBE, 0xF8, 0x60, 0xEC, 0xC2,
    0xF9, 0x8B, 0x21, 0xCF, 0xB0, 0x9C, 0xEE, 0xF6, 0x94, 0xB9, 0x8C, 0x37, 0x17, 0xF3, 0xA5, 0xD2,
    0xA9, 0xFD, 0x0C, 0x19, 0x2C, 0xE6, 0xA3, 0xBC, 0x7E, 0xFC, 0xAB, 0x4E, 0x18, 0x21, 0x05, 0xB0,
    0xF9, 0xAE, 0x70, 0x42, 0xDF, 0xBF, 0x36, 0x0B, 0x66, 0x85, 0x03, 0x3A, 0xAF, 0x65, 0x5E, 0x30,
    0x0D, 0xDA, 0xB8, 0x66, 0x66, 0xFE, 0x8E, 0xE9, 0x86, 0xB9, 0x59, 0x84, 0x47, 0x84, 0x7F, 0xC1,
    0xEC, 0x50, 0x1C, 0x4B, 0xAB, 0xEB, 0x6D, 0xE6, 0xA7, 0x33, 0xB4, 0x58, 0x2E, 0x76, 0x99, 0x21,
    0x8C, 0xCA, 0x31, 0x99, 0x58, 0x70, 0x84, 0x51, 0xF9, 0x82, 0xDD, 0x0E, 0xAD, 0x1E, 0xCD, 0x37,
    0xF7, 0x5A, 0xF4, 0xA4, 0x12, 0x4F, 0x64, 0x54, 0xFA, 0x76, 0xD8, 0x67, 0x68, 0xF7, 0x07, 0x95,
    0x7C, 0x71, 0x6F, 0xD2, 0xCC, 0x3C, 0xE4, 0xF8, 0x86, 0xF5, 0xE9, 0x59, 0x62, 0xEC, 0x0D, 0xB5,
    0xF7, 0xEF, 0x0C, 0x16, 0x58, 0xCD, 0xFF, 0xFD, 0x32, 0x3F, 0x61, 0xF5, 0x9E, 0x68, 0x4B, 0x86,
    0xE9, 0x6A, 0x9C, 0x2D, 0x21, 0xA6, 0x64, 0xB2, 0x1A, 0x5B, 0xE9, 0x5C, 0x3D, 0x74, 0xB6, 0xC4,
    0xFF, 0x83, 0x6C, 0x89, 0x3D, 0xC7, 0x96, 0xC8, 0xE3, 0x47, 0x67, 0xA7, 0xE7, 0x18, 0xBB, 0x0F,
    0x29, 0xED, 0x49, 0xFF, 0xDC, 0xF8, 0x5C, 0x70, 0xDE, 0xEE, 0x9E, 0xC5, 0xD4, 0x15, 0x8D, 0xCC,
    0x17, 0xA2, 0x0E, 0xD2, 0x73, 0x0B, 0x65, 0xA0, 0x75, 0xB3, 0x2A, 0x75, 0x54, 0x2A, 0xDF, 0x26,
    0x7C, 0xAF, 0x30, 0xAA, 0x06, 0x3F, 0x5B, 0x8A, 0x46, 0x9B, 0xF8, 0x95, 0x5A, 0x14, 0xDA, 0x24,
    0xCF, 0xD6, 0xA2, 0xCF, 0x14, 0x91, 0x36, 0xA2, 0xCE, 0xD7, 0xB8, 0x7D, 0x1D, 0xDC, 0x97, 0x1C,
    0x51, 0xB1, 0x5B, 0xCA, 0x51, 0x0E, 0x05, 0xFF, 0x9D, 0x20, 0x24, 0x01, 0xCC, 0x35, 0xDF, 0x80,
    0x7D, 0x15, 0xCE, 0x67, 0x07, 0x63, 0x8B, 0xD2, 0x33, 0x7B, 0xD3, 0x1E, 0xE0, 0x29, 0x29, 0xA8,
    0x75, 0xD0, 0x01, 0x9B, 0x49, 0xB5, 0x46, 0x2B, 0x37, 0x60, 0x14, 0xBF, 0x47, 0xB9, 0xDA, 0xA2,
    0x60, 0x85, 0x86, 0x00, 0x36, 0x45, 0xC1, 0xAA, 0x5C, 0xA9, 0x25, 0xF2, 0x8F, 0x8F, 0x14, 0x7C,
    0x6A, 0xEC, 0xAF, 0xEA, 0xC1, 0x0E, 0x19, 0xDD, 0x06, 0x88, 0xD5, 0x57, 0x3D, 0x58, 0x21, 0xBF,
    0xD6, 0xC9, 0xD8, 0xC9, 0xF7, 0x61, 0x32, 0xCE, 0xF7, 0x6E, 0xBA, 0x21, 0x88, 0xAD, 0x1D, 0x77,
    0x94, 0x35, 0xC6, 0xFC, 0x21, 0x1A, 0x76, 0xEF, 0x8C, 0x86, 0xED, 0x7F, 0x5D, 0x1A, 0x76, 0xB2,
    0x36, 0x2C, 0xAE, 0xBF, 0x37, 0x12, 0x35, 0xF7, 0xB4, 0x3C, 0xC3, 0x02, 0x8D, 0xE0, 0xCE, 0xFF,
    0xAA, 0x6D, 0x04, 0x6F, 0x67, 0x6E, 0x37, 0x02, 0xB8, 0x85, 0xC2, 0x30, 0xE2, 0xCE, 0x84, 0x8D,
    0x4A, 0x18, 0x2D, 0xDB, 0x8C, 0x39, 0xC3, 0x36, 0x0B, 0x01, 0x8D, 0x4D, 0x18, 0x8C, 0x3A, 0xE8,
    0x9C, 0x6E, 0x98, 0xA7, 0x24, 0xC6, 0x66, 0x1D, 0x50, 0xDD, 0x10, 0xCA, 0x97, 0xAA, 0x7D, 0xE3,
    0xCC, 0xDC, 0x44, 0x7B, 0x9F, 0x4C, 0x4D, 0xFB, 0xEF, 0xA7, 0x4A, 0x72, 0x6B, 0xC8, 0x7F, 0xB3,
    0xBD, 0xDE, 0xD8, 0x13, 0xF4, 0x8D, 0x29, 0xD7, 0xAA, 0x20, 0x14, 0x1C, 0xE7, 0x82, 0x9E, 0x02,
    0x64, 0x91, 0xF8, 0x2D, 0x9F, 0x04, 0xCE, 0xE8, 0x33, 0xBF, 0x56, 0x99, 0x73, 0x82, 0x4F, 0x75,
    0x83, 0xB7, 0x2B, 0x12, 0x7A, 0x5A, 0x44, 0xA2, 0xA9, 0x5B, 0x34, 0x23, 0x58, 0x09, 0xFA, 0x9E,
    0x83, 0x64, 0xF5, 0x4D, 0xB9, 0x13, 0xFD, 0x7A, 0xE2, 0x97, 0xCE, 0x3A, 0x9F, 0x5D, 0x91, 0x7D,
    0x64, 0xF3, 0x39, 0xFB, 0xDC, 0x9E, 0x22, 0x95, 0xB9, 0x78, 0xDC, 0x83, 0x90, 0xD7, 0xE1, 0x84,
    0xBE, 0x35, 0xED, 0xAE, 0x93, 0x3D, 0xAD, 0xC9, 0x19, 0xFD, 0x02, 0xCF, 0x31, 0xFA, 0x6D, 0xAF,
    0xD9, 0xD5, 0x79, 0x89, 0x77, 0x30, 0xFA, 0x8D, 0x92, 0x82, 0x55, 0x89, 0x1E, 0x7A, 0xB3, 0xAB,
    0x9A, 0xCD, 0x81, 0x2A, 0x2B, 0x36, 0x59, 0x7C, 0x95, 0x7D, 0x8A, 0xFC, 0x98, 0xF8, 0x18, 0x5E,
    0xED, 0xB3, 0xEC, 0xB3, 0xC1, 0x7F, 0xC6, 0xC3, 0xBE, 0xC0, 0xA0, 0x3B, 0x67, 0xAF, 0xE0, 0x0F,
    0x1F, 0xD3, 0xEE, 0x78, 0x8B, 0xFB, 0xAE, 0x54, 0xF6, 0xA9, 0x71, 0xAA, 0x9E, 0x1A, 0x7F, 0x25,
    0xE8, 0x53, 0x84, 0x20, 0x8C, 0x9E, 0x62, 0x80, 0x56, 0xD0, 0xA7, 0xF1, 0xE7, 0x6A, 0x55, 0xD2,
    0xEC, 0x15, 0x37, 0x31, 0x3B, 0x5D, 0x97, 0x37, 0x29, 0x97, 0x04, 0x81, 0x9E, 0x3B, 0x8E, 0x18,
    0xFD, 0x15, 0xB6, 0x7B, 0xA2, 0x39, 0x6C, 0x01, 0x19, 0xFD, 0x98, 0xBF, 0x1C, 0xA9, 0xC9, 0xA6,
    0x81, 0xFA, 0x54, 0x1B, 0x63, 0xEF, 0x91, 0xFB, 0xAD, 0x74, 0x06, 0x04, 0x8A, 0x3E, 0x5E, 0xB2,
    0x86, 0x12, 0xFA, 0xB8, 0xA0, 0x85, 0x25, 0xA3, 0x8F, 0xDE, 0xB6, 0x8A, 0x3E, 0xC0, 0xC2, 0x92,
    0xD1, 0xFB, 0x68, 0xD3, 0x11, 0xF4, 0xC8, 0x17, 0x30, 0x7A, 0x8B, 0x2E, 0x78, 0x46, 0x7F, 0xE0,
    0xB2, 0x0A, 0x4D, 0x26, 0x1D, 0xF2, 0x2C, 0x7B, 0x50, 0x22, 0xFB, 0x5F, 0xAC, 0x14, 0x7D, 0xF0,
    0xF9, 0x6A, 0x70, 0xEF, 0x03, 0xE6, 0x74, 0x75, 0xF6, 0xE4, 0x03, 0x7A, 0xEF, 0x63, 0x25, 0xEE,
    0x1A, 0x6C, 0x63, 0xE1, 0x57, 0xEC, 0x38, 0xAB, 0x29, 0xC7, 0x26, 0x77, 0x79, 0x9F, 0x15, 0x42,
    0x13, 0xB4, 0x4A, 0xC9, 0x5C, 0x3D, 0xFC, 0x4C, 0x25, 0xFE, 0xC0, 0xF4, 0x2A, 0xF1, 0x05, 0xA7,
    0x0F, 0x81, 0x79, 0xC1, 0xF9, 0x43, 0x60, 0xBE, 0xCD, 0x36, 0x1B, 0x98, 0xB3, 0xCA, 0x99, 0xC1,
    0x58, 0x5A, 0x4D, 0x09, 0xB3, 0x9F, 0x8F, 0xD2, 0x7D, 0x32, 0x35, 0xED, 0x60, 0x0F, 0x2A, 0x0D,
    0x52, 0xE6, 0x4D, 0x20, 0xD6, 0x1D, 0xF5, 0x91, 0x40, 0xAD, 0x7B, 0xDC, 0xA4, 0xEF, 0x56, 0xC2,
    0x0C, 0x01, 0x78, 0x54, 0x09, 0x37, 0xFD, 0x1E, 0xC6, 0x87, 0xD9, 0xA1, 0x75, 0x0E, 0x48, 0xF0,
    0x73, 0xBB, 0xCB, 0xFE, 0x46, 0xAD, 0xBB, 0xD9, 0x41, 0x92, 0x43, 0x3C, 0x13, 0x89, 0xBC, 0x52,
    0xD7, 0x94, 0x21, 0x13, 0x21, 0xF6, 0xA7, 0xE4, 0xE4, 0x1A, 0x1B, 0xA0, 0x8E, 0x49, 0x1E, 0x89,
    0x7F, 0xCD, 0xA4, 0x9A, 0x20, 0xCE, 0xBE, 0x89, 0x0D, 0x0A, 0xAA, 0x29, 0xDE, 0x27, 0x93, 0x7E,
    0x31, 0xDD, 0x08, 0x34, 0x21, 0xC5, 0x90, 0x16, 0xC3, 0x7C, 0x98, 0x37, 0x28, 0x88, 0x32, 0x43,
    0x7E, 0xCF, 0xF1, 0x32, 0xFB, 0xD9, 0xB4, 0xB2, 0x6A, 0x8E, 0x88, 0x6C, 0x52, 0xB1, 0x47, 0xBE,
    0xCD, 0x1B, 0x35, 0x48, 0x69, 0x63, 0x1A, 0xB5, 0x48, 0x14, 0xC8, 0x34, 0x6A, 0x92, 0xB2, 0x3D,
    0x3C, 0xCB, 0x0C, 0x65, 0xB4, 0x2A, 0x7B, 0x49, 0x8C, 0x92, 0x57, 0x56, 0x4D, 0x29, 0xDE, 0x80,
    0x16, 0xF6, 0xCD, 0x0B, 0x8E, 0xA1, 0x83, 0xD1, 0x6C, 0x26, 0x23, 0x19, 0x8E, 0xA4, 0x7F, 0xAA,
    0x8D, 0x08, 0x27, 0x3B, 0x78, 0x7C, 0xA8, 0x03, 0x9F, 0xE7, 0xC0, 0x47, 0x39, 0xE0, 0x14, 0x07,
    0x3E, 0xC0, 0x81, 0xCF, 0x6E, 0x48, 0x71, 0x6C, 0x43, 0x8C, 0x13, 0x1B, 0x62, 0x1C, 0xD6, 0xC0,
    0xE7, 0x34, 0xC8, 0x11, 0x0D, 0x7C, 0x3A, 0x03, 0x1F, 0xCC, 0x90, 0x7E, 0x8C, 0xEE, 0x6D, 0xCE,
    0xBD, 0x96, 0xD2, 0x19, 0x5B, 0x5C, 0xA0, 0x33, 0xF6, 0x71, 0xE7, 0x20, 0x8C, 0x86, 0x5D, 0x74,
    0x7D, 0x30, 0x2F, 0xFF, 0x10, 0x16, 0xF0, 0xF8, 0x6C, 0xDB, 0xA3, 0x2A, 0x51, 0xF5, 0x58, 0xC4,
    0xD5, 0x5C, 0xE7, 0xE8, 0xAD, 0xE8, 0xB8, 0x57, 0x85, 0xCF, 0x02, 0x14, 0x72, 0xD5, 0xA7, 0xBE,
    0xE8, 0xDC, 0x13, 0xEC, 0xB7, 0xFA, 0x27, 0xE4, 0xF1, 0xD4, 0x41, 0x91, 0x50, 0x06, 0xE7, 0xDF,
    0xCB, 0x64, 0x54, 0x23, 0x5F, 0x0D, 0x51, 0xEB, 0x98, 0xC8, 0x9C, 0xC4, 0x2D, 0xE3, 0x56, 0x06,
    0x80, 0x0E, 0x55, 0xA1, 0x43, 0xD5, 0xE6, 0x50, 0x55, 0x39, 0x54, 0xA0, 0xA1, 0x2A, 0x71, 0x28,
    0x1A, 0xCC, 0x87, 0xBB, 0x00, 0x5F, 0xA8, 0xBA, 0x1B, 0xAA, 0xE2, 0x86, 0xA2, 0xB5, 0x7C, 0x27,
    0x4C, 0x92, 0x0F, 0xD9, 0xFC, 0x8F, 0xDD, 0xC9, 0x7C, 0x48, 0x7A, 0x28, 0xF9, 0x90, 0xCC, 0x3B,
    0xAE, 0xF4, 0xAC, 0x0E, 0xBE, 0x27, 0x10, 0x0C, 0xF7, 0x1B, 0xB9, 0x8E, 0x23, 0x74, 0x46, 0xC8,
    0x09, 0x1E, 0x15, 0x0F, 0x35, 0xDD, 0x65, 0xB4, 0x6F, 0x19, 0x19, 0x70, 0xEC, 0xF0, 0xA3, 0x31,
    0x27, 0x19, 0xF0, 0xB0, 0x63, 0x5F, 0x3E, 0x46, 0x1E, 0x2D, 0x3A, 0x18, 0x7C, 0xD8, 0x15, 0x8C,
    0x3F, 0xDB, 0x17, 0x52, 0x01, 0xD2, 0x4C, 0x39, 0xAD, 0x83, 0xE2, 0x00, 0x51, 0x04, 0x3D, 0xA9,
    0xA3, 0xD5, 0x73, 0x3A, 0x5A, 0x3D, 0xA5, 0xA3, 0x95, 0x33, 0x3A, 0x78, 0x2F, 0xD2, 0xBC, 0x1F,
    0x7A, 0xCD, 0x5D, 0xDE, 0xC6, 0x2D, 0x73, 0xFE, 0xFA, 0xAB, 0xEB, 0xE1, 0x0C, 0x5F, 0xFC, 0x00,
    0xDF, 0xDA, 0xA5, 0xF4, 0x95, 0xE4, 0xD2, 0xE7, 0xB6, 0xC9, 0xB0, 0x0D, 0x0A, 0xCE, 0xA9, 0x49,
    0xF2, 0x8D, 0x3B, 0x4D, 0x7C, 0x64, 0xD7, 0x64, 0x8A, 0x90, 0xCE, 0x7B, 0x26, 0xE7, 0x6C, 0x9E,
    0xD7, 0x9C, 0xCC, 0xE1, 0x4C, 0x22, 0x67, 0x17, 0x3A, 0xAB, 0x8F, 0x11, 0x3D, 0x0C, 0xD4, 0x51,
    0x90, 0xA9, 0xFD, 0x7B, 0xF5, 0x14, 0xB1, 0x7D, 0xFD, 0x58, 0x5D, 0x45, 0x76, 0x68, 0x4B, 0xD5,
    0xC3, 0x07, 0x7E, 0x17, 0xAB, 0xB3, 0x58, 0x98, 0xCE, 0x79, 0x8B, 0x85, 0x59, 0x38, 0x77, 0x71,
    0xDB, 0x5C, 0x75, 0xFE, 0x82, 0x26, 0x83, 0x73, 0x18, 0x31, 0x87, 0x1A, 0xB2, 0xD6, 0x5F, 0x8D,
    0x41, 0xE8, 0x89, 0x8A, 0xDD, 0x97, 0x92, 0x67, 0x76, 0x13, 0xF7, 0x7E, 0xAF, 0xBB, 0x89, 0xED,
    0x7B, 0xF6, 0x10, 0x4D, 0xA8, 0xF1, 0xF5, 0xD0, 0x7E, 0xDF, 0x2A, 0x5B, 0x6B, 0x32, 0x99, 0xE2,
    0x4A, 0x3A, 0x6C, 0x20, 0x62, 0x53, 0x85, 0x58, 0x55, 0xDD, 0x1F, 0x51, 0xCC, 0xD2, 0xCD, 0x0F,
    0xDB, 0x44, 0x38, 0x2A, 0x9F, 0xEB, 0x12, 0x61, 0xE8, 0x6F, 0xCD, 0x0F, 0x13, 0x35, 0xBB, 0xDC,
    0x0E, 0xA6, 0x61, 0x5F, 0x32, 0x84, 0x7D, 0xC9, 0x60, 0x73, 0x93, 0x81, 0x97, 0x64, 0x82, 0xEF,
    0x49, 0xD4, 0x95, 0xC7, 0xEC, 0x26, 0x16, 0x5B, 0xBB, 0x50, 0x53, 0xDB, 0x12, 0x25, 0x96, 0xD6,
    0xE6, 0x0B, 0x45, 0x9F, 0x90, 0xD0, 0xD5, 0xCE, 0x62, 0x0F, 0xB1, 0x98, 0xD9, 0x79, 0xA7, 0xA1,
    0x47, 0x43, 0x6B, 0x20, 0x35, 0xB2, 0xD8, 0x15, 0xA4, 0x36, 0x76, 0xA1, 0x83, 0xD1, 0x83, 0x12,
    0x0B, 0x8B, 0x12, 0x18, 0xA3, 0x0F, 0xDB, 0xC5, 0xE0, 0xBC, 0x17, 0x5F, 0x12, 0x38, 0x3D, 0x36,
    0x55, 0x64, 0xA5, 0x47, 0x82, 0x30, 0x93, 0xFE, 0xC5, 0xAA, 0x47, 0x6B, 0x74, 0x71, 0x88, 0x73,
    0xB8, 0x72, 0x43, 0x31, 0xC7, 0x38, 0xFD, 0x84, 0x7D, 0x5D, 0x44, 0xAA, 0x2F, 0xAE, 0x2E, 0x22,
    0x35, 0x16, 0x4F, 0x17, 0xD6, 0xD2, 0x84, 0xD1, 0xFC, 0x28, 0xAA, 0x62, 0xC1, 0xDC, 0x25, 0x38,
    0x2A, 0x83, 0x9D, 0x77, 0x89, 0xEF, 0x60, 0xE7, 0xCD, 0x3D, 0x1A, 0xC0, 0xEC, 0xDD, 0x99, 0x9C,
    0x4D, 0x72, 0x3E, 0x35, 0x3F, 0x7D, 0x60, 0x0B, 0xEB, 0x88, 0xB6, 0x36, 0x12, 0x60, 0xFF, 0x28,
    0xD7, 0x00, 0xC9, 0xEA, 0xBA, 0x20, 0x7D, 0xB8, 0x16, 0xB4, 0x33, 0x52, 0x19, 0x06, 0xBB, 0x43,
    0x26, 0x82, 0xB1, 0x3E, 0x6D, 0x34, 0x87, 0x69, 0x34, 0x87, 0xD9, 0x70, 0xC5, 0x0B, 0x40, 0xAF,
    0x7A, 0x9A, 0xF9, 0x28, 0xAD, 0xE6, 0x7B, 0x4A, 0x76, 0x07, 0x08, 0x31, 0x86, 0x75, 0xCB, 0xB8,
    0xCF, 0x79, 0x58, 0xCD, 0x0F, 0x3B, 0x6C, 0xC7, 0x64, 0xC1, 0x0F, 0xFE, 0x84, 0x17, 0x8E, 0x4F,
    0x7C, 0x8C, 0x3B, 0xD3, 0xCD, 0x64, 0xB7, 0x52, 0xF7, 0x98, 0x2D, 0x48, 0x7F, 0xAC, 0x4B, 0xCF,
    0xD3, 0x0F, 0xD7, 0x03, 0x3B, 0xA4, 0xEA, 0xC7, 0x67, 0x1E, 0x7B, 0x04, 0x89, 0xCC, 0xF3, 0x76,
    0x08, 0xA9, 0xDA, 0x21, 0xA2, 0x6A, 0x87, 0x80, 0xAA, 0x75, 0xF3, 0xBC, 0x6A, 0xDD, 0x3C, 0xCF,
    0x5B, 0x37, 0xCF, 0xE9, 0x75, 0x2E, 0x98, 0xD2, 0x14, 0x64, 0xB6, 0x74, 0x89, 0x8B, 0x0C, 0x9F,
    0xE2, 0xE6, 0x79, 0x3B, 0xCC, 0xF3, 0x76, 0x88, 0xA3, 0x86, 0x54, 0x54, 0xEC, 0x9A, 0x99, 0xEB,
    0x60, 0x78, 0xCE, 0x6B, 0xCF, 0x1B, 0x8C, 0xC9, 0xA9, 0x5E, 0x92, 0xA3, 0x61, 0x5B, 0xCE, 0x2F,
    0x8D, 0xBE, 0xC0, 0x57, 0x7C, 0x92, 0x4B, 0x7D, 0xDA, 0x3F, 0xB6, 0xD8, 0x7D, 0x67, 0x71, 0x82,
    0xC4, 0x9B, 0x2D, 0xAD, 0x30, 0x96, 0x73, 0x48, 0xBC, 0x4B, 0x9B, 0x60, 0xC9, 0x51, 0x77, 0x6B,
    0xB1, 0xA1, 0x8F, 0xA9, 0x03, 0xA2, 0x02, 0xA2, 0xE0, 0xE9, 0xE4, 0xB9, 0x78, 0xB9, 0x61, 0xD1,
    0xC1, 0x44, 0x8B, 0xDB, 0x82, 0x56, 0x18, 0x1F, 0x10, 0x70, 0xEE, 0x85, 0xFA, 0xDD, 0xF2, 0x0D,
    0x94, 0xA9, 0x38, 0x81, 0x38, 0xEC, 0x61, 0x59, 0x9E, 0x4D, 0x1F, 0x86, 0xCB, 0x93, 0x7B, 0xA4,
    0xC6, 0x23, 0x8B, 0x78, 0xAF, 0x14, 0x08, 0xDE, 0x2F, 0x05, 0x1E, 0x78, 0x7F, 0x12, 0x58, 0xE0,
    0x1D, 0x4A, 0xE0, 0x80, 0xF7, 0x28, 0x81, 0x01, 0xDE, 0xA5, 0x04, 0xFC, 0xBC, 0x4F, 0xC9, 0x67,
    0xCD, 0x79, 0xC0, 0x44, 0xCB, 0xDB, 0x82, 0x40, 0xC8, 0x7E, 0x2A, 0xC2, 0xCE, 0xFB, 0x95, 0x00,
    0x9D, 0x77, 0x2C, 0x31, 0x72, 0xDE, 0x5B, 0xC5, 0x6B, 0x67, 0xEC, 0xAF, 0x62, 0xDC, 0xD1, 0xD9,
    0x3A, 0xC6, 0x7C, 0x50, 0x9C, 0xE1, 0xFC, 0x97, 0x7C, 0xEC, 0xC9, 0x98, 0x1E, 0x4B, 0xE2, 0xB9,
    0x84, 0x6E, 0x84, 0x43, 0x49, 0x78, 0x0B, 0xD1, 0xB2, 0x9C, 0xB1, 0xFC, 0x6F, 0x9B, 0x78, 0xCD,
    0xE2, 0x5F, 0xDF, 0x0D, 0xD6, 0x2C, 0x7D, 0x9A, 0x30, 0x6B, 0x16, 0x7E, 0x56, 0x56, 0xB7, 0x58,
    0xF6, 0xA4, 0xE0, 0x3B, 0x86, 0xC1, 0x87, 0x8E, 0x88, 0x99, 0x40, 0xCA, 0x36, 0x07, 0x11, 0xE3,
    0xEC, 0x84, 0x1D, 0x14, 0xDC, 0xD0, 0xAC, 0xB8, 0x63, 0x18, 0x7C, 0x0E, 0x82, 0xC1, 0x8F, 0x69,
    0xE8, 0x27, 0x10, 0xC3, 0x19, 0x24, 0xA3, 0x4B, 0xC3, 0x17, 0xC8, 0xE9, 0x37, 0x80, 0xBA, 0x0D,
    0x0B, 0x00, 0xA8, 0xBB, 0x4C, 0x10, 0xD4, 0xCC, 0x2B, 0x16, 0x02, 0xD5, 0xAE, 0x16, 0x0C, 0x35,
    0xB4, 0x4B, 0x26, 0x5A, 0x0F, 0xCE, 0x0A, 0x44, 0xD4, 0x30, 0x41, 0x2B, 0xE7, 0x82, 0x89, 0x78,
    0x19, 0xC3, 0x2F, 0x02, 0x6A, 0x8C, 0x5C, 0x3C, 0x43, 0xBD, 0x49, 0xF1, 0x07, 0x43, 0xF5, 0x7A,
    0x67, 0x64, 0x92, 0xEE, 0x8C, 0x0B, 0x13, 0x0F, 0x36, 0x94, 0x8B, 0xB8, 0x5A, 0x04, 0x84, 0x5C,
    0x2C, 0x62, 0x65, 0x46, 0xAD, 0x88, 0x75, 0x19, 0xA5, 0x22, 0x20, 0xE4, 0x4A, 0x11, 0x10, 0x72,
    0xA1, 0x08, 0x08, 0xB9, 0x4E, 0x04, 0x60, 0x5C, 0x26, 0x02, 0xC1, 0x55, 0x22, 0x20, 0xE4, 0x22,
    0x11, 0x23, 0x44, 0x8D, 0x08, 0x08, 0xA5, 0x44, 0x84, 0x05, 0x2C, 0x57, 0x88, 0x80, 0x70, 0x28,
    0x10, 0x0D, 0xF5, 0xA1, 0xB1, 0x3C, 0xA4, 0x49, 0xFB, 0x96, 0xD7, 0x77, 0x3C, 0xBF, 0xF8, 0x3C,
    0x2A, 0xFB, 0x09, 0x9F, 0x4B, 0x77, 0x4C, 0xE1, 0xCE, 0x5D, 0x80, 0xF9, 0x42, 0xE2, 0xD8, 0x76,
    0xB3, 0x14, 0xDD, 0xE4, 0x79, 0xD5, 0xB1, 0x16, 0x06, 0x72, 0x8B, 0x71, 0x00, 0x0A, 0x01, 0x40,
    0xD4, 0x43, 0x8B, 0xB4, 0x05, 0x3E, 0x6E, 0xB3, 0xB8, 0x1D, 0x35, 0xD2, 0x7E, 0x21, 0x31, 0xF4,
    0x78, 0x62, 0x8F, 0x1B, 0xB0, 0x5A, 0xBF, 0x18, 0xDF, 0x6C, 0x8D, 0x7E, 0xF5, 0xD1, 0x7D, 0xFE,
    0xEE, 0x2F, 0xB8, 0xE6, 0x4A, 0x92, 0xD8, 0x5C, 0x77, 0xA2, 0x43, 0x0B, 0xD6, 0xA5, 0xCE, 0x6B,
    0x66, 0xB8, 0xDB, 0xFD, 0x1A, 0x77, 0x8A, 0x41, 0x0B, 0xDC, 0xE3, 0xFF, 0x75, 0x57, 0x46, 0x29,
    0x67, 0xC9, 0xDA, 0xEE, 0xDB, 0xFF, 0x06, 0xC9, 0x81, 0x4D, 0x1A, 0x34, 0x59, 0x6D, 0x5C, 0x19,
    0xD8, 0x2F, 0xD5, 0x19, 0x78, 0x6E, 0x6E, 0xBB, 0xD8, 0xDE, 0x4C, 0x96, 0x4E, 0x93, 0x9A, 0x4E,
    0x2D, 0x16, 0x88, 0x2B, 0x3A, 0x62, 0x82, 0xB8, 0xA0, 0x83, 0x71, 0xD3, 0x7A, 0x0E, 0x46, 0x4E,
    0xCB, 0x39, 0x40, 0xAC, 0xD5, 0x1C, 0x80, 0xD5, 0x62, 0x0E, 0xF0, 0x6B, 0x2D, 0x07, 0xA4, 0x96,
    0x72, 0x30, 0x86, 0x5A, 0xC9, 0xC1, 0x28, 0x6A, 0x21, 0x87, 0xC7, 0x51, 0xEB, 0x38, 0x12, 0x3F,
    0x72, 0x19, 0x07, 0x63, 0x39, 0xA9, 0xE2, 0x4C, 0x8B, 0x38, 0x27, 0x6B, 0x38, 0x3B, 0x4F, 0x2E,
    0xE0, 0x6C, 0x9F, 0x2D, 0xDF, 0x8C, 0xD5, 0x9B, 0xA5, 0xCC, 0x76, 0xA9, 0xDD, 0x08, 0xAF, 0x28,
    0xDD, 0xB0, 0x8A, 0x72, 0xE5, 0x06, 0x9C, 0x4A, 0xE1, 0x06, 0x8C, 0x4A, 0xDD, 0x06, 0x7C, 0x4A,
    0xD9, 0x86, 0x8D, 0x2C, 0x57, 0x6D, 0x40, 0x49, 0xD1, 0x86, 0xA7, 0x12, 0xD7, 0x6C, 0xD8, 0x66,
    0x71, 0xC9, 0x86, 0x8D, 0x96, 0x54, 0x6C, 0xC0, 0xA1, 0x14, 0x6C, 0xD4, 0xDC, 0x1E, 0x9C, 0x29,
    0xD7, 0x8C, 0xE6, 0xD6, 0x15, 0x6B, 0xC6, 0xF3, 0x22, 0x6C, 0xEF, 0x52, 0xF8, 0xFE, 0xB0, 0x3D,
    0xE6, 0x93, 0x5C, 0xDA, 0x4E, 0x64, 0x87, 0x93, 0x5F, 0xBF, 0xF4, 0xC5, 0x1B, 0xE6, 0x05, 0x56,
    0x19, 0xFB, 0x33, 0x0B, 0xD5, 0xB5, 0x87, 0xF6, 0x10, 0x3D, 0x66, 0x5D, 0xD0, 0x07, 0x2B, 0xE0,
    0x0B, 0x1A, 0xDC, 0x93, 0x15, 0xB6, 0xBB, 0xD0, 0x1A, 0xE9, 0x88, 0x1C, 0x04, 0x0D, 0xE6, 0xDA,
    0x06, 0xE8, 0x20, 0x4B, 0xF3, 0x67, 0x02, 0xFB, 0x7D, 0x3E, 0x21, 0x8D, 0x4B, 0x85, 0x71, 0xB1,
    0xF1, 0xF7, 0xFF, 0x44, 0x6A, 0x46, 0x4B, 0x20, 0xEE, 0x6C, 0xC1, 0x2A, 0x68, 0x25, 0x05, 0x18,
    0x97, 0x7A, 0x72, 0x2B, 0x08, 0x6F, 0xEF, 0xC4, 0x9F, 0xA7, 0xEF, 0x43, 0xAE, 0xC7, 0xD5, 0x5F,
    0x5C, 0xF9, 0x65, 0xAC, 0xBE, 0x8C, 0xC5, 0x17, 0x77, 0x07, 0xBF, 0x89, 0xF2, 0x9B, 0x28, 0xBF,
    0x89, 0xF2, 0x9B, 0x30, 0x9F, 0x6F, 0xB6, 0x08, 0x4C, 0xC0, 0x1F, 0x8A, 0x2E, 0x18, 0x09, 0x04,
    0x21, 0x72, 0xF7, 0xC4, 0x70, 0xF0, 0xDF, 0xF1, 0x12, 0x31, 0x09, 0xC6, 0x82, 0x43, 0x12, 0x2C,
    0xC0, 0xE0, 0x1A, 0x68, 0x1C, 0x5C, 0x40, 0xE2, 0xE2, 0x91, 0xC1, 0x87, 0xFC, 0xE8, 0x74, 0xA5,
    0x65, 0x28, 0xA0, 0x0C, 0x35, 0x95, 0xA1, 0xCC, 0x32, 0xEE, 0x2A, 0xA8, 0xCF, 0xE4, 0xA1, 0xA7,
    0x25, 0x96, 0x81, 0xC3, 0x82, 0x5F, 0x88, 0xFA, 0x0A, 0x8F, 0x25, 0xCA, 0x2B, 0x3C, 0x98, 0xA8,
    0xAE, 0xF0, 0x68, 0xA2, 0xB8, 0xC2, 0x5E, 0x12, 0xB5, 0x15, 0x31, 0x41, 0xAF, 0xD4, 0x62, 0x1B,
    0x50, 0x59, 0x61, 0x02, 0x85, 0x15, 0xB0, 0xC8, 0x75, 0x15, 0xF0, 0xC8, 0x65, 0x15, 0x30, 0x29,
    0x55, 0x15, 0x4E, 0xC4, 0xF3, 0xF6, 0x85, 0xBD, 0xB1, 0xA6, 0x32, 0x94, 0x54, 0xC6, 0x8A, 0xCA,
    0x89, 0x82, 0xCA, 0x84, 0x62, 0x8C, 0x3C, 0x80, 0x0C, 0x52, 0x28, 0xB6, 0x04, 0x2B, 0x1D, 0x04,
    0x89, 0x88, 0xD9, 0x0E, 0x70, 0x40, 0xCC, 0x66, 0x80, 0xE3, 0x61, 0xB6, 0x02, 0x1C, 0x0E, 0xB3,
    0x11, 0xE0, 0x68, 0x58, 0x6D, 0x80, 0xA9, 0xC5, 0x04, 0x70, 0x2C, 0xAC, 0x16, 0x80, 0x37, 0xC2,
    0xAD, 0x8D, 0x46, 0xC2, 0x98, 0x1E, 0x63, 0x20, 0x3C, 0xC6, 0xC1, 0x27, 0xEA, 0x27, 0x17, 0x53,
    0x92, 0x7B, 0xA7, 0x94, 0x64, 0xFF, 0x72, 0x95, 0x64, 0x52, 0x2D, 0x91, 0x62, 0xC9, 0x50, 0x2B,
    0xE1, 0x52, 0x09, 0xB7, 0x57, 0xA2, 0x52, 0xE2, 0x73, 0x24, 0x79, 0xBB, 0x61, 0x74, 0x5C, 0x27,
    0x01, 0x3C, 0x2E, 0x93, 0xB0, 0xF4, 0x8C, 0xA4, 0x92, 0x3A, 0x2E, 0x92, 0x30, 0xB2, 0x4E, 0x89,
    0xA0, 0xD3, 0x51, 0xE6, 0x0A, 0x09, 0xDB, 0x15, 0xA3, 0xA3, 0x2C, 0x5A, 0x26, 0x75, 0x84, 0xC6,
    0x85, 0x13, 0xCD, 0x19, 0x05, 0x3C, 0x4B, 0xDC, 0x39, 0x67, 0x25, 0x30, 0x68, 0xAE, 0x18, 0x97,
    0x8D, 0x3D, 0x86, 0xCA, 0x45, 0x11, 0x1E, 0x69, 0xB8, 0x1B, 0x86, 0x8A, 0x92, 0x08, 0xA0, 0x72,
    0x45, 0x84, 0x7D, 0x34, 0x64, 0x27, 0xA3, 0xAC, 0xE2, 0xE4, 0x72, 0x08, 0xA0, 0x72, 0x35, 0x44,
    0x87, 0x98, 0x06, 0x16, 0x50, 0xB9, 0x16, 0xA2, 0x06, 0x3E, 0x3F, 0x55, 0x09, 0x19, 0x0B, 0x21,
    0xDF, 0x39, 0x59, 0x06, 0x19, 0xAA, 0x20, 0x5C, 0x04, 0x01, 0x54, 0xAE, 0x81, 0x00, 0x2A, 0x97,
    0x40, 0x44, 0xAA, 0xDD, 0x2E, 0x43, 0xE5, 0x02, 0x08, 0xA0, 0x72, 0xFD, 0x83, 0xE7, 0x0E, 0xBF,
    0x98, 0x10, 0x72, 0xF5, 0x03, 0x04, 0x17, 0x3F, 0x18, 0x6A, 0xCD, 0x04, 0xA9, 0x23, 0x4A, 0x1F,
    0x12, 0x1B, 0xA3, 0xF2, 0xC1, 0xB6, 0x1A, 0x85, 0x0F, 0x96, 0xEA, 0x50, 0xF7, 0x88, 0xCF, 0x8B,
    0x7C, 0xCE, 0xD4, 0x3C, 0x86, 0x04, 0x7C, 0xA5, 0x41, 0x9A, 0x48, 0x35, 0x75, 0x36, 0x9B, 0xCB,
    0x1D, 0x80, 0xCA, 0xD5, 0x0E, 0x40, 0xE5, 0x62, 0x07, 0xC7, 0xF2, 0xA8, 0x75, 0xB0, 0x30, 0x33,
    0x9D, 0xEF, 0x5C, 0xE9, 0x60, 0xCF, 0x82, 0x42, 0x07, 0xA0, 0xEA, 0xCE, 0x6A, 0x5B, 0x48, 0x99,
    0x83, 0xC5, 0x07, 0x82, 0xA1, 0x3E, 0xA9, 0xF6, 0x5D, 0x9F, 0x5C, 0x7D, 0x0C, 0xF5, 0x0D, 0x2E,
    0x6F, 0x70, 0x26, 0x9F, 0x97, 0xA5, 0x58, 0xE1, 0xA0, 0xB8, 0x01, 0xA8, 0x5C, 0xDB, 0x00, 0x54,
    0x2E, 0x6D, 0xE8, 0xBA, 0x63, 0x25, 0x50, 0xDB, 0x40, 0xE6, 0x39, 0xD7, 0x35, 0x9C, 0x3F, 0x64,
    0xA8, 0x5C, 0xD5, 0x10, 0xA9, 0x22, 0x89, 0x25, 0x2B, 0x8E, 0x95, 0x40, 0xE5, 0x92, 0x86, 0x38,
    0xC0, 0xD5, 0xE9, 0x82, 0x46, 0xB4, 0x3A, 0x59, 0xCE, 0x60, 0x74, 0x95, 0x28, 0x2E, 0x2B, 0x89,
    0xFD, 0x84, 0xDE, 0xF8, 0x3B, 0xCC, 0xC2, 0xFA, 0x45, 0xCE, 0x11, 0xEC, 0xE0, 0xB2, 0x8D, 0x0B,
    0x7A, 0xF8, 0x60, 0xAB, 0x5B, 0xF4, 0x46, 0xF3, 0x11, 0x4C, 0x38, 0x8B, 0xCF, 0x5C, 0xF9, 0x09,
    0xFA, 0x0A, 0xAE, 0xD7, 0x64, 0x46, 0xFE, 0x89, 0x2E, 0x3F, 0x3E, 0x82, 0x77, 0xC3, 0x41, 0x1A,
    0x39, 0x0D, 0x7D, 0xBC, 0x62, 0xC5, 0x84, 0x84, 0x0A, 0x3D, 0xE1, 0xEB, 0x44, 0x31, 0x42, 0x6B,
    0x11, 0x63, 0x29, 0x42, 0x2A, 0x11, 0x2C, 0x2A, 0x2E, 0x44, 0xF8, 0xB2, 0x2E, 0x7C, 0x54, 0xB1,
    0xB0, 0xA4, 0x0C, 0xC1, 0x0B, 0x05, 0xAE, 0x42, 0x40, 0x5C, 0x52, 0x84, 0x60, 0x2D, 0xE4, 0x1A,
    0x04, 0x5B, 0x6E, 0x2E, 0x41, 0x08, 0xB5, 0x64, 0x0A, 0xAB, 0x05, 0xC3, 0x14, 0x8E, 0x37, 0x03,
    0xC5, 0x42, 0x93, 0xF2, 0x83, 0xCC, 0x0F, 0x50, 0x32, 0xC5, 0xC7, 0xDA, 0xC2, 0x93, 0xA9, 0x13,
    0x85, 0x87, 0x91, 0x62, 0xA3, 0x54, 0x38, 0xA5, 0x94, 0xA2, 0x03, 0xD0, 0x4B, 0xCD, 0x41, 0x16,
    0x99, 0x28, 0x39, 0xB0, 0xFB, 0xE1, 0x8A, 0x03, 0xD0, 0x4B, 0xC1, 0x81, 0x15, 0x92, 0xEB, 0x0D,
    0xA0, 0xA4, 0xDC, 0xC0, 0x03, 0xBE, 0x27, 0xCF, 0xC5, 0x4B, 0x29, 0x36, 0xF0, 0x6A, 0x47, 0x6A,
    0x0D, 0x40, 0x2F, 0xA5, 0x06, 0x46, 0x3F, 0x56, 0x1A, 0xC6, 0x42, 0xC3, 0x58, 0x67, 0x38, 0x59,
    0x66, 0x98, 0xBB, 0xE0, 0xB4, 0xE6, 0xED, 0x5D, 0x7C, 0x18, 0x8F, 0x67, 0xF9, 0x72, 0x74, 0xC7,
    0x78, 0x8F, 0x10, 0xFC, 0xD7, 0x9B, 0x16, 0xF9, 0x87, 0x64, 0xB8, 0xA4, 0xB8, 0xCC, 0x70, 0x41,
    0x3F, 0x1E, 0x16, 0xDF, 0x1D, 0x94, 0xA1, 0x84, 0x32, 0x94, 0x47, 0x38, 0x4A, 0x8E, 0xA0, 0x7B,
    0x6B, 0xF6, 0x38, 0x68, 0x91, 0x0F, 0x39, 0x76, 0xE2, 0x3D, 0xFD, 0x9C, 0x68, 0xF6, 0x27, 0xD6,
    0x71, 0x0C, 0x92, 0xF3, 0xD1, 0xB3, 0x8F, 0xD9, 0x24, 0x76, 0x86, 0x5C, 0x5B, 0x60, 0x13, 0xC9,
    0xA5, 0x05, 0xB6, 0x91, 0x5C, 0x59, 0x60, 0x23, 0xC9, 0x85, 0x05, 0x59, 0xC9, 0xA0, 0xAE, 0x20,
    0x4E, 0xE7, 0x45, 0x35, 0xE9, 0x52, 0x55, 0x60, 0x43, 0xB9, 0x72, 0x46, 0x5D, 0x6B, 0x0A, 0x62,
    0x2A, 0xA3, 0xD5, 0x10, 0x0C, 0x57, 0x67, 0x0A, 0x0A, 0x53, 0xB7, 0x3D, 0x64, 0x40, 0xD8, 0xE5,
    0x58, 0xE4, 0x3F, 0x00, 0xB3, 0x84, 0x8A, 0xF1, 0xD8, 0x76, 0x20, 0x30, 0xB4, 0xB7, 0x8C, 0x58,
    0x1C, 0x33, 0x33, 0x62, 0x71, 0x4C, 0x29, 0x44, 0x1B, 0xD9, 0x42, 0x88, 0xF4, 0xB0, 0x91, 0x80,
    0x3D, 0x33, 0x0F, 0x24, 0xB0, 0x98, 0xC1, 0x4E, 0x01, 0xDD, 0x8C, 0xF3, 0x6C, 0x04, 0x2E, 0xC3,
    0xE6, 0x1E, 0x60, 0x4B, 0x56, 0x1A, 0xA6, 0x87, 0xB5, 0x8B, 0xD7, 0x57, 0xE3, 0x89, 0x89, 0x7A,
    0x00, 0xB0, 0xB3, 0x88, 0xBC, 0xBD, 0x90, 0x20, 0xF0, 0x48, 0xB6, 0x3C, 0x96, 0x18, 0x0C, 0x1A,
    0x4D, 0xDC, 0x68, 0x3C, 0x09, 0x3D, 0x46, 0x14, 0x7F, 0xD1, 0x70, 0xEA, 0xCD, 0xAB, 0x65, 0x5C,
    0x1B, 0x19, 0xD9, 0x56, 0xC6, 0x16, 0x36, 0xC0, 0xE7, 0x5A, 0x41, 0x27, 0x18, 0x4A, 0x52, 0x39,
    0x52, 0x9F, 0xA4, 0x75, 0x05, 0x03, 0xAD, 0x17, 0x1C, 0x0C, 0xD5, 0x82, 0x13, 0x2D, 0xB1, 0x12,
    0xB3, 0x69, 0xC6, 0x45, 0x66, 0x98, 0x3D, 0xA2, 0x69, 0x11, 0xFC, 0x1C, 0xE6, 0x25, 0xC0, 0x51,
    0xDE, 0x98, 0x4B, 0xBB, 0x7C, 0xDD, 0xE6, 0xEB, 0x82, 0xAF, 0xF8, 0x5F, 0xD8, 0xC9, 0x8D, 0xE7,
    0x56, 0x30, 0x21, 0xEF, 0xF4, 0x7C, 0xE4, 0xA7, 0xE5, 0xEB, 0xE6, 0x8F, 0xB9, 0x83, 0x93, 0x4F,
    0x84, 0xDA, 0x20, 0xCB, 0x13, 0xF4, 0x16, 0xBB, 0x2F, 0x28, 0x6C, 0xE6, 0x30, 0x4C, 0x80, 0xC9,
    0x77, 0x7A, 0x77, 0xCE, 0xED, 0xBC, 0x51, 0x3D, 0x83, 0xFD, 0x6C, 0x07, 0x8A, 0x46, 0x50, 0x6A,
    0x07, 0x18, 0x42, 0x29, 0x1D, 0xF0, 0xD2, 0x9E, 0x2B, 0x07, 0x18, 0x44, 0x29, 0x1C, 0x60, 0xF0,
    0xA4, 0x6E, 0x20, 0xD4, 0x42, 0xCD, 0xB1, 0x54, 0x0D, 0x78, 0x76, 0x72, 0xD1, 0x80, 0x17, 0xF8,
    0x52, 0x33, 0xA0, 0xA1, 0xD4, 0x92, 0x81, 0xDA, 0x96, 0x73, 0x6A, 0xE4, 0xE7, 0x51, 0xDF, 0x3A,
    0x59, 0x2C, 0x18, 0x6B, 0x05, 0x28, 0x15, 0xC0, 0x89, 0x70, 0xA5, 0x80, 0x59, 0x40, 0xA1, 0x80,
    0x83, 0x5B, 0xAC, 0x98, 0x59, 0x07, 0x91, 0x57, 0x14, 0x57, 0xC2, 0x84, 0xE9, 0xB8, 0x48, 0xC0,
    0x16, 0x05, 0x35, 0x02, 0x10, 0x5C, 0x22, 0xF0, 0x6B, 0xAD, 0x0B, 0x68, 0xD8, 0x93, 0xB8, 0xB0,
    0x27, 0x71, 0x46, 0x31, 0x71, 0xB8, 0x93, 0x33, 0x85, 0x80, 0xB3, 0xC4, 0x95, 0xC7, 0x64, 0x51,
    0xB8, 0x2C, 0xC0, 0xB6, 0xB0, 0xD5, 0x2C, 0x0A, 0x17, 0x05, 0x18, 0x2A, 0x6A, 0x02, 0x62, 0x08,
    0xD7, 0x92, 0x45, 0xE1, 0x8A, 0x80, 0x98, 0xC1, 0x48, 0x08, 0xAE, 0x07, 0xA8, 0x11, 0x94, 0x2C,
    0x0A, 0x57, 0x03, 0xC4, 0x04, 0x2E, 0x35, 0x8B, 0xC2, 0xB5, 0x00, 0xF1, 0x7A, 0x8B, 0x27, 0xC5,
    0x12, 0xF3, 0xD3, 0x65, 0x80, 0xB5, 0x4E, 0xE8, 0x58, 0x26, 0x34, 0x6A, 0x00, 0xAC, 0x0E, 0x08,
    0x4E, 0xC5, 0x56, 0x5F, 0xB9, 0x21, 0x08, 0x51, 0x00, 0x90, 0x94, 0x94, 0xE6, 0x30, 0x38, 0xFD,
    0x2F, 0xB9, 0xA9, 0x3A, 0x66, 0x84, 0x9C, 0xFC, 0x07, 0x42, 0xCE, 0xFD, 0x03, 0xA1, 0xA4, 0xFE,
    0x11, 0xEA, 0x72, 0xE6, 0x9F, 0x10, 0x4E, 0x13, 0xFF, 0xE7, 0x11, 0xF3, 0x93, 0x59, 0x4B, 0xCE,
    0x59, 0x46, 0x9A, 0xB1, 0x44, 0xC6, 0x9F, 0xA3, 0x06, 0x2B, 0x01, 0x2E, 0xF2, 0xFD, 0xC0, 0x86,
    0x74, 0x3F, 0xA0, 0x21, 0xDB, 0x0F, 0x40, 0x4F, 0x1B, 0xCD, 0xF8, 0x49, 0x62, 0x05, 0x49, 0x37,
    0x86, 0x85, 0x4C, 0x3F, 0x50, 0x71, 0xA2, 0x9F, 0x40, 0x71, 0x9E, 0x7F, 0x73, 0x6F, 0x4C, 0xF3,
    0x47, 0xED, 0xA9, 0x24, 0xBF, 0xCB, 0xF1, 0x0F, 0x46, 0xF9, 0x07, 0x7F, 0x3A, 0x2B, 0x99, 0x8B,
    0x64, 0xF3, 0xD7, 0x8F, 0xC9, 0xE5, 0xFF, 0x91, 0xAD, 0x82, 0xCE, 0x4F, 0xDB, 0xBB, 0xAC, 0xFD,
    0x24, 0x69, 0x7F, 0xBE, 0xC3, 0x9A, 0x3B, 0x87, 0xC5, 0xF9, 0x7A, 0x0D, 0x46, 0x5A, 0x17, 0x8B,
    0xA8, 0xC3, 0x12, 0x82, 0x23, 0x11, 0xF5, 0x53, 0x8D, 0x7A, 0x2E, 0xCE, 0xD4, 0xF3, 0x0C, 0x5C,
    0xEA, 0x4A, 0x98, 0xF3, 0xF4, 0x3A, 0x03, 0x5B, 0x37, 0x03, 0x5B, 0x17, 0x82, 0xB4, 0x27, 0x73,
    0xF4, 0x43, 0x8A, 0xFE, 0x64, 0x86, 0x7E, 0x3E, 0x1E, 0x31, 0xBA, 0x94, 0xB8, 0x44, 0x0E, 0x42,
    0xF5, 0xEC, 0x27, 0xF7, 0x0C, 0xBC, 0x15, 0x39, 0x11, 0xAF, 0x7E, 0xE9, 0x73, 0x78, 0x27, 0xAF,
    0x86, 0x57, 0xE2, 0xAE, 0xD6, 0xBE, 0x44, 0xE6, 0xB4, 0xEC, 0x31, 0x60, 0x57, 0xB4, 0x4F, 0x15,
    0xFD, 0x32, 0xDF, 0x7B, 0x13, 0x3E, 0x3C, 0x63, 0xBB, 0xB5, 0x69, 0xF9, 0x80, 0x52, 0x8F, 0xCF,
    0x3E, 0x09, 0x39, 0x5B, 0x57, 0x1E, 0xFE, 0xB4, 0x30, 0xD1, 0x3A, 0x7E, 0x19, 0x51, 0x38, 0x9F,
    0xC6, 0xC5, 0x87, 0x88, 0xF9, 0x16, 0xFB, 0xD1, 0xE9, 0x35, 0x2C, 0x42, 0x39, 0xDF, 0x27, 0x19,
    0xE2, 0x3A, 0xB7, 0xD0, 0xA8, 0x04, 0xDF, 0x2D, 0x45, 0xD8, 0x0A, 0x46, 0xF1, 0xA9, 0x3C, 0xE6,
    0x8C, 0x33, 0x50, 0xA4, 0xFC, 0x37, 0x61, 0xE5, 0x5F, 0xE3, 0x20, 0xB4, 0x70, 0xCA, 0x8C, 0xB7,
    0x51, 0xC4, 0x0E, 0x73, 0xAB, 0xA8, 0x5B, 0xC5, 0xDD, 0x0A, 0x72, 0x2E, 0x7F, 0x13, 0xF6, 0x48,
    0x7F, 0x16, 0x43, 0xFD, 0x6C, 0xA2, 0x8E, 0xD6, 0x73, 0x9E, 0x56, 0xF2, 0x56, 0xBD, 0x9E, 0x83,
    0x25, 0x7B, 0xA1, 0xB9, 0xCB, 0x5D, 0x3A, 0xDC, 0x0D, 0x77, 0xB7, 0xA3, 0x62, 0x4C, 0x8C, 0x52,
    0x4C, 0x8E, 0x76, 0x87, 0x87, 0x5C, 0xBF, 0xE7, 0x6E, 0x76, 0x52, 0xDA, 0x44, 0x98, 0x36, 0x1B,
    0xD7, 0x3F, 0xD9, 0x27, 0xB3, 0xF6, 0x2E, 0xA7, 0xA4, 0xDE, 0x46, 0xE7, 0x3A, 0x29, 0xE6, 0x35,
    0x5B, 0xF0, 0x49, 0x94, 0x6D, 0xD0, 0xDF, 0xFF, 0xFB, 0x5F, 0xB5, 0x38, 0xBE, 0x73, 0x75, 0xD5,
    0x6C, 0xDE, 0x97, 0x55, 0x85, 0xEC, 0xB6, 0xF2, 0xF6, 0x1E, 0xD3, 0x03, 0x18, 0x0E, 0xBF, 0x49,
    0x91, 0x7C, 0xA0, 0x4A, 0x90, 0x67, 0xA6, 0xE4, 0xF3, 0xFE, 0x71, 0x7C, 0x77, 0x42, 0xB8, 0xF7,
    0xF3, 0xA8, 0x6A, 0xFD, 0x97, 0xF7, 0x5F, 0x23, 0x11, 0x86, 0xCB, 0x36, 0xA6, 0x70, 0x68, 0xF3,
    0x4D, 0x72, 0xFC, 0x07, 0xB6, 0xD9, 0x31, 0x7B, 0x11, 0xC5, 0x32, 0x59, 0xD7, 0xEE, 0x04, 0x1D,
    0xCA, 0x95, 0x1B, 0x7B, 0x6D, 0xB6, 0x8F, 0x01, 0xBB, 0x8D, 0x43, 0x9B, 0xEC, 0x0E, 0x6F, 0xD8,
    0x0E, 0xAC, 0x77, 0x17, 0x14, 0x7E, 0x55, 0x80, 0x02, 0x09, 0xEC, 0xE4, 0xB1, 0xF6, 0xF9, 0x2F,
    0x70, 0x20, 0x1A, 0x2D, 0xB0, 0xEF, 0xFA, 0xD8, 0xCA, 0x58, 0xE8, 0xB6, 0xB7, 0x3C, 0x3C, 0x27,
    0x80, 0x3F, 0xBF, 0x62, 0xE7, 0x03, 0x3B, 0x6C, 0x4E, 0x8C, 0x56, 0xED, 0xA8, 0x22, 0xE4, 0x79,
    0xF9, 0xC9, 0x1E, 0x76, 0x44, 0xED, 0x10, 0xF0, 0x1A, 0x0D, 0x1C, 0x0B, 0x93, 0xBF, 0xD8, 0x62,
    0xAB, 0xD7, 0x82, 0x54, 0x7B, 0x11, 0x55, 0xC1, 0x2A, 0x2B, 0x3B, 0x10, 0x7E, 0x9D, 0xDA, 0x1D,
    0x10, 0xA6, 0xF5, 0xEF, 0x08, 0xF1, 0x00, 0xE9, 0x51, 0x10, 0xB4, 0x50, 0xDD, 0x8D, 0xB0, 0xA5,
    0x80, 0x9C, 0xED, 0x17, 0xD6, 0xF2, 0xA6, 0xAE, 0x7D, 0xDB, 0x96, 0x3F, 0xE7, 0x53, 0x2D, 0xC9,
    0x2A, 0xA3, 0x61, 0x64, 0xE3, 0xEE, 0x81, 0x59, 0x48, 0x34, 0x9A, 0x35, 0x8B, 0x4C, 0x4F, 0x2C,
    0x5C, 0xE8, 0x2E, 0xA0, 0xA4, 0xDB, 0x28, 0xDC, 0x11, 0x7B, 0xFA, 0xB8, 0x7B, 0x36, 0x15, 0x8E,
    0x77, 0x90, 0xA6, 0x41, 0xD6, 0x87, 0x39, 0xCD, 0x01, 0xE2, 0xE0, 0xC6, 0x3B, 0x3D, 0x6A, 0x3D,
    0x3B, 0xE1, 0x2F, 0x97, 0x19, 0xF1, 0xB4, 0x08, 0xB0, 0xA9, 0x1A, 0xF0, 0xD1, 0xC5, 0xC1, 0xE8,
    0x7D, 0x38, 0x59, 0x02, 0x0F, 0x6F, 0x49, 0xD8, 0x33, 0x9F, 0x3B, 0x37, 0xE4, 0x07, 0x23, 0xB0,
    0x6B, 0x6C, 0x99, 0x72, 0xFA, 0xF4, 0x18, 0x5B, 0x9C, 0x08, 0x77, 0xCD, 0x1B, 0x21, 0x49, 0xF0,
    0xFC, 0x3D, 0x1B, 0x6F, 0x4C, 0xA4, 0x79, 0x02, 0x87, 0x6E, 0xCF, 0x83, 0x28, 0x8D, 0x4A, 0xD2,
    0xA8, 0x20, 0x8D, 0xCA, 0xD1, 0xA8, 0x18, 0x8D, 0x4A, 0xD1, 0xA8, 0x10, 0x8D, 0xCA, 0xD0, 0xA8,
    0x08, 0x8D, 0x4A, 0xD0, 0x88, 0x00, 0x3B, 0x23, 0xF2, 0xE3, 0xC3, 0x18, 0x2D, 0x9F, 0x70, 0x27,
    0xD2, 0x33, 0x2A, 0x3C, 0x5D, 0x43, 0x2C, 0x4E, 0x16, 0x55, 0x06, 0xC9, 0xDD, 0x3D, 0xB7, 0xC0,
    0xCE, 0x88, 0x51, 0x8B, 0x63, 0xC8, 0xB4, 0x4E, 0x67, 0xCC, 0x45, 0xCA, 0xA0, 0x69, 0xD1, 0x99,
    0x0A, 0xEA, 0x97, 0x56, 0x99, 0xC0, 0x0E, 0x97, 0xA9, 0xE0, 0xC6, 0x6E, 0x3A, 0x06, 0x8E, 0x83,
    0x00, 0x19, 0x39, 0x1F, 0x05, 0x08, 0xE8, 0x7C, 0x0A, 0x20, 0xB0, 0x33, 0x81, 0x15, 0x28, 0x13,
    0x90, 0xA2, 0x1C, 0x10, 0x58, 0xE2, 0x00, 0x60, 0x4C, 0x63, 0x92, 0x63, 0x58, 0xE9, 0xDE, 0xCB,
    0xE0, 0x1F, 0xBB, 0xD3, 0xCB, 0xF6, 0x6F, 0x9E, 0xD7, 0xE1, 0x64, 0xF4, 0x84, 0xA7, 0xA0, 0x3D,
    0x60, 0xED, 0x8E, 0xAB, 0xEC, 0x08, 0x47, 0x05, 0x24, 0xBC, 0xF4, 0x0A, 0x70, 0x3A, 0xD6, 0x4B,
    0xF0, 0x9B, 0xA9, 0xC7, 0x09, 0xEE, 0x36, 0x39, 0xE4, 0x4E, 0x48, 0x1C, 0x8A, 0xC5, 0xA7, 0xF9,
    0x78, 0x6F, 0xC4, 0x7C, 0x30, 0x2A, 0x71, 0x0B, 0x2D, 0xC3, 0xE1, 0x3E, 0x38, 0xBB, 0xF0, 0x95,
    0xC6, 0xDC, 0x46, 0xA7, 0x58, 0x65, 0xDF, 0xEC, 0x30, 0xC9, 0xAA, 0xD4, 0xF2, 0xAF, 0x30, 0x55,
    0xDE, 0x3D, 0x23, 0xC5, 0xFC, 0x6F, 0xDE, 0xE3, 0x7D, 0x93, 0xFB, 0xD6, 0x1E, 0x32, 0x0F, 0xF6,
    0x21, 0xAC, 0xE8, 0xC6, 0xBD, 0x5C, 0xF6, 0x26, 0x9E, 0xAA, 0x26, 0x8F, 0x0B, 0x7F, 0x9D, 0x80,
    0xF2, 0xE3, 0x58, 0x6B, 0xF9, 0x61, 0xAC, 0xB5, 0x9C, 0x59, 0x72, 0x8B, 0x03, 0x06, 0xD9, 0x26,
    0xEA, 0x59, 0xBE, 0x25, 0xEB, 0x1D, 0x0E, 0xA4, 0xAB, 0x1D, 0x3E, 0x19, 0xDD, 0xF0, 0x6D, 0x65,
    0x66, 0x74, 0x0B, 0x7B, 0x93, 0xBD, 0x8B, 0xF0, 0x7D, 0x95, 0x3D, 0xC2, 0x9C, 0xED, 0x66, 0xAC,
    0x6E, 0x76, 0x87, 0x77, 0x87, 0xA6, 0xEB, 0x58, 0x3E, 0x8C, 0xC5, 0xE7, 0xF7, 0xFC, 0xDB, 0x55,
    0x91, 0xB8, 0xD8, 0xD2, 0x4A, 0x19, 0x69, 0x47, 0x36, 0x65, 0x4D, 0x6F, 0x89, 0x3C, 0x69, 0xB4,
    0xB4, 0x13, 0xAD, 0x4F, 0x04, 0x0A, 0x4F, 0x9F, 0xCA, 0x61, 0x04, 0xD5, 0x89, 0x72, 0x02, 0xB1,
    0xC1, 0xB6, 0x84, 0xEF, 0xC2, 0x0F, 0xAC, 0x39, 0x18, 0xC2, 0xBA, 0x00, 0x1C, 0x61, 0x33, 0x28,
    0x58, 0x82, 0xEF, 0x07, 0x4F, 0x71, 0x25, 0x4C, 0x45, 0x95, 0x70, 0x45, 0x56, 0x85, 0xD9, 0x0A,
    0x2B, 0xE1, 0x8B, 0x3E, 0x99, 0x19, 0x63, 0x21, 0x10, 0x67, 0xBC, 0x83, 0x96, 0x58, 0x93, 0x13,
    0x9F, 0x23, 0xBE, 0xFB, 0x6B, 0x7F, 0xEF, 0xC4, 0x89, 0xCF, 0x3B, 0xE7, 0x9D, 0xF8, 0x3C, 0xCD,
    0xFC, 0x6D, 0x4F, 0x6B, 0xB4, 0x5A, 0xB4, 0xE1, 0xED, 0x36, 0x26, 0x5A, 0xEE, 0x48, 0x41, 0x8B,
    0x4F, 0xE1, 0xB6, 0xB8, 0xA1, 0x4A, 0xB3, 0x83, 0x95, 0x5F, 0x80, 0x1B, 0xCE, 0x77, 0xDA, 0xC1,
    0xEA, 0x39, 0x58, 0xE1, 0xB4, 0xC5, 0x55, 0xD0, 0x61, 0x0B, 0x78, 0x1F, 0xE0, 0x67, 0xA2, 0xCC,
    0xFC, 0xDD, 0xC3, 0x07, 0x66, 0x23, 0x8F, 0x1E, 0xFD, 0x62, 0xCD, 0xD1, 0xCD, 0xFB, 0x6B, 0xFE,
    0x15, 0xAD, 0xE5, 0x03, 0xC3, 0x76, 0xEF, 0x69, 0x52, 0xEF, 0x2B, 0xAF, 0xE2, 0x18, 0xA2, 0xDE,
    0xF2, 0x81, 0x1E, 0xB6, 0xE7, 0x1D, 0x53, 0x9B, 0x85, 0x56, 0x66, 0xB4, 0x0A, 0xEE, 0x17, 0xE3,
    0x15, 0x22, 0x26, 0x01, 0xFE, 0x0A, 0x27, 0x1F, 0xBC, 0xF2, 0x6B, 0xBB, 0x7C, 0x70, 0xED, 0xD1,
    0xE1, 0xAB, 0xF5, 0x82, 0x84, 0xE9, 0xD5, 0x0F, 0x68, 0x4D, 0xE1, 0xD7, 0x33, 0x5A, 0x88, 0x07,
    0xF5, 0x53, 0x89, 0xE5, 0x9A, 0xCB, 0x47, 0x74, 0x4D, 0x28, 0xAC, 0xFF, 0xE7, 0x75, 0x86, 0xE3,
    0xF1, 0xEB, 0xAC, 0xC0, 0xD9, 0x64, 0x69, 0x17, 0xD8, 0x87, 0xB5, 0x8F, 0x4F, 0x20, 0x20, 0x8F,
    0x70, 0x7E, 0x98, 0x1A, 0x27, 0x39, 0x92, 0x55, 0x02, 0x5D, 0x99, 0x69, 0xD0, 0x14, 0x8F, 0x42,
    0x93, 0x55, 0x6C, 0x3F, 0xB7, 0x6D, 0xB6, 0x67, 0x3F, 0x5E, 0xD0, 0x17, 0xE5, 0xBB, 0x9D, 0x79,
    0xE0, 0xB7, 0xB4, 0x14, 0x8C, 0x9A, 0xED, 0xA4, 0xF7, 0x17, 0xA6, 0x7C, 0xAF, 0xD8, 0x0E, 0x8E,
    0x7F, 0x76, 0xD4, 0xC5, 0xEF, 0xFE, 0xD6, 0x36, 0xB1, 0x59, 0x6F, 0xD2, 0xD4, 0x47, 0x39, 0x07,
    0x87, 0x0A, 0x87, 0xF6, 0x5D, 0xE2, 0x85, 0x8F, 0x67, 0xC4, 0x98, 0x60, 0xD1, 0x40, 0x17, 0xDE,
    0x4D, 0xC4, 0xF1, 0x9D, 0xFC, 0x1A, 0x40, 0x52, 0x0D, 0xC7, 0xE3, 0xA5, 0xF8, 0x25, 0x37, 0x98,
    0xB5, 0x78, 0x55, 0x36, 0xD8, 0xC0, 0x9D, 0x15, 0xDB, 0x64, 0x9C, 0x6F, 0xE3, 0xB0, 0x05, 0x7F,
    0x1D, 0xB4, 0x7F, 0x99, 0x44, 0xD6, 0xDF, 0xA5, 0x50, 0xFF, 0xF5, 0x6A, 0x96, 0x99, 0x07, 0x41,
    0xBF, 0xC6, 0x92, 0xDD, 0xD2, 0xE4, 0xAC, 0xBF, 0xB7, 0xD9, 0xC5, 0x55, 0x6F, 0xDF, 0x6E, 0x42,
    0x8A, 0xA7, 0xDE, 0x21, 0x59, 0x5C, 0x79, 0xF5, 0x1D, 0x5E, 0xA9, 0xBC, 0x5D, 0x63, 0xC3, 0xF2,
    0xCB, 0x35, 0x17, 0x85, 0x71, 0x30, 0x3B, 0x6F, 0xB8, 0x7D, 0x66, 0x4F, 0x34, 0xDB, 0x97, 0xF3,
    0xDC, 0x6E, 0x20, 0x95, 0xB6, 0x8E, 0xED, 0xF7, 0x69, 0x46, 0xAD, 0x42, 0x2C, 0x6F, 0xE3, 0x2A,
    0xA8, 0x83, 0xD5, 0x5B, 0x71, 0x11, 0x2C, 0xA3, 0xE5, 0x22, 0xFE, 0x4D, 0x50, 0xCD, 0x8B, 0x45,
    0xD0, 0x07, 0xCB, 0x8C, 0x6C, 0xDF, 0x1B, 0xF8, 0x3F, 0x2C, 0xD5, 0x1B, 0x48, 0xFE, 0xCA, 0x2B,
    0x24, 0xEA, 0xF4, 0xD8, 0x1E, 0x1F, 0x1E, 0x2E, 0x89, 0xC7, 0xF2, 0x67, 0xC4, 0xD6, 0x8B, 0x79,
    0x8A, 0x2D, 0x9E, 0x28, 0xC6, 0xE1, 0x96, 0x1E, 0xB7, 0x3B, 0xF8, 0x23, 0xE8, 0xF9, 0x47, 0xC3,
    0x82, 0x0F, 0x1F, 0x60, 0xFC, 0x83, 0x77, 0x31, 0xA5, 0xCA, 0x8F, 0xDE, 0x96, 0x3A, 0x71, 0xC5,
    0x27, 0x15, 0x66, 0xD5, 0xD3, 0xE3, 0x91, 0x65, 0xBC, 0x89, 0x6A, 0xD8, 0x3F, 0x25, 0x5B, 0xA7,
    0x64, 0xD7, 0x94, 0x6E, 0x98, 0xD2, 0xBD, 0x52, 0xBA, 0x4D, 0x4A, 0x77, 0x48, 0xE9, 0xE6, 0x28,
    0xDD, 0x17, 0xA5, 0x5B, 0xA2, 0x74, 0x37, 0x94, 0x6E, 0x84, 0xD2, 0x3D, 0x50, 0xBA, 0xFD, 0x09,
    0x3B, 0x9F, 0x3A, 0xAE, 0xB9, 0xA5, 0x52, 0x40, 0x96, 0x2D, 0xFE, 0x29, 0xFF, 0xEE, 0x83, 0xD1,
    0x2A, 0x69, 0x9F, 0xCB, 0x49, 0xC9, 0x8D, 0x1E, 0x67, 0xA0, 0xBF, 0x4B, 0xE2, 0x2C, 0xEF, 0xE0,
    0x8A, 0x05, 0xF5, 0xFB, 0xFC, 0xC3, 0x81, 0x84, 0xFB, 0xB7, 0x20, 0x18, 0x39, 0x99, 0x01, 0xC1,
    0x8E, 0x6E, 0x75, 0x46, 0x8F, 0xB3, 0xA9, 0x19, 0x7F, 0x54, 0x29, 0x07, 0x71, 0xA5, 0x3C, 0x90,
    0x8B, 0x11, 0x2E, 0xD8, 0x53, 0x83, 0x8F, 0xB0, 0x52, 0x4E, 0x82, 0xA5, 0xF2, 0x22, 0x67, 0x74,
    0x13, 0x37, 0xE4, 0x7D, 0x84, 0x1F, 0x5A, 0x58, 0x09, 0x47, 0xC1, 0x4A, 0x77, 0x73, 0xD1, 0x6C,
    0x92, 0xAD, 0x5C, 0xB2, 0x52, 0x68, 0x07, 0xAB, 0x30, 0xAE, 0xE7, 0xD8, 0x2E, 0x7C, 0xAD, 0x92,
    0xEE, 0x44, 0xD2, 0xDD, 0x20, 0xE9, 0x7F, 0x41, 0x98, 0x3A, 0x29, 0x2E, 0xEB, 0xAD, 0x1D, 0x6E,
    0x99, 0xD9, 0xB8, 0xD3, 0x72, 0x15, 0xCD, 0x0D, 0x4D, 0x7B, 0x62, 0x3F, 0x5A, 0x3B, 0x3D, 0x92,
    0xE0, 0x3C, 0x6A, 0x3C, 0x2B, 0x3A, 0x3E, 0xBA, 0x37, 0xEE, 0x6D, 0x73, 0xD3, 0xEC, 0xC5, 0xFD,
    0x21, 0xCF, 0xE8, 0x8E, 0xB4, 0xFA, 0x92, 0x46, 0xA1, 0x7A, 0x68, 0x14, 0xAA, 0x37, 0x5D, 0xA3,
    0x50, 0x9D, 0x0D, 0x8D, 0x42, 0x5B, 0x17, 0x6C, 0x14, 0xF2, 0x2F, 0xB5, 0x51, 0x68, 0x76, 0x86,
    0xF1, 0xD9, 0x19, 0x01, 0x0C, 0xFC, 0x8F, 0xEC, 0x0B, 0xF7, 0x1B, 0x8E, 0xF9, 0x27, 0xB7, 0x17,
    0xD5, 0xAE, 0xBD, 0x88, 0xF8, 0x96, 0xF6, 0x22, 0x62, 0x5B, 0xDB, 0x8B, 0xB6, 0x2E, 0xD0, 0x5E,
    0xE4, 0x5F, 0x6E, 0x7B, 0xD1, 0x57, 0x62, 0xF9, 0x69, 0xC7, 0xF2, 0x93, 0x9B, 0x92, 0x6A, 0xD7,
    0x94, 0x44, 0x2C, 0x4B, 0x53, 0x12, 0xB1, 0xAC, 0x4D, 0x49, 0x5B, 0x17, 0x68, 0x4A, 0xF2, 0x2F,
    0xB7, 0x29, 0xE9, 0x2B, 0xB1, 0x3C, 0x51, 0xF1, 0x27, 0x35, 0x37, 0xD5, 0xAE, 0xB9, 0x89, 0x58,
    0x96, 0xE6, 0x26, 0x62, 0x59, 0x9B, 0x9B, 0xB6, 0x2E, 0xD0, 0xDC, 0xE4, 0x5F, 0x4A, 0x73, 0xD3,
    0x65, 0x72, 0xFA, 0xB8, 0x26, 0xA9, 0xDA, 0x35, 0x49, 0x61, 0x1E, 0x73, 0x93, 0x14, 0x71, 0xAA,
    0x4D, 0x52, 0x5B, 0x17, 0x68, 0x92, 0xF2, 0xBF, 0x4A, 0x93, 0xD4, 0xEC, 0x14, 0x5B, 0xB3, 0x53,
    0xDC, 0x39, 0xE6, 0x06, 0xDE, 0x06, 0xD6, 0x84, 0xB3, 0xC7, 0xE6, 0xA3, 0x6A, 0x89, 0x21, 0xC0,
    0x54, 0xC2, 0xBF, 0x8A, 0x94, 0xD5, 0xD8, 0x7D, 0x0F, 0x96, 0xB0, 0xF9, 0x9E, 0xF3, 0x51, 0xDE,
    0xFE, 0x24, 0x0F, 0xE5, 0xEE, 0xFE, 0x05, 0xF2, 0x51, 0xFD, 0x99, 0x7C, 0xD4, 0x65, 0xAB, 0xE4,
    0xC9, 0x3C, 0x2C, 0xEF, 0xDB, 0x67, 0x96, 0x96, 0x46, 0x79, 0x42, 0x3E, 0x83, 0x99, 0xCA, 0x74,
    0xA0, 0x38, 0xAB, 0x21, 0x69, 0xB6, 0x44, 0xEC, 0x0D, 0xEF, 0xD8, 0xE7, 0xAA, 0x33, 0x36, 0xEC,
    0x83, 0x27, 0xCE, 0x70, 0xB0, 0xE1, 0xC1, 0x76, 0x7D, 0x4D, 0x6A, 0x5B, 0xC9, 0xC6, 0xF3, 0x66,
    0x7D, 0xE2, 0x6E, 0xD8, 0xAB, 0x3F, 0xD9, 0xAA, 0x3F, 0xEE, 0xD4, 0x1F, 0x36, 0xEA, 0x8F, 0x19,
    0xAB, 0xAB, 0x33, 0x73, 0x8E, 0xBF, 0x99, 0x92, 0x93, 0xDF, 0x29, 0x18, 0x9D, 0xCF, 0xD4, 0xFB,
    0x4C, 0xDD, 0xCF, 0x78, 0xA4, 0xE2, 0x97, 0x77, 0x8A, 0xD5, 0x63, 0xA7, 0x18, 0xC9, 0xC4, 0x75,
    0x8A, 0x91, 0x54, 0x86, 0x4E, 0xB1, 0xAD, 0xDF, 0xA3, 0x53, 0xCC, 0xFF, 0xBA, 0x3B, 0xC5, 0xFE,
    0x70, 0x0F, 0xFD, 0x9D, 0x41, 0x44, 0xDB, 0x83, 0x84, 0xBE, 0xB4, 0xB7, 0xAC, 0x1E, 0x7A, 0xCB,
    0x30, 0xB3, 0xA5, 0xB7, 0x8C, 0x64, 0xE3, 0x7A, 0xCB, 0xB6, 0x2E, 0xD8, 0x5B, 0xE6, 0x5F, 0x6A,
    0x6F, 0xD9, 0xD7, 0xA9, 0x2C, 0x93, 0xF3, 0x05, 0x34, 0x68, 0x13, 0x69, 0x70, 0xE0, 0x26, 0x3F,
    0x66, 0xCA, 0xC1, 0x1B, 0xCB, 0x43, 0x02, 0x38, 0x0E, 0x59, 0x24, 0x88, 0x63, 0xEF, 0x2D, 0x81,
    0x1C, 0x44, 0xA2, 0xC1, 0x1C, 0x57, 0xB4, 0x24, 0xA0, 0x63, 0x52, 0x82, 0x3A, 0x48, 0x45, 0x03,
    0x3B, 0x88, 0x45, 0x83, 0x3B, 0xC8, 0xC5, 0x9D, 0x29, 0xC0, 0xB5, 0x4A, 0x39, 0x52, 0x80, 0x24,
    0x33, 0x39, 0x51, 0x60, 0x7A, 0xA0, 0xC0, 0xC9, 0xF3, 0x04, 0x5A, 0xA7, 0xD1, 0xD3, 0xAB, 0xEE,
    0xF9, 0x91, 0x5F, 0xD4, 0xCD, 0x78, 0xF1, 0xEC, 0xDF, 0x97, 0xCC, 0xA7, 0xFB, 0xCD, 0x1D, 0xA9,
    0x16, 0xE7, 0xBA, 0x3A, 0x90, 0xDC, 0x82, 0xBB, 0xBE, 0xC8, 0x57, 0xE4, 0x26, 0xE3, 0x62, 0xAB,
    0xE6, 0xE7, 0x65, 0xA7, 0x43, 0xEB, 0xE8, 0x88, 0x23, 0x1A, 0x5A, 0x5D, 0x73, 0x76, 0x2F, 0xC5,
    0x89, 0xDF, 0x47, 0x18, 0xDE, 0xEB, 0x96, 0xF7, 0x33, 0x3E, 0xF3, 0x1C, 0x76, 0x7F, 0x71, 0x8F,
    0x40, 0xC3, 0x8D, 0x67, 0xB2, 0xA9, 0x18, 0xCA, 0x2F, 0x7A, 0x3F, 0xED, 0x9F, 0xF9, 0x91, 0x0E,
    0x25, 0x1B, 0x87, 0x99, 0x2B, 0x39, 0xCE, 0x5C, 0xA7, 0x5A, 0xEA, 0x7A, 0xD7, 0x30, 0xB0, 0xFC,
    0x4C, 0xA8, 0xBD, 0x2A, 0x32, 0xA8, 0x8D, 0x1B, 0xD2, 0x2F, 0xEB, 0x5D, 0xAB, 0x5D, 0xEF, 0x1A,
    0x06, 0x92, 0x7B, 0xD7, 0x78, 0x18, 0xB9, 0x77, 0x6D, 0xEB, 0x02, 0xBD, 0x6B, 0xFE, 0xA5, 0xF4,
    0xAE, 0x7D, 0x6D, 0x01, 0xF7, 0xF9, 0x15, 0xA4, 0x09, 0xB5, 0xE9, 0x2A, 0x48, 0x6C, 0xEA, 0xA4,
    0x82, 0xB4, 0x75, 0xC1, 0x0A, 0x92, 0x7F, 0x09, 0x15, 0xA4, 0xAF, 0xD5, 0x6B, 0x3B, 0x0F, 0xA7,
    0xFC, 0x49, 0x15, 0x69, 0xEB, 0x4B, 0xAA, 0x48, 0xFE, 0x1F, 0x54, 0x45, 0xFA, 0x4A, 0x5E, 0x7B,
    0xCF, 0xB1, 0xF3, 0xE4, 0x0E, 0xBC, 0xDA, 0x75, 0xE0, 0x11, 0x4F, 0xD2, 0x81, 0x47, 0x4C, 0x69,
    0x07, 0xDE, 0xD6, 0x05, 0x3A, 0xF0, 0xFC, 0xCB, 0xED, 0xC0, 0xBB, 0xEC, 0x40, 0xE5, 0xBC, 0x4E,
    0xBE, 0xDA, 0x75, 0xF2, 0x11, 0xCB, 0xD2, 0xC9, 0x07, 0x3D, 0x95, 0x4E, 0xBE, 0xAD, 0x0B, 0x74,
    0xF2, 0xF9, 0x5F, 0xA5, 0x93, 0xEF, 0x2B, 0x31, 0xF8, 0x1D, 0xC7, 0xE0, 0x93, 0xFB, 0xFF, 0x6A,
    0xD7, 0xFF, 0xC7, 0x63, 0x8A, 0xFE, 0x3F, 0x62, 0x50, 0xFB, 0xFF, 0xB6, 0x2E, 0xD0, 0xFF, 0xE7,
    0x5F, 0x6E, 0xFF, 0xDF, 0x65, 0x8F, 0xE9, 0x79, 0x7D, 0x84, 0xB5, 0xEB, 0x23, 0x24, 0x96, 0xA5,
    0x8F, 0x90, 0x58, 0xD6, 0x3E, 0xC2, 0xAD, 0x0B, 0xF4, 0x11, 0xFA, 0x97, 0xDB, 0x47, 0x78, 0xA9,
    0x0B, 0xA3, 0xC7, 0xF4, 0x23, 0xD6, 0xAE, 0x1F, 0x91, 0x58, 0x96, 0x7E, 0x44, 0x62, 0x59, 0xFB,
    0x11, 0xB7, 0x2E, 0xD0, 0x8F, 0xE8, 0x5F, 0x4A, 0x3F, 0xE2, 0xD7, 0x3B, 0xB8, 0xF2, 0xE3, 0x6D,
    0x23, 0xB1, 0x99, 0x2B, 0x41, 0x71, 0xE2, 0x5D, 0x26, 0x28, 0x4C, 0xC4, 0xF9, 0x0C, 0x6C, 0xA3,
    0x70, 0x3C, 0x03, 0x18, 0xE4, 0xD3, 0x19, 0xA4, 0xD7, 0x27, 0x13, 0x9F, 0xC2, 0x67, 0x33, 0x80,
    0x53, 0x3E, 0x9A, 0x81, 0x3B, 0x3C, 0x2A, 0x75, 0x28, 0x72, 0x30, 0x03, 0xBA, 0x29, 0xC6, 0x73,
    0x19, 0xCE, 0x25, 0x2E, 0xC1, 0x9F, 0x72, 0xF9, 0x81, 0x19, 0xFE, 0xF2, 0x16, 0xCA, 0x7A, 0x68,
    0xA1, 0x24, 0xAE, 0xB5, 0x85, 0x12, 0x69, 0x0D, 0x6D, 0xA1, 0xDC, 0xBA, 0x60, 0x0B, 0xA5, 0xFF,
    0x35, 0xB5, 0x50, 0x7E, 0x6D, 0xD1, 0xC5, 0xF9, 0x2D, 0x99, 0xF5, 0xD0, 0x92, 0x49, 0xD2, 0xD0,
    0x96, 0x4C, 0x4E, 0xE7, 0x49, 0x4B, 0xE6, 0xD6, 0x05, 0x5B, 0x32, 0xFD, 0xAF, 0xA9, 0x25, 0x73,
    0x76, 0xF2, 0x22, 0x3F, 0x57, 0x8D, 0x6D, 0x4C, 0x21, 0xD7, 0x53, 0x5F, 0x7C, 0x53, 0x8E, 0x8C,
    0x3A, 0xD3, 0xBA, 0x39, 0xB9, 0x90, 0x43, 0xF2, 0xB0, 0x8B, 0xCA, 0xAB, 0xBF, 0x6D, 0x87, 0x86,
    0xCD, 0xCB, 0x6A, 0xDD, 0xFC, 0xDA, 0x46, 0xEB, 0xFC, 0x56, 0xD0, 0x09, 0xB5, 0xE9, 0x5A, 0x41,
    0xE1, 0x63, 0xB5, 0x15, 0x74, 0xEB, 0x82, 0xAD, 0xA0, 0xFE, 0x25, 0xB4, 0x82, 0xCE, 0x4E, 0x30,
    0x3B, 0x3B, 0xC1, 0xB0, 0x72, 0x1B, 0x6A, 0x4A, 0xE1, 0xC5, 0x37, 0xEB, 0x31, 0x1E, 0x99, 0x4F,
    0x43, 0x5D, 0x9E, 0x97, 0xA1, 0x4C, 0x4A, 0x9E, 0x4B, 0x9B, 0x05, 0xDF, 0x74, 0xB6, 0x6D, 0x75,
    0x32, 0xE9, 0x16, 0x72, 0xDB, 0x95, 0x9B, 0x3C, 0xE9, 0xC9, 0x4B, 0xA2, 0x1A, 0xB3, 0xA7, 0x2F,
    0x57, 0x01, 0x77, 0x0D, 0xF0, 0x5F, 0x57, 0xF6, 0x5A, 0x9E, 0x52, 0xFE, 0x9A, 0x6F, 0xB1, 0xE5,
    0x23, 0x5C, 0xD2, 0xF0, 0x77, 0x7C, 0x4E, 0xAC, 0xF4, 0x69, 0xA6, 0x05, 0xD7, 0x00, 0xE2, 0x8A,
    0x57, 0x4F, 0x64, 0xA2, 0x8A, 0x2F, 0xE1, 0xE8, 0xBE, 0x72, 0x24, 0xAB, 0x96, 0x37, 0x9B, 0xF1,
    0x28, 0xB8, 0xF3, 0x5B, 0x4E, 0xE5, 0x37, 0x26, 0x3D, 0xF9, 0x65, 0x6E, 0x68, 0x21, 0xDF, 0xE2,
    0x8E, 0xBB, 0x62, 0xBE, 0xAD, 0x2D, 0xA7, 0xE9, 0x85, 0x5B, 0x4E, 0xEB, 0x8B, 0xB5, 0x9C, 0xEA,
    0x0F, 0xB6, 0xB6, 0x93, 0x50, 0x41, 0xEB, 0xFF, 0x68, 0x22, 0x42, 0x3C, 0x5F, 0xE1, 0xA7, 0x3E,
    0xF6, 0x57, 0xAA, 0x4E, 0xE7, 0xB5, 0xA8, 0x56, 0xD3, 0x2B, 0x7E, 0x79, 0x3E, 0xA8, 0x32, 0x9C,
    0x72, 0x5D, 0x5D, 0x3B, 0xDB, 0xA2, 0xBA, 0x3B, 0x69, 0x54, 0x6D, 0xB4, 0x51, 0x35, 0x7A, 0x97,
    0x1B, 0x55, 0x7F, 0xAC, 0x8D, 0xAA, 0x47, 0xDC, 0xA8, 0x7A, 0x9D, 0x7F, 0x6E, 0x14, 0x3F, 0xAD,
    0xDD, 0xDF, 0xFF, 0x09, 0xB7, 0xA8, 0x42, 0x92, 0x9B, 0xF7, 0xE5, 0xB7, 0x8B, 0xC3, 0xFA, 0xF2,
    0x7C, 0xC1, 0xF9, 0xF3, 0xE9, 0xFC, 0x96, 0xD7, 0x09, 0xB5, 0xE9, 0x5A, 0x5E, 0x69, 0x3E, 0xB9,
    0x96, 0xD7, 0xAD, 0x0B, 0xB6, 0xBC, 0xFA, 0x97, 0xDA, 0xF2, 0xFA, 0x95, 0x3C, 0xFF, 0xB7, 0x1C,
    0xF3, 0x4F, 0x6E, 0x94, 0xAD, 0x5D, 0xA3, 0x2C, 0x3C, 0x3F, 0x37, 0xCA, 0xC2, 0xE8, 0x4B, 0xA3,
    0xEC, 0xD6, 0x05, 0x1A, 0x65, 0xFD, 0xCB, 0x6D, 0x94, 0xFD, 0x7A, 0x33, 0xFB, 0xD2, 0x70, 0x5B,
    0xBB, 0x86, 0x5B, 0x38, 0x3A, 0x6E, 0xB8, 0x05, 0xCB, 0xD2, 0x70, 0xBB, 0x75, 0x81, 0x86, 0x5B,
    0xFF, 0x52, 0x1A, 0x6E, 0xBF, 0xDE, 0x84, 0xB1, 0x34, 0xEE, 0xD6, 0xAE, 0x71, 0x17, 0x4A, 0xCD,
    0x8D, 0xBB, 0xEC, 0xD1, 0xB9, 0x71, 0x77, 0xEB, 0x02, 0x8D, 0xBB, 0xFE, 0xA5, 0x34, 0xEE, 0x5E,
    0x52, 0xB2, 0xE0, 0x6C, 0xE3, 0x6F, 0xAD, 0x8D, 0xBF, 0x08, 0xCF, 0xAD, 0xAC, 0xAB, 0xA5, 0xF1,
    0x77, 0xEB, 0x4B, 0x1A, 0x7F, 0xFD, 0x4B, 0x6D, 0xFC, 0xFD, 0xFF, 0x37, 0x0D, 0xF4, 0x55, 0x1A,
    0x89, 0xFF, 0x1F, 0xD5, 0x7D, 0xBF, 0x93, 0xE4, 0xC6, 0x95, 0x66, 0x16, 0xA0, 0x6D, 0xAC, 0x1A,
    0x71, 0x07, 0x1A, 0x17, 0x17, 0xDA, 0xE6, 0xC6, 0x42, 0xC6, 0x18, 0xDC, 0xD1, 0x52, 0xF8, 0x03,
    0x76, 0xBA, 0x00, 0x92, 0x11, 0x2B, 0x83, 0x06, 0xD7, 0x3B, 0x53, 0x63, 0xAC, 0x41, 0x72, 0x8D,
    0xA1, 0xB1, 0xC6, 0x1A, 0x3D, 0x53, 0x45, 0x32, 0x2E, 0x68, 0x9C, 0xA1, 0xBE, 0x5B, 0xF3, 0x0C,
    0x8D, 0x31, 0x77, 0x4B, 0x8E, 0x8C, 0x71, 0xC6, 0xD8, 0xD8, 0xAB, 0x69, 0x80, 0xA4, 0xA1, 0xB8,
    0x90, 0x31, 0x25, 0xD2, 0x90, 0x21, 0x83, 0x90, 0xC4, 0x88, 0xBD, 0xD3, 0x18, 0x0D, 0x92, 0x90,
    0x04, 0x4E, 0xA3, 0x90, 0xF7, 0xBE, 0xEF, 0x65, 0x02, 0xD5, 0x3F, 0x66, 0x38, 0xA2, 0xA8, 0x3D,
    0x6D, 0x07, 0x09, 0xBC, 0xA9, 0xAE, 0x2E, 0xBC, 0xCC, 0x7C, 0x3F, 0xBF, 0x7C, 0x2F, 0x6B, 0x6E,
    0xF4, 0x67, 0x7E, 0xE6, 0x9E, 0xB9, 0x7B, 0xF2, 0xF0, 0x1D, 0xDE, 0x23, 0x6B, 0x2B, 0x12, 0xAF,
    0xDE, 0x69, 0xF4, 0x37, 0x33, 0xDE, 0x17, 0x56, 0x7F, 0xFC, 0x3D, 0x94, 0x57, 0x53, 0x79, 0x3D,
    0x18, 0xEF, 0x7B, 0x85, 0xDE, 0xF3, 0x26, 0x35, 0xEF, 0xC8, 0xFD, 0x5B, 0x5D, 0x6A, 0x6C, 0x25,
    0xBF, 0xEF, 0x53, 0x73, 0xA7, 0x91, 0xBB, 0xFC, 0x3B, 0x70, 0xF7, 0x59, 0x03, 0x4A, 0xFF, 0x9D,
    0xAC, 0x53, 0x13, 0xD6, 0xB3, 0xC1, 0x2E, 0x53, 0x13, 0x57, 0xC6, 0x6E, 0x4C, 0x62, 0xB2, 0xA5,
    0xD9, 0x3B, 0x34, 0xC9, 0xBB, 0x96, 0x1C, 0xC4, 0xB6, 0x53, 0x4E, 0xEC, 0xD2, 0x5C, 0xF8, 0x93,
    0xB8, 0xD7, 0xB3, 0xEA, 0xF4, 0xBF, 0xB7, 0xC6, 0x79, 0x01, 0x91, 0x99, 0x33, 0x63, 0x9F, 0x06,
    0x3F, 0x8D, 0xDE, 0x0D, 0x7F, 0x1C, 0x7F, 0x3D, 0x12, 0x98, 0x81, 0xC5, 0xD2, 0x74, 0x9C, 0x82,
    0x45, 0x4B, 0x62, 0xAF, 0x08, 0x06, 0x12, 0x79, 0x23, 0xCC, 0x74, 0x9C, 0x05, 0x47, 0x98, 0x3E,
    0xB0, 0x05, 0x89, 0x2E, 0xD3, 0x37, 0x9B, 0xAE, 0x2C, 0x48, 0xC8, 0xDB, 0xD7, 0x24, 0x92, 0x75,
    0x8E, 0x3F, 0xC7, 0x5C, 0xCC, 0xCA, 0xB5, 0x0C, 0x5A, 0x26, 0xC3, 0x44, 0x9D, 0x10, 0x32, 0x1B,
    0xC6, 0x1C, 0xE9, 0x34, 0x84, 0x75, 0xA2, 0x44, 0xDC, 0x84, 0xFE, 0x95, 0x59, 0xB7, 0x35, 0x1D,
    0x11, 0x2E, 0x29, 0xE6, 0x20, 0x07, 0xB5, 0x8F, 0xCB, 0xC1, 0x48, 0xF1, 0xB5, 0xA4, 0xC0, 0xDF,
    0x57, 0x3A, 0xAE, 0x8E, 0x17, 0x79, 0x1A, 0x5E, 0x2C, 0x31, 0x03, 0xFF, 0x0B, 0x83, 0x3E, 0xC0,
    0x67, 0xAE, 0xAE, 0xCB, 0xA5, 0x93, 0xBF, 0x99, 0xB5, 0xB2, 0xBC, 0x51, 0x93, 0x14, 0xC2, 0x59,
    0xB2, 0x8C, 0xAD, 0x7C, 0x44, 0xD2, 0x9A, 0xB4, 0x48, 0x2A, 0xF9, 0xC4, 0xA8, 0x31, 0x83, 0x2C,
    0xCF, 0x9D, 0x5E, 0x3E, 0xDE, 0x36, 0x58, 0x31, 0xCC, 0xC9, 0xCF, 0x1B, 0x13, 0x6C, 0x64, 0x9C,
    0xB3, 0x0D, 0x26, 0xD1, 0xFE, 0x4C, 0x2E, 0xD1, 0x80, 0x4F, 0xCE, 0x1B, 0x72, 0x8F, 0xD9, 0xBD,
    0xE9, 0xD8, 0x75, 0x0C, 0x3B, 0xF6, 0x1C, 0xAB, 0x8E, 0xED, 0xF1, 0x5F, 0xEE, 0x77, 0x64, 0x5E,
    0xD9, 0xF7, 0x0B, 0xD3, 0xB8, 0x1B, 0x07, 0x91, 0x16, 0x1C, 0xC6, 0x5C, 0x07, 0xB2, 0xD2, 0xA1,
    0xAC, 0x74, 0x30, 0xBD, 0x0E, 0x67, 0xA5, 0x03, 0x5A, 0xE9, 0x90, 0x0E, 0x0C, 0x07, 0xB5, 0x6F,
    0x38, 0xAC, 0xB9, 0xE1, 0xC0, 0xE4, 0x86, 0xA1, 0xCD, 0x75, 0x70, 0x73, 0x1D, 0xDE, 0x75, 0x0C,
    0xB0, 0x0E, 0xE4, 0x53, 0x82, 0x77, 0x4C, 0xA6, 0xA2, 0x91, 0x29, 0xE3, 0xFF, 0x81, 0xD2, 0xB2,
    0xC5, 0x60, 0x5E, 0x4C, 0xE2, 0xA6, 0xE3, 0xB8, 0xB2, 0x25, 0x80, 0x69, 0x61, 0xB6, 0x96, 0x40,
    0xD7, 0x80, 0x72, 0xCE, 0x55, 0xD0, 0x65, 0x30, 0xFF, 0xCC, 0x27, 0xAC, 0x7A, 0x5E, 0x39, 0x09,
    0x1D, 0xA4, 0x36, 0x6C, 0xA0, 0x6A, 0x59, 0x2D, 0xCF, 0x89, 0xED, 0x52, 0xA4, 0x5D, 0x04, 0x42,
    0x3E, 0x8F, 0xFC, 0xEE, 0x7C, 0xA7, 0x31, 0xA5, 0x49, 0xDE, 0x03, 0xB7, 0xC9, 0x72, 0x21, 0x1F,
    0x99, 0x2C, 0x83, 0x77, 0x3A, 0xFC, 0x52, 0x44, 0x2B, 0x5A, 0xCF, 0x6E, 0x76, 0x26, 0x1C, 0xCA,
    0x0D, 0xD6, 0xDB, 0xDE, 0x91, 0xEB, 0xEE, 0xA1, 0x93, 0x22, 0xBD, 0xDE, 0x1A, 0x45, 0x7D, 0x9C,
    0x55, 0x37, 0xB3, 0xED, 0xA4, 0x5A, 0x24, 0xB3, 0x8F, 0x31, 0xD2, 0x56, 0x3E, 0x38, 0xB6, 0xA2,
    0x99, 0xC9, 0xB2, 0x13, 0x31, 0x2E, 0xF1, 0xD6, 0xA8, 0x1A, 0x6C, 0x13, 0x0F, 0xC9, 0x73, 0xBD,
    0x88, 0xE6, 0xE2, 0x57, 0x8D, 0x4C, 0x6E, 0x91, 0x8B, 0x7C, 0xEF, 0x16, 0x9F, 0x89, 0x76, 0xC3,
    0x4E, 0xF4, 0x66, 0xF6, 0xE9, 0xE7, 0x10, 0x21, 0x4C, 0x53, 0x54, 0xDB, 0x9A, 0xAF, 0x26, 0x0F,
    0xCB, 0xEA, 0xE9, 0x3E, 0xF9, 0xAB, 0x52, 0xA6, 0xD7, 0x8A, 0xEE, 0x97, 0x2F, 0xBD, 0x28, 0x0A,
    0x60, 0xF6, 0x44, 0x48, 0x92, 0x8F, 0x9E, 0xBF, 0xE9, 0xC4, 0x3B, 0xD0, 0x19, 0xE2, 0xCF, 0x16,
    0x99, 0x4F, 0x64, 0x3A, 0x91, 0xE6, 0x1B, 0x23, 0xB5, 0xCF, 0x91, 0x6D, 0x0E, 0x67, 0xCB, 0x9C,
    0xB3, 0x3D, 0x34, 0x51, 0x93, 0x77, 0x18, 0x8C, 0x98, 0xA2, 0x6E, 0xCE, 0x61, 0x89, 0xEA, 0xAD,
    0xE6, 0x3A, 0x2A, 0xDB, 0x5D, 0x99, 0xEB, 0xA0, 0xF6, 0x96, 0x42, 0x71, 0x4C, 0xB2, 0x0A, 0x73,
    0x1D, 0x92, 0x09, 0xDA, 0x39, 0x47, 0xD4, 0xCC, 0xCA, 0x7A, 0xCE, 0x01, 0x35, 0x09, 0xC4, 0x84,
    0xE3, 0x89, 0x5B, 0x50, 0x18, 0x4E, 0x68, 0x97, 0x73, 0x37, 0x9A, 0xB4, 0x9D, 0xBB, 0xC1, 0xCC,
    0x86, 0xC9, 0x08, 0x1D, 0x8D, 0x5A, 0x3B, 0x78, 0x6A, 0x36, 0x52, 0x66, 0xFC, 0xAD, 0xF9, 0xF3,
    0x91, 0x3A, 0x34, 0x93, 0x69, 0xC2, 0x38, 0xFA, 0x78, 0x98, 0xD9, 0x8A, 0x54, 0x6E, 0x7F, 0x0C,
    0x0B, 0x26, 0x9F, 0x3E, 0x7C, 0xE7, 0xF3, 0x86, 0xB2, 0x16, 0xB4, 0xE6, 0x46, 0x63, 0x76, 0x20,
    0xC7, 0x0F, 0x0F, 0xD3, 0x46, 0x46, 0x34, 0x37, 0x4F, 0xCB, 0xDF, 0x08, 0x55, 0xCD, 0xCD, 0x66,
    0x18, 0x42, 0xAC, 0xD7, 0x3C, 0xDC, 0x98, 0x5C, 0x3E, 0x2F, 0xAC, 0xE7, 0xA2, 0x03, 0xA0, 0x82,
    0x26, 0x2B, 0xBF, 0x6B, 0xAE, 0x43, 0x73, 0xDB, 0x64, 0x93, 0x84, 0x3D, 0xA8, 0x55, 0x70, 0x98,
    0xA4, 0x0D, 0x28, 0x51, 0xC5, 0x34, 0x59, 0x82, 0x4A, 0xA9, 0x69, 0xA0, 0xA2, 0xCF, 0x77, 0x7A,
    0xA5, 0x66, 0x14, 0x18, 0x9A, 0xCE, 0x14, 0x46, 0x7B, 0xD6, 0x98, 0xD3, 0xE6, 0x14, 0x3F, 0x37,
    0x27, 0x49, 0xAB, 0x26, 0x8A, 0xC2, 0x25, 0x72, 0xD3, 0xA8, 0x98, 0x81, 0x11, 0xAE, 0xC7, 0xBB,
    0x4A, 0x61, 0x3D, 0xFA, 0x9D, 0xC0, 0xC9, 0x98, 0xB5, 0x6F, 0x34, 0xBA, 0x1E, 0xA9, 0x7D, 0xBE,
    0xD1, 0xF5, 0x88, 0x3A, 0x18, 0x64, 0xAC, 0x47, 0xB6, 0x06, 0x85, 0xF5, 0x38, 0xA2, 0x91, 0xC6,
    0x7A, 0xE4, 0x35, 0x28, 0xAC, 0x47, 0x6E, 0x41, 0x61, 0x3D, 0x66, 0xE5, 0x07, 0x9E, 0xAB, 0xE8,
    0xE1, 0xC8, 0xDF, 0x62, 0xA4, 0x92, 0x91, 0x0A, 0x75, 0xC6, 0x37, 0x3B, 0x26, 0xAF, 0x95, 0x4A,
    0x9F, 0xA3, 0xD2, 0x0A, 0xA7, 0xC9, 0x2F, 0xDA, 0x95, 0x52, 0xA1, 0xAD, 0x0E, 0x9C, 0x66, 0x94,
    0x0F, 0x7A, 0xF2, 0xFC, 0xE1, 0x3A, 0x75, 0x7A, 0xF1, 0x59, 0x9D, 0xFC, 0xB2, 0x20, 0xCF, 0x9F,
    0x36, 0xC9, 0x32, 0x2B, 0xC8, 0x73, 0x2B, 0x9A, 0x5A, 0x91, 0xE7, 0x3E, 0x79, 0x5D, 0xE6, 0x00,
    0x3C, 0x5F, 0x8F, 0x8F, 0x3F, 0x5B, 0x2B, 0xCF, 0xA1, 0x7D, 0xB3, 0x26, 0xCF, 0xC9, 0xF2, 0xE5,
    0x70, 0x4D, 0x9E, 0xA3, 0xDA, 0xD9, 0x3F, 0x13, 0x0C, 0xCF, 0x95, 0xCE, 0xDF, 0x2D, 0xAC, 0x97,
    0x9C, 0xC8, 0xD6, 0xE3, 0xEC, 0xF6, 0x23, 0x41, 0xEE, 0xD4, 0x14, 0x09, 0xB1, 0x30, 0x4E, 0x7F,
    0xE5, 0xD1, 0x3A, 0xB1, 0x8B, 0xE1, 0x6D, 0x9D, 0xD7, 0x03, 0x6B, 0x0B, 0x4E, 0xEB, 0xC1, 0x4E,
    0x59, 0x91, 0xC3, 0x03, 0xF9, 0x05, 0x19, 0x24, 0x01, 0xFE, 0x0E, 0xC0, 0x00, 0xD8, 0x3B, 0x80,
    0x51, 0x00, 0x77, 0x07, 0x74, 0xA9, 0xC2, 0xDC, 0x15, 0x2F, 0xB7, 0x79, 0xE4, 0xFC, 0x52, 0x26,
    0xFC, 0x8C, 0x52, 0x3E, 0x2E, 0x76, 0x3B, 0x51, 0xE4, 0xE8, 0x9E, 0x19, 0x79, 0x2B, 0x46, 0xE6,
    0x1E, 0xDE, 0x2E, 0x94, 0xBB, 0x83, 0xD1, 0xB4, 0x1C, 0xEC, 0x6D, 0x56, 0xBA, 0xEC, 0x07, 0xE6,
    0xC0, 0xA9, 0xE1, 0x81, 0xE9, 0x33, 0x5D, 0xF6, 0xFC, 0x4E, 0x93, 0xE9, 0xB2, 0x67, 0x76, 0x99,
    0xEB, 0xB2, 0x07, 0xB7, 0xC0, 0x12, 0xD5, 0xD0, 0x84, 0xBD, 0x72, 0x19, 0xDF, 0xB6, 0x6E, 0x61,
    0x13, 0xEB, 0xED, 0xC8, 0x4E, 0x69, 0x47, 0xF5, 0xBA, 0x36, 0xA9, 0x61, 0x59, 0x8F, 0x5A, 0x3A,
    0x52, 0xA6, 0x98, 0xAC, 0xE3, 0x96, 0x00, 0x7B, 0x11, 0x96, 0x3F, 0xEA, 0xFC, 0x68, 0x4C, 0xD8,
    0xF9, 0xC9, 0x7E, 0x6F, 0x9D, 0xAC, 0xB3, 0x87, 0x37, 0x55, 0x28, 0xC4, 0xEA, 0x85, 0x6E, 0x4C,
    0x9F, 0x0A, 0xCF, 0x4F, 0xED, 0x75, 0x1C, 0xD5, 0x27, 0x42, 0x0F, 0xB3, 0x56, 0xC7, 0xD5, 0x25,
    0xC7, 0xD6, 0x0B, 0xF4, 0x2A, 0xB6, 0xF7, 0x5F, 0xA8, 0x75, 0x6C, 0x73, 0xF3, 0x76, 0x02, 0x1A,
    0xA3, 0xCB, 0x64, 0x86, 0x40, 0x53, 0x44, 0x2A, 0x93, 0x86, 0xB5, 0x8E, 0x30, 0x6C, 0x4D, 0x1E,
    0x7A, 0x86, 0xED, 0x83, 0x7E, 0xA4, 0x33, 0xDB, 0x04, 0x63, 0x80, 0x73, 0x7B, 0x5B, 0x29, 0x1D,
    0xEF, 0xE7, 0x7F, 0x0E, 0x27, 0xB2, 0xD9, 0x7E, 0xB3, 0x1F, 0x78, 0x31, 0x85, 0x46, 0x05, 0x16,
    0xBB, 0x55, 0x43, 0xEC, 0x94, 0xC3, 0x30, 0xF8, 0x51, 0x9D, 0x58, 0x90, 0xC4, 0x8A, 0x46, 0xF6,
    0x25, 0x21, 0xB9, 0xA4, 0xB9, 0xB8, 0x61, 0x1D, 0xFD, 0xA7, 0xF0, 0xC1, 0x1D, 0x07, 0xFF, 0x29,
    0xDF, 0xC7, 0xB1, 0x7F, 0x22, 0x7E, 0xAE, 0xE9, 0x74, 0xE8, 0x65, 0x97, 0xF4, 0x9D, 0x5B, 0x57,
    0x9B, 0x60, 0x9A, 0xB9, 0xB0, 0xF9, 0xFD, 0x97, 0x3A, 0x67, 0x60, 0x63, 0xFB, 0x42, 0x37, 0x7A,
    0x8B, 0xE7, 0xC7, 0xD8, 0xA8, 0x2C, 0x6E, 0x5D, 0xE0, 0x2D, 0xE0, 0xAD, 0xA9, 0xCB, 0xF2, 0x77,
    0x62, 0x49, 0x0B, 0x47, 0x97, 0xF6, 0x47, 0x76, 0xED, 0x98, 0xDF, 0xC4, 0xC7, 0x6F, 0x39, 0x0F,
    0x18, 0xD5, 0xA1, 0x84, 0x33, 0x3A, 0x92, 0xA4, 0x0A, 0x5B, 0x89, 0xDA, 0xE8, 0xF8, 0x24, 0x88,
    0x6D, 0xA2, 0x5A, 0xBD, 0x44, 0x26, 0x03, 0xC9, 0x2B, 0x2E, 0x65, 0x4D, 0x7A, 0xCD, 0xD1, 0x34,
    0xE9, 0xFF, 0x09, 0x31, 0xEF, 0x70, 0x7E, 0x4D, 0xD2, 0x8B, 0xDB, 0x6D, 0x30, 0x9E, 0x5F, 0x34,
    0xB3, 0x5B, 0xE1, 0x20, 0x6B, 0x20, 0x03, 0x7A, 0x4F, 0x9E, 0x12, 0x1E, 0x3F, 0x68, 0x30, 0x22,
    0xAC, 0x4A, 0xF8, 0x2F, 0x10, 0x27, 0x19, 0x52, 0x6F, 0xFE, 0xE3, 0x0B, 0xF5, 0x2B, 0x6E, 0x18,
    0x0F, 0xEC, 0x89, 0x5F, 0xC9, 0xD4, 0x0E, 0xA3, 0x70, 0xCE, 0x6E, 0x17, 0xF1, 0x24, 0x9E, 0xC6,
    0xAF, 0xF6, 0x18, 0x0D, 0x9F, 0x27, 0x9C, 0x09, 0x91, 0xF7, 0x0E, 0xB7, 0x97, 0x2E, 0xC6, 0xB6,
    0xBD, 0xBE, 0xB4, 0x77, 0x7B, 0x33, 0x85, 0xCC, 0x5F, 0x64, 0x4B, 0x0E, 0xBC, 0xBA, 0x92, 0xA0,
    0xB6, 0xCE, 0x6E, 0x39, 0x65, 0x0D, 0xAD, 0xD3, 0xD5, 0x70, 0xB4, 0x25, 0xF1, 0x97, 0xB2, 0x25,
    0xFD, 0x05, 0xB6, 0x44, 0x99, 0xAE, 0xCE, 0x6A, 0x67, 0x52, 0x99, 0x53, 0xB1, 0xA2, 0x26, 0x29,
    0xA7, 0x5F, 0x19, 0xDF, 0x03, 0x93, 0xAA, 0xB2, 0xD2, 0x4C, 0xC6, 0x69, 0x18, 0x09, 0x5D, 0xF7,
    0x7C, 0xED, 0x24, 0x39, 0x6B, 0x9C, 0x1C, 0x7F, 0xBB, 0x77, 0x31, 0x4F, 0xEA, 0xA3, 0x83, 0x2C,
    0x55, 0xAB, 0x69, 0xE6, 0x89, 0x8E, 0xD4, 0x5C, 0x77, 0x56, 0x73, 0xD6, 0xCB, 0x43, 0x30, 0xD2,
    0x6B, 0xAD, 0x2C, 0x0B, 0x16, 0xDA, 0x56, 0xF2, 0x8A, 0x8C, 0x54, 0x1C, 0x6F, 0x44, 0x93, 0x1E,
    0x36, 0x8E, 0xA3, 0x59, 0x6F, 0x72, 0x5D, 0x8C, 0xC5, 0x03, 0xEB, 0x0D, 0x94, 0x97, 0x61, 0x31,
    0x86, 0x8F, 0x58, 0x8B, 0xD4, 0xAF, 0x45, 0xE2, 0xD7, 0x22, 0xF1, 0x6B, 0x91, 0x98, 0xBF, 0x50,
    0x0E, 0x13, 0xE3, 0xD6, 0x22, 0x91, 0x45, 0x01, 0x87, 0x6D, 0x72, 0xFC, 0xD1, 0x12, 0x1C, 0x76,
    0x91, 0x7D, 0x91, 0x6B, 0xD1, 0x9B, 0x5B, 0xBA, 0x16, 0x96, 0xE2, 0x21, 0x1C, 0x22, 0xBE, 0x5C,
    0x82, 0x43, 0x11, 0x2E, 0x8D, 0xAC, 0x82, 0xC1, 0x87, 0x28, 0x0B, 0xCF, 0x58, 0x2C, 0x76, 0xF3,
    0x4B, 0x08, 0x49, 0x70, 0x4E, 0x48, 0x82, 0xDF, 0x97, 0x90, 0x08, 0xDB, 0xA3, 0xCE, 0x87, 0x95,
    0xF3, 0xDE, 0x9D, 0xC4, 0x67, 0xA4, 0x4A, 0xFB, 0x26, 0x02, 0x15, 0x89, 0x00, 0x37, 0x4F, 0xFF,
    0x42, 0x97, 0x3A, 0x6C, 0x66, 0x27, 0x6B, 0x32, 0xFC, 0x7E, 0x8D, 0xE5, 0xA7, 0xC9, 0x6E, 0x4C,
    0xBA, 0x76, 0x06, 0xDB, 0xC4, 0x6B, 0xE5, 0x79, 0x80, 0x04, 0x91, 0xE9, 0x45, 0x03, 0x59, 0x62,
    0x2C, 0x48, 0x0A, 0x6C, 0x9B, 0xAB, 0xA0, 0xC0, 0xB7, 0x4A, 0x9A, 0x73, 0x42, 0x6B, 0x67, 0xAA,
    0x26, 0xE9, 0x7B, 0x62, 0x2A, 0x58, 0x4E, 0x2E, 0xB4, 0x9F, 0xA8, 0x6D, 0xD3, 0x4D, 0x6A, 0xAF,
    0x50, 0xEE, 0xD7, 0x81, 0xF8, 0x57, 0x75, 0x38, 0xD1, 0xC9, 0xC6, 0x71, 0x1F, 0x57, 0xB9, 0x3A,
    0x9B, 0x36, 0xAE, 0x24, 0x43, 0x00, 0xF7, 0x7D, 0x5C, 0xB9, 0x39, 0x47, 0x5E, 0x54, 0x39, 0x37,
    0x03, 0x0A, 0xDC, 0xCB, 0xD2, 0xAB, 0x3C, 0x40, 0x4C, 0x55, 0x20, 0xC4, 0xAF, 0xF9, 0x9C, 0x4C,
    0xDC, 0xCB, 0x66, 0x74, 0x2E, 0xED, 0xE4, 0x5A, 0x1E, 0x19, 0xB5, 0x6E, 0xB2, 0x8D, 0x8B, 0x5A,
    0x37, 0xD6, 0x3E, 0xA7, 0x4E, 0x33, 0xE8, 0xD2, 0x77, 0x35, 0xEE, 0x0B, 0xEB, 0xF0, 0x67, 0x8D,
    0x9B, 0xFB, 0xF0, 0x13, 0x8D, 0xFB, 0x3E, 0x68, 0xF0, 0x1A, 0xC5, 0xA5, 0x89, 0x7E, 0xEC, 0xE2,
    0x3E, 0x93, 0xBE, 0xEB, 0xE2, 0xBE, 0x3D, 0x1A, 0x4C, 0x06, 0x00, 0xDD, 0xCC, 0xC5, 0x7D, 0x79,
    0x35, 0x73, 0x71, 0x5F, 0xC6, 0x1C, 0x54, 0xB3, 0x8A, 0xD7, 0x1B, 0xEF, 0x26, 0x3E, 0x19, 0x5D,
    0xD9, 0x66, 0xA4, 0xF2, 0x8B, 0xE3, 0x3E, 0xCF, 0xFD, 0x56, 0xD4, 0x3A, 0x12, 0x2E, 0x66, 0x75,
    0x13, 0xBF, 0xF2, 0x62, 0xBE, 0x32, 0xF1, 0x92, 0x62, 0xBE, 0x92, 0x00, 0x82, 0x7C, 0x8B, 0x03,
    0xAF, 0xC9, 0xF6, 0x2A, 0xFF, 0xA9, 0x8A, 0xF9, 0x6A, 0x48, 0x74, 0xCA, 0x4B, 0xF1, 0x23, 0xEA,
    0xDD, 0x2A, 0xB1, 0x50, 0x60, 0xB9, 0x84, 0xA9, 0x02, 0xC7, 0xCF, 0xD0, 0x66, 0x51, 0x58, 0x26,
    0xE3, 0xF5, 0x18, 0x5B, 0x5E, 0x8D, 0x93, 0xCE, 0xE9, 0x8D, 0xBA, 0xC4, 0x3A, 0x69, 0x4F, 0x94,
    0xD5, 0x1C, 0x59, 0x3B, 0x88, 0xB9, 0x24, 0xAF, 0x64, 0x35, 0x8B, 0xAC, 0xB2, 0x2A, 0xA1, 0xD0,
    0xD2, 0xA7, 0x6F, 0x4B, 0x4D, 0xDE, 0x6A, 0x15, 0x8F, 0xCF, 0x06, 0x3C, 0x0B, 0xBE, 0x0B, 0x5E,
    0x59, 0xD3, 0xB6, 0x35, 0x6C, 0x03, 0x66, 0xB7, 0x77, 0x1A, 0x29, 0x29, 0xDB, 0xD2, 0x25, 0x6C,
    0x3F, 0x5D, 0x7A, 0x07, 0xEC, 0x39, 0xF4, 0x61, 0xAA, 0xCF, 0x98, 0x0D, 0x13, 0xD4, 0x0B, 0x27,
    0x53, 0x87, 0xE3, 0x08, 0x35, 0xB7, 0x20, 0xC0, 0xE1, 0xCE, 0x61, 0x5C, 0x69, 0xC8, 0x30, 0xC4,
    0xF4, 0xB1, 0x8D, 0x2D, 0x7F, 0xC4, 0xC9, 0xFC, 0xB4, 0x0D, 0x4F, 0x2A, 0xF5, 0xAE, 0x46, 0x83,
    0xE8, 0x9F, 0x8B, 0x83, 0xA5, 0xF4, 0xBE, 0xCB, 0x04, 0x18, 0x1C, 0x5A, 0x7E, 0xB2, 0x70, 0x98,
    0xFB, 0x19, 0xFB, 0xFA, 0x34, 0x75, 0x8F, 0x21, 0xE4, 0x6D, 0xA3, 0x5C, 0xE8, 0xBC, 0xCE, 0x64,
    0xF8, 0x54, 0xBF, 0x4D, 0x62, 0xFB, 0x44, 0xD5, 0x2F, 0x5F, 0x97, 0x89, 0x4A, 0x81, 0x24, 0xBA,
    0xF7, 0x55, 0x80, 0x1F, 0x16, 0x89, 0x55, 0xF5, 0xB3, 0x75, 0x6E, 0x29, 0xC0, 0x9F, 0x9C, 0x34,
    0x9B, 0x85, 0x13, 0xE0, 0xDF, 0xB4, 0x99, 0x0A, 0xB0, 0x91, 0xCF, 0x53, 0x01, 0x96, 0xB4, 0xD6,
    0x25, 0xC6, 0x41, 0x0F, 0x73, 0xCE, 0x44, 0xB2, 0x01, 0xC5, 0x39, 0x5E, 0xD2, 0xC4, 0x53, 0x1E,
    0x48, 0x79, 0xAE, 0x9E, 0x8C, 0xDA, 0xDD, 0x4A, 0xF0, 0xFB, 0x2D, 0x52, 0xD3, 0xDF, 0xD1, 0x7E,
    0xC8, 0xE8, 0xC2, 0xC1, 0x09, 0x72, 0xDC, 0x21, 0x4C, 0x75, 0x09, 0x7E, 0x68, 0x37, 0xCE, 0xDD,
    0x95, 0xE1, 0xBA, 0xD4, 0x41, 0xC4, 0x9B, 0x70, 0xED, 0x8C, 0x48, 0xB9, 0x0E, 0xD7, 0x6A, 0x45,
    0x3E, 0xDD, 0x88, 0xCD, 0x72, 0x66, 0x64, 0x28, 0xF8, 0x2A, 0x06, 0x62, 0xDB, 0xF0, 0xC7, 0x77,
    0x74, 0x2D, 0x76, 0x6C, 0xF8, 0x81, 0x75, 0x43, 0xC9, 0x3E, 0xFC, 0xB1, 0x0F, 0xCE, 0x82, 0x93,
    0xF5, 0x24, 0xC1, 0x13, 0x99, 0x4E, 0x64, 0xBC, 0x3E, 0x15, 0x9B, 0x2E, 0x26, 0xB0, 0xA2, 0xF1,
    0xF8, 0x0A, 0xAE, 0x71, 0x31, 0xA7, 0x90, 0xCD, 0xCD, 0x5D, 0x59, 0xC8, 0xB9, 0x4C, 0xA6, 0x64,
    0xBA, 0xB1, 0x98, 0xEB, 0x3A, 0x2B, 0xEF, 0x00, 0x6F, 0x1B, 0xC4, 0x69, 0x76, 0xC1, 0xCD, 0x84,
    0x4A, 0x9B, 0x30, 0xAB, 0xCD, 0x18, 0x18, 0xC0, 0xEC, 0x7D, 0x9E, 0x42, 0xA5, 0xF9, 0x91, 0x92,
    0x2C, 0x56, 0x88, 0x8D, 0xFE, 0x0B, 0xC4, 0xB0, 0x85, 0x4C, 0x44, 0xBC, 0x86, 0x7C, 0xC5, 0xA4,
    0x27, 0x15, 0x43, 0xA7, 0x6A, 0x02, 0x21, 0x77, 0xB7, 0x6C, 0xF4, 0x66, 0xA2, 0xCE, 0xD9, 0xE8,
    0x31, 0x2D, 0xF8, 0x33, 0xF3, 0xAC, 0xB3, 0xD1, 0x99, 0x64, 0x66, 0x6A, 0xA3, 0xF3, 0x99, 0x5D,
    0xAA, 0x8D, 0xCE, 0x8E, 0x4F, 0xD4, 0x5E, 0xF4, 0x89, 0x7D, 0xD3, 0xF9, 0xC5, 0xD9, 0xDB, 0x2E,
    0xA6, 0xC8, 0xE9, 0x1C, 0x68, 0xA3, 0x97, 0x46, 0xA3, 0x0A, 0xCC, 0x90, 0x93, 0x73, 0xB1, 0xD1,
    0x5E, 0xDF, 0xAC, 0x8F, 0x27, 0x24, 0x6C, 0x1C, 0x83, 0xE2, 0x29, 0xA2, 0x58, 0x6C, 0x29, 0xA0,
    0x53, 0x3F, 0xA7, 0x7C, 0x4E, 0xF5, 0x9C, 0xE2, 0x39, 0xB5, 0x8B, 0x95, 0x23, 0xE7, 0x32, 0x62,
    0x2E, 0x74, 0xA3, 0x8B, 0xBC, 0x56, 0x4F, 0x51, 0x93, 0x85, 0xFF, 0xD9, 0x50, 0x89, 0x82, 0x8E,
    0xB7, 0x74, 0xE0, 0x2D, 0x17, 0x9D, 0xC5, 0x2A, 0x05, 0x9C, 0xBA, 0xB9, 0xE2, 0x5D, 0x59, 0xC5,
    0xC9, 0x13, 0xAB, 0xC9, 0xF9, 0x34, 0x3B, 0x3E, 0xC5, 0xF2, 0xE9, 0x95, 0x62, 0x1B, 0x40, 0xE1,
    0x78, 0xEF, 0x74, 0x85, 0x03, 0x45, 0x35, 0xEE, 0xCA, 0x9D, 0xAB, 0xAC, 0x88, 0x46, 0x3C, 0x04,
    0x8D, 0xAE, 0x74, 0xD0, 0xE8, 0x5A, 0xC3, 0x03, 0x70, 0xB5, 0x5B, 0xB7, 0xDE, 0x9D, 0x5B, 0xF1,
    0xCE, 0xAD, 0x79, 0xE7, 0x30, 0x8C, 0x4E, 0xD7, 0x7D, 0xD6, 0x72, 0xA6, 0x8A, 0xD8, 0x59, 0xFF,
    0xB2, 0x3A, 0x0D, 0xCA, 0xFC, 0xF5, 0xEF, 0x47, 0xF2, 0x82, 0xB7, 0xC0, 0x43, 0x54, 0x41, 0x27,
    0xA3, 0xEA, 0x69, 0xBB, 0x82, 0x07, 0x96, 0x58, 0x27, 0xAC, 0x67, 0xB7, 0x0E, 0x24, 0xF6, 0x2A,
    0xE5, 0x15, 0xC9, 0x4E, 0x8E, 0x45, 0x3A, 0x77, 0x6E, 0x06, 0xEA, 0x76, 0xF4, 0xFA, 0xF2, 0x24,
    0x73, 0xC3, 0x44, 0x79, 0x49, 0x4B, 0x96, 0x13, 0xC5, 0x55, 0xDD, 0x39, 0xDC, 0x7D, 0x49, 0xAD,
    0x7E, 0x3E, 0xE4, 0xC7, 0x6A, 0xF6, 0x6D, 0x39, 0xA8, 0xCC, 0x7D, 0xDA, 0xC6, 0x4D, 0xBE, 0xD4,
    0xBC, 0x25, 0x6C, 0x9C, 0xE5, 0x07, 0x5C, 0x4F, 0xD3, 0xFF, 0xB3, 0xCE, 0x14, 0xCE, 0xF6, 0x0F,
    0xC6, 0x87, 0x63, 0xF9, 0x18, 0x17, 0xC4, 0xCB, 0x2D, 0x0C, 0xFE, 0x49, 0xA9, 0x4B, 0xA3, 0x66,
    0x1C, 0x38, 0x4C, 0x34, 0xEE, 0x16, 0x0E, 0x82, 0xCC, 0x6D, 0xC9, 0xFC, 0xEB, 0x8F, 0xD3, 0x0D,
    0xB5, 0x12, 0x28, 0x4B, 0x0B, 0xE3, 0x88, 0x71, 0x84, 0x48, 0xA9, 0x38, 0x0E, 0x49, 0x78, 0x0F,
    0x1C, 0xFA, 0xD8, 0x73, 0xC6, 0x44, 0x77, 0xCA, 0x85, 0x44, 0x8E, 0x1C, 0xC7, 0x26, 0x91, 0x60,
    0x92, 0xC9, 0xE4, 0xE1, 0xEC, 0xE6, 0x81, 0x8B, 0xCE, 0x18, 0x96, 0x6A, 0x74, 0x06, 0x4A, 0xA3,
    0x33, 0x86, 0xAA, 0x6A, 0x60, 0x0F, 0xB6, 0xB8, 0x7A, 0x32, 0xEA, 0x99, 0x47, 0xE2, 0x5A, 0x62,
    0x5E, 0x83, 0xC6, 0x59, 0xD7, 0xDA, 0xE1, 0x5A, 0x55, 0xBC, 0xF1, 0xB8, 0x96, 0x59, 0xBC, 0xD7,
    0x78, 0xD3, 0xFA, 0xEB, 0xC6, 0x5B, 0x56, 0xEB, 0xE2, 0x9B, 0x72, 0x9D, 0x69, 0x7C, 0x23, 0x76,
    0x35, 0x72, 0xF1, 0xCD, 0x50, 0x78, 0x5C, 0xCB, 0x76, 0x1E, 0xD7, 0xDA, 0x01, 0x12, 0xA6, 0xDC,
    0xA7, 0x3F, 0xF7, 0x71, 0x4B, 0x30, 0x7C, 0x51, 0x7C, 0xF3, 0x28, 0x50, 0x06, 0x4E, 0xE0, 0x0A,
    0x79, 0x0E, 0x24, 0x1D, 0xBE, 0xA2, 0x3C, 0x47, 0x2D, 0x28, 0xF2, 0xBC, 0xFA, 0xF3, 0x2B, 0x8E,
    0xE7, 0x2B, 0xD6, 0xC1, 0xBD, 0x12, 0x01, 0xF6, 0xCE, 0xA5, 0x65, 0x12, 0xFB, 0xA8, 0x4B, 0x4B,
    0xAB, 0x2B, 0xE4, 0xF9, 0x67, 0x55, 0x86, 0xCF, 0x13, 0x9E, 0xDF, 0x6F, 0x6E, 0x80, 0x02, 0xCF,
    0x43, 0xCF, 0x67, 0xC0, 0x2B, 0x37, 0x0E, 0x25, 0x37, 0x3B, 0x4B, 0x4F, 0x8D, 0xC8, 0xF9, 0x59,
    0x6A, 0x71, 0x16, 0xA7, 0xD6, 0x1C, 0x3D, 0xF3, 0x18, 0x75, 0xFC, 0x7F, 0x9D, 0x03, 0xCB, 0xAC,
    0x86, 0xEF, 0xEB, 0xF2, 0x4E, 0xAB, 0xDC, 0x76, 0xC6, 0x31, 0xDB, 0x9A, 0x7D, 0xE5, 0xF5, 0xA6,
    0x71, 0x30, 0xAE, 0xF1, 0x28, 0xAE, 0xEA, 0xA6, 0x4C, 0x6E, 0x11, 0x29, 0xC6, 0x00, 0x93, 0x46,
    0x36, 0x83, 0x11, 0x68, 0x8B, 0xC7, 0xF4, 0x22, 0xF3, 0xB9, 0x67, 0x30, 0xE6, 0xCD, 0x8B, 0x31,
    0x36, 0x1B, 0x53, 0xF4, 0xE5, 0xA3, 0x23, 0xF7, 0x09, 0x5A, 0x07, 0xE5, 0xC0, 0xA2, 0xA5, 0xF1,
    0x50, 0xD1, 0xF2, 0x59, 0xE7, 0x15, 0x92, 0x65, 0xE9, 0x60, 0xA2, 0xE4, 0x0D, 0xAB, 0x4E, 0xB7,
    0x8B, 0x8F, 0x1F, 0xB8, 0xC8, 0x3D, 0xB4, 0x6F, 0xF9, 0xC8, 0xFD, 0xED, 0x50, 0x3D, 0x6E, 0xC6,
    0x98, 0xD0, 0x45, 0xEE, 0xDE, 0x2B, 0x34, 0x5E, 0xF3, 0x66, 0xC3, 0x73, 0xA5, 0x17, 0x0D, 0x9F,
    0xFB, 0x9B, 0xC8, 0xAE, 0xCD, 0xA3, 0x7F, 0x82, 0x49, 0x70, 0xDA, 0xF3, 0x21, 0xF2, 0xF6, 0x76,
    0xD9, 0x1F, 0x6A, 0x2A, 0x78, 0xEE, 0x67, 0x04, 0xE4, 0xCB, 0x73, 0xAF, 0x6C, 0x0D, 0xC7, 0x4E,
    0xCB, 0xB7, 0x74, 0x0A, 0x4D, 0x94, 0x45, 0xC3, 0xA5, 0x7A, 0x8C, 0x96, 0xEA, 0x31, 0x58, 0xAA,
    0xC7, 0x58, 0xA9, 0x1E, 0x43, 0xA5, 0xDA, 0x2B, 0x34, 0xFE, 0xD6, 0x05, 0x4A, 0x0E, 0xD5, 0x03,
    0xEC, 0xEA, 0x15, 0x3A, 0xAC, 0xBD, 0x42, 0xBF, 0x50, 0x7B, 0x85, 0xFE, 0xC5, 0x28, 0x64, 0x27,
    0x23, 0xBA, 0x93, 0xD7, 0x7E, 0xF7, 0x33, 0x19, 0x5F, 0xDB, 0x82, 0x29, 0xCD, 0x85, 0xC9, 0xA2,
    0x2E, 0x17, 0x1F, 0x41, 0x2A, 0xFE, 0x1C, 0xD4, 0x65, 0x26, 0x1C, 0xB5, 0xDB, 0xC0, 0xB4, 0x54,
    0xE3, 0x6F, 0x75, 0x81, 0x7D, 0x73, 0xBD, 0xE0, 0x16, 0x66, 0xD6, 0x4A, 0x9C, 0x87, 0x3D, 0xDD,
    0x4E, 0x18, 0x95, 0xD8, 0x0E, 0xD4, 0x91, 0x50, 0x61, 0xC5, 0x5D, 0xCC, 0x4E, 0x5F, 0x4B, 0xD6,
    0x12, 0xD8, 0x49, 0x8C, 0x87, 0x7D, 0x4C, 0x89, 0xEB, 0x3E, 0xB0, 0x05, 0x37, 0x32, 0xC3, 0xDF,
    0xAC, 0xDF, 0x76, 0x3B, 0x99, 0xE5, 0x28, 0x5D, 0xF9, 0x48, 0x25, 0x23, 0x15, 0x4D, 0xB2, 0xB7,
    0x33, 0xA1, 0x36, 0xE0, 0xFD, 0x92, 0xB9, 0x9A, 0xD0, 0xB3, 0xAD, 0x66, 0x7D, 0x82, 0x9D, 0x0B,
    0xB3, 0x8A, 0x06, 0x04, 0x9E, 0x32, 0xC8, 0xF2, 0x18, 0xC4, 0xE5, 0x22, 0x1F, 0x12, 0x10, 0x79,
    0xB3, 0x73, 0x93, 0xC4, 0xB7, 0x44, 0x77, 0x33, 0xBE, 0x47, 0xE4, 0xE1, 0x1E, 0x89, 0xCE, 0x5C,
    0xEB, 0x94, 0x08, 0x91, 0xF6, 0x80, 0x77, 0x51, 0x5A, 0x10, 0xC2, 0x84, 0x15, 0x55, 0x23, 0xE7,
    0xD1, 0x46, 0x64, 0x0B, 0x8C, 0x9B, 0xC5, 0xF7, 0x96, 0xCA, 0x77, 0x7C, 0xEC, 0x34, 0x7A, 0xDA,
    0x8A, 0x5E, 0x9C, 0x4B, 0x6A, 0x76, 0x8B, 0xD1, 0x11, 0x9C, 0xB2, 0x54, 0x22, 0x22, 0xBA, 0xF1,
    0x14, 0xDB, 0x4E, 0xA6, 0x4A, 0x78, 0xCE, 0xD6, 0xE5, 0x9C, 0xF3, 0x7F, 0xC3, 0x24, 0x1B, 0x4E,
    0xFF, 0xE6, 0x56, 0xB8, 0xE1, 0xEC, 0xCB, 0xBA, 0x6F, 0x38, 0xF9, 0x79, 0x59, 0x5D, 0xE7, 0xDC,
    0x8B, 0xC8, 0xEF, 0x73, 0xD7, 0x58, 0x24, 0xCA, 0x11, 0x09, 0x09, 0x21, 0xCB, 0x62, 0x9F, 0xDB,
    0xC7, 0xF2, 0xC7, 0xFB, 0xBA, 0x7D, 0xDC, 0x60, 0xCF, 0x14, 0xCC, 0x17, 0x20, 0xC8, 0xBC, 0xDF,
    0x45, 0x7D, 0x2C, 0xF1, 0xCC, 0x05, 0x46, 0x35, 0xD4, 0xFD, 0x9E, 0x9E, 0xAC, 0x5E, 0x81, 0x55,
    0x04, 0xAB, 0x07, 0x4A, 0xE4, 0x12, 0xA5, 0x2E, 0x57, 0xCA, 0xAA, 0xAD, 0x57, 0x64, 0x55, 0xAC,
    0x07, 0x89, 0x4E, 0xF4, 0x43, 0x89, 0xB8, 0x25, 0x11, 0x34, 0x32, 0x4B, 0x2B, 0xB2, 0x9A, 0x60,
    0x4B, 0x16, 0xAC, 0x26, 0x56, 0x12, 0x65, 0xB2, 0x7A, 0x0D, 0x1B, 0x28, 0x60, 0x75, 0x36, 0xAC,
    0x7C, 0x9C, 0xEA, 0x0D, 0x52, 0xE8, 0x09, 0x61, 0x83, 0x93, 0xB9, 0x94, 0x0F, 0x00, 0x11, 0xAD,
    0x17, 0x03, 0x8D, 0x4F, 0xD8, 0x6D, 0x32, 0x15, 0x66, 0xCB, 0xCA, 0x02, 0x91, 0xE5, 0xEC, 0xA1,
    0x25, 0x87, 0x6D, 0xE4, 0x24, 0xB9, 0x0B, 0x1F, 0x1E, 0x92, 0xC3, 0x55, 0x58, 0xC7, 0xD8, 0x1D,
    0xEA, 0xF6, 0xC3, 0x3A, 0x65, 0x51, 0x42, 0x2E, 0xDA, 0xA9, 0x55, 0x09, 0xCF, 0x9F, 0xF4, 0x2D,
    0x39, 0xAC, 0x6C, 0xDD, 0xCD, 0x18, 0x0E, 0xED, 0x89, 0x86, 0x0B, 0x87, 0x33, 0x6E, 0xDB, 0x83,
    0xC3, 0xF2, 0xF0, 0x5A, 0xED, 0x02, 0x69, 0xEB, 0x81, 0xD3, 0xEE, 0xF1, 0x45, 0x12, 0x95, 0x2A,
    0x58, 0xDA, 0xB8, 0x22, 0x09, 0x7B, 0x5B, 0x8B, 0x24, 0x72, 0xBB, 0x66, 0x91, 0xC4, 0xEC, 0xCE,
    0x56, 0x71, 0xC4, 0x6F, 0x53, 0x24, 0x31, 0x9C, 0x2B, 0x92, 0x58, 0x9C, 0x4D, 0x3C, 0x36, 0x94,
    0xB6, 0xC2, 0xB3, 0xB2, 0x36, 0x8E, 0x97, 0xE1, 0xF6, 0xA1, 0x32, 0x93, 0xBB, 0x09, 0x4A, 0x77,
    0xCA, 0x6B, 0x46, 0x6B, 0x36, 0x52, 0xD5, 0x90, 0xD4, 0xE4, 0x31, 0xF5, 0x3C, 0x79, 0xD0, 0xC7,
    0x54, 0xF3, 0x58, 0x34, 0x84, 0x5A, 0x6E, 0xDE, 0x11, 0x1E, 0xA8, 0x2A, 0x32, 0xE7, 0x5C, 0xC2,
    0xE0, 0x97, 0x65, 0xCF, 0x25, 0x0C, 0xAD, 0x73, 0x20, 0xB3, 0x3B, 0xF6, 0x63, 0xB7, 0x70, 0x4F,
    0x8F, 0x3A, 0x93, 0xF9, 0xE4, 0x63, 0x2A, 0x5B, 0x78, 0xEA, 0xE2, 0x5D, 0x67, 0x35, 0x53, 0xD9,
    0x30, 0x3A, 0x9D, 0xC1, 0xCF, 0xE3, 0xDD, 0xB0, 0x8D, 0x87, 0xB7, 0xC9, 0xBD, 0x98, 0x1D, 0xE3,
    0xF8, 0x5F, 0xC5, 0xD5, 0xD7, 0x76, 0xB8, 0xDB, 0xD7, 0x1F, 0xC4, 0x55, 0xBE, 0xA4, 0xEA, 0x74,
    0xF3, 0xF0, 0x04, 0x42, 0xC6, 0xDA, 0x8B, 0xC0, 0x7E, 0xB6, 0xD6, 0xA2, 0x8B, 0x64, 0x79, 0x39,
    0x5C, 0x6B, 0xD9, 0x05, 0x90, 0xBC, 0xB5, 0x16, 0x5E, 0x30, 0x79, 0x70, 0xA5, 0x17, 0x32, 0xCB,
    0x95, 0x2B, 0xBE, 0xC8, 0x45, 0x94, 0x46, 0xA8, 0xB3, 0x37, 0x5E, 0x3E, 0x5F, 0x5D, 0x6E, 0x05,
    0x7E, 0x93, 0x16, 0x6D, 0xFF, 0x5C, 0xBA, 0x20, 0x74, 0xD9, 0xF7, 0x4B, 0xE4, 0x2C, 0x82, 0x52,
    0x3A, 0xD8, 0x68, 0x3D, 0x77, 0x63, 0x2D, 0x49, 0x89, 0x1C, 0xA7, 0x96, 0x54, 0xDE, 0xCC, 0xEC,
    0x87, 0xA4, 0xBE, 0xD5, 0x25, 0x7D, 0xA8, 0xEF, 0xEB, 0xCB, 0xCA, 0x51, 0xDD, 0x11, 0xB6, 0x6F,
    0x49, 0x2D, 0xEA, 0xB0, 0x9F, 0xAB, 0xBE, 0x0D, 0xA1, 0x9D, 0x73, 0x8C, 0xA6, 0x7C, 0xFF, 0x78,
    0xE0, 0x10, 0x4D, 0xF2, 0xD9, 0x87, 0x83, 0x8E, 0x50, 0x62, 0xBA, 0x61, 0xB4, 0xC9, 0x3E, 0xAF,
    0xC9, 0xD6, 0x7F, 0x7E, 0xCE, 0x26, 0x03, 0x7D, 0x5C, 0x30, 0x39, 0x0C, 0xC4, 0x09, 0xAE, 0x95,
    0xCC, 0xEC, 0xA7, 0x92, 0xCD, 0x2B, 0xAF, 0xCF, 0x9F, 0xFC, 0xAC, 0x27, 0xDB, 0xB2, 0xA6, 0xB6,
    0x38, 0x20, 0xDF, 0xF2, 0xAB, 0x8D, 0x59, 0xD1, 0x99, 0x00, 0x07, 0x9F, 0x75, 0xB4, 0xC6, 0x22,
    0xBF, 0x5D, 0xC2, 0x7D, 0x90, 0xBF, 0x27, 0xD9, 0x82, 0xE3, 0x55, 0xF4, 0x50, 0x34, 0x7B, 0x45,
    0x52, 0x02, 0x80, 0xC1, 0x5C, 0x01, 0xF7, 0xBD, 0x79, 0xC5, 0xD8, 0xE5, 0x01, 0xD8, 0xC7, 0x8C,
    0x9F, 0x3C, 0xEC, 0xC1, 0x3F, 0x66, 0xFC, 0x73, 0xF1, 0xA9, 0x32, 0x80, 0xDC, 0xFC, 0xD1, 0x61,
    0xB7, 0x57, 0x60, 0x04, 0xA2, 0xEC, 0x43, 0x37, 0xD6, 0xF1, 0xDC, 0xF1, 0x92, 0xF5, 0xEA, 0x61,
    0xB0, 0x55, 0x1B, 0xD3, 0x9D, 0xDA, 0x19, 0x39, 0x7B, 0x1F, 0xE3, 0x1A, 0x7B, 0xFB, 0xA6, 0xF7,
    0x9C, 0xEA, 0x86, 0x6E, 0x97, 0xC5, 0x59, 0xC4, 0xEA, 0xD1, 0x95, 0x50, 0x97, 0xB7, 0x2A, 0xA1,
    0x5E, 0x39, 0x53, 0x09, 0x75, 0xFC, 0xD5, 0x56, 0x42, 0xBD, 0x76, 0x56, 0x91, 0xC6, 0x30, 0x6C,
    0x84, 0x8B, 0xA3, 0x73, 0xDB, 0x1C, 0x53, 0xA8, 0x36, 0x46, 0x6F, 0xAB, 0xAD, 0x30, 0x61, 0x1C,
    0xE1, 0x92, 0x6F, 0x4C, 0x5A, 0x37, 0x31, 0x71, 0xEF, 0x42, 0x84, 0xB8, 0xD4, 0xD1, 0x99, 0xE8,
    0xFE, 0x52, 0x4B, 0x9C, 0xE2, 0x1F, 0xAE, 0xD5, 0x47, 0x25, 0x6F, 0x36, 0xEA, 0x9A, 0xD2, 0xE7,
    0x1C, 0xB1, 0x60, 0x7D, 0x45, 0xD0, 0x3C, 0xBD, 0x71, 0x25, 0x4E, 0x92, 0xC8, 0xB1, 0xCE, 0x62,
    0x69, 0x0B, 0x24, 0xD8, 0x32, 0x4A, 0xDD, 0xED, 0x97, 0x61, 0x2E, 0x8C, 0x8B, 0x60, 0xD2, 0x87,
    0xAE, 0x10, 0x2B, 0x1C, 0x03, 0xED, 0xCB, 0x87, 0x5B, 0x81, 0xCC, 0x16, 0x45, 0x1E, 0xB9, 0x80,
    0xC1, 0x16, 0x05, 0xFB, 0x50, 0xBB, 0x45, 0x90, 0x40, 0x2A, 0x2E, 0xD4, 0x3A, 0x48, 0xFA, 0x5D,
    0xA9, 0x71, 0x08, 0xEB, 0xB2, 0x56, 0xDB, 0x10, 0x9C, 0x3C, 0x54, 0x56, 0x33, 0x96, 0x28, 0x39,
    0xCB, 0xC0, 0xC2, 0x83, 0x04, 0x38, 0x86, 0x50, 0xCE, 0x2E, 0xE0, 0x01, 0x50, 0x9A, 0x9E, 0x4F,
    0x81, 0xD2, 0x2C, 0x0E, 0xAF, 0x55, 0xE3, 0x16, 0xB2, 0x5F, 0x0A, 0xE4, 0x4D, 0xBF, 0x9D, 0x90,
    0xFC, 0xDE, 0xCB, 0xE5, 0x0E, 0xA7, 0xAD, 0x5B, 0xFA, 0xCC, 0xC1, 0xE8, 0x6E, 0xAD, 0x84, 0xC6,
    0xAE, 0x90, 0xED, 0xAF, 0xBA, 0xD6, 0xE8, 0x36, 0xF3, 0x8D, 0x96, 0xDC, 0x75, 0x58, 0x78, 0xB0,
    0xD7, 0x9B, 0xA8, 0xD5, 0xD9, 0x43, 0x2D, 0x09, 0x18, 0xCC, 0x97, 0x5C, 0x53, 0xE1, 0xAC, 0x77,
    0x44, 0xD8, 0xBB, 0x55, 0x36, 0xDF, 0x20, 0x91, 0xAC, 0x7D, 0x35, 0xCD, 0x52, 0xA5, 0x8C, 0x61,
    0x14, 0x08, 0x8D, 0x44, 0xDA, 0x73, 0x02, 0x78, 0x9E, 0xB8, 0x08, 0x68, 0x1F, 0x25, 0x57, 0x35,
    0x75, 0xE7, 0x90, 0xAC, 0xB6, 0xA6, 0xD4, 0xA0, 0x09, 0xDE, 0xBA, 0x20, 0xAB, 0xC2, 0x02, 0xE7,
    0xF2, 0x7A, 0xD0, 0x84, 0x35, 0xDD, 0x3B, 0x83, 0x3C, 0xAE, 0xB2, 0x9B, 0x4E, 0x09, 0xEE, 0x66,
    0x9C, 0xCF, 0x08, 0xB2, 0xEB, 0x96, 0x58, 0x16, 0x16, 0xAC, 0x0E, 0xC8, 0x94, 0x9C, 0xD9, 0x77,
    0xC5, 0x66, 0x76, 0x33, 0x99, 0xFC, 0xB3, 0x96, 0x5D, 0xF1, 0x8A, 0xD8, 0x16, 0x0A, 0x57, 0x88,
    0x47, 0x5F, 0xD0, 0x73, 0x1D, 0x45, 0xCD, 0x01, 0x59, 0xED, 0x4C, 0x77, 0xE0, 0x66, 0xB5, 0x3F,
    0x20, 0xAB, 0x2B, 0x7D, 0xE5, 0x5B, 0xDD, 0x95, 0x59, 0x7B, 0xA0, 0xBA, 0xE3, 0xDE, 0xDC, 0xED,
    0x20, 0xAD, 0xA1, 0xC7, 0x1D, 0xCC, 0x81, 0xAE, 0x79, 0x43, 0x42, 0xC4, 0xD1, 0xA2, 0x56, 0x8D,
    0x61, 0xB5, 0xE4, 0x40, 0x6A, 0xC1, 0xE5, 0x03, 0x75, 0x56, 0x73, 0xEF, 0x89, 0x92, 0x8B, 0x82,
    0x26, 0xF7, 0x33, 0x41, 0x44, 0x23, 0x36, 0x51, 0xB9, 0xF8, 0x4E, 0x67, 0x35, 0x33, 0x4E, 0x3C,
    0x25, 0x98, 0xD2, 0x44, 0x20, 0x83, 0xBF, 0x06, 0xAB, 0xE2, 0x3B, 0xB5, 0x92, 0x31, 0x4B, 0x7E,
    0xED, 0x54, 0x26, 0x77, 0xFA, 0x9E, 0xF5, 0xCC, 0x6A, 0xC4, 0xDF, 0x34, 0xDC, 0x0B, 0x4B, 0xD6,
    0x19, 0xF6, 0x37, 0xC1, 0xEA, 0x2E, 0x0D, 0x0F, 0xA7, 0x8F, 0xB5, 0x2B, 0x87, 0x5B, 0x06, 0x77,
    0x22, 0xA6, 0x94, 0xB2, 0x39, 0x9D, 0xB8, 0xCC, 0xC4, 0x81, 0x55, 0x2A, 0xB4, 0xA1, 0xB2, 0x2A,
    0x61, 0xAE, 0xEA, 0x62, 0xB2, 0x8C, 0x6B, 0xB2, 0x1A, 0xBF, 0xEB, 0x72, 0x96, 0x50, 0x93, 0x17,
    0xA6, 0x2C, 0xB5, 0xB2, 0xDA, 0x85, 0xAA, 0xE7, 0x08, 0xE3, 0x46, 0x2F, 0xA9, 0x45, 0x97, 0x2D,
    0x09, 0xCC, 0xAA, 0x10, 0x2E, 0x59, 0xA9, 0x95, 0xD5, 0xF0, 0xD7, 0xB5, 0x77, 0x8B, 0xF5, 0xD9,
    0xFC, 0x3E, 0xDE, 0x62, 0xFE, 0xE2, 0xC9, 0xE4, 0x70, 0x82, 0x89, 0x10, 0x9B, 0xA9, 0x84, 0x78,
    0xF0, 0x5B, 0x24, 0xC4, 0x81, 0xA3, 0x74, 0x89, 0xDA, 0x74, 0xFC, 0xA9, 0xCE, 0xE1, 0x3D, 0x33,
    0x28, 0xB1, 0x02, 0x0A, 0x02, 0x0E, 0x57, 0x80, 0x68, 0xC0, 0xE1, 0x0D, 0x98, 0x39, 0x70, 0x98,
    0x57, 0xCE, 0x08, 0x51, 0xBC, 0xC1, 0x61, 0x50, 0x04, 0xCD, 0xD9, 0x39, 0x3C, 0x4F, 0x9C, 0xDF,
    0xFB, 0x34, 0x8B, 0x36, 0x54, 0x3B, 0x1A, 0xE2, 0x3F, 0xDA, 0xD1, 0xA4, 0xCD, 0xDE, 0xA7, 0x7D,
    0x94, 0x5C, 0x34, 0xFC, 0xAC, 0x22, 0xE7, 0xC3, 0xA1, 0x4C, 0xBB, 0xA6, 0x24, 0xC2, 0x73, 0x45,
    0xDE, 0x6F, 0xF4, 0xF9, 0x77, 0xD5, 0x8E, 0x9A, 0xFD, 0x4D, 0x5C, 0xA9, 0xA1, 0x97, 0xE9, 0xF4,
    0xD4, 0x9A, 0x14, 0xF2, 0x12, 0x02, 0x0F, 0x30, 0x07, 0x3D, 0x28, 0xCE, 0xF1, 0x37, 0xB9, 0x41,
    0xA5, 0xEA, 0x04, 0x4A, 0x2D, 0xC2, 0xB4, 0x69, 0xF5, 0x78, 0x6A, 0x7B, 0xEF, 0x73, 0xB2, 0x0B,
    0xD6, 0x15, 0xE3, 0xFA, 0x3D, 0x7C, 0x89, 0xD6, 0x97, 0xE4, 0x3E, 0x18, 0x34, 0x32, 0x64, 0x3D,
    0xAE, 0x55, 0xE3, 0x20, 0x54, 0x9B, 0x55, 0xAE, 0x22, 0xB7, 0x55, 0xF3, 0x90, 0xB5, 0xA6, 0x55,
    0xFB, 0x20, 0x8E, 0xBE, 0x55, 0x03, 0x91, 0x1F, 0xEA, 0x6B, 0xC9, 0x3A, 0xDF, 0x98, 0xF6, 0x6F,
    0x1B, 0x2D, 0xCB, 0xAD, 0xDA, 0x92, 0x56, 0xD7, 0xC4, 0x6D, 0xFB, 0x8A, 0x2F, 0xCC, 0x1D, 0x8D,
    0x56, 0x3A, 0x52, 0xD1, 0x48, 0x05, 0xED, 0x59, 0x64, 0x84, 0x56, 0x82, 0x65, 0x74, 0x66, 0xFB,
    0xB2, 0x7B, 0x88, 0x8D, 0x63, 0x00, 0x1D, 0xBB, 0x16, 0xAF, 0x65, 0xC4, 0xCD, 0x46, 0x6A, 0x8E,
    0x8B, 0x38, 0x6A, 0x56, 0xFD, 0xF6, 0xC0, 0x43, 0x4B, 0x00, 0x5E, 0xA5, 0xB8, 0xAF, 0x50, 0xCB,
    0x6C, 0x29, 0x1B, 0xC0, 0xFC, 0x22, 0x6E, 0x5A, 0x2C, 0xC6, 0x32, 0xDB, 0x60, 0xCB, 0x98, 0x4E,
    0x65, 0x4B, 0xC5, 0x14, 0x08, 0x6C, 0x09, 0x0A, 0x7C, 0x67, 0xB4, 0xA4, 0xC7, 0x14, 0x8B, 0x1A,
    0x57, 0xA9, 0xAE, 0xF9, 0x2A, 0xA9, 0x16, 0xAA, 0x52, 0xD7, 0xE3, 0x13, 0x27, 0xA8, 0x79, 0x68,
    0x6B, 0xA5, 0x52, 0xF3, 0xAA, 0xF3, 0x00, 0xBA, 0xB3, 0x48, 0xBB, 0x5A, 0x7B, 0x1F, 0xA0, 0x7E,
    0xC3, 0x59, 0xD6, 0xB8, 0x1E, 0x23, 0xEA, 0xCA, 0x87, 0x6B, 0x23, 0x30, 0xB3, 0xED, 0xE5, 0x4F,
    0x97, 0x5A, 0x5B, 0x5F, 0x6A, 0x5D, 0x36, 0x24, 0x64, 0x6D, 0x7B, 0x5F, 0x6A, 0x7D, 0xDD, 0xB8,
    0x52, 0xEB, 0xB9, 0xBE, 0xA7, 0x17, 0xC1, 0xD3, 0x0A, 0xEB, 0xD8, 0x2E, 0x5D, 0xCD, 0xF5, 0x71,
    0xEB, 0x4A, 0xAD, 0xCD, 0x3D, 0x8D, 0x43, 0xE6, 0x30, 0x6B, 0xE0, 0x6E, 0x6E, 0x62, 0x8D, 0xF7,
    0x73, 0xEC, 0x95, 0x80, 0xB7, 0xB4, 0x76, 0x81, 0x62, 0xD4, 0xF8, 0xA0, 0xDF, 0xBF, 0xB2, 0x55,
    0xF3, 0xE4, 0x74, 0x9E, 0x5B, 0xCC, 0xC2, 0x02, 0x6F, 0x1D, 0x6F, 0x58, 0x0C, 0x59, 0x4D, 0xDE,
    0x12, 0x40, 0x2D, 0x58, 0x51, 0xFE, 0xCB, 0x64, 0x7A, 0xC3, 0x5E, 0x04, 0xD7, 0xB5, 0xD5, 0x95,
    0xED, 0x74, 0x6D, 0xE5, 0x19, 0x8D, 0x84, 0xAB, 0x58, 0xDF, 0x94, 0x8F, 0x2E, 0x45, 0xE4, 0x50,
    0xDB, 0xD1, 0x19, 0xB7, 0x09, 0xE1, 0xF6, 0x20, 0x8E, 0x4E, 0xEF, 0x40, 0x28, 0x2B, 0x95, 0x0B,
    0xF1, 0x54, 0x5B, 0xC2, 0x6A, 0x77, 0x89, 0x6B, 0xDE, 0xF2, 0xDA, 0xF3, 0xF5, 0x03, 0x5E, 0xAF,
    0x6C, 0xD1, 0x2B, 0x5E, 0x3B, 0x18, 0x67, 0x61, 0x74, 0xE7, 0x85, 0x5A, 0x4C, 0x4E, 0xF2, 0xDE,
    0xC0, 0xFD, 0x3E, 0xCB, 0xEB, 0xDE, 0x7F, 0x23, 0x56, 0xC8, 0xDD, 0x95, 0x1D, 0xA1, 0xC3, 0xC1,
    0x02, 0x4D, 0xB6, 0x84, 0xE4, 0xF7, 0x0E, 0x95, 0x31, 0x15, 0xA5, 0xED, 0xDD, 0xF1, 0x2D, 0xA8,
    0xCC, 0xC9, 0x99, 0x1A, 0xE0, 0x91, 0xBA, 0x5C, 0x88, 0x31, 0xFC, 0x07, 0x35, 0xDC, 0x89, 0xFD,
    0xDE, 0x89, 0x5A, 0xEE, 0xFC, 0xD8, 0x6A, 0x64, 0xD6, 0xDF, 0x0B, 0xFA, 0xA4, 0x76, 0x06, 0xB1,
    0x0F, 0x3D, 0xB5, 0x72, 0xD6, 0xFB, 0x86, 0x79, 0xCA, 0x99, 0x6F, 0x09, 0x47, 0x9C, 0xFD, 0x4E,
    0xE8, 0xC0, 0x99, 0x88, 0xD6, 0x63, 0x8C, 0xB6, 0xE5, 0x64, 0xBE, 0x80, 0x1A, 0x77, 0x78, 0x53,
    0x8E, 0x62, 0x08, 0x86, 0x54, 0x11, 0xB3, 0xFB, 0xF6, 0x18, 0xAB, 0x18, 0x44, 0xF6, 0x3B, 0x56,
    0x87, 0xB0, 0x11, 0x09, 0xA3, 0x5D, 0xEF, 0x4D, 0xAE, 0x32, 0xB8, 0x31, 0xA9, 0xF3, 0x3C, 0x24,
    0x4C, 0x7F, 0xED, 0x23, 0x46, 0x70, 0x62, 0x51, 0x5E, 0xE8, 0x95, 0xF8, 0x1B, 0xF3, 0xB2, 0x8B,
    0xE9, 0x0C, 0xDF, 0xC3, 0x28, 0x29, 0xF5, 0x51, 0x52, 0xEA, 0x8D, 0x62, 0xEA, 0xF9, 0x4E, 0xCD,
    0xD9, 0xDA, 0xA5, 0xF3, 0xC4, 0xEE, 0x23, 0xF0, 0x9A, 0x85, 0xE2, 0x2C, 0x42, 0x74, 0x0E, 0xAF,
    0x11, 0x63, 0xA7, 0x78, 0x8D, 0x49, 0x9B, 0x95, 0xEB, 0x4C, 0xD8, 0xAC, 0x5C, 0x67, 0xC2, 0xA2,
    0x77, 0x9D, 0x09, 0x71, 0xEF, 0x3A, 0x13, 0x66, 0xBD, 0x71, 0x46, 0x70, 0xE5, 0x3B, 0x13, 0x56,
    0xBE, 0x33, 0x61, 0xE5, 0x3B, 0x13, 0x56, 0xDE, 0x49, 0xAE, 0x1E, 0x17, 0x7A, 0x5C, 0x0C, 0x47,
    0x20, 0x0F, 0x55, 0x85, 0x6E, 0x49, 0x88, 0x38, 0x6C, 0x48, 0xC0, 0x56, 0xEF, 0xBE, 0xA4, 0x1C,
    0x26, 0xB9, 0x75, 0xE0, 0x97, 0xB5, 0xEA, 0x5C, 0x62, 0x6E, 0x97, 0x03, 0x05, 0x6B, 0x12, 0x72,
    0xF8, 0x5A, 0x5C, 0x25, 0xE4, 0xB0, 0x4F, 0x97, 0x89, 0x3A, 0xC9, 0x12, 0x3B, 0x6A, 0x70, 0x92,
    0xDC, 0x3D, 0x17, 0x0E, 0x45, 0x2E, 0x93, 0x73, 0x3B, 0xE1, 0xC9, 0xE9, 0xFD, 0xFC, 0x2D, 0x7C,
    0x94, 0xE8, 0x68, 0xEC, 0xB0, 0xD1, 0xE0, 0x61, 0xA1, 0x41, 0x86, 0xD5, 0x78, 0x38, 0x7B, 0xA0,
    0xC0, 0xDC, 0x9C, 0x2B, 0x6F, 0xFA, 0x7D, 0x93, 0xC0, 0x05, 0x77, 0xCF, 0x18, 0x87, 0x2D, 0x1A,
    0x45, 0x14, 0x11, 0x4A, 0x81, 0xAD, 0xA7, 0x66, 0x9A, 0x75, 0x97, 0x56, 0xAD, 0x4C, 0x89, 0xD5,
    0x86, 0xE3, 0xF6, 0xE1, 0x79, 0xDC, 0x8D, 0xE5, 0x89, 0x6E, 0x71, 0x7D, 0x3A, 0xEA, 0x7F, 0x71,
    0xF5, 0xDF, 0x4E, 0xE2, 0xF3, 0xE8, 0x9F, 0xD5, 0x48, 0x8D, 0xFB, 0x23, 0x53, 0x58, 0x6A, 0x9E,
    0xAC, 0xC7, 0xE8, 0xF2, 0x1F, 0x64, 0x8F, 0xD1, 0x93, 0xF5, 0x06, 0x5D, 0xFE, 0x43, 0xE8, 0x0D,
    0x8A, 0x87, 0x48, 0x25, 0x3C, 0xB7, 0x3F, 0x51, 0xA2, 0xC4, 0xDE, 0x96, 0x6E, 0x44, 0x1C, 0xE9,
    0x36, 0x80, 0x70, 0x55, 0x70, 0x17, 0xA0, 0x17, 0xEB, 0xC2, 0x4D, 0x00, 0x96, 0x4E, 0x63, 0x0F,
    0x20, 0x97, 0xDF, 0x71, 0x0B, 0x20, 0x01, 0xC8, 0xC3, 0xEA, 0x8E, 0xBB, 0x46, 0x37, 0x00, 0x90,
    0x80, 0x10, 0xFF, 0x47, 0x5E, 0x46, 0xF8, 0x9F, 0xB3, 0x45, 0xF4, 0xDF, 0x78, 0xF0, 0xDF, 0x6C,
    0x63, 0xFF, 0x23, 0xF4, 0x3F, 0xA2, 0x4C, 0x13, 0xF0, 0xBF, 0x33, 0xC2, 0xFE, 0xF1, 0x60, 0x88,
    0xFA, 0x4B, 0x52, 0x45, 0xD0, 0x5F, 0xF8, 0x25, 0xE6, 0x2F, 0x5C, 0x11, 0xF2, 0x17, 0x8E, 0x16,
    0x40, 0xFC, 0x85, 0x59, 0x02, 0xFE, 0xF4, 0x8C, 0x59, 0xB2, 0x44, 0x67, 0x07, 0xE0, 0x7E, 0xCC,
    0x07, 0xD0, 0x7E, 0x61, 0x94, 0x60, 0xBF, 0x6E, 0xD0, 0xE9, 0xEA, 0x01, 0xEA, 0xE7, 0x73, 0x37,
    0x6E, 0x35, 0x01, 0xF4, 0x9B, 0x2D, 0x9C, 0x7F, 0x94, 0x06, 0x8F, 0xF2, 0x7B, 0x90, 0xDF, 0x63,
    0xFC, 0xCF, 0x8C, 0xD0, 0x5E, 0x8C, 0x06, 0xA8, 0x75, 0xDE, 0x09, 0x9F, 0xC4, 0xF7, 0x85, 0x4F,
    0xC2, 0xFB, 0xC2, 0x27, 0xD1, 0x7D, 0x58, 0x5B, 0x80, 0xFB, 0xC2, 0x27, 0xB1, 0xFD, 0x23, 0xD4,
    0x40, 0x54, 0xD7, 0x31, 0xA5, 0x44, 0xF6, 0xC1, 0x27, 0x80, 0x7D, 0xE1, 0x93, 0xB8, 0xBE, 0x1A,
    0x04, 0xDE, 0x89, 0xEA, 0x6B, 0x98, 0xA8, 0xAF, 0x17, 0x23, 0xD2, 0xF8, 0x45, 0xF7, 0x67, 0xFC,
    0x8A, 0x37, 0x6E, 0xC1, 0x1B, 0xE1, 0x8B, 0x58, 0xBE, 0xF0, 0x45, 0x28, 0x5F, 0xF8, 0x22, 0x92,
    0x2F, 0x7C, 0x11, 0xC8, 0x3F, 0x62, 0x87, 0xD3, 0x0A, 0x7C, 0x11, 0xC6, 0x4F, 0x20, 0x73, 0x50,
    0xDE, 0xBB, 0x86, 0x20, 0xBE, 0x4E, 0x02, 0xEF, 0x49, 0xE7, 0xEE, 0x44, 0xF0, 0x8D, 0x03, 0xF0,
    0xCD, 0x16, 0x7E, 0xEF, 0xE1, 0xFB, 0xD1, 0x1B, 0xF4, 0x9C, 0x27, 0x2C, 0x8A, 0xCC, 0x13, 0xA1,
    0x7B, 0xE1, 0x87, 0xC8, 0x3D, 0xA4, 0x0C, 0xC0, 0x3D, 0xA4, 0x0F, 0xB8, 0xBD, 0xF0, 0x43, 0xD8,
    0x5E, 0xF8, 0x21, 0x6A, 0x2F, 0xFC, 0x10, 0xB4, 0x97, 0x3F, 0x25, 0x66, 0x2F, 0xFC, 0x10, 0xB2,
    0xC7, 0x53, 0x80, 0xD8, 0xB3, 0xA0, 0xD7, 0xD6, 0x1D, 0x45, 0x7E, 0x8F, 0x30, 0x82, 0xC2, 0xF5,
    0x66, 0x42, 0xEB, 0x3D, 0x58, 0x0F, 0xAC, 0xDE, 0xCD, 0x8B, 0x9B, 0x16, 0xE1, 0x22, 0x25, 0x7B,
    0x47, 0x29, 0xFB, 0xA4, 0xB2, 0xEF, 0x12, 0x0B, 0xD9, 0x05, 0x4A, 0x2F, 0x1C, 0x00, 0xA4, 0x17,
    0x06, 0x80, 0xD1, 0xA3, 0xD5, 0x0A, 0x2B, 0x71, 0x57, 0x6F, 0xEA, 0xC9, 0x79, 0xA3, 0xDD, 0x4D,
    0xB5, 0x62, 0x2C, 0x51, 0x49, 0x71, 0xE0, 0xBC, 0x33, 0x2E, 0x90, 0x26, 0xF7, 0xD8, 0x8D, 0x7B,
    0xEE, 0x06, 0x62, 0x52, 0xB8, 0x27, 0xAF, 0x8D, 0x3E, 0x1A, 0xA8, 0x3C, 0x9E, 0x9D, 0xEB, 0xF0,
    0x89, 0xC9, 0xE3, 0xE9, 0x80, 0xE4, 0xF9, 0xF8, 0x3C, 0x86, 0xDE, 0x11, 0x90, 0xE7, 0xA7, 0xD7,
    0x5A, 0x38, 0xFC, 0xCE, 0x54, 0xE8, 0x43, 0xF7, 0x41, 0x30, 0xDE, 0x8C, 0x58, 0xFC, 0x04, 0xC5,
    0x8F, 0x48, 0xBC, 0x07, 0xE2, 0x47, 0x13, 0xF1, 0x94, 0x37, 0x10, 0xA3, 0xC0, 0xA8, 0xC8, 0x38,
    0x0C, 0x9E, 0xFC, 0x0C, 0x6E, 0x8A, 0x1C, 0x02, 0x2F, 0x9C, 0x3A, 0x00, 0x5E, 0x7E, 0xE7, 0xF0,
    0x77, 0xE1, 0xD6, 0xC1, 0xEF, 0xC2, 0xAF, 0x43, 0xDF, 0x85, 0x63, 0x07, 0xBE, 0xD3, 0x7A, 0x12,
    0x7B, 0xD7, 0x52, 0x2E, 0x47, 0x79, 0xE4, 0xDD, 0x8C, 0xC0, 0xBB, 0xD9, 0xC6, 0xDD, 0xB7, 0x60,
    0xF7, 0x53, 0xA8, 0xFB, 0xFE, 0x63, 0x20, 0xF7, 0x2B, 0xD3, 0x9B, 0x74, 0x60, 0x54, 0xD0, 0x9F,
    0x28, 0xC1, 0x61, 0x01, 0x6D, 0x27, 0xE7, 0x00, 0xDB, 0x21, 0x7B, 0xC4, 0xDA, 0x65, 0x4C, 0x0A,
    0xB5, 0x1F, 0x21, 0xA4, 0x01, 0xBE, 0x2E, 0x23, 0x52, 0xA0, 0x5D, 0x06, 0xA4, 0x38, 0xBB, 0x8C,
    0x47, 0x61, 0x76, 0x6E, 0x50, 0x00, 0x65, 0xA7, 0xA8, 0x01, 0x64, 0xE7, 0x08, 0x89, 0xB1, 0x1B,
    0x0F, 0xB1, 0x9B, 0x6D, 0x84, 0x7D, 0x04, 0xD8, 0x47, 0xCB, 0x87, 0xC0, 0x9D, 0xA5, 0x04, 0x44,
    0xD7, 0x73, 0x2C, 0x18, 0xC1, 0x75, 0xF2, 0x48, 0x6C, 0x1D, 0x4C, 0x2A, 0xB4, 0x0E, 0x2E, 0x15,
    0x59, 0x87, 0x81, 0x56, 0x60, 0xFD, 0x48, 0x4B, 0x15, 0xBB, 0x04, 0x1D, 0x6D, 0x0E, 0x56, 0x87,
    0x7A, 0x2A, 0xAA, 0x2E, 0xAC, 0x3A, 0x50, 0x9D, 0x6B, 0x48, 0x4C, 0xDD, 0x79, 0xE4, 0x93, 0x87,
    0xBD, 0x2B, 0x5E, 0xF9, 0x5C, 0x0B, 0xDD, 0x1C, 0xA0, 0x6E, 0xB6, 0xF0, 0xF4, 0x2D, 0x38, 0xFD,
    0x14, 0x9A, 0xDE, 0x6D, 0xC1, 0x35, 0xCD, 0x29, 0xF4, 0xCE, 0xA9, 0xFB, 0xE2, 0xF6, 0x2D, 0xDD,
    0x80, 0xA7, 0x0F, 0x98, 0xDD, 0xBE, 0x53, 0xF9, 0xC1, 0xC6, 0x43, 0x8C, 0xC4, 0x20, 0xB7, 0x3F,
    0x62, 0xA6, 0x10, 0x31, 0x15, 0xEC, 0x35, 0xBB, 0xE9, 0xD4, 0xC7, 0x4A, 0xEC, 0x56, 0x09, 0x23,
    0x47, 0x32, 0x2E, 0xD1, 0xF2, 0xBC, 0x8D, 0xAB, 0xBF, 0x94, 0x78, 0xB0, 0xD3, 0x52, 0x80, 0x7F,
    0x8A, 0x99, 0xB9, 0x70, 0xCC, 0x7A, 0x6B, 0x79, 0x63, 0x50, 0x24, 0x01, 0xE1, 0x9A, 0xCD, 0x00,
    0x0C, 0xA8, 0x42, 0x87, 0xDC, 0x29, 0x90, 0xF3, 0x9A, 0xAB, 0xB0, 0x1F, 0x53, 0x16, 0x97, 0x32,
    0xAD, 0xA7, 0x54, 0x60, 0xD6, 0x8E, 0x51, 0x4A, 0x2C, 0xD2, 0x62, 0xAB, 0xDC, 0x7E, 0x5F, 0xAE,
    0x47, 0x08, 0x00, 0xE5, 0xD9, 0x28, 0x65, 0x10, 0xF3, 0x55, 0x92, 0xC3, 0xFB, 0x4B, 0x09, 0x85,
    0xA2, 0x1F, 0xAE, 0x4D, 0xD6, 0xC4, 0xEF, 0x4B, 0xF6, 0xD1, 0x24, 0x6F, 0xE8, 0x2C, 0xCA, 0x5B,
    0x77, 0x60, 0xF4, 0xD5, 0xFB, 0xA3, 0xF4, 0x55, 0xFB, 0x58, 0x5A, 0xA4, 0x8A, 0x04, 0xDC, 0x96,
    0xC0, 0xBA, 0x93, 0x01, 0x23, 0x77, 0xE5, 0x24, 0x74, 0xE4, 0xC1, 0x30, 0xAB, 0xC5, 0xA2, 0xFE,
    0x50, 0x66, 0xE1, 0x2D, 0xDB, 0xEF, 0x67, 0x66, 0x98, 0xCF, 0xC5, 0x3A, 0xCE, 0xB3, 0xB4, 0x7A,
    0x6A, 0x9E, 0xA2, 0xAC, 0x29, 0x79, 0xBD, 0x0B, 0xA0, 0xF9, 0x29, 0xA0, 0xAD, 0x0C, 0x49, 0xFF,
    0xBF, 0xCB, 0x31, 0xE3, 0x99, 0xB9, 0x81, 0x8B, 0xD8, 0x00, 0xC9, 0x68, 0x51, 0x42, 0x36, 0x63,
    0x09, 0x4F, 0x6A, 0x97, 0xE3, 0x6C, 0xFF, 0x14, 0xB7, 0xF2, 0x09, 0x66, 0xBB, 0xDB, 0x9E, 0x6D,
    0x73, 0xF7, 0xCB, 0xCE, 0x76, 0xA0, 0x3B, 0x8D, 0xB2, 0xDC, 0x01, 0xA6, 0xF1, 0x03, 0x99, 0x45,
    0x74, 0xD8, 0xF5, 0x9A, 0xC4, 0xA7, 0x8A, 0x7A, 0x9A, 0x05, 0xE2, 0xE7, 0x0C, 0x05, 0x4C, 0xDA,
    0xBB, 0x77, 0x09, 0x97, 0x57, 0xF0, 0x4F, 0x80, 0x19, 0x29, 0xD0, 0x86, 0x0C, 0x60, 0x46, 0x0E,
    0x38, 0x2C, 0xC3, 0xEC, 0xA5, 0x00, 0x6D, 0x58, 0x38, 0x65, 0xEE, 0x79, 0xE8, 0xC2, 0x5B, 0x2E,
    0x6F, 0xB7, 0x4A, 0xD7, 0x7B, 0x46, 0xED, 0xDE, 0x39, 0xC4, 0x40, 0x09, 0x14, 0xC3, 0x5E, 0x01,
    0x27, 0x86, 0xB5, 0x02, 0x5C, 0x21, 0x0A, 0x43, 0x94, 0x18, 0x3E, 0x89, 0xB1, 0xE3, 0x5D, 0x93,
    0x39, 0x48, 0x86, 0x10, 0xB1, 0xC6, 0x25, 0x1A, 0x63, 0x37, 0x4E, 0x44, 0x06, 0xD7, 0xAA, 0xE1,
    0xE1, 0xE1, 0x11, 0x1D, 0x1E, 0xC1, 0xE1, 0x4B, 0x23, 0x34, 0x2C, 0x6A, 0x4D, 0x64, 0x18, 0x2E,
    0x04, 0xC0, 0xB0, 0xF0, 0x45, 0x5C, 0xB8, 0x47, 0xCC, 0xD6, 0x1D, 0x80, 0x2F, 0xA2, 0xC2, 0xC2,
    0x17, 0x41, 0x61, 0xE1, 0x8B, 0x98, 0x30, 0x02, 0x03, 0xBC, 0x4F, 0xF8, 0x22, 0x22, 0x0C, 0x8B,
    0x3F, 0xA8, 0xDD, 0x23, 0x1E, 0xCC, 0xC7, 0x16, 0x07, 0x0E, 0x9B, 0xD4, 0x3B, 0xC1, 0x60, 0xB3,
    0x85, 0x05, 0x27, 0xE7, 0x1D, 0xB0, 0xC7, 0x81, 0xDD, 0x7C, 0x55, 0x6E, 0xBE, 0x2A, 0x0D, 0x0C,
    0x38, 0x5F, 0x99, 0x6A, 0x77, 0x76, 0x0D, 0x79, 0xB4, 0xF0, 0x45, 0x04, 0x58, 0xF8, 0x22, 0x00,
    0x8C, 0x18, 0x10, 0xF8, 0xAF, 0xF0, 0x45, 0xF8, 0x17, 0xF3, 0xE5, 0x3A, 0xCB, 0x08, 0xFE, 0x32,
    0x46, 0xD6, 0xFB, 0xEE, 0xB8, 0xE7, 0x34, 0xDE, 0x1F, 0xB5, 0xE3, 0xD6, 0x6C, 0x85, 0xA8, 0x86,
    0x98, 0x2F, 0x02, 0x04, 0xDC, 0x85, 0x2F, 0x22, 0xBE, 0xC2, 0x17, 0x01, 0x5F, 0x79, 0xEC, 0x8B,
    0xEF, 0x6A, 0x74, 0x4A, 0xB8, 0x57, 0x83, 0xD3, 0x9A, 0x7C, 0xB1, 0xF2, 0x46, 0x8C, 0x24, 0xB0,
    0x5E, 0x44, 0xA6, 0xEE, 0x39, 0x44, 0x7A, 0x39, 0x5F, 0xEE, 0xB9, 0xC4, 0x79, 0x8D, 0x83, 0x79,
    0xB7, 0x1B, 0xFC, 0x3C, 0xC8, 0x1B, 0x6F, 0xF3, 0x39, 0x63, 0xD0, 0x58, 0x7B, 0x29, 0x7E, 0xCF,
    0x56, 0x8B, 0xE8, 0xD7, 0x64, 0x08, 0x52, 0x9C, 0x31, 0x3D, 0x6D, 0xF0, 0x30, 0x98, 0x29, 0x14,
    0xF3, 0x41, 0x8A, 0x67, 0x14, 0x65, 0x0E, 0xF0, 0x1D, 0x8A, 0xF2, 0x07, 0xF2, 0x8B, 0x07, 0x0F,
    0x01, 0xE8, 0x89, 0xF0, 0xA7, 0xA8, 0x03, 0x48, 0x90, 0x27, 0x84, 0x6C, 0x52, 0x2D, 0x66, 0x37,
    0xCF, 0x02, 0xB5, 0x12, 0x52, 0xC3, 0x23, 0x10, 0xA6, 0x95, 0xB9, 0x50, 0x94, 0x16, 0x93, 0x41,
    0x90, 0x56, 0x1E, 0xAE, 0x18, 0xAD, 0x30, 0xA0, 0x10, 0x2D, 0x02, 0x4B, 0x22, 0xB4, 0x32, 0x21,
    0x0A, 0xD0, 0x42, 0x82, 0x88, 0xCF, 0x22, 0xB6, 0x24, 0x3C, 0x8B, 0xE0, 0x32, 0x5F, 0x3B, 0x34,
    0xB5, 0xF4, 0xB0, 0x6A, 0xEF, 0x89, 0x6F, 0x4E, 0x40, 0xEB, 0x6F, 0x45, 0x04, 0x63, 0x5C, 0x33,
    0xA9, 0x1F, 0xF4, 0x4F, 0xA3, 0x66, 0x44, 0xEA, 0xAD, 0xE2, 0x77, 0xD9, 0xF3, 0xC4, 0x63, 0x99,
    0x58, 0x00, 0x8E, 0x3D, 0xA2, 0xB0, 0xB4, 0x19, 0x94, 0x50, 0xC1, 0xD8, 0x84, 0x6A, 0xDA, 0x52,
    0x0D, 0x15, 0x8A, 0xC5, 0xFA, 0x11, 0x89, 0x05, 0x41, 0x20, 0x16, 0x4B, 0xA2, 0x38, 0xAC, 0xF1,
    0x30, 0xAC, 0xD9, 0x46, 0x61, 0x47, 0x10, 0x76, 0xC4, 0x60, 0x83, 0x33, 0x99, 0x69, 0xA3, 0x97,
    0x68, 0x28, 0x6C, 0x9D, 0xD9, 0x46, 0x32, 0xB7, 0xBF, 0x92, 0x08, 0xB2, 0x97, 0x49, 0x32, 0xDC,
    0xF7, 0xEA, 0x51, 0xD8, 0x76, 0x0F, 0xEE, 0x2C, 0xFF, 0x58, 0x2E, 0x09, 0xB6, 0xB7, 0x66, 0x2B,
    0x3A, 0x86, 0x0C, 0xDB, 0xA1, 0xB0, 0xAB, 0x79, 0xDD, 0xC2, 0x10, 0xE0, 0x52, 0x60, 0xC7, 0xAF,
    0x6D, 0xC1, 0x56, 0xEB, 0x76, 0x4C, 0xC7, 0x47, 0xFA, 0x89, 0x29, 0xFC, 0xC4, 0x14, 0xDE, 0x30,
    0xA9, 0x65, 0x72, 0xAA, 0xA6, 0x90, 0x2B, 0x6C, 0x13, 0x11, 0x57, 0x18, 0x27, 0x02, 0xAE, 0xB0,
    0x4E, 0xC4, 0x5B, 0x61, 0x9E, 0x08, 0xB7, 0x32, 0xF2, 0x7C, 0xD5, 0x75, 0xE3, 0xFB, 0x26, 0x89,
    0xC8, 0x77, 0x5C, 0x3A, 0xA8, 0xD5, 0x78, 0xA4, 0xD5, 0x6C, 0x01, 0xAD, 0xD1, 0xA9, 0xCD, 0xD4,
    0x69, 0x5B, 0xB0, 0xD1, 0xDA, 0x38, 0xF8, 0x06, 0x6C, 0x08, 0xC2, 0x21, 0xFF, 0xF7, 0xFE, 0xF3,
    0xFF, 0xF4, 0x2B, 0x6E, 0x06, 0x86, 0xD0, 0xB4, 0x44, 0x6F, 0x11, 0x6E, 0xD8, 0x06, 0x94, 0x1B,
    0x36, 0x01, 0xE5, 0x86, 0x2D, 0x40, 0x94, 0xB6, 0xE9, 0x0D, 0xDB, 0x7F, 0xAA, 0x62, 0xA7, 0x6E,
    0xA1, 0x56, 0xB0, 0x25, 0xC7, 0x9F, 0xF1, 0x66, 0x58, 0x90, 0x97, 0x14, 0x2C, 0x5C, 0x4B, 0x6A,
    0xEE, 0xF9, 0x86, 0x6B, 0xFD, 0x83, 0x62, 0x76, 0x78, 0x21, 0x67, 0x95, 0x72, 0x56, 0x71, 0xA3,
    0xF2, 0xBA, 0x6E, 0x53, 0x76, 0x5C, 0x2C, 0xDD, 0x3B, 0xC3, 0x8D, 0x9C, 0x35, 0xE4, 0x4C, 0xFE,
    0x05, 0xCE, 0x50, 0x01, 0xDE, 0xAB, 0x10, 0x61, 0x63, 0xB2, 0xD5, 0x10, 0xA5, 0x7B, 0xF4, 0x4D,
    0x7D, 0x7F, 0xAB, 0x98, 0xA6, 0x93, 0xB0, 0x9B, 0x13, 0xD8, 0x6A, 0xA8, 0x41, 0xC6, 0xFC, 0x13,
    0xE2, 0xB4, 0xB2, 0x49, 0x24, 0x40, 0x6B, 0xF2, 0xD7, 0x25, 0xDB, 0xB9, 0x2E, 0x36, 0x10, 0xA5,
    0xC7, 0xB8, 0x04, 0xC0, 0x04, 0x85, 0x99, 0x0C, 0xE9, 0x51, 0xCC, 0xDC, 0xE9, 0x9E, 0x46, 0xAE,
    0x2B, 0xDC, 0x90, 0x6A, 0x79, 0xEA, 0xC6, 0x1F, 0xDD, 0x92, 0x4C, 0xCB, 0x5A, 0x79, 0x1F, 0xEB,
    0xB9, 0x5D, 0x64, 0xB2, 0x3A, 0x2D, 0x3A, 0x4B, 0x2F, 0x3A, 0x4B, 0x15, 0x1D, 0xAE, 0xC5, 0x91,
    0x12, 0x22, 0x3A, 0xCF, 0x11, 0x45, 0x15, 0xD1, 0x51, 0x10, 0x15, 0x09, 0x1C, 0x31, 0x54, 0x11,
    0x1D, 0x85, 0x50, 0x99, 0xA7, 0xF5, 0x6A, 0x12, 0x15, 0x40, 0x35, 0x28, 0x39, 0x7B, 0xCA, 0x19,
    0xC7, 0xA5, 0xB3, 0x92, 0x89, 0xF7, 0x6E, 0x0E, 0x3C, 0x3D, 0x8D, 0x8E, 0x3E, 0x86, 0xF8, 0xFA,
    0x08, 0x4A, 0xC6, 0x43, 0x48, 0xD4, 0x34, 0xB7, 0x1F, 0x12, 0x34, 0x2D, 0xA3, 0x87, 0xC4, 0x4C,
    0xC1, 0xEE, 0x86, 0xA0, 0x7C, 0x56, 0x60, 0x76, 0x60, 0x00, 0x00, 0x98, 0xD2, 0x76, 0x23, 0xA1,
    0xE9, 0x0C, 0xE1, 0x52, 0xE1, 0x94, 0x68, 0xA9, 0x30, 0x4A, 0xB0, 0xF4, 0x34, 0xD8, 0xF9, 0x65,
    0xEF, 0xBB, 0x17, 0x25, 0xC1, 0x04, 0x48, 0x61, 0x9A, 0x3A, 0x4D, 0x82, 0x9F, 0x07, 0x3C, 0x0A,
    0xBE, 0x80, 0x8E, 0xD2, 0x2E, 0x6D, 0x98, 0x04, 0x13, 0x1B, 0xA5, 0x55, 0x42, 0xFD, 0x03, 0x8C,
    0x92, 0xAE, 0x11, 0x81, 0x51, 0xDC, 0x07, 0xBD, 0x2B, 0x2C, 0x6A, 0x1C, 0x2A, 0x6A, 0xB6, 0x40,
    0xD1, 0xE4, 0xA2, 0x24, 0xF8, 0x5C, 0x16, 0x48, 0x38, 0x54, 0xF8, 0x21, 0x1A, 0x8A, 0x55, 0xDD,
    0xF0, 0xDF, 0xBB, 0xC4, 0x42, 0xC1, 0x0F, 0xA0, 0x50, 0x82, 0x05, 0xA8, 0xE3, 0xC5, 0xBD, 0xCD,
    0x28, 0x8D, 0xC0, 0x41, 0x11, 0xD8, 0xC6, 0xEC, 0xF7, 0x34, 0x44, 0x41, 0xD9, 0x60, 0xA1, 0x00,
    0xA7, 0x62, 0xA0, 0x66, 0x1B, 0x02, 0x3D, 0x7F, 0x57, 0x7E, 0x1C, 0x28, 0x04, 0x48, 0x28, 0x56,
    0x40, 0x08, 0xD8, 0x27, 0xFC, 0xAD, 0x6D, 0x19, 0x06, 0x3C, 0x20, 0x6C, 0x01, 0xE0, 0x53, 0x18,
    0x01, 0xEE, 0x29, 0x7C, 0x00, 0xF6, 0xA4, 0x52, 0x38, 0x08, 0x85, 0xB1, 0xC3, 0x53, 0xDA, 0x48,
    0x54, 0x6A, 0xDE, 0x5B, 0x6A, 0xBA, 0xE9, 0x01, 0x4F, 0x8F, 0x77, 0x3A, 0xB8, 0xD3, 0xA1, 0x9D,
    0x3E, 0xAF, 0xB8, 0xEA, 0xA5, 0xDE, 0x78, 0xA9, 0x87, 0xD3, 0x53, 0x61, 0xEB, 0xBD, 0x47, 0x67,
    0xF6, 0xA9, 0xAF, 0xEC, 0x2A, 0xCA, 0x09, 0x83, 0x49, 0x90, 0x13, 0xA9, 0x27, 0x31, 0x4E, 0x64,
    0x9E, 0x84, 0x38, 0x19, 0xD0, 0xF1, 0xF4, 0x19, 0xE6, 0x9D, 0x6A, 0xFC, 0x15, 0xDF, 0xD4, 0x98,
    0xCE, 0x19, 0xCC, 0xDE, 0x4B, 0xF4, 0x08, 0x6E, 0x8E, 0xD8, 0xE6, 0xE3, 0xA0, 0xCD, 0xD5, 0x39,
    0x58, 0xF3, 0x14, 0xAA, 0xF9, 0x48, 0x9C, 0xC1, 0x25, 0xFB, 0x3A, 0x08, 0xC0, 0x99, 0x48, 0xF5,
    0x8D, 0xAD, 0x98, 0xE9, 0x3B, 0x9C, 0x21, 0x78, 0x62, 0x9C, 0xC1, 0x9E, 0xC1, 0x19, 0x1E, 0x09,
    0x60, 0x3A, 0xFC, 0x72, 0x82, 0x2F, 0x1D, 0x83, 0xB5, 0xE3, 0xB0, 0x56, 0xDD, 0xE8, 0x9C, 0xDB,
    0xEE, 0x9C, 0xD7, 0xEE, 0x9C, 0xD3, 0xEE, 0x54, 0x37, 0xAA, 0x4E, 0x75, 0x03, 0x65, 0x22, 0xF4,
    0xD8, 0x9D, 0xEA, 0x86, 0x9A, 0x51, 0x42, 0x96, 0xAA, 0x1B, 0x9D, 0xD3, 0x0D, 0x97, 0x49, 0x76,
    0x6E, 0x95, 0x15, 0xAE, 0xF4, 0x68, 0xA5, 0x07, 0x2B, 0x4F, 0x61, 0x95, 0x67, 0x8E, 0xC5, 0xB9,
    0xBC, 0xA4, 0x23, 0xE9, 0x58, 0x1D, 0xB4, 0x31, 0x3B, 0x66, 0x81, 0x7C, 0x60, 0xD9, 0xCB, 0xDA,
    0x26, 0x55, 0x8B, 0x33, 0x88, 0xAA, 0x8D, 0xD8, 0xD9, 0xB0, 0x3E, 0x8A, 0x01, 0xFB, 0xFC, 0x29,
    0xA0, 0xA7, 0xDE, 0xFC, 0xFB, 0x9C, 0xDD, 0x42, 0x29, 0x1B, 0xFE, 0xD1, 0x60, 0x53, 0xC3, 0x36,
    0x87, 0xF6, 0x07, 0x2C, 0xEB, 0xE5, 0xAA, 0xFA, 0x26, 0xD5, 0xAB, 0x46, 0x2D, 0xBB, 0x44, 0x6F,
    0x85, 0x58, 0x75, 0x9B, 0x56, 0x65, 0x73, 0x2F, 0x2D, 0xC5, 0x1A, 0xAC, 0xA2, 0xCF, 0x71, 0x0D,
    0x9B, 0x76, 0x85, 0xBF, 0x96, 0x2B, 0x90, 0xFD, 0x95, 0xF0, 0x10, 0xD7, 0x2B, 0xA0, 0x9D, 0x40,
    0x37, 0xB2, 0x0D, 0x24, 0x21, 0xAD, 0xD9, 0x33, 0xA0, 0x36, 0x61, 0x41, 0x8B, 0x10, 0xAA, 0x3D,
    0x38, 0x5A, 0x4D, 0x80, 0x98, 0x56, 0xA6, 0xAB, 0x1D, 0x11, 0x43, 0xB7, 0x98, 0xB6, 0xCB, 0x70,
    0x56, 0x8A, 0xE4, 0xCC, 0xB1, 0x88, 0x1E, 0x5A, 0x68, 0xF2, 0x63, 0x1C, 0xF3, 0x31, 0xE7, 0xC1,
    0x2C, 0xFB, 0x84, 0x81, 0x9F, 0xD1, 0x3C, 0x92, 0xAD, 0x4B, 0xDA, 0xFC, 0xC1, 0xFE, 0xFF, 0x40,
    0x4F, 0xAE, 0xDA, 0xFB, 0x01, 0xDA, 0xD4, 0x6E, 0x02, 0x84, 0x4D, 0x2D, 0xAE, 0xF9, 0x9D, 0x9F,
    0xC8, 0xF5, 0x3A, 0xBB, 0xAC, 0xF6, 0x0D, 0x0E, 0xFA, 0xC8, 0x0B, 0xC0, 0x37, 0x69, 0xC5, 0xF6,
    0xB5, 0x71, 0x9E, 0xA7, 0xA7, 0xBF, 0x7D, 0xEE, 0xE9, 0xC1, 0x63, 0x9F, 0x7E, 0x47, 0x9F, 0x8E,
    0xD5, 0x59, 0x00, 0x35, 0x05, 0x36, 0x8B, 0x79, 0x60, 0xE7, 0x42, 0x8B, 0x6B, 0x64, 0xD1, 0x13,
    0x6A, 0x32, 0xBE, 0xC7, 0x19, 0x01, 0x6D, 0x70, 0xDF, 0xF5, 0xAD, 0x67, 0xAE, 0x5B, 0x49, 0x8C,
    0x46, 0x70, 0x0B, 0x65, 0x1D, 0xF2, 0x66, 0x34, 0x29, 0x2D, 0x17, 0x65, 0x25, 0xFF, 0xAA, 0x56,
    0xD1, 0x3A, 0x59, 0x86, 0x6B, 0x51, 0x70, 0x6C, 0xAD, 0xFC, 0x4D, 0xA0, 0xED, 0x48, 0xF8, 0x97,
    0x48, 0x41, 0x8C, 0x26, 0x89, 0xF4, 0x21, 0xDE, 0x09, 0xA8, 0xAB, 0x61, 0x0B, 0xD2, 0x7F, 0x6D,
    0x14, 0xE9, 0xED, 0x12, 0x7D, 0x34, 0x39, 0xC8, 0x4B, 0xC2, 0xBA, 0x07, 0xCA, 0x43, 0xAE, 0xFD,
    0xA8, 0xD9, 0x92, 0x1A, 0x14, 0x4D, 0x95, 0x7D, 0x5B, 0xCD, 0x66, 0xC6, 0x35, 0x9B, 0x99, 0x57,
    0x30, 0xE6, 0xA4, 0x88, 0x59, 0xAB, 0x9B, 0x2C, 0xD3, 0xE3, 0x96, 0xDB, 0xA1, 0x92, 0x98, 0x03,
    0xB5, 0x5A, 0x67, 0x86, 0xB3, 0x84, 0x52, 0x19, 0x57, 0xF9, 0xA1, 0xCD, 0x66, 0x90, 0x3C, 0x66,
    0xFC, 0xDA, 0x64, 0x96, 0x1B, 0x6D, 0x32, 0x4B, 0xE0, 0xAE, 0x01, 0xBB, 0xDB, 0x3B, 0x1A, 0x78,
    0x94, 0x76, 0xCD, 0xC8, 0x63, 0xE7, 0x6D, 0xF3, 0xC4, 0xCD, 0x66, 0xE6, 0x32, 0xEB, 0x79, 0x49,
    0x26, 0x27, 0x3D, 0xCF, 0xB4, 0x58, 0x91, 0x5F, 0x45, 0x79, 0xAE, 0x08, 0x7F, 0x1D, 0xAF, 0x47,
    0x87, 0x57, 0x44, 0x47, 0xF2, 0x1A, 0xF4, 0xCE, 0xF2, 0x0A, 0x83, 0xC5, 0x2B, 0x38, 0xF2, 0xE1,
    0xED, 0x2B, 0xD8, 0xC6, 0x45, 0x3B, 0xD9, 0xCE, 0xED, 0x1F, 0x6C, 0x37, 0x92, 0x1D, 0x9C, 0xDE,
    0x56, 0xFE, 0xED, 0xA5, 0xC2, 0xC9, 0x24, 0xFB, 0x16, 0xFE, 0xB1, 0xC6, 0x4A, 0xC3, 0x6A, 0x95,
    0xCD, 0x3F, 0x72, 0xA3, 0x56, 0xAB, 0x75, 0x8E, 0xB9, 0x7D, 0x8B, 0xAD, 0xDB, 0x2E, 0xE1, 0xB6,
    0x2D, 0x2D, 0x5B, 0x76, 0xCA, 0x68, 0xFD, 0xBD, 0xCB, 0xA1, 0x35, 0x81, 0xAE, 0x17, 0xCD, 0x26,
    0x6A, 0x0F, 0xB4, 0x9C, 0xAA, 0x47, 0xD2, 0x7C, 0x05, 0x94, 0x7C, 0x8C, 0x5C, 0xAE, 0xAD, 0x0F,
    0x34, 0x41, 0x8E, 0x71, 0x89, 0x2C, 0x52, 0xE2, 0x88, 0x40, 0x34, 0xF6, 0xBE, 0x0D, 0xB0, 0xD0,
    0x64, 0x73, 0x00, 0x28, 0x9F, 0xAD, 0x5F, 0x07, 0x40, 0x3F, 0xAF, 0xC0, 0x58, 0xAE, 0xBC, 0x8F,
    0x56, 0x85, 0x7C, 0x79, 0x2B, 0x7D, 0x3F, 0xD0, 0x24, 0x7B, 0xC1, 0x34, 0x19, 0x45, 0xAF, 0x15,
    0x53, 0xF7, 0xEB, 0xC6, 0x65, 0xEE, 0x48, 0xDC, 0x19, 0x78, 0x76, 0xB8, 0x21, 0x6D, 0x07, 0x24,
    0x22, 0x6F, 0x91, 0x7F, 0x21, 0x69, 0x87, 0xB0, 0x08, 0x37, 0x38, 0xDB, 0x03, 0x29, 0x7B, 0xAB,
    0x19, 0x7B, 0xA7, 0x09, 0x7B, 0xA7, 0xF9, 0x7A, 0xA7, 0xE9, 0x7A, 0x47, 0x2E, 0x28, 0x05, 0x61,
    0xAF, 0x42, 0xD0, 0xAB, 0x0C, 0xBC, 0x7C, 0x2A, 0xFE, 0xFC, 0x33, 0x8D, 0x6C, 0x02, 0xBB, 0x4E,
    0x7B, 0x89, 0x3F, 0x25, 0xD6, 0x7A, 0x4E, 0x02, 0xA6, 0xB9, 0x99, 0xA7, 0x38, 0xAC, 0x2C, 0x95,
    0x5F, 0xC9, 0xE5, 0x8F, 0xCC, 0x2A, 0x85, 0xA3, 0x4D, 0x81, 0xE1, 0xA7, 0xD8, 0x40, 0x90, 0x8B,
    0xC5, 0xE6, 0xD9, 0x35, 0x1C, 0xE3, 0x26, 0x21, 0x1A, 0xE2, 0xD3, 0xEF, 0x23, 0x70, 0xB6, 0x30,
    0x55, 0xB8, 0xBC, 0x22, 0x06, 0xF5, 0x81, 0x3D, 0x96, 0x55, 0x3E, 0xB1, 0x66, 0xF6, 0x0E, 0x8F,
    0x07, 0xD2, 0xD5, 0xD8, 0x7D, 0x64, 0xC9, 0x8D, 0x82, 0x80, 0x32, 0xCA, 0xAB, 0xF8, 0x50, 0xEC,
    0x35, 0x22, 0x48, 0x2A, 0x59, 0x26, 0x56, 0x72, 0xD3, 0xD6, 0x9A, 0xE0, 0x37, 0x1B, 0xF4, 0xBF,
    0xB7, 0x69, 0x25, 0x3C, 0x77, 0xB1, 0x64, 0x70, 0x61, 0x83, 0x9D, 0x30, 0x71, 0x12, 0x28, 0xB4,
    0x91, 0xA8, 0x3C, 0x93, 0xF4, 0x4E, 0x9C, 0xB1, 0x64, 0x7B, 0x32, 0x59, 0x9A, 0xF1, 0x75, 0x48,
    0xF0, 0x98, 0xE9, 0xF5, 0xC8, 0xF0, 0xB8, 0x67, 0x24, 0x7C, 0x6E, 0xDA, 0xCB, 0x6E, 0x75, 0xB2,
    0xD1, 0x21, 0x27, 0xED, 0xF9, 0x66, 0xA4, 0xD9, 0xE4, 0xAE, 0x67, 0xCB, 0xAD, 0x12, 0x66, 0x70,
    0xFF, 0xBF, 0xCD, 0x37, 0xDC, 0xA1, 0x0F, 0xC7, 0x66, 0x11, 0x6A, 0x71, 0x42, 0x36, 0x73, 0xF5,
    0x62, 0x57, 0xD3, 0xE3, 0x93, 0xF7, 0x6B, 0x8E, 0x23, 0xB1, 0x6F, 0x92, 0x2A, 0xFB, 0xD9, 0xDB,
    0x21, 0x28, 0x8C, 0xC3, 0xC4, 0xA0, 0x2C, 0xDC, 0x59, 0x26, 0x39, 0x0D, 0x77, 0xF4, 0x9E, 0x1E,
    0x50, 0x88, 0x80, 0xEC, 0x02, 0xCD, 0xFD, 0xD8, 0x9D, 0x69, 0xC5, 0x13, 0x6A, 0x2C, 0x01, 0x37,
    0xA9, 0x14, 0xE0, 0x38, 0x66, 0x41, 0x74, 0x13, 0xDA, 0xC7, 0x73, 0x69, 0xAB, 0x8F, 0x47, 0x04,
    0x73, 0xA4, 0xD2, 0x91, 0x9A, 0xCE, 0x73, 0x09, 0x0E, 0xA7, 0xC2, 0xC8, 0xED, 0x42, 0x14, 0x6C,
    0x1D, 0x72, 0xE7, 0xB1, 0x4F, 0x91, 0xC8, 0x72, 0xE7, 0xF1, 0xF9, 0xBE, 0x73, 0xC5, 0x9C, 0x39,
    0x89, 0xF8, 0xE1, 0x61, 0x02, 0x62, 0x86, 0xAD, 0x77, 0x6E, 0x26, 0xDA, 0xC1, 0x72, 0x77, 0x64,
    0x71, 0x6C, 0xB0, 0xE5, 0x12, 0x7C, 0xBA, 0xC9, 0x94, 0xB0, 0x35, 0xC2, 0x3B, 0xBA, 0xF6, 0xFD,
    0x80, 0x25, 0xBB, 0x1B, 0xB3, 0x9F, 0xB4, 0x5A, 0xA0, 0xB2, 0x1F, 0x39, 0xC7, 0xBE, 0x3F, 0x73,
    0xE8, 0xEF, 0xDC, 0x9C, 0x25, 0x32, 0x4F, 0xA4, 0x9E, 0xF8, 0xFA, 0xA9, 0x53, 0xE5, 0x4E, 0x57,
    0xCA, 0xAD, 0x7C, 0xA5, 0x5C, 0xEB, 0x88, 0x6F, 0x3B, 0x22, 0xB0, 0x3C, 0xE5, 0x2B, 0x68, 0x32,
    0x79, 0xEB, 0x7B, 0x20, 0xEC, 0x35, 0x3D, 0xE3, 0xEB, 0xB3, 0x6E, 0x1E, 0x02, 0x5B, 0x09, 0x6C,
    0x35, 0xE7, 0x09, 0x5F, 0x92, 0x41, 0xEC, 0xB3, 0x3D, 0x49, 0x12, 0xAF, 0x7D, 0x3D, 0xDF, 0xEB,
    0xA6, 0x10, 0x7A, 0xBC, 0x97, 0xB0, 0x5A, 0x6A, 0x17, 0xE4, 0x5C, 0x2C, 0x9E, 0x23, 0xDC, 0xD9,
    0x5E, 0x99, 0x6F, 0x81, 0x4C, 0x4E, 0xB7, 0xAF, 0x81, 0xC3, 0xEA, 0x6A, 0x38, 0x90, 0x78, 0xB7,
    0x4D, 0x5D, 0x01, 0xCB, 0x90, 0xBF, 0x58, 0x51, 0xD4, 0xF3, 0x1E, 0x5D, 0x4E, 0x31, 0xC2, 0x78,
    0x74, 0xA8, 0x95, 0xFD, 0xFE, 0xCC, 0xC9, 0xF9, 0xDC, 0x0C, 0xB7, 0x28, 0x1E, 0x62, 0xEE, 0x83,
    0x16, 0xD2, 0x91, 0x14, 0x5D, 0xD4, 0x43, 0x38, 0x92, 0x0A, 0xE5, 0xB2, 0x22, 0x1B, 0xD1, 0xFA,
    0xC8, 0x62, 0xCF, 0xA2, 0x0B, 0x9B, 0x9C, 0xA7, 0xCE, 0x89, 0x2B, 0xD8, 0x59, 0xEE, 0x53, 0x30,
    0x6E, 0x68, 0x38, 0x79, 0xC9, 0x64, 0x1F, 0x3F, 0x3D, 0x62, 0xEF, 0x4E, 0x04, 0x16, 0xC3, 0x23,
    0xE6, 0x90, 0x5B, 0xAE, 0x60, 0x2C, 0x52, 0xC0, 0x29, 0xEE, 0x19, 0x5F, 0x80, 0xB1, 0xC8, 0xFE,
    0x72, 0x49, 0xC6, 0xA2, 0xFB, 0x96, 0x0D, 0x9C, 0x5D, 0x54, 0xFD, 0x6D, 0x4F, 0xB1, 0x8D, 0x50,
    0x00, 0x04, 0xC6, 0x48, 0x90, 0x31, 0x05, 0x79, 0xF9, 0x2B, 0x3E, 0x9C, 0xC3, 0xA4, 0xC4, 0x86,
    0x95, 0x0A, 0xE2, 0xA5, 0xB0, 0x71, 0x3B, 0xA1, 0x53, 0x07, 0x24, 0xC4, 0xF6, 0x51, 0xC5, 0x65,
    0xDA, 0xA7, 0x4F, 0xDE, 0x14, 0x9D, 0x00, 0x73, 0x16, 0xBB, 0x02, 0xE4, 0xEE, 0x3E, 0xFB, 0x09,
    0xC0, 0xDE, 0xBB, 0x77, 0x7E, 0x5A, 0x39, 0xFE, 0xA2, 0xF7, 0x6B, 0xC7, 0x60, 0x82, 0x75, 0x17,
    0x0E, 0xC3, 0x87, 0x5C, 0x4B, 0x61, 0x31, 0xB0, 0xAE, 0x49, 0xA2, 0x13, 0xEF, 0x17, 0xD7, 0xDE,
    0x61, 0xE5, 0x95, 0xEA, 0xD5, 0x3F, 0xDF, 0xB1, 0x0E, 0x7C, 0xB5, 0x63, 0xC0, 0xFE, 0xB7, 0xF6,
    0xF3, 0x71, 0x53, 0xD9, 0xD6, 0xE6, 0x5C, 0xDB, 0x26, 0xE6, 0xDC, 0xFD, 0x7C, 0xED, 0x11, 0x27,
    0x23, 0xE8, 0x23, 0x63, 0x44, 0x0D, 0x6A, 0xEA, 0xF2, 0xB7, 0x1A, 0x1D, 0xCB, 0xB3, 0x66, 0x13,
    0xB0, 0x8F, 0xA7, 0xEC, 0xE7, 0x00, 0x8B, 0x54, 0x0A, 0x24, 0x06, 0x98, 0xCD, 0xEE, 0x2C, 0x31,
    0x9C, 0x54, 0x74, 0xAD, 0x4E, 0xB9, 0xF3, 0x9F, 0x2C, 0x07, 0x2B, 0x01, 0x02, 0x06, 0x14, 0x57,
    0x65, 0x8F, 0xC3, 0x00, 0x0B, 0xE0, 0x23, 0xBB, 0x4B, 0x9E, 0x0B, 0x08, 0x81, 0x11, 0x35, 0x98,
    0xEB, 0x98, 0x50, 0x04, 0x38, 0xD7, 0x41, 0xE5, 0x32, 0x93, 0x73, 0x1D, 0x95, 0xF8, 0xD5, 0x6A,
    0xEE, 0x4F, 0xD5, 0xB0, 0xA3, 0xAB, 0xDC, 0xBB, 0x39, 0xD5, 0x03, 0x6D, 0x1D, 0x11, 0xB2, 0xFD,
    0xF3, 0xF5, 0x8B, 0x8E, 0x84, 0xF0, 0x8B, 0xD5, 0x26, 0xC3, 0x44, 0xB9, 0x42, 0xAE, 0x96, 0xC5,
    0x2C, 0x57, 0x61, 0x68, 0x41, 0xC5, 0xF0, 0x14, 0xA4, 0xC4, 0xAC, 0x2F, 0x5A, 0x50, 0x32, 0xD0,
    0xD0, 0x1A, 0x50, 0x90, 0xF7, 0x86, 0x94, 0x0C, 0x53, 0xA2, 0x29, 0xF4, 0xD6, 0xC9, 0x28, 0xD3,
    0xCE, 0xE0, 0xEC, 0x20, 0x19, 0xA4, 0x4C, 0x9D, 0xBD, 0xBF, 0xD4, 0x84, 0xA7, 0x39, 0x61, 0xF4,
    0x25, 0xE1, 0x5B, 0xDF, 0x92, 0x42, 0x33, 0x7B, 0xCB, 0x78, 0x90, 0x66, 0xDD, 0x6F, 0x61, 0xC6,
    0xAD, 0xDF, 0x63, 0x0F, 0x4F, 0x1D, 0x99, 0xB0, 0xD0, 0x88, 0xA4, 0xAC, 0xD3, 0xD6, 0xD1, 0xB1,
    0x64, 0xAC, 0x1B, 0xA7, 0xC0, 0xD9, 0xFA, 0xA8, 0x5B, 0xB8, 0x55, 0xBA, 0x21, 0x79, 0x48, 0xEA,
    0x5C, 0x92, 0x58, 0x42, 0x14, 0x34, 0x83, 0xFB, 0x19, 0x36, 0x12, 0x6E, 0xA8, 0x39, 0x97, 0x37,
    0xCE, 0x25, 0x2D, 0xC7, 0x08, 0xFE, 0x8C, 0xF4, 0x86, 0xA2, 0x97, 0xCD, 0x86, 0x65, 0x6E, 0x74,
    0xAD, 0x32, 0xA4, 0x64, 0x48, 0xA9, 0x65, 0x1C, 0xB9, 0xD9, 0x2B, 0xF2, 0x3A, 0x1D, 0xCF, 0xE1,
    0x9C, 0x0F, 0xA5, 0xA6, 0xDC, 0xA0, 0x17, 0x0A, 0xDD, 0x24, 0xD5, 0xEC, 0x6F, 0xE6, 0x3B, 0x34,
    0xD6, 0x97, 0xC4, 0x3E, 0xD8, 0xA3, 0xB1, 0x3A, 0xC6, 0x3E, 0x18, 0x85, 0x6E, 0xEF, 0xD6, 0xD6,
    0xC9, 0x8E, 0x53, 0xAB, 0x69, 0x67, 0x1E, 0x49, 0x8C, 0x59, 0x66, 0xFE, 0xCB, 0xB7, 0xFD, 0x11,
    0x0E, 0x2E, 0x42, 0x9D, 0xDD, 0xBE, 0xB3, 0xFE, 0xA2, 0x8A, 0xE4, 0xC9, 0x46, 0x54, 0x5E, 0x0D,
    0x2B, 0x6F, 0x23, 0xB0, 0xEF, 0x43, 0x25, 0xAC, 0x50, 0x76, 0x4C, 0x1D, 0xFC, 0xCB, 0xD1, 0x46,
    0xAC, 0xBE, 0x94, 0x8D, 0xA8, 0x2E, 0xB0, 0x11, 0xFC, 0xF9, 0xD3, 0x73, 0x5A, 0xD7, 0x9F, 0x2D,
    0xFC, 0x9F, 0x9D, 0xEF, 0x4E, 0xE9, 0xCF, 0xED, 0xF5, 0x66, 0x8F, 0x2C, 0xBB, 0x41, 0xB0, 0xA3,
    0x02, 0x10, 0x58, 0x1D, 0xA9, 0x09, 0x8E, 0x2B, 0xB7, 0xF4, 0x9F, 0x39, 0x37, 0x1E, 0x7C, 0xA2,
    0xD6, 0x50, 0x26, 0x4C, 0x47, 0x2A, 0x31, 0xBC, 0x5A, 0x43, 0xC9, 0x8C, 0xF6, 0x39, 0xD2, 0x1D,
    0x5B, 0xA8, 0x5A, 0x66, 0xBD, 0x3E, 0xB6, 0x97, 0x80, 0x85, 0xB9, 0xC0, 0x2A, 0x77, 0x1C, 0x5D,
    0x4A, 0x2B, 0x57, 0x64, 0x13, 0x0D, 0xA5, 0xE3, 0xDA, 0xB7, 0x03, 0x9A, 0xDD, 0x5B, 0xE6, 0xC2,
    0x73, 0x00, 0xBC, 0xFD, 0xF2, 0xB6, 0xA4, 0x33, 0xDE, 0x94, 0x74, 0x6E, 0x41, 0x24, 0x45, 0x08,
    0xD6, 0x6A, 0x48, 0x4C, 0x17, 0xEB, 0x92, 0x88, 0x6F, 0x46, 0x11, 0x3E, 0xCD, 0xC8, 0xD1, 0xB0,
    0x72, 0x56, 0x24, 0xEF, 0x0E, 0x46, 0x23, 0x72, 0x45, 0x6D, 0x48, 0xE3, 0x36, 0xBD, 0x7B, 0x45,
    0x19, 0xD5, 0x82, 0x38, 0x39, 0xBA, 0x64, 0xD2, 0x8F, 0x9F, 0x76, 0x7C, 0x86, 0x63, 0x7E, 0x63,
    0x16, 0x1B, 0xF3, 0x65, 0xA4, 0xE6, 0xF2, 0x39, 0xA9, 0xF9, 0xD6, 0xEF, 0x4B, 0x6A, 0x4E, 0xED,
    0xE8, 0xD3, 0x29, 0x5B, 0x77, 0x86, 0xEB, 0x8F, 0x7C, 0x2B, 0x6D, 0xFA, 0xE3, 0x23, 0x36, 0xC5,
    0x5E, 0xCD, 0x4D, 0x7A, 0x8F, 0xAC, 0xCE, 0x0D, 0x5B, 0x69, 0xCB, 0x3E, 0x37, 0xB3, 0x8D, 0x9B,
    0x4E, 0x73, 0x8F, 0xAC, 0x4A, 0xFE, 0xB5, 0xAF, 0xAC, 0x5A, 0x10, 0x0C, 0xDD, 0x8C, 0x2E, 0xBB,
    0x24, 0xF5, 0xFB, 0x7E, 0x81, 0xF6, 0xBD, 0xEC, 0xED, 0x7B, 0x0D, 0xDC, 0xF7, 0xBC, 0xFC, 0x76,
    0xAD, 0xB4, 0xE7, 0xD7, 0xDF, 0x8C, 0xEB, 0x3F, 0xBB, 0xA5, 0x33, 0xBB, 0x2F, 0x59, 0x6A, 0xE1,
    0xD6, 0x7F, 0x51, 0xFA, 0xF5, 0x5F, 0x85, 0x6E, 0xFD, 0x0B, 0x80, 0x94, 0x5C, 0xFF, 0x6A, 0x65,
    0xFC, 0xFA, 0x1B, 0xE3, 0xD7, 0xDF, 0xB5, 0xD6, 0x77, 0x33, 0x77, 0xFE, 0x94, 0xAE, 0x7F, 0xE7,
    0xD6, 0xDF, 0x15, 0xE0, 0xD2, 0x81, 0xAC, 0x47, 0xFF, 0x51, 0x4C, 0xEE, 0xE3, 0x11, 0x15, 0xB0,
    0xEF, 0x21, 0xC9, 0x58, 0xB0, 0x00, 0x56, 0x12, 0x0D, 0x06, 0xCA, 0xAF, 0x6B, 0x2D, 0xEB, 0x55,
    0x26, 0x1C, 0x3A, 0xCD, 0x79, 0x4A, 0xB6, 0x33, 0xBE, 0x22, 0x5C, 0x27, 0xE6, 0x7A, 0xAA, 0xDA,
    0x35, 0xC3, 0x9B, 0x85, 0xE7, 0xD9, 0x1D, 0xD4, 0xE1, 0xC1, 0x93, 0xA3, 0x00, 0x8F, 0x1C, 0xF7,
    0xEA, 0xB2, 0x3A, 0xE4, 0x31, 0x0E, 0x13, 0x25, 0x32, 0x46, 0x77, 0x90, 0xBA, 0x69, 0x4E, 0x3E,
    0xF2, 0x76, 0xCD, 0xD7, 0x18, 0x9A, 0x91, 0xC8, 0x47, 0x5B, 0xEA, 0xA6, 0xD9, 0x99, 0x81, 0xDA,
    0x4D, 0xB0, 0x30, 0xF9, 0xD7, 0xBC, 0x45, 0xAA, 0x57, 0x34, 0xCF, 0xC1, 0xA7, 0x43, 0x4B, 0xCB,
    0xF0, 0x49, 0x13, 0xC1, 0xEC, 0xBF, 0xDE, 0x48, 0x6E, 0x18, 0x6C, 0xE4, 0x65, 0xC4, 0xB7, 0xC1,
    0x49, 0xD3, 0x2A, 0x7C, 0xD6, 0x2A, 0x9E, 0xC7, 0x4F, 0xFA, 0xBB, 0x33, 0xB5, 0x0D, 0xDD, 0xA9,
    0xDB, 0xEA, 0x74, 0x11, 0xA0, 0xBF, 0x4D, 0x4C, 0xB8, 0xDB, 0xB7, 0x79, 0xE3, 0xD1, 0xC5, 0x88,
    0x69, 0x79, 0xB3, 0x2F, 0xE1, 0xF6, 0x59, 0x07, 0x8F, 0x2D, 0xD1, 0x6C, 0x52, 0xA0, 0xFB, 0xDE,
    0x24, 0xD7, 0x18, 0xC9, 0x26, 0x88, 0x60, 0x6E, 0xCE, 0xEC, 0xAF, 0x1A, 0x02, 0x18, 0xCF, 0xF3,
    0x74, 0x8F, 0xEF, 0x3D, 0xCF, 0x2E, 0x0D, 0x3D, 0xF8, 0x73, 0x9D, 0x3C, 0x5F, 0x23, 0x92, 0x49,
    0x78, 0xDE, 0xC7, 0xB5, 0x8F, 0x9E, 0x6B, 0xF4, 0x9C, 0x4D, 0x3D, 0xAF, 0xBD, 0xA8, 0x35, 0x75,
    0x73, 0x87, 0x80, 0x2D, 0x7C, 0xD9, 0xAD, 0xF1, 0xDB, 0x92, 0xDF, 0x56, 0x7E, 0xC8, 0x0D, 0x79,
    0x21, 0x27, 0xE4, 0x03, 0x5C, 0x14, 0x3C, 0x5D, 0x45, 0x22, 0x69, 0xC6, 0x13, 0x72, 0xD9, 0x39,
    0x94, 0x4B, 0x3E, 0xC8, 0xC5, 0x96, 0xF7, 0x0B, 0xB4, 0xCE, 0x63, 0xBF, 0x4A, 0x2E, 0x0B, 0xC5,
    0xD6, 0xF8, 0xBE, 0xDD, 0x0B, 0xCE, 0x0B, 0xD5, 0x9E, 0xB3, 0x2A, 0xDD, 0x18, 0xD5, 0x83, 0x0A,
    0xFF, 0x51, 0x0F, 0xC2, 0x4D, 0xDC, 0x30, 0xEA, 0xBF, 0x8A, 0x0E, 0x91, 0x86, 0xF2, 0x94, 0xDF,
    0x32, 0x3C, 0xF1, 0x44, 0xF4, 0x76, 0xC0, 0xA9, 0x53, 0x90, 0xA8, 0xB4, 0x4C, 0x7E, 0xA2, 0x7A,
    0x60, 0x92, 0x05, 0x72, 0x00, 0x58, 0xEC, 0x04, 0xEB, 0x43, 0xDD, 0x4D, 0x90, 0x3D, 0x52, 0x79,
    0xB3, 0xCA, 0x38, 0xF3, 0x9A, 0x3B, 0x78, 0xB7, 0x37, 0x7F, 0xEC, 0xA8, 0xD5, 0xB8, 0xF1, 0x77,
    0xE9, 0xF4, 0x86, 0xF3, 0xE3, 0xA9, 0xAD, 0x8A, 0xF6, 0xED, 0x53, 0x5E, 0xC9, 0xBF, 0x87, 0xAE,
    0x91, 0x37, 0x6E, 0x70, 0x24, 0xB0, 0xFA, 0x9B, 0x72, 0x99, 0x5B, 0xE3, 0x32, 0x60, 0x6C, 0xFB,
    0xAB, 0xCF, 0x89, 0x9B, 0x7D, 0x67, 0xCC, 0x4D, 0xB9, 0xDE, 0x77, 0xDA, 0x1C, 0xA3, 0xB4, 0x4F,
    0xD5, 0x39, 0x5B, 0x0B, 0xA9, 0xFA, 0x9C, 0x7C, 0xCC, 0x57, 0x31, 0x90, 0x44, 0xF2, 0xB0, 0xBD,
    0x5E, 0x47, 0x72, 0xAD, 0xD9, 0xCF, 0xDC, 0x50, 0x82, 0xCD, 0x3E, 0x8B, 0x74, 0x18, 0x33, 0xDD,
    0x1B, 0x99, 0x8D, 0xA6, 0xD2, 0xDA, 0xD9, 0x44, 0x9A, 0x7B, 0xE6, 0x5C, 0x9D, 0xED, 0x97, 0x17,
    0x88, 0x19, 0x84, 0x97, 0xB6, 0x0A, 0xF2, 0x2B, 0xC2, 0x58, 0x40, 0x14, 0x0B, 0x08, 0x62, 0x01,
    0x31, 0x2C, 0xFC, 0x09, 0xDD, 0x8B, 0x62, 0xC2, 0x0E, 0x3C, 0x8E, 0x9B, 0x3A, 0xEB, 0x82, 0x5D,
    0xEE, 0x94, 0x87, 0x7B, 0xA5, 0x38, 0xAA, 0xD8, 0xA4, 0xF9, 0xBF, 0x54, 0xFE, 0x6C, 0xA8, 0x94,
    0xD8, 0x5D, 0xFC, 0x9F, 0xE5, 0x1A, 0x17, 0xC9, 0xF7, 0xEE, 0x99, 0xA4, 0x4A, 0x5E, 0xC4, 0xB1,
    0x6D, 0xC9, 0x77, 0x90, 0x55, 0x24, 0xC7, 0xC7, 0x12, 0x5E, 0x46, 0x38, 0x79, 0xAB, 0x37, 0x2F,
    0xF3, 0xD8, 0x29, 0xA0, 0xD9, 0x62, 0xD3, 0xB3, 0x42, 0x0C, 0x05, 0x83, 0x2C, 0xDD, 0x78, 0x98,
    0x8D, 0x47, 0x5B, 0xF9, 0xE3, 0xE1, 0x39, 0x5E, 0xAD, 0x8B, 0xD7, 0xDB, 0xB3, 0x7A, 0x2C, 0x81,
    0x96, 0xC6, 0x67, 0x96, 0xFF, 0xB2, 0xD7, 0x70, 0xFB, 0x8C, 0xA7, 0xC4, 0x23, 0xC9, 0xE4, 0xCD,
    0xF0, 0xD6, 0xF3, 0x26, 0x32, 0xA1, 0x50, 0xDB, 0xCC, 0xB2, 0xE0, 0x31, 0x7C, 0xB8, 0xE1, 0x6D,
    0x9D, 0xF5, 0xDC, 0x50, 0x88, 0x14, 0x4C, 0x52, 0x38, 0xE9, 0xB5, 0xB3, 0x26, 0xE2, 0x14, 0x2F,
    0xA9, 0x76, 0x6F, 0xCD, 0x75, 0xFE, 0x95, 0x97, 0xA5, 0xF2, 0xB2, 0xEC, 0x2F, 0xE2, 0xE5, 0x80,
    0xE9, 0x2E, 0xBC, 0x16, 0xC2, 0x92, 0x39, 0x53, 0x5D, 0x8D, 0x1F, 0xDD, 0x6D, 0xEE, 0x6F, 0x8C,
    0x55, 0x32, 0x3D, 0x1F, 0x2A, 0x39, 0x77, 0x54, 0xFD, 0x62, 0x3A, 0xEA, 0xA7, 0x75, 0x2D, 0xC2,
    0xE3, 0x15, 0xC0, 0x59, 0x25, 0xAE, 0x51, 0xAE, 0x10, 0xE4, 0xE8, 0x3D, 0x1C, 0x57, 0x1E, 0xDD,
    0x07, 0xC8, 0x16, 0x81, 0x3B, 0x88, 0xD9, 0xCA, 0xEC, 0xBC, 0xC9, 0xC2, 0x87, 0x77, 0x2B, 0x1E,
    0x4D, 0x81, 0xF9, 0x44, 0xB6, 0xB7, 0xC2, 0xE1, 0xF2, 0x40, 0xDD, 0xF4, 0xCC, 0x97, 0xDD, 0xFF,
    0xE1, 0x4E, 0xC3, 0x99, 0x9F, 0x75, 0x89, 0xF5, 0x44, 0x79, 0x97, 0xD8, 0x39, 0x97, 0xA8, 0x54,
    0x8C, 0x42, 0xB5, 0x5B, 0x8A, 0x24, 0x85, 0xF6, 0x17, 0x62, 0xA1, 0xE9, 0x5C, 0x4E, 0xEC, 0x71,
    0xA7, 0x29, 0x76, 0x51, 0x86, 0xAA, 0x44, 0x99, 0x22, 0x16, 0x0C, 0xD6, 0x89, 0xB3, 0x8A, 0x0A,
    0xA5, 0xCB, 0xAF, 0xA9, 0x89, 0x86, 0xB3, 0x77, 0x41, 0x47, 0x38, 0xB9, 0xC4, 0x7F, 0x1A, 0x43,
    0xA2, 0xED, 0x20, 0xFB, 0xF1, 0xD4, 0xD4, 0x42, 0x17, 0x55, 0x0E, 0x35, 0x2F, 0xDF, 0x72, 0x16,
    0xFF, 0x33, 0x80, 0x66, 0x18, 0xC7, 0xEB, 0x3C, 0x81, 0x5D, 0x61, 0x82, 0x82, 0x35, 0xF7, 0x31,
    0x36, 0x3C, 0x13, 0x17, 0x81, 0xE6, 0x85, 0xFC, 0xAD, 0x22, 0x62, 0x55, 0xA4, 0x19, 0xEF, 0xD3,
    0xBF, 0x19, 0x40, 0x61, 0x1C, 0x6B, 0x60, 0xF6, 0x18, 0xC7, 0x9F, 0x98, 0x3D, 0xAC, 0x46, 0xA1,
    0x27, 0x0E, 0x57, 0x9E, 0x0D, 0xA5, 0xFA, 0x91, 0x5A, 0x8D, 0xD4, 0xA5, 0xED, 0x46, 0xEF, 0x2F,
    0xA0, 0xB6, 0x5A, 0xE8, 0xA6, 0xE3, 0x79, 0x9C, 0x39, 0xCB, 0xD4, 0x98, 0x0D, 0x24, 0x60, 0xCA,
    0xD6, 0x2E, 0x6B, 0x8A, 0xC4, 0xBF, 0xAB, 0x19, 0x13, 0x91, 0x54, 0x23, 0xF6, 0x91, 0x75, 0x26,
    0x4C, 0x24, 0xD2, 0x19, 0xB0, 0x85, 0x37, 0x5F, 0x99, 0x33, 0x5E, 0xCB, 0xCC, 0x99, 0xAE, 0x36,
    0x53, 0x86, 0x67, 0x43, 0xE6, 0xCD, 0xD6, 0xF1, 0xE3, 0x9C, 0xFB, 0xA3, 0x10, 0x05, 0x31, 0xB2,
    0xDA, 0x66, 0x78, 0x35, 0xDB, 0x28, 0x25, 0x5C, 0x2E, 0x8A, 0xD0, 0xCD, 0x6F, 0xFC, 0xDE, 0x3F,
    0xB8, 0xF9, 0x0D, 0xEF, 0x5B, 0x9D, 0x5F, 0xDD, 0x1B, 0xD1, 0xDA, 0x7B, 0x36, 0x2B, 0xC2, 0x65,
    0xCC, 0xFA, 0x50, 0xE7, 0xF7, 0x4F, 0x83, 0x46, 0xCB, 0x58, 0xBA, 0x3C, 0xAA, 0x95, 0xEA, 0x93,
    0xE3, 0x4A, 0x29, 0x24, 0xB8, 0xA1, 0x9B, 0xDF, 0x97, 0xBF, 0xB8, 0x45, 0xF1, 0xA2, 0xFE, 0x85,
    0xC0, 0xE3, 0xA3, 0x47, 0x87, 0xE4, 0x35, 0xB0, 0x1A, 0x94, 0xC6, 0x0F, 0xC5, 0xC8, 0x42, 0x9E,
    0x97, 0x09, 0x71, 0xD1, 0xA4, 0x08, 0xD7, 0xE0, 0x71, 0x57, 0x52, 0x12, 0x72, 0x88, 0x5C, 0xAE,
    0xF0, 0x27, 0xF1, 0x99, 0xEE, 0x6B, 0x5A, 0x82, 0xDE, 0x67, 0x1A, 0x1D, 0xAF, 0xDC, 0xA1, 0x46,
    0x97, 0xC6, 0xCA, 0xA5, 0x60, 0x18, 0x4F, 0x6F, 0x70, 0x0B, 0xEE, 0x05, 0xD7, 0x67, 0x9A, 0xDF,
    0xF8, 0xB7, 0x93, 0x8E, 0x3C, 0xFA, 0x67, 0xDA, 0x1E, 0x98, 0x4E, 0xF0, 0xCE, 0x2F, 0xEC, 0x22,
    0xF9, 0x43, 0x4D, 0x65, 0xCE, 0xFE, 0x8C, 0x65, 0x14, 0x71, 0x73, 0xAE, 0x23, 0x6D, 0x6B, 0x38,
    0xDD, 0x48, 0x38, 0x55, 0x9D, 0xFB, 0xB8, 0x63, 0xEE, 0xA3, 0x8E, 0xB9, 0x8F, 0x39, 0xE6, 0x3E,
    0xE2, 0x98, 0xFB, 0x78, 0x63, 0xEE, 0xA3, 0x8D, 0xB9, 0x57, 0x55, 0x85, 0x9F, 0x92, 0x56, 0x2D,
    0x33, 0x54, 0x75, 0xEE, 0x55, 0x75, 0xEE, 0x55, 0x75, 0xEE, 0x55, 0xD5, 0xD7, 0x29, 0x85, 0xAE,
    0xA4, 0xB9, 0x37, 0x83, 0x37, 0x8E, 0x37, 0xB6, 0x8E, 0x05, 0xEB, 0x23, 0x9B, 0xE0, 0xFF, 0xC3,
    0xA8, 0x4A, 0xC5, 0xC0, 0x25, 0xDF, 0xB7, 0xE2, 0x46, 0x1E, 0x48, 0xE4, 0x17, 0x55, 0x38, 0x55,
    0xF6, 0x48, 0x8C, 0x5F, 0xDE, 0xE1, 0x48, 0xC3, 0xB7, 0x2A, 0x9E, 0x99, 0x39, 0xB3, 0xD5, 0xEC,
    0x56, 0x56, 0xA5, 0xF6, 0xC5, 0x2A, 0x2F, 0x7F, 0x53, 0x1D, 0xC8, 0xBF, 0xF7, 0x4D, 0x0E, 0xB8,
    0x05, 0x47, 0x12, 0x2F, 0x67, 0x6C, 0x25, 0x08, 0xAD, 0x6B, 0xFE, 0x96, 0x1F, 0x16, 0x02, 0xE2,
    0x30, 0x4A, 0x99, 0xE9, 0xAC, 0x42, 0xDB, 0x77, 0x24, 0xCB, 0x8B, 0x4D, 0x6B, 0x2B, 0x5A, 0xF4,
    0xE6, 0x89, 0x7C, 0x50, 0x26, 0x81, 0x69, 0x1D, 0xCB, 0xF3, 0x84, 0xD7, 0xB8, 0x3A, 0x42, 0x4B,
    0xA7, 0x48, 0xA6, 0x64, 0x1E, 0xEB, 0xB8, 0x8A, 0x6D, 0x68, 0x51, 0x39, 0x9B, 0x7D, 0x58, 0x97,
    0x2F, 0x56, 0xA8, 0xFE, 0x4B, 0x7E, 0x4A, 0x2C, 0x29, 0x80, 0xF4, 0x65, 0x35, 0x37, 0x48, 0xF9,
    0xD1, 0x5C, 0x04, 0xD1, 0x4C, 0x19, 0x0D, 0xCE, 0x76, 0xE5, 0xF5, 0x30, 0xAE, 0xD2, 0x82, 0xE3,
    0x32, 0x18, 0x59, 0x62, 0x30, 0xB6, 0xC4, 0x60, 0x74, 0x89, 0xB1, 0x6B, 0x5C, 0x8F, 0x0C, 0xAE,
    0x79, 0x8D, 0x6B, 0x3A, 0xE0, 0x6A, 0x16, 0x3F, 0xC4, 0x35, 0x3A, 0x61, 0x75, 0x86, 0xE5, 0x35,
    0xD3, 0x6B, 0x9F, 0x70, 0x79, 0xBF, 0x87, 0xC9, 0x4E, 0x61, 0x0C, 0x57, 0x40, 0x2C, 0xC4, 0x86,
    0x2E, 0x18, 0x22, 0x65, 0xAE, 0x76, 0x45, 0x67, 0x40, 0x27, 0x00, 0xE3, 0x07, 0x34, 0x17, 0xD7,
    0x61, 0x8D, 0xD1, 0xC7, 0x1C, 0x7C, 0x8C, 0xB1, 0xD7, 0x09, 0x86, 0xAE, 0x23, 0xAF, 0x39, 0x70,
    0xE1, 0x02, 0x85, 0x8F, 0x21, 0xFB, 0xDB, 0x51, 0x2A, 0xFC, 0x21, 0xAE, 0x32, 0x68, 0x6E, 0xC5,
    0xF1, 0x9A, 0xD5, 0x68, 0xB9, 0x89, 0x6B, 0x0E, 0xF8, 0xE7, 0x76, 0xAA, 0xC3, 0x98, 0x21, 0xC6,
    0xAB, 0x25, 0x39, 0x5A, 0xE0, 0xB2, 0x51, 0x9D, 0x45, 0x8D, 0x85, 0xB8, 0x06, 0x93, 0x43, 0xAC,
    0xB3, 0x0E, 0xC2, 0xB5, 0x64, 0x41, 0xFC, 0x1C, 0x93, 0x36, 0xC7, 0x0E, 0xD3, 0xDC, 0xCC, 0x4A,
    0xA0, 0x95, 0xC1, 0x66, 0x2E, 0x3E, 0x36, 0x3F, 0xF2, 0x15, 0x50, 0x01, 0x77, 0xC4, 0x8F, 0x4C,
    0xFE, 0xCB, 0x77, 0xE6, 0x40, 0xAE, 0x06, 0x09, 0xCE, 0x7E, 0x30, 0x8C, 0x40, 0xD0, 0x9F, 0x5C,
    0x78, 0x60, 0x9C, 0x57, 0x05, 0x44, 0xBA, 0x68, 0x4C, 0x9A, 0x11, 0xC3, 0x16, 0xC3, 0x87, 0x53,
    0x41, 0xD8, 0x98, 0x14, 0x57, 0xD9, 0x1B, 0x6C, 0x4C, 0x8A, 0xAB, 0xE8, 0x98, 0x8D, 0x49, 0x98,
    0x0B, 0x36, 0x26, 0x45, 0x8D, 0x6B, 0x4C, 0x42, 0x39, 0x56, 0xE7, 0x5A, 0x95, 0xBE, 0xCA, 0xC6,
    0xA4, 0xC5, 0x74, 0x1C, 0x19, 0x1B, 0x93, 0x8C, 0x3B, 0x8C, 0x4C, 0xD8, 0x65, 0x63, 0x92, 0x70,
    0xCB, 0xA3, 0xC8, 0x84, 0x59, 0x36, 0x26, 0x09, 0xAF, 0x4B, 0x34, 0x26, 0x09, 0xAB, 0x6B, 0x34,
    0x26, 0x09, 0xA7, 0x05, 0x1A, 0x93, 0x84, 0x51, 0x3D, 0x85, 0xAC, 0x77, 0x8D, 0x49, 0x77, 0xBF,
    0xDA, 0xC6, 0xA4, 0xC5, 0x74, 0xF2, 0x18, 0x1B, 0x93, 0x8C, 0x3B, 0x77, 0x4C, 0xF8, 0x64, 0x63,
    0x92, 0xF0, 0xC9, 0xC6, 0x24, 0xE1, 0x93, 0x8D, 0x49, 0xC2, 0x67, 0x89, 0xC6, 0x24, 0xF0, 0x89,
    0xC6, 0x24, 0xF0, 0x89, 0xC6, 0x24, 0xEC, 0x2E, 0xF0, 0xC0, 0xB1, 0xDE, 0x35, 0x26, 0xDD, 0xFD,
    0xDD, 0x1A, 0x93, 0x16, 0xA7, 0xDB, 0x56, 0xB5, 0x6C, 0x1E, 0x6E, 0x62, 0xAF, 0x60, 0x63, 0x92,
    0xF0, 0xC5, 0xC6, 0x24, 0xE1, 0x8B, 0x8D, 0x49, 0xE0, 0x0B, 0x8D, 0x49, 0xC2, 0xD7, 0x4F, 0xD0,
    0x98, 0x24, 0x7C, 0x3D, 0x07, 0xA9, 0x12, 0xBE, 0xF4, 0x74, 0xB1, 0xDE, 0x35, 0x26, 0xDD, 0xFD,
    0x72, 0x8D, 0x49, 0x8B, 0xE9, 0x50, 0x31, 0x36, 0x26, 0x19, 0x77, 0xA4, 0x18, 0xC4, 0x0F, 0x8D,
    0x49, 0x90, 0x3E, 0x34, 0x26, 0x09, 0x3F, 0x6C, 0x4C, 0x8A, 0xA1, 0x6F, 0x0F, 0x0F, 0xC1, 0x4F,
    0x8F, 0xC6, 0x24, 0xE1, 0xE7, 0x3A, 0x1A, 0x93, 0x84, 0x1F, 0x3D, 0x4B, 0xAC, 0x77, 0x8D, 0x49,
    0x77, 0x7F, 0xBB, 0xC6, 0xA4, 0xB3, 0x87, 0xF1, 0x6A, 0xCE, 0xB4, 0xC7, 0xB2, 0x0D, 0xE1, 0x01,
    0xE7, 0x87, 0x09, 0x0B, 0x68, 0x4C, 0x12, 0x0E, 0xBE, 0x8F, 0x76, 0xB3, 0x2A, 0xFA, 0x68, 0x76,
    0x07, 0xC7, 0xF1, 0x7E, 0x57, 0x56, 0x22, 0xD2, 0x23, 0x03, 0xF0, 0x74, 0x5F, 0x3E, 0xF4, 0x44,
    0x8D, 0x49, 0x8B, 0xD3, 0x3D, 0xBA, 0x70, 0xC2, 0x6C, 0x4C, 0xC2, 0x93, 0xD7, 0x9A, 0xEB, 0xF0,
    0xB8, 0x30, 0x3C, 0x3B, 0xD7, 0xE1, 0x7F, 0x1F, 0x8D, 0x49, 0x78, 0x3A, 0x1A, 0x93, 0xF8, 0xF8,
    0x3C, 0x86, 0xDE, 0xE9, 0x49, 0x61, 0xBD, 0x6B, 0x4C, 0xBA, 0xFB, 0xD5, 0x34, 0x26, 0x2D, 0xCE,
    0x1F, 0x0F, 0xE6, 0x72, 0x1A, 0xED, 0x9D, 0x28, 0x5C, 0x63, 0x92, 0xF0, 0xE9, 0x1A, 0x93, 0x84,
    0x53, 0xD7, 0x98, 0x24, 0xBC, 0xBA, 0xC6, 0x24, 0x2C, 0x96, 0x36, 0x26, 0x09, 0x87, 0x37, 0xB4,
    0x31, 0x29, 0x6A, 0x7C, 0x63, 0x12, 0x32, 0x5C, 0xD7, 0x98, 0x74, 0xF7, 0x5F, 0xAD, 0x31, 0x69,
    0x71, 0xFA, 0x20, 0xB0, 0x75, 0xEE, 0x20, 0xE5, 0xF5, 0x5C, 0x47, 0x05, 0xE7, 0x0D, 0xD9, 0x63,
    0x63, 0x92, 0x8C, 0x49, 0x1B, 0x93, 0x64, 0x48, 0xDF, 0x63, 0x63, 0x92, 0x8C, 0xC8, 0x56, 0x4A,
    0x04, 0xDA, 0x98, 0x84, 0x8E, 0x0A, 0x3D, 0xFF, 0xAB, 0xF7, 0x8D, 0x49, 0x77, 0x7F, 0xA7, 0xC6,
    0xA4, 0xC5, 0xF6, 0xB1, 0x5F, 0xAE, 0x31, 0xC9, 0x8C, 0x87, 0x7E, 0x81, 0x49, 0x6D, 0x4C, 0x02,
    0x97, 0xDA, 0x98, 0x04, 0x03, 0xAD, 0x8D, 0x49, 0xB0, 0x7A, 0xDA, 0x98, 0x24, 0x8C, 0x76, 0xDA,
    0x98, 0x24, 0x9C, 0xBA, 0xC6, 0x24, 0x61, 0xD5, 0x9F, 0xF6, 0xD5, 0x8F, 0x8D, 0x49, 0x77, 0xBF,
    0x9A, 0xC6, 0xA4, 0x6F, 0x9F, 0xDA, 0x5B, 0x71, 0x71, 0xA3, 0xFB, 0x66, 0xB0, 0x04, 0x5F, 0x2A,
    0x44, 0x01, 0xA4, 0x0C, 0xBD, 0xFA, 0x83, 0x11, 0xCD, 0x3B, 0xFB, 0x75, 0x72, 0x1E, 0xF5, 0x73,
    0x5F, 0xA8, 0xA0, 0xF8, 0x60, 0xD3, 0x06, 0x50, 0x84, 0x4D, 0x9B, 0xD0, 0x5C, 0xB6, 0x71, 0x89,
    0x65, 0x68, 0xA9, 0x63, 0xB3, 0x56, 0x7C, 0x43, 0x88, 0x33, 0xAE, 0x52, 0x2C, 0x40, 0x8B, 0x27,
    0xBF, 0x66, 0x5A, 0x4D, 0xC7, 0x5B, 0xC5, 0x04, 0x36, 0xA9, 0xFB, 0x4E, 0x45, 0x4A, 0x7B, 0xAA,
    0x42, 0x56, 0xF8, 0x82, 0x6E, 0xAF, 0x78, 0xF9, 0x16, 0xFF, 0xF3, 0xAD, 0x82, 0x56, 0x7D, 0x4F,
    0xE4, 0xB7, 0x5D, 0xD5, 0x63, 0xB2, 0xC4, 0x65, 0x89, 0xAF, 0x09, 0x5B, 0xE0, 0x00, 0xF0, 0x7A,
    0x5F, 0xB2, 0xFA, 0x93, 0xFE, 0xCA, 0x0A, 0x85, 0x3F, 0x07, 0xF8, 0x2A, 0xBB, 0xB8, 0x17, 0xEE,
    0x44, 0x2C, 0xC4, 0x21, 0xE1, 0x3C, 0xE7, 0xCA, 0xFC, 0xB8, 0x84, 0x76, 0x8A, 0xCF, 0xC6, 0xA1,
    0xB0, 0x3C, 0xD2, 0x1F, 0x91, 0x51, 0x81, 0xED, 0x36, 0xEC, 0x6A, 0xF1, 0xCB, 0xFC, 0xF0, 0x45,
    0x41, 0x18, 0xF1, 0x3B, 0xE6, 0xCC, 0x99, 0x17, 0x7E, 0x46, 0x2E, 0xBB, 0x2F, 0xF7, 0x21, 0x70,
    0x1A, 0x9D, 0x6C, 0x5A, 0x49, 0x15, 0x12, 0xCC, 0x48, 0xC3, 0x2F, 0xC7, 0xC9, 0x5A, 0x79, 0x66,
    0x31, 0x0C, 0xBD, 0x09, 0x7F, 0x52, 0x2D, 0x60, 0xCF, 0x5F, 0xA8, 0x77, 0x8B, 0x03, 0xC5, 0x9C,
    0x0E, 0x34, 0x97, 0x65, 0x85, 0x8E, 0x2A, 0xBA, 0xCB, 0x07, 0x7C, 0x32, 0x70, 0x6D, 0xDA, 0x98,
    0x38, 0x6F, 0x0D, 0x9D, 0x49, 0xD2, 0x33, 0xC2, 0x50, 0x3E, 0x09, 0x83, 0x24, 0x01, 0x16, 0xED,
    0x91, 0xB3, 0x86, 0xC1, 0x13, 0x5B, 0xC3, 0x8B, 0xCB, 0x27, 0x0F, 0xB7, 0x11, 0x4C, 0x7F, 0x68,
    0x16, 0xCF, 0xCC, 0x32, 0xEE, 0xC8, 0x2C, 0xE1, 0x84, 0xA5, 0xE8, 0xC2, 0x0A, 0x1B, 0x07, 0x84,
    0x17, 0x9E, 0x97, 0x05, 0x8B, 0x83, 0x48, 0x1B, 0xDA, 0x89, 0xD3, 0xB2, 0xC0, 0x0E, 0x84, 0x21,
    0xD2, 0x82, 0x74, 0x3A, 0x51, 0x54, 0xA4, 0x6B, 0x39, 0x79, 0x7B, 0x66, 0xC3, 0xEB, 0x49, 0xEF,
    0x37, 0x4F, 0xC3, 0x38, 0x5A, 0xAC, 0x36, 0xC3, 0x57, 0x1B, 0xA0, 0xEC, 0x28, 0xC5, 0xF2, 0x55,
    0x28, 0x7D, 0x8C, 0xDB, 0x9C, 0x35, 0x2E, 0x03, 0xBE, 0x65, 0x71, 0x21, 0x01, 0x71, 0xF2, 0xBA,
    0x0C, 0x21, 0x79, 0x23, 0xA4, 0x3B, 0x8D, 0xAB, 0x6F, 0x1B, 0x84, 0x8C, 0x98, 0x21, 0x86, 0xAC,
    0x3D, 0x77, 0x89, 0x17, 0x54, 0x1A, 0xC9, 0x14, 0x6E, 0x40, 0xD1, 0x58, 0x1E, 0xC6, 0xF3, 0x66,
    0xCC, 0xCE, 0x3B, 0xDB, 0x10, 0xA2, 0x8A, 0xEB, 0xCB, 0x06, 0x81, 0xCE, 0x12, 0x21, 0xB6, 0x7C,
    0x52, 0xF2, 0xDE, 0x46, 0x22, 0xF8, 0xAA, 0xB4, 0x45, 0xBC, 0x4E, 0x71, 0x44, 0x2E, 0x26, 0xF6,
    0x05, 0x7C, 0x2B, 0x17, 0xBE, 0x26, 0x40, 0xBF, 0x15, 0x20, 0x28, 0x74, 0x05, 0x2A, 0x7C, 0x0F,
    0x17, 0x5C, 0x35, 0x8E, 0x33, 0xB7, 0xEE, 0xAB, 0xA2, 0xB0, 0x42, 0x8D, 0x39, 0xF3, 0xE5, 0x9B,
    0x53, 0x91, 0xE0, 0x39, 0xA5, 0xA4, 0x77, 0x6E, 0x25, 0x7D, 0x08, 0x1F, 0x0E, 0x6D, 0x02, 0x21,
    0x48, 0x5B, 0x09, 0x99, 0x24, 0x3C, 0xFE, 0xF5, 0x26, 0x11, 0x26, 0x64, 0xE5, 0x52, 0x64, 0x02,
    0xC0, 0x23, 0x44, 0xD2, 0x36, 0x18, 0xD9, 0x37, 0xCD, 0xDF, 0x79, 0xAB, 0x90, 0x9D, 0xAA, 0x17,
    0x4F, 0x4E, 0xD5, 0xCB, 0xC6, 0xCB, 0x53, 0x89, 0xD8, 0x62, 0x5B, 0x0E, 0x2F, 0x17, 0xFC, 0x4A,
    0x86, 0x96, 0x01, 0xFE, 0x90, 0x20, 0x5E, 0xCA, 0x3E, 0xE2, 0xF9, 0xF8, 0xC4, 0xF7, 0x42, 0xFB,
    0x46, 0x33, 0x13, 0x8D, 0xC1, 0x21, 0xC0, 0x43, 0x22, 0x96, 0x34, 0xAB, 0x71, 0x4D, 0x97, 0xB8,
    0xE2, 0x3B, 0xF5, 0x6A, 0x89, 0x96, 0xEF, 0x07, 0xFC, 0xBE, 0x4C, 0x8E, 0xD4, 0x1A, 0x2D, 0x4C,
    0xD4, 0xAF, 0xF5, 0x5B, 0x38, 0xB5, 0xCE, 0xF0, 0xA0, 0x0C, 0xCF, 0xC9, 0x4C, 0xF4, 0x70, 0xC8,
    0x64, 0xC9, 0x24, 0x5D, 0xC0, 0x43, 0x78, 0x96, 0x01, 0xBF, 0xE5, 0x0B, 0xA3, 0xE2, 0x98, 0x32,
    0x7C, 0xA1, 0x63, 0x86, 0x2C, 0x5A, 0x2E, 0x43, 0x79, 0x8C, 0x88, 0xC0, 0xC2, 0x22, 0xE2, 0xBB,
    0x39, 0xF0, 0xD1, 0xCF, 0x9E, 0xAE, 0xB0, 0xDB, 0x6E, 0x37, 0x5A, 0x6C, 0x9D, 0x0A, 0xA5, 0xED,
    0x46, 0xC6, 0x9F, 0x09, 0x85, 0x8D, 0x6F, 0xB6, 0x1B, 0xC9, 0x3C, 0x6B, 0xBB, 0x11, 0xC2, 0x45,
    0xB6, 0x1B, 0xC9, 0x98, 0x8F, 0xD8, 0x6E, 0x84, 0x80, 0x91, 0xED, 0x46, 0x88, 0x18, 0xD9, 0x6E,
    0xC4, 0x63, 0xCA, 0x79, 0x18, 0x54, 0xEF, 0xDB, 0x8D, 0xEE, 0x7E, 0x35, 0xED, 0x46, 0x17, 0x7D,
    0x6D, 0x88, 0x8F, 0x85, 0x25, 0xFE, 0x66, 0xBB, 0x91, 0xB0, 0xAA, 0xC7, 0x3F, 0x31, 0x5D, 0x40,
    0xBB, 0x11, 0x9C, 0x11, 0xDB, 0x8D, 0x84, 0xD5, 0x0F, 0xD8, 0x6E, 0x24, 0xAC, 0x5E, 0x63, 0xBB,
    0x51, 0xD4, 0xB8, 0x76, 0x23, 0xA4, 0x0B, 0x87, 0xAE, 0x01, 0xE9, 0x2B, 0x69, 0x37, 0x3A, 0xB5,
    0x96, 0xA9, 0x0A, 0x0D, 0x65, 0x06, 0x22, 0x83, 0xD9, 0xFB, 0x48, 0xD7, 0x12, 0xF2, 0x62, 0x20,
    0x2E, 0xAC, 0xA1, 0xE5, 0xD7, 0x7B, 0x42, 0x5D, 0xF1, 0xF5, 0x1F, 0x9B, 0x04, 0x2C, 0xDC, 0xA7,
    0x89, 0x1A, 0xA3, 0xA8, 0x09, 0x23, 0x1B, 0x21, 0xB2, 0xAD, 0xCA, 0x8F, 0xBD, 0x62, 0xAC, 0x5C,
    0xD7, 0xD6, 0x22, 0x44, 0x43, 0x6C, 0x2D, 0x82, 0x69, 0x62, 0x6B, 0x91, 0x4C, 0xC2, 0x86, 0xAD,
    0x45, 0x32, 0x09, 0x0B, 0xB6, 0x16, 0xD1, 0x5A, 0xBE, 0xAA, 0xE6, 0xC9, 0xB5, 0x16, 0xDD, 0xFD,
    0x32, 0xAD, 0x45, 0xE7, 0x7C, 0x85, 0xF6, 0xC2, 0xE9, 0x6D, 0xAF, 0x60, 0x7B, 0x9C, 0x18, 0x4C,
    0x94, 0x90, 0x3E, 0x1C, 0x3A, 0xAD, 0xA4, 0xD5, 0x5B, 0xA4, 0x37, 0x36, 0xCF, 0x89, 0x5C, 0x6B,
    0x23, 0x9D, 0xFE, 0xDD, 0x6B, 0x86, 0xFD, 0x9E, 0xDA, 0x49, 0x67, 0xB4, 0x97, 0x0E, 0x5A, 0xCA,
    0x9D, 0xF7, 0xA4, 0xA2, 0xBD, 0x88, 0x1A, 0xD6, 0x40, 0xCD, 0xD6, 0xD3, 0x79, 0x56, 0xE7, 0x1C,
    0x7A, 0xA6, 0x41, 0x40, 0xA6, 0x3E, 0x35, 0x83, 0xFF, 0xD9, 0x2B, 0x78, 0xB3, 0x1D, 0x8E, 0x21,
    0x08, 0x07, 0x9B, 0x11, 0xCC, 0x4E, 0x8E, 0x71, 0xC3, 0xD2, 0x1C, 0xA8, 0xA2, 0xED, 0x63, 0x2E,
    0xF0, 0x8D, 0xB0, 0x61, 0xAF, 0x7F, 0xEE, 0x6E, 0x97, 0xA6, 0x0F, 0xDB, 0x06, 0xDD, 0xB3, 0x8B,
    0x41, 0xF7, 0xB1, 0xA8, 0xD6, 0xE1, 0x3C, 0xBC, 0xBE, 0x82, 0x6B, 0x68, 0x51, 0x16, 0x98, 0x9C,
    0xC0, 0xBD, 0xE8, 0xB1, 0xDE, 0x29, 0x27, 0x5A, 0x3C, 0x69, 0xCD, 0x22, 0x79, 0x59, 0xB3, 0xF7,
    0x1A, 0x02, 0x13, 0xF8, 0xAB, 0x98, 0xD7, 0xA8, 0xDE, 0xFB, 0x07, 0x64, 0xC4, 0xFC, 0x4A, 0xB8,
    0x85, 0xFB, 0x32, 0xB8, 0xB8, 0x3E, 0x53, 0x0D, 0x32, 0x9D, 0xE9, 0x39, 0x41, 0x4C, 0x14, 0x11,
    0xD8, 0x20, 0xDB, 0xEA, 0x41, 0x4C, 0x22, 0x22, 0xDA, 0x42, 0x84, 0x54, 0x8B, 0x2D, 0x44, 0x10,
    0x11, 0xB6, 0x10, 0x21, 0x64, 0x63, 0x0B, 0x11, 0x22, 0x36, 0x3D, 0x83, 0xA9, 0xF7, 0x2D, 0x44,
    0x77, 0xBF, 0xD2, 0x16, 0xA2, 0xC5, 0xD6, 0xC1, 0x4B, 0xF7, 0xD9, 0x14, 0xA5, 0xC7, 0x2E, 0x81,
    0x5D, 0xB4, 0x10, 0xCD, 0xD8, 0x8B, 0x92, 0x53, 0xA9, 0x37, 0xF4, 0xE3, 0xD9, 0x1B, 0x96, 0xF7,
    0xE8, 0x18, 0x2D, 0x44, 0xC2, 0x29, 0x5B, 0x88, 0x84, 0x51, 0x3D, 0x6F, 0xA9, 0x77, 0xA6, 0xFD,
    0xEE, 0xEF, 0xD6, 0x42, 0x74, 0x41, 0xBA, 0xCA, 0x16, 0x22, 0x98, 0x9B, 0x4E, 0xD3, 0x55, 0x6E,
    0x23, 0x81, 0x2F, 0xB4, 0x10, 0xD1, 0xD6, 0x6C, 0x98, 0xAE, 0x7E, 0x80, 0x16, 0x22, 0x5A, 0x9A,
    0x98, 0xFD, 0xCE, 0x7A, 0xB8, 0x52, 0xEF, 0x5A, 0x88, 0xEE, 0x7E, 0xB9, 0x16, 0xA2, 0xC5, 0x36,
    0x5C, 0xD2, 0xB3, 0xA2, 0x3E, 0xE1, 0x19, 0x2C, 0xBC, 0xF1, 0x28, 0x25, 0xC8, 0xF5, 0xEE, 0x4B,
    0xC2, 0xD9, 0x06, 0xBD, 0x43, 0xD1, 0x60, 0x7F, 0x3A, 0x58, 0x46, 0x24, 0x2D, 0x7C, 0x88, 0x24,
    0x09, 0x62, 0x7E, 0xD6, 0xAF, 0xE1, 0x7B, 0xE2, 0xC2, 0x4E, 0xDB, 0x86, 0x3A, 0xED, 0x1A, 0xFA,
    0xA6, 0x6B, 0x1A, 0x9A, 0x7A, 0x86, 0xCE, 0xDE, 0xCE, 0x3E, 0x5D, 0x25, 0x6E, 0xAF, 0x40, 0xC3,
    0x90, 0xCC, 0x04, 0x5A, 0xE5, 0x65, 0x22, 0xD0, 0x30, 0x04, 0xF7, 0xC0, 0xEF, 0x5A, 0x8A, 0xF0,
    0xD5, 0xBF, 0x32, 0x0B, 0x08, 0x15, 0x22, 0x55, 0xDD, 0xC0, 0xB9, 0xB7, 0xBB, 0xBF, 0x53, 0xC3,
    0xD0, 0xE2, 0xEC, 0xD9, 0x48, 0x5B, 0xA2, 0xB5, 0x57, 0xB8, 0x16, 0x5E, 0x64, 0x85, 0xDA, 0x8A,
    0x38, 0x68, 0xC3, 0x10, 0xCC, 0x20, 0x1B, 0x86, 0x34, 0x7F, 0xA7, 0xB0, 0x07, 0x37, 0xD8, 0x30,
    0x84, 0x84, 0x50, 0x8F, 0x44, 0xEA, 0x7D, 0xC3, 0xD0, 0xDD, 0x7F, 0xBD, 0x86, 0xA1, 0xFF, 0xAF,
    0x11, 0xEF, 0x93, 0x34, 0x0C, 0x2D, 0x4E, 0x6F, 0xE0, 0xD5, 0xC6, 0x9D, 0x75, 0xA4, 0x8E, 0xB7,
    0x73, 0x7E, 0xB7, 0x73, 0x6E, 0xB7, 0x53, 0x4D, 0xE0, 0x1D, 0x4E, 0xB7, 0x53, 0x4D, 0xE0, 0x01,
    0x5E, 0xDA, 0x30, 0x04, 0x4D, 0x58, 0x6B, 0x03, 0xD1, 0xEF, 0xD4, 0x30, 0x64, 0xF0, 0x8D, 0x72,
    0xFC, 0x99, 0xA1, 0x42, 0x88, 0x3F, 0x31, 0x4E, 0x9E, 0xD7, 0xCE, 0x84, 0x8F, 0x31, 0xDF, 0x28,
    0x52, 0x47, 0x5D, 0x81, 0x8A, 0x5A, 0x52, 0x26, 0x1F, 0x55, 0x2C, 0x52, 0x17, 0xF2, 0x85, 0x35,
    0x8B, 0xD4, 0x51, 0x84, 0xFF, 0x22, 0x8B, 0xD4, 0x61, 0xCD, 0xB4, 0x48, 0x1D, 0xCA, 0xE5, 0x8A,
    0xD4, 0x9F, 0x65, 0x68, 0xAD, 0x45, 0xEA, 0x66, 0x2C, 0x52, 0x37, 0x63, 0x91, 0xBA, 0x19, 0x8B,
    0xD4, 0xCD, 0x97, 0x2D, 0x52, 0x47, 0x2B, 0xD1, 0xD7, 0x59, 0xA4, 0x3E, 0x43, 0xDF, 0x2B, 0x8B,
    0xD4, 0x31, 0x0E, 0x2D, 0x52, 0xC7, 0x38, 0xB4, 0x48, 0x1D, 0xE3, 0xD0, 0x22, 0x75, 0x8C, 0xE3,
    0x5D, 0x16, 0xA9, 0x73, 0x1C, 0x2C, 0x52, 0xC7, 0x38, 0x0A, 0x16, 0xA9, 0xB3, 0xC8, 0x99, 0x45,
    0xEA, 0x6C, 0xBB, 0xD1, 0x22, 0xF5, 0x67, 0xA9, 0x4F, 0xDE, 0xFE, 0xFA, 0x22, 0x75, 0x33, 0x16,
    0xA9, 0x9B, 0x0B, 0xBF, 0x6C, 0xE2, 0xC9, 0x8B, 0xD4, 0x77, 0xB7, 0xEA, 0x4D, 0x33, 0xE4, 0x71,
    0x6D, 0x32, 0x60, 0x38, 0x81, 0xF8, 0x98, 0x01, 0xA3, 0x91, 0xF1, 0xDC, 0x5F, 0x72, 0x30, 0x92,
    0x38, 0x14, 0x18, 0x4B, 0xFE, 0x0A, 0xBE, 0xF7, 0x4C, 0x86, 0x82, 0x6E, 0x8B, 0x02, 0x23, 0xF9,
    0xE8, 0xB8, 0xC1, 0xD7, 0x9A, 0xCB, 0x40, 0x82, 0x06, 0x65, 0x06, 0xFC, 0x4E, 0x69, 0x54, 0xA1,
    0xE0, 0x60, 0x43, 0x10, 0xCF, 0x12, 0xB3, 0x70, 0x15, 0xAF, 0xF2, 0xC7, 0x85, 0xEB, 0xDA, 0x70,
    0xC4, 0x53, 0x5B, 0xDF, 0x97, 0xF7, 0x04, 0xC4, 0xEE, 0x28, 0x42, 0xBD, 0x97, 0xA0, 0x1E, 0xAC,
    0xF2, 0x7B, 0xD5, 0xC1, 0x2A, 0xC6, 0xC2, 0x69, 0x47, 0x6A, 0xC5, 0x59, 0xBF, 0x5F, 0x5D, 0xCD,
    0x38, 0xE9, 0x1F, 0x21, 0x78, 0x00, 0xAB, 0xCF, 0xC1, 0xBA, 0x92, 0xD5, 0x05, 0x36, 0x3F, 0x85,
    0xD5, 0x80, 0xE9, 0xC6, 0xB3, 0xBA, 0xB3, 0xA0, 0x8B, 0x3C, 0x78, 0x02, 0x15, 0xC1, 0x8A, 0x7C,
    0x6D, 0x7C, 0x58, 0xBE, 0xB8, 0xE3, 0xC3, 0xC9, 0x8B, 0xF6, 0x45, 0xFF, 0x1F, 0xD5, 0x7D, 0xCD,
    0xAF, 0x24, 0xD7, 0x75, 0xDF, 0xAD, 0x2A, 0xEA, 0xB5, 0x3C, 0x05, 0xA8, 0xB4, 0xE0, 0x82, 0x7A,
    0xD4, 0xB8, 0xBC, 0xD0, 0xC2, 0x94, 0x44, 0xD5, 0x1F, 0x10, 0xBE, 0xAE, 0x26, 0x09, 0x48, 0x08,
    0xB4, 0xA0, 0x57, 0x09, 0x02, 0x03, 0xA1, 0x16, 0x86, 0x21, 0x8A, 0x40, 0xC6, 0x4B, 0x23, 0x98,
    0x61, 0x37, 0xC5, 0x85, 0x16, 0x5A, 0x70, 0x00, 0x2D, 0xB2, 0xC8, 0x42, 0x2F, 0xC6, 0x00, 0x11,
    0x29, 0xC0, 0xCF, 0x0B, 0x2F, 0x84, 0xB8, 0xE7, 0x55, 0x91, 0xB3, 0x10, 0x02, 0x2D, 0xA6, 0x65,
    0x2E, 0x0C, 0x44, 0x0B, 0xB6, 0x12, 0x06, 0x46, 0x44, 0x20, 0xAF, 0xCC, 0x29, 0x9B, 0xC5, 0x79,
    0xD5, 0x75, 0x73, 0x7E, 0xBF, 0x73, 0x6E, 0x75, 0xBF, 0x8F, 0xA1, 0x48, 0x0E, 0xAD, 0xD0, 0x0F,
    0x83, 0xAA, 0x33, 0xFD, 0x55, 0xE7, 0x9E, 0x7B, 0xBE, 0xCF, 0xB9, 0xF7, 0xBA, 0x62, 0xE3, 0xDC,
    0x77, 0x92, 0xC1, 0x45, 0xDE, 0xD7, 0x51, 0x9B, 0xFB, 0x45, 0xDA, 0xA5, 0xAD, 0x1B, 0xCA, 0x6F,
    0xD7, 0xE5, 0x3B, 0x6E, 0xE3, 0xCA, 0x7E, 0x52, 0x97, 0x43, 0xE2, 0x5D, 0x3A, 0x54, 0x75, 0x56,
    0x65, 0x6F, 0x6F, 0xE4, 0x83, 0xCE, 0x65, 0xD5, 0xB3, 0x83, 0x1B, 0x6E, 0x09, 0xD0, 0x47, 0xD7,
    0x5C, 0x17, 0xB7, 0x2E, 0x6B, 0x5C, 0x36, 0xEB, 0x26, 0xBD, 0x2B, 0x17, 0x2E, 0xAB, 0xBB, 0xBC,
    0x77, 0x4F, 0x3A, 0x37, 0x59, 0x1D, 0xFB, 0x03, 0x27, 0x7F, 0x49, 0x53, 0x76, 0x53, 0x00, 0xAE,
    0xDB, 0x5B, 0xF0, 0x15, 0xF7, 0x92, 0x73, 0x4B, 0x02, 0xC5, 0x3B, 0x8F, 0x77, 0x04, 0x26, 0xDE,
    0xAF, 0x09, 0xB8, 0xF9, 0x20, 0x2F, 0xE3, 0x49, 0x40, 0xCA, 0xFB, 0x37, 0x08, 0x00, 0xB1, 0x49,
    0x2D, 0xEF, 0x02, 0xB1, 0x49, 0x03, 0x40, 0x10, 0x93, 0x27, 0x02, 0x9D, 0xEC, 0xED, 0x9F, 0xFB,
    0xDF, 0x2C, 0x88, 0xD8, 0xDF, 0xDD, 0xF5, 0x2D, 0x11, 0xFB, 0x56, 0xFD, 0xA2, 0xBC, 0x29, 0x88,
    0xC9, 0xB7, 0xAE, 0x3B, 0x20, 0xA6, 0x00, 0x10, 0xAB, 0xED, 0xE1, 0x02, 0xD8, 0xC3, 0xEB, 0xB8,
    0x21, 0x90, 0xD4, 0xA9, 0x62, 0x91, 0x34, 0xF3, 0x05, 0x81, 0xD8, 0x0F, 0xCE, 0xF0, 0xC2, 0x3B,
    0x86, 0x98, 0x9F, 0x05, 0xCC, 0xFC, 0x0C, 0xA8, 0xA5, 0x2B, 0x17, 0x70, 0x6B, 0x5D, 0x40, 0xCE,
    0xBF, 0x7E, 0xCB, 0xB0, 0xBB, 0x0B, 0xB2, 0x11, 0xBD, 0x37, 0x8E, 0x7E, 0x55, 0x1B, 0x7E, 0x93,
    0x3B, 0x6B, 0x43, 0x30, 0x7B, 0xB3, 0x21, 0x86, 0xC9, 0x7D, 0x0F, 0x3C, 0x9E, 0xC4, 0x53, 0xBB,
    0x44, 0x31, 0x72, 0x5F, 0x9D, 0x19, 0x4A, 0xF8, 0xD9, 0x5A, 0xEF, 0xFF, 0xED, 0xC8, 0xDB, 0x2B,
    0xDE, 0xB7, 0x06, 0xBD, 0xE8, 0x3F, 0x08, 0x1F, 0xDB, 0xF3, 0xE3, 0x37, 0xD2, 0x80, 0x3D, 0x69,
    0x6E, 0x7F, 0x8F, 0x6C, 0xC7, 0xE1, 0xFB, 0x71, 0x20, 0xBE, 0xE7, 0xEC, 0xBB, 0xD4, 0x2F, 0x74,
    0x28, 0x72, 0xFD, 0x41, 0xA3, 0x63, 0x79, 0xD2, 0x6D, 0x62, 0xFF, 0x3A, 0x07, 0x33, 0xB8, 0xD6,
    0x95, 0xCA, 0x05, 0x27, 0x71, 0x13, 0x45, 0x47, 0x0B, 0x0C, 0xE7, 0xF9, 0xB8, 0xC9, 0xD6, 0xF9,
    0x8C, 0x9C, 0xB0, 0x18, 0x7C, 0x53, 0x70, 0x40, 0x69, 0x5D, 0xF5, 0xED, 0x94, 0x23, 0x4A, 0xD6,
    0x57, 0x16, 0xAD, 0x72, 0x81, 0x30, 0x8C, 0x33, 0xD0, 0xF5, 0x2E, 0x6A, 0x0C, 0x2C, 0x67, 0x49,
    0x00, 0x33, 0xE1, 0x37, 0x03, 0x63, 0x21, 0x5D, 0x61, 0x78, 0xEF, 0x1F, 0xBA, 0x7C, 0x1C, 0x84,
    0x70, 0x9C, 0xBB, 0xF8, 0xF7, 0x7B, 0xDB, 0xB7, 0x77, 0x3F, 0xA8, 0xC3, 0x6D, 0xB3, 0xC1, 0x46,
    0x2B, 0x90, 0x0E, 0x36, 0x6A, 0xB3, 0x85, 0x8E, 0xB5, 0x00, 0x04, 0x66, 0x9F, 0xC8, 0xBB, 0x0B,
    0x8C, 0xB4, 0x9E, 0xB7, 0x02, 0x61, 0xA0, 0x6F, 0x79, 0x47, 0x48, 0xF8, 0xBD, 0x51, 0xA8, 0x71,
    0xC5, 0xC2, 0x75, 0x02, 0xC9, 0x28, 0xF3, 0xCE, 0x79, 0x81, 0x9E, 0x24, 0xE9, 0xFC, 0x5D, 0xE5,
    0x9B, 0xA2, 0x39, 0xF5, 0x0A, 0x25, 0x7D, 0x6B, 0x90, 0xAB, 0xDA, 0xD2, 0xA0, 0xA2, 0x2D, 0x0C,
    0x4A, 0xDB, 0x2B, 0x36, 0x90, 0xA4, 0x1D, 0x51, 0x6E, 0xC9, 0x6A, 0xFC, 0xCA, 0x3A, 0x6F, 0x29,
    0x9F, 0xF8, 0xF5, 0xBE, 0xDA, 0x38, 0xC5, 0xBB, 0x58, 0x1D, 0x77, 0x73, 0x9B, 0xA5, 0x97, 0x5C,
    0xB9, 0xCA, 0x39, 0x4D, 0xA0, 0x67, 0x39, 0x2B, 0x38, 0x4F, 0x75, 0xD4, 0xB8, 0x12, 0x93, 0x2E,
    0xF8, 0xAF, 0x84, 0xAD, 0xA6, 0x49, 0x4F, 0xC6, 0xFB, 0xF7, 0x84, 0x37, 0x64, 0xBD, 0x22, 0x1A,
    0x16, 0xA5, 0xD3, 0xB9, 0x2A, 0x9C, 0xAF, 0xCB, 0x45, 0xC6, 0xC9, 0x2A, 0xDD, 0xFE, 0xAC, 0x5C,
    0x2B, 0xAD, 0x41, 0xFC, 0xE9, 0x50, 0x11, 0xC6, 0x2B, 0xD3, 0x79, 0xAF, 0x54, 0xAD, 0xA3, 0x3F,
    0x99, 0xEE, 0xDD, 0x34, 0x2E, 0xAB, 0xFC, 0xB1, 0xA1, 0x2E, 0xB8, 0xBE, 0x3B, 0x32, 0xDD, 0xFE,
    0x2D, 0x77, 0xBC, 0x33, 0x3B, 0x36, 0xA7, 0x07, 0xF6, 0xDF, 0xA7, 0xDC, 0xD9, 0xFF, 0x97, 0x76,
    0xCF, 0xEF, 0xBF, 0x76, 0x56, 0x27, 0x7C, 0xEF, 0xA7, 0xCD, 0x96, 0x30, 0x85, 0xB0, 0xA2, 0xBC,
    0x21, 0xCF, 0x79, 0x13, 0xF7, 0xF4, 0x83, 0xF4, 0xBD, 0x86, 0x9A, 0xC4, 0x0D, 0xAA, 0x17, 0x62,
    0x8F, 0x7B, 0x5E, 0x65, 0x27, 0x0D, 0xF0, 0xCB, 0xE6, 0xCF, 0x36, 0x39, 0xC7, 0x1E, 0x37, 0x5F,
    0x18, 0x30, 0xEE, 0x18, 0x94, 0x91, 0x31, 0xCB, 0x5D, 0x46, 0xF7, 0x0D, 0xA7, 0xF7, 0x47, 0x70,
    0x27, 0x86, 0x72, 0xEF, 0xF5, 0x1E, 0xEB, 0x94, 0x74, 0xC5, 0xDA, 0xA4, 0x4D, 0xA7, 0xAA, 0xE8,
    0x0C, 0x9D, 0x2F, 0x5F, 0x10, 0xAE, 0x7E, 0x77, 0x0A, 0x49, 0x8F, 0xE6, 0xFC, 0x2B, 0xDB, 0xCF,
    0x84, 0x81, 0x2B, 0x87, 0x9B, 0x4C, 0xAE, 0x83, 0x44, 0xAE, 0x39, 0xD5, 0x98, 0x2A, 0xCE, 0x73,
    0xEC, 0x55, 0x16, 0x5D, 0x7C, 0x52, 0xDB, 0x0C, 0xDF, 0x5B, 0xDB, 0xF4, 0xFE, 0x83, 0x2A, 0xBD,
    0x59, 0xB2, 0x56, 0xA5, 0x27, 0xCA, 0x57, 0x95, 0x9E, 0xCB, 0xEB, 0x03, 0x4E, 0xE9, 0x9E, 0x9F,
    0x29, 0xF5, 0x8B, 0xDE, 0x1E, 0x5B, 0xAE, 0xDC, 0x8D, 0x40, 0x76, 0xC5, 0x28, 0xAF, 0x13, 0xD3,
    0x87, 0x43, 0xD5, 0x04, 0xFD, 0x62, 0x6C, 0x7A, 0xE5, 0xD6, 0x8E, 0xF6, 0x1B, 0xF5, 0xB2, 0x2A,
    0x66, 0x47, 0x35, 0xAA, 0xCC, 0xD8, 0xB9, 0xA0, 0x31, 0x3A, 0xD3, 0xCD, 0x83, 0x98, 0x88, 0x95,
    0xEA, 0x0B, 0xD7, 0xA5, 0x0D, 0x11, 0x7D, 0x5E, 0x48, 0xDA, 0x39, 0xD5, 0x16, 0xC7, 0xC3, 0xD2,
    0x94, 0x45, 0xD9, 0x5D, 0x1F, 0x75, 0x85, 0xF2, 0x06, 0xD4, 0xE1, 0x53, 0x23, 0xD1, 0x96, 0x23,
    0x9B, 0x18, 0xFD, 0xF3, 0x77, 0x1E, 0x37, 0x3C, 0x13, 0x4A, 0x88, 0xEA, 0xE9, 0x8D, 0xFB, 0xAD,
    0x06, 0xA4, 0x0E, 0x3A, 0xBA, 0x0E, 0x06, 0xA4, 0xFE, 0xEA, 0x4C, 0x35, 0x74, 0x5D, 0x36, 0xA6,
    0xA0, 0xBF, 0x36, 0x1A, 0x90, 0xE5, 0x27, 0x32, 0x20, 0xF5, 0x65, 0x06, 0x44, 0xFF, 0xBE, 0xE2,
    0xB6, 0x22, 0x20, 0x72, 0x1E, 0xF9, 0x45, 0xD9, 0x41, 0xC8, 0x53, 0xDF, 0x95, 0x1D, 0x50, 0xCD,
    0x7F, 0x79, 0x7C, 0x40, 0x54, 0x4B, 0x97, 0xDF, 0x26, 0xAA, 0x53, 0x70, 0x02, 0x50, 0xF5, 0x2E,
    0xDA, 0x18, 0x39, 0xDD, 0x6D, 0xA2, 0xFA, 0xDC, 0x1A, 0x53, 0x0A, 0x54, 0x3D, 0x00, 0x4C, 0x3B,
    0x81, 0x27, 0x61, 0x0B, 0xB6, 0x4C, 0xF6, 0x90, 0xC0, 0x1F, 0xF2, 0xAA, 0x02, 0xDF, 0x10, 0x6D,
    0xB2, 0x6A, 0x4D, 0x11, 0x6C, 0x1A, 0x08, 0x60, 0xDF, 0x98, 0xF8, 0xE5, 0x55, 0x7A, 0xD2, 0xB8,
    0x47, 0xB2, 0x39, 0x0C, 0x48, 0xB6, 0x01, 0x71, 0x04, 0x3D, 0x18, 0x93, 0xFA, 0x4B, 0x72, 0x9D,
    0x46, 0xF8, 0xCC, 0x23, 0xC9, 0xA9, 0xB8, 0x0E, 0x75, 0x5A, 0x3F, 0xE5, 0xD2, 0x55, 0x5A, 0x7F,
    0x43, 0x68, 0x36, 0xA9, 0x73, 0xCE, 0xB4, 0xAA, 0x24, 0x28, 0x2F, 0x7F, 0xD4, 0x53, 0xA7, 0x80,
    0x76, 0x7B, 0xAF, 0x5D, 0xD4, 0xF3, 0x39, 0x31, 0x89, 0xFD, 0x2A, 0x87, 0x25, 0xAB, 0x33, 0xDF,
    0xE6, 0xB4, 0x63, 0xC5, 0xCB, 0x7D, 0x4E, 0x02, 0x4E, 0xDD, 0x34, 0x37, 0x02, 0x96, 0x39, 0x09,
    0x78, 0x82, 0x57, 0x40, 0xC0, 0xB7, 0xDD, 0x8D, 0x5C, 0xE5, 0x26, 0xEA, 0x73, 0x62, 0x18, 0x1D,
    0x35, 0xB9, 0x9A, 0x62, 0xBF, 0xC8, 0x95, 0x17, 0x7B, 0xB3, 0x39, 0x78, 0x84, 0x69, 0xEC, 0x2E,
    0x58, 0xA1, 0x2A, 0x00, 0xD9, 0xDB, 0x2E, 0xF0, 0x61, 0x40, 0x6C, 0x04, 0xCA, 0x51, 0x19, 0x8E,
    0x6C, 0xD9, 0x04, 0xB6, 0x6C, 0x80, 0x6A, 0x16, 0xD8, 0x32, 0x0D, 0x6C, 0x29, 0xC0, 0xCF, 0x88,
    0xEA, 0x2F, 0x6A, 0x18, 0x70, 0x41, 0xF5, 0x57, 0x75, 0x35, 0x10, 0xD5, 0x6F, 0xDF, 0xD9, 0x2C,
    0x89, 0x6A, 0x7A, 0x17, 0xB2, 0x0E, 0xB9, 0xF1, 0x60, 0x42, 0x58, 0x9F, 0xDE, 0x54, 0x8C, 0x08,
    0x99, 0x02, 0xF1, 0x62, 0xAB, 0x74, 0x46, 0xA0, 0xBB, 0x00, 0x2C, 0xDD, 0x39, 0x85, 0xEC, 0xCC,
    0xFC, 0xCC, 0x17, 0x44, 0x55, 0xA4, 0x68, 0xA1, 0xA8, 0x8A, 0x89, 0xEA, 0x89, 0x6A, 0xB2, 0x8E,
    0x3B, 0xA2, 0x1A, 0x37, 0xF3, 0x4E, 0xB5, 0x91, 0xF7, 0x9D, 0x6A, 0xA3, 0x6A, 0xDD, 0x29, 0xAA,
    0x83, 0x53, 0x19, 0x2F, 0xD7, 0x00, 0x60, 0x63, 0x16, 0x86, 0x6A, 0xB6, 0xB1, 0xA7, 0xC7, 0xBE,
    0xEE, 0x82, 0x1D, 0x0C, 0xF8, 0x6C, 0x7E, 0x16, 0x50, 0x08, 0xAF, 0xA4, 0x01, 0x88, 0xCF, 0x21,
    0x7F, 0x86, 0x1B, 0x6B, 0x72, 0x63, 0xFD, 0xB1, 0xB8, 0x11, 0xD7, 0x29, 0x7F, 0xE1, 0x91, 0x17,
    0x70, 0x4D, 0xFC, 0x1A, 0xEF, 0x9E, 0xF6, 0xB8, 0x2E, 0xE6, 0xB8, 0xD6, 0xD0, 0xA7, 0x69, 0x03,
    0x7F, 0x2C, 0x5E, 0x3B, 0x15, 0xF3, 0xC3, 0xF0, 0xDC, 0x60, 0x92, 0x44, 0x16, 0x62, 0xCA, 0x42,
    0xD6, 0x61, 0x20, 0x20, 0x11, 0xE8, 0x33, 0xF1, 0x20, 0x4E, 0xF1, 0x0B, 0xD0, 0x61, 0x80, 0x72,
    0xCD, 0x3A, 0x60, 0x5E, 0xAC, 0x48, 0x10, 0x8E, 0xE2, 0xB1, 0xEF, 0xCD, 0x3A, 0xD8, 0x76, 0x0C,
    0x7F, 0xFE, 0xEE, 0xD0, 0xB9, 0x78, 0x98, 0x61, 0xE0, 0xBE, 0xA9, 0xE4, 0xFA, 0xB5, 0x7B, 0x24,
    0x8B, 0x52, 0x89, 0x13, 0x9D, 0xF0, 0x17, 0xA2, 0xD5, 0xEE, 0x4C, 0x99, 0x2F, 0xB7, 0x55, 0xCB,
    0xAA, 0xEF, 0x72, 0x55, 0x38, 0x40, 0x26, 0xDF, 0x60, 0x16, 0xD4, 0x7E, 0x54, 0x0B, 0xF5, 0xDF,
    0x64, 0xCE, 0xD2, 0xA6, 0xF4, 0xAA, 0x9B, 0x57, 0x69, 0x73, 0x60, 0xCA, 0x79, 0x56, 0xAD, 0x0E,
    0x6C, 0xE6, 0xD2, 0x8D, 0xC8, 0xBF, 0x6A, 0x3F, 0xC1, 0xF9, 0xC0, 0xF4, 0x5F, 0xF6, 0x8E, 0xBE,
    0x0A, 0xC6, 0xF7, 0xB3, 0x83, 0x7D, 0xB3, 0x67, 0xD7, 0x9A, 0x83, 0xC2, 0xD4, 0x71, 0xBC, 0x39,
    0xD8, 0x0F, 0xEE, 0x59, 0x71, 0x7B, 0xC4, 0x74, 0xB2, 0x19, 0xC1, 0x68, 0x0B, 0xBA, 0xDB, 0x17,
    0xFD, 0xB8, 0x71, 0x62, 0x73, 0x4C, 0xAC, 0xE3, 0xC4, 0x26, 0x1B, 0x4C, 0x6C, 0xB6, 0xE2, 0xC4,
    0xDE, 0x12, 0x02, 0x71, 0x38, 0x98, 0xDE, 0xEC, 0xEF, 0x80, 0xF9, 0xFC, 0x19, 0x4E, 0xAF, 0x1B,
    0xA7, 0xB7, 0xE0, 0xF4, 0x96, 0xFC, 0x9D, 0xCF, 0xDB, 0x74, 0xA9, 0x9E, 0xC6, 0xC4, 0x8A, 0xB6,
    0x6C, 0xA8, 0x95, 0x1B, 0x62, 0x03, 0x78, 0x98, 0xF1, 0x95, 0xB6, 0xA1, 0x1F, 0xC3, 0x4F, 0x66,
    0x8D, 0x6A, 0xF3, 0x2D, 0x99, 0x57, 0x23, 0x95, 0x57, 0x6A, 0xFC, 0xDC, 0x68, 0xFC, 0x82, 0xEB,
    0xFF, 0x64, 0xB4, 0x16, 0x93, 0x47, 0xE3, 0x17, 0x37, 0x88, 0x56, 0xA0, 0xAD, 0x93, 0x26, 0x57,
    0xB9, 0x78, 0xFE, 0x99, 0xC1, 0xAB, 0x0C, 0x67, 0xB5, 0xEF, 0x9E, 0x32, 0xDB, 0xB2, 0xBF, 0x50,
    0x8D, 0x8D, 0x47, 0xA9, 0xCE, 0x8D, 0xBA, 0x51, 0xFB, 0xDE, 0xDE, 0x1A, 0xBF, 0x45, 0x90, 0x81,
    0x6C, 0x34, 0xD2, 0xD1, 0x68, 0xA5, 0xD5, 0x4C, 0x8F, 0xF4, 0xB3, 0x31, 0x83, 0x86, 0xF8, 0x08,
    0xA8, 0x28, 0xF7, 0x64, 0xF8, 0xE3, 0xE6, 0x1F, 0xFF, 0xED, 0xFF, 0x76, 0xD9, 0x5A, 0x28, 0x99,
    0xAC, 0x94, 0x96, 0xB8, 0x83, 0x9A, 0x72, 0x27, 0x3D, 0x93, 0x95, 0x52, 0x94, 0x77, 0xA1, 0x0E,
    0xEF, 0x8D, 0xDE, 0x41, 0x57, 0xDC, 0x41, 0x59, 0xDC, 0x3F, 0x6F, 0x77, 0x90, 0xF4, 0x59, 0xDE,
    0xB3, 0x93, 0xFF, 0xB5, 0x52, 0xED, 0x7C, 0x6A, 0xF7, 0x52, 0x5F, 0x5F, 0x65, 0xFA, 0xB9, 0x7A,
    0xA2, 0x0C, 0x3C, 0x8B, 0x17, 0xBB, 0xF8, 0x36, 0x23, 0xB6, 0x86, 0x2C, 0xE7, 0x5C, 0x9C, 0x74,
    0x4C, 0x7A, 0xB2, 0x26, 0xA6, 0x29, 0x63, 0x52, 0xB9, 0x11, 0x4F, 0x51, 0x9E, 0x40, 0x53, 0x34,
    0x26, 0xB0, 0xC4, 0xAD, 0x75, 0x62, 0x46, 0x02, 0x8E, 0x44, 0x71, 0xAD, 0x18, 0x52, 0x1A, 0xCE,
    0xDD, 0x14, 0x8D, 0xA6, 0xA0, 0xAD, 0x7E, 0x4F, 0x75, 0xF6, 0x5F, 0x28, 0x81, 0xA3, 0xD9, 0x8E,
    0x90, 0x83, 0x13, 0x07, 0x27, 0xB2, 0x22, 0xB3, 0xEE, 0x57, 0xC9, 0x07, 0x93, 0xB6, 0x05, 0x27,
    0xDE, 0x6E, 0x49, 0xBD, 0xD6, 0x15, 0x7E, 0x22, 0xC6, 0x2C, 0xAD, 0x9E, 0xBF, 0xC3, 0x08, 0x0A,
    0x4A, 0x81, 0xEA, 0xF8, 0x8B, 0x19, 0x74, 0xF1, 0x52, 0x14, 0x4D, 0xEB, 0xBA, 0xDF, 0x87, 0xB2,
    0x58, 0xBA, 0xED, 0xB5, 0xBC, 0xF9, 0x6F, 0x0E, 0x5B, 0x97, 0x7B, 0xBF, 0x69, 0x11, 0xE8, 0x54,
    0xED, 0x36, 0x0C, 0x88, 0xDA, 0xCB, 0xA4, 0xE1, 0xE1, 0xD5, 0xDC, 0x95, 0x9B, 0x7C, 0xA5, 0x7F,
    0x42, 0xAE, 0x95, 0x07, 0x8F, 0x77, 0xD9, 0x29, 0xAE, 0x69, 0x2D, 0xD7, 0x3E, 0xA9, 0x35, 0x14,
    0xA5, 0xFA, 0x83, 0x9A, 0x8B, 0x76, 0xD0, 0x88, 0xC7, 0x88, 0x0B, 0x7E, 0x13, 0x70, 0x59, 0x54,
    0x3F, 0xF0, 0x8C, 0x4E, 0xFC, 0x3D, 0x7F, 0xEA, 0x19, 0x9B, 0xBC, 0xEC, 0x7F, 0x29, 0x02, 0xAB,
    0xF9, 0x83, 0x99, 0xD0, 0x95, 0x2A, 0xA7, 0x74, 0x99, 0xF9, 0xAC, 0xE5, 0x0C, 0xDF, 0xA5, 0x99,
    0xA8, 0x27, 0x1A, 0x0A, 0xFF, 0xF1, 0xFB, 0x03, 0x21, 0x19, 0xCD, 0x8A, 0x1E, 0x99, 0x3C, 0xFF,
    0x4B, 0x6E, 0x1F, 0xD0, 0x93, 0xE3, 0xD3, 0xDC, 0xA7, 0x08, 0x81, 0xE7, 0x4C, 0x9A, 0xC7, 0xF0,
    0xB7, 0x37, 0x85, 0x59, 0xA8, 0xBA, 0x1C, 0x00, 0x50, 0x59, 0xAE, 0x2C, 0x9C, 0x9A, 0xF4, 0x85,
    0x29, 0x4A, 0x7F, 0xCD, 0xD4, 0xE4, 0xDB, 0xDE, 0x94, 0x24, 0x5D, 0x73, 0xAA, 0xC8, 0x79, 0x50,
    0x90, 0x85, 0xA9, 0xC7, 0x85, 0x05, 0xAF, 0xD7, 0x5A, 0x03, 0xA2, 0x21, 0x84, 0xB3, 0xC5, 0xC9,
    0x87, 0x39, 0x0D, 0x73, 0x55, 0xE4, 0x7E, 0x31, 0x02, 0x34, 0x92, 0x8E, 0x8C, 0xFB, 0x9A, 0xB0,
    0x18, 0x80, 0xDC, 0xAF, 0x8B, 0x1A, 0x40, 0x75, 0x32, 0x24, 0x6F, 0xFC, 0x68, 0x0D, 0x03, 0x59,
    0xBD, 0x79, 0x22, 0xDE, 0x52, 0xFA, 0x7F, 0x84, 0x2D, 0xE1, 0x36, 0xA5, 0xFE, 0x95, 0x66, 0xF0,
    0x13, 0x79, 0xEB, 0xE4, 0xED, 0xBA, 0xE8, 0xF1, 0xE1, 0xC4, 0x7F, 0x61, 0xD2, 0x11, 0xE8, 0xF3,
    0x84, 0x92, 0x90, 0x36, 0xE9, 0x09, 0x7F, 0x27, 0xAD, 0x13, 0x3F, 0x03, 0x20, 0xF3, 0xFE, 0x5D,
    0x7D, 0x16, 0x31, 0xBC, 0x14, 0x30, 0x1A, 0x06, 0x12, 0x82, 0x82, 0x50, 0x4E, 0x9C, 0xFB, 0xE3,
    0x9B, 0xEA, 0x1E, 0x78, 0x75, 0x5A, 0x7F, 0x71, 0x5F, 0x42, 0x27, 0xB8, 0x5C, 0x0B, 0x30, 0x82,
    0xB8, 0xAC, 0x33, 0x11, 0x4E, 0xA1, 0xDD, 0x15, 0xFC, 0x10, 0x83, 0x62, 0xB9, 0x73, 0xB6, 0xE9,
    0x04, 0x49, 0x30, 0xA6, 0xF9, 0x97, 0xC2, 0xBC, 0xE7, 0x22, 0xA4, 0x34, 0x2A, 0xBB, 0xC7, 0xC1,
    0xAB, 0x2E, 0xCC, 0x12, 0x4E, 0x82, 0x6B, 0x10, 0x02, 0xCE, 0xC7, 0xFE, 0x05, 0x85, 0x2B, 0x0F,
    0xFC, 0x2B, 0x46, 0xA8, 0x9C, 0x5D, 0x70, 0x28, 0xCF, 0x98, 0xFF, 0xCF, 0x6A, 0xA8, 0x73, 0xFE,
    0x6F, 0xE4, 0xA0, 0xB4, 0x39, 0xFF, 0xCA, 0xEE, 0x70, 0xBA, 0x30, 0x9C, 0xCE, 0x04, 0x73, 0x1A,
    0xFC, 0x98, 0x69, 0xF0, 0x62, 0xA6, 0xC1, 0x87, 0x99, 0x06, 0x0F, 0x66, 0x1A, 0xFC, 0x97, 0x69,
    0xF0, 0x5E, 0xA6, 0x41, 0x30, 0x35, 0x0B, 0x25, 0xC6, 0x61, 0x1A, 0x04, 0x73, 0x1A, 0x04, 0x73,
    0x1A, 0x04, 0x73, 0x1A, 0x50, 0x30, 0x16, 0xEA, 0x12, 0x1D, 0x4F, 0xDC, 0xBB, 0x21, 0x78, 0x9D,
    0x2F, 0xB9, 0x8B, 0xF9, 0x8C, 0xB3, 0x37, 0x9B, 0xB2, 0xEC, 0xFE, 0xEB, 0x96, 0xC3, 0x68, 0x34,
    0x85, 0x61, 0x0A, 0xFD, 0x67, 0x26, 0xD9, 0x8D, 0xDD, 0xCC, 0xB7, 0x4D, 0xFD, 0xEC, 0x3F, 0xF2,
    0xDB, 0x6B, 0x5A, 0x81, 0xA4, 0x81, 0xBF, 0xEF, 0x8A, 0x66, 0x29, 0x3E, 0x73, 0xEC, 0x67, 0x4B,
    0x11, 0x8B, 0x89, 0x98, 0x8D, 0xA4, 0x76, 0xC9, 0x30, 0x5B, 0x5E, 0xAB, 0xE5, 0xC5, 0x76, 0x89,
    0x74, 0xC4, 0x9E, 0x5F, 0xBE, 0x00, 0x77, 0x34, 0xEF, 0x89, 0x6D, 0xDC, 0xC7, 0x95, 0xFA, 0xF4,
    0xCC, 0x8F, 0x2D, 0x35, 0x0F, 0xB6, 0x54, 0xAC, 0x96, 0x8A, 0xFE, 0xF5, 0x98, 0x1E, 0x5B, 0x79,
    0xA4, 0xDE, 0x81, 0x3A, 0x0F, 0xB1, 0x78, 0x0E, 0x67, 0x31, 0x9B, 0x84, 0xCC, 0xEC, 0x2C, 0xEB,
    0x88, 0x59, 0x06, 0xA6, 0x8D, 0xFB, 0x0C, 0x39, 0x47, 0xB9, 0x3D, 0xD3, 0x33, 0x6B, 0x36, 0x9B,
    0x02, 0xC1, 0x6C, 0x56, 0x40, 0x3B, 0x65, 0xB3, 0xDC, 0x25, 0x1F, 0x38, 0xFC, 0x2F, 0xF1, 0xAB,
    0xEC, 0x9B, 0x82, 0xCB, 0xE3, 0x7D, 0xF6, 0x6D, 0x3C, 0xAF, 0x7A, 0xEE, 0x9B, 0xB0, 0x63, 0xE9,
    0xC9, 0x4C, 0x7D, 0x96, 0x99, 0xB2, 0x8C, 0x89, 0x39, 0x55, 0xC0, 0xF0, 0x1C, 0x5E, 0xCC, 0xD6,
    0xD9, 0xCE, 0x2D, 0xF5, 0x7C, 0xD1, 0x5D, 0x3B, 0xB1, 0x2F, 0xA8, 0x1C, 0xCC, 0xF5, 0x76, 0xC5,
    0xB9, 0x51, 0x53, 0xD6, 0x23, 0x60, 0x98, 0xDF, 0x08, 0xB8, 0x77, 0x86, 0x3D, 0x38, 0x97, 0xF8,
    0x1B, 0xF0, 0x4C, 0x4F, 0xC7, 0x0E, 0x63, 0x90, 0x57, 0x74, 0x14, 0x02, 0xE8, 0x38, 0xA2, 0x26,
    0x8C, 0xA4, 0x0D, 0x63, 0xE9, 0xC2, 0x68, 0xBA, 0x30, 0x9E, 0x2E, 0x8C, 0xA8, 0xB3, 0x31, 0xA9,
    0xDD, 0x16, 0xEC, 0x94, 0xBD, 0x8B, 0x99, 0xAB, 0xEA, 0x73, 0x8A, 0xC9, 0xFD, 0x51, 0xC0, 0x79,
    0xB0, 0x9B, 0xAB, 0x74, 0x34, 0xE2, 0xD0, 0xDD, 0xA2, 0x6E, 0x8B, 0xA8, 0xEE, 0x8A, 0x97, 0x4F,
    0x31, 0xA5, 0xE5, 0x1B, 0x4D, 0x81, 0x88, 0xF4, 0x69, 0x78, 0x2B, 0x45, 0x13, 0x21, 0x14, 0x11,
    0xAB, 0x8B, 0x34, 0xD6, 0xFC, 0x26, 0x6F, 0xE5, 0x26, 0x6A, 0x8E, 0x44, 0xC3, 0xFB, 0x37, 0x1A,
    0x11, 0xFF, 0x45, 0xFA, 0x8F, 0xCD, 0x0B, 0x30, 0xB8, 0xC7, 0x0D, 0xD5, 0x69, 0xCE, 0xDB, 0xDE,
    0x7F, 0x42, 0x78, 0x33, 0x78, 0x26, 0xC9, 0xC4, 0xD7, 0xC0, 0x6D, 0xFF, 0xE6, 0xA4, 0x71, 0x5B,
    0xAF, 0x98, 0x71, 0x8D, 0xA2, 0xB4, 0xB2, 0x9B, 0x49, 0x40, 0x54, 0xD5, 0xF4, 0xE7, 0x27, 0x6D,
    0xA1, 0x4C, 0x56, 0x54, 0xF0, 0x03, 0xBB, 0x22, 0x46, 0x72, 0x52, 0x48, 0xB4, 0x84, 0xE5, 0x29,
    0x20, 0x02, 0xFE, 0x9D, 0x02, 0xCC, 0x76, 0x4D, 0xAC, 0x24, 0x04, 0xE2, 0x9A, 0xBF, 0x22, 0x0A,
    0xEE, 0x89, 0xD8, 0xCB, 0x3C, 0xC4, 0xFE, 0xCD, 0x4A, 0xFC, 0x8F, 0xC9, 0xA9, 0xA6, 0xC3, 0x6B,
    0xBB, 0x3D, 0x05, 0xDE, 0x4C, 0x57, 0xBC, 0x49, 0xB8, 0x5D, 0xA8, 0x94, 0xEC, 0x6F, 0xC5, 0x2C,
    0xCC, 0xAB, 0xEF, 0xB7, 0x90, 0xFA, 0x43, 0xAA, 0x3A, 0x40, 0xEA, 0xF4, 0x03, 0x32, 0x07, 0x66,
    0x11, 0xB4, 0x9B, 0xCB, 0x30, 0x0B, 0x7C, 0x6C, 0xE2, 0x17, 0x4D, 0xEC, 0x5F, 0x59, 0xCD, 0xE9,
    0x18, 0x16, 0x6D, 0xB2, 0xCA, 0x6A, 0x09, 0x43, 0x1A, 0xB1, 0x72, 0xAB, 0x89, 0x18, 0xBB, 0x55,
    0x73, 0x2C, 0x90, 0x88, 0x55, 0xDA, 0x37, 0x65, 0x87, 0xD7, 0x10, 0x1D, 0xEC, 0xF9, 0xE4, 0x97,
    0x47, 0xE6, 0x93, 0xBC, 0xF5, 0xB7, 0x60, 0x39, 0xA1, 0x79, 0xF2, 0xFE, 0xEA, 0x27, 0x46, 0xA4,
    0x6A, 0x0C, 0xBF, 0xCA, 0x11, 0xCA, 0x46, 0x68, 0xB2, 0x0D, 0xCE, 0xF6, 0xB6, 0x49, 0x68, 0xE0,
    0xFE, 0x15, 0xF7, 0x9D, 0x8C, 0x93, 0xBE, 0x8C, 0xFA, 0x0C, 0x94, 0x6C, 0x96, 0x93, 0x41, 0x1C,
    0x2D, 0x19, 0xC2, 0xBC, 0x3A, 0xC9, 0x20, 0xEA, 0x4D, 0x39, 0x64, 0x02, 0xC8, 0x00, 0xF6, 0x0E,
    0x05, 0x00, 0xFE, 0x42, 0xE9, 0x6C, 0x01, 0xF4, 0x25, 0x10, 0x90, 0x57, 0x10, 0xAB, 0x5C, 0xEB,
    0xB2, 0x05, 0x90, 0x4F, 0xFC, 0x42, 0x3E, 0x2C, 0xB8, 0xC7, 0x1B, 0x38, 0x6C, 0x08, 0x6C, 0x24,
    0x06, 0x5D, 0xA8, 0x36, 0xDF, 0x00, 0x00, 0x87, 0xCF, 0x5F, 0x5D, 0x28, 0xDE, 0xE9, 0xC9, 0x22,
    0x84, 0x0C, 0x21, 0x62, 0x98, 0x07, 0xA0, 0x18, 0x63, 0x88, 0xD9, 0x99, 0x8C, 0x0F, 0xF3, 0x02,
    0x73, 0xDA, 0xF9, 0x55, 0xD9, 0x01, 0x60, 0x96, 0x8A, 0x6E, 0xF3, 0xAA, 0x9A, 0x92, 0xFE, 0x2F,
    0xC1, 0xFB, 0x06, 0xF2, 0x9B, 0x5B, 0xC8, 0x57, 0x0A, 0xF2, 0x32, 0xB7, 0x1B, 0x12, 0xBF, 0xAC,
    0xEA, 0x1B, 0xA4, 0xBD, 0xF0, 0xE0, 0x81, 0x23, 0xF2, 0x13, 0x01, 0x80, 0xBC, 0xCC, 0xFD, 0x01,
    0xFC, 0xE4, 0x46, 0xF8, 0xFF, 0x80, 0x51, 0x59, 0xB2, 0x61, 0xC4, 0x93, 0x09, 0x93, 0x13, 0x10,
    0xE4, 0x67, 0x1A, 0x03, 0x1D, 0x7E, 0xE4, 0x2C, 0x55, 0xE0, 0x91, 0x66, 0x04, 0x80, 0xAA, 0x25,
    0x39, 0xD3, 0xE6, 0x29, 0x1A, 0x66, 0x41, 0xF5, 0x3A, 0x01, 0x41, 0xB5, 0x8C, 0x16, 0x4B, 0x45,
    0xD5, 0xAF, 0x97, 0x1A, 0x3F, 0xF8, 0xD5, 0x92, 0xA8, 0x46, 0x83, 0x7C, 0x06, 0xA8, 0xA6, 0x74,
    0xD9, 0x05, 0x55, 0xA1, 0xD2, 0x92, 0xA8, 0x0A, 0x3F, 0x2F, 0x89, 0xAA, 0xE8, 0x95, 0xA5, 0xA2,
    0x7A, 0xAD, 0x5D, 0x2A, 0xAA, 0xD1, 0x10, 0x52, 0x2A, 0x79, 0xC8, 0xF5, 0x26, 0xFD, 0x36, 0xFB,
    0x4B, 0x62, 0x2E, 0xE4, 0x07, 0x00, 0x4C, 0x56, 0xF3, 0x41, 0x23, 0x92, 0x6E, 0x53, 0x28, 0x33,
    0x7B, 0x24, 0xA1, 0xC0, 0xCB, 0xC5, 0x7D, 0x4F, 0x0C, 0xDB, 0x89, 0x71, 0x72, 0x97, 0xDC, 0xBF,
    0x49, 0x0C, 0x97, 0xC9, 0x3A, 0x5D, 0x01, 0xC3, 0x83, 0x64, 0x9D, 0x37, 0xC0, 0xB0, 0x4C, 0xD6,
    0x32, 0xF9, 0x82, 0x61, 0xFE, 0xCC, 0x69, 0xDF, 0x12, 0xC3, 0xDA, 0x33, 0x13, 0x23, 0x1E, 0xDE,
    0x3E, 0x02, 0x92, 0xA4, 0x91, 0x88, 0x92, 0x92, 0x7E, 0xE8, 0xAA, 0x9B, 0xD7, 0xD4, 0xEA, 0xE6,
    0x21, 0x76, 0x8C, 0x7C, 0x37, 0x92, 0x2E, 0xDC, 0x81, 0x56, 0x6E, 0xC6, 0x3A, 0xAF, 0x55, 0xC0,
    0x72, 0x86, 0xC8, 0x43, 0x93, 0xFB, 0xD7, 0x89, 0x52, 0x5E, 0x8A, 0x6E, 0x14, 0x8C, 0xF2, 0xE8,
    0xA8, 0x01, 0x42, 0xB9, 0x68, 0x26, 0xE0, 0x83, 0x3B, 0xD1, 0xE1, 0x23, 0xE7, 0x72, 0x4F, 0x58,
    0xEF, 0xCA, 0xE9, 0xE1, 0x25, 0x4D, 0xA6, 0x0C, 0x77, 0x98, 0xBD, 0x31, 0x98, 0x01, 0xEC, 0x46,
    0xCE, 0x0C, 0xCF, 0xDF, 0x8C, 0x00, 0xB9, 0x6D, 0x16, 0x50, 0x59, 0x39, 0xC3, 0x65, 0x78, 0xFD,
    0xA6, 0x22, 0x53, 0x1A, 0x81, 0xF2, 0xBD, 0xEA, 0x1A, 0x09, 0x94, 0xBB, 0x5C, 0x45, 0x45, 0x42,
    0xCF, 0x94, 0x72, 0x9E, 0xBD, 0xDB, 0xA7, 0x14, 0xF3, 0x54, 0x24, 0x84, 0x52, 0xEE, 0x5E, 0x23,
    0x0E, 0x0C, 0xF1, 0x3D, 0xA7, 0x30, 0xFE, 0x4D, 0xC5, 0x79, 0x3A, 0x14, 0x07, 0x4D, 0x85, 0x38,
    0x3A, 0xF2, 0xEF, 0xD8, 0xC4, 0x3D, 0x3E, 0xCA, 0xCC, 0x98, 0x98, 0x8A, 0xC6, 0x7C, 0xD4, 0x17,
    0xE7, 0x67, 0xB9, 0xAE, 0xD9, 0xE6, 0x35, 0x72, 0xFD, 0xA9, 0xC8, 0x57, 0xFE, 0x37, 0xC2, 0x1B,
    0x59, 0x7B, 0x50, 0x09, 0xB6, 0xD9, 0x0F, 0xD7, 0x4F, 0xB9, 0xEF, 0x6D, 0x5C, 0x7A, 0x67, 0x20,
    0x4B, 0x0A, 0x1F, 0x08, 0x7E, 0xBD, 0x20, 0x21, 0x5E, 0xF9, 0xAA, 0xC3, 0x4F, 0x57, 0x7E, 0xDD,
    0x82, 0x5F, 0xF2, 0x53, 0xDC, 0x4B, 0xB7, 0xF7, 0x0A, 0xEE, 0x32, 0x11, 0x93, 0xBA, 0xA5, 0xC3,
    0x9B, 0x23, 0x2D, 0x14, 0xF9, 0x77, 0x3D, 0x59, 0xB1, 0x90, 0x5F, 0xBD, 0x4E, 0x5F, 0x63, 0x76,
    0x26, 0x93, 0x77, 0x2E, 0xE5, 0xBC, 0xF3, 0xDE, 0x41, 0xA0, 0xB4, 0x09, 0xB6, 0x42, 0xAA, 0x5A,
    0x27, 0xAB, 0xA9, 0xA9, 0x56, 0xBA, 0x53, 0x0C, 0x30, 0x3D, 0x20, 0x21, 0x77, 0xE4, 0xDF, 0x12,
    0x08, 0xF4, 0xCE, 0xFA, 0x44, 0x20, 0x10, 0xBC, 0xAA, 0x01, 0x81, 0xE2, 0xC7, 0x32, 0xD3, 0x53,
    0x4A, 0xCD, 0x7C, 0x9D, 0xF4, 0x53, 0x15, 0x1B, 0x26, 0x60, 0x49, 0xF4, 0xEA, 0xCE, 0xC9, 0xA0,
    0x89, 0x95, 0xEC, 0xDE, 0x5B, 0x83, 0x4A, 0x4E, 0xEC, 0x57, 0xC3, 0xA8, 0x5A, 0x8F, 0x47, 0xCF,
    0xFE, 0x89, 0x0B, 0xAA, 0x15, 0x69, 0x86, 0x39, 0x39, 0x53, 0x3C, 0x87, 0xF9, 0x4A, 0xC1, 0xC2,
    0xBF, 0xC7, 0x32, 0x28, 0x70, 0x7D, 0xE6, 0xF4, 0xD7, 0x3D, 0xD1, 0x16, 0xFA, 0xF9, 0xD9, 0x75,
    0xE2, 0x2D, 0x0F, 0xD8, 0x08, 0x85, 0x60, 0x13, 0x44, 0xBD, 0xF7, 0x51, 0x47, 0xA5, 0x2A, 0xCC,
    0xD0, 0x89, 0xF4, 0x0A, 0xEA, 0x7F, 0x4E, 0xB0, 0x05, 0xEE, 0xCB, 0xC9, 0x7D, 0x21, 0xF8, 0x12,
    0xC8, 0xCB, 0x45, 0xDC, 0xBE, 0xA7, 0x80, 0x7D, 0xEF, 0x5E, 0x90, 0x58, 0xF7, 0x3A, 0xD0, 0x07,
    0xA1, 0x4F, 0xEF, 0xD3, 0x5D, 0x06, 0xAD, 0x3F, 0xC0, 0x44, 0x27, 0xA2, 0x5D, 0x3E, 0x77, 0xB3,
    0xA3, 0x85, 0x3C, 0x14, 0x99, 0x1D, 0x8C, 0x2B, 0xC4, 0xF7, 0x3B, 0x0A, 0x0C, 0xF2, 0xBD, 0x9B,
    0xDB, 0xDC, 0x65, 0x08, 0x08, 0x82, 0xE3, 0x7B, 0xFE, 0x1E, 0xAC, 0xB1, 0xF3, 0xAF, 0x1F, 0x06,
    0x03, 0xA8, 0xD6, 0xE4, 0x75, 0x73, 0x14, 0x90, 0x9B, 0xFC, 0x30, 0x59, 0x0D, 0xF2, 0xE1, 0x4C,
    0x56, 0x05, 0x7F, 0x4A, 0x87, 0xF3, 0xB5, 0x0A, 0xC7, 0x89, 0xC9, 0x6A, 0xFC, 0x31, 0x65, 0xD5,
    0x5F, 0x90, 0x55, 0xFE, 0xFD, 0xD9, 0x79, 0x79, 0x48, 0x9A, 0x9D, 0x09, 0x3B, 0x1B, 0x7E, 0x8F,
    0xAF, 0x24, 0x17, 0x2B, 0x63, 0xCB, 0x1D, 0x6B, 0x7F, 0x26, 0xF0, 0x6D, 0xC0, 0x63, 0xCA, 0x8F,
    0x69, 0x6F, 0x96, 0x3E, 0xAD, 0x74, 0x74, 0x6E, 0x72, 0x77, 0xE1, 0x74, 0x4A, 0x7F, 0xBE, 0x52,
    0x53, 0x93, 0xBD, 0xD2, 0xA8, 0xA9, 0xC9, 0x9F, 0x6E, 0xD4, 0xD4, 0xCC, 0x35, 0x25, 0xD3, 0x3C,
    0xAE, 0x99, 0xE7, 0x79, 0x53, 0x69, 0x92, 0x3C, 0x13, 0x4F, 0x20, 0x52, 0x8F, 0xBB, 0x37, 0x8C,
    0x0E, 0xE7, 0x48, 0x8D, 0x69, 0x21, 0xD2, 0xC2, 0xB4, 0x64, 0x8C, 0x6C, 0xBE, 0x7A, 0x73, 0xC7,
    0x1F, 0xD9, 0x81, 0x88, 0xA3, 0x4D, 0x60, 0x1A, 0x20, 0xC1, 0xF2, 0xAF, 0x15, 0x12, 0x34, 0x25,
    0xE2, 0x4E, 0x67, 0xC4, 0x53, 0x94, 0x77, 0xA1, 0x89, 0xAA, 0xEB, 0xC9, 0x5A, 0x02, 0x5A, 0x60,
    0x3A, 0x8D, 0x4F, 0xEF, 0x2B, 0xAA, 0x85, 0xF3, 0xBF, 0x6E, 0x88, 0x6B, 0xB6, 0xF8, 0x2A, 0xD3,
    0x4F, 0x73, 0xE4, 0xB5, 0x08, 0x65, 0xF0, 0xFD, 0xC8, 0x1E, 0x09, 0x6A, 0x94, 0xFA, 0xDB, 0x87,
    0xE2, 0x06, 0x5E, 0x33, 0xEA, 0x66, 0xDE, 0x8F, 0x75, 0xD8, 0xD6, 0xB9, 0x8F, 0xC7, 0x24, 0xAF,
    0x9D, 0x63, 0x92, 0xA3, 0x4F, 0x97, 0x49, 0xB6, 0x59, 0x49, 0x19, 0x0B, 0x4D, 0xDF, 0x20, 0xCE,
    0x0A, 0x00, 0x89, 0xEE, 0xE9, 0xF0, 0x36, 0xF3, 0x6F, 0x76, 0x2D, 0x91, 0xEB, 0xDD, 0x4B, 0x2D,
    0xB1, 0xEB, 0x38, 0xF1, 0x82, 0x5E, 0x8F, 0xF8, 0x87, 0xD4, 0x43, 0x03, 0x01, 0x10, 0x2C, 0x51,
    0xDD, 0x20, 0x86, 0xBD, 0xBA, 0xE8, 0xA2, 0x39, 0x6D, 0x96, 0x25, 0xF8, 0x6F, 0x43, 0x9A, 0xB7,
    0x0D, 0x59, 0xDC, 0x36, 0xF0, 0x5C, 0x1B, 0x1C, 0x8A, 0x8B, 0xC5, 0x91, 0x8B, 0xC0, 0xE1, 0x76,
    0x92, 0x77, 0x67, 0xBB, 0xD9, 0x89, 0x62, 0x51, 0x65, 0x16, 0x54, 0x5B, 0x57, 0xA9, 0xEF, 0xD3,
    0x45, 0x83, 0x9F, 0x11, 0xD5, 0x58, 0x8C, 0x30, 0x50, 0xBD, 0x21, 0x24, 0x5C, 0x03, 0xD5, 0x32,
    0x6E, 0x94, 0x9A, 0x85, 0x33, 0x72, 0x8A, 0x8F, 0x16, 0x91, 0x9E, 0xE2, 0x35, 0x6A, 0xCA, 0x2E,
    0x51, 0xF6, 0x91, 0xDB, 0xE0, 0x58, 0x1B, 0x3A, 0x74, 0xE5, 0x7D, 0x0B, 0x7B, 0x52, 0x1F, 0xD2,
    0x05, 0xDF, 0x5B, 0x5C, 0xD0, 0xEC, 0xD7, 0x9D, 0x7A, 0x67, 0xB3, 0x39, 0xAD, 0x90, 0x18, 0x66,
    0x12, 0xA0, 0x39, 0x9E, 0x50, 0x57, 0xA5, 0x42, 0x4C, 0xA4, 0x2C, 0x48, 0xD5, 0xFE, 0x3A, 0x51,
    0x5D, 0xE2, 0x15, 0xA0, 0xFA, 0x54, 0xD4, 0x5E, 0x57, 0xD9, 0xC1, 0x87, 0x81, 0xEA, 0x5E, 0x55,
    0x5F, 0x27, 0x55, 0xC5, 0x51, 0xBD, 0xAE, 0xFC, 0xD8, 0xD0, 0xBE, 0x08, 0x3B, 0x42, 0xB3, 0xAA,
    0x77, 0xBC, 0xBE, 0x6E, 0x1A, 0xBC, 0xBF, 0x6E, 0x54, 0x2D, 0xAF, 0x07, 0xAD, 0x7D, 0x99, 0xEF,
    0x63, 0x7F, 0xDF, 0x35, 0xAA, 0x9A, 0x47, 0x0F, 0x95, 0xBD, 0x56, 0x66, 0x59, 0x87, 0x74, 0xCF,
    0x93, 0x82, 0xD7, 0x2B, 0x6B, 0x04, 0x65, 0xAD, 0xC8, 0x8B, 0x10, 0xF4, 0x83, 0x64, 0x2D, 0x41,
    0x45, 0xE2, 0xDF, 0xFA, 0x7B, 0xB4, 0x13, 0xA5, 0x22, 0x9B, 0xF0, 0xFA, 0x2A, 0xAF, 0x2E, 0x63,
    0x47, 0xBB, 0x26, 0x84, 0x7B, 0xEA, 0x8C, 0x47, 0x78, 0x70, 0x59, 0x6C, 0x9E, 0x9F, 0x89, 0x2C,
    0xD4, 0x64, 0x37, 0x41, 0x2D, 0x33, 0xA5, 0x4F, 0xE9, 0x71, 0xC5, 0x40, 0x26, 0x5C, 0xB4, 0xCC,
    0x1C, 0xB4, 0x9F, 0x87, 0xCD, 0x15, 0x97, 0x4C, 0x9C, 0x6E, 0x68, 0xA5, 0xC7, 0xFD, 0xF0, 0x1C,
    0xDE, 0x6E, 0x51, 0x83, 0x6C, 0x91, 0xDF, 0xF3, 0x33, 0x5C, 0x07, 0x87, 0xEB, 0xBC, 0xC5, 0xEB,
    0x51, 0x85, 0xAB, 0x7C, 0x1B, 0xB1, 0x6C, 0xDC, 0x5E, 0xB9, 0x24, 0x58, 0x55, 0x66, 0xA2, 0x50,
    0xA7, 0x06, 0xB0, 0x83, 0x81, 0x52, 0x26, 0xB6, 0xF6, 0x56, 0xDC, 0xA8, 0xA9, 0xF5, 0xDF, 0x6F,
    0x94, 0xEF, 0x4F, 0xDE, 0x53, 0xED, 0x76, 0x1B, 0x1D, 0x0F, 0x34, 0x55, 0xAE, 0x54, 0x8D, 0xB1,
    0x54, 0x4E, 0x9F, 0x8B, 0x43, 0x9E, 0xA8, 0xBE, 0x28, 0x6B, 0x53, 0x17, 0x99, 0xE5, 0x6D, 0x0E,
    0xE3, 0xD9, 0x68, 0x5F, 0x3E, 0x04, 0xD8, 0x49, 0xF6, 0x4A, 0x70, 0x44, 0x3B, 0x3B, 0x6F, 0x13,
    0xD5, 0x78, 0x09, 0xFE, 0x51, 0x8C, 0xB3, 0xB6, 0xB8, 0x53, 0x13, 0xF1, 0x72, 0x96, 0xDC, 0xAB,
    0x89, 0xF9, 0x70, 0x33, 0xC1, 0xA0, 0x10, 0x03, 0x74, 0xC8, 0x18, 0x00, 0xF7, 0x97, 0xFA, 0xF2,
    0x79, 0xD5, 0x78, 0xEE, 0x00, 0x65, 0x4E, 0xEA, 0xE6, 0xB2, 0x45, 0x36, 0x03, 0xCA, 0xB9, 0x44,
    0x00, 0xA6, 0x81, 0x00, 0x9E, 0x46, 0xC1, 0xED, 0x15, 0x92, 0xF1, 0xFC, 0x81, 0x42, 0x1C, 0x10,
    0x21, 0xCA, 0x6E, 0x52, 0xEF, 0xE0, 0xF7, 0x21, 0x50, 0xBC, 0x75, 0x27, 0x77, 0x24, 0x98, 0x22,
    0x1C, 0x42, 0x1F, 0x09, 0xBE, 0x5A, 0x07, 0x2D, 0x25, 0xD8, 0xC7, 0xA2, 0x93, 0x7A, 0x8B, 0x1F,
    0x25, 0x40, 0xA5, 0x18, 0x0B, 0xD4, 0x16, 0x94, 0x63, 0xE1, 0xC6, 0x56, 0x05, 0xB9, 0x10, 0x7E,
    0x50, 0x49, 0x16, 0x93, 0xDC, 0xAA, 0x28, 0x97, 0x37, 0x5D, 0xAB, 0xBA, 0xB1, 0xDC, 0xB8, 0xF6,
    0x45, 0x0A, 0xB3, 0x44, 0xCE, 0x6D, 0x45, 0xFD, 0x28, 0x8C, 0xD5, 0xBE, 0x60, 0xD8, 0x1F, 0x8F,
    0xEA, 0x25, 0x1F, 0xA1, 0xC9, 0x08, 0xC5, 0xBB, 0xB9, 0x7F, 0x77, 0x89, 0x63, 0x59, 0xAA, 0xA5,
    0x94, 0xE8, 0x64, 0xAF, 0x27, 0x9B, 0x3A, 0xB8, 0xAD, 0x13, 0x7F, 0x9C, 0x02, 0xF7, 0xB2, 0x2B,
    0x2B, 0x09, 0x64, 0x04, 0xD7, 0x12, 0x6E, 0x8F, 0xE0, 0x2D, 0x41, 0xEA, 0xD2, 0xA5, 0xEF, 0xE8,
    0x5D, 0xB8, 0xB7, 0x44, 0x58, 0x23, 0xE1, 0x4A, 0x59, 0xAD, 0x10, 0x0B, 0x0D, 0xDF, 0x98, 0x74,
    0x74, 0x20, 0xFF, 0xD2, 0x1D, 0x2F, 0xB5, 0x69, 0x8C, 0x71, 0x8B, 0xD0, 0x82, 0x1D, 0x76, 0xEE,
    0xD8, 0x69, 0xC6, 0x68, 0x1A, 0xA2, 0x97, 0x1D, 0x99, 0xA1, 0xD2, 0x67, 0xCF, 0x98, 0x88, 0x22,
    0x1A, 0x4E, 0x18, 0xCF, 0x96, 0x08, 0x4B, 0x91, 0x74, 0x81, 0x7F, 0x8D, 0xEE, 0x28, 0xF9, 0xCF,
    0xDB, 0xA2, 0xE9, 0x98, 0xF0, 0xC9, 0x16, 0xC5, 0xFC, 0xA6, 0x58, 0x8D, 0x69, 0x0E, 0x13, 0x36,
    0x4D, 0x06, 0xA1, 0x4E, 0x81, 0x96, 0x36, 0xE1, 0x17, 0x91, 0x96, 0xDB, 0xD1, 0xAD, 0x8C, 0xF9,
    0x4E, 0x24, 0xDC, 0xD7, 0x48, 0x59, 0x25, 0xFE, 0xA7, 0x3D, 0x29, 0x01, 0xE5, 0x10, 0xBD, 0xB6,
    0xB5, 0x6B, 0xEB, 0x11, 0xC0, 0x7C, 0xFA, 0x85, 0xE6, 0x63, 0x60, 0xDB, 0x3B, 0x9D, 0x4D, 0xA6,
    0x6A, 0x30, 0x99, 0x37, 0x04, 0xE0, 0x5C, 0x4E, 0x5D, 0xA7, 0x8C, 0x88, 0x74, 0x0E, 0x66, 0x52,
    0x70, 0xEF, 0xD4, 0xF0, 0x9E, 0xA0, 0xD6, 0x8A, 0x79, 0x74, 0xB7, 0xD5, 0x47, 0x98, 0xAA, 0xA7,
    0x9F, 0x09, 0xC0, 0x34, 0x1D, 0x1C, 0x3D, 0x6D, 0x91, 0x39, 0xCC, 0xD7, 0x21, 0x1F, 0xDA, 0x84,
    0xF4, 0xEE, 0x7A, 0x5B, 0x51, 0x6F, 0xCF, 0xA5, 0xD2, 0x38, 0x67, 0xF9, 0x8C, 0x53, 0x36, 0xD5,
    0x19, 0x5B, 0x72, 0xC2, 0x98, 0x6F, 0x15, 0x75, 0xD6, 0x63, 0xBA, 0xA6, 0x3A, 0x5B, 0x53, 0x9D,
    0xAC, 0xA9, 0x83, 0xFA, 0x5D, 0x4C, 0xA1, 0xC2, 0x90, 0xA4, 0x9C, 0x72, 0xA6, 0xF4, 0xEB, 0x7F,
    0xC9, 0x5B, 0xAA, 0x3F, 0x26, 0xD3, 0xC4, 0x46, 0x9E, 0x63, 0x9B, 0x24, 0x2B, 0xC2, 0x5A, 0x3C,
    0xFF, 0xA8, 0x51, 0x4B, 0x15, 0x4E, 0x3D, 0xBA, 0x99, 0x2C, 0x0E, 0xC7, 0x24, 0xDC, 0xFC, 0x74,
    0xCD, 0xD2, 0x1D, 0x0A, 0xC4, 0x2D, 0xDE, 0xD5, 0x12, 0xC0, 0x31, 0xAF, 0x25, 0x2B, 0x05, 0x7B,
    0x7C, 0xD7, 0xE5, 0xFF, 0x6B, 0xED, 0xD2, 0x45, 0x2C, 0x9F, 0x17, 0xC3, 0x34, 0x5F, 0x33, 0xBB,
    0x84, 0xEB, 0xDE, 0x0F, 0xD7, 0xC8, 0x2D, 0xE1, 0x77, 0xFC, 0x80, 0x14, 0xFD, 0xFE, 0x42, 0xF5,
    0xB9, 0x3E, 0x2B, 0xBA, 0x49, 0x1C, 0xA8, 0xEC, 0x7B, 0x53, 0xC3, 0x51, 0x45, 0x3D, 0x4F, 0x2F,
    0x19, 0xDA, 0x12, 0xEA, 0x13, 0x6F, 0xB0, 0x62, 0x32, 0xEF, 0x60, 0x1F, 0x51, 0x68, 0x11, 0xEE,
    0x71, 0xEE, 0x89, 0xC8, 0x33, 0x79, 0xA4, 0xA9, 0x23, 0x26, 0x8E, 0x98, 0x36, 0x62, 0xD2, 0x48,
    0x53, 0x46, 0x3F, 0x7B, 0x50, 0x23, 0x60, 0xCE, 0x47, 0x0F, 0xF1, 0x90, 0xAB, 0xAD, 0xB9, 0xEB,
    0x4F, 0x80, 0xC2, 0x7B, 0x13, 0xFF, 0x2D, 0xAF, 0x2A, 0x77, 0x23, 0xAC, 0x40, 0x95, 0xDB, 0x43,
    0xB0, 0xC0, 0x2C, 0x1B, 0xF9, 0x96, 0x26, 0x8E, 0x04, 0x00, 0xB3, 0x5C, 0x7B, 0xBB, 0xCB, 0xC9,
    0x2C, 0xD5, 0xB3, 0x7D, 0x4E, 0x66, 0xF9, 0x13, 0xF7, 0xDD, 0x5C, 0x55, 0x96, 0x9A, 0x93, 0x79,
    0x00, 0xB2, 0x00, 0x24, 0x01, 0xA0, 0xBA, 0xCA, 0x77, 0x1A, 0x56, 0x1E, 0x04, 0x5C, 0x79, 0x40,
    0xEE, 0x62, 0xAE, 0x39, 0x87, 0x14, 0xAD, 0x16, 0x9A, 0xBB, 0x40, 0x46, 0x58, 0x51, 0xCD, 0x1B,
    0xCD, 0x5D, 0xB8, 0x62, 0xA3, 0xB9, 0x8B, 0xD8, 0xCF, 0x7B, 0xA7, 0x1A, 0x4A, 0x3C, 0x65, 0x55,
    0x50, 0x51, 0xEF, 0x4C, 0x3F, 0x69, 0xEE, 0x42, 0xE5, 0x9F, 0xDA, 0x69, 0x65, 0xB9, 0x0B, 0xD5,
    0x00, 0x0C, 0xC0, 0x96, 0x1F, 0x66, 0xBF, 0x2F, 0x0F, 0xCD, 0x21, 0xD4, 0x2A, 0x79, 0x2D, 0x00,
    0xC1, 0x30, 0xDA, 0x00, 0xA0, 0x1A, 0xBD, 0xF2, 0x9C, 0x62, 0x98, 0x95, 0xDE, 0x12, 0x41, 0x32,
    0x7F, 0xB4, 0x00, 0x69, 0x5B, 0xA8, 0x01, 0x98, 0x88, 0xF7, 0x08, 0x0C, 0xFF, 0x2C, 0xAD, 0x33,
    0x62, 0xD8, 0xE7, 0x68, 0x45, 0x84, 0xFD, 0xAA, 0xF8, 0xCB, 0x62, 0xBF, 0x7A, 0x4D, 0x65, 0x1F,
    0x46, 0x87, 0xDB, 0xDE, 0xCE, 0xCB, 0x80, 0xF9, 0xD9, 0x5C, 0x21, 0x33, 0x85, 0xA9, 0xE5, 0x09,
    0xE3, 0xFB, 0x33, 0x62, 0x97, 0x7A, 0x75, 0x2A, 0x8B, 0x77, 0x35, 0x49, 0x35, 0x45, 0x85, 0x52,
    0x50, 0x3B, 0x70, 0xD9, 0x0C, 0x98, 0xFD, 0xA1, 0xD3, 0xF4, 0x1A, 0xAB, 0xA0, 0x9C, 0xE4, 0x82,
    0x68, 0x7D, 0x31, 0xD2, 0xD0, 0xB5, 0xF2, 0xAA, 0x0E, 0x2A, 0xF5, 0x6D, 0x0F, 0xE3, 0xE0, 0xE3,
    0x8E, 0x9D, 0x2A, 0x21, 0x50, 0xCB, 0xD7, 0xE7, 0x3A, 0x57, 0xBE, 0xF3, 0x2F, 0x27, 0x7A, 0x78,
    0xF0, 0xDF, 0xD8, 0x31, 0xE4, 0xB6, 0xD5, 0xAB, 0xDE, 0x5D, 0x62, 0xB5, 0x3E, 0x2B, 0x91, 0xC7,
    0xD9, 0xBF, 0x2C, 0x74, 0xE1, 0xD6, 0x67, 0xFF, 0xEF, 0x1E, 0x64, 0x59, 0xE6, 0xC1, 0xB2, 0x88,
    0xA3, 0xD0, 0x05, 0x3F, 0xA1, 0x0B, 0x6E, 0x82, 0x59, 0x16, 0x00, 0xE6, 0x24, 0x74, 0x26, 0x81,
    0xAE, 0x33, 0x09, 0x74, 0x66, 0x59, 0x56, 0x16, 0x7D, 0x96, 0x83, 0x16, 0x1C, 0x21, 0x81, 0x5D,
    0x90, 0xC0, 0x2E, 0x78, 0x07, 0x21, 0x3D, 0x90, 0x59, 0x6D, 0xA8, 0x49, 0xC2, 0x2B, 0x51, 0x77,
    0x8E, 0xC4, 0xAD, 0x5E, 0x77, 0x47, 0x97, 0xCE, 0xFE, 0xDC, 0xFD, 0xB5, 0x8C, 0x69, 0x29, 0x62,
    0x9F, 0xD6, 0xBD, 0x44, 0x59, 0x93, 0x55, 0x55, 0x9D, 0xC0, 0x7A, 0x0D, 0x99, 0x90, 0x72, 0xEF,
    0x50, 0x9C, 0xD1, 0x9E, 0x7D, 0xD1, 0x2F, 0x69, 0x77, 0x74, 0x30, 0xB5, 0xC7, 0x30, 0xB5, 0x47,
    0x5B, 0x53, 0x9B, 0xD3, 0x5E, 0xF8, 0x57, 0x6A, 0x64, 0x9B, 0xE0, 0x52, 0x25, 0xBC, 0xC6, 0xFE,
    0x2D, 0xBC, 0xFE, 0xF8, 0x29, 0xC9, 0xA7, 0xF5, 0x0D, 0xA6, 0x07, 0xDD, 0xDE, 0xE2, 0x32, 0x77,
    0x05, 0x6F, 0xCF, 0x82, 0x1F, 0xAE, 0xD8, 0x2D, 0x0D, 0xBF, 0xA5, 0x61, 0xD8, 0x1B, 0x8E, 0x4B,
    0xC3, 0x72, 0x69, 0x78, 0x5E, 0x77, 0x8A, 0xE9, 0x81, 0x53, 0x5C, 0xA7, 0x4E, 0xB1, 0x9D, 0x1A,
    0xBE, 0x53, 0xC3, 0x78, 0x6A, 0x38, 0xC3, 0x10, 0xC6, 0xAF, 0x99, 0xBB, 0x82, 0xFA, 0xD9, 0xD9,
    0xDC, 0xF6, 0xA3, 0x17, 0x5C, 0xFE, 0x9D, 0xBF, 0x36, 0x42, 0xBF, 0x43, 0x0B, 0x6D, 0x17, 0x35,
    0x54, 0x7E, 0xE8, 0xD3, 0x41, 0x0F, 0x3B, 0xAE, 0x57, 0x6E, 0x2E, 0x19, 0x8D, 0x2D, 0xC9, 0x74,
    0xA2, 0x74, 0xD7, 0xB8, 0x26, 0xC3, 0xEB, 0xB7, 0x96, 0xA8, 0xA7, 0x40, 0xCF, 0xEC, 0xBD, 0x7E,
    0xD4, 0xEF, 0x88, 0xC2, 0xF2, 0xBC, 0xE1, 0xC5, 0xDC, 0xB8, 0x25, 0x0A, 0xDF, 0x8B, 0x1E, 0xE5,
    0xC9, 0xBA, 0xAA, 0x50, 0xCF, 0x2F, 0xE5, 0xF7, 0xE3, 0x66, 0x4F, 0x7E, 0xDF, 0xAA, 0xC6, 0xE5,
    0x2C, 0x62, 0xC3, 0xD8, 0x11, 0x43, 0x01, 0xCE, 0xC4, 0x95, 0x9F, 0xAE, 0x91, 0x98, 0x67, 0xA9,
    0xBF, 0xF9, 0xAF, 0x6B, 0xF1, 0x23, 0xF0, 0x7A, 0x2C, 0xB1, 0x00, 0xAE, 0x99, 0x18, 0xE7, 0xA8,
    0xCD, 0x68, 0xBA, 0xB5, 0x32, 0xCF, 0x87, 0x7D, 0xEE, 0x4C, 0xF1, 0x64, 0x1B, 0x72, 0x00, 0x9B,
    0xDB, 0xDA, 0xD8, 0xAD, 0x41, 0x11, 0xF8, 0xBF, 0x42, 0x70, 0x7E, 0x0D, 0x83, 0x63, 0xCD, 0x5D,
    0x3C, 0x8F, 0xB4, 0x8E, 0xF9, 0xD1, 0xCC, 0x8B, 0x2E, 0x29, 0xBA, 0x03, 0xF1, 0x74, 0x44, 0xC2,
    0xAA, 0x67, 0xBC, 0xCC, 0x06, 0x38, 0x4B, 0xE6, 0xA9, 0x65, 0x4F, 0x58, 0xB2, 0x8A, 0x6F, 0xA5,
    0xE8, 0x09, 0x93, 0xD0, 0x6B, 0xC6, 0xAF, 0x1E, 0xB8, 0xEB, 0x63, 0x4F, 0x58, 0x68, 0x0F, 0x8B,
    0x37, 0x07, 0x45, 0xE0, 0xD3, 0xF2, 0xC6, 0x95, 0x20, 0x72, 0xE9, 0x56, 0x83, 0x24, 0x3B, 0xA5,
    0xF0, 0x1D, 0xF0, 0xC6, 0xCE, 0x1C, 0x7D, 0xC7, 0x9D, 0x75, 0xB1, 0xDE, 0x9B, 0xED, 0x59, 0x0E,
    0xE1, 0xB4, 0xCE, 0x6B, 0x21, 0x89, 0x8C, 0x2B, 0xAD, 0xE7, 0xC8, 0x7B, 0xCB, 0xB0, 0x7E, 0x70,
    0x2A, 0x8A, 0x93, 0xA3, 0xBA, 0xE3, 0xD7, 0x4D, 0xA7, 0x83, 0xFA, 0x9E, 0x43, 0x52, 0x01, 0x63,
    0x12, 0xCA, 0x75, 0x1C, 0xD2, 0x4C, 0x3C, 0x89, 0x8E, 0x23, 0x12, 0x47, 0x07, 0xDE, 0xA0, 0x0C,
    0x48, 0x1C, 0x1F, 0x88, 0xE8, 0xCC, 0x85, 0x76, 0x3D, 0xED, 0xB9, 0x1A, 0x7D, 0xBC, 0xF9, 0x2A,
    0x40, 0x26, 0xB8, 0x74, 0xC1, 0x46, 0x28, 0x1F, 0xA1, 0xB1, 0x31, 0x61, 0xA7, 0x7B, 0xD1, 0xDD,
    0xDA, 0xED, 0x45, 0x39, 0x13, 0x66, 0x35, 0xF9, 0x26, 0xD1, 0xDC, 0x97, 0x58, 0x97, 0x57, 0x44,
    0x83, 0xC9, 0x88, 0xE2, 0x4D, 0x7A, 0x6F, 0xAD, 0x23, 0x5A, 0xA3, 0x09, 0x09, 0x23, 0xBA, 0xFB,
    0x3F, 0x66, 0xA2, 0x4D, 0x30, 0xA2, 0xBB, 0x32, 0x96, 0x15, 0x47, 0xF4, 0xCA, 0x69, 0x3F, 0x59,
    0xD9, 0x88, 0xC0, 0x67, 0x1C, 0x91, 0xBB, 0x2E, 0x10, 0x47, 0xE4, 0x7A, 0xE4, 0xDE, 0x58, 0x54,
    0x6D, 0x43, 0x16, 0x4E, 0x42, 0xAF, 0x55, 0x70, 0x43, 0x02, 0xF4, 0xC8, 0x36, 0x47, 0xF7, 0x91,
    0xA1, 0xDD, 0x30, 0x6B, 0x6B, 0xD7, 0x04, 0xF7, 0x04, 0x65, 0x1E, 0xA0, 0x2E, 0x5A, 0x44, 0x98,
    0x4B, 0x30, 0xFF, 0x79, 0xCD, 0x36, 0x93, 0x45, 0x7A, 0xA7, 0x79, 0x4C, 0xEC, 0x3D, 0xF0, 0xF6,
    0x83, 0x00, 0x40, 0x7B, 0x2E, 0xD1, 0x21, 0xB1, 0xCE, 0xD7, 0xF2, 0x19, 0x20, 0x5D, 0xCD, 0xE4,
    0x5B, 0x33, 0x12, 0x4F, 0x5B, 0x43, 0x1C, 0x26, 0x51, 0x81, 0xDE, 0x80, 0x3D, 0xFF, 0x6D, 0x93,
    0xAF, 0xFC, 0xDD, 0x3A, 0x18, 0xB0, 0xFA, 0xDC, 0xA2, 0x19, 0x41, 0x83, 0x54, 0x7D, 0xCC, 0x59,
    0x85, 0xA1, 0xB9, 0x31, 0x81, 0x6C, 0x41, 0x12, 0xCA, 0x57, 0xFF, 0xB6, 0x51, 0x41, 0xC8, 0x3C,
    0xB2, 0x31, 0x90, 0x83, 0xD8, 0x1F, 0x35, 0x4A, 0xDF, 0xD9, 0xDC, 0xA4, 0xE0, 0xD5, 0x45, 0x29,
    0xC1, 0x07, 0x10, 0xFD, 0x76, 0x3D, 0x95, 0x2F, 0xB2, 0x15, 0x6D, 0x35, 0x15, 0xEF, 0x14, 0xA8,
    0x26, 0xCD, 0x74, 0xE2, 0x49, 0xDF, 0xA8, 0x2D, 0xAA, 0xBB, 0xAA, 0xF1, 0xFA, 0x6C, 0x30, 0xEB,
    0x32, 0x8D, 0x0E, 0x6D, 0xC9, 0x4A, 0xBE, 0x08, 0x89, 0x88, 0xF4, 0x83, 0xBD, 0x61, 0xEC, 0xE1,
    0x0B, 0xDC, 0x91, 0xEF, 0x54, 0x40, 0x76, 0x1C, 0x41, 0xC1, 0x53, 0xD7, 0x12, 0x08, 0x9A, 0x2F,
    0x53, 0xA6, 0x04, 0x4B, 0x5A, 0x3C, 0x20, 0xF9, 0x86, 0xBF, 0x7F, 0x48, 0x1C, 0x5F, 0xBE, 0x87,
    0x96, 0x1B, 0x41, 0xF1, 0xE9, 0x66, 0xDF, 0x13, 0x43, 0xF9, 0x56, 0x4E, 0x04, 0x09, 0x10, 0xBF,
    0xC6, 0x10, 0x88, 0x6C, 0xC5, 0x03, 0x00, 0xB3, 0xE9, 0x4D, 0xE0, 0xD2, 0x3E, 0xB8, 0x2E, 0x55,
    0x30, 0xA3, 0xE0, 0xE9, 0x71, 0x6E, 0x57, 0x5B, 0x88, 0x2C, 0xDA, 0xBA, 0x80, 0x9B, 0x8A, 0x2E,
    0x91, 0xFB, 0xCD, 0x6B, 0x86, 0xDD, 0xBD, 0xA0, 0x48, 0x5E, 0x6E, 0x5E, 0xFC, 0xA7, 0xC6, 0xF0,
    0x8B, 0x9A, 0xCE, 0x10, 0x4C, 0xC4, 0x8B, 0xE5, 0x6C, 0x0F, 0x15, 0x8A, 0x69, 0x20, 0x53, 0x35,
    0x04, 0x8F, 0xE2, 0xCA, 0x4E, 0xEA, 0x3C, 0x33, 0x9D, 0xFD, 0x8D, 0x9F, 0x86, 0xF9, 0x2D, 0xC7,
    0x8C, 0xD8, 0xBE, 0x1F, 0x42, 0xCE, 0x22, 0xAA, 0xB6, 0x42, 0xB7, 0x75, 0x02, 0xF2, 0x11, 0x8A,
    0x76, 0xD4, 0xA2, 0x3F, 0x03, 0xAB, 0x62, 0x8C, 0x2D, 0x0D, 0x05, 0xCD, 0x98, 0xFD, 0x3A, 0x10,
    0xFB, 0x17, 0xB3, 0x72, 0x56, 0xFD, 0x66, 0xA1, 0x4C, 0x21, 0x3A, 0x2E, 0xB3, 0x31, 0xFD, 0x50,
    0x70, 0x9E, 0xBD, 0xB8, 0xE6, 0xA8, 0xBE, 0x55, 0x2F, 0x93, 0x6E, 0xA2, 0xA2, 0x27, 0xAA, 0xBD,
    0x02, 0x8B, 0x62, 0x64, 0x71, 0x53, 0xF8, 0x03, 0x70, 0x02, 0x50, 0xEC, 0xE2, 0xC3, 0x83, 0xE0,
    0x73, 0xDC, 0x76, 0x6E, 0x84, 0x25, 0xFC, 0xB8, 0x1E, 0x60, 0xB4, 0x3C, 0x06, 0x58, 0x4C, 0x5C,
    0x33, 0xFA, 0x28, 0x95, 0xAF, 0xD3, 0xC0, 0xD2, 0x7B, 0x3F, 0xD9, 0x69, 0x6B, 0xDB, 0x15, 0xC7,
    0x33, 0x7F, 0xDB, 0x54, 0xCE, 0x4E, 0x5E, 0x04, 0x1F, 0xB6, 0x81, 0x07, 0x85, 0x63, 0xA0, 0xD9,
    0x86, 0x1B, 0x6A, 0x48, 0xE0, 0x00, 0x6F, 0x00, 0x42, 0x26, 0x22, 0x0F, 0x90, 0x6A, 0x34, 0xDF,
    0x1C, 0x08, 0x48, 0x3D, 0xEA, 0x6B, 0x82, 0x10, 0x8B, 0xDE, 0x01, 0xC4, 0xE0, 0xC5, 0xE5, 0x9E,
    0xE2, 0xB3, 0x32, 0x76, 0xB1, 0xEF, 0x25, 0x16, 0xBB, 0xD1, 0xF7, 0x5E, 0x97, 0xF7, 0x8C, 0xAF,
    0xD2, 0x7E, 0x3A, 0x2E, 0x54, 0xF3, 0x07, 0xE5, 0x7A, 0x6C, 0x00, 0xCA, 0xC6, 0x16, 0xA1, 0xCD,
    0xB8, 0xF6, 0x2D, 0xDE, 0xC4, 0x37, 0x2F, 0xB1, 0x0D, 0x07, 0x66, 0xE1, 0x20, 0xBD, 0x9D, 0xF8,
    0x5C, 0x0A, 0xC7, 0x48, 0x29, 0xCF, 0x74, 0x1C, 0x12, 0x63, 0x1C, 0xE7, 0xB5, 0x0E, 0x44, 0x82,
    0x0A, 0x74, 0x46, 0xD1, 0xCA, 0x89, 0xC3, 0xBF, 0x52, 0x35, 0x84, 0x5E, 0xA7, 0xAC, 0x96, 0xF7,
    0x68, 0x13, 0xE0, 0x99, 0x78, 0x9D, 0xCA, 0x05, 0xE1, 0x19, 0x47, 0x53, 0xCF, 0x0F, 0xB1, 0x54,
    0x81, 0xA6, 0xAE, 0x2E, 0x9B, 0x6C, 0x9D, 0x50, 0x2B, 0x65, 0xF5, 0xDE, 0xCD, 0xAC, 0xD3, 0x39,
    0x48, 0xD9, 0xD8, 0x78, 0x54, 0x87, 0x6A, 0x47, 0xF6, 0x63, 0x1F, 0xEA, 0x1C, 0xFF, 0x2E, 0x7B,
    0xF9, 0x96, 0x71, 0xE3, 0x91, 0x3F, 0x19, 0x4B, 0xEF, 0xFE, 0xFE, 0xC8, 0x9C, 0x7B, 0xAF, 0x6D,
    0x0B, 0xF0, 0x3B, 0x1E, 0xE9, 0xF4, 0x5C, 0xAB, 0xD1, 0x0E, 0x30, 0xB6, 0x86, 0x59, 0xA7, 0xD1,
    0xB6, 0xD7, 0x68, 0xA7, 0xDB, 0x08, 0x39, 0xCD, 0xDF, 0xA6, 0x4B, 0x9A, 0x20, 0xAE, 0x4D, 0xD0,
    0x25, 0x58, 0x37, 0xA5, 0xC2, 0x8A, 0xA8, 0x8B, 0xB2, 0xFA, 0x85, 0x51, 0x97, 0x14, 0x9F, 0x48,
    0x97, 0x34, 0x97, 0xE8, 0x12, 0x45, 0xFA, 0x82, 0x74, 0x96, 0x17, 0x8A, 0xFA, 0xD7, 0x2F, 0xBC,
    0x52, 0x5E, 0x58, 0x05, 0x08, 0xEA, 0x87, 0x01, 0x76, 0x23, 0xA0, 0x3C, 0x80, 0xE4, 0x39, 0x19,
    0x00, 0xBE, 0x2A, 0x67, 0xFF, 0x6F, 0x54, 0xB5, 0xCB, 0xD4, 0x07, 0x5F, 0x60, 0x79, 0xC3, 0x0C,
    0x67, 0x57, 0xAA, 0xDD, 0x8C, 0x5A, 0xD5, 0x9A, 0x08, 0x4E, 0x67, 0x1C, 0x69, 0xB5, 0xD2, 0x69,
    0x49, 0xBD, 0x3D, 0x56, 0xFC, 0x1F, 0x75, 0x6C, 0xB3, 0xDA, 0x30, 0x9A, 0x34, 0xD6, 0x2A, 0x16,
    0x79, 0xF3, 0x05, 0x45, 0x41, 0x85, 0x10, 0x70, 0x27, 0x71, 0xB5, 0x9D, 0x0C, 0x9D, 0x8D, 0x5D,
    0x57, 0x6C, 0x3A, 0xAA, 0x9B, 0xA9, 0x4D, 0xC8, 0xDD, 0xC5, 0x14, 0x1E, 0x3D, 0x55, 0xCD, 0x34,
    0xEE, 0x4D, 0xD1, 0x4C, 0xD3, 0xC1, 0xD4, 0x4C, 0x51, 0x1D, 0x99, 0x92, 0xC9, 0x86, 0x7C, 0x54,
    0x31, 0xD9, 0x18, 0xAB, 0x65, 0x23, 0xD1, 0x42, 0x73, 0x5A, 0x1D, 0xF8, 0x68, 0xF2, 0xC1, 0x5E,
    0x3F, 0xAE, 0x25, 0x6D, 0x46, 0x0B, 0x34, 0xFB, 0x24, 0x5C, 0x73, 0xE5, 0x02, 0xD7, 0x5C, 0xF9,
    0xE7, 0xE2, 0x9A, 0x9D, 0x04, 0x8F, 0x46, 0xFC, 0xCD, 0x7C, 0xAD, 0x9D, 0x35, 0xEF, 0xF9, 0x41,
    0xBC, 0x34, 0x41, 0x75, 0xD2, 0x5E, 0x7B, 0x15, 0xA1, 0x42, 0xF6, 0x6A, 0x3D, 0x39, 0x99, 0xD1,
    0x65, 0x5A, 0x20, 0xB3, 0x05, 0x7A, 0x8A, 0xAB, 0x35, 0x53, 0x72, 0x4A, 0x38, 0x01, 0x54, 0x9F,
    0x15, 0x36, 0xA0, 0xA0, 0x8B, 0xDF, 0x90, 0xCD, 0xD4, 0xFF, 0xAB, 0x75, 0xDA, 0x5D, 0xB4, 0x18,
    0x99, 0xEC, 0x21, 0x81, 0x2B, 0x67, 0x63, 0xB6, 0x58, 0x5B, 0x48, 0x96, 0xA0, 0x40, 0xC4, 0x16,
    0xBD, 0x0C, 0x7D, 0xC7, 0xA8, 0x7E, 0xCC, 0x65, 0xB6, 0x26, 0xB0, 0x6C, 0xC5, 0x4C, 0x62, 0x84,
    0x34, 0x7B, 0x5A, 0x98, 0x28, 0x7B, 0x39, 0x59, 0x23, 0xFA, 0xE0, 0x52, 0x29, 0x71, 0x8F, 0x10,
    0x0E, 0x4F, 0x90, 0x2F, 0xE9, 0x39, 0xC3, 0x73, 0xCE, 0xAE, 0xF8, 0xAA, 0x2F, 0x41, 0x13, 0x30,
    0x61, 0x5A, 0x71, 0x46, 0x77, 0x96, 0x4D, 0x9D, 0xE9, 0xE0, 0x56, 0x1F, 0xB3, 0x9D, 0xA8, 0x01,
    0x14, 0xB7, 0x61, 0xA2, 0xE6, 0x2F, 0x5D, 0xCF, 0xD9, 0xDF, 0x2D, 0x94, 0x5B, 0x64, 0x3F, 0x50,
    0x89, 0xB9, 0xBB, 0xC8, 0x7E, 0x5E, 0x73, 0x9A, 0x7F, 0x51, 0xE3, 0x35, 0x7A, 0x6D, 0x75, 0xFE,
    0xAD, 0xDA, 0x84, 0x06, 0xDF, 0xA0, 0xD4, 0xBC, 0xD8, 0x4F, 0xD4, 0xE0, 0x89, 0x5B, 0x8E, 0x5F,
    0x99, 0xB1, 0xB7, 0x22, 0x18, 0xA9, 0xAA, 0x0D, 0x50, 0x3C, 0x8C, 0x86, 0xAB, 0xF8, 0xF9, 0x58,
    0x1A, 0x7E, 0x7F, 0x34, 0x4F, 0xA3, 0xFB, 0xB6, 0xF5, 0xDF, 0xB4, 0x18, 0xE6, 0x1E, 0x14, 0x67,
    0xDE, 0x36, 0xFF, 0xB0, 0xB0, 0x3B, 0xE5, 0x7C, 0xA9, 0x62, 0x0E, 0x89, 0x15, 0x8C, 0xC5, 0x01,
    0x24, 0xBE, 0x6F, 0x0E, 0x37, 0x80, 0xAD, 0xBF, 0xAB, 0x6E, 0xC7, 0x7F, 0xF6, 0xB3, 0x1E, 0x98,
    0xA6, 0xDA, 0xD8, 0x37, 0xA6, 0x74, 0xE3, 0x7A, 0xF4, 0xF6, 0xBB, 0x73, 0x89, 0x8F, 0xE5, 0x03,
    0x96, 0xB0, 0x9A, 0x35, 0xCA, 0x25, 0xA8, 0x33, 0xAE, 0x2C, 0x7B, 0xCA, 0xF7, 0x46, 0xA5, 0x2F,
    0x93, 0xE8, 0xE2, 0x58, 0x71, 0x5B, 0xE6, 0x83, 0x22, 0x57, 0x4A, 0xBC, 0x65, 0x31, 0xD6, 0xD4,
    0x22, 0x2C, 0x91, 0x77, 0xC6, 0x57, 0x9D, 0xB0, 0x06, 0x4D, 0x0E, 0xFA, 0x5F, 0x35, 0xB6, 0xB2,
    0x65, 0x9C, 0x12, 0x06, 0x86, 0x15, 0xD2, 0x9B, 0x60, 0x12, 0xCA, 0xFF, 0x70, 0x7E, 0xD5, 0xF7,
    0xD8, 0x25, 0xBD, 0x6D, 0x3E, 0x9C, 0xEE, 0xA6, 0x62, 0xA9, 0x79, 0xA8, 0x74, 0xAE, 0x99, 0x4F,
    0x4E, 0x7F, 0x7C, 0x01, 0x2C, 0x48, 0x21, 0x3C, 0xFD, 0xC8, 0xB9, 0x6F, 0x32, 0x29, 0x8B, 0x0E,
    0xF8, 0xA1, 0x7A, 0x5E, 0x34, 0x63, 0x7A, 0x22, 0x17, 0x71, 0x7B, 0x35, 0x77, 0x3A, 0xC7, 0xD8,
    0xBE, 0xBC, 0xCD, 0x63, 0x3E, 0x16, 0x80, 0x6F, 0xE0, 0x59, 0xBD, 0x78, 0x60, 0x05, 0x9E, 0xB7,
    0xC9, 0x7D, 0x5B, 0xF0, 0x99, 0xF3, 0x97, 0x07, 0x7D, 0x6E, 0xEF, 0x8A, 0x23, 0x52, 0xE3, 0x3E,
    0xF2, 0xBC, 0x32, 0xB8, 0x14, 0x51, 0xAA, 0x4B, 0x4F, 0xD6, 0xD9, 0xE9, 0xAF, 0xFB, 0x4A, 0xA8,
    0x31, 0x54, 0x4F, 0xBF, 0xDF, 0x60, 0xF9, 0x80, 0xF0, 0x96, 0xAF, 0x0B, 0x09, 0xBB, 0xE3, 0xC3,
    0x08, 0x89, 0xE2, 0x98, 0xE9, 0x08, 0xD3, 0x22, 0x93, 0x75, 0x50, 0x27, 0x8B, 0xAD, 0x5D, 0xFC,
    0x58, 0xC0, 0x97, 0x2E, 0xAB, 0xCC, 0xDD, 0x0E, 0xEF, 0x83, 0x44, 0x5F, 0x9A, 0x19, 0x53, 0x95,
    0x1B, 0x0B, 0x8F, 0xCB, 0xCA, 0x82, 0xE3, 0xA9, 0x85, 0xC6, 0x8B, 0xA9, 0x06, 0xC6, 0x7E, 0x8D,
    0xAC, 0xBD, 0x90, 0xEE, 0x2F, 0xBA, 0xA9, 0x4E, 0x5C, 0xDC, 0x4F, 0x4D, 0xC3, 0x77, 0xD3, 0x2B,
    0x54, 0xB8, 0x32, 0x91, 0x9A, 0xDE, 0xD9, 0xB8, 0xA9, 0x06, 0xC3, 0xF3, 0xD0, 0x89, 0xFC, 0xF8,
    0xB6, 0x13, 0x39, 0xCC, 0xDF, 0x64, 0x9C, 0xC8, 0x11, 0x78, 0xC2, 0x98, 0xED, 0xA3, 0x4D, 0x65,
    0x81, 0xA9, 0x9C, 0x9F, 0x38, 0xF7, 0xEC, 0x26, 0x47, 0x56, 0x12, 0xEB, 0x1D, 0xB1, 0xA0, 0x31,
    0xDD, 0x30, 0x7B, 0xFD, 0x63, 0xBA, 0x0F, 0xE3, 0x12, 0x04, 0x5B, 0x7E, 0xA0, 0x76, 0xB4, 0xFB,
    0x10, 0x45, 0x55, 0x63, 0x21, 0xF5, 0x64, 0x80, 0xA2, 0xFA, 0xD7, 0x82, 0x44, 0x9A, 0x3D, 0x7F,
    0x45, 0x34, 0xE9, 0xCB, 0x85, 0x83, 0x69, 0x2A, 0x12, 0x64, 0x23, 0xB2, 0x93, 0xB7, 0x67, 0x71,
    0xC3, 0x36, 0xDE, 0xDE, 0xDD, 0x12, 0x5D, 0x38, 0xA7, 0x46, 0xCC, 0xB9, 0x38, 0x47, 0x14, 0xD5,
    0xE6, 0x8C, 0xA2, 0x3A, 0x57, 0x16, 0xBE, 0xAD, 0xB9, 0x1E, 0x8C, 0x6B, 0xAA, 0xD4, 0x9F, 0x2A,
    0xED, 0xA7, 0x46, 0x79, 0xD5, 0x3F, 0x53, 0x65, 0x56, 0x0A, 0xCB, 0xD1, 0x82, 0x14, 0x4F, 0x75,
    0x07, 0x81, 0x7C, 0xCD, 0x5B, 0xA5, 0x24, 0xED, 0xB4, 0xB5, 0xBB, 0xD5, 0xB6, 0xD6, 0x8D, 0x12,
    0xF3, 0x25, 0xED, 0x8A, 0xFE, 0xB2, 0x89, 0xC6, 0xF6, 0xE9, 0x32, 0x3F, 0xD9, 0x62, 0xB2, 0x82,
    0xF2, 0x40, 0x39, 0xAB, 0xA8, 0x33, 0x88, 0xC1, 0x64, 0xC5, 0x9B, 0x0C, 0x6C, 0x51, 0x22, 0x37,
    0xC7, 0xFF, 0x55, 0x1D, 0x6E, 0xF1, 0xE0, 0x9F, 0x5B, 0x88, 0xD7, 0xD0, 0xA4, 0x6F, 0x8B, 0xCD,
    0x48, 0xD6, 0x31, 0xBA, 0x33, 0xC5, 0x09, 0xAE, 0x70, 0x6B, 0x58, 0x14, 0x8B, 0x06, 0xFD, 0xB1,
    0xB9, 0xDC, 0xC4, 0x77, 0xF8, 0x82, 0xDC, 0xD8, 0xAF, 0xAD, 0x3D, 0xD2, 0xA1, 0x0C, 0x8E, 0xD4,
    0xCD, 0x7C, 0xDB, 0x04, 0xB3, 0xC0, 0xD2, 0x6C, 0xB4, 0x04, 0x60, 0x21, 0xBF, 0x7B, 0x9C, 0xAB,
    0x10, 0x2B, 0x2C, 0xED, 0x89, 0x86, 0x8D, 0xD8, 0xCD, 0x88, 0x69, 0x20, 0xD7, 0xA5, 0x48, 0x0D,
    0x2C, 0xDD, 0x8B, 0x72, 0xFD, 0x03, 0xB8, 0xF7, 0x7B, 0x33, 0x5C, 0x33, 0xE8, 0x63, 0xC7, 0x30,
    0x44, 0xE4, 0x64, 0xFF, 0x15, 0x24, 0x0D, 0xFC, 0xFB, 0xE8, 0xA3, 0x1A, 0xAA, 0xD5, 0xB6, 0xBB,
    0x2A, 0x84, 0x03, 0x73, 0x0D, 0x89, 0xE0, 0x8E, 0xE5, 0x08, 0xBD, 0xAF, 0x2D, 0x12, 0x09, 0x85,
    0xEB, 0xA4, 0x9E, 0x9C, 0x8A, 0xF2, 0x9E, 0xD4, 0xBE, 0xAA, 0x51, 0x8E, 0x5F, 0xC4, 0x0D, 0xB6,
    0x7E, 0x78, 0x4D, 0xF0, 0x8F, 0xFC, 0xDF, 0xBE, 0xBA, 0x48, 0x4E, 0x3D, 0xA6, 0xA5, 0xAA, 0xE4,
    0x22, 0xF1, 0xCC, 0x64, 0xFD, 0x94, 0x0C, 0xB9, 0x77, 0xE6, 0x50, 0x63, 0xCB, 0x09, 0x77, 0xA1,
    0x0B, 0x24, 0xD2, 0x36, 0x10, 0xBF, 0x2E, 0x7E, 0x6D, 0x52, 0xD7, 0xFB, 0x41, 0xC5, 0xEE, 0x0F,
    0xE6, 0xED, 0x3C, 0x44, 0xE4, 0xAB, 0xD4, 0x22, 0xF2, 0xAC, 0x4E, 0xCC, 0x6D, 0xCB, 0x56, 0xF2,
    0x5D, 0xD5, 0x99, 0x68, 0x15, 0x05, 0x0F, 0x7C, 0x73, 0xE3, 0x5F, 0x6E, 0x34, 0xF2, 0x68, 0x4B,
    0x71, 0x4A, 0xA0, 0x36, 0xF7, 0x66, 0x7B, 0xF0, 0x53, 0x66, 0xE7, 0x16, 0xE2, 0x7F, 0x3A, 0xD0,
    0xE5, 0x9D, 0x21, 0x70, 0x3C, 0x98, 0xA9, 0x40, 0xB2, 0x86, 0x1E, 0x26, 0x30, 0x2F, 0x5A, 0x13,
    0xC9, 0xC8, 0x9B, 0x58, 0xC6, 0xFE, 0x57, 0x9A, 0xF1, 0x28, 0xDE, 0xF7, 0xCC, 0x78, 0xC4, 0x7E,
    0x56, 0x69, 0x78, 0xD1, 0x22, 0x99, 0x0A, 0x5D, 0xFF, 0x81, 0x59, 0xB2, 0xC4, 0xAF, 0x2D, 0xE2,
    0x7B, 0x7C, 0x13, 0x42, 0xBF, 0xF9, 0x0F, 0x43, 0x46, 0xF1, 0xB4, 0x3E, 0x6F, 0x32, 0xCF, 0x65,
    0x3C, 0x2E, 0x2A, 0xB5, 0x77, 0x38, 0x8C, 0x02, 0xAB, 0x37, 0x2D, 0xDB, 0x71, 0x82, 0xED, 0x22,
    0x98, 0x93, 0x59, 0xFF, 0x17, 0xA3, 0xEC, 0xFB, 0xBE, 0xA1, 0xFE, 0x9D, 0xF9, 0x13, 0xA5, 0xAB,
    0xAB, 0x12, 0x92, 0xF5, 0xD0, 0x1D, 0x47, 0xA4, 0x6A, 0xEA, 0x7A, 0x25, 0x47, 0xF6, 0xFD, 0x56,
    0x01, 0xC1, 0x54, 0x01, 0x71, 0xA3, 0x8C, 0x52, 0x4F, 0x6C, 0x49, 0x76, 0x29, 0xF0, 0x00, 0xB5,
    0x7B, 0x1C, 0xD4, 0x6E, 0x71, 0xCB, 0xD4, 0x6E, 0x25, 0x4E, 0x29, 0x30, 0x7C, 0x13, 0x6C, 0x4B,
    0xFF, 0x63, 0x9D, 0xE8, 0xD4, 0x3F, 0xBB, 0x72, 0x2D, 0x31, 0x8C, 0x91, 0xA6, 0xD7, 0x54, 0x57,
    0xC8, 0xDD, 0x85, 0x8E, 0x86, 0x28, 0x54, 0x62, 0xD2, 0xD0, 0xF0, 0x9A, 0x8E, 0x09, 0x97, 0xB1,
    0x9D, 0x53, 0x04, 0x35, 0x58, 0xD0, 0x71, 0xFB, 0x86, 0x51, 0xDF, 0x8E, 0xE1, 0xD9, 0xDE, 0xBF,
    0x20, 0x2F, 0xFE, 0xC1, 0x7F, 0x69, 0x7D, 0xB1, 0x71, 0x3D, 0xAB, 0x2F, 0x2B, 0xE1, 0x7C, 0x56,
    0x23, 0x80, 0x0B, 0x7F, 0xE3, 0x2A, 0xF1, 0xFE, 0xC2, 0x12, 0xF7, 0x9D, 0xE1, 0x0C, 0x23, 0x60,
    0xC2, 0x0A, 0xD5, 0x0E, 0x61, 0x9D, 0x99, 0xED, 0x44, 0xD7, 0x82, 0xA6, 0xBF, 0xFB, 0x4C, 0x93,
    0x02, 0x04, 0x28, 0xAC, 0x6D, 0xB6, 0x30, 0x61, 0x95, 0xCF, 0xA8, 0xB0, 0xCA, 0xB7, 0x66, 0xCC,
    0x5D, 0x6B, 0x70, 0x98, 0x68, 0xFF, 0x3D, 0x85, 0x35, 0x44, 0xF1, 0xDA, 0x7F, 0xEF, 0xB6, 0xFD,
    0xF7, 0x53, 0x67, 0xE3, 0xA9, 0x5C, 0x19, 0x5E, 0xC9, 0xCF, 0x16, 0xA1, 0x88, 0xE6, 0x40, 0xF4,
    0x26, 0x44, 0x8D, 0xCD, 0x14, 0xC0, 0x44, 0x2F, 0x40, 0x85, 0x68, 0x10, 0x05, 0x3E, 0x5E, 0x1F,
    0xAD, 0x8F, 0xE5, 0x23, 0xF5, 0x71, 0x5C, 0xB5, 0x83, 0x8B, 0x98, 0x6B, 0x01, 0x9E, 0x5B, 0xA0,
    0x1D, 0x69, 0xE1, 0xD2, 0x77, 0x32, 0xA4, 0xB2, 0xF0, 0x39, 0x2E, 0xBF, 0xD1, 0x6A, 0x19, 0xD1,
    0xB9, 0x32, 0x3B, 0x6B, 0x08, 0x15, 0x8B, 0x15, 0xF1, 0x30, 0x4C, 0x0A, 0x2E, 0xA0, 0x09, 0xB7,
    0x52, 0xF7, 0xCF, 0x29, 0xB8, 0x86, 0x66, 0xA1, 0x2B, 0x81, 0x60, 0x08, 0x81, 0x95, 0x18, 0x42,
    0xE0, 0x65, 0x98, 0x19, 0x6E, 0x99, 0x62, 0x47, 0x02, 0xF9, 0x05, 0x83, 0xE8, 0x52, 0x0D, 0x61,
    0xFE, 0xC3, 0x4B, 0x0D, 0xA1, 0xA6, 0x1B, 0x57, 0xA8, 0xAB, 0xB6, 0x34, 0x7E, 0x2D, 0xBD, 0x5B,
    0x76, 0x69, 0xA1, 0x3F, 0x4B, 0x94, 0x5E, 0x4B, 0xF7, 0xB8, 0x65, 0xD5, 0xA7, 0xA5, 0x23, 0x83,
    0x22, 0xEF, 0x4D, 0x5C, 0x4B, 0x7E, 0x52, 0x02, 0x78, 0xD1, 0x13, 0x8B, 0x49, 0x87, 0x6D, 0x27,
    0x1C, 0xE2, 0xAA, 0x1A, 0xFD, 0x37, 0x69, 0xBD, 0xF7, 0xA3, 0xD6, 0x25, 0x43, 0xB5, 0x69, 0xB9,
    0x32, 0xA6, 0xC5, 0xC2, 0x98, 0x33, 0xAB, 0x70, 0x0F, 0xB7, 0xE5, 0x94, 0x90, 0x7A, 0x30, 0xCF,
    0xDA, 0xF2, 0x91, 0xAA, 0x37, 0x26, 0xB6, 0x33, 0x8E, 0x29, 0x9A, 0x0B, 0xBC, 0x67, 0x2A, 0xAE,
    0xDE, 0x66, 0x71, 0x58, 0x74, 0xB1, 0x45, 0x8E, 0x5A, 0x6C, 0x71, 0x5A, 0x68, 0x89, 0xB5, 0xC8,
    0x62, 0x05, 0x16, 0x2B, 0xAE, 0x84, 0xC2, 0x8A, 0x15, 0x55, 0x42, 0x41, 0xC5, 0x8A, 0x29, 0x56,
    0x48, 0x09, 0x45, 0x94, 0xCD, 0xD9, 0xE2, 0xC9, 0xE7, 0xB6, 0xB8, 0x2B, 0xEA, 0x8A, 0x39, 0x11,
    0x57, 0xBC, 0x15, 0xED, 0x74, 0x2F, 0x84, 0xAC, 0x5C, 0xAB, 0xE2, 0x74, 0xA1, 0x8A, 0xAE, 0x52,
    0xD1, 0x25, 0x2A, 0xBA, 0x3E, 0x85, 0x8B, 0x53, 0x1C, 0x57, 0xA6, 0x38, 0x2E, 0x4B, 0x71, 0x5C,
    0x93, 0xE2, 0x74, 0x41, 0x8A, 0xAD, 0x46, 0x51, 0x51, 0xD0, 0x75, 0x28, 0x26, 0x04, 0xCA, 0x92,
    0x56, 0x99, 0xB5, 0x35, 0x9E, 0x8B, 0x9D, 0x55, 0x27, 0x1F, 0x19, 0xCF, 0x2B, 0x63, 0xDD, 0x7F,
    0xDE, 0x0A, 0x86, 0x31, 0xC3, 0xFE, 0xB4, 0x2D, 0xEE, 0x22, 0xCD, 0x27, 0x7C, 0xE0, 0xCA, 0x17,
    0x90, 0xF7, 0x29, 0xC5, 0x45, 0x9D, 0xB9, 0xEC, 0xA4, 0x01, 0x8F, 0xC5, 0xC8, 0xE4, 0xA0, 0xB8,
    0xC7, 0x05, 0x3D, 0xB8, 0x16, 0x2B, 0x5C, 0xB1, 0xF0, 0x0B, 0x59, 0x26, 0x5C, 0xBF, 0x18, 0x72,
    0x3B, 0x0F, 0xB8, 0x5E, 0xD9, 0x2E, 0xE2, 0x0A, 0x2D, 0xCC, 0xBA, 0x3B, 0x90, 0xDF, 0xD6, 0xFF,
    0x75, 0x3D, 0xA4, 0x72, 0xC8, 0x5F, 0x9D, 0xE1, 0x01, 0xBB, 0x6A, 0x51, 0x24, 0x61, 0x45, 0x84,
    0x91, 0xB3, 0xBC, 0xF2, 0x18, 0xAE, 0x28, 0x84, 0x60, 0x4D, 0x28, 0xAE, 0x39, 0xAD, 0x3E, 0xEB,
    0x1F, 0x56, 0xFC, 0xD0, 0xCA, 0x87, 0x96, 0x3D, 0xAC, 0xE6, 0xA1, 0x05, 0x0F, 0xAB, 0x76, 0xA8,
    0xE1, 0x37, 0x2D, 0xFE, 0x68, 0xA8, 0x44, 0x12, 0x27, 0xBC, 0x45, 0x82, 0x52, 0xA3, 0x52, 0xCA,
    0xBF, 0x3E, 0x16, 0xD5, 0x12, 0x66, 0xBB, 0x64, 0x4E, 0xB0, 0xF5, 0x1B, 0xB7, 0x7D, 0xE3, 0x96,
    0x6F, 0x07, 0xD8, 0xEE, 0x6D, 0x8A, 0xAD, 0xDE, 0x0A, 0x6C, 0xF3, 0xC6, 0x2D, 0xDE, 0xB8, 0xBD,
    0x1B, 0xB7, 0x76, 0xD3, 0x6D, 0xDD, 0xB8, 0xA5, 0x1B, 0xB7, 0x73, 0xE3, 0x56, 0x6E, 0x13, 0x5B,
    0x7D, 0xF5, 0xF1, 0x10, 0x98, 0x07, 0x2B, 0xD3, 0xD0, 0xBA, 0xA0, 0x5D, 0xC5, 0x21, 0xBA, 0x94,
    0xCB, 0xFD, 0x43, 0x17, 0xA1, 0xA2, 0x11, 0xA1, 0x9A, 0x41, 0xE3, 0x11, 0x2E, 0x85, 0x5A, 0x0E,
    0xB5, 0x1A, 0xB4, 0x18, 0xAC, 0x58, 0x68, 0x13, 0x5A, 0xF7, 0x09, 0x27, 0xE9, 0x8C, 0xB2, 0xD1,
    0x9A, 0x86, 0xEE, 0x54, 0x11, 0xB1, 0x96, 0x11, 0xB1, 0x8E, 0x11, 0xB1, 0x86, 0x11, 0xB1, 0x7E,
    0xA1, 0xB5, 0x0B, 0xAB, 0x5B, 0x68, 0xCD, 0x22, 0xD4, 0x2B, 0xC0, 0xB9, 0x5A, 0xA7, 0xD0, 0x1A,
    0x85, 0xD5, 0x27, 0xAC, 0x36, 0x61, 0x75, 0x09, 0xD5, 0xFA, 0x61, 0x95, 0xFD, 0xA3, 0x67, 0x7B,
    0x29, 0x42, 0x37, 0x89, 0x39, 0x74, 0x21, 0x9A, 0x0F, 0x46, 0x31, 0x6C, 0x26, 0xF6, 0xF5, 0x8B,
    0x56, 0x6E, 0xBC, 0x8F, 0xB5, 0x0C, 0xAB, 0x63, 0xA4, 0x56, 0xC3, 0xC8, 0xAC, 0x7E, 0x91, 0x5A,
    0xED, 0x62, 0x62, 0x75, 0x8B, 0x50, 0xB3, 0x18, 0xEB, 0x15, 0xA1, 0x56, 0x11, 0xEA, 0x14, 0xA1,
    0x46, 0x11, 0xEA, 0x13, 0x63, 0x6D, 0x22, 0xD4, 0x25, 0x76, 0x6A, 0x12, 0xE7, 0xEB, 0x11, 0xB6,
    0xA5, 0x82, 0x31, 0xA8, 0x2A, 0x4D, 0x6B, 0x2E, 0x2A, 0xAC, 0xFD, 0x57, 0xBF, 0x77, 0x5F, 0x5D,
    0xB7, 0x3B, 0xF5, 0x4E, 0xA5, 0xC2, 0xAA, 0x14, 0xAC, 0x50, 0x58, 0x75, 0xC2, 0x2A, 0x13, 0x5A,
    0x95, 0x70, 0x5A, 0x91, 0x70, 0x5A, 0x8D, 0x48, 0xAD, 0x12, 0xA1, 0x55, 0x08, 0xAB, 0x40, 0x84,
    0xEA, 0x43, 0xA8, 0x3C, 0x58, 0xD5, 0xC1, 0x2A, 0x0E, 0x56, 0x6D, 0x08, 0x95, 0x86, 0xCD, 0xB9,
    0xCC, 0xCE, 0xA3, 0xBB, 0x53, 0x63, 0x33, 0xA3, 0x13, 0x63, 0xF3, 0x62, 0xD3, 0x62, 0xB3, 0xF2,
    0xF5, 0x33, 0x15, 0x18, 0x2C, 0x56, 0x19, 0x17, 0xAA, 0xE8, 0x22, 0x15, 0x5B, 0xA0, 0x62, 0x8B,
    0x53, 0x74, 0x61, 0x8A, 0x2D, 0x4A, 0xB1, 0x05, 0x29, 0xB6, 0x18, 0xC5, 0x16, 0xA2, 0xD8, 0x22,
    0x14, 0x5B, 0x80, 0x62, 0x8B, 0x4F, 0x6C, 0xE1, 0x89, 0x2D, 0x3A, 0x09, 0x0B, 0x4E, 0xB6, 0x8B,
    0x4D, 0xBA, 0xA0, 0xFD, 0xA7, 0xD4, 0xAA, 0xEC, 0x21, 0x74, 0xBA, 0x3A, 0xBA, 0xE0, 0x0C, 0x64,
    0xF7, 0x7F, 0xDA, 0x8F, 0x95, 0x83, 0x50, 0x36, 0xE8, 0x42, 0x51, 0x45, 0xAF, 0xE6, 0xD2, 0x9F,
    0xB9, 0xA2, 0xE7, 0x5D, 0xBB, 0x24, 0x22, 0xD4, 0x06, 0xCC, 0x9D, 0x53, 0xEF, 0x6E, 0x84, 0xA7,
    0xA3, 0x53, 0xA7, 0x1E, 0x9D, 0xBA, 0x73, 0xEA, 0xCB, 0xA9, 0x88, 0x4E, 0xC8, 0x14, 0xF9, 0xC2,
    0x32, 0xE8, 0x82, 0xD0, 0x01, 0x39, 0xE2, 0x3A, 0x19, 0xE2, 0x80, 0xFC, 0x50, 0xB2, 0xFB, 0x25,
    0x7B, 0xA6, 0x0E, 0x5E, 0xEB, 0x9C, 0x49, 0x09, 0xBD, 0x6A, 0x72, 0x3F, 0x74, 0xA1, 0xFC, 0x0D,
    0xB1, 0xBB, 0xCE, 0x9F, 0x5E, 0xD2, 0xF4, 0x75, 0x25, 0xCD, 0x78, 0xCE, 0xB4, 0x9E, 0x68, 0x70,
    0x4D, 0xE2, 0x6B, 0x06, 0x5F, 0xD3, 0xF7, 0xFA, 0x64, 0x4D, 0xDC, 0x5B, 0xD6, 0x5E, 0x53, 0xF6,
    0xF1, 0x6B, 0xEE, 0xA1, 0xB4, 0xC8, 0xD8, 0x64, 0x32, 0x1D, 0x0B, 0x37, 0x29, 0x83, 0x81, 0x8C,
    0x81, 0x40, 0xCA, 0x20, 0x60, 0xC2, 0x00, 0x40, 0x9D, 0x7F, 0x73, 0xFC, 0xD5, 0xE9, 0x57, 0x87,
    0x5F, 0x9D, 0x7D, 0x75, 0xF4, 0xCD, 0xC9, 0xD7, 0xA9, 0x32, 0xE7, 0xFE, 0x93, 0xEB, 0xD8, 0x9D,
    0x8B, 0x78, 0xED, 0x9C, 0xCA, 0x08, 0xDE, 0x7A, 0xD0, 0xAC, 0x0F, 0xD4, 0xB1, 0xCD, 0x25, 0x3A,
    0x96, 0xC4, 0x21, 0x6D, 0x7C, 0xC0, 0x85, 0x84, 0x21, 0x5D, 0xFE, 0xEA, 0xA6, 0xF6, 0xB7, 0x71,
    0xB9, 0x07, 0x97, 0x7A, 0x70, 0x99, 0x07, 0x97, 0x78, 0xB0, 0x63, 0x8A, 0x4B, 0x3B, 0xB8, 0xAC,
    0x83, 0x4B, 0x3A, 0x74, 0x39, 0x07, 0x97, 0x72, 0xE8, 0x32, 0x8E, 0x8F, 0x72, 0x39, 0xDC, 0x91,
    0xD1, 0x7E, 0x3B, 0x3D, 0x14, 0x50, 0x95, 0x4F, 0x15, 0x4F, 0x95, 0xCE, 0xAF, 0x3F, 0x60, 0xA6,
    0xEC, 0xEF, 0x05, 0x18, 0x7B, 0x64, 0x53, 0xC4, 0x89, 0x3D, 0x81, 0x83, 0x58, 0xB0, 0x41, 0x09,
    0xA9, 0xA8, 0xA4, 0xC1, 0xF2, 0x66, 0x04, 0x95, 0x39, 0xE5, 0x24, 0xA7, 0x8B, 0x55, 0x70, 0xA6,
    0xB4, 0x29, 0xA9, 0xA7, 0x4E, 0x6C, 0xC9, 0xE8, 0x2B, 0xD5, 0x87, 0x1F, 0x91, 0x4E, 0x5F, 0xD1,
    0x5A, 0x17, 0x17, 0x70, 0x70, 0xF1, 0x06, 0x17, 0x6E, 0x70, 0xD1, 0x06, 0x17, 0x6C, 0x70, 0xB1,
    0x06, 0x17, 0x6A, 0x70, 0x91, 0x06, 0x17, 0x68, 0x70, 0x71, 0x06, 0x17, 0x66, 0xE8, 0xA2, 0x0C,
    0x2E, 0xC8, 0xD0, 0xC5, 0x18, 0x5C, 0x88, 0xC1, 0x3E, 0x26, 0xD5, 0xB1, 0xBD, 0x2E, 0xBC, 0x08,
    0x7A, 0x98, 0x5A, 0x18, 0x3A, 0x98, 0xEF, 0x16, 0x6B, 0xD3, 0xBE, 0x14, 0xB6, 0xB8, 0xDE, 0x21,
    0x8F, 0x26, 0x18, 0x89, 0x7A, 0x6C, 0x17, 0xEC, 0x99, 0x18, 0x23, 0x07, 0xC4, 0x44, 0x90, 0xBF,
    0xE6, 0xE2, 0x7B, 0x22, 0x68, 0x12, 0x64, 0x60, 0x2F, 0x00, 0x11, 0xE1, 0x98, 0x9B, 0x0C, 0x1E,
    0xAA, 0xF2, 0x3C, 0x18, 0xCB, 0x96, 0xD3, 0x31, 0xE5, 0xBA, 0xDD, 0x9D, 0xF3, 0xA3, 0xB3, 0x70,
    0x34, 0x24, 0xBE, 0x9E, 0xE0, 0x92, 0xAD, 0xE0, 0x40, 0xA1, 0xC5, 0x38, 0x7D, 0xC3, 0xA3, 0x1E,
    0x8D, 0x5E, 0x28, 0xFF, 0xCA, 0x5A, 0x9C, 0x67, 0x51, 0xF6, 0x1E, 0x29, 0xB7, 0x63, 0x6E, 0x2C,
    0x82, 0x6E, 0xE6, 0xD4, 0xB3, 0x90, 0xFD, 0x16, 0xF2, 0x67, 0xFF, 0xB4, 0x0E, 0x5B, 0x88, 0x70,
    0x12, 0xA8, 0xEF, 0xAD, 0xED, 0x32, 0x9A, 0x6D, 0x4D, 0x13, 0x2D, 0x93, 0x12, 0x8D, 0x9F, 0x53,
    0xB3, 0x94, 0x84, 0xA2, 0xC0, 0x2E, 0x6D, 0x5C, 0xE8, 0x69, 0xB6, 0x68, 0x76, 0x7B, 0x15, 0xAD,
    0x8C, 0x79, 0x46, 0x27, 0x73, 0x32, 0x78, 0x54, 0xA2, 0x57, 0xD9, 0x89, 0xEE, 0xB0, 0x42, 0x3D,
    0xE6, 0x99, 0xB6, 0x2E, 0xC7, 0x35, 0xEF, 0x7A, 0xFD, 0xCA, 0x85, 0xDF, 0x19, 0xC3, 0xFD, 0x8F,
    0x8E, 0xE1, 0xC3, 0xEE, 0x9E, 0xD5, 0x3E, 0x68, 0xF7, 0xAC, 0xDF, 0x72, 0x3D, 0xFC, 0x78, 0x56,
    0xDE, 0xB6, 0x80, 0xAB, 0xCF, 0x7B, 0x2F, 0xBF, 0xCB, 0x0D, 0x28, 0xC2, 0x46, 0x12, 0xC5, 0xEC,
    0x12, 0x4F, 0xE5, 0x21, 0xB8, 0xA1, 0xDC, 0x26, 0x8F, 0x98, 0xC4, 0x9F, 0x70, 0x83, 0x54, 0x6E,
    0x84, 0xCC, 0x4E, 0x7F, 0xDB, 0x8A, 0x84, 0x7D, 0xFE, 0xDA, 0xE6, 0x1F, 0xB6, 0x22, 0x41, 0x93,
    0xBF, 0xF6, 0xF8, 0x8F, 0x95, 0x1C, 0x73, 0x30, 0x8E, 0x77, 0x1B, 0x00, 0x3E, 0x72, 0xA0, 0xF4,
    0x3B, 0xEC, 0x17, 0xFD, 0xE4, 0x16, 0x93, 0xC9, 0x0E, 0xBB, 0x32, 0xED, 0x4E, 0x13, 0x8D, 0xD4,
    0x44, 0xCD, 0x10, 0x92, 0x95, 0xF7, 0x64, 0xAD, 0x5B, 0x25, 0xB0, 0x5D, 0x11, 0xC1, 0x26, 0xF3,
    0xED, 0x9A, 0x6E, 0x77, 0xCC, 0xB6, 0x3B, 0x26, 0xDB, 0x1D, 0x73, 0xED, 0x8E, 0xA9, 0x76, 0xC7,
    0x4C, 0xBB, 0x63, 0xA2, 0x7D, 0xB7, 0x16, 0xFB, 0x50, 0x18, 0x6A, 0xD2, 0x48, 0xD3, 0x32, 0xB6,
    0xC8, 0x85, 0x39, 0x19, 0xBB, 0x22, 0x15, 0xA2, 0x99, 0x10, 0x4D, 0x84, 0x58, 0x72, 0xC8, 0x32,
    0x43, 0x8F, 0x5F, 0x0C, 0x87, 0x2D, 0x1B, 0x54, 0xEE, 0x44, 0x04, 0x9F, 0x2D, 0x0E, 0x9C, 0x92,
    0xC5, 0xE6, 0xE4, 0xC0, 0x72, 0xDB, 0x82, 0xF2, 0x90, 0xE2, 0x6E, 0xD5, 0x25, 0xBB, 0x9D, 0xDB,
    0x49, 0x67, 0x7F, 0xF6, 0xC4, 0x94, 0xFA, 0x13, 0x68, 0x63, 0x6D, 0xC9, 0x00, 0x0D, 0x5A, 0xD4,
    0xB8, 0xD5, 0x19, 0x8A, 0x3B, 0xA8, 0x84, 0xC3, 0x2D, 0x5A, 0x47, 0x1C, 0x41, 0xA7, 0xDF, 0xF3,
    0x7A, 0xFB, 0xC6, 0x03, 0x76, 0xE7, 0x39, 0x7B, 0xFB, 0x98, 0x2A, 0x15, 0x5B, 0x2A, 0xB3, 0x58,
    0x51, 0xB2, 0x50, 0x61, 0x45, 0x0A, 0x2D, 0x50, 0xB0, 0x38, 0xE1, 0x58, 0x98, 0xE0, 0x26, 0x2D,
    0x6E, 0x4F, 0x0B, 0x12, 0x2C, 0x46, 0x58, 0x21, 0xC2, 0x5D, 0xEA, 0x4A, 0x7F, 0xD8, 0xD5, 0x54,
    0xEA, 0xC3, 0x65, 0x1B, 0xB4, 0x20, 0x31, 0xD1, 0xEC, 0x01, 0x4A, 0x11, 0x18, 0x5C, 0xCA, 0xAC,
    0x20, 0x76, 0x23, 0x47, 0x05, 0xC2, 0xB1, 0xFC, 0xE0, 0xB4, 0xF6, 0xA0, 0x85, 0x07, 0xAB, 0x3A,
    0x58, 0xC9, 0x41, 0xEB, 0x0D, 0x56, 0x6C, 0xB8, 0x24, 0xDB, 0xF0, 0xF1, 0x5D, 0xAF, 0xDD, 0x48,
    0x1B, 0xFA, 0x1D, 0xEB, 0x42, 0x66, 0x34, 0x5A, 0x2B, 0x5D, 0x10, 0x79, 0x0B, 0xDF, 0xBA, 0xE7,
    0x9B, 0xB1, 0x3E, 0x58, 0x3D, 0xC3, 0xF5, 0x0C, 0x70, 0x25, 0xC5, 0x17, 0x42, 0xEE, 0xBF, 0xC3,
    0xB2, 0x89, 0x53, 0x6E, 0x72, 0xE7, 0x69, 0xAE, 0xF6, 0x1F, 0x68, 0x9C, 0x3E, 0x9E, 0xA7, 0xCC,
    0x54, 0x5D, 0x6D, 0x55, 0x88, 0x5B, 0xC4, 0x60, 0x26, 0x5F, 0xA8, 0x10, 0x20, 0xB3, 0x0A, 0x22,
    0x5E, 0x67, 0xAC, 0x8B, 0x02, 0x78, 0x11, 0x9F, 0x88, 0x15, 0x06, 0x56, 0x17, 0xB4, 0xB2, 0xA0,
    0x55, 0x05, 0x72, 0x95, 0x2E, 0x29, 0x1D, 0xC6, 0x64, 0xD7, 0xDE, 0x67, 0x3D, 0xAC, 0xB8, 0x50,
    0x27, 0xD0, 0x1A, 0xC1, 0x99, 0xFA, 0xC0, 0x67, 0x20, 0xF4, 0xD8, 0x4D, 0xF3, 0x6B, 0xD2, 0xFF,
    0xCC, 0x1B, 0x9F, 0x25, 0x1D, 0xAF, 0x19, 0x7F, 0x4D, 0xF7, 0xEF, 0xE4, 0xFA, 0xE7, 0xBB, 0x8B,
    0xA9, 0x36, 0xC1, 0x5B, 0xDE, 0xE7, 0xA6, 0x37, 0x91, 0x6F, 0x5E, 0x38, 0x80, 0xEE, 0x1B, 0xF0,
    0x8E, 0x04, 0x21, 0xA7, 0x1B, 0x6E, 0x47, 0xBB, 0xB8, 0x4D, 0xDD, 0x87, 0x35, 0x11, 0x58, 0x84,
    0xF0, 0xD2, 0x4C, 0x3E, 0xA2, 0x3C, 0x77, 0x8C, 0x2D, 0x1D, 0x67, 0xEE, 0xB1, 0x74, 0x73, 0x80,
    0x3D, 0x52, 0xCA, 0xFA, 0x00, 0xA3, 0x2F, 0x6F, 0x1E, 0xA8, 0x2F, 0x78, 0x40, 0xA2, 0x5F, 0xBB,
    0xFD, 0x35, 0x16, 0x6C, 0x36, 0xBA, 0x75, 0xD1, 0xED, 0xAF, 0x8E, 0x8A, 0x7C, 0x71, 0xAE, 0x35,
    0xF4, 0xBF, 0xBB, 0xC7, 0xAC, 0x33, 0xF4, 0xC4, 0xCD, 0x13, 0xDB, 0xA9, 0x2B, 0x82, 0x9F, 0x0D,
    0x39, 0xCB, 0x4F, 0x4E, 0xEF, 0xAC, 0xB1, 0x60, 0xFB, 0xBB, 0x99, 0x7F, 0xE5, 0x0E, 0xBD, 0x70,
    0xFF, 0xC6, 0x4F, 0x92, 0x3B, 0x6C, 0xFF, 0x44, 0xC9, 0xF0, 0x0E, 0x56, 0x09, 0xE6, 0x33, 0xF1,
    0xCA, 0x9F, 0xC5, 0x6B, 0x19, 0x1A, 0x1B, 0x90, 0x8B, 0x59, 0x7F, 0x0E, 0x99, 0x61, 0xF4, 0x86,
    0xB2, 0xF4, 0xCF, 0x45, 0x0D, 0xDC, 0xE7, 0x8A, 0x2B, 0x0D, 0xAF, 0x52, 0xF5, 0x3E, 0x1B, 0xFA,
    0x3E, 0xB1, 0xE2, 0xD0, 0x72, 0x28, 0xA7, 0xEB, 0x71, 0x9E, 0x46, 0x28, 0x1F, 0xA1, 0xED, 0x29,
    0x09, 0xB1, 0xAE, 0x36, 0xB4, 0xEA, 0x45, 0x6F, 0x4B, 0xEC, 0xF6, 0x67, 0x7F, 0x98, 0x63, 0x59,
    0x93, 0xFF, 0x31, 0xCE, 0x59, 0xC0, 0x66, 0x95, 0x75, 0x81, 0x46, 0xCF, 0x1A, 0xD5, 0x0B, 0x90,
    0x33, 0x97, 0xA0, 0x2A, 0xBA, 0x95, 0x63, 0x73, 0x2B, 0xAC, 0x42, 0xFD, 0xF3, 0xEA, 0xE8, 0x04,
    0x2C, 0xFD, 0x34, 0x97, 0x28, 0x36, 0x73, 0xA1, 0xCA, 0x29, 0x7C, 0x79, 0xB7, 0x58, 0xB2, 0xD1,
    0x85, 0x9B, 0x40, 0xC7, 0x4C, 0x2C, 0xB0, 0x9B, 0xC2, 0xD2, 0xD8, 0x9F, 0xDF, 0xA9, 0x34, 0x8D,
    0xDB, 0x55, 0xF5, 0xDB, 0x1E, 0xC1, 0x7D, 0xCA, 0x5F, 0x41, 0xBA, 0x61, 0xDD, 0x38, 0xC9, 0x76,
    0xB7, 0xFE, 0x4E, 0x41, 0xAA, 0x79, 0x84, 0x0B, 0x20, 0xDA, 0xAF, 0x7D, 0x5B, 0x28, 0xCD, 0xE6,
    0x8B, 0x82, 0x24, 0x8B, 0x37, 0xF8, 0xF0, 0x86, 0x03, 0xE5, 0x22, 0x73, 0xCC, 0x7A, 0x41, 0x7A,
    0x25, 0x3C, 0x6F, 0x41, 0x4B, 0x4E, 0xA1, 0xA1, 0x65, 0x7E, 0x14, 0x3A, 0x47, 0x1E, 0xB4, 0xB9,
    0x64, 0x8D, 0xB4, 0x2F, 0x80, 0x37, 0x5A, 0xDB, 0x02, 0x4E, 0xD3, 0xBF, 0xD8, 0x78, 0x0B, 0x29,
    0x60, 0x60, 0xC8, 0x34, 0x30, 0x30, 0xE4, 0xC9, 0x1F, 0xC0, 0x90, 0x27, 0x7F, 0x00, 0xC3, 0x13,
    0xA4, 0x84, 0x81, 0x21, 0xD3, 0xC2, 0xC0, 0x90, 0xA9, 0x61, 0x60, 0xA8, 0x27, 0x7F, 0x0C, 0xE1,
    0xE4, 0x0F, 0xCC, 0xE8, 0x47, 0x3D, 0xF9, 0xE3, 0xD2, 0xE5, 0xF1, 0x96, 0x4F, 0xDC, 0x67, 0x96,
    0x86, 0x7B, 0x04, 0x7C, 0x97, 0x1E, 0x2E, 0x10, 0xE3, 0xC9, 0x1F, 0x40, 0xEC, 0x7D, 0x9C, 0xFC,
    0x01, 0xC4, 0xFE, 0x1E, 0x27, 0x7F, 0x00, 0x31, 0x6E, 0x62, 0x08, 0xC4, 0x08, 0x10, 0x31, 0xEE,
    0x66, 0x38, 0x84, 0xDD, 0x0C, 0xAF, 0x7E, 0x8C, 0x93, 0x3F, 0xC6, 0x42, 0xEF, 0x6C, 0x0B, 0x91,
    0xED, 0x34, 0xC5, 0xB9, 0x1F, 0xD6, 0x6F, 0x13, 0x39, 0x9E, 0xFC, 0x41, 0xEC, 0x78, 0xF2, 0x07,
    0xD1, 0xE3, 0xC9, 0x1F, 0x8A, 0xDF, 0xE4, 0xCE, 0xDA, 0x10, 0xC4, 0xC9, 0x1F, 0xC0, 0x50, 0x4F,
    0xFE, 0x48, 0x36, 0xE3, 0xC9, 0x1F, 0x78, 0xB4, 0x9E, 0xFC, 0x71, 0xF5, 0x4C, 0x49, 0xFF, 0xA1,
    0x4F, 0xFE, 0xD8, 0xF6, 0xBA, 0xF7, 0x3B, 0xA0, 0x7D, 0x85, 0x6C, 0xC0, 0x8D, 0xD7, 0x78, 0xF2,
    0x07, 0xC6, 0x62, 0x27, 0x7F, 0x24, 0xD4, 0x89, 0x3C, 0xF9, 0x83, 0x7C, 0xAA, 0x27, 0x7F, 0x90,
    0x0F, 0xF4, 0xE4, 0x0F, 0x72, 0x82, 0x9E, 0xFC, 0x81, 0x01, 0xD9, 0xC9, 0x1F, 0x18, 0x51, 0x38,
    0xF9, 0x63, 0xD8, 0x9E, 0xFC, 0x71, 0xD5, 0xFD, 0xAE, 0x4E, 0xFE, 0xB0, 0x31, 0xB6, 0xD9, 0xB0,
    0x85, 0x4C, 0xDB, 0x41, 0x81, 0x73, 0xAC, 0x50, 0xE5, 0x64, 0x76, 0x9E, 0xFC, 0x91, 0x90, 0xFB,
    0x5A, 0x2D, 0xF4, 0x9E, 0xDC, 0xE3, 0xC9, 0x1F, 0x1C, 0x27, 0x4F, 0xFE, 0xC0, 0x30, 0xF5, 0xE4,
    0x0F, 0x8C, 0x52, 0x4F, 0xFE, 0xA0, 0x50, 0xEA, 0xC9, 0x1F, 0xBA, 0x67, 0x23, 0x4E, 0xFE, 0xB8,
    0xEA, 0x3E, 0xF1, 0xC9, 0x1F, 0xEA, 0x7A, 0xE8, 0xC9, 0x1F, 0x0A, 0xEB, 0xC9, 0x1F, 0xF6, 0x7D,
    0x9E, 0xFC, 0xA1, 0x98, 0xEB, 0xC9, 0x1F, 0xC4, 0xDD, 0x4E, 0xFE, 0x20, 0xF6, 0x76, 0xF2, 0x07,
    0xD5, 0xB0, 0x9D, 0xFC, 0x81, 0x11, 0xFC, 0x5F, 0x3B, 0xF9, 0x83, 0x63, 0xB0, 0x93, 0x3F, 0x30,
    0x8A, 0x70, 0xF2, 0x07, 0x4F, 0x9A, 0x08, 0x27, 0x7F, 0x0C, 0x3B, 0x27, 0x7F, 0x5C, 0xFD, 0xD4,
    0x4E, 0xFE, 0xC8, 0xCE, 0x4D, 0x51, 0x98, 0xC9, 0xE0, 0x58, 0x4C, 0x86, 0xD7, 0x67, 0x67, 0x56,
    0xC3, 0xEC, 0xBF, 0xDE, 0x8F, 0x1D, 0x96, 0xF3, 0xB3, 0xCD, 0xDD, 0xDD, 0x85, 0x7E, 0xCC, 0xFD,
    0xD9, 0x9F, 0x70, 0x5B, 0x04, 0xFF, 0x4F, 0xBE, 0x8F, 0x6E, 0x89, 0xBE, 0xF6, 0x27, 0xFD, 0x84,
    0x0C, 0xFB, 0x74, 0x9F, 0x54, 0x32, 0x8B, 0x58, 0x57, 0x88, 0x2E, 0xFE, 0x2B, 0x5C, 0xC5, 0x07,
    0xD7, 0x1E, 0xFF, 0x87, 0xA3, 0xCF, 0xED, 0x32, 0x0F, 0x70, 0x2F, 0xED, 0xF7, 0x74, 0xF3, 0xAE,
    0x97, 0x42, 0xA2, 0xDF, 0xB6, 0x03, 0x1B, 0xA5, 0xEA, 0xD3, 0x3C, 0xF9, 0xE3, 0xD2, 0x35, 0xA7,
    0x56, 0xC9, 0xDD, 0xA7, 0x24, 0xA8, 0x2C, 0xF2, 0xE4, 0x0F, 0x9D, 0xE1, 0x7B, 0x66, 0x65, 0x71,
    0xF2, 0x07, 0x8D, 0x2C, 0x4E, 0xFE, 0xA0, 0xBD, 0xC0, 0xC9, 0x1F, 0x34, 0xB1, 0x38, 0xF9, 0x03,
    0x3F, 0xA1, 0x27, 0x7F, 0x0C, 0xE1, 0xE4, 0x8F, 0xAB, 0x9F, 0xE4, 0xE4, 0x8F, 0xF9, 0xD9, 0x2D,
    0x99, 0x16, 0x63, 0x5F, 0xCD, 0xFE, 0xEC, 0x4F, 0x55, 0x25, 0xBF, 0xE7, 0x1B, 0xD3, 0xC8, 0xDC,
    0xC8, 0xA4, 0x2E, 0x9F, 0xE5, 0x66, 0xDC, 0x75, 0x16, 0x63, 0xC7, 0x38, 0x21, 0x79, 0xD4, 0xCC,
    0x1B, 0xEA, 0x6F, 0xDF, 0xB7, 0xE8, 0xFE, 0x5D, 0xF0, 0x98, 0x80, 0x97, 0xD2, 0x7A, 0x1F, 0xAA,
    0xF8, 0x11, 0x28, 0xBD, 0x4E, 0x6B, 0x7F, 0xB6, 0x45, 0xFB, 0x4D, 0xB5, 0xED, 0x59, 0x40, 0xA4,
    0xEA, 0xDC, 0x6F, 0x35, 0x0F, 0x75, 0xD0, 0xC0, 0x75, 0x30, 0x0F, 0xD8, 0xEC, 0x96, 0xFA, 0x17,
    0x9B, 0xDD, 0xAA, 0xFA, 0xFD, 0xDA, 0x68, 0x1E, 0x96, 0x9F, 0xC8, 0x3C, 0xD4, 0x97, 0x98, 0x07,
    0xFB, 0xDB, 0x39, 0xD7, 0x83, 0x96, 0x15, 0xE7, 0x7A, 0x00, 0xF8, 0x85, 0xED, 0x98, 0xE8, 0x78,
    0xAE, 0x07, 0x50, 0xE5, 0xB9, 0x1E, 0x40, 0x95, 0x4A, 0x32, 0x61, 0x9C, 0x16, 0x6D, 0x54, 0xB9,
    0xA2, 0xD8, 0x46, 0x95, 0x83, 0x73, 0x3D, 0x88, 0x2A, 0x72, 0xAA, 0xEA, 0x37, 0x39, 0x9D, 0x54,
    0x3D, 0xD7, 0x63, 0x08, 0xBC, 0x74, 0xF5, 0x2C, 0x53, 0x7D, 0xCC, 0x73, 0x3D, 0xCE, 0xE7, 0xC0,
    0x3B, 0x7A, 0xA0, 0x1D, 0x1C, 0xD0, 0xEF, 0x76, 0x10, 0x23, 0xCF, 0x75, 0x5A, 0x27, 0xB8, 0x8A,
    0xB5, 0x27, 0x4A, 0x1D, 0x95, 0x56, 0x07, 0x9C, 0xF7, 0xE5, 0xF3, 0x4F, 0x45, 0xD8, 0x80, 0xAF,
    0x4E, 0xEE, 0x23, 0x79, 0x94, 0xAC, 0x4A, 0x6C, 0x63, 0xB7, 0xCA, 0xF8, 0x53, 0x19, 0x13, 0x57,
    0x39, 0x5B, 0xD3, 0xCB, 0x07, 0xB7, 0xA6, 0x9F, 0xDB, 0xB0, 0xE1, 0x4D, 0x9C, 0xE8, 0x31, 0xE7,
    0x7E, 0x0D, 0xAD, 0x6E, 0xA2, 0xC8, 0x13, 0x3D, 0x40, 0x3A, 0x9E, 0xE8, 0xA1, 0xA4, 0x2B, 0x73,
    0x92, 0x8E, 0x27, 0x7A, 0x28, 0xE9, 0x6E, 0xE4, 0x2A, 0x0F, 0x38, 0xD1, 0x03, 0x78, 0xF2, 0x44,
    0x0F, 0x9A, 0x58, 0xAF, 0x0D, 0x29, 0x76, 0xA2, 0xC7, 0x10, 0x4E, 0xF4, 0xB8, 0xEA, 0x1E, 0xE6,
    0x44, 0x8F, 0x4B, 0x36, 0x1B, 0x30, 0xC1, 0xD0, 0xBB, 0xA0, 0xF9, 0xA7, 0x48, 0x97, 0x53, 0x30,
    0x62, 0x36, 0x0D, 0x9F, 0x34, 0xE2, 0x6E, 0x09, 0x8E, 0xCF, 0x34, 0xD5, 0x8F, 0x81, 0x62, 0x7C,
    0xAF, 0x83, 0x1E, 0x06, 0x3A, 0x25, 0x10, 0x8C, 0x51, 0x73, 0x17, 0xFC, 0x62, 0xAE, 0x6A, 0xBE,
    0x8A, 0xF0, 0x64, 0x7A, 0x6E, 0xED, 0xCF, 0xF4, 0x5C, 0xF7, 0x72, 0x7E, 0xC1, 0x30, 0x9E, 0xDF,
    0x5D, 0xE9, 0xA3, 0xC5, 0x15, 0x31, 0x1D, 0xE1, 0x69, 0x55, 0x23, 0xAE, 0x28, 0xC5, 0x47, 0x97,
    0xD9, 0xF4, 0x3F, 0x42, 0x18, 0x5C, 0x61, 0x23, 0x69, 0xC4, 0x15, 0x08, 0x07, 0xCB, 0x95, 0xDE,
    0x16, 0xBC, 0x49, 0x5C, 0x41, 0x71, 0xBB, 0x76, 0x5B, 0xA5, 0x6E, 0xA3, 0x6B, 0xCC, 0x6E, 0xC7,
    0x8B, 0x4B, 0x77, 0xB3, 0x30, 0x6D, 0xBD, 0x6F, 0x80, 0x1A, 0x2F, 0xF6, 0xE9, 0x8B, 0x34, 0xBF,
    0x40, 0xC5, 0x0C, 0xB3, 0x8B, 0x9D, 0x38, 0x21, 0x02, 0xA7, 0x5C, 0x7C, 0x2D, 0x06, 0x6B, 0x56,
    0x2E, 0xCD, 0x5A, 0x49, 0xB8, 0x88, 0x79, 0xE4, 0xCE, 0x1F, 0x98, 0x47, 0x09, 0xA6, 0x7A, 0x12,
    0x2A, 0x0B, 0x0D, 0x64, 0xC9, 0xD8, 0x49, 0x76, 0x73, 0xBB, 0x55, 0xC1, 0x65, 0xC0, 0x47, 0x8F,
    0x13, 0xD2, 0x9D, 0x38, 0x21, 0x61, 0xF5, 0x27, 0xEE, 0xF6, 0x6E, 0xCA, 0xE7, 0xFF, 0xCC, 0x23,
    0xB8, 0x16, 0x3B, 0xF8, 0x63, 0x84, 0x89, 0xF0, 0xB6, 0xCB, 0x1E, 0x7B, 0x96, 0x64, 0xC7, 0x73,
    0xF4, 0x33, 0xE5, 0xEC, 0xAF, 0xCE, 0xB9, 0xD7, 0x41, 0x89, 0xD3, 0x6D, 0xCC, 0x60, 0x3C, 0xBA,
    0xA3, 0xF7, 0xDB, 0x11, 0xD8, 0xF6, 0x2B, 0x42, 0xB1, 0x62, 0x4F, 0xDB, 0xC8, 0xFF, 0x03, 0xB6,
    0xAB, 0xD0, 0xF0, 0xAA, 0x49, 0x29, 0x83, 0xE5, 0xA2, 0x4F, 0x6B, 0xEC, 0x0D, 0x96, 0x61, 0x6F,
    0x4B, 0xC4, 0x09, 0x57, 0x1C, 0xFA, 0x4A, 0x17, 0x13, 0xEC, 0x79, 0x8D, 0xEC, 0x98, 0x44, 0xE2,
    0x55, 0x8D, 0x57, 0xE4, 0x69, 0x12, 0x1B, 0xBE, 0x59, 0xCD, 0xE0, 0xFA, 0xB5, 0xE9, 0x1D, 0xCD,
    0x41, 0xF8, 0xF4, 0x4D, 0xCD, 0x2B, 0x5D, 0xFB, 0x55, 0x58, 0x8E, 0xB1, 0xDD, 0x8F, 0xBC, 0xBE,
    0xAC, 0x19, 0xF0, 0x4C, 0x3B, 0xB8, 0x72, 0x13, 0x99, 0x49, 0x79, 0x49, 0x59, 0x49, 0x39, 0x49,
    0x03, 0x54, 0x8D, 0x4F, 0xC1, 0x46, 0x37, 0x18, 0x9D, 0x6E, 0x18, 0x9C, 0xCA, 0x15, 0x3C, 0x44,
    0x52, 0xF0, 0xCA, 0xA0, 0x20, 0xE7, 0x2B, 0xC2, 0x3F, 0x3B, 0xED, 0x4B, 0xB7, 0x2F, 0x5F, 0x68,
    0xBA, 0xFD, 0x1B, 0xB7, 0x07, 0xA6, 0x93, 0xCA, 0xF3, 0x36, 0xE8, 0xA3, 0xF2, 0xBC, 0x0D, 0xAA,
    0x02, 0x9E, 0xB7, 0x41, 0x1E, 0x7A, 0x46, 0xD7, 0xF1, 0x67, 0x76, 0xDE, 0x86, 0xEA, 0x7C, 0x9C,
    0xB7, 0x41, 0x75, 0xA0, 0xE7, 0x6D, 0x0C, 0xE3, 0x79, 0x1B, 0x57, 0xDD, 0xC7, 0x3C, 0x6F, 0x63,
    0x7E, 0xD6, 0x26, 0x91, 0x6C, 0x4B, 0x33, 0xFE, 0xBC, 0xC3, 0x2F, 0x41, 0x9B, 0xB6, 0x4C, 0x25,
    0xEE, 0xC2, 0x56, 0x27, 0x68, 0x9C, 0x15, 0x2C, 0xBF, 0x8F, 0x3B, 0xE6, 0x51, 0xFF, 0x9F, 0xF1,
    0xF3, 0xC0, 0x08, 0x77, 0xA4, 0x53, 0xF8, 0x7D, 0xE1, 0x18, 0xB4, 0x79, 0x63, 0x5D, 0xB6, 0xFF,
    0x25, 0x7F, 0x37, 0x7D, 0xF7, 0x03, 0x6D, 0xBC, 0xE5, 0x11, 0x35, 0x3C, 0x57, 0xC3, 0xCE, 0x29,
    0xB1, 0x4D, 0x15, 0xD7, 0x3B, 0x7D, 0xCA, 0x97, 0xED, 0xC8, 0x30, 0xB5, 0x85, 0x6B, 0x5C, 0x95,
    0xC0, 0x54, 0xEB, 0xD2, 0x72, 0xAD, 0x4B, 0x4B, 0xB6, 0xF6, 0x96, 0x6D, 0x5D, 0x5A, 0xBA, 0x75,
    0x69, 0xF9, 0xD6, 0xEB, 0x96, 0x70, 0x3D, 0xB0, 0x8C, 0xEB, 0xD4, 0x52, 0xAE, 0x53, 0xCB, 0xB9,
    0x86, 0xAC, 0x54, 0xB8, 0xAB, 0xA7, 0x31, 0xB5, 0x9E, 0xCC, 0xE9, 0x83, 0x76, 0x64, 0x38, 0xCB,
    0x5B, 0x57, 0xA8, 0xA8, 0x7C, 0xFB, 0xA5, 0xC0, 0x5B, 0x93, 0x35, 0x78, 0x0B, 0x98, 0x60, 0xE5,
    0x0E, 0x36, 0x10, 0x9E, 0xAC, 0x13, 0xCC, 0x60, 0xEB, 0xC8, 0x85, 0xFC, 0x56, 0x49, 0x78, 0xCF,
    0xD1, 0x6A, 0x6E, 0xAF, 0x93, 0x55, 0xF4, 0x13, 0xFC, 0x4E, 0xE5, 0x6F, 0xC0, 0xAD, 0x39, 0xD9,
    0xA0, 0xBF, 0xCF, 0xDA, 0x3B, 0x6E, 0xEC, 0x9A, 0xC0, 0x1D, 0x1C, 0x48, 0x15, 0xA4, 0x9F, 0x7C,
    0x2B, 0xB4, 0x11, 0xB3, 0xE6, 0xD9, 0xA5, 0x7B, 0x4A, 0xA9, 0xAB, 0x5F, 0x32, 0x5A, 0x4C, 0xD6,
    0x93, 0x85, 0x06, 0x39, 0x53, 0xF2, 0x8C, 0x5C, 0x3F, 0xFF, 0x93, 0x3D, 0xA4, 0xA6, 0xFD, 0x11,
    0x14, 0xD3, 0xC9, 0x00, 0xB7, 0x2B, 0x6E, 0xB9, 0x82, 0x81, 0xBB, 0xD3, 0xAF, 0xFE, 0x68, 0xCA,
    0x28, 0x76, 0xBA, 0x4D, 0xED, 0xBA, 0x07, 0xAF, 0xCE, 0xD2, 0xF3, 0x35, 0x08, 0xF1, 0x7C, 0x0D,
    0xFC, 0xE9, 0xF9, 0x1A, 0x1A, 0xA5, 0xE3, 0x7C, 0x0D, 0x2A, 0x50, 0x9E, 0xAF, 0x41, 0x0D, 0xCA,
    0xF3, 0x35, 0x68, 0x65, 0x78, 0xBE, 0x06, 0xF8, 0xFF, 0x5D, 0x9E, 0xAF, 0x41, 0x25, 0xCA, 0xF3,
    0x35, 0xC0, 0xFF, 0x7A, 0xBE, 0x86, 0x09, 0x1B, 0xF4, 0xF6, 0x30, 0x42, 0x57, 0xDD, 0xD6, 0xA7,
    0xFA, 0x64, 0xD0, 0xCE, 0x5E, 0x00, 0x67, 0x53, 0x20, 0x3C, 0x5F, 0x83, 0xB9, 0xA3, 0xC1, 0x52,
    0x20, 0x3C, 0x5F, 0x83, 0x88, 0xE3, 0x7C, 0x0D, 0xE2, 0x8D, 0xF3, 0x35, 0x68, 0xC2, 0x71, 0xBE,
    0x06, 0xB0, 0xE6, 0xF9, 0x1A, 0x54, 0xFD, 0x38, 0x5F, 0x83, 0x47, 0x17, 0xBE, 0x63, 0x29, 0x10,
    0x3D, 0x5F, 0xE3, 0xAA, 0x7B, 0x88, 0xF3, 0x35, 0xCE, 0x07, 0xF4, 0xE5, 0x9A, 0x8B, 0xA4, 0x79,
    0x58, 0x17, 0x20, 0x62, 0x39, 0x9F, 0x25, 0x46, 0xDF, 0xF4, 0xCD, 0x1F, 0x19, 0x7D, 0x93, 0xBB,
    0x5E, 0xE9, 0xCB, 0x93, 0x9F, 0xD4, 0xF9, 0x8E, 0xB9, 0xB9, 0x1D, 0x1C, 0xB5, 0xA8, 0x4F, 0x94,
    0xBE, 0x5F, 0x8E, 0x9B, 0x44, 0xE9, 0x5B, 0x4E, 0xB0, 0x68, 0x98, 0x86, 0xEA, 0xA4, 0xB6, 0x85,
    0xD8, 0x58, 0x21, 0x63, 0x74, 0xFB, 0xEE, 0x6F, 0xDF, 0xD2, 0xEE, 0x92, 0x4D, 0x75, 0x74, 0x53,
    0x09, 0x70, 0xC3, 0xF1, 0x4D, 0xE2, 0x8A, 0x13, 0x37, 0x80, 0x29, 0x4E, 0xDC, 0xA0, 0x1E, 0x44,
    0xDC, 0x03, 0x2D, 0x38, 0x4B, 0x56, 0xC0, 0x11, 0x27, 0x6E, 0x10, 0x43, 0x64, 0xB2, 0x37, 0x96,
    0xE1, 0x1D, 0xEC, 0xC4, 0x8D, 0xAB, 0x0F, 0x77, 0xE2, 0xC6, 0xFC, 0xE2, 0x56, 0x23, 0xF5, 0x4E,
    0x1F, 0xD2, 0x7E, 0x80, 0x34, 0xB1, 0xD0, 0x99, 0x8F, 0xAE, 0x27, 0x6E, 0xA8, 0xFB, 0x86, 0x13,
    0x37, 0x2C, 0xBB, 0x54, 0xA8, 0xA3, 0xA9, 0x27, 0x6E, 0x68, 0x4E, 0x01, 0x27, 0x6E, 0x84, 0x94,
    0xC2, 0x53, 0xEA, 0xC3, 0xE9, 0x89, 0x1B, 0x9A, 0x50, 0xF8, 0x1D, 0x9D, 0xB8, 0xF1, 0x59, 0x0F,
    0x42, 0xCE, 0xFF, 0xFD, 0x96, 0x13, 0x37, 0x2E, 0x59, 0x34, 0xAD, 0xA2, 0x3A, 0x55, 0x51, 0xDD,
    0x50, 0x0D, 0x42, 0x54, 0xA1, 0xEB, 0x28, 0x03, 0xCD, 0xD4, 0x44, 0x55, 0x00, 0x15, 0xD5, 0xD5,
    0xD4, 0x44, 0xD5, 0x4D, 0x83, 0xA8, 0xAA, 0x62, 0xD4, 0x22, 0xE3, 0x10, 0x4E, 0xDC, 0xB8, 0xEA,
    0x1E, 0xE6, 0xC4, 0x8D, 0x72, 0x5D, 0xFC, 0xA3, 0xE2, 0xC8, 0x02, 0x1C, 0xFF, 0xBE, 0x38, 0x6F,
    0xAF, 0x2D, 0x74, 0xC2, 0xB3, 0x95, 0xD0, 0x27, 0x1E, 0xB8, 0x2C, 0x5F, 0x48, 0xC6, 0x4D, 0xBA,
    0xB2, 0x95, 0x5B, 0xA4, 0xBA, 0x4B, 0x34, 0xAA, 0x07, 0xEB, 0x36, 0xAF, 0xF7, 0x36, 0xE2, 0x87,
    0x6F, 0x5C, 0x9B, 0x34, 0x69, 0x5B, 0xD6, 0x12, 0x0C, 0xB7, 0x51, 0xB3, 0x37, 0x8B, 0x17, 0x05,
    0x5A, 0xC5, 0xD5, 0x9C, 0x0E, 0xCE, 0x16, 0xB4, 0x60, 0xFB, 0xC6, 0x17, 0x1B, 0x4B, 0xD7, 0xB4,
    0x61, 0xDB, 0xFF, 0x4D, 0x1B, 0x92, 0xE6, 0xE3, 0x8E, 0x36, 0xB6, 0x3F, 0xF1, 0xD9, 0x6C, 0xCE,
    0xCE, 0x21, 0x4E, 0x67, 0x92, 0xEB, 0x32, 0x8E, 0xF6, 0xF7, 0x98, 0x5C, 0xC7, 0x38, 0x0A, 0x26,
    0xD7, 0x31, 0x8E, 0x23, 0x4D, 0xAE, 0xCB, 0x38, 0x4E, 0x98, 0x5C, 0xC7, 0x38, 0x3C, 0x93, 0xEB,
    0x18, 0xC7, 0xCB, 0x4C, 0xAE, 0xEB, 0x9E, 0x46, 0x48, 0xAE, 0x63, 0x1C, 0x4E, 0x93, 0xEB, 0x32,
    0x0E, 0x4D, 0xAE, 0x63, 0x1C, 0x9A, 0x5C, 0x57, 0xD9, 0x9D, 0x05, 0x48, 0x93, 0xEB, 0xEE, 0xD3,
    0x48, 0xAE, 0x8F, 0x8B, 0x99, 0xC7, 0x64, 0x0E, 0xC6, 0xC3, 0x36, 0x6C, 0x0C, 0x87, 0x9D, 0xD8,
    0x18, 0xCD, 0x0F, 0xD9, 0x8C, 0x8D, 0xC1, 0xB0, 0x1F, 0x1B, 0x63, 0x61, 0x4B, 0xB6, 0x0C, 0xA5,
    0x62, 0x57, 0xB6, 0x8C, 0x84, 0x8D, 0xD9, 0x1C, 0x08, 0x7A, 0xB3, 0x39, 0x0E, 0xB4, 0x67, 0x73,
    0x18, 0xDA, 0xA1, 0xED, 0x42, 0x93, 0xB6, 0x0B, 0x7D, 0xDA, 0x2E, 0xB4, 0x6A, 0xBB, 0x6D, 0xB7,
    0xF6, 0x47, 0x5E, 0x80, 0x1D, 0x58, 0xA8, 0x0F, 0x1C, 0xD4, 0x03, 0xD5, 0x57, 0x99, 0x9B, 0x07,
    0xAA, 0x56, 0x18, 0x43, 0xCA, 0xA5, 0x20, 0xD5, 0x5F, 0x45, 0x6E, 0x9E, 0xA8, 0x22, 0x37, 0x0F,
    0x54, 0x23, 0xE6, 0xE6, 0x81, 0x2A, 0x72, 0xF3, 0x40, 0x95, 0xB9, 0x79, 0xA3, 0x93, 0x02, 0x9A,
    0x9B, 0x77, 0x9F, 0x24, 0x37, 0x4F, 0x62, 0x22, 0x37, 0x0F, 0x0C, 0xD9, 0x96, 0x4D, 0x16, 0x67,
    0x6E, 0x1E, 0x1C, 0xCE, 0xF6, 0x6C, 0x30, 0x38, 0x72, 0xF3, 0x3C, 0x84, 0x2C, 0x32, 0xF6, 0x66,
    0xAB, 0x36, 0x30, 0x64, 0xBB, 0x36, 0x30, 0x64, 0x6E, 0x1E, 0x18, 0xEA, 0xA9, 0xDC, 0xEE, 0xA1,
    0x4E, 0xE5, 0x66, 0xE9, 0x5B, 0xFC, 0x47, 0xA3, 0x5C, 0xF3, 0x45, 0x2D, 0x7F, 0x93, 0x6E, 0xDA,
    0xF0, 0x5C, 0x6B, 0xF9, 0x3C, 0x5B, 0x69, 0x73, 0x4D, 0xD1, 0x44, 0xA7, 0xF7, 0x0F, 0x59, 0x08,
    0xFF, 0x07, 0xC4, 0x07, 0x28, 0x85, 0xEF, 0x57, 0xA0, 0xD8, 0xCB, 0x8D, 0xC6, 0xAC, 0xD1, 0xF6,
    0x5E, 0xD8, 0x5D, 0x3D, 0xB2, 0x26, 0xEA, 0xCF, 0x2C, 0x00, 0x0A, 0xEB, 0x7F, 0x50, 0xF9, 0x33,
    0x3C, 0xFC, 0x3A, 0x4C, 0xE1, 0x1A, 0x98, 0xB4, 0xB6, 0x96, 0xC9, 0x96, 0x41, 0x08, 0x2E, 0xEC,
    0xD8, 0x06, 0x32, 0xEF, 0xEB, 0xC2, 0x8A, 0x26, 0x6A, 0x5E, 0x3C, 0x0D, 0x75, 0x79, 0x6C, 0x3D,
    0x03, 0x7C, 0x12, 0x34, 0xD2, 0x09, 0x81, 0x06, 0x34, 0xD3, 0xE9, 0x93, 0x8C, 0x08, 0x57, 0x6E,
    0xBA, 0x73, 0xBB, 0x99, 0x3F, 0xEA, 0xE6, 0x2B, 0xCB, 0x06, 0x9A, 0x76, 0x2A, 0xC6, 0xCD, 0x67,
    0xF6, 0xC6, 0x74, 0xFC, 0x64, 0x2C, 0xA1, 0x86, 0xED, 0xE5, 0x5C, 0xBC, 0xA3, 0xB9, 0xFA, 0xAD,
    0xEA, 0xEA, 0x55, 0x77, 0x69, 0xDA, 0x9D, 0xCA, 0x8B, 0x69, 0x77, 0x4C, 0xEE, 0x46, 0xD3, 0xEE,
    0x98, 0xDE, 0x63, 0x3B, 0x70, 0x5B, 0x26, 0xB8, 0xD0, 0xB4, 0x3B, 0xA6, 0x38, 0xB7, 0xB4, 0x3B,
    0x26, 0x59, 0xD3, 0xEE, 0x18, 0x45, 0x38, 0x70, 0xDB, 0xFD, 0x7F, 0x3E, 0x70, 0xDB, 0x86, 0x6B,
    0x1A, 0x41, 0x21, 0x1D, 0x2C, 0xD3, 0xEE, 0x1C, 0x2B, 0x2B, 0xA8, 0xE0, 0x63, 0xA6, 0xDD, 0xA9,
    0xA8, 0xF5, 0xC0, 0xED, 0x02, 0x2B, 0x11, 0x91, 0x6C, 0x27, 0x2B, 0x6B, 0xDA, 0x5D, 0x86, 0xA9,
    0x69, 0x77, 0x8C, 0xD2, 0x0E, 0xDC, 0x76, 0x9F, 0xEE, 0x81, 0xDB, 0x94, 0x3B, 0x4B, 0xBB, 0x03,
    0xEB, 0x70, 0xE0, 0xB6, 0xE2, 0x6D, 0x69, 0x77, 0x62, 0xAE, 0x69, 0x77, 0x35, 0x32, 0x9A, 0x76,
    0x27, 0xF6, 0xE1, 0xC0, 0xED, 0x42, 0x37, 0x6F, 0x46, 0xDA, 0x1D, 0x23, 0xF8, 0xFD, 0x90, 0x76,
    0xC7, 0x18, 0x2C, 0xED, 0x4E, 0x73, 0x13, 0x0E, 0xDC, 0x76, 0xFF, 0xEC, 0x07, 0x6E, 0x5F, 0x72,
    0xE6, 0xEB, 0xC5, 0xC3, 0x5F, 0xCB, 0xDF, 0xFC, 0x24, 0xAC, 0x1B, 0x34, 0x57, 0x29, 0x7A, 0xFD,
    0x68, 0xB5, 0xF5, 0x18, 0x02, 0x0B, 0xD7, 0x81, 0x81, 0x6B, 0x50, 0xE6, 0x07, 0xD6, 0x1E, 0x90,
    0xFE, 0xBD, 0x75, 0x83, 0xC4, 0xEF, 0x87, 0x86, 0x81, 0x1F, 0xF0, 0xCC, 0xA0, 0x02, 0x87, 0x2E,
    0x94, 0x14, 0xBB, 0xC5, 0xA4, 0xFE, 0x57, 0x3D, 0xE9, 0x40, 0x27, 0x07, 0x44, 0xD0, 0x83, 0xC6,
    0xDC, 0xC3, 0x1F, 0x34, 0xF6, 0x69, 0xE6, 0xE3, 0xC3, 0x48, 0xCF, 0x28, 0x98, 0x6B, 0xAC, 0xF3,
    0x90, 0x01, 0x62, 0x3D, 0xB7, 0x28, 0x6E, 0x90, 0x8F, 0xD7, 0xA9, 0xBF, 0x67, 0x86, 0x19, 0xF9,
    0x78, 0x9A, 0x33, 0xE6, 0xE3, 0x61, 0x23, 0x90, 0x8F, 0xA7, 0x39, 0xE3, 0x49, 0xDC, 0xEE, 0xD3,
    0x39, 0x89, 0x7B, 0x54, 0x27, 0xE3, 0x64, 0xE8, 0x6C, 0x58, 0x47, 0x0A, 0xB9, 0xD4, 0x54, 0x72,
    0xBC, 0x09, 0xAF, 0x09, 0x67, 0xF0, 0x68, 0x3B, 0x28, 0x12, 0x3A, 0xDA, 0xD4, 0x23, 0xEA, 0x68,
    0x53, 0x8D, 0xC0, 0xD1, 0x56, 0x2D, 0xC2, 0xA3, 0xED, 0xDC, 0xA7, 0x71, 0xB4, 0xDD, 0x27, 0xE0,
    0x9A, 0xAF, 0x5E, 0xE0, 0x9A, 0xAF, 0xFD, 0x73, 0x71, 0xCD, 0x99, 0x8C, 0x3D, 0x14, 0x00, 0x4F,
    0xE2, 0x06, 0xAA, 0x3C, 0xE3, 0x08, 0xA8, 0xFE, 0x98, 0x19, 0xFB, 0x0C, 0xBB, 0x00, 0xE4, 0xB7,
    0x89, 0xEA, 0xA0, 0x8E, 0xAD, 0x78, 0x31, 0x5C, 0x1B, 0x44, 0x72, 0x4A, 0xF4, 0x0F, 0x54, 0x33,
    0x66, 0xEC, 0x81, 0x2A, 0x12, 0xF5, 0xEA, 0x8C, 0x05, 0xDE, 0xFA, 0x94, 0x4F, 0xE2, 0x56, 0x87,
    0x32, 0xA6, 0x5C, 0xFE, 0xCF, 0x0B, 0x1D, 0x69, 0xD9, 0xD8, 0x91, 0x96, 0xAF, 0x85, 0x20, 0x7B,
    0x7E, 0xF8, 0x3E, 0x76, 0x18, 0x9D, 0xBF, 0xD9, 0x48, 0x74, 0xBE, 0xF7, 0x7D, 0x3D, 0x92, 0x4E,
    0x2B, 0x36, 0x48, 0x3C, 0xA5, 0x62, 0x17, 0x27, 0xAB, 0xAC, 0xC6, 0xF6, 0x9B, 0x58, 0x19, 0x14,
    0x75, 0xDC, 0x6F, 0xE1, 0x98, 0x1A, 0x44, 0xCC, 0x58, 0xCF, 0x94, 0x06, 0x57, 0x5B, 0x7C, 0xC8,
    0x49, 0xDC, 0x20, 0x20, 0x4F, 0xE2, 0x06, 0x32, 0x3C, 0x89, 0x9B, 0x4E, 0x2D, 0xF3, 0xF6, 0x42,
    0xC0, 0x41, 0xCF, 0xDD, 0x06, 0x01, 0x4B, 0xBE, 0xE2, 0x8E, 0xF8, 0x0A, 0x7C, 0x2B, 0xE4, 0xED,
    0x29, 0x37, 0xCC, 0xDB, 0x0B, 0x01, 0x99, 0xB7, 0x07, 0x01, 0xF5, 0x24, 0x6E, 0xF7, 0x29, 0x9F,
    0xC4, 0xFD, 0xFF, 0x00, 0xDD, 0x7D, 0xBF, 0x8F, 0xE5, 0xD6, 0x95, 0xE6, 0x25, 0x69, 0xD7, 0xB3,
    0x9B, 0x03, 0x50, 0xC1, 0x60, 0xE0, 0x29, 0x0D, 0x86, 0x0E, 0x3C, 0x80, 0x2C, 0xC3, 0xE6, 0x3F,
    0xD0, 0xF5, 0x48, 0x49, 0x80, 0x17, 0xD8, 0x09, 0x34, 0x89, 0xB1, 0xA1, 0x1D, 0x4C, 0x60, 0xC9,
    0x41, 0x4F, 0xB0, 0xC1, 0x06, 0xD5, 0xFD, 0x68, 0x29, 0x50, 0xE0, 0xC0, 0x85, 0xF5, 0x02, 0x1B,
    0x4E, 0xCD, 0xA2, 0x03, 0x4D, 0x39, 0xE8, 0xC4, 0x81, 0xB1, 0x78, 0x2A, 0xB2, 0xA5, 0xC0, 0x81,
    0x83, 0xA6, 0xAC, 0x60, 0x03, 0x07, 0xA2, 0x2C, 0x0D, 0x3C, 0xEB, 0x0E, 0x8A, 0xEA, 0xA6, 0x2D,
    0xAA, 0x8A, 0x8F, 0x77, 0xCF, 0x77, 0xCE, 0xB9, 0x24, 0x5F, 0xFD, 0xEA, 0x96, 0xED, 0xDD, 0x19,
    0x6F, 0xA1, 0x41, 0x9E, 0x7A, 0xFD, 0xAA, 0xDE, 0x77, 0xCE, 0x3D, 0xBF, 0xEE, 0xB9, 0x87, 0xA7,
    0xD2, 0x3A, 0xF9, 0xAD, 0xA5, 0xAF, 0x26, 0xED, 0xED, 0xC0, 0xC4, 0x33, 0xAB, 0xF6, 0xD6, 0x0F,
    0x4B, 0x43, 0x5F, 0x51, 0x15, 0x3E, 0x14, 0xA2, 0xF4, 0xCF, 0x4A, 0xF3, 0x53, 0xBC, 0x62, 0x7E,
    0x50, 0x86, 0x83, 0x31, 0x49, 0x63, 0xC2, 0xB2, 0x18, 0xCC, 0xCE, 0xC6, 0xE6, 0xE1, 0x3B, 0x9B,
    0xB5, 0x09, 0xDB, 0xB4, 0x0C, 0x1F, 0xD4, 0xBD, 0xD9, 0xC9, 0xFC, 0x3C, 0xB4, 0xA6, 0xC3, 0xCF,
    0x99, 0xB0, 0x37, 0xAD, 0x10, 0x8D, 0x12, 0x7E, 0xAE, 0x04, 0x7D, 0x8D, 0x44, 0x77, 0x81, 0x58,
    0x3B, 0xE2, 0xA6, 0x19, 0xBF, 0xD2, 0x3A, 0x69, 0xCD, 0x2A, 0x17, 0xA8, 0x9E, 0xCD, 0x05, 0xEA,
    0xEB, 0xAD, 0xE9, 0x19, 0xEA, 0x87, 0xB5, 0xDF, 0x31, 0xD4, 0x47, 0xCD, 0xAA, 0x63, 0xA8, 0xB9,
    0xB5, 0x1D, 0x43, 0x35, 0x45, 0xDD, 0x09, 0xD4, 0x81, 0x3E, 0x02, 0x50, 0xD3, 0x9A, 0x08, 0x40,
    0x4D, 0x72, 0xFD, 0xD0, 0x68, 0xA3, 0x84, 0x6F, 0x4B, 0x85, 0x11, 0xB6, 0x0E, 0xCF, 0xE6, 0xA7,
    0x4A, 0x24, 0xEE, 0x95, 0xD0, 0x11, 0xFE, 0x39, 0xF0, 0x07, 0xB8, 0x78, 0x0D, 0xD0, 0x7E, 0x60,
    0x4B, 0x96, 0x6A, 0xF9, 0xE5, 0x55, 0xBB, 0x6A, 0x18, 0x24, 0xAE, 0x65, 0xC0, 0x34, 0xBD, 0x87,
    0xB0, 0xD1, 0x95, 0x80, 0x7D, 0xBF, 0x01, 0xAA, 0xFB, 0x44, 0x67, 0x3B, 0x44, 0xCB, 0x6F, 0x30,
    0xE6, 0x15, 0x5C, 0x17, 0xF6, 0x5D, 0xBC, 0xFF, 0xE1, 0x06, 0xD7, 0x8C, 0x7F, 0x4F, 0x1E, 0x35,
    0x10, 0x29, 0x7E, 0x8F, 0x5F, 0xF3, 0x3B, 0x8D, 0x39, 0x1C, 0xE5, 0x74, 0x30, 0x52, 0x8D, 0xC8,
    0x2C, 0xDE, 0x18, 0x41, 0x62, 0xAC, 0x2D, 0x6D, 0xC9, 0x52, 0xDB, 0x84, 0x8D, 0x20, 0x3A, 0xA9,
    0x4C, 0xCF, 0xA8, 0x7C, 0x7B, 0xD7, 0x58, 0x7E, 0xCD, 0x14, 0x43, 0x60, 0x19, 0x9D, 0x89, 0x8B,
    0xE8, 0x7F, 0x31, 0xC2, 0xDC, 0x44, 0xAB, 0x17, 0x19, 0x65, 0x09, 0x51, 0x35, 0x2C, 0x3C, 0x13,
    0xB5, 0xA6, 0x51, 0xC1, 0x94, 0x8E, 0x4A, 0x8D, 0xA3, 0xBE, 0x30, 0x52, 0xE6, 0xF7, 0xA1, 0x0E,
    0x81, 0x9E, 0x95, 0xD3, 0xAA, 0x20, 0x85, 0x04, 0xFE, 0x7F, 0xAC, 0xE5, 0x3D, 0x60, 0x60, 0x43,
    0xEF, 0x13, 0x25, 0x6D, 0x8A, 0x3C, 0xB5, 0x46, 0xD6, 0x3E, 0x6C, 0x52, 0x5B, 0xC9, 0xEA, 0x87,
    0xCD, 0x5E, 0xA8, 0x4C, 0x14, 0xD5, 0x9E, 0x6A, 0x40, 0xB8, 0x31, 0x7B, 0xA4, 0x66, 0xAC, 0x03,
    0x15, 0x91, 0xFB, 0xF2, 0xFB, 0x3E, 0xE2, 0x57, 0x99, 0xB4, 0xD9, 0xDE, 0x6E, 0x2F, 0x1F, 0x73,
    0xAB, 0xD9, 0x4B, 0x14, 0x98, 0xBF, 0xD9, 0xDB, 0xCD, 0x9C, 0x36, 0xBC, 0x35, 0x82, 0x5D, 0x6C,
    0x46, 0xD2, 0x9B, 0x48, 0x33, 0xBD, 0x61, 0xFC, 0xAA, 0x95, 0xCD, 0x55, 0x9D, 0x34, 0xB6, 0x62,
    0xBE, 0x2A, 0x43, 0x2C, 0xB1, 0xE8, 0x17, 0xB2, 0x14, 0xB2, 0x0C, 0xB2, 0x04, 0x84, 0xBC, 0xB7,
    0x39, 0x89, 0xBE, 0x49, 0x4A, 0x16, 0xFB, 0x6B, 0x8C, 0x84, 0xF1, 0x2C, 0xB0, 0x4C, 0xF4, 0x9B,
    0xE8, 0xEA, 0x0D, 0x2C, 0x3A, 0xB9, 0xAE, 0x5A, 0x5C, 0xBD, 0x81, 0xDF, 0x19, 0xF3, 0x35, 0x68,
    0x26, 0x33, 0x12, 0xA1, 0x56, 0xA3, 0x4C, 0x2B, 0x88, 0x34, 0x1F, 0x25, 0xEA, 0x64, 0x5B, 0xFA,
    0x1B, 0xAF, 0xF6, 0x2B, 0xC6, 0x72, 0xEC, 0x37, 0x0B, 0xC1, 0x93, 0x04, 0x4D, 0x2C, 0xD6, 0x14,
    0xBF, 0x38, 0x58, 0xB1, 0xFC, 0xA8, 0xB4, 0xDD, 0x4D, 0x96, 0xE5, 0xA2, 0xDC, 0xCD, 0xF7, 0x8C,
    0xFB, 0x40, 0xA1, 0xBC, 0xCE, 0x51, 0x90, 0x87, 0x9A, 0x76, 0x9A, 0x3B, 0xCB, 0x89, 0x86, 0x42,
    0xB1, 0x79, 0xD6, 0x2A, 0x0A, 0x73, 0xE3, 0xEE, 0x96, 0x32, 0xB3, 0x92, 0xB3, 0x49, 0x59, 0x9B,
    0x29, 0xEE, 0xEC, 0x6F, 0x8A, 0x4F, 0x8B, 0xDF, 0xFE, 0xA7, 0x7F, 0x01, 0xBE, 0xA8, 0x09, 0x2A,
    0x31, 0x2D, 0xBE, 0x93, 0x71, 0x05, 0x95, 0x98, 0x17, 0xDD, 0x17, 0x1B, 0x7B, 0x1F, 0x77, 0x36,
    0x31, 0xBA, 0xEF, 0xE4, 0x64, 0x64, 0xF8, 0x7F, 0xFC, 0xDE, 0xCB, 0xEF, 0x0B, 0x2B, 0xF7, 0xF8,
    0xE4, 0x43, 0xBE, 0x27, 0xDE, 0x99, 0xDC, 0x4D, 0x5A, 0x89, 0x6C, 0x22, 0x79, 0x5F, 0xB9, 0xE0,
    0xBB, 0x81, 0x35, 0x4C, 0x78, 0x01, 0x57, 0xD1, 0x2A, 0x58, 0x76, 0x01, 0x5E, 0xCB, 0x3E, 0x20,
    0xA8, 0x19, 0x69, 0x58, 0x32, 0x50, 0xBA, 0x01, 0x67, 0x54, 0xB2, 0x1F, 0x08, 0x4B, 0x46, 0x19,
    0x96, 0xEC, 0x09, 0x16, 0xE5, 0x84, 0xC9, 0xC3, 0xCF, 0x5D, 0x79, 0x5B, 0xC8, 0x5B, 0x12, 0xFE,
    0x81, 0x47, 0x96, 0x51, 0xFC, 0x0F, 0x11, 0xB0, 0x97, 0xCD, 0x0C, 0xAB, 0x35, 0x69, 0x1B, 0x77,
    0xB6, 0x4E, 0x87, 0xC2, 0xDA, 0x9A, 0xFC, 0x19, 0x3C, 0x1A, 0x41, 0xA2, 0xEB, 0x02, 0x3E, 0x11,
    0x9E, 0x1A, 0xDE, 0xB3, 0xA5, 0xAB, 0x3F, 0xAC, 0x0E, 0x3A, 0x13, 0x74, 0x31, 0x79, 0x4F, 0x3F,
    0xF3, 0xF2, 0x4E, 0xDD, 0x1C, 0x21, 0x3E, 0x77, 0x0D, 0xDA, 0xBF, 0x38, 0xA4, 0xF7, 0x58, 0x3B,
    0xD0, 0x7B, 0x56, 0xB6, 0xE0, 0x77, 0x06, 0xDD, 0xB6, 0x4F, 0xFF, 0xE3, 0x3A, 0xC7, 0x9D, 0x83,
    0xBF, 0x81, 0x90, 0x37, 0xB0, 0x00, 0x12, 0x30, 0x5D, 0xDB, 0xE8, 0x6D, 0xBA, 0x76, 0x21, 0xDE,
    0x33, 0xF8, 0x2F, 0xE0, 0x7F, 0x73, 0xBC, 0x33, 0x9C, 0x3B, 0x47, 0xB1, 0xE1, 0x6C, 0x34, 0xDB,
    0x92, 0x5D, 0xA4, 0xCD, 0x8B, 0x37, 0xAC, 0x61, 0x3C, 0x8F, 0xED, 0x99, 0x35, 0xB0, 0x87, 0xEF,
    0xDB, 0x77, 0x6D, 0x29, 0xF6, 0x90, 0x66, 0x90, 0x2B, 0xEC, 0x32, 0xA5, 0xAB, 0xF8, 0x97, 0x34,
    0xC3, 0xE2, 0x70, 0x70, 0x29, 0x89, 0x82, 0x3D, 0x3C, 0xFB, 0xC9, 0x40, 0x14, 0xEC, 0x21, 0xA9,
    0x2C, 0x5E, 0x23, 0xA5, 0xF8, 0x4B, 0xB3, 0xCB, 0x8B, 0xE8, 0x3E, 0xED, 0x8F, 0x4A, 0x91, 0xCE,
    0x39, 0x6B, 0xEE, 0x9D, 0x31, 0xF7, 0xEA, 0x1E, 0x13, 0x71, 0x8E, 0x03, 0x13, 0x70, 0x8D, 0x55,
    0x22, 0xC0, 0x17, 0x7D, 0xA2, 0x6E, 0xD1, 0xDE, 0x52, 0xA7, 0xF8, 0xBE, 0x55, 0x97, 0xE8, 0x5B,
    0xE7, 0x10, 0x57, 0xCE, 0x1D, 0x26, 0xEA, 0x0C, 0xF3, 0x44, 0x5D, 0x61, 0xAB, 0x84, 0x37, 0x24,
    0xCE, 0x0D, 0x9E, 0x28, 0x11, 0x58, 0x87, 0x6C, 0x24, 0xD2, 0xC9, 0xDF, 0x64, 0xA3, 0xBF, 0xC9,
    0x80, 0xB1, 0xA8, 0x4D, 0x50, 0x3A, 0x0F, 0x1E, 0xA8, 0x7C, 0x57, 0x59, 0xA0, 0xF2, 0x0D, 0xDF,
    0xFE, 0x91, 0xCA, 0x37, 0x78, 0x60, 0x45, 0xBE, 0x50, 0x30, 0x91, 0x2F, 0x79, 0xE1, 0x50, 0xE4,
    0x6B, 0xBC, 0x3E, 0x10, 0x79, 0xFC, 0x95, 0xDF, 0x28, 0x95, 0x2E, 0x6A, 0xA5, 0xA2, 0x93, 0x52,
    0x29, 0x82, 0xA6, 0x94, 0xF9, 0xEE, 0x48, 0x99, 0xAB, 0x28, 0x87, 0xD9, 0x21, 0x06, 0xDE, 0xD7,
    0x3A, 0xF5, 0x8E, 0xC7, 0x07, 0x92, 0x66, 0xD8, 0x8D, 0x24, 0x44, 0xA7, 0x36, 0x03, 0x4E, 0x8A,
    0xCA, 0x30, 0xE1, 0x3C, 0xCA, 0x82, 0x0A, 0x18, 0x6F, 0x98, 0xA0, 0x66, 0x84, 0x26, 0x50, 0x87,
    0x1A, 0xF2, 0x47, 0x7C, 0x8E, 0x72, 0x18, 0x96, 0x1A, 0xC5, 0x63, 0xB9, 0xEB, 0x7F, 0x17, 0x7A,
    0xF7, 0x07, 0x27, 0xD7, 0x4A, 0x17, 0xDC, 0x99, 0xD0, 0xB1, 0xDE, 0xBF, 0x34, 0xCA, 0x74, 0x8A,
    0x8B, 0xA5, 0xF8, 0xF0, 0x6E, 0xF4, 0xE1, 0x9D, 0xF3, 0xE1, 0xEE, 0x35, 0xFA, 0xF1, 0xCE, 0x97,
    0x90, 0x98, 0x90, 0x99, 0x48, 0x44, 0x8C, 0x0D, 0x3C, 0x00, 0xFB, 0xF0, 0xFC, 0x78, 0x90, 0x78,
    0x18, 0x96, 0x69, 0x27, 0xE1, 0x30, 0xA8, 0x6F, 0xE4, 0x92, 0x81, 0x21, 0x24, 0x69, 0x2E, 0xD6,
    0x4F, 0x3E, 0x7C, 0xB4, 0xEE, 0xF8, 0xA3, 0x67, 0x1B, 0xA7, 0x03, 0xD6, 0x49, 0x72, 0xB5, 0x31,
    0xD7, 0x7C, 0x25, 0x53, 0x62, 0x97, 0x4D, 0xDA, 0x32, 0xFF, 0x72, 0x5C, 0x8E, 0x4C, 0x32, 0x8F,
    0x6F, 0xB8, 0xDC, 0xF4, 0xD7, 0x2E, 0x37, 0xFD, 0x44, 0x5F, 0x31, 0x6F, 0x94, 0xCF, 0x67, 0xCC,
    0xDF, 0xA2, 0x4C, 0x85, 0xBD, 0x45, 0xF9, 0xB5, 0x9E, 0xB9, 0x23, 0xA3, 0x59, 0x6B, 0x80, 0xD2,
    0x50, 0xCF, 0xAF, 0x28, 0xD1, 0x29, 0xE1, 0x37, 0xAA, 0x01, 0x1A, 0x03, 0x83, 0x66, 0x55, 0x6A,
    0x52, 0xE8, 0x16, 0x65, 0x55, 0x5F, 0xC9, 0x91, 0x5B, 0x67, 0xF8, 0xD0, 0x73, 0xAF, 0xCC, 0xD9,
    0xE9, 0x1C, 0x3B, 0x9D, 0x9A, 0xEA, 0xD2, 0x59, 0xC1, 0xD2, 0x65, 0x31, 0x4B, 0x97, 0xC3, 0x2C,
    0x5D, 0x06, 0xB3, 0x74, 0xF9, 0xCB, 0xD2, 0x65, 0x2F, 0x4B, 0x67, 0xAA, 0x4B, 0x51, 0xF5, 0xD6,
    0x11, 0x36, 0x5F, 0x3A, 0x53, 0x5D, 0x3A, 0x53, 0x5D, 0x3A, 0xA1, 0xAB, 0x0A, 0x75, 0x81, 0xF0,
    0xE3, 0xF7, 0x66, 0x70, 0xD9, 0xEB, 0x9D, 0x09, 0xEA, 0x8A, 0x77, 0x02, 0x72, 0x35, 0x71, 0x85,
    0xDC, 0x20, 0x6D, 0xA1, 0xBE, 0xB7, 0x2D, 0xEC, 0x64, 0x3F, 0xFE, 0x90, 0xAE, 0x7B, 0x3E, 0x56,
    0x3A, 0xCD, 0x8B, 0x1C, 0x1F, 0x4A, 0x46, 0x40, 0x51, 0xD3, 0x52, 0x4E, 0xBF, 0x3A, 0xFD, 0x78,
    0x30, 0x8B, 0xE1, 0xC5, 0x26, 0xC9, 0xA2, 0xDA, 0x6F, 0xA2, 0x7C, 0x31, 0xE0, 0xEA, 0x15, 0xBF,
    0x68, 0x8A, 0x8C, 0xB4, 0x9B, 0xA3, 0x53, 0xFA, 0x31, 0x02, 0x7C, 0xB4, 0x9D, 0x9A, 0xB8, 0xAF,
    0x1D, 0x47, 0x50, 0xBE, 0x4B, 0x10, 0xBE, 0x62, 0xBE, 0x13, 0x0D, 0x20, 0xD6, 0x5E, 0x1F, 0x0D,
    0xC1, 0x66, 0xD1, 0xAE, 0x17, 0x03, 0xFD, 0x5A, 0x6B, 0xFA, 0x55, 0x71, 0x12, 0xE5, 0xE1, 0x49,
    0xBD, 0x4E, 0x87, 0x88, 0x0C, 0xF0, 0xB5, 0xCD, 0x7A, 0xE7, 0x90, 0x08, 0xD2, 0x60, 0xD2, 0xD2,
    0x84, 0xDE, 0x53, 0x87, 0x84, 0xE8, 0xAD, 0x28, 0x0F, 0x06, 0x32, 0xAF, 0x5B, 0x5D, 0x44, 0x22,
    0xB4, 0x59, 0x40, 0x56, 0x9A, 0x9B, 0x9D, 0x43, 0x72, 0x23, 0x64, 0xB6, 0xE2, 0xB0, 0x6A, 0x25,
    0x16, 0x1B, 0x25, 0xCC, 0xEA, 0x87, 0x4A, 0x84, 0x27, 0xB9, 0xCB, 0x4F, 0x5C, 0x7A, 0xB2, 0x72,
    0x44, 0x32, 0x26, 0x2C, 0x4E, 0x89, 0x9F, 0x9B, 0xB6, 0x2E, 0xC0, 0xEC, 0x51, 0x9E, 0xD5, 0x81,
    0x08, 0x69, 0xE1, 0x3B, 0x80, 0x4F, 0xAA, 0x62, 0x69, 0x00, 0xFE, 0x0E, 0x32, 0x69, 0x80, 0xDF,
    0xDC, 0x0D, 0x08, 0x08, 0x81, 0xB7, 0xD6, 0xD0, 0x2B, 0x04, 0x3E, 0x2D, 0xCA, 0xDB, 0x86, 0xC1,
    0x87, 0xE5, 0x9E, 0x61, 0xF0, 0x0B, 0x22, 0x00, 0x9E, 0x54, 0x84, 0x08, 0x02, 0x6F, 0x8A, 0x4C,
    0x33, 0xAD, 0x8D, 0x4B, 0xB4, 0x1A, 0x97, 0x67, 0x65, 0x8E, 0x30, 0x4F, 0x45, 0x3C, 0x27, 0x2B,
    0x3E, 0x2E, 0x3A, 0x08, 0x40, 0x4D, 0x61, 0xED, 0x80, 0x7A, 0x13, 0x36, 0x0F, 0xA8, 0xFB, 0x20,
    0x00, 0x35, 0xF5, 0xF2, 0xB5, 0x40, 0xB5, 0xF5, 0x9A, 0xA1, 0x2E, 0x6C, 0xB5, 0x66, 0xA8, 0x94,
    0x8A, 0xAE, 0x19, 0x2A, 0xC1, 0x5F, 0x33, 0x54, 0x92, 0x92, 0x26, 0xD5, 0xDD, 0x98, 0x5D, 0x97,
    0x6B, 0xA7, 0xA5, 0x6B, 0xA7, 0xA5, 0x6E, 0xD7, 0x17, 0xF7, 0xCE, 0x7E, 0x1C, 0x41, 0x30, 0x58,
    0x98, 0x39, 0xFD, 0x02, 0x10, 0x8B, 0x6A, 0x35, 0x18, 0x20, 0x0C, 0xBA, 0x4D, 0xC2, 0x08, 0x69,
    0xEF, 0x12, 0x33, 0x42, 0x93, 0x9C, 0x5A, 0x46, 0x48, 0x80, 0x7A, 0x46, 0xD8, 0x05, 0xA7, 0x07,
    0x8C, 0x70, 0x1D, 0xD4, 0x61, 0x05, 0x84, 0x7B, 0x41, 0x4D, 0x59, 0x31, 0x21, 0x4C, 0x83, 0x9A,
    0x92, 0x0F, 0x42, 0x18, 0xBF, 0x78, 0xD6, 0xB7, 0xE2, 0x4F, 0x6C, 0x2D, 0xE9, 0x4B, 0xBD, 0x2B,
    0x3B, 0x54, 0x4A, 0x5F, 0xD5, 0x2F, 0x14, 0x07, 0xB7, 0xC4, 0xA0, 0x63, 0x97, 0xA8, 0x7A, 0xB6,
    0x1B, 0x45, 0xE7, 0xEE, 0x80, 0x15, 0x73, 0x0E, 0x69, 0xFA, 0xB8, 0x34, 0x0C, 0x0A, 0x39, 0x38,
    0x30, 0xC5, 0xF6, 0x88, 0x21, 0xC5, 0xB4, 0x39, 0x01, 0xA2, 0xD8, 0xBB, 0xD7, 0x00, 0x50, 0x8C,
    0xB5, 0x23, 0x3C, 0x7C, 0x07, 0x1C, 0xFD, 0xC8, 0x58, 0x5D, 0x48, 0xAC, 0xC1, 0x23, 0x52, 0x85,
    0x8B, 0xEE, 0x8B, 0xD9, 0x86, 0xB6, 0x1B, 0x35, 0xD3, 0x7D, 0xFE, 0x66, 0x24, 0x58, 0xDB, 0x32,
    0x07, 0xA5, 0x32, 0x8A, 0x65, 0x38, 0x3A, 0x10, 0x30, 0xA9, 0x0A, 0x28, 0xDE, 0x29, 0x6E, 0xB1,
    0x80, 0x62, 0x13, 0x8B, 0xA9, 0xC4, 0x26, 0xA5, 0x0F, 0x24, 0x40, 0xD1, 0xC3, 0x1E, 0x91, 0xF6,
    0x90, 0x3E, 0xA9, 0x8E, 0xC4, 0x17, 0xFE, 0xF3, 0xA4, 0xF4, 0x12, 0xE6, 0xFD, 0xDF, 0x14, 0xBD,
    0xF3, 0xFD, 0x12, 0xB2, 0xBC, 0x7B, 0xF6, 0x23, 0x7D, 0xCB, 0xB3, 0xA3, 0xCD, 0x8C, 0x7B, 0x67,
    0x6F, 0x4C, 0x09, 0x9F, 0x71, 0x50, 0x67, 0x8A, 0xA7, 0xAA, 0x47, 0xEF, 0x1F, 0x14, 0x39, 0xA5,
    0x73, 0x4E, 0x8E, 0x3F, 0x09, 0xDA, 0x70, 0x78, 0x93, 0xD1, 0x77, 0x94, 0x15, 0x2B, 0xFE, 0x75,
    0x58, 0x7E, 0x6E, 0xE7, 0x98, 0x39, 0xD8, 0xA7, 0xEF, 0xF3, 0xDB, 0xAC, 0x86, 0xCB, 0xE0, 0x8C,
    0x95, 0x8C, 0xB8, 0x48, 0x7C, 0xFB, 0xB8, 0xEA, 0x58, 0x15, 0xA3, 0xFC, 0xF9, 0xA0, 0xD2, 0xEA,
    0x44, 0x65, 0x1C, 0x19, 0x20, 0x66, 0x28, 0x2C, 0x32, 0x45, 0x47, 0xA6, 0xA7, 0xAE, 0x92, 0x41,
    0xFC, 0xF7, 0x63, 0x55, 0xE2, 0xD5, 0x5C, 0x63, 0xC8, 0xB6, 0x15, 0xCD, 0xBF, 0xBE, 0x62, 0x2E,
    0x56, 0x30, 0xF6, 0xDC, 0x12, 0xA9, 0x47, 0x10, 0x4A, 0x98, 0x5D, 0x54, 0x4B, 0xE5, 0x95, 0x5D,
    0x3C, 0xF4, 0x38, 0xB6, 0x44, 0x81, 0x53, 0xCF, 0xBE, 0x87, 0xD7, 0x88, 0xD1, 0xA8, 0x0F, 0xF0,
    0x3E, 0xE2, 0xB3, 0x28, 0x41, 0x81, 0xCD, 0x63, 0x52, 0x91, 0x25, 0x73, 0xB9, 0xAA, 0x83, 0x7E,
    0x29, 0xF6, 0x46, 0x1B, 0x78, 0x75, 0xF9, 0xC5, 0x3B, 0x27, 0xEA, 0xE1, 0xA3, 0xC7, 0xEF, 0x29,
    0xE5, 0xDB, 0xCA, 0x85, 0xB3, 0xA2, 0x3A, 0x1E, 0xB3, 0x8D, 0xAF, 0x3A, 0xAF, 0x5B, 0x8D, 0x11,
    0xAD, 0x92, 0x58, 0x80, 0x1F, 0xC9, 0x57, 0x95, 0x90, 0x89, 0x7D, 0x64, 0x5B, 0x41, 0x5D, 0xBC,
    0x78, 0xF6, 0x41, 0xCF, 0xB0, 0x69, 0x4D, 0x6D, 0xB6, 0xCF, 0xB8, 0x49, 0x96, 0x1B, 0xB3, 0x06,
    0x70, 0x84, 0xD6, 0xDE, 0xEB, 0xD8, 0x1B, 0x93, 0x16, 0x75, 0x51, 0x03, 0xE8, 0xFF, 0x85, 0xC9,
    0x16, 0xD8, 0xD7, 0x8B, 0x53, 0x03, 0xB1, 0x12, 0xF8, 0x35, 0x65, 0x68, 0x03, 0x09, 0x8B, 0xD0,
    0xF7, 0xE6, 0x15, 0x63, 0xF3, 0x7D, 0x57, 0x07, 0x3A, 0x3B, 0x65, 0xED, 0xC2, 0xF7, 0x9F, 0xF2,
    0x7E, 0x97, 0xD2, 0x84, 0xCF, 0x1F, 0x74, 0xB2, 0x0B, 0x27, 0x63, 0x1F, 0x74, 0x85, 0x28, 0xFA,
    0xDC, 0x73, 0x9A, 0xF5, 0xEA, 0x81, 0x3F, 0xDB, 0x77, 0x10, 0xF9, 0x0D, 0xDC, 0x97, 0x63, 0xDE,
    0xC1, 0x56, 0x11, 0x9D, 0x1E, 0xB1, 0xCE, 0x92, 0x85, 0xBD, 0xFA, 0xE3, 0x56, 0xDE, 0xB8, 0x72,
    0xAA, 0xD8, 0xF8, 0xE0, 0x90, 0x5C, 0x2B, 0x41, 0x87, 0x63, 0x8B, 0xDE, 0xE8, 0xE0, 0xEF, 0x56,
    0x1D, 0x89, 0x9F, 0xC2, 0x96, 0xA8, 0x3A, 0xC4, 0x61, 0x10, 0x61, 0x4C, 0x9C, 0x7F, 0x01, 0xBF,
    0x3F, 0x05, 0xE4, 0x04, 0x97, 0x18, 0x88, 0xE9, 0xDB, 0xF4, 0x21, 0xD2, 0x44, 0xC4, 0x45, 0xEF,
    0x08, 0x1F, 0xF1, 0x67, 0xB3, 0x44, 0xE7, 0xAD, 0xD9, 0x06, 0x69, 0x7E, 0xDD, 0x9F, 0xBD, 0x27,
    0xCE, 0xB7, 0xC3, 0xB1, 0xDF, 0x21, 0x3F, 0x0C, 0xEC, 0x0B, 0x14, 0x09, 0xC2, 0xF7, 0x1B, 0xCA,
    0x7D, 0xA2, 0xEF, 0x6F, 0x1E, 0xA1, 0x1C, 0x97, 0x34, 0xC0, 0xB6, 0x68, 0x68, 0x05, 0xEC, 0x3D,
    0x51, 0x89, 0x12, 0xEA, 0x60, 0xF3, 0x94, 0xCB, 0x5B, 0x74, 0x4D, 0x38, 0xD9, 0x48, 0xF8, 0x93,
    0xA3, 0x8A, 0x82, 0x3F, 0x34, 0x08, 0x22, 0x2D, 0xD8, 0x4A, 0x77, 0xEE, 0x9A, 0xD1, 0x8B, 0xD8,
    0x19, 0xC5, 0x8B, 0xCD, 0x8E, 0x88, 0xD7, 0x9A, 0x29, 0xB1, 0x46, 0x2E, 0xBC, 0xB0, 0x31, 0xD6,
    0x61, 0x26, 0xB6, 0x18, 0xD4, 0xB4, 0x59, 0x62, 0x53, 0x0C, 0x6A, 0xE4, 0xF8, 0xB0, 0x44, 0xFF,
    0xEC, 0xB4, 0x11, 0x43, 0x34, 0xF6, 0x83, 0xC6, 0xD9, 0xA1, 0x6E, 0x49, 0xE1, 0xD9, 0x1A, 0x67,
    0x85, 0xEA, 0x69, 0xDD, 0xA7, 0x20, 0xD4, 0x1E, 0xDC, 0xD2, 0x84, 0x32, 0xB2, 0x6E, 0x5B, 0xE1,
    0x71, 0x9E, 0x71, 0x9D, 0xDF, 0x75, 0xBE, 0x4E, 0xF1, 0xC5, 0xE4, 0xB5, 0xD8, 0xD3, 0x19, 0x5B,
    0x8A, 0xA3, 0x73, 0x7E, 0xD7, 0xFF, 0x8C, 0x7E, 0xD7, 0x5E, 0xEA, 0x77, 0xDF, 0x19, 0xF8, 0xF6,
    0x3E, 0x65, 0x9C, 0x94, 0x4D, 0x0F, 0x61, 0xB9, 0xB0, 0x79, 0xD8, 0x92, 0xF9, 0x24, 0x6D, 0x58,
    0x93, 0x15, 0x78, 0x36, 0x2C, 0xC9, 0x87, 0xF9, 0xF6, 0x97, 0x25, 0x2C, 0xE8, 0x13, 0x5B, 0x16,
    0xA5, 0x6F, 0xB3, 0xA2, 0xC2, 0x5E, 0xC1, 0xC4, 0xB4, 0x8B, 0x0F, 0x3E, 0x35, 0x21, 0x59, 0x77,
    0x60, 0xEB, 0xD0, 0xDE, 0x2B, 0xCD, 0xB3, 0x9B, 0xF0, 0x01, 0x52, 0xAA, 0xD5, 0x0F, 0xEE, 0xBF,
    0x89, 0xCF, 0x3B, 0x13, 0x19, 0x68, 0x6E, 0x9D, 0xEA, 0xF6, 0xA6, 0x9C, 0xAD, 0xD7, 0x48, 0x88,
    0x69, 0x8E, 0xBE, 0x73, 0xE7, 0x80, 0x25, 0xD1, 0x9A, 0x42, 0x72, 0x8C, 0xCE, 0x1B, 0x28, 0x32,
    0x63, 0xA5, 0x28, 0x2B, 0x63, 0x61, 0xDC, 0xF6, 0xF1, 0xF9, 0x24, 0x8D, 0xD4, 0x6F, 0x44, 0x1C,
    0x89, 0x51, 0x79, 0x50, 0x2E, 0x24, 0xF5, 0xC5, 0x45, 0xA5, 0x92, 0xA1, 0x35, 0xD2, 0x95, 0x19,
    0x8C, 0x06, 0x84, 0x14, 0x3B, 0x20, 0x91, 0xCA, 0x66, 0xF2, 0x90, 0xE7, 0x1D, 0xE1, 0xBE, 0x91,
    0x2C, 0x28, 0x5B, 0xB1, 0x26, 0x53, 0x00, 0x5C, 0xB1, 0xA3, 0x3F, 0x5E, 0x34, 0xFB, 0x0C, 0xB5,
    0x33, 0xB4, 0xEB, 0x00, 0xD4, 0xCE, 0xF4, 0xFB, 0x0C, 0x75, 0xCD, 0xAF, 0x10, 0xD4, 0x9B, 0x5E,
    0xBB, 0x2F, 0xE9, 0x10, 0xDE, 0x0C, 0xA8, 0x3B, 0x45, 0xB9, 0xCF, 0x1A, 0x15, 0x0D, 0x30, 0x17,
    0x40, 0x6D, 0xD4, 0x6E, 0xE8, 0x23, 0xD4, 0x3B, 0x27, 0xB5, 0x12, 0x7E, 0xEF, 0xFC, 0x75, 0xEA,
    0x88, 0xE8, 0xB2, 0x1C, 0xC3, 0xB8, 0x1D, 0xA2, 0x13, 0x66, 0x39, 0x12, 0x9A, 0x0E, 0x89, 0x54,
    0x13, 0xA3, 0xFA, 0x95, 0x18, 0xBF, 0x66, 0xA8, 0x09, 0xC2, 0x1B, 0xA0, 0x52, 0xA8, 0xE9, 0x18,
    0x6A, 0x12, 0xFD, 0xAE, 0x61, 0xA8, 0x49, 0xFA, 0xBA, 0x2A, 0x7F, 0x0F, 0xC9, 0xC1, 0x3D, 0x6B,
    0x95, 0xC9, 0x24, 0xA5, 0x12, 0x37, 0x4C, 0x50, 0xCD, 0x7C, 0xEE, 0xF6, 0xE6, 0x61, 0x24, 0xFC,
    0xE6, 0x62, 0x95, 0x54, 0xF2, 0x22, 0xF2, 0xF7, 0x0C, 0x75, 0x01, 0x02, 0x50, 0xA3, 0x0A, 0x21,
    0x8D, 0xA0, 0x52, 0x32, 0x5C, 0x33, 0xD4, 0xF0, 0xBE, 0x15, 0xA8, 0xEC, 0xF1, 0x00, 0xD5, 0xB7,
    0xAF, 0xD7, 0x02, 0x95, 0xCC, 0x97, 0xA1, 0xDA, 0x1C, 0x9F, 0x45, 0x50, 0x8F, 0x8D, 0x42, 0x4D,
    0x5B, 0xFD, 0xF4, 0xD0, 0x3A, 0x18, 0xC9, 0x7B, 0x4A, 0x04, 0xBF, 0x73, 0xC0, 0xDC, 0xD6, 0x15,
    0x0E, 0x46, 0xC3, 0xE5, 0x0C, 0xFC, 0xE5, 0xC2, 0x64, 0x76, 0x44, 0x45, 0x89, 0xE0, 0xC8, 0x01,
    0x82, 0x03, 0xDE, 0x5D, 0xBC, 0x82, 0x78, 0x67, 0x5F, 0x6B, 0x18, 0x61, 0x7A, 0xF2, 0x48, 0x84,
    0xF9, 0x96, 0x19, 0x44, 0x98, 0x6B, 0x93, 0x8A, 0x23, 0x59, 0xEB, 0x2E, 0x82, 0xF6, 0x2F, 0xBA,
    0x91, 0x48, 0xDD, 0x3E, 0x2E, 0x72, 0x84, 0x9F, 0x8D, 0xA2, 0xBB, 0x86, 0xF0, 0xF2, 0x69, 0x09,
    0x08, 0x2A, 0xAD, 0xA8, 0x48, 0xF5, 0x5D, 0x6B, 0x5F, 0xB2, 0xB4, 0x91, 0x5E, 0x9C, 0x75, 0x31,
    0xF1, 0x1E, 0xA0, 0x9C, 0xEE, 0x7F, 0x52, 0x23, 0x2E, 0x14, 0x87, 0x1E, 0xA4, 0xFA, 0x83, 0xAE,
    0xA0, 0x30, 0x08, 0xA9, 0x16, 0xF6, 0x38, 0x7E, 0x40, 0x52, 0xAD, 0xE2, 0x26, 0x5E, 0xB1, 0x54,
    0xEF, 0xD5, 0x71, 0xAF, 0x52, 0x4D, 0x6A, 0x27, 0xD5, 0x5C, 0x85, 0x79, 0xC7, 0x2D, 0xEE, 0x9F,
    0x5F, 0xB2, 0xDC, 0x4F, 0x43, 0x78, 0x07, 0x4E, 0xBC, 0xBD, 0xBB, 0x3B, 0xFB, 0x87, 0x6C, 0xFD,
    0xFF, 0x26, 0x7A, 0x1A, 0x50, 0xB4, 0x92, 0xB5, 0xE7, 0x8C, 0x89, 0xD6, 0x7B, 0xC5, 0x72, 0x0D,
    0x28, 0xA9, 0x23, 0xB1, 0x6E, 0x02, 0x38, 0xA9, 0xC2, 0xDE, 0x7A, 0xBD, 0x46, 0x7D, 0xF4, 0x30,
    0x79, 0xA7, 0x46, 0x41, 0xD1, 0xB7, 0x2F, 0x7D, 0x70, 0x0F, 0xF5, 0x98, 0x36, 0xF8, 0x00, 0x26,
    0x4E, 0x4A, 0x55, 0xB3, 0x37, 0x1A, 0xE4, 0xF3, 0xBD, 0xE2, 0xC3, 0x5A, 0x3D, 0x4D, 0xBD, 0xBD,
    0x3B, 0x8E, 0x5C, 0x2D, 0xE3, 0x40, 0x3D, 0x14, 0x5F, 0xE0, 0x1B, 0xD9, 0x33, 0x96, 0xF0, 0x8B,
    0xE2, 0x15, 0xD9, 0x27, 0xB2, 0x47, 0x84, 0x3F, 0x2C, 0xE1, 0x0D, 0x4B, 0xF8, 0xC2, 0x12, 0x9E,
    0x90, 0xFD, 0x20, 0x9C, 0xDC, 0x0F, 0x4A, 0xE7, 0x03, 0xE1, 0x01, 0x3D, 0x5C, 0x12, 0x8B, 0x9F,
    0xA5, 0xFF, 0x88, 0xF0, 0xAB, 0x42, 0x5C, 0x02, 0x7C, 0xCB, 0xFF, 0x21, 0x6F, 0x11, 0x3F, 0x79,
    0x23, 0x1B, 0x5D, 0xE3, 0x8C, 0x1A, 0xBD, 0xA4, 0xEA, 0xA0, 0xB3, 0xE8, 0x9F, 0x2C, 0x72, 0x8A,
    0x64, 0xEC, 0x28, 0xD9, 0x65, 0xB3, 0xA7, 0x8C, 0xCA, 0x95, 0x58, 0xCA, 0xED, 0xF0, 0x6C, 0x10,
    0x45, 0x4C, 0x09, 0x9F, 0x68, 0x62, 0x6C, 0x5E, 0xC5, 0x46, 0x01, 0x2E, 0xA8, 0x74, 0x87, 0x5A,
    0x8B, 0xDA, 0x51, 0x7E, 0x3B, 0x2A, 0xD8, 0x30, 0x5A, 0x05, 0x79, 0xCC, 0xD2, 0x7D, 0xB8, 0xCB,
    0xC4, 0xCC, 0xF3, 0x4E, 0x56, 0xCE, 0x50, 0xD8, 0x4C, 0x48, 0xD2, 0x00, 0x18, 0x88, 0x11, 0x07,
    0x6A, 0xC2, 0xB5, 0xAE, 0x22, 0x40, 0x35, 0x62, 0xBC, 0xAD, 0x28, 0x99, 0xFA, 0x98, 0x9B, 0xB2,
    0x42, 0xC7, 0x1A, 0xB5, 0x79, 0x9D, 0xA2, 0x93, 0x33, 0xBE, 0x65, 0x6C, 0xAE, 0x51, 0x15, 0xF3,
    0xFF, 0xD5, 0x0B, 0xAE, 0x20, 0x97, 0xA3, 0xA1, 0xAA, 0x22, 0xF5, 0xB2, 0x5A, 0x15, 0xAF, 0x17,
    0xC5, 0x01, 0xAC, 0x18, 0xE2, 0x82, 0xE5, 0x1B, 0x56, 0x2D, 0x95, 0x48, 0x46, 0x3E, 0x10, 0x2B,
    0x97, 0x18, 0x5E, 0x3B, 0x8A, 0x9C, 0x58, 0xBD, 0x28, 0xE3, 0xF5, 0xA3, 0x9F, 0xC3, 0x0A, 0x62,
    0x4B, 0x4D, 0x6B, 0x88, 0x1B, 0xAD, 0x22, 0x6F, 0xB0, 0x6D, 0x19, 0x67, 0xBC, 0x42, 0x05, 0xEB,
    0xCB, 0xCF, 0xFB, 0xB9, 0xDB, 0xF8, 0xBC, 0x4A, 0xA2, 0x96, 0x2B, 0xED, 0x74, 0x91, 0x19, 0x15,
    0x28, 0x4A, 0xD3, 0x87, 0x71, 0x96, 0x94, 0xF0, 0x2E, 0x2D, 0xA1, 0xA8, 0x41, 0xCB, 0xBE, 0xE2,
    0x73, 0x3E, 0x9C, 0xC9, 0x59, 0x3E, 0x90, 0x5B, 0x1D, 0xE0, 0x3D, 0x29, 0x4E, 0xFB, 0x48, 0x49,
    0x29, 0xC7, 0x0F, 0xF3, 0x05, 0xBD, 0x93, 0xD6, 0xA7, 0xE0, 0x92, 0x75, 0x84, 0xAB, 0xFF, 0xA3,
    0x0E, 0x72, 0x43, 0xFA, 0x68, 0xB9, 0x64, 0xBD, 0x7B, 0xB0, 0x55, 0xB2, 0xBE, 0x3B, 0xC5, 0xD6,
    0x7C, 0xA2, 0x54, 0x6F, 0x74, 0x59, 0x84, 0xC2, 0xCA, 0x90, 0xCF, 0xFA, 0x91, 0x2C, 0x4E, 0x64,
    0x7F, 0x78, 0x26, 0x0E, 0x36, 0x3D, 0xB1, 0x85, 0xE8, 0xCD, 0x5B, 0x7E, 0x1F, 0x89, 0x8B, 0x5D,
    0x1B, 0xE7, 0x0D, 0xD6, 0x66, 0xAD, 0xEE, 0xE0, 0x8E, 0x79, 0x46, 0x0D, 0x3A, 0xCD, 0x9D, 0x69,
    0x47, 0x63, 0x9C, 0xA5, 0x08, 0x33, 0xD5, 0x91, 0x9E, 0x96, 0xFA, 0xA2, 0x23, 0x62, 0xE6, 0x62,
    0xF0, 0x87, 0x58, 0xD6, 0xF5, 0x81, 0x3D, 0x81, 0x87, 0xF8, 0xDD, 0xC2, 0xFE, 0x07, 0x2B, 0x2C,
    0x6C, 0x4C, 0x21, 0xEE, 0xB7, 0xA7, 0x14, 0x91, 0xD3, 0xF6, 0x0D, 0xE7, 0x3D, 0x08, 0x10, 0x44,
    0x00, 0xFE, 0xAD, 0xF7, 0xBB, 0x98, 0xD1, 0x17, 0x2F, 0x21, 0xB5, 0x22, 0xF0, 0x7F, 0x6F, 0xBE,
    0x1B, 0x4B, 0x15, 0x02, 0x1F, 0x31, 0x7E, 0xD6, 0x1F, 0x44, 0xDC, 0xB8, 0xA2, 0x0A, 0xB1, 0x42,
    0xF5, 0x80, 0xAB, 0x3D, 0x9D, 0x56, 0x21, 0x7C, 0x48, 0x8F, 0xA1, 0xC6, 0x8D, 0x54, 0x21, 0x4C,
    0xB2, 0x91, 0x2A, 0x84, 0x6F, 0x57, 0xBD, 0x84, 0xDD, 0x36, 0xEC, 0x19, 0x6A, 0x91, 0x79, 0xBD,
    0x78, 0xDD, 0x03, 0xDD, 0xC1, 0xA5, 0x83, 0x12, 0xA4, 0x1B, 0x6B, 0x57, 0x63, 0x75, 0x9B, 0xBB,
    0x62, 0x7D, 0x5D, 0x86, 0x70, 0xF9, 0x26, 0x1B, 0xC7, 0xA3, 0x8C, 0x90, 0x54, 0x34, 0x12, 0x75,
    0xA0, 0x64, 0x4B, 0x10, 0x26, 0x37, 0x5E, 0x16, 0x84, 0x51, 0x6A, 0xB5, 0xA4, 0x83, 0x94, 0x1A,
    0x25, 0x9D, 0x10, 0xB5, 0x74, 0x94, 0x74, 0x16, 0x4D, 0xC4, 0x08, 0xFF, 0x81, 0x4C, 0x45, 0x3E,
    0x28, 0xCE, 0x85, 0x48, 0x0B, 0x13, 0x39, 0x34, 0x42, 0x78, 0x87, 0x4A, 0x70, 0x5A, 0x7A, 0x91,
    0xB8, 0x2C, 0x1C, 0xC0, 0xAC, 0x38, 0x1C, 0x9C, 0x66, 0x92, 0x0B, 0x50, 0xFE, 0xCC, 0x59, 0xCB,
    0x43, 0x29, 0x37, 0x61, 0xE3, 0x02, 0x68, 0x7B, 0xE4, 0x1C, 0x80, 0xEC, 0x39, 0x23, 0x85, 0x32,
    0x9C, 0x35, 0xCB, 0x22, 0x4B, 0xB5, 0xF6, 0x19, 0x4F, 0xBC, 0x55, 0xA1, 0xE9, 0x6F, 0xA1, 0x9B,
    0x7B, 0xDF, 0x6D, 0xF2, 0xC7, 0x63, 0xF1, 0x42, 0xCB, 0x61, 0x71, 0x7D, 0xEE, 0x98, 0xFC, 0x3B,
    0x7F, 0x3A, 0x1B, 0x8C, 0xAB, 0xBF, 0xC6, 0xF6, 0x04, 0x33, 0x95, 0xB8, 0xFB, 0xAD, 0x77, 0xFC,
    0x7B, 0xD9, 0x9C, 0x5C, 0xFA, 0xE5, 0x2A, 0x9C, 0x49, 0xB9, 0xFD, 0xFD, 0x0C, 0x77, 0x3D, 0x12,
    0x6A, 0x81, 0x9D, 0x58, 0x20, 0x5C, 0x30, 0x5B, 0x20, 0x7C, 0xAB, 0xE8, 0x77, 0xD9, 0xA9, 0x05,
    0x96, 0x9D, 0x5A, 0x60, 0xD6, 0xA9, 0x05, 0xB2, 0xD7, 0x86, 0x05, 0x1A, 0x29, 0xBE, 0xA4, 0x95,
    0xFA, 0x56, 0x71, 0xCD, 0x46, 0xBD, 0xB3, 0x5A, 0xE0, 0x78, 0xCC, 0xA1, 0x35, 0x99, 0x3A, 0xD2,
    0x3A, 0x4D, 0x13, 0xB8, 0x57, 0xBC, 0xEE, 0xBC, 0x88, 0x5D, 0xAC, 0x44, 0xA1, 0x85, 0xF7, 0xD3,
    0xB7, 0x65, 0xE3, 0xBC, 0x82, 0xCA, 0x2E, 0xE8, 0xA3, 0x63, 0x28, 0xC0, 0x19, 0x4E, 0xBF, 0x82,
    0xB3, 0x5F, 0x0D, 0x1B, 0x0E, 0x3D, 0x2B, 0xAC, 0xEE, 0xAE, 0xC7, 0x1A, 0x4E, 0xF9, 0x82, 0xE5,
    0x36, 0x8B, 0xFF, 0x7E, 0x9F, 0x96, 0x30, 0x6E, 0x17, 0xD8, 0x34, 0x47, 0x94, 0x0F, 0x25, 0x90,
    0xE4, 0xA2, 0x44, 0x59, 0x7C, 0xF5, 0xEB, 0x9F, 0x6D, 0x58, 0xCD, 0x7F, 0xC6, 0x6A, 0xA1, 0x87,
    0x02, 0xB1, 0xDC, 0x76, 0xF2, 0x51, 0x6C, 0xAE, 0xAC, 0xD3, 0x09, 0x9A, 0xA5, 0xC2, 0xD9, 0x53,
    0x3C, 0x7B, 0x0A, 0x68, 0x8F, 0x10, 0x7D, 0x52, 0xE1, 0xFB, 0xE0, 0xEC, 0xC3, 0x61, 0xC0, 0xFF,
    0xD3, 0x86, 0xD0, 0xA2, 0xAE, 0xBB, 0x1B, 0x9C, 0xFE, 0x63, 0xBD, 0xC7, 0xBC, 0xA6, 0x0D, 0xEE,
    0xFE, 0x69, 0xDF, 0x71, 0x85, 0xC9, 0xB6, 0x72, 0xDF, 0xCD, 0x3A, 0x77, 0xC0, 0xBE, 0xA7, 0x12,
    0x94, 0xFB, 0xA0, 0x95, 0x28, 0x2B, 0xDF, 0x9B, 0x5B, 0xBD, 0x56, 0xA6, 0x56, 0xB7, 0xD5, 0x38,
    0x37, 0xE7, 0x94, 0x76, 0x2C, 0x55, 0x93, 0xEB, 0x3D, 0xE7, 0x40, 0x48, 0x44, 0x52, 0x73, 0xB7,
    0x6F, 0xDB, 0x81, 0xF6, 0x58, 0xE0, 0x87, 0xDC, 0xD5, 0x83, 0x9C, 0x39, 0x8A, 0xF3, 0x80, 0x37,
    0xA7, 0x26, 0x49, 0x5F, 0x31, 0x36, 0x63, 0xAE, 0x52, 0x5B, 0xA6, 0x19, 0xF3, 0x15, 0x9D, 0x34,
    0x71, 0x26, 0x9C, 0xD1, 0x16, 0x33, 0x03, 0x6F, 0x3D, 0xA9, 0x30, 0x51, 0xBB, 0xE6, 0xC6, 0x01,
    0xE1, 0x8E, 0x32, 0x57, 0x72, 0x72, 0x14, 0xED, 0xE3, 0x32, 0xB7, 0x4D, 0x74, 0xD4, 0x33, 0x23,
    0x65, 0x9E, 0x9A, 0x9A, 0x42, 0xC8, 0xE8, 0x00, 0x89, 0x62, 0xF4, 0x14, 0xFC, 0x53, 0x59, 0x8F,
    0x48, 0xDC, 0x19, 0xA1, 0x8F, 0x41, 0x31, 0xFA, 0xA8, 0xFC, 0x4E, 0x22, 0xAB, 0x12, 0xD9, 0x2E,
    0x91, 0x75, 0x21, 0x27, 0x90, 0x18, 0x41, 0xBF, 0xC2, 0xF1, 0x27, 0xD0, 0xFB, 0x1B, 0x77, 0x70,
    0x15, 0xD6, 0x8E, 0x0A, 0x86, 0x91, 0xB2, 0x8D, 0x3B, 0xD6, 0x7A, 0x76, 0x33, 0x1E, 0x70, 0xAD,
    0xEE, 0x8D, 0x47, 0xB7, 0xE3, 0xB9, 0xE8, 0x74, 0x42, 0x4A, 0xA8, 0x44, 0xE2, 0xDF, 0x09, 0xA4,
    0x88, 0x60, 0xEF, 0xB7, 0x31, 0x2C, 0x17, 0x1A, 0x34, 0xA4, 0x7F, 0x5B, 0x8A, 0x0E, 0xA5, 0x3D,
    0xCE, 0x7D, 0xA1, 0x45, 0xE1, 0x50, 0x94, 0x8C, 0x79, 0xCF, 0x23, 0x7F, 0xC5, 0x98, 0x97, 0x66,
    0xB8, 0x2B, 0x98, 0x13, 0xD3, 0x51, 0xC6, 0x09, 0xCC, 0x51, 0xD6, 0x2D, 0x7A, 0xC6, 0x1C, 0x95,
    0x9D, 0x56, 0xD4, 0x17, 0xD5, 0xB1, 0x75, 0xCA, 0x93, 0x76, 0x5A, 0x21, 0xEC, 0x76, 0xB4, 0x63,
    0x03, 0x27, 0x40, 0xEA, 0xD9, 0x92, 0x8F, 0x9E, 0x9D, 0xAA, 0x6A, 0x2E, 0xA9, 0x58, 0x0D, 0x93,
    0x74, 0xCB, 0x89, 0x62, 0xA4, 0x7A, 0x28, 0x4D, 0x48, 0x17, 0xE2, 0x60, 0x09, 0xE9, 0x02, 0x1F,
    0xCA, 0x48, 0x17, 0xF6, 0x37, 0xB9, 0x20, 0x5D, 0x3C, 0x20, 0xCF, 0xCA, 0x48, 0x17, 0xE5, 0xF7,
    0x7A, 0x91, 0xAE, 0x1C, 0xC9, 0x01, 0xE9, 0x78, 0x38, 0x37, 0x9D, 0xCE, 0x4D, 0xC7, 0x73, 0xD3,
    0xF9, 0xDC, 0x74, 0x40, 0x87, 0x13, 0xBA, 0xDC, 0x9C, 0x3B, 0xA2, 0xE3, 0x5D, 0xC8, 0x54, 0x4E,
    0xCE, 0x66, 0xA4, 0xE8, 0xB1, 0xEE, 0xB0, 0x01, 0x56, 0xDD, 0x3C, 0xD0, 0xDA, 0xA3, 0xBB, 0x0E,
    0xEE, 0x03, 0x04, 0x02, 0xC1, 0x7B, 0xFF, 0x1E, 0x6D, 0x4F, 0x14, 0xF0, 0xE2, 0x9D, 0xDA, 0x21,
    0xE6, 0x5E, 0x03, 0x40, 0x0E, 0x4E, 0xAD, 0x43, 0x45, 0x3B, 0xFF, 0xF1, 0x28, 0xEB, 0xF9, 0x2C,
    0x9C, 0xCE, 0xFE, 0x52, 0x77, 0x22, 0xFA, 0x3F, 0xEF, 0x4D, 0x27, 0xE4, 0x53, 0x84, 0xF9, 0x9E,
    0xFD, 0x74, 0x3A, 0xFA, 0xB2, 0xD3, 0x8F, 0x85, 0xC3, 0xE4, 0xEC, 0x66, 0x87, 0x73, 0x9F, 0x9B,
    0xF1, 0x36, 0xD3, 0x72, 0xA7, 0xE7, 0xF0, 0x5A, 0xF9, 0xE8, 0x08, 0xD3, 0x37, 0x1A, 0xE5, 0xEF,
    0xEB, 0x66, 0xE3, 0xDB, 0x23, 0x61, 0x70, 0x89, 0x3E, 0x10, 0xD5, 0x9D, 0xC4, 0x6F, 0x3C, 0xEF,
    0x5E, 0xCE, 0x2C, 0xC6, 0x64, 0xAF, 0x75, 0x2C, 0x16, 0x1B, 0xE5, 0x03, 0x6B, 0x33, 0x98, 0xA4,
    0x7D, 0x6D, 0xEF, 0x0E, 0x13, 0x71, 0x26, 0xEC, 0x68, 0x52, 0x35, 0xE3, 0x68, 0x14, 0x81, 0x9B,
    0xE5, 0x78, 0xA4, 0x1B, 0x8C, 0x74, 0x44, 0xFA, 0xEA, 0x68, 0x1F, 0xDB, 0x6A, 0xC7, 0xC8, 0xEE,
    0xE1, 0x94, 0xFB, 0x6D, 0x59, 0xF1, 0xD6, 0xD7, 0x17, 0x67, 0xEF, 0x98, 0xBF, 0xD9, 0x31, 0xEE,
    0xFC, 0x94, 0x90, 0x2A, 0x02, 0xAF, 0x8D, 0x72, 0x95, 0x40, 0xC2, 0x24, 0x0C, 0x67, 0x41, 0x6F,
    0xC8, 0xC5, 0x03, 0xAF, 0xDA, 0x16, 0xA7, 0x84, 0xC4, 0x7E, 0x60, 0x0D, 0x91, 0x62, 0x3B, 0x0D,
    0x48, 0x66, 0x1E, 0x6D, 0x81, 0x44, 0x82, 0xF7, 0xB8, 0x33, 0x56, 0x03, 0x24, 0x09, 0xD6, 0x3E,
    0x70, 0xB1, 0xB3, 0x39, 0x73, 0xE1, 0x35, 0xE8, 0xDB, 0x31, 0xD2, 0x16, 0x6D, 0x3A, 0x9E, 0x77,
    0xB4, 0xE3, 0x39, 0x49, 0xD8, 0x8E, 0xC7, 0x83, 0xC1, 0x2C, 0xB1, 0x70, 0x45, 0xCC, 0x12, 0x15,
    0x94, 0xB8, 0x75, 0xDF, 0x84, 0xB6, 0x2F, 0x36, 0x46, 0x39, 0x49, 0xAA, 0xE3, 0x6E, 0xE5, 0x56,
    0xF3, 0x0E, 0x45, 0xD0, 0xD8, 0x05, 0x37, 0x4A, 0xD7, 0x33, 0xF5, 0x5E, 0xDC, 0x53, 0x43, 0xFF,
    0x2B, 0x61, 0x85, 0xF4, 0x71, 0x49, 0x39, 0x2B, 0xF3, 0xF4, 0xD7, 0xFC, 0xCD, 0x46, 0xD4, 0x36,
    0xF1, 0x86, 0x3C, 0x35, 0xBA, 0xA6, 0x09, 0x9A, 0x02, 0x35, 0xCB, 0xA4, 0x1F, 0xDE, 0xCD, 0xD2,
    0x3A, 0x9E, 0x4E, 0xE6, 0x97, 0x43, 0x31, 0x65, 0xE7, 0xCB, 0x55, 0xEF, 0x5A, 0xC2, 0xBC, 0xBF,
    0x5F, 0xEE, 0x1C, 0x38, 0xF5, 0x2C, 0xEC, 0xF1, 0xD8, 0xF4, 0x66, 0xED, 0xC3, 0x49, 0x5D, 0x77,
    0xEF, 0x8E, 0xBD, 0x0A, 0x66, 0x2C, 0xBC, 0x6B, 0x11, 0x7E, 0xFA, 0x76, 0xD4, 0x84, 0x44, 0x85,
    0x13, 0x9D, 0x1E, 0x65, 0x7A, 0x8E, 0x24, 0x76, 0xF4, 0xEA, 0x8F, 0xBB, 0x31, 0xE3, 0x5A, 0x6D,
    0x6F, 0x0D, 0x1A, 0x24, 0x07, 0xAD, 0xF4, 0xE9, 0x49, 0x76, 0xE7, 0x5A, 0x10, 0x83, 0xE6, 0xB0,
    0x41, 0xDD, 0xC1, 0x3C, 0x1E, 0x9A, 0x88, 0xE3, 0xBD, 0x6D, 0x6E, 0x80, 0x9B, 0xE2, 0xA5, 0xC6,
    0x88, 0xF4, 0x1A, 0x52, 0x25, 0x9F, 0x7E, 0x27, 0xBE, 0x8F, 0xEE, 0x77, 0x68, 0x94, 0x24, 0x71,
    0xA1, 0xD7, 0xEE, 0x36, 0x57, 0x0E, 0x5A, 0xEC, 0x18, 0x76, 0x29, 0x50, 0xC6, 0xEA, 0xCC, 0x74,
    0x7D, 0xE3, 0x31, 0xFD, 0xF8, 0xAB, 0x4B, 0x2C, 0xB3, 0x37, 0x17, 0x3A, 0x5B, 0xBD, 0xE6, 0xE2,
    0x6B, 0xB3, 0xF7, 0xED, 0x6D, 0x75, 0x43, 0x8C, 0xA6, 0x5C, 0x4F, 0x94, 0x68, 0x41, 0xB0, 0x71,
    0x06, 0xED, 0x5B, 0x97, 0xDC, 0xF8, 0x27, 0xA5, 0x5B, 0xFC, 0xC7, 0xB5, 0x5B, 0xF9, 0x8F, 0xD5,
    0xB9, 0x92, 0x95, 0xAA, 0x73, 0x25, 0x9F, 0xAF, 0xCE, 0x95, 0xF2, 0x95, 0x3D, 0xE7, 0x64, 0x32,
    0x5D, 0x82, 0xA4, 0x77, 0x18, 0x28, 0x35, 0xBB, 0x3D, 0x36, 0x61, 0x28, 0xC2, 0xB8, 0x0C, 0x9C,
    0xEB, 0x1D, 0x7B, 0xF4, 0xCC, 0x76, 0x8F, 0xDE, 0xE4, 0x7E, 0xCA, 0x19, 0xA9, 0xBA, 0xDB, 0x99,
    0xD1, 0x0F, 0x75, 0x66, 0x74, 0x43, 0x9D, 0x8B, 0x0A, 0x4B, 0xEE, 0x47, 0x11, 0x27, 0xC4, 0x0D,
    0x29, 0xE2, 0x83, 0xB8, 0x23, 0x45, 0x5D, 0x10, 0x5A, 0x52, 0xD4, 0x03, 0xB9, 0x9E, 0x94, 0x59,
    0x53, 0xCA, 0xBC, 0x2B, 0x65, 0xD6, 0x96, 0x32, 0xEB, 0x4B, 0x99, 0x35, 0xA6, 0xCC, 0x3B, 0x53,
    0xB8, 0x35, 0xE5, 0x69, 0x62, 0x59, 0x39, 0x46, 0x87, 0x72, 0x8C, 0x65, 0x68, 0x32, 0x91, 0xD8,
    0x80, 0x2E, 0x13, 0x0D, 0x0D, 0x5F, 0x9B, 0x62, 0xD9, 0xFA, 0x0F, 0x88, 0x65, 0xE5, 0xA5, 0xB1,
    0xEC, 0xB2, 0x43, 0x45, 0xC9, 0x14, 0x6C, 0xAE, 0x47, 0x89, 0x3F, 0x47, 0x77, 0x01, 0xA3, 0x8F,
    0xDF, 0x3D, 0xDE, 0x13, 0xF4, 0xA9, 0x89, 0xDF, 0x12, 0xF4, 0x4B, 0x68, 0x90, 0x64, 0x69, 0x68,
    0x4F, 0x55, 0x91, 0x43, 0xB1, 0x80, 0x3E, 0xAA, 0x35, 0x03, 0xC5, 0x51, 0xDE, 0x9E, 0x2A, 0x8B,
    0x1D, 0x95, 0x73, 0x67, 0xA6, 0xA6, 0x7F, 0x1C, 0x4A, 0xDB, 0x0D, 0x04, 0x39, 0x37, 0x87, 0xDE,
    0x61, 0xAF, 0x90, 0xF0, 0xDA, 0xC5, 0x40, 0x4A, 0x8E, 0x49, 0x54, 0x3A, 0x38, 0x7B, 0x44, 0xEA,
    0x8C, 0x9C, 0x1D, 0x15, 0x1A, 0x53, 0xE0, 0xA0, 0x36, 0x38, 0xDD, 0xE0, 0x8A, 0xFF, 0x6D, 0x28,
    0x14, 0x67, 0x5E, 0x1B, 0xA0, 0xA8, 0xD4, 0xF3, 0x4E, 0x26, 0xE5, 0x48, 0x42, 0x3C, 0xA5, 0x58,
    0xF2, 0x1F, 0x6F, 0x78, 0x9B, 0x0A, 0xE3, 0xC3, 0xF9, 0x1B, 0x7F, 0x62, 0x2B, 0x57, 0xB7, 0x63,
    0x90, 0x0D, 0xC3, 0xCA, 0x65, 0x82, 0xBA, 0x5B, 0xD0, 0xCD, 0x02, 0x49, 0x85, 0xDE, 0xB8, 0xEB,
    0x73, 0x58, 0x8E, 0xF8, 0x24, 0x32, 0xE2, 0xFE, 0x9A, 0x08, 0x1B, 0x0B, 0x0A, 0x4E, 0xF1, 0x78,
    0x56, 0xF7, 0x0D, 0xFE, 0xAC, 0x94, 0x5D, 0x57, 0x28, 0x07, 0xE1, 0x9A, 0x71, 0xCB, 0xB2, 0xBA,
    0xBE, 0xBD, 0xD5, 0xC5, 0x23, 0xEF, 0xC6, 0x65, 0xA8, 0xAA, 0x77, 0xE1, 0xA8, 0x77, 0x21, 0xFA,
    0xEE, 0x19, 0x57, 0x88, 0xC6, 0x7B, 0x96, 0x09, 0x77, 0xDE, 0xF3, 0xCA, 0x71, 0xEB, 0x3D, 0xAF,
    0x1C, 0xF7, 0xDE, 0x8B, 0xA5, 0x4C, 0x47, 0xD6, 0xAE, 0xFB, 0x7E, 0x6A, 0xBF, 0xDF, 0xEA, 0xBF,
    0x9F, 0x51, 0xDD, 0x25, 0xD4, 0xFA, 0x92, 0x23, 0x6C, 0x17, 0xB0, 0xD0, 0x86, 0xEF, 0x34, 0x50,
    0xD1, 0x07, 0xDC, 0x88, 0x0F, 0xF4, 0x01, 0x77, 0xE2, 0x03, 0xBD, 0x8F, 0x56, 0x7C, 0x91, 0x2A,
    0x16, 0x5A, 0x56, 0x14, 0xCD, 0xF8, 0x82, 0x9E, 0x37, 0x81, 0x40, 0xCF, 0xED, 0xF8, 0x12, 0x95,
    0x5C, 0x3F, 0xFE, 0xD4, 0x90, 0x3F, 0xEB, 0xC8, 0x9F, 0xB5, 0xE4, 0x4F, 0x3D, 0xF9, 0x53, 0x63,
    0xC1, 0x54, 0x7E, 0x98, 0xB5, 0xE5, 0xEB, 0xA1, 0xEE, 0x7C, 0xD5, 0x6F, 0x5F, 0xBA, 0xEA, 0xA2,
    0x6D, 0x1F, 0xEA, 0xAA, 0x8B, 0x34, 0x21, 0x83, 0x5D, 0xD8, 0xB1, 0x67, 0x1B, 0xBA, 0x92, 0xE2,
    0xE1, 0x5A, 0x25, 0x6B, 0x5C, 0x91, 0xDF, 0x06, 0x2D, 0x4E, 0x51, 0x3D, 0xE9, 0x0D, 0xF8, 0xCF,
    0xB3, 0xB6, 0x80, 0x2F, 0x9B, 0xED, 0x83, 0xAF, 0x66, 0xE1, 0x4E, 0xBE, 0xBA, 0xD4, 0xA2, 0xE9,
    0x04, 0x32, 0x1B, 0xBE, 0xC9, 0x07, 0x53, 0xB7, 0x71, 0x96, 0xB1, 0xDA, 0x17, 0x3C, 0xFF, 0x4A,
    0xA9, 0x3E, 0x05, 0x27, 0xC2, 0x64, 0x33, 0x4A, 0xE9, 0xA2, 0xD2, 0x56, 0xC9, 0xC9, 0x3B, 0xBF,
    0x43, 0x3C, 0x7F, 0x3C, 0x0C, 0xC1, 0xFB, 0x25, 0x7B, 0x1A, 0xDB, 0x53, 0xE2, 0xA2, 0x8E, 0x9D,
    0x62, 0xBD, 0x7E, 0xEE, 0x78, 0x06, 0x86, 0x52, 0xA7, 0x3B, 0xFB, 0x32, 0x33, 0x54, 0x9F, 0x9D,
    0x9A, 0x5A, 0x83, 0xE6, 0xD5, 0xF3, 0x71, 0xB7, 0xCD, 0x76, 0x9D, 0x9A, 0x57, 0x9C, 0xBE, 0xA2,
    0xC0, 0xAA, 0x12, 0x3D, 0xB6, 0xEA, 0x27, 0xCD, 0x3A, 0xAA, 0x34, 0x2C, 0xAD, 0xE1, 0xF5, 0x78,
    0xAF, 0xBB, 0xD6, 0x15, 0x7F, 0xA3, 0x59, 0xBB, 0x3E, 0xBC, 0x66, 0xED, 0xC2, 0x44, 0xBD, 0xFE,
    0x5A, 0xAB, 0xAD, 0x90, 0x6B, 0x6E, 0xEE, 0xC7, 0x7A, 0xAE, 0x9F, 0xCF, 0x74, 0x7F, 0xEB, 0x34,
    0xF3, 0x56, 0x3F, 0xEA, 0x68, 0x31, 0x06, 0xD5, 0xB1, 0x6C, 0x87, 0xE6, 0xB6, 0xE9, 0x44, 0xCF,
    0x7C, 0x26, 0x2D, 0x78, 0x34, 0xD3, 0x02, 0xCF, 0xAE, 0xB9, 0xBF, 0xEE, 0x26, 0xF7, 0x7D, 0xDD,
    0xE4, 0xEC, 0xF6, 0x26, 0xE7, 0x77, 0x37, 0x39, 0xF1, 0xB9, 0x39, 0xB5, 0x2C, 0x69, 0xA5, 0x70,
    0x3D, 0x0B, 0x8B, 0xD5, 0x8C, 0x9C, 0x4B, 0xCD, 0xD5, 0x29, 0x5C, 0x58, 0xE4, 0x4E, 0x7B, 0x09,
    0x8B, 0xDC, 0x6A, 0x2F, 0x3E, 0x9A, 0x7B, 0xED, 0x25, 0x2C, 0x72, 0xB3, 0xBD, 0x84, 0x45, 0xEE,
    0xB6, 0xD7, 0x20, 0xE3, 0xDA, 0xED, 0x67, 0xFD, 0xF6, 0xF3, 0x86, 0xFB, 0x59, 0xC7, 0xFD, 0xAC,
    0xE5, 0x7E, 0xD6, 0x73, 0x3F, 0x6F, 0xBA, 0x9F, 0x47, 0xF4, 0x31, 0xCF, 0x12, 0x51, 0xAD, 0x15,
    0xF1, 0x5A, 0xC5, 0xB5, 0x56, 0x81, 0xAD, 0xDD, 0x12, 0xAB, 0xE9, 0x28, 0x44, 0x0D, 0x82, 0x85,
    0x7E, 0x76, 0xAC, 0xF7, 0x55, 0xBE, 0xD6, 0xAE, 0xA9, 0xB5, 0x06, 0xBC, 0xB5, 0x56, 0x7A, 0x44,
    0x7C, 0x9D, 0x0A, 0xB0, 0xD7, 0x0C, 0xE4, 0x2B, 0x93, 0x28, 0xF5, 0x86, 0xAC, 0xAF, 0xF1, 0xDA,
    0x10, 0x49, 0x5F, 0x50, 0x9B, 0xB8, 0x32, 0x68, 0xA0, 0xF7, 0x9B, 0xBB, 0xB8, 0x99, 0xC7, 0x94,
    0x16, 0x22, 0x99, 0xB6, 0xFC, 0x5D, 0xF1, 0x22, 0xDF, 0x28, 0xDD, 0xA3, 0xAD, 0x1B, 0xB2, 0xBD,
    0xA0, 0xE2, 0x64, 0x2F, 0xA8, 0x39, 0xD7, 0xA3, 0x1F, 0xA7, 0x80, 0x8F, 0x1B, 0x65, 0x7A, 0xD2,
    0x47, 0x6F, 0xA4, 0x8F, 0xDE, 0x48, 0x1F, 0xBD, 0xD1, 0x3E, 0x7A, 0x7F, 0xEC, 0xA3, 0xFF, 0xC3,
    0x1C, 0x09, 0xCC, 0x8A, 0xDB, 0x27, 0x39, 0x14, 0xEC, 0xF3, 0x49, 0x2F, 0x5D, 0xDB, 0x9D, 0xBB,
    0xFB, 0x58, 0x05, 0x2C, 0x6F, 0x62, 0xEF, 0x31, 0xE7, 0xDE, 0x96, 0x22, 0x89, 0x0E, 0x55, 0xF0,
    0x6E, 0x0D, 0xEF, 0xEE, 0x68, 0x51, 0x9E, 0xAD, 0xEF, 0xE2, 0xA9, 0x8F, 0xC7, 0x1C, 0x6E, 0xEC,
    0x49, 0xA3, 0xF9, 0xED, 0x82, 0x42, 0x29, 0x65, 0xB7, 0xE4, 0x24, 0x1A, 0xCD, 0x68, 0xC9, 0x5E,
    0xF8, 0x49, 0x92, 0xFA, 0x2F, 0xD1, 0x11, 0xCF, 0xEB, 0xBE, 0x2A, 0xE8, 0x7F, 0xCC, 0x3A, 0xAC,
    0xE8, 0xBA, 0x1F, 0x94, 0xDC, 0x29, 0x6F, 0xB8, 0xFB, 0x1E, 0x57, 0x3F, 0xBF, 0xB4, 0x55, 0x1E,
    0xA0, 0x65, 0x11, 0xB8, 0x59, 0x5E, 0x48, 0xEE, 0x96, 0x67, 0xB5, 0xD6, 0x76, 0x79, 0xA9, 0x55,
    0x70, 0xBF, 0x3C, 0xCB, 0x84, 0x1B, 0xE6, 0x45, 0x30, 0xDC, 0x31, 0xAF, 0x21, 0x00, 0xFD, 0xB8,
    0xAC, 0xD6, 0xD2, 0x33, 0x2F, 0xBB, 0x13, 0x6E, 0x9A, 0x67, 0xB5, 0xDE, 0xEA, 0x9A, 0x37, 0xFF,
    0xB7, 0x48, 0x3F, 0xBF, 0xBA, 0x5A, 0x14, 0x4B, 0x75, 0x07, 0xB5, 0xAE, 0xC1, 0x55, 0x8B, 0x0C,
    0x7A, 0xE8, 0x85, 0x17, 0x34, 0xD1, 0x0B, 0x2B, 0xE8, 0xA2, 0x17, 0xDF, 0x86, 0x36, 0x7A, 0x89,
    0xC5, 0xE8, 0xA3, 0x97, 0x68, 0xE6, 0x1A, 0xE9, 0xA7, 0x4E, 0xFA, 0x59, 0x2B, 0xFD, 0xD4, 0x4B,
    0x3F, 0x6B, 0xA6, 0x9F, 0xBA, 0xE9, 0x67, 0xED, 0xF4, 0x17, 0xAB, 0x45, 0x97, 0x57, 0x36, 0x52,
    0xE9, 0xA9, 0x07, 0xEC, 0x44, 0x9A, 0xEA, 0x19, 0x37, 0x77, 0xD5, 0xAB, 0x76, 0xA2, 0xAD, 0x5E,
    0x55, 0x14, 0x7D, 0xF5, 0x5A, 0xA6, 0xE3, 0xD4, 0x97, 0x95, 0x95, 0x3B, 0xEB, 0x25, 0x05, 0x1C,
    0x5B, 0xEB, 0x67, 0xBD, 0xF5, 0xB3, 0xE6, 0xFA, 0x59, 0x77, 0xFD, 0xBC, 0xBD, 0x7E, 0xAB, 0xBF,
    0xFE, 0x6A, 0xF2, 0x62, 0xDF, 0x0A, 0x73, 0x20, 0xB6, 0x06, 0x25, 0x42, 0x9B, 0x3D, 0xE7, 0x10,
    0x56, 0x53, 0xD7, 0xF0, 0xD4, 0x6A, 0x7D, 0x31, 0x8F, 0x4A, 0x49, 0x5C, 0x33, 0xF4, 0x00, 0x12,
    0x6A, 0xF4, 0xDA, 0x0B, 0xE6, 0x59, 0x13, 0x76, 0x69, 0xE6, 0xED, 0xF6, 0x63, 0xBF, 0xFD, 0xD4,
    0x70, 0x3F, 0xB5, 0x2D, 0x8C, 0x2D, 0xF7, 0x63, 0xCF, 0xFD, 0xD4, 0x74, 0x3F, 0xED, 0x64, 0xBF,
    0xF4, 0x27, 0xBC, 0xD9, 0x31, 0x4F, 0xD7, 0x8A, 0x3F, 0xEB, 0xC5, 0x3F, 0xD7, 0x8C, 0xFF, 0x27,
    0xB8, 0x5D, 0xBA, 0xA6, 0x43, 0x7F, 0x6A, 0xD1, 0xDF, 0xEE, 0xD1, 0x9F, 0xB8, 0xEC, 0x26, 0xCA,
    0x39, 0x04, 0x2D, 0xE7, 0xC7, 0xDC, 0xA8, 0x2F, 0x0E, 0x81, 0xB6, 0x02, 0x6A, 0x57, 0xCD, 0xD2,
    0x39, 0x04, 0xA2, 0xD4, 0x21, 0x54, 0x4B, 0xE7, 0x10, 0xF0, 0x13, 0xEA, 0x10, 0x74, 0xE7, 0x3D,
    0xF6, 0xEB, 0xCF, 0x1A, 0xF6, 0xA7, 0x8E, 0xFD, 0x59, 0xCB, 0xFE, 0xD8, 0xB3, 0x3F, 0x36, 0xED,
    0xCF, 0xBA, 0xF6, 0xB7, 0xDB, 0xF6, 0x19, 0x3D, 0x03, 0xEF, 0x0C, 0x17, 0x39, 0x83, 0x4F, 0xF9,
    0xF7, 0xC3, 0xC1, 0x9F, 0xF4, 0xDC, 0x80, 0x0A, 0x5E, 0x62, 0x04, 0x56, 0xAE, 0xB6, 0x45, 0xBA,
    0xFA, 0x19, 0x14, 0x98, 0x63, 0x1A, 0x9F, 0xE8, 0xC9, 0x71, 0x5E, 0xDC, 0xE2, 0x09, 0x54, 0x32,
    0x6C, 0xFB, 0x81, 0xAD, 0xA3, 0xB3, 0xCD, 0xE3, 0x36, 0xCA, 0xD3, 0xE6, 0x30, 0x46, 0x96, 0x19,
    0xE5, 0x01, 0xA2, 0x8C, 0x47, 0x0B, 0x9A, 0x6F, 0x89, 0x4E, 0xCE, 0x45, 0x37, 0x6A, 0x34, 0xC9,
    0x5D, 0x39, 0x25, 0xCC, 0x60, 0x62, 0x45, 0xF5, 0x1C, 0x09, 0x3B, 0x78, 0x6C, 0xD1, 0xF4, 0x64,
    0x4F, 0x6A, 0x72, 0xBF, 0x52, 0x3A, 0xED, 0x71, 0xF5, 0xDB, 0xA0, 0xF1, 0x4C, 0x5C, 0xC7, 0x55,
    0x88, 0xF3, 0xF6, 0x0C, 0x87, 0x58, 0x37, 0xC7, 0xDC, 0xBE, 0xC8, 0x8D, 0xEB, 0xB4, 0x34, 0x7A,
    0x06, 0x29, 0xC5, 0xB5, 0x9D, 0x71, 0xC9, 0xDC, 0x19, 0x7D, 0xCE, 0x9F, 0x8D, 0x55, 0xC5, 0xA7,
    0xC7, 0x72, 0xD6, 0x8E, 0xB2, 0x2A, 0x10, 0xAC, 0xCE, 0x70, 0x98, 0x1E, 0x7C, 0x62, 0x5F, 0xAA,
    0x11, 0x7E, 0x2D, 0xC2, 0x3E, 0x70, 0xA8, 0x16, 0x0C, 0x19, 0xDF, 0x7D, 0x8B, 0x66, 0x0A, 0x42,
    0xF3, 0x6B, 0x34, 0x3D, 0x01, 0x0F, 0x7A, 0x9E, 0x80, 0x28, 0xF8, 0xA4, 0x16, 0x4C, 0xEC, 0x43,
    0x8A, 0x5C, 0x1E, 0x3D, 0x25, 0x5C, 0xDC, 0xF0, 0xE2, 0x0D, 0xFA, 0x7B, 0x5C, 0xE1, 0x6F, 0x67,
    0xA6, 0x52, 0x13, 0xBE, 0x4E, 0xF3, 0xEB, 0xB5, 0xDE, 0x8F, 0x33, 0xB3, 0xBF, 0x40, 0x33, 0x8B,
    0xFD, 0xCD, 0x06, 0xFB, 0xDB, 0x33, 0xC9, 0xBB, 0xC2, 0xF2, 0xCE, 0x91, 0xFD, 0x11, 0x4A, 0x3B,
    0x4B, 0x44, 0x69, 0xB3, 0x93, 0x25, 0xFC, 0x3E, 0xFC, 0xFA, 0x7D, 0xF6, 0x6E, 0xB6, 0xE3, 0xBB,
    0x3F, 0x58, 0x7E, 0x9D, 0x92, 0x45, 0x3E, 0x24, 0x20, 0x67, 0x2D, 0x9E, 0xFB, 0xC0, 0xEB, 0x55,
    0xBB, 0xD7, 0x6A, 0x3E, 0xFB, 0x2E, 0x89, 0x51, 0xB7, 0x0B, 0x59, 0x79, 0x2D, 0x24, 0x45, 0x6F,
    0x44, 0xC7, 0x7E, 0x09, 0x29, 0x85, 0x25, 0xC9, 0x88, 0x32, 0x29, 0x92, 0x50, 0x4B, 0xAF, 0x10,
    0x62, 0xFE, 0xB8, 0x4E, 0x7F, 0x79, 0x85, 0x75, 0x0A, 0x6A, 0xC8, 0x05, 0xD7, 0x0E, 0x3F, 0x9B,
    0xF0, 0x95, 0x24, 0x82, 0x04, 0x2A, 0x6C, 0x11, 0xFF, 0xBD, 0xC1, 0x4E, 0xBB, 0xB3, 0x9D, 0x6C,
    0xD6, 0x07, 0xA4, 0xE9, 0xCD, 0x9D, 0x03, 0x88, 0x9A, 0x9C, 0x13, 0x79, 0xF6, 0x1C, 0x8F, 0x54,
    0x96, 0xD0, 0xAB, 0x9A, 0xA4, 0xC6, 0x65, 0x74, 0x86, 0x4E, 0x10, 0x3E, 0x87, 0x83, 0xB6, 0x18,
    0xF1, 0x21, 0xB6, 0x1F, 0x99, 0x1B, 0xE8, 0x5E, 0x89, 0x72, 0xF2, 0xD8, 0xE8, 0x49, 0xA9, 0xE8,
    0x67, 0xE2, 0x3E, 0x3C, 0x3D, 0x8A, 0x8F, 0x49, 0x7C, 0xF6, 0xCF, 0xCC, 0xF3, 0x47, 0x76, 0xF4,
    0x5D, 0x72, 0x18, 0xC4, 0xD5, 0xE1, 0x81, 0x4B, 0xD5, 0x58, 0x60, 0xB8, 0x46, 0x14, 0x0A, 0x4E,
    0x2D, 0xEF, 0xE1, 0x4B, 0x94, 0x1B, 0x4A, 0xDA, 0xC7, 0x73, 0xDB, 0x1D, 0x4B, 0x97, 0x7E, 0xE5,
    0x9F, 0x53, 0xC8, 0xA4, 0x9D, 0xFC, 0x46, 0x83, 0x85, 0x57, 0x54, 0xFA, 0x88, 0xEF, 0x5D, 0x93,
    0x96, 0xA1, 0xFD, 0x8F, 0xAB, 0x2E, 0x3E, 0xB1, 0x9B, 0x4D, 0xE2, 0x0F, 0x9B, 0xE7, 0x12, 0xD3,
    0xEC, 0x99, 0x38, 0x3F, 0xDC, 0x83, 0x4F, 0xD9, 0x33, 0x5E, 0x7D, 0xC1, 0x95, 0x6C, 0xF5, 0xB6,
    0xEB, 0xAE, 0x5B, 0x2A, 0xCA, 0xAD, 0x9C, 0xB5, 0x00, 0x49, 0x1B, 0x95, 0xAC, 0x69, 0xF4, 0x3F,
    0x5D, 0x5A, 0xD1, 0x5A, 0x58, 0x54, 0x3A, 0x06, 0xCA, 0x64, 0x87, 0xE8, 0x05, 0x1C, 0x56, 0xAF,
    0x7E, 0xDB, 0x14, 0x55, 0x94, 0xA5, 0xB4, 0x02, 0x37, 0xB2, 0xC7, 0x1B, 0x29, 0x40, 0xF4, 0xC6,
    0x7B, 0xF4, 0x29, 0x91, 0x11, 0x3C, 0xF7, 0xA2, 0x26, 0x3B, 0xC5, 0xAB, 0xD1, 0x69, 0x51, 0x3E,
    0xDB, 0x47, 0xDF, 0x2C, 0xA4, 0xE0, 0x6E, 0x8A, 0x97, 0xFF, 0x76, 0x23, 0xF5, 0x76, 0x13, 0xBD,
    0xFF, 0xE2, 0xE1, 0x58, 0x8B, 0x9F, 0x7C, 0xBD, 0x90, 0xE9, 0x14, 0x01, 0xF8, 0x1A, 0x67, 0x97,
    0xC4, 0x81, 0xAD, 0xAF, 0x2F, 0x9D, 0x6B, 0x6E, 0xDF, 0x1C, 0x78, 0x5A, 0x91, 0x1A, 0x68, 0x13,
    0x93, 0x72, 0x89, 0xD6, 0xA7, 0x3D, 0xCC, 0x92, 0x99, 0x25, 0x8D, 0x58, 0x2F, 0x85, 0x57, 0xDA,
    0xC1, 0x2C, 0x85, 0xD5, 0xDD, 0x9C, 0x28, 0xE6, 0x94, 0xD4, 0x74, 0x29, 0x8C, 0xD2, 0x6A, 0x2D,
    0x99, 0xCF, 0xC6, 0x2B, 0xD0, 0xC9, 0xCC, 0xC7, 0x87, 0x03, 0x1C, 0x26, 0xB8, 0x0C, 0xD9, 0x75,
    0x82, 0xC9, 0x80, 0x5D, 0x27, 0xF3, 0x18, 0xB3, 0xEB, 0x04, 0x8B, 0x97, 0xB9, 0x4E, 0xB3, 0x18,
    0x1C, 0x27, 0xEC, 0x3E, 0x84, 0xC9, 0xE3, 0x91, 0xBB, 0xAF, 0x5E, 0x64, 0xED, 0xDC, 0x43, 0x48,
    0x65, 0xD2, 0x46, 0xAC, 0xBD, 0xF7, 0x69, 0x13, 0x62, 0xC1, 0xCD, 0x42, 0x8E, 0x43, 0x5B, 0x3C,
    0xB4, 0x6A, 0xF3, 0xD0, 0xB4, 0x3B, 0xAB, 0x23, 0x83, 0x27, 0x8B, 0xE8, 0x8D, 0xB6, 0x4A, 0xF3,
    0xB0, 0x6C, 0xD3, 0x87, 0x0F, 0x1B, 0x52, 0xE9, 0x72, 0x18, 0xF8, 0x68, 0x81, 0x22, 0xD6, 0xC7,
    0x4C, 0x78, 0xED, 0x8D, 0x17, 0x1A, 0xB2, 0x30, 0x34, 0xB6, 0x90, 0x78, 0xF0, 0xEC, 0x11, 0x2F,
    0x1F, 0x1E, 0x4B, 0xC2, 0x71, 0xC9, 0x1E, 0xF4, 0x03, 0x6C, 0x3D, 0xC3, 0x8A, 0xB2, 0x7B, 0x30,
    0x3F, 0xA4, 0x07, 0x91, 0x8E, 0x44, 0x36, 0x7F, 0x65, 0x27, 0x7B, 0x42, 0xB8, 0x6E, 0xB9, 0xF1,
    0xA1, 0x11, 0xD5, 0xE3, 0x66, 0x08, 0xAC, 0xC6, 0x7D, 0xA1, 0xB0, 0x1A, 0xFD, 0x8E, 0xAF, 0x7A,
    0x67, 0xD1, 0x7B, 0xC9, 0xAB, 0x11, 0xDB, 0x17, 0x1B, 0x59, 0x8D, 0x45, 0x07, 0x3F, 0x82, 0xD5,
    0x48, 0x2A, 0x50, 0x00, 0x7D, 0xCC, 0x89, 0x09, 0x56, 0x23, 0xAD, 0xD9, 0x91, 0x13, 0xEC, 0x54,
    0x1C, 0x3B, 0xAD, 0x06, 0x9E, 0xFA, 0x72, 0x4B, 0x70, 0x3A, 0xC6, 0xDC, 0x55, 0xE3, 0x24, 0xCF,
    0xBD, 0x9B, 0xCC, 0x44, 0xD0, 0x5C, 0xAA, 0x6B, 0xAC, 0x55, 0x3B, 0xF0, 0xB3, 0x4C, 0xC5, 0x2F,
    0x70, 0x73, 0x03, 0xA1, 0x8F, 0x3E, 0xE4, 0x07, 0x87, 0x5A, 0x18, 0x74, 0xB9, 0xAF, 0x16, 0x54,
    0x3C, 0xEC, 0x99, 0x8F, 0xF7, 0xAA, 0x58, 0xED, 0xE7, 0x71, 0x1D, 0xFD, 0x26, 0x63, 0x3E, 0x1E,
    0x91, 0xBC, 0x93, 0x8C, 0xF9, 0xA0, 0x25, 0xA0, 0xDC, 0x01, 0x7C, 0xF4, 0xD1, 0xF7, 0x49, 0x2E,
    0xE0, 0xE3, 0x76, 0x78, 0xF2, 0xB8, 0x12, 0x3E, 0x02, 0x34, 0xC6, 0x82, 0x8F, 0x28, 0xFF, 0x2E,
    0xFC, 0x02, 0xF1, 0xB1, 0xA8, 0x5D, 0x42, 0xE9, 0x0F, 0x2F, 0x14, 0xEE, 0x09, 0x31, 0xEB, 0xB4,
    0x4A, 0x1A, 0x20, 0xAF, 0x7A, 0x90, 0x71, 0xBE, 0x1E, 0xE3, 0x46, 0xA3, 0x67, 0xEC, 0xFB, 0xE3,
    0x41, 0x90, 0x51, 0x2F, 0x80, 0xA4, 0x86, 0x97, 0x62, 0x35, 0xBC, 0x29, 0x2B, 0xB1, 0x8F, 0x76,
    0x45, 0x2C, 0xC4, 0xFE, 0x4E, 0x51, 0x32, 0x7E, 0xDE, 0x41, 0x02, 0x3E, 0x13, 0x40, 0xBF, 0xCF,
    0x6D, 0x6D, 0xA7, 0xE8, 0x8A, 0x56, 0xD5, 0xD9, 0xE7, 0xB4, 0x8E, 0xA0, 0xDF, 0x74, 0x19, 0x6C,
    0xEA, 0x72, 0x5A, 0xC9, 0x80, 0x53, 0xB5, 0x8A, 0x09, 0x76, 0x7A, 0x05, 0x66, 0xDD, 0xF2, 0xEA,
    0xB6, 0xB7, 0x1D, 0xC7, 0x1A, 0x00, 0x76, 0x36, 0xE2, 0xC6, 0xE1, 0x0D, 0x03, 0xDF, 0x1F, 0x7D,
    0xD7, 0xFE, 0xEE, 0x66, 0x2D, 0x3A, 0xB4, 0x6F, 0xF6, 0xD5, 0xA2, 0xF7, 0xB9, 0x7D, 0x1A, 0xE0,
    0xD3, 0x7B, 0x38, 0x5F, 0x04, 0xFA, 0x44, 0x9E, 0x51, 0x20, 0xF8, 0x3E, 0x9F, 0x1C, 0xB1, 0x45,
    0x4B, 0x35, 0x85, 0x18, 0x08, 0x8F, 0xF4, 0x38, 0x48, 0x1F, 0x33, 0x64, 0x4D, 0x2F, 0xEC, 0x81,
    0x43, 0x7C, 0x6B, 0xB2, 0x68, 0x64, 0xF4, 0xE9, 0xD8, 0x81, 0xA9, 0x5F, 0xB3, 0x6D, 0xD2, 0x3C,
    0x71, 0xB7, 0xAE, 0x5B, 0x53, 0x1E, 0x57, 0x67, 0x3A, 0xE8, 0xDC, 0x3A, 0xBC, 0x5D, 0x45, 0x55,
    0x72, 0x7A, 0x28, 0xDA, 0x54, 0xA3, 0x9D, 0x51, 0x78, 0x7A, 0x44, 0x98, 0x9F, 0xD9, 0xED, 0x98,
    0xAB, 0x8F, 0x89, 0x1E, 0xBC, 0x56, 0xF8, 0xEA, 0xA2, 0x13, 0xEB, 0xAC, 0x63, 0x1D, 0xDA, 0x07,
    0x2F, 0xD5, 0xC2, 0xDB, 0xD2, 0xBC, 0x19, 0x81, 0x06, 0x77, 0x09, 0x49, 0x08, 0x34, 0xEB, 0x16,
    0x85, 0x1E, 0x0E, 0x71, 0xC4, 0x61, 0xD0, 0xA2, 0x6A, 0xEA, 0x7C, 0xF1, 0xC3, 0x7E, 0xA4, 0x13,
    0xDB, 0xF8, 0xCE, 0x2E, 0xBC, 0x23, 0x1D, 0x83, 0x90, 0x4D, 0xD5, 0xDB, 0xF4, 0xFA, 0xC4, 0x7E,
    0x1A, 0x05, 0x32, 0xEF, 0x18, 0x6F, 0xC7, 0x85, 0xCD, 0xA6, 0xA3, 0xA6, 0xCC, 0xBA, 0x96, 0xD5,
    0x38, 0x53, 0x0B, 0x33, 0xDC, 0xC9, 0x23, 0x86, 0xB5, 0x62, 0x12, 0xAB, 0xBB, 0xB0, 0x2F, 0x13,
    0xC9, 0xCB, 0x9B, 0x36, 0x51, 0x26, 0x92, 0x78, 0x44, 0xFC, 0x64, 0x1D, 0x0B, 0xE2, 0x11, 0xBF,
    0x8F, 0xE5, 0xF0, 0x31, 0x39, 0xB4, 0xA6, 0x13, 0x31, 0x14, 0x5D, 0x84, 0x5E, 0x4D, 0x5E, 0x63,
    0x1B, 0x15, 0x9D, 0x2E, 0x72, 0xFA, 0xE0, 0xE5, 0x4E, 0xFD, 0x76, 0x68, 0x5F, 0x1A, 0x87, 0xAA,
    0xD8, 0x17, 0xC7, 0xED, 0x57, 0x91, 0xDD, 0xBD, 0x24, 0x34, 0x45, 0x57, 0x86, 0x26, 0x76, 0x13,
    0x38, 0x9D, 0xF4, 0x64, 0x7F, 0xBC, 0x41, 0x02, 0xF8, 0x73, 0x14, 0xDF, 0x98, 0xA5, 0x4D, 0x78,
    0xF2, 0x86, 0x06, 0x61, 0xDA, 0xC9, 0x6E, 0xD0, 0x96, 0x02, 0xFE, 0xC8, 0x87, 0xB7, 0x78, 0x4A,
    0x15, 0xB1, 0x37, 0xC6, 0xB1, 0x42, 0x2D, 0x21, 0x29, 0x41, 0x23, 0x4E, 0xC9, 0x8B, 0x5D, 0x33,
    0x5D, 0x31, 0x8F, 0x4D, 0xFC, 0xAF, 0x01, 0x56, 0x06, 0xF1, 0xB7, 0x89, 0xFA, 0x80, 0x8F, 0x10,
    0xB3, 0xC5, 0x87, 0x8D, 0x77, 0x37, 0x18, 0x68, 0x95, 0x88, 0x4D, 0x34, 0x08, 0x04, 0x27, 0x0F,
    0x1B, 0xF0, 0x89, 0x75, 0x0B, 0x7E, 0x0D, 0x85, 0xDB, 0xC5, 0xE3, 0x4D, 0x7F, 0xF1, 0x52, 0xFD,
    0x8A, 0x32, 0xF7, 0xD0, 0x9E, 0xB9, 0xB5, 0x8E, 0xED, 0x20, 0x1B, 0xD2, 0x14, 0x6B, 0xAD, 0xFD,
    0x03, 0xC2, 0x72, 0x50, 0x5F, 0x1F, 0x88, 0xB7, 0x62, 0xC3, 0x36, 0x11, 0xBA, 0x6D, 0x60, 0x30,
    0x1C, 0xB9, 0x67, 0x16, 0xAD, 0x16, 0x46, 0x77, 0x8F, 0x36, 0xD3, 0x09, 0xED, 0x93, 0x1C, 0xD4,
    0xBE, 0x33, 0x74, 0x26, 0xD8, 0xCE, 0xBD, 0xBB, 0x6A, 0xE6, 0xD8, 0xFE, 0xB3, 0x95, 0x07, 0xA3,
    0x83, 0x0A, 0x7F, 0x2F, 0x07, 0xD5, 0x7F, 0x36, 0x07, 0x25, 0xFC, 0x38, 0x0E, 0x47, 0x93, 0x8F,
    0xCA, 0xF3, 0x2D, 0x05, 0xF1, 0x85, 0x26, 0x83, 0xF1, 0x3D, 0xE3, 0xF3, 0x16, 0x30, 0x34, 0xC7,
    0xFB, 0xD8, 0x52, 0x30, 0xA8, 0x9D, 0x55, 0x6A, 0x12, 0x49, 0xA3, 0x06, 0xF1, 0x8D, 0x5E, 0x33,
    0xB5, 0xD8, 0x65, 0x2F, 0x49, 0x2C, 0x5E, 0xDA, 0x2C, 0x23, 0x11, 0x82, 0xB9, 0xAD, 0x5E, 0x9A,
    0xD2, 0xF0, 0x8A, 0x85, 0x70, 0x0B, 0xFB, 0x0A, 0xE8, 0x06, 0xEF, 0x81, 0x7C, 0xB4, 0x05, 0xE2,
    0xC9, 0x1A, 0x12, 0x02, 0x6F, 0xA7, 0xB4, 0xF2, 0xA7, 0x1D, 0x04, 0xAB, 0x87, 0x56, 0x58, 0x8E,
    0x38, 0xE4, 0x41, 0x08, 0x7C, 0x3C, 0x7E, 0xA5, 0x97, 0xDE, 0xAA, 0x61, 0xB5, 0x5B, 0x49, 0x26,
    0x28, 0xF5, 0x6A, 0xB9, 0x71, 0x3E, 0x2D, 0xFF, 0xBA, 0x7A, 0xB4, 0x28, 0x2F, 0xD4, 0x9F, 0x45,
    0xAF, 0xD9, 0x5C, 0xBC, 0x59, 0x78, 0xF2, 0x50, 0xC0, 0xAF, 0x03, 0xFB, 0x46, 0xE9, 0x3C, 0x59,
    0x20, 0x6B, 0x98, 0x70, 0x09, 0x47, 0xBD, 0x58, 0x28, 0x6A, 0x0D, 0x0E, 0x54, 0xC1, 0x28, 0x42,
    0xBA, 0x05, 0x63, 0x55, 0x93, 0x08, 0x59, 0xFD, 0x81, 0x11, 0xF2, 0x12, 0x05, 0xF4, 0x2F, 0x28,
    0xA0, 0xFF, 0x6F, 0xA0, 0x80, 0xF3, 0x2A, 0xA9, 0x56, 0xB6, 0x36, 0x71, 0x17, 0xC8, 0x8E, 0x6F,
    0x53, 0xD8, 0xD7, 0x2D, 0xA7, 0x89, 0xDE, 0xE6, 0xD9, 0x0F, 0x45, 0x8D, 0x68, 0xA7, 0x7B, 0x56,
    0x31, 0x2F, 0xEF, 0xD4, 0x50, 0x2D, 0x5E, 0x0F, 0x3C, 0x68, 0xAF, 0xEB, 0xC1, 0x4F, 0xA6, 0x82,
    0x9D, 0x01, 0xDA, 0xC9, 0xFC, 0xAC, 0xF8, 0x91, 0x21, 0xCE, 0x83, 0x99, 0x02, 0x47, 0xE6, 0x3B,
    0x3C, 0xEC, 0x86, 0x58, 0x12, 0x2D, 0xD6, 0xA8, 0x59, 0xA9, 0x3F, 0x9D, 0x34, 0xFB, 0x3C, 0x95,
    0x4E, 0x54, 0xB6, 0xF5, 0xDA, 0x56, 0xE9, 0xF7, 0x6A, 0xBD, 0x9A, 0x9D, 0x1E, 0xEE, 0x66, 0xC2,
    0x47, 0xE5, 0xA3, 0xA5, 0x98, 0xF5, 0x6A, 0x71, 0xB6, 0x51, 0x3E, 0xC2, 0x32, 0x15, 0xBD, 0x6A,
    0xF1, 0x08, 0x00, 0xF3, 0xD1, 0x87, 0xA5, 0x2E, 0xCC, 0xDA, 0xB8, 0x95, 0x59, 0x32, 0x05, 0x3E,
    0x62, 0x94, 0x8A, 0x9C, 0x5E, 0x71, 0xE6, 0x7B, 0x88, 0x31, 0x32, 0xE9, 0x18, 0x19, 0x37, 0x63,
    0x5C, 0x6C, 0xA7, 0xA8, 0xF8, 0x04, 0xBD, 0xBA, 0x10, 0x0C, 0xC9, 0x1B, 0xF3, 0xCA, 0x24, 0x1B,
    0x4F, 0xF2, 0x81, 0x8D, 0xB5, 0x2F, 0x48, 0x36, 0xE0, 0x77, 0xF1, 0x7D, 0xC9, 0x8E, 0x69, 0x07,
    0xFC, 0x41, 0xA3, 0x6B, 0x14, 0x7C, 0x2C, 0xD9, 0xF1, 0x2F, 0x1A, 0xBC, 0xC6, 0x1A, 0xD7, 0x2C,
    0xDE, 0xD5, 0xEC, 0xD8, 0xC4, 0xF7, 0x35, 0x3B, 0xDE, 0x65, 0x3F, 0xCF, 0x99, 0x4D, 0xE7, 0x69,
    0x76, 0x9C, 0xA2, 0x46, 0x22, 0x36, 0xB3, 0xF1, 0x1A, 0xB7, 0x1F, 0xFB, 0x7E, 0xE3, 0x62, 0xDE,
    0xC7, 0x63, 0x5C, 0xDE, 0x8C, 0x54, 0x7A, 0x6D, 0x76, 0xEC, 0x1D, 0x5E, 0xB6, 0x46, 0xB3, 0x2A,
    0x6A, 0xEB, 0xFA, 0x37, 0x5A, 0x29, 0x12, 0xB2, 0xCD, 0xAC, 0x4D, 0x98, 0xB3, 0xCD, 0xAC, 0x29,
    0x47, 0x62, 0x0E, 0x28, 0x47, 0xA9, 0x99, 0x81, 0x75, 0xFA, 0x4B, 0xB1, 0x99, 0xF5, 0x10, 0xC9,
    0xD2, 0x14, 0x8D, 0x6E, 0x48, 0x8A, 0x12, 0x47, 0xE9, 0x04, 0xBE, 0x80, 0xE3, 0x04, 0xF6, 0xE7,
    0xD8, 0x83, 0xB2, 0x7A, 0x4D, 0xAE, 0xF4, 0xC2, 0xCE, 0x04, 0x2E, 0x41, 0x60, 0x97, 0x97, 0xFB,
    0xAB, 0xCD, 0xA2, 0x93, 0xDD, 0x14, 0x19, 0x8A, 0xEC, 0xA6, 0xE8, 0xFD, 0xFA, 0xF8, 0xCC, 0xD2,
    0x24, 0x39, 0x63, 0x4E, 0x16, 0x56, 0x30, 0x53, 0xDA, 0x97, 0xBB, 0xBD, 0x70, 0x2E, 0x3B, 0xE1,
    0x5A, 0xF4, 0xE9, 0x31, 0x97, 0x01, 0x10, 0x85, 0x3B, 0xE3, 0x36, 0x51, 0x70, 0x71, 0x2C, 0xF0,
    0x5E, 0xED, 0x9C, 0xF6, 0xBF, 0xB9, 0xEE, 0x7E, 0x7F, 0x39, 0x36, 0x0B, 0x8E, 0x0D, 0x5B, 0x0E,
    0x73, 0x72, 0x61, 0x37, 0xF5, 0x64, 0x39, 0x0B, 0xA7, 0x4A, 0x48, 0x5C, 0x00, 0x01, 0xCC, 0x3B,
    0x07, 0x61, 0x29, 0x49, 0xD2, 0x10, 0x72, 0xFE, 0xD0, 0xD8, 0xE2, 0xE7, 0x2C, 0xE7, 0x47, 0x6D,
    0x70, 0x56, 0x4A, 0xE6, 0x60, 0x64, 0xEF, 0xF1, 0xAB, 0x06, 0x2D, 0x82, 0x84, 0xF9, 0x3E, 0x3F,
    0xA3, 0x02, 0xCC, 0xD6, 0xB9, 0xD5, 0xD4, 0x45, 0xF0, 0x2F, 0x4E, 0xA1, 0x3C, 0x2C, 0xCF, 0xCB,
    0x39, 0x2C, 0x9F, 0x94, 0x0B, 0x7A, 0x56, 0x9B, 0xDB, 0xBD, 0x7F, 0xF9, 0xD6, 0xB7, 0x99, 0x8B,
    0x8F, 0xC9, 0xF1, 0x8C, 0x04, 0x37, 0x65, 0x79, 0x73, 0x22, 0xCC, 0x94, 0x40, 0xBF, 0xC3, 0x4F,
    0xF8, 0x95, 0x72, 0xE9, 0xF7, 0x20, 0x16, 0xE5, 0x92, 0xD2, 0x2B, 0x22, 0x82, 0x3A, 0x29, 0xEE,
    0x81, 0xA0, 0xD4, 0x69, 0x88, 0xF9, 0xC7, 0x3B, 0xFF, 0x30, 0x62, 0x82, 0x54, 0x4F, 0x08, 0xF4,
    0xE0, 0x31, 0x41, 0xAC, 0x2D, 0x99, 0x58, 0x7C, 0xBA, 0xD3, 0xCB, 0x67, 0xD1, 0x4E, 0x41, 0x88,
    0xD8, 0x66, 0x42, 0x38, 0xA8, 0x61, 0xF9, 0x8C, 0x31, 0xDF, 0xFA, 0xD6, 0xB7, 0x4C, 0x54, 0xFD,
    0xD4, 0x45, 0x6C, 0x7B, 0xA1, 0xA1, 0x32, 0x1C, 0xDD, 0xD1, 0x70, 0xA1, 0x98, 0xFD, 0xF9, 0xCB,
    0xBB, 0x08, 0xA5, 0xC1, 0x99, 0x4C, 0xBF, 0x8A, 0xD8, 0xB1, 0x6D, 0x22, 0xDB, 0x47, 0xE2, 0xD8,
    0xD2, 0xAA, 0x88, 0xC4, 0x6E, 0x36, 0x26, 0x7A, 0x20, 0xC6, 0x7F, 0x9A, 0x45, 0x56, 0x1C, 0x9B,
    0xAD, 0xF1, 0x00, 0x07, 0x2D, 0xE9, 0xC7, 0x67, 0xCD, 0x66, 0xA5, 0xC6, 0xFF, 0x49, 0x9B, 0x88,
    0xF1, 0x1B, 0xFA, 0x7D, 0x62, 0xFC, 0x68, 0x66, 0x16, 0xE3, 0xF7, 0xF9, 0x99, 0x0D, 0x2E, 0x54,
    0xA0, 0xE3, 0x4C, 0x94, 0x31, 0x67, 0x2E, 0xD9, 0x82, 0x66, 0x0D, 0x8D, 0xDB, 0x54, 0x3A, 0x51,
    0xD9, 0xF6, 0x6B, 0x37, 0x2E, 0x53, 0xCA, 0x79, 0x17, 0x68, 0x2F, 0x85, 0x96, 0xD1, 0x47, 0x13,
    0x9F, 0x28, 0x1B, 0xB3, 0x72, 0x86, 0x1D, 0x76, 0x31, 0x5A, 0x60, 0x0A, 0xEC, 0x46, 0x13, 0x97,
    0x22, 0xA8, 0x24, 0xFE, 0x37, 0xE1, 0x26, 0xA8, 0xD4, 0x51, 0xF3, 0xA3, 0xC9, 0xA2, 0xA6, 0x1B,
    0xF4, 0x3A, 0x88, 0xAB, 0x1E, 0x32, 0x7E, 0x15, 0x2C, 0xD9, 0x36, 0x78, 0xF7, 0x9E, 0x28, 0xEB,
    0x8E, 0x0D, 0x7E, 0x61, 0x95, 0xA9, 0xE4, 0xBD, 0x77, 0xEF, 0xBA, 0xA8, 0x78, 0x56, 0x4D, 0x58,
    0xAB, 0xD1, 0x39, 0xC7, 0xD5, 0xE8, 0xB1, 0xC3, 0xEA, 0xBA, 0x2C, 0x7E, 0x9C, 0x40, 0xA3, 0x95,
    0x72, 0x5C, 0x59, 0x2B, 0xB9, 0x05, 0xE7, 0x27, 0x86, 0xF5, 0xD1, 0xB0, 0x32, 0x1A, 0xD6, 0x44,
    0xC3, 0x6A, 0x68, 0x58, 0x07, 0xD9, 0xF7, 0x45, 0xFC, 0xCB, 0x79, 0x02, 0x16, 0x7E, 0x7A, 0xF1,
    0x29, 0xC7, 0x77, 0xDE, 0xC5, 0x76, 0x28, 0x10, 0xF8, 0x3D, 0xCF, 0xCE, 0xFB, 0x74, 0x3E, 0x3B,
    0xAF, 0xC0, 0x60, 0x44, 0xB3, 0x33, 0x4C, 0x53, 0xF6, 0x8C, 0xB4, 0x34, 0x93, 0xE3, 0x1D, 0xC5,
    0xBC, 0x99, 0x28, 0x73, 0x49, 0x43, 0x8D, 0xA4, 0x5A, 0x7F, 0x6D, 0xBE, 0xAE, 0x21, 0x31, 0xA1,
    0xED, 0xBD, 0x84, 0xC4, 0xD4, 0xB3, 0xB9, 0x84, 0xC4, 0xE4, 0xE4, 0x4C, 0xDC, 0x6E, 0x1F, 0xD9,
    0xD7, 0x35, 0x57, 0xF1, 0xDE, 0xD4, 0x44, 0x31, 0xE5, 0xA8, 0xCC, 0x21, 0x31, 0x37, 0x92, 0x2A,
    0x42, 0x58, 0x2E, 0xD5, 0xEA, 0xC6, 0x0A, 0xB3, 0x7D, 0x68, 0xC7, 0xED, 0x43, 0xE7, 0x64, 0x29,
    0x69, 0xE2, 0x53, 0xA4, 0x5A, 0xF3, 0x07, 0xDB, 0x38, 0xE8, 0x69, 0x01, 0xBB, 0x45, 0xCF, 0x0D,
    0x52, 0x55, 0xD6, 0x1A, 0x1E, 0x58, 0x07, 0xA5, 0xF1, 0xF8, 0x69, 0x44, 0xD6, 0x19, 0x7E, 0x62,
    0x18, 0x2A, 0xE3, 0x63, 0xB3, 0xCA, 0x7C, 0x24, 0xFC, 0x54, 0x28, 0xC7, 0x8F, 0xE2, 0x3D, 0xDD,
    0xFC, 0xF6, 0x78, 0x4E, 0x96, 0xF9, 0xE8, 0x78, 0x6F, 0x0E, 0x3E, 0x3A, 0x79, 0x4A, 0x98, 0x77,
    0x42, 0xEE, 0x39, 0xD1, 0x95, 0x7B, 0x20, 0x16, 0x3D, 0x87, 0x9A, 0x7A, 0x05, 0xF2, 0xDA, 0xB9,
    0x14, 0xE5, 0x32, 0x3E, 0xDC, 0xA6, 0xBE, 0x34, 0x7A, 0x46, 0x23, 0xF7, 0x4E, 0xB4, 0x85, 0x4B,
    0x5B, 0xA4, 0x2F, 0xFC, 0x4C, 0x31, 0x69, 0x0C, 0xCF, 0xFA, 0x20, 0x9D, 0xF1, 0x1B, 0xD1, 0x1A,
    0xBF, 0x11, 0xBD, 0x41, 0x78, 0x66, 0xCD, 0x69, 0x55, 0x77, 0x3A, 0xD5, 0x9E, 0x4E, 0xF5, 0x07,
    0x9D, 0x2D, 0xE4, 0xB9, 0xF8, 0x4C, 0x0A, 0x8E, 0x8B, 0xE7, 0x3E, 0xD8, 0xCC, 0x1D, 0x25, 0x15,
    0xE5, 0xEC, 0xBC, 0x90, 0x56, 0xEA, 0xEF, 0xE6, 0xB3, 0x34, 0xA2, 0xF2, 0x69, 0xB5, 0xFB, 0x19,
    0x46, 0x8B, 0xC7, 0x74, 0xD1, 0xB7, 0x4B, 0x48, 0x23, 0xCB, 0x38, 0xBF, 0x0D, 0x94, 0x7D, 0x04,
    0x8C, 0x07, 0x11, 0x33, 0x19, 0xB3, 0x70, 0x52, 0x7E, 0xDA, 0x16, 0x0D, 0x49, 0xD2, 0x3B, 0xB0,
    0x22, 0x17, 0x10, 0xE4, 0xFE, 0x5D, 0x24, 0xBE, 0x29, 0xF7, 0x1A, 0xAC, 0x8C, 0xA3, 0x21, 0xD0,
    0x7D, 0xE3, 0x0F, 0x47, 0x77, 0xF9, 0xE1, 0x79, 0x74, 0x1C, 0xEC, 0x1C, 0x5D, 0xD6, 0x71, 0xB0,
    0xB5, 0x07, 0x72, 0x9B, 0x20, 0x09, 0x8D, 0x8E, 0x62, 0xDD, 0xD8, 0x39, 0xB8, 0xF1, 0xB2, 0xC4,
    0xE8, 0x74, 0x48, 0x4F, 0x24, 0x48, 0xDB, 0x62, 0x10, 0x1D, 0x7F, 0xD4, 0x86, 0x4D, 0x9A, 0xCB,
    0x7E, 0x99, 0x8B, 0x9D, 0x1C, 0xF3, 0x7C, 0x4D, 0x2E, 0x3E, 0xE8, 0x4C, 0xA6, 0x91, 0x7A, 0x30,
    0x2E, 0x25, 0x4F, 0xC7, 0xB4, 0x2F, 0xCC, 0x67, 0x8F, 0x25, 0x6D, 0x53, 0xA9, 0xD9, 0xAA, 0x7E,
    0x5E, 0x1A, 0xB0, 0x2F, 0x6B, 0x9A, 0xDC, 0xD7, 0xB6, 0xC3, 0xB0, 0x5B, 0x69, 0x45, 0x3E, 0xB5,
    0x05, 0xD7, 0x02, 0xBE, 0x10, 0x6F, 0xB8, 0x81, 0xA7, 0xD5, 0x86, 0x2E, 0xE6, 0x2D, 0xC0, 0xF6,
    0x9E, 0x79, 0x0B, 0x5A, 0x96, 0x20, 0x12, 0x90, 0x9E, 0xA5, 0x48, 0xF6, 0x5B, 0xAC, 0x68, 0x47,
    0xC1, 0xBC, 0x6D, 0x22, 0xB4, 0x86, 0xA1, 0xDC, 0x71, 0xE0, 0x1D, 0xEE, 0x6B, 0x6A, 0xCE, 0xDB,
    0x15, 0x49, 0xCD, 0x41, 0x49, 0x6A, 0xCE, 0x5B, 0x18, 0xF1, 0xFC, 0x57, 0x35, 0x5D, 0xA5, 0x13,
    0x95, 0x6D, 0xBF, 0xF6, 0xDC, 0x13, 0xCF, 0x62, 0xD9, 0xEF, 0xFB, 0x8D, 0xBA, 0xFD, 0x5A, 0x8B,
    0xBB, 0x18, 0xEB, 0xE7, 0x9C, 0xFE, 0xEA, 0xED, 0xC6, 0xF9, 0xFC, 0xDF, 0x35, 0xCE, 0xE5, 0x5B,
    0x4D, 0x5F, 0x8B, 0x2A, 0x91, 0xF4, 0x95, 0x1C, 0xFE, 0x42, 0xD3, 0xD7, 0x21, 0x73, 0xC5, 0x5D,
    0xDB, 0xB9, 0xE2, 0xEE, 0x0E, 0xCA, 0xC1, 0xC2, 0x47, 0xFC, 0xAB, 0xF1, 0x21, 0xFA, 0xE1, 0x29,
    0xD3, 0xD7, 0xA7, 0x2A, 0x30, 0x06, 0x83, 0x1C, 0x75, 0xC3, 0x0F, 0x55, 0x44, 0x31, 0x1F, 0x8B,
    0x16, 0x14, 0xF3, 0xB1, 0xFE, 0xEA, 0x4D, 0xE5, 0xE3, 0xA6, 0xD5, 0xB3, 0x11, 0xDA, 0x12, 0xF4,
    0x1A, 0x89, 0x13, 0x34, 0x88, 0x71, 0x24, 0x8E, 0xCB, 0x9B, 0xCC, 0xC7, 0x07, 0xB4, 0x63, 0xBD,
    0xC9, 0x7C, 0xBC, 0xD3, 0xDC, 0x01, 0x05, 0x3E, 0x86, 0x9E, 0x3F, 0x03, 0x39, 0x56, 0xE3, 0x0E,
    0xD6, 0x77, 0xF2, 0x59, 0xB3, 0xE3, 0xCD, 0x11, 0xF3, 0xCD, 0x71, 0x3D, 0x6E, 0x5E, 0xCB, 0xC7,
    0xF4, 0xDC, 0x2A, 0xEB, 0x52, 0xE2, 0xF6, 0xDF, 0xE1, 0xFF, 0xD6, 0x08, 0x9C, 0x58, 0xD9, 0xED,
    0x55, 0xC5, 0xBD, 0x56, 0x38, 0xE8, 0x8C, 0x32, 0xD0, 0x9A, 0x3D, 0xC1, 0x7F, 0x68, 0xF4, 0xC4,
    0xC3, 0xB8, 0x03, 0x0F, 0xF1, 0x47, 0xB4, 0x08, 0xD9, 0x42, 0xEA, 0x66, 0xBE, 0x3C, 0x94, 0xB3,
    0x7B, 0x38, 0x9D, 0x7C, 0x4F, 0x0F, 0x8B, 0x24, 0xEA, 0x3F, 0x31, 0xDD, 0x4C, 0x61, 0xAF, 0xC6,
    0xC4, 0x7C, 0x9C, 0x1B, 0x90, 0xFF, 0xFF, 0x50, 0x36, 0x98, 0x06, 0x62, 0x4C, 0x8F, 0x55, 0x6C,
    0x4F, 0x93, 0xFB, 0x93, 0x2B, 0x2A, 0x8C, 0x67, 0x57, 0xC5, 0x85, 0x57, 0xAE, 0x09, 0xDC, 0xDE,
    0x18, 0xB8, 0x91, 0xEF, 0xD5, 0x63, 0xBA, 0x57, 0x8F, 0xD9, 0x5E, 0x3D, 0x26, 0x7B, 0xF5, 0x98,
    0xEB, 0xD5, 0xCE, 0xF0, 0x35, 0x70, 0x23, 0xD3, 0xD3, 0xC0, 0x6D, 0xF9, 0x24, 0x5C, 0x0C, 0x3F,
    0xA8, 0x9D, 0xE1, 0xBF, 0x54, 0x3B, 0xC3, 0xFF, 0x70, 0x6C, 0x9D, 0x71, 0xF5, 0xCB, 0x28, 0x4F,
    0x95, 0xBD, 0xA4, 0x8C, 0x34, 0x70, 0x63, 0x00, 0xDF, 0xF5, 0x86, 0x3F, 0x53, 0x3E, 0x59, 0x38,
    0xFE, 0x30, 0xA6, 0xC2, 0x4F, 0x41, 0x3D, 0xCF, 0xFB, 0x4E, 0x20, 0x4D, 0x61, 0xE3, 0x6C, 0xE4,
    0x5F, 0xEB, 0x7C, 0xFB, 0x7A, 0xB5, 0xC2, 0xFB, 0xFA, 0xA4, 0xA5, 0x94, 0x15, 0xDD, 0x21, 0x1D,
    0x41, 0xAE, 0xB8, 0x4F, 0xA4, 0x3B, 0x26, 0x2A, 0x28, 0x31, 0xCC, 0x26, 0xED, 0xE4, 0xB5, 0xA8,
    0xA2, 0x1C, 0x95, 0xD2, 0x55, 0x8F, 0x42, 0x13, 0xA5, 0xA8, 0xBF, 0xB0, 0x99, 0x41, 0xE6, 0x16,
    0x7C, 0x52, 0xBD, 0xA9, 0xC7, 0x6B, 0xC5, 0x98, 0xAB, 0x72, 0xAD, 0x4F, 0x1E, 0x3C, 0xAE, 0x5C,
    0xA7, 0x08, 0xB7, 0x05, 0x2E, 0xAE, 0xEC, 0x2D, 0xB9, 0x7E, 0x60, 0x21, 0x0E, 0x36, 0x31, 0xB0,
    0x90, 0x0B, 0x8C, 0x18, 0x58, 0x08, 0xAE, 0x78, 0x60, 0x21, 0x98, 0xE2, 0x81, 0x85, 0xE0, 0x89,
    0x07, 0x16, 0x72, 0x4D, 0x19, 0x03, 0x0B, 0xC1, 0x07, 0x0F, 0x2C, 0x04, 0xC1, 0x03, 0x0B, 0xC1,
    0x0F, 0x0F, 0x2C, 0x04, 0x3B, 0x3C, 0xB0, 0x90, 0xB9, 0xE1, 0x81, 0x85, 0x3C, 0x78, 0x07, 0x03,
    0x0B, 0x99, 0x97, 0xAD, 0x81, 0x85, 0x92, 0x58, 0x91, 0x07, 0x90, 0x3C, 0x85, 0x7C, 0x92, 0xF0,
    0x71, 0xE3, 0xC2, 0xE3, 0x56, 0xD7, 0x4F, 0x2E, 0x44, 0x0F, 0x21, 0x26, 0x17, 0x82, 0x0B, 0x9E,
    0x5C, 0x08, 0x2E, 0x78, 0x72, 0x21, 0xB8, 0xE0, 0xC9, 0x85, 0xE0, 0x82, 0x27, 0x17, 0x32, 0x17,
    0x98, 0x5C, 0xC8, 0x5C, 0x2C, 0x1C, 0x11, 0x31, 0x81, 0x87, 0x9A, 0x33, 0x10, 0x51, 0xC5, 0x93,
    0x0B, 0xC1, 0x85, 0x4C, 0x2E, 0x04, 0x17, 0x3C, 0xB9, 0x90, 0xB9, 0xD8, 0x9A, 0x53, 0x28, 0x5C,
    0xEC, 0xB9, 0xC6, 0x9D, 0x3D, 0xB7, 0x1A, 0xCF, 0x5D, 0xE7, 0x84, 0x81, 0x99, 0x9F, 0x66, 0xD1,
    0xD6, 0xA9, 0x35, 0x63, 0xDE, 0x17, 0x22, 0x6D, 0x78, 0x84, 0x21, 0x63, 0xC6, 0x08, 0x43, 0x60,
    0xE6, 0x11, 0x86, 0x80, 0xCA, 0x23, 0x0C, 0x41, 0xF0, 0x08, 0x43, 0x60, 0x4E, 0xE4, 0xAC, 0x36,
    0xAA, 0x78, 0x84, 0x21, 0x30, 0xCB, 0x08, 0x43, 0x60, 0xE6, 0x11, 0x86, 0xC0, 0xBC, 0x3D, 0xC2,
    0x50, 0x1A, 0x18, 0x7A, 0x87, 0xB9, 0xBF, 0x44, 0x83, 0x2E, 0x19, 0x6A, 0x88, 0xA3, 0x02, 0x0C,
    0x35, 0x64, 0x23, 0xC0, 0x50, 0x43, 0xB6, 0x01, 0x0C, 0x35, 0x04, 0x66, 0x1E, 0x6A, 0x08, 0xCC,
    0x3C, 0xD4, 0x10, 0x98, 0x79, 0xA8, 0x21, 0xA0, 0xF2, 0x50, 0x43, 0x10, 0x3C, 0xD4, 0x10, 0x98,
    0x79, 0xA8, 0x21, 0x63, 0xC6, 0x50, 0x43, 0x8F, 0xD3, 0x32, 0x0C, 0x35, 0x24, 0xCC, 0x32, 0xD4,
    0x10, 0x98, 0xB7, 0x87, 0x1A, 0x02, 0x33, 0x86, 0x1A, 0x4E, 0x0D, 0x52, 0x97, 0x62, 0xDE, 0x7A,
    0xB4, 0xBD, 0x91, 0xFA, 0x3A, 0x00, 0xC7, 0xA5, 0xD8, 0x2C, 0x9E, 0x9B, 0x02, 0x5C, 0xCC, 0x3B,
    0x04, 0x5A, 0xCC, 0x3B, 0x04, 0x58, 0xCC, 0x3B, 0x04, 0x44, 0x3C, 0xB1, 0x36, 0xDD, 0x7D, 0xE6,
    0x12, 0x40, 0xF1, 0x68, 0x3B, 0x70, 0xF2, 0xA3, 0xED, 0x76, 0x23, 0x8F, 0xB6, 0x13, 0xCA, 0xAD,
    0x79, 0x87, 0xE8, 0xCD, 0x81, 0xDB, 0x73, 0x10, 0xCF, 0x21, 0xBC, 0x64, 0x44, 0x43, 0xA3, 0xCF,
    0x98, 0x31, 0xC4, 0xCA, 0x28, 0x46, 0xCC, 0x41, 0x64, 0x90, 0xA9, 0xCA, 0x94, 0xE7, 0x20, 0x32,
    0x4C, 0xCC, 0x41, 0x14, 0x7C, 0x69, 0xC8, 0x2E, 0x85, 0xE7, 0x20, 0x02, 0x23, 0xCF, 0x41, 0x64,
    0x0B, 0xC4, 0x1C, 0x44, 0xB6, 0x40, 0x6E, 0xCF, 0x24, 0xB0, 0x32, 0x07, 0x91, 0xD0, 0x9E, 0x9B,
    0x83, 0xC8, 0x7A, 0x80, 0x39, 0x88, 0x6A, 0x81, 0x9D, 0x22, 0x7E, 0xF2, 0x1C, 0x44, 0x79, 0xFF,
    0x30, 0x46, 0xBA, 0xC1, 0xC9, 0x57, 0xE7, 0x20, 0x02, 0xBD, 0xCE, 0x41, 0x04, 0x7E, 0x9D, 0x83,
    0x08, 0x0E, 0x74, 0x0E, 0x22, 0xA0, 0xEB, 0x1C, 0x44, 0x90, 0x3A, 0x07, 0x91, 0x65, 0x2D, 0x73,
    0x10, 0xC1, 0x89, 0xCE, 0x41, 0x64, 0xFD, 0xD0, 0x39, 0x88, 0xD0, 0x6A, 0x9D, 0x83, 0x08, 0x1D,
    0xB9, 0x38, 0x07, 0x91, 0x79, 0x92, 0x39, 0x88, 0x6E, 0x19, 0xF6, 0xAE, 0xF3, 0x90, 0xE6, 0x33,
    0x8D, 0x44, 0xD4, 0x91, 0x63, 0x4B, 0x65, 0xBB, 0x60, 0x8A, 0xAC, 0x80, 0x47, 0x22, 0x82, 0x69,
    0x19, 0x89, 0x08, 0x9E, 0x65, 0x24, 0x22, 0x58, 0x96, 0x91, 0x88, 0xEC, 0xFF, 0x79, 0x24, 0x22,
    0x28, 0x19, 0x89, 0xC8, 0xF6, 0xCB, 0x23, 0x11, 0x79, 0xE1, 0x78, 0x24, 0x22, 0xAF, 0x9C, 0x8C,
    0x44, 0x04, 0xB3, 0x32, 0x12, 0x51, 0x23, 0xC1, 0xD6, 0x48, 0xC4, 0x73, 0x91, 0x20, 0xB8, 0x22,
    0x12, 0x5C, 0x31, 0x26, 0x51, 0xF0, 0x63, 0x4C, 0x22, 0xB3, 0x22, 0x63, 0x12, 0x99, 0x17, 0x19,
    0x93, 0xC8, 0x61, 0x4D, 0xC6, 0x24, 0x72, 0x0C, 0x90, 0x31, 0x89, 0x60, 0x47, 0xC7, 0x24, 0x82,
    0x0B, 0x1D, 0x93, 0xC8, 0xA4, 0x8C, 0x49, 0x04, 0x47, 0x3A, 0x26, 0x11, 0x2C, 0xE9, 0x98, 0x44,
    0xF0, 0xE4, 0xC6, 0x24, 0xDA, 0xCD, 0x38, 0x26, 0x91, 0xB8, 0xBA, 0x64, 0x4C, 0x22, 0xF8, 0xD2,
    0x31, 0x89, 0xBA, 0x82, 0xDD, 0x35, 0x31, 0xCE, 0x6D, 0xCF, 0xCF, 0xDF, 0xC7, 0x0C, 0xCC, 0x1E,
    0x1D, 0x3A, 0x39, 0x48, 0x48, 0x3C, 0x72, 0x23, 0x40, 0xA2, 0xFC, 0x5A, 0x8F, 0xE1, 0xAC, 0xD1,
    0xA8, 0xC7, 0x20, 0xAE, 0xD8, 0x16, 0x31, 0x64, 0x8B, 0x4D, 0xF1, 0x44, 0x3D, 0x85, 0xFF, 0x19,
    0x3D, 0x86, 0x7D, 0x6A, 0x8F, 0xC1, 0x5F, 0xFF, 0x60, 0xA6, 0x87, 0x27, 0xB6, 0x13, 0xC9, 0xF1,
    0xF4, 0x64, 0x71, 0xE1, 0xCC, 0x70, 0x4A, 0x36, 0xDB, 0xF9, 0x63, 0x53, 0xAB, 0xF3, 0x59, 0x5A,
    0xCE, 0x6F, 0x8C, 0x5A, 0x15, 0x58, 0xD8, 0x6B, 0x6A, 0x13, 0x16, 0xC2, 0xB5, 0x59, 0x3C, 0xC8,
    0x8D, 0x28, 0xC0, 0xCF, 0x2A, 0x09, 0x9F, 0xD1, 0xEB, 0x8D, 0x44, 0xCD, 0xF8, 0x05, 0x25, 0x56,
    0xDC, 0x4C, 0xE5, 0x37, 0xCF, 0xE2, 0xC9, 0x28, 0xF0, 0x5E, 0x34, 0xD2, 0x54, 0x95, 0xDB, 0x0C,
    0xC5, 0x08, 0xBB, 0xD1, 0xE6, 0x1E, 0x62, 0x7F, 0xE5, 0x4A, 0x2B, 0x31, 0x8F, 0x9A, 0x42, 0xD2,
    0xC7, 0x5B, 0x05, 0x48, 0x00, 0x83, 0xA6, 0xAE, 0x76, 0xEB, 0x5B, 0x73, 0x59, 0xC6, 0x3E, 0x3C,
    0x7F, 0x46, 0xC1, 0xFD, 0xD4, 0xBA, 0x5C, 0x32, 0x97, 0x85, 0x9D, 0x0F, 0xCF, 0x65, 0x61, 0xDF,
    0xC3, 0x73, 0x59, 0xD8, 0xF5, 0xF0, 0x5C, 0x16, 0xF6, 0x3C, 0x3C, 0x97, 0x45, 0x1D, 0x0F, 0x77,
    0x1E, 0x45, 0x95, 0xCC, 0x65, 0x51, 0xB7, 0xC3, 0x0F, 0x06, 0x6D, 0xDC, 0x5C, 0x16, 0x18, 0xE2,
    0xF9, 0xB9, 0x2C, 0x12, 0x9A, 0xDA, 0xAD, 0xE6, 0xDD, 0x2B, 0x0C, 0xF1, 0xE9, 0x95, 0xED, 0x9F,
    0xCF, 0x29, 0xDB, 0xBD, 0xFF, 0x37, 0xCA, 0x36, 0x3B, 0x8D, 0x92, 0xC3, 0x28, 0xDA, 0x12, 0x48,
    0x2F, 0x06, 0x6D, 0x12, 0x6C, 0x0D, 0xCC, 0xAB, 0x6F, 0x76, 0x32, 0x3A, 0xAC, 0x37, 0x77, 0x5A,
    0x46, 0xDD, 0x41, 0x81, 0x00, 0xBB, 0x37, 0x8B, 0x56, 0x64, 0xAE, 0xE3, 0xC5, 0xFA, 0x34, 0x67,
    0xDD, 0x30, 0x18, 0xF4, 0x20, 0x44, 0xD0, 0xAB, 0xB6, 0x98, 0x2F, 0x31, 0x11, 0x55, 0xAE, 0x05,
    0x2F, 0x17, 0x6D, 0x95, 0x59, 0x8D, 0xAD, 0x4B, 0xB6, 0xE6, 0x7F, 0x95, 0x47, 0x8C, 0xBB, 0x75,
    0x2C, 0xB4, 0x8E, 0x87, 0xC3, 0xEB, 0x0E, 0x44, 0x82, 0xED, 0x79, 0x7A, 0x3B, 0x07, 0x8C, 0x99,
    0xC7, 0x4E, 0xB2, 0xA2, 0x60, 0xEC, 0x24, 0x63, 0xC6, 0xD8, 0x49, 0x60, 0xE6, 0xB1, 0x93, 0x9C,
    0xAF, 0x70, 0x66, 0xCB, 0x4A, 0xA2, 0xF2, 0xE6, 0xB1, 0x93, 0xC0, 0xCC, 0x63, 0x27, 0x55, 0x43,
    0xF0, 0xBC, 0xCE, 0x46, 0xC7, 0x4E, 0x6A, 0x50, 0xCA, 0x54, 0xEA, 0x9B, 0x29, 0x20, 0x5D, 0x93,
    0xB8, 0x9C, 0x8F, 0x43, 0x97, 0x4E, 0xA4, 0xA4, 0x9F, 0xE6, 0x89, 0x94, 0xE0, 0x82, 0x27, 0x52,
    0x8A, 0xE4, 0xFB, 0x7D, 0xE6, 0x62, 0x2D, 0xAF, 0x7C, 0xAD, 0xE3, 0x89, 0x94, 0x6C, 0xA7, 0xFA,
    0xE6, 0x8E, 0x27, 0x52, 0x72, 0xAA, 0x80, 0x89, 0x94, 0xCC, 0x45, 0xC3, 0x04, 0x29, 0x3A, 0x26,
    0x52, 0xCA, 0xD6, 0x03, 0x13, 0x29, 0x39, 0xDE, 0xE0, 0xC1, 0x3F, 0x96, 0xFC, 0xD6, 0x44, 0xCA,
    0xAB, 0x52, 0xC6, 0xEF, 0x5E, 0x94, 0xFC, 0x6C, 0x9A, 0x62, 0xE3, 0x8E, 0x6F, 0x1B, 0x3D, 0xFE,
    0x00, 0x66, 0x1E, 0x4D, 0x09, 0xCC, 0x3C, 0x9A, 0x12, 0x98, 0x79, 0x34, 0x25, 0xEF, 0x99, 0x30,
    0x9A, 0x92, 0x05, 0x9E, 0xAA, 0x93, 0x49, 0xA4, 0x8A, 0x4B, 0x61, 0xB2, 0xE1, 0x13, 0xE7, 0xA8,
    0xE2, 0xD1, 0x94, 0xC0, 0x2C, 0xA3, 0x29, 0x59, 0x5B, 0xB8, 0x17, 0xEE, 0xC0, 0x9C, 0x9B, 0x43,
    0x38, 0xFA, 0x07, 0xC1, 0xDC, 0x5C, 0x95, 0xE6, 0x6E, 0xCF, 0xA8, 0xE4, 0x3F, 0xF3, 0xA1, 0x76,
    0xCF, 0x33, 0x2A, 0x81, 0x99, 0x67, 0x54, 0x02, 0x73, 0x20, 0x5B, 0x3E, 0xDE, 0xE8, 0xD5, 0x82,
    0xB9, 0x0B, 0xC4, 0xA7, 0xF0, 0x8C, 0x4A, 0x17, 0xE5, 0x19, 0x33, 0xCF, 0xA8, 0x14, 0x39, 0xC3,
    0xF6, 0x64, 0x8B, 0x57, 0x0B, 0x66, 0x9E, 0x51, 0x29, 0x61, 0xBD, 0x9E, 0xD5, 0x47, 0x64, 0xC2,
    0x54, 0xED, 0x62, 0x7A, 0x7D, 0x8D, 0x3F, 0xDC, 0x96, 0x33, 0x73, 0xEA, 0x4F, 0x04, 0x9E, 0x49,
    0x64, 0x82, 0x72, 0x92, 0xBB, 0x4C, 0x50, 0x4A, 0x82, 0xCE, 0x49, 0xB6, 0x4A, 0x4C, 0xAD, 0x04,
    0x54, 0x9E, 0x5A, 0xC9, 0xE1, 0x1B, 0xB5, 0x26, 0x60, 0xE6, 0xA9, 0x95, 0xC0, 0xCC, 0x53, 0x2B,
    0x81, 0x59, 0xA6, 0x56, 0xC2, 0xA9, 0x30, 0x41, 0x98, 0xCF, 0x4D, 0xAD, 0xDC, 0x96, 0xB3, 0xDF,
    0x3C, 0x21, 0xDD, 0x72, 0x07, 0x7E, 0xEE, 0xBC, 0xCF, 0x1D, 0xF7, 0xE1, 0x8E, 0xDA, 0x92, 0x77,
    0xE9, 0xFD, 0xC6, 0x81, 0xDC, 0xA3, 0x5E, 0xBF, 0xB7, 0xFA, 0xFF, 0x89, 0xDE, 0xE3, 0x73, 0xDF,
    0x2F, 0xF5, 0xBE, 0xE6, 0xE3, 0xBB, 0xC6, 0xEF, 0xF8, 0xDE, 0xC7, 0x72, 0xAE, 0x57, 0xD0, 0xD6,
    0x0E, 0xF7, 0xB8, 0x33, 0xEE, 0x78, 0x4F, 0x71, 0x3D, 0xC3, 0x87, 0x7B, 0x41, 0xA3, 0xCF, 0x7E,
    0xB6, 0x56, 0xE3, 0xE9, 0x85, 0x3F, 0x7A, 0x61, 0xCF, 0x0D, 0x89, 0xD8, 0xB9, 0xA6, 0xED, 0xC2,
    0xAC, 0xDA, 0x40, 0xE2, 0x57, 0x80, 0x7F, 0x1C, 0xBF, 0xA2, 0x36, 0x79, 0x87, 0xE3, 0x12, 0x86,
    0x92, 0x3C, 0x2E, 0x79, 0xCD, 0x86, 0x83, 0x00, 0xD3, 0x23, 0xB1, 0x6F, 0xA5, 0xD5, 0x2A, 0x79,
    0xD5, 0xEE, 0xF4, 0xE9, 0xB7, 0x25, 0x7E, 0x99, 0xBD, 0x0D, 0x3F, 0x53, 0x48, 0xF6, 0x4F, 0xAA,
    0xE5, 0xA8, 0x8A, 0x29, 0x6C, 0x5E, 0xB9, 0x88, 0x05, 0x87, 0xDA, 0x83, 0x62, 0x7D, 0xFB, 0x32,
    0x9F, 0x74, 0x8B, 0x4B, 0x05, 0x25, 0x3E, 0x75, 0xFB, 0xAF, 0x8B, 0x88, 0xD1, 0x80, 0x12, 0x43,
    0x01, 0x25, 0x2B, 0x78, 0x79, 0xDB, 0xC5, 0xE4, 0x5A, 0xD9, 0xB7, 0xCA, 0x63, 0x4C, 0x5C, 0x43,
    0xA0, 0x1D, 0x5C, 0xCE, 0x7C, 0xF8, 0x83, 0xA4, 0xFE, 0x28, 0x8D, 0x94, 0x56, 0xFC, 0x2B, 0x51,
    0x6D, 0xC2, 0x0E, 0xD6, 0xB7, 0x59, 0x2B, 0x1E, 0x36, 0x69, 0x4D, 0x2B, 0x2E, 0x96, 0x92, 0xB2,
    0x56, 0x7C, 0x6C, 0x7A, 0x20, 0xAF, 0x45, 0x55, 0xBA, 0x31, 0xED, 0xF7, 0xD8, 0xCB, 0x7A, 0x45,
    0xD9, 0x16, 0x1C, 0xD9, 0x4C, 0xD8, 0xB6, 0xAF, 0x28, 0x1F, 0xC7, 0x63, 0x6C, 0x88, 0x5B, 0x67,
    0xFC, 0x8B, 0x31, 0x0E, 0xFB, 0xED, 0xD5, 0x71, 0x58, 0x9F, 0x45, 0x69, 0xC7, 0x06, 0x44, 0x1E,
    0xCC, 0xC1, 0x53, 0x39, 0x1A, 0x1C, 0xFB, 0xF3, 0x3C, 0x0E, 0x3E, 0x1A, 0x55, 0x2A, 0xC1, 0x65,
    0x89, 0x90, 0xD3, 0xE3, 0x79, 0x17, 0x3C, 0x90, 0x82, 0xC2, 0x4C, 0x6A, 0x6F, 0x64, 0x66, 0xE7,
    0x9F, 0x30, 0x89, 0x32, 0xA6, 0x8D, 0x77, 0x65, 0x4F, 0xF2, 0xF0, 0xE7, 0xA8, 0x7B, 0x44, 0x28,
    0x4C, 0x72, 0x05, 0xC4, 0x2B, 0xDE, 0x1F, 0x9F, 0x5C, 0xE1, 0x06, 0xAA, 0x2B, 0xC6, 0x7E, 0x36,
    0x17, 0x6B, 0x87, 0x9C, 0xD1, 0xF0, 0xD8, 0x4F, 0x0E, 0x54, 0x32, 0xA9, 0x19, 0x91, 0x8A, 0xC7,
    0x7E, 0x72, 0xA8, 0xE2, 0xB1, 0x9F, 0xB2, 0xB7, 0xC6, 0xD8, 0x4F, 0xC9, 0x0D, 0x5E, 0xD5, 0x08,
    0x2B, 0x7D, 0x0B, 0x1C, 0xAE, 0x6A, 0x17, 0x63, 0x75, 0xEC, 0xA7, 0x04, 0xAC, 0xB0, 0x1E, 0xB7,
    0x51, 0xA5, 0x4B, 0xC2, 0x07, 0x27, 0x49, 0xCE, 0xC6, 0x9E, 0x2A, 0xA3, 0x99, 0xCD, 0x64, 0xC3,
    0xAF, 0xCE, 0x8D, 0xFC, 0x61, 0x82, 0xA2, 0x61, 0x82, 0xB4, 0xA1, 0x67, 0x22, 0xC5, 0x14, 0x13,
    0xF1, 0xF8, 0x7C, 0x68, 0xC5, 0x2A, 0x5D, 0x08, 0xD1, 0x85, 0x36, 0x17, 0x22, 0x39, 0x69, 0x65,
    0x23, 0x98, 0x9A, 0xB7, 0x24, 0x9B, 0x5C, 0x22, 0x4E, 0x00, 0xFB, 0x92, 0x9F, 0xA3, 0xE7, 0x0D,
    0x44, 0x20, 0x1B, 0xC0, 0xB8, 0x76, 0x7F, 0x22, 0x85, 0xFF, 0x3A, 0x14, 0x70, 0xBB, 0x3F, 0x16,
    0x35, 0xCF, 0x0F, 0x2E, 0x60, 0x76, 0xC3, 0xD9, 0xB8, 0x6F, 0xF5, 0xB6, 0xB4, 0xAF, 0x76, 0x7C,
    0x23, 0x08, 0x70, 0x36, 0x7C, 0x8B, 0x50, 0xFA, 0x83, 0xAB, 0xE1, 0xEF, 0x30, 0x35, 0x80, 0x6B,
    0xF7, 0x9E, 0x7C, 0x07, 0x81, 0x36, 0xCC, 0x08, 0xBC, 0x0C, 0x3E, 0x95, 0x9C, 0x0C, 0x6E, 0xE4,
    0x63, 0x64, 0xBE, 0x5C, 0x8E, 0xE4, 0x97, 0x3C, 0x8C, 0x0A, 0x51, 0xCF, 0xE1, 0x8E, 0x65, 0x4B,
    0xF3, 0x77, 0xB3, 0x07, 0xC1, 0xBB, 0x8B, 0x73, 0x0C, 0xE4, 0xE8, 0x64, 0x31, 0x1B, 0xD0, 0xB0,
    0x28, 0x6F, 0xE4, 0x46, 0xFE, 0x82, 0x0C, 0xAE, 0xBD, 0x7B, 0x20, 0x4D, 0x1E, 0x50, 0x1B, 0xAF,
    0xF2, 0x3A, 0x58, 0xE7, 0xB8, 0x10, 0x54, 0x28, 0x79, 0x04, 0xA7, 0xF2, 0x38, 0xEE, 0x29, 0x8A,
    0xDA, 0xBB, 0x2F, 0xE2, 0x7A, 0x9B, 0x8F, 0x61, 0xAC, 0xEF, 0x68, 0xF1, 0x2C, 0xC1, 0x70, 0xF4,
    0x5F, 0x1B, 0x76, 0x85, 0x70, 0xF5, 0x47, 0xF2, 0x30, 0x76, 0xE8, 0x06, 0x6C, 0x5F, 0x3A, 0x77,
    0xB4, 0x71, 0x01, 0xD7, 0x9F, 0x51, 0xCF, 0x67, 0x32, 0x77, 0x14, 0xAB, 0x2E, 0x73, 0x47, 0xB9,
    0x9E, 0xC5, 0x73, 0x47, 0xB1, 0xEE, 0x32, 0x77, 0x54, 0x22, 0x4F, 0x1F, 0x38, 0x6A, 0xAD, 0x81,
    0x53, 0xE6, 0x8E, 0xB2, 0x0B, 0xE0, 0xCA, 0x0F, 0x57, 0xB5, 0x64, 0xEE, 0x28, 0xCA, 0x19, 0xF5,
    0x98, 0x8A, 0x9F, 0x9F, 0x31, 0xAA, 0xAE, 0xAC, 0x1E, 0x31, 0xD7, 0xD7, 0x05, 0xA3, 0xEB, 0x67,
    0x91, 0x92, 0x35, 0xF1, 0x2C, 0x52, 0x66, 0x0B, 0xB3, 0x48, 0x39, 0xA8, 0x62, 0x16, 0x29, 0xAB,
    0xF2, 0x86, 0xC7, 0x1E, 0x22, 0x11, 0x90, 0xF9, 0x87, 0x3D, 0xCF, 0x22, 0x65, 0x57, 0x86, 0x59,
    0xA4, 0x20, 0x78, 0x16, 0xA9, 0x2F, 0x8D, 0xD2, 0xB1, 0x4B, 0x75, 0x63, 0x97, 0xEA, 0xC6, 0xCE,
    0x2F, 0xC7, 0x8E, 0x97, 0xF9, 0xE4, 0x51, 0x37, 0x49, 0x51, 0x19, 0x89, 0x1D, 0x1F, 0x37, 0x9E,
    0x54, 0x57, 0x5C, 0x49, 0x3D, 0x90, 0x88, 0x4E, 0xEB, 0x8A, 0x3C, 0x94, 0x94, 0x31, 0x63, 0x28,
    0xA9, 0xB8, 0xE2, 0x8D, 0xD4, 0x15, 0x79, 0x28, 0xA9, 0x38, 0xE2, 0x50, 0x08, 0x1E, 0x4A, 0xAA,
    0x6E, 0x58, 0xEA, 0x8A, 0x3C, 0x94, 0x54, 0x9C, 0x70, 0xA5, 0x75, 0x45, 0x1E, 0x4A, 0x2A, 0xC9,
    0xCB, 0xFA, 0x29, 0x92, 0xC4, 0x27, 0xD6, 0xC0, 0x78, 0x4C, 0x29, 0xBB, 0x8C, 0x96, 0x09, 0xD2,
    0x9E, 0x0D, 0x13, 0x88, 0x1F, 0x37, 0x5E, 0x16, 0xCC, 0x18, 0x53, 0x2A, 0xF5, 0x5B, 0x6B, 0x25,
    0xF4, 0x85, 0xDC, 0xE3, 0x82, 0x42, 0x6E, 0x13, 0x31, 0x66, 0x1E, 0x53, 0x0A, 0xCC, 0x3C, 0xA6,
    0x94, 0x93, 0x17, 0x1E, 0x53, 0x8A, 0xE4, 0x85, 0x5B, 0x5E, 0x08, 0xF3, 0xB9, 0x31, 0xA5, 0x22,
    0xE7, 0xC8, 0x61, 0x8E, 0xAE, 0xC6, 0x3C, 0x0D, 0x2E, 0x6D, 0x24, 0x45, 0xE3, 0x73, 0xC7, 0xD3,
    0x4C, 0x12, 0x44, 0x2B, 0x3B, 0x20, 0x0C, 0x2E, 0x05, 0xDA, 0x25, 0xAB, 0x89, 0xE9, 0x31, 0xB8,
    0x14, 0x10, 0x9F, 0x33, 0x5A, 0x39, 0x37, 0x52, 0x2F, 0x47, 0x3E, 0x0C, 0xA0, 0x18, 0x5C, 0x0A,
    0x9C, 0x3C, 0xB8, 0x94, 0x60, 0xF2, 0x63, 0x8E, 0x48, 0xB1, 0xE6, 0x83, 0x4B, 0x19, 0x23, 0x05,
    0x48, 0x86, 0x18, 0xD7, 0x82, 0xF0, 0x09, 0x83, 0x4B, 0xFF, 0xC4, 0x36, 0xC8, 0xBF, 0xC7, 0xE0,
    0xD2, 0x7F, 0x4F, 0xDB, 0xE7, 0xCF, 0x36, 0xB8, 0x54, 0xAC, 0xB4, 0x73, 0x39, 0x53, 0xE7, 0x52,
    0xA6, 0xCE, 0x65, 0x4C, 0x1A, 0x24, 0x85, 0xE0, 0x7C, 0x49, 0x63, 0x63, 0xAB, 0xD1, 0x92, 0x07,
    0x97, 0xB2, 0x95, 0x56, 0x5A, 0x72, 0xE1, 0xC1, 0xA5, 0x6A, 0xA5, 0x9D, 0xB3, 0xD2, 0xCE, 0x25,
    0x4A, 0xF3, 0xC1, 0xA5, 0x78, 0x72, 0x94, 0x07, 0x97, 0xE2, 0x59, 0x6F, 0x1E, 0x5C, 0x7A, 0xA9,
    0xC6, 0xCB, 0xE3, 0x89, 0x0B, 0xB4, 0x2F, 0x2E, 0x2C, 0x1A, 0x22, 0x12, 0x3C, 0x0D, 0xE6, 0xF7,
    0xEE, 0x82, 0xF1, 0x75, 0x3E, 0xFE, 0x03, 0x0F, 0x99, 0xE6, 0xF8, 0x3B, 0x51, 0x79, 0xC0, 0x7F,
    0xAC, 0xEA, 0x59, 0xFE, 0x43, 0x55, 0xFC, 0x47, 0xAA, 0x70, 0xDE, 0xB3, 0x44, 0x2F, 0x61, 0x81,
    0x3F, 0xC9, 0xB5, 0x94, 0xC9, 0xE8, 0x2F, 0xE3, 0xCF, 0xB3, 0xD2, 0x5B, 0xC2, 0x8F, 0xE8, 0x12,
    0x58, 0xBC, 0x2F, 0x81, 0x5C, 0xBD, 0x8B, 0x29, 0xD2, 0x6C, 0xE2, 0x37, 0xA1, 0xA8, 0x18, 0x87,
    0x22, 0xC1, 0xA8, 0xEF, 0x7E, 0xBC, 0xE9, 0x38, 0x3D, 0x9E, 0xF8, 0x8D, 0x1B, 0x63, 0x8A, 0x0D,
    0xA3, 0xE2, 0x89, 0xDF, 0xFC, 0x73, 0x40, 0xA6, 0xD8, 0x22, 0x41, 0x17, 0x31, 0xBE, 0x3C, 0xCE,
    0xC8, 0xBD, 0xA7, 0x79, 0x81, 0x33, 0xCD, 0xF8, 0x07, 0x97, 0x4E, 0xFC, 0xD6, 0x51, 0x17, 0x30,
    0xC3, 0x96, 0x53, 0x9B, 0x96, 0x9F, 0xCE, 0xE7, 0xD6, 0xFB, 0x9C, 0x7B, 0x7E, 0x4B, 0x7E, 0xE2,
    0x2B, 0x6B, 0xB9, 0x39, 0xAB, 0xE5, 0xFD, 0x41, 0xCB, 0x13, 0xBF, 0x5B, 0x1E, 0x2B, 0xDB, 0xF2,
    0xEC, 0x77, 0x36, 0x82, 0xB6, 0x35, 0x8B, 0xD7, 0x1A, 0xCA, 0x5E, 0xC3, 0x77, 0x5A, 0xCA, 0x5C,
    0xC3, 0xB7, 0x9B, 0x45, 0xCB, 0xF1, 0x17, 0x0D, 0x06, 0x47, 0x87, 0x38, 0x2B, 0xB5, 0x43, 0xCB,
    0xF1, 0x57, 0xA6, 0xCD, 0x48, 0x9E, 0x7B, 0x68, 0xFE, 0x0F,
};

static const EpdGlyph notobengali_14_regularGlyphs[] = {
    { 0, 0, 0, 0, 0, 0, 0 }, // U+0000
    { 0, 0, 121, 0, 0, 0, 0 }, // U+000D
    { 0, 0, 121, 0, 0, 0, 0 }, // U+0020
    { 4, 21, 179, 4, 21, 21, 0 }, // !
    { 9, 8, 234, 3, 22, 18, 21 }, // "
    { 19, 19, 305, 0, 19, 91, 39 }, // #
    { 22, 19, 386, 1, 19, 105, 130 }, // %
    { 4, 8, 152, 3, 22, 8, 235 }, // '
    { 7, 27, 196, 3, 23, 48, 243 }, // (
    { 7, 27, 196, 2, 23, 48, 291 }, // )
    { 14, 14, 283, 2, 22, 49, 339 }, // *
    { 14, 14, 276, 2, 16, 49, 388 }, // +
    { 5, 7, 123, 1, 4, 9, 437 }, // ,
    { 8, 3, 159, 1, 10, 6, 446 }, // -
    { 4, 4, 125, 2, 4, 4, 452 }, // .
    { 11, 27, 210, 1, 23, 75, 456 }, // /
    { 14, 21, 257, 1, 21, 74, 531 }, // 0
    { 9, 21, 257, 2, 21, 48, 605 }, // 1
    { 14, 22, 257, 1, 22, 77, 653 }, // 2
    { 14, 22, 257, 1, 22, 77, 730 }, // 3
    { 16, 22, 257, 0, 22, 88, 807 }, // 4
    { 14, 21, 257, 1, 21, 74, 895 }, // 5
    { 14, 21, 257, 1, 21, 74, 969 }, // 6
    { 14, 22, 257, 1, 21, 77, 1043 }, // 7
    { 14, 21, 257, 1, 21, 74, 1120 }, // 8
    { 14, 22, 257, 1, 22, 77, 1194 }, // 9
    { 5, 16, 137, 2, 16, 20, 1271 }, // :
    { 6, 20, 137, 1, 17, 30, 1291 }, // ;
    { 14, 15, 276, 2, 17, 53, 1321 }, // <
    { 14, 8, 276, 2, 13, 28, 1374 }, // =
    { 14, 15, 276, 2, 17, 53, 1402 }, // >
    { 12, 22, 242, 2, 22, 66, 1455 }, // ?
    { 6, 28, 194, 4, 24, 42, 1521 }, // [
    { 11, 27, 210, 1, 23, 75, 1563 }, // <backslash>
    { 7, 27, 194, 2, 23, 48, 1638 }, // ]
    { 15, 13, 276, 1, 21, 49, 1686 }, // ^
    { 14, 2, 192, -1, -3, 7, 1735 }, // _
    { 9, 27, 182, 1, 23, 61, 1742 }, // {
    { 3, 27, 252, 6, 23, 21, 1803 }, // |
    { 9, 27, 212, 2, 23, 61, 1824 }, // }
    { 14, 6, 276, 2, 13, 21, 1885 }, // ~
    { 0, 0, 121, 0, 0, 0, 0 }, // U+00A0
    { 8, 3, 159, 1, 10, 6, 0 }, // U+00AD
    { 13, 13, 276, 2, 16, 43, 6 }, // U+00D7
    { 14, 14, 276, 2, 17, 49, 49 }, // U+00F7
    { 15, 21, 252, 1, 20, 79, 0 }, // U+0980
    { 12, 6, 0, -10, 26, 18, 79 }, // U+0981
    { 11, 20, 204, 2, 18, 55, 97 }, // U+0982
    { 9, 19, 204, 2, 18, 43, 152 }, // U+0983
    { 28, 18, 417, -1, 18, 126, 195 }, // U+0985
    { 36, 21, 540, -1, 20, 189, 321 }, // U+0986
    { 17, 29, 247, -1, 26, 124, 510 }, // U+0987
    { 22, 27, 322, -1, 26, 149, 634 }, // U+0988
    { 23, 25, 332, -1, 26, 144, 783 }, // U+0989
    { 27, 25, 398, -1, 26, 169, 927 }, // U+098A
    { 22, 21, 398, 1, 21, 116, 1096 }, // U+098B
    { 17, 21, 298, 1, 21, 90, 1212 }, // U+098C
    { 19, 18, 354, 1, 18, 86, 1302 }, // U+098F
    { 24, 27, 407, 1, 26, 162, 1388 }, // U+0990
    { 20, 17, 344, 0, 18, 85, 1550 }, // U+0993
    { 25, 26, 408, 0, 26, 163, 1635 }, // U+0994
    { 25, 18, 377, -1, 18, 113, 1798 }, // U+0995
    { 20, 21, 325, 1, 20, 105, 1911 }, // U+0996
    { 20, 21, 306, 0, 20, 105, 2016 }, // U+0997
    { 20, 18, 295, -1, 18, 90, 2121 }, // U+0998
    { 20, 17, 337, 0, 18, 85, 2211 }, // U+0999
    { 18, 17, 265, -1, 18, 77, 2296 }, // U+099A
    { 22, 20, 321, -1, 18, 110, 2373 }, // U+099B
    { 29, 19, 428, -1, 18, 138, 2483 }, // U+099C
    { 25, 21, 371, -1, 21, 132, 2621 }, // U+099D
    { 28, 18, 476, 1, 18, 126, 2753 }, // U+099E
    { 18, 25, 265, -1, 26, 113, 2879 }, // U+099F
    { 19, 27, 276, -1, 27, 129, 2992 }, // U+09A0
    { 23, 17, 332, -1, 18, 98, 3121 }, // U+09A1
    { 18, 17, 265, -1, 18, 77, 3219 }, // U+09A2
    { 18, 21, 289, 1, 20, 95, 3296 }, // U+09A3
    { 22, 17, 330, -1, 18, 94, 3391 }, // U+09A4
    { 19, 21, 301, 1, 20, 100, 3485 }, // U+09A5
    { 19, 19, 281, -1, 18, 91, 3585 }, // U+09A6
    { 17, 18, 278, 1, 18, 77, 3676 }, // U+09A7
    { 19, 18, 282, -1, 18, 86, 3753 }, // U+09A8
    { 22, 21, 334, 0, 20, 116, 3839 }, // U+09AA
    { 26, 19, 391, -1, 18, 124, 3955 }, // U+09AB
    { 19, 18, 278, -1, 18, 86, 4079 }, // U+09AC
    { 23, 17, 337, -1, 18, 98, 4165 }, // U+09AD
    { 20, 18, 290, -1, 18, 90, 4263 }, // U+09AE
    { 20, 18, 292, -1, 18, 90, 4353 }, // U+09AF
    { 19, 19, 278, -1, 18, 91, 4443 }, // U+09B0
    { 23, 18, 341, -1, 18, 104, 4534 }, // U+09B2
    { 22, 21, 316, -1, 20, 116, 4638 }, // U+09B6
    { 20, 18, 295, -1, 18, 90, 4754 }, // U+09B7
    { 22, 18, 318, -1, 18, 99, 4844 }, // U+09B8
    { 17, 20, 247, -1, 18, 85, 4943 }, // U+09B9
    { 5, 4, 0, -10, -2, 5, 5028 }, // U+09BC
    { 17, 20, 247, -1, 18, 85, 5033 }, // U+09BD
    { 10, 21, 124, -1, 20, 53, 5118 }, // U+09BE
    { 22, 27, 124, -1, 26, 149, 5171 }, // U+09BF
    { 25, 27, 124, -16, 26, 169, 5320 }, // U+09C0
    { 16, 10, 0, -13, 1, 40, 5489 }, // U+09C1
    { 14, 10, 0, -9, 2, 35, 5529 }, // U+09C2
    { 13, 9, 0, -11, 1, 30, 5564 }, // U+09C3
    { 12, 13, 0, -11, 1, 39, 5594 }, // U+09C4
    { 13, 19, 161, -1, 18, 62, 5633 }, // U+09C7
    { 13, 27, 161, -1, 26, 88, 5695 }, // U+09C8
    { 30, 21, 445, -1, 20, 158, 5783 }, // U+09CB
    { 30, 27, 445, -1, 26, 203, 5941 }, // U+09CC
    { 10, 8, 0, -6, 0, 20, 6144 }, // U+09CD
    { 16, 19, 245, 1, 18, 76, 6164 }, // U+09CE
    { 20, 27, 124, -11, 26, 135, 6240 }, // U+09D7
    { 23, 23, 332, -1, 18, 133, 6375 }, // U+09DC
    { 18, 23, 265, -1, 18, 104, 6508 }, // U+09DD
    { 20, 19, 292, -1, 18, 95, 6612 }, // U+09DF
    { 22, 29, 398, 1, 21, 160, 6707 }, // U+09E0
    { 17, 30, 298, 1, 21, 128, 6867 }, // U+09E1
    { 12, 11, 0, -11, 1, 33, 6995 }, // U+09E2
    { 21, 13, 0, -17, 1, 69, 7028 }, // U+09E3
    { 14, 14, 276, 2, 16, 49, 7097 }, // U+09E6
    { 12, 19, 276, 3, 19, 57, 7146 }, // U+09E7
    { 16, 20, 276, 1, 19, 80, 7203 }, // U+09E8
    { 17, 16, 276, 0, 17, 68, 7283 }, // U+09E9
    { 15, 18, 276, 1, 18, 68, 7351 }, // U+09EA
    { 16, 19, 276, 1, 19, 76, 7419 }, // U+09EB
    { 17, 17, 276, 0, 18, 73, 7495 }, // U+09EC
    { 14, 18, 276, 2, 18, 63, 7568 }, // U+09ED
    { 18, 18, 276, 0, 18, 81, 7631 }, // U+09EE
    { 17, 19, 276, 0, 19, 81, 7712 }, // U+09EF
    { 19, 18, 278, -1, 18, 86, 7793 }, // U+09F0
    { 19, 19, 278, -1, 18, 91, 7879 }, // U+09F1
    { 14, 14, 275, 2, 16, 49, 7970 }, // U+09F2
    { 18, 23, 297, 0, 22, 104, 8019 }, // U+09F3
    { 14, 14, 275, 2, 16, 49, 8123 }, // U+09F4
    { 19, 13, 330, 1, 16, 62, 8172 }, // U+09F5
    { 19, 19, 339, 1, 18, 91, 8234 }, // U+09F6
    { 3, 18, 139, 3, 18, 14, 8325 }, // U+09F7
    { 18, 18, 318, 1, 18, 81, 8339 }, // U+09F8
    { 12, 11, 225, 1, 15, 33, 8420 }, // U+09F9
    { 16, 12, 316, 2, 22, 48, 8453 }, // U+09FA
    { 10, 17, 136, 1, 12, 43, 8501 }, // U+09FB
    { 14, 17, 251, 1, 15, 60, 8544 }, // U+09FC
    { 10, 9, 199, 1, 15, 23, 8604 }, // U+09FD
    { 10, 11, 0, -5, 26, 28, 8627 }, // U+09FE
    { 0, 0, 0, 0, 0, 0, 0 }, // U+200B
    { 2, 28, 0, -1, 23, 14, 0 }, // U+200C
    { 10, 28, 0, -5, 23, 70, 14 }, // U+200D
    { 8, 3, 159, 1, 10, 6, 84 }, // U+2010
    { 13, 3, 233, 1, 11, 10, 90 }, // U+2013
    { 27, 3, 467, 1, 11, 21, 100 }, // U+2014
    { 5, 7, 146, 2, 21, 9, 121 }, // U+2018
    { 5, 7, 146, 2, 21, 9, 130 }, // U+2019
    { 11, 7, 233, 2, 21, 20, 139 }, // U+201C
    { 11, 7, 233, 2, 21, 20, 159 }, // U+201D
    { 20, 4, 375, 2, 4, 20, 179 }, // U+2026
    { 13, 19, 276, 2, 19, 62, 0 }, // U+20B9
    { 14, 3, 276, 2, 11, 11, 0 }, // U+2212
    { 24, 19, 358, -1, 18, 114, 0 }, // U+E000
    { 41, 21, 643, -1, 20, 216, 114 }, // U+E001
    { 40, 21, 625, -1, 20, 210, 330 }, // U+E002
    { 39, 18, 613, -1, 18, 176, 540 }, // U+E003
    { 40, 17, 656, -1, 18, 170, 716 }, // U+E004
    { 37, 17, 583, -1, 18, 158, 886 }, // U+E005
    { 41, 20, 640, -1, 18, 205, 1044 }, // U+E006
    { 48, 19, 752, -1, 18, 228, 1249 }, // U+E007
    { 44, 21, 689, -1, 21, 231, 1477 }, // U+E008
    { 49, 18, 794, -1, 18, 221, 1708 }, // U+E009
    { 23, 27, 337, -1, 26, 156, 1929 }, // U+E00A
    { 38, 27, 594, -1, 27, 257, 2085 }, // U+E00B
    { 42, 17, 656, -1, 18, 179, 2342 }, // U+E00C
    { 37, 17, 583, -1, 18, 158, 2521 }, // U+E00D
    { 39, 21, 608, -1, 20, 205, 2679 }, // U+E00E
    { 29, 18, 434, -1, 18, 131, 2884 }, // U+E00F
    { 40, 21, 624, -1, 20, 210, 3015 }, // U+E010
    { 38, 19, 600, -1, 18, 181, 3225 }, // U+E011
    { 38, 18, 597, -1, 18, 171, 3406 }, // U+E012
    { 24, 21, 351, -1, 18, 126, 3577 }, // U+E013
    { 42, 21, 656, -1, 20, 221, 3703 }, // U+E014
    { 45, 19, 710, -1, 18, 214, 3924 }, // U+E015
    { 23, 19, 347, -1, 18, 110, 4138 }, // U+E016
    { 42, 17, 656, -1, 18, 179, 4248 }, // U+E017
    { 28, 20, 418, -1, 18, 140, 4427 }, // U+E018
    { 32, 20, 496, -1, 18, 160, 4567 }, // U+E019
    { 29, 18, 434, -1, 18, 131, 4727 }, // U+E01A
    { 25, 21, 372, -1, 18, 132, 4858 }, // U+E01B
    { 41, 21, 640, -1, 20, 216, 4990 }, // U+E01C
    { 29, 18, 429, -1, 18, 131, 5206 }, // U+E01D
    { 28, 19, 426, -1, 18, 133, 5337 }, // U+E01E
    { 36, 20, 566, -1, 18, 180, 5470 }, // U+E01F
    { 42, 23, 656, -1, 18, 242, 5650 }, // U+E020
    { 37, 23, 583, -1, 18, 213, 5892 }, // U+E021
    { 39, 19, 611, -1, 18, 186, 6105 }, // U+E022
    { 20, 28, 325, 1, 20, 140, 6291 }, // U+E023
    { 27, 22, 448, 1, 20, 149, 6431 }, // U+E024
    { 20, 24, 325, 1, 20, 120, 6580 }, // U+E025
    { 38, 18, 608, 0, 18, 171, 6700 }, // U+E026
    { 35, 21, 560, 0, 20, 184, 6871 }, // U+E027
    { 21, 23, 321, 0, 20, 121, 7055 }, // U+E028
    { 33, 18, 528, 0, 18, 149, 7176 }, // U+E029
    { 34, 17, 568, 0, 18, 145, 7325 }, // U+E02A
    { 31, 17, 496, 0, 18, 132, 7470 }, // U+E02B
    { 35, 20, 560, 0, 18, 175, 7602 }, // U+E02C
    { 42, 19, 672, 0, 18, 200, 7777 }, // U+E02D
    { 38, 21, 608, 0, 21, 200, 7977 }, // U+E02E
    { 43, 18, 706, 0, 18, 194, 8177 }, // U+E02F
    { 31, 25, 496, 0, 26, 194, 8371 }, // U+E030
    { 32, 27, 512, 0, 27, 216, 8565 }, // U+E031
    { 36, 17, 576, 0, 18, 153, 8781 }, // U+E032
    { 31, 17, 496, 0, 18, 132, 8934 }, // U+E033
    { 33, 21, 528, 0, 20, 174, 9066 }, // U+E034
    { 35, 17, 561, 0, 18, 149, 9240 }, // U+E035
    { 34, 21, 544, 0, 20, 179, 9389 }, // U+E036
    { 30, 19, 470, 0, 18, 143, 9568 }, // U+E037
    { 25, 22, 382, 0, 20, 138, 9711 }, // U+E038
    { 20, 22, 306, 0, 20, 110, 9849 }, // U+E039
    { 36, 21, 576, 0, 20, 189, 9959 }, // U+E03A
    { 39, 19, 624, 0, 18, 186, 10148 }, // U+E03B
    { 20, 22, 306, 0, 20, 110, 10334 }, // U+E03C
    { 36, 17, 576, 0, 18, 153, 10444 }, // U+E03D
    { 27, 22, 421, 0, 20, 149, 10597 }, // U+E03E
    { 27, 22, 432, 0, 20, 149, 10746 }, // U+E03F
    { 21, 22, 339, 1, 20, 116, 10895 }, // U+E040
    { 20, 22, 306, 0, 20, 110, 11011 }, // U+E041
    { 35, 21, 560, 0, 20, 184, 11121 }, // U+E042
    { 33, 18, 528, 0, 18, 149, 11305 }, // U+E043
    { 35, 18, 560, 0, 18, 158, 11454 }, // U+E044
    { 30, 20, 480, 0, 18, 150, 11612 }, // U+E045
    { 36, 23, 576, 0, 18, 207, 11762 }, // U+E046
    { 31, 23, 496, 0, 18, 179, 11969 }, // U+E047
    { 33, 19, 528, 0, 18, 157, 12148 }, // U+E048
    { 20, 21, 288, -1, 18, 105, 12305 }, // U+E049
    { 20, 26, 295, -1, 18, 130, 12410 }, // U+E04A
    { 27, 20, 416, -1, 18, 135, 12540 }, // U+E04B
    { 22, 22, 322, -1, 18, 121, 12675 }, // U+E04C
    { 20, 21, 288, -1, 18, 105, 12796 }, // U+E04D
    { 22, 18, 317, -1, 18, 99, 12901 }, // U+E04E
    { 32, 24, 491, -1, 20, 192, 13000 }, // U+E04F
    { 23, 19, 339, -1, 18, 110, 13192 }, // U+E050
    { 36, 18, 549, -1, 18, 162, 13302 }, // U+E051
    { 39, 17, 629, -1, 18, 166, 13464 }, // U+E052
    { 36, 17, 560, -1, 18, 153, 13630 }, // U+E053
    { 40, 20, 624, -1, 18, 200, 13783 }, // U+E054
    { 47, 19, 736, -1, 18, 224, 13983 }, // U+E055
    { 43, 21, 672, -1, 21, 226, 14207 }, // U+E056
    { 48, 18, 767, -1, 18, 216, 14433 }, // U+E057
    { 36, 25, 560, -1, 26, 225, 14649 }, // U+E058
    { 37, 27, 576, -1, 27, 250, 14874 }, // U+E059
    { 41, 17, 640, -1, 18, 175, 15124 }, // U+E05A
    { 36, 17, 560, -1, 18, 153, 15299 }, // U+E05B
    { 38, 21, 592, -1, 20, 200, 15452 }, // U+E05C
    { 40, 17, 624, -1, 18, 170, 15652 }, // U+E05D
    { 39, 21, 608, -1, 20, 205, 15822 }, // U+E05E
    { 37, 19, 576, -1, 18, 176, 16027 }, // U+E05F
    { 37, 18, 576, -1, 18, 167, 16203 }, // U+E060
    { 37, 18, 576, -1, 18, 167, 16370 }, // U+E061
    { 41, 21, 640, -1, 20, 216, 16537 }, // U+E062
    { 44, 19, 688, -1, 18, 209, 16753 }, // U+E063
    { 20, 25, 337, 0, 18, 125, 16962 }, // U+E064
    { 41, 17, 640, -1, 18, 175, 17087 }, // U+E065
    { 29, 22, 428, -1, 18, 160, 17262 }, // U+E066
    { 29, 20, 464, 0, 18, 145, 17422 }, // U+E067
    { 20, 25, 337, 0, 18, 125, 17567 }, // U+E068
    { 41, 18, 640, -1, 18, 185, 17692 }, // U+E069
    { 40, 21, 624, -1, 20, 210, 17877 }, // U+E06A
    { 38, 18, 592, -1, 18, 171, 18087 }, // U+E06B
    { 40, 18, 624, -1, 18, 180, 18258 }, // U+E06C
    { 35, 20, 544, -1, 18, 175, 18438 }, // U+E06D
    { 41, 23, 640, -1, 18, 236, 18613 }, // U+E06E
    { 36, 23, 560, -1, 18, 207, 18849 }, // U+E06F
    { 38, 19, 592, -1, 18, 181, 19056 }, // U+E070
    { 39, 18, 608, -1, 18, 176, 19237 }, // U+E071
    { 36, 21, 560, -1, 20, 189, 19413 }, // U+E072
    { 35, 21, 544, -1, 20, 184, 19602 }, // U+E073
    { 34, 18, 528, -1, 18, 153, 19786 }, // U+E074
    { 35, 17, 569, -1, 18, 149, 19939 }, // U+E075
    { 27, 17, 402, -1, 18, 115, 20088 }, // U+E076
    { 31, 20, 460, -1, 18, 155, 20203 }, // U+E077
    { 43, 19, 672, -1, 18, 205, 20358 }, // U+E078
    { 39, 21, 608, -1, 21, 205, 20563 }, // U+E079
    { 32, 22, 484, -1, 18, 176, 20768 }, // U+E07A
    { 32, 25, 496, -1, 26, 200, 20944 }, // U+E07B
    { 33, 27, 512, -1, 27, 223, 21144 }, // U+E07C
    { 37, 17, 576, -1, 18, 158, 21367 }, // U+E07D
    { 32, 17, 496, -1, 18, 136, 21525 }, // U+E07E
    { 34, 21, 528, -1, 20, 179, 21661 }, // U+E07F
    { 36, 17, 561, -1, 18, 153, 21840 }, // U+E080
    { 35, 21, 544, -1, 20, 184, 21993 }, // U+E081
    { 33, 19, 513, -1, 18, 157, 22177 }, // U+E082
    { 33, 18, 512, -1, 18, 149, 22334 }, // U+E083
    { 18, 23, 252, -1, 18, 104, 22483 }, // U+E084
    { 37, 21, 576, -1, 20, 195, 22587 }, // U+E085
    { 40, 19, 624, -1, 18, 190, 22782 }, // U+E086
    { 18, 24, 265, -1, 18, 108, 22972 }, // U+E087
    { 37, 17, 576, -1, 18, 158, 23080 }, // U+E088
    { 34, 18, 528, -1, 18, 153, 23238 }, // U+E089
    { 25, 20, 384, -1, 18, 125, 23391 }, // U+E08A
    { 21, 24, 315, -1, 18, 126, 23516 }, // U+E08B
    { 37, 18, 576, -1, 18, 167, 23642 }, // U+E08C
    { 36, 21, 560, -1, 20, 189, 23809 }, // U+E08D
    { 34, 18, 528, -1, 18, 153, 23998 }, // U+E08E
    { 36, 18, 560, -1, 18, 162, 24151 }, // U+E08F
    { 31, 20, 480, -1, 18, 155, 24313 }, // U+E090
    { 37, 23, 576, -1, 18, 213, 24468 }, // U+E091
    { 32, 23, 496, -1, 18, 184, 24681 }, // U+E092
    { 34, 19, 528, -1, 18, 162, 24865 }, // U+E093
    { 22, 26, 321, -1, 18, 143, 25027 }, // U+E094
    { 29, 20, 448, -1, 18, 145, 25170 }, // U+E095
    { 24, 23, 353, -1, 18, 138, 25315 }, // U+E096
    { 40, 19, 618, -1, 18, 190, 25453 }, // U+E097
    { 36, 22, 553, -1, 18, 198, 25643 }, // U+E098
    { 30, 17, 455, -1, 18, 128, 25841 }, // U+E099
    { 30, 22, 455, -1, 18, 165, 25969 }, // U+E09A
    { 35, 20, 547, -1, 18, 175, 26134 }, // U+E09B
    { 29, 23, 429, -1, 18, 167, 26309 }, // U+E09C
    { 25, 29, 371, -1, 21, 182, 26476 }, // U+E09D
    { 32, 23, 496, -1, 21, 184, 26658 }, // U+E09E
    { 27, 25, 401, -1, 21, 169, 26842 }, // U+E09F
    { 23, 21, 395, 1, 20, 121, 27011 }, // U+E0A0
    { 20, 22, 347, 1, 18, 110, 27132 }, // U+E0A1
    { 24, 19, 401, 0, 18, 114, 27242 }, // U+E0A2
    { 26, 23, 455, 1, 18, 150, 27356 }, // U+E0A3
    { 28, 26, 476, 1, 18, 182, 27506 }, // U+E0A4
    { 36, 20, 595, 1, 18, 180, 27688 }, // U+E0A5
    { 28, 25, 476, 1, 18, 175, 27868 }, // U+E0A6
    { 39, 26, 608, -1, 26, 254, 28043 }, // U+E0A7
    { 36, 27, 560, -1, 26, 243, 28297 }, // U+E0A8
    { 35, 27, 544, -1, 26, 237, 28540 }, // U+E0A9
    { 34, 26, 528, -1, 26, 221, 28777 }, // U+E0AA
    { 35, 25, 569, -1, 26, 219, 28998 }, // U+E0AB
    { 32, 25, 496, -1, 26, 200, 29217 }, // U+E0AC
    { 36, 28, 560, -1, 26, 252, 29417 }, // U+E0AD
    { 43, 27, 672, -1, 26, 291, 29669 }, // U+E0AE
    { 39, 26, 608, -1, 26, 254, 29960 }, // U+E0AF
    { 44, 26, 707, -1, 26, 286, 30214 }, // U+E0B0
    { 21, 31, 302, -1, 26, 163, 30500 }, // U+E0B1
    { 33, 27, 512, -1, 27, 223, 30663 }, // U+E0B2
    { 37, 25, 576, -1, 26, 232, 30886 }, // U+E0B3
    { 32, 25, 496, -1, 26, 200, 31118 }, // U+E0B4
    { 34, 27, 528, -1, 26, 230, 31318 }, // U+E0B5
    { 36, 25, 561, -1, 26, 225, 31548 }, // U+E0B6
    { 35, 27, 544, -1, 26, 237, 31773 }, // U+E0B7
    { 33, 27, 513, -1, 26, 223, 32010 }, // U+E0B8
    { 33, 26, 512, -1, 26, 215, 32233 }, // U+E0B9
    { 33, 26, 513, -1, 26, 215, 32448 }, // U+E0BA
    { 37, 27, 576, -1, 26, 250, 32663 }, // U+E0BB
    { 40, 27, 624, -1, 26, 270, 32913 }, // U+E0BC
    { 18, 32, 265, -1, 26, 144, 33183 }, // U+E0BD
    { 37, 25, 576, -1, 26, 232, 33327 }, // U+E0BE
    { 25, 30, 365, -1, 26, 188, 33559 }, // U+E0BF
    { 25, 28, 384, -1, 26, 175, 33747 }, // U+E0C0
    { 21, 32, 315, -1, 26, 168, 33922 }, // U+E0C1
    { 37, 26, 576, -1, 26, 241, 34090 }, // U+E0C2
    { 36, 27, 560, -1, 26, 243, 34331 }, // U+E0C3
    { 34, 26, 528, -1, 26, 221, 34574 }, // U+E0C4
    { 36, 26, 560, -1, 26, 234, 34795 }, // U+E0C5
    { 31, 28, 480, -1, 26, 217, 35029 }, // U+E0C6
    { 37, 31, 576, -1, 26, 287, 35246 }, // U+E0C7
    { 32, 31, 496, -1, 26, 248, 0 }, // U+E0C8
    { 34, 27, 528, -1, 26, 230, 248 }, // U+E0C9
    { 19, 35, 276, -1, 27, 167, 478 }, // U+E0CA
    { 26, 29, 400, -1, 27, 189, 645 }, // U+E0CB
    { 23, 33, 339, -1, 27, 190, 834 }, // U+E0CC
    { 42, 18, 664, -1, 18, 189, 1024 }, // U+E0CD
    { 39, 21, 612, -1, 20, 205, 1213 }, // U+E0CE
    { 38, 21, 572, -1, 20, 200, 1418 }, // U+E0CF
    { 37, 18, 582, -1, 18, 167, 1618 }, // U+E0D0
    { 38, 17, 625, -1, 18, 162, 1785 }, // U+E0D1
    { 35, 17, 552, -1, 18, 149, 1947 }, // U+E0D2
    { 39, 20, 608, -1, 18, 195, 2096 }, // U+E0D3
    { 46, 19, 720, -1, 18, 219, 2291 }, // U+E0D4
    { 42, 21, 658, -1, 21, 221, 2510 }, // U+E0D5
    { 47, 18, 763, -1, 18, 212, 2731 }, // U+E0D6
    { 35, 25, 552, -1, 26, 219, 2943 }, // U+E0D7
    { 36, 27, 563, -1, 27, 243, 3162 }, // U+E0D8
    { 35, 17, 536, -1, 18, 149, 3405 }, // U+E0D9
    { 35, 17, 552, -1, 18, 149, 3554 }, // U+E0DA
    { 37, 21, 577, -1, 20, 195, 3703 }, // U+E0DB
    { 39, 17, 617, -1, 18, 166, 3898 }, // U+E0DC
    { 38, 21, 592, -1, 20, 200, 4064 }, // U+E0DD
    { 36, 19, 569, -1, 18, 171, 4264 }, // U+E0DE
    { 36, 18, 565, -1, 18, 162, 4435 }, // U+E0DF
    { 36, 18, 569, -1, 18, 162, 4597 }, // U+E0E0
    { 40, 21, 624, -1, 20, 210, 4759 }, // U+E0E1
    { 43, 19, 678, -1, 18, 205, 4969 }, // U+E0E2
    { 23, 25, 332, -1, 18, 144, 5174 }, // U+E0E3
    { 40, 17, 624, -1, 18, 170, 5318 }, // U+E0E4
    { 28, 22, 424, -1, 18, 154, 5488 }, // U+E0E5
    { 29, 20, 451, -1, 18, 145, 5642 }, // U+E0E6
    { 23, 24, 332, -1, 18, 138, 5787 }, // U+E0E7
    { 40, 18, 628, -1, 18, 180, 5925 }, // U+E0E8
    { 39, 21, 608, -1, 20, 205, 6105 }, // U+E0E9
    { 37, 18, 583, -1, 18, 167, 6310 }, // U+E0EA
    { 39, 18, 608, -1, 18, 176, 6477 }, // U+E0EB
    { 34, 20, 535, -1, 18, 170, 6653 }, // U+E0EC
    { 40, 23, 624, -1, 18, 230, 6823 }, // U+E0ED
    { 35, 23, 552, -1, 18, 202, 7053 }, // U+E0EE
    { 37, 19, 579, -1, 18, 176, 7255 }, // U+E0EF
    { 39, 18, 608, -1, 18, 176, 7431 }, // U+E0F0
    { 36, 21, 560, -1, 20, 189, 7607 }, // U+E0F1
    { 35, 21, 544, -1, 20, 184, 7796 }, // U+E0F2
    { 34, 18, 528, -1, 18, 153, 7980 }, // U+E0F3
    { 35, 17, 569, -1, 18, 149, 8133 }, // U+E0F4
    { 32, 17, 496, -1, 18, 136, 8282 }, // U+E0F5
    { 36, 20, 560, -1, 18, 180, 8418 }, // U+E0F6
    { 43, 19, 672, -1, 18, 205, 8598 }, // U+E0F7
    { 39, 21, 608, -1, 21, 205, 8803 }, // U+E0F8
    { 44, 18, 707, -1, 18, 198, 9008 }, // U+E0F9
    { 32, 25, 496, -1, 26, 200, 9206 }, // U+E0FA
    { 33, 27, 512, -1, 27, 223, 9406 }, // U+E0FB
    { 37, 17, 576, -1, 18, 158, 9629 }, // U+E0FC
    { 32, 17, 496, -1, 18, 136, 9787 }, // U+E0FD
    { 34, 21, 528, -1, 20, 179, 9923 }, // U+E0FE
    { 36, 17, 561, -1, 18, 153, 10102 }, // U+E0FF
    { 35, 21, 544, -1, 20, 184, 10255 }, // U+E100
    { 33, 19, 513, -1, 18, 157, 10439 }, // U+E101
    { 33, 18, 512, -1, 18, 149, 10596 }, // U+E102
    { 33, 18, 513, -1, 18, 149, 10745 }, // U+E103
    { 37, 21, 576, -1, 20, 195, 10894 }, // U+E104
    { 40, 19, 624, -1, 18, 190, 11089 }, // U+E105
    { 18, 24, 265, -1, 18, 108, 11279 }, // U+E106
    { 37, 17, 576, -1, 18, 158, 11387 }, // U+E107
    { 34, 18, 528, -1, 18, 153, 11545 }, // U+E108
    { 25, 20, 384, -1, 18, 125, 11698 }, // U+E109
    { 21, 24, 315, -1, 18, 126, 11823 }, // U+E10A
    { 37, 18, 576, -1, 18, 167, 11949 }, // U+E10B
    { 36, 21, 560, -1, 20, 189, 12116 }, // U+E10C
    { 34, 18, 528, -1, 18, 153, 12305 }, // U+E10D
    { 36, 18, 560, -1, 18, 162, 12458 }, // U+E10E
    { 31, 20, 480, -1, 18, 155, 12620 }, // U+E10F
    { 37, 23, 576, -1, 18, 213, 12775 }, // U+E110
    { 32, 23, 496, -1, 18, 184, 12988 }, // U+E111
    { 34, 19, 528, -1, 18, 162, 13172 }, // U+E112
    { 35, 18, 576, 1, 18, 158, 13334 }, // U+E113
    { 32, 21, 528, 1, 20, 168, 13492 }, // U+E114
    { 31, 21, 512, 1, 20, 163, 13660 }, // U+E115
    { 30, 18, 496, 1, 18, 135, 13823 }, // U+E116
    { 31, 17, 530, 1, 18, 132, 13958 }, // U+E117
    { 28, 17, 464, 1, 18, 119, 14090 }, // U+E118
    { 32, 20, 528, 1, 18, 160, 14209 }, // U+E119
    { 39, 19, 640, 1, 18, 186, 14369 }, // U+E11A
    { 35, 21, 576, 1, 21, 184, 14555 }, // U+E11B
    { 40, 18, 668, 1, 18, 180, 14739 }, // U+E11C
    { 25, 25, 403, 1, 26, 157, 14919 }, // U+E11D
    { 21, 27, 342, 1, 26, 142, 15076 }, // U+E11E
    { 20, 17, 344, 0, 18, 85, 15218 }, // U+E11F
    { 25, 17, 403, 1, 18, 107, 15303 }, // U+E120
    { 17, 22, 281, 1, 20, 94, 15410 }, // U+E121
    { 32, 17, 528, 1, 18, 136, 15504 }, // U+E122
    { 31, 21, 512, 1, 20, 163, 15640 }, // U+E123
    { 29, 19, 480, 1, 18, 138, 15803 }, // U+E124
    { 29, 18, 480, 1, 18, 131, 15941 }, // U+E125
    { 17, 21, 281, 1, 20, 90, 16072 }, // U+E126
    { 33, 21, 544, 1, 20, 174, 16162 }, // U+E127
    { 36, 19, 592, 1, 18, 171, 16336 }, // U+E128
    { 18, 22, 289, 1, 20, 99, 16507 }, // U+E129
    { 33, 17, 544, 1, 18, 141, 16606 }, // U+E12A
    { 25, 22, 405, 1, 20, 138, 16747 }, // U+E12B
    { 25, 22, 416, 1, 20, 138, 16885 }, // U+E12C
    { 18, 22, 297, 1, 20, 99, 17023 }, // U+E12D
    { 33, 18, 544, 1, 18, 149, 17122 }, // U+E12E
    { 32, 21, 528, 1, 20, 168, 17271 }, // U+E12F
    { 30, 18, 496, 1, 18, 135, 17439 }, // U+E130
    { 32, 18, 528, 1, 18, 144, 17574 }, // U+E131
    { 27, 20, 448, 1, 18, 135, 17718 }, // U+E132
    { 33, 23, 544, 1, 18, 190, 17853 }, // U+E133
    { 28, 23, 464, 1, 18, 161, 18043 }, // U+E134
    { 30, 19, 496, 1, 18, 143, 18204 }, // U+E135
    { 23, 18, 337, -1, 18, 104, 18347 }, // U+E136
    { 22, 21, 360, 1, 20, 116, 18451 }, // U+E137
    { 21, 21, 308, -1, 18, 111, 18567 }, // U+E138
    { 21, 21, 308, -1, 18, 111, 18678 }, // U+E139
    { 28, 20, 421, -1, 18, 140, 18789 }, // U+E13A
    { 29, 20, 449, -1, 18, 145, 18929 }, // U+E13B
    { 23, 18, 334, -1, 18, 104, 19074 }, // U+E13C
    { 21, 22, 314, -1, 18, 116, 19178 }, // U+E13D
    { 19, 24, 301, 1, 20, 114, 19294 }, // U+E13E
    { 25, 22, 420, 1, 20, 138, 19408 }, // U+E13F
    { 20, 24, 316, 1, 20, 120, 19546 }, // U+E140
    { 40, 18, 624, -1, 18, 180, 19666 }, // U+E141
    { 37, 21, 576, -1, 20, 195, 19846 }, // U+E142
    { 34, 21, 516, -1, 20, 179, 20041 }, // U+E143
    { 33, 19, 505, -1, 18, 157, 20220 }, // U+E144
    { 36, 17, 585, -1, 18, 153, 20377 }, // U+E145
    { 33, 17, 512, -1, 18, 141, 20530 }, // U+E146
    { 37, 20, 576, -1, 18, 185, 20671 }, // U+E147
    { 44, 19, 688, -1, 18, 209, 20856 }, // U+E148
    { 40, 21, 624, -1, 21, 210, 21065 }, // U+E149
    { 45, 18, 723, -1, 18, 203, 21275 }, // U+E14A
    { 33, 25, 512, -1, 26, 207, 21478 }, // U+E14B
    { 34, 27, 528, -1, 27, 230, 21685 }, // U+E14C
    { 38, 17, 592, -1, 18, 162, 21915 }, // U+E14D
    { 33, 17, 512, -1, 18, 141, 22077 }, // U+E14E
    { 35, 21, 544, -1, 20, 184, 22218 }, // U+E14F
    { 37, 17, 577, -1, 18, 158, 22402 }, // U+E150
    { 36, 21, 560, -1, 20, 189, 22560 }, // U+E151
    { 26, 19, 388, -1, 18, 124, 22749 }, // U+E152
    { 25, 22, 364, -1, 18, 138, 22873 }, // U+E153
    { 20, 22, 288, -1, 18, 110, 23011 }, // U+E154
    { 38, 21, 592, -1, 20, 200, 23121 }, // U+E155
    { 41, 19, 640, -1, 18, 195, 23321 }, // U+E156
    { 20, 22, 288, -1, 18, 110, 23516 }, // U+E157
    { 23, 21, 339, -1, 18, 121, 23626 }, // U+E158
    { 26, 20, 392, -1, 18, 130, 23747 }, // U+E159
    { 26, 20, 401, -1, 18, 130, 23877 }, // U+E15A
    { 23, 20, 336, -1, 18, 115, 24007 }, // U+E15B
    { 38, 18, 592, -1, 18, 171, 24122 }, // U+E15C
    { 37, 21, 576, -1, 20, 195, 24293 }, // U+E15D
    { 35, 18, 544, -1, 18, 158, 24488 }, // U+E15E
    { 37, 18, 576, -1, 18, 167, 24646 }, // U+E15F
    { 32, 20, 496, -1, 18, 160, 24813 }, // U+E160
    { 38, 23, 592, -1, 18, 219, 24973 }, // U+E161
    { 33, 23, 512, -1, 18, 190, 25192 }, // U+E162
    { 35, 19, 544, -1, 18, 167, 25382 }, // U+E163
    { 16, 21, 267, 1, 18, 84, 25549 }, // U+E164
    { 28, 18, 456, 1, 18, 126, 25633 }, // U+E165
    { 24, 22, 382, 1, 18, 132, 25759 }, // U+E166
    { 24, 20, 400, 1, 18, 120, 25891 }, // U+E167
    { 19, 22, 309, 1, 18, 105, 26011 }, // U+E168
    { 35, 18, 549, -1, 18, 158, 26116 }, // U+E169
    { 32, 21, 497, -1, 20, 168, 26274 }, // U+E16A
    { 31, 21, 480, -1, 20, 163, 26442 }, // U+E16B
    { 30, 18, 467, -1, 18, 135, 26605 }, // U+E16C
    { 31, 17, 510, -1, 18, 132, 26740 }, // U+E16D
    { 28, 17, 437, -1, 18, 119, 26872 }, // U+E16E
    { 32, 20, 496, -1, 18, 160, 26991 }, // U+E16F
    { 39, 19, 608, -1, 18, 186, 27151 }, // U+E170
    { 35, 21, 544, -1, 21, 184, 27337 }, // U+E171
    { 40, 18, 648, -1, 18, 180, 27521 }, // U+E172
    { 27, 25, 396, -1, 26, 169, 27701 }, // U+E173
    { 23, 27, 345, -1, 27, 156, 27870 }, // U+E174
    { 25, 17, 379, -1, 18, 107, 28026 }, // U+E175
    { 28, 17, 437, -1, 18, 119, 28133 }, // U+E176
    { 30, 21, 464, -1, 20, 158, 28252 }, // U+E177
    { 23, 20, 337, -1, 18, 115, 28410 }, // U+E178
    { 20, 22, 287, -1, 18, 110, 28525 }, // U+E179
    { 28, 19, 418, -1, 18, 133, 28635 }, // U+E17A
    { 24, 18, 361, -1, 18, 108, 28768 }, // U+E17B
    { 19, 20, 282, -1, 18, 95, 28876 }, // U+E17C
    { 33, 21, 512, -1, 20, 174, 28971 }, // U+E17D
    { 36, 19, 564, -1, 18, 171, 29145 }, // U+E17E
    { 20, 18, 286, -1, 18, 90, 29316 }, // U+E17F
    { 33, 17, 512, -1, 18, 141, 29406 }, // U+E180
    { 25, 20, 377, -1, 18, 125, 29547 }, // U+E181
    { 26, 20, 401, -1, 18, 130, 29672 }, // U+E182
    { 21, 19, 309, -1, 18, 100, 29802 }, // U+E183
    { 33, 18, 514, -1, 18, 149, 29902 }, // U+E184
    { 32, 21, 496, -1, 20, 168, 30051 }, // U+E185
    { 30, 18, 468, -1, 18, 135, 30219 }, // U+E186
    { 28, 18, 414, -1, 18, 126, 30354 }, // U+E187
    { 27, 20, 420, -1, 18, 135, 30480 }, // U+E188
    { 33, 23, 512, -1, 18, 190, 30615 }, // U+E189
    { 28, 23, 437, -1, 18, 161, 30805 }, // U+E18A
    { 30, 19, 465, -1, 18, 143, 30966 }, // U+E18B
    { 40, 18, 640, 0, 18, 180, 31109 }, // U+E18C
    { 37, 21, 592, 0, 20, 195, 31289 }, // U+E18D
    { 36, 21, 576, 0, 20, 189, 31484 }, // U+E18E
    { 35, 18, 560, 0, 18, 158, 31673 }, // U+E18F
    { 36, 17, 596, 0, 18, 153, 0 }, // U+E190
    { 33, 17, 528, 0, 18, 141, 153 }, // U+E191
    { 37, 20, 592, 0, 18, 185, 294 }, // U+E192
    { 44, 19, 704, 0, 18, 209, 479 }, // U+E193
    { 40, 21, 640, 0, 21, 210, 688 }, // U+E194
    { 45, 18, 734, 0, 18, 203, 898 }, // U+E195
    { 30, 25, 469, 0, 26, 188, 1101 }, // U+E196
    { 34, 27, 544, 0, 27, 230, 1289 }, // U+E197
    { 38, 17, 608, 0, 18, 162, 1519 }, // U+E198
    { 33, 17, 528, 0, 18, 141, 1681 }, // U+E199
    { 35, 21, 560, 0, 20, 184, 1822 }, // U+E19A
    { 22, 22, 339, 0, 20, 121, 2006 }, // U+E19B
    { 36, 21, 576, 0, 20, 189, 2127 }, // U+E19C
    { 34, 19, 544, 0, 18, 162, 2316 }, // U+E19D
    { 34, 18, 544, 0, 18, 153, 2478 }, // U+E19E
    { 22, 21, 334, 0, 20, 116, 2631 }, // U+E19F
    { 22, 23, 341, 0, 20, 127, 2747 }, // U+E1A0
    { 41, 19, 656, 0, 18, 195, 2874 }, // U+E1A1
    { 22, 25, 334, 0, 20, 138, 3069 }, // U+E1A2
    { 38, 17, 608, 0, 18, 162, 3207 }, // U+E1A3
    { 29, 22, 449, 0, 20, 160, 3369 }, // U+E1A4
    { 28, 22, 453, 0, 20, 154, 3529 }, // U+E1A5
    { 22, 22, 352, 1, 20, 121, 3683 }, // U+E1A6
    { 22, 22, 334, 0, 20, 121, 3804 }, // U+E1A7
    { 37, 21, 592, 0, 20, 195, 3925 }, // U+E1A8
    { 35, 18, 560, 0, 18, 158, 4120 }, // U+E1A9
    { 33, 18, 500, -1, 18, 149, 4278 }, // U+E1AA
    { 32, 20, 512, 0, 18, 160, 4427 }, // U+E1AB
    { 38, 23, 608, 0, 18, 219, 4587 }, // U+E1AC
    { 33, 23, 528, 0, 18, 190, 4806 }, // U+E1AD
    { 35, 19, 560, 0, 18, 167, 4996 }, // U+E1AE
    { 26, 30, 393, -1, 26, 195, 5163 }, // U+E1AF
    { 26, 26, 391, -1, 18, 169, 5358 }, // U+E1B0
    { 33, 20, 512, -1, 18, 165, 5527 }, // U+E1B1
    { 28, 22, 420, -1, 18, 154, 5692 }, // U+E1B2
    { 26, 21, 385, -1, 18, 137, 5846 }, // U+E1B3
    { 39, 18, 615, -1, 18, 176, 5983 }, // U+E1B4
    { 36, 21, 563, -1, 20, 189, 6159 }, // U+E1B5
    { 35, 21, 544, -1, 20, 184, 6348 }, // U+E1B6
    { 34, 18, 533, -1, 18, 153, 6532 }, // U+E1B7
    { 35, 17, 576, -1, 18, 149, 6685 }, // U+E1B8
    { 32, 17, 503, -1, 18, 136, 6834 }, // U+E1B9
    { 36, 20, 560, -1, 18, 180, 6970 }, // U+E1BA
    { 30, 19, 458, -1, 18, 143, 7150 }, // U+E1BB
    { 39, 21, 609, -1, 21, 205, 7293 }, // U+E1BC
    { 44, 18, 714, -1, 18, 198, 7498 }, // U+E1BD
    { 32, 25, 503, -1, 26, 200, 7696 }, // U+E1BE
    { 33, 27, 514, -1, 27, 223, 7896 }, // U+E1BF
    { 37, 17, 576, -1, 18, 158, 8119 }, // U+E1C0
    { 32, 17, 503, -1, 18, 136, 8277 }, // U+E1C1
    { 34, 21, 528, -1, 20, 179, 8413 }, // U+E1C2
    { 36, 17, 568, -1, 18, 153, 8592 }, // U+E1C3
    { 35, 21, 544, -1, 20, 184, 8745 }, // U+E1C4
    { 27, 19, 408, -1, 18, 129, 8929 }, // U+E1C5
    { 23, 19, 334, -1, 18, 110, 9058 }, // U+E1C6
    { 33, 18, 520, -1, 18, 149, 9168 }, // U+E1C7
    { 37, 21, 576, -1, 20, 195, 9317 }, // U+E1C8
    { 40, 19, 629, -1, 18, 190, 9512 }, // U+E1C9
    { 30, 18, 456, -1, 18, 135, 9702 }, // U+E1CA
    { 22, 22, 327, -1, 18, 121, 9837 }, // U+E1CB
    { 34, 18, 528, -1, 18, 153, 9958 }, // U+E1CC
    { 26, 20, 400, -1, 18, 130, 10111 }, // U+E1CD
    { 21, 22, 309, -1, 18, 116, 10241 }, // U+E1CE
    { 19, 21, 281, -1, 18, 100, 10357 }, // U+E1CF
    { 36, 21, 560, -1, 20, 189, 10457 }, // U+E1D0
    { 34, 18, 534, -1, 18, 153, 10646 }, // U+E1D1
    { 36, 18, 560, -1, 18, 162, 10799 }, // U+E1D2
    { 31, 20, 486, -1, 18, 155, 10961 }, // U+E1D3
    { 37, 23, 576, -1, 18, 213, 11116 }, // U+E1D4
    { 32, 23, 503, -1, 18, 184, 11329 }, // U+E1D5
    { 34, 19, 530, -1, 18, 162, 11513 }, // U+E1D6
    { 23, 25, 337, -1, 18, 144, 11675 }, // U+E1D7
    { 30, 20, 464, -1, 18, 150, 11819 }, // U+E1D8
    { 22, 18, 330, -1, 18, 99, 11969 }, // U+E1D9
    { 22, 22, 317, -1, 18, 121, 12068 }, // U+E1DA
    { 41, 18, 643, -1, 18, 185, 12189 }, // U+E1DB
    { 38, 21, 592, -1, 20, 200, 12374 }, // U+E1DC
    { 37, 21, 576, -1, 20, 195, 12574 }, // U+E1DD
    { 36, 18, 561, -1, 18, 162, 12769 }, // U+E1DE
    { 37, 17, 604, -1, 18, 158, 12931 }, // U+E1DF
    { 34, 17, 531, -1, 18, 145, 13089 }, // U+E1E0
    { 38, 20, 592, -1, 18, 190, 13234 }, // U+E1E1
    { 45, 19, 704, -1, 18, 214, 13424 }, // U+E1E2
    { 41, 21, 640, -1, 21, 216, 13638 }, // U+E1E3
    { 46, 18, 742, -1, 18, 207, 13854 }, // U+E1E4
    { 34, 25, 531, -1, 26, 213, 14061 }, // U+E1E5
    { 35, 27, 544, -1, 27, 237, 14274 }, // U+E1E6
    { 39, 17, 608, -1, 18, 166, 14511 }, // U+E1E7
    { 34, 17, 531, -1, 18, 145, 14677 }, // U+E1E8
    { 36, 21, 560, -1, 20, 189, 14822 }, // U+E1E9
    { 23, 20, 335, -1, 18, 115, 15011 }, // U+E1EA
    { 37, 21, 576, -1, 20, 195, 15126 }, // U+E1EB
    { 31, 19, 461, -1, 18, 148, 15321 }, // U+E1EC
    { 35, 18, 544, -1, 18, 158, 15469 }, // U+E1ED
    { 20, 18, 284, -1, 18, 90, 15627 }, // U+E1EE
    { 35, 21, 535, -1, 20, 184, 15717 }, // U+E1EF
    { 34, 20, 509, -1, 18, 170, 15901 }, // U+E1F0
    { 20, 18, 286, -1, 18, 90, 16071 }, // U+E1F1
    { 23, 20, 338, -1, 18, 115, 16161 }, // U+E1F2
    { 27, 18, 406, -1, 18, 122, 16276 }, // U+E1F3
    { 27, 20, 416, -1, 18, 135, 16398 }, // U+E1F4
    { 21, 19, 307, -1, 18, 100, 16533 }, // U+E1F5
    { 20, 19, 294, -1, 18, 95, 16633 }, // U+E1F6
    { 38, 21, 592, -1, 20, 200, 16728 }, // U+E1F7
    { 36, 18, 562, -1, 18, 162, 16928 }, // U+E1F8
    { 33, 18, 507, -1, 18, 149, 17090 }, // U+E1F9
    { 33, 20, 514, -1, 18, 165, 17239 }, // U+E1FA
    { 39, 23, 608, -1, 18, 225, 17404 }, // U+E1FB
    { 34, 23, 531, -1, 18, 196, 17629 }, // U+E1FC
    { 36, 19, 560, -1, 18, 171, 17825 }, // U+E1FD
    { 20, 26, 292, -1, 18, 130, 17996 }, // U+E1FE
    { 27, 20, 416, -1, 18, 135, 18126 }, // U+E1FF
    { 22, 22, 321, -1, 18, 121, 18261 }, // U+E200
    { 25, 27, 384, -1, 27, 169, 18382 }, // U+E201
    { 21, 28, 352, 1, 27, 147, 18551 }, // U+E202
    { 21, 28, 336, 0, 27, 147, 18698 }, // U+E203
    { 23, 27, 352, -1, 27, 156, 18845 }, // U+E204
    { 20, 26, 338, 0, 27, 130, 19001 }, // U+E205
    { 18, 26, 272, -1, 27, 117, 19131 }, // U+E206
    { 22, 29, 336, -1, 27, 160, 19248 }, // U+E207
    { 29, 28, 448, -1, 27, 203, 19408 }, // U+E208
    { 26, 27, 400, -1, 27, 176, 19611 }, // U+E209
    { 28, 27, 476, 1, 27, 189, 19787 }, // U+E20A
    { 21, 26, 320, -1, 27, 137, 19976 }, // U+E20B
    { 22, 27, 336, -1, 27, 149, 20113 }, // U+E20C
    { 23, 26, 352, -1, 27, 150, 20262 }, // U+E20D
    { 18, 26, 272, -1, 27, 117, 20412 }, // U+E20E
    { 19, 28, 320, 1, 27, 133, 20529 }, // U+E20F
    { 22, 26, 336, -1, 27, 143, 20662 }, // U+E210
    { 19, 28, 320, 1, 27, 133, 20805 }, // U+E211
    { 19, 28, 288, -1, 27, 133, 20938 }, // U+E212
    { 20, 27, 336, 1, 27, 135, 21071 }, // U+E213
    { 22, 27, 336, -1, 27, 149, 21206 }, // U+E214
    { 22, 28, 352, 0, 27, 154, 21355 }, // U+E215
    { 26, 28, 400, -1, 27, 182, 21509 }, // U+E216
    { 22, 27, 336, -1, 27, 149, 21691 }, // U+E217
    { 23, 26, 352, -1, 27, 150, 21840 }, // U+E218
    { 23, 27, 352, -1, 27, 156, 21990 }, // U+E219
    { 23, 27, 352, -1, 27, 156, 22146 }, // U+E21A
    { 22, 28, 336, -1, 27, 154, 22302 }, // U+E21B
    { 26, 27, 400, -1, 27, 176, 22456 }, // U+E21C
    { 22, 28, 336, -1, 27, 154, 22632 }, // U+E21D
    { 23, 27, 352, -1, 27, 156, 22786 }, // U+E21E
    { 24, 27, 368, -1, 27, 162, 22942 }, // U+E21F
    { 17, 29, 256, -1, 27, 124, 23104 }, // U+E220
    { 23, 32, 352, -1, 27, 184, 23228 }, // U+E221
    { 18, 32, 272, -1, 27, 144, 23412 }, // U+E222
    { 23, 28, 352, -1, 27, 161, 23556 }, // U+E223
    { 28, 19, 416, -1, 18, 133, 23717 }, // U+E224
    { 37, 21, 576, -1, 20, 195, 23850 }, // U+E225
    { 24, 21, 349, -1, 18, 126, 24045 }, // U+E226
    { 35, 18, 545, -1, 18, 158, 24171 }, // U+E227
    { 36, 17, 588, -1, 18, 153, 24329 }, // U+E228
    { 33, 17, 516, -1, 18, 141, 24482 }, // U+E229
    { 37, 20, 576, -1, 18, 185, 24623 }, // U+E22A
    { 44, 19, 688, -1, 18, 209, 24808 }, // U+E22B
    { 40, 21, 624, -1, 21, 210, 25017 }, // U+E22C
    { 45, 18, 726, -1, 18, 203, 25227 }, // U+E22D
    { 31, 25, 469, -1, 26, 194, 25430 }, // U+E22E
    { 34, 27, 528, -1, 27, 230, 25624 }, // U+E22F
    { 29, 17, 435, -1, 18, 124, 25854 }, // U+E230
    { 33, 17, 516, -1, 18, 141, 25978 }, // U+E231
    { 35, 21, 544, -1, 20, 184, 26119 }, // U+E232
    { 22, 21, 329, -1, 18, 116, 26303 }, // U+E233
    { 36, 21, 560, -1, 20, 189, 26419 }, // U+E234
    { 32, 19, 477, -1, 18, 152, 26608 }, // U+E235
    { 28, 19, 414, -1, 18, 133, 26760 }, // U+E236
    { 34, 18, 533, -1, 18, 153, 26893 }, // U+E237
    { 24, 21, 349, -1, 18, 126, 27046 }, // U+E238
    { 35, 19, 528, -1, 18, 167, 27172 }, // U+E239
    { 23, 19, 338, -1, 18, 110, 27339 }, // U+E23A
    { 38, 17, 592, -1, 18, 162, 27449 }, // U+E23B
    { 29, 20, 443, -1, 18, 145, 27611 }, // U+E23C
    { 30, 20, 464, -1, 18, 150, 27756 }, // U+E23D
    { 23, 22, 338, -1, 18, 127, 27906 }, // U+E23E
    { 23, 21, 341, -1, 18, 121, 28033 }, // U+E23F
    { 37, 21, 576, -1, 20, 195, 28154 }, // U+E240
    { 35, 18, 546, -1, 18, 158, 28349 }, // U+E241
    { 37, 18, 576, -1, 18, 167, 28507 }, // U+E242
    { 32, 20, 498, -1, 18, 160, 28674 }, // U+E243
    { 38, 23, 592, -1, 18, 219, 28834 }, // U+E244
    { 33, 23, 516, -1, 18, 190, 29053 }, // U+E245
    { 35, 19, 544, -1, 18, 167, 29243 }, // U+E246
    { 40, 18, 624, -1, 18, 180, 29410 }, // U+E247
    { 37, 21, 576, -1, 20, 195, 29590 }, // U+E248
    { 36, 21, 560, -1, 20, 189, 29785 }, // U+E249
    { 35, 18, 544, -1, 18, 158, 29974 }, // U+E24A
    { 36, 17, 584, -1, 18, 153, 30132 }, // U+E24B
    { 30, 17, 457, -1, 18, 128, 30285 }, // U+E24C
    { 34, 20, 513, -1, 18, 170, 30413 }, // U+E24D
    { 44, 19, 688, -1, 18, 209, 30583 }, // U+E24E
    { 40, 21, 624, -1, 21, 210, 30792 }, // U+E24F
    { 45, 18, 722, -1, 18, 203, 31002 }, // U+E250
    { 33, 25, 512, -1, 26, 207, 31205 }, // U+E251
    { 34, 27, 528, -1, 27, 230, 31412 }, // U+E252
    { 38, 17, 592, -1, 18, 162, 31642 }, // U+E253
    { 33, 17, 512, -1, 18, 141, 31804 }, // U+E254
    { 35, 21, 544, -1, 20, 184, 31945 }, // U+E255
    { 22, 22, 316, -1, 20, 121, 32129 }, // U+E256
    { 36, 21, 560, -1, 20, 189, 32250 }, // U+E257
    { 34, 19, 528, -1, 18, 162, 0 }, // U+E258
    { 34, 18, 528, -1, 18, 153, 162 }, // U+E259
    { 22, 21, 316, -1, 20, 116, 315 }, // U+E25A
    { 38, 21, 592, -1, 20, 200, 431 }, // U+E25B
    { 41, 19, 640, -1, 18, 195, 631 }, // U+E25C
    { 22, 22, 318, -1, 20, 121, 826 }, // U+E25D
    { 38, 17, 592, -1, 18, 162, 947 }, // U+E25E
    { 29, 22, 431, -1, 20, 160, 1109 }, // U+E25F
    { 28, 22, 435, -1, 20, 154, 1269 }, // U+E260
    { 22, 22, 323, -1, 20, 121, 1423 }, // U+E261
    { 22, 22, 316, -1, 20, 121, 1544 }, // U+E262
    { 37, 21, 576, -1, 20, 195, 1665 }, // U+E263
    { 35, 18, 544, -1, 18, 158, 1860 }, // U+E264
    { 37, 18, 576, -1, 18, 167, 2018 }, // U+E265
    { 32, 20, 496, -1, 18, 160, 2185 }, // U+E266
    { 38, 23, 592, -1, 18, 219, 2345 }, // U+E267
    { 33, 23, 512, -1, 18, 190, 2564 }, // U+E268
    { 35, 19, 544, -1, 18, 167, 2754 }, // U+E269
    { 22, 20, 330, -1, 18, 110, 2921 }, // U+E26A
    { 36, 21, 561, -1, 20, 189, 3031 }, // U+E26B
    { 35, 21, 544, -1, 20, 184, 3220 }, // U+E26C
    { 34, 18, 530, -1, 18, 153, 3404 }, // U+E26D
    { 35, 17, 573, -1, 18, 149, 3557 }, // U+E26E
    { 32, 17, 501, -1, 18, 136, 3706 }, // U+E26F
    { 36, 20, 560, -1, 18, 180, 3842 }, // U+E270
    { 43, 19, 672, -1, 18, 205, 4022 }, // U+E271
    { 39, 21, 608, -1, 21, 205, 4227 }, // U+E272
    { 44, 18, 711, -1, 18, 198, 4432 }, // U+E273
    { 18, 27, 264, -1, 26, 122, 4630 }, // U+E274
    { 22, 27, 329, -1, 27, 149, 4752 }, // U+E275
    { 37, 17, 576, -1, 18, 158, 4901 }, // U+E276
    { 32, 17, 501, -1, 18, 136, 5059 }, // U+E277
    { 26, 18, 416, -1, 18, 117, 5195 }, // U+E278
    { 36, 17, 566, -1, 18, 153, 5312 }, // U+E279
    { 35, 21, 544, -1, 20, 184, 5465 }, // U+E27A
    { 33, 19, 517, -1, 18, 157, 5649 }, // U+E27B
    { 33, 18, 514, -1, 18, 149, 5806 }, // U+E27C
    { 33, 18, 518, -1, 18, 149, 5955 }, // U+E27D
    { 33, 21, 502, -1, 20, 174, 6104 }, // U+E27E
    { 31, 20, 474, -1, 18, 155, 6278 }, // U+E27F
    { 20, 26, 295, -1, 18, 130, 6433 }, // U+E280
    { 37, 17, 576, -1, 18, 158, 6563 }, // U+E281
    { 25, 18, 374, -1, 18, 113, 6721 }, // U+E282
    { 27, 20, 416, -1, 18, 135, 6834 }, // U+E283
    { 22, 22, 324, -1, 18, 121, 6969 }, // U+E284
    { 37, 18, 577, -1, 18, 167, 7090 }, // U+E285
    { 36, 21, 560, -1, 20, 189, 7257 }, // U+E286
    { 34, 18, 531, -1, 18, 153, 7446 }, // U+E287
    { 36, 18, 560, -1, 18, 162, 7599 }, // U+E288
    { 31, 20, 483, -1, 18, 155, 7761 }, // U+E289
    { 37, 23, 576, -1, 18, 213, 7916 }, // U+E28A
    { 32, 23, 501, -1, 18, 184, 8129 }, // U+E28B
    { 34, 19, 528, -1, 18, 162, 8313 }, // U+E28C
    { 26, 20, 379, -1, 18, 130, 8475 }, // U+E28D
    { 31, 23, 466, -1, 18, 179, 8605 }, // U+E28E
    { 40, 21, 624, -1, 20, 210, 8784 }, // U+E28F
    { 39, 18, 612, -1, 18, 176, 8994 }, // U+E290
    { 40, 17, 655, -1, 18, 170, 9170 }, // U+E291
    { 37, 17, 583, -1, 18, 158, 9340 }, // U+E292
    { 41, 20, 640, -1, 18, 205, 9498 }, // U+E293
    { 48, 19, 752, -1, 18, 228, 9703 }, // U+E294
    { 44, 21, 688, -1, 21, 231, 9931 }, // U+E295
    { 49, 18, 793, -1, 18, 221, 10162 }, // U+E296
    { 30, 25, 459, -1, 26, 188, 10383 }, // U+E297
    { 38, 27, 594, -1, 27, 257, 10571 }, // U+E298
    { 42, 17, 656, -1, 18, 179, 10828 }, // U+E299
    { 37, 17, 583, -1, 18, 158, 11007 }, // U+E29A
    { 39, 21, 608, -1, 20, 205, 11165 }, // U+E29B
    { 23, 20, 340, -1, 18, 115, 11370 }, // U+E29C
    { 23, 22, 337, -1, 18, 127, 11485 }, // U+E29D
    { 38, 19, 599, -1, 18, 181, 11612 }, // U+E29E
    { 38, 18, 596, -1, 18, 171, 11793 }, // U+E29F
    { 23, 18, 335, -1, 18, 104, 11964 }, // U+E2A0
    { 38, 21, 587, -1, 20, 200, 12068 }, // U+E2A1
    { 37, 20, 561, -1, 18, 185, 12268 }, // U+E2A2
    { 23, 18, 336, -1, 18, 104, 12453 }, // U+E2A3
    { 42, 17, 656, -1, 18, 179, 12557 }, // U+E2A4
    { 30, 18, 457, -1, 18, 135, 12736 }, // U+E2A5
    { 28, 20, 437, -1, 18, 140, 12871 }, // U+E2A6
    { 23, 19, 335, -1, 18, 110, 13011 }, // U+E2A7
    { 22, 20, 318, -1, 18, 110, 13121 }, // U+E2A8
    { 41, 21, 640, -1, 20, 216, 13231 }, // U+E2A9
    { 39, 18, 613, -1, 18, 176, 13447 }, // U+E2AA
    { 41, 18, 640, -1, 18, 185, 13623 }, // U+E2AB
    { 36, 20, 565, -1, 18, 180, 13808 }, // U+E2AC
    { 42, 23, 656, -1, 18, 242, 13988 }, // U+E2AD
    { 37, 23, 583, -1, 18, 213, 14230 }, // U+E2AE
    { 39, 19, 610, -1, 18, 186, 14443 }, // U+E2AF
    { 19, 25, 275, -1, 18, 119, 14629 }, // U+E2B0
    { 24, 20, 351, -1, 18, 120, 14748 }, // U+E2B1
    { 29, 20, 435, -1, 18, 145, 14868 }, // U+E2B2
    { 29, 18, 435, -1, 18, 131, 15013 }, // U+E2B3
    { 24, 20, 368, -1, 18, 120, 15144 }, // U+E2B4
    { 20, 23, 297, -1, 18, 115, 15264 }, // U+E2B5
    { 20, 25, 291, -1, 18, 125, 15379 }, // U+E2B6
    { 42, 20, 664, -1, 18, 210, 15504 }, // U+E2B7
    { 39, 22, 612, -1, 20, 215, 15714 }, // U+E2B8
    { 36, 22, 550, -1, 20, 198, 15929 }, // U+E2B9
    { 37, 20, 582, -1, 18, 185, 16127 }, // U+E2BA
    { 38, 20, 625, -1, 18, 190, 16312 }, // U+E2BB
    { 35, 20, 552, -1, 18, 175, 16502 }, // U+E2BC
    { 39, 20, 608, -1, 18, 195, 16677 }, // U+E2BD
    { 46, 20, 720, -1, 18, 230, 16872 }, // U+E2BE
    { 42, 23, 658, -1, 21, 242, 17102 }, // U+E2BF
    { 47, 20, 763, -1, 18, 235, 17344 }, // U+E2C0
    { 35, 28, 552, -1, 26, 245, 17579 }, // U+E2C1
    { 36, 29, 563, -1, 27, 261, 17824 }, // U+E2C2
    { 40, 20, 624, -1, 18, 200, 18085 }, // U+E2C3
    { 35, 20, 552, -1, 18, 175, 18285 }, // U+E2C4
    { 37, 22, 577, -1, 20, 204, 18460 }, // U+E2C5
    { 39, 20, 617, -1, 18, 195, 18664 }, // U+E2C6
    { 38, 22, 592, -1, 20, 209, 18859 }, // U+E2C7
    { 36, 20, 569, -1, 18, 180, 19068 }, // U+E2C8
    { 36, 20, 565, -1, 18, 180, 19248 }, // U+E2C9
    { 36, 20, 569, -1, 18, 180, 19428 }, // U+E2CA
    { 36, 29, 612, -1, 21, 261, 19608 }, // U+E2CB
    { 40, 22, 624, -1, 20, 220, 19869 }, // U+E2CC
    { 43, 20, 678, -1, 18, 215, 20089 }, // U+E2CD
    { 23, 25, 332, -1, 18, 144, 20304 }, // U+E2CE
    { 40, 20, 624, -1, 18, 200, 20448 }, // U+E2CF
    { 37, 20, 577, -1, 18, 185, 20648 }, // U+E2D0
    { 29, 23, 451, -1, 18, 167, 20833 }, // U+E2D1
    { 23, 26, 332, -1, 18, 150, 21000 }, // U+E2D2
    { 40, 20, 628, -1, 18, 200, 21150 }, // U+E2D3
    { 39, 22, 608, -1, 20, 215, 21350 }, // U+E2D4
    { 37, 20, 583, -1, 18, 185, 21565 }, // U+E2D5
    { 39, 20, 608, -1, 18, 195, 21750 }, // U+E2D6
    { 34, 20, 535, -1, 18, 170, 21945 }, // U+E2D7
    { 40, 23, 624, -1, 18, 230, 22115 }, // U+E2D8
    { 35, 23, 552, -1, 18, 202, 22345 }, // U+E2D9
    { 37, 20, 579, -1, 18, 185, 22547 }, // U+E2DA
    { 39, 20, 608, -1, 18, 195, 22732 }, // U+E2DB
    { 36, 22, 560, -1, 20, 198, 22927 }, // U+E2DC
    { 35, 22, 544, -1, 20, 193, 23125 }, // U+E2DD
    { 34, 20, 528, -1, 18, 170, 23318 }, // U+E2DE
    { 35, 20, 569, -1, 18, 175, 23488 }, // U+E2DF
    { 32, 20, 496, -1, 18, 160, 23663 }, // U+E2E0
    { 36, 20, 560, -1, 18, 180, 23823 }, // U+E2E1
    { 43, 20, 672, -1, 18, 215, 24003 }, // U+E2E2
    { 39, 23, 608, -1, 21, 225, 24218 }, // U+E2E3
    { 44, 20, 707, -1, 18, 220, 24443 }, // U+E2E4
    { 32, 28, 496, -1, 26, 224, 24663 }, // U+E2E5
    { 33, 29, 512, -1, 27, 240, 24887 }, // U+E2E6
    { 37, 20, 576, -1, 18, 185, 25127 }, // U+E2E7
    { 32, 20, 496, -1, 18, 160, 25312 }, // U+E2E8
    { 34, 22, 528, -1, 20, 187, 25472 }, // U+E2E9
    { 36, 20, 561, -1, 18, 180, 25659 }, // U+E2EA
    { 35, 22, 544, -1, 20, 193, 25839 }, // U+E2EB
    { 33, 20, 513, -1, 18, 165, 26032 }, // U+E2EC
    { 33, 20, 512, -1, 18, 165, 26197 }, // U+E2ED
    { 33, 20, 513, -1, 18, 165, 26362 }, // U+E2EE
    { 32, 29, 545, -1, 21, 232, 26527 }, // U+E2EF
    { 37, 22, 576, -1, 20, 204, 26759 }, // U+E2F0
    { 40, 20, 624, -1, 18, 200, 26963 }, // U+E2F1
    { 19, 26, 274, -1, 18, 124, 27163 }, // U+E2F2
    { 37, 20, 576, -1, 18, 185, 27287 }, // U+E2F3
    { 34, 20, 528, -1, 18, 170, 27472 }, // U+E2F4
    { 25, 23, 384, -1, 18, 144, 27642 }, // U+E2F5
    { 21, 26, 313, -1, 18, 137, 27786 }, // U+E2F6
    { 37, 20, 576, -1, 18, 185, 27923 }, // U+E2F7
    { 36, 22, 560, -1, 20, 198, 28108 }, // U+E2F8
    { 34, 20, 528, -1, 18, 170, 28306 }, // U+E2F9
    { 36, 20, 560, -1, 18, 180, 28476 }, // U+E2FA
    { 31, 20, 480, -1, 18, 155, 28656 }, // U+E2FB
    { 37, 23, 576, -1, 18, 213, 28811 }, // U+E2FC
    { 32, 23, 496, -1, 18, 184, 29024 }, // U+E2FD
    { 34, 20, 528, -1, 18, 170, 29208 }, // U+E2FE
    { 20, 26, 292, -1, 18, 130, 29378 }, // U+E2FF
    { 27, 20, 416, -1, 18, 135, 29508 }, // U+E300
    { 22, 23, 321, -1, 18, 127, 29643 }, // U+E301
};

static const EpdUnicodeInterval notobengali_14_regularIntervals[] = {
    { 0x0, 0x0, 0x0 },
    { 0xD, 0xD, 0x1 },
    { 0x20, 0x23, 0x2 },
    { 0x25, 0x25, 0x6 },
    { 0x27, 0x3F, 0x7 },
    { 0x5B, 0x5F, 0x20 },
    { 0x7B, 0x7E, 0x25 },
    { 0xA0, 0xA0, 0x29 },
    { 0xAD, 0xAD, 0x2A },
    { 0xD7, 0xD7, 0x2B },
    { 0xF7, 0xF7, 0x2C },
    { 0x980, 0x983, 0x2D },
    { 0x985, 0x98C, 0x31 },
    { 0x98F, 0x990, 0x39 },
    { 0x993, 0x9A8, 0x3B },
    { 0x9AA, 0x9B0, 0x51 },
    { 0x9B2, 0x9B2, 0x58 },
    { 0x9B6, 0x9B9, 0x59 },
    { 0x9BC, 0x9C4, 0x5D },
    { 0x9C7, 0x9C8, 0x66 },
    { 0x9CB, 0x9CE, 0x68 },
    { 0x9D7, 0x9D7, 0x6C },
    { 0x9DC, 0x9DD, 0x6D },
    { 0x9DF, 0x9E3, 0x6F },
    { 0x9E6, 0x9FE, 0x74 },
    { 0x200B, 0x200D, 0x8D },
    { 0x2010, 0x2010, 0x90 },
    { 0x2013, 0x2014, 0x91 },
    { 0x2018, 0x2019, 0x93 },
    { 0x201C, 0x201D, 0x95 },
    { 0x2026, 0x2026, 0x97 },
    { 0x20B9, 0x20B9, 0x98 },
    { 0x2212, 0x2212, 0x99 },
    { 0xE000, 0xE301, 0x9A },
};

static const EpdFontGroup notobengali_14_regularGroups[] = {
    { 0, 998, 2180, 41, 0 },
    { 998, 73, 114, 4, 41 },
    { 1071, 4058, 9315, 96, 45 },
    { 5129, 139, 241, 11, 141 },
    { 5268, 68, 76, 1, 152 },
    { 5336, 12, 12, 1, 153 },
    { 5348, 12975, 37000, 200, 154 },
    { 18323, 12762, 33224, 200, 354 },
    { 31085, 12295, 34043, 200, 554 },
    { 43380, 11430, 30997, 170, 754 },
};

static const EpdKernClassEntry notobengali_14_regularKernLeftClasses[] = {
    { 0x0982, 1 }, // U+0982
    { 0x098B, 2 }, // U+098B
    { 0x098C, 2 }, // U+098C
    { 0x098F, 2 }, // U+098F
    { 0x0993, 2 }, // U+0993
    { 0x0999, 2 }, // U+0999
    { 0x099E, 2 }, // U+099E
    { 0x09CE, 2 }, // U+09CE
    { 0x09E0, 2 }, // U+09E0
    { 0x09E1, 2 }, // U+09E1
};

static const EpdKernClassEntry notobengali_14_regularKernRightClasses[] = {
    { 0x098B, 1 }, // U+098B
    { 0x098C, 2 }, // U+098C
    { 0x098F, 3 }, // U+098F
    { 0x0990, 3 }, // U+0990
    { 0x0993, 2 }, // U+0993
    { 0x0994, 2 }, // U+0994
    { 0x0996, 1 }, // U+0996
    { 0x0997, 4 }, // U+0997
    { 0x0999, 2 }, // U+0999
    { 0x099E, 3 }, // U+099E
    { 0x09A3, 5 }, // U+09A3
    { 0x09A5, 6 }, // U+09A5
    { 0x09A7, 7 }, // U+09A7
    { 0x09AA, 6 }, // U+09AA
    { 0x09B6, 8 }, // U+09B6
    { 0x09CE, 2 }, // U+09CE
    { 0x09E0, 1 }, // U+09E0
    { 0x09E1, 2 }, // U+09E1
};

static const int8_t notobengali_14_regularKernMatrix[] = {
     -23,    0,  -16,  -14,  -18,  -15,  -21,   -6,
      -8,   -8,   -8,   -8,   -8,   -8,   -8,    0,
};

static const EpdFontData notobengali_14_regular = {
    notobengali_14_regularBitmaps,
    notobengali_14_regularGlyphs,
    notobengali_14_regularIntervals,
    34,
    39,
    27,
    -12,
    true,
    notobengali_14_regularGroups,
    10,
    nullptr,
    notobengali_14_regularKernLeftClasses,
    notobengali_14_regularKernRightClasses,
    notobengali_14_regularKernMatrix,
    10,
    18,
    2,
    8,
    nullptr,
    0,
};
